active_cells,active_edges,average_path_length,longest_path,average_branching_factor,average_merge_factor
7,9,2.7142857142857144,4,2.0,1.3333333333333333
7,9,2.7142857142857144,4,2.6666666666666665,1.3333333333333333
7,9,2.4285714285714284,4,1.75,1.1666666666666667
7,7,1.4285714285714286,2,3.0,1.0
8,9,2.75,4,2.6666666666666665,1.1428571428571428
8,10,2.75,4,2.6666666666666665,1.1428571428571428
7,9,2.7142857142857144,4,2.6666666666666665,1.3333333333333333
7,9,2.0,3,1.6666666666666667,1.0
7,7,1.7142857142857142,3,1.5,1.0
7,10,2.4285714285714284,4,1.6,1.3333333333333333
8,8,2.625,4,2.3333333333333335,1.0
8,8,2.5,4,1.75,1.0
6,7,2.3333333333333335,4,1.3333333333333333,1.0
8,8,2.625,4,2.3333333333333335,1.0
8,9,2.75,4,2.3333333333333335,1.0
6,7,2.3333333333333335,4,1.5,1.2
6,7,2.5,4,2.0,1.2
6,6,1.8333333333333333,3,2.0,1.0
12,32,3.0,6,2.9,2.9
7,11,3.4285714285714284,5,2.0,1.6666666666666667
12,19,2.8333333333333335,5,2.6666666666666665,1.6
7,9,2.4285714285714284,4,1.75,1.1666666666666667
7,7,1.4285714285714286,2,3.0,1.0
7,7,1.4285714285714286,2,3.0,1.0
6,7,2.5,4,2.0,1.2
7,11,2.0,3,3.0,1.5
6,6,2.3333333333333335,4,1.6666666666666667,1.0
7,8,2.7142857142857144,4,2.3333333333333335,1.1666666666666667
7,9,2.4285714285714284,4,1.75,1.1666666666666667
8,8,2.625,4,2.3333333333333335,1.0
11,21,2.4545454545454546,5,2.25,2.0
8,8,2.625,4,2.3333333333333335,1.0
7,7,2.5714285714285716,4,2.0,1.0
7,7,2.4285714285714284,4,1.5,1.0
8,8,2.625,4,2.3333333333333335,1.0
8,14,2.5,5,2.0,1.6
6,6,2.8333333333333335,4,1.6666666666666667,1.0
7,7,2.4285714285714284,4,1.5,1.0
6,6,2.3333333333333335,4,1.6666666666666667,1.0
8,8,2.625,4,2.3333333333333335,1.0
7,10,3.0,4,2.25,1.5
6,6,2.3333333333333335,4,1.3333333333333333,1.0
8,8,2.625,4,2.3333333333333335,1.0
9,13,1.6666666666666667,3,2.0,1.5
6,7,2.3333333333333335,4,1.5,1.2
6,6,2.3333333333333335,4,1.6666666666666667,1.0
7,11,1.7142857142857142,3,2.5,1.6666666666666667
8,8,2.625,4,2.3333333333333335,1.0
8,9,2.625,4,2.0,1.1428571428571428
7,9,2.5714285714285716,4,2.0,1.3333333333333333
8,8,2.625,4,2.3333333333333335,1.0
8,12,2.625,4,2.5,1.4285714285714286
6,6,2.3333333333333335,4,1.3333333333333333,1.0
7,8,2.0,3,1.6666666666666667,1.0
7,7,1.4285714285714286,2,3.0,1.0
8,12,3.375,6,1.8333333333333333,1.5714285714285714
7,10,2.7142857142857144,4,2.3333333333333335,1.4
10,19,2.6,5,2.0,2.0
8,10,2.75,4,2.6666666666666665,1.1428571428571428
6,7,2.3333333333333335,4,1.3333333333333333,1.0
7,10,2.5714285714285716,4,1.6,1.3333333333333333
8,10,1.375,2,3.0,1.0
7,9,2.4285714285714284,4,1.75,1.1666666666666667
8,8,2.625,4,2.3333333333333335,1.0
7,8,2.5714285714285716,4,2.3333333333333335,1.1666666666666667
7,7,2.0,3,1.6666666666666667,1.0
8,8,2.625,4,2.3333333333333335,1.0
7,8,2.142857142857143,4,1.3333333333333333,1.0
6,6,2.3333333333333335,4,1.3333333333333333,1.0
7,7,2.4285714285714284,4,1.5,1.0
6,6,2.3333333333333335,4,1.6666666666666667,1.0
8,9,2.625,4,2.6666666666666665,1.1428571428571428
8,10,1.625,3,1.6666666666666667,1.25
7,9,2.7142857142857144,4,2.6666666666666665,1.3333333333333333
7,7,2.4285714285714284,4,1.5,1.0
7,7,2.5714285714285716,4,2.0,1.0
8,9,2.625,4,2.6666666666666665,1.1428571428571428
6,7,2.5,4,2.0,1.2
7,9,2.4285714285714284,4,1.4,1.1666666666666667
7,7,1.4285714285714286,2,3.0,1.0
6,7,2.8333333333333335,4,2.0,1.2
7,8,2.4285714285714284,4,1.5,1.0
7,11,1.7142857142857142,3,2.5,1.6666666666666667
6,6,2.3333333333333335,4,1.6666666666666667,1.0
7,7,1.4285714285714286,2,3.0,1.0
8,9,2.625,4,2.6666666666666665,1.1428571428571428
6,9,3.0,5,1.6,1.6
6,7,2.3333333333333335,4,1.3333333333333333,1.0
8,10,2.625,4,2.6666666666666665,1.1428571428571428
8,9,1.5,2,1.6666666666666667,1.25
7,9,2.7142857142857144,4,2.6666666666666665,1.3333333333333333
8,10,1.375,2,3.0,1.0
7,7,2.4285714285714284,4,1.5,1.0
6,6,2.3333333333333335,4,1.6666666666666667,1.0
7,7,1.7142857142857142,3,1.5,1.0
7,7,1.7142857142857142,3,1.5,1.0
10,19,2.2,4,2.0,2.0
7,9,2.2857142857142856,4,2.0,1.5
11,25,2.727272727272727,5,2.625,2.3333333333333335
7,8,2.5714285714285716,4,2.0,1.0
6,7,2.5,4,2.0,1.2
7,12,2.0,3,3.0,1.5
7,10,2.4285714285714284,4,1.75,1.1666666666666667
7,12,3.142857142857143,5,1.8,1.5
8,9,2.375,4,2.3333333333333335,1.1666666666666667
7,9,2.7142857142857144,4,2.6666666666666665,1.3333333333333333
6,9,3.0,5,1.4,1.4
7,7,2.5714285714285716,4,2.0,1.0
8,10,2.625,4,2.0,1.1428571428571428
6,6,2.8333333333333335,4,1.6666666666666667,1.0
7,8,2.4285714285714284,4,1.5,1.0
6,6,2.3333333333333335,4,1.6666666666666667,1.0
8,10,2.625,4,2.6666666666666665,1.1428571428571428
7,8,2.142857142857143,4,1.6666666666666667,1.0
6,7,2.3333333333333335,4,1.5,1.2
6,6,2.1666666666666665,3,1.6666666666666667,1.0
6,7,2.3333333333333335,4,1.3333333333333333,1.0
6,9,2.8333333333333335,4,2.0,1.6
6,7,2.3333333333333335,4,1.6666666666666667,1.0
6,6,2.3333333333333335,4,1.6666666666666667,1.0
7,10,2.7142857142857144,4,1.6,1.3333333333333333
7,8,2.7142857142857144,4,2.3333333333333335,1.1666666666666667
11,26,2.727272727272727,5,2.75,2.4444444444444446
7,9,2.7142857142857144,4,2.6666666666666665,1.3333333333333333
8,12,2.625,4,2.0,1.4285714285714286
7,9,2.2857142857142856,3,2.6666666666666665,1.3333333333333333
7,8,1.7142857142857142,3,2.0,1.0
7,8,1.7142857142857142,3,2.0,1.0
7,8,2.4285714285714284,4,1.4,1.1666666666666667
7,9,2.5714285714285716,4,1.75,1.1666666666666667
7,8,2.7142857142857144,4,2.3333333333333335,1.1666666666666667
8,8,1.5,2,2.0,1.0
6,6,2.1666666666666665,3,1.6666666666666667,1.0
8,13,1.625,3,2.6666666666666665,2.6666666666666665
6,7,2.3333333333333335,4,1.5,1.2
7,10,2.4285714285714284,4,1.6,1.3333333333333333
7,7,1.4285714285714286,2,3.0,1.0
8,8,2.625,4,2.3333333333333335,1.0
8,10,2.5,4,2.0,1.1428571428571428
7,10,1.8571428571428572,4,2.0,2.0
6,6,2.8333333333333335,4,1.6666666666666667,1.0
7,9,2.4285714285714284,4,1.6,1.3333333333333333
8,11,3.5,5,2.0,1.4285714285714286
13,26,2.3076923076923075,4,2.875,2.090909090909091
7,7,2.5714285714285716,4,2.0,1.0
8,10,2.75,4,2.25,1.2857142857142858
6,6,2.8333333333333335,4,1.6666666666666667,1.0
7,7,1.7142857142857142,3,1.5,1.0
7,7,2.5714285714285716,4,2.0,1.0
8,8,2.625,4,2.3333333333333335,1.0
7,8,2.7142857142857144,4,2.3333333333333335,1.1666666666666667
7,9,2.4285714285714284,4,1.75,1.1666666666666667
7,7,1.7142857142857142,3,1.5,1.0
7,10,1.7142857142857142,3,2.5,1.6666666666666667
6,7,2.5,4,2.0,1.2
7,11,2.0,3,2.5,1.25
6,6,2.1666666666666665,3,1.6666666666666667,1.0
6,6,2.8333333333333335,4,1.6666666666666667,1.0
7,9,2.4285714285714284,4,1.4,1.1666666666666667
6,6,1.8333333333333333,3,1.5,1.0
8,8,2.625,4,2.3333333333333335,1.0
7,8,2.142857142857143,4,1.3333333333333333,1.0
6,7,2.5,4,2.0,1.2
7,8,2.5714285714285716,4,2.3333333333333335,1.1666666666666667
6,6,1.8333333333333333,3,2.0,1.0
8,14,3.5,6,2.0,1.7142857142857142
8,9,2.625,4,2.3333333333333335,1.0
8,12,2.625,4,2.5,1.4285714285714286
7,8,2.5714285714285716,4,2.0,1.0
6,7,2.8333333333333335,4,1.6666666666666667,1.0
7,7,1.7142857142857142,3,1.5,1.0
6,6,2.3333333333333335,4,1.6666666666666667,1.0
8,9,2.625,4,2.3333333333333335,1.0
7,8,2.5714285714285716,4,2.3333333333333335,1.1666666666666667
7,8,2.0,3,2.0,1.2
7,8,1.4285714285714286,2,3.0,1.0
7,8,1.7142857142857142,3,2.0,1.0
7,9,2.4285714285714284,4,1.4,1.1666666666666667
6,6,2.3333333333333335,4,1.6666666666666667,1.0
7,9,2.4285714285714284,4,1.6,1.3333333333333333
7,11,2.0,3,2.5,1.25
6,6,2.3333333333333335,4,1.6666666666666667,1.0
7,11,3.4285714285714284,5,1.8,1.5
13,29,2.8461538461538463,5,2.888888888888889,2.3636363636363638
7,8,1.4285714285714286,2,3.0,1.0
8,9,2.625,4,2.3333333333333335,1.0
8,11,2.75,4,2.5,1.4285714285714286
6,7,2.8333333333333335,4,1.6666666666666667,1.0
7,8,2.4285714285714284,4,1.5,1.0
8,8,2.625,4,2.3333333333333335,1.0
11,23,2.727272727272727,5,2.5,2.2222222222222223
8,8,2.625,4,2.3333333333333335,1.0
8,12,1.625,3,1.6666666666666667,1.25
6,6,2.8333333333333335,4,1.6666666666666667,1.0
7,9,2.4285714285714284,4,1.4,1.1666666666666667
7,7,2.0,3,1.6666666666666667,1.0
6,9,3.1666666666666665,5,1.6,1.6
8,8,2.625,4,2.3333333333333335,1.0
8,10,2.75,4,2.25,1.2857142857142858
6,7,2.8333333333333335,4,1.6666666666666667,1.0
6,10,3.1666666666666665,5,1.8,1.8
8,8,2.625,4,2.3333333333333335,1.0
8,10,2.5,4,2.0,1.1428571428571428
7,9,2.4285714285714284,4,1.75,1.1666666666666667
6,10,3.1666666666666665,5,1.8,1.8
8,9,2.625,4,2.6666666666666665,1.1428571428571428
7,8,2.857142857142857,4,2.0,1.0
7,7,2.4285714285714284,4,1.5,1.0
6,7,2.5,4,2.0,1.2
6,9,3.1666666666666665,5,1.6,1.6
7,9,2.7142857142857144,4,1.6,1.3333333333333333
8,9,2.375,4,2.3333333333333335,1.1666666666666667
8,9,2.625,4,2.0,1.1428571428571428
6,8,2.5,4,1.75,1.4
8,9,2.375,4,2.3333333333333335,1.1666666666666667
7,7,1.5714285714285714,2,2.0,1.0
6,6,2.8333333333333335,4,1.6666666666666667,1.0
7,7,2.4285714285714284,4,1.5,1.0
7,7,2.5714285714285716,4,2.0,1.0
7,10,2.5714285714285716,4,1.6,1.3333333333333333
7,8,2.4285714285714284,4,1.4,1.1666666666666667
6,6,2.3333333333333335,4,1.6666666666666667,1.0
7,7,1.7142857142857142,3,1.5,1.0
7,10,2.7142857142857144,4,2.3333333333333335,1.4
11,24,2.727272727272727,5,2.5,2.2222222222222223
7,9,2.7142857142857144,4,2.6666666666666665,1.3333333333333333
7,8,1.7142857142857142,3,2.0,1.0
7,8,1.7142857142857142,3,2.0,1.0
8,10,2.625,4,2.6666666666666665,1.1428571428571428
6,7,2.3333333333333335,4,1.5,1.2
8,14,2.75,4,2.4,1.7142857142857142
6,7,2.3333333333333335,4,1.5,1.2
7,8,2.4285714285714284,4,1.5,1.0
8,9,2.625,4,2.6666666666666665,1.1428571428571428
7,9,2.7142857142857144,4,2.6666666666666665,1.3333333333333333
7,7,1.4285714285714286,2,3.0,1.0
6,9,3.0,5,1.6,1.6
6,7,2.3333333333333335,4,1.5,1.2
7,8,2.4285714285714284,4,1.5,1.0
8,9,2.625,4,2.6666666666666665,1.1428571428571428
7,7,1.5714285714285714,2,2.0,1.0
7,8,2.4285714285714284,4,1.4,1.1666666666666667
6,6,2.8333333333333335,4,1.6666666666666667,1.0
6,7,2.8333333333333335,4,2.0,1.2
7,10,1.7142857142857142,3,2.5,1.6666666666666667
10,22,2.4,5,1.7777777777777777,2.2857142857142856
8,8,1.25,2,2.0,1.0
10,19,2.6,5,2.2857142857142856,2.0
6,7,2.3333333333333335,4,1.5,1.2
6,6,2.3333333333333335,4,1.6666666666666667,1.0
6,6,2.3333333333333335,4,1.6666666666666667,1.0
8,12,2.375,4,1.75,1.1666666666666667
8,14,2.5,5,2.0,1.6
6,7,2.3333333333333335,4,1.5,1.2
6,6,2.1666666666666665,3,1.6666666666666667,1.0
6,6,1.8333333333333333,3,1.5,1.0
7,8,2.4285714285714284,4,1.75,1.1666666666666667
7,7,1.7142857142857142,3,1.5,1.0
6,7,2.5,4,2.0,1.2
6,6,2.8333333333333335,4,1.6666666666666667,1.0
10,25,2.8,6,2.2222222222222223,2.857142857142857
7,8,1.4285714285714286,3,1.0,1.0
6,7,1.5,3,1.0,1.0
12,24,2.5,5,2.625,2.1
12,17,1.6666666666666667,3,3.3333333333333335,1.4285714285714286
13,24,2.3846153846153846,4,2.625,1.9090909090909092
13,25,2.4615384615384617,4,2.5714285714285716,1.6363636363636365
12,24,2.4166666666666665,5,2.3333333333333335,2.1
12,20,2.5833333333333335,5,2.5714285714285716,1.8
14,31,2.642857142857143,5,3.5714285714285716,2.272727272727273
8,11,3.5,5,2.0,1.4285714285714286
11,22,2.727272727272727,5,2.7142857142857144,2.111111111111111
6,7,2.5,4,2.0,1.2
9,10,1.4444444444444444,2,4.0,1.0
7,9,2.4285714285714284,4,1.6,1.3333333333333333
6,8,2.5,4,1.75,1.4
6,6,2.8333333333333335,4,1.6666666666666667,1.0
6,6,1.8333333333333333,3,2.0,1.0
8,8,2.625,4,2.3333333333333335,1.0
11,23,2.6363636363636362,5,2.857142857142857,2.2222222222222223
6,7,2.8333333333333335,4,1.6666666666666667,1.0
6,7,2.3333333333333335,4,1.6666666666666667,1.0
7,8,2.5714285714285716,4,1.75,1.1666666666666667
6,6,2.3333333333333335,4,1.6666666666666667,1.0
7,10,2.4285714285714284,4,1.6,1.3333333333333333
7,7,1.7142857142857142,3,1.5,1.0
6,8,2.5,4,1.75,1.4
6,6,2.8333333333333335,4,1.6666666666666667,1.0
7,11,3.142857142857143,5,1.8,1.5
7,7,2.5714285714285716,4,2.0,1.0
12,25,2.6666666666666665,5,2.75,2.2
7,7,2.5714285714285716,4,2.0,1.0
8,9,2.75,4,2.3333333333333335,1.0
7,9,2.7142857142857144,4,2.6666666666666665,1.3333333333333333
8,14,2.75,5,1.8333333333333333,1.5714285714285714
6,6,2.3333333333333335,4,1.6666666666666667,1.0
8,8,2.625,4,2.3333333333333335,1.0
6,6,2.3333333333333335,4,1.3333333333333333,1.0
7,7,1.4285714285714286,2,3.0,1.0
6,9,3.0,5,1.6,1.6
6,6,2.3333333333333335,4,1.6666666666666667,1.0
7,8,2.4285714285714284,4,1.4,1.1666666666666667
8,8,2.625,4,2.3333333333333335,1.0
8,10,2.75,4,2.6666666666666665,1.1428571428571428
6,7,2.3333333333333335,4,1.5,1.2
6,7,2.5,4,2.0,1.2
7,8,2.4285714285714284,4,1.5,1.0
7,7,1.4285714285714286,2,3.0,1.0
7,10,3.142857142857143,5,1.6,1.3333333333333333
12,25,2.9166666666666665,5,3.142857142857143,2.2
7,7,1.4285714285714286,2,3.0,1.0
8,9,2.625,4,2.3333333333333335,1.0
7,9,3.2857142857142856,5,1.6,1.3333333333333333
6,6,2.3333333333333335,4,1.3333333333333333,1.0
7,10,2.5714285714285716,4,1.6,1.3333333333333333
6,6,1.8333333333333333,3,2.0,1.0
8,8,2.625,4,2.3333333333333335,1.0
7,8,2.5714285714285716,4,2.3333333333333335,1.1666666666666667
7,10,2.4285714285714284,4,1.6,1.3333333333333333
6,10,3.1666666666666665,5,1.8,1.8
6,7,2.5,4,2.0,1.2
7,8,2.0,3,1.6666666666666667,1.0
6,6,2.3333333333333335,4,1.6666666666666667,1.0
8,8,2.625,4,2.3333333333333335,1.0
7,9,2.7142857142857144,4,2.6666666666666665,1.3333333333333333
7,7,1.4285714285714286,2,3.0,1.0
7,7,1.4285714285714286,2,3.0,1.0
6,6,2.3333333333333335,4,1.6666666666666667,1.0
7,12,2.0,3,3.0,1.5
6,9,3.1666666666666665,5,1.6,1.6
6,6,2.1666666666666665,3,1.6666666666666667,1.0
6,6,2.8333333333333335,4,1.6666666666666667,1.0
7,8,2.4285714285714284,4,1.4,1.1666666666666667
8,8,2.625,4,2.3333333333333335,1.0
7,8,3.0,5,1.75,1.1666666666666667
6,7,2.3333333333333335,4,1.3333333333333333,1.0
8,9,2.625,4,2.3333333333333335,1.0
11,22,2.5454545454545454,4,2.5714285714285716,2.0
7,8,2.5714285714285716,4,2.3333333333333335,1.1666666666666667
6,7,2.5,4,2.0,1.2
7,8,2.4285714285714284,4,1.4,1.1666666666666667
7,11,2.0,3,2.5,1.25
6,6,2.1666666666666665,3,1.6666666666666667,1.0
9,17,2.6666666666666665,5,2.6,1.8571428571428572
7,9,2.5714285714285716,4,2.0,1.2
13,25,2.8461538461538463,5,2.75,2.0
7,9,2.4285714285714284,4,1.75,1.1666666666666667
7,7,1.4285714285714286,2,3.0,1.0
7,8,2.5714285714285716,4,2.3333333333333335,1.1666666666666667
6,6,1.8333333333333333,3,1.5,1.0
7,8,2.5714285714285716,4,2.3333333333333335,1.1666666666666667
7,7,2.0,3,1.6666666666666667,1.0
7,11,1.7142857142857142,3,2.5,1.6666666666666667
6,6,2.3333333333333335,4,1.6666666666666667,1.0
8,10,2.625,4,2.6666666666666665,1.1428571428571428
8,9,2.625,4,2.0,1.1428571428571428
6,7,2.5,4,2.0,1.2
7,9,2.4285714285714284,4,1.6,1.3333333333333333
6,6,2.3333333333333335,4,1.6666666666666667,1.0
8,9,2.625,4,2.6666666666666665,1.1428571428571428
6,7,2.3333333333333335,4,1.5,1.2
7,9,2.5714285714285716,4,2.0,1.3333333333333333
6,6,2.3333333333333335,4,1.6666666666666667,1.0
7,7,1.7142857142857142,3,1.5,1.0
8,9,2.625,4,2.6666666666666665,1.1428571428571428
7,9,2.7142857142857144,4,2.6666666666666665,1.3333333333333333
7,8,2.4285714285714284,4,1.5,1.0
6,6,2.3333333333333335,4,1.6666666666666667,1.0
8,9,2.625,4,2.6666666666666665,1.1428571428571428
8,13,2.75,4,2.75,1.5714285714285714
7,9,2.7142857142857144,4,2.6666666666666665,1.3333333333333333
6,9,3.0,5,1.4,1.4
7,7,2.0,3,1.6666666666666667,1.0
6,6,2.3333333333333335,4,1.6666666666666667,1.0
7,7,1.7142857142857142,3,1.5,1.0
7,7,1.7142857142857142,3,1.5,1.0
8,11,2.75,4,3.0,1.2857142857142858
6,7,2.8333333333333335,4,1.6666666666666667,1.0
7,7,1.4285714285714286,2,3.0,1.0
8,11,2.75,4,3.0,1.2857142857142858
8,10,2.75,4,2.6666666666666665,1.1428571428571428
6,7,2.3333333333333335,4,1.5,1.2
6,7,2.3333333333333335,4,1.6666666666666667,1.0
8,11,2.75,4,3.0,1.2857142857142858
7,8,2.4285714285714284,4,1.75,1.1666666666666667
7,8,1.5714285714285714,3,2.0,1.3333333333333333
7,8,2.7142857142857144,4,2.3333333333333335,1.1666666666666667
7,9,2.7142857142857144,4,2.6666666666666665,1.3333333333333333
7,7,1.7142857142857142,3,1.5,1.0
8,9,2.75,4,2.6666666666666665,1.1428571428571428
7,8,1.7142857142857142,3,1.6666666666666667,1.25
6,6,2.8333333333333335,4,1.6666666666666667,1.0
6,6,1.8333333333333333,3,2.0,1.0
8,8,2.625,4,2.3333333333333335,1.0
7,9,2.7142857142857144,4,2.6666666666666665,1.3333333333333333
7,7,1.7142857142857142,3,1.5,1.0
8,8,2.625,4,2.3333333333333335,1.0
13,20,2.3846153846153846,4,2.142857142857143,1.3636363636363635
6,6,2.8333333333333335,4,1.6666666666666667,1.0
7,8,2.4285714285714284,4,1.75,1.1666666666666667
6,6,2.3333333333333335,4,1.6666666666666667,1.0
10,23,2.6,5,2.5714285714285716,2.5714285714285716
7,10,2.857142857142857,5,2.0,1.6
11,21,2.3636363636363638,4,2.375,2.111111111111111
7,7,2.0,3,1.6666666666666667,1.0
7,7,1.4285714285714286,2,3.0,1.0
8,8,2.625,4,2.3333333333333335,1.0
7,8,2.142857142857143,4,1.3333333333333333,1.0
6,7,2.8333333333333335,4,1.6666666666666667,1.0
8,8,2.625,4,2.3333333333333335,1.0
8,8,2.5,4,1.75,1.0
6,6,1.8333333333333333,3,1.5,1.0
8,8,2.625,4,2.3333333333333335,1.0
10,19,2.6,5,2.2857142857142856,2.0
7,7,1.8571428571428572,3,1.6666666666666667,1.0
7,8,2.5714285714285716,4,2.3333333333333335,1.1666666666666667
7,10,1.7142857142857142,3,2.5,1.6666666666666667
6,6,2.8333333333333335,4,1.6666666666666667,1.0
7,8,1.7142857142857142,3,2.0,1.0
6,6,2.1666666666666665,3,1.6666666666666667,1.0
7,9,2.7142857142857144,4,1.6,1.3333333333333333
8,9,2.625,4,2.3333333333333335,1.0
7,8,2.5714285714285716,4,2.3333333333333335,1.1666666666666667
7,7,1.4285714285714286,2,3.0,1.0
8,8,2.625,4,2.3333333333333335,1.0
11,16,2.4545454545454546,4,2.0,1.3333333333333333
5,5,3.0,5,1.0,1.0
7,8,1.7142857142857142,3,2.0,1.0
8,9,2.625,4,2.3333333333333335,1.0
7,9,2.4285714285714284,4,1.5,1.0
6,6,2.3333333333333335,4,1.6666666666666667,1.0
7,8,2.4285714285714284,4,1.4,1.1666666666666667
7,7,1.4285714285714286,2,3.0,1.0
8,9,2.625,4,2.3333333333333335,1.0
8,8,2.5,4,1.75,1.0
6,6,2.3333333333333335,4,1.6666666666666667,1.0
8,8,2.625,4,2.3333333333333335,1.0
7,8,2.142857142857143,4,1.6666666666666667,1.0
6,7,2.5,4,2.0,1.2
7,7,1.4285714285714286,2,3.0,1.0
6,6,2.3333333333333335,4,1.6666666666666667,1.0
10,22,2.7,6,2.0,2.5714285714285716
6,6,1.5,3,1.0,1.0
7,8,1.4285714285714286,3,1.0,1.0
12,21,3.0,6,2.25,1.8
13,14,1.4615384615384615,2,6.0,1.0
12,22,2.25,4,2.7142857142857144,1.9
13,21,2.4615384615384617,4,2.5,1.3636363636363635
13,28,2.3846153846153846,5,2.7777777777777777,2.272727272727273
12,22,2.5,5,2.7142857142857144,1.9
14,35,2.7857142857142856,5,4.0,2.5454545454545454
7,9,2.5714285714285716,4,1.75,1.4
11,21,2.6363636363636362,5,2.5714285714285716,2.0
7,8,2.5714285714285716,4,2.0,1.0
7,9,2.7142857142857144,4,2.6666666666666665,1.3333333333333333
6,7,2.8333333333333335,4,1.5,1.2
7,7,2.5714285714285716,4,2.0,1.0
8,12,1.625,3,1.6666666666666667,1.25
6,6,2.8333333333333335,4,1.6666666666666667,1.0
7,10,2.5714285714285716,4,1.6,1.3333333333333333
7,9,2.4285714285714284,4,1.4,1.1666666666666667
7,7,2.5714285714285716,4,2.0,1.0
7,9,2.4285714285714284,4,1.5,1.0
6,9,3.1666666666666665,5,1.6,1.6
7,7,2.4285714285714284,4,1.5,1.0
6,7,2.5,4,2.0,1.2
7,8,2.4285714285714284,4,1.4,1.1666666666666667
7,9,2.7142857142857144,4,1.6,1.3333333333333333
7,7,2.5714285714285716,4,2.0,1.0
12,28,2.9166666666666665,5,3.125,2.5
8,10,2.625,4,2.6666666666666665,1.1428571428571428
8,14,2.875,5,1.5,1.5
7,8,2.4285714285714284,4,1.4,1.1666666666666667
7,9,2.7142857142857144,4,2.6666666666666665,1.3333333333333333
6,9,3.1666666666666665,5,1.6,1.6
9,20,3.3333333333333335,6,2.0,2.2857142857142856
7,7,1.4285714285714286,3,1.0,1.0
6,6,1.5,3,1.0,1.0
12,22,2.4166666666666665,5,2.0,1.5555555555555556
5,5,2.4,4,1.3333333333333333,1.0
7,9,2.0,3,1.6666666666666667,1.0
6,8,2.6666666666666665,4,2.3333333333333335,1.4
7,8,2.4285714285714284,4,1.4,1.1666666666666667
6,9,3.1666666666666665,5,1.6,1.6
14,41,3.2142857142857144,7,3.4,3.090909090909091
7,8,2.142857142857143,4,1.6666666666666667,1.25
10,19,2.7,5,2.6666666666666665,2.0
7,7,1.4285714285714286,2,3.0,1.0
8,10,2.625,4,2.6666666666666665,1.1428571428571428
11,17,2.4545454545454546,4,2.1666666666666665,1.4444444444444444
7,10,2.857142857142857,4,3.0,1.5
7,8,2.4285714285714284,4,1.4,1.1666666666666667
6,7,2.8333333333333335,4,1.5,1.2
6,9,2.8333333333333335,4,2.0,1.6
6,6,2.1666666666666665,3,1.6666666666666667,1.0
10,25,2.5,5,2.0,2.5714285714285716
6,6,1.5,3,1.0,1.0
6,7,1.5,3,1.0,1.0
11,20,2.909090909090909,6,2.125,1.8888888888888888
13,15,1.6153846153846154,3,3.5,1.0
13,28,2.923076923076923,5,3.5,1.9090909090909092
13,20,2.076923076923077,4,2.6,1.4444444444444444
13,37,2.6923076923076925,5,2.909090909090909,2.909090909090909
12,24,2.4166666666666665,4,2.625,2.1
13,31,2.769230769230769,5,3.7142857142857144,2.3636363636363638
7,9,2.5714285714285716,4,2.0,1.2
14,32,3.4285714285714284,6,3.2222222222222223,2.4166666666666665
7,7,1.4285714285714286,2,3.0,1.0
8,10,2.75,4,3.0,1.2857142857142858
12,25,2.75,5,3.0,2.1
7,11,3.0,4,2.5,1.6666666666666667
7,8,2.4285714285714284,4,1.4,1.1666666666666667
8,10,2.5,4,1.8,1.2857142857142858
7,9,2.7142857142857144,4,2.6666666666666665,1.3333333333333333
7,8,2.5714285714285716,4,1.75,1.1666666666666667
7,11,2.4285714285714284,4,1.6,1.3333333333333333
8,9,2.75,4,2.6666666666666665,1.1428571428571428
8,10,2.75,4,2.6666666666666665,1.1428571428571428
7,8,2.5714285714285716,4,2.3333333333333335,1.1666666666666667
6,6,1.8333333333333333,3,1.5,1.0
8,8,2.625,4,2.3333333333333335,1.0
11,17,2.5454545454545454,5,2.4,1.5
6,8,2.8333333333333335,4,2.3333333333333335,1.4
6,6,2.8333333333333335,4,1.6666666666666667,1.0
7,7,1.4285714285714286,2,3.0,1.0
8,8,2.625,4,2.3333333333333335,1.0
7,9,2.7142857142857144,4,2.6666666666666665,1.3333333333333333
7,9,2.0,3,1.6666666666666667,1.0
7,7,2.4285714285714284,4,1.5,1.0
7,7,1.7142857142857142,3,1.5,1.0
8,8,2.625,4,2.3333333333333335,1.0
7,8,2.5714285714285716,4,2.3333333333333335,1.1666666666666667
7,8,2.0,3,2.0,1.2
8,8,2.625,4,2.3333333333333335,1.0
7,8,2.142857142857143,4,1.6666666666666667,1.0
7,9,2.4285714285714284,4,1.75,1.1666666666666667
6,6,1.8333333333333333,3,1.5,1.0
7,7,2.5714285714285716,4,2.0,1.0
7,8,2.5714285714285716,4,2.3333333333333335,1.1666666666666667
8,8,2.625,4,2.3333333333333335,1.0
7,8,2.142857142857143,4,1.3333333333333333,1.0
7,8,2.4285714285714284,4,1.5,1.0
7,9,2.4285714285714284,4,1.4,1.1666666666666667
6,7,2.8333333333333335,4,2.0,1.2
9,13,1.6666666666666667,3,2.0,1.5
6,6,2.3333333333333335,4,1.6666666666666667,1.0
8,11,3.5,5,2.0,1.4285714285714286
10,18,2.6,5,2.142857142857143,1.875
6,6,1.8333333333333333,3,1.5,1.0
8,9,2.625,4,2.3333333333333335,1.0
7,11,2.7142857142857144,4,2.25,1.5
8,10,2.75,4,2.6666666666666665,1.1428571428571428
6,7,2.3333333333333335,4,1.5,1.2
8,8,2.625,4,2.3333333333333335,1.0
7,8,2.142857142857143,4,1.3333333333333333,1.0
8,10,2.75,4,2.6666666666666665,1.1428571428571428
6,6,2.3333333333333335,4,1.3333333333333333,1.0
6,6,1.8333333333333333,3,2.0,1.0
6,6,2.3333333333333335,4,1.6666666666666667,1.0
7,12,3.142857142857143,5,1.8,1.5
8,8,2.625,4,2.3333333333333335,1.0
8,8,2.5,4,1.75,1.0
8,10,2.75,4,2.6666666666666665,1.1428571428571428
7,9,2.7142857142857144,4,2.6666666666666665,1.3333333333333333
6,11,3.1666666666666665,5,1.8,1.8
8,8,2.625,4,2.3333333333333335,1.0
6,6,2.3333333333333335,4,1.3333333333333333,1.0
12,27,3.0,6,2.4444444444444446,2.4444444444444446
6,6,2.3333333333333335,4,1.6666666666666667,1.0
7,8,1.7142857142857142,3,2.0,1.0
8,8,2.625,4,2.3333333333333335,1.0
8,10,2.75,4,2.6666666666666665,1.1428571428571428
7,8,2.5714285714285716,4,2.3333333333333335,1.1666666666666667
7,7,1.7142857142857142,3,1.5,1.0
8,8,2.625,4,2.3333333333333335,1.0
8,13,2.75,4,2.75,1.5714285714285714
7,9,2.7142857142857144,4,2.6666666666666665,1.3333333333333333
8,13,2.75,5,1.6666666666666667,1.4285714285714286
6,6,2.3333333333333335,4,1.6666666666666667,1.0
11,27,2.909090909090909,6,2.5555555555555554,2.5555555555555554
7,8,2.4285714285714284,4,1.5,1.0
6,7,2.8333333333333335,4,1.6666666666666667,1.0
7,7,2.0,3,1.6666666666666667,1.0
7,9,2.4285714285714284,4,1.4,1.1666666666666667
8,8,2.625,4,2.3333333333333335,1.0
8,10,2.5,4,2.0,1.1428571428571428
7,10,2.857142857142857,4,3.0,1.5
7,7,1.7142857142857142,3,1.5,1.0
6,6,2.1666666666666665,3,1.6666666666666667,1.0
7,7,1.7142857142857142,3,1.5,1.0
8,9,2.625,4,2.6666666666666665,1.1428571428571428
8,10,2.5,4,2.0,1.1428571428571428
6,6,2.8333333333333335,4,1.6666666666666667,1.0
7,8,2.4285714285714284,4,1.5,1.0
10,23,3.1,6,2.375,2.375
7,7,1.4285714285714286,2,3.0,1.0
7,9,2.7142857142857144,4,1.6,1.3333333333333333
7,10,2.857142857142857,5,2.0,1.6
12,25,2.9166666666666665,5,3.0,2.1
5,5,2.0,3,1.5,1.0
7,7,2.5714285714285716,4,2.0,1.0
6,6,1.8333333333333333,3,1.5,1.0
8,8,2.5,4,1.75,1.0
6,7,2.3333333333333335,4,1.3333333333333333,1.0
6,7,2.8333333333333335,4,1.6666666666666667,1.0
7,10,1.5714285714285714,3,2.0,1.3333333333333333
6,6,2.1666666666666665,3,1.6666666666666667,1.0
7,8,2.4285714285714284,4,1.4,1.1666666666666667
8,10,1.375,2,3.0,1.0
8,8,2.625,4,2.3333333333333335,1.0
7,9,3.0,5,2.0,1.3333333333333333
6,7,2.3333333333333335,4,1.3333333333333333,1.0
8,9,2.625,4,2.3333333333333335,1.0
7,9,2.4285714285714284,4,1.4,1.1666666666666667
6,7,2.3333333333333335,4,1.5,1.2
7,8,1.7142857142857142,3,2.0,1.0
6,6,2.1666666666666665,3,1.6666666666666667,1.0
6,6,2.3333333333333335,4,1.6666666666666667,1.0
8,13,2.75,5,1.6666666666666667,1.4285714285714286
6,6,2.3333333333333335,4,1.6666666666666667,1.0
8,10,2.625,4,2.6666666666666665,1.1428571428571428
8,9,2.75,4,2.6666666666666665,1.1428571428571428
6,7,2.5,4,2.0,1.2
7,7,2.4285714285714284,4,1.5,1.0
11,29,3.0,6,2.5,2.7777777777777777
8,9,2.625,4,2.6666666666666665,1.1428571428571428
12,29,2.75,5,3.125,2.5
8,11,2.75,4,3.0,1.2857142857142858
7,10,2.5714285714285716,4,1.75,1.1666666666666667
6,6,2.3333333333333335,4,1.3333333333333333,1.0
6,10,3.0,5,1.4,1.4
8,9,2.625,4,2.3333333333333335,1.0
7,7,1.5714285714285714,2,2.0,1.0
6,6,2.8333333333333335,4,1.6666666666666667,1.0
6,10,3.0,5,1.8,1.8
7,10,2.857142857142857,5,1.6,1.3333333333333333
6,8,2.8333333333333335,4,1.75,1.4
7,9,2.5714285714285716,4,2.0,1.2
10,21,2.6,5,2.25,2.25
6,7,2.3333333333333335,4,1.5,1.2
7,8,1.5714285714285714,3,2.0,1.3333333333333333
7,8,2.7142857142857144,4,2.3333333333333335,1.1666666666666667
10,15,1.9,3,2.0,1.3333333333333333
7,8,2.5714285714285716,4,2.3333333333333335,1.1666666666666667
7,7,1.7142857142857142,3,1.5,1.0
6,6,1.8333333333333333,3,1.5,1.0
8,8,2.625,4,2.3333333333333335,1.0
8,11,2.75,4,2.25,1.2857142857142858
6,7,2.3333333333333335,4,1.5,1.2
8,14,3.5,6,2.0,1.7142857142857142
8,8,2.625,4,2.3333333333333335,1.0
11,21,2.272727272727273,4,2.4285714285714284,1.8888888888888888
7,9,2.7142857142857144,4,2.6666666666666665,1.3333333333333333
6,8,2.5,4,1.75,1.4
6,6,2.3333333333333335,4,1.6666666666666667,1.0
7,11,3.142857142857143,5,1.8,1.5
7,7,2.5714285714285716,4,2.0,1.0
8,12,2.625,4,2.5,1.4285714285714286
6,7,2.3333333333333335,4,1.5,1.2
8,8,2.625,4,2.3333333333333335,1.0
8,13,2.75,4,2.75,1.5714285714285714
7,8,2.5714285714285716,4,2.3333333333333335,1.1666666666666667
7,7,1.4285714285714286,2,3.0,1.0
7,7,1.4285714285714286,2,3.0,1.0
8,8,2.625,4,2.3333333333333335,1.0
8,10,2.5,4,2.0,1.1428571428571428
6,7,2.3333333333333335,4,1.5,1.2
8,8,2.625,4,2.3333333333333335,1.0
8,10,2.75,4,2.25,1.2857142857142858
6,7,2.5,4,2.0,1.2
7,8,2.4285714285714284,4,1.5,1.0
7,8,2.4285714285714284,4,1.5,1.0
6,6,2.1666666666666665,3,1.6666666666666667,1.0
6,6,2.3333333333333335,4,1.6666666666666667,1.0
7,7,1.4285714285714286,2,3.0,1.0
8,8,2.625,4,2.3333333333333335,1.0
6,6,2.3333333333333335,4,1.3333333333333333,1.0
13,28,2.6923076923076925,5,2.75,2.4444444444444446
11,22,2.727272727272727,5,2.7142857142857144,2.111111111111111
7,9,2.4285714285714284,4,1.75,1.1666666666666667
7,8,2.4285714285714284,4,1.4,1.1666666666666667
7,8,1.4285714285714286,2,3.0,1.0
6,7,2.5,4,2.0,1.2
6,8,2.5,4,1.75,1.4
10,24,2.7,6,2.111111111111111,2.7142857142857144
6,6,1.5,3,1.0,1.0
6,7,1.5,3,1.0,1.0
13,22,1.8461538461538463,3,3.5,1.75
13,15,1.6153846153846154,3,3.5,1.0
12,25,2.3333333333333335,4,2.75,2.2
12,22,2.25,4,2.7142857142857144,1.9
14,30,2.5,5,3.0,2.25
12,22,2.5833333333333335,5,2.7142857142857144,1.9
14,35,2.7857142857142856,5,4.142857142857143,2.6363636363636362
7,10,3.142857142857143,5,1.6,1.3333333333333333
11,20,2.5454545454545454,5,2.8333333333333335,1.8888888888888888
6,8,2.6666666666666665,4,2.3333333333333335,1.4
7,7,1.7142857142857142,3,1.5,1.0
7,7,2.5714285714285716,4,2.0,1.0
6,7,2.5,4,2.0,1.2
8,14,2.75,4,2.4,1.7142857142857142
6,6,2.3333333333333335,4,1.6666666666666667,1.0
7,8,2.0,3,1.6666666666666667,1.0
8,8,2.625,4,2.3333333333333335,1.0
8,9,2.625,4,2.0,1.1428571428571428
6,7,2.5,4,2.0,1.2
6,8,2.8333333333333335,4,1.75,1.4
7,12,1.7142857142857142,3,2.5,1.6666666666666667
7,8,2.4285714285714284,4,1.5,1.0
8,8,2.625,4,2.3333333333333335,1.0
8,12,1.625,3,1.6666666666666667,1.25
7,8,2.142857142857143,4,1.6666666666666667,1.0
7,8,2.5714285714285716,4,2.3333333333333335,1.1666666666666667
7,9,1.5714285714285714,3,2.0,1.3333333333333333
7,9,1.5714285714285714,3,2.0,1.3333333333333333
10,22,3.1,6,2.25,2.25
7,7,1.4285714285714286,2,3.0,1.0
8,8,2.625,4,2.3333333333333335,1.0
8,10,2.5,4,2.0,1.1428571428571428
7,8,1.5714285714285714,3,2.0,1.3333333333333333
8,8,2.625,4,2.3333333333333335,1.0
7,8,2.142857142857143,4,1.3333333333333333,1.0
6,7,2.3333333333333335,4,1.6666666666666667,1.25
8,9,2.625,4,2.6666666666666665,1.1428571428571428
7,8,2.142857142857143,4,1.3333333333333333,1.0
7,10,2.4285714285714284,4,1.6,1.3333333333333333
7,7,1.4285714285714286,2,3.0,1.0
7,7,1.4285714285714286,2,3.0,1.0
6,6,2.3333333333333335,4,1.6666666666666667,1.0
7,8,2.4285714285714284,4,1.4,1.1666666666666667
7,7,1.4285714285714286,2,3.0,1.0
6,8,2.5,4,1.75,1.4
9,18,3.2222222222222223,6,1.875,2.142857142857143
7,7,1.4285714285714286,3,1.0,1.0
6,7,1.5,3,1.0,1.0
13,33,2.923076923076923,6,2.6,2.3636363636363638
14,28,2.2857142857142856,4,4.0,2.0
13,23,2.230769230769231,4,3.2,1.7777777777777777
13,29,3.1538461538461537,6,3.25,2.3636363636363638
14,35,2.5714285714285716,5,2.8,2.5454545454545454
13,27,2.4615384615384617,4,3.5,2.1
13,32,3.3846153846153846,7,3.2222222222222223,2.6363636363636362
14,29,2.7857142857142856,5,2.6,2.1666666666666665
14,38,2.7857142857142856,6,3.4444444444444446,2.8181818181818183
7,9,2.5714285714285716,4,1.75,1.4
11,19,2.4545454545454546,4,1.875,1.6666666666666667
7,10,2.857142857142857,4,3.0,1.5
6,7,2.5,4,2.0,1.2
6,8,3.0,5,1.4,1.4
7,9,2.4285714285714284,4,1.75,1.1666666666666667
7,11,3.142857142857143,5,1.8,1.5
8,8,2.625,4,2.3333333333333335,1.0
10,11,1.5,2,2.0,1.2
6,7,2.3333333333333335,4,1.5,1.2
7,8,2.4285714285714284,4,1.4,1.1666666666666667
6,8,3.0,5,1.4,1.4
7,8,1.7142857142857142,3,2.0,1.0
6,6,2.3333333333333335,4,1.6666666666666667,1.0
7,7,2.4285714285714284,4,1.5,1.0
6,6,2.3333333333333335,4,1.6666666666666667,1.0
7,8,2.4285714285714284,4,1.4,1.1666666666666667
7,12,3.142857142857143,5,1.8,1.5
7,8,2.7142857142857144,4,2.3333333333333335,1.1666666666666667
7,8,2.5714285714285716,4,1.75,1.1666666666666667
6,7,2.8333333333333335,4,1.6666666666666667,1.0
7,9,2.4285714285714284,4,1.4,1.1666666666666667
7,9,2.7142857142857144,4,2.6666666666666665,1.3333333333333333
11,24,2.727272727272727,5,2.5,2.2222222222222223
6,7,2.3333333333333335,4,1.5,1.2
7,7,1.7142857142857142,3,1.5,1.0
7,7,1.7142857142857142,3,1.5,1.0
8,9,3.5,5,1.6,1.1428571428571428
12,22,2.25,4,2.5,2.0
7,8,2.0,3,2.0,1.2
7,7,1.4285714285714286,2,3.0,1.0
8,8,2.625,4,2.3333333333333335,1.0
8,9,2.5,4,1.75,1.0
7,8,2.5714285714285716,4,2.3333333333333335,1.1666666666666667
7,7,2.4285714285714284,4,1.5,1.0
6,6,2.3333333333333335,4,1.6666666666666667,1.0
8,8,2.625,4,2.3333333333333335,1.0
7,8,2.5714285714285716,4,2.3333333333333335,1.1666666666666667
6,6,2.3333333333333335,4,1.3333333333333333,1.0
8,8,2.625,4,2.3333333333333335,1.0
7,8,2.142857142857143,4,1.3333333333333333,1.0
7,11,2.0,3,3.0,1.5
6,7,2.3333333333333335,4,1.5,1.2
6,7,2.5,4,2.0,1.2
9,13,1.6666666666666667,3,2.0,1.5
8,8,2.625,4,2.3333333333333335,1.0
7,7,2.5714285714285716,4,2.0,1.0
7,7,2.5714285714285716,4,2.0,1.0
8,8,2.625,4,2.3333333333333335,1.0
7,7,2.5714285714285716,4,2.0,1.0
7,10,2.0,3,2.0,1.2
12,33,3.0,6,2.9,2.9
8,8,2.625,4,2.3333333333333335,1.0
7,7,2.5714285714285716,4,2.0,1.0
6,6,2.3333333333333335,4,1.3333333333333333,1.0
7,9,2.4285714285714284,4,1.4,1.1666666666666667
8,8,2.625,4,2.3333333333333335,1.0
7,8,2.4285714285714284,4,1.5,1.0
7,9,2.4285714285714284,4,1.75,1.1666666666666667
8,9,2.5,4,1.6,1.1428571428571428
8,8,2.625,4,2.3333333333333335,1.0
8,8,2.5,4,1.75,1.0
8,10,2.75,4,2.6666666666666665,1.1428571428571428
6,6,2.3333333333333335,4,1.6666666666666667,1.0
8,8,2.625,4,2.3333333333333335,1.0
7,8,2.142857142857143,4,1.3333333333333333,1.0
6,7,2.8333333333333335,4,1.6666666666666667,1.0
7,8,2.0,3,1.6666666666666667,1.0
6,6,2.3333333333333335,4,1.6666666666666667,1.0
7,10,2.7142857142857144,4,1.6,1.3333333333333333
7,10,2.857142857142857,5,2.0,1.6
12,25,2.6666666666666665,5,2.75,2.2
7,8,2.5714285714285716,4,2.0,1.0
6,7,2.3333333333333335,4,1.5,1.2
7,7,2.0,3,1.6666666666666667,1.0
8,8,2.625,4,2.3333333333333335,1.0
7,7,2.5714285714285716,4,2.0,1.0
6,6,2.3333333333333335,4,1.3333333333333333,1.0
7,10,2.5714285714285716,4,1.6,1.3333333333333333
8,8,2.625,4,2.3333333333333335,1.0
7,8,2.142857142857143,4,1.3333333333333333,1.0
8,10,2.75,4,2.6666666666666665,1.1428571428571428
6,6,2.3333333333333335,4,1.3333333333333333,1.0
7,9,2.5714285714285716,4,1.75,1.1666666666666667
7,7,1.4285714285714286,2,3.0,1.0
7,7,1.4285714285714286,2,3.0,1.0
8,8,2.625,4,2.3333333333333335,1.0
8,10,2.5,4,2.0,1.1428571428571428
7,8,2.4285714285714284,4,1.4,1.1666666666666667
6,7,2.5,4,2.0,1.2
7,8,2.4285714285714284,4,1.4,1.1666666666666667
8,9,1.25,2,2.0,1.0
8,8,2.625,4,2.3333333333333335,1.0
7,10,3.2857142857142856,5,2.25,1.5
8,10,2.75,4,2.6666666666666665,1.1428571428571428
6,6,2.3333333333333335,4,1.6666666666666667,1.0
8,9,2.625,4,2.6666666666666665,1.1428571428571428
8,11,1.625,3,1.5,1.5
7,9,2.4285714285714284,4,1.5,1.0
7,9,2.7142857142857144,4,2.6666666666666665,1.3333333333333333
7,8,2.142857142857143,4,1.3333333333333333,1.0
7,7,2.5714285714285716,4,2.0,1.0
6,6,2.3333333333333335,4,1.6666666666666667,1.0
7,7,2.4285714285714284,4,1.5,1.0
10,23,2.7,6,2.0,2.5714285714285716
7,7,1.4285714285714286,3,1.0,1.0
6,7,1.5,3,1.0,1.0
12,22,2.5833333333333335,5,2.3333333333333335,1.5555555555555556
13,27,2.6153846153846154,5,3.3333333333333335,2.0
13,27,3.0,6,3.142857142857143,2.0
13,24,2.3846153846153846,4,2.857142857142857,1.8181818181818181
13,26,2.4615384615384617,4,3.1666666666666665,1.9
14,36,3.0,6,3.3,2.75
14,38,2.7857142857142856,5,2.5833333333333335,2.5833333333333335
13,25,2.5384615384615383,5,2.4444444444444446,2.0
13,19,2.4615384615384617,4,2.2857142857142856,1.4545454545454546
14,39,3.142857142857143,6,3.5555555555555554,2.6666666666666665
7,9,2.5714285714285716,4,1.75,1.4
12,23,2.75,5,2.7142857142857144,1.9
6,6,2.3333333333333335,4,1.6666666666666667,1.0
6,6,2.3333333333333335,4,1.6666666666666667,1.0
6,9,3.1666666666666665,5,1.6,1.6
8,10,2.625,4,2.6666666666666665,1.1428571428571428
8,11,2.5,4,2.25,1.2857142857142858
6,8,2.5,4,1.75,1.4
7,7,1.4285714285714286,2,3.0,1.0
7,8,1.7142857142857142,3,2.0,1.0
10,24,2.5,5,1.8888888888888888,2.4285714285714284
6,6,1.5,3,1.0,1.0
6,6,1.5,3,1.0,1.0
14,29,3.142857142857143,6,2.857142857142857,1.6666666666666667
12,16,1.8333333333333333,4,1.8,1.2857142857142858
12,26,3.1666666666666665,6,2.5555555555555554,2.3
13,26,3.0,5,3.2857142857142856,2.090909090909091
13,20,2.4615384615384617,4,2.8,1.2727272727272727
14,37,2.857142857142857,5,2.6666666666666665,2.6666666666666665
13,26,2.8461538461538463,6,2.875,2.090909090909091
13,32,2.8461538461538463,5,3.857142857142857,2.4545454545454546
7,8,2.4285714285714284,4,1.5,1.2
11,23,2.8181818181818183,5,2.5,2.2222222222222223
7,8,2.4285714285714284,4,1.4,1.1666666666666667
7,7,1.4285714285714286,2,3.0,1.0
8,10,2.75,4,3.0,1.2857142857142858
8,9,2.625,4,2.0,1.1428571428571428
6,6,2.8333333333333335,4,1.6666666666666667,1.0
6,6,1.8333333333333333,3,1.5,1.0
6,8,3.0,5,1.4,1.4
7,9,2.7142857142857144,4,2.6666666666666665,1.3333333333333333
8,13,2.5,5,1.75,1.4
7,8,2.5714285714285716,4,2.0,1.0
6,6,2.1666666666666665,3,1.6666666666666667,1.0
6,6,2.3333333333333335,4,1.6666666666666667,1.0
6,7,2.8333333333333335,4,2.0,1.2
7,8,2.4285714285714284,4,1.4,1.1666666666666667
14,38,3.142857142857143,6,3.6,3.0
8,9,3.5,5,1.6,1.1428571428571428
12,23,2.5,4,2.625,2.1
7,9,2.5714285714285716,4,1.75,1.1666666666666667
7,10,2.5714285714285716,4,1.6,1.3333333333333333
7,7,1.7142857142857142,3,1.5,1.0
7,8,2.7142857142857144,4,2.3333333333333335,1.1666666666666667
12,25,2.5833333333333335,4,3.142857142857143,2.2
8,10,2.75,4,2.6666666666666665,1.1428571428571428
8,16,3.125,5,2.5,1.6666666666666667
6,6,2.8333333333333335,4,1.6666666666666667,1.0
7,8,2.4285714285714284,4,1.5,1.0
8,12,1.875,3,2.5,1.25
6,6,2.3333333333333335,4,1.6666666666666667,1.0
6,7,2.3333333333333335,4,1.5,1.2
8,12,2.75,5,1.6666666666666667,1.4285714285714286
6,6,2.3333333333333335,4,1.6666666666666667,1.0
8,8,2.625,4,2.3333333333333335,1.0
8,10,2.5,4,2.0,1.1428571428571428
7,8,2.5714285714285716,4,2.3333333333333335,1.1666666666666667
8,8,2.625,4,2.3333333333333335,1.0
8,9,2.75,4,2.3333333333333335,1.0
7,8,2.5714285714285716,4,2.3333333333333335,1.1666666666666667
7,7,2.4285714285714284,4,1.5,1.0
10,22,2.7,6,2.0,2.5714285714285716
6,6,1.5,3,1.0,1.0
6,7,1.5,3,1.0,1.0
13,22,1.6923076923076923,3,2.3333333333333335,1.75
13,24,2.0,4,2.8333333333333335,1.8888888888888888
13,27,3.076923076923077,6,3.2857142857142856,2.090909090909091
12,21,2.25,5,1.875,1.6666666666666667
12,17,2.0,3,4.333333333333333,1.4444444444444444
13,23,2.4615384615384617,4,2.7142857142857144,1.7272727272727273
13,25,2.3846153846153846,4,2.4444444444444446,2.0
14,29,2.5,5,2.888888888888889,2.1666666666666665
13,24,2.8461538461538463,6,2.625,1.9090909090909092
14,34,2.7857142857142856,5,3.857142857142857,2.4545454545454546
7,10,3.142857142857143,5,1.6,1.3333333333333333
12,22,2.9166666666666665,5,2.7142857142857144,1.9
6,6,2.8333333333333335,4,1.6666666666666667,1.0
7,9,2.4285714285714284,4,1.4,1.1666666666666667
8,11,1.625,3,2.5,1.6666666666666667
6,6,2.3333333333333335,4,1.6666666666666667,1.0
6,8,2.5,4,1.75,1.4
8,14,2.75,5,1.6666666666666667,1.4285714285714286
6,6,2.3333333333333335,4,1.6666666666666667,1.0
7,7,1.7142857142857142,3,1.5,1.0
8,9,2.625,4,2.3333333333333335,1.0
8,9,2.5,4,2.0,1.1428571428571428
7,9,2.5714285714285716,4,2.0,1.3333333333333333
7,7,2.5714285714285716,4,2.0,1.0
8,9,2.625,4,2.0,1.1428571428571428
6,6,2.3333333333333335,4,1.6666666666666667,1.0
9,21,3.5555555555555554,7,2.125,2.4285714285714284
8,8,1.5,3,1.5,1.0
10,17,2.6,5,2.3333333333333335,1.75
6,7,2.8333333333333335,4,1.6666666666666667,1.0
7,8,2.4285714285714284,4,1.5,1.0
7,9,2.2857142857142856,4,1.6666666666666667,1.0
7,8,1.8571428571428572,3,1.6666666666666667,1.0
6,7,2.5,4,2.0,1.2
9,13,1.6666666666666667,3,2.0,1.5
6,6,2.3333333333333335,4,1.6666666666666667,1.0
7,7,1.7142857142857142,3,1.5,1.0
7,7,2.5714285714285716,4,2.0,1.0
10,17,2.6,5,2.3333333333333335,1.75
6,7,2.8333333333333335,4,1.6666666666666667,1.0
6,6,2.3333333333333335,4,1.6666666666666667,1.0
6,10,3.1666666666666665,5,1.8,1.8
6,6,2.3333333333333335,4,1.6666666666666667,1.0
7,9,2.4285714285714284,4,1.6,1.3333333333333333
7,7,1.7142857142857142,3,1.5,1.0
6,6,2.1666666666666665,3,1.6666666666666667,1.0
6,6,2.8333333333333335,4,1.6666666666666667,1.0
8,8,2.375,4,2.0,1.0
8,8,2.5,4,1.75,1.0
8,10,2.75,4,2.6666666666666665,1.1428571428571428
6,7,2.5,4,2.0,1.2
6,8,3.0,5,1.4,1.4
9,19,3.4444444444444446,7,2.0,2.2857142857142856
7,7,1.4285714285714286,3,1.0,1.0
6,7,1.5,3,1.0,1.0
12,24,2.5,5,2.2222222222222223,2.0
13,27,2.923076923076923,5,3.5,1.9090909090909092
13,15,1.6153846153846154,3,3.5,1.0
12,25,3.25,6,2.75,2.2
12,26,2.3333333333333335,4,2.3,2.3
12,18,2.3333333333333335,4,2.142857142857143,1.5
12,21,2.6666666666666665,5,3.0,1.8
13,27,2.3846153846153846,5,2.6666666666666665,2.1818181818181817
12,20,2.5,5,2.4285714285714284,1.7
14,34,3.142857142857143,6,3.5,2.3333333333333335
7,8,2.4285714285714284,4,1.5,1.2
11,17,2.4545454545454546,4,2.3333333333333335,1.5555555555555556
7,10,3.2857142857142856,5,1.8,1.5
7,7,2.5714285714285716,4,2.0,1.0
7,10,2.4285714285714284,4,1.6,1.3333333333333333
7,8,2.5714285714285716,4,2.3333333333333335,1.1666666666666667
7,7,1.4285714285714286,2,3.0,1.0
6,6,2.8333333333333335,4,1.6666666666666667,1.0
7,8,2.4285714285714284,4,1.5,1.0
7,9,2.7142857142857144,4,2.6666666666666665,1.3333333333333333
7,8,2.142857142857143,4,1.3333333333333333,1.0
7,9,2.7142857142857144,4,2.6666666666666665,1.3333333333333333
7,11,3.2857142857142856,5,2.0,1.6666666666666667
7,7,1.7142857142857142,3,1.5,1.0
7,11,3.142857142857143,5,1.8,1.5
7,7,2.5714285714285716,4,2.0,1.0
6,7,3.0,5,1.5,1.2
7,8,2.5714285714285716,4,2.0,1.0
6,9,2.5,4,1.4,1.4
7,7,1.7142857142857142,3,1.5,1.0
8,9,2.625,4,2.3333333333333335,1.0
7,8,2.142857142857143,4,1.3333333333333333,1.0
7,8,2.5714285714285716,4,2.0,1.0
6,6,2.3333333333333335,4,1.6666666666666667,1.0
8,8,2.375,4,2.0,1.0
8,14,2.5,5,1.75,1.4
6,7,2.8333333333333335,4,1.6666666666666667,1.0
7,8,2.4285714285714284,4,1.4,1.1666666666666667
8,12,1.875,3,3.0,1.5
6,6,2.3333333333333335,4,1.6666666666666667,1.0
6,6,2.1666666666666665,3,1.6666666666666667,1.0
8,14,2.75,5,1.6666666666666667,1.4285714285714286
6,6,2.3333333333333335,4,1.6666666666666667,1.0
6,6,1.8333333333333333,3,1.5,1.0
6,7,2.3333333333333335,4,1.5,1.2
7,8,2.7142857142857144,4,2.3333333333333335,1.1666666666666667
8,11,1.75,3,1.75,1.75
7,9,2.4285714285714284,4,1.4,1.1666666666666667
6,7,2.3333333333333335,4,1.5,1.2
7,7,1.7142857142857142,3,1.5,1.0
7,10,2.4285714285714284,4,1.6,1.3333333333333333
8,8,2.625,4,2.3333333333333335,1.0
8,14,2.75,4,2.4,1.7142857142857142
7,9,2.7142857142857144,4,2.6666666666666665,1.3333333333333333
7,7,2.5714285714285716,4,2.0,1.0
6,6,2.3333333333333335,4,1.6666666666666667,1.0
7,8,2.0,3,1.6666666666666667,1.0
8,8,2.625,4,2.3333333333333335,1.0
7,8,2.5714285714285716,4,2.3333333333333335,1.1666666666666667
8,10,2.75,4,2.6666666666666665,1.1428571428571428
7,8,2.5714285714285716,4,2.3333333333333335,1.1666666666666667
7,7,2.5714285714285716,4,2.0,1.0
8,11,3.5,5,2.0,1.4285714285714286
13,25,2.3076923076923075,4,2.875,2.090909090909091
8,8,2.625,4,2.3333333333333335,1.0
8,11,2.75,4,2.5,1.4285714285714286
6,7,2.8333333333333335,4,1.6666666666666667,1.0
8,10,2.5,4,1.8,1.2857142857142858
7,8,1.7142857142857142,3,2.0,1.0
6,6,2.3333333333333335,4,1.6666666666666667,1.0
8,8,2.625,4,2.3333333333333335,1.0
11,16,2.3636363636363638,4,1.5,1.3333333333333333
6,7,2.3333333333333335,4,1.5,1.2
7,8,2.5714285714285716,4,2.3333333333333335,1.1666666666666667
7,11,1.7142857142857142,3,2.5,1.6666666666666667
6,6,2.8333333333333335,4,1.6666666666666667,1.0
7,8,1.7142857142857142,3,2.0,1.0
6,7,2.3333333333333335,4,1.5,1.2
6,9,3.1666666666666665,5,1.6,1.6
6,7,2.3333333333333335,4,1.5,1.2
7,9,2.4285714285714284,4,1.6,1.3333333333333333
7,11,3.4285714285714284,6,1.6666666666666667,1.6666666666666667
8,9,2.625,4,2.3333333333333335,1.0
11,20,2.4545454545454546,4,2.2857142857142856,1.7777777777777777
6,6,2.8333333333333335,4,1.6666666666666667,1.0
7,9,2.4285714285714284,4,1.6,1.3333333333333333
11,18,2.1818181818181817,4,3.2,1.7777777777777777
6,7,2.5,4,2.0,1.2
7,8,2.0,3,1.6666666666666667,1.0
6,6,2.8333333333333335,4,1.6666666666666667,1.0
7,10,3.142857142857143,5,1.8,1.5
7,11,3.4285714285714284,5,1.8,1.5
12,26,2.8333333333333335,5,3.2857142857142856,2.3
7,9,2.4285714285714284,4,1.4,1.1666666666666667
6,8,3.0,5,1.4,1.4
8,8,2.625,4,2.3333333333333335,1.0
7,7,2.4285714285714284,4,1.6666666666666667,1.0
7,7,1.4285714285714286,2,3.0,1.0
8,8,2.625,4,2.3333333333333335,1.0
8,10,2.75,4,2.6666666666666665,1.1428571428571428
6,7,2.5,4,2.0,1.2
7,7,1.7142857142857142,3,1.5,1.0
8,9,2.625,4,2.3333333333333335,1.0
8,12,1.625,3,1.6666666666666667,1.25
8,10,2.75,4,2.6666666666666665,1.1428571428571428
6,7,2.5,4,2.0,1.2
7,8,2.4285714285714284,4,1.5,1.0
6,7,2.5,4,2.0,1.2
6,9,3.1666666666666665,5,1.6,1.6
6,8,2.5,4,1.75,1.4
7,9,2.7142857142857144,4,1.6,1.3333333333333333
7,7,2.5714285714285716,4,2.0,1.0
8,9,2.5,4,2.0,1.1428571428571428
6,6,2.3333333333333335,4,1.6666666666666667,1.0
6,7,2.5,4,2.0,1.2
7,9,2.4285714285714284,4,1.6,1.3333333333333333
8,9,1.25,2,2.0,1.0
8,9,2.625,4,2.6666666666666665,1.1428571428571428
7,10,3.0,5,1.8,1.5
7,8,2.5714285714285716,4,2.0,1.0
6,6,2.3333333333333335,4,1.6666666666666667,1.0
7,9,2.4285714285714284,4,1.75,1.1666666666666667
8,10,2.625,4,2.6666666666666665,1.1428571428571428
7,9,2.7142857142857144,4,2.6666666666666665,1.3333333333333333
7,10,1.7142857142857142,3,2.5,1.6666666666666667
7,10,1.7142857142857142,3,2.5,1.6666666666666667
6,6,2.8333333333333335,4,1.6666666666666667,1.0
6,7,2.3333333333333335,4,1.5,1.2
7,8,2.4285714285714284,4,1.4,1.1666666666666667
6,9,3.1666666666666665,5,1.6,1.6
6,6,2.3333333333333335,4,1.6666666666666667,1.0
7,7,1.4285714285714286,2,3.0,1.0
7,10,3.2857142857142856,5,2.0,1.3333333333333333
12,22,2.5,4,2.375,1.9
6,7,2.5,4,2.0,1.2
6,6,2.3333333333333335,4,1.3333333333333333,1.0
6,9,3.1666666666666665,5,1.6,1.6
6,6,2.3333333333333335,4,1.6666666666666667,1.0
6,6,2.3333333333333335,4,1.6666666666666667,1.0
8,9,2.625,4,2.6666666666666665,1.1428571428571428
7,7,2.4285714285714284,4,1.6666666666666667,1.0
7,7,1.4285714285714286,2,3.0,1.0
8,10,2.625,4,2.6666666666666665,1.1428571428571428
7,10,3.0,5,1.8,1.5
8,10,2.75,4,2.6666666666666665,1.1428571428571428
6,7,2.5,4,2.0,1.2
6,6,1.8333333333333333,3,1.5,1.0
8,10,2.625,4,2.6666666666666665,1.1428571428571428
8,9,1.5,2,1.6666666666666667,1.25
6,7,2.3333333333333335,4,1.5,1.2
7,7,1.7142857142857142,3,1.5,1.0
6,7,2.5,4,2.0,1.2
8,10,1.375,2,3.0,1.0
7,8,2.4285714285714284,4,1.4,1.1666666666666667
7,9,2.7142857142857144,4,1.6,1.3333333333333333
8,9,2.625,4,2.6666666666666665,1.1428571428571428
7,7,1.5714285714285714,2,2.0,1.0
7,9,2.7142857142857144,4,2.6666666666666665,1.3333333333333333
7,7,1.4285714285714286,2,3.0,1.0
8,9,2.625,4,2.6666666666666665,1.1428571428571428
10,12,1.5,2,2.5,1.0
7,9,2.7142857142857144,4,2.6666666666666665,1.3333333333333333
8,14,2.75,5,1.8333333333333333,1.5714285714285714
6,6,2.3333333333333335,4,1.6666666666666667,1.0
8,10,2.75,4,3.0,1.2857142857142858
8,11,2.625,4,2.25,1.2857142857142858
7,7,1.7142857142857142,3,1.5,1.0
8,14,3.5,6,2.0,1.7142857142857142
7,9,2.7142857142857144,4,2.6666666666666665,1.3333333333333333
8,13,2.75,4,2.2,1.5714285714285714
7,10,2.857142857142857,4,3.0,1.5
6,9,2.8333333333333335,4,1.5,1.2
12,23,2.9166666666666665,5,3.0,2.1
7,8,3.4285714285714284,5,1.4,1.1666666666666667
12,25,2.5,4,2.625,2.1
6,8,2.8333333333333335,4,1.75,1.4
7,9,2.0,4,1.6666666666666667,1.25
7,8,2.7142857142857144,4,2.3333333333333335,1.1666666666666667
7,8,2.142857142857143,4,1.3333333333333333,1.0
7,9,2.7142857142857144,4,2.6666666666666665,1.3333333333333333
9,10,2.4444444444444446,4,2.25,1.125
6,6,2.3333333333333335,4,1.6666666666666667,1.0
8,9,2.625,4,2.3333333333333335,1.0
7,8,2.5714285714285716,4,2.3333333333333335,1.1666666666666667
6,7,2.8333333333333335,4,1.6666666666666667,1.0
7,10,2.5714285714285716,4,1.6,1.3333333333333333
7,11,3.142857142857143,5,1.8,1.5
7,7,2.5714285714285716,4,2.0,1.0
7,8,2.142857142857143,4,1.3333333333333333,1.0
7,8,2.5714285714285716,4,2.3333333333333335,1.1666666666666667
6,6,1.8333333333333333,3,2.0,1.0
12,25,3.0,5,2.875,2.3
8,9,1.625,3,1.5,1.0
6,6,1.5,3,1.0,1.0
12,23,2.9166666666666665,6,2.857142857142857,2.0
12,14,1.6666666666666667,3,3.5,1.0
13,24,2.3846153846153846,4,2.625,1.9090909090909092
13,22,2.4615384615384617,4,2.2857142857142856,1.4545454545454546
12,25,2.4166666666666665,5,2.4444444444444446,2.2
12,19,2.5,5,2.6666666666666665,1.6
13,32,2.5384615384615383,5,3.25,2.6
7,11,3.4285714285714284,5,1.8,1.5
11,23,2.727272727272727,5,2.5,2.2222222222222223
7,8,2.0,3,1.6666666666666667,1.0
7,7,1.4285714285714286,2,3.0,1.0
8,8,2.625,4,2.3333333333333335,1.0
7,8,2.5714285714285716,4,1.75,1.1666666666666667
6,6,2.3333333333333335,4,1.3333333333333333,1.0
7,12,3.0,5,1.8,1.5
7,12,3.142857142857143,5,1.8,1.5
7,7,2.5714285714285716,4,2.0,1.0
7,8,2.142857142857143,4,1.3333333333333333,1.0
7,8,2.5714285714285716,4,2.3333333333333335,1.1666666666666667
7,9,2.4285714285714284,4,1.5,1.0
11,24,3.1818181818181817,6,2.3333333333333335,2.3333333333333335
8,10,2.375,4,2.0,1.0
7,8,2.5714285714285716,4,1.75,1.1666666666666667
6,6,2.3333333333333335,4,1.3333333333333333,1.0
7,11,3.0,5,1.8,1.5
8,8,2.375,4,2.0,1.0
7,9,2.7142857142857144,4,2.6666666666666665,1.3333333333333333
7,9,2.0,3,1.6666666666666667,1.0
6,6,2.3333333333333335,4,1.6666666666666667,1.0
8,9,2.625,4,2.3333333333333335,1.0
8,13,2.75,4,2.75,1.5714285714285714
6,7,2.3333333333333335,4,1.5,1.2
7,7,1.4285714285714286,2,3.0,1.0
7,11,1.7142857142857142,3,2.5,1.6666666666666667
6,6,2.8333333333333335,4,1.6666666666666667,1.0
7,7,2.4285714285714284,4,1.5,1.0
6,6,2.3333333333333335,4,1.6666666666666667,1.0
9,19,2.888888888888889,6,1.875,2.142857142857143
7,7,1.4285714285714286,3,1.0,1.0
13,26,2.8461538461538463,5,2.875,2.090909090909091
6,6,2.3333333333333335,4,1.6666666666666667,1.0
6,7,2.5,4,2.0,1.2
8,14,2.75,5,1.8333333333333333,1.5714285714285714
6,6,2.3333333333333335,4,1.6666666666666667,1.0
7,8,1.7142857142857142,3,2.0,1.0
7,10,2.142857142857143,3,2.5,1.0
7,10,3.2857142857142856,5,1.8,1.5
6,6,2.3333333333333335,4,1.3333333333333333,1.0
7,11,3.0,5,1.8,1.5
7,8,2.5714285714285716,4,2.0,1.0
8,9,1.5,2,1.6666666666666667,1.25
7,9,2.7142857142857144,4,2.6666666666666665,1.3333333333333333
6,6,2.3333333333333335,4,1.6666666666666667,1.0
7,7,2.5714285714285716,4,2.0,1.0
6,7,2.8333333333333335,4,1.6666666666666667,1.0
7,9,2.4285714285714284,4,1.4,1.1666666666666667
7,11,3.142857142857143,5,1.8,1.5
7,7,2.5714285714285716,4,2.0,1.0
7,8,2.857142857142857,4,2.0,1.0
7,8,1.7142857142857142,3,2.0,1.0
8,8,2.625,4,2.3333333333333335,1.0
7,10,2.857142857142857,4,3.0,1.5
7,8,2.0,3,1.6666666666666667,1.0
6,6,2.3333333333333335,4,1.6666666666666667,1.0
8,9,2.625,4,2.6666666666666665,1.1428571428571428
7,10,3.2857142857142856,5,1.8,1.5
6,6,2.3333333333333335,4,1.3333333333333333,1.0
7,11,3.0,5,1.8,1.5
8,8,2.625,4,2.3333333333333335,1.0
7,10,2.857142857142857,4,3.0,1.5
6,8,3.0,5,1.4,1.4
8,9,2.625,4,2.6666666666666665,1.1428571428571428
7,8,3.0,5,1.75,1.1666666666666667
8,10,2.75,4,2.6666666666666665,1.1428571428571428
6,6,2.3333333333333335,4,1.6666666666666667,1.0
8,8,2.625,4,2.3333333333333335,1.0
8,9,1.5,2,1.6666666666666667,1.25
7,9,2.7142857142857144,4,2.6666666666666665,1.3333333333333333
7,7,2.4285714285714284,4,1.5,1.0
6,8,2.8333333333333335,4,1.75,1.4
7,8,2.4285714285714284,4,1.5,1.0
6,6,2.3333333333333335,4,1.6666666666666667,1.0
7,7,1.7142857142857142,3,1.5,1.0
6,7,2.8333333333333335,4,1.5,1.2
9,19,3.4444444444444446,7,2.0,2.2857142857142856
7,8,1.4285714285714286,3,1.0,1.0
6,7,1.5,3,1.0,1.0
13,24,2.4615384615384617,5,2.2857142857142856,1.6
5,5,2.4,4,1.3333333333333333,1.0
7,9,2.0,3,1.6666666666666667,1.0
6,7,2.5,4,2.0,1.2
7,8,2.4285714285714284,4,1.4,1.1666666666666667
6,7,2.8333333333333335,4,1.5,1.2
13,40,3.4615384615384617,7,3.4,3.090909090909091
7,9,2.5714285714285716,4,2.0,1.2
12,21,2.8333333333333335,5,2.4285714285714284,1.7
7,8,2.5714285714285716,4,2.3333333333333335,1.1666666666666667
6,6,1.8333333333333333,3,2.0,1.0
7,12,3.142857142857143,5,1.8,1.5
7,8,2.7142857142857144,4,2.3333333333333335,1.1666666666666667
7,10,2.857142857142857,4,3.0,1.5
6,9,2.8333333333333335,4,1.5,1.2
8,11,2.75,4,3.0,1.2857142857142858
6,8,3.0,5,1.5,1.2
7,8,2.5714285714285716,4,2.0,1.0
6,6,2.3333333333333335,4,1.6666666666666667,1.0
7,9,2.7142857142857144,4,2.0,1.3333333333333333
8,10,2.75,4,2.6666666666666665,1.1428571428571428
7,8,2.5714285714285716,4,2.3333333333333335,1.1666666666666667
7,8,2.4285714285714284,4,1.75,1.1666666666666667
8,8,2.625,4,2.3333333333333335,1.0
13,26,2.769230769230769,5,3.2857142857142856,2.090909090909091
6,6,2.8333333333333335,4,1.6666666666666667,1.0
6,8,2.5,4,1.75,1.4
11,26,2.909090909090909,5,3.0,2.6666666666666665
8,8,1.375,3,1.0,1.0
6,6,1.5,3,1.0,1.0
12,24,3.0,6,3.0,2.1
12,15,1.6666666666666667,3,2.6666666666666665,1.1428571428571428
13,24,2.3846153846153846,4,2.625,1.9090909090909092
13,21,2.4615384615384617,4,2.2857142857142856,1.4545454545454546
12,25,2.4166666666666665,5,2.4444444444444446,2.2
12,20,2.5,5,2.4285714285714284,1.7
14,34,3.0714285714285716,5,3.5,2.3333333333333335
7,11,3.4285714285714284,5,1.8,1.5
11,21,2.8181818181818183,5,2.7142857142857144,2.111111111111111
6,8,2.5,4,1.75,1.4
7,11,3.4285714285714284,6,1.6666666666666667,1.6666666666666667
7,7,2.5714285714285716,4,2.0,1.0
7,8,2.5714285714285716,4,2.3333333333333335,1.1666666666666667
7,7,2.0,3,1.6666666666666667,1.0
7,7,1.4285714285714286,2,3.0,1.0
7,7,2.5714285714285716,4,2.0,1.0
8,9,2.75,4,2.3333333333333335,1.0
6,7,2.3333333333333335,4,1.5,1.2
12,26,3.3333333333333335,6,2.625,2.1
7,8,1.4285714285714286,2,3.0,1.0
7,7,1.4285714285714286,2,3.0,1.0
8,8,2.625,4,2.3333333333333335,1.0
8,8,2.5,4,1.75,1.0
7,8,2.5714285714285716,4,2.3333333333333335,1.1666666666666667
7,7,2.4285714285714284,4,1.5,1.0
6,6,2.3333333333333335,4,1.6666666666666667,1.0
8,8,2.625,4,2.3333333333333335,1.0
8,10,2.75,4,2.6666666666666665,1.1428571428571428
6,7,2.3333333333333335,4,1.5,1.2
7,8,2.0,3,1.6666666666666667,1.0
10,23,2.7,6,2.0,2.5714285714285716
6,6,1.5,3,1.0,1.0
6,6,1.5,3,1.0,1.0
13,28,2.4615384615384617,5,2.3,2.090909090909091
14,29,2.0714285714285716,4,3.142857142857143,2.4444444444444446
14,29,2.357142857142857,4,2.7777777777777777,2.0833333333333335
13,22,2.4615384615384617,4,2.142857142857143,1.3636363636363635
13,26,2.4615384615384617,4,3.0,1.9090909090909092
13,26,2.3846153846153846,5,2.5555555555555554,2.090909090909091
14,37,2.7857142857142856,5,3.75,2.727272727272727
7,9,2.5714285714285716,4,1.75,1.4
10,17,2.6,5,2.3333333333333335,1.75
6,6,2.3333333333333335,4,1.6666666666666667,1.0
8,8,2.625,4,2.3333333333333335,1.0
7,8,2.142857142857143,4,1.3333333333333333,1.0
7,9,2.7142857142857144,4,2.6666666666666665,1.3333333333333333
6,9,3.1666666666666665,5,1.6,1.6
7,7,1.7142857142857142,3,1.5,1.0
8,8,2.625,4,2.3333333333333335,1.0
7,8,2.142857142857143,4,1.3333333333333333,1.0
6,6,2.3333333333333335,4,1.3333333333333333,1.0
7,11,3.142857142857143,5,1.8,1.5
8,9,2.625,4,2.3333333333333335,1.0
12,26,2.6666666666666665,5,2.5555555555555554,2.3
7,9,2.4285714285714284,4,1.4,1.1666666666666667
6,7,2.5,4,2.0,1.2
7,8,2.4285714285714284,4,1.4,1.1666666666666667
6,7,2.5,4,2.0,1.2
6,6,2.8333333333333335,4,1.6666666666666667,1.0
10,24,2.7,6,2.0,2.5714285714285716
7,7,1.4285714285714286,3,1.0,1.0
6,6,1.5,3,1.0,1.0
11,18,2.8181818181818183,6,2.142857142857143,1.6666666666666667
11,13,1.6363636363636365,3,3.0,1.0
13,26,2.6153846153846154,5,2.5555555555555554,2.090909090909091
13,20,2.076923076923077,4,2.6,1.4444444444444444
13,31,2.769230769230769,6,2.7,2.4545454545454546
12,23,2.5,5,2.5,2.0
13,34,2.923076923076923,5,4.142857142857143,2.6363636363636362
7,9,2.5714285714285716,4,1.75,1.4
11,18,2.4545454545454546,4,1.875,1.6666666666666667
6,7,2.5,4,2.0,1.2
6,8,2.5,4,1.75,1.4
6,8,3.0,5,1.4,1.4
7,8,2.4285714285714284,4,1.75,1.1666666666666667
7,11,3.142857142857143,5,1.8,1.5
7,7,2.5714285714285716,4,2.0,1.0
8,10,2.75,4,2.6666666666666665,1.1428571428571428
6,7,2.3333333333333335,4,1.5,1.2
7,7,2.5714285714285716,4,2.0,1.0
7,9,2.7142857142857144,4,2.6666666666666665,1.3333333333333333
7,7,1.7142857142857142,3,1.5,1.0
7,7,2.5714285714285716,4,2.0,1.0
9,10,1.4444444444444444,2,1.6666666666666667,1.25
6,6,2.8333333333333335,4,1.6666666666666667,1.0
7,8,2.4285714285714284,4,1.4,1.1666666666666667
6,6,2.3333333333333335,4,1.6666666666666667,1.0
8,8,2.625,4,2.3333333333333335,1.0
8,12,3.25,5,2.5,1.4285714285714286
7,8,2.4285714285714284,4,1.4,1.1666666666666667
6,8,3.0,5,1.4,1.4
6,6,2.8333333333333335,4,1.6666666666666667,1.0
8,8,2.625,4,2.3333333333333335,1.0
7,8,3.0,5,1.75,1.1666666666666667
7,8,2.5714285714285716,4,2.0,1.0
6,6,2.3333333333333335,4,1.6666666666666667,1.0
8,8,2.625,4,2.3333333333333335,1.0
7,8,3.0,5,1.75,1.1666666666666667
7,9,2.7142857142857144,4,2.6666666666666665,1.3333333333333333
7,7,2.4285714285714284,4,1.5,1.0
6,6,2.1666666666666665,3,1.6666666666666667,1.0
7,8,2.4285714285714284,4,1.4,1.1666666666666667
8,10,1.375,2,3.0,1.0
9,20,2.0,3,4.0,2.6666666666666665
7,7,1.7142857142857142,3,1.5,1.0
8,13,1.875,3,3.0,1.5
7,7,2.4285714285714284,4,1.5,1.0
6,7,2.8333333333333335,4,2.0,1.2
6,7,2.8333333333333335,4,2.0,1.2
7,9,2.0,3,1.6666666666666667,1.0
10,21,2.2,5,2.0,2.3333333333333335
7,8,1.4285714285714286,3,1.0,1.0
6,8,1.5,3,1.0,1.0
12,29,2.8333333333333335,6,2.4,2.4
14,31,2.142857142857143,4,3.2857142857142856,2.5555555555555554
14,32,2.857142857142857,5,3.4285714285714284,2.0
13,18,1.6153846153846154,3,2.75,1.5714285714285714
7,9,2.7142857142857144,4,2.0,1.3333333333333333
8,9,2.5,4,1.6,1.1428571428571428
8,10,2.75,4,2.6666666666666665,1.1428571428571428
6,7,2.3333333333333335,4,1.5,1.2
6,6,2.3333333333333335,4,1.6666666666666667,1.0
7,11,3.142857142857143,5,1.8,1.5
8,10,2.75,4,2.6666666666666665,1.1428571428571428
12,24,2.4166666666666665,4,2.625,2.1
7,9,2.7142857142857144,4,2.6666666666666665,1.3333333333333333
7,7,2.5714285714285716,4,2.0,1.0
6,6,2.3333333333333335,4,1.6666666666666667,1.0
7,11,3.142857142857143,5,1.8,1.5
7,7,2.5714285714285716,4,2.0,1.0
15,32,3.533333333333333,6,3.3333333333333335,2.3076923076923075
6,6,2.1666666666666665,3,1.6666666666666667,1.0
8,14,2.75,5,2.0,1.7142857142857142
7,9,2.7142857142857144,4,2.6666666666666665,1.3333333333333333
6,6,1.8333333333333333,3,1.5,1.0
8,8,2.625,4,2.3333333333333335,1.0
8,11,2.625,4,2.25,1.2857142857142858
8,10,2.5,4,2.0,1.1428571428571428
7,7,2.4285714285714284,4,1.5,1.0
7,8,2.4285714285714284,4,1.4,1.1666666666666667
7,7,2.5714285714285716,4,2.0,1.0
8,8,2.625,4,2.3333333333333335,1.0
7,9,2.7142857142857144,4,2.6666666666666665,1.3333333333333333
7,8,2.0,3,1.6666666666666667,1.0
7,8,1.4285714285714286,2,3.0,1.0
8,8,2.625,4,2.3333333333333335,1.0
8,9,1.5,2,1.6666666666666667,1.25
7,9,2.4285714285714284,4,1.4,1.1666666666666667
7,8,2.5714285714285716,4,2.3333333333333335,1.1666666666666667
6,6,2.3333333333333335,4,1.6666666666666667,1.0
7,7,1.4285714285714286,2,3.0,1.0
8,8,2.625,4,2.3333333333333335,1.0
7,9,2.7142857142857144,4,2.6666666666666665,1.3333333333333333
7,9,2.4285714285714284,4,1.75,1.1666666666666667
7,9,2.7142857142857144,4,2.6666666666666665,1.3333333333333333
6,8,2.5,4,1.75,1.4
9,18,2.111111111111111,4,1.8571428571428572,2.1666666666666665
7,10,2.5714285714285716,4,1.75,1.4
13,27,2.8461538461538463,5,2.6666666666666665,2.1818181818181817
7,9,2.0,3,1.6666666666666667,1.0
7,7,1.4285714285714286,2,3.0,1.0
7,7,2.5714285714285716,4,2.0,1.0
11,20,2.4545454545454546,5,2.125,1.8888888888888888
8,9,2.625,4,2.3333333333333335,1.0
7,9,2.7142857142857144,4,2.6666666666666665,1.3333333333333333
10,22,2.1,3,6.0,2.5714285714285716
7,11,1.7142857142857142,3,2.5,1.6666666666666667
7,7,2.4285714285714284,4,1.5,1.0
6,7,2.3333333333333335,4,1.5,1.2
7,7,1.7142857142857142,3,1.5,1.0
7,7,1.7142857142857142,3,1.5,1.0
7,7,1.4285714285714286,2,3.0,1.0
6,8,2.5,4,1.75,1.4
8,8,2.625,4,2.3333333333333335,1.0
7,9,2.7142857142857144,4,2.6666666666666665,1.3333333333333333
7,7,2.4285714285714284,4,1.5,1.0
8,8,2.625,4,2.3333333333333335,1.0
7,7,1.5714285714285714,2,2.0,1.0
6,6,2.8333333333333335,4,1.6666666666666667,1.0
6,6,1.8333333333333333,3,2.0,1.0
8,10,2.5,4,1.6,1.1428571428571428
6,6,2.1666666666666665,3,1.6666666666666667,1.0
7,7,1.4285714285714286,2,3.0,1.0
8,8,2.625,4,2.3333333333333335,1.0
7,11,3.2857142857142856,5,2.5,1.6666666666666667
6,6,2.3333333333333335,4,1.3333333333333333,1.0
8,8,2.625,4,2.3333333333333335,1.0
7,11,3.2857142857142856,5,2.5,1.6666666666666667
6,6,2.3333333333333335,4,1.3333333333333333,1.0
7,10,2.5714285714285716,4,1.6,1.3333333333333333
7,11,1.7142857142857142,3,2.5,1.6666666666666667
7,9,2.4285714285714284,4,1.75,1.1666666666666667
8,8,2.625,4,2.3333333333333335,1.0
7,8,2.5714285714285716,4,2.3333333333333335,1.1666666666666667
7,7,2.5714285714285716,4,2.0,1.0
8,13,3.375,6,1.8333333333333333,1.5714285714285714
7,10,2.857142857142857,5,2.0,1.6
12,20,2.5,4,2.0,1.6
5,5,3.0,5,1.0,1.0
6,6,1.8333333333333333,3,2.0,1.0
7,8,2.5714285714285716,4,2.3333333333333335,1.1666666666666667
7,9,2.7142857142857144,4,2.6666666666666665,1.3333333333333333
6,10,3.1666666666666665,5,1.8,1.8
7,8,2.5714285714285716,4,2.3333333333333335,1.1666666666666667
7,7,2.2857142857142856,3,2.0,1.0
7,9,2.4285714285714284,4,1.4,1.1666666666666667
8,10,1.375,2,3.0,1.0
6,6,2.3333333333333335,4,1.6666666666666667,1.0
7,8,2.4285714285714284,4,1.4,1.1666666666666667
7,7,1.4285714285714286,2,3.0,1.0
6,6,2.3333333333333335,4,1.6666666666666667,1.0
7,8,2.4285714285714284,4,1.5,1.0
7,7,1.7142857142857142,3,1.5,1.0
8,9,2.625,4,2.6666666666666665,1.1428571428571428
8,12,1.625,3,1.6666666666666667,1.25
8,10,2.75,4,2.6666666666666665,1.1428571428571428
6,6,2.3333333333333335,4,1.3333333333333333,1.0
7,8,1.7142857142857142,3,2.0,1.0
6,6,2.3333333333333335,4,1.6666666666666667,1.0
7,8,2.4285714285714284,4,1.5,1.0
8,12,3.375,6,1.8333333333333333,1.5714285714285714
7,8,2.5714285714285716,4,2.3333333333333335,1.1666666666666667
8,12,1.625,3,1.5,1.5
7,8,2.4285714285714284,4,1.5,1.0
7,9,2.7142857142857144,4,2.6666666666666665,1.3333333333333333
7,8,2.4285714285714284,4,1.4,1.1666666666666667
6,8,2.8333333333333335,4,1.75,1.4
6,6,2.3333333333333335,4,1.6666666666666667,1.0
6,8,2.8333333333333335,4,1.75,1.4
7,8,2.4285714285714284,4,1.5,1.0
8,9,2.375,4,2.3333333333333335,1.1666666666666667
7,9,2.7142857142857144,4,2.6666666666666665,1.3333333333333333
7,8,2.4285714285714284,4,1.5,1.0
8,10,1.375,2,3.0,1.0
6,6,2.3333333333333335,4,1.6666666666666667,1.0
7,8,2.4285714285714284,4,1.5,1.0
11,27,2.8181818181818183,6,2.625,2.625
7,9,2.142857142857143,4,1.6666666666666667,1.25
13,29,2.923076923076923,5,3.5714285714285716,2.272727272727273
7,7,2.0,3,1.6666666666666667,1.0
7,7,1.4285714285714286,2,3.0,1.0
7,9,2.7142857142857144,4,2.6666666666666665,1.3333333333333333
8,10,2.5,4,2.0,1.1428571428571428
6,7,2.3333333333333335,4,1.5,1.2
6,8,3.0,5,1.4,1.4
6,7,2.3333333333333335,4,1.5,1.2
7,7,1.7142857142857142,3,1.5,1.0
8,12,3.375,6,1.8333333333333333,1.5714285714285714
7,8,3.4285714285714284,5,1.4,1.1666666666666667
7,8,3.4285714285714284,5,1.4,1.1666666666666667
13,25,2.3846153846153846,4,2.625,1.9090909090909092
12,24,2.25,4,3.0,1.8
12,28,2.75,6,3.125,2.5
13,21,1.9230769230769231,4,2.3333333333333335,1.75
13,20,2.3846153846153846,4,3.0,1.3636363636363635
12,20,2.3333333333333335,4,2.8333333333333335,1.7
13,24,2.3846153846153846,4,2.625,1.9090909090909092
13,24,2.5384615384615383,5,2.3333333333333335,1.9090909090909092
12,22,2.5833333333333335,5,2.375,1.9
14,36,3.2142857142857144,6,3.4444444444444446,2.5833333333333335
8,10,3.5,5,1.8,1.2857142857142858
11,25,3.1818181818181817,6,3.142857142857143,2.4444444444444446
7,8,2.5714285714285716,4,2.0,1.0
6,11,3.0,5,1.6,1.6
7,8,2.7142857142857144,4,2.3333333333333335,1.1666666666666667
9,12,1.6666666666666667,3,2.0,1.5
7,10,2.5714285714285716,4,2.0,1.3333333333333333
6,7,2.3333333333333335,4,1.6666666666666667,1.25
7,8,2.4285714285714284,4,1.5,1.0
7,7,1.7142857142857142,3,1.5,1.0
7,7,2.5714285714285716,4,2.0,1.0
8,10,2.75,4,2.0,1.1428571428571428
6,6,2.3333333333333335,4,1.3333333333333333,1.0
7,7,2.5714285714285716,4,2.0,1.0
7,7,2.5714285714285716,4,2.0,1.0
8,13,2.625,4,2.2,1.5714285714285714
8,9,2.75,4,2.3333333333333335,1.0
6,7,2.3333333333333335,4,1.5,1.2
7,9,2.0,3,1.6666666666666667,1.0
6,6,2.3333333333333335,4,1.6666666666666667,1.0
8,8,2.625,4,2.3333333333333335,1.0
7,9,2.7142857142857144,4,2.6666666666666665,1.3333333333333333
8,8,2.625,4,2.3333333333333335,1.0
8,12,2.625,4,2.5,1.4285714285714286
7,9,2.7142857142857144,4,2.6666666666666665,1.3333333333333333
7,7,1.7142857142857142,3,1.5,1.0
7,10,1.7142857142857142,3,2.5,1.6666666666666667
8,8,2.625,4,2.3333333333333335,1.0
8,9,1.5,2,1.6666666666666667,1.25
6,7,2.8333333333333335,4,1.6666666666666667,1.0
6,6,2.3333333333333335,4,1.6666666666666667,1.0
7,7,1.7142857142857142,3,1.5,1.0
7,11,3.4285714285714284,5,1.8,1.5
7,9,2.4285714285714284,4,1.75,1.1666666666666667
6,7,2.3333333333333335,4,1.5,1.2
6,7,2.5,4,2.0,1.2
6,6,1.8333333333333333,3,2.0,1.0
8,8,2.625,4,2.3333333333333335,1.0
8,9,2.75,4,2.3333333333333335,1.0
6,7,2.5,4,2.0,1.2
6,6,1.8333333333333333,3,1.5,1.0
8,8,2.625,4,2.3333333333333335,1.0
7,8,2.142857142857143,4,1.3333333333333333,1.0
6,8,2.5,4,1.75,1.4
6,7,2.5,4,2.0,1.2
7,9,2.4285714285714284,4,1.4,1.1666666666666667
8,9,1.25,2,2.0,1.0
9,19,3.4444444444444446,7,2.0,2.2857142857142856
8,9,1.5,3,1.5,1.0
11,24,2.727272727272727,5,2.5,2.2222222222222223
7,7,2.0,3,1.6666666666666667,1.0
8,11,2.0,3,2.5,1.0
8,9,2.75,4,2.3333333333333335,1.0
6,7,2.5,4,2.0,1.2
7,7,1.7142857142857142,3,1.5,1.0
8,8,2.375,4,2.0,1.0
7,11,3.142857142857143,5,2.0,1.6666666666666667
7,9,2.7142857142857144,4,2.6666666666666665,1.3333333333333333
6,7,2.5,4,2.0,1.2
7,7,1.4285714285714286,2,3.0,1.0
9,20,3.2222222222222223,6,1.875,2.142857142857143
6,6,1.5,3,1.0,1.0
6,7,1.5,3,1.0,1.0
13,24,2.076923076923077,4,2.8333333333333335,1.8888888888888888
14,29,2.7857142857142856,5,3.142857142857143,1.8333333333333333
13,28,2.769230769230769,5,3.6666666666666665,2.2
13,26,2.3846153846153846,4,2.625,1.9090909090909092
13,27,2.230769230769231,4,2.6666666666666665,2.1818181818181817
12,21,2.25,5,1.875,1.6666666666666667
13,30,2.6153846153846154,6,2.7,2.4545454545454546
13,19,2.4615384615384617,4,2.2857142857142856,1.4545454545454546
12,23,2.4166666666666665,5,2.2222222222222223,2.0
14,31,2.642857142857143,5,3.5714285714285716,2.272727272727273
7,9,2.5714285714285716,4,1.75,1.4
11,21,2.5454545454545454,5,2.25,2.0
7,9,2.0,3,1.6666666666666667,1.0
7,7,2.5714285714285716,4,2.0,1.0
8,10,2.75,4,2.6666666666666665,1.1428571428571428
6,7,2.5,4,2.0,1.2
7,7,1.7142857142857142,3,1.5,1.0
7,7,2.5714285714285716,4,2.0,1.0
7,8,3.0,5,1.75,1.1666666666666667
6,6,2.3333333333333335,4,1.3333333333333333,1.0
7,7,2.0,3,1.6666666666666667,1.0
8,10,1.375,2,3.0,1.0
7,11,3.0,5,1.8,1.5
6,6,2.3333333333333335,4,1.6666666666666667,1.0
10,24,2.5,5,1.8888888888888888,2.4285714285714284
6,6,1.5,3,1.0,1.0
6,6,1.5,3,1.0,1.0
13,26,2.3846153846153846,4,2.25,1.8
13,30,2.923076923076923,5,2.875,2.090909090909091
13,29,3.076923076923077,6,2.7777777777777777,2.272727272727273
13,18,1.6923076923076923,3,2.5,1.4285714285714286
13,23,1.9230769230769231,3,5.0,1.6666666666666667
13,25,2.6153846153846154,4,3.3333333333333335,1.8181818181818181
13,26,2.5384615384615383,5,2.5555555555555554,2.090909090909091
14,36,2.9285714285714284,6,2.6666666666666665,2.6666666666666665
12,26,2.5833333333333335,5,2.5555555555555554,2.3
14,31,2.642857142857143,5,3.5714285714285716,2.272727272727273
7,10,2.5714285714285716,4,1.75,1.4
11,25,3.090909090909091,6,2.625,2.3333333333333335
7,9,2.5714285714285716,4,1.75,1.1666666666666667
6,8,2.8333333333333335,4,2.0,1.2
6,6,1.8333333333333333,3,1.5,1.0
6,6,2.3333333333333335,4,1.6666666666666667,1.0
7,9,2.7142857142857144,4,2.6666666666666665,1.3333333333333333
7,8,3.0,5,1.75,1.1666666666666667
6,7,2.8333333333333335,4,1.6666666666666667,1.0
7,9,2.4285714285714284,4,1.4,1.1666666666666667
9,11,1.4444444444444444,2,4.0,1.0
6,9,3.0,5,1.6,1.6
6,6,2.3333333333333335,4,1.6666666666666667,1.0
7,8,2.4285714285714284,4,1.5,1.0
6,7,2.3333333333333335,4,1.5,1.2
7,7,1.7142857142857142,3,1.5,1.0
6,7,2.3333333333333335,4,1.5,1.2
7,9,2.4285714285714284,4,1.75,1.1666666666666667
7,8,2.5714285714285716,4,1.75,1.1666666666666667
7,8,1.7142857142857142,3,2.0,1.0
6,8,2.5,4,1.75,1.4
10,20,2.8,5,3.4,2.125
8,8,1.375,3,1.0,1.0
12,24,2.8333333333333335,5,2.625,2.1
7,8,2.5714285714285716,4,2.0,1.0
6,6,2.3333333333333335,4,1.6666666666666667,1.0
7,8,2.5714285714285716,4,2.0,1.0
8,13,2.75,4,2.75,1.5714285714285714
6,6,2.3333333333333335,4,1.3333333333333333,1.0
6,7,1.8333333333333333,3,2.0,1.0
6,6,1.8333333333333333,3,1.5,1.0
7,8,2.5714285714285716,4,1.75,1.1666666666666667
7,7,2.5714285714285716,4,2.0,1.0
7,7,2.5714285714285716,4,2.0,1.0
7,7,1.7142857142857142,3,1.5,1.0
7,7,2.5714285714285716,4,2.0,1.0
8,9,2.5,4,1.75,1.0
8,10,2.75,4,2.6666666666666665,1.1428571428571428
7,8,2.5714285714285716,4,2.3333333333333335,1.1666666666666667
7,7,1.7142857142857142,3,1.5,1.0
7,12,3.142857142857143,5,1.8,1.5
8,9,2.625,4,2.3333333333333335,1.0
8,9,2.5,4,1.75,1.0
8,10,2.75,4,2.6666666666666665,1.1428571428571428
7,8,2.5714285714285716,4,2.3333333333333335,1.1666666666666667
7,7,2.5714285714285716,4,2.0,1.0
7,11,2.7142857142857144,4,1.6,1.3333333333333333
8,9,2.625,4,2.3333333333333335,1.0
7,9,2.7142857142857144,4,2.6666666666666665,1.3333333333333333
6,9,2.5,4,1.4,1.4
7,7,2.5714285714285716,4,2.0,1.0
7,8,2.142857142857143,4,1.3333333333333333,1.0
6,7,2.8333333333333335,4,1.6666666666666667,1.0
8,8,2.625,4,2.3333333333333335,1.0
7,8,2.142857142857143,4,1.3333333333333333,1.0
7,9,2.142857142857143,4,1.6666666666666667,1.0
6,6,2.3333333333333335,4,1.6666666666666667,1.0
7,8,2.4285714285714284,4,1.4,1.1666666666666667
7,8,1.4285714285714286,2,3.0,1.0
6,6,2.3333333333333335,4,1.6666666666666667,1.0
7,8,2.4285714285714284,4,1.5,1.0
8,8,2.625,4,2.3333333333333335,1.0
8,13,2.75,4,2.75,1.5714285714285714
7,9,2.7142857142857144,4,2.6666666666666665,1.3333333333333333
7,8,2.0,3,1.6666666666666667,1.0
7,8,2.4285714285714284,4,1.4,1.1666666666666667
7,7,2.2857142857142856,3,2.0,1.0
7,8,2.4285714285714284,4,1.4,1.1666666666666667
8,8,1.125,2,1.0,1.0
7,9,2.7142857142857144,4,1.6,1.3333333333333333
7,11,3.4285714285714284,5,1.8,1.5
11,16,2.4545454545454546,4,1.8571428571428572,1.4444444444444444
6,8,2.8333333333333335,4,1.6666666666666667,1.0
7,10,2.5714285714285716,4,1.6,1.3333333333333333
8,8,2.625,4,2.3333333333333335,1.0
7,10,2.857142857142857,4,3.0,1.5
7,9,2.0,3,1.6666666666666667,1.0
6,7,2.3333333333333335,4,1.5,1.2
8,9,2.625,4,2.6666666666666665,1.1428571428571428
7,8,1.8571428571428572,3,1.6666666666666667,1.0
7,8,2.5714285714285716,4,2.3333333333333335,1.1666666666666667
9,13,1.6666666666666667,3,2.0,1.5
6,6,2.3333333333333335,4,1.6666666666666667,1.0
8,8,2.625,4,2.3333333333333335,1.0
7,10,3.0,5,1.8,1.5
6,7,2.3333333333333335,4,1.3333333333333333,1.0
8,8,2.625,4,2.3333333333333335,1.0
8,10,2.75,4,2.6666666666666665,1.1428571428571428
7,9,2.7142857142857144,4,2.6666666666666665,1.3333333333333333
8,13,2.75,5,1.6666666666666667,1.4285714285714286
6,6,2.3333333333333335,4,1.6666666666666667,1.0
8,9,2.625,4,2.6666666666666665,1.1428571428571428
7,11,3.5714285714285716,5,2.5,1.6666666666666667
8,9,2.625,4,2.6666666666666665,1.1428571428571428
7,10,3.0,5,1.8,1.5
8,10,2.75,4,2.6666666666666665,1.1428571428571428
6,7,2.5,4,2.0,1.2
7,7,2.0,3,1.6666666666666667,1.0
8,9,2.625,4,2.6666666666666665,1.1428571428571428
7,9,2.7142857142857144,4,2.6666666666666665,1.3333333333333333
7,7,2.0,3,1.6666666666666667,1.0
7,7,1.4285714285714286,2,3.0,1.0
8,9,2.625,4,2.6666666666666665,1.1428571428571428
7,7,1.7142857142857142,3,1.5,1.0
7,8,2.142857142857143,4,1.6666666666666667,1.0
6,6,2.3333333333333335,4,1.6666666666666667,1.0
7,8,2.4285714285714284,4,1.4,1.1666666666666667
7,7,1.4285714285714286,2,3.0,1.0
6,6,2.3333333333333335,4,1.6666666666666667,1.0
7,7,2.4285714285714284,4,1.5,1.0
8,9,2.625,4,2.6666666666666665,1.1428571428571428
8,13,1.75,3,1.75,1.75
7,8,2.5714285714285716,4,2.3333333333333335,1.1666666666666667
6,10,3.1666666666666665,5,1.8,1.8
6,8,2.8333333333333335,4,1.75,1.4
6,6,2.1666666666666665,3,1.6666666666666667,1.0
7,8,2.4285714285714284,4,1.4,1.1666666666666667
7,12,2.0,3,3.0,1.5
6,6,2.3333333333333335,4,1.6666666666666667,1.0
10,24,2.7,6,2.0,2.5714285714285716
6,7,1.5,3,1.0,1.0
6,6,1.1666666666666667,2,1.0,1.0
13,32,2.6923076923076925,5,2.5,2.272727272727273
14,28,2.2857142857142856,4,4.0,2.0
13,25,2.5384615384615383,5,2.8333333333333335,1.7
13,30,3.1538461538461537,6,3.375,2.4545454545454546
14,31,2.5,5,3.2857142857142856,2.090909090909091
13,26,2.4615384615384617,4,3.1666666666666665,1.9
13,32,3.4615384615384617,7,3.2222222222222223,2.6363636363636362
13,27,2.3846153846153846,4,2.5555555555555554,2.090909090909091
14,38,2.7857142857142856,6,3.4444444444444446,2.8181818181818183
7,9,2.5714285714285716,4,1.75,1.4
10,20,2.6,5,2.2857142857142856,2.0
6,8,3.0,5,1.4,1.4
8,10,2.75,4,3.0,1.2857142857142858
7,9,2.142857142857143,4,1.6666666666666667,1.0
7,8,2.5714285714285716,4,2.3333333333333335,1.1666666666666667
9,11,1.6666666666666667,3,2.0,1.5
6,6,2.3333333333333335,4,1.6666666666666667,1.0
6,6,1.8333333333333333,3,1.5,1.0
8,11,2.75,4,3.0,1.2857142857142858
7,8,2.4285714285714284,4,1.75,1.1666666666666667
7,8,3.4285714285714284,5,1.4,1.1666666666666667
13,23,2.3846153846153846,4,2.625,1.9090909090909092
6,7,2.3333333333333335,4,1.5,1.2
9,14,1.6666666666666667,3,2.6666666666666665,2.0
7,9,2.4285714285714284,4,1.4,1.1666666666666667
7,10,2.4285714285714284,4,1.6,1.3333333333333333
8,8,2.625,4,2.3333333333333335,1.0
8,9,2.5,4,1.75,1.0
6,8,2.3333333333333335,4,1.6666666666666667,1.25
8,8,2.625,4,2.3333333333333335,1.0
8,8,2.5,4,1.75,1.0
6,7,2.3333333333333335,4,1.5,1.2
7,7,1.4285714285714286,2,3.0,1.0
7,7,1.4285714285714286,2,3.0,1.0
8,8,2.625,4,2.3333333333333335,1.0
8,9,2.625,4,2.0,1.1428571428571428
6,6,2.3333333333333335,4,1.6666666666666667,1.0
8,8,2.625,4,2.3333333333333335,1.0
8,13,2.75,4,2.75,1.5714285714285714
8,10,2.75,4,2.6666666666666665,1.1428571428571428
7,8,2.5714285714285716,4,2.3333333333333335,1.1666666666666667
6,9,2.5,4,1.75,1.4
8,8,2.625,4,2.3333333333333335,1.0
12,25,2.6666666666666665,4,2.75,2.2
8,9,2.625,4,2.3333333333333335,1.0
7,8,2.7142857142857144,4,2.3333333333333335,1.1666666666666667
7,7,2.4285714285714284,4,1.5,1.0
8,14,3.5,6,2.0,1.7142857142857142
8,8,2.625,4,2.3333333333333335,1.0
8,10,2.5,4,2.0,1.1428571428571428
7,10,2.4285714285714284,4,1.6,1.3333333333333333
7,7,2.5714285714285716,4,2.0,1.0
8,8,2.625,4,2.3333333333333335,1.0
7,8,2.142857142857143,4,1.3333333333333333,1.0
7,7,2.4285714285714284,4,1.5,1.0
6,8,2.8333333333333335,4,2.0,1.2
7,10,1.7142857142857142,3,2.5,1.6666666666666667
7,10,1.7142857142857142,3,2.5,1.6666666666666667
11,28,3.1818181818181817,6,2.5,2.7777777777777777
7,7,1.4285714285714286,2,3.0,1.0
7,12,3.4285714285714284,5,2.0,1.6666666666666667
12,25,2.9166666666666665,5,2.75,2.2
7,7,2.0,3,1.6666666666666667,1.0
7,7,1.4285714285714286,2,3.0,1.0
8,8,2.625,4,2.3333333333333335,1.0
7,7,1.5714285714285714,2,2.0,1.0
6,7,2.3333333333333335,4,1.5,1.2
7,7,1.4285714285714286,2,3.0,1.0
7,7,2.5714285714285716,4,2.0,1.0
8,8,2.625,4,2.3333333333333335,1.0
8,9,2.625,4,2.0,1.1428571428571428
6,6,2.3333333333333335,4,1.6666666666666667,1.0
8,8,2.625,4,2.3333333333333335,1.0
8,8,2.5,4,1.75,1.0
6,7,2.3333333333333335,4,1.3333333333333333,1.0
8,8,2.625,4,2.3333333333333335,1.0
7,9,2.7142857142857144,4,2.6666666666666665,1.3333333333333333
8,8,2.625,4,2.3333333333333335,1.0
8,10,2.5,4,2.0,1.1428571428571428
6,6,2.8333333333333335,4,1.6666666666666667,1.0
6,6,2.8333333333333335,4,1.6666666666666667,1.0
6,9,3.1666666666666665,5,1.6,1.6
7,8,1.7142857142857142,3,2.0,1.0
6,6,2.3333333333333335,4,1.6666666666666667,1.0
7,7,1.7142857142857142,3,1.5,1.0
7,7,1.7142857142857142,3,1.5,1.0
8,9,2.625,4,2.3333333333333335,1.0
7,8,2.5714285714285716,4,2.3333333333333335,1.1666666666666667
7,9,2.4285714285714284,4,1.4,1.1666666666666667
12,25,2.75,5,2.857142857142857,2.0
7,9,2.4285714285714284,4,1.75,1.1666666666666667
6,7,2.5,4,2.0,1.2
6,6,2.3333333333333335,4,1.3333333333333333,1.0
6,6,2.1666666666666665,3,1.6666666666666667,1.0
7,7,2.5714285714285716,4,2.0,1.0
6,7,2.3333333333333335,4,1.5,1.2
6,6,2.8333333333333335,4,1.6666666666666667,1.0
7,8,2.4285714285714284,4,1.4,1.1666666666666667
7,9,2.7142857142857144,4,1.6,1.3333333333333333
7,10,2.7142857142857144,4,2.3333333333333335,1.4
13,26,3.0,5,3.6666666666666665,2.0
6,6,2.8333333333333335,4,1.6666666666666667,1.0
7,8,2.4285714285714284,4,1.4,1.1666666666666667
7,12,2.0,3,3.0,1.5
7,9,2.0,3,1.6666666666666667,1.0
7,9,2.4285714285714284,4,1.4,1.1666666666666667
7,7,1.4285714285714286,2,3.0,1.0
6,7,2.5,4,2.0,1.2
7,9,2.4285714285714284,4,1.6,1.3333333333333333
8,9,1.25,2,2.0,1.0
8,10,2.625,4,2.6666666666666665,1.1428571428571428
14,31,3.5714285714285716,6,2.9,2.4166666666666665
12,23,2.9166666666666665,5,2.857142857142857,2.0
6,8,3.0,5,1.75,1.4
6,7,2.5,4,2.0,1.2
6,8,2.5,4,1.75,1.4
10,26,2.7,5,2.75,2.75
8,8,2.625,4,2.3333333333333335,1.0
7,7,2.4285714285714284,4,1.5,1.0
6,6,2.3333333333333335,4,1.3333333333333333,1.0
6,8,3.0,5,1.4,1.4
8,8,2.625,4,2.3333333333333335,1.0
7,8,2.5714285714285716,4,1.75,1.1666666666666667
6,7,2.3333333333333335,4,1.5,1.2
6,9,3.0,5,1.4,1.4
10,22,2.2,5,1.875,2.5
10,22,2.6,5,2.4285714285714284,2.4285714285714284
7,8,1.4285714285714286,3,1.0,1.0
6,7,1.5,3,1.0,1.0
12,24,2.25,4,2.8333333333333335,1.8888888888888888
12,14,1.6666666666666667,3,3.5,1.0
13,23,2.4615384615384617,4,3.3333333333333335,1.8181818181818181
13,27,3.076923076923077,6,2.75,2.0
13,22,2.1538461538461537,4,2.6666666666666665,1.6
13,27,2.5384615384615383,5,2.4,2.1818181818181817
12,20,2.25,5,1.7777777777777777,1.7777777777777777
12,21,2.4166666666666665,4,2.5714285714285716,1.8
14,35,2.7142857142857144,5,4.0,2.5454545454545454
7,9,2.5714285714285716,4,1.75,1.4
10,20,2.7,5,2.2857142857142856,2.0
7,9,2.5714285714285716,4,1.75,1.1666666666666667
6,7,2.3333333333333335,4,1.5,1.2
8,11,2.75,4,3.0,1.2857142857142858
7,8,2.5714285714285716,4,2.0,1.0
6,6,2.3333333333333335,4,1.3333333333333333,1.0
6,11,3.0,5,1.6,1.6
6,7,2.3333333333333335,4,1.6666666666666667,1.0
9,13,1.6666666666666667,3,2.3333333333333335,1.75
7,8,2.7142857142857144,4,2.3333333333333335,1.1666666666666667
8,9,2.5,4,1.75,1.0
6,7,2.3333333333333335,4,1.3333333333333333,1.0
8,9,2.625,4,2.3333333333333335,1.0
7,7,1.5714285714285714,2,2.0,1.0
7,8,2.5714285714285716,4,2.3333333333333335,1.1666666666666667
7,8,2.0,3,2.0,1.2
6,6,2.3333333333333335,4,1.6666666666666667,1.0
8,8,2.625,4,2.3333333333333335,1.0
8,14,2.75,4,2.4,1.7142857142857142
7,8,2.5714285714285716,4,2.3333333333333335,1.1666666666666667
7,8,2.7142857142857144,4,2.3333333333333335,1.1666666666666667
7,9,2.4285714285714284,4,1.75,1.1666666666666667
8,8,2.625,4,2.3333333333333335,1.0
8,11,2.75,4,2.25,1.2857142857142858
6,6,2.3333333333333335,4,1.6666666666666667,1.0
8,8,2.625,4,2.3333333333333335,1.0
8,9,2.5,4,1.75,1.0
6,6,1.8333333333333333,3,1.5,1.0
13,26,2.769230769230769,5,2.5555555555555554,2.090909090909091
8,8,1.5,2,2.0,1.0
7,9,2.7142857142857144,4,2.6666666666666665,1.3333333333333333
6,8,2.5,4,1.75,1.4
7,9,2.7142857142857144,4,1.6,1.3333333333333333
7,11,2.857142857142857,5,2.0,1.6
11,23,2.8181818181818183,5,2.5,2.2222222222222223
7,7,2.0,3,1.6666666666666667,1.0
7,7,1.4285714285714286,2,3.0,1.0
8,9,2.625,4,2.3333333333333335,1.0
8,10,2.75,4,2.6666666666666665,1.1428571428571428
7,9,2.7142857142857144,4,2.6666666666666665,1.3333333333333333
8,13,2.75,5,1.6666666666666667,1.4285714285714286
6,6,2.3333333333333335,4,1.6666666666666667,1.0
8,8,2.625,4,2.3333333333333335,1.0
8,11,2.5,5,1.75,1.4
7,8,2.4285714285714284,4,1.4,1.1666666666666667
6,7,2.3333333333333335,4,1.5,1.2
7,10,1.7142857142857142,3,2.5,1.6666666666666667
6,7,2.5,4,2.0,1.2
7,7,2.4285714285714284,4,1.5,1.0
6,6,2.3333333333333335,4,1.6666666666666667,1.0
7,7,1.4285714285714286,2,3.0,1.0
8,8,2.625,4,2.3333333333333335,1.0
9,12,1.4444444444444444,2,1.6666666666666667,1.25
7,8,2.4285714285714284,4,1.4,1.1666666666666667
6,7,2.3333333333333335,4,1.5,1.2
6,7,2.5,4,2.0,1.2
6,10,3.1666666666666665,5,1.8,1.8
8,8,2.625,4,2.3333333333333335,1.0
7,7,2.142857142857143,4,1.3333333333333333,1.0
8,8,2.5,4,1.75,1.0
6,7,2.8333333333333335,4,1.6666666666666667,1.0
7,8,2.0,3,1.6666666666666667,1.0
6,6,2.3333333333333335,4,1.6666666666666667,1.0
8,8,2.625,4,2.3333333333333335,1.0
6,7,2.3333333333333335,4,1.3333333333333333,1.0
7,8,1.4285714285714286,2,3.0,1.0
8,8,2.625,4,2.3333333333333335,1.0
8,12,2.625,4,2.5,1.4285714285714286
6,8,2.5,4,1.75,1.4
7,7,1.4285714285714286,2,3.0,1.0
7,7,1.4285714285714286,2,3.0,1.0
6,7,2.5,4,2.0,1.2
7,8,2.4285714285714284,4,1.4,1.1666666666666667
8,10,1.375,2,3.0,1.0
8,9,2.625,4,2.6666666666666665,1.1428571428571428
8,12,1.625,3,1.6666666666666667,1.25
8,9,2.75,4,2.6666666666666665,1.1428571428571428
6,6,2.3333333333333335,4,1.6666666666666667,1.0
6,6,2.3333333333333335,4,1.6666666666666667,1.0
7,7,2.4285714285714284,4,1.5,1.0
9,16,2.7777777777777777,5,2.0,1.7142857142857142
7,10,2.857142857142857,5,2.0,1.6
11,21,2.4545454545454546,4,2.4285714285714284,1.8888888888888888
7,9,2.4285714285714284,4,1.75,1.1666666666666667
6,10,3.1666666666666665,5,1.8,1.8
8,8,2.625,4,2.3333333333333335,1.0
7,7,1.7142857142857142,3,1.5,1.0
6,6,2.3333333333333335,4,1.3333333333333333,1.0
8,10,2.625,4,2.6666666666666665,1.1428571428571428
7,9,2.7142857142857144,4,2.6666666666666665,1.3333333333333333
6,10,3.1666666666666665,5,2.0,1.6
8,10,2.625,4,2.6666666666666665,1.1428571428571428
7,8,2.5714285714285716,4,2.3333333333333335,1.1666666666666667
7,7,1.7142857142857142,3,1.5,1.0
8,15,3.5,6,2.0,1.7142857142857142
8,10,2.625,4,2.6666666666666665,1.1428571428571428
8,10,2.625,4,2.0,1.1428571428571428
7,8,2.5714285714285716,4,1.75,1.1666666666666667
8,10,2.625,4,2.6666666666666665,1.1428571428571428
8,10,2.75,4,2.6666666666666665,1.1428571428571428
6,8,2.6666666666666665,4,2.3333333333333335,1.4
7,7,1.7142857142857142,3,1.5,1.0
6,9,3.0,5,1.6,1.6
6,6,2.3333333333333335,4,1.6666666666666667,1.0
8,10,2.625,4,2.6666666666666665,1.1428571428571428
8,9,1.5,2,1.6666666666666667,1.25
6,6,2.8333333333333335,4,1.6666666666666667,1.0
6,9,3.0,5,1.6,1.6
7,8,2.4285714285714284,4,1.5,1.0
8,9,2.625,4,2.3333333333333335,1.0
8,12,1.625,3,1.6666666666666667,1.25
7,9,2.7142857142857144,4,2.6666666666666665,1.3333333333333333
7,9,2.0,3,1.6666666666666667,1.0
7,8,1.7142857142857142,3,2.0,1.0
8,9,2.625,4,2.6666666666666665,1.1428571428571428
8,9,2.625,4,2.0,1.1428571428571428
6,6,2.3333333333333335,4,1.6666666666666667,1.0
8,9,2.625,4,2.6666666666666665,1.1428571428571428
8,10,2.75,4,2.6666666666666665,1.1428571428571428
6,7,2.3333333333333335,4,1.5,1.2
7,8,2.4285714285714284,4,1.4,1.1666666666666667
8,13,1.875,3,3.0,1.5
6,6,2.3333333333333335,4,1.6666666666666667,1.0
7,9,2.7142857142857144,4,1.6,1.3333333333333333
7,10,2.7142857142857144,4,2.3333333333333335,1.4
13,29,2.923076923076923,5,3.5714285714285716,2.272727272727273
7,7,2.0,3,1.6666666666666667,1.0
7,7,1.4285714285714286,2,3.0,1.0
7,9,2.7142857142857144,4,2.6666666666666665,1.3333333333333333
6,8,3.0,5,1.75,1.4
7,8,2.5714285714285716,4,2.0,1.0
6,7,2.3333333333333335,4,1.5,1.2
7,7,2.0,3,1.6666666666666667,1.0
6,7,2.3333333333333335,4,1.5,1.2
7,7,1.4285714285714286,2,3.0,1.0
6,6,2.8333333333333335,4,1.6666666666666667,1.0
7,9,2.7142857142857144,4,2.0,1.3333333333333333
9,14,2.4444444444444446,4,2.0,1.5
6,7,2.3333333333333335,4,1.5,1.2
8,9,2.75,4,2.6666666666666665,1.1428571428571428
8,9,1.625,3,1.6666666666666667,1.25
6,6,2.1666666666666665,3,1.6666666666666667,1.0
8,13,1.875,3,3.0,1.5
6,6,2.3333333333333335,4,1.6666666666666667,1.0
6,8,2.5,4,1.75,1.4
7,11,3.0,5,1.8,1.5
6,6,2.3333333333333335,4,1.6666666666666667,1.0
7,7,1.4285714285714286,2,3.0,1.0
8,12,3.5,5,2.0,1.4285714285714286
12,23,2.8333333333333335,5,2.857142857142857,2.0
7,8,2.5714285714285716,4,2.3333333333333335,1.1666666666666667
9,9,1.4444444444444444,2,4.0,1.0
7,9,2.4285714285714284,4,1.6,1.3333333333333333
6,8,2.5,4,1.75,1.4
6,6,2.8333333333333335,4,1.6666666666666667,1.0
6,6,1.8333333333333333,3,2.0,1.0
8,8,2.625,4,2.3333333333333335,1.0
12,21,2.25,4,2.25,1.8
7,8,2.5714285714285716,4,2.3333333333333335,1.1666666666666667
7,9,1.7142857142857142,3,2.5,1.6666666666666667
6,8,2.5,4,1.75,1.4
6,7,2.5,4,2.0,1.2
6,6,1.8333333333333333,3,1.5,1.0
7,8,2.7142857142857144,4,2.3333333333333335,1.1666666666666667
6,7,2.5,4,2.0,1.2
8,8,2.625,4,2.3333333333333335,1.0
8,10,2.625,4,2.25,1.2857142857142858
6,7,2.5,4,2.0,1.2
6,8,2.5,4,1.75,1.4
8,8,2.625,4,2.3333333333333335,1.0
7,8,2.4285714285714284,4,1.5,1.0
6,7,2.3333333333333335,4,1.5,1.2
7,7,2.4285714285714284,4,1.5,1.0
6,6,2.3333333333333335,4,1.6666666666666667,1.0
7,8,2.4285714285714284,4,1.75,1.1666666666666667
7,8,2.5714285714285716,4,1.75,1.1666666666666667
6,6,2.3333333333333335,4,1.6666666666666667,1.0
7,8,2.4285714285714284,4,1.5,1.0
8,8,2.625,4,2.3333333333333335,1.0
8,9,2.625,4,2.0,1.1428571428571428
6,6,2.3333333333333335,4,1.6666666666666667,1.0
7,10,3.142857142857143,5,1.8,1.5
7,10,2.857142857142857,5,2.0,1.6
11,18,2.3636363636363638,4,1.75,1.5555555555555556
6,7,2.3333333333333335,4,1.5,1.2
6,7,2.5,4,2.0,1.2
6,7,2.3333333333333335,4,1.6666666666666667,1.0
8,8,2.625,4,2.3333333333333335,1.0
7,11,3.2857142857142856,5,2.5,1.6666666666666667
7,9,2.4285714285714284,4,1.75,1.1666666666666667
6,8,2.5,4,1.75,1.4
7,8,2.0,3,2.0,1.2
7,7,2.5714285714285716,4,2.0,1.0
6,8,2.5,4,1.75,1.4
8,8,2.625,4,2.3333333333333335,1.0
7,8,2.5714285714285716,4,1.75,1.1666666666666667
6,7,2.3333333333333335,4,1.5,1.2
6,7,2.5,4,2.0,1.2
7,8,2.0,3,1.6666666666666667,1.0
7,7,1.7142857142857142,3,1.5,1.0
8,9,2.625,4,2.6666666666666665,1.1428571428571428
7,9,2.7142857142857144,4,2.6666666666666665,1.3333333333333333
8,10,1.375,2,3.0,1.0
6,6,2.8333333333333335,4,1.6666666666666667,1.0
7,9,2.7142857142857144,4,1.6,1.3333333333333333
8,8,2.625,4,2.3333333333333335,1.0
7,8,2.5714285714285716,4,2.3333333333333335,1.1666666666666667
7,9,2.4285714285714284,4,1.75,1.1666666666666667
8,10,2.625,4,2.6666666666666665,1.1428571428571428
11,18,2.8181818181818183,5,2.3333333333333335,1.5555555555555556
6,7,2.3333333333333335,4,1.5,1.2
7,9,2.4285714285714284,4,1.6,1.3333333333333333
6,7,2.8333333333333335,4,2.0,1.2
6,7,2.5,4,2.0,1.2
7,9,2.7142857142857144,4,1.6,1.3333333333333333
7,10,2.857142857142857,5,2.0,1.6
11,23,2.6363636363636362,5,2.375,2.111111111111111
7,8,2.5714285714285716,4,2.0,1.0
6,7,2.3333333333333335,4,1.5,1.2
7,8,2.0,3,1.6666666666666667,1.0
6,6,2.3333333333333335,4,1.6666666666666667,1.0
8,10,2.625,4,2.6666666666666665,1.1428571428571428
8,13,2.75,4,2.75,1.5714285714285714
6,8,2.5,4,1.75,1.4
8,9,2.625,4,2.6666666666666665,1.1428571428571428
8,13,2.75,4,2.75,1.5714285714285714
6,8,2.5,4,1.75,1.4
7,9,2.0,3,1.6666666666666667,1.0
6,7,2.3333333333333335,4,1.5,1.2
8,9,2.625,4,2.6666666666666665,1.1428571428571428
7,8,2.142857142857143,4,1.6666666666666667,1.0
6,7,2.8333333333333335,4,2.0,1.2
7,7,1.4285714285714286,2,3.0,1.0
8,10,1.375,2,3.0,1.0
6,6,2.3333333333333335,4,1.6666666666666667,1.0
6,7,2.3333333333333335,4,1.6666666666666667,1.0
7,7,1.7142857142857142,3,1.5,1.0
8,9,2.625,4,2.6666666666666665,1.1428571428571428
7,10,2.857142857142857,4,3.0,1.5
6,11,3.1666666666666665,5,1.8,1.8
8,10,2.625,4,2.6666666666666665,1.1428571428571428
7,11,3.142857142857143,5,2.0,1.6666666666666667
7,8,2.5714285714285716,4,2.0,1.0
6,7,2.3333333333333335,4,1.5,1.2
8,10,2.625,4,2.6666666666666665,1.1428571428571428
11,17,2.4545454545454546,4,1.8571428571428572,1.4444444444444444
6,7,2.3333333333333335,4,1.5,1.2
9,9,1.3333333333333333,2,3.0,1.0
6,7,2.5,4,2.0,1.2
6,6,2.3333333333333335,4,1.3333333333333333,1.0
6,8,2.6666666666666665,4,1.75,1.4
6,7,2.3333333333333335,4,1.3333333333333333,1.0
10,24,2.7,6,1.8888888888888888,2.4285714285714284
6,7,1.5,3,1.0,1.0
6,6,1.1666666666666667,2,1.0,1.0
11,22,3.0,6,2.5714285714285716,2.0
12,15,1.75,3,4.0,1.1428571428571428
13,27,2.923076923076923,5,3.5,1.9090909090909092
13,22,2.4615384615384617,4,2.5,1.3636363636363635
12,33,2.9166666666666665,6,2.8,2.8
12,23,2.4166666666666665,4,2.857142857142857,2.0
13,34,2.8461538461538463,5,3.625,2.6363636363636362
8,11,2.5,4,1.75,1.1666666666666667
14,40,3.642857142857143,6,3.0,2.5
7,9,2.4285714285714284,4,1.6,1.3333333333333333
12,28,3.0,5,3.25,2.6
8,8,1.375,3,1.0,1.0
12,29,2.9166666666666665,5,3.25,2.6
6,7,2.3333333333333335,4,1.5,1.2
7,8,1.7142857142857142,3,2.0,1.0
7,10,2.0,3,2.5,1.25
6,8,2.8333333333333335,4,1.75,1.4
7,9,2.4285714285714284,4,1.6,1.3333333333333333
6,6,2.3333333333333335,4,1.6666666666666667,1.0
11,24,2.8181818181818183,5,3.5,2.3333333333333335
8,11,2.375,4,1.75,1.1666666666666667
6,6,2.3333333333333335,4,1.3333333333333333,1.0
7,7,2.0,3,1.6666666666666667,1.0
6,6,2.3333333333333335,4,1.6666666666666667,1.0
7,7,2.5714285714285716,4,2.0,1.0
8,10,2.75,4,2.25,1.2857142857142858
6,6,2.3333333333333335,4,1.6666666666666667,1.0
7,7,1.7142857142857142,3,1.5,1.0
7,7,1.7142857142857142,3,1.5,1.0
8,9,2.625,4,2.3333333333333335,1.0
7,7,2.5714285714285716,4,2.0,1.0
7,7,1.7142857142857142,3,1.5,1.0
7,7,2.5714285714285716,4,2.0,1.0
7,9,2.4285714285714284,4,1.5,1.0
7,8,2.5714285714285716,4,2.3333333333333335,1.1666666666666667
9,13,1.6666666666666667,3,2.0,1.5
6,6,2.3333333333333335,4,1.6666666666666667,1.0
8,8,2.625,4,2.3333333333333335,1.0
8,9,2.5,4,1.75,1.0
6,6,1.8333333333333333,3,1.5,1.0
8,8,2.625,4,2.3333333333333335,1.0
8,11,2.5,4,1.8,1.2857142857142858
6,6,2.3333333333333335,4,1.6666666666666667,1.0
8,8,2.625,4,2.3333333333333335,1.0
7,7,2.5714285714285716,4,2.0,1.0
6,6,2.3333333333333335,4,1.3333333333333333,1.0
7,10,2.5714285714285716,4,1.6,1.3333333333333333
7,9,2.4285714285714284,4,1.5,1.0
8,8,2.625,4,2.3333333333333335,1.0
8,14,2.25,4,2.3333333333333335,1.4
8,10,2.75,4,2.6666666666666665,1.1428571428571428
6,6,2.3333333333333335,4,1.6666666666666667,1.0
6,6,2.3333333333333335,4,1.6666666666666667,1.0
7,7,2.4285714285714284,4,1.5,1.0
11,25,3.090909090909091,6,2.5555555555555554,2.5555555555555554
7,10,3.142857142857143,5,1.6,1.3333333333333333
12,24,2.8333333333333335,5,2.857142857142857,2.0
6,6,2.8333333333333335,4,1.6666666666666667,1.0
7,7,2.4285714285714284,4,1.5,1.0
6,6,2.3333333333333335,4,1.6666666666666667,1.0
7,11,3.4285714285714284,6,1.6666666666666667,1.6666666666666667
7,7,2.5714285714285716,4,2.0,1.0
7,8,2.142857142857143,4,1.3333333333333333,1.0
7,8,2.5714285714285716,4,2.3333333333333335,1.1666666666666667
7,8,2.4285714285714284,4,1.5,1.0
10,20,2.2,4,1.875,2.142857142857143
7,7,2.5714285714285716,4,2.0,1.0
8,13,2.75,4,2.75,1.5714285714285714
6,7,2.3333333333333335,4,1.5,1.2
8,9,2.625,4,2.3333333333333335,1.0
8,13,2.75,4,2.75,1.5714285714285714
7,9,2.7142857142857144,4,2.6666666666666665,1.3333333333333333
7,7,1.4285714285714286,2,3.0,1.0
7,7,1.4285714285714286,2,3.0,1.0
8,9,2.625,4,2.6666666666666665,1.1428571428571428
8,10,2.5,4,2.0,1.1428571428571428
6,6,2.3333333333333335,4,1.6666666666666667,1.0
6,8,2.8333333333333335,4,1.75,1.4
6,10,3.1666666666666665,5,1.8,1.8
6,6,2.3333333333333335,4,1.6666666666666667,1.0
7,7,2.0,3,1.6666666666666667,1.0
8,9,2.625,4,2.6666666666666665,1.1428571428571428
7,8,2.5714285714285716,4,2.3333333333333335,1.1666666666666667
6,10,2.8333333333333335,4,1.75,1.4
8,10,2.625,4,2.6666666666666665,1.1428571428571428
7,8,2.5714285714285716,4,2.3333333333333335,1.1666666666666667
7,7,2.0,3,1.6666666666666667,1.0
8,9,2.625,4,2.6666666666666665,1.1428571428571428
11,18,2.4545454545454546,4,2.0,1.5555555555555556
7,9,2.7142857142857144,4,2.6666666666666665,1.3333333333333333
6,6,2.3333333333333335,4,1.3333333333333333,1.0
6,7,2.5,4,2.0,1.2
10,24,2.7,6,2.0,2.5714285714285716
6,6,1.5,3,1.0,1.0
6,7,1.5,3,1.0,1.0
13,31,2.6923076923076925,5,2.4,2.1818181818181817
13,27,2.6153846153846154,5,3.8,1.9
13,22,2.1538461538461537,4,2.5,1.5
13,30,3.230769230769231,6,3.25,2.3636363636363638
14,35,2.5,5,2.5454545454545454,2.5454545454545454
12,25,2.5833333333333335,4,3.1666666666666665,1.9
13,33,3.4615384615384617,7,3.3333333333333335,2.727272727272727
13,24,2.3846153846153846,4,2.3333333333333335,1.9090909090909092
14,36,2.7142857142857144,5,3.625,2.6363636363636362
7,9,2.5714285714285716,4,1.75,1.4
11,22,2.5454545454545454,5,2.25,2.0
8,9,2.625,4,2.6666666666666665,1.1428571428571428
7,7,1.4285714285714286,2,3.0,1.0
6,6,2.8333333333333335,4,1.6666666666666667,1.0
7,7,1.4285714285714286,2,3.0,1.0
7,7,1.4285714285714286,2,3.0,1.0
6,6,2.8333333333333335,4,1.6666666666666667,1.0
7,8,2.4285714285714284,4,1.5,1.0
8,10,2.75,4,3.0,1.2857142857142858
7,10,3.2857142857142856,5,2.25,1.5
6,6,2.3333333333333335,4,1.3333333333333333,1.0
7,11,3.0,5,1.8,1.5
10,21,2.2,5,2.0,2.3333333333333335
7,7,1.4285714285714286,3,1.0,1.0
6,7,1.5,3,1.0,1.0
12,28,2.75,5,2.6666666666666665,2.4
15,37,2.8666666666666667,6,3.2222222222222223,2.4166666666666665
13,28,3.0,5,3.2857142857142856,2.090909090909091
13,20,2.076923076923077,4,2.6,1.4444444444444444
13,24,1.9230769230769231,3,3.4,1.8888888888888888
13,28,2.4615384615384617,4,2.5,2.272727272727273
13,27,2.3846153846153846,4,3.1666666666666665,1.7272727272727273
13,27,2.4615384615384617,4,3.8,1.7272727272727273
12,23,2.5,5,2.5,2.0
13,28,2.769230769230769,5,3.125,2.272727272727273
6,8,2.3333333333333335,4,1.25,1.25
13,28,3.0,5,3.4285714285714284,2.1818181818181817
7,12,3.0,4,2.75,1.8333333333333333
7,7,2.4285714285714284,4,1.5,1.0
8,12,3.0,5,2.0,1.4285714285714286
6,7,2.3333333333333335,4,1.5,1.2
6,7,2.8333333333333335,4,2.0,1.2
6,7,2.3333333333333335,4,1.5,1.2
7,7,2.0,3,1.6666666666666667,1.0
13,33,3.230769230769231,5,3.7142857142857144,2.3636363636363638
7,8,1.7142857142857142,3,1.5,1.0
8,8,2.625,4,2.3333333333333335,1.0
9,18,2.6666666666666665,5,2.1666666666666665,2.1666666666666665
6,6,2.8333333333333335,4,1.6666666666666667,1.0
7,8,2.4285714285714284,4,1.75,1.1666666666666667
6,6,2.3333333333333335,4,1.6666666666666667,1.0
7,7,2.0,3,1.6666666666666667,1.0
7,7,1.7142857142857142,3,1.5,1.0
11,26,2.909090909090909,6,2.3333333333333335,2.625
8,8,2.625,4,2.3333333333333335,1.0
8,9,2.5,4,2.0,1.1428571428571428
7,9,2.4285714285714284,4,1.75,1.1666666666666667
7,7,2.5714285714285716,4,2.0,1.0
8,8,2.625,4,2.3333333333333335,1.0
8,8,2.5,4,1.75,1.0
8,10,2.75,4,2.6666666666666665,1.1428571428571428
6,7,2.5,4,2.0,1.2
7,7,1.7142857142857142,3,1.5,1.0
8,8,2.625,4,2.3333333333333335,1.0
7,8,2.142857142857143,4,1.3333333333333333,1.0
8,12,2.5,4,2.0,1.4285714285714286
7,8,2.5714285714285716,4,2.3333333333333335,1.1666666666666667
7,7,1.4285714285714286,2,3.0,1.0
7,7,2.5714285714285716,4,2.0,1.0
8,8,2.625,4,2.3333333333333335,1.0
8,10,2.5,4,2.0,1.1428571428571428
7,9,2.4285714285714284,4,1.75,1.1666666666666667
7,7,1.7142857142857142,3,1.5,1.0
6,7,2.5,4,2.0,1.2
7,8,2.4285714285714284,4,1.4,1.1666666666666667
6,6,2.3333333333333335,4,1.6666666666666667,1.0
7,7,1.7142857142857142,3,1.5,1.0
7,7,1.7142857142857142,3,1.5,1.0
7,11,3.4285714285714284,5,2.0,1.6666666666666667
12,23,2.5,4,2.5,2.0
8,8,2.625,4,2.3333333333333335,1.0
8,9,2.625,4,2.0,1.1428571428571428
7,9,2.4285714285714284,4,1.75,1.1666666666666667
7,7,1.7142857142857142,3,1.5,1.0
7,7,2.5714285714285716,4,2.0,1.0
8,8,2.625,4,2.3333333333333335,1.0
8,9,2.5,4,2.3333333333333335,1.0
7,7,2.0,3,1.6666666666666667,1.0
6,6,2.3333333333333335,4,1.6666666666666667,1.0
6,7,2.5,4,2.0,1.2
7,7,1.7142857142857142,3,1.5,1.0
6,8,2.5,4,1.75,1.4
8,8,2.625,4,2.3333333333333335,1.0
8,9,2.625,4,2.0,1.1428571428571428
6,7,2.5,4,2.0,1.2
9,13,1.6666666666666667,3,2.0,1.5
6,6,2.3333333333333335,4,1.6666666666666667,1.0
7,9,2.7142857142857144,4,1.6,1.3333333333333333
8,9,2.625,4,2.3333333333333335,1.0
7,8,1.8571428571428572,3,1.6666666666666667,1.0
6,7,2.3333333333333335,4,1.5,1.2
7,7,1.7142857142857142,3,1.5,1.0
6,10,3.1666666666666665,5,1.8,1.8
8,9,2.625,4,2.3333333333333335,1.0
7,10,2.5714285714285716,4,2.25,1.5
6,6,2.3333333333333335,4,1.3333333333333333,1.0
6,7,2.8333333333333335,4,1.6666666666666667,1.0
8,8,2.375,4,2.0,1.0
7,7,1.5714285714285714,2,2.0,1.0
6,7,2.5,4,2.0,1.2
8,9,1.375,2,3.0,1.0
7,8,2.4285714285714284,4,1.75,1.1666666666666667
6,9,2.5,4,1.6,1.6
8,8,2.625,4,2.3333333333333335,1.0
8,13,2.75,4,2.75,1.5714285714285714
7,8,2.5714285714285716,4,2.3333333333333335,1.1666666666666667
7,7,2.0,3,1.6666666666666667,1.0
7,8,2.4285714285714284,4,1.5,1.0
6,6,2.1666666666666665,3,1.6666666666666667,1.0
7,8,2.4285714285714284,4,1.4,1.1666666666666667
8,8,1.125,2,1.0,1.0
7,11,3.4285714285714284,5,1.8,1.5
12,23,2.5,4,2.375,1.9
6,7,2.5,4,2.0,1.2
9,12,1.6666666666666667,3,2.0,1.5
6,6,2.3333333333333335,4,1.6666666666666667,1.0
8,9,2.625,4,2.6666666666666665,1.1428571428571428
7,12,3.2857142857142856,5,2.2,1.8333333333333333
8,10,2.75,4,2.6666666666666665,1.1428571428571428
6,6,2.3333333333333335,4,1.6666666666666667,1.0
8,9,2.625,4,2.6666666666666665,1.1428571428571428
8,10,1.625,3,1.6666666666666667,1.25
7,8,2.4285714285714284,4,1.4,1.1666666666666667
7,8,2.5714285714285716,4,2.3333333333333335,1.1666666666666667
9,16,2.4444444444444446,5,2.1666666666666665,1.8571428571428572
6,6,2.3333333333333335,4,1.6666666666666667,1.0
8,9,2.625,4,2.6666666666666665,1.1428571428571428
7,9,2.4285714285714284,4,1.5,1.0
7,8,2.5714285714285716,4,2.3333333333333335,1.1666666666666667
8,10,1.375,2,3.0,1.0
7,9,2.4285714285714284,4,1.75,1.1666666666666667
6,9,3.1666666666666665,5,1.6,1.6
10,24,2.7,6,2.0,2.5714285714285716
6,7,1.5,3,1.0,1.0
13,28,3.0,5,4.0,2.1818181818181817
7,8,2.0,3,2.0,1.2
6,7,2.3333333333333335,4,1.5,1.2
7,8,1.5714285714285714,3,1.5,1.0
8,12,2.75,4,2.5,1.4285714285714286
6,7,2.8333333333333335,4,1.6666666666666667,1.0
6,6,1.8333333333333333,3,2.0,1.0
7,7,1.4285714285714286,2,3.0,1.0
7,8,2.5714285714285716,4,2.0,1.0
8,9,2.625,4,2.0,1.1428571428571428
6,6,2.8333333333333335,4,1.6666666666666667,1.0
7,8,2.4285714285714284,4,1.5,1.0
6,6,2.3333333333333335,4,1.6666666666666667,1.0
11,26,2.6363636363636362,5,2.5,2.5
7,9,2.7142857142857144,4,2.6666666666666665,1.3333333333333333
12,29,2.75,5,3.125,2.5
8,10,2.5,4,2.6666666666666665,1.3333333333333333
8,13,2.375,5,1.5,1.2
7,8,2.5714285714285716,4,2.0,1.0
6,8,2.6666666666666665,4,2.3333333333333335,1.4
6,7,2.3333333333333335,4,1.6666666666666667,1.0
9,11,1.4444444444444444,2,4.0,1.0
6,6,2.3333333333333335,4,1.6666666666666667,1.0
8,11,2.75,4,3.0,1.2857142857142858
6,7,3.0,5,1.5,1.2
7,8,2.5714285714285716,4,2.0,1.0
7,9,2.7142857142857144,4,2.0,1.3333333333333333
7,8,1.7142857142857142,3,2.0,1.3333333333333333
7,9,2.7142857142857144,4,2.6666666666666665,1.3333333333333333
8,12,3.125,5,1.8333333333333333,1.5714285714285714
6,7,2.5,4,2.0,1.2
9,12,1.5555555555555556,3,2.0,1.5
6,6,2.3333333333333335,4,1.6666666666666667,1.0
7,11,3.4285714285714284,6,1.6666666666666667,1.6666666666666667
8,11,3.5,5,2.0,1.4285714285714286
12,24,2.3333333333333335,4,2.625,2.1
7,10,2.4285714285714284,4,1.6,1.3333333333333333
6,7,2.8333333333333335,4,1.6666666666666667,1.0
7,8,2.4285714285714284,4,1.5,1.0
7,7,2.5714285714285716,4,2.0,1.0
7,9,2.7142857142857144,4,2.6666666666666665,1.3333333333333333
8,10,2.75,4,2.6666666666666665,1.1428571428571428
6,7,2.5,4,2.0,1.2
7,7,2.0,3,1.6666666666666667,1.0
6,6,2.3333333333333335,4,1.6666666666666667,1.0
8,8,2.625,4,2.3333333333333335,1.0
7,7,2.4285714285714284,4,1.6666666666666667,1.0
7,9,2.4285714285714284,4,1.75,1.1666666666666667
7,9,2.0,3,1.6666666666666667,1.0
8,8,2.625,4,2.3333333333333335,1.0
8,10,2.75,4,2.25,1.2857142857142858
6,7,2.3333333333333335,4,1.5,1.2
6,7,2.5,4,2.0,1.2
7,9,2.4285714285714284,4,1.4,1.1666666666666667
6,7,2.5,4,2.0,1.2
7,9,2.4285714285714284,4,1.4,1.1666666666666667
8,8,1.125,2,1.0,1.0
7,10,3.142857142857143,5,1.8,1.5
8,8,2.625,4,2.3333333333333335,1.0
8,10,2.5,4,2.0,1.1428571428571428
7,9,2.4285714285714284,4,1.75,1.1666666666666667
7,7,2.5714285714285716,4,2.0,1.0
8,8,2.625,4,2.3333333333333335,1.0
8,13,2.75,4,2.75,1.5714285714285714
6,6,2.3333333333333335,4,1.3333333333333333,1.0
7,10,2.4285714285714284,4,1.6,1.3333333333333333
7,7,1.4285714285714286,2,3.0,1.0
7,7,1.4285714285714286,2,3.0,1.0
7,7,1.7142857142857142,3,1.5,1.0
6,8,2.5,4,1.75,1.4
8,8,2.625,4,2.3333333333333335,1.0
9,12,1.4444444444444444,2,1.6666666666666667,1.25
7,9,2.7142857142857144,4,2.6666666666666665,1.3333333333333333
8,10,2.875,5,1.8,1.2857142857142858
8,11,2.5,4,1.5,1.2857142857142858
7,8,1.7142857142857142,3,2.0,1.0
6,6,2.3333333333333335,4,1.6666666666666667,1.0
8,8,2.625,4,2.3333333333333335,1.0
7,8,2.142857142857143,4,1.6666666666666667,1.0
7,8,2.5714285714285716,4,2.3333333333333335,1.1666666666666667
9,13,1.6666666666666667,3,2.0,1.5
6,6,2.3333333333333335,4,1.6666666666666667,1.0
7,11,3.4285714285714284,5,2.0,1.6666666666666667
13,25,2.8461538461538463,5,2.75,2.0
8,9,2.625,4,2.3333333333333335,1.0
8,8,2.5,4,1.75,1.0
8,10,2.75,4,2.6666666666666665,1.1428571428571428
6,7,2.5,4,2.0,1.2
7,7,2.0,3,1.6666666666666667,1.0
8,10,1.375,2,3.0,1.0
8,8,2.625,4,2.3333333333333335,1.0
8,9,2.625,4,2.0,1.1428571428571428
6,6,2.8333333333333335,4,1.6666666666666667,1.0
7,7,1.7142857142857142,3,1.5,1.0
6,10,3.1666666666666665,5,1.8,1.8
8,8,2.625,4,2.3333333333333335,1.0
8,10,2.5,4,2.0,1.1428571428571428
7,8,2.4285714285714284,4,1.4,1.1666666666666667
7,9,2.4285714285714284,4,1.75,1.1666666666666667
6,8,2.5,4,1.75,1.4
6,7,2.5,4,2.0,1.2
7,7,1.7142857142857142,3,1.5,1.0
7,9,2.4285714285714284,4,1.75,1.1666666666666667
7,9,2.7142857142857144,4,1.6,1.3333333333333333
7,7,2.5714285714285716,4,2.0,1.0
12,29,2.75,5,3.0,2.4
8,9,2.375,4,2.3333333333333335,1.1666666666666667
7,7,2.2857142857142856,3,2.0,1.0
7,8,2.4285714285714284,4,1.5,1.0
7,7,1.4285714285714286,2,3.0,1.0
6,6,2.8333333333333335,4,1.6666666666666667,1.0
7,8,2.4285714285714284,4,1.5,1.0
10,23,2.6,5,2.375,2.7142857142857144
7,8,1.4285714285714286,2,3.0,1.0
8,8,2.625,4,2.3333333333333335,1.0
7,10,3.0,5,1.8,1.5
7,8,2.5714285714285716,4,2.0,1.0
6,8,2.5,4,1.75,1.4
8,9,2.625,4,2.3333333333333335,1.0
8,12,2.375,5,1.4,1.4
7,10,2.5714285714285716,4,2.0,1.3333333333333333
7,7,2.4285714285714284,4,1.5,1.0
7,10,1.5714285714285714,3,2.0,1.3333333333333333
6,6,2.8333333333333335,4,1.6666666666666667,1.0
7,7,1.7142857142857142,3,1.5,1.0
6,6,2.3333333333333335,4,1.6666666666666667,1.0
7,7,1.7142857142857142,3,1.5,1.0
7,8,2.5714285714285716,4,2.0,1.2
11,24,2.727272727272727,5,2.5,2.2222222222222223
7,9,2.7142857142857144,4,2.6666666666666665,1.3333333333333333
6,9,3.0,5,1.4,1.4
7,8,2.4285714285714284,4,1.5,1.0
8,9,2.625,4,2.3333333333333335,1.0
8,13,2.75,4,2.75,1.5714285714285714
6,7,2.8333333333333335,4,1.6666666666666667,1.0
6,6,1.8333333333333333,3,2.0,1.0
7,7,1.4285714285714286,2,3.0,1.0
7,7,1.7142857142857142,3,1.5,1.0
8,9,2.625,4,2.6666666666666665,1.1428571428571428
7,10,3.0,5,1.8,1.5
7,8,2.5714285714285716,4,2.0,1.0
7,10,2.857142857142857,4,3.0,1.5
6,8,2.8333333333333335,4,1.5,1.2
8,9,2.625,4,2.3333333333333335,1.0
8,10,2.625,4,2.0,1.1428571428571428
7,10,2.857142857142857,4,3.0,1.5
7,7,1.4285714285714286,2,3.0,1.0
6,6,2.3333333333333335,4,1.6666666666666667,1.0
8,11,2.75,4,3.0,1.2857142857142858
6,8,3.0,5,1.75,1.4
7,9,2.5714285714285716,4,1.75,1.1666666666666667
6,6,2.3333333333333335,4,1.6666666666666667,1.0
7,8,2.4285714285714284,4,1.5,1.0
8,10,2.5,4,2.6666666666666665,1.3333333333333333
8,10,2.625,4,1.8,1.2857142857142858
6,7,2.3333333333333335,4,1.5,1.2
7,7,1.7142857142857142,3,1.5,1.0
6,7,2.3333333333333335,4,1.5,1.2
8,8,2.625,4,2.3333333333333335,1.0
8,11,2.75,4,2.5,1.4285714285714286
7,7,2.4285714285714284,4,1.5,1.0
7,9,2.7142857142857144,4,2.6666666666666665,1.3333333333333333
9,11,2.5555555555555554,4,2.5,1.25
6,6,2.3333333333333335,4,1.6666666666666667,1.0
7,7,1.7142857142857142,3,1.5,1.0
8,8,2.625,4,2.3333333333333335,1.0
7,7,2.4285714285714284,4,1.6666666666666667,1.0
7,8,1.5714285714285714,3,2.0,1.3333333333333333
8,8,2.625,4,2.3333333333333335,1.0
8,8,2.5,4,1.75,1.0
8,10,2.75,4,2.6666666666666665,1.1428571428571428
6,7,2.5,4,2.0,1.2
7,8,2.0,3,2.0,1.2
6,6,2.3333333333333335,4,1.6666666666666667,1.0
10,24,2.7,6,2.111111111111111,2.7142857142857144
7,7,1.4285714285714286,3,1.0,1.0
6,7,1.5,3,1.0,1.0
13,30,2.4615384615384617,5,2.4,2.1818181818181817
14,31,2.2142857142857144,4,3.0,2.4
13,27,2.3846153846153846,4,2.4,2.1818181818181817
13,22,2.4615384615384617,4,2.4285714285714284,1.5454545454545454
13,21,2.4615384615384617,4,2.5714285714285716,1.6363636363636365
12,24,2.4166666666666665,5,2.3333333333333335,2.1
13,31,2.4615384615384617,5,3.125,2.5
7,12,3.4285714285714284,5,2.0,1.6666666666666667
12,22,2.5,4,3.1666666666666665,1.9
7,8,2.5714285714285716,4,2.0,1.0
7,9,2.5714285714285716,4,2.0,1.3333333333333333
7,11,3.4285714285714284,6,1.6666666666666667,1.6666666666666667
8,8,2.625,4,2.3333333333333335,1.0
9,11,1.4444444444444444,2,1.6666666666666667,1.25
6,7,2.5,4,2.0,1.2
7,8,2.4285714285714284,4,1.5,1.0
6,10,3.1666666666666665,5,1.8,1.8
7,7,1.4285714285714286,2,3.0,1.0
6,6,2.3333333333333335,4,1.6666666666666667,1.0
7,7,2.4285714285714284,4,1.5,1.0
6,6,2.3333333333333335,4,1.6666666666666667,1.0
7,9,2.4285714285714284,4,1.4,1.1666666666666667
7,9,2.7142857142857144,4,1.6,1.3333333333333333
8,8,2.625,4,2.3333333333333335,1.0
7,8,2.5714285714285716,4,1.75,1.1666666666666667
6,6,2.3333333333333335,4,1.3333333333333333,1.0
7,10,2.5714285714285716,4,1.6,1.3333333333333333
8,8,2.625,4,2.3333333333333335,1.0
8,9,1.5,2,1.6666666666666667,1.25
6,7,2.8333333333333335,4,1.6666666666666667,1.0
8,8,2.625,4,2.3333333333333335,1.0
8,9,2.625,4,2.0,1.1428571428571428
6,6,2.3333333333333335,4,1.6666666666666667,1.0
8,8,2.625,4,2.3333333333333335,1.0
8,9,1.5,2,1.6666666666666667,1.25
6,7,2.8333333333333335,4,1.6666666666666667,1.0
7,9,2.5714285714285716,4,1.75,1.1666666666666667
7,8,2.4285714285714284,4,1.5,1.0
7,9,2.0,3,1.6666666666666667,1.0
6,6,2.3333333333333335,4,1.6666666666666667,1.0
8,8,2.625,4,2.3333333333333335,1.0
8,12,2.625,4,2.5,1.4285714285714286
7,9,2.4285714285714284,4,1.4,1.1666666666666667
6,6,2.8333333333333335,4,1.6666666666666667,1.0
7,8,2.4285714285714284,4,1.4,1.1666666666666667
8,9,1.25,2,2.0,1.0
7,9,2.7142857142857144,4,1.6,1.3333333333333333
7,10,2.857142857142857,5,2.0,1.6
11,22,2.727272727272727,5,2.7142857142857144,2.111111111111111
6,7,2.3333333333333335,4,1.3333333333333333,1.0
7,7,2.5714285714285716,4,2.0,1.0
7,8,2.142857142857143,4,1.3333333333333333,1.0
7,7,2.4285714285714284,4,1.5,1.0
7,10,2.4285714285714284,4,1.4,1.1666666666666667
6,7,2.5,4,2.0,1.2
8,13,2.75,5,1.6666666666666667,1.4285714285714286
6,6,2.3333333333333335,4,1.6666666666666667,1.0
8,8,2.625,4,2.3333333333333335,1.0
7,7,1.5714285714285714,2,2.0,1.0
6,6,2.8333333333333335,4,1.6666666666666667,1.0
6,7,2.3333333333333335,4,1.6666666666666667,1.0
8,9,2.625,4,2.6666666666666665,1.1428571428571428
7,11,3.142857142857143,5,2.0,1.6666666666666667
8,10,2.75,4,2.6666666666666665,1.1428571428571428
6,7,2.5,4,2.0,1.2
6,9,3.1666666666666665,5,1.6,1.6
8,9,2.625,4,2.6666666666666665,1.1428571428571428
8,13,2.75,4,2.75,1.5714285714285714
8,10,2.75,4,2.6666666666666665,1.1428571428571428
6,7,2.5,4,2.0,1.2
7,10,1.7142857142857142,3,2.0,1.3333333333333333
7,9,2.4285714285714284,4,1.75,1.1666666666666667
8,8,2.625,4,2.3333333333333335,1.0
7,8,2.4285714285714284,4,1.5,1.0
6,7,2.3333333333333335,4,1.5,1.2
7,7,1.7142857142857142,3,1.5,1.0
6,9,3.0,5,1.6,1.6
6,6,2.3333333333333335,4,1.6666666666666667,1.0
6,9,3.0,5,1.6,1.6
7,8,2.4285714285714284,4,1.5,1.0
8,9,2.625,4,2.3333333333333335,1.0
7,8,2.5714285714285716,4,2.3333333333333335,1.1666666666666667
7,8,2.4285714285714284,4,1.5,1.0
8,9,2.625,4,2.3333333333333335,1.0
8,9,2.625,4,2.0,1.1428571428571428
7,9,2.5714285714285716,4,2.0,1.3333333333333333
8,9,2.625,4,2.6666666666666665,1.1428571428571428
8,11,1.5,2,2.0,1.0
8,10,2.75,4,2.6666666666666665,1.1428571428571428
6,7,2.8333333333333335,4,1.6666666666666667,1.0
6,6,2.1666666666666665,3,1.6666666666666667,1.0
7,12,2.0,3,3.0,1.5
6,6,2.3333333333333335,4,1.6666666666666667,1.0
11,29,3.0,6,2.5,2.7777777777777777
7,9,2.5714285714285716,4,2.0,1.2
11,24,2.727272727272727,5,2.5,2.2222222222222223
7,8,2.7142857142857144,4,2.3333333333333335,1.1666666666666667
7,10,2.857142857142857,4,3.0,1.5
7,7,2.4285714285714284,4,1.5,1.0
8,11,2.75,4,3.0,1.2857142857142858
7,8,2.5714285714285716,4,1.75,1.1666666666666667
6,7,2.8333333333333335,4,1.6666666666666667,1.0
8,11,2.75,4,3.0,1.2857142857142858
8,11,2.5,4,1.8,1.2857142857142858
7,7,2.4285714285714284,4,1.5,1.0
7,8,2.4285714285714284,4,1.4,1.1666666666666667
6,7,2.8333333333333335,4,1.6666666666666667,1.0
7,8,2.7142857142857144,4,2.3333333333333335,1.1666666666666667
8,15,3.0,5,2.2,1.8333333333333333
7,9,2.7142857142857144,4,2.6666666666666665,1.3333333333333333
7,8,2.4285714285714284,4,1.5,1.0
7,8,2.5714285714285716,4,1.75,1.1666666666666667
8,9,2.75,4,2.6666666666666665,1.1428571428571428
8,14,2.875,5,2.4,1.7142857142857142
7,8,2.5714285714285716,4,2.3333333333333335,1.1666666666666667
7,8,2.5714285714285716,4,2.0,1.0
7,9,2.4285714285714284,4,1.75,1.1666666666666667
8,8,2.625,4,2.3333333333333335,1.0
8,9,2.75,4,2.3333333333333335,1.0
6,7,2.3333333333333335,4,1.5,1.2
7,9,2.0,3,1.6666666666666667,1.0
8,15,3.5,6,2.0,1.7142857142857142
8,10,3.5,5,1.8,1.2857142857142858
13,28,2.923076923076923,5,3.5714285714285716,2.272727272727273
6,6,1.5,2,3.0,1.0
8,9,2.625,4,2.3333333333333335,1.0
7,8,2.5714285714285716,4,2.3333333333333335,1.1666666666666667
7,7,1.4285714285714286,2,3.0,1.0
7,7,1.7142857142857142,3,1.5,1.0
6,7,2.3333333333333335,4,1.5,1.2
8,8,2.625,4,2.3333333333333335,1.0
7,7,2.5714285714285716,4,2.0,1.0
6,6,2.3333333333333335,4,1.3333333333333333,1.0
7,10,2.5714285714285716,4,1.6,1.3333333333333333
8,8,2.625,4,2.3333333333333335,1.0
7,7,1.5714285714285714,2,2.0,1.0
7,8,2.5714285714285716,4,2.3333333333333335,1.1666666666666667
9,11,1.6666666666666667,3,2.0,1.5
6,6,2.3333333333333335,4,1.6666666666666667,1.0
8,8,2.625,4,2.3333333333333335,1.0
8,12,2.75,4,2.5,1.4285714285714286
6,6,2.3333333333333335,4,1.3333333333333333,1.0
7,7,2.5714285714285716,4,2.0,1.0
8,8,2.625,4,2.3333333333333335,1.0
7,7,2.4285714285714284,4,1.6666666666666667,1.0
7,7,1.4285714285714286,2,3.0,1.0
8,8,2.625,4,2.3333333333333335,1.0
8,8,2.5,4,1.75,1.0
7,8,2.5714285714285716,4,1.75,1.1666666666666667
8,8,2.625,4,2.3333333333333335,1.0
8,12,1.625,3,1.6666666666666667,1.25
6,6,2.8333333333333335,4,1.6666666666666667,1.0
7,7,2.4285714285714284,4,1.5,1.0
7,10,1.7142857142857142,3,2.5,1.6666666666666667
6,6,2.1666666666666665,3,1.6666666666666667,1.0
7,8,2.4285714285714284,4,1.4,1.1666666666666667
6,8,2.5,4,1.75,1.4
10,22,2.7,6,2.0,2.5714285714285716
6,6,1.5,3,1.0,1.0
6,7,1.5,3,1.0,1.0
13,29,2.4615384615384617,5,2.4444444444444446,2.0
14,26,2.2142857142857144,4,3.8,1.9
13,19,1.9230769230769231,3,4.333333333333333,1.4444444444444444
13,28,3.076923076923077,6,3.0,2.1818181818181817
14,33,2.7857142857142856,5,2.7,2.25
12,26,2.8333333333333335,5,3.5,2.1
13,31,2.8461538461538463,5,2.8,2.5454545454545454
12,24,2.4166666666666665,5,2.3333333333333335,2.1
13,34,2.6153846153846154,5,3.5,2.8
7,9,2.5714285714285716,4,1.75,1.4
10,15,2.4,4,2.4,1.5
6,7,2.5,4,2.0,1.2
7,7,1.7142857142857142,3,1.5,1.0
6,9,3.1666666666666665,5,1.6,1.6
6,7,2.5,4,2.0,1.2
9,12,1.6666666666666667,3,2.0,1.5
6,6,2.3333333333333335,4,1.6666666666666667,1.0
8,9,2.625,4,2.3333333333333335,1.0
8,9,2.625,4,2.0,1.1428571428571428
6,6,2.3333333333333335,4,1.6666666666666667,1.0
8,8,2.625,4,2.3333333333333335,1.0
8,11,2.75,4,2.5,1.4285714285714286
6,7,2.8333333333333335,4,1.6666666666666667,1.0
6,9,3.0,5,1.6,1.6
10,21,2.6,5,2.142857142857143,2.142857142857143
7,7,2.5714285714285716,4,2.0,1.0
12,28,2.75,5,3.0,2.4
8,9,2.375,4,2.3333333333333335,1.1666666666666667
7,8,2.142857142857143,4,1.3333333333333333,1.0
7,9,1.7142857142857142,3,1.6666666666666667,1.25
6,7,2.3333333333333335,4,1.5,1.2
6,7,2.5,4,2.0,1.2
9,13,1.6666666666666667,3,2.0,1.5
8,9,2.625,4,2.6666666666666665,1.1428571428571428
8,10,2.5,4,2.0,1.1428571428571428
7,10,2.4285714285714284,4,1.6,1.3333333333333333
6,10,3.1666666666666665,5,1.8,1.8
8,8,2.625,4,2.3333333333333335,1.0
7,9,2.7142857142857144,4,2.6666666666666665,1.3333333333333333
7,7,1.7142857142857142,3,1.5,1.0
8,9,2.625,4,2.6666666666666665,1.1428571428571428
11,24,2.727272727272727,5,2.5,2.2222222222222223
8,10,2.625,4,2.6666666666666665,1.1428571428571428
7,7,1.5714285714285714,2,2.0,1.0
7,9,2.7142857142857144,4,2.6666666666666665,1.3333333333333333
7,8,2.4285714285714284,4,1.4,1.1666666666666667
7,7,1.4285714285714286,2,3.0,1.0
10,20,2.2,5,2.0,2.3333333333333335
6,7,1.5,3,1.0,1.0
14,35,3.2142857142857144,6,3.0,2.5
7,9,2.5714285714285716,4,1.75,1.1666666666666667
6,7,2.3333333333333335,4,1.5,1.2
7,9,2.4285714285714284,4,1.4,1.1666666666666667
8,13,1.875,3,3.0,1.5
6,6,2.3333333333333335,4,1.6666666666666667,1.0
7,11,2.2857142857142856,4,1.5,1.2
7,10,2.857142857142857,4,3.0,1.5
6,7,2.3333333333333335,4,1.6666666666666667,1.0
6,6,2.3333333333333335,4,1.6666666666666667,1.0
8,9,2.375,4,2.3333333333333335,1.1666666666666667
7,10,3.2857142857142856,5,1.8,1.5
6,6,2.3333333333333335,4,1.3333333333333333,1.0
6,10,3.0,5,1.6,1.6
7,12,3.142857142857143,5,1.8,1.5
7,8,2.7142857142857144,4,2.3333333333333335,1.1666666666666667
7,7,2.142857142857143,4,1.3333333333333333,1.0
7,9,2.7142857142857144,4,2.6666666666666665,1.3333333333333333
6,6,1.8333333333333333,3,2.0,1.0
12,33,3.3333333333333335,6,3.375,2.7
8,8,1.25,2,2.0,1.0
7,10,2.5714285714285716,4,1.6,1.3333333333333333
7,9,2.5714285714285716,4,1.75,1.1666666666666667
6,7,2.1666666666666665,3,2.0,1.2
8,10,2.625,4,1.8,1.2857142857142858
6,7,2.3333333333333335,4,1.5,1.2
6,6,2.1666666666666665,3,1.6666666666666667,1.0
7,9,2.0,3,1.6666666666666667,1.0
8,8,2.625,4,2.3333333333333335,1.0
7,9,2.7142857142857144,4,2.6666666666666665,1.3333333333333333
7,8,2.0,3,2.0,1.2
7,7,1.4285714285714286,2,3.0,1.0
8,9,2.75,4,2.6666666666666665,1.1428571428571428
7,10,2.857142857142857,4,2.6666666666666665,1.3333333333333333
7,8,2.0,3,2.0,1.2
7,7,1.4285714285714286,2,3.0,1.0
7,9,2.5714285714285716,4,2.0,1.3333333333333333
8,8,2.625,4,2.3333333333333335,1.0
7,9,2.142857142857143,4,1.3333333333333333,1.0
6,7,2.8333333333333335,4,1.6666666666666667,1.0
7,10,2.4285714285714284,4,1.6,1.3333333333333333
12,33,3.0,6,3.0,3.0
8,10,3.5,5,1.8,1.2857142857142858
12,24,2.5833333333333335,5,2.625,2.1
7,8,1.4285714285714286,2,3.0,1.0
8,8,2.625,4,2.3333333333333335,1.0
11,20,2.4545454545454546,5,2.125,1.8888888888888888
8,8,2.625,4,2.3333333333333335,1.0
8,9,2.625,4,2.0,1.1428571428571428
7,9,2.7142857142857144,4,2.6666666666666665,1.3333333333333333
6,8,2.5,4,1.75,1.4
8,8,2.625,4,2.3333333333333335,1.0
8,9,2.75,4,2.3333333333333335,1.0
7,9,2.7142857142857144,4,2.6666666666666665,1.3333333333333333
8,13,2.75,5,1.6666666666666667,1.4285714285714286
6,6,2.3333333333333335,4,1.6666666666666667,1.0
8,8,2.625,4,2.3333333333333335,1.0
7,8,2.5714285714285716,4,1.75,1.1666666666666667
6,7,2.3333333333333335,4,1.3333333333333333,1.0
7,9,2.5714285714285716,4,1.75,1.1666666666666667
7,7,1.7142857142857142,3,2.0,1.0
8,8,2.625,4,2.3333333333333335,1.0
8,9,1.5,2,1.6666666666666667,1.25
7,9,2.7142857142857144,4,2.6666666666666665,1.3333333333333333
7,10,2.5714285714285716,4,1.6,1.3333333333333333
8,10,1.375,2,3.0,1.0
7,9,2.4285714285714284,4,1.75,1.1666666666666667
6,9,3.1666666666666665,5,1.6,1.6
6,6,2.3333333333333335,4,1.6666666666666667,1.0
7,8,2.0,3,1.6666666666666667,1.0
8,8,2.625,4,2.3333333333333335,1.0
8,8,2.5,4,1.75,1.0
6,6,1.8333333333333333,3,1.5,1.0
8,8,2.625,4,2.3333333333333335,1.0
8,9,2.625,4,2.0,1.1428571428571428
7,8,2.5714285714285716,4,1.75,1.1666666666666667
8,8,2.625,4,2.3333333333333335,1.0
8,12,2.625,4,2.5,1.4285714285714286
7,9,2.7142857142857144,4,2.6666666666666665,1.3333333333333333
7,7,1.4285714285714286,2,3.0,1.0
6,6,2.3333333333333335,4,1.6666666666666667,1.0
7,11,3.142857142857143,5,1.8,1.5
7,10,2.857142857142857,5,2.0,1.6
12,24,2.5833333333333335,4,2.625,2.1
12,31,3.1666666666666665,5,3.25,2.6
7,7,1.4285714285714286,2,3.0,1.0
7,7,1.4285714285714286,2,3.0,1.0
8,8,2.625,4,2.3333333333333335,1.0
7,7,1.5714285714285714,2,2.0,1.0
6,7,2.3333333333333335,4,1.5,1.2
6,7,2.5,4,2.0,1.2
8,12,2.75,5,1.6666666666666667,1.4285714285714286
6,6,2.3333333333333335,4,1.6666666666666667,1.0
8,8,2.625,4,2.3333333333333335,1.0
8,9,2.75,4,2.3333333333333335,1.0
6,7,2.3333333333333335,4,1.5,1.2
7,8,2.0,3,1.6666666666666667,1.0
8,8,2.625,4,2.3333333333333335,1.0
8,9,2.75,4,2.3333333333333335,1.0
6,6,2.3333333333333335,4,1.3333333333333333,1.0
7,10,2.5714285714285716,4,1.6,1.3333333333333333
7,7,1.7142857142857142,3,1.5,1.0
6,6,2.3333333333333335,4,1.6666666666666667,1.0
7,7,1.7142857142857142,3,1.5,1.0
8,8,2.625,4,2.3333333333333335,1.0
7,9,3.0,5,2.0,1.3333333333333333
8,10,2.75,4,2.6666666666666665,1.1428571428571428
7,8,2.0,3,1.6666666666666667,1.0
6,7,2.3333333333333335,4,1.5,1.2
6,6,2.3333333333333335,4,1.6666666666666667,1.0
8,8,2.625,4,2.3333333333333335,1.0
7,7,2.4285714285714284,4,1.6666666666666667,1.0
7,8,2.0,3,1.6666666666666667,1.0
8,8,2.625,4,2.3333333333333335,1.0
8,9,1.5,2,1.6666666666666667,1.25
6,6,2.8333333333333335,4,1.6666666666666667,1.0
7,10,2.5714285714285716,4,1.6,1.3333333333333333
6,6,2.3333333333333335,4,1.6666666666666667,1.0
8,9,2.625,4,2.6666666666666665,1.1428571428571428
7,9,2.7142857142857144,4,2.6666666666666665,1.3333333333333333
7,7,1.7142857142857142,3,1.5,1.0
8,9,2.625,4,2.6666666666666665,1.1428571428571428
9,10,1.4444444444444444,2,1.6666666666666667,1.25
6,6,2.8333333333333335,4,1.6666666666666667,1.0
6,6,2.8333333333333335,4,1.6666666666666667,1.0
7,7,1.4285714285714286,2,3.0,1.0
7,9,2.7142857142857144,4,1.6,1.3333333333333333
7,10,2.857142857142857,5,2.0,1.6
11,25,2.727272727272727,5,2.625,2.3333333333333335
7,9,2.7142857142857144,4,2.6666666666666665,1.3333333333333333
6,9,3.0,5,1.4,1.4
7,8,2.4285714285714284,4,1.5,1.0
6,6,2.1666666666666665,3,1.6666666666666667,1.0
7,8,2.4285714285714284,4,1.5,1.0
8,10,2.625,4,2.6666666666666665,1.1428571428571428
7,9,2.4285714285714284,4,1.4,1.1666666666666667
6,7,2.5,4,2.0,1.2
7,11,2.0,3,2.5,1.25
7,8,2.4285714285714284,4,1.5,1.0
8,11,2.75,4,3.0,1.2857142857142858
12,22,2.5,4,2.5714285714285716,1.8
7,9,2.7142857142857144,4,2.6666666666666665,1.3333333333333333
6,6,2.3333333333333335,4,1.3333333333333333,1.0
7,9,2.7142857142857144,4,2.6666666666666665,1.3333333333333333
8,11,2.75,4,3.0,1.2857142857142858
8,11,2.625,4,2.25,1.2857142857142858
7,10,2.857142857142857,4,3.0,1.5
7,9,2.0,3,1.6666666666666667,1.0
7,8,1.7142857142857142,3,2.0,1.0
6,6,1.8333333333333333,3,1.5,1.0
7,10,2.7142857142857144,4,1.6,1.3333333333333333
8,10,2.5,4,2.6666666666666665,1.3333333333333333
8,10,2.625,4,1.8,1.2857142857142858
7,9,2.0,3,1.6666666666666667,1.0
6,7,2.3333333333333335,4,1.5,1.2
6,6,2.3333333333333335,4,1.6666666666666667,1.0
14,28,2.857142857142857,5,3.25,2.1666666666666665
7,8,2.5714285714285716,4,2.3333333333333335,1.1666666666666667
7,9,2.4285714285714284,4,1.75,1.1666666666666667
7,10,2.0,3,2.5,1.25
7,10,2.4285714285714284,4,1.6,1.3333333333333333
8,8,2.625,4,2.3333333333333335,1.0
7,7,1.5714285714285714,2,2.0,1.0
6,6,2.8333333333333335,4,1.6666666666666667,1.0
6,6,2.8333333333333335,4,1.6666666666666667,1.0
7,8,1.7142857142857142,3,2.0,1.0
9,21,3.0,6,2.125,2.4285714285714284
8,10,2.375,4,2.0,1.0
12,24,2.5,4,2.625,2.1
8,9,2.625,4,2.3333333333333335,1.0
7,9,2.7142857142857144,4,2.6666666666666665,1.3333333333333333
7,7,2.4285714285714284,4,1.5,1.0
8,8,2.625,4,2.3333333333333335,1.0
8,12,2.75,4,2.75,1.5714285714285714
6,7,2.8333333333333335,4,1.6666666666666667,1.0
8,8,2.625,4,2.3333333333333335,1.0
8,9,2.5,4,2.0,1.1428571428571428
6,6,2.3333333333333335,4,1.6666666666666667,1.0
6,7,2.5,4,2.0,1.2
7,7,1.7142857142857142,3,1.5,1.0
7,7,2.5714285714285716,4,2.0,1.0
10,22,2.7,6,2.0,2.5714285714285716
7,7,1.4285714285714286,3,1.0,1.0
6,6,1.5,3,1.0,1.0
13,22,1.8461538461538463,3,3.5,1.75
13,16,1.6153846153846154,3,2.6666666666666665,1.1428571428571428
12,19,2.0,3,4.666666666666667,1.5555555555555556
12,23,2.25,4,2.5,2.0
13,28,2.3846153846153846,5,2.7777777777777777,2.272727272727273
12,22,2.5833333333333335,5,2.7142857142857144,1.9
14,36,2.7857142857142856,5,4.142857142857143,2.6363636363636362
7,9,2.5714285714285716,4,1.75,1.4
11,22,2.8181818181818183,5,2.7142857142857144,2.111111111111111
7,7,2.4285714285714284,4,1.5,1.0
8,8,2.625,4,2.3333333333333335,1.0
11,20,2.4545454545454546,5,2.125,1.8888888888888888
8,8,2.625,4,2.3333333333333335,1.0
8,10,2.5,4,2.0,1.1428571428571428
7,9,2.4285714285714284,4,1.75,1.1666666666666667
7,7,2.5714285714285716,4,2.0,1.0
8,8,2.625,4,2.3333333333333335,1.0
8,8,2.5,4,1.75,1.0
8,10,2.75,4,2.6666666666666665,1.1428571428571428
7,9,2.4285714285714284,4,1.4,1.1666666666666667
6,6,2.3333333333333335,4,1.6666666666666667,1.0
6,6,2.3333333333333335,4,1.6666666666666667,1.0
8,8,2.625,4,2.3333333333333335,1.0
7,8,2.5714285714285716,4,2.3333333333333335,1.1666666666666667
7,8,2.0,3,1.6666666666666667,1.0
7,11,1.7142857142857142,3,2.0,1.3333333333333333
7,8,2.4285714285714284,4,1.5,1.0
6,6,2.3333333333333335,4,1.6666666666666667,1.0
7,7,1.7142857142857142,3,1.5,1.0
9,18,2.888888888888889,6,1.875,2.142857142857143
8,9,1.5,3,1.5,1.0
8,13,2.75,4,2.75,1.5714285714285714
7,8,2.5714285714285716,4,2.0,1.0
7,9,2.5714285714285716,4,2.0,1.3333333333333333
7,10,2.7142857142857144,4,1.6,1.3333333333333333
7,9,2.5714285714285716,4,2.0,1.0
6,9,3.0,5,1.6,1.6
7,8,2.5714285714285716,4,2.0,1.0
7,9,2.5714285714285716,4,2.0,1.3333333333333333
8,9,2.375,4,2.0,1.0
8,10,2.75,4,2.6666666666666665,1.1428571428571428
6,6,2.3333333333333335,4,1.3333333333333333,1.0
7,8,2.0,3,1.6666666666666667,1.0
7,8,2.4285714285714284,4,1.5,1.0
8,8,2.375,4,2.0,1.0
7,8,2.5714285714285716,4,2.3333333333333335,1.1666666666666667
7,7,1.7142857142857142,3,1.5,1.0
7,7,2.5714285714285716,4,2.0,1.0
7,9,2.7142857142857144,4,2.6666666666666665,1.3333333333333333
8,10,2.625,4,2.6666666666666665,1.1428571428571428
8,9,1.5,2,1.6666666666666667,1.25
6,6,2.8333333333333335,4,1.6666666666666667,1.0
6,6,2.8333333333333335,4,1.6666666666666667,1.0
6,8,3.1666666666666665,5,1.75,1.4
9,17,2.7777777777777777,5,2.0,1.7142857142857142
7,7,2.5714285714285716,4,2.0,1.0
7,9,2.7142857142857144,4,2.6666666666666665,1.3333333333333333
7,8,2.4285714285714284,4,1.4,1.1666666666666667
7,7,1.4285714285714286,2,3.0,1.0
7,9,2.5714285714285716,4,2.0,1.2
6,7,2.3333333333333335,4,1.3333333333333333,1.0
6,7,2.8333333333333335,4,1.6666666666666667,1.0
7,7,2.5714285714285716,4,2.0,1.0
7,9,2.4285714285714284,4,1.5,1.0
6,6,2.8333333333333335,4,1.6666666666666667,1.0
7,8,2.4285714285714284,4,1.4,1.1666666666666667
8,10,1.375,2,3.0,1.0
7,7,2.5714285714285716,4,2.0,1.0
7,9,2.7142857142857144,4,2.6666666666666665,1.3333333333333333
7,7,2.4285714285714284,4,1.5,1.0
8,9,2.625,4,2.6666666666666665,1.1428571428571428
11,24,2.727272727272727,5,2.5,2.2222222222222223
8,10,2.625,4,2.6666666666666665,1.1428571428571428
7,9,2.7142857142857144,4,2.6666666666666665,1.3333333333333333
6,8,3.0,5,1.4,1.4
8,9,2.625,4,2.3333333333333335,1.0
7,8,3.0,5,1.75,1.1666666666666667
7,8,2.5714285714285716,4,2.0,1.0
6,6,2.3333333333333335,4,1.6666666666666667,1.0
8,9,2.625,4,2.6666666666666665,1.1428571428571428
7,9,2.4285714285714284,4,1.5,1.0
6,7,2.3333333333333335,4,1.5,1.2
6,6,2.1666666666666665,3,1.6666666666666667,1.0
6,7,2.3333333333333335,4,1.3333333333333333,1.0
6,7,2.8333333333333335,4,1.5,1.2
10,21,2.2,5,1.875,2.5
8,8,1.25,2,2.0,1.0
11,21,2.4545454545454546,4,2.4285714285714284,1.8888888888888888
6,10,3.0,5,1.8,1.8
6,8,3.0,5,1.4,1.4
8,12,2.375,4,2.3333333333333335,1.1666666666666667
8,11,2.625,4,2.25,1.2857142857142858
7,9,2.7142857142857144,4,2.6666666666666665,1.3333333333333333
7,8,1.7142857142857142,3,2.0,1.0
6,8,3.0,5,1.4,1.4
8,10,2.5,4,2.6666666666666665,1.3333333333333333
7,8,2.4285714285714284,4,1.4,1.1666666666666667
7,8,2.7142857142857144,4,2.3333333333333335,1.1666666666666667
6,6,2.3333333333333335,4,1.3333333333333333,1.0
7,9,2.0,3,2.0,1.2
8,10,2.75,4,2.6666666666666665,1.1428571428571428
8,10,2.75,4,2.25,1.2857142857142858
6,7,2.3333333333333335,4,1.5,1.2
11,26,2.6363636363636362,5,3.6666666666666665,2.75
7,7,1.4285714285714286,3,1.0,1.0
6,7,1.5,3,1.0,1.0
12,21,1.6666666666666667,3,3.0,2.142857142857143
13,27,2.3846153846153846,4,2.625,1.9090909090909092
13,29,2.8461538461538463,5,3.0,2.1818181818181817
13,28,2.3846153846153846,4,2.75,2.0
13,25,2.3846153846153846,4,2.2,2.0
12,21,1.9166666666666667,4,2.142857142857143,1.875
12,26,2.6666666666666665,6,2.5555555555555554,2.3
13,21,2.4615384615384617,4,2.25,1.6363636363636365
12,22,2.4166666666666665,5,2.375,1.9
14,31,2.642857142857143,5,3.5714285714285716,2.272727272727273
8,11,3.5,5,2.0,1.4285714285714286
11,20,2.3636363636363638,4,3.0,2.0
7,7,1.7142857142857142,3,1.5,1.0
7,7,1.7142857142857142,3,1.5,1.0
6,7,2.3333333333333335,4,1.5,1.2
7,7,1.7142857142857142,3,1.5,1.0
8,8,2.625,4,2.3333333333333335,1.0
7,8,2.5714285714285716,4,2.3333333333333335,1.1666666666666667
7,8,2.0,3,1.6666666666666667,1.0
6,6,2.3333333333333335,4,1.6666666666666667,1.0
8,8,2.625,4,2.3333333333333335,1.0
8,10,2.75,4,2.25,1.2857142857142858
6,7,2.5,4,2.0,1.2
7,7,1.4285714285714286,2,3.0,1.0
6,6,2.3333333333333335,4,1.6666666666666667,1.0
8,8,2.625,4,2.3333333333333335,1.0
7,9,2.5714285714285716,4,2.0,1.3333333333333333
6,6,2.3333333333333335,4,1.3333333333333333,1.0
8,8,2.625,4,2.3333333333333335,1.0
8,11,2.5,4,1.8,1.2857142857142858
6,6,2.3333333333333335,4,1.6666666666666667,1.0
6,7,2.5,4,2.0,1.2
7,8,2.4285714285714284,4,1.5,1.0
7,9,2.7142857142857144,4,1.6,1.3333333333333333
8,8,2.625,4,2.3333333333333335,1.0
7,9,2.7142857142857144,4,2.6666666666666665,1.3333333333333333
7,7,2.0,3,1.6666666666666667,1.0
7,8,1.4285714285714286,2,3.0,1.0
8,8,2.625,4,2.3333333333333335,1.0
7,7,1.7142857142857142,3,1.5,1.0
6,7,2.8333333333333335,4,1.6666666666666667,1.0
8,9,2.625,4,2.3333333333333335,1.0
7,9,2.7142857142857144,4,2.6666666666666665,1.3333333333333333
7,8,2.0,3,1.6666666666666667,1.0
6,6,2.3333333333333335,4,1.6666666666666667,1.0
8,8,2.625,4,2.3333333333333335,1.0
7,8,2.5714285714285716,4,1.75,1.1666666666666667
6,7,2.3333333333333335,4,1.3333333333333333,1.0
7,9,2.5714285714285716,4,1.75,1.1666666666666667
8,16,2.5,5,1.7142857142857142,2.0
6,6,1.5,3,1.0,1.0
6,7,1.5,3,1.0,1.0
13,21,1.8461538461538463,3,2.3333333333333335,1.5555555555555556
13,27,2.3846153846153846,4,2.5,1.8181818181818181
13,27,3.076923076923077,6,3.2857142857142856,2.090909090909091
12,21,2.1666666666666665,4,1.875,1.6666666666666667
12,17,2.0,3,4.333333333333333,1.4444444444444444
12,20,2.3333333333333335,4,3.2,1.6
13,27,2.3846153846153846,4,2.6666666666666665,2.1818181818181817
14,31,2.5,5,2.8,2.3333333333333335
13,24,2.8461538461538463,6,2.625,1.9090909090909092
14,34,2.7857142857142856,5,3.857142857142857,2.4545454545454546
7,9,2.5714285714285716,4,1.75,1.4
11,22,3.0,6,2.7142857142857144,2.111111111111111
6,7,2.8333333333333335,4,1.6666666666666667,1.0
7,7,2.4285714285714284,4,1.5,1.0
6,6,2.3333333333333335,4,1.6666666666666667,1.0
7,9,2.4285714285714284,4,1.4,1.1666666666666667
7,7,2.5714285714285716,4,2.0,1.0
7,9,2.7142857142857144,4,2.6666666666666665,1.3333333333333333
7,8,2.0,3,1.6666666666666667,1.0
6,6,2.3333333333333335,4,1.6666666666666667,1.0
7,7,2.5714285714285716,4,2.0,1.0
8,9,2.625,4,2.0,1.1428571428571428
6,7,2.5,4,2.0,1.2
7,7,1.4285714285714286,2,3.0,1.0
6,6,2.3333333333333335,4,1.6666666666666667,1.0
8,9,2.625,4,2.6666666666666665,1.1428571428571428
7,8,3.0,5,1.75,1.1666666666666667
6,6,2.3333333333333335,4,1.3333333333333333,1.0
8,8,2.625,4,2.3333333333333335,1.0
8,10,2.5,4,2.0,1.1428571428571428
6,6,2.3333333333333335,4,1.6666666666666667,1.0
6,7,2.5,4,2.0,1.2
7,7,2.4285714285714284,4,1.5,1.0
7,9,2.7142857142857144,4,1.6,1.3333333333333333
8,8,2.625,4,2.3333333333333335,1.0
7,10,2.857142857142857,4,3.0,1.5
7,9,2.4285714285714284,4,1.4,1.1666666666666667
7,7,1.4285714285714286,2,3.0,1.0
8,8,2.625,4,2.3333333333333335,1.0
7,8,2.142857142857143,4,1.3333333333333333,1.0
6,7,2.8333333333333335,4,1.6666666666666667,1.0
8,10,2.625,4,2.6666666666666665,1.1428571428571428
7,10,2.857142857142857,4,3.0,1.5
7,9,2.4285714285714284,4,1.5,1.0
6,6,2.3333333333333335,4,1.6666666666666667,1.0
8,9,2.625,4,2.3333333333333335,1.0
7,8,2.5714285714285716,4,1.75,1.1666666666666667
6,6,2.3333333333333335,4,1.3333333333333333,1.0
6,10,3.0,5,1.8,1.8
10,24,2.5,5,1.8888888888888888,2.4285714285714284
6,7,1.5,3,1.0,1.0
6,7,1.5,3,1.0,1.0
13,27,2.6923076923076925,5,3.3333333333333335,2.0
13,27,2.6153846153846154,5,3.8,1.9
13,32,3.1538461538461537,6,3.125,2.272727272727273
13,26,2.5384615384615383,5,2.625,1.9090909090909092
14,32,2.9285714285714284,5,3.0,2.25
12,18,1.6666666666666667,3,2.75,1.5714285714285714
13,36,2.8461538461538463,6,2.5833333333333335,2.8181818181818183
13,20,2.4615384615384617,4,2.125,1.5454545454545454
13,29,2.3846153846153846,5,2.6,2.3636363636363638
14,31,2.642857142857143,5,3.5714285714285716,2.272727272727273
8,11,3.25,5,1.8,1.2857142857142858
11,19,2.727272727272727,5,1.875,1.6666666666666667
5,6,3.0,5,1.0,1.0
8,10,2.75,4,3.0,1.2857142857142858
6,7,2.8333333333333335,4,2.0,1.2
7,9,2.4285714285714284,4,1.75,1.1666666666666667
7,8,2.7142857142857144,4,2.3333333333333335,1.1666666666666667
8,9,2.5,4,1.75,1.0
8,14,2.75,5,2.0,1.7142857142857142
6,7,2.3333333333333335,4,1.5,1.2
7,7,2.0,3,1.6666666666666667,1.0
7,9,2.7142857142857144,4,2.0,1.3333333333333333
7,10,2.4285714285714284,4,1.6,1.3333333333333333
8,8,2.625,4,2.3333333333333335,1.0
8,9,2.5,4,1.75,1.0
8,10,2.75,4,2.6666666666666665,1.1428571428571428
6,7,2.3333333333333335,4,1.3333333333333333,1.0
7,9,2.5714285714285716,4,1.75,1.1666666666666667
6,6,1.8333333333333333,3,1.5,1.0
6,7,2.3333333333333335,4,1.5,1.2
7,10,2.4285714285714284,4,1.6,1.3333333333333333
7,7,1.4285714285714286,2,3.0,1.0
8,8,2.625,4,2.3333333333333335,1.0
8,13,2.25,4,2.3333333333333335,1.4
7,9,2.4285714285714284,4,1.4,1.1666666666666667
6,6,2.8333333333333335,4,1.6666666666666667,1.0
7,9,2.4285714285714284,4,1.75,1.1666666666666667
7,9,2.4285714285714284,4,1.6,1.3333333333333333
7,7,1.7142857142857142,3,1.5,1.0
10,22,2.7,6,2.0,2.5714285714285716
8,8,1.375,3,1.0,1.0
6,7,1.5,3,1.0,1.0
13,21,1.6923076923076923,3,2.8,1.75
13,22,1.8461538461538463,4,3.0,1.875
13,29,3.1538461538461537,6,3.125,2.272727272727273
12,20,2.1666666666666665,4,2.0,1.5555555555555556
13,20,1.9230769230769231,3,4.666666666666667,1.5555555555555556
13,22,2.4615384615384617,4,3.0,1.6363636363636365
13,26,2.3846153846153846,4,2.5555555555555554,2.090909090909091
13,27,2.5384615384615383,5,2.6666666666666665,2.1818181818181817
13,24,2.8461538461538463,6,2.625,1.9090909090909092
14,35,2.7857142857142856,5,3.625,2.6363636363636362
7,10,3.142857142857143,5,1.6,1.3333333333333333
12,25,2.75,5,2.4444444444444446,2.2
7,7,2.0,3,1.6666666666666667,1.0
7,7,1.4285714285714286,2,3.0,1.0
7,12,3.4285714285714284,6,1.6666666666666667,1.6666666666666667
7,7,2.5714285714285716,4,2.0,1.0
7,7,1.5714285714285714,2,2.0,1.0
6,6,2.8333333333333335,4,1.6666666666666667,1.0
7,9,2.0,3,1.6666666666666667,1.0
8,8,2.625,4,2.3333333333333335,1.0
7,10,3.0,5,1.8,1.5
8,10,2.75,4,2.6666666666666665,1.1428571428571428
6,7,2.5,4,2.0,1.2
7,7,2.5714285714285716,4,2.0,1.0
8,8,2.625,4,2.3333333333333335,1.0
8,9,1.5,2,1.6666666666666667,1.25
6,7,2.8333333333333335,4,1.6666666666666667,1.0
7,8,2.4285714285714284,4,1.5,1.0
7,8,1.7142857142857142,3,2.0,1.0
6,8,2.5,4,1.75,1.4
7,10,3.142857142857143,5,1.8,1.5
7,7,2.5714285714285716,4,2.0,1.0
12,26,2.75,5,2.875,2.3
10,22,2.5,4,3.6,2.5714285714285716
7,7,1.4285714285714286,2,3.0,1.0
7,7,1.4285714285714286,2,3.0,1.0
8,8,2.625,4,2.3333333333333335,1.0
7,8,2.5714285714285716,4,2.3333333333333335,1.1666666666666667
7,7,1.7142857142857142,3,1.5,1.0
7,7,1.7142857142857142,3,1.5,1.0
6,9,2.8333333333333335,4,2.0,1.6
7,8,2.4285714285714284,4,1.5,1.0
6,6,2.3333333333333335,4,1.6666666666666667,1.0
8,9,2.625,4,2.3333333333333335,1.0
8,10,2.75,4,2.6666666666666665,1.1428571428571428
6,7,2.3333333333333335,4,1.5,1.2
7,8,2.0,3,1.6666666666666667,1.0
8,8,2.625,4,2.3333333333333335,1.0
6,6,2.3333333333333335,4,1.3333333333333333,1.0
7,7,1.4285714285714286,2,3.0,1.0
7,8,2.5714285714285716,4,2.0,1.2
10,19,2.6,5,2.2857142857142856,2.0
6,7,2.3333333333333335,4,1.5,1.2
7,7,2.4285714285714284,4,1.5,1.0
8,10,2.625,4,2.6666666666666665,1.1428571428571428
8,12,2.625,4,2.5,1.4285714285714286
7,9,2.7142857142857144,4,2.6666666666666665,1.3333333333333333
7,7,1.4285714285714286,2,3.0,1.0
6,6,2.8333333333333335,4,1.6666666666666667,1.0
7,8,2.4285714285714284,4,1.5,1.0
7,8,2.4285714285714284,4,1.75,1.1666666666666667
6,6,2.8333333333333335,4,1.6666666666666667,1.0
6,6,2.8333333333333335,4,1.6666666666666667,1.0
7,7,1.4285714285714286,2,3.0,1.0
7,9,2.7142857142857144,4,1.6,1.3333333333333333
7,7,2.5714285714285716,4,2.0,1.0
8,10,2.5,4,2.0,1.1428571428571428
6,6,2.3333333333333335,4,1.6666666666666667,1.0
7,7,2.5714285714285716,4,2.0,1.0
7,9,2.7142857142857144,4,2.6666666666666665,1.3333333333333333
6,8,3.0,5,1.4,1.4
7,7,2.5714285714285716,4,2.0,1.0
7,8,3.0,5,1.75,1.1666666666666667
7,8,2.5714285714285716,4,2.0,1.0
6,7,2.5,4,2.0,1.2
6,9,3.0,5,1.4,1.4
8,10,2.625,4,2.6666666666666665,1.1428571428571428
7,8,2.142857142857143,4,1.3333333333333333,1.0
7,8,2.5714285714285716,4,2.0,1.0
6,6,2.3333333333333335,4,1.6666666666666667,1.0
8,9,2.625,4,2.3333333333333335,1.0
7,8,2.142857142857143,4,1.3333333333333333,1.0
6,10,3.0,5,1.6,1.6
7,8,2.4285714285714284,4,1.5,1.0
8,14,2.75,5,1.8333333333333333,1.5714285714285714
6,6,2.1666666666666665,3,1.6666666666666667,1.0
8,13,2.75,5,1.6666666666666667,1.4285714285714286
6,6,2.3333333333333335,4,1.6666666666666667,1.0
8,10,2.5,4,2.6666666666666665,1.3333333333333333
8,9,2.625,4,2.0,1.1428571428571428
6,6,2.3333333333333335,4,1.6666666666666667,1.0
7,11,3.142857142857143,5,1.8,1.5
7,9,2.142857142857143,4,1.6666666666666667,1.25
11,25,2.727272727272727,5,2.625,2.3333333333333335
7,8,2.4285714285714284,4,1.5,1.0
7,9,2.7142857142857144,4,2.6666666666666665,1.3333333333333333
7,11,3.5714285714285716,5,2.5,1.6666666666666667
7,8,1.7142857142857142,3,2.0,1.0
7,8,1.7142857142857142,3,2.0,1.0
8,10,2.5,4,2.6666666666666665,1.3333333333333333
7,9,1.7142857142857142,3,2.5,1.6666666666666667
7,8,2.7142857142857144,4,2.3333333333333335,1.1666666666666667
7,9,2.7142857142857144,4,2.6666666666666665,1.3333333333333333
6,7,2.8333333333333335,4,1.6666666666666667,1.0
7,10,2.5714285714285716,4,1.6,1.3333333333333333
8,8,2.625,4,2.3333333333333335,1.0
8,11,2.625,4,2.25,1.2857142857142858
6,7,2.3333333333333335,4,1.5,1.2
8,8,2.625,4,2.3333333333333335,1.0
7,8,2.4285714285714284,4,1.5,1.0
6,6,2.1666666666666665,3,1.6666666666666667,1.0
7,7,2.4285714285714284,4,1.5,1.0
6,6,2.3333333333333335,4,1.6666666666666667,1.0
7,7,2.4285714285714284,4,1.5,1.0
8,10,2.875,5,1.8,1.2857142857142858
6,6,2.3333333333333335,4,1.6666666666666667,1.0
7,8,2.4285714285714284,4,1.5,1.0
11,24,2.4545454545454546,4,3.3333333333333335,2.5
7,8,1.4285714285714286,2,3.0,1.0
7,10,2.7142857142857144,4,1.6,1.3333333333333333
7,12,3.4285714285714284,5,2.0,1.6666666666666667
13,28,2.769230769230769,5,2.7777777777777777,2.272727272727273
8,8,2.625,4,2.3333333333333335,1.0
8,10,1.5,2,1.6666666666666667,1.25
7,7,2.5714285714285716,4,2.0,1.0
7,7,1.4285714285714286,2,3.0,1.0
8,8,2.625,4,2.3333333333333335,1.0
8,11,2.75,4,2.25,1.2857142857142858
6,7,2.8333333333333335,4,1.6666666666666667,1.0
7,7,2.5714285714285716,4,2.0,1.0
8,8,2.625,4,2.3333333333333335,1.0
8,10,2.5,4,2.0,1.1428571428571428
6,7,2.5,4,2.0,1.2
7,7,1.4285714285714286,2,3.0,1.0
8,8,2.625,4,2.3333333333333335,1.0
7,7,2.5714285714285716,4,2.0,1.0
6,7,2.8333333333333335,4,1.6666666666666667,1.0
7,10,2.5714285714285716,4,1.6,1.3333333333333333
8,8,2.625,4,2.3333333333333335,1.0
8,9,2.625,4,2.0,1.1428571428571428
6,7,2.5,4,2.0,1.2
7,8,2.4285714285714284,4,1.5,1.0
8,8,2.625,4,2.3333333333333335,1.0
7,8,2.5714285714285716,4,2.3333333333333335,1.1666666666666667
6,11,3.1666666666666665,5,1.8,1.8
8,8,2.625,4,2.3333333333333335,1.0
8,9,2.5,4,1.75,1.0
6,6,1.8333333333333333,3,1.5,1.0
8,8,2.625,4,2.3333333333333335,1.0
8,8,2.5,4,1.75,1.0
8,10,2.75,4,2.6666666666666665,1.1428571428571428
6,6,2.3333333333333335,4,1.6666666666666667,1.0
8,8,2.625,4,2.3333333333333335,1.0
8,9,2.5,4,1.75,1.0
6,7,2.5,4,2.0,1.2
7,7,2.4285714285714284,4,1.5,1.0
6,6,2.3333333333333335,4,1.6666666666666667,1.0
10,22,2.7,6,2.0,2.5714285714285716
6,6,1.5,3,1.0,1.0
12,22,2.5833333333333335,4,2.142857142857143,1.5
5,5,3.0,5,1.0,1.0
7,13,3.4285714285714284,6,1.6666666666666667,1.6666666666666667
7,7,1.8571428571428572,3,2.0,1.0
8,10,2.75,4,2.6666666666666665,1.1428571428571428
6,6,2.3333333333333335,4,1.3333333333333333,1.0
7,10,1.7142857142857142,3,2.5,1.6666666666666667
7,7,2.5714285714285716,4,2.0,1.0
8,9,2.625,4,2.0,1.1428571428571428
6,6,2.3333333333333335,4,1.6666666666666667,1.0
7,7,2.5714285714285716,4,2.0,1.0
6,7,2.8333333333333335,4,1.6666666666666667,1.0
8,14,2.75,5,1.8333333333333333,1.5714285714285714
6,6,2.3333333333333335,4,1.6666666666666667,1.0
7,7,2.4285714285714284,4,1.5,1.0
8,9,2.375,4,2.3333333333333335,1.1666666666666667
6,7,2.3333333333333335,4,1.5,1.2
8,15,2.875,5,2.0,1.7142857142857142
6,6,2.3333333333333335,4,1.6666666666666667,1.0
7,7,2.4285714285714284,4,1.5,1.0
6,8,2.5,4,1.75,1.4
8,10,2.625,4,2.6666666666666665,1.1428571428571428
9,12,1.6666666666666667,3,2.3333333333333335,1.75
6,7,2.3333333333333335,4,1.5,1.2
7,8,2.4285714285714284,4,1.5,1.0
7,9,2.4285714285714284,4,1.4,1.1666666666666667
6,6,2.3333333333333335,4,1.6666666666666667,1.0
7,7,1.4285714285714286,2,3.0,1.0
8,10,2.625,4,2.6666666666666665,1.1428571428571428
8,10,2.75,4,2.6666666666666665,1.1428571428571428
6,7,2.3333333333333335,4,1.3333333333333333,1.0
7,7,2.4285714285714284,4,1.5,1.0
6,6,2.3333333333333335,4,1.6666666666666667,1.0
7,9,2.7142857142857144,4,1.6,1.3333333333333333
7,9,2.5714285714285716,4,2.0,1.2
12,20,2.5,4,2.0,1.6
5,5,3.0,5,1.0,1.0
6,7,2.3333333333333335,4,1.6666666666666667,1.0
7,7,2.5714285714285716,4,2.0,1.0
7,8,2.5714285714285716,4,1.75,1.1666666666666667
6,7,2.8333333333333335,4,1.6666666666666667,1.0
7,11,3.0,5,1.8,1.5
8,9,2.625,4,2.6666666666666665,1.1428571428571428
7,7,2.142857142857143,4,1.3333333333333333,1.0
8,10,2.75,4,2.6666666666666665,1.1428571428571428
6,7,2.5,4,2.0,1.2
7,8,1.7142857142857142,3,2.0,1.0
7,8,1.7142857142857142,3,2.0,1.0
8,8,2.625,4,2.3333333333333335,1.0
8,10,2.75,4,2.6666666666666665,1.1428571428571428
6,6,2.3333333333333335,4,1.3333333333333333,1.0
7,10,1.7142857142857142,3,2.5,1.6666666666666667
8,9,2.625,4,2.6666666666666665,1.1428571428571428
8,12,2.75,4,2.5,1.4285714285714286
7,9,2.7142857142857144,4,2.6666666666666665,1.3333333333333333
6,8,3.0,5,1.4,1.4
7,8,2.4285714285714284,4,1.5,1.0
6,8,2.8333333333333335,4,2.0,1.2
6,9,3.0,5,1.6,1.6
6,8,3.0,5,1.4,1.4
7,8,2.7142857142857144,4,2.3333333333333335,1.1666666666666667
8,10,2.625,4,2.0,1.1428571428571428
7,10,3.2857142857142856,5,1.8,1.5
8,11,2.75,4,3.0,1.2857142857142858
8,13,2.5,5,1.75,1.4
6,9,2.5,4,1.4,1.4
6,7,2.3333333333333335,4,1.3333333333333333,1.0
6,8,3.0,5,1.4,1.4
6,7,2.8333333333333335,4,1.6666666666666667,1.0
8,10,2.5,4,1.8,1.2857142857142858
7,9,2.7142857142857144,4,2.6666666666666665,1.3333333333333333
7,8,1.7142857142857142,3,2.0,1.0
7,7,1.4285714285714286,2,3.0,1.0
8,8,2.625,4,2.3333333333333335,1.0
9,18,3.111111111111111,5,2.4,1.7142857142857142
6,6,2.8333333333333335,4,1.6666666666666667,1.0
7,9,2.4285714285714284,4,1.6,1.3333333333333333
8,13,1.75,4,2.0,2.6666666666666665
6,6,2.8333333333333335,4,1.6666666666666667,1.0
7,9,2.4285714285714284,4,1.4,1.1666666666666667
7,10,2.4285714285714284,4,1.6,1.3333333333333333
7,7,1.4285714285714286,2,3.0,1.0
8,8,2.625,4,2.3333333333333335,1.0
7,11,3.2857142857142856,5,2.5,1.6666666666666667
8,10,2.75,4,2.6666666666666665,1.1428571428571428
7,8,2.5714285714285716,4,2.3333333333333335,1.1666666666666667
6,6,1.8333333333333333,3,1.5,1.0
8,8,2.625,4,2.3333333333333335,1.0
7,8,2.142857142857143,4,1.3333333333333333,1.0
7,9,2.4285714285714284,4,1.4,1.1666666666666667
7,8,2.4285714285714284,4,1.4,1.1666666666666667
7,8,2.5714285714285716,4,2.3333333333333335,1.1666666666666667
7,7,1.4285714285714286,2,3.0,1.0
6,6,2.3333333333333335,4,1.6666666666666667,1.0
12,33,3.0,6,2.727272727272727,3.0
7,11,3.4285714285714284,5,2.0,1.6666666666666667
14,30,3.5,6,3.111111111111111,2.3333333333333335
10,19,2.6,5,2.2857142857142856,2.0
6,7,2.5,4,2.0,1.2
7,7,1.7142857142857142,3,1.5,1.0
8,8,2.625,4,2.3333333333333335,1.0
8,9,1.5,2,1.6666666666666667,1.25
6,7,2.5,4,2.0,1.2
6,6,2.3333333333333335,4,1.6666666666666667,1.0
7,7,1.4285714285714286,2,3.0,1.0
7,7,1.7142857142857142,3,1.5,1.0
8,8,2.625,4,2.3333333333333335,1.0
8,9,2.625,4,2.0,1.1428571428571428
7,10,2.4285714285714284,4,1.6,1.3333333333333333
7,7,1.7142857142857142,3,1.5,1.0
7,7,2.5714285714285716,4,2.0,1.0
8,8,2.625,4,2.3333333333333335,1.0
8,13,2.75,4,2.75,1.5714285714285714
7,9,2.7142857142857144,4,2.6666666666666665,1.3333333333333333
7,7,2.0,3,1.6666666666666667,1.0
8,8,2.625,4,2.3333333333333335,1.0
8,8,2.5,4,1.75,1.0
8,10,2.75,4,2.6666666666666665,1.1428571428571428
6,6,2.3333333333333335,4,1.6666666666666667,1.0
8,8,2.625,4,2.3333333333333335,1.0
8,12,1.75,3,1.75,1.75
7,8,2.4285714285714284,4,1.4,1.1666666666666667
7,8,2.5714285714285716,4,2.3333333333333335,1.1666666666666667
11,21,2.4545454545454546,4,3.0,2.0
6,6,2.3333333333333335,4,1.6666666666666667,1.0
10,20,2.2,4,2.0,2.0
8,8,2.625,4,2.3333333333333335,1.0
7,10,2.857142857142857,4,3.0,1.5
7,9,2.4285714285714284,4,1.75,1.1666666666666667
7,7,1.4285714285714286,2,3.0,1.0
8,8,2.625,4,2.3333333333333335,1.0
8,10,2.75,4,2.6666666666666665,1.1428571428571428
6,7,2.3333333333333335,4,1.5,1.2
8,9,2.625,4,2.6666666666666665,1.1428571428571428
6,7,2.3333333333333335,4,1.6666666666666667,1.25
7,7,1.4285714285714286,2,3.0,1.0
8,9,2.625,4,2.6666666666666665,1.1428571428571428
8,10,2.5,4,2.0,1.1428571428571428
6,7,2.8333333333333335,4,2.0,1.2
6,10,3.1666666666666665,5,1.8,1.8
7,8,2.4285714285714284,4,1.5,1.0
7,11,3.4285714285714284,5,1.8,1.5
10,18,2.6,5,2.142857142857143,1.875
7,8,2.5714285714285716,4,2.0,1.0
6,7,2.5,4,2.0,1.2
6,8,2.5,4,2.0,1.5
8,8,2.625,4,2.3333333333333335,1.0
8,12,1.625,3,1.6666666666666667,1.25
7,9,2.7142857142857144,4,2.6666666666666665,1.3333333333333333
7,8,2.4285714285714284,4,1.4,1.1666666666666667
8,9,2.625,4,2.6666666666666665,1.1428571428571428
7,9,2.7142857142857144,4,2.6666666666666665,1.3333333333333333
7,7,1.7142857142857142,3,1.5,1.0
7,7,1.7142857142857142,3,1.5,1.0
7,9,2.4285714285714284,4,1.4,1.1666666666666667
7,7,2.4285714285714284,4,1.5,1.0
6,6,2.3333333333333335,4,1.6666666666666667,1.0
8,9,2.625,4,2.6666666666666665,1.1428571428571428
8,9,2.625,4,2.0,1.1428571428571428
6,8,2.5,4,1.75,1.4
8,9,2.625,4,2.6666666666666665,1.1428571428571428
8,9,1.5,2,1.6666666666666667,1.25
7,9,2.7142857142857144,4,2.6666666666666665,1.3333333333333333
7,10,2.5714285714285716,4,1.6,1.3333333333333333
8,10,1.375,2,3.0,1.0
7,9,2.4285714285714284,4,1.75,1.1666666666666667
6,9,3.1666666666666665,5,1.6,1.6
6,6,2.3333333333333335,4,1.6666666666666667,1.0
7,7,2.4285714285714284,4,1.5,1.0
8,9,2.625,4,2.6666666666666665,1.1428571428571428
9,11,1.4444444444444444,2,1.6666666666666667,1.25
7,7,2.4285714285714284,4,1.5,1.0
6,7,2.3333333333333335,4,1.5,1.2
6,6,2.1666666666666665,3,1.6666666666666667,1.0
6,10,3.1666666666666665,5,1.8,1.8
6,6,2.3333333333333335,4,1.6666666666666667,1.0
7,7,1.7142857142857142,3,1.5,1.0
6,9,3.1666666666666665,5,2.0,1.6
8,9,2.625,4,2.6666666666666665,1.1428571428571428
8,9,1.5,2,1.6666666666666667,1.25
6,7,2.8333333333333335,4,1.6666666666666667,1.0
7,8,2.4285714285714284,4,1.5,1.0
6,6,2.3333333333333335,4,1.6666666666666667,1.0
7,7,2.4285714285714284,4,1.5,1.0
7,10,2.7142857142857144,4,2.3333333333333335,1.4
12,18,2.8333333333333335,5,2.5,1.5
7,8,2.5714285714285716,4,2.0,1.0
6,8,2.6666666666666665,4,2.3333333333333335,1.4
7,8,1.7142857142857142,3,2.0,1.0
7,8,1.7142857142857142,3,2.0,1.0
8,11,2.75,4,3.0,1.2857142857142858
8,10,2.75,4,2.6666666666666665,1.1428571428571428
7,10,2.857142857142857,4,3.0,1.5
8,15,2.75,5,2.0,1.7142857142857142
6,6,2.3333333333333335,4,1.6666666666666667,1.0
8,11,2.75,4,3.0,1.2857142857142858
8,9,2.625,4,2.0,1.1428571428571428
6,7,2.8333333333333335,4,2.0,1.2
7,9,2.4285714285714284,4,1.75,1.1666666666666667
7,8,2.0,3,2.0,1.0
6,7,2.3333333333333335,4,1.5,1.2
8,9,2.625,4,2.3333333333333335,1.0
8,9,2.5,4,1.75,1.0
8,10,2.75,4,2.6666666666666665,1.1428571428571428
7,9,2.7142857142857144,4,2.6666666666666665,1.3333333333333333
7,8,2.0,3,2.0,1.2
8,8,2.625,4,2.3333333333333335,1.0
8,15,2.75,4,2.75,1.5714285714285714
6,7,2.3333333333333335,4,1.5,1.2
8,13,2.75,5,1.6666666666666667,1.4285714285714286
6,6,2.3333333333333335,4,1.6666666666666667,1.0
7,7,2.0,3,1.6666666666666667,1.0
8,13,3.5,6,2.0,1.7142857142857142
8,8,2.625,4,2.3333333333333335,1.0
7,7,1.5714285714285714,2,2.0,1.0
6,6,2.8333333333333335,4,1.6666666666666667,1.0
6,6,1.8333333333333333,3,2.0,1.0
8,8,2.625,4,2.3333333333333335,1.0
8,11,2.75,4,2.5,1.4285714285714286
6,7,2.3333333333333335,4,1.5,1.2
8,13,2.75,5,1.8333333333333333,1.5714285714285714
6,6,2.3333333333333335,4,1.6666666666666667,1.0
7,8,2.4285714285714284,4,1.5,1.0
8,8,2.625,4,2.3333333333333335,1.0
8,8,2.5,4,1.75,1.0
6,6,1.8333333333333333,3,1.5,1.0
6,8,2.8333333333333335,4,1.6666666666666667,1.0
8,8,2.625,4,2.3333333333333335,1.0
7,8,1.8571428571428572,3,1.6666666666666667,1.0
7,8,2.5714285714285716,4,2.3333333333333335,1.1666666666666667
7,7,2.5714285714285716,4,2.0,1.0
6,6,2.3333333333333335,4,1.6666666666666667,1.0
9,21,2.888888888888889,6,2.0,2.2857142857142856
7,7,1.4285714285714286,3,1.0,1.0
6,7,1.5,3,1.0,1.0
13,23,1.6153846153846154,3,4.333333333333333,1.8571428571428572
12,18,1.6666666666666667,3,4.0,1.7142857142857142
13,23,2.3076923076923075,4,2.8333333333333335,1.7
12,23,2.3333333333333335,4,2.5,2.0
12,17,2.3333333333333335,4,2.0,1.4
12,22,2.5833333333333335,4,3.1666666666666665,1.9
12,23,2.4166666666666665,5,2.5,2.0
12,20,2.5,5,2.4285714285714284,1.7
14,33,2.7857142857142856,5,3.857142857142857,2.4545454545454546
7,10,3.142857142857143,5,1.6,1.3333333333333333
11,21,2.8181818181818183,5,2.5714285714285716,2.0
7,7,2.5714285714285716,4,2.0,1.0
8,8,2.625,4,2.3333333333333335,1.0
7,8,1.8571428571428572,3,1.6666666666666667,1.0
7,8,2.5714285714285716,4,2.3333333333333335,1.1666666666666667
7,7,1.7142857142857142,3,1.5,1.0
7,7,2.5714285714285716,4,2.0,1.0
7,9,2.7142857142857144,4,1.6,1.3333333333333333
7,7,2.5714285714285716,4,2.0,1.0
8,8,2.5,4,1.75,1.0
8,10,2.75,4,2.6666666666666665,1.1428571428571428
6,7,2.3333333333333335,4,1.3333333333333333,1.0
7,10,2.5714285714285716,4,1.6,1.3333333333333333
8,10,1.375,2,3.0,1.0
7,9,2.4285714285714284,4,1.75,1.1666666666666667
8,8,2.625,4,2.3333333333333335,1.0
7,9,2.4285714285714284,4,1.5,1.0
6,6,2.8333333333333335,4,1.6666666666666667,1.0
7,8,2.4285714285714284,4,1.4,1.1666666666666667
8,10,1.375,2,3.0,1.0
7,9,2.7142857142857144,4,1.6,1.3333333333333333
7,7,2.5714285714285716,4,2.0,1.0
6,6,2.3333333333333335,4,1.3333333333333333,1.0
7,10,2.5714285714285716,4,1.6,1.3333333333333333
7,8,2.0,3,1.6666666666666667,1.0
8,8,2.625,4,2.3333333333333335,1.0
12,20,2.25,4,2.6666666666666665,1.7777777777777777
7,9,2.7142857142857144,4,2.6666666666666665,1.3333333333333333
7,7,2.4285714285714284,4,1.5,1.0
7,7,2.4285714285714284,4,1.5,1.0
6,7,2.5,4,2.0,1.2
7,8,2.4285714285714284,4,1.4,1.1666666666666667
8,9,1.25,2,2.0,1.0
8,9,2.625,4,2.6666666666666665,1.1428571428571428
7,8,2.5714285714285716,4,1.75,1.1666666666666667
6,7,2.8333333333333335,4,1.6666666666666667,1.0
6,10,3.1666666666666665,5,1.8,1.8
6,6,2.3333333333333335,4,1.6666666666666667,1.0
7,7,1.7142857142857142,3,1.5,1.0
8,10,2.625,4,2.6666666666666665,1.1428571428571428
7,9,2.7142857142857144,4,2.6666666666666665,1.3333333333333333
8,10,1.375,2,3.0,1.0
7,7,2.4285714285714284,4,1.5,1.0
6,6,2.3333333333333335,4,1.6666666666666667,1.0
6,6,2.3333333333333335,4,1.6666666666666667,1.0
10,20,3.0,6,2.0,2.0
7,9,2.5714285714285716,4,1.75,1.4
13,26,2.923076923076923,5,2.875,2.090909090909091
7,9,2.0,3,1.6666666666666667,1.0
7,7,1.4285714285714286,2,3.0,1.0
7,8,2.5714285714285716,4,2.3333333333333335,1.1666666666666667
7,9,3.0,5,2.0,1.3333333333333333
7,8,2.5714285714285716,4,2.3333333333333335,1.1666666666666667
7,7,2.4285714285714284,4,1.5,1.0
6,6,2.3333333333333335,4,1.6666666666666667,1.0
8,9,2.625,4,2.6666666666666665,1.1428571428571428
7,8,2.5714285714285716,4,2.3333333333333335,1.1666666666666667
6,9,2.8333333333333335,4,1.5,1.2
8,9,2.625,4,2.6666666666666665,1.1428571428571428
7,9,2.7142857142857144,4,2.6666666666666665,1.3333333333333333
7,7,1.7142857142857142,3,1.5,1.0
7,10,2.7142857142857144,4,1.6,1.3333333333333333
7,8,2.5714285714285716,4,2.3333333333333335,1.1666666666666667
8,11,2.75,4,2.25,1.2857142857142858
7,8,2.5714285714285716,4,2.0,1.0
6,7,2.3333333333333335,4,1.5,1.2
7,7,2.0,3,1.6666666666666667,1.0
8,10,2.75,4,3.0,1.2857142857142858
7,9,2.5714285714285716,4,1.75,1.1666666666666667
7,10,2.2857142857142856,3,2.25,1.5
8,10,1.375,2,3.0,1.0
6,6,2.1666666666666665,3,1.6666666666666667,1.0
7,8,2.4285714285714284,4,1.4,1.1666666666666667
9,11,1.4444444444444444,2,4.0,1.0
8,11,2.75,4,3.0,1.2857142857142858
8,11,2.625,4,2.25,1.2857142857142858
7,10,2.857142857142857,4,3.0,1.5
7,7,2.0,3,1.6666666666666667,1.0
8,11,2.75,4,3.0,1.2857142857142858
7,9,2.7142857142857144,4,2.6666666666666665,1.3333333333333333
7,8,2.4285714285714284,4,1.4,1.1666666666666667
7,7,1.7142857142857142,3,1.5,1.0
7,10,2.4285714285714284,4,1.6,1.3333333333333333
11,27,3.1818181818181817,7,2.5555555555555554,2.875
8,9,3.5,5,1.6,1.1428571428571428
12,23,2.4166666666666665,4,2.625,2.1
7,8,2.0,3,1.6666666666666667,1.0
7,7,1.4285714285714286,2,3.0,1.0
7,8,2.7142857142857144,4,2.3333333333333335,1.1666666666666667
8,9,2.5,4,1.75,1.0
8,10,2.75,4,2.6666666666666665,1.1428571428571428
6,7,2.3333333333333335,4,1.5,1.2
7,7,2.0,3,1.6666666666666667,1.0
8,8,2.625,4,2.3333333333333335,1.0
8,17,3.375,5,1.8333333333333333,1.5714285714285714
8,10,2.5,4,2.0,1.1428571428571428
7,8,2.4285714285714284,4,1.5,1.0
7,7,1.7142857142857142,3,1.5,1.0
7,10,2.4285714285714284,4,1.6,1.3333333333333333
6,6,2.3333333333333335,4,1.6666666666666667,1.0
8,8,2.625,4,2.3333333333333335,1.0
8,10,2.75,4,2.25,1.2857142857142858
6,6,2.3333333333333335,4,1.6666666666666667,1.0
8,8,2.625,4,2.3333333333333335,1.0
7,8,2.7142857142857144,4,2.3333333333333335,1.1666666666666667
7,7,1.7142857142857142,3,1.5,1.0
8,8,2.625,4,2.3333333333333335,1.0
7,7,2.5714285714285716,4,2.0,1.0
6,6,2.3333333333333335,4,1.3333333333333333,1.0
7,9,2.4285714285714284,4,1.4,1.1666666666666667
8,8,2.625,4,2.3333333333333335,1.0
8,9,1.5,2,1.6666666666666667,1.25
7,9,2.4285714285714284,4,1.4,1.1666666666666667
7,9,2.7142857142857144,4,2.6666666666666665,1.3333333333333333
7,8,2.4285714285714284,4,1.5,1.0
8,8,2.625,4,2.3333333333333335,1.0
7,7,2.5714285714285716,4,2.0,1.0
6,6,2.3333333333333335,4,1.3333333333333333,1.0
7,10,2.857142857142857,5,1.6,1.3333333333333333
6,6,1.8333333333333333,3,2.0,1.0
8,8,2.625,4,2.3333333333333335,1.0
8,11,2.5,4,1.8,1.2857142857142858
6,6,2.8333333333333335,4,1.6666666666666667,1.0
7,8,2.4285714285714284,4,1.5,1.0
9,18,2.888888888888889,6,1.875,2.142857142857143
6,6,1.5,3,1.0,1.0
11,17,2.4545454545454546,4,1.8571428571428572,1.4444444444444444
6,6,2.8333333333333335,4,1.6666666666666667,1.0
7,10,2.857142857142857,5,1.6,1.3333333333333333
7,9,1.8571428571428572,3,2.0,1.0
7,9,2.7142857142857144,4,2.6666666666666665,1.3333333333333333
6,7,2.3333333333333335,4,1.6666666666666667,1.0
6,6,2.3333333333333335,4,1.6666666666666667,1.0
7,8,2.5714285714285716,4,2.0,1.0
8,12,2.625,4,2.5,1.4285714285714286
6,8,2.5,4,1.75,1.4
7,7,1.4285714285714286,2,3.0,1.0
7,11,1.7142857142857142,3,2.0,1.3333333333333333
6,6,2.8333333333333335,4,1.6666666666666667,1.0
7,7,2.4285714285714284,4,1.5,1.0
6,6,2.3333333333333335,4,1.6666666666666667,1.0
8,8,2.625,4,2.3333333333333335,1.0
7,9,2.7142857142857144,4,2.6666666666666665,1.3333333333333333
7,7,1.4285714285714286,2,3.0,1.0
7,7,1.4285714285714286,2,3.0,1.0
10,23,2.7,6,2.0,2.5714285714285716
6,6,1.5,3,1.0,1.0
6,7,1.5,3,1.0,1.0
13,22,1.8461538461538463,3,2.8,1.75
13,22,1.8461538461538463,4,3.0,1.875
13,27,3.076923076923077,6,3.2857142857142856,2.090909090909091
12,20,2.1666666666666665,4,2.0,1.5555555555555556
12,20,2.0,3,4.666666666666667,1.5555555555555556
13,22,2.4615384615384617,4,3.4,1.5454545454545454
13,26,2.3846153846153846,4,2.5555555555555554,2.090909090909091
14,30,2.5,5,3.0,2.25
12,22,2.5833333333333335,5,2.7142857142857144,1.9
14,33,2.7142857142857144,5,3.7142857142857144,2.3636363636363638
7,9,2.5714285714285716,4,1.75,1.4
11,20,2.8181818181818183,5,2.8333333333333335,1.8888888888888888
7,8,2.5714285714285716,4,2.0,1.0
6,6,2.3333333333333335,4,1.6666666666666667,1.0
7,7,2.5714285714285716,4,2.0,1.0
8,10,2.75,4,2.6666666666666665,1.1428571428571428
7,9,2.7142857142857144,4,2.6666666666666665,1.3333333333333333
6,7,2.3333333333333335,4,1.6666666666666667,1.25
7,8,2.4285714285714284,4,1.5,1.0
8,9,2.625,4,2.3333333333333335,1.0
8,11,1.625,3,1.5,1.5
7,8,2.4285714285714284,4,1.4,1.1666666666666667
6,7,2.3333333333333335,4,1.5,1.2
8,15,2.75,5,2.0,1.7142857142857142
6,6,2.3333333333333335,4,1.6666666666666667,1.0
7,8,2.4285714285714284,4,1.4,1.1666666666666667
6,8,3.0,5,1.4,1.4
6,6,2.3333333333333335,4,1.6666666666666667,1.0
7,7,1.4285714285714286,2,3.0,1.0
7,7,2.5714285714285716,4,2.0,1.0
8,9,2.625,4,2.0,1.1428571428571428
6,6,2.3333333333333335,4,1.6666666666666667,1.0
10,25,2.7,6,2.0,2.5714285714285716
7,7,1.2857142857142858,2,2.0,1.0
11,19,2.5454545454545454,5,2.6666666666666665,1.7777777777777777
6,7,2.3333333333333335,4,1.5,1.2
7,7,2.4285714285714284,4,1.5,1.0
6,6,2.3333333333333335,4,1.6666666666666667,1.0
7,12,3.142857142857143,5,1.8,1.5
7,9,2.2857142857142856,4,1.6666666666666667,1.0
12,19,2.8333333333333335,5,2.2857142857142856,1.6
7,9,2.7142857142857144,4,2.6666666666666665,1.3333333333333333
8,9,1.375,2,3.0,1.0
7,8,2.4285714285714284,4,1.4,1.1666666666666667
6,7,2.5,4,2.0,1.2
6,6,2.8333333333333335,4,1.6666666666666667,1.0
6,7,2.3333333333333335,4,1.6666666666666667,1.0
7,9,2.7142857142857144,4,2.6666666666666665,1.3333333333333333
10,21,2.8,5,2.4285714285714284,2.125
7,9,2.4285714285714284,4,1.4,1.1666666666666667
7,9,2.7142857142857144,4,2.6666666666666665,1.3333333333333333
7,9,2.4285714285714284,4,1.4,1.1666666666666667
6,7,2.5,4,2.0,1.2
6,7,2.8333333333333335,4,2.0,1.2
11,26,2.3636363636363638,5,2.5714285714285716,2.5714285714285716
7,9,1.4285714285714286,3,1.0,1.0
13,29,2.8461538461538463,5,2.7777777777777777,2.272727272727273
7,9,2.4285714285714284,4,1.4,1.1666666666666667
6,6,2.1666666666666665,3,1.6666666666666667,1.0
6,6,1.8333333333333333,3,1.5,1.0
7,9,2.7142857142857144,4,2.6666666666666665,1.3333333333333333
7,9,2.4285714285714284,4,1.75,1.1666666666666667
9,15,1.6666666666666667,3,2.6666666666666665,2.0
6,7,2.3333333333333335,4,1.5,1.2
8,8,2.625,4,2.3333333333333335,1.0
7,7,1.5714285714285714,2,2.0,1.0
7,9,2.4285714285714284,4,1.4,1.1666666666666667
6,6,2.8333333333333335,4,1.6666666666666667,1.0
7,9,2.4285714285714284,4,1.75,1.1666666666666667
7,7,1.7142857142857142,3,1.5,1.0
6,6,2.1666666666666665,3,1.6666666666666667,1.0
7,9,2.4285714285714284,4,1.75,1.1666666666666667
6,6,2.3333333333333335,4,1.6666666666666667,1.0
6,6,1.8333333333333333,3,1.5,1.0
6,6,1.8333333333333333,3,1.5,1.0
8,8,2.625,4,2.3333333333333335,1.0
8,12,1.75,3,1.75,1.75
6,6,2.8333333333333335,4,1.6666666666666667,1.0
7,7,1.7142857142857142,3,1.5,1.0
7,7,1.7142857142857142,3,1.5,1.0
6,6,2.3333333333333335,4,1.6666666666666667,1.0
6,6,1.8333333333333333,3,1.5,1.0
7,7,1.7142857142857142,3,1.5,1.0
6,7,2.3333333333333335,4,1.5,1.2
6,6,1.8333333333333333,3,1.5,1.0
8,8,2.625,4,2.3333333333333335,1.0
8,8,2.5,4,1.75,1.0
8,10,2.75,4,2.6666666666666665,1.1428571428571428
6,6,2.3333333333333335,4,1.6666666666666667,1.0
7,7,2.4285714285714284,4,1.5,1.0
10,22,3.0,6,2.111111111111111,2.375
8,9,1.625,3,1.5,1.0
7,7,1.4285714285714286,3,1.0,1.0
13,23,1.9230769230769231,3,4.0,1.7777777777777777
13,20,2.076923076923077,4,2.6,1.4444444444444444
13,29,3.3846153846153846,7,3.25,2.3636363636363638
13,25,2.6923076923076925,5,3.142857142857143,2.0
13,21,2.4615384615384617,4,2.4285714285714284,1.5454545454545454
14,28,2.5,5,2.7777777777777777,2.0833333333333335
12,19,2.5,5,2.6666666666666665,1.6
12,32,2.8333333333333335,5,3.7142857142857144,2.6
7,10,3.142857142857143,5,1.6,1.3333333333333333
10,20,2.6,5,2.125,2.125
6,10,3.1666666666666665,5,1.75,1.4
8,8,2.625,4,2.3333333333333335,1.0
7,7,2.5714285714285716,4,2.0,1.0
7,7,1.7142857142857142,3,1.5,1.0
8,8,2.625,4,2.3333333333333335,1.0
7,9,3.0,5,1.6,1.3333333333333333
8,10,2.75,4,2.6666666666666665,1.1428571428571428
6,6,2.3333333333333335,4,1.6666666666666667,1.0
8,8,2.625,4,2.3333333333333335,1.0
11,19,2.5454545454545454,4,2.2857142857142856,1.7777777777777777
8,10,2.5,4,2.0,1.1428571428571428
6,7,2.5,4,2.0,1.2
7,7,2.0,3,1.6666666666666667,1.0
6,8,2.5,4,1.75,1.4
7,8,2.7142857142857144,4,2.3333333333333335,1.1666666666666667
6,8,2.5,4,1.75,1.4
8,8,2.625,4,2.3333333333333335,1.0
6,7,2.8333333333333335,4,1.6666666666666667,1.0
11,22,2.4545454545454546,5,2.125,2.4285714285714284
8,8,2.625,4,2.3333333333333335,1.0
7,10,3.0,5,1.8,1.5
8,10,2.75,4,2.6666666666666665,1.1428571428571428
6,6,2.3333333333333335,4,1.6666666666666667,1.0
8,8,2.625,4,2.3333333333333335,1.0
8,12,2.0,4,1.6666666666666667,1.0
7,9,2.4285714285714284,4,1.5,1.0
7,8,2.5714285714285716,4,2.3333333333333335,1.1666666666666667
7,7,2.4285714285714284,4,1.5,1.0
6,6,2.1666666666666665,3,1.6666666666666667,1.0
6,8,2.8333333333333335,4,1.75,1.4
6,6,2.3333333333333335,4,1.6666666666666667,1.0
10,23,2.7,6,2.0,2.5714285714285716
6,6,1.5,3,1.0,1.0
6,7,1.5,3,1.0,1.0
12,22,2.5833333333333335,5,2.5,1.6666666666666667
13,30,3.076923076923077,6,2.6666666666666665,2.1818181818181817
13,25,2.5384615384615383,5,3.0,1.9090909090909092
14,28,2.357142857142857,4,2.7777777777777777,2.0833333333333335
12,23,2.25,4,3.0,2.0
13,29,2.6923076923076925,4,3.25,2.3636363636363638
14,35,2.5,5,2.5,2.5
14,32,2.5,5,2.9,2.4166666666666665
13,19,2.4615384615384617,4,2.2857142857142856,1.4545454545454546
14,36,2.7857142857142856,5,3.625,2.6363636363636362
7,9,2.5714285714285716,4,1.75,1.4
12,27,2.75,5,3.0,2.4
7,8,2.5714285714285716,4,2.0,1.0
6,9,3.1666666666666665,5,1.6,1.6
7,9,2.5714285714285716,4,1.75,1.4
11,21,2.4545454545454546,4,2.5714285714285716,2.0
6,7,2.8333333333333335,4,1.6666666666666667,1.0
6,8,3.0,5,1.4,1.4
7,8,2.4285714285714284,4,1.5,1.0
8,8,2.375,4,2.0,1.0
7,8,2.5714285714285716,4,2.3333333333333335,1.1666666666666667
6,9,3.0,5,1.4,1.4
7,7,2.5714285714285716,4,2.0,1.0
8,11,2.75,4,2.5,1.4285714285714286
6,7,2.8333333333333335,4,1.6666666666666667,1.0
6,8,3.0,5,1.4,1.4
8,9,2.625,4,2.3333333333333335,1.0
7,8,3.0,5,1.75,1.1666666666666667
8,10,2.75,4,2.6666666666666665,1.1428571428571428
6,6,2.3333333333333335,4,1.6666666666666667,1.0
7,9,2.4285714285714284,4,1.4,1.1666666666666667
8,8,2.625,4,2.3333333333333335,1.0
7,7,2.4285714285714284,4,1.6666666666666667,1.0
6,10,2.8333333333333335,4,2.0,1.6
7,9,2.4285714285714284,4,1.5,1.0
8,9,2.625,4,2.6666666666666665,1.1428571428571428
7,7,2.2857142857142856,3,2.0,1.0
7,10,3.2857142857142856,5,1.8,1.5
6,7,2.3333333333333335,4,1.5,1.2
7,8,1.7142857142857142,3,2.0,1.0
6,6,2.1666666666666665,3,1.6666666666666667,1.0
7,7,1.4285714285714286,2,3.0,1.0
7,7,1.7142857142857142,3,1.5,1.0
8,11,2.75,4,3.0,1.2857142857142858
7,7,2.142857142857143,4,1.3333333333333333,1.0
7,8,2.5714285714285716,4,2.3333333333333335,1.1666666666666667
7,9,2.4285714285714284,4,1.4,1.1666666666666667
9,13,1.6666666666666667,3,2.0,1.5
10,25,2.8,5,2.0,2.25
8,8,1.25,2,2.0,1.0
11,24,2.727272727272727,5,2.5,2.2222222222222223
10,21,3.0,6,2.375,2.375
8,8,1.375,3,1.0,1.0
7,9,2.2857142857142856,4,1.3333333333333333,1.0
13,29,2.3846153846153846,4,2.4,2.1818181818181817
12,17,1.9166666666666667,4,3.0,1.5
12,26,2.75,6,3.0,2.4
13,26,2.6923076923076925,5,2.4,2.1818181818181817
13,22,2.4615384615384617,4,2.5714285714285716,1.6363636363636365
13,23,2.5384615384615383,5,2.625,1.9090909090909092
12,20,2.5833333333333335,5,2.5714285714285716,1.8
14,33,3.142857142857143,6,3.625,2.4166666666666665
8,10,3.5,5,1.8,1.2857142857142858
11,18,2.3636363636363638,4,1.875,1.6666666666666667
6,9,3.0,5,1.6,1.6
7,9,2.4285714285714284,4,1.4,1.1666666666666667
6,6,2.3333333333333335,4,1.6666666666666667,1.0
7,10,3.142857142857143,5,1.8,1.5
7,7,2.5714285714285716,4,2.0,1.0
8,10,2.75,4,2.25,1.2857142857142858
6,7,2.5,4,2.0,1.2
7,8,2.4285714285714284,4,1.4,1.1666666666666667
11,24,2.8181818181818183,6,2.3333333333333335,2.625
7,7,2.5714285714285716,4,2.0,1.0
7,8,2.5714285714285716,4,2.3333333333333335,1.1666666666666667
7,7,1.4285714285714286,2,3.0,1.0
7,7,1.4285714285714286,2,3.0,1.0
8,8,2.625,4,2.3333333333333335,1.0
7,7,2.5714285714285716,4,2.0,1.0
7,7,1.4285714285714286,2,3.0,1.0
7,7,1.4285714285714286,2,3.0,1.0
6,6,2.3333333333333335,4,1.6666666666666667,1.0
11,25,3.090909090909091,6,2.5555555555555554,2.5555555555555554
7,7,2.5714285714285716,4,2.0,1.0
8,12,2.625,4,2.5,1.4285714285714286
8,10,2.75,4,2.6666666666666665,1.1428571428571428
6,6,2.3333333333333335,4,1.3333333333333333,1.0
7,7,1.4285714285714286,2,3.0,1.0
6,6,2.3333333333333335,4,1.6666666666666667,1.0
7,7,1.7142857142857142,3,1.5,1.0
8,8,2.625,4,2.3333333333333335,1.0
7,8,2.5714285714285716,4,2.3333333333333335,1.1666666666666667
7,7,2.0,3,1.6666666666666667,1.0
7,8,1.4285714285714286,2,3.0,1.0
8,8,2.625,4,2.3333333333333335,1.0
9,14,1.7777777777777777,3,1.75,1.4
8,12,2.75,4,2.75,1.5714285714285714
7,9,2.7142857142857144,4,2.6666666666666665,1.3333333333333333
8,13,2.75,5,1.6666666666666667,1.4285714285714286
6,6,2.3333333333333335,4,1.6666666666666667,1.0
7,7,1.7142857142857142,3,1.5,1.0
10,22,2.7,6,2.0,2.5714285714285716
7,7,1.4285714285714286,3,1.0,1.0
6,6,1.5,3,1.0,1.0
12,17,1.75,3,2.25,1.2857142857142858
13,26,2.4615384615384617,4,3.3333333333333335,1.8181818181818181
13,20,2.3076923076923075,4,2.8,1.4
13,27,2.6923076923076925,5,3.0,1.9090909090909092
13,25,2.6153846153846154,5,2.75,2.0
13,24,1.8461538461538463,4,3.0,1.875
12,22,2.4166666666666665,4,2.7142857142857144,1.9
14,32,2.642857142857143,5,3.7142857142857144,2.3636363636363638
7,9,2.5714285714285716,4,1.75,1.4
12,23,2.75,5,2.857142857142857,2.0
8,8,2.625,4,2.3333333333333335,1.0
8,11,2.5,4,2.25,1.2857142857142858
6,7,2.8333333333333335,4,1.6666666666666667,1.0
7,10,2.5714285714285716,4,1.6,1.3333333333333333
7,7,1.4285714285714286,2,3.0,1.0
7,7,1.4285714285714286,2,3.0,1.0
8,8,2.625,4,2.3333333333333335,1.0
8,13,2.75,4,2.75,1.5714285714285714
7,9,2.7142857142857144,4,2.6666666666666665,1.3333333333333333
6,8,3.0,5,1.4,1.4
7,8,2.4285714285714284,4,1.5,1.0
8,8,2.625,4,2.3333333333333335,1.0
7,8,2.142857142857143,4,1.3333333333333333,1.0
7,11,2.5714285714285716,4,1.8,1.5
8,12,1.625,3,2.5,1.6666666666666667
7,8,2.4285714285714284,4,1.5,1.0
8,8,2.625,4,2.3333333333333335,1.0
8,12,1.75,3,1.75,1.75
6,7,2.3333333333333335,4,1.5,1.2
7,7,2.4285714285714284,4,1.5,1.0
7,7,1.4285714285714286,2,3.0,1.0
6,6,2.3333333333333335,4,1.6666666666666667,1.0
8,12,1.625,3,2.5,1.6666666666666667
6,9,3.1666666666666665,5,1.6,1.6
6,7,2.5,4,2.0,1.2
6,6,2.8333333333333335,4,1.6666666666666667,1.0
7,8,2.4285714285714284,4,1.4,1.1666666666666667
8,9,2.625,4,2.3333333333333335,1.0
9,11,1.4444444444444444,2,2.0,1.0
6,6,2.8333333333333335,4,1.6666666666666667,1.0
8,13,2.75,5,1.6666666666666667,1.4285714285714286
6,6,2.3333333333333335,4,1.6666666666666667,1.0
7,7,2.4285714285714284,4,1.5,1.0
7,8,2.4285714285714284,4,1.4,1.1666666666666667
7,9,2.7142857142857144,4,1.6,1.3333333333333333
7,7,2.5714285714285716,4,2.0,1.0
7,8,2.142857142857143,4,1.3333333333333333,1.0
7,8,2.5714285714285716,4,2.3333333333333335,1.1666666666666667
7,9,2.4285714285714284,4,1.5,1.0
7,9,2.7142857142857144,4,1.6,1.3333333333333333
7,9,2.5714285714285716,4,2.0,1.2
11,26,2.727272727272727,5,2.75,2.4444444444444446
6,7,2.3333333333333335,4,1.3333333333333333,1.0
7,7,2.5714285714285716,4,2.0,1.0
6,7,2.3333333333333335,4,1.5,1.2
10,22,2.1,3,5.666666666666667,2.4285714285714284
8,13,1.875,3,3.0,1.5
6,7,2.3333333333333335,4,1.5,1.2
7,8,1.7142857142857142,3,2.0,1.0
8,9,2.625,4,2.6666666666666665,1.1428571428571428
7,9,3.0,5,2.0,1.3333333333333333
7,8,2.5714285714285716,4,2.0,1.0
6,6,2.3333333333333335,4,1.6666666666666667,1.0
8,9,2.625,4,2.3333333333333335,1.0
9,11,1.4444444444444444,2,1.6666666666666667,1.25
6,6,2.8333333333333335,4,1.6666666666666667,1.0
7,8,1.7142857142857142,3,2.0,1.0
7,7,1.4285714285714286,2,3.0,1.0
6,6,2.3333333333333335,4,1.6666666666666667,1.0
7,8,2.4285714285714284,4,1.4,1.1666666666666667
8,11,2.75,4,3.0,1.2857142857142858
7,9,2.7142857142857144,4,2.6666666666666665,1.3333333333333333
9,11,1.4444444444444444,2,4.0,1.0
6,6,2.3333333333333335,4,1.6666666666666667,1.0
10,22,2.2,5,1.875,2.5
13,19,2.4615384615384617,4,2.8333333333333335,1.5454545454545454
13,21,2.5384615384615383,5,3.0,1.6363636363636365
13,34,3.0,6,3.2,2.909090909090909
8,9,3.5,5,1.6,1.1428571428571428
12,23,2.5,4,2.625,2.1
7,7,1.4285714285714286,2,3.0,1.0
7,7,1.4285714285714286,2,3.0,1.0
7,7,2.5714285714285716,4,2.0,1.0
8,9,2.75,4,2.3333333333333335,1.0
6,7,2.5,4,2.0,1.2
6,7,2.3333333333333335,4,1.5,1.2
7,8,1.7142857142857142,3,2.0,1.0
7,10,3.142857142857143,5,1.8,1.5
7,7,2.5714285714285716,4,2.0,1.0
9,11,1.8888888888888888,4,1.5,1.2
7,8,2.4285714285714284,4,1.4,1.1666666666666667
6,7,2.3333333333333335,4,1.5,1.2
6,7,2.5,4,2.0,1.2
7,7,2.5714285714285716,4,2.0,1.0
8,8,2.625,4,2.3333333333333335,1.0
8,10,2.75,4,2.25,1.2857142857142858
6,7,2.5,4,2.0,1.2
7,7,1.7142857142857142,3,1.5,1.0
7,7,2.5714285714285716,4,2.0,1.0
6,6,2.3333333333333335,4,1.6666666666666667,1.0
7,7,2.0,3,1.6666666666666667,1.0
10,21,3.0,6,2.111111111111111,2.375
8,9,1.75,3,2.0,1.0
9,12,1.4444444444444444,2,1.6666666666666667,1.25
7,8,2.4285714285714284,4,1.4,1.1666666666666667
7,9,2.7142857142857144,4,2.6666666666666665,1.3333333333333333
8,12,2.75,5,1.6666666666666667,1.4285714285714286
6,6,2.3333333333333335,4,1.6666666666666667,1.0
8,8,2.375,4,2.0,1.0
7,8,2.142857142857143,4,1.3333333333333333,1.0
7,8,2.5714285714285716,4,2.3333333333333335,1.1666666666666667
7,8,2.0,3,1.6666666666666667,1.0
7,11,3.142857142857143,5,1.8,1.5
8,8,2.375,4,2.0,1.0
8,10,2.75,4,2.6666666666666665,1.1428571428571428
7,9,2.7142857142857144,4,2.6666666666666665,1.3333333333333333
6,7,2.5,4,2.0,1.2
7,7,1.4285714285714286,2,3.0,1.0
8,15,2.5,5,1.5714285714285714,1.8333333333333333
8,10,2.0,3,2.5,1.0
11,20,2.4545454545454546,5,2.125,1.8888888888888888
8,8,2.375,4,2.0,1.0
8,15,2.625,4,2.6666666666666665,1.3333333333333333
6,6,2.8333333333333335,4,1.6666666666666667,1.0
7,7,2.4285714285714284,4,1.5,1.0
6,6,2.3333333333333335,4,1.6666666666666667,1.0
7,7,2.0,3,2.0,1.0
11,18,2.5454545454545454,4,2.5,1.6666666666666667
6,7,2.3333333333333335,4,1.3333333333333333,1.0
7,7,2.5714285714285716,4,2.0,1.0
7,9,2.7142857142857144,4,2.6666666666666665,1.3333333333333333
7,7,2.0,3,1.6666666666666667,1.0
7,7,1.7142857142857142,3,1.5,1.0
7,8,2.4285714285714284,4,1.5,1.0
6,6,2.3333333333333335,4,1.6666666666666667,1.0
7,8,2.0,3,1.6666666666666667,1.0
8,8,2.625,4,2.3333333333333335,1.0
7,10,3.0,5,1.8,1.5
8,10,2.75,4,2.6666666666666665,1.1428571428571428
6,8,2.5,4,1.75,1.4
8,8,2.625,4,2.3333333333333335,1.0
8,10,2.5,4,2.0,1.1428571428571428
6,6,2.3333333333333335,4,1.6666666666666667,1.0
7,7,1.7142857142857142,3,1.5,1.0
6,10,3.1666666666666665,5,1.8,1.8
8,8,2.625,4,2.3333333333333335,1.0
8,11,1.625,3,1.5,1.5
7,8,2.4285714285714284,4,1.5,1.0
6,6,2.3333333333333335,4,1.6666666666666667,1.0
6,6,2.1666666666666665,3,1.6666666666666667,1.0
7,8,2.142857142857143,4,1.3333333333333333,1.0
7,10,2.5714285714285716,4,1.6,1.3333333333333333
7,7,2.4285714285714284,4,1.5,1.0
6,6,2.3333333333333335,4,1.6666666666666667,1.0
10,22,2.4,5,2.0,2.2857142857142856
7,7,2.5714285714285716,4,2.0,1.0
8,10,2.5,4,2.0,1.1428571428571428
6,6,2.3333333333333335,4,1.6666666666666667,1.0
11,25,2.909090909090909,6,2.2222222222222223,2.5
6,9,3.0,5,1.6,1.6
8,9,2.625,4,2.3333333333333335,1.0
7,9,3.0,5,2.0,1.3333333333333333
6,7,2.3333333333333335,4,1.3333333333333333,1.0
8,9,2.625,4,2.3333333333333335,1.0
7,7,1.5714285714285714,2,2.0,1.0
7,9,2.4285714285714284,4,1.5,1.0
7,9,2.5714285714285716,4,2.0,1.3333333333333333
7,9,2.7142857142857144,4,1.6,1.3333333333333333
7,9,2.5714285714285716,4,2.0,1.2
11,20,2.6363636363636362,4,2.6666666666666665,1.7777777777777777
6,7,2.8333333333333335,4,1.6666666666666667,1.0
7,7,2.5714285714285716,4,2.0,1.0
7,7,2.142857142857143,4,1.3333333333333333,1.0
7,9,2.4285714285714284,4,1.4,1.1666666666666667
6,7,2.5,4,2.0,1.2
7,7,2.4285714285714284,4,1.5,1.0
7,12,3.142857142857143,5,1.8,1.5
8,9,2.625,4,2.3333333333333335,1.0
7,10,3.0,5,1.8,1.5
6,6,2.3333333333333335,4,1.3333333333333333,1.0
8,9,2.625,4,2.3333333333333335,1.0
7,7,1.5714285714285714,2,2.0,1.0
6,7,2.5,4,2.0,1.2
8,13,2.75,5,1.6666666666666667,1.4285714285714286
6,6,2.3333333333333335,4,1.6666666666666667,1.0
8,10,2.625,4,2.6666666666666665,1.1428571428571428
7,9,2.7142857142857144,4,2.6666666666666665,1.3333333333333333
7,9,2.4285714285714284,4,1.4,1.1666666666666667
6,9,2.8333333333333335,4,1.75,1.4
6,6,2.8333333333333335,4,1.6666666666666667,1.0
8,10,2.5,4,2.6666666666666665,1.3333333333333333
7,8,3.0,5,1.75,1.1666666666666667
7,9,2.5714285714285716,4,1.75,1.1666666666666667
6,6,2.3333333333333335,4,1.6666666666666667,1.0
8,8,2.375,4,2.0,1.0
7,7,1.5714285714285714,2,2.0,1.0
7,9,2.7142857142857144,4,2.6666666666666665,1.3333333333333333
6,7,2.3333333333333335,4,1.6666666666666667,1.0
6,6,2.3333333333333335,4,1.6666666666666667,1.0
7,12,3.142857142857143,5,1.8,1.5
8,10,2.5,4,2.6666666666666665,1.3333333333333333
6,7,3.0,5,1.5,1.2
6,7,2.8333333333333335,4,1.6666666666666667,1.0
7,9,2.7142857142857144,4,2.0,1.3333333333333333
7,8,1.7142857142857142,3,2.0,1.3333333333333333
8,13,2.5,4,1.8333333333333333,1.5714285714285714
6,7,2.8333333333333335,4,1.6666666666666667,1.0
7,8,1.7142857142857142,3,2.0,1.0
7,8,2.0,3,2.0,1.2
8,8,2.625,4,2.3333333333333335,1.0
8,9,2.5,4,1.75,1.0
8,10,2.75,4,2.6666666666666665,1.1428571428571428
7,9,2.7142857142857144,4,2.6666666666666665,1.3333333333333333
7,7,2.5714285714285716,4,2.0,1.0
8,8,2.625,4,2.3333333333333335,1.0
8,10,2.75,4,2.25,1.2857142857142858
6,7,2.3333333333333335,4,1.5,1.2
6,9,2.5,4,1.6,1.6
8,8,2.625,4,2.3333333333333335,1.0
8,9,2.75,4,2.3333333333333335,1.0
7,8,2.5714285714285716,4,2.3333333333333335,1.1666666666666667
7,7,2.4285714285714284,4,1.5,1.0
11,25,2.6363636363636362,5,2.2222222222222223,2.5
8,8,2.625,4,2.3333333333333335,1.0
8,9,2.75,4,2.3333333333333335,1.0
7,8,2.5714285714285716,4,2.3333333333333335,1.1666666666666667
7,7,1.7142857142857142,3,1.5,1.0
8,8,2.625,4,2.3333333333333335,1.0
8,11,2.625,4,2.25,1.2857142857142858
6,6,2.8333333333333335,4,1.6666666666666667,1.0
7,8,1.7142857142857142,3,2.0,1.0
7,7,1.4285714285714286,2,3.0,1.0
8,8,2.625,4,2.3333333333333335,1.0
8,10,2.75,4,2.6666666666666665,1.1428571428571428
6,7,2.3333333333333335,4,1.5,1.2
6,7,2.5,4,2.0,1.2
7,7,1.4285714285714286,2,3.0,1.0
7,11,3.4285714285714284,5,2.0,1.6666666666666667
14,27,3.5,6,3.125,2.0833333333333335
11,21,2.3636363636363638,4,2.125,1.8888888888888888
6,7,2.8333333333333335,4,1.6666666666666667,1.0
8,13,2.75,5,1.6666666666666667,1.4285714285714286
6,6,2.3333333333333335,4,1.6666666666666667,1.0
8,8,2.625,4,2.3333333333333335,1.0
8,8,2.5,4,1.75,1.0
8,10,2.75,4,2.6666666666666665,1.1428571428571428
6,6,2.3333333333333335,4,1.6666666666666667,1.0
8,8,2.625,4,2.3333333333333335,1.0
8,12,1.625,3,1.6666666666666667,1.25
6,7,2.8333333333333335,4,1.6666666666666667,1.0
7,7,2.0,3,1.6666666666666667,1.0
6,10,3.1666666666666665,5,1.8,1.8
6,6,2.3333333333333335,4,1.6666666666666667,1.0
7,8,2.4285714285714284,4,1.4,1.1666666666666667
7,7,2.5714285714285716,4,2.0,1.0
6,7,2.5,4,2.0,1.2
6,6,2.8333333333333335,4,1.6666666666666667,1.0
7,8,2.4285714285714284,4,1.5,1.0
7,7,1.7142857142857142,3,1.5,1.0
8,8,2.625,4,2.3333333333333335,1.0
8,12,2.625,4,2.5,1.4285714285714286
7,9,2.7142857142857144,4,2.6666666666666665,1.3333333333333333
8,14,2.75,5,1.6666666666666667,1.4285714285714286
6,6,2.3333333333333335,4,1.6666666666666667,1.0
7,7,1.7142857142857142,3,1.5,1.0
8,8,2.625,4,2.3333333333333335,1.0
8,10,2.75,4,2.6666666666666665,1.1428571428571428
6,7,2.3333333333333335,4,1.5,1.2
8,8,2.625,4,2.3333333333333335,1.0
9,13,1.6666666666666667,3,2.3333333333333335,1.75
7,7,2.2857142857142856,3,2.0,1.0
7,10,1.7142857142857142,3,2.5,1.6666666666666667
6,10,3.1666666666666665,5,1.8,1.8
8,14,3.5,6,2.0,1.7142857142857142
8,9,2.625,4,2.3333333333333335,1.0
7,9,2.7142857142857144,4,2.6666666666666665,1.3333333333333333
7,9,2.4285714285714284,4,1.4,1.1666666666666667
7,7,1.4285714285714286,2,3.0,1.0
8,9,2.625,4,2.3333333333333335,1.0
7,8,2.4285714285714284,4,2.0,1.2
7,9,2.7142857142857144,4,2.6666666666666665,1.3333333333333333
7,9,2.4285714285714284,4,1.5,1.0
11,27,2.6363636363636362,5,2.875,2.875
7,7,1.4285714285714286,2,3.0,1.0
7,10,2.857142857142857,5,2.0,1.6
10,18,2.6,5,2.5,1.875
6,7,2.5,4,2.0,1.2
7,7,2.4285714285714284,4,1.5,1.0
6,6,1.8333333333333333,3,1.5,1.0
6,6,2.3333333333333335,4,1.6666666666666667,1.0
7,7,1.4285714285714286,2,3.0,1.0
7,7,1.4285714285714286,2,3.0,1.0
8,9,2.625,4,2.6666666666666665,1.1428571428571428
8,13,2.75,4,2.75,1.5714285714285714
7,9,2.7142857142857144,4,2.6666666666666665,1.3333333333333333
6,10,3.0,5,1.6,1.6
7,9,2.4285714285714284,4,1.75,1.1666666666666667
8,9,2.625,4,2.6666666666666665,1.1428571428571428
8,10,2.75,4,2.6666666666666665,1.1428571428571428
6,7,2.5,4,2.0,1.2
6,6,1.8333333333333333,3,1.5,1.0
8,9,2.625,4,2.6666666666666665,1.1428571428571428
9,10,1.4444444444444444,2,1.6666666666666667,1.25
6,6,2.8333333333333335,4,1.6666666666666667,1.0
6,6,2.8333333333333335,4,1.6666666666666667,1.0
7,7,1.4285714285714286,2,3.0,1.0
8,9,2.625,4,2.6666666666666665,1.1428571428571428
7,9,2.7142857142857144,4,2.6666666666666665,1.3333333333333333
7,8,2.4285714285714284,4,1.5,1.0
7,7,2.4285714285714284,4,1.5,1.0
7,7,1.7142857142857142,3,1.5,1.0
8,9,2.625,4,2.6666666666666665,1.1428571428571428
7,9,2.7142857142857144,4,2.6666666666666665,1.3333333333333333
7,8,2.4285714285714284,4,1.5,1.0
8,10,2.625,4,2.6666666666666665,1.1428571428571428
7,8,2.142857142857143,4,1.6666666666666667,1.0
7,10,2.5714285714285716,4,2.0,1.3333333333333333
7,8,2.142857142857143,4,1.3333333333333333,1.0
6,9,3.0,5,1.6,1.6
6,8,2.5,4,1.75,1.4
8,10,2.625,4,2.6666666666666665,1.1428571428571428
7,8,2.142857142857143,4,1.3333333333333333,1.0
6,8,3.0,5,1.75,1.4
7,9,2.4285714285714284,4,1.4,1.1666666666666667
6,6,2.8333333333333335,4,1.6666666666666667,1.0
9,13,1.8888888888888888,3,2.6666666666666665,1.6
6,6,2.3333333333333335,4,1.6666666666666667,1.0
7,10,2.142857142857143,4,1.6666666666666667,1.25
11,20,2.6363636363636362,4,2.6666666666666665,1.7777777777777777
6,7,2.3333333333333335,4,1.3333333333333333,1.0
8,10,2.125,4,1.6666666666666667,1.0
7,9,2.7142857142857144,4,2.0,1.3333333333333333
8,9,2.5,4,1.6,1.1428571428571428
8,10,2.75,4,2.6666666666666665,1.1428571428571428
6,7,2.3333333333333335,4,1.5,1.2
6,6,2.3333333333333335,4,1.6666666666666667,1.0
10,24,2.5,5,2.375,2.7142857142857144
7,7,1.4285714285714286,3,1.0,1.0
13,29,2.6923076923076925,5,2.7777777777777777,2.272727272727273
7,10,2.2857142857142856,4,1.5,1.2
8,11,2.75,4,2.0,1.4285714285714286
7,10,2.4285714285714284,4,1.6,1.3333333333333333
6,6,1.8333333333333333,3,1.5,1.0
7,8,2.5714285714285716,4,1.75,1.1666666666666667
7,7,2.5714285714285716,4,2.0,1.0
6,7,2.8333333333333335,4,1.6666666666666667,1.0
8,12,2.75,5,1.6666666666666667,1.4285714285714286
6,6,2.3333333333333335,4,1.6666666666666667,1.0
6,8,2.5,4,1.75,1.4
11,29,2.909090909090909,6,2.888888888888889,2.888888888888889
7,7,2.5714285714285716,4,2.0,1.0
8,9,2.75,4,2.3333333333333335,1.0
7,8,2.5714285714285716,4,2.3333333333333335,1.1666666666666667
7,7,1.7142857142857142,3,1.5,1.0
8,8,2.625,4,2.3333333333333335,1.0
7,9,2.7142857142857144,4,2.6666666666666665,1.3333333333333333
7,9,2.0,3,1.6666666666666667,1.0
7,8,2.5714285714285716,4,1.75,1.1666666666666667
8,8,2.625,4,2.3333333333333335,1.0
7,8,2.5714285714285716,4,2.3333333333333335,1.1666666666666667
7,7,1.7142857142857142,3,1.5,1.0
8,8,2.625,4,2.3333333333333335,1.0
6,6,2.3333333333333335,4,1.3333333333333333,1.0
7,7,1.4285714285714286,2,3.0,1.0
8,8,2.625,4,2.3333333333333335,1.0
7,8,2.142857142857143,4,1.3333333333333333,1.0
7,10,2.4285714285714284,4,1.6,1.3333333333333333
7,12,2.0,3,3.0,1.5
7,9,2.4285714285714284,4,1.75,1.1666666666666667
8,8,2.625,4,2.3333333333333335,1.0
8,10,1.75,3,2.0,1.5
6,6,2.8333333333333335,4,1.6666666666666667,1.0
7,8,2.4285714285714284,4,1.5,1.0
6,6,2.3333333333333335,4,1.6666666666666667,1.0
7,7,2.4285714285714284,4,1.5,1.0
7,9,2.7142857142857144,4,1.6,1.3333333333333333
7,11,2.857142857142857,5,2.0,1.6
11,22,2.5454545454545454,5,2.25,2.0
7,7,2.5714285714285716,4,2.0,1.0
8,8,2.625,4,2.3333333333333335,1.0
8,13,2.75,4,2.75,1.5714285714285714
6,6,2.3333333333333335,4,1.3333333333333333,1.0
7,9,2.4285714285714284,4,1.4,1.1666666666666667
7,7,1.4285714285714286,2,3.0,1.0
7,7,1.4285714285714286,2,3.0,1.0
8,8,2.625,4,2.3333333333333335,1.0
8,12,1.625,3,1.6666666666666667,1.25
6,7,2.8333333333333335,4,1.6666666666666667,1.0
7,7,2.0,3,1.6666666666666667,1.0
6,10,3.1666666666666665,5,1.8,1.8
7,9,2.0,3,1.6666666666666667,1.0
6,6,2.8333333333333335,4,1.6666666666666667,1.0
7,7,1.4285714285714286,2,3.0,1.0
8,8,2.625,4,2.3333333333333335,1.0
8,9,2.625,4,2.0,1.1428571428571428
7,9,2.5714285714285716,4,2.0,1.3333333333333333
8,8,2.625,4,2.3333333333333335,1.0
8,9,1.5,2,1.6666666666666667,1.25
7,9,2.7142857142857144,4,2.6666666666666665,1.3333333333333333
7,7,2.4285714285714284,4,1.5,1.0
11,26,3.090909090909091,6,2.75,2.4444444444444446
7,7,1.7142857142857142,3,1.5,1.0
8,9,2.625,4,2.6666666666666665,1.1428571428571428
9,11,1.4444444444444444,2,1.6666666666666667,1.25
6,6,2.8333333333333335,4,1.6666666666666667,1.0
7,7,1.4285714285714286,2,3.0,1.0
8,14,3.5,6,2.0,1.7142857142857142
7,8,2.5714285714285716,4,2.3333333333333335,1.1666666666666667
11,17,2.727272727272727,5,2.3333333333333335,1.5555555555555556
6,7,2.3333333333333335,4,1.5,1.2
6,9,3.0,5,1.6,1.6
6,6,2.3333333333333335,4,1.6666666666666667,1.0
8,10,2.5,4,1.6,1.1428571428571428
6,6,2.8333333333333335,4,1.6666666666666667,1.0
7,7,1.7142857142857142,3,1.5,1.0
7,9,2.7142857142857144,4,1.6,1.3333333333333333
7,9,2.5714285714285716,4,2.0,1.2
7,10,2.857142857142857,4,3.0,1.5
7,8,2.4285714285714284,4,1.5,1.0
7,7,1.4285714285714286,2,3.0,1.0
7,8,2.5714285714285716,4,2.3333333333333335,1.1666666666666667
8,9,2.625,4,2.0,1.1428571428571428
6,7,2.5,4,2.0,1.2
9,13,1.6666666666666667,3,2.3333333333333335,1.75
6,6,2.3333333333333335,4,1.6666666666666667,1.0
8,9,2.625,4,2.6666666666666665,1.1428571428571428
7,9,2.7142857142857144,4,2.6666666666666665,1.3333333333333333
8,9,2.625,4,2.6666666666666665,1.1428571428571428
8,12,3.375,5,2.5,1.4285714285714286
7,10,2.857142857142857,4,3.0,1.5
7,7,1.7142857142857142,3,1.5,1.0
7,7,1.7142857142857142,3,1.5,1.0
6,6,2.1666666666666665,3,1.6666666666666667,1.0
7,8,2.0,3,1.6666666666666667,1.0
8,9,2.625,4,2.6666666666666665,1.1428571428571428
7,7,2.4285714285714284,4,1.6666666666666667,1.0
7,7,1.4285714285714286,2,3.0,1.0
8,10,2.625,4,2.6666666666666665,1.1428571428571428
8,10,2.75,4,2.6666666666666665,1.1428571428571428
6,7,2.5,4,2.0,1.2
7,7,2.4285714285714284,4,1.5,1.0
10,22,2.4,5,1.7777777777777777,2.2857142857142856
6,7,1.5,3,1.0,1.0
6,7,1.5,3,1.0,1.0
13,24,2.0,3,2.6666666666666665,1.7777777777777777
12,14,1.6666666666666667,3,3.5,1.0
13,23,2.4615384615384617,4,3.3333333333333335,1.8181818181818181
13,26,2.769230769230769,5,3.0,1.9090909090909092
13,23,2.3846153846153846,4,2.4285714285714284,1.5454545454545454
13,29,2.5384615384615383,5,2.3636363636363638,2.3636363636363638
12,22,2.5833333333333335,5,1.8888888888888888,1.7
12,22,2.4166666666666665,4,2.7142857142857144,1.9
14,36,2.7142857142857144,5,3.625,2.6363636363636362
8,11,3.25,5,1.8,1.2857142857142858
12,20,2.8333333333333335,5,2.4285714285714284,1.7
5,5,1.8,3,1.0,1.0
7,12,3.142857142857143,5,1.8,1.5
8,11,2.75,4,3.0,1.2857142857142858
7,8,2.142857142857143,4,1.3333333333333333,1.0
7,8,1.7142857142857142,3,2.0,1.0
6,6,2.8333333333333335,4,1.6666666666666667,1.0
8,16,3.5,6,2.0,1.7142857142857142
6,6,2.3333333333333335,4,1.6666666666666667,1.0
8,9,2.625,4,2.3333333333333335,1.0
12,22,2.25,4,2.25,1.8
7,8,2.5714285714285716,4,2.3333333333333335,1.1666666666666667
6,7,2.5,4,2.0,1.2
7,9,2.4285714285714284,4,1.75,1.1666666666666667
7,8,2.0,3,2.0,1.0
6,6,2.1666666666666665,3,1.6666666666666667,1.0
8,8,2.625,4,2.3333333333333335,1.0
8,10,2.625,4,2.25,1.2857142857142858
6,7,2.8333333333333335,4,2.0,1.2
7,8,2.4285714285714284,4,1.5,1.0
6,6,2.3333333333333335,4,1.6666666666666667,1.0
8,12,3.5,5,2.0,1.4285714285714286
11,20,2.5454545454545454,4,2.4285714285714284,1.8888888888888888
8,10,2.75,4,2.6666666666666665,1.1428571428571428
6,7,2.5,4,2.0,1.2
7,8,2.0,3,2.0,1.2
8,8,2.625,4,2.3333333333333335,1.0
8,12,2.625,4,2.5,1.4285714285714286
6,6,2.3333333333333335,4,1.3333333333333333,1.0
6,7,1.8333333333333333,3,2.0,1.0
7,7,1.4285714285714286,2,3.0,1.0
7,7,1.7142857142857142,3,1.5,1.0
8,8,2.625,4,2.3333333333333335,1.0
8,14,2.25,4,2.3333333333333335,1.4
7,9,2.7142857142857144,4,2.6666666666666665,1.3333333333333333
7,10,2.4285714285714284,4,1.6,1.3333333333333333
8,8,2.625,4,2.3333333333333335,1.0
8,12,2.625,4,2.5,1.4285714285714286
7,8,2.5714285714285716,4,2.3333333333333335,1.1666666666666667
6,10,2.5,4,1.6,1.6
7,8,2.0,3,2.0,1.2
6,6,2.3333333333333335,4,1.6666666666666667,1.0
7,7,1.7142857142857142,3,1.5,1.0
7,7,1.7142857142857142,3,1.5,1.0
7,10,3.142857142857143,5,1.8,1.5
8,9,2.625,4,2.3333333333333335,1.0
6,7,2.3333333333333335,4,1.6666666666666667,1.25
7,8,1.7142857142857142,3,2.0,1.0
8,9,2.625,4,2.3333333333333335,1.0
7,7,2.5714285714285716,4,2.0,1.0
6,6,2.3333333333333335,4,1.3333333333333333,1.0
7,10,2.5714285714285716,4,1.6,1.3333333333333333
7,7,1.7142857142857142,3,2.0,1.0
8,8,2.625,4,2.3333333333333335,1.0
8,8,2.5,4,1.75,1.0
8,10,2.75,4,2.6666666666666665,1.1428571428571428
6,7,2.3333333333333335,4,1.3333333333333333,1.0
7,8,2.4285714285714284,4,1.5,1.0
8,10,1.375,2,3.0,1.0
7,9,2.4285714285714284,4,1.75,1.1666666666666667
6,8,2.5,4,1.4,1.4
7,7,1.7142857142857142,3,1.5,1.0
8,8,2.625,4,2.3333333333333335,1.0
8,12,1.625,3,1.6666666666666667,1.25
7,9,2.7142857142857144,4,2.6666666666666665,1.3333333333333333
7,8,2.4285714285714284,4,1.4,1.1666666666666667
8,8,2.625,4,2.3333333333333335,1.0
9,12,1.4444444444444444,2,1.6666666666666667,1.25
7,9,2.4285714285714284,4,1.75,1.1666666666666667
6,6,2.3333333333333335,4,1.6666666666666667,1.0
7,7,1.7142857142857142,3,1.5,1.0
7,7,1.7142857142857142,3,1.5,1.0
10,22,2.7,6,2.0,2.5714285714285716
6,6,1.5,3,1.0,1.0
6,7,1.5,3,1.0,1.0
12,18,1.75,3,2.0,1.4285714285714286
13,15,1.6153846153846154,3,3.5,1.0
12,26,2.4166666666666665,5,2.5555555555555554,2.3
12,27,2.4166666666666665,5,2.625,2.1
13,31,2.769230769230769,6,2.7,2.4545454545454546
12,21,2.5,5,2.5714285714285716,1.8
14,37,2.7857142857142856,5,4.285714285714286,2.727272727272727
7,9,2.5714285714285716,4,1.75,1.4
10,15,2.5,5,1.7142857142857142,1.5
6,7,2.8333333333333335,4,1.6666666666666667,1.0
7,10,2.5714285714285716,4,1.6,1.3333333333333333
7,8,2.4285714285714284,4,1.5,1.0
8,10,1.375,2,3.0,1.0
7,9,2.0,3,1.6666666666666667,1.0
6,7,2.5,4,2.0,1.2
7,8,2.4285714285714284,4,1.4,1.1666666666666667
8,9,1.25,2,2.0,1.0
7,11,3.142857142857143,5,1.8,1.5
7,8,2.5714285714285716,4,2.3333333333333335,1.1666666666666667
7,8,3.0,5,1.75,1.1666666666666667
7,8,2.5714285714285716,4,2.0,1.0
6,6,2.3333333333333335,4,1.3333333333333333,1.0
7,10,2.5714285714285716,4,1.6,1.3333333333333333
8,9,2.625,4,2.6666666666666665,1.1428571428571428
8,13,2.375,5,1.5,1.2
7,9,2.7142857142857144,4,2.6666666666666665,1.3333333333333333
7,8,2.4285714285714284,4,1.4,1.1666666666666667
7,7,1.7142857142857142,3,1.5,1.0
6,8,3.0,5,1.4,1.4
8,8,2.625,4,2.3333333333333335,1.0
8,10,2.75,4,2.25,1.2857142857142858
6,7,2.8333333333333335,4,1.6666666666666667,1.0
6,8,3.0,5,1.4,1.4
8,9,2.625,4,2.3333333333333335,1.0
7,9,2.4285714285714284,4,1.5,1.0
6,6,2.8333333333333335,4,1.6666666666666667,1.0
8,13,2.75,5,1.6666666666666667,1.4285714285714286
6,6,2.3333333333333335,4,1.6666666666666667,1.0
8,9,2.625,4,2.6666666666666665,1.1428571428571428
7,7,2.142857142857143,4,1.3333333333333333,1.0
6,7,2.8333333333333335,4,1.6666666666666667,1.0
8,10,2.625,4,2.6666666666666665,1.1428571428571428
7,7,1.5714285714285714,2,2.0,1.0
6,7,2.3333333333333335,4,1.5,1.2
6,6,2.1666666666666665,3,1.6666666666666667,1.0
6,6,2.3333333333333335,4,1.6666666666666667,1.0
8,11,2.75,4,3.0,1.2857142857142858
7,9,2.2857142857142856,3,2.0,1.3333333333333333
7,7,1.7142857142857142,3,1.5,1.0
8,11,2.75,4,3.0,1.2857142857142858
11,25,2.727272727272727,5,2.625,2.3333333333333335
11,26,2.3636363636363638,5,2.5714285714285716,2.5714285714285716
7,8,1.4285714285714286,3,1.0,1.0
6,6,1.1666666666666667,2,1.0,1.0
12,26,3.0833333333333335,6,2.75,2.2
13,17,1.6923076923076923,3,4.0,1.1428571428571428
13,27,2.923076923076923,5,3.3333333333333335,1.8181818181818181
13,20,1.8461538461538463,4,2.4,1.5
7,9,2.7142857142857144,4,2.0,1.3333333333333333
8,14,2.75,4,2.4,1.7142857142857142
6,8,2.8333333333333335,4,2.0,1.2
7,10,2.5714285714285716,4,1.6,1.3333333333333333
7,8,1.7142857142857142,3,2.0,1.0
7,7,1.4285714285714286,2,3.0,1.0
11,26,2.6363636363636362,5,3.6666666666666665,2.75
7,8,1.4285714285714286,3,1.0,1.0
6,7,1.5,3,1.0,1.0
13,23,1.6923076923076923,3,2.6666666666666665,2.0
13,22,1.8461538461538463,4,3.0,1.875
13,27,2.6923076923076925,5,3.2857142857142856,2.090909090909091
12,20,2.1666666666666665,4,2.0,1.5555555555555556
12,17,2.0,3,4.333333333333333,1.4444444444444444
12,19,2.3333333333333335,4,2.6666666666666665,1.6
13,23,2.3846153846153846,4,2.857142857142857,1.8181818181818181
13,25,2.5384615384615383,5,2.4444444444444446,2.0
12,23,2.5833333333333335,5,2.5,2.0
14,30,2.642857142857143,5,3.5714285714285716,2.272727272727273
8,11,3.5,5,2.0,1.4285714285714286
12,26,3.0833333333333335,6,3.2857142857142856,2.3
7,8,2.5714285714285716,4,2.0,1.0
6,7,2.5,4,2.0,1.2
7,8,2.7142857142857144,4,2.3333333333333335,1.1666666666666667
7,10,3.142857142857143,5,1.8,1.5
7,7,2.5714285714285716,4,2.0,1.0
8,9,2.625,4,2.6666666666666665,1.1428571428571428
6,7,2.8333333333333335,4,1.6666666666666667,1.0
7,11,3.0,5,1.8,1.5
7,7,2.5714285714285716,4,2.0,1.0
8,10,2.75,4,2.25,1.2857142857142858
6,6,2.3333333333333335,4,1.6666666666666667,1.0
6,8,2.5,4,1.75,1.4
7,9,2.4285714285714284,4,1.4,1.1666666666666667
8,8,2.625,4,2.3333333333333335,1.0
8,10,2.75,4,2.25,1.2857142857142858
7,9,2.5714285714285716,4,2.0,1.3333333333333333
7,7,2.5714285714285716,4,2.0,1.0
8,9,1.5,2,1.6666666666666667,1.25
7,9,2.7142857142857144,4,2.6666666666666665,1.3333333333333333
7,12,2.0,3,3.0,1.5
6,6,2.3333333333333335,4,1.6666666666666667,1.0
10,20,3.3,6,2.125,2.125
6,6,1.5,3,1.0,1.0
6,6,1.5,3,1.0,1.0
13,26,2.5384615384615383,5,3.1666666666666665,1.9
13,27,2.3846153846153846,4,2.625,1.9090909090909092
13,29,2.8461538461538463,6,3.2857142857142856,2.3
13,27,2.3846153846153846,4,2.625,1.9090909090909092
14,29,2.357142857142857,4,2.6,2.1666666666666665
12,22,2.25,5,2.0,1.7777777777777777
13,29,2.6153846153846154,6,2.6,2.3636363636363638
13,20,2.4615384615384617,4,2.125,1.5454545454545454
13,24,2.5384615384615383,5,2.3333333333333335,1.9090909090909092
14,33,2.7857142857142856,5,3.857142857142857,2.4545454545454546
7,10,3.142857142857143,5,1.6,1.3333333333333333
12,25,2.5833333333333335,5,3.142857142857143,2.2
6,7,2.3333333333333335,4,1.5,1.2
7,7,1.4285714285714286,2,3.0,1.0
7,7,1.4285714285714286,2,3.0,1.0
7,7,2.5714285714285716,4,2.0,1.0
7,9,2.7142857142857144,4,2.6666666666666665,1.3333333333333333
6,7,2.5,4,2.0,1.2
7,7,2.4285714285714284,4,1.5,1.0
11,20,2.090909090909091,4,2.8,2.3333333333333335
7,7,1.4285714285714286,2,3.0,1.0
7,7,2.5714285714285716,4,2.0,1.0
7,7,2.4285714285714284,4,1.6666666666666667,1.0
7,7,1.4285714285714286,2,3.0,1.0
7,7,2.5714285714285716,4,2.0,1.0
7,8,2.142857142857143,4,1.3333333333333333,1.0
7,11,2.5714285714285716,4,1.8,1.5
8,12,1.625,3,2.5,1.6666666666666667
7,8,2.4285714285714284,4,1.5,1.0
8,8,2.625,4,2.3333333333333335,1.0
7,9,2.7142857142857144,4,2.6666666666666665,1.3333333333333333
8,8,2.625,4,2.3333333333333335,1.0
7,8,2.5714285714285716,4,1.75,1.1666666666666667
6,6,2.3333333333333335,4,1.3333333333333333,1.0
7,11,3.0,5,1.8,1.5
7,9,2.4285714285714284,4,1.4,1.1666666666666667
8,10,1.375,2,3.0,1.0
8,8,2.625,4,2.3333333333333335,1.0
7,7,2.4285714285714284,4,1.6666666666666667,1.0
7,8,2.4285714285714284,4,1.4,1.1666666666666667
6,6,2.3333333333333335,4,1.6666666666666667,1.0
9,20,3.2222222222222223,6,1.875,2.142857142857143
6,6,1.5,3,1.0,1.0
6,7,1.5,3,1.0,1.0
13,24,2.0,3,2.6666666666666665,1.7777777777777777
13,29,2.923076923076923,5,2.75,2.0
13,29,3.1538461538461537,6,3.5714285714285716,2.272727272727273
12,16,1.6666666666666667,3,2.25,1.2857142857142858
13,21,1.9230769230769231,3,5.0,1.6666666666666667
13,24,2.4615384615384617,4,2.7142857142857144,1.7272727272727273
13,26,2.3846153846153846,4,2.5555555555555554,2.090909090909091
14,32,2.5,5,2.6363636363636362,2.4166666666666665
12,22,2.5833333333333335,5,2.7142857142857144,1.9
14,35,2.7142857142857144,5,3.5,2.5454545454545454
7,9,2.5714285714285716,4,1.75,1.4
11,18,2.727272727272727,5,1.875,1.6666666666666667
5,6,3.0,5,1.0,1.0
7,8,2.4285714285714284,4,1.5,1.0
7,12,3.142857142857143,5,1.8,1.5
7,9,2.7142857142857144,4,2.6666666666666665,1.3333333333333333
8,10,2.5,4,2.0,1.1428571428571428
7,10,3.2857142857142856,5,1.8,1.5
7,7,2.5714285714285716,4,2.0,1.0
12,19,2.8333333333333335,5,2.2857142857142856,1.6
7,10,2.857142857142857,4,3.0,1.5
6,7,2.5,4,2.0,1.2
7,9,2.4285714285714284,4,1.4,1.1666666666666667
6,8,3.0,5,1.4,1.4
7,7,2.5714285714285716,4,2.0,1.0
10,18,2.5,5,2.0,1.75
6,7,2.3333333333333335,4,1.5,1.2
6,6,2.8333333333333335,4,1.6666666666666667,1.0
6,6,2.3333333333333335,4,1.6666666666666667,1.0
9,11,1.4444444444444444,2,4.0,1.0
6,6,2.3333333333333335,4,1.6666666666666667,1.0
7,12,3.142857142857143,5,1.8,1.5
7,8,2.7142857142857144,4,2.3333333333333335,1.1666666666666667
11,25,2.727272727272727,5,2.625,2.3333333333333335
7,8,2.7142857142857144,4,2.3333333333333335,1.1666666666666667
7,10,2.857142857142857,4,3.0,1.5
7,8,2.4285714285714284,4,1.5,1.0
8,11,2.75,4,3.0,1.2857142857142858
6,7,3.0,5,1.5,1.2
7,8,1.5714285714285714,3,2.0,1.3333333333333333
7,8,2.7142857142857144,4,2.3333333333333335,1.1666666666666667
11,21,2.727272727272727,5,2.0,1.75
6,6,2.8333333333333335,4,1.6666666666666667,1.0
7,8,2.4285714285714284,4,1.75,1.1666666666666667
7,8,2.0,3,2.0,1.2
8,13,3.5,6,2.0,1.7142857142857142
7,10,3.4285714285714284,5,1.6,1.3333333333333333
13,24,2.3846153846153846,4,2.625,1.9090909090909092
6,7,2.8333333333333335,4,2.0,1.2
6,7,2.3333333333333335,4,1.6666666666666667,1.0
6,6,2.3333333333333335,4,1.6666666666666667,1.0
7,7,2.5714285714285716,4,2.0,1.0
12,24,2.75,4,2.625,2.1
7,9,2.4285714285714284,4,1.75,1.1666666666666667
6,7,2.5,4,2.0,1.2
6,8,2.5,4,1.75,1.4
7,8,2.4285714285714284,4,1.4,1.1666666666666667
7,8,2.7142857142857144,4,2.3333333333333335,1.1666666666666667
7,11,3.4285714285714284,6,1.6666666666666667,1.6666666666666667
8,9,2.625,4,2.3333333333333335,1.0
8,9,2.625,4,2.0,1.1428571428571428
6,6,2.8333333333333335,4,1.6666666666666667,1.0
7,7,2.0,3,1.6666666666666667,1.0
6,6,2.3333333333333335,4,1.6666666666666667,1.0
8,8,2.625,4,2.3333333333333335,1.0
8,13,2.875,5,1.5,1.5
7,9,2.4285714285714284,4,1.5,1.0
6,6,2.3333333333333335,4,1.6666666666666667,1.0
6,7,2.5,4,2.0,1.2
7,7,1.7142857142857142,3,1.5,1.0
6,6,2.1666666666666665,3,1.6666666666666667,1.0
7,9,2.4285714285714284,4,1.4,1.1666666666666667
8,9,1.25,2,2.0,1.0
7,9,2.7142857142857144,4,1.6,1.3333333333333333
8,8,2.625,4,2.3333333333333335,1.0
8,12,2.75,4,2.75,1.5714285714285714
6,7,2.8333333333333335,4,1.6666666666666667,1.0
7,8,2.0,3,1.6666666666666667,1.0
8,9,2.625,4,2.3333333333333335,1.0
8,9,2.625,4,2.0,1.1428571428571428
6,6,2.8333333333333335,4,1.6666666666666667,1.0
7,8,2.4285714285714284,4,1.5,1.0
6,6,2.3333333333333335,4,1.6666666666666667,1.0
8,8,2.625,4,2.3333333333333335,1.0
8,12,1.625,3,1.6666666666666667,1.25
6,6,2.8333333333333335,4,1.6666666666666667,1.0
7,7,2.4285714285714284,4,1.5,1.0
7,7,2.4285714285714284,4,1.5,1.0
6,6,2.3333333333333335,4,1.6666666666666667,1.0
7,8,2.4285714285714284,4,1.4,1.1666666666666667
7,8,1.4285714285714286,2,3.0,1.0
6,6,2.1666666666666665,3,1.6666666666666667,1.0
7,8,2.5714285714285716,4,1.75,1.1666666666666667
7,8,2.0,3,1.6666666666666667,1.0
6,6,2.3333333333333335,4,1.6666666666666667,1.0
10,23,2.8,5,2.625,2.625
7,9,3.142857142857143,5,1.6,1.3333333333333333
11,20,2.4545454545454546,4,2.125,1.8888888888888888
6,7,2.3333333333333335,4,1.5,1.2
7,8,1.7142857142857142,3,2.0,1.0
6,7,2.5,4,2.0,1.2
9,13,1.6666666666666667,3,2.0,1.5
6,6,2.3333333333333335,4,1.6666666666666667,1.0
8,8,2.625,4,2.3333333333333335,1.0
7,9,2.5714285714285716,4,2.0,1.3333333333333333
6,7,2.3333333333333335,4,1.3333333333333333,1.0
7,9,2.4285714285714284,4,1.4,1.1666666666666667
8,8,2.625,4,2.3333333333333335,1.0
8,9,2.625,4,2.0,1.1428571428571428
6,6,2.3333333333333335,4,1.6666666666666667,1.0
6,7,2.3333333333333335,4,1.5,1.2
7,9,2.4285714285714284,4,1.6,1.3333333333333333
8,8,2.625,4,2.3333333333333335,1.0
7,8,3.0,5,1.75,1.1666666666666667
6,7,2.3333333333333335,4,1.3333333333333333,1.0
8,9,2.625,4,2.6666666666666665,1.1428571428571428
8,9,2.625,4,2.0,1.1428571428571428
6,7,2.5,4,2.0,1.2
9,14,1.6666666666666667,3,2.3333333333333335,1.75
6,6,2.3333333333333335,4,1.6666666666666667,1.0
8,9,2.625,4,2.6666666666666665,1.1428571428571428
7,9,2.7142857142857144,4,2.6666666666666665,1.3333333333333333
8,9,2.625,4,2.6666666666666665,1.1428571428571428
8,11,1.75,3,1.75,1.75
7,9,2.4285714285714284,4,1.75,1.1666666666666667
7,10,1.7142857142857142,3,2.5,1.6666666666666667
7,9,1.7142857142857142,3,2.5,1.6666666666666667
6,6,2.3333333333333335,4,1.6666666666666667,1.0
6,10,3.1666666666666665,5,1.8,1.8
8,9,2.625,4,2.6666666666666665,1.1428571428571428
6,7,2.8333333333333335,4,2.0,1.2
7,7,1.4285714285714286,2,3.0,1.0
8,9,2.625,4,2.6666666666666665,1.1428571428571428
8,10,2.625,4,2.0,1.1428571428571428
6,6,2.3333333333333335,4,1.6666666666666667,1.0
10,23,2.7,6,2.0,2.5714285714285716
6,7,1.5,3,1.0,1.0
6,7,1.5,3,1.0,1.0
13,25,2.0,3,2.8333333333333335,1.8888888888888888
13,26,2.3846153846153846,5,3.1666666666666665,2.111111111111111
13,31,3.230769230769231,6,3.375,2.4545454545454546
12,16,1.6666666666666667,3,2.25,1.2857142857142858
12,19,2.0,3,4.333333333333333,1.4444444444444444
13,23,2.4615384615384617,4,3.0,1.6363636363636365
13,27,2.3846153846153846,4,2.6666666666666665,2.1818181818181817
13,29,2.5384615384615383,5,2.6,2.3636363636363638
12,22,2.5833333333333335,5,2.7142857142857144,1.9
14,35,2.7857142857142856,5,3.5,2.5454545454545454
8,11,3.25,5,1.8,1.2857142857142858
11,25,3.090909090909091,6,2.625,2.3333333333333335
7,8,2.5714285714285716,4,2.0,1.0
7,11,3.2857142857142856,5,2.0,1.6666666666666667
7,12,3.142857142857143,5,1.8,1.5
7,9,2.7142857142857144,4,2.6666666666666665,1.3333333333333333
6,7,3.0,5,1.5,1.2
7,9,2.4285714285714284,4,1.4,1.1666666666666667
6,10,2.8333333333333335,4,2.0,1.6
6,6,2.3333333333333335,4,1.6666666666666667,1.0
11,27,2.6363636363636362,5,2.2222222222222223,2.5
7,8,2.7142857142857144,4,2.3333333333333335,1.1666666666666667
7,8,2.5714285714285716,4,2.0,1.0
6,7,2.3333333333333335,4,1.5,1.2
7,8,2.7142857142857144,4,2.3333333333333335,1.1666666666666667
8,10,2.625,4,2.0,1.1428571428571428
6,6,2.3333333333333335,4,1.6666666666666667,1.0
6,8,2.6666666666666665,4,2.3333333333333335,1.4
7,8,2.4285714285714284,4,1.4,1.1666666666666667
7,8,2.4285714285714284,4,1.5,1.0
6,7,2.3333333333333335,4,1.5,1.2
8,9,2.75,4,2.6666666666666665,1.1428571428571428
7,9,2.7142857142857144,4,2.6666666666666665,1.3333333333333333
7,9,2.4285714285714284,4,1.6,1.3333333333333333
7,9,2.7142857142857144,4,2.6666666666666665,1.3333333333333333
7,9,2.4285714285714284,4,1.6,1.3333333333333333
11,26,2.909090909090909,5,3.2857142857142856,2.5555555555555554
7,7,1.4285714285714286,3,1.0,1.0
12,23,2.8333333333333335,5,2.625,2.1
6,7,2.3333333333333335,4,1.5,1.2
7,7,1.4285714285714286,2,3.0,1.0
7,7,1.4285714285714286,2,3.0,1.0
7,7,2.5714285714285716,4,2.0,1.0
8,9,2.625,4,2.0,1.1428571428571428
6,6,2.3333333333333335,4,1.6666666666666667,1.0
7,12,3.4285714285714284,6,1.6666666666666667,1.6666666666666667
7,7,2.5714285714285716,4,2.0,1.0
7,9,2.142857142857143,4,1.3333333333333333,1.0
8,12,2.5,4,2.0,1.4285714285714286
6,7,2.3333333333333335,4,1.5,1.2
6,6,2.3333333333333335,4,1.6666666666666667,1.0
6,7,2.3333333333333335,4,1.5,1.2
8,8,2.625,4,2.3333333333333335,1.0
11,21,2.272727272727273,4,2.4285714285714284,1.8888888888888888
7,8,2.5714285714285716,4,2.3333333333333335,1.1666666666666667
7,8,2.7142857142857144,4,2.3333333333333335,1.1666666666666667
6,6,2.3333333333333335,4,1.6666666666666667,1.0
7,12,3.142857142857143,5,1.8,1.5
8,9,2.625,4,2.3333333333333335,1.0
7,9,2.7142857142857144,4,2.6666666666666665,1.3333333333333333
7,7,2.0,3,1.6666666666666667,1.0
7,7,1.4285714285714286,2,3.0,1.0
8,8,2.625,4,2.3333333333333335,1.0
8,9,2.5,4,1.75,1.0
6,7,2.3333333333333335,4,1.5,1.2
7,7,1.4285714285714286,2,3.0,1.0
7,7,1.4285714285714286,2,3.0,1.0
8,8,2.625,4,2.3333333333333335,1.0
8,9,2.625,4,2.0,1.1428571428571428
6,6,2.3333333333333335,4,1.6666666666666667,1.0
8,8,2.625,4,2.3333333333333335,1.0
8,9,2.5,4,1.75,1.0
7,8,2.4285714285714284,4,1.5,1.0
7,10,2.4285714285714284,4,1.6,1.3333333333333333
7,7,1.4285714285714286,2,3.0,1.0
7,9,2.4285714285714284,4,1.75,1.1666666666666667
8,8,2.625,4,2.3333333333333335,1.0
7,9,2.5714285714285716,4,2.0,1.3333333333333333
6,7,2.3333333333333335,4,1.3333333333333333,1.0
6,6,2.3333333333333335,4,1.3333333333333333,1.0
7,10,2.7142857142857144,4,1.6,1.3333333333333333
7,10,2.857142857142857,5,2.0,1.6
10,18,2.2,4,2.5,1.875
6,7,2.5,4,2.0,1.2
6,7,2.3333333333333335,4,1.3333333333333333,1.0
7,7,2.5714285714285716,4,2.0,1.0
7,7,2.5714285714285716,4,2.0,1.0
7,10,3.0,4,2.25,1.5
8,10,2.75,4,2.6666666666666665,1.1428571428571428
6,7,2.3333333333333335,4,1.3333333333333333,1.0
7,10,2.5714285714285716,4,1.6,1.3333333333333333
8,9,2.625,4,2.3333333333333335,1.0
8,10,2.5,4,2.0,1.1428571428571428
6,7,2.3333333333333335,4,1.5,1.2
7,9,2.4285714285714284,4,1.4,1.1666666666666667
6,6,2.3333333333333335,4,1.6666666666666667,1.0
7,8,1.7142857142857142,3,2.0,1.0
7,7,1.4285714285714286,2,3.0,1.0
8,8,2.625,4,2.3333333333333335,1.0
7,8,2.5714285714285716,4,2.3333333333333335,1.1666666666666667
8,8,2.625,4,2.3333333333333335,1.0
8,9,1.5,2,1.6666666666666667,1.25
7,8,2.4285714285714284,4,1.4,1.1666666666666667
6,7,2.3333333333333335,4,1.5,1.2
7,7,1.7142857142857142,3,1.5,1.0
7,8,2.4285714285714284,4,1.5,1.0
6,6,2.3333333333333335,4,1.6666666666666667,1.0
7,8,2.4285714285714284,4,1.5,1.0
8,9,2.625,4,2.6666666666666665,1.1428571428571428
9,10,1.4444444444444444,2,1.6666666666666667,1.25
6,7,2.3333333333333335,4,1.5,1.2
7,8,2.4285714285714284,4,1.4,1.1666666666666667
6,10,3.1666666666666665,5,1.8,1.8
7,8,1.7142857142857142,3,2.0,1.0
6,6,2.3333333333333335,4,1.6666666666666667,1.0
7,8,2.4285714285714284,4,1.5,1.0
6,6,2.8333333333333335,4,1.6666666666666667,1.0
7,7,2.4285714285714284,4,1.5,1.0
6,6,2.1666666666666665,3,1.6666666666666667,1.0
7,8,2.4285714285714284,4,1.4,1.1666666666666667
9,18,2.888888888888889,6,1.875,2.142857142857143
7,7,1.4285714285714286,3,1.0,1.0
11,20,2.8181818181818183,5,2.6666666666666665,1.7777777777777777
7,11,3.0,5,1.8,1.5
7,11,2.0,3,3.0,1.5
7,10,2.4285714285714284,4,1.75,1.1666666666666667
7,7,1.2857142857142858,2,2.0,1.0
8,11,2.5,4,2.25,1.2857142857142858
7,9,2.7142857142857144,4,2.6666666666666665,1.3333333333333333
6,6,1.8333333333333333,3,2.0,1.0
7,9,2.5714285714285716,4,2.0,1.0
7,7,2.4285714285714284,4,1.6666666666666667,1.0
7,7,1.4285714285714286,2,3.0,1.0
7,8,2.5714285714285716,4,2.3333333333333335,1.1666666666666667
8,12,2.75,4,2.5,1.4285714285714286
8,10,2.75,4,2.6666666666666665,1.1428571428571428
6,7,2.5,4,2.0,1.2
6,8,2.8333333333333335,4,1.75,1.4
6,6,2.3333333333333335,4,1.6666666666666667,1.0
8,11,2.75,4,3.0,1.2857142857142858
7,10,2.857142857142857,4,3.0,1.5
7,9,2.4285714285714284,4,1.4,1.1666666666666667
7,7,1.4285714285714286,2,3.0,1.0
8,11,2.75,4,3.0,1.2857142857142858
7,9,2.5714285714285716,4,1.75,1.1666666666666667
6,7,2.3333333333333335,4,1.5,1.2
7,7,1.4285714285714286,2,3.0,1.0
8,10,2.75,4,3.0,1.2857142857142858
8,12,2.75,4,2.5,1.4285714285714286
7,9,2.7142857142857144,4,2.6666666666666665,1.3333333333333333
6,8,3.0,5,1.4,1.4
7,8,2.4285714285714284,4,1.5,1.0
6,6,2.1666666666666665,3,1.6666666666666667,1.0
7,9,2.4285714285714284,4,1.4,1.1666666666666667
8,11,2.75,4,3.0,1.2857142857142858
7,8,2.5714285714285716,4,2.0,1.0
6,7,2.3333333333333335,4,1.5,1.2
8,11,2.75,5,1.6666666666666667,1.4285714285714286
7,9,2.7142857142857144,4,2.0,1.3333333333333333
8,9,2.625,4,2.0,1.1428571428571428
6,7,2.5,4,2.0,1.2
7,7,1.7142857142857142,3,1.5,1.0
7,8,2.5714285714285716,4,1.75,1.1666666666666667
7,9,2.4285714285714284,4,1.5,1.0
6,6,2.3333333333333335,4,1.6666666666666667,1.0
7,7,1.7142857142857142,3,1.5,1.0
7,7,1.7142857142857142,3,1.5,1.0
8,8,2.625,4,2.3333333333333335,1.0
8,10,2.625,4,2.25,1.2857142857142858
7,8,2.4285714285714284,4,1.4,1.1666666666666667
7,8,2.5714285714285716,4,2.3333333333333335,1.1666666666666667
7,7,1.4285714285714286,2,3.0,1.0
6,6,2.3333333333333335,4,1.6666666666666667,1.0
7,9,2.7142857142857144,4,1.6,1.3333333333333333
8,8,2.625,4,2.3333333333333335,1.0
8,10,2.75,4,2.6666666666666665,1.1428571428571428
7,8,2.5714285714285716,4,2.3333333333333335,1.1666666666666667
7,7,2.5714285714285716,4,2.0,1.0
7,9,2.4285714285714284,4,1.75,1.1666666666666667
8,8,2.625,4,2.3333333333333335,1.0
8,8,2.5,4,1.75,1.0
8,10,2.75,4,2.6666666666666665,1.1428571428571428
7,8,2.5714285714285716,4,2.3333333333333335,1.1666666666666667
7,7,2.5714285714285716,4,2.0,1.0
8,8,2.625,4,2.3333333333333335,1.0
7,7,2.5714285714285716,4,2.0,1.0
7,10,2.4285714285714284,4,1.6,1.3333333333333333
7,9,2.7142857142857144,4,2.6666666666666665,1.3333333333333333
9,13,1.6666666666666667,3,2.0,1.5
6,6,2.3333333333333335,4,1.6666666666666667,1.0
7,7,2.0,3,1.6666666666666667,1.0
10,19,2.2,4,2.8,2.3333333333333335
7,8,1.4285714285714286,2,3.0,1.0
8,8,2.625,4,2.3333333333333335,1.0
7,8,2.5714285714285716,4,1.75,1.1666666666666667
6,7,2.3333333333333335,4,1.3333333333333333,1.0
7,10,2.5714285714285716,4,1.6,1.3333333333333333
9,20,3.4444444444444446,7,2.0,2.2857142857142856
8,8,1.375,3,1.0,1.0
6,6,1.5,3,1.0,1.0
13,30,2.4615384615384617,5,2.4,2.1818181818181817
14,29,2.0,4,3.142857142857143,2.4444444444444446
13,27,2.3846153846153846,4,2.5555555555555554,2.090909090909091
13,21,2.4615384615384617,4,2.4285714285714284,1.5454545454545454
13,21,2.4615384615384617,4,3.0,1.6363636363636365
12,24,2.4166666666666665,5,2.3333333333333335,2.1
14,38,2.857142857142857,6,3.4444444444444446,2.8181818181818183
7,9,3.142857142857143,5,1.6,1.3333333333333333
11,21,2.8181818181818183,5,2.5714285714285716,2.0
6,10,3.1666666666666665,5,1.8,1.8
7,11,3.142857142857143,5,1.8,1.5
7,7,2.5714285714285716,4,2.0,1.0
8,9,2.5,4,2.0,1.1428571428571428
7,11,2.5714285714285716,4,1.8,1.5
7,7,2.5714285714285716,4,2.0,1.0
8,8,2.625,4,2.3333333333333335,1.0
7,9,2.5714285714285716,4,1.75,1.1666666666666667
6,7,2.8333333333333335,4,1.6666666666666667,1.0
6,10,3.1666666666666665,5,1.8,1.8
8,8,2.625,4,2.3333333333333335,1.0
7,7,1.5714285714285714,2,2.0,1.0
7,8,2.4285714285714284,4,1.4,1.1666666666666667
6,7,2.5,4,2.0,1.2
8,10,1.375,2,3.0,1.0
7,8,2.4285714285714284,4,1.75,1.1666666666666667
6,9,3.1666666666666665,5,1.6,1.6
6,6,2.3333333333333335,4,1.6666666666666667,1.0
7,7,1.4285714285714286,2,3.0,1.0
8,8,2.625,4,2.3333333333333335,1.0
8,9,2.625,4,2.0,1.1428571428571428
6,6,2.3333333333333335,4,1.6666666666666667,1.0
9,21,3.4444444444444446,7,2.0,2.2857142857142856
7,7,2.5714285714285716,4,2.0,1.0
6,9,3.0,5,1.6,1.6
7,8,2.5714285714285716,4,2.0,1.0
6,6,2.3333333333333335,4,1.6666666666666667,1.0
7,9,2.4285714285714284,4,1.5,1.0
6,6,2.3333333333333335,4,1.6666666666666667,1.0
7,7,1.4285714285714286,2,3.0,1.0
6,6,2.8333333333333335,4,1.6666666666666667,1.0
7,8,2.4285714285714284,4,1.5,1.0
6,6,2.3333333333333335,4,1.6666666666666667,1.0
8,9,2.625,4,2.3333333333333335,1.0
11,23,2.727272727272727,5,2.5,2.2222222222222223
9,19,2.3333333333333335,4,3.2,2.6666666666666665
7,7,1.4285714285714286,2,3.0,1.0
7,7,1.4285714285714286,2,3.0,1.0
8,8,2.625,4,2.3333333333333335,1.0
7,8,2.142857142857143,4,1.3333333333333333,1.0
7,7,1.5714285714285714,2,2.0,1.0
6,7,2.3333333333333335,4,1.5,1.2
6,7,2.3333333333333335,4,1.5,1.2
7,11,1.5714285714285714,3,2.0,1.3333333333333333
8,8,2.625,4,2.3333333333333335,1.0
7,9,2.7142857142857144,4,2.6666666666666665,1.3333333333333333
9,9,1.3333333333333333,2,3.0,1.0
7,8,2.2857142857142856,3,2.3333333333333335,1.1666666666666667
6,8,2.5,4,1.75,1.4
7,8,2.4285714285714284,4,1.4,1.1666666666666667
10,21,2.4,5,1.875,2.142857142857143
6,7,1.5,3,1.0,1.0
6,7,1.5,3,1.0,1.0
13,24,2.0,3,2.6666666666666665,1.7777777777777777
13,24,2.0,4,2.8333333333333335,1.8888888888888888
13,30,3.230769230769231,6,3.7142857142857144,2.3636363636363638
12,18,1.6666666666666667,3,2.0,1.7142857142857142
12,21,2.25,4,3.0,1.5
13,26,2.4615384615384617,4,2.5,1.8181818181818181
13,27,2.3846153846153846,4,2.6666666666666665,2.1818181818181817
14,33,2.5,5,2.727272727272727,2.5
13,24,2.8461538461538463,6,2.625,1.9090909090909092
14,33,2.7142857142857144,5,3.375,2.4545454545454546
7,9,2.5714285714285716,4,1.75,1.4
11,18,2.727272727272727,5,1.875,1.6666666666666667
6,7,2.5,4,2.0,1.2
6,10,3.1666666666666665,5,1.8,1.8
7,12,3.142857142857143,5,1.8,1.5
7,9,2.7142857142857144,4,2.6666666666666665,1.3333333333333333
6,7,3.0,5,1.5,1.2
7,8,2.5714285714285716,4,2.0,1.0
6,7,2.5,4,2.0,1.2
6,8,3.0,5,1.4,1.4
7,9,2.7142857142857144,4,2.6666666666666665,1.3333333333333333
7,9,3.2857142857142856,5,2.0,1.3333333333333333
6,6,2.3333333333333335,4,1.3333333333333333,1.0
7,9,2.7142857142857144,4,2.6666666666666665,1.3333333333333333
7,9,2.4285714285714284,4,1.75,1.1666666666666667
7,8,1.5714285714285714,3,2.0,1.3333333333333333
8,9,2.75,4,2.6666666666666665,1.1428571428571428
8,14,2.75,4,2.4,1.7142857142857142
7,9,2.7142857142857144,4,2.6666666666666665,1.3333333333333333
7,7,1.7142857142857142,3,1.5,1.0
8,8,2.625,4,2.3333333333333335,1.0
7,7,1.7142857142857142,3,1.5,1.0
7,9,2.4285714285714284,4,1.75,1.1666666666666667
6,7,2.5,4,2.0,1.2
7,8,2.7142857142857144,4,2.3333333333333335,1.1666666666666667
6,6,2.8333333333333335,4,1.6666666666666667,1.0
6,6,1.8333333333333333,3,2.0,1.0
8,8,2.625,4,2.3333333333333335,1.0
7,8,1.7142857142857142,3,1.6666666666666667,1.25
7,8,2.5714285714285716,4,2.3333333333333335,1.1666666666666667
6,7,2.3333333333333335,4,1.6666666666666667,1.0
7,7,1.7142857142857142,3,1.5,1.0
7,8,2.5714285714285716,4,1.75,1.1666666666666667
11,23,2.1818181818181817,4,2.375,2.375
7,7,1.4285714285714286,3,1.0,1.0
6,7,1.5,3,1.0,1.0
11,21,2.909090909090909,6,2.5714285714285716,2.0
12,14,1.6666666666666667,3,3.5,1.0
13,22,2.3846153846153846,4,3.1666666666666665,1.7272727272727273
13,21,2.4615384615384617,4,2.2857142857142856,1.4545454545454546
12,25,2.4166666666666665,5,2.4444444444444446,2.2
12,20,2.5,5,2.4285714285714284,1.7
13,29,2.4615384615384617,5,3.0,2.4
7,11,3.4285714285714284,5,1.8,1.5
11,22,2.727272727272727,5,2.5,2.2222222222222223
7,8,2.0,3,1.6666666666666667,1.0
7,7,1.4285714285714286,2,3.0,1.0
8,8,2.625,4,2.3333333333333335,1.0
12,24,2.5833333333333335,5,2.625,2.1
8,8,2.625,4,2.3333333333333335,1.0
7,8,2.7142857142857144,4,2.3333333333333335,1.1666666666666667
7,7,2.4285714285714284,4,1.5,1.0
8,8,2.625,4,2.3333333333333335,1.0
7,8,2.857142857142857,4,2.0,1.0
7,9,2.0,3,1.6666666666666667,1.0
6,6,2.3333333333333335,4,1.6666666666666667,1.0
8,8,2.625,4,2.3333333333333335,1.0
7,10,3.0,5,1.8,1.5
8,10,2.75,4,2.6666666666666665,1.1428571428571428
6,7,2.5,4,2.0,1.2
7,7,2.5714285714285716,4,2.0,1.0
8,8,2.625,4,2.3333333333333335,1.0
7,7,1.5714285714285714,2,2.0,1.0
6,6,2.8333333333333335,4,1.6666666666666667,1.0
7,11,2.4285714285714284,4,1.3333333333333333,1.3333333333333333
6,6,2.3333333333333335,4,1.6666666666666667,1.0
8,8,2.625,4,2.3333333333333335,1.0
10,18,2.4,4,2.3333333333333335,1.75
7,8,2.5714285714285716,4,2.3333333333333335,1.1666666666666667
6,7,2.5,4,2.0,1.2
7,9,2.4285714285714284,4,1.4,1.1666666666666667
7,12,2.0,3,2.5,1.25
6,6,2.1666666666666665,3,1.6666666666666667,1.0
8,8,2.625,4,2.3333333333333335,1.0
8,9,2.625,4,2.0,1.1428571428571428
6,6,2.8333333333333335,4,1.6666666666666667,1.0
7,8,2.4285714285714284,4,1.5,1.0
6,6,2.3333333333333335,4,1.6666666666666667,1.0
7,9,2.5714285714285716,4,1.75,1.4
10,18,2.6,5,2.142857142857143,1.875
8,10,2.75,4,2.6666666666666665,1.1428571428571428
6,7,2.5,4,2.0,1.2
7,7,2.0,3,1.6666666666666667,1.0
8,8,2.625,4,2.3333333333333335,1.0
8,12,2.625,4,2.5,1.4285714285714286
6,6,2.3333333333333335,4,1.3333333333333333,1.0
7,9,2.0,3,1.6666666666666667,1.0
7,7,1.4285714285714286,2,3.0,1.0
7,7,1.7142857142857142,3,1.5,1.0
8,9,2.625,4,2.6666666666666665,1.1428571428571428
8,12,1.625,3,1.6666666666666667,1.25
7,9,2.7142857142857144,4,2.6666666666666665,1.3333333333333333
7,7,2.4285714285714284,4,1.5,1.0
8,9,2.625,4,2.6666666666666665,1.1428571428571428
8,13,2.75,4,2.75,1.5714285714285714
7,8,2.5714285714285716,4,2.3333333333333335,1.1666666666666667
6,8,2.8333333333333335,4,1.75,1.4
7,8,2.4285714285714284,4,1.5,1.0
6,6,2.3333333333333335,4,1.6666666666666667,1.0
7,7,1.7142857142857142,3,1.5,1.0
7,7,1.7142857142857142,3,1.5,1.0
7,9,2.7142857142857144,4,1.6,1.3333333333333333
7,8,2.5714285714285716,4,2.3333333333333335,1.1666666666666667
6,6,2.3333333333333335,4,1.3333333333333333,1.0
7,9,2.0,3,1.6666666666666667,1.0
8,9,2.625,4,2.3333333333333335,1.0
7,8,2.5714285714285716,4,1.75,1.1666666666666667
6,7,2.3333333333333335,4,1.3333333333333333,1.0
7,10,2.5714285714285716,4,1.6,1.3333333333333333
7,9,2.4285714285714284,4,1.5,1.0
8,10,2.625,4,2.6666666666666665,1.1428571428571428
7,9,3.0,5,2.0,1.3333333333333333
7,8,2.5714285714285716,4,2.0,1.0
6,7,2.3333333333333335,4,1.3333333333333333,1.0
7,10,2.5714285714285716,4,1.6,1.3333333333333333
8,10,1.375,2,3.0,1.0
7,8,2.4285714285714284,4,1.75,1.1666666666666667
6,7,2.8333333333333335,4,1.5,1.2
7,7,1.7142857142857142,3,1.5,1.0
7,7,2.5714285714285716,4,2.0,1.0
8,12,1.625,3,1.6666666666666667,1.25
7,9,2.7142857142857144,4,2.6666666666666665,1.3333333333333333
7,8,2.4285714285714284,4,1.4,1.1666666666666667
8,10,2.625,4,2.6666666666666665,1.1428571428571428
9,11,1.4444444444444444,2,1.6666666666666667,1.25
6,9,2.8333333333333335,4,2.0,1.6
6,6,2.3333333333333335,4,1.6666666666666667,1.0
7,8,2.142857142857143,4,1.3333333333333333,1.0
7,8,2.142857142857143,4,1.3333333333333333,1.0
10,24,2.7,6,2.0,2.5714285714285716
6,7,1.5,3,1.0,1.0
6,6,1.1666666666666667,2,1.0,1.0
13,21,1.8461538461538463,3,3.0,1.5
13,16,1.6153846153846154,3,3.5,1.0
13,28,3.0,6,2.7777777777777777,2.272727272727273
12,27,2.4166666666666665,5,2.625,2.1
13,34,2.8461538461538463,6,3.2222222222222223,2.6363636363636362
12,22,2.4166666666666665,4,3.1666666666666665,1.9
14,34,2.7142857142857144,5,4.0,2.5454545454545454
7,10,2.5714285714285716,4,1.75,1.4
10,16,2.5,5,1.8571428571428572,1.625
7,8,2.4285714285714284,4,1.5,1.0
12,29,3.0,5,3.25,2.6
8,10,2.5,4,2.3333333333333335,1.1666666666666667
6,6,2.3333333333333335,4,1.3333333333333333,1.0
7,8,2.0,3,1.6666666666666667,1.0
6,7,2.3333333333333335,4,1.5,1.2
8,9,2.625,4,2.3333333333333335,1.0
8,14,2.75,4,2.4,1.7142857142857142
6,6,2.3333333333333335,4,1.3333333333333333,1.0
6,7,1.8333333333333333,3,2.0,1.0
7,7,1.4285714285714286,2,3.0,1.0
8,8,2.625,4,2.3333333333333335,1.0
8,10,2.75,4,2.25,1.2857142857142858
6,6,2.8333333333333335,4,1.6666666666666667,1.0
6,6,1.8333333333333333,3,2.0,1.0
6,6,2.3333333333333335,4,1.6666666666666667,1.0
11,29,2.8181818181818183,6,2.4,3.0
7,7,1.4285714285714286,3,1.0,1.0
12,24,2.8333333333333335,5,2.625,2.1
7,8,2.5714285714285716,4,2.0,1.0
6,6,2.3333333333333335,4,1.6666666666666667,1.0
6,8,2.5,4,1.75,1.4
7,8,2.5714285714285716,4,2.0,1.0
7,7,2.5714285714285716,4,2.0,1.0
7,8,2.0,3,1.6666666666666667,1.0
6,6,2.3333333333333335,4,1.6666666666666667,1.0
7,7,2.5714285714285716,4,2.0,1.0
8,10,2.625,4,2.25,1.2857142857142858
6,6,2.8333333333333335,4,1.6666666666666667,1.0
7,7,2.5714285714285716,4,2.0,1.0
7,8,2.4285714285714284,4,1.5,1.0
8,8,2.625,4,2.3333333333333335,1.0
7,7,2.5714285714285716,4,2.0,1.0
7,7,2.0,3,1.6666666666666667,1.0
8,8,2.625,4,2.3333333333333335,1.0
7,7,2.2857142857142856,3,2.0,1.0
7,8,2.5714285714285716,4,2.3333333333333335,1.1666666666666667
7,7,2.5714285714285716,4,2.0,1.0
7,10,2.4285714285714284,4,1.75,1.1666666666666667
6,6,2.3333333333333335,4,1.6666666666666667,1.0
7,8,2.0,3,1.6666666666666667,1.0
11,23,2.909090909090909,6,2.0,2.25
7,8,1.7142857142857142,3,1.5,1.0
8,8,2.625,4,2.3333333333333335,1.0
8,13,1.75,3,1.75,1.75
7,7,2.857142857142857,4,2.0,1.0
7,8,2.4285714285714284,4,1.5,1.0
6,6,2.3333333333333335,4,1.6666666666666667,1.0
7,7,2.4285714285714284,4,1.5,1.0
7,7,1.7142857142857142,3,1.5,1.0
10,20,2.2,4,1.875,2.142857142857143
7,7,2.5714285714285716,4,2.0,1.0
8,10,2.5,4,2.0,1.1428571428571428
7,10,2.4285714285714284,4,1.6,1.3333333333333333
7,7,2.5714285714285716,4,2.0,1.0
8,8,2.625,4,2.3333333333333335,1.0
8,8,2.5,4,1.75,1.0
7,8,2.5714285714285716,4,2.0,1.0
6,7,2.5,4,2.0,1.2
7,7,1.7142857142857142,3,1.5,1.0
8,9,2.625,4,2.3333333333333335,1.0
7,8,2.142857142857143,4,1.3333333333333333,1.0
7,9,2.4285714285714284,4,1.75,1.1666666666666667
6,7,2.5,4,2.0,1.2
7,7,1.4285714285714286,2,3.0,1.0
7,7,2.5714285714285716,4,2.0,1.0
8,8,2.625,4,2.3333333333333335,1.0
8,10,2.5,4,2.0,1.1428571428571428
6,6,2.1666666666666665,3,1.6666666666666667,1.0
7,7,1.7142857142857142,3,1.5,1.0
6,7,2.5,4,2.0,1.2
7,8,2.4285714285714284,4,1.4,1.1666666666666667
6,6,2.3333333333333335,4,1.6666666666666667,1.0
7,7,1.7142857142857142,3,1.5,1.0
7,7,1.7142857142857142,3,1.5,1.0
7,9,3.142857142857143,5,1.75,1.1666666666666667
12,26,2.5833333333333335,4,2.75,2.2
8,10,2.625,4,2.6666666666666665,1.1428571428571428
8,9,2.625,4,2.0,1.1428571428571428
7,10,2.4285714285714284,4,1.6,1.3333333333333333
7,7,1.7142857142857142,3,1.5,1.0
6,10,3.1666666666666665,5,1.8,1.8
8,9,2.625,4,2.6666666666666665,1.1428571428571428
7,9,2.2857142857142856,3,2.0,1.3333333333333333
7,8,2.4285714285714284,4,1.5,1.0
6,6,2.3333333333333335,4,1.6666666666666667,1.0
6,6,2.1666666666666665,3,1.6666666666666667,1.0
7,7,1.7142857142857142,3,1.5,1.0
6,8,2.5,4,1.75,1.4
8,9,2.625,4,2.6666666666666665,1.1428571428571428
8,9,2.625,4,2.0,1.1428571428571428
6,7,2.5,4,2.0,1.2
9,14,1.6666666666666667,3,2.3333333333333335,1.75
6,6,2.3333333333333335,4,1.6666666666666667,1.0
7,10,3.2857142857142856,6,1.5,1.5
7,7,2.5714285714285716,4,2.0,1.0
7,9,2.4285714285714284,4,1.5,1.0
6,7,2.3333333333333335,4,1.5,1.2
7,8,2.142857142857143,4,1.3333333333333333,1.0
6,9,3.0,5,1.6,1.6
8,8,2.375,4,2.0,1.0
7,9,3.0,5,2.0,1.3333333333333333
6,6,2.3333333333333335,4,1.3333333333333333,1.0
6,7,2.8333333333333335,4,1.6666666666666667,1.0
8,10,2.625,4,2.6666666666666665,1.1428571428571428
7,9,2.4285714285714284,4,1.5,1.0
7,8,2.5714285714285716,4,2.3333333333333335,1.1666666666666667
8,9,1.375,2,3.0,1.0
7,9,2.4285714285714284,4,1.75,1.1666666666666667
6,7,2.8333333333333335,4,1.5,1.2
7,7,2.5714285714285716,4,2.0,1.0
8,12,2.75,4,2.5,1.4285714285714286
7,9,2.7142857142857144,4,2.6666666666666665,1.3333333333333333
7,7,2.0,3,1.6666666666666667,1.0
7,8,2.4285714285714284,4,1.5,1.0
6,6,2.1666666666666665,3,1.6666666666666667,1.0
7,9,2.4285714285714284,4,1.4,1.1666666666666667
8,10,1.375,2,3.0,1.0
7,10,2.142857142857143,4,1.6666666666666667,1.25
13,26,2.6153846153846154,4,3.142857142857143,2.0
7,10,2.857142857142857,4,3.0,1.5
9,12,1.8888888888888888,3,2.3333333333333335,1.4
6,6,2.3333333333333335,4,1.6666666666666667,1.0
8,11,2.75,4,3.0,1.2857142857142858
6,7,3.0,5,1.5,1.2
7,9,2.5714285714285716,4,1.75,1.1666666666666667
6,7,2.3333333333333335,4,1.5,1.2
8,10,2.5,4,2.6666666666666665,1.3333333333333333
7,7,1.7142857142857142,3,1.5,1.0
8,9,2.5,4,2.0,1.1428571428571428
7,8,3.4285714285714284,5,1.4,1.1666666666666667
12,23,2.9166666666666665,5,3.0,2.1
7,9,2.5714285714285716,4,1.75,1.1666666666666667
6,8,2.5,4,1.75,1.4
7,8,2.7142857142857144,4,2.3333333333333335,1.1666666666666667
8,8,2.625,4,2.3333333333333335,1.0
8,15,2.75,4,2.75,1.5714285714285714
6,7,2.8333333333333335,4,1.6666666666666667,1.0
7,9,2.4285714285714284,4,1.75,1.1666666666666667
8,8,2.625,4,2.3333333333333335,1.0
7,7,2.5714285714285716,4,2.0,1.0
7,7,1.7142857142857142,3,1.5,1.0
8,8,2.625,4,2.3333333333333335,1.0
7,8,2.142857142857143,4,1.6666666666666667,1.0
7,7,2.5714285714285716,4,2.0,1.0
7,8,2.5714285714285716,4,2.3333333333333335,1.1666666666666667
7,9,2.4285714285714284,4,1.6,1.3333333333333333
8,10,1.375,2,3.0,1.0
8,8,2.625,4,2.3333333333333335,1.0
7,8,2.5714285714285716,4,2.3333333333333335,1.1666666666666667
7,8,2.0,3,2.0,1.2
8,8,2.625,4,2.3333333333333335,1.0
11,19,2.4545454545454546,4,2.5,1.6666666666666667
7,9,2.7142857142857144,4,2.6666666666666665,1.3333333333333333
6,6,2.3333333333333335,4,1.6666666666666667,1.0
6,6,1.8333333333333333,3,1.5,1.0
6,6,2.3333333333333335,4,1.6666666666666667,1.0
6,6,2.1666666666666665,3,1.6666666666666667,1.0
7,8,1.7142857142857142,3,2.0,1.0
7,8,1.7142857142857142,3,2.0,1.0
6,6,2.3333333333333335,4,1.6666666666666667,1.0
6,6,1.8333333333333333,3,1.5,1.0
10,21,3.1,6,2.125,2.125
8,8,2.625,4,2.3333333333333335,1.0
7,8,2.4285714285714284,4,1.5,1.0
6,7,2.8333333333333335,4,1.6666666666666667,1.0
6,7,2.5,4,2.0,1.2
7,7,1.4285714285714286,2,3.0,1.0
10,23,2.7,6,1.8888888888888888,2.4285714285714284
6,6,1.5,3,1.0,1.0
11,21,2.6363636363636362,5,2.5714285714285716,2.0
7,8,2.5714285714285716,4,2.0,1.0
6,8,2.6666666666666665,4,2.3333333333333335,1.4
7,8,2.7142857142857144,4,2.3333333333333335,1.1666666666666667
7,12,3.142857142857143,5,1.8,1.5
7,7,2.5714285714285716,4,2.0,1.0
8,10,2.75,4,2.6666666666666665,1.1428571428571428
6,8,2.6666666666666665,4,2.3333333333333335,1.4
8,13,2.75,5,1.6666666666666667,1.4285714285714286
6,6,2.3333333333333335,4,1.6666666666666667,1.0
8,9,2.625,4,2.3333333333333335,1.0
11,21,2.5454545454545454,5,2.25,2.0
8,9,2.625,4,2.3333333333333335,1.0
8,15,3.0,5,2.0,1.3333333333333333
8,10,2.75,4,2.6666666666666665,1.1428571428571428
6,6,2.3333333333333335,4,1.3333333333333333,1.0
9,13,1.6666666666666667,3,2.0,1.5
6,6,2.3333333333333335,4,1.6666666666666667,1.0
7,7,1.4285714285714286,2,3.0,1.0
8,8,2.625,4,2.3333333333333335,1.0
7,8,2.5714285714285716,4,1.75,1.1666666666666667
6,7,2.3333333333333335,4,1.3333333333333333,1.0
6,9,2.5,4,1.5,1.2
7,7,2.5714285714285716,4,2.0,1.0
8,12,2.625,4,2.5,1.4285714285714286
7,8,2.5714285714285716,4,2.3333333333333335,1.1666666666666667
6,9,2.8333333333333335,4,1.75,1.4
7,8,2.4285714285714284,4,1.5,1.0
8,8,2.625,4,2.3333333333333335,1.0
7,9,2.7142857142857144,4,2.6666666666666665,1.3333333333333333
7,9,2.4285714285714284,4,1.4,1.1666666666666667
8,8,2.625,4,2.3333333333333335,1.0
7,10,3.4285714285714284,5,2.25,1.5
7,9,2.0,3,1.6666666666666667,1.0
8,10,1.375,2,3.0,1.0
6,6,2.8333333333333335,4,1.6666666666666667,1.0
7,7,1.7142857142857142,3,1.5,1.0
6,7,2.5,4,1.5,1.2
9,19,3.4444444444444446,7,2.0,2.2857142857142856
7,7,1.4285714285714286,3,1.0,1.0
6,7,1.5,3,1.0,1.0
11,19,2.909090909090909,6,2.2857142857142856,1.7777777777777777
12,14,1.6666666666666667,3,3.5,1.0
14,30,2.857142857142857,5,3.0,2.0
13,21,2.3076923076923075,4,2.8,1.4
13,33,2.769230769230769,6,2.6363636363636362,2.6363636363636362
12,23,2.5,5,2.857142857142857,2.0
14,37,2.7857142857142856,5,4.142857142857143,2.6363636363636362
7,9,2.5714285714285716,4,1.75,1.4
10,17,2.4,4,2.1666666666666665,1.625
6,6,2.3333333333333335,4,1.6666666666666667,1.0
6,7,2.3333333333333335,4,1.5,1.2
7,7,2.4285714285714284,4,1.5,1.0
6,8,2.5,4,1.75,1.4
6,6,2.8333333333333335,4,1.6666666666666667,1.0
7,11,3.142857142857143,5,1.8,1.5
7,9,2.7142857142857144,4,2.6666666666666665,1.3333333333333333
14,31,3.5,6,3.375,2.25
6,7,3.0,5,1.5,1.2
7,8,2.5714285714285716,4,2.3333333333333335,1.1666666666666667
7,7,1.7142857142857142,3,1.5,1.0
7,7,2.5714285714285716,4,2.0,1.0
9,12,1.6666666666666667,3,2.3333333333333335,1.75
7,8,2.5714285714285716,4,1.75,1.1666666666666667
6,7,2.8333333333333335,4,1.6666666666666667,1.0
7,8,2.4285714285714284,4,1.5,1.0
7,9,2.4285714285714284,4,1.4,1.1666666666666667
8,10,2.75,4,3.0,1.2857142857142858
8,9,2.625,4,2.0,1.1428571428571428
7,10,3.2857142857142856,5,1.8,1.5
8,9,2.625,4,2.6666666666666665,1.1428571428571428
7,7,1.5714285714285714,2,2.0,1.0
7,9,2.7142857142857144,4,2.6666666666666665,1.3333333333333333
6,7,2.8333333333333335,4,1.5,1.2
7,8,2.4285714285714284,4,1.5,1.0
6,6,2.3333333333333335,4,1.6666666666666667,1.0
7,7,2.4285714285714284,4,1.5,1.0
8,10,2.75,4,2.6666666666666665,1.1428571428571428
8,10,2.75,4,2.6666666666666665,1.1428571428571428
7,10,2.857142857142857,4,3.0,1.5
6,8,3.0,5,1.4,1.4
7,8,2.4285714285714284,4,1.5,1.0
8,11,2.75,4,3.0,1.2857142857142858
7,8,2.5714285714285716,4,1.75,1.1666666666666667
6,7,2.8333333333333335,4,1.6666666666666667,1.0
8,10,2.5,4,2.6666666666666665,1.3333333333333333
7,9,2.7142857142857144,4,2.6666666666666665,1.3333333333333333
7,8,2.5714285714285716,4,1.75,1.1666666666666667
7,8,2.7142857142857144,4,2.3333333333333335,1.1666666666666667
8,9,2.5,4,2.3333333333333335,1.0
6,7,2.3333333333333335,4,1.3333333333333333,1.0
7,10,3.0,5,2.0,1.3333333333333333
8,8,2.625,4,2.3333333333333335,1.0
7,8,2.142857142857143,4,1.3333333333333333,1.0
8,10,2.75,4,2.6666666666666665,1.1428571428571428
7,9,2.7142857142857144,4,2.6666666666666665,1.3333333333333333
7,8,1.7142857142857142,3,2.0,1.0
7,8,1.7142857142857142,3,2.0,1.0
8,8,2.625,4,2.3333333333333335,1.0
8,10,2.5,4,2.0,1.1428571428571428
6,7,2.3333333333333335,4,1.5,1.2
8,8,2.625,4,2.3333333333333335,1.0
8,11,2.75,4,2.25,1.2857142857142858
7,7,2.5714285714285716,4,2.0,1.0
8,8,2.625,4,2.3333333333333335,1.0
8,13,2.625,4,2.2,1.5714285714285714
7,8,2.5714285714285716,4,2.3333333333333335,1.1666666666666667
7,7,1.4285714285714286,2,3.0,1.0
6,6,2.3333333333333335,4,1.6666666666666667,1.0
10,23,2.8,5,2.0,2.25
8,9,2.625,4,2.3333333333333335,1.0
8,8,2.625,4,2.3333333333333335,1.0
6,6,2.3333333333333335,4,1.3333333333333333,1.0
7,10,2.5714285714285716,4,1.6,1.3333333333333333
7,8,2.0,3,1.6666666666666667,1.0
8,8,2.625,4,2.3333333333333335,1.0
8,9,1.5,2,1.6666666666666667,1.25
6,7,2.8333333333333335,4,1.6666666666666667,1.0
7,8,2.4285714285714284,4,1.5,1.0
7,8,2.0,3,1.6666666666666667,1.0
7,9,2.5714285714285716,4,2.0,1.3333333333333333
8,8,2.625,4,2.3333333333333335,1.0
14,31,3.5,6,2.9,2.4166666666666665
9,10,1.4444444444444444,2,2.0,1.0
7,8,2.4285714285714284,4,1.5,1.0
6,7,2.3333333333333335,4,1.5,1.2
6,6,2.3333333333333335,4,1.6666666666666667,1.0
7,7,1.4285714285714286,2,3.0,1.0
8,8,2.625,4,2.3333333333333335,1.0
7,7,2.4285714285714284,4,1.6666666666666667,1.0
7,8,2.4285714285714284,4,1.5,1.0
10,19,2.2,4,1.8571428571428572,1.8571428571428572
7,10,2.857142857142857,5,2.0,1.6
13,24,2.8461538461538463,5,3.0,1.9090909090909092
7,7,2.0,3,1.6666666666666667,1.0
7,7,1.4285714285714286,2,3.0,1.0
7,12,3.142857142857143,5,1.8,1.5
8,8,2.625,4,2.3333333333333335,1.0
12,25,2.6666666666666665,5,3.0,2.1
7,9,2.7142857142857144,4,2.6666666666666665,1.3333333333333333
7,7,1.4285714285714286,2,3.0,1.0
7,7,1.4285714285714286,2,3.0,1.0
8,8,2.625,4,2.3333333333333335,1.0
7,8,2.5714285714285716,4,1.75,1.1666666666666667
6,6,2.3333333333333335,4,1.3333333333333333,1.0
7,12,3.0,5,2.0,1.6666666666666667
7,12,3.142857142857143,5,1.8,1.5
8,9,2.625,4,2.3333333333333335,1.0
8,11,2.75,4,2.5,1.4285714285714286
7,8,2.5714285714285716,4,2.3333333333333335,1.1666666666666667
7,7,1.4285714285714286,2,3.0,1.0
7,7,1.4285714285714286,2,3.0,1.0
8,8,2.625,4,2.3333333333333335,1.0
7,8,2.5714285714285716,4,1.75,1.1666666666666667
6,7,2.3333333333333335,4,1.3333333333333333,1.0
6,8,2.3333333333333335,4,1.5,1.2
7,11,3.4285714285714284,6,1.6666666666666667,1.6666666666666667
7,7,2.5714285714285716,4,2.0,1.0
11,24,2.727272727272727,5,2.5,2.2222222222222223
7,7,2.5714285714285716,4,2.0,1.0
8,12,2.625,4,2.5,1.4285714285714286
7,9,2.7142857142857144,4,2.6666666666666665,1.3333333333333333
7,7,1.4285714285714286,2,3.0,1.0
7,7,1.4285714285714286,2,3.0,1.0
8,8,2.625,4,2.3333333333333335,1.0
8,10,2.625,4,2.0,1.1428571428571428
6,7,2.5,4,2.0,1.2
7,8,2.4285714285714284,4,1.5,1.0
7,8,2.4285714285714284,4,1.5,1.0
6,8,2.5,4,1.75,1.4
8,8,2.625,4,2.3333333333333335,1.0
7,9,2.5714285714285716,4,2.0,1.3333333333333333
6,6,2.3333333333333335,4,1.3333333333333333,1.0
7,11,3.0,5,1.8,1.5
10,22,2.4,5,1.875,2.142857142857143
6,6,1.5,3,1.0,1.0
12,18,2.1666666666666665,4,2.1666666666666665,1.4444444444444444
5,6,3.0,5,1.0,1.0
7,8,2.4285714285714284,4,1.5,1.0
7,11,3.142857142857143,5,1.8,1.5
7,7,2.5714285714285716,4,2.0,1.0
12,26,2.9166666666666665,5,2.875,2.3
6,8,2.6666666666666665,4,2.3333333333333335,1.4
6,8,3.0,5,1.4,1.4
6,6,2.3333333333333335,4,1.6666666666666667,1.0
7,12,3.142857142857143,5,1.8,1.5
7,7,2.5714285714285716,4,2.0,1.0
11,25,2.727272727272727,5,2.625,2.3333333333333335
7,7,2.5714285714285716,4,2.0,1.0
7,10,2.857142857142857,4,3.0,1.5
7,7,2.4285714285714284,4,1.5,1.0
8,9,2.625,4,2.3333333333333335,1.0
7,10,2.857142857142857,4,3.0,1.5
8,8,2.625,4,2.3333333333333335,1.0
8,10,2.75,4,2.6666666666666665,1.1428571428571428
6,8,2.3333333333333335,4,2.0,1.5
7,7,1.7142857142857142,3,1.5,1.0
8,14,2.875,5,2.0,1.7142857142857142
6,7,2.5,4,2.0,1.2
7,8,2.4285714285714284,4,1.4,1.1666666666666667
7,7,1.4285714285714286,2,3.0,1.0
8,11,2.75,4,3.0,1.2857142857142858
7,7,1.5714285714285714,2,2.0,1.0
6,6,2.8333333333333335,4,1.6666666666666667,1.0
6,7,2.3333333333333335,4,1.6666666666666667,1.0
8,10,2.75,4,2.6666666666666665,1.1428571428571428
7,10,3.2857142857142856,5,1.8,1.5
6,7,2.8333333333333335,4,1.6666666666666667,1.0
6,11,3.0,5,1.8,1.8
6,7,2.3333333333333335,4,1.6666666666666667,1.0
8,10,2.5,4,2.6666666666666665,1.3333333333333333
6,7,3.0,5,1.5,1.2
6,10,3.0,5,1.6,1.6
6,7,2.3333333333333335,4,1.6666666666666667,1.0
7,8,2.4285714285714284,4,1.75,1.1666666666666667
7,8,2.5714285714285716,4,1.75,1.1666666666666667
7,9,2.7142857142857144,4,2.6666666666666665,1.3333333333333333
8,9,2.75,4,2.6666666666666665,1.1428571428571428
8,9,2.5,4,1.75,1.0
8,10,2.75,4,2.6666666666666665,1.1428571428571428
6,7,2.3333333333333335,4,1.3333333333333333,1.0
7,11,3.0,5,1.8,1.5
7,7,1.7142857142857142,3,1.5,1.0
6,6,2.1666666666666665,3,1.6666666666666667,1.0
7,10,2.4285714285714284,4,1.6,1.3333333333333333
7,7,1.4285714285714286,2,3.0,1.0
8,8,2.625,4,2.3333333333333335,1.0
8,14,2.5,5,2.0,1.6
7,9,2.4285714285714284,4,1.4,1.1666666666666667
6,6,2.8333333333333335,4,1.6666666666666667,1.0
7,9,2.4285714285714284,4,1.75,1.1666666666666667
7,9,2.4285714285714284,4,1.6,1.3333333333333333
7,7,1.7142857142857142,3,1.5,1.0
12,28,2.75,5,3.4285714285714284,2.6666666666666665
8,8,1.375,3,1.0,1.0
6,7,1.5,3,1.0,1.0
13,20,1.6923076923076923,3,2.6,1.625
13,22,1.8461538461538463,4,3.0,1.875
13,29,3.1538461538461537,6,3.125,2.272727272727273
12,19,1.9166666666666667,4,1.8571428571428572,1.625
13,20,1.9230769230769231,3,4.666666666666667,1.5555555555555556
13,23,2.4615384615384617,4,3.0,1.6363636363636365
13,25,2.3846153846153846,4,2.4444444444444446,2.0
13,27,2.5384615384615383,5,2.6666666666666665,2.1818181818181817
13,24,2.8461538461538463,6,2.625,1.9090909090909092
14,33,2.7857142857142856,5,3.857142857142857,2.4545454545454546
8,11,3.5,5,2.0,1.4285714285714286
12,24,2.75,5,2.4444444444444446,2.2
7,7,2.0,3,1.6666666666666667,1.0
7,7,1.4285714285714286,2,3.0,1.0
7,12,3.4285714285714284,6,1.6666666666666667,1.6666666666666667
7,7,2.5714285714285716,4,2.0,1.0
7,7,1.5714285714285714,2,2.0,1.0
6,6,2.8333333333333335,4,1.6666666666666667,1.0
7,8,2.0,3,1.6666666666666667,1.0
8,8,2.625,4,2.3333333333333335,1.0
8,9,2.5,4,1.75,1.0
8,10,2.75,4,2.6666666666666665,1.1428571428571428
6,7,2.5,4,2.0,1.2
7,7,2.5714285714285716,4,2.0,1.0
8,8,2.625,4,2.3333333333333335,1.0
7,7,1.5714285714285714,2,2.0,1.0
6,6,2.3333333333333335,4,1.3333333333333333,1.0
7,8,2.4285714285714284,4,1.5,1.0
7,8,2.0,3,1.6666666666666667,1.0
6,8,3.1666666666666665,5,1.4,1.4
7,10,3.142857142857143,5,1.8,1.5
7,7,2.5714285714285716,4,2.0,1.0
12,28,2.75,5,3.0,2.4
11,24,2.727272727272727,5,3.1666666666666665,2.375
7,7,1.4285714285714286,2,3.0,1.0
7,8,1.4285714285714286,2,3.0,1.0
8,8,2.625,4,2.3333333333333335,1.0
7,10,3.4285714285714284,5,2.25,1.5
7,7,1.7142857142857142,3,1.5,1.0
7,7,1.7142857142857142,3,1.5,1.0
7,10,2.5714285714285716,4,1.6,1.3333333333333333
7,9,2.4285714285714284,4,1.5,1.0
6,6,2.3333333333333335,4,1.6666666666666667,1.0
8,8,2.625,4,2.3333333333333335,1.0
8,10,2.75,4,2.6666666666666665,1.1428571428571428
6,7,2.3333333333333335,4,1.5,1.2
7,9,2.4285714285714284,4,1.5,1.0
8,8,2.625,4,2.3333333333333335,1.0
7,8,2.4285714285714284,4,1.6666666666666667,1.0
7,7,1.4285714285714286,2,3.0,1.0
7,9,2.5714285714285716,4,1.75,1.4
10,19,2.6,5,2.2857142857142856,2.0
6,7,2.3333333333333335,4,1.5,1.2
6,6,2.3333333333333335,4,1.6666666666666667,1.0
8,10,2.625,4,2.6666666666666665,1.1428571428571428
8,12,2.625,4,2.5,1.4285714285714286
7,9,2.7142857142857144,4,2.6666666666666665,1.3333333333333333
7,7,1.4285714285714286,2,3.0,1.0
6,6,2.8333333333333335,4,1.6666666666666667,1.0
7,8,2.4285714285714284,4,1.5,1.0
7,8,2.4285714285714284,4,1.75,1.1666666666666667
6,6,2.8333333333333335,4,1.6666666666666667,1.0
6,6,2.8333333333333335,4,1.6666666666666667,1.0
7,7,1.4285714285714286,2,3.0,1.0
7,10,2.7142857142857144,4,1.6,1.3333333333333333
7,7,2.5714285714285716,4,2.0,1.0
8,10,2.5,4,2.0,1.1428571428571428
6,6,2.3333333333333335,4,1.6666666666666667,1.0
7,7,2.5714285714285716,4,2.0,1.0
7,9,2.7142857142857144,4,2.6666666666666665,1.3333333333333333
6,8,3.0,5,1.4,1.4
7,7,2.5714285714285716,4,2.0,1.0
7,8,3.0,5,1.75,1.1666666666666667
7,8,2.5714285714285716,4,2.0,1.0
6,7,2.5,4,2.0,1.2
6,8,3.0,5,1.4,1.4
8,9,2.625,4,2.3333333333333335,1.0
7,8,2.142857142857143,4,1.3333333333333333,1.0
7,8,2.5714285714285716,4,2.0,1.0
6,6,2.3333333333333335,4,1.6666666666666667,1.0
8,9,2.625,4,2.3333333333333335,1.0
7,8,2.142857142857143,4,1.3333333333333333,1.0
6,9,2.5,4,1.4,1.4
7,8,2.4285714285714284,4,1.5,1.0
8,15,2.75,5,2.0,1.7142857142857142
6,6,2.1666666666666665,3,1.6666666666666667,1.0
8,12,2.75,5,1.6666666666666667,1.4285714285714286
6,6,2.3333333333333335,4,1.6666666666666667,1.0
8,10,2.625,4,2.6666666666666665,1.1428571428571428
8,9,2.625,4,2.0,1.1428571428571428
6,6,2.3333333333333335,4,1.6666666666666667,1.0
7,11,3.142857142857143,5,1.8,1.5
7,9,2.5714285714285716,4,2.0,1.2
11,24,2.727272727272727,5,2.5,2.2222222222222223
7,7,2.0,3,1.6666666666666667,1.0
7,9,2.7142857142857144,4,2.6666666666666665,1.3333333333333333
7,10,2.857142857142857,4,3.0,1.5
7,8,1.7142857142857142,3,2.0,1.0
7,8,1.7142857142857142,3,2.0,1.0
8,11,2.75,4,3.0,1.2857142857142858
8,10,2.625,4,2.0,1.1428571428571428
7,10,3.2857142857142856,5,1.8,1.5
8,10,2.75,4,3.0,1.2857142857142858
7,9,2.4285714285714284,4,1.5,1.0
7,10,2.2857142857142856,3,2.25,1.5
7,8,2.4285714285714284,4,1.4,1.1666666666666667
14,28,3.2857142857142856,6,2.888888888888889,2.1666666666666665
7,8,2.7142857142857144,4,2.3333333333333335,1.1666666666666667
7,7,1.7142857142857142,3,1.5,1.0
6,7,2.3333333333333335,4,1.5,1.2
6,6,2.3333333333333335,4,1.6666666666666667,1.0
6,7,2.3333333333333335,4,1.5,1.2
7,9,2.4285714285714284,4,1.75,1.1666666666666667
9,11,1.4444444444444444,2,4.0,1.0
8,8,2.625,4,2.3333333333333335,1.0
8,9,2.5,4,1.75,1.0
8,10,2.75,4,2.6666666666666665,1.1428571428571428
6,7,2.5,4,2.0,1.2
6,6,1.8333333333333333,3,1.5,1.0
8,8,2.625,4,2.3333333333333335,1.0
8,13,2.25,4,2.3333333333333335,1.4
7,8,2.5714285714285716,4,2.3333333333333335,1.1666666666666667
7,7,2.4285714285714284,4,1.5,1.0
6,6,2.3333333333333335,4,1.6666666666666667,1.0
8,8,2.625,4,2.3333333333333335,1.0
8,9,2.5,4,1.75,1.0
8,10,2.75,4,2.6666666666666665,1.1428571428571428
6,6,2.3333333333333335,4,1.6666666666666667,1.0
7,8,2.0,3,2.0,1.2
7,11,2.0,3,2.5,1.25
6,6,2.3333333333333335,4,1.6666666666666667,1.0
8,8,2.625,4,2.3333333333333335,1.0
7,7,1.5714285714285714,2,2.0,1.0
6,6,2.8333333333333335,4,1.6666666666666667,1.0
7,8,2.4285714285714284,4,1.5,1.0
8,8,2.625,4,2.3333333333333335,1.0
9,16,2.6666666666666665,4,2.3333333333333335,1.75
6,7,2.3333333333333335,4,1.5,1.2
7,8,2.4285714285714284,4,1.5,1.0
7,9,2.5714285714285716,4,2.0,1.3333333333333333
8,8,2.625,4,2.3333333333333335,1.0
7,7,2.142857142857143,4,1.3333333333333333,1.0
8,10,2.75,4,2.6666666666666665,1.1428571428571428
7,9,2.7142857142857144,4,2.6666666666666665,1.3333333333333333
7,7,2.4285714285714284,4,1.5,1.0
6,6,2.3333333333333335,4,1.6666666666666667,1.0
9,18,2.111111111111111,4,1.8571428571428572,2.1666666666666665
7,10,2.857142857142857,5,2.0,1.6
11,23,2.8181818181818183,5,2.5,2.2222222222222223
7,8,2.0,3,2.0,1.2
7,7,1.4285714285714286,2,3.0,1.0
8,8,2.625,4,2.3333333333333335,1.0
7,9,2.7142857142857144,4,2.6666666666666665,1.3333333333333333
7,7,1.4285714285714286,2,3.0,1.0
6,9,3.0,5,1.6,1.6
6,6,2.3333333333333335,4,1.6666666666666667,1.0
7,7,2.0,3,1.6666666666666667,1.0
8,8,2.625,4,2.3333333333333335,1.0
8,9,2.625,4,2.0,1.1428571428571428
6,6,2.3333333333333335,4,1.6666666666666667,1.0
7,10,3.142857142857143,5,1.8,1.5
8,9,2.625,4,2.3333333333333335,1.0
12,27,2.75,5,2.875,2.3
8,10,2.625,4,2.6666666666666665,1.1428571428571428
9,13,1.6666666666666667,3,2.0,1.5
7,9,2.5714285714285716,4,1.75,1.1666666666666667
6,8,2.8333333333333335,4,2.0,1.2
7,8,2.4285714285714284,4,1.5,1.0
7,10,2.7142857142857144,4,1.6,1.3333333333333333
8,9,2.625,4,2.3333333333333335,1.0
7,10,3.0,4,2.25,1.5
8,10,2.75,4,2.6666666666666665,1.1428571428571428
6,7,2.3333333333333335,4,1.5,1.2
8,9,2.625,4,2.3333333333333335,1.0
7,8,2.4285714285714284,4,1.5,1.0
6,6,2.8333333333333335,4,1.6666666666666667,1.0
7,9,2.4285714285714284,4,1.4,1.1666666666666667
6,10,3.1666666666666665,5,1.8,1.8
8,8,2.625,4,2.3333333333333335,1.0
7,8,2.5714285714285716,4,2.3333333333333335,1.1666666666666667
7,7,1.7142857142857142,3,1.5,1.0
8,9,2.625,4,2.3333333333333335,1.0
8,11,1.5,2,2.0,1.0
7,7,2.857142857142857,4,2.0,1.0
7,7,2.4285714285714284,4,1.5,1.0
6,6,2.1666666666666665,3,1.6666666666666667,1.0
7,8,2.4285714285714284,4,1.4,1.1666666666666667
8,10,1.375,2,3.0,1.0
10,24,2.7,6,2.0,2.5714285714285716
7,7,1.4285714285714286,3,1.0,1.0
12,23,3.0833333333333335,6,2.5714285714285716,1.8
7,10,2.5714285714285716,4,1.6,1.3333333333333333
8,13,1.875,3,3.0,1.5
7,9,2.4285714285714284,4,1.75,1.1666666666666667
7,7,1.2857142857142858,2,2.0,1.0
7,9,2.7142857142857144,4,2.6666666666666665,1.3333333333333333
7,9,2.0,3,1.6666666666666667,1.0
8,9,2.625,4,2.0,1.1428571428571428
6,7,2.5,4,2.0,1.2
7,7,1.4285714285714286,2,3.0,1.0
8,9,2.375,4,2.3333333333333335,1.1666666666666667
8,8,2.5,4,1.75,1.0
6,7,2.5,4,2.0,1.2
7,7,2.4285714285714284,4,1.5,1.0
7,7,2.4285714285714284,4,1.5,1.0
6,6,2.1666666666666665,3,1.6666666666666667,1.0
6,6,2.1666666666666665,3,1.6666666666666667,1.0
8,10,1.375,2,3.0,1.0
6,6,2.3333333333333335,4,1.6666666666666667,1.0
8,10,2.625,4,2.6666666666666665,1.1428571428571428
7,8,2.5714285714285716,4,1.75,1.1666666666666667
6,7,2.3333333333333335,4,1.5,1.2
8,14,2.75,5,1.8333333333333333,1.5714285714285714
6,6,2.3333333333333335,4,1.6666666666666667,1.0
7,8,2.4285714285714284,4,1.5,1.0
8,11,2.75,4,3.0,1.2857142857142858
8,12,2.75,4,2.5,1.4285714285714286
7,10,2.857142857142857,4,3.0,1.5
6,6,1.8333333333333333,3,1.5,1.0
8,9,2.625,4,2.6666666666666665,1.1428571428571428
8,10,2.5,4,2.0,1.1428571428571428
6,7,2.3333333333333335,4,1.5,1.2
7,7,1.4285714285714286,2,3.0,1.0
6,7,2.8333333333333335,4,2.0,1.2
6,6,2.3333333333333335,4,1.6666666666666667,1.0
6,6,2.3333333333333335,4,1.6666666666666667,1.0
12,33,3.0,6,3.0,3.0
7,9,2.5714285714285716,4,2.0,1.2
10,17,2.6,5,2.3333333333333335,1.75
7,11,3.5714285714285716,5,2.5,1.6666666666666667
6,6,1.8333333333333333,3,2.0,1.0
9,12,1.6666666666666667,3,2.3333333333333335,1.75
7,11,3.142857142857143,5,1.8,1.5
8,10,2.5,4,2.6666666666666665,1.3333333333333333
14,28,3.2857142857142856,6,2.888888888888889,2.1666666666666665
7,8,2.7142857142857144,4,2.3333333333333335,1.1666666666666667
8,13,2.75,4,2.75,1.5714285714285714
6,7,2.5,4,2.0,1.2
7,10,2.4285714285714284,4,1.6,1.3333333333333333
7,7,2.5714285714285716,4,2.0,1.0
7,8,2.142857142857143,4,1.3333333333333333,1.0
7,10,2.5714285714285716,4,2.0,1.3333333333333333
7,9,2.4285714285714284,4,1.5,1.0
6,6,2.3333333333333335,4,1.6666666666666667,1.0
7,8,1.7142857142857142,3,2.0,1.0
6,8,2.5,4,1.75,1.4
8,8,2.625,4,2.3333333333333335,1.0
9,11,1.6666666666666667,3,2.0,1.5
6,6,2.1666666666666665,3,1.6666666666666667,1.0
6,7,2.3333333333333335,4,1.5,1.2
7,12,1.7142857142857142,3,2.5,1.6666666666666667
8,8,2.625,4,2.3333333333333335,1.0
8,11,2.75,4,2.25,1.2857142857142858
6,7,2.5,4,2.0,1.2
7,10,2.4285714285714284,4,1.6,1.3333333333333333
6,6,2.3333333333333335,4,1.6666666666666667,1.0
8,8,2.625,4,2.3333333333333335,1.0
6,6,2.3333333333333335,4,1.3333333333333333,1.0
6,7,2.5,4,2.0,1.2
7,8,2.7142857142857144,4,2.3333333333333335,1.1666666666666667
7,9,2.4285714285714284,4,1.75,1.1666666666666667
7,10,3.142857142857143,5,1.8,1.5
7,11,3.4285714285714284,5,1.8,1.5
12,23,2.5,4,2.5,2.0
8,8,2.625,4,2.3333333333333335,1.0
8,13,2.75,4,2.75,1.5714285714285714
7,8,2.5714285714285716,4,2.3333333333333335,1.1666666666666667
7,7,1.4285714285714286,2,3.0,1.0
7,7,1.4285714285714286,2,3.0,1.0
8,8,2.625,4,2.3333333333333335,1.0
8,10,2.5,4,2.0,1.1428571428571428
6,7,2.3333333333333335,4,1.5,1.2
8,8,2.625,4,2.3333333333333335,1.0
8,9,2.625,4,2.0,1.1428571428571428
6,7,2.5,4,2.0,1.2
7,8,2.4285714285714284,4,1.5,1.0
7,8,2.4285714285714284,4,1.5,1.0
6,7,2.5,4,2.0,1.2
6,6,2.3333333333333335,4,1.6666666666666667,1.0
7,7,1.4285714285714286,2,3.0,1.0
8,8,2.625,4,2.3333333333333335,1.0
8,8,2.5,4,1.75,1.0
6,6,1.8333333333333333,3,1.5,1.0
8,8,2.625,4,2.3333333333333335,1.0
7,9,2.7142857142857144,4,2.6666666666666665,1.3333333333333333
8,8,2.625,4,2.3333333333333335,1.0
8,13,2.75,4,2.75,1.5714285714285714
6,7,2.3333333333333335,4,1.5,1.2
6,7,2.5,4,2.0,1.2
7,7,1.4285714285714286,2,3.0,1.0
7,8,2.7142857142857144,4,2.3333333333333335,1.1666666666666667
7,10,2.4285714285714284,4,1.75,1.1666666666666667
6,8,2.5,4,1.75,1.4
8,8,2.625,4,2.3333333333333335,1.0
8,13,2.75,4,2.75,1.5714285714285714
7,8,2.5714285714285716,4,2.3333333333333335,1.1666666666666667
7,7,1.4285714285714286,2,3.0,1.0
6,6,2.8333333333333335,4,1.6666666666666667,1.0
7,8,2.4285714285714284,4,1.5,1.0
8,13,3.5,6,2.0,1.7142857142857142
7,10,2.857142857142857,5,2.0,1.6
11,23,2.727272727272727,5,2.2222222222222223,2.2222222222222223
6,6,1.8333333333333333,3,2.0,1.0
6,7,2.3333333333333335,4,1.5,1.2
8,8,2.625,4,2.3333333333333335,1.0
6,9,3.0,5,1.6,1.6
7,8,2.5714285714285716,4,2.0,1.0
7,9,2.0,3,1.6666666666666667,1.0
6,7,2.3333333333333335,4,1.5,1.2
6,6,2.3333333333333335,4,1.6666666666666667,1.0
8,10,2.625,4,2.6666666666666665,1.1428571428571428
8,9,1.5,2,1.6666666666666667,1.25
7,9,2.7142857142857144,4,2.6666666666666665,1.3333333333333333
6,8,2.5,4,1.75,1.4
7,7,1.7142857142857142,3,1.5,1.0
8,9,2.625,4,2.6666666666666665,1.1428571428571428
8,11,1.625,3,1.5,1.5
7,9,2.7142857142857144,4,2.6666666666666665,1.3333333333333333
7,8,2.142857142857143,4,1.3333333333333333,1.0
7,7,1.7142857142857142,3,1.5,1.0
8,14,3.5,6,2.0,1.7142857142857142
7,8,2.5714285714285716,4,2.3333333333333335,1.1666666666666667
8,14,2.75,4,2.4,1.7142857142857142
7,8,2.5714285714285716,4,2.0,1.0
6,7,2.5,4,2.0,1.2
7,11,1.7142857142857142,3,2.5,1.6666666666666667
7,9,2.4285714285714284,4,1.75,1.1666666666666667
8,10,2.625,4,2.6666666666666665,1.1428571428571428
8,10,2.75,4,2.6666666666666665,1.1428571428571428
6,7,2.5,4,2.0,1.2
6,10,2.8333333333333335,4,1.75,1.4
7,8,2.4285714285714284,4,1.5,1.0
8,8,2.375,4,2.0,1.0
7,9,2.7142857142857144,4,2.6666666666666665,1.3333333333333333
7,7,1.7142857142857142,3,1.5,1.0
8,9,2.625,4,2.3333333333333335,1.0
7,8,2.142857142857143,4,1.6666666666666667,1.0
6,6,2.8333333333333335,4,1.6666666666666667,1.0
7,8,2.4285714285714284,4,1.4,1.1666666666666667
8,10,1.375,2,3.0,1.0
8,10,2.625,4,2.6666666666666665,1.1428571428571428
7,9,2.4285714285714284,4,1.5,1.0
6,6,2.8333333333333335,4,1.6666666666666667,1.0
8,13,2.75,5,1.6666666666666667,1.4285714285714286
6,6,2.3333333333333335,4,1.6666666666666667,1.0
7,7,1.4285714285714286,2,3.0,1.0
8,10,2.625,4,2.6666666666666665,1.1428571428571428
8,9,2.625,4,2.0,1.1428571428571428
6,6,2.3333333333333335,4,1.6666666666666667,1.0
7,10,2.7142857142857144,4,2.3333333333333335,1.4
14,32,2.9285714285714284,5,3.5,2.3333333333333335
6,7,2.3333333333333335,4,1.3333333333333333,1.0
8,9,2.375,4,2.3333333333333335,1.1666666666666667
12,25,2.6666666666666665,4,3.0,2.1
8,10,2.5,4,2.6666666666666665,1.3333333333333333
8,10,2.75,4,2.6666666666666665,1.1428571428571428
7,10,2.857142857142857,4,3.0,1.5
8,15,2.75,5,2.0,1.7142857142857142
6,6,2.3333333333333335,4,1.6666666666666667,1.0
8,11,2.75,4,3.0,1.2857142857142858
7,9,2.4285714285714284,4,1.5,1.0
6,6,2.8333333333333335,4,1.6666666666666667,1.0
7,9,2.7142857142857144,4,2.0,1.3333333333333333
8,9,2.5,4,1.6,1.1428571428571428
7,11,2.4285714285714284,4,1.4,1.1666666666666667
6,7,2.3333333333333335,4,1.5,1.2
6,7,2.5,4,2.0,1.2
7,7,1.4285714285714286,2,3.0,1.0
8,8,2.625,4,2.3333333333333335,1.0
8,8,2.5,4,1.75,1.0
8,10,2.75,4,2.6666666666666665,1.1428571428571428
6,7,2.3333333333333335,4,1.5,1.2
8,8,2.625,4,2.3333333333333335,1.0
6,6,2.3333333333333335,4,1.3333333333333333,1.0
6,6,2.3333333333333335,4,1.3333333333333333,1.0
12,25,2.75,5,3.5,2.1
6,6,2.3333333333333335,4,1.6666666666666667,1.0
8,12,3.5,5,2.0,1.4285714285714286
13,27,2.3846153846153846,4,3.0,2.1818181818181817
7,8,1.5714285714285714,3,2.0,1.3333333333333333
7,7,2.5714285714285716,4,2.0,1.0
8,8,2.5,4,1.75,1.0
8,10,2.75,4,2.6666666666666665,1.1428571428571428
6,7,2.3333333333333335,4,1.5,1.2
8,8,2.625,4,2.3333333333333335,1.0
7,8,2.142857142857143,4,1.3333333333333333,1.0
7,9,2.7142857142857144,4,2.6666666666666665,1.3333333333333333
7,8,1.7142857142857142,3,2.0,1.0
7,7,2.5714285714285716,4,2.0,1.0
8,8,2.625,4,2.3333333333333335,1.0
8,9,1.5,2,1.6666666666666667,1.25
6,6,2.1666666666666665,3,1.6666666666666667,1.0
6,6,2.3333333333333335,4,1.6666666666666667,1.0
7,10,1.7142857142857142,3,2.5,1.6666666666666667
8,14,3.5,6,2.0,1.7142857142857142
7,10,2.857142857142857,5,2.0,1.6
11,20,2.5454545454545454,4,2.4285714285714284,1.8888888888888888
6,7,2.3333333333333335,4,1.3333333333333333,1.0
8,8,2.625,4,2.3333333333333335,1.0
7,9,2.5714285714285716,4,1.75,1.1666666666666667
7,9,2.4285714285714284,4,1.75,1.1666666666666667
7,7,2.0,3,1.6666666666666667,1.0
8,8,2.625,4,2.3333333333333335,1.0
8,10,2.5,4,2.0,1.1428571428571428
7,10,1.7142857142857142,3,2.5,1.6666666666666667
6,7,2.8333333333333335,4,2.0,1.2
7,8,2.4285714285714284,4,1.4,1.1666666666666667
8,8,2.625,4,2.3333333333333335,1.0
8,8,2.5,4,1.75,1.0
8,10,2.75,4,2.6666666666666665,1.1428571428571428
6,6,2.3333333333333335,4,1.6666666666666667,1.0
8,8,2.625,4,2.3333333333333335,1.0
7,8,2.142857142857143,4,1.3333333333333333,1.0
8,10,2.75,4,2.6666666666666665,1.1428571428571428
7,8,2.5714285714285716,4,2.3333333333333335,1.1666666666666667
7,7,2.0,3,1.6666666666666667,1.0
7,10,1.7142857142857142,3,2.5,1.6666666666666667
8,8,2.625,4,2.3333333333333335,1.0
8,12,2.625,4,2.5,1.4285714285714286
7,9,2.7142857142857144,4,2.6666666666666665,1.3333333333333333
7,7,2.0,3,1.6666666666666667,1.0
7,8,1.4285714285714286,2,3.0,1.0
8,9,2.625,4,2.6666666666666665,1.1428571428571428
7,8,2.4285714285714284,4,2.0,1.2
7,8,1.4285714285714286,2,3.0,1.0
8,9,2.625,4,2.6666666666666665,1.1428571428571428
7,10,3.0,4,2.25,1.5
8,10,2.75,4,2.6666666666666665,1.1428571428571428
6,6,2.3333333333333335,4,1.6666666666666667,1.0
8,9,2.625,4,2.6666666666666665,1.1428571428571428
8,10,2.75,4,2.25,1.2857142857142858
6,8,2.8333333333333335,4,2.0,1.2
7,9,2.4285714285714284,4,1.5,1.0
6,9,2.5,4,1.6,1.6
7,8,2.4285714285714284,4,1.5,1.0
7,10,2.7142857142857144,4,1.6,1.3333333333333333
7,10,2.857142857142857,5,2.0,1.6
10,19,2.7,5,2.2857142857142856,2.0
6,6,1.8333333333333333,3,1.5,1.0
8,9,2.625,4,2.3333333333333335,1.0
7,7,1.5714285714285714,2,2.0,1.0
6,6,2.3333333333333335,4,1.3333333333333333,1.0
8,10,2.625,4,2.6666666666666665,1.1428571428571428
8,10,2.625,4,2.0,1.1428571428571428
6,6,2.3333333333333335,4,1.6666666666666667,1.0
8,9,2.625,4,2.6666666666666665,1.1428571428571428
8,10,2.5,4,2.0,1.1428571428571428
7,10,2.4285714285714284,4,1.6,1.3333333333333333
7,7,1.7142857142857142,3,1.5,1.0
6,6,2.1666666666666665,3,1.6666666666666667,1.0
7,8,2.4285714285714284,4,1.4,1.1666666666666667
6,6,2.3333333333333335,4,1.6666666666666667,1.0
7,7,1.7142857142857142,3,1.5,1.0
7,7,1.7142857142857142,3,1.5,1.0
8,9,2.625,4,2.6666666666666665,1.1428571428571428
7,9,2.7142857142857144,4,2.6666666666666665,1.3333333333333333
7,9,2.4285714285714284,4,1.4,1.1666666666666667
8,9,2.625,4,2.6666666666666665,1.1428571428571428
7,10,3.0,4,2.25,1.5
7,8,2.5714285714285716,4,2.0,1.0
6,6,2.3333333333333335,4,1.6666666666666667,1.0
8,9,2.625,4,2.6666666666666665,1.1428571428571428
8,13,2.75,4,2.2,1.5714285714285714
6,7,2.3333333333333335,4,1.5,1.2
6,7,2.5,4,2.0,1.2
7,8,2.4285714285714284,4,1.4,1.1666666666666667
7,7,1.7142857142857142,3,1.5,1.0
8,9,2.625,4,2.6666666666666665,1.1428571428571428
7,8,2.857142857142857,4,2.0,1.0
12,30,3.25,6,2.6,2.6
8,9,2.625,4,2.6666666666666665,1.1428571428571428
7,9,3.0,5,2.0,1.3333333333333333
7,8,2.5714285714285716,4,2.0,1.0
6,6,2.3333333333333335,4,1.6666666666666667,1.0
8,9,2.625,4,2.6666666666666665,1.1428571428571428
7,8,2.4285714285714284,4,1.75,1.1666666666666667
7,9,2.7142857142857144,4,2.6666666666666665,1.3333333333333333
7,7,2.4285714285714284,4,1.5,1.0
6,8,2.8333333333333335,4,1.75,1.4
7,8,2.4285714285714284,4,1.5,1.0
7,12,2.7142857142857144,4,2.3333333333333335,1.4
11,24,2.727272727272727,5,2.857142857142857,2.2222222222222223
7,8,2.5714285714285716,4,2.0,1.0
6,7,2.3333333333333335,4,1.5,1.2
7,9,2.4285714285714284,4,1.4,1.1666666666666667
8,10,2.5,4,2.6666666666666665,1.3333333333333333
7,9,2.7142857142857144,4,2.6666666666666665,1.3333333333333333
6,10,3.0,5,1.4,1.4
8,10,2.5,4,2.6666666666666665,1.3333333333333333
7,9,2.7142857142857144,4,2.6666666666666665,1.3333333333333333
7,7,1.7142857142857142,3,1.5,1.0
6,7,2.3333333333333335,4,1.5,1.2
8,9,2.75,4,2.6666666666666665,1.1428571428571428
7,8,1.5714285714285714,2,2.0,1.0
7,8,2.5714285714285716,4,2.3333333333333335,1.1666666666666667
7,7,1.4285714285714286,2,3.0,1.0
8,8,2.625,4,2.3333333333333335,1.0
12,25,2.75,5,3.142857142857143,2.2
7,10,2.0,3,2.0,1.2
7,9,2.5714285714285716,4,1.75,1.1666666666666667
6,7,2.8333333333333335,4,1.6666666666666667,1.0
7,8,2.0,3,2.0,1.2
6,7,2.3333333333333335,4,1.5,1.2
6,6,2.8333333333333335,4,1.6666666666666667,1.0
8,8,2.625,4,2.3333333333333335,1.0
7,7,2.4285714285714284,4,1.6666666666666667,1.0
7,11,1.8571428571428572,4,2.0,2.0
6,6,2.3333333333333335,4,1.6666666666666667,1.0
7,9,2.4285714285714284,4,1.6,1.3333333333333333
8,12,3.5,5,2.0,1.4285714285714286
11,20,2.5454545454545454,4,2.4285714285714284,1.8888888888888888
7,8,2.5714285714285716,4,2.0,1.0
6,7,2.3333333333333335,4,1.5,1.2
7,7,2.5714285714285716,4,2.0,1.0
9,11,1.4444444444444444,2,1.6666666666666667,1.25
7,8,2.5714285714285716,4,2.3333333333333335,1.1666666666666667
7,8,2.5714285714285716,4,1.75,1.1666666666666667
6,6,2.3333333333333335,4,1.6666666666666667,1.0
7,7,1.7142857142857142,3,1.5,1.0
8,8,2.625,4,2.3333333333333335,1.0
7,7,2.4285714285714284,4,1.6666666666666667,1.0
7,7,1.4285714285714286,2,3.0,1.0
8,8,2.625,4,2.3333333333333335,1.0
11,18,2.3636363636363638,4,2.5,1.6666666666666667
7,8,2.5714285714285716,4,2.3333333333333335,1.1666666666666667
7,8,2.0,3,1.6666666666666667,1.0
6,6,2.1666666666666665,3,1.6666666666666667,1.0
7,9,2.4285714285714284,4,1.6,1.3333333333333333
7,10,3.142857142857143,5,1.8,1.5
8,9,2.625,4,2.3333333333333335,1.0
7,9,2.7142857142857144,4,2.6666666666666665,1.3333333333333333
7,9,2.4285714285714284,4,1.4,1.1666666666666667
7,8,1.4285714285714286,2,3.0,1.0
8,12,3.5,6,1.8333333333333333,1.5714285714285714
8,9,2.625,4,2.3333333333333335,1.0
7,9,2.7142857142857144,4,2.6666666666666665,1.3333333333333333
12,28,2.8333333333333335,5,2.4,2.6666666666666665
8,9,2.625,4,2.3333333333333335,1.0
7,10,3.0,4,2.25,1.5
7,8,2.5714285714285716,4,2.0,1.0
6,6,2.3333333333333335,4,1.6666666666666667,1.0
8,8,2.625,4,2.3333333333333335,1.0
8,9,1.5,2,1.6666666666666667,1.25
6,7,2.3333333333333335,4,1.5,1.2
6,7,2.5,4,2.0,1.2
7,7,1.4285714285714286,2,3.0,1.0
8,8,2.625,4,2.3333333333333335,1.0
6,7,2.8333333333333335,4,1.6666666666666667,1.0
7,8,1.4285714285714286,2,3.0,1.0
8,8,2.625,4,2.3333333333333335,1.0
8,9,1.5,2,1.6666666666666667,1.25
7,9,2.7142857142857144,4,2.6666666666666665,1.3333333333333333
7,7,2.4285714285714284,4,1.5,1.0
9,13,1.6666666666666667,3,2.0,1.5
7,8,2.4285714285714284,4,1.4,1.1666666666666667
6,6,2.3333333333333335,4,1.6666666666666667,1.0
7,7,1.7142857142857142,3,1.5,1.0
7,7,1.7142857142857142,3,1.5,1.0
8,12,3.375,6,1.8333333333333333,1.5714285714285714
7,10,2.857142857142857,5,2.0,1.6
11,23,2.727272727272727,5,2.857142857142857,2.2222222222222223
7,8,2.5714285714285716,4,2.0,1.0
6,7,2.3333333333333335,4,1.5,1.2
8,8,2.625,4,2.3333333333333335,1.0
8,9,2.625,4,2.0,1.1428571428571428
6,7,2.5,4,2.0,1.2
7,9,2.4285714285714284,4,1.4,1.1666666666666667
6,6,2.1666666666666665,3,1.6666666666666667,1.0
7,7,1.7142857142857142,3,1.5,1.0
6,10,3.1666666666666665,5,1.8,1.8
6,6,2.3333333333333335,4,1.6666666666666667,1.0
7,8,2.4285714285714284,4,1.5,1.0
7,7,1.7142857142857142,3,1.5,1.0
8,9,2.625,4,2.3333333333333335,1.0
7,7,1.5714285714285714,2,2.0,1.0
6,6,2.8333333333333335,4,1.6666666666666667,1.0
6,7,2.3333333333333335,4,1.6666666666666667,1.0
8,9,2.625,4,2.6666666666666665,1.1428571428571428
7,12,3.2857142857142856,5,2.2,1.8333333333333333
7,8,2.5714285714285716,4,2.0,1.0
6,6,2.3333333333333335,4,1.6666666666666667,1.0
8,9,2.625,4,2.6666666666666665,1.1428571428571428
8,12,1.625,3,1.5,1.5
7,9,2.4285714285714284,4,1.75,1.1666666666666667
7,7,2.4285714285714284,4,1.5,1.0
7,10,1.7142857142857142,3,2.5,1.6666666666666667
6,6,2.8333333333333335,4,1.6666666666666667,1.0
7,7,1.7142857142857142,3,1.5,1.0
6,6,2.3333333333333335,4,1.6666666666666667,1.0
8,9,2.625,4,2.6666666666666665,1.1428571428571428
8,10,2.75,4,2.6666666666666665,1.1428571428571428
7,10,2.4285714285714284,4,1.6,1.3333333333333333
7,8,2.4285714285714284,4,1.5,1.0
7,8,2.4285714285714284,4,1.5,1.0
6,6,2.1666666666666665,3,1.6666666666666667,1.0
6,6,2.3333333333333335,4,1.6666666666666667,1.0
7,7,1.4285714285714286,2,3.0,1.0
8,9,2.625,4,2.3333333333333335,1.0
7,9,3.0,5,2.0,1.3333333333333333
7,8,2.5714285714285716,4,1.75,1.1666666666666667
6,6,2.3333333333333335,4,1.6666666666666667,1.0
7,9,2.4285714285714284,4,1.4,1.1666666666666667
7,12,2.0,3,3.0,1.5
6,6,2.3333333333333335,4,1.6666666666666667,1.0
7,11,2.5714285714285716,4,2.0,1.2
13,26,2.6153846153846154,4,2.875,2.090909090909091
6,7,2.3333333333333335,4,1.5,1.2
8,11,2.75,4,3.0,1.2857142857142858
7,9,2.7142857142857144,4,2.6666666666666665,1.3333333333333333
7,8,2.4285714285714284,4,1.4,1.1666666666666667
7,7,1.4285714285714286,2,3.0,1.0
8,10,2.75,4,3.0,1.2857142857142858
7,9,3.0,5,2.0,1.3333333333333333
7,8,2.5714285714285716,4,2.0,1.0
7,9,2.5714285714285716,4,2.0,1.3333333333333333
8,11,2.75,4,3.0,1.2857142857142858
8,12,2.375,5,1.5,1.2
7,8,2.4285714285714284,4,1.4,1.1666666666666667
7,8,2.4285714285714284,4,1.5,1.0
7,8,2.7142857142857144,4,2.3333333333333335,1.1666666666666667
7,9,2.7142857142857144,4,2.6666666666666665,1.3333333333333333
7,8,2.7142857142857144,4,2.3333333333333335,1.1666666666666667
8,11,2.75,5,2.0,1.4285714285714286
7,8,2.5714285714285716,4,2.3333333333333335,1.1666666666666667
7,8,2.5714285714285716,4,1.75,1.1666666666666667
7,8,2.5714285714285716,4,1.75,1.1666666666666667
6,6,2.3333333333333335,4,1.6666666666666667,1.0
7,8,2.0,3,1.6666666666666667,1.0
8,8,2.625,4,2.3333333333333335,1.0
12,22,2.4166666666666665,4,2.7142857142857144,1.9
6,6,2.3333333333333335,4,1.6666666666666667,1.0
7,8,2.142857142857143,4,1.3333333333333333,1.0
6,6,2.1666666666666665,3,1.6666666666666667,1.0
8,8,2.625,4,2.3333333333333335,1.0
6,6,2.8333333333333335,4,1.6666666666666667,1.0
7,7,2.4285714285714284,4,1.5,1.0
8,8,2.625,4,2.3333333333333335,1.0
7,9,2.5714285714285716,4,2.0,1.3333333333333333
8,13,2.75,5,2.2,1.5714285714285714
6,6,2.3333333333333335,4,1.3333333333333333,1.0
12,27,3.0,5,2.875,2.3
8,8,1.375,3,1.0,1.0
6,6,1.5,3,1.0,1.0
13,29,2.3846153846153846,4,2.5555555555555554,2.090909090909091
13,25,1.7692307692307692,3,3.0,2.25
13,27,2.3846153846153846,4,2.5555555555555554,2.090909090909091
13,20,2.4615384615384617,4,2.2857142857142856,1.4545454545454546
13,22,2.4615384615384617,4,2.375,1.7272727272727273
12,22,2.4166666666666665,5,2.375,1.9
14,33,2.642857142857143,5,3.375,2.4545454545454546
8,11,3.5,5,2.0,1.4285714285714286
11,21,2.8181818181818183,5,2.7142857142857144,2.111111111111111
7,7,2.4285714285714284,4,1.5,1.0
8,8,2.625,4,2.3333333333333335,1.0
12,24,2.5833333333333335,5,2.625,2.1
8,8,2.625,4,2.3333333333333335,1.0
7,9,3.2857142857142856,5,2.0,1.3333333333333333
6,7,2.3333333333333335,4,1.3333333333333333,1.0
7,9,2.4285714285714284,4,1.4,1.1666666666666667
7,8,1.7142857142857142,3,2.0,1.0
8,8,2.625,4,2.3333333333333335,1.0
8,10,2.5,4,2.0,1.1428571428571428
7,8,2.5714285714285716,4,2.3333333333333335,1.1666666666666667
7,8,2.4285714285714284,4,1.5,1.0
7,7,1.4285714285714286,2,3.0,1.0
9,20,3.5555555555555554,7,2.125,2.4285714285714284
8,8,1.5,3,1.5,1.0
12,26,2.75,5,2.875,2.3
8,9,2.375,4,2.0,1.0
8,9,2.625,4,2.0,1.1428571428571428
6,6,2.3333333333333335,4,1.6666666666666667,1.0
6,7,2.5,4,2.0,1.2
7,8,2.4285714285714284,4,1.5,1.0
8,9,2.625,4,2.3333333333333335,1.0
8,8,2.5,4,1.75,1.0
6,6,1.8333333333333333,3,1.5,1.0
8,9,2.625,4,2.3333333333333335,1.0
7,8,2.142857142857143,4,1.3333333333333333,1.0
8,10,2.75,4,2.6666666666666665,1.1428571428571428
6,7,2.5,4,2.0,1.2
7,8,1.4285714285714286,2,3.0,1.0
6,10,3.1666666666666665,5,1.8,1.8
8,8,2.625,4,2.3333333333333335,1.0
8,9,2.625,4,2.0,1.1428571428571428
6,7,2.5,4,1.5,1.2
8,8,2.625,4,2.3333333333333335,1.0
8,10,2.5,4,2.0,1.1428571428571428
6,6,2.1666666666666665,3,1.6666666666666667,1.0
7,7,1.7142857142857142,3,1.5,1.0
7,7,2.4285714285714284,4,1.5,1.0
9,19,3.111111111111111,6,2.142857142857143,2.142857142857143
7,9,2.142857142857143,4,1.6666666666666667,1.25
13,26,2.923076923076923,5,2.875,2.090909090909091
7,7,2.0,3,1.6666666666666667,1.0
7,7,1.4285714285714286,2,3.0,1.0
7,7,2.5714285714285716,4,2.0,1.0
7,11,3.142857142857143,5,2.0,1.6666666666666667
8,10,2.75,4,2.6666666666666665,1.1428571428571428
6,7,2.3333333333333335,4,1.5,1.2
7,8,2.4285714285714284,4,1.5,1.0
8,9,2.625,4,2.3333333333333335,1.0
8,12,1.625,3,1.5,1.5
6,6,2.1666666666666665,3,1.6666666666666667,1.0
7,8,2.4285714285714284,4,1.5,1.0
7,7,1.7142857142857142,3,1.5,1.0
7,10,2.5714285714285716,4,1.6,1.3333333333333333
6,6,2.3333333333333335,4,1.6666666666666667,1.0
8,8,2.625,4,2.3333333333333335,1.0
8,9,2.625,4,2.0,1.1428571428571428
6,6,2.3333333333333335,4,1.6666666666666667,1.0
8,8,2.625,4,2.3333333333333335,1.0
7,9,2.7142857142857144,4,2.6666666666666665,1.3333333333333333
7,7,1.7142857142857142,3,1.5,1.0
8,8,2.625,4,2.3333333333333335,1.0
7,8,2.5714285714285716,4,1.75,1.1666666666666667
6,6,2.3333333333333335,4,1.3333333333333333,1.0
7,10,2.5714285714285716,4,1.6,1.3333333333333333
8,8,2.625,4,2.3333333333333335,1.0
8,9,1.5,2,1.6666666666666667,1.25
7,8,2.4285714285714284,4,1.4,1.1666666666666667
6,7,2.5,4,2.0,1.2
7,8,2.4285714285714284,4,1.5,1.0
8,9,2.625,4,2.6666666666666665,1.1428571428571428
7,9,3.2857142857142856,5,1.6,1.3333333333333333
6,7,2.8333333333333335,4,1.6666666666666667,1.0
7,10,2.5714285714285716,4,1.6,1.3333333333333333
6,7,2.3333333333333335,4,1.6666666666666667,1.0
8,10,2.75,4,3.0,1.2857142857142858
8,10,2.5,4,2.0,1.1428571428571428
6,6,2.8333333333333335,4,1.6666666666666667,1.0
7,8,2.4285714285714284,4,1.5,1.0
10,24,2.7,6,2.0,2.5714285714285716
6,7,1.5,3,1.0,1.0
12,21,2.8333333333333335,5,2.25,1.8
5,6,3.0,5,1.0,1.0
6,11,3.0,5,1.6,1.6
7,12,2.7142857142857144,4,2.0,1.3333333333333333
7,10,2.857142857142857,4,3.0,1.5
6,7,2.3333333333333335,4,1.6666666666666667,1.0
6,6,2.3333333333333335,4,1.6666666666666667,1.0
7,9,2.7142857142857144,4,2.6666666666666665,1.3333333333333333
8,11,2.625,4,2.25,1.2857142857142858
6,8,2.5,4,1.75,1.4
7,8,1.7142857142857142,3,2.0,1.0
7,11,2.0,3,3.0,1.5
6,7,2.8333333333333335,4,2.0,1.2
7,8,3.4285714285714284,5,1.4,1.1666666666666667
7,8,3.4285714285714284,5,1.4,1.1666666666666667
12,23,2.4166666666666665,4,2.857142857142857,2.0
12,18,1.9166666666666667,4,2.4,1.5
12,26,2.75,6,3.0,2.4
13,27,2.6923076923076925,5,2.4,2.1818181818181817
13,22,2.4615384615384617,4,2.5714285714285716,1.6363636363636365
13,23,2.5384615384615383,5,2.625,1.9090909090909092
12,20,2.5833333333333335,5,2.5714285714285716,1.8
15,36,3.3333333333333335,6,3.875,2.3846153846153846
8,10,3.5,5,1.8,1.2857142857142858
12,28,2.5833333333333335,5,2.5,2.5
7,8,1.4285714285714286,2,3.0,1.0
8,8,2.625,4,2.3333333333333335,1.0
8,10,2.625,4,2.25,1.2857142857142858
7,10,2.4285714285714284,4,1.6,1.3333333333333333
7,7,2.5714285714285716,4,2.0,1.0
7,7,2.5714285714285716,4,2.0,1.0
6,7,2.8333333333333335,4,1.6666666666666667,1.0
7,8,2.0,3,1.6666666666666667,1.0
6,6,2.3333333333333335,4,1.6666666666666667,1.0
7,7,2.5714285714285716,4,2.0,1.0
7,7,2.4285714285714284,4,1.6666666666666667,1.0
7,7,1.4285714285714286,2,3.0,1.0
7,7,2.5714285714285716,4,2.0,1.0
8,10,2.75,4,2.6666666666666665,1.1428571428571428
6,7,2.5,4,2.0,1.2
7,7,1.7142857142857142,3,1.5,1.0
8,8,2.625,4,2.3333333333333335,1.0
8,14,3.125,5,1.6666666666666667,1.4285714285714286
6,6,2.8333333333333335,4,1.6666666666666667,1.0
7,12,2.0,3,3.0,1.5
9,12,1.6666666666666667,3,2.0,1.5
6,6,2.3333333333333335,4,1.6666666666666667,1.0
7,7,2.5714285714285716,4,2.0,1.0
7,7,1.7142857142857142,3,1.5,1.0
8,8,2.625,4,2.3333333333333335,1.0
8,12,1.625,3,1.6666666666666667,1.25
6,7,2.8333333333333335,4,1.6666666666666667,1.0
7,10,2.5714285714285716,4,1.6,1.3333333333333333
7,8,1.7142857142857142,3,2.0,1.0
7,7,1.4285714285714286,2,3.0,1.0
8,8,2.625,4,2.3333333333333335,1.0
7,8,2.142857142857143,4,1.3333333333333333,1.0
7,11,1.7142857142857142,3,2.5,1.6666666666666667
6,7,2.3333333333333335,4,1.5,1.2
6,7,2.5,4,2.0,1.2
9,12,1.6666666666666667,3,2.0,1.5
7,11,3.142857142857143,5,1.8,1.5
7,7,2.5714285714285716,4,2.0,1.0
8,12,2.625,4,2.5,1.4285714285714286
6,6,2.3333333333333335,4,1.3333333333333333,1.0
7,9,2.4285714285714284,4,1.4,1.1666666666666667
7,7,1.4285714285714286,2,3.0,1.0
7,7,1.4285714285714286,2,3.0,1.0
8,8,2.625,4,2.3333333333333335,1.0
7,8,2.5714285714285716,4,2.3333333333333335,1.1666666666666667
7,8,2.7142857142857144,4,2.3333333333333335,1.1666666666666667
8,8,2.625,4,2.3333333333333335,1.0
8,13,2.75,4,2.75,1.5714285714285714
6,7,2.8333333333333335,4,1.6666666666666667,1.0
6,9,2.5,4,1.6,1.6
7,11,3.4285714285714284,5,1.8,1.5
7,8,2.142857142857143,4,1.3333333333333333,1.0
6,7,2.5,4,2.0,1.2
6,8,2.5,4,1.75,1.4
8,8,2.625,4,2.3333333333333335,1.0
8,10,2.75,4,2.6666666666666665,1.1428571428571428
6,7,2.3333333333333335,4,1.5,1.2
8,8,2.625,4,2.3333333333333335,1.0
7,9,2.4285714285714284,4,1.5,1.0
6,7,2.5,4,2.0,1.2
6,6,2.3333333333333335,4,1.6666666666666667,1.0
6,7,2.3333333333333335,4,1.3333333333333333,1.0
9,20,3.5555555555555554,7,2.125,2.4285714285714284
6,6,1.5,3,1.0,1.0
6,7,1.5,3,1.0,1.0
12,20,2.0,4,2.0,1.5
13,27,2.6153846153846154,5,3.3333333333333335,2.0
13,27,2.5384615384615383,5,3.0,1.9090909090909092
14,29,2.7857142857142856,5,2.5,2.0833333333333335
12,24,2.5833333333333335,4,3.1666666666666665,1.9
13,32,3.1538461538461537,6,3.111111111111111,2.5454545454545454
14,38,2.9285714285714284,6,2.5833333333333335,2.5833333333333335
14,27,2.5,5,2.6666666666666665,2.0
13,19,2.4615384615384617,4,2.2857142857142856,1.4545454545454546
14,35,2.7142857142857144,5,3.5,2.5454545454545454
7,10,3.142857142857143,5,1.6,1.3333333333333333
12,23,2.75,5,2.857142857142857,2.0
6,9,3.1666666666666665,5,1.6,1.6
7,12,3.142857142857143,5,1.8,1.5
7,7,2.5714285714285716,4,2.0,1.0
6,6,2.3333333333333335,4,1.3333333333333333,1.0
6,7,1.8333333333333333,3,2.0,1.0
7,7,2.5714285714285716,4,2.0,1.0
8,12,2.75,4,2.5,1.4285714285714286
6,7,2.3333333333333335,4,1.5,1.2
7,7,2.4285714285714284,4,1.5,1.0
7,8,2.5714285714285716,4,1.75,1.1666666666666667
8,8,2.625,4,2.3333333333333335,1.0
7,7,1.5714285714285714,2,2.0,1.0
7,9,2.7142857142857144,4,2.6666666666666665,1.3333333333333333
7,9,2.0,3,1.6666666666666667,1.0
7,7,1.7142857142857142,3,1.5,1.0
6,6,2.3333333333333335,4,1.6666666666666667,1.0
7,8,1.7142857142857142,3,2.0,1.0
6,8,2.5,4,1.75,1.4
8,8,2.625,4,2.3333333333333335,1.0
8,13,1.75,3,1.75,1.75
6,6,2.8333333333333335,4,1.6666666666666667,1.0
8,13,1.875,3,3.0,1.5
9,13,1.6666666666666667,3,2.3333333333333335,1.75
6,6,2.3333333333333335,4,1.6666666666666667,1.0
6,9,3.0,5,1.6,1.6
8,9,2.625,4,2.3333333333333335,1.0
8,11,3.0,4,2.25,1.2857142857142858
7,10,1.7142857142857142,3,2.5,1.6666666666666667
8,8,2.625,4,2.3333333333333335,1.0
8,10,2.75,4,2.6666666666666665,1.1428571428571428
7,9,2.7142857142857144,4,2.6666666666666665,1.3333333333333333
7,7,1.7142857142857142,3,1.5,1.0
8,10,2.75,4,2.6666666666666665,1.1428571428571428
7,9,2.4285714285714284,4,1.4,1.1666666666666667
6,7,2.3333333333333335,4,1.5,1.2
7,10,1.7142857142857142,3,2.5,1.6666666666666667
6,7,2.8333333333333335,4,2.0,1.2
6,6,2.3333333333333335,4,1.6666666666666667,1.0
6,8,3.0,5,1.4,1.4
6,7,2.8333333333333335,4,2.0,1.2
11,28,3.1818181818181817,7,2.4,3.0
7,8,2.7142857142857144,4,2.3333333333333335,1.1666666666666667
8,16,3.5,5,2.0,1.7142857142857142
7,8,2.4285714285714284,4,1.4,1.1666666666666667
7,9,2.7142857142857144,4,2.6666666666666665,1.3333333333333333
7,9,2.4285714285714284,4,1.6,1.3333333333333333
8,13,3.5,6,2.0,1.7142857142857142
7,9,2.857142857142857,5,1.75,1.4
7,9,2.7142857142857144,4,2.6666666666666665,1.3333333333333333
7,9,2.0,3,2.5,1.25
7,10,2.0,3,2.5,1.25
6,6,2.3333333333333335,4,1.6666666666666667,1.0
7,11,1.8571428571428572,4,2.0,2.0
6,7,2.5,4,1.5,1.2
7,7,2.5714285714285716,4,2.0,1.0
8,10,2.75,4,2.6666666666666665,1.1428571428571428
7,8,2.5714285714285716,4,2.3333333333333335,1.1666666666666667
7,7,1.7142857142857142,3,1.5,1.0
7,7,2.5714285714285716,4,2.0,1.0
7,8,2.142857142857143,4,1.3333333333333333,1.0
6,7,2.3333333333333335,4,1.5,1.2
7,8,2.4285714285714284,4,1.5,1.0
8,14,2.75,5,2.0,1.7142857142857142
6,7,2.5,4,2.0,1.2
7,12,2.0,3,3.0,1.5
6,6,2.3333333333333335,4,1.6666666666666667,1.0
10,22,2.7,6,2.0,2.5714285714285716
8,8,1.375,3,1.0,1.0
6,7,1.5,3,1.0,1.0
13,28,2.4615384615384617,5,2.4444444444444446,2.0
13,24,2.3846153846153846,4,3.0,1.6363636363636365
13,19,1.9230769230769231,3,4.666666666666667,1.5555555555555556
13,28,3.076923076923077,6,3.125,2.272727272727273
14,33,2.357142857142857,4,2.4545454545454546,2.25
13,26,2.3846153846153846,5,3.3333333333333335,2.2222222222222223
13,31,3.0,6,3.111111111111111,2.5454545454545454
12,24,2.4166666666666665,5,2.3333333333333335,2.1
14,37,3.0714285714285716,5,3.75,2.5
7,10,3.142857142857143,5,1.6,1.3333333333333333
11,22,2.8181818181818183,5,2.7142857142857144,2.111111111111111
8,8,2.625,4,2.3333333333333335,1.0
7,7,2.4285714285714284,4,1.5,1.0
8,10,2.75,4,2.6666666666666665,1.1428571428571428
6,7,2.3333333333333335,4,1.3333333333333333,1.0
7,10,2.5714285714285716,4,1.6,1.3333333333333333
7,7,1.7142857142857142,3,1.5,1.0
6,7,2.5,4,2.0,1.2
7,8,2.4285714285714284,4,1.5,1.0
7,7,1.4285714285714286,2,3.0,1.0
8,8,2.625,4,2.3333333333333335,1.0
8,8,2.5,4,1.75,1.0
8,10,2.75,4,2.6666666666666665,1.1428571428571428
6,7,2.5,4,2.0,1.2
7,7,2.0,3,1.6666666666666667,1.0
9,13,1.6666666666666667,3,2.0,1.5
7,8,1.7142857142857142,3,1.5,1.0
7,9,2.7142857142857144,4,1.6,1.3333333333333333
7,7,2.5714285714285716,4,2.0,1.0
12,20,2.8333333333333335,5,2.8333333333333335,1.7
7,8,2.5714285714285716,4,2.3333333333333335,1.1666666666666667
8,10,1.375,2,3.0,1.0
7,9,2.4285714285714284,4,1.6,1.3333333333333333
6,7,2.5,4,2.0,1.2
6,6,2.8333333333333335,4,1.6666666666666667,1.0
6,6,1.8333333333333333,3,2.0,1.0
8,8,2.625,4,2.3333333333333335,1.0
11,16,2.4545454545454546,4,2.0,1.3333333333333333
6,6,2.3333333333333335,4,1.6666666666666667,1.0
6,7,2.3333333333333335,4,1.5,1.2
7,7,2.4285714285714284,4,1.5,1.0
6,7,2.3333333333333335,4,1.5,1.2
6,6,2.8333333333333335,4,1.6666666666666667,1.0
10,24,2.7,6,2.0,2.5714285714285716
6,6,1.5,3,1.0,1.0
12,26,3.3333333333333335,7,2.875,2.3
6,8,2.5,4,1.75,1.4
7,8,1.7142857142857142,3,2.0,1.0
7,12,2.0,3,3.0,1.5
6,6,2.8333333333333335,4,1.6666666666666667,1.0
7,7,2.4285714285714284,4,1.5,1.0
6,6,2.3333333333333335,4,1.6666666666666667,1.0
7,10,2.7142857142857144,4,1.6,1.3333333333333333
7,8,2.5714285714285716,4,2.0,1.0
9,10,1.4444444444444444,2,1.6666666666666667,1.25
6,6,2.8333333333333335,4,1.6666666666666667,1.0
6,6,2.8333333333333335,4,1.6666666666666667,1.0
7,7,1.4285714285714286,2,3.0,1.0
7,7,2.5714285714285716,4,2.0,1.0
12,26,2.9166666666666665,5,3.142857142857143,2.2
7,10,2.857142857142857,4,3.0,1.5
7,7,2.4285714285714284,4,1.5,1.0
8,11,2.875,5,1.8,1.2857142857142858
6,6,2.1666666666666665,3,1.6666666666666667,1.0
6,6,2.8333333333333335,4,1.6666666666666667,1.0
10,23,2.7,6,2.0,2.5714285714285716
7,7,1.4285714285714286,3,1.0,1.0
11,21,2.3636363636363638,4,2.25,2.0
7,10,2.5714285714285716,4,1.6,1.3333333333333333
6,8,3.0,5,1.4,1.4
7,11,3.142857142857143,5,1.8,1.5
7,7,2.5714285714285716,4,2.0,1.0
9,10,1.4444444444444444,2,1.6666666666666667,1.25
6,7,2.3333333333333335,4,1.5,1.2
7,8,2.4285714285714284,4,1.4,1.1666666666666667
6,8,3.0,5,1.4,1.4
7,8,1.7142857142857142,3,2.0,1.0
6,6,2.3333333333333335,4,1.6666666666666667,1.0
7,9,2.5714285714285716,4,2.3333333333333335,1.1666666666666667
7,8,2.142857142857143,4,1.3333333333333333,1.0
7,8,2.5714285714285716,4,2.3333333333333335,1.1666666666666667
7,7,2.0,3,1.6666666666666667,1.0
7,11,2.7142857142857144,4,1.6,1.3333333333333333
7,8,2.5714285714285716,4,2.3333333333333335,1.1666666666666667
8,9,2.625,4,2.0,1.1428571428571428
6,6,2.3333333333333335,4,1.6666666666666667,1.0
6,8,2.8333333333333335,4,1.75,1.4
7,8,2.4285714285714284,4,1.5,1.0
6,6,2.1666666666666665,3,1.6666666666666667,1.0
7,9,2.4285714285714284,4,1.4,1.1666666666666667
9,13,1.6666666666666667,3,2.0,1.5
7,7,1.7142857142857142,3,1.5,1.0
7,9,2.7142857142857144,4,2.6666666666666665,1.3333333333333333
7,9,2.5714285714285716,4,2.0,1.3333333333333333
6,6,2.3333333333333335,4,1.3333333333333333,1.0
6,10,3.0,5,1.6,1.6
8,10,2.5,4,2.6666666666666665,1.3333333333333333
8,12,2.625,4,2.0,1.4285714285714286
6,7,2.3333333333333335,4,1.5,1.2
7,8,2.5714285714285716,4,1.75,1.1666666666666667
7,9,2.0,3,2.5,1.25
7,10,2.4285714285714284,4,1.6,1.3333333333333333
8,9,2.75,4,2.6666666666666665,1.1428571428571428
8,10,2.5,4,2.0,1.1428571428571428
7,7,1.7142857142857142,3,1.5,1.0
8,9,2.75,4,2.6666666666666665,1.1428571428571428
7,7,2.5714285714285716,4,2.0,1.0
7,8,2.0,3,2.0,1.2
8,8,2.625,4,2.3333333333333335,1.0
7,7,1.5714285714285714,2,2.0,1.0
8,10,2.5,4,2.0,1.1428571428571428
6,6,2.3333333333333335,4,1.6666666666666667,1.0
7,8,1.7142857142857142,3,2.0,1.0
10,22,3.1,6,2.25,2.25
8,8,2.625,4,2.3333333333333335,1.0
7,9,2.7142857142857144,4,2.6666666666666665,1.3333333333333333
7,7,2.0,3,1.6666666666666667,1.0
7,7,1.4285714285714286,2,3.0,1.0
8,8,2.625,4,2.3333333333333335,1.0
8,10,2.5,4,2.0,1.1428571428571428
6,6,2.3333333333333335,4,1.6666666666666667,1.0
8,8,2.625,4,2.3333333333333335,1.0
13,26,2.6923076923076925,4,2.75,2.0
8,10,2.5,4,2.0,1.1428571428571428
6,7,2.5,4,2.0,1.2
7,11,2.0,3,2.5,1.25
9,11,1.6666666666666667,3,2.0,1.5
7,10,3.142857142857143,5,1.8,1.5
8,8,2.625,4,2.3333333333333335,1.0
8,8,2.5,4,1.75,1.0
8,10,2.75,4,2.6666666666666665,1.1428571428571428
6,7,2.3333333333333335,4,1.3333333333333333,1.0
7,9,2.4285714285714284,4,1.4,1.1666666666666667
10,20,2.5,4,3.4,2.4285714285714284
7,8,1.7142857142857142,3,2.0,1.0
7,9,2.5714285714285716,4,2.0,1.0
8,8,2.625,4,2.3333333333333335,1.0
8,10,2.5,4,2.0,1.1428571428571428
6,7,2.3333333333333335,4,1.5,1.2
7,7,1.7142857142857142,3,1.5,1.0
7,8,2.5714285714285716,4,1.75,1.1666666666666667
8,12,3.5,6,1.8333333333333333,1.5714285714285714
7,10,2.857142857142857,5,2.0,1.6
10,18,2.6,5,2.142857142857143,1.875
6,7,2.3333333333333335,4,1.6666666666666667,1.25
8,8,2.625,4,2.3333333333333335,1.0
7,9,2.7142857142857144,4,2.6666666666666665,1.3333333333333333
7,7,2.0,3,1.6666666666666667,1.0
7,7,1.7142857142857142,3,1.5,1.0
7,10,2.4285714285714284,4,1.6,1.3333333333333333
6,6,2.3333333333333335,4,1.6666666666666667,1.0
7,8,2.0,3,1.6666666666666667,1.0
8,8,2.625,4,2.3333333333333335,1.0
7,7,2.4285714285714284,4,1.6666666666666667,1.0
7,7,2.5714285714285716,4,2.0,1.0
7,10,2.4285714285714284,4,1.75,1.1666666666666667
6,6,2.3333333333333335,4,1.6666666666666667,1.0
7,7,1.7142857142857142,3,2.0,1.0
8,8,2.625,4,2.3333333333333335,1.0
8,10,2.5,4,2.0,1.1428571428571428
7,9,2.4285714285714284,4,1.75,1.1666666666666667
7,7,1.7142857142857142,3,1.5,1.0
6,7,2.5,4,2.0,1.2
7,8,2.4285714285714284,4,1.4,1.1666666666666667
6,6,2.3333333333333335,4,1.6666666666666667,1.0
7,7,1.7142857142857142,3,1.5,1.0
7,7,1.7142857142857142,3,1.5,1.0
10,22,2.7,6,2.0,2.5714285714285716
8,8,1.25,2,2.0,1.0
12,22,2.8333333333333335,5,2.8333333333333335,1.7
8,10,2.75,4,2.6666666666666665,1.1428571428571428
7,8,2.4285714285714284,4,1.4,1.1666666666666667
7,10,2.4285714285714284,4,1.6,1.3333333333333333
8,10,1.375,2,3.0,1.0
10,24,3.0,5,2.5,2.5
7,7,1.7142857142857142,3,1.5,1.0
6,10,3.1666666666666665,5,1.8,1.8
7,7,1.5714285714285714,3,1.5,1.0
7,10,2.5714285714285716,4,2.25,1.5
7,8,2.5714285714285716,4,2.0,1.0
6,6,2.3333333333333335,4,1.3333333333333333,1.0
6,8,2.3333333333333335,4,1.5,1.2
7,10,2.7142857142857144,4,1.6,1.3333333333333333
7,7,2.5714285714285716,4,2.0,1.0
8,9,2.625,4,2.0,1.1428571428571428
6,7,2.5,4,2.0,1.2
7,9,2.0,3,1.6666666666666667,1.0
6,6,2.1666666666666665,3,1.6666666666666667,1.0
7,11,2.0,3,2.5,1.25
6,6,2.3333333333333335,4,1.6666666666666667,1.0
9,18,2.888888888888889,6,1.875,2.142857142857143
7,7,1.4285714285714286,3,1.0,1.0
13,28,2.769230769230769,5,2.7777777777777777,2.272727272727273
7,7,1.4285714285714286,2,3.0,1.0
7,11,2.2857142857142856,4,1.5,1.2
7,8,3.0,5,1.75,1.1666666666666667
7,8,2.5714285714285716,4,2.0,1.0
6,6,2.3333333333333335,4,1.3333333333333333,1.0
7,10,2.5714285714285716,4,1.6,1.3333333333333333
7,8,2.5714285714285716,4,2.0,1.0
8,10,2.75,4,2.25,1.2857142857142858
6,7,2.3333333333333335,4,1.5,1.2
8,10,1.375,2,3.0,1.0
7,8,1.7142857142857142,3,2.0,1.0
6,6,2.3333333333333335,4,1.6666666666666667,1.0
7,12,2.0,3,3.0,1.5
6,7,2.8333333333333335,4,1.5,1.2
11,27,2.909090909090909,6,2.625,2.625
7,7,1.7142857142857142,3,1.5,1.0
6,7,2.8333333333333335,4,1.5,1.2
7,7,2.5714285714285716,4,2.0,1.0
7,8,2.857142857142857,4,2.0,1.0
7,9,2.4285714285714284,4,1.5,1.0
7,7,2.5714285714285716,4,2.0,1.0
8,9,1.5,2,1.6666666666666667,1.25
6,7,2.8333333333333335,4,1.6666666666666667,1.0
7,8,2.142857142857143,4,1.3333333333333333,1.0
6,8,3.0,5,1.4,1.4
8,10,2.75,4,2.6666666666666665,1.1428571428571428
7,11,3.142857142857143,5,2.25,1.5
7,8,2.4285714285714284,4,1.4,1.1666666666666667
7,9,2.4285714285714284,4,1.4,1.1666666666666667
6,6,2.1666666666666665,3,1.6666666666666667,1.0
7,9,2.0,3,1.6666666666666667,1.0
7,8,2.0,3,1.6666666666666667,1.0
6,6,2.1666666666666665,3,1.6666666666666667,1.0
6,7,2.3333333333333335,4,1.5,1.2
7,10,2.4285714285714284,4,1.5,1.5
11,26,2.6363636363636362,5,3.6666666666666665,2.75
8,8,1.375,3,1.0,1.0
6,6,1.5,3,1.0,1.0
13,27,2.4615384615384617,4,2.875,2.090909090909091
13,28,2.1538461538461537,4,2.625,2.1
13,28,2.6923076923076925,5,2.7777777777777777,2.272727272727273
13,21,2.4615384615384617,4,2.8333333333333335,1.5454545454545454
13,21,2.0,4,3.4,1.8888888888888888
12,22,2.3333333333333335,4,2.2222222222222223,2.0
13,20,2.3846153846153846,4,3.2,1.4545454545454546
13,21,2.3846153846153846,4,2.8333333333333335,1.5454545454545454
12,19,2.5,5,2.4285714285714284,1.7
13,26,2.769230769230769,5,3.4285714285714284,2.1818181818181817
8,11,3.5,5,2.0,1.4285714285714286
11,21,2.5454545454545454,5,2.375,2.111111111111111
7,8,2.5714285714285716,4,2.0,1.0
6,6,2.3333333333333335,4,1.6666666666666667,1.0
7,9,2.4285714285714284,4,1.75,1.1666666666666667
8,8,2.625,4,2.3333333333333335,1.0
7,8,2.5714285714285716,4,2.3333333333333335,1.1666666666666667
8,10,2.75,4,2.6666666666666665,1.1428571428571428
7,10,2.5714285714285716,4,1.6,1.3333333333333333
7,7,1.7142857142857142,3,1.5,1.0
10,22,2.7,6,2.0,2.5714285714285716
8,8,1.5,3,1.5,1.0
10,17,2.4,4,2.3333333333333335,1.75
7,9,2.7142857142857144,4,2.6666666666666665,1.3333333333333333
7,9,1.7142857142857142,3,2.5,1.6666666666666667
7,7,2.5714285714285716,4,2.0,1.0
6,7,2.5,4,2.0,1.2
7,7,1.7142857142857142,3,1.5,1.0
7,7,2.5714285714285716,4,2.0,1.0
6,7,2.3333333333333335,4,1.5,1.2
8,8,2.375,4,2.0,1.0
7,8,2.5714285714285716,4,2.3333333333333335,1.1666666666666667
7,7,1.7142857142857142,3,1.5,1.0
8,8,2.375,4,2.0,1.0
7,8,2.142857142857143,4,1.3333333333333333,1.0
7,9,2.7142857142857144,4,2.6666666666666665,1.3333333333333333
7,7,1.4285714285714286,2,3.0,1.0
6,6,2.3333333333333335,4,1.6666666666666667,1.0
7,9,2.7142857142857144,4,1.6,1.3333333333333333
8,9,2.625,4,2.3333333333333335,1.0
8,8,2.5,4,1.75,1.0
6,7,2.5,4,2.0,1.2
7,7,1.4285714285714286,2,3.0,1.0
9,13,1.6666666666666667,3,2.0,1.5
6,6,2.1666666666666665,3,1.6666666666666667,1.0
7,9,2.4285714285714284,4,1.4,1.1666666666666667
8,9,1.25,2,2.0,1.0
8,8,2.625,4,2.3333333333333335,1.0
8,13,2.75,4,2.75,1.5714285714285714
7,8,2.5714285714285716,4,2.3333333333333335,1.1666666666666667
6,11,3.1666666666666665,5,1.8,1.8
7,10,2.4285714285714284,4,1.75,1.1666666666666667
8,8,2.625,4,2.3333333333333335,1.0
7,12,3.2857142857142856,5,2.2,1.8333333333333333
8,10,2.75,4,2.6666666666666665,1.1428571428571428
6,6,2.3333333333333335,4,1.6666666666666667,1.0
7,10,3.142857142857143,5,1.6,1.3333333333333333
7,7,1.5714285714285714,2,2.0,1.0
6,7,2.3333333333333335,4,1.5,1.2
8,13,1.875,3,3.0,1.5
6,6,2.3333333333333335,4,1.6666666666666667,1.0
6,7,2.5,4,2.0,1.2
8,12,2.75,5,1.6666666666666667,1.4285714285714286
6,7,2.3333333333333335,4,1.5,1.2
7,9,2.4285714285714284,4,1.6,1.3333333333333333
8,9,1.25,2,2.0,1.0
8,8,2.625,4,2.3333333333333335,1.0
7,7,1.5714285714285714,2,2.0,1.0
7,9,2.7142857142857144,4,2.6666666666666665,1.3333333333333333
6,7,2.8333333333333335,4,1.5,1.2
7,9,2.4285714285714284,4,1.75,1.1666666666666667
6,6,2.3333333333333335,4,1.6666666666666667,1.0
7,8,2.4285714285714284,4,1.5,1.0
8,8,2.625,4,2.3333333333333335,1.0
7,7,2.4285714285714284,4,1.6666666666666667,1.0
7,7,1.4285714285714286,2,3.0,1.0
8,9,2.625,4,2.6666666666666665,1.1428571428571428
7,9,2.7142857142857144,4,2.6666666666666665,1.3333333333333333
8,9,2.625,4,2.6666666666666665,1.1428571428571428
8,9,1.5,2,1.6666666666666667,1.25
6,7,2.3333333333333335,4,1.5,1.2
8,13,1.625,3,2.5,1.6666666666666667
6,6,2.3333333333333335,4,1.6666666666666667,1.0
6,7,2.5,4,2.0,1.2
6,9,3.1666666666666665,5,1.6,1.6
7,7,1.4285714285714286,2,3.0,1.0
7,9,2.4285714285714284,4,1.4,1.1666666666666667
7,9,2.0,3,1.6666666666666667,1.0
8,9,2.625,4,2.6666666666666665,1.1428571428571428
7,8,2.142857142857143,4,1.3333333333333333,1.0
6,7,2.3333333333333335,4,1.3333333333333333,1.0
7,8,2.4285714285714284,4,1.4,1.1666666666666667
9,18,2.5555555555555554,5,1.625,1.8571428571428572
6,7,1.5,3,1.0,1.0
6,7,1.5,3,1.0,1.0
12,19,1.5833333333333333,3,3.0,1.5
12,19,1.6666666666666667,3,4.0,1.7142857142857142
13,25,2.769230769230769,5,3.6,1.8
12,29,2.4166666666666665,5,2.272727272727273,2.5
12,18,2.3333333333333335,4,2.142857142857143,1.5
12,29,2.5833333333333335,4,3.125,2.5
13,31,2.3846153846153846,5,2.7,2.4545454545454546
12,22,2.5,5,2.375,1.9
14,38,2.7857142857142856,5,3.875,2.8181818181818183
8,11,3.25,5,1.8,1.2857142857142858
12,27,2.9166666666666665,5,2.6666666666666665,2.4
7,10,2.4285714285714284,4,1.6,1.3333333333333333
7,7,1.4285714285714286,2,3.0,1.0
8,9,2.625,4,2.6666666666666665,1.1428571428571428
7,8,2.4285714285714284,4,1.5,1.0
7,9,2.5714285714285716,4,1.75,1.1666666666666667
6,8,2.6666666666666665,4,2.3333333333333335,1.4
6,8,2.8333333333333335,4,1.5,1.2
8,11,2.75,4,3.0,1.2857142857142858
7,7,2.4285714285714284,4,1.6666666666666667,1.0
7,7,1.4285714285714286,2,3.0,1.0
8,10,2.75,4,3.0,1.2857142857142858
8,10,2.75,4,2.6666666666666665,1.1428571428571428
6,7,2.5,4,2.0,1.2
7,7,2.4285714285714284,4,1.5,1.0
11,28,3.1818181818181817,6,2.75,2.4444444444444446
7,7,1.4285714285714286,3,1.0,1.0
6,7,1.5,3,1.0,1.0
10,23,2.5,5,2.5,2.857142857142857
7,7,1.4285714285714286,3,1.0,1.0
7,8,1.8571428571428572,4,1.0,1.0
12,22,1.9166666666666667,3,3.2,2.0
13,18,1.6153846153846154,3,2.5,1.4285714285714286
12,24,2.3333333333333335,4,2.625,2.1
12,21,2.25,4,3.0,1.8
12,26,2.4166666666666665,5,2.5555555555555554,2.3
12,22,2.5833333333333335,5,2.5,2.0
14,31,3.0,6,3.375,2.25
8,10,3.5,5,1.8,1.2857142857142858
10,19,2.6,5,2.2857142857142856,2.0
6,7,2.3333333333333335,4,1.5,1.2
7,8,2.4285714285714284,4,1.5,1.0
10,13,1.8,3,2.3333333333333335,1.4
8,13,3.5,6,2.0,1.7142857142857142
7,7,2.5714285714285716,4,2.0,1.0
12,22,2.5,4,2.25,1.8
6,7,2.3333333333333335,4,1.5,1.2
7,8,2.5714285714285716,4,1.75,1.1666666666666667
7,7,2.4285714285714284,4,1.5,1.0
7,10,2.4285714285714284,4,1.6,1.3333333333333333
7,12,2.0,3,3.0,1.5
7,9,2.4285714285714284,4,1.75,1.1666666666666667
6,8,2.5,4,1.75,1.4
6,7,2.8333333333333335,4,2.0,1.2
9,18,2.7777777777777777,5,2.3333333333333335,2.0
7,7,2.5714285714285716,4,2.0,1.0
7,8,2.142857142857143,4,1.3333333333333333,1.0
8,10,2.75,4,2.6666666666666665,1.1428571428571428
6,6,2.3333333333333335,4,1.6666666666666667,1.0
7,7,2.5714285714285716,4,2.0,1.0
7,7,2.142857142857143,4,1.3333333333333333,1.0
7,8,2.5714285714285716,4,2.3333333333333335,1.1666666666666667
6,8,2.5,4,1.75,1.4
7,7,1.7142857142857142,3,1.5,1.0
8,8,2.625,4,2.3333333333333335,1.0
7,7,2.142857142857143,4,1.3333333333333333,1.0
8,10,2.75,4,2.6666666666666665,1.1428571428571428
6,6,2.3333333333333335,4,1.6666666666666667,1.0
11,27,3.1818181818181817,6,2.3,2.5555555555555554
7,7,1.4285714285714286,2,3.0,1.0
7,7,1.4285714285714286,2,3.0,1.0
8,8,2.625,4,2.3333333333333335,1.0
7,10,2.142857142857143,4,1.3333333333333333,1.0
6,7,2.3333333333333335,4,1.5,1.2
6,6,2.3333333333333335,4,1.6666666666666667,1.0
8,8,2.625,4,2.3333333333333335,1.0
7,11,3.142857142857143,5,2.0,1.6666666666666667
8,10,2.75,4,2.6666666666666665,1.1428571428571428
6,6,2.3333333333333335,4,1.6666666666666667,1.0
6,6,2.3333333333333335,4,1.6666666666666667,1.0
7,10,3.142857142857143,5,1.6,1.3333333333333333
8,10,2.75,4,2.6666666666666665,1.1428571428571428
6,7,2.5,4,2.0,1.2
7,9,2.4285714285714284,4,1.4,1.1666666666666667
8,10,1.375,2,3.0,1.0
10,21,3.1,6,2.125,2.125
7,7,1.4285714285714286,2,3.0,1.0
8,8,2.625,4,2.3333333333333335,1.0
8,9,1.5,2,1.6666666666666667,1.25
7,8,2.5714285714285716,4,2.3333333333333335,1.1666666666666667
7,8,2.4285714285714284,4,1.5,1.0
7,7,1.7142857142857142,3,1.5,1.0
6,10,3.1666666666666665,5,1.8,1.8
10,22,2.7,6,2.0,2.5714285714285716
6,6,1.5,3,1.0,1.0
6,7,1.5,3,1.0,1.0
12,23,2.9166666666666665,6,2.5,2.0
12,13,1.5,2,6.0,1.0
13,25,2.6153846153846154,5,2.75,2.0
13,22,2.4615384615384617,4,2.5,1.3636363636363635
13,29,2.3846153846153846,5,2.6,2.3636363636363638
12,23,2.5,5,2.5,2.0
14,37,2.7857142857142856,5,4.142857142857143,2.6363636363636362
7,9,2.5714285714285716,4,1.75,1.4
12,23,2.75,5,2.857142857142857,2.0
6,6,1.8333333333333333,3,1.5,1.0
8,8,2.625,4,2.3333333333333335,1.0
7,8,3.0,5,1.75,1.1666666666666667
8,10,2.75,4,2.6666666666666665,1.1428571428571428
6,7,2.5,4,2.0,1.2
7,7,1.7142857142857142,3,1.5,1.0
8,9,2.625,4,2.3333333333333335,1.0
7,9,2.5714285714285716,4,2.0,1.3333333333333333
6,6,2.3333333333333335,4,1.3333333333333333,1.0
7,11,3.0,5,1.8,1.5
7,9,2.4285714285714284,4,1.5,1.0
8,8,2.625,4,2.3333333333333335,1.0
7,7,2.142857142857143,4,1.3333333333333333,1.0
8,9,1.625,3,1.6666666666666667,1.25
6,7,2.3333333333333335,4,1.5,1.2
6,6,2.3333333333333335,4,1.6666666666666667,1.0
7,7,1.4285714285714286,2,3.0,1.0
6,7,2.5,4,2.0,1.2
7,8,2.4285714285714284,4,1.4,1.1666666666666667
8,9,1.25,2,2.0,1.0
9,19,3.4444444444444446,7,2.0,2.2857142857142856
8,9,1.5,3,1.5,1.0
7,8,2.5714285714285716,4,1.75,1.1666666666666667
6,7,2.5,4,2.0,1.2
6,9,3.1666666666666665,5,1.6,1.6
7,11,3.142857142857143,5,1.8,1.5
7,8,2.2857142857142856,4,1.6666666666666667,1.0
7,8,3.0,5,1.75,1.1666666666666667
7,8,2.5714285714285716,4,2.0,1.0
6,6,2.3333333333333335,4,1.6666666666666667,1.0
7,9,2.4285714285714284,4,1.4,1.1666666666666667
7,12,3.142857142857143,5,1.8,1.5
7,7,2.5714285714285716,4,2.0,1.0
9,12,1.4444444444444444,2,1.6666666666666667,1.25
6,6,2.8333333333333335,4,1.6666666666666667,1.0
6,6,2.8333333333333335,4,1.6666666666666667,1.0
7,7,1.4285714285714286,2,3.0,1.0
7,7,2.5714285714285716,4,2.0,1.0
8,10,2.75,4,2.25,1.2857142857142858
6,6,2.1666666666666665,3,1.6666666666666667,1.0
8,10,1.375,2,3.0,1.0
7,8,2.4285714285714284,4,1.5,1.0
6,7,2.8333333333333335,4,1.5,1.2
7,8,2.7142857142857144,4,2.3333333333333335,1.1666666666666667
6,6,2.3333333333333335,4,1.3333333333333333,1.0
6,9,3.0,5,1.6,1.6
6,7,2.3333333333333335,4,1.6666666666666667,1.0
8,10,2.5,4,2.6666666666666665,1.3333333333333333
8,16,3.5,5,2.0,1.7142857142857142
7,10,2.857142857142857,4,3.0,1.5
6,6,2.3333333333333335,4,1.6666666666666667,1.0
7,9,2.7142857142857144,4,2.6666666666666665,1.3333333333333333
7,9,2.4285714285714284,4,1.75,1.1666666666666667
7,7,2.0,3,2.0,1.0
6,7,2.3333333333333335,4,1.5,1.2
8,8,2.625,4,2.3333333333333335,1.0
7,8,2.857142857142857,4,2.0,1.0
7,8,2.0,3,2.0,1.2
8,8,2.625,4,2.3333333333333335,1.0
8,9,2.5,4,2.3333333333333335,1.0
6,7,2.3333333333333335,4,1.3333333333333333,1.0
7,10,2.857142857142857,5,1.6,1.3333333333333333
6,6,1.8333333333333333,3,2.0,1.0
8,8,2.625,4,2.3333333333333335,1.0
8,15,2.625,5,2.25,1.8
7,9,2.4285714285714284,4,1.4,1.1666666666666667
7,9,2.7142857142857144,4,2.6666666666666665,1.3333333333333333
7,7,1.4285714285714286,2,3.0,1.0
7,9,2.7142857142857144,4,2.0,1.3333333333333333
7,8,2.4285714285714284,4,2.0,1.0
8,8,2.625,4,2.3333333333333335,1.0
8,14,2.875,5,2.4,1.7142857142857142
7,8,2.5714285714285716,4,2.3333333333333335,1.1666666666666667
6,10,2.5,4,1.6,1.6
7,9,2.4285714285714284,4,1.75,1.1666666666666667
6,6,2.3333333333333335,4,1.6666666666666667,1.0
7,8,2.0,3,1.6666666666666667,1.0
11,24,2.727272727272727,5,2.857142857142857,2.5
7,8,1.4285714285714286,2,3.0,1.0
8,8,2.625,4,2.3333333333333335,1.0
8,9,2.75,4,2.3333333333333335,1.0
7,8,2.5714285714285716,4,2.3333333333333335,1.1666666666666667
7,7,1.4285714285714286,2,3.0,1.0
6,6,2.3333333333333335,4,1.6666666666666667,1.0
10,22,3.0,6,2.111111111111111,2.375
8,9,1.625,3,1.5,1.0
12,21,2.75,5,2.25,1.8
6,6,2.3333333333333335,4,1.6666666666666667,1.0
7,8,2.7142857142857144,4,2.3333333333333335,1.1666666666666667
7,8,2.5714285714285716,4,2.0,1.0
12,28,3.0,5,3.0,2.4
8,9,2.375,4,2.0,1.0
8,9,2.75,4,2.3333333333333335,1.0
7,9,2.7142857142857144,4,2.6666666666666665,1.3333333333333333
8,14,2.75,5,1.8333333333333333,1.5714285714285714
6,6,2.3333333333333335,4,1.6666666666666667,1.0
8,8,2.625,4,2.3333333333333335,1.0
7,7,1.5714285714285714,2,2.0,1.0
7,9,2.7142857142857144,4,2.6666666666666665,1.3333333333333333
8,13,1.875,3,3.0,1.5
6,6,2.3333333333333335,4,1.6666666666666667,1.0
7,7,1.4285714285714286,2,3.0,1.0
8,8,2.625,4,2.3333333333333335,1.0
7,8,2.5714285714285716,4,2.3333333333333335,1.1666666666666667
7,9,2.7142857142857144,4,2.3333333333333335,1.1666666666666667
8,8,2.625,4,2.3333333333333335,1.0
8,13,2.75,4,2.75,1.5714285714285714
7,9,2.7142857142857144,4,2.6666666666666665,1.3333333333333333
7,9,2.7142857142857144,4,2.3333333333333335,1.1666666666666667
7,10,2.4285714285714284,4,1.75,1.1666666666666667
8,8,2.625,4,2.3333333333333335,1.0
7,9,2.7142857142857144,4,2.6666666666666665,1.3333333333333333
8,8,2.625,4,2.3333333333333335,1.0
8,12,1.625,3,1.6666666666666667,1.25
7,9,2.7142857142857144,4,2.6666666666666665,1.3333333333333333
7,7,2.4285714285714284,4,1.5,1.0
7,7,1.4285714285714286,2,3.0,1.0
8,9,2.625,4,2.6666666666666665,1.1428571428571428
7,9,2.857142857142857,4,2.3333333333333335,1.1666666666666667
7,7,1.4285714285714286,2,3.0,1.0
8,9,2.625,4,2.6666666666666665,1.1428571428571428
7,10,3.0,4,2.25,1.5
6,7,2.3333333333333335,4,1.5,1.2
7,8,2.4285714285714284,4,1.4,1.1666666666666667
10,23,2.7,6,1.8888888888888888,2.4285714285714284
6,7,1.5,3,1.0,1.0
15,34,3.2666666666666666,6,3.25,2.1666666666666665
12,26,3.0,5,2.75,2.2
6,7,2.5,4,2.0,1.2
6,6,1.8333333333333333,3,1.5,1.0
7,8,1.5714285714285714,3,1.5,1.0
7,8,2.5714285714285716,4,2.3333333333333335,1.1666666666666667
7,9,2.4285714285714284,4,1.4,1.1666666666666667
7,8,1.5714285714285714,3,1.5,1.0
8,9,2.625,4,2.0,1.1428571428571428
7,8,2.5714285714285716,4,1.75,1.1666666666666667
8,10,2.375,4,2.3333333333333335,1.1666666666666667
8,10,2.75,4,2.6666666666666665,1.1428571428571428
6,6,2.3333333333333335,4,1.6666666666666667,1.0
6,7,2.5,4,2.0,1.2
7,7,1.4285714285714286,2,3.0,1.0
8,9,2.625,4,2.6666666666666665,1.1428571428571428
7,10,3.0,5,1.8,1.5
6,6,2.3333333333333335,4,1.3333333333333333,1.0
8,10,2.625,4,2.6666666666666665,1.1428571428571428
8,9,1.5,2,1.6666666666666667,1.25
6,6,2.8333333333333335,4,1.6666666666666667,1.0
8,9,2.625,4,2.6666666666666665,1.1428571428571428
8,10,2.625,4,2.0,1.1428571428571428
6,8,2.5,4,1.75,1.4
8,9,2.625,4,2.6666666666666665,1.1428571428571428
8,10,2.625,4,2.0,1.1428571428571428
6,7,2.5,4,2.0,1.2
7,8,2.142857142857143,4,1.3333333333333333,1.0
6,8,2.8333333333333335,4,1.75,1.4
6,6,2.3333333333333335,4,1.6666666666666667,1.0
7,7,2.4285714285714284,4,1.5,1.0
8,10,2.625,4,2.6666666666666665,1.1428571428571428
9,11,1.4444444444444444,2,1.6666666666666667,1.25
6,6,2.8333333333333335,4,1.6666666666666667,1.0
6,6,2.8333333333333335,4,1.6666666666666667,1.0
7,7,1.4285714285714286,2,3.0,1.0
11,29,3.0,6,2.5,2.7777777777777777
7,9,2.5714285714285716,4,2.0,1.2
11,24,2.727272727272727,5,2.5,2.2222222222222223
7,8,2.5714285714285716,4,2.3333333333333335,1.1666666666666667
7,8,2.142857142857143,4,1.3333333333333333,1.0
6,7,2.3333333333333335,4,1.5,1.2
6,7,2.3333333333333335,4,1.5,1.2
8,11,2.75,4,3.0,1.2857142857142858
7,8,2.5714285714285716,4,1.75,1.1666666666666667
6,7,2.8333333333333335,4,1.6666666666666667,1.0
8,11,2.75,4,3.0,1.2857142857142858
7,9,2.4285714285714284,4,1.4,1.1666666666666667
6,7,2.3333333333333335,4,1.5,1.2
6,7,2.1666666666666665,3,2.0,1.2
6,7,2.3333333333333335,4,1.3333333333333333,1.0
6,6,2.8333333333333335,4,1.6666666666666667,1.0
7,9,2.4285714285714284,4,1.4,1.1666666666666667
7,8,1.7142857142857142,3,2.0,1.0
7,8,2.7142857142857144,4,2.3333333333333335,1.1666666666666667
7,9,2.7142857142857144,4,2.6666666666666665,1.3333333333333333
7,8,2.7142857142857144,4,2.3333333333333335,1.1666666666666667
8,13,2.625,4,2.2,1.5714285714285714
7,8,2.5714285714285716,4,2.3333333333333335,1.1666666666666667
7,8,1.5714285714285714,3,2.0,1.3333333333333333
6,6,2.3333333333333335,4,1.6666666666666667,1.0
8,8,2.625,4,2.3333333333333335,1.0
8,12,2.625,4,2.5,1.4285714285714286
7,8,2.5714285714285716,4,2.3333333333333335,1.1666666666666667
7,8,2.7142857142857144,4,2.3333333333333335,1.1666666666666667
7,9,2.4285714285714284,4,1.75,1.1666666666666667
8,8,2.625,4,2.3333333333333335,1.0
10,14,1.9,3,2.0,1.3333333333333333
7,7,2.5714285714285716,4,2.0,1.0
7,8,2.0,3,2.0,1.2
7,7,1.4285714285714286,2,3.0,1.0
7,8,2.0,3,2.0,1.2
6,6,2.3333333333333335,4,1.6666666666666667,1.0
6,6,1.8333333333333333,3,1.5,1.0
7,7,1.7142857142857142,3,1.5,1.0
10,21,2.4,5,1.7777777777777777,2.2857142857142856
7,12,3.4285714285714284,5,2.0,1.6666666666666667
13,24,2.8461538461538463,5,3.0,1.9090909090909092
7,9,2.0,3,2.0,1.2
7,7,1.4285714285714286,2,3.0,1.0
8,8,2.625,4,2.3333333333333335,1.0
8,9,2.5,4,1.75,1.0
8,10,2.75,4,2.6666666666666665,1.1428571428571428
7,10,2.4285714285714284,4,1.6,1.3333333333333333
7,7,1.7142857142857142,3,1.5,1.0
8,8,2.625,4,2.3333333333333335,1.0
11,20,2.4545454545454546,5,2.125,1.8888888888888888
13,30,3.3076923076923075,5,3.4285714285714284,2.1818181818181817
7,7,1.4285714285714286,2,3.0,1.0
7,7,1.4285714285714286,2,3.0,1.0
8,8,2.625,4,2.3333333333333335,1.0
8,13,2.25,4,2.3333333333333335,1.4
8,10,2.5,4,2.0,1.1428571428571428
7,8,2.4285714285714284,4,1.5,1.0
8,10,2.75,5,1.5,1.2857142857142858
8,8,2.625,4,2.3333333333333335,1.0
8,10,2.75,4,2.6666666666666665,1.1428571428571428
6,7,2.3333333333333335,4,1.5,1.2
7,9,2.0,3,1.6666666666666667,1.0
8,8,2.625,4,2.3333333333333335,1.0
8,8,2.5,4,1.75,1.0
7,9,2.7142857142857144,4,2.6666666666666665,1.3333333333333333
7,7,1.4285714285714286,2,3.0,1.0
8,8,2.625,4,2.3333333333333335,1.0
7,9,2.7142857142857144,4,2.6666666666666665,1.3333333333333333
7,9,2.4285714285714284,4,1.4,1.1666666666666667
7,7,1.4285714285714286,2,3.0,1.0
8,8,2.625,4,2.3333333333333335,1.0
8,10,2.75,4,2.6666666666666665,1.1428571428571428
6,7,2.3333333333333335,4,1.5,1.2
6,7,2.5,4,2.0,1.2
7,7,1.4285714285714286,2,3.0,1.0
7,7,1.7142857142857142,3,1.5,1.0
6,9,2.5,4,1.6,1.6
7,8,2.0,3,1.6666666666666667,1.0
6,6,2.8333333333333335,4,1.6666666666666667,1.0
7,8,2.4285714285714284,4,1.4,1.1666666666666667
8,8,1.125,2,1.0,1.0
8,8,2.625,4,2.3333333333333335,1.0
8,10,2.75,4,2.6666666666666665,1.1428571428571428
7,9,2.4285714285714284,4,1.75,1.1666666666666667
7,7,2.4285714285714284,4,1.5,1.0
6,6,2.8333333333333335,4,1.6666666666666667,1.0
6,7,2.3333333333333335,4,1.5,1.2
7,7,2.4285714285714284,4,1.5,1.0
10,23,2.7,6,2.0,2.5714285714285716
7,7,1.4285714285714286,3,1.0,1.0
11,21,2.8181818181818183,5,3.0,2.0
6,7,2.3333333333333335,4,1.5,1.2
7,8,1.5714285714285714,3,1.5,1.0
8,8,2.5,4,1.75,1.0
8,10,2.75,4,2.6666666666666665,1.1428571428571428
6,7,2.5,4,2.0,1.2
6,10,3.0,5,1.6,1.6
7,8,2.2857142857142856,4,1.6666666666666667,1.0
9,12,1.6666666666666667,3,2.3333333333333335,1.75
8,11,2.75,4,2.5,1.4285714285714286
6,7,2.8333333333333335,4,1.6666666666666667,1.0
7,8,2.4285714285714284,4,1.5,1.0
7,7,1.7142857142857142,3,1.5,1.0
8,8,2.625,4,2.3333333333333335,1.0
8,10,2.5,4,2.0,1.1428571428571428
6,6,2.3333333333333335,4,1.6666666666666667,1.0
7,7,2.5714285714285716,4,2.0,1.0
6,9,3.0,5,1.6,1.6
6,6,2.3333333333333335,4,1.6666666666666667,1.0
7,8,2.4285714285714284,4,1.5,1.0
8,8,2.625,4,2.3333333333333335,1.0
8,10,2.75,4,2.6666666666666665,1.1428571428571428
6,7,2.3333333333333335,4,1.3333333333333333,1.0
7,8,2.4285714285714284,4,1.5,1.0
8,8,2.625,4,2.3333333333333335,1.0
7,8,3.0,5,1.75,1.1666666666666667
6,7,2.3333333333333335,4,1.3333333333333333,1.0
8,9,2.625,4,2.3333333333333335,1.0
7,8,3.0,5,1.75,1.1666666666666667
7,9,2.7142857142857144,4,2.6666666666666665,1.3333333333333333
7,7,2.4285714285714284,4,1.5,1.0
6,6,2.3333333333333335,4,1.6666666666666667,1.0
8,8,2.625,4,2.3333333333333335,1.0
7,10,2.857142857142857,4,3.0,1.5
8,9,2.625,4,2.6666666666666665,1.1428571428571428
7,8,2.142857142857143,4,1.3333333333333333,1.0
7,8,2.5714285714285716,4,2.0,1.0
7,9,2.4285714285714284,4,1.5,1.0
6,6,2.3333333333333335,4,1.6666666666666667,1.0
7,8,2.4285714285714284,4,1.5,1.0
7,10,2.7142857142857144,4,1.6,1.3333333333333333
7,9,2.142857142857143,4,1.6666666666666667,1.25
11,17,2.4545454545454546,4,1.8571428571428572,1.4444444444444444
5,6,3.0,5,1.0,1.0
7,8,2.4285714285714284,4,1.5,1.0
7,9,2.7142857142857144,4,2.6666666666666665,1.3333333333333333
7,9,2.4285714285714284,4,1.5,1.0
6,7,2.3333333333333335,4,1.5,1.2
6,8,3.0,5,1.4,1.4
8,11,2.75,4,3.0,1.2857142857142858
8,10,2.75,4,2.6666666666666665,1.1428571428571428
7,9,2.7142857142857144,4,2.6666666666666665,1.3333333333333333
7,8,2.4285714285714284,4,1.5,1.0
8,10,2.5,4,2.6666666666666665,1.3333333333333333
8,11,2.5,4,1.6666666666666667,1.4285714285714286
6,7,2.5,4,2.0,1.2
7,9,2.4285714285714284,4,1.75,1.1666666666666667
7,8,1.5714285714285714,3,2.0,1.3333333333333333
8,9,2.75,4,2.6666666666666665,1.1428571428571428
8,9,2.5,4,1.75,1.0
6,7,2.3333333333333335,4,1.3333333333333333,1.0
8,8,2.625,4,2.3333333333333335,1.0
7,8,2.142857142857143,4,1.3333333333333333,1.0
7,8,2.5714285714285716,4,2.3333333333333335,1.1666666666666667
7,9,2.4285714285714284,4,1.75,1.1666666666666667
9,13,1.6666666666666667,3,2.0,1.5
12,26,3.0,5,3.0,2.4
8,8,1.375,3,1.0,1.0
6,6,1.5,3,1.0,1.0
11,21,2.909090909090909,6,2.2857142857142856,1.7777777777777777
13,26,2.3846153846153846,4,3.1666666666666665,1.7272727272727273
13,25,2.5384615384615383,5,3.3333333333333335,1.8181818181818181
13,24,2.3846153846153846,4,2.625,1.9090909090909092
13,24,2.6153846153846154,5,3.1666666666666665,1.9
13,31,3.0,6,2.8,2.5454545454545454
13,28,2.5384615384615383,5,2.6666666666666665,2.1818181818181817
13,26,2.5384615384615383,5,2.5555555555555554,2.090909090909091
13,21,2.4615384615384617,4,2.25,1.6363636363636365
14,31,2.9285714285714284,5,3.7142857142857144,2.1666666666666665
8,11,3.5,5,2.0,1.4285714285714286
12,24,2.75,5,2.4444444444444446,2.2
8,8,2.625,4,2.3333333333333335,1.0
8,13,2.625,5,1.8,1.8
6,6,2.8333333333333335,4,1.6666666666666667,1.0
11,25,2.5454545454545454,5,3.3333333333333335,2.2222222222222223
8,8,2.625,4,2.3333333333333335,1.0
7,8,2.857142857142857,4,2.0,1.0
15,37,3.6,6,2.8181818181818183,2.3846153846153846
8,8,2.625,4,2.3333333333333335,1.0
7,8,2.5714285714285716,4,1.75,1.1666666666666667
6,6,2.3333333333333335,4,1.3333333333333333,1.0
7,10,2.5714285714285716,4,1.6,1.3333333333333333
7,8,1.7142857142857142,3,2.0,1.0
8,8,2.625,4,2.3333333333333335,1.0
7,11,3.2857142857142856,5,2.5,1.6666666666666667
8,10,2.75,4,2.6666666666666665,1.1428571428571428
7,8,2.0,3,1.6666666666666667,1.0
6,7,2.8333333333333335,4,1.6666666666666667,1.0
6,8,2.5,4,1.75,1.4
7,8,2.7142857142857144,4,2.3333333333333335,1.1666666666666667
7,10,3.142857142857143,5,1.8,1.5
7,7,2.5714285714285716,4,2.0,1.0
7,8,2.5714285714285716,4,1.75,1.1666666666666667
6,7,2.3333333333333335,4,1.3333333333333333,1.0
7,10,2.5714285714285716,4,1.6,1.3333333333333333
8,8,2.625,4,2.3333333333333335,1.0
8,10,2.5,4,2.0,1.1428571428571428
7,9,2.7142857142857144,4,2.6666666666666665,1.3333333333333333
7,8,2.4285714285714284,4,1.5,1.0
7,9,2.0,3,1.6666666666666667,1.0
6,7,2.3333333333333335,4,1.5,1.2
7,8,2.4285714285714284,4,1.5,1.0
8,9,1.25,2,2.0,1.0
7,10,3.142857142857143,5,1.8,1.5
7,7,2.5714285714285716,4,2.0,1.0
8,10,2.5,4,2.0,1.1428571428571428
7,8,2.142857142857143,4,1.6666666666666667,1.0
6,7,2.5,4,2.0,1.2
7,8,2.142857142857143,4,1.3333333333333333,1.0
7,10,1.5714285714285714,3,2.0,1.3333333333333333
7,8,2.4285714285714284,4,1.75,1.1666666666666667
6,6,2.3333333333333335,4,1.6666666666666667,1.0
7,7,2.4285714285714284,4,1.5,1.0
6,6,2.8333333333333335,4,1.6666666666666667,1.0
7,10,2.5714285714285716,4,1.6,1.3333333333333333
7,7,1.7142857142857142,3,1.5,1.0
7,9,2.7142857142857144,4,1.6,1.3333333333333333
7,9,2.5714285714285716,4,2.0,1.2
7,8,2.5714285714285716,4,2.3333333333333335,1.1666666666666667
7,8,2.0,3,2.0,1.2
7,12,2.0,3,3.0,1.5
7,8,2.4285714285714284,4,1.75,1.1666666666666667
6,6,2.1666666666666665,3,1.6666666666666667,1.0
7,8,2.4285714285714284,4,1.5,1.0
6,8,2.5,4,1.75,1.4
6,8,3.0,5,1.4,1.4
6,6,2.1666666666666665,3,1.6666666666666667,1.0
7,8,2.5714285714285716,4,1.75,1.1666666666666667
7,8,1.7142857142857142,3,2.0,1.0
6,6,2.3333333333333335,4,1.6666666666666667,1.0
7,7,2.5714285714285716,4,2.0,1.0
7,7,1.5714285714285714,2,2.0,1.0
6,6,2.8333333333333335,4,1.6666666666666667,1.0
8,10,1.375,2,3.0,1.0
9,21,3.5555555555555554,7,2.125,2.4285714285714284
7,7,1.4285714285714286,3,1.0,1.0
6,6,1.5,3,1.0,1.0
13,33,3.0,6,2.6,2.3636363636363638
5,6,3.0,5,1.0,1.0
6,7,2.5,4,2.0,1.2
5,6,3.0,5,1.25,1.25
6,7,2.3333333333333335,4,1.3333333333333333,1.0
7,8,2.4285714285714284,4,1.5,1.0
6,7,2.5,4,2.0,1.2
6,8,2.5,4,1.75,1.4
7,9,2.4285714285714284,4,1.6,1.3333333333333333
14,40,3.642857142857143,7,3.090909090909091,2.8333333333333335
7,10,2.5714285714285716,4,1.75,1.4
11,24,2.727272727272727,5,2.857142857142857,2.2222222222222223
6,7,2.8333333333333335,4,1.6666666666666667,1.0
6,6,1.8333333333333333,3,2.0,1.0
9,12,1.6666666666666667,3,2.0,1.5
7,9,2.7142857142857144,4,2.6666666666666665,1.3333333333333333
7,10,3.2857142857142856,5,1.8,1.5
6,6,2.3333333333333335,4,1.3333333333333333,1.0
7,12,3.0,5,1.8,1.5
7,9,2.7142857142857144,4,2.6666666666666665,1.3333333333333333
7,8,3.0,5,1.75,1.1666666666666667
8,10,2.75,4,2.6666666666666665,1.1428571428571428
6,6,2.3333333333333335,4,1.6666666666666667,1.0
7,8,2.4285714285714284,4,1.5,1.0
10,22,2.2,5,1.875,2.5
6,7,1.5,3,1.0,1.0
6,6,1.1666666666666667,2,1.0,1.0
13,26,2.3076923076923075,4,4.5,2.0
12,18,1.6666666666666667,3,2.75,1.5714285714285714
13,33,3.230769230769231,6,3.2222222222222223,2.6363636363636362
13,27,3.0,5,3.2857142857142856,2.090909090909091
13,21,2.3076923076923075,4,2.8,1.4
14,40,3.0714285714285716,6,2.8333333333333335,2.8333333333333335
12,23,2.4166666666666665,4,2.857142857142857,2.0
13,32,2.8461538461538463,5,3.375,2.4545454545454546
8,10,2.625,4,1.8,1.2857142857142858
6,7,2.3333333333333335,4,1.5,1.2
6,6,2.1666666666666665,3,1.6666666666666667,1.0
7,9,2.0,3,1.6666666666666667,1.0
7,8,2.5714285714285716,4,1.75,1.1666666666666667
8,13,3.5,6,2.0,1.7142857142857142
8,10,3.5,5,1.8,1.2857142857142858
12,26,2.8333333333333335,5,3.2857142857142856,2.3
6,7,1.8333333333333333,3,2.0,1.0
8,9,2.75,4,2.6666666666666665,1.1428571428571428
7,7,2.2857142857142856,3,2.0,1.0
7,8,1.7142857142857142,3,2.0,1.0
7,7,1.7142857142857142,3,1.5,1.0
6,7,2.3333333333333335,4,1.5,1.2
8,8,2.625,4,2.3333333333333335,1.0
8,10,2.75,4,2.25,1.2857142857142858
7,8,2.5714285714285716,4,2.3333333333333335,1.1666666666666667
8,8,2.625,4,2.3333333333333335,1.0
8,9,2.75,4,2.3333333333333335,1.0
6,7,2.3333333333333335,4,1.5,1.2
6,7,2.5,4,2.0,1.2
7,7,2.0,3,1.6666666666666667,1.0
6,8,2.5,4,1.75,1.4
8,8,2.625,4,2.3333333333333335,1.0
8,13,2.25,4,2.3333333333333335,1.4
6,6,2.8333333333333335,4,1.6666666666666667,1.0
7,10,2.4285714285714284,4,1.6,1.3333333333333333
8,11,1.625,3,2.0,1.3333333333333333
6,6,2.3333333333333335,4,1.6666666666666667,1.0
6,6,2.1666666666666665,3,1.6666666666666667,1.0
7,7,1.4285714285714286,2,3.0,1.0
6,6,2.1666666666666665,3,1.6666666666666667,1.0
7,9,2.4285714285714284,4,1.4,1.1666666666666667
8,9,1.25,2,2.0,1.0
8,8,2.625,4,2.3333333333333335,1.0
7,8,2.5714285714285716,4,2.3333333333333335,1.1666666666666667
6,8,2.0,3,2.0,1.5
8,8,2.625,4,2.3333333333333335,1.0
8,13,2.75,4,2.75,1.5714285714285714
7,8,2.5714285714285716,4,2.3333333333333335,1.1666666666666667
7,7,1.4285714285714286,2,3.0,1.0
7,7,1.4285714285714286,2,3.0,1.0
8,8,2.625,4,2.3333333333333335,1.0
8,10,2.5,4,2.0,1.1428571428571428
7,8,2.4285714285714284,4,1.4,1.1666666666666667
6,6,2.3333333333333335,4,1.6666666666666667,1.0
6,7,2.5,4,2.0,1.2
9,13,1.6666666666666667,3,2.0,1.5
7,11,3.142857142857143,5,1.8,1.5
7,10,2.857142857142857,5,2.0,1.6
13,26,2.8461538461538463,5,2.5555555555555554,2.090909090909091
7,10,2.0,3,2.0,1.2
7,7,1.4285714285714286,2,3.0,1.0
8,8,2.625,4,2.3333333333333335,1.0
7,8,2.4285714285714284,4,1.5,1.0
7,9,2.7142857142857144,4,2.6666666666666665,1.3333333333333333
7,7,2.5714285714285716,4,2.0,1.0
7,9,2.4285714285714284,4,1.75,1.1666666666666667
6,6,2.3333333333333335,4,1.6666666666666667,1.0
7,9,2.0,3,1.6666666666666667,1.0
8,8,2.625,4,2.3333333333333335,1.0
7,10,2.5714285714285716,4,2.25,1.5
8,10,2.75,4,2.6666666666666665,1.1428571428571428
7,9,2.7142857142857144,4,2.6666666666666665,1.3333333333333333
7,7,2.0,3,1.6666666666666667,1.0
8,9,2.625,4,2.6666666666666665,1.1428571428571428
7,8,2.5714285714285716,4,2.3333333333333335,1.1666666666666667
6,11,3.1666666666666665,5,1.8,1.8
8,8,2.625,4,2.3333333333333335,1.0
7,8,2.142857142857143,4,1.3333333333333333,1.0
8,10,2.75,4,2.6666666666666665,1.1428571428571428
6,7,2.5,4,2.0,1.2
7,7,1.4285714285714286,2,3.0,1.0
7,8,1.7142857142857142,3,2.0,1.0
7,9,2.7142857142857144,4,1.6,1.3333333333333333
8,8,2.625,4,2.3333333333333335,1.0
11,25,2.727272727272727,5,2.625,2.3333333333333335
8,10,2.625,4,2.6666666666666665,1.1428571428571428
8,13,2.75,4,2.75,1.5714285714285714
7,9,2.7142857142857144,4,2.6666666666666665,1.3333333333333333
7,7,1.4285714285714286,2,3.0,1.0
7,7,1.4285714285714286,2,3.0,1.0
8,9,2.625,4,2.6666666666666665,1.1428571428571428
8,11,2.5,4,1.8,1.2857142857142858
6,6,2.3333333333333335,4,1.6666666666666667,1.0
8,9,2.625,4,2.6666666666666665,1.1428571428571428
8,9,1.5,2,1.6666666666666667,1.25
7,8,2.4285714285714284,4,1.4,1.1666666666666667
6,7,2.3333333333333335,4,1.5,1.2
6,6,2.3333333333333335,4,1.6666666666666667,1.0
7,10,2.857142857142857,5,2.0,1.6
11,21,2.727272727272727,5,2.0,2.0
8,15,2.875,5,2.1666666666666665,1.8571428571428572
6,7,2.3333333333333335,4,1.5,1.2
7,9,2.4285714285714284,4,1.6,1.3333333333333333
8,9,2.625,4,2.6666666666666665,1.1428571428571428
7,10,3.0,5,1.8,1.5
6,6,2.3333333333333335,4,1.3333333333333333,1.0
8,10,2.625,4,2.6666666666666665,1.1428571428571428
7,10,3.0,5,1.8,1.5
8,10,2.75,4,2.6666666666666665,1.1428571428571428
6,7,2.3333333333333335,4,1.5,1.2
8,9,2.625,4,2.6666666666666665,1.1428571428571428
7,10,2.5714285714285716,4,1.75,1.1666666666666667
6,9,3.0,5,1.6,1.6
6,10,3.0,5,1.6,1.6
6,7,2.3333333333333335,4,1.5,1.2
7,9,2.4285714285714284,4,1.5,1.0
7,7,2.4285714285714284,4,1.5,1.0
6,6,2.8333333333333335,4,1.6666666666666667,1.0
7,7,1.7142857142857142,3,1.5,1.0
6,8,2.8333333333333335,4,1.75,1.4
8,11,3.375,6,1.6666666666666667,1.4285714285714286
7,7,2.5714285714285716,4,2.0,1.0
7,10,2.857142857142857,4,3.0,1.5
7,7,1.7142857142857142,3,1.5,1.0
7,8,2.5714285714285716,4,2.3333333333333335,1.1666666666666667
11,25,2.727272727272727,5,2.625,2.3333333333333335
8,9,2.375,4,2.3333333333333335,1.1666666666666667
8,15,3.25,5,1.8333333333333333,1.5714285714285714
7,9,2.4285714285714284,4,1.5,1.0
6,7,2.3333333333333335,4,1.5,1.2
6,6,2.1666666666666665,3,1.6666666666666667,1.0
6,7,2.3333333333333335,4,1.3333333333333333,1.0
6,6,2.3333333333333335,4,1.6666666666666667,1.0
7,11,2.7142857142857144,4,1.6,1.3333333333333333
8,10,2.5,4,2.6666666666666665,1.3333333333333333
7,8,2.5714285714285716,4,2.3333333333333335,1.1666666666666667
7,8,2.4285714285714284,4,1.5,1.0
7,9,2.5714285714285716,4,1.75,1.1666666666666667
11,22,2.909090909090909,5,3.1666666666666665,2.111111111111111
8,8,1.375,3,1.0,1.0
6,7,1.5,3,1.0,1.0
14,30,2.642857142857143,5,2.6666666666666665,2.0
12,18,1.9166666666666667,4,3.0,1.5
13,28,2.923076923076923,6,3.25,2.3636363636363638
13,22,2.6153846153846154,5,2.857142857142857,1.8181818181818181
13,21,2.4615384615384617,4,2.5714285714285716,1.6363636363636365
13,23,2.5384615384615383,5,2.625,1.9090909090909092
12,19,2.5,5,2.4285714285714284,1.7
13,30,2.923076923076923,5,3.7142857142857144,2.3636363636363638
8,10,3.5,5,1.8,1.2857142857142858
11,21,2.5454545454545454,5,2.375,2.111111111111111
7,8,2.5714285714285716,4,2.0,1.0
6,8,2.5,4,1.75,1.4
7,7,2.5714285714285716,4,2.0,1.0
7,7,2.5714285714285716,4,2.0,1.0
7,7,1.7142857142857142,3,1.5,1.0
6,7,2.8333333333333335,4,1.6666666666666667,1.0
7,8,2.0,3,1.6666666666666667,1.0
7,7,2.5714285714285716,4,2.0,1.0
7,7,2.5714285714285716,4,2.0,1.0
8,12,2.625,4,2.5,1.4285714285714286
7,8,2.5714285714285716,4,2.3333333333333335,1.1666666666666667
7,7,1.7142857142857142,3,1.5,1.0
8,8,2.625,4,2.3333333333333335,1.0
8,12,2.625,4,2.5,1.4285714285714286
6,7,2.3333333333333335,4,1.5,1.2
7,7,1.4285714285714286,2,3.0,1.0
7,7,1.4285714285714286,2,3.0,1.0
8,8,2.625,4,2.3333333333333335,1.0
7,8,1.5714285714285714,2,2.0,1.0
7,8,2.5714285714285716,4,2.3333333333333335,1.1666666666666667
7,7,1.7142857142857142,3,1.5,1.0
7,8,2.4285714285714284,4,1.5,1.0
6,6,2.3333333333333335,4,1.6666666666666667,1.0
7,7,1.4285714285714286,2,3.0,1.0
8,8,2.625,4,2.3333333333333335,1.0
7,7,1.5714285714285714,2,2.0,1.0
6,6,2.8333333333333335,4,1.6666666666666667,1.0
6,7,2.3333333333333335,4,1.6666666666666667,1.0
10,21,2.7,6,1.8888888888888888,2.4285714285714284
6,6,1.5,3,1.0,1.0
6,7,1.5,3,1.0,1.0
13,21,1.8461538461538463,3,3.25,1.625
13,24,2.4615384615384617,4,3.8,1.7272727272727273
13,21,2.4615384615384617,4,2.5,1.3636363636363635
13,23,2.5384615384615383,5,2.7142857142857144,1.7272727272727273
13,23,2.230769230769231,4,3.3333333333333335,1.8181818181818181
13,27,2.1538461538461537,4,3.0,1.8
12,21,2.4166666666666665,4,2.5714285714285716,1.8
14,33,2.7142857142857144,5,3.857142857142857,2.4545454545454546
7,9,2.5714285714285716,4,1.75,1.4
12,24,2.5833333333333335,5,2.625,2.1
7,7,2.5714285714285716,4,2.0,1.0
6,7,2.5,4,2.0,1.2
7,7,2.0,3,1.6666666666666667,1.0
7,7,2.5714285714285716,4,2.0,1.0
11,21,2.5454545454545454,5,2.25,2.0
8,8,2.625,4,2.3333333333333335,1.0
8,12,2.625,4,2.5,1.4285714285714286
6,6,2.3333333333333335,4,1.3333333333333333,1.0
7,7,1.4285714285714286,2,3.0,1.0
6,6,2.3333333333333335,4,1.6666666666666667,1.0
8,8,2.625,4,2.3333333333333335,1.0
7,8,2.5714285714285716,4,2.3333333333333335,1.1666666666666667
6,8,2.8333333333333335,4,1.5,1.2
8,8,2.625,4,2.3333333333333335,1.0
7,9,2.7142857142857144,4,2.6666666666666665,1.3333333333333333
6,7,2.8333333333333335,4,1.5,1.2
8,8,2.625,4,2.3333333333333335,1.0
7,8,3.2857142857142856,5,1.75,1.1666666666666667
6,6,2.3333333333333335,4,1.3333333333333333,1.0
7,11,3.0,5,1.8,1.5
7,8,2.0,3,1.6666666666666667,1.0
8,8,2.625,4,2.3333333333333335,1.0
8,9,1.5,2,1.6666666666666667,1.25
7,9,2.7142857142857144,4,2.6666666666666665,1.3333333333333333
7,10,2.5714285714285716,4,1.6,1.3333333333333333
8,10,1.375,2,3.0,1.0
7,8,2.4285714285714284,4,1.75,1.1666666666666667
6,9,3.1666666666666665,5,1.6,1.6
6,6,2.3333333333333335,4,1.6666666666666667,1.0
7,8,2.4285714285714284,4,1.5,1.0
10,22,3.1,6,2.25,2.25
7,7,1.7142857142857142,3,1.5,1.0
7,7,2.5714285714285716,4,2.0,1.0
8,9,2.625,4,2.0,1.1428571428571428
6,7,2.5,4,2.0,1.2
7,7,2.4285714285714284,4,1.5,1.0
7,7,2.4285714285714284,4,1.5,1.0
6,7,2.3333333333333335,4,1.5,1.2
6,7,2.3333333333333335,4,1.5,1.2
8,10,1.375,2,3.0,1.0
6,6,2.3333333333333335,4,1.6666666666666667,1.0
9,18,2.888888888888889,6,1.875,2.142857142857143
7,7,1.4285714285714286,3,1.0,1.0
6,7,1.5,3,1.0,1.0
14,28,2.357142857142857,4,4.2,2.1
12,20,1.5833333333333333,3,2.75,1.8333333333333333
12,22,2.3333333333333335,4,3.1666666666666665,1.9
13,21,2.4615384615384617,4,2.2857142857142856,1.4545454545454546
12,26,2.8333333333333335,5,2.75,2.2
12,23,2.4166666666666665,4,2.857142857142857,2.0
14,35,2.7142857142857144,5,4.0,2.5454545454545454
7,9,2.5714285714285716,4,1.75,1.4
10,16,2.7,5,2.1666666666666665,1.625
5,6,1.8,3,1.0,1.0
6,10,3.0,5,1.75,1.4
7,9,2.7142857142857144,4,2.6666666666666665,1.3333333333333333
8,14,2.5,5,2.0,1.6
7,8,2.4285714285714284,4,1.4,1.1666666666666667
7,9,2.7142857142857144,4,2.6666666666666665,1.3333333333333333
7,7,2.4285714285714284,4,1.5,1.0
8,10,2.75,4,3.0,1.2857142857142858
7,8,3.0,5,1.75,1.1666666666666667
7,7,2.5714285714285716,4,2.0,1.0
6,6,2.3333333333333335,4,1.6666666666666667,1.0
7,7,1.7142857142857142,3,1.5,1.0
6,6,2.3333333333333335,4,1.6666666666666667,1.0
8,11,2.75,4,3.0,1.2857142857142858
8,12,2.75,4,2.5,1.4285714285714286
6,7,2.8333333333333335,4,1.6666666666666667,1.0
6,6,1.8333333333333333,3,2.0,1.0
7,7,1.4285714285714286,2,3.0,1.0
7,7,1.7142857142857142,3,1.5,1.0
7,8,1.7142857142857142,3,2.0,1.0
7,7,1.4285714285714286,2,3.0,1.0
12,29,3.1666666666666665,5,3.8333333333333335,2.3
7,8,1.4285714285714286,2,3.0,1.0
8,9,2.75,4,2.6666666666666665,1.1428571428571428
13,26,2.3846153846153846,4,2.5555555555555554,2.090909090909091
7,8,2.5714285714285716,4,2.3333333333333335,1.1666666666666667
7,10,2.4285714285714284,4,1.6,1.3333333333333333
8,11,1.875,3,2.0,1.0
6,6,2.3333333333333335,4,1.6666666666666667,1.0
7,9,2.4285714285714284,4,1.6,1.3333333333333333
7,7,2.5714285714285716,4,2.0,1.0
6,6,2.1666666666666665,3,1.6666666666666667,1.0
6,6,2.8333333333333335,4,1.6666666666666667,1.0
10,21,2.1,4,3.0,2.5
7,7,2.5714285714285716,4,2.0,1.0
8,10,2.75,4,2.25,1.2857142857142858
7,9,2.5714285714285716,4,2.0,1.3333333333333333
7,7,2.5714285714285716,4,2.0,1.0
8,10,2.0,4,1.5,1.2
8,13,2.75,5,2.2,1.5714285714285714
6,7,2.3333333333333335,4,1.5,1.2
7,7,1.4285714285714286,2,3.0,1.0
7,7,1.4285714285714286,2,3.0,1.0
6,7,2.5,4,2.0,1.2
7,10,2.4285714285714284,4,1.6,1.3333333333333333
8,10,1.375,2,3.0,1.0
8,8,2.625,4,2.3333333333333335,1.0
11,17,2.272727272727273,4,2.0,1.5555555555555556
7,8,2.5714285714285716,4,2.3333333333333335,1.1666666666666667
6,7,2.3333333333333335,4,1.3333333333333333,1.0
7,9,2.7142857142857144,4,2.6666666666666665,1.3333333333333333
11,26,2.6363636363636362,5,2.5,2.5
7,10,2.857142857142857,5,2.0,1.6
12,25,2.9166666666666665,5,2.75,2.2
7,8,2.0,3,2.0,1.2
7,7,1.4285714285714286,2,3.0,1.0
8,9,2.625,4,2.3333333333333335,1.0
8,9,2.5,4,2.0,1.1428571428571428
6,6,2.8333333333333335,4,1.6666666666666667,1.0
7,10,2.4285714285714284,4,1.6,1.3333333333333333
7,9,2.4285714285714284,4,1.4,1.1666666666666667
7,7,1.4285714285714286,2,3.0,1.0
8,8,2.625,4,2.3333333333333335,1.0
11,20,2.4545454545454546,5,2.125,1.8888888888888888
8,8,2.625,4,2.3333333333333335,1.0
7,9,2.7142857142857144,4,2.6666666666666665,1.3333333333333333
7,7,2.4285714285714284,4,1.5,1.0
8,8,2.625,4,2.3333333333333335,1.0
8,8,2.5,4,1.75,1.0
6,6,1.8333333333333333,3,1.5,1.0
8,8,2.625,4,2.3333333333333335,1.0
11,19,2.4545454545454546,4,2.142857142857143,1.6666666666666667
7,9,2.7142857142857144,4,2.6666666666666665,1.3333333333333333
7,7,1.4285714285714286,2,3.0,1.0
7,10,2.4285714285714284,4,1.6,1.3333333333333333
6,7,2.5,4,2.0,1.2
10,22,2.5,5,2.4285714285714284,2.4285714285714284
8,9,2.625,4,2.3333333333333335,1.0
7,7,2.4285714285714284,4,1.5,1.0
7,8,2.5714285714285716,4,2.0,1.0
6,6,2.3333333333333335,4,1.6666666666666667,1.0
7,8,2.0,3,1.6666666666666667,1.0
6,6,2.3333333333333335,4,1.6666666666666667,1.0
8,9,2.625,4,2.3333333333333335,1.0
8,8,2.5,4,1.75,1.0
6,6,1.8333333333333333,3,1.5,1.0
8,9,2.625,4,2.3333333333333335,1.0
8,13,2.75,4,2.2,1.5714285714285714
6,7,2.5,4,2.0,1.2
7,8,2.142857142857143,4,1.3333333333333333,1.0
6,6,2.1666666666666665,3,1.6666666666666667,1.0
6,10,3.1666666666666665,5,1.8,1.8
7,11,3.4285714285714284,5,1.8,1.5
13,28,2.8461538461538463,5,2.6666666666666665,2.1818181818181817
8,9,2.625,4,2.3333333333333335,1.0
6,7,2.3333333333333335,4,1.3333333333333333,1.0
6,7,2.8333333333333335,4,1.6666666666666667,1.0
7,7,2.0,3,1.6666666666666667,1.0
8,9,2.625,4,2.3333333333333335,1.0
6,7,2.3333333333333335,4,1.6666666666666667,1.25
7,7,1.4285714285714286,2,3.0,1.0
8,10,2.625,4,2.6666666666666665,1.1428571428571428
8,9,2.625,4,2.0,1.1428571428571428
6,7,2.5,4,2.0,1.2
7,8,2.4285714285714284,4,1.4,1.1666666666666667
6,6,2.3333333333333335,4,1.6666666666666667,1.0
7,10,3.142857142857143,5,1.8,1.5
8,8,2.625,4,2.3333333333333335,1.0
8,12,2.625,4,2.5,1.4285714285714286
7,8,2.5714285714285716,4,2.0,1.0
6,7,2.5,4,2.0,1.2
7,11,1.7142857142857142,3,2.5,1.6666666666666667
7,9,2.4285714285714284,4,1.75,1.1666666666666667
8,9,2.625,4,2.6666666666666665,1.1428571428571428
7,8,2.142857142857143,4,1.6666666666666667,1.0
6,6,2.8333333333333335,4,1.6666666666666667,1.0
7,8,2.4285714285714284,4,1.4,1.1666666666666667
8,10,1.375,2,3.0,1.0
8,8,2.625,4,2.3333333333333335,1.0
11,24,2.727272727272727,5,2.5,2.2222222222222223
8,10,2.625,4,2.6666666666666665,1.1428571428571428
8,10,2.75,4,2.6666666666666665,1.1428571428571428
6,7,2.5,4,2.0,1.2
8,13,2.75,5,1.6666666666666667,1.4285714285714286
6,6,2.3333333333333335,4,1.6666666666666667,1.0
8,9,2.625,4,2.6666666666666665,1.1428571428571428
8,11,2.75,4,2.5,1.4285714285714286
6,7,2.8333333333333335,4,1.6666666666666667,1.0
6,7,2.8333333333333335,4,1.5,1.2
8,9,2.625,4,2.3333333333333335,1.0
7,8,2.142857142857143,4,1.3333333333333333,1.0
6,7,2.3333333333333335,4,1.5,1.2
6,7,2.3333333333333335,4,1.5,1.2
7,8,2.4285714285714284,4,1.4,1.1666666666666667
10,24,2.5,5,1.8888888888888888,2.4285714285714284
6,7,1.5,3,1.0,1.0
6,7,1.5,3,1.0,1.0
13,26,2.4615384615384617,5,2.5714285714285716,1.8
13,25,2.3846153846153846,5,3.6,2.0
13,32,3.230769230769231,6,3.375,2.4545454545454546
12,19,1.9166666666666667,4,3.0,1.7142857142857142
12,20,2.25,4,3.5,1.4
12,23,2.3333333333333335,4,2.5714285714285716,1.8
13,27,2.3846153846153846,4,2.6666666666666665,2.1818181818181817
13,31,2.5384615384615383,5,2.7,2.4545454545454546
12,24,2.5833333333333335,5,2.625,2.1
14,35,3.0714285714285716,6,3.0,2.5
7,9,2.7142857142857144,4,2.0,1.3333333333333333
8,11,2.375,5,1.4,1.4
7,9,2.4285714285714284,4,1.4,1.1666666666666667
6,7,2.3333333333333335,4,1.5,1.2
7,7,2.5714285714285716,4,2.0,1.0
11,27,3.1818181818181817,7,2.4444444444444446,2.75
7,10,2.857142857142857,5,1.75,1.4
13,30,2.8461538461538463,5,3.0,2.4545454545454546
8,9,2.5,4,2.3333333333333335,1.1666666666666667
8,14,2.75,4,2.4,1.7142857142857142
7,8,2.5714285714285716,4,2.3333333333333335,1.1666666666666667
7,7,1.4285714285714286,2,3.0,1.0
7,7,1.4285714285714286,2,3.0,1.0
8,8,2.625,4,2.3333333333333335,1.0
8,10,2.5,4,2.0,1.1428571428571428
6,7,2.3333333333333335,4,1.5,1.2
8,8,2.625,4,2.3333333333333335,1.0
8,10,2.75,4,2.25,1.2857142857142858
7,8,2.5714285714285716,4,2.3333333333333335,1.1666666666666667
7,7,1.7142857142857142,3,1.5,1.0
7,7,2.5714285714285716,4,2.0,1.0
6,6,2.3333333333333335,4,1.6666666666666667,1.0
7,7,2.0,3,1.6666666666666667,1.0
8,8,2.625,4,2.3333333333333335,1.0
6,6,2.3333333333333335,4,1.3333333333333333,1.0
7,7,1.4285714285714286,2,3.0,1.0
8,8,2.625,4,2.3333333333333335,1.0
8,12,2.625,4,2.5,1.4285714285714286
8,10,2.75,4,2.6666666666666665,1.1428571428571428
7,9,2.7142857142857144,4,2.6666666666666665,1.3333333333333333
7,7,2.5714285714285716,4,2.0,1.0
8,8,2.625,4,2.3333333333333335,1.0
7,8,2.5714285714285716,4,2.3333333333333335,1.1666666666666667
7,7,1.7142857142857142,3,1.5,1.0
8,8,2.625,4,2.3333333333333335,1.0
8,9,2.625,4,2.0,1.1428571428571428
6,7,2.5,4,2.0,1.2
7,8,2.4285714285714284,4,1.4,1.1666666666666667
6,6,2.3333333333333335,4,1.6666666666666667,1.0
8,8,2.625,4,2.3333333333333335,1.0
6,6,2.3333333333333335,4,1.3333333333333333,1.0
7,8,2.4285714285714284,4,1.5,1.0
7,7,2.0,3,1.6666666666666667,1.0
12,30,3.0,6,2.7,2.7
7,12,3.4285714285714284,5,2.0,1.6666666666666667
12,19,2.8333333333333335,5,2.6666666666666665,1.6
7,8,2.5714285714285716,4,2.0,1.0
6,7,2.3333333333333335,4,1.5,1.2
7,7,2.5714285714285716,4,2.0,1.0
7,8,2.5714285714285716,4,2.3333333333333335,1.1666666666666667
7,7,1.7142857142857142,3,1.5,1.0
7,7,2.5714285714285716,4,2.0,1.0
8,9,2.625,4,2.0,1.1428571428571428
7,8,2.5714285714285716,4,2.3333333333333335,1.1666666666666667
8,8,2.625,4,2.3333333333333335,1.0
9,11,1.4444444444444444,2,1.6666666666666667,1.25
6,6,2.8333333333333335,4,1.6666666666666667,1.0
6,6,2.8333333333333335,4,1.6666666666666667,1.0
7,7,1.4285714285714286,2,3.0,1.0
7,7,1.7142857142857142,3,1.5,1.0
7,11,3.142857142857143,5,1.8,1.5
7,7,2.5714285714285716,4,2.0,1.0
8,9,2.625,4,2.0,1.1428571428571428
6,8,2.5,4,1.75,1.4
8,10,2.625,4,2.6666666666666665,1.1428571428571428
8,12,1.625,3,1.6666666666666667,1.25
8,10,2.75,4,2.6666666666666665,1.1428571428571428
7,9,2.7142857142857144,4,2.6666666666666665,1.3333333333333333
6,8,2.8333333333333335,4,1.75,1.4
6,9,2.5,4,1.6,1.6
6,6,2.3333333333333335,4,1.6666666666666667,1.0
7,7,1.4285714285714286,2,3.0,1.0
7,7,1.7142857142857142,3,1.5,1.0
9,17,3.111111111111111,6,2.0,2.0
7,7,2.5714285714285716,4,2.0,1.0
7,8,2.142857142857143,4,1.3333333333333333,1.0
8,10,2.75,4,2.6666666666666665,1.1428571428571428
6,7,2.3333333333333335,4,1.5,1.2
7,7,2.5714285714285716,4,2.0,1.0
7,8,2.5714285714285716,4,2.3333333333333335,1.1666666666666667
7,7,1.7142857142857142,3,1.5,1.0
7,8,2.5714285714285716,4,2.3333333333333335,1.1666666666666667
8,9,2.625,4,2.0,1.1428571428571428
6,8,2.5,4,1.75,1.4
8,9,2.625,4,2.6666666666666665,1.1428571428571428
8,10,2.75,4,2.6666666666666665,1.1428571428571428
6,6,2.3333333333333335,4,1.3333333333333333,1.0
7,11,2.857142857142857,5,1.8,1.5
7,7,1.7142857142857142,3,1.5,1.0
6,6,2.3333333333333335,4,1.6666666666666667,1.0
7,10,2.7142857142857144,4,1.6,1.3333333333333333
7,10,3.2857142857142856,5,2.0,1.3333333333333333
12,20,2.5,4,2.2857142857142856,1.6
7,9,2.5714285714285716,4,2.0,1.3333333333333333
7,8,2.5714285714285716,4,2.3333333333333335,1.1666666666666667
8,10,2.75,4,2.6666666666666665,1.1428571428571428
6,6,2.3333333333333335,4,1.3333333333333333,1.0
7,11,3.0,5,1.8,1.5
6,6,1.8333333333333333,3,1.5,1.0
6,6,2.3333333333333335,4,1.6666666666666667,1.0
7,8,2.4285714285714284,4,1.5,1.0
6,7,2.8333333333333335,4,1.6666666666666667,1.0
7,9,2.0,3,1.6666666666666667,1.0
7,7,1.4285714285714286,2,3.0,1.0
8,10,2.625,4,2.6666666666666665,1.1428571428571428
7,9,2.2857142857142856,4,1.25,1.0
6,8,3.0,5,1.75,1.4
7,11,3.0,5,1.8,1.5
7,7,1.4285714285714286,2,3.0,1.0
7,7,1.4285714285714286,2,3.0,1.0
8,11,3.375,6,1.6666666666666667,1.4285714285714286
7,7,2.5714285714285716,4,2.0,1.0
8,9,2.625,4,2.0,1.1428571428571428
7,9,2.5714285714285716,4,2.0,1.3333333333333333
8,9,2.625,4,2.3333333333333335,1.0
7,7,1.5714285714285714,2,2.0,1.0
6,6,2.1666666666666665,3,1.6666666666666667,1.0
6,6,2.3333333333333335,4,1.6666666666666667,1.0
7,9,2.0,3,1.6666666666666667,1.0
7,7,1.4285714285714286,2,3.0,1.0
7,9,2.7142857142857144,4,1.6,1.3333333333333333
7,8,2.7142857142857144,4,2.3333333333333335,1.1666666666666667
8,10,2.625,4,2.0,1.1428571428571428
7,9,2.5714285714285716,4,2.0,1.3333333333333333
8,11,2.75,4,3.0,1.2857142857142858
8,13,2.75,4,2.2,1.5714285714285714
7,10,2.857142857142857,4,3.0,1.5
6,6,2.3333333333333335,4,1.6666666666666667,1.0
7,8,1.7142857142857142,3,2.0,1.0
7,8,1.5714285714285714,3,2.0,1.3333333333333333
7,8,2.7142857142857144,4,2.3333333333333335,1.1666666666666667
8,11,2.375,4,2.3333333333333335,1.1666666666666667
6,7,2.8333333333333335,4,1.6666666666666667,1.0
7,7,2.5714285714285716,4,2.0,1.0
8,8,2.625,4,2.3333333333333335,1.0
8,9,2.5,4,1.75,1.0
7,9,2.7142857142857144,4,2.6666666666666665,1.3333333333333333
9,12,1.6666666666666667,3,2.0,1.5
6,6,2.3333333333333335,4,1.6666666666666667,1.0
8,8,2.625,4,2.3333333333333335,1.0
8,9,2.75,4,2.3333333333333335,1.0
6,7,2.3333333333333335,4,1.5,1.2
7,9,2.0,3,1.6666666666666667,1.0
8,8,2.625,4,2.3333333333333335,1.0
7,9,2.4285714285714284,4,1.5,1.0
7,8,2.5714285714285716,4,2.3333333333333335,1.1666666666666667
7,7,1.4285714285714286,2,3.0,1.0
6,6,2.3333333333333335,4,1.6666666666666667,1.0
11,23,2.1818181818181817,4,2.375,2.375
7,8,1.5714285714285714,3,1.5,1.0
12,23,2.5,4,2.5,2.0
6,6,1.8333333333333333,3,1.5,1.0
8,9,2.375,4,2.0,1.0
8,11,2.75,4,2.5,1.4285714285714286
6,7,2.8333333333333335,4,1.6666666666666667,1.0
7,7,2.5714285714285716,4,2.0,1.0
8,8,2.375,4,2.0,1.0
8,8,2.5,4,1.75,1.0
8,10,2.75,4,2.6666666666666665,1.1428571428571428
6,7,2.5,4,2.0,1.2
7,7,1.7142857142857142,3,1.5,1.0
8,9,2.625,4,2.3333333333333335,1.0
8,8,2.5,4,1.75,1.0
7,8,2.4285714285714284,4,1.5,1.0
7,10,2.4285714285714284,4,1.6,1.3333333333333333
6,6,2.3333333333333335,4,1.6666666666666667,1.0
8,17,3.0,6,1.8571428571428572,2.1666666666666665
7,7,1.4285714285714286,3,1.0,1.0
6,6,1.5,3,1.0,1.0
13,23,1.9230769230769231,3,4.0,1.7777777777777777
13,15,1.6153846153846154,3,3.5,1.0
14,33,2.357142857142857,4,2.5454545454545454,2.3333333333333335
12,23,2.3333333333333335,4,2.0,2.0
12,19,2.25,4,3.0,1.5
14,34,2.7142857142857144,5,3.857142857142857,2.4545454545454546
8,10,3.25,5,1.8,1.2857142857142858
11,21,2.8181818181818183,5,2.5714285714285716,2.0
6,9,3.1666666666666665,5,1.6,1.6
7,10,3.142857142857143,5,1.8,1.5
7,7,2.5714285714285716,4,2.0,1.0
7,8,2.142857142857143,4,1.3333333333333333,1.0
7,8,2.5714285714285716,4,2.3333333333333335,1.1666666666666667
7,8,2.0,3,1.6666666666666667,1.0
10,24,2.7,6,2.0,2.5714285714285716
7,7,1.4285714285714286,3,1.0,1.0
6,6,1.5,3,1.0,1.0
12,24,2.3333333333333335,4,2.2857142857142856,1.7777777777777777
12,14,1.6666666666666667,3,3.5,1.0
13,23,2.4615384615384617,4,3.3333333333333335,1.8181818181818181
13,29,2.8461538461538463,5,2.875,2.090909090909091
13,24,2.3846153846153846,4,2.375,1.7272727272727273
13,28,2.5384615384615383,5,2.5,2.272727272727273
12,23,2.25,5,2.0,2.0
12,20,2.4166666666666665,4,2.8333333333333335,1.7
14,34,2.642857142857143,5,3.857142857142857,2.4545454545454546
7,9,2.5714285714285716,4,1.75,1.4
10,18,2.6,5,2.142857142857143,1.875
7,8,2.5714285714285716,4,2.0,1.0
6,7,2.5,4,2.0,1.2
7,7,1.7142857142857142,3,1.5,1.0
7,7,2.5714285714285716,4,2.0,1.0
8,10,2.5,4,2.0,1.1428571428571428
7,8,1.7142857142857142,3,2.0,1.0
7,11,2.5714285714285716,4,1.8,1.5
6,6,2.3333333333333335,4,1.6666666666666667,1.0
12,28,2.8333333333333335,5,3.125,2.5
6,8,2.5,4,1.75,1.4
7,10,3.2857142857142856,5,1.8,1.5
6,6,2.3333333333333335,4,1.6666666666666667,1.0
7,7,1.4285714285714286,2,3.0,1.0
8,9,2.625,4,2.3333333333333335,1.0
8,10,2.75,4,2.6666666666666665,1.1428571428571428
6,7,2.5,4,2.0,1.2
8,10,1.375,2,3.0,1.0
8,8,2.625,4,2.3333333333333335,1.0
8,12,2.625,4,2.5,1.4285714285714286
7,9,2.7142857142857144,4,2.6666666666666665,1.3333333333333333
7,7,1.7142857142857142,3,1.5,1.0
8,8,2.625,4,2.3333333333333335,1.0
8,10,2.75,4,2.6666666666666665,1.1428571428571428
6,7,2.5,4,2.0,1.2
6,8,2.8333333333333335,4,1.5,1.2
7,8,2.4285714285714284,4,1.5,1.0
6,6,2.3333333333333335,4,1.6666666666666667,1.0
7,8,2.0,3,1.6666666666666667,1.0
8,8,2.625,4,2.3333333333333335,1.0
8,10,2.5,4,2.0,1.1428571428571428
7,8,2.4285714285714284,4,1.4,1.1666666666666667
6,6,2.8333333333333335,4,1.6666666666666667,1.0
7,10,2.5714285714285716,4,1.6,1.3333333333333333
8,9,1.375,2,3.0,1.0
7,8,2.4285714285714284,4,1.75,1.1666666666666667
6,7,2.8333333333333335,4,1.5,1.2
8,8,2.625,4,2.3333333333333335,1.0
8,12,2.75,4,2.5,1.4285714285714286
7,9,2.7142857142857144,4,2.6666666666666665,1.3333333333333333
6,8,3.0,5,1.4,1.4
7,7,2.4285714285714284,4,1.5,1.0
8,8,2.625,4,2.3333333333333335,1.0
8,12,1.625,3,1.6666666666666667,1.25
7,7,2.5714285714285716,4,2.0,1.0
6,7,2.5,4,2.0,1.2
7,8,1.7142857142857142,3,2.0,1.0
7,7,1.4285714285714286,2,3.0,1.0
7,9,2.0,3,2.0,1.0
13,26,2.923076923076923,5,3.142857142857143,2.0
7,8,2.4285714285714284,4,1.5,1.0
7,7,1.4285714285714286,2,3.0,1.0
7,9,2.7142857142857144,4,2.6666666666666665,1.3333333333333333
8,10,2.75,4,2.6666666666666665,1.1428571428571428
6,7,2.3333333333333335,4,1.5,1.2
7,7,2.0,3,1.6666666666666667,1.0
6,6,2.3333333333333335,4,1.6666666666666667,1.0
8,11,2.75,4,3.0,1.2857142857142858
8,12,2.625,4,2.0,1.4285714285714286
7,9,2.7142857142857144,4,2.6666666666666665,1.3333333333333333
8,10,2.5,4,1.8,1.2857142857142858
7,9,2.7142857142857144,4,2.6666666666666665,1.3333333333333333
7,8,2.0,3,2.0,1.2
9,12,1.5555555555555556,3,2.5,1.25
8,13,3.5,6,2.0,1.7142857142857142
8,9,2.75,4,2.6666666666666665,1.1428571428571428
7,7,1.7142857142857142,3,1.5,1.0
8,10,2.75,4,2.6666666666666665,1.1428571428571428
6,7,2.5,4,2.0,1.2
7,8,1.7142857142857142,3,2.0,1.0
7,8,1.7142857142857142,3,2.0,1.0
8,8,2.625,4,2.3333333333333335,1.0
12,22,2.25,4,2.25,1.8
7,8,2.5714285714285716,4,2.3333333333333335,1.1666666666666667
6,7,2.5,4,2.0,1.2
7,9,2.4285714285714284,4,1.6,1.3333333333333333
7,10,2.0,3,2.5,1.25
6,7,2.5,4,2.0,1.2
8,12,3.5,5,2.0,1.4285714285714286
13,23,2.3076923076923075,4,2.5,1.8181818181818181
6,6,2.3333333333333335,4,1.6666666666666667,1.0
8,8,2.625,4,2.3333333333333335,1.0
8,9,2.5,4,2.0,1.1428571428571428
7,7,2.4285714285714284,4,1.5,1.0
6,7,2.5,4,2.0,1.2
7,7,1.4285714285714286,2,3.0,1.0
6,6,2.3333333333333335,4,1.6666666666666667,1.0
8,8,2.625,4,2.3333333333333335,1.0
8,8,2.5,4,1.75,1.0
6,6,1.8333333333333333,3,1.5,1.0
8,8,2.625,4,2.3333333333333335,1.0
7,7,2.5714285714285716,4,2.0,1.0
6,6,1.8333333333333333,3,1.5,1.0
7,9,2.4285714285714284,4,1.4,1.1666666666666667
7,11,3.142857142857143,5,1.8,1.5
8,9,2.625,4,2.3333333333333335,1.0
7,8,2.5714285714285716,4,2.3333333333333335,1.1666666666666667
7,7,1.4285714285714286,2,3.0,1.0
8,8,2.625,4,2.3333333333333335,1.0
7,9,3.2857142857142856,5,2.0,1.3333333333333333
6,7,2.8333333333333335,4,1.6666666666666667,1.0
7,9,2.4285714285714284,4,1.4,1.1666666666666667
8,8,2.625,4,2.3333333333333335,1.0
7,11,3.2857142857142856,5,2.5,1.6666666666666667
8,10,2.75,4,2.6666666666666665,1.1428571428571428
6,7,2.5,4,2.0,1.2
7,7,1.7142857142857142,3,1.5,1.0
8,8,2.625,4,2.3333333333333335,1.0
7,9,2.7142857142857144,4,2.6666666666666665,1.3333333333333333
7,7,1.7142857142857142,3,1.5,1.0
7,7,1.7142857142857142,3,1.5,1.0
7,10,2.4285714285714284,4,1.6,1.3333333333333333
7,7,2.4285714285714284,4,1.5,1.0
6,7,2.5,4,2.0,1.2
7,8,2.4285714285714284,4,1.4,1.1666666666666667
7,11,2.0,3,2.5,1.25
6,6,2.3333333333333335,4,1.6666666666666667,1.0
10,21,2.2,4,1.875,2.142857142857143
7,10,2.857142857142857,5,2.0,1.6
12,24,2.8333333333333335,5,3.0,2.1
7,7,1.4285714285714286,2,3.0,1.0
8,8,2.625,4,2.3333333333333335,1.0
8,12,2.75,4,2.75,1.5714285714285714
6,6,2.8333333333333335,4,1.6666666666666667,1.0
6,9,3.0,5,1.6,1.6
7,12,3.142857142857143,5,1.8,1.5
8,9,2.625,4,2.3333333333333335,1.0
12,19,2.8333333333333335,5,2.2857142857142856,1.6
7,9,2.7142857142857144,4,2.6666666666666665,1.3333333333333333
8,10,1.375,2,3.0,1.0
7,9,2.4285714285714284,4,1.6,1.3333333333333333
6,7,2.5,4,2.0,1.2
6,6,2.8333333333333335,4,1.6666666666666667,1.0
6,7,2.3333333333333335,4,1.6666666666666667,1.0
8,9,2.625,4,2.6666666666666665,1.1428571428571428
11,16,2.4545454545454546,4,2.0,1.3333333333333333
7,8,2.4285714285714284,4,1.4,1.1666666666666667
6,7,2.3333333333333335,4,1.5,1.2
7,7,2.4285714285714284,4,1.5,1.0
6,7,2.5,4,2.0,1.2
6,6,2.8333333333333335,4,1.6666666666666667,1.0
12,33,3.0,6,3.0,3.0
7,11,3.4285714285714284,5,1.8,1.5
12,23,2.75,5,2.857142857142857,2.0
7,8,2.0,3,1.6666666666666667,1.0
7,7,1.4285714285714286,2,3.0,1.0
7,8,2.5714285714285716,4,2.3333333333333335,1.1666666666666667
7,8,2.142857142857143,4,1.3333333333333333,1.0
6,6,2.3333333333333335,4,1.3333333333333333,1.0
7,12,3.142857142857143,5,1.8,1.5
7,7,2.5714285714285716,4,2.0,1.0
11,24,2.727272727272727,5,2.5,2.2222222222222223
8,10,2.625,4,2.6666666666666665,1.1428571428571428
6,9,3.0,5,1.6,1.6
7,10,2.857142857142857,4,3.0,1.5
9,13,1.6666666666666667,3,2.0,1.5
6,6,2.3333333333333335,4,1.6666666666666667,1.0
8,9,2.625,4,2.6666666666666665,1.1428571428571428
8,8,2.5,4,1.75,1.0
6,7,2.5,4,1.5,1.2
8,9,2.625,4,2.6666666666666665,1.1428571428571428
7,9,2.4285714285714284,4,1.5,1.0
6,7,2.3333333333333335,4,1.5,1.2
6,7,2.5,4,2.0,1.2
8,13,2.75,5,1.6666666666666667,1.4285714285714286
6,6,2.3333333333333335,4,1.6666666666666667,1.0
7,9,2.7142857142857144,4,1.6,1.3333333333333333
7,7,2.5714285714285716,4,2.0,1.0
7,10,2.857142857142857,4,3.0,1.5
7,9,2.4285714285714284,4,1.4,1.1666666666666667
7,7,1.4285714285714286,2,3.0,1.0
7,8,2.5714285714285716,4,2.3333333333333335,1.1666666666666667
7,9,3.0,5,2.0,1.3333333333333333
7,8,2.5714285714285716,4,2.0,1.0
6,6,2.1666666666666665,3,1.6666666666666667,1.0
7,9,2.4285714285714284,4,1.4,1.1666666666666667
9,13,1.6666666666666667,3,2.0,1.5
8,10,2.625,4,2.6666666666666665,1.1428571428571428
7,9,2.5714285714285716,4,2.0,1.3333333333333333
6,7,2.8333333333333335,4,1.6666666666666667,1.0
6,11,3.0,5,1.8,1.8
8,10,2.75,4,2.6666666666666665,1.1428571428571428
8,11,2.625,4,2.25,1.2857142857142858
6,6,2.8333333333333335,4,1.6666666666666667,1.0
6,8,3.0,5,1.4,1.4
7,7,2.4285714285714284,4,1.5,1.0
11,30,2.8181818181818183,6,2.2,2.75
8,9,1.375,3,1.0,1.0
6,7,2.8333333333333335,4,2.0,1.2
7,9,2.5714285714285716,4,1.6,1.3333333333333333
7,8,2.0,3,1.6666666666666667,1.0
8,13,3.5,6,2.0,1.7142857142857142
7,8,2.7142857142857144,4,2.3333333333333335,1.1666666666666667
8,8,2.5,4,1.75,1.0
8,10,2.75,4,2.6666666666666665,1.1428571428571428
6,7,2.5,4,2.0,1.2
7,7,1.7142857142857142,3,1.5,1.0
8,8,2.625,4,2.3333333333333335,1.0
7,8,2.5714285714285716,4,2.3333333333333335,1.1666666666666667
6,6,1.8333333333333333,3,1.5,1.0
8,8,2.625,4,2.3333333333333335,1.0
7,9,2.7142857142857144,4,2.6666666666666665,1.3333333333333333
8,8,2.625,4,2.3333333333333335,1.0
11,18,2.6363636363636362,5,2.6,1.625
7,8,2.5714285714285716,4,2.3333333333333335,1.1666666666666667
7,8,1.5714285714285714,3,2.0,1.3333333333333333
7,8,2.7142857142857144,4,2.3333333333333335,1.1666666666666667
8,8,2.625,4,2.3333333333333335,1.0
8,13,2.75,4,2.2,1.5714285714285714
6,7,2.3333333333333335,4,1.5,1.2
7,8,2.4285714285714284,4,1.5,1.0
7,9,2.5714285714285716,4,2.0,1.3333333333333333
8,8,2.625,4,2.3333333333333335,1.0
9,10,1.4444444444444444,2,1.6666666666666667,1.25
7,8,2.4285714285714284,4,1.4,1.1666666666666667
7,9,2.7142857142857144,4,2.6666666666666665,1.3333333333333333
7,7,2.5714285714285716,4,2.0,1.0
6,6,2.3333333333333335,4,1.6666666666666667,1.0
7,7,1.4285714285714286,2,3.0,1.0
7,10,2.4285714285714284,4,1.6,1.3333333333333333
7,7,1.4285714285714286,2,3.0,1.0
7,9,2.7142857142857144,4,1.6,1.3333333333333333
8,9,2.625,4,2.3333333333333335,1.0
12,25,2.5833333333333335,5,2.625,2.1
8,8,2.625,4,2.3333333333333335,1.0
7,8,2.7142857142857144,4,2.3333333333333335,1.1666666666666667
7,7,2.4285714285714284,4,1.5,1.0
7,11,3.4285714285714284,5,2.0,1.6666666666666667
7,7,1.7142857142857142,3,1.5,1.0
7,10,2.4285714285714284,4,1.6,1.3333333333333333
7,8,2.0,3,1.6666666666666667,1.0
6,6,2.3333333333333335,4,1.6666666666666667,1.0
8,8,2.625,4,2.3333333333333335,1.0
6,6,2.3333333333333335,4,1.3333333333333333,1.0
7,8,1.4285714285714286,2,3.0,1.0
8,8,2.625,4,2.3333333333333335,1.0
7,9,2.7142857142857144,4,2.6666666666666665,1.3333333333333333
7,7,2.5714285714285716,4,2.0,1.0
10,23,2.7,6,2.0,2.5714285714285716
8,8,1.25,2,2.0,1.0
10,18,2.6,5,2.142857142857143,1.875
6,7,2.8333333333333335,4,1.6666666666666667,1.0
8,9,1.5,3,1.5,1.0
6,7,2.5,4,2.0,1.2
10,22,2.2,4,4.5,2.5714285714285716
7,10,1.7142857142857142,3,2.5,1.6666666666666667
7,7,2.4285714285714284,4,1.5,1.0
6,7,2.3333333333333335,4,1.5,1.2
7,8,2.142857142857143,4,1.3333333333333333,1.0
7,7,1.7142857142857142,3,1.5,1.0
8,10,2.375,4,2.0,1.0
7,11,3.2857142857142856,5,2.5,1.6666666666666667
7,8,2.5714285714285716,4,2.0,1.0
6,6,2.3333333333333335,4,1.6666666666666667,1.0
8,9,2.625,4,2.3333333333333335,1.0
7,9,2.4285714285714284,4,1.5,1.0
7,8,2.5714285714285716,4,2.3333333333333335,1.1666666666666667
9,13,1.6666666666666667,3,2.3333333333333335,1.75
6,6,2.3333333333333335,4,1.6666666666666667,1.0
8,8,2.625,4,2.3333333333333335,1.0
9,13,1.6666666666666667,3,2.3333333333333335,1.75
7,8,2.5714285714285716,4,2.3333333333333335,1.1666666666666667
7,7,2.0,3,1.6666666666666667,1.0
7,7,1.4285714285714286,2,3.0,1.0
7,9,2.4285714285714284,4,1.4,1.1666666666666667
6,6,2.3333333333333335,4,1.6666666666666667,1.0
7,7,1.7142857142857142,3,1.5,1.0
7,7,1.7142857142857142,3,1.5,1.0
8,12,3.375,6,1.8333333333333333,1.5714285714285714
7,7,2.5714285714285716,4,2.0,1.0
8,9,2.625,4,2.0,1.1428571428571428
6,8,2.5,4,1.75,1.4
7,7,1.7142857142857142,3,1.5,1.0
6,6,2.3333333333333335,4,1.6666666666666667,1.0
7,7,1.4285714285714286,2,3.0,1.0
7,8,1.4285714285714286,2,3.0,1.0
8,12,3.375,6,1.8333333333333333,1.5714285714285714
7,9,2.5714285714285716,4,2.0,1.2
7,7,2.4285714285714284,4,1.5,1.0
7,8,2.5714285714285716,4,2.0,1.0
6,7,2.5,4,2.0,1.2
6,9,2.8333333333333335,4,1.75,1.4
7,7,2.5714285714285716,4,2.0,1.0
8,10,2.75,4,2.6666666666666665,1.1428571428571428
6,7,2.5,4,2.0,1.2
8,14,2.75,5,1.8333333333333333,1.5714285714285714
6,6,2.3333333333333335,4,1.6666666666666667,1.0
8,9,2.625,4,2.6666666666666665,1.1428571428571428
8,10,2.5,4,2.0,1.1428571428571428
6,7,2.3333333333333335,4,1.5,1.2
6,6,2.3333333333333335,4,1.6666666666666667,1.0
7,9,2.4285714285714284,4,1.4,1.1666666666666667
8,9,2.625,4,2.6666666666666665,1.1428571428571428
8,9,2.625,4,2.0,1.1428571428571428
6,6,2.8333333333333335,4,1.6666666666666667,1.0
7,8,2.4285714285714284,4,1.5,1.0
6,6,2.3333333333333335,4,1.6666666666666667,1.0
8,10,2.75,4,3.0,1.2857142857142858
9,13,1.6666666666666667,3,2.3333333333333335,1.75
7,8,2.5714285714285716,4,2.3333333333333335,1.1666666666666667
7,7,2.0,3,1.6666666666666667,1.0
7,7,1.4285714285714286,2,3.0,1.0
7,8,1.7142857142857142,3,2.0,1.0
6,8,2.5,4,1.75,1.4
8,11,2.75,4,3.0,1.2857142857142858
8,11,2.625,4,2.25,1.2857142857142858
6,7,2.3333333333333335,4,1.5,1.2
7,7,2.4285714285714284,4,1.5,1.0
6,6,2.8333333333333335,4,1.6666666666666667,1.0
7,8,1.7142857142857142,3,2.0,1.0
7,7,1.4285714285714286,2,3.0,1.0
6,6,2.1666666666666665,3,1.6666666666666667,1.0
7,8,2.4285714285714284,4,1.4,1.1666666666666667
9,11,1.4444444444444444,2,4.0,1.0
8,11,2.75,4,3.0,1.2857142857142858
6,7,3.0,5,1.5,1.2
6,7,2.3333333333333335,4,1.5,1.2
7,9,2.4285714285714284,4,1.75,1.1666666666666667
7,8,2.5714285714285716,4,1.75,1.1666666666666667
6,6,2.1666666666666665,3,1.6666666666666667,1.0
6,7,2.8333333333333335,4,1.6666666666666667,1.0
7,10,2.5714285714285716,4,1.6,1.3333333333333333
6,6,1.8333333333333333,3,1.5,1.0
8,8,2.625,4,2.3333333333333335,1.0
8,14,2.75,4,2.4,1.7142857142857142
7,10,2.857142857142857,4,3.0,1.5
8,13,3.25,6,1.8333333333333333,1.5714285714285714
6,6,2.3333333333333335,4,1.6666666666666667,1.0
6,6,1.8333333333333333,3,1.5,1.0
8,8,2.625,4,2.3333333333333335,1.0
8,9,2.75,4,2.3333333333333335,1.0
6,7,2.3333333333333335,4,1.5,1.2
8,8,2.625,4,2.3333333333333335,1.0
9,12,1.8888888888888888,3,2.3333333333333335,1.4
7,7,2.2857142857142856,3,2.0,1.0
7,10,1.7142857142857142,3,2.5,1.6666666666666667
7,8,2.5714285714285716,4,2.0,1.0
8,15,3.5,6,2.0,1.7142857142857142
8,8,2.625,4,2.3333333333333335,1.0
7,9,2.7142857142857144,4,2.6666666666666665,1.3333333333333333
7,8,2.0,3,2.0,1.2
7,7,1.4285714285714286,2,3.0,1.0
8,8,2.625,4,2.3333333333333335,1.0
6,8,2.3333333333333335,4,2.0,1.5
7,9,2.7142857142857144,4,2.6666666666666665,1.3333333333333333
7,9,2.0,3,1.6666666666666667,1.0
12,28,2.8333333333333335,5,3.2857142857142856,2.5555555555555554
7,8,1.4285714285714286,2,3.0,1.0
8,12,3.5,5,2.0,1.4285714285714286
10,18,2.2,4,2.5,1.875
6,7,2.5,4,2.0,1.2
7,8,2.4285714285714284,4,1.75,1.1666666666666667
6,6,1.8333333333333333,3,1.5,1.0
6,6,2.3333333333333335,4,1.6666666666666667,1.0
7,7,1.4285714285714286,2,3.0,1.0
7,8,1.4285714285714286,2,3.0,1.0
8,8,2.625,4,2.3333333333333335,1.0
8,12,2.625,4,2.5,1.4285714285714286
7,8,2.5714285714285716,4,2.3333333333333335,1.1666666666666667
6,11,3.1666666666666665,5,1.8,1.8
7,9,2.4285714285714284,4,1.75,1.1666666666666667
8,8,2.625,4,2.3333333333333335,1.0
8,9,2.75,4,2.3333333333333335,1.0
7,8,2.5714285714285716,4,2.3333333333333335,1.1666666666666667
6,6,1.8333333333333333,3,1.5,1.0
8,8,2.625,4,2.3333333333333335,1.0
9,10,1.4444444444444444,2,1.6666666666666667,1.25
6,6,2.8333333333333335,4,1.6666666666666667,1.0
6,6,2.8333333333333335,4,1.6666666666666667,1.0
7,7,1.4285714285714286,2,3.0,1.0
8,8,2.625,4,2.3333333333333335,1.0
7,9,2.7142857142857144,4,2.6666666666666665,1.3333333333333333
7,9,2.0,3,1.6666666666666667,1.0
7,7,2.4285714285714284,4,1.5,1.0
7,7,1.7142857142857142,3,1.5,1.0
8,8,2.625,4,2.3333333333333335,1.0
7,8,2.5714285714285716,4,2.3333333333333335,1.1666666666666667
7,7,2.0,3,1.6666666666666667,1.0
8,8,2.625,4,2.3333333333333335,1.0
7,7,1.5714285714285714,2,2.0,1.0
6,7,2.5,4,1.5,1.2
7,7,1.7142857142857142,3,1.5,1.0
6,9,2.5,4,1.6,1.6
7,9,2.5714285714285716,4,2.0,1.3333333333333333
8,10,2.625,4,2.6666666666666665,1.1428571428571428
7,8,2.142857142857143,4,1.3333333333333333,1.0
6,7,2.5,4,2.0,1.2
7,9,2.4285714285714284,4,1.4,1.1666666666666667
6,7,2.8333333333333335,4,1.6666666666666667,1.0
9,14,1.6666666666666667,3,2.3333333333333335,1.75
6,6,2.3333333333333335,4,1.6666666666666667,1.0
7,11,3.4285714285714284,5,1.8,1.5
11,23,2.727272727272727,5,2.7142857142857144,2.111111111111111
6,7,2.3333333333333335,4,1.3333333333333333,1.0
7,7,2.5714285714285716,4,2.0,1.0
7,11,3.142857142857143,5,2.0,1.6666666666666667
8,10,2.75,4,2.6666666666666665,1.1428571428571428
6,6,2.3333333333333335,4,1.6666666666666667,1.0
8,10,2.625,4,2.6666666666666665,1.1428571428571428
7,8,2.142857142857143,4,1.3333333333333333,1.0
8,10,2.75,4,2.6666666666666665,1.1428571428571428
6,7,2.3333333333333335,4,1.3333333333333333,1.0
7,8,2.0,3,1.6666666666666667,1.0
6,6,2.3333333333333335,4,1.6666666666666667,1.0
7,12,3.142857142857143,5,1.8,1.5
8,10,2.625,4,2.6666666666666665,1.1428571428571428
8,8,2.5,4,1.75,1.0
8,10,2.75,4,2.6666666666666665,1.1428571428571428
6,7,2.5,4,2.0,1.2
6,10,3.1666666666666665,5,2.0,1.6
8,9,2.625,4,2.3333333333333335,1.0
6,6,2.3333333333333335,4,1.3333333333333333,1.0
11,24,2.909090909090909,6,2.111111111111111,2.375
6,7,2.3333333333333335,4,1.5,1.2
7,8,2.0,3,1.6666666666666667,1.0
8,8,2.625,4,2.3333333333333335,1.0
8,10,2.75,4,2.6666666666666665,1.1428571428571428
6,7,2.5,4,2.0,1.2
6,6,1.8333333333333333,3,1.5,1.0
8,9,2.625,4,2.3333333333333335,1.0
8,12,2.75,4,2.5,1.4285714285714286
7,10,2.857142857142857,4,3.0,1.5
8,14,2.75,5,1.8333333333333333,1.5714285714285714
6,6,2.3333333333333335,4,1.6666666666666667,1.0
10,24,2.6,5,3.1666666666666665,2.375
7,9,2.4285714285714284,4,1.4,1.1666666666666667
6,6,2.8333333333333335,4,1.6666666666666667,1.0
6,7,2.3333333333333335,4,1.6666666666666667,1.0
7,8,2.4285714285714284,4,1.4,1.1666666666666667
8,10,2.625,4,2.6666666666666665,1.1428571428571428
8,10,2.5,4,2.0,1.1428571428571428
7,10,2.857142857142857,4,3.0,1.5
6,6,1.8333333333333333,3,1.5,1.0
6,6,2.1666666666666665,3,1.6666666666666667,1.0
6,6,1.8333333333333333,3,1.5,1.0
8,11,2.75,4,3.0,1.2857142857142858
8,11,2.625,4,2.25,1.2857142857142858
6,6,2.8333333333333335,4,1.6666666666666667,1.0
7,8,2.4285714285714284,4,1.5,1.0
11,25,2.4545454545454546,5,2.857142857142857,2.857142857142857
7,7,1.4285714285714286,2,3.0,1.0
7,10,2.7142857142857144,4,1.6,1.3333333333333333
7,9,2.142857142857143,4,1.6666666666666667,1.25
13,29,2.923076923076923,5,3.5714285714285716,2.272727272727273
7,8,2.4285714285714284,4,1.4,1.1666666666666667
7,8,2.7142857142857144,4,2.3333333333333335,1.1666666666666667
8,9,2.5,4,1.75,1.0
8,11,2.75,4,2.25,1.2857142857142858
6,7,2.3333333333333335,4,1.5,1.2
8,9,2.75,4,2.6666666666666665,1.1428571428571428
9,13,2.6666666666666665,4,1.8333333333333333,1.375
6,7,2.3333333333333335,4,1.5,1.2
7,7,1.7142857142857142,3,1.5,1.0
7,7,1.7142857142857142,3,1.5,1.0
6,6,2.3333333333333335,4,1.6666666666666667,1.0
7,8,1.7142857142857142,3,2.0,1.0
7,9,2.7142857142857144,4,1.6,1.3333333333333333
7,11,3.4285714285714284,5,2.25,1.5
11,20,2.5454545454545454,4,2.4285714285714284,1.8888888888888888
8,10,2.75,4,2.6666666666666665,1.1428571428571428
6,7,2.3333333333333335,4,1.5,1.2
7,8,2.4285714285714284,4,1.5,1.0
8,8,2.625,4,2.3333333333333335,1.0
7,7,2.5714285714285716,4,2.0,1.0
7,7,1.4285714285714286,2,3.0,1.0
7,7,1.4285714285714286,2,3.0,1.0
8,8,2.625,4,2.3333333333333335,1.0
7,7,2.5714285714285716,4,2.0,1.0
7,7,1.4285714285714286,2,3.0,1.0
7,8,2.5714285714285716,4,2.3333333333333335,1.1666666666666667
6,6,1.8333333333333333,3,2.0,1.0
6,6,2.3333333333333335,4,1.6666666666666667,1.0
8,8,2.625,4,2.3333333333333335,1.0
8,12,2.625,4,2.5,1.4285714285714286
7,9,2.7142857142857144,4,2.6666666666666665,1.3333333333333333
7,8,2.7142857142857144,4,2.3333333333333335,1.1666666666666667
7,10,2.4285714285714284,4,1.75,1.1666666666666667
8,8,2.625,4,2.3333333333333335,1.0
8,9,2.625,4,2.0,1.1428571428571428
6,6,2.3333333333333335,4,1.6666666666666667,1.0
12,30,3.0,6,2.7,2.7
8,8,2.625,4,2.3333333333333335,1.0
7,10,3.0,4,2.25,1.5
8,10,2.75,4,2.6666666666666665,1.1428571428571428
6,7,2.3333333333333335,4,1.5,1.2
8,8,2.625,4,2.3333333333333335,1.0
9,13,1.6666666666666667,3,2.0,1.5
7,7,2.5714285714285716,4,2.0,1.0
7,7,2.0,3,1.6666666666666667,1.0
8,10,1.375,2,3.0,1.0
12,29,3.0,6,2.4,2.6666666666666665
7,8,1.7142857142857142,3,1.5,1.0
8,8,2.625,4,2.3333333333333335,1.0
7,7,1.7142857142857142,3,1.5,1.0
6,6,2.3333333333333335,4,1.3333333333333333,1.0
7,7,2.0,3,1.6666666666666667,1.0
7,11,2.7142857142857144,4,1.6,1.3333333333333333
8,8,2.625,4,2.3333333333333335,1.0
11,18,2.4545454545454546,4,2.0,1.5555555555555556
6,6,2.1666666666666665,3,1.6666666666666667,1.0
6,7,2.3333333333333335,4,1.6666666666666667,1.0
7,7,1.4285714285714286,2,3.0,1.0
6,7,2.5,4,2.0,1.2
7,8,2.4285714285714284,4,1.4,1.1666666666666667
6,6,2.1666666666666665,3,1.6666666666666667,1.0
7,8,2.4285714285714284,4,1.4,1.1666666666666667
7,7,1.4285714285714286,2,3.0,1.0
7,9,2.7142857142857144,4,1.6,1.3333333333333333
7,10,2.857142857142857,5,2.0,1.6
11,23,2.6363636363636362,5,2.375,2.111111111111111
7,9,2.7142857142857144,4,2.6666666666666665,1.3333333333333333
6,9,3.0,5,1.6,1.6
7,8,2.4285714285714284,4,1.5,1.0
8,9,2.625,4,2.3333333333333335,1.0
8,10,2.75,4,2.6666666666666665,1.1428571428571428
6,8,2.6666666666666665,4,2.3333333333333335,1.4
6,7,2.5,4,2.0,1.2
7,7,2.0,3,1.6666666666666667,1.0
8,9,2.625,4,2.6666666666666665,1.1428571428571428
8,10,2.5,4,2.0,1.1428571428571428
7,9,1.5714285714285714,3,2.0,1.3333333333333333
11,26,2.909090909090909,6,2.4444444444444446,2.4444444444444446
7,8,2.142857142857143,4,1.3333333333333333,1.0
6,9,3.0,5,1.6,1.6
7,9,2.7142857142857144,4,2.6666666666666665,1.3333333333333333
7,8,2.4285714285714284,4,1.5,1.0
6,6,2.1666666666666665,3,1.6666666666666667,1.0
7,8,2.4285714285714284,4,1.4,1.1666666666666667
8,9,1.25,2,2.0,1.0
7,9,2.7142857142857144,4,1.6,1.3333333333333333
12,30,2.9166666666666665,5,2.6666666666666665,2.4
12,25,3.0,5,2.25,1.8
6,10,3.1666666666666665,5,1.8,1.8
7,9,2.5714285714285716,4,1.75,1.1666666666666667
6,6,2.3333333333333335,4,1.6666666666666667,1.0
7,9,2.4285714285714284,4,1.4,1.1666666666666667
8,8,2.375,4,2.0,1.0
7,8,2.142857142857143,4,1.6666666666666667,1.0
6,7,2.5,4,2.0,1.2
9,13,1.6666666666666667,3,2.0,1.5
6,6,2.3333333333333335,4,1.6666666666666667,1.0
8,8,2.625,4,2.3333333333333335,1.0
7,8,2.4285714285714284,4,1.5,1.0
6,7,2.3333333333333335,4,1.5,1.2
6,6,2.3333333333333335,4,1.6666666666666667,1.0
7,7,1.4285714285714286,2,3.0,1.0
7,7,1.7142857142857142,3,1.5,1.0
7,10,2.7142857142857144,4,1.6,1.3333333333333333
8,9,2.625,4,2.3333333333333335,1.0
8,10,2.75,4,2.25,1.2857142857142858
6,8,2.8333333333333335,4,2.0,1.2
6,9,3.0,5,1.6,1.6
8,9,2.625,4,2.3333333333333335,1.0
8,10,2.75,4,2.6666666666666665,1.1428571428571428
6,6,2.1666666666666665,3,1.6666666666666667,1.0
6,6,2.1666666666666665,3,1.6666666666666667,1.0
6,7,2.3333333333333335,4,1.6666666666666667,1.0
7,9,2.7142857142857144,4,1.6,1.3333333333333333
12,34,2.9166666666666665,5,3.0,2.7
13,36,3.076923076923077,5,3.0,2.4545454545454546
7,9,2.2857142857142856,4,2.0,1.5
11,25,2.727272727272727,5,2.625,2.3333333333333335
7,10,2.857142857142857,4,3.0,1.5
6,7,2.3333333333333335,4,1.3333333333333333,1.0
7,8,2.7142857142857144,4,2.3333333333333335,1.1666666666666667
6,8,3.0,5,1.75,1.4
7,8,2.5714285714285716,4,2.0,1.0
6,7,2.3333333333333335,4,1.5,1.2
8,9,2.5,4,2.3333333333333335,1.1666666666666667
7,7,1.5714285714285714,2,2.0,1.0
7,9,2.7142857142857144,4,2.6666666666666665,1.3333333333333333
6,7,2.3333333333333335,4,1.6666666666666667,1.0
9,15,1.6666666666666667,3,2.5,2.5
7,8,2.7142857142857144,4,2.3333333333333335,1.1666666666666667
6,7,2.8333333333333335,4,1.6666666666666667,1.0
7,9,1.7142857142857142,3,2.5,1.6666666666666667
7,8,2.7142857142857144,4,2.3333333333333335,1.1666666666666667
12,21,2.3333333333333335,4,2.125,1.7
7,9,2.7142857142857144,4,2.6666666666666665,1.3333333333333333
7,12,2.2857142857142856,4,2.6666666666666665,2.0
7,9,2.0,3,1.6666666666666667,1.0
6,6,2.3333333333333335,4,1.6666666666666667,1.0
6,6,1.8333333333333333,3,1.5,1.0
8,8,2.625,4,2.3333333333333335,1.0
8,9,2.75,4,2.3333333333333335,1.0
6,7,2.3333333333333335,4,1.5,1.2
6,7,2.5,4,2.0,1.2
7,8,2.4285714285714284,4,1.5,1.0
7,7,1.4285714285714286,2,3.0,1.0
8,8,2.625,4,2.3333333333333335,1.0
8,8,2.5,4,1.75,1.0
8,10,2.75,4,2.6666666666666665,1.1428571428571428
6,6,2.3333333333333335,4,1.6666666666666667,1.0
6,6,2.3333333333333335,4,1.6666666666666667,1.0
10,20,2.8,5,3.0,2.25
7,7,1.4285714285714286,3,1.0,1.0
6,6,1.5,3,1.0,1.0
13,22,2.0,3,2.5,1.6666666666666667
13,25,2.0,4,3.0,2.0
12,18,1.9166666666666667,4,2.0,1.5
12,21,2.0,3,4.0,1.7777777777777777
13,28,2.3846153846153846,5,2.7777777777777777,2.272727272727273
13,20,2.4615384615384617,4,2.125,1.5454545454545454
12,22,2.4166666666666665,5,2.375,1.9
12,19,2.3333333333333335,4,2.0,1.6
12,20,2.25,4,2.6666666666666665,1.6
14,35,3.142857142857143,6,3.3333333333333335,2.5
7,10,3.142857142857143,5,1.6,1.3333333333333333
10,18,2.7,5,2.6666666666666665,2.0
8,8,2.625,4,2.3333333333333335,1.0
7,7,1.7142857142857142,3,1.5,1.0
7,8,2.5714285714285716,4,2.3333333333333335,1.1666666666666667
7,9,2.4285714285714284,4,1.4,1.1666666666666667
8,9,1.25,2,2.0,1.0
7,8,1.7142857142857142,3,2.0,1.0
6,6,2.3333333333333335,4,1.6666666666666667,1.0
8,8,2.625,4,2.3333333333333335,1.0
8,8,2.5,4,1.75,1.0
8,10,2.75,4,2.6666666666666665,1.1428571428571428
6,7,2.5,4,2.0,1.2
7,8,2.0,3,2.0,1.2
8,9,1.25,2,2.0,1.0
7,9,2.7142857142857144,4,1.6,1.3333333333333333
7,7,2.5714285714285716,4,2.0,1.0
7,8,2.5714285714285716,4,2.3333333333333335,1.1666666666666667
7,7,1.7142857142857142,3,1.5,1.0
8,8,2.625,4,2.3333333333333335,1.0
12,26,2.75,5,2.875,2.3
8,9,2.625,4,2.3333333333333335,1.0
7,9,2.7142857142857144,4,2.6666666666666665,1.3333333333333333
7,7,2.4285714285714284,4,1.5,1.0
8,9,2.625,4,2.6666666666666665,1.1428571428571428
8,11,2.75,4,2.5,1.4285714285714286
6,6,2.8333333333333335,4,1.6666666666666667,1.0
7,8,2.4285714285714284,4,1.5,1.0
7,11,3.142857142857143,5,1.8,1.5
7,7,2.5714285714285716,4,2.0,1.0
8,8,2.5,4,1.75,1.0
8,10,2.75,4,2.6666666666666665,1.1428571428571428
6,7,2.5,4,2.0,1.2
6,9,2.8333333333333335,4,1.75,1.4
8,9,2.625,4,2.3333333333333335,1.0
8,13,2.75,4,2.75,1.5714285714285714
6,7,2.8333333333333335,4,1.6666666666666667,1.0
7,7,2.0,3,1.6666666666666667,1.0
7,7,1.4285714285714286,2,3.0,1.0
6,6,2.3333333333333335,4,1.6666666666666667,1.0
7,8,2.0,3,1.6666666666666667,1.0
7,7,1.7142857142857142,3,1.5,1.0
7,9,2.5714285714285716,4,2.0,1.2
11,24,2.727272727272727,5,2.625,2.3333333333333335
6,7,2.3333333333333335,4,1.3333333333333333,1.0
7,7,2.5714285714285716,4,2.0,1.0
8,10,2.75,4,2.6666666666666665,1.1428571428571428
6,7,2.3333333333333335,4,1.5,1.2
6,7,2.5,4,2.0,1.2
6,7,2.3333333333333335,4,1.6666666666666667,1.0
8,9,2.625,4,2.6666666666666665,1.1428571428571428
7,8,3.0,5,1.75,1.1666666666666667
7,8,2.5714285714285716,4,2.0,1.0
6,6,2.3333333333333335,4,1.6666666666666667,1.0
6,6,2.3333333333333335,4,1.6666666666666667,1.0
8,8,2.625,4,2.3333333333333335,1.0
7,8,2.142857142857143,4,1.3333333333333333,1.0
8,10,1.625,3,1.6666666666666667,1.25
6,7,2.3333333333333335,4,1.5,1.2
6,7,2.5,4,2.0,1.2
9,14,1.6666666666666667,3,2.3333333333333335,1.75
8,8,2.625,4,2.3333333333333335,1.0
6,6,2.3333333333333335,4,1.3333333333333333,1.0
7,7,1.4285714285714286,2,3.0,1.0
8,8,2.625,4,2.3333333333333335,1.0
12,17,2.5,4,1.75,1.4
7,10,2.857142857142857,4,3.0,1.5
7,10,2.142857142857143,4,2.0,1.5
7,8,2.4285714285714284,4,1.5,1.0
6,6,2.3333333333333335,4,1.6666666666666667,1.0
6,7,2.3333333333333335,4,1.3333333333333333,1.0
10,24,2.7,6,2.0,2.5714285714285716
8,8,1.25,2,2.0,1.0
10,17,2.6,5,2.3333333333333335,1.75
6,7,2.3333333333333335,4,1.5,1.2
7,10,2.142857142857143,3,2.5,1.0
8,10,2.0,4,1.5,1.2
6,6,2.8333333333333335,4,1.6666666666666667,1.0
6,6,2.3333333333333335,4,1.6666666666666667,1.0
7,7,1.7142857142857142,3,1.5,1.0
7,7,2.5714285714285716,4,2.0,1.0
8,10,2.75,4,2.6666666666666665,1.1428571428571428
6,7,2.3333333333333335,4,1.5,1.2
6,6,2.1666666666666665,3,1.6666666666666667,1.0
6,6,2.3333333333333335,4,1.6666666666666667,1.0
8,10,2.5,4,2.6666666666666665,1.3333333333333333
8,9,2.625,4,2.0,1.1428571428571428
6,6,2.3333333333333335,4,1.6666666666666667,1.0
11,25,2.6363636363636362,5,2.375,2.375
7,9,2.142857142857143,4,1.6666666666666667,1.25
14,32,2.9285714285714284,5,3.5,2.3333333333333335
7,9,2.4285714285714284,4,1.4,1.1666666666666667
7,7,1.4285714285714286,2,3.0,1.0
6,7,2.3333333333333335,4,1.5,1.2
7,8,1.5714285714285714,3,2.0,1.3333333333333333
7,8,2.7142857142857144,4,2.3333333333333335,1.1666666666666667
8,9,2.5,4,1.75,1.0
6,7,2.3333333333333335,4,1.3333333333333333,1.0
8,8,2.625,4,2.3333333333333335,1.0
8,9,1.5,2,1.6666666666666667,1.25
6,7,2.8333333333333335,4,1.6666666666666667,1.0
8,8,2.625,4,2.3333333333333335,1.0
7,8,2.142857142857143,4,1.3333333333333333,1.0
6,7,2.8333333333333335,4,1.6666666666666667,1.0
11,26,2.6363636363636362,5,3.6666666666666665,2.75
7,7,1.4285714285714286,3,1.0,1.0
6,7,1.5,3,1.0,1.0
12,21,2.25,4,2.8,1.75
13,25,2.1538461538461537,4,3.0,1.8
13,25,2.3846153846153846,4,3.1666666666666665,1.7272727272727273
13,24,2.3846153846153846,4,2.625,1.9090909090909092
13,24,2.3846153846153846,5,3.1666666666666665,2.111111111111111
13,28,2.6923076923076925,5,2.7777777777777777,2.272727272727273
13,29,2.5384615384615383,5,2.7777777777777777,2.272727272727273
12,23,2.4166666666666665,5,2.2222222222222223,2.0
13,20,2.4615384615384617,4,2.125,1.5454545454545454
14,30,2.642857142857143,5,3.5714285714285716,2.272727272727273
8,11,3.5,5,2.0,1.4285714285714286
11,19,2.3636363636363638,4,2.0,1.7777777777777777
7,9,2.4285714285714284,4,1.4,1.1666666666666667
6,6,2.3333333333333335,4,1.6666666666666667,1.0
6,8,2.5,4,1.75,1.4
7,7,1.7142857142857142,3,1.5,1.0
6,6,2.3333333333333335,4,1.6666666666666667,1.0
8,8,2.625,4,2.3333333333333335,1.0
7,9,2.5714285714285716,4,2.0,1.3333333333333333
6,7,2.8333333333333335,4,1.6666666666666667,1.0
7,9,2.5714285714285716,4,1.75,1.1666666666666667
7,11,3.142857142857143,5,1.8,1.5
7,7,2.5714285714285716,4,2.0,1.0
7,8,2.142857142857143,4,1.3333333333333333,1.0
7,8,2.5714285714285716,4,2.3333333333333335,1.1666666666666667
7,8,2.4285714285714284,4,1.5,1.0
7,10,3.142857142857143,5,1.8,1.5
7,9,2.5714285714285716,4,1.75,1.4
12,21,2.5,4,2.5714285714285716,1.8
6,7,2.8333333333333335,4,1.6666666666666667,1.0
7,7,2.5714285714285716,4,2.0,1.0
8,12,2.75,4,2.75,1.5714285714285714
6,7,2.8333333333333335,4,1.6666666666666667,1.0
7,7,2.5714285714285716,4,2.0,1.0
7,7,2.5714285714285716,4,2.0,1.0
6,6,2.3333333333333335,4,1.3333333333333333,1.0
7,7,2.4285714285714284,4,1.5,1.0
6,7,2.3333333333333335,4,1.5,1.2
6,9,3.1666666666666665,5,1.6,1.6
8,8,2.625,4,2.3333333333333335,1.0
8,8,2.5,4,1.75,1.0
8,10,2.75,4,2.6666666666666665,1.1428571428571428
6,6,2.3333333333333335,4,1.6666666666666667,1.0
8,8,2.625,4,2.3333333333333335,1.0
8,9,2.75,4,2.3333333333333335,1.0
6,7,2.3333333333333335,4,1.5,1.2
6,7,2.5,4,2.0,1.2
7,10,2.4285714285714284,4,1.3333333333333333,1.3333333333333333
6,8,2.5,4,1.75,1.4
8,8,2.625,4,2.3333333333333335,1.0
7,7,2.4285714285714284,4,1.6666666666666667,1.0
7,7,1.4285714285714286,2,3.0,1.0
7,7,1.4285714285714286,2,3.0,1.0
6,6,2.3333333333333335,4,1.6666666666666667,1.0
7,7,2.4285714285714284,4,1.5,1.0
8,8,2.625,4,2.3333333333333335,1.0
7,7,2.4285714285714284,4,1.6666666666666667,1.0
7,7,1.4285714285714286,2,3.0,1.0
8,10,2.625,4,2.6666666666666665,1.1428571428571428
7,9,2.7142857142857144,4,2.6666666666666665,1.3333333333333333
6,7,2.8333333333333335,4,1.5,1.2
12,28,3.0,6,2.5,2.5
7,9,2.5714285714285716,4,1.75,1.4
11,24,2.727272727272727,5,2.5,2.2222222222222223
6,9,3.0,5,1.4,1.4
7,7,2.5714285714285716,4,2.0,1.0
7,8,2.142857142857143,4,1.3333333333333333,1.0
6,7,2.3333333333333335,4,1.5,1.2
7,7,1.4285714285714286,2,3.0,1.0
7,7,1.4285714285714286,2,3.0,1.0
6,6,2.8333333333333335,4,1.6666666666666667,1.0
7,7,2.4285714285714284,4,1.5,1.0
8,10,2.625,4,2.6666666666666665,1.1428571428571428
8,13,2.75,4,2.2,1.5714285714285714
7,8,2.5714285714285716,4,2.3333333333333335,1.1666666666666667
7,7,1.7142857142857142,3,1.5,1.0
6,6,2.1666666666666665,3,1.6666666666666667,1.0
6,8,3.1666666666666665,5,1.75,1.4
7,7,1.7142857142857142,3,1.5,1.0
8,10,2.625,4,2.6666666666666665,1.1428571428571428
7,8,2.142857142857143,4,1.3333333333333333,1.0
6,7,2.3333333333333335,4,1.3333333333333333,1.0
7,7,2.0,3,1.6666666666666667,1.0
7,8,2.4285714285714284,4,1.5,1.0
6,6,2.8333333333333335,4,1.6666666666666667,1.0
7,8,2.4285714285714284,4,1.5,1.0
10,20,2.2,4,2.0,2.0
7,7,2.5714285714285716,4,2.0,1.0
8,13,2.75,4,2.75,1.5714285714285714
7,8,2.5714285714285716,4,2.0,1.0
6,7,2.3333333333333335,4,1.5,1.2
7,7,2.0,3,1.6666666666666667,1.0
7,7,2.5714285714285716,4,2.0,1.0
7,9,2.7142857142857144,4,2.6666666666666665,1.3333333333333333
6,9,2.8333333333333335,4,1.5,1.2
8,9,2.625,4,2.3333333333333335,1.0
7,7,1.5714285714285714,2,2.0,1.0
6,7,2.8333333333333335,4,1.6666666666666667,1.0
6,7,2.8333333333333335,4,1.5,1.2
7,8,2.4285714285714284,4,1.5,1.0
7,11,2.7142857142857144,4,1.6,1.3333333333333333
7,8,2.142857142857143,4,1.6666666666666667,1.25
12,27,2.6666666666666665,4,3.2857142857142856,2.3
6,9,3.0,5,1.4,1.4
7,7,2.5714285714285716,4,2.0,1.0
7,9,2.7142857142857144,4,2.6666666666666665,1.3333333333333333
6,6,1.8333333333333333,3,1.5,1.0
7,8,2.7142857142857144,4,2.3333333333333335,1.1666666666666667
7,10,2.857142857142857,4,3.0,1.5
7,8,2.7142857142857144,4,2.3333333333333335,1.1666666666666667
8,14,2.5,5,2.0,1.6
6,6,2.8333333333333335,4,1.6666666666666667,1.0
7,8,2.4285714285714284,4,1.5,1.0
7,7,1.4285714285714286,2,3.0,1.0
9,15,1.6666666666666667,3,2.5,2.5
7,8,2.7142857142857144,4,2.3333333333333335,1.1666666666666667
8,10,2.75,4,2.6666666666666665,1.1428571428571428
7,9,2.7142857142857144,4,2.6666666666666665,1.3333333333333333
8,12,2.875,5,1.6666666666666667,1.4285714285714286
6,6,2.3333333333333335,4,1.6666666666666667,1.0
8,8,2.625,4,2.3333333333333335,1.0
7,9,2.4285714285714284,4,1.5,1.0
6,6,2.8333333333333335,4,1.6666666666666667,1.0
6,6,2.8333333333333335,4,1.6666666666666667,1.0
9,11,1.6666666666666667,3,2.0,1.5
6,6,2.3333333333333335,4,1.6666666666666667,1.0
7,7,1.4285714285714286,2,3.0,1.0
8,8,2.625,4,2.3333333333333335,1.0
8,10,1.625,3,1.5,1.5
7,7,2.857142857142857,4,2.0,1.0
6,6,1.8333333333333333,3,2.0,1.0
12,34,3.0,6,3.0,3.0
7,12,3.4285714285714284,5,2.0,1.6666666666666667
12,23,2.5833333333333335,5,2.857142857142857,2.0
8,9,2.625,4,2.3333333333333335,1.0
7,9,2.7142857142857144,4,2.6666666666666665,1.3333333333333333
7,7,2.4285714285714284,4,1.5,1.0
8,8,2.625,4,2.3333333333333335,1.0
7,7,2.5714285714285716,4,2.0,1.0
6,6,2.3333333333333335,4,1.3333333333333333,1.0
7,10,2.5714285714285716,4,1.6,1.3333333333333333
7,8,1.7142857142857142,3,2.0,1.0
8,8,2.625,4,2.3333333333333335,1.0
8,13,2.75,4,2.75,1.5714285714285714
6,7,2.3333333333333335,4,1.5,1.2
6,7,2.5,4,2.0,1.2
8,10,1.375,2,3.0,1.0
7,9,2.4285714285714284,4,1.75,1.1666666666666667
7,8,2.5714285714285716,4,1.75,1.1666666666666667
6,6,2.8333333333333335,4,1.6666666666666667,1.0
7,9,2.4285714285714284,4,1.4,1.1666666666666667
7,7,2.0,3,1.6666666666666667,1.0
7,10,3.142857142857143,5,1.8,1.5
7,7,2.5714285714285716,4,2.0,1.0
7,9,2.7142857142857144,4,2.6666666666666665,1.3333333333333333
7,7,2.0,3,1.6666666666666667,1.0
7,7,1.4285714285714286,2,3.0,1.0
8,8,2.625,4,2.3333333333333335,1.0
8,13,2.75,4,2.75,1.5714285714285714
7,10,2.857142857142857,4,3.0,1.5
7,7,1.7142857142857142,3,1.5,1.0
8,8,2.625,4,2.3333333333333335,1.0
7,8,2.142857142857143,4,1.3333333333333333,1.0
7,10,2.4285714285714284,4,1.6,1.3333333333333333
6,7,2.5,4,2.0,1.2
7,8,2.7142857142857144,4,2.3333333333333335,1.1666666666666667
6,6,2.8333333333333335,4,1.6666666666666667,1.0
6,6,1.8333333333333333,3,2.0,1.0
8,8,2.625,4,2.3333333333333335,1.0
7,7,1.5714285714285714,2,2.0,1.0
7,9,2.7142857142857144,4,2.6666666666666665,1.3333333333333333
7,8,2.4285714285714284,4,1.5,1.0
7,7,1.7142857142857142,3,1.5,1.0
7,7,2.5714285714285716,4,2.0,1.0
10,23,2.7,6,2.0,2.5714285714285716
7,8,1.4285714285714286,3,1.0,1.0
6,7,1.5,3,1.0,1.0
11,18,2.8181818181818183,6,2.142857142857143,1.6666666666666667
12,14,1.6666666666666667,3,3.5,1.0
13,23,2.3846153846153846,4,2.857142857142857,1.8181818181818181
13,21,2.4615384615384617,4,2.5,1.3636363636363635
13,28,2.3846153846153846,5,2.7777777777777777,2.272727272727273
12,22,2.5,5,2.7142857142857144,1.9
14,39,3.2142857142857144,6,4.0,2.6666666666666665
7,9,2.5714285714285716,4,1.75,1.4
10,18,2.7,5,2.5,1.875
7,9,2.4285714285714284,4,1.75,1.1666666666666667
7,7,1.4285714285714286,2,3.0,1.0
8,8,2.625,4,2.3333333333333335,1.0
11,21,2.5454545454545454,5,2.25,2.0
8,9,2.625,4,2.6666666666666665,1.1428571428571428
7,10,3.5714285714285716,5,2.25,1.5
7,7,2.4285714285714284,4,1.5,1.0
8,9,2.625,4,2.6666666666666665,1.1428571428571428
7,8,2.857142857142857,4,2.0,1.0
7,7,2.0,3,1.6666666666666667,1.0
6,6,2.3333333333333335,4,1.6666666666666667,1.0
8,9,2.625,4,2.6666666666666665,1.1428571428571428
7,9,3.0,5,1.6,1.3333333333333333
8,10,2.75,4,2.6666666666666665,1.1428571428571428
6,7,2.5,4,2.0,1.2
6,8,2.8333333333333335,4,1.5,1.2
8,8,2.625,4,2.3333333333333335,1.0
7,8,2.142857142857143,4,1.6666666666666667,1.0
6,6,2.8333333333333335,4,1.6666666666666667,1.0
8,14,2.75,5,1.6666666666666667,1.4285714285714286
6,6,2.3333333333333335,4,1.6666666666666667,1.0
8,9,2.625,4,2.6666666666666665,1.1428571428571428
10,18,2.4,4,2.0,1.75
7,8,2.5714285714285716,4,2.3333333333333335,1.1666666666666667
6,7,2.5,4,2.0,1.2
7,8,2.4285714285714284,4,1.4,1.1666666666666667
7,11,2.0,3,2.5,1.25
6,6,2.1666666666666665,3,1.6666666666666667,1.0
8,9,2.625,4,2.6666666666666665,1.1428571428571428
8,9,2.625,4,2.0,1.1428571428571428
6,6,2.8333333333333335,4,1.6666666666666667,1.0
7,8,2.4285714285714284,4,1.5,1.0
6,6,2.3333333333333335,4,1.6666666666666667,1.0
7,9,2.5714285714285716,4,2.0,1.2
10,19,2.7,5,2.2857142857142856,2.0
7,8,2.5714285714285716,4,2.0,1.0
6,7,2.5,4,2.0,1.2
7,7,2.0,3,1.6666666666666667,1.0
8,10,2.625,4,2.6666666666666665,1.1428571428571428
8,12,2.75,4,2.5,1.4285714285714286
6,7,2.8333333333333335,4,1.6666666666666667,1.0
6,6,1.8333333333333333,3,2.0,1.0
7,7,1.4285714285714286,2,3.0,1.0
7,7,1.7142857142857142,3,1.5,1.0
8,11,2.75,4,3.0,1.2857142857142858
8,12,1.625,3,1.6666666666666667,1.25
7,9,2.7142857142857144,4,2.6666666666666665,1.3333333333333333
7,8,2.4285714285714284,4,1.4,1.1666666666666667
8,10,2.75,4,3.0,1.2857142857142858
8,12,2.75,4,2.5,1.4285714285714286
7,9,2.7142857142857144,4,2.6666666666666665,1.3333333333333333
6,8,3.0,5,1.4,1.4
7,8,2.4285714285714284,4,1.5,1.0
6,6,2.3333333333333335,4,1.6666666666666667,1.0
6,6,1.8333333333333333,3,1.5,1.0
6,6,1.8333333333333333,3,1.5,1.0
7,8,2.4285714285714284,4,1.4,1.1666666666666667
7,8,2.7142857142857144,4,2.3333333333333335,1.1666666666666667
7,9,2.4285714285714284,4,1.5,1.0
6,7,2.3333333333333335,4,1.5,1.2
7,8,2.4285714285714284,4,1.4,1.1666666666666667
6,6,2.3333333333333335,4,1.6666666666666667,1.0
7,8,2.4285714285714284,4,1.4,1.1666666666666667
8,12,2.875,5,1.8333333333333333,1.5714285714285714
6,6,2.3333333333333335,4,1.6666666666666667,1.0
7,7,2.0,3,1.6666666666666667,1.0
6,7,2.5,4,2.0,1.2
7,9,2.4285714285714284,4,1.75,1.1666666666666667
9,11,1.4444444444444444,2,4.0,1.0
8,8,2.625,4,2.3333333333333335,1.0
8,10,2.75,4,2.6666666666666665,1.1428571428571428
6,7,2.3333333333333335,4,1.3333333333333333,1.0
7,8,2.4285714285714284,4,1.75,1.1666666666666667
8,8,2.625,4,2.3333333333333335,1.0
12,23,2.5,4,2.5,2.0
8,8,2.625,4,2.3333333333333335,1.0
8,14,2.625,4,2.6666666666666665,1.3333333333333333
7,9,2.4285714285714284,4,1.4,1.1666666666666667
7,8,2.5714285714285716,4,2.3333333333333335,1.1666666666666667
6,6,2.3333333333333335,4,1.6666666666666667,1.0
7,7,1.4285714285714286,2,3.0,1.0
8,8,2.625,4,2.3333333333333335,1.0
7,7,2.4285714285714284,4,1.6666666666666667,1.0
7,10,2.4285714285714284,4,1.6,1.3333333333333333
7,8,2.7142857142857144,4,2.3333333333333335,1.1666666666666667
8,8,2.625,4,2.3333333333333335,1.0
8,8,2.5,4,1.75,1.0
8,10,2.75,4,2.6666666666666665,1.1428571428571428
6,6,2.3333333333333335,4,1.6666666666666667,1.0
7,9,2.4285714285714284,4,1.75,1.1666666666666667
7,9,2.7142857142857144,4,1.6,1.3333333333333333
8,12,3.5,5,2.0,1.4285714285714286
12,24,2.5833333333333335,5,2.625,2.1
7,8,2.5714285714285716,4,2.3333333333333335,1.1666666666666667
7,7,1.4285714285714286,2,3.0,1.0
7,7,1.4285714285714286,2,3.0,1.0
8,8,2.625,4,2.3333333333333335,1.0
8,13,2.25,4,2.3333333333333335,1.4
7,9,2.4285714285714284,4,1.4,1.1666666666666667
7,8,2.5714285714285716,4,1.75,1.1666666666666667
8,8,2.625,4,2.3333333333333335,1.0
7,7,2.5714285714285716,4,2.0,1.0
7,9,2.5714285714285716,4,2.0,1.0
8,8,2.625,4,2.3333333333333335,1.0
7,7,2.4285714285714284,4,1.6666666666666667,1.0
13,26,2.6923076923076925,5,3.0,2.3333333333333335
6,6,2.3333333333333335,4,1.6666666666666667,1.0
7,7,1.4285714285714286,2,3.0,1.0
8,8,2.625,4,2.3333333333333335,1.0
7,9,2.7142857142857144,4,2.6666666666666665,1.3333333333333333
8,8,1.375,2,3.0,1.0
7,9,2.7142857142857144,4,2.6666666666666665,1.3333333333333333
6,6,2.1666666666666665,3,1.6666666666666667,1.0
7,10,2.4285714285714284,4,1.6,1.3333333333333333
12,30,3.0,6,2.7,2.7
8,8,2.625,4,2.3333333333333335,1.0
7,8,2.5714285714285716,4,2.3333333333333335,1.1666666666666667
6,9,2.8333333333333335,4,1.75,1.4
8,8,2.625,4,2.3333333333333335,1.0
7,8,2.5714285714285716,4,2.3333333333333335,1.1666666666666667
7,7,1.7142857142857142,3,1.5,1.0
8,9,2.625,4,2.6666666666666665,1.1428571428571428
7,9,2.7142857142857144,4,2.6666666666666665,1.3333333333333333
8,9,2.625,4,2.6666666666666665,1.1428571428571428
8,10,2.75,4,2.6666666666666665,1.1428571428571428
6,7,2.5,4,2.0,1.2
7,9,2.4285714285714284,4,1.4,1.1666666666666667
6,10,3.1666666666666665,5,1.8,1.8
7,11,3.4285714285714284,5,1.8,1.5
10,18,2.6,5,2.3333333333333335,1.75
7,8,2.5714285714285716,4,2.0,1.0
6,7,2.5,4,2.0,1.2
6,9,2.5,4,2.3333333333333335,1.75
8,10,2.625,4,2.6666666666666665,1.1428571428571428
8,13,2.75,4,2.75,1.5714285714285714
7,8,2.4285714285714284,4,1.5,1.0
6,7,2.5,4,2.0,1.2
7,9,2.4285714285714284,4,1.4,1.1666666666666667
8,9,1.25,2,2.0,1.0
7,7,1.7142857142857142,3,1.5,1.0
8,9,2.625,4,2.6666666666666665,1.1428571428571428
8,8,2.5,4,1.75,1.0
6,7,2.5,4,2.0,1.2
7,8,2.4285714285714284,4,1.4,1.1666666666666667
6,6,2.3333333333333335,4,1.6666666666666667,1.0
8,9,2.625,4,2.6666666666666665,1.1428571428571428
6,7,2.3333333333333335,4,1.5,1.2
7,8,2.5714285714285716,4,1.75,1.1666666666666667
6,6,2.3333333333333335,4,1.6666666666666667,1.0
7,7,1.7142857142857142,3,1.5,1.0
8,9,2.625,4,2.6666666666666665,1.1428571428571428
7,11,3.142857142857143,5,2.0,1.6666666666666667
6,7,2.3333333333333335,4,1.3333333333333333,1.0
11,24,2.909090909090909,6,2.111111111111111,2.375
6,10,3.0,5,1.6,1.6
10,22,2.2,5,1.875,2.5
6,7,1.5,3,1.0,1.0
6,7,1.5,3,1.0,1.0
13,24,2.0,3,2.6666666666666665,1.7777777777777777
13,15,1.6153846153846154,3,3.5,1.0
13,23,2.4615384615384617,4,3.3333333333333335,1.8181818181818181
12,25,2.6666666666666665,5,2.857142857142857,2.0
13,23,2.3846153846153846,4,2.4285714285714284,1.5454545454545454
13,26,2.4615384615384617,4,2.5555555555555554,2.090909090909091
12,20,2.5833333333333335,5,2.0,1.6
12,20,2.4166666666666665,4,2.8333333333333335,1.7
14,34,2.7142857142857144,5,3.5,2.5454545454545454
7,9,2.5714285714285716,4,1.75,1.4
10,18,2.6,5,2.142857142857143,1.875
6,7,2.3333333333333335,4,1.5,1.2
6,8,2.6666666666666665,4,2.3333333333333335,1.4
6,6,2.3333333333333335,4,1.6666666666666667,1.0
8,11,2.75,4,3.0,1.2857142857142858
7,10,2.857142857142857,4,3.0,1.5
8,10,2.75,4,3.0,1.2857142857142858
7,8,2.142857142857143,4,1.6666666666666667,1.0
6,7,2.5,4,2.0,1.2
6,9,3.0,5,1.4,1.4
6,9,3.0,5,1.4,1.4
7,8,1.7142857142857142,3,2.0,1.0
6,6,2.3333333333333335,4,1.6666666666666667,1.0
8,11,2.75,4,3.0,1.2857142857142858
7,7,1.5714285714285714,2,2.0,1.0
6,10,2.8333333333333335,4,2.0,1.6
7,8,2.4285714285714284,4,1.5,1.0
7,9,2.7142857142857144,4,2.6666666666666665,1.3333333333333333
6,8,2.5,4,1.75,1.4
8,9,2.75,4,2.6666666666666665,1.1428571428571428
8,9,2.5,4,1.75,1.0
7,8,2.5714285714285716,4,2.0,1.0
6,7,2.3333333333333335,4,1.5,1.2
6,6,2.3333333333333335,4,1.6666666666666667,1.0
7,11,3.142857142857143,5,1.8,1.5
8,8,2.625,4,2.3333333333333335,1.0
8,10,2.75,4,2.25,1.2857142857142858
6,6,2.8333333333333335,4,1.6666666666666667,1.0
7,8,2.0,3,1.6666666666666667,1.0
6,7,2.5,4,2.0,1.2
7,8,1.7142857142857142,3,2.0,1.0
6,7,2.3333333333333335,4,1.5,1.2
11,20,2.1818181818181817,4,2.8333333333333335,1.8888888888888888
6,6,2.3333333333333335,4,1.6666666666666667,1.0
8,8,2.625,4,2.3333333333333335,1.0
8,8,2.5,4,1.75,1.0
8,10,2.75,4,2.6666666666666665,1.1428571428571428
6,6,2.3333333333333335,4,1.6666666666666667,1.0
7,7,2.4285714285714284,4,1.5,1.0
11,22,2.1818181818181817,4,2.375,2.375
8,8,1.375,3,1.0,1.0
6,7,1.5,3,1.0,1.0
13,30,2.4615384615384617,5,2.4,2.1818181818181817
14,29,2.0714285714285716,4,3.142857142857143,2.4444444444444446
13,28,2.6923076923076925,5,2.875,2.090909090909091
13,21,2.4615384615384617,4,2.5,1.3636363636363635
13,23,2.0,4,3.4,1.8888888888888888
13,24,2.4615384615384617,4,2.3333333333333335,1.9090909090909092
13,21,2.4615384615384617,4,3.4,1.5454545454545454
13,21,2.4615384615384617,4,3.4,1.5454545454545454
12,20,2.5,5,2.4285714285714284,1.7
14,31,2.642857142857143,5,3.5714285714285716,2.272727272727273
8,10,3.25,5,1.8,1.2857142857142858
10,18,2.6,5,2.142857142857143,1.875
7,8,2.5714285714285716,4,2.0,1.0
6,7,2.3333333333333335,4,1.5,1.2
7,8,2.0,3,2.0,1.2
8,8,2.625,4,2.3333333333333335,1.0
8,8,2.5,4,1.75,1.0
8,10,2.75,4,2.6666666666666665,1.1428571428571428
7,11,2.5714285714285716,4,1.8,1.5
7,7,1.7142857142857142,3,1.5,1.0
10,24,2.7,6,2.0,2.5714285714285716
8,8,1.5,3,1.5,1.0
11,18,2.4545454545454546,4,2.142857142857143,1.6666666666666667
7,9,2.7142857142857144,4,2.6666666666666665,1.3333333333333333
7,9,1.7142857142857142,3,2.5,1.6666666666666667
7,7,2.5714285714285716,4,2.0,1.0
6,7,2.5,4,2.0,1.2
7,7,1.7142857142857142,3,1.5,1.0
7,7,2.5714285714285716,4,2.0,1.0
6,6,2.1666666666666665,3,1.6666666666666667,1.0
8,10,2.0,3,2.5,1.0
7,8,2.5714285714285716,4,2.3333333333333335,1.1666666666666667
7,7,1.7142857142857142,3,1.5,1.0
8,8,2.375,4,2.0,1.0
7,8,2.142857142857143,4,1.3333333333333333,1.0
7,9,2.7142857142857144,4,2.6666666666666665,1.3333333333333333
7,7,1.4285714285714286,2,3.0,1.0
6,6,2.3333333333333335,4,1.6666666666666667,1.0
7,9,2.7142857142857144,4,1.6,1.3333333333333333
7,7,2.5714285714285716,4,2.0,1.0
7,10,3.0,5,1.8,1.5
7,9,2.7142857142857144,4,2.6666666666666665,1.3333333333333333
7,8,1.7142857142857142,3,2.0,1.0
9,13,1.6666666666666667,3,2.0,1.5
6,7,2.5,4,2.0,1.2
7,8,2.4285714285714284,4,1.4,1.1666666666666667
8,9,1.25,2,2.0,1.0
8,8,2.625,4,2.3333333333333335,1.0
8,13,2.75,4,2.75,1.5714285714285714
7,9,2.7142857142857144,4,2.6666666666666665,1.3333333333333333
6,9,2.8333333333333335,4,1.75,1.4
7,8,2.4285714285714284,4,1.75,1.1666666666666667
8,9,2.625,4,2.3333333333333335,1.0
7,8,3.0,5,1.75,1.1666666666666667
7,8,2.5714285714285716,4,2.0,1.0
6,6,2.3333333333333335,4,1.6666666666666667,1.0
7,8,2.5714285714285716,4,2.0,1.2
7,7,1.5714285714285714,2,2.0,1.0
6,7,2.3333333333333335,4,1.5,1.2
8,12,1.625,3,2.5,1.6666666666666667
6,6,2.3333333333333335,4,1.6666666666666667,1.0
6,7,2.5,4,2.0,1.2
8,13,2.75,5,1.6666666666666667,1.4285714285714286
6,6,2.1666666666666665,3,1.6666666666666667,1.0
7,9,2.4285714285714284,4,1.4,1.1666666666666667
8,9,1.25,2,2.0,1.0
8,9,2.625,4,2.6666666666666665,1.1428571428571428
7,7,1.5714285714285714,2,2.0,1.0
6,7,2.5,4,2.0,1.2
6,7,2.8333333333333335,4,1.5,1.2
7,9,2.4285714285714284,4,1.75,1.1666666666666667
6,6,2.3333333333333335,4,1.6666666666666667,1.0
7,8,2.4285714285714284,4,1.5,1.0
8,9,2.625,4,2.6666666666666665,1.1428571428571428
7,7,2.4285714285714284,4,1.6666666666666667,1.0
7,7,1.4285714285714286,2,3.0,1.0
8,9,2.625,4,2.6666666666666665,1.1428571428571428
7,9,2.7142857142857144,4,2.6666666666666665,1.3333333333333333
8,9,2.625,4,2.6666666666666665,1.1428571428571428
7,7,1.5714285714285714,2,2.0,1.0
6,7,2.3333333333333335,4,1.5,1.2
8,13,1.875,3,3.0,1.5
6,6,2.3333333333333335,4,1.6666666666666667,1.0
6,6,2.1666666666666665,3,1.6666666666666667,1.0
6,7,2.8333333333333335,4,1.5,1.2
7,7,1.4285714285714286,2,3.0,1.0
6,8,2.6666666666666665,4,1.75,1.4
7,9,2.0,3,1.6666666666666667,1.0
8,11,2.75,4,3.0,1.2857142857142858
7,7,2.142857142857143,4,1.3333333333333333,1.0
6,7,2.8333333333333335,4,1.6666666666666667,1.0
7,8,2.4285714285714284,4,1.4,1.1666666666666667
10,22,2.2,5,1.875,2.5
6,7,1.5,3,1.0,1.0
6,6,1.1666666666666667,2,1.0,1.0
13,22,1.6153846153846154,3,3.6666666666666665,1.5714285714285714
12,18,1.6666666666666667,3,3.6666666666666665,1.5714285714285714
13,27,3.0,5,3.5,1.9090909090909092
12,28,2.4166666666666665,5,2.272727272727273,2.5
12,19,2.3333333333333335,4,2.0,1.6
12,31,3.0,5,3.25,2.6
12,29,2.4166666666666665,5,2.7777777777777777,2.5
13,38,3.0,6,2.9166666666666665,3.5
6,9,2.8333333333333335,4,2.0,1.6
7,8,2.4285714285714284,4,1.5,1.0
7,8,1.7142857142857142,3,2.0,1.0
7,10,2.4285714285714284,4,1.5,1.5
12,32,3.1666666666666665,5,3.0,2.4
8,9,2.625,4,2.3333333333333335,1.0
9,18,3.5555555555555554,6,2.4,1.7142857142857142
7,8,2.5714285714285716,4,2.3333333333333335,1.1666666666666667
7,9,2.4285714285714284,4,1.6,1.3333333333333333
6,6,2.3333333333333335,4,1.6666666666666667,1.0
8,8,2.625,4,2.3333333333333335,1.0
8,13,2.625,4,2.2,1.5714285714285714
6,7,2.3333333333333335,4,1.5,1.2
7,7,1.4285714285714286,2,3.0,1.0
7,7,1.4285714285714286,2,3.0,1.0
8,8,2.625,4,2.3333333333333335,1.0
7,7,2.5714285714285716,4,2.0,1.0
7,10,2.0,3,2.0,1.2
10,22,2.1,4,2.4285714285714284,2.4285714285714284
7,7,1.2857142857142858,2,2.0,1.0
12,23,2.8333333333333335,5,3.0,1.8
7,8,2.5714285714285716,4,2.3333333333333335,1.1666666666666667
6,7,2.3333333333333335,4,1.6666666666666667,1.0
7,12,3.142857142857143,5,1.8,1.5
8,9,1.75,3,2.0,1.0
7,9,2.4285714285714284,4,1.5,1.0
7,8,2.5714285714285716,4,2.3333333333333335,1.1666666666666667
7,7,1.7142857142857142,3,1.5,1.0
7,7,2.5714285714285716,4,2.0,1.0
8,9,2.375,4,2.0,1.0
8,9,2.5,4,1.75,1.0
6,6,1.8333333333333333,3,1.5,1.0
8,8,2.375,4,2.0,1.0
8,9,2.625,4,2.0,1.1428571428571428
6,6,2.3333333333333335,4,1.6666666666666667,1.0
12,30,3.0,6,2.7,2.7
7,10,2.857142857142857,5,2.0,1.6
12,26,2.6666666666666665,5,2.75,2.2
8,9,2.625,4,2.3333333333333335,1.0
7,9,2.7142857142857144,4,2.6666666666666665,1.3333333333333333
7,7,2.4285714285714284,4,1.5,1.0
8,8,2.625,4,2.3333333333333335,1.0
8,9,2.625,4,2.0,1.1428571428571428
7,9,2.5714285714285716,4,2.0,1.3333333333333333
8,8,2.625,4,2.3333333333333335,1.0
7,7,1.5714285714285714,2,2.0,1.0
7,9,2.7142857142857144,4,2.6666666666666665,1.3333333333333333
6,8,2.8333333333333335,4,1.75,1.4
7,9,2.4285714285714284,4,1.75,1.1666666666666667
6,6,2.3333333333333335,4,1.6666666666666667,1.0
7,8,2.0,3,1.6666666666666667,1.0
10,23,3.1,6,2.111111111111111,2.375
7,8,1.7142857142857142,3,1.5,1.0
8,8,2.625,4,2.3333333333333335,1.0
8,9,2.75,4,2.3333333333333335,1.0
6,7,2.3333333333333335,4,1.5,1.2
6,7,2.5,4,2.0,1.2
7,8,2.0,3,1.6666666666666667,1.0
8,8,2.625,4,2.3333333333333335,1.0
7,9,2.7142857142857144,4,2.6666666666666665,1.3333333333333333
7,8,2.4285714285714284,4,1.5,1.0
7,7,1.4285714285714286,2,3.0,1.0
8,8,2.625,4,2.3333333333333335,1.0
7,7,2.4285714285714284,4,1.6666666666666667,1.0
7,7,2.0,3,1.6666666666666667,1.0
7,7,1.4285714285714286,2,3.0,1.0
6,8,2.5,4,1.75,1.4
8,8,2.625,4,2.3333333333333335,1.0
7,8,2.142857142857143,4,1.3333333333333333,1.0
6,6,2.3333333333333335,4,1.3333333333333333,1.0
7,8,2.4285714285714284,4,1.4,1.1666666666666667
11,24,3.090909090909091,6,2.4444444444444446,2.4444444444444446
7,10,3.142857142857143,5,1.6,1.3333333333333333
12,28,2.75,5,3.0,2.4
7,8,1.4285714285714286,2,3.0,1.0
8,10,2.625,4,2.6666666666666665,1.1428571428571428
11,23,2.727272727272727,5,2.5,2.2222222222222223
8,10,2.625,4,2.6666666666666665,1.1428571428571428
8,8,2.5,4,1.75,1.0
6,7,2.5,4,2.0,1.2
6,9,3.1666666666666665,5,1.6,1.6
8,9,2.625,4,2.6666666666666665,1.1428571428571428
8,10,2.75,4,2.6666666666666665,1.1428571428571428
6,7,2.5,4,2.0,1.2
8,14,2.75,5,1.6666666666666667,1.4285714285714286
6,6,2.3333333333333335,4,1.6666666666666667,1.0
8,9,2.625,4,2.6666666666666665,1.1428571428571428
7,9,3.2857142857142856,5,2.0,1.3333333333333333
6,6,2.3333333333333335,4,1.3333333333333333,1.0
7,10,2.5714285714285716,4,1.6,1.3333333333333333
7,8,2.0,3,1.6666666666666667,1.0
8,9,2.625,4,2.6666666666666665,1.1428571428571428
8,9,1.5,2,1.6666666666666667,1.25
7,10,2.857142857142857,4,3.0,1.5
7,10,2.5714285714285716,4,1.6,1.3333333333333333
8,9,1.375,2,3.0,1.0
7,8,2.4285714285714284,4,1.75,1.1666666666666667
6,8,3.0,5,1.4,1.4
6,6,2.3333333333333335,4,1.6666666666666667,1.0
7,8,2.4285714285714284,4,1.5,1.0
8,9,2.625,4,2.6666666666666665,1.1428571428571428
7,9,3.0,5,2.0,1.3333333333333333
6,6,2.3333333333333335,4,1.3333333333333333,1.0
8,10,2.625,4,2.6666666666666665,1.1428571428571428
8,9,2.625,4,2.0,1.1428571428571428
7,9,2.5714285714285716,4,2.0,1.3333333333333333
8,8,2.625,4,2.3333333333333335,1.0
8,12,2.75,4,2.5,1.4285714285714286
7,9,2.7142857142857144,4,2.6666666666666665,1.3333333333333333
7,7,1.4285714285714286,2,3.0,1.0
6,6,2.3333333333333335,4,1.6666666666666667,1.0
7,9,2.7142857142857144,4,1.6,1.3333333333333333
7,9,2.5714285714285716,4,2.0,1.2
11,26,2.727272727272727,5,2.75,2.4444444444444446
13,36,3.3076923076923075,6,2.727272727272727,2.727272727272727
7,8,1.7142857142857142,3,2.0,1.0
7,8,1.7142857142857142,3,2.0,1.0
8,11,2.75,4,3.0,1.2857142857142858
7,10,2.4285714285714284,4,1.5,1.0
6,7,2.3333333333333335,4,1.5,1.2
7,9,2.7142857142857144,4,2.6666666666666665,1.3333333333333333
8,13,2.75,5,1.6666666666666667,1.4285714285714286
6,6,2.3333333333333335,4,1.6666666666666667,1.0
8,11,2.75,4,3.0,1.2857142857142858
7,8,2.5714285714285716,4,2.0,1.0
6,7,2.3333333333333335,4,1.5,1.2
6,6,1.8333333333333333,3,2.0,1.0
13,31,3.076923076923077,5,3.2222222222222223,2.6363636363636362
7,10,2.5714285714285716,4,1.6,1.3333333333333333
7,9,2.7142857142857144,4,2.6666666666666665,1.3333333333333333
8,13,3.5,6,2.0,1.7142857142857142
7,8,2.7142857142857144,4,2.3333333333333335,1.1666666666666667
8,14,2.75,4,2.4,1.7142857142857142
8,11,2.75,4,2.25,1.2857142857142858
7,9,2.7142857142857144,4,2.6666666666666665,1.3333333333333333
7,8,2.7142857142857144,4,2.3333333333333335,1.1666666666666667
8,14,3.5,6,2.0,1.7142857142857142
7,8,2.7142857142857144,4,2.3333333333333335,1.1666666666666667
7,8,2.5714285714285716,4,2.3333333333333335,1.1666666666666667
14,30,3.0714285714285716,5,3.125,2.272727272727273
8,8,2.625,4,2.3333333333333335,1.0
8,9,1.5,2,1.6666666666666667,1.25
7,7,2.2857142857142856,3,2.0,1.0
8,15,2.875,5,2.1666666666666665,1.8571428571428572
6,7,2.5,4,2.0,1.2
7,7,1.4285714285714286,2,3.0,1.0
12,27,2.8333333333333335,5,3.5,2.3333333333333335
6,7,1.8333333333333333,3,1.5,1.0
8,8,2.625,4,2.3333333333333335,1.0
8,11,2.75,4,2.25,1.2857142857142858
7,8,2.5714285714285716,4,2.3333333333333335,1.1666666666666667
7,7,2.4285714285714284,4,1.5,1.0
6,6,2.3333333333333335,4,1.6666666666666667,1.0
7,10,3.142857142857143,5,1.8,1.5
8,8,2.625,4,2.3333333333333335,1.0
8,9,2.5,4,1.75,1.0
7,9,2.7142857142857144,4,2.6666666666666665,1.3333333333333333
6,7,2.5,4,2.0,1.2
7,7,1.4285714285714286,2,3.0,1.0
6,6,2.8333333333333335,4,1.6666666666666667,1.0
6,7,2.3333333333333335,4,1.6666666666666667,1.0
7,9,2.7142857142857144,4,1.6,1.3333333333333333
7,7,2.5714285714285716,4,2.0,1.0
8,12,1.625,3,1.6666666666666667,1.25
7,8,2.5714285714285716,4,2.3333333333333335,1.1666666666666667
7,8,1.7142857142857142,3,2.0,1.0
7,7,1.4285714285714286,2,3.0,1.0
12,25,3.0,6,2.5,2.2222222222222223
7,8,1.7142857142857142,3,1.5,1.0
7,7,2.5714285714285716,4,2.0,1.0
8,8,2.625,4,2.3333333333333335,1.0
7,9,2.5714285714285716,4,2.0,1.3333333333333333
8,10,2.75,4,2.6666666666666665,1.1428571428571428
6,7,2.3333333333333335,4,1.3333333333333333,1.0
7,10,2.5714285714285716,4,1.6,1.3333333333333333
8,8,2.625,4,2.3333333333333335,1.0
8,8,2.5,4,1.75,1.0
8,10,2.75,4,2.6666666666666665,1.1428571428571428
6,7,2.5,4,2.0,1.2
7,7,1.7142857142857142,3,1.5,1.0
9,20,3.5555555555555554,7,2.125,2.4285714285714284
7,7,1.4285714285714286,3,1.0,1.0
6,6,1.5,3,1.0,1.0
12,23,2.5,5,2.111111111111111,1.9
13,26,2.4615384615384617,4,3.0,1.9090909090909092
12,14,1.6666666666666667,3,3.5,1.0
13,28,3.230769230769231,6,3.125,2.272727272727273
12,26,2.3333333333333335,4,2.3,2.3
12,19,2.3333333333333335,4,2.0,1.6
12,20,2.6666666666666665,5,2.8333333333333335,1.7
13,27,2.3846153846153846,5,2.6666666666666665,2.1818181818181817
12,19,2.5,5,2.6666666666666665,1.6
14,38,3.2142857142857144,6,3.5555555555555554,2.6666666666666665
7,10,3.142857142857143,5,1.6,1.3333333333333333
7,10,2.857142857142857,5,2.0,1.6
10,17,2.6,5,2.3333333333333335,1.75
6,7,2.5,4,2.0,1.2
6,7,2.5,4,2.0,1.2
7,7,1.4285714285714286,2,3.0,1.0
6,6,2.8333333333333335,4,1.6666666666666667,1.0
7,8,2.0,3,1.6666666666666667,1.0
11,29,3.272727272727273,7,2.7777777777777777,2.7777777777777777
7,9,2.5714285714285716,4,1.75,1.4
11,19,2.8181818181818183,5,2.6666666666666665,1.7777777777777777
6,7,2.8333333333333335,4,1.6666666666666667,1.0
7,12,3.0,5,2.0,1.6666666666666667
7,7,2.5714285714285716,4,2.0,1.0
8,11,2.5,4,1.8,1.2857142857142858
6,7,2.5,4,2.0,1.2
7,7,1.4285714285714286,2,3.0,1.0
8,8,2.625,4,2.3333333333333335,1.0
8,9,2.625,4,2.0,1.1428571428571428
6,6,2.3333333333333335,4,1.6666666666666667,1.0
8,8,2.625,4,2.3333333333333335,1.0
8,9,2.625,4,2.0,1.1428571428571428
6,7,2.5,4,2.0,1.2
9,13,1.6666666666666667,3,2.0,1.5
6,6,2.3333333333333335,4,1.6666666666666667,1.0
8,8,2.625,4,2.3333333333333335,1.0
7,8,2.5714285714285716,4,2.3333333333333335,1.1666666666666667
6,8,2.8333333333333335,4,1.5,1.2
8,8,2.625,4,2.3333333333333335,1.0
7,7,2.4285714285714284,4,1.6666666666666667,1.0
7,9,2.0,3,1.6666666666666667,1.0
7,7,1.4285714285714286,2,3.0,1.0
6,6,2.3333333333333335,4,1.6666666666666667,1.0
7,8,2.4285714285714284,4,1.5,1.0
7,8,1.7142857142857142,3,2.0,1.0
6,8,2.5,4,1.75,1.4
8,8,2.625,4,2.3333333333333335,1.0
7,9,2.7142857142857144,4,2.6666666666666665,1.3333333333333333
7,8,2.4285714285714284,4,1.4,1.1666666666666667
7,7,1.4285714285714286,2,3.0,1.0
8,8,2.625,4,2.3333333333333335,1.0
8,13,2.75,4,2.75,1.5714285714285714
6,7,2.3333333333333335,4,1.5,1.2
7,7,1.4285714285714286,2,3.0,1.0
7,8,1.7142857142857142,3,2.0,1.0
8,14,3.5,6,2.0,1.7142857142857142
7,9,2.5714285714285716,4,2.0,1.2
13,26,2.923076923076923,5,3.142857142857143,2.0
8,13,1.875,3,3.0,1.5
8,13,1.875,3,3.0,1.5
6,6,2.8333333333333335,4,1.6666666666666667,1.0
6,6,1.8333333333333333,3,2.0,1.0
7,7,1.4285714285714286,2,3.0,1.0
7,8,2.5714285714285716,4,2.3333333333333335,1.1666666666666667
7,8,2.4285714285714284,4,1.4,1.1666666666666667
9,11,1.4444444444444444,2,4.0,1.0
8,11,2.75,4,3.0,1.2857142857142858
7,8,3.0,5,1.75,1.1666666666666667
6,7,2.3333333333333335,4,1.3333333333333333,1.0
8,10,2.5,4,2.6666666666666665,1.3333333333333333
6,8,3.0,5,1.5,1.2
7,8,2.5714285714285716,4,2.0,1.0
7,8,2.4285714285714284,4,1.4,1.1666666666666667
7,9,2.5714285714285716,4,1.75,1.1666666666666667
6,7,2.5,4,2.0,1.2
7,8,2.0,3,2.0,1.2
7,10,3.142857142857143,5,1.8,1.5
7,8,2.7142857142857144,4,2.3333333333333335,1.1666666666666667
7,7,1.7142857142857142,3,1.5,1.0
7,8,2.5714285714285716,4,2.3333333333333335,1.1666666666666667
7,8,2.0,3,1.6666666666666667,1.0
12,26,3.0,5,3.0,2.4
8,8,1.375,3,1.0,1.0
6,6,1.5,3,1.0,1.0
12,23,2.0833333333333335,4,2.6666666666666665,1.7777777777777777
6,7,2.3333333333333335,4,1.5,1.2
7,9,1.7142857142857142,3,1.6666666666666667,1.25
6,7,2.5,4,2.0,1.2
7,8,2.4285714285714284,4,1.4,1.1666666666666667
7,7,2.5714285714285716,4,2.0,1.0
12,36,3.25,7,3.4444444444444446,3.1
7,10,2.857142857142857,5,2.0,1.6
11,22,2.6363636363636362,5,2.7142857142857144,2.111111111111111
6,6,2.3333333333333335,4,1.6666666666666667,1.0
13,32,2.923076923076923,5,3.7142857142857144,2.6
7,8,1.7142857142857142,3,1.5,1.0
8,8,2.625,4,2.3333333333333335,1.0
8,12,2.625,4,2.5,1.4285714285714286
7,8,2.5714285714285716,4,2.3333333333333335,1.1666666666666667
7,7,2.5714285714285716,4,2.0,1.0
7,8,2.4285714285714284,4,1.5,1.0
6,8,2.5,4,1.75,1.4
7,7,2.0,3,1.6666666666666667,1.0
7,9,2.7142857142857144,4,1.6,1.3333333333333333
8,8,2.625,4,2.3333333333333335,1.0
7,8,2.142857142857143,4,1.3333333333333333,1.0
7,8,2.5714285714285716,4,2.3333333333333335,1.1666666666666667
7,8,2.0,3,1.6666666666666667,1.0
8,13,3.375,6,1.8333333333333333,1.5714285714285714
7,7,2.5714285714285716,4,2.0,1.0
8,9,2.5,4,2.0,1.1428571428571428
7,10,2.4285714285714284,4,1.6,1.3333333333333333
6,9,2.5,4,1.6,1.6
8,8,2.625,4,2.3333333333333335,1.0
8,12,2.75,4,2.75,1.5714285714285714
6,7,2.8333333333333335,4,1.6666666666666667,1.0
6,10,3.1666666666666665,5,1.8,1.8
8,8,2.625,4,2.3333333333333335,1.0
8,8,2.5,4,1.75,1.0
6,6,1.8333333333333333,3,1.5,1.0
8,8,2.625,4,2.3333333333333335,1.0
8,12,2.75,5,2.0,1.4285714285714286
6,6,2.3333333333333335,4,1.6666666666666667,1.0
8,8,2.625,4,2.3333333333333335,1.0
7,7,2.142857142857143,4,1.3333333333333333,1.0
8,13,1.75,3,2.0,1.5
6,8,2.8333333333333335,4,2.3333333333333335,1.4
9,13,1.6666666666666667,3,2.0,1.5
6,6,2.3333333333333335,4,1.6666666666666667,1.0
7,9,2.4285714285714284,4,1.4,1.1666666666666667
8,8,2.625,4,2.3333333333333335,1.0
8,13,2.75,4,2.75,1.5714285714285714
7,9,2.7142857142857144,4,2.6666666666666665,1.3333333333333333
6,11,3.1666666666666665,5,1.8,1.8
7,10,2.4285714285714284,4,1.75,1.1666666666666667
6,6,2.1666666666666665,3,1.6666666666666667,1.0
7,7,1.4285714285714286,2,3.0,1.0
10,23,2.7,6,2.0,2.5714285714285716
6,6,1.5,3,1.0,1.0
6,7,1.5,3,1.0,1.0
12,20,1.6666666666666667,3,4.0,1.7142857142857142
14,32,2.357142857142857,4,4.0,2.4
13,20,2.4615384615384617,4,2.3333333333333335,1.2727272727272727
13,26,2.4615384615384617,4,3.3333333333333335,1.8181818181818181
12,26,2.3333333333333335,4,2.5555555555555554,2.3
12,19,2.3333333333333335,4,2.0,1.6
12,23,2.5833333333333335,4,2.857142857142857,2.0
13,27,2.3846153846153846,5,2.6666666666666665,2.1818181818181817
12,20,2.5,5,2.4285714285714284,1.7
14,34,3.142857142857143,6,3.5,2.3333333333333335
7,9,2.5714285714285716,4,1.75,1.4
12,25,2.6666666666666665,5,3.142857142857143,2.2
7,8,2.5714285714285716,4,2.0,1.0
6,10,3.3333333333333335,5,2.25,1.8
6,8,3.0,5,1.4,1.4
7,8,2.7142857142857144,4,2.3333333333333335,1.1666666666666667
7,8,2.5714285714285716,4,2.3333333333333335,1.1666666666666667
7,7,1.4285714285714286,2,3.0,1.0
7,9,2.7142857142857144,4,2.6666666666666665,1.3333333333333333
7,11,3.5714285714285716,5,2.5,1.6666666666666667
8,9,2.625,4,2.6666666666666665,1.1428571428571428
8,9,2.625,4,2.0,1.1428571428571428
6,8,2.6666666666666665,4,2.3333333333333335,1.4
7,8,2.4285714285714284,4,1.4,1.1666666666666667
8,9,2.625,4,2.6666666666666665,1.1428571428571428
8,10,2.5,4,2.0,1.1428571428571428
7,8,2.4285714285714284,4,1.4,1.1666666666666667
6,7,2.5,4,2.0,1.2
7,8,2.4285714285714284,4,1.4,1.1666666666666667
8,10,1.375,2,3.0,1.0
8,9,2.625,4,2.6666666666666665,1.1428571428571428
8,10,2.75,4,2.6666666666666665,1.1428571428571428
6,7,2.5,4,2.0,1.2
7,7,2.4285714285714284,4,1.5,1.0
8,9,2.625,4,2.6666666666666665,1.1428571428571428
7,9,2.7142857142857144,4,2.6666666666666665,1.3333333333333333
8,9,2.625,4,2.6666666666666665,1.1428571428571428
8,10,2.75,4,2.6666666666666665,1.1428571428571428
6,9,2.8333333333333335,4,1.75,1.4
7,9,2.4285714285714284,4,1.4,1.1666666666666667
7,7,1.4285714285714286,2,3.0,1.0
7,9,2.4285714285714284,4,1.5,1.0
6,6,2.3333333333333335,4,1.6666666666666667,1.0
7,7,1.4285714285714286,2,3.0,1.0
8,9,2.625,4,2.6666666666666665,1.1428571428571428
8,12,1.75,3,1.75,1.75
6,6,2.8333333333333335,4,1.6666666666666667,1.0
7,10,2.5714285714285716,4,1.6,1.3333333333333333
7,8,2.4285714285714284,4,1.4,1.1666666666666667
7,7,1.4285714285714286,2,3.0,1.0
8,10,2.75,4,3.0,1.2857142857142858
7,8,2.857142857142857,4,2.0,1.0
6,7,2.3333333333333335,4,1.6666666666666667,1.0
8,9,2.75,4,2.6666666666666665,1.1428571428571428
7,8,3.0,5,1.75,1.1666666666666667
7,8,2.4285714285714284,4,1.5,1.0
6,7,2.8333333333333335,4,1.6666666666666667,1.0
7,11,2.7142857142857144,4,1.6,1.3333333333333333
8,10,2.5,4,2.6666666666666665,1.3333333333333333
6,8,3.0,5,1.5,1.2
8,10,2.625,4,1.8,1.2857142857142858
6,7,2.3333333333333335,4,1.5,1.2
6,7,2.3333333333333335,4,1.5,1.2
8,9,2.75,4,2.6666666666666665,1.1428571428571428
8,14,2.75,4,2.4,1.7142857142857142
7,8,2.5714285714285716,4,2.3333333333333335,1.1666666666666667
7,8,2.5714285714285716,4,2.0,1.0
7,9,2.4285714285714284,4,1.75,1.1666666666666667
8,8,2.625,4,2.3333333333333335,1.0
8,9,2.5,4,1.75,1.0
8,10,2.75,4,2.6666666666666665,1.1428571428571428
7,8,2.5714285714285716,4,2.3333333333333335,1.1666666666666667
7,7,1.7142857142857142,3,1.5,1.0
8,8,2.625,4,2.3333333333333335,1.0
7,8,2.142857142857143,4,1.3333333333333333,1.0
8,9,2.5,4,1.75,1.0
7,8,2.5714285714285716,4,2.3333333333333335,1.1666666666666667
7,12,2.0,3,3.0,1.5
9,12,1.6666666666666667,3,2.0,1.5
8,10,3.5,5,1.8,1.2857142857142858
12,24,2.9166666666666665,5,3.0,2.1
7,8,2.0,3,2.0,1.2
7,7,1.4285714285714286,2,3.0,1.0
8,8,2.625,4,2.3333333333333335,1.0
8,10,2.75,4,2.25,1.2857142857142858
7,8,2.5714285714285716,4,2.3333333333333335,1.1666666666666667
9,12,1.6666666666666667,3,2.0,1.5
6,6,2.3333333333333335,4,1.6666666666666667,1.0
8,8,2.625,4,2.3333333333333335,1.0
8,9,2.5,4,1.75,1.0
8,10,2.75,4,2.6666666666666665,1.1428571428571428
7,7,2.5714285714285716,4,2.0,1.0
8,8,2.625,4,2.3333333333333335,1.0
8,12,2.625,4,2.5,1.4285714285714286
6,7,2.3333333333333335,4,1.5,1.2
7,9,2.7142857142857144,4,2.6666666666666665,1.3333333333333333
7,11,1.7142857142857142,3,2.5,1.6666666666666667
6,6,2.8333333333333335,4,1.6666666666666667,1.0
7,8,2.0,3,2.0,1.2
8,8,2.625,4,2.3333333333333335,1.0
8,9,1.5,2,1.6666666666666667,1.25
7,8,2.4285714285714284,4,1.5,1.0
6,6,2.8333333333333335,4,1.6666666666666667,1.0
7,11,1.7142857142857142,3,2.5,1.6666666666666667
9,18,2.6666666666666665,5,1.75,2.0
6,6,1.5,3,1.0,1.0
6,7,1.5,3,1.0,1.0
13,27,2.3076923076923075,5,2.111111111111111,1.9
14,32,2.0714285714285716,4,3.4285714285714284,2.6666666666666665
13,18,1.8461538461538463,4,1.8333333333333333,1.375
12,25,2.25,4,2.4444444444444446,2.2
13,19,2.4615384615384617,4,2.2857142857142856,1.4545454545454546
12,19,2.25,4,3.0,1.5
12,23,2.4166666666666665,5,2.2222222222222223,2.0
14,37,2.7857142857142856,5,3.75,2.727272727272727
7,11,3.4285714285714284,5,1.8,1.5
10,16,2.4,4,2.1666666666666665,1.625
6,7,2.5,4,2.0,1.2
7,7,1.7142857142857142,3,1.5,1.0
6,6,2.3333333333333335,4,1.6666666666666667,1.0
6,7,2.5,4,2.0,1.2
8,13,1.625,3,2.5,1.6666666666666667
7,8,2.4285714285714284,4,1.75,1.1666666666666667
8,8,2.625,4,2.3333333333333335,1.0
7,9,2.5714285714285716,4,2.0,1.3333333333333333
6,6,2.3333333333333335,4,1.3333333333333333,1.0
7,10,2.5714285714285716,4,1.6,1.3333333333333333
7,10,2.7142857142857144,4,1.6,1.3333333333333333
8,9,2.625,4,2.3333333333333335,1.0
7,7,1.5714285714285714,2,2.0,1.0
7,9,2.7142857142857144,4,2.6666666666666665,1.3333333333333333
6,7,2.8333333333333335,4,1.5,1.2
7,8,2.4285714285714284,4,1.5,1.0
6,6,2.3333333333333335,4,1.6666666666666667,1.0
7,8,2.4285714285714284,4,1.5,1.0
9,21,3.4444444444444446,7,2.0,2.2857142857142856
7,7,1.4285714285714286,3,1.0,1.0
6,6,1.5,3,1.0,1.0
12,20,1.75,3,2.4,1.7142857142857142
13,15,1.6153846153846154,3,3.5,1.0
13,23,2.4615384615384617,4,3.3333333333333335,1.8181818181818181
12,25,2.6666666666666665,5,3.0,2.1
13,24,2.3846153846153846,4,2.375,1.7272727272727273
13,27,2.5384615384615383,5,2.6666666666666665,2.1818181818181817
12,21,2.25,5,2.0,1.7777777777777777
12,20,2.4166666666666665,4,2.8333333333333335,1.7
14,34,2.642857142857143,5,3.857142857142857,2.4545454545454546
7,9,2.5714285714285716,4,1.75,1.4
10,18,2.6,5,2.142857142857143,1.875
6,7,2.3333333333333335,4,1.5,1.2
7,8,2.4285714285714284,4,1.4,1.1666666666666667
8,13,1.875,3,3.0,1.5
6,6,2.3333333333333335,4,1.6666666666666667,1.0
10,22,3.3,6,2.111111111111111,2.375
7,10,2.142857142857143,3,3.0,1.2
8,10,2.75,4,2.6666666666666665,1.1428571428571428
6,7,2.5,4,2.0,1.2
7,9,2.4285714285714284,4,1.4,1.1666666666666667
8,10,1.375,2,3.0,1.0
7,9,2.5714285714285716,4,2.3333333333333335,1.1666666666666667
7,8,2.5714285714285716,4,1.75,1.1666666666666667
6,6,2.3333333333333335,4,1.3333333333333333,1.0
6,8,3.0,5,1.4,1.4
7,8,2.5714285714285716,4,2.3333333333333335,1.1666666666666667
7,7,2.4285714285714284,4,1.6666666666666667,1.0
7,8,2.4285714285714284,4,1.5,1.0
7,8,2.5714285714285716,4,2.3333333333333335,1.1666666666666667
8,9,2.625,4,2.0,1.1428571428571428
7,10,3.2857142857142856,5,1.8,1.5
8,9,2.625,4,2.6666666666666665,1.1428571428571428
9,12,1.4444444444444444,2,1.6666666666666667,1.25
7,9,2.7142857142857144,4,2.6666666666666665,1.3333333333333333
7,7,2.4285714285714284,4,1.5,1.0
7,7,2.4285714285714284,4,1.5,1.0
6,6,2.3333333333333335,4,1.6666666666666667,1.0
7,8,2.4285714285714284,4,1.4,1.1666666666666667
6,7,2.8333333333333335,4,1.5,1.2
7,7,1.7142857142857142,3,1.5,1.0
10,23,2.4,5,1.7777777777777777,2.2857142857142856
6,7,1.5,3,1.0,1.0
6,7,1.5,3,1.0,1.0
12,25,2.5,4,2.857142857142857,2.0
14,32,2.4285714285714284,5,3.0,2.4
13,20,1.8461538461538463,4,2.4,1.7142857142857142
13,28,2.6923076923076925,5,2.6666666666666665,2.1818181818181817
13,21,2.4615384615384617,4,2.25,1.6363636363636365
12,20,2.0,3,4.0,1.7777777777777777
12,25,2.25,4,2.4444444444444446,2.2
8,10,2.625,4,1.8,1.2857142857142858
7,9,2.7142857142857144,4,2.6666666666666665,1.3333333333333333
7,8,2.5714285714285716,4,1.75,1.1666666666666667
7,8,2.7142857142857144,4,2.3333333333333335,1.1666666666666667
7,8,2.5714285714285716,4,2.3333333333333335,1.1666666666666667
6,6,1.8333333333333333,3,1.5,1.0
8,9,2.75,4,2.6666666666666665,1.1428571428571428
7,9,2.7142857142857144,4,2.6666666666666665,1.3333333333333333
7,8,1.7142857142857142,3,2.0,1.0
7,8,1.7142857142857142,3,2.0,1.0
8,8,2.625,4,2.3333333333333335,1.0
7,8,2.5714285714285716,4,2.3333333333333335,1.1666666666666667
7,9,2.4285714285714284,4,1.75,1.1666666666666667
8,8,2.625,4,2.3333333333333335,1.0
7,7,2.5714285714285716,4,2.0,1.0
7,8,1.7142857142857142,3,2.0,1.0
7,7,1.4285714285714286,2,3.0,1.0
11,24,2.1818181818181817,4,2.375,2.375
7,7,1.4285714285714286,3,1.0,1.0
6,7,1.5,3,1.0,1.0
13,23,1.6923076923076923,3,2.5,1.875
13,25,2.0,4,3.0,2.0
13,26,2.769230769230769,5,3.142857142857143,2.0
12,20,2.1666666666666665,4,2.0,1.5555555555555556
12,17,2.0,3,4.333333333333333,1.4444444444444444
12,21,2.3333333333333335,4,2.8333333333333335,1.7
13,23,2.3846153846153846,4,2.857142857142857,1.8181818181818181
13,27,2.5384615384615383,5,2.6666666666666665,2.1818181818181817
13,24,2.8461538461538463,6,2.625,1.9090909090909092
14,32,2.642857142857143,5,3.25,2.3636363636363638
8,11,3.5,5,2.0,1.4285714285714286
13,26,2.5384615384615383,4,3.2857142857142856,2.090909090909091
7,8,2.5714285714285716,4,2.0,1.0
7,9,2.5714285714285716,4,2.0,1.3333333333333333
7,10,3.142857142857143,5,1.8,1.5
8,8,2.625,4,2.3333333333333335,1.0
7,11,3.2857142857142856,5,2.5,1.6666666666666667
8,10,2.75,4,2.6666666666666665,1.1428571428571428
7,9,2.7142857142857144,4,2.6666666666666665,1.3333333333333333
6,10,3.1666666666666665,5,2.0,1.6
8,8,2.625,4,2.3333333333333335,1.0
7,8,2.5714285714285716,4,2.3333333333333335,1.1666666666666667
7,7,1.7142857142857142,3,1.5,1.0
8,8,2.625,4,2.3333333333333335,1.0
8,11,2.75,4,2.25,1.2857142857142858
6,7,2.8333333333333335,4,1.6666666666666667,1.0
7,7,2.5714285714285716,4,2.0,1.0
7,9,2.4285714285714284,4,1.75,1.1666666666666667
6,7,2.5,4,2.0,1.2
7,8,2.4285714285714284,4,1.5,1.0
8,8,1.125,2,1.0,1.0
12,30,3.0,6,2.7,2.7
8,8,2.625,4,2.3333333333333335,1.0
7,7,1.5714285714285714,2,2.0,1.0
6,6,2.8333333333333335,4,1.6666666666666667,1.0
7,8,2.0,3,1.6666666666666667,1.0
8,8,2.625,4,2.3333333333333335,1.0
12,28,2.75,5,3.0,2.4
8,8,2.625,4,2.3333333333333335,1.0
8,8,2.5,4,1.75,1.0
6,7,2.3333333333333335,4,1.5,1.2
7,7,1.4285714285714286,2,3.0,1.0
7,7,1.4285714285714286,2,3.0,1.0
8,8,2.625,4,2.3333333333333335,1.0
7,8,2.5714285714285716,4,1.75,1.1666666666666667
6,6,2.3333333333333335,4,1.3333333333333333,1.0
7,9,2.5714285714285716,4,1.75,1.1666666666666667
7,10,3.142857142857143,5,1.8,1.5
7,7,2.5714285714285716,4,2.0,1.0
7,7,1.5714285714285714,2,2.0,1.0
7,9,2.7142857142857144,4,2.6666666666666665,1.3333333333333333
6,7,2.8333333333333335,4,1.5,1.2
7,8,2.4285714285714284,4,1.5,1.0
6,6,2.3333333333333335,4,1.6666666666666667,1.0
7,8,2.4285714285714284,4,1.5,1.0
8,13,3.5,6,2.0,1.7142857142857142
7,9,2.5714285714285716,4,2.0,1.2
12,26,2.9166666666666665,5,3.2857142857142856,2.3
7,7,2.5714285714285716,4,2.0,1.0
7,10,2.857142857142857,4,3.0,1.5
7,7,2.4285714285714284,4,1.5,1.0
8,9,2.625,4,2.6666666666666665,1.1428571428571428
7,9,2.7142857142857144,4,2.6666666666666665,1.3333333333333333
7,7,1.7142857142857142,3,1.5,1.0
8,8,2.625,4,2.3333333333333335,1.0
8,11,1.625,3,1.5,1.5
6,7,2.3333333333333335,4,1.5,1.2
7,7,2.4285714285714284,4,1.5,1.0
6,6,2.3333333333333335,4,1.6666666666666667,1.0
7,7,2.4285714285714284,4,1.5,1.0
7,10,1.5714285714285714,3,2.0,1.3333333333333333
6,10,3.1666666666666665,5,1.8,1.8
6,6,2.8333333333333335,4,1.6666666666666667,1.0
7,7,2.4285714285714284,4,1.5,1.0
6,8,2.5,4,1.75,1.4
8,8,2.625,4,2.3333333333333335,1.0
7,9,2.7142857142857144,4,2.6666666666666665,1.3333333333333333
7,7,1.7142857142857142,3,1.5,1.0
8,8,2.625,4,2.3333333333333335,1.0
7,8,2.142857142857143,4,1.3333333333333333,1.0
8,10,2.75,4,2.6666666666666665,1.1428571428571428
6,7,2.3333333333333335,4,1.5,1.2
8,9,2.625,4,2.6666666666666665,1.1428571428571428
8,10,1.625,3,1.5,1.5
7,7,2.4285714285714284,4,1.5,1.0
6,6,2.8333333333333335,4,1.6666666666666667,1.0
6,9,2.8333333333333335,5,1.6,1.6
7,7,1.4285714285714286,2,3.0,1.0
10,25,2.6,5,2.5,2.5
7,8,2.4285714285714284,4,1.4,1.1666666666666667
6,6,2.1666666666666665,3,1.6666666666666667,1.0
7,8,2.4285714285714284,4,1.4,1.1666666666666667
7,7,1.4285714285714286,2,3.0,1.0
6,6,2.3333333333333335,4,1.6666666666666667,1.0
7,7,1.4285714285714286,2,3.0,1.0
11,27,2.8181818181818183,6,2.625,2.625
7,9,2.142857142857143,4,1.6666666666666667,1.25
13,27,2.923076923076923,5,2.875,2.090909090909091
7,7,2.0,3,1.6666666666666667,1.0
7,7,1.4285714285714286,2,3.0,1.0
7,8,2.7142857142857144,4,2.3333333333333335,1.1666666666666667
8,12,2.625,4,2.0,1.4285714285714286
7,8,2.5714285714285716,4,2.0,1.0
6,7,2.3333333333333335,4,1.5,1.2
7,7,2.0,3,1.6666666666666667,1.0
6,6,2.3333333333333335,4,1.6666666666666667,1.0
8,11,2.75,4,3.0,1.2857142857142858
7,8,3.0,5,1.75,1.1666666666666667
6,7,2.3333333333333335,4,1.5,1.2
7,7,2.0,3,1.6666666666666667,1.0
14,38,3.142857142857143,6,3.6,3.0
7,9,3.4285714285714284,5,1.6,1.3333333333333333
11,18,2.3636363636363638,4,2.0,1.5555555555555556
6,6,2.8333333333333335,4,1.6666666666666667,1.0
7,8,2.4285714285714284,4,1.4,1.1666666666666667
7,7,2.5714285714285716,4,2.0,1.0
7,8,2.5714285714285716,4,2.3333333333333335,1.1666666666666667
7,7,1.7142857142857142,3,1.5,1.0
8,8,2.625,4,2.3333333333333335,1.0
8,8,2.5,4,1.75,1.0
8,10,2.75,4,2.6666666666666665,1.1428571428571428
6,6,2.3333333333333335,4,1.6666666666666667,1.0
8,8,2.625,4,2.3333333333333335,1.0
8,9,1.5,2,1.6666666666666667,1.25
7,8,2.5714285714285716,4,2.3333333333333335,1.1666666666666667
7,9,2.5714285714285716,4,2.0,1.3333333333333333
8,8,2.625,4,2.3333333333333335,1.0
8,12,2.625,4,2.5,1.4285714285714286
6,7,2.3333333333333335,4,1.5,1.2
8,8,2.625,4,2.3333333333333335,1.0
7,9,2.4285714285714284,4,1.5,1.0
6,6,2.8333333333333335,4,1.6666666666666667,1.0
7,9,2.4285714285714284,4,1.4,1.1666666666666667
8,10,1.375,2,3.0,1.0
8,8,2.625,4,2.3333333333333335,1.0
8,9,2.75,4,2.3333333333333335,1.0
7,9,2.7142857142857144,4,2.6666666666666665,1.3333333333333333
8,12,2.75,5,1.6666666666666667,1.4285714285714286
6,6,2.3333333333333335,4,1.6666666666666667,1.0
8,8,2.625,4,2.3333333333333335,1.0
7,7,1.5714285714285714,2,2.0,1.0
6,6,2.8333333333333335,4,1.6666666666666667,1.0
6,6,2.8333333333333335,4,1.6666666666666667,1.0
9,13,1.6666666666666667,3,2.0,1.5
6,6,2.3333333333333335,4,1.6666666666666667,1.0
7,7,1.4285714285714286,2,3.0,1.0
8,8,2.625,4,2.3333333333333335,1.0
7,7,1.5714285714285714,2,2.0,1.0
6,6,2.8333333333333335,4,1.6666666666666667,1.0
6,7,2.3333333333333335,4,1.6666666666666667,1.0
12,29,3.0,6,2.6,2.6
7,11,3.4285714285714284,5,1.8,1.5
11,22,2.6363636363636362,5,2.375,2.111111111111111
8,8,2.625,4,2.3333333333333335,1.0
7,9,2.7142857142857144,4,2.6666666666666665,1.3333333333333333
7,7,2.4285714285714284,4,1.5,1.0
8,8,2.625,4,2.3333333333333335,1.0
7,8,2.5714285714285716,4,1.75,1.1666666666666667
6,7,2.3333333333333335,4,1.3333333333333333,1.0
7,10,2.5714285714285716,4,1.6,1.3333333333333333
7,8,2.0,3,1.6666666666666667,1.0
8,8,2.625,4,2.3333333333333335,1.0
8,10,2.75,4,2.25,1.2857142857142858
6,7,2.3333333333333335,4,1.5,1.2
6,7,2.5,4,2.0,1.2
8,10,1.375,2,3.0,1.0
7,9,2.4285714285714284,4,1.75,1.1666666666666667
8,11,2.875,5,1.8,1.2857142857142858
6,6,2.8333333333333335,4,1.6666666666666667,1.0
7,10,2.5714285714285716,4,1.6,1.3333333333333333
6,6,1.8333333333333333,3,2.0,1.0
7,9,2.7142857142857144,4,1.6,1.3333333333333333
7,7,2.5714285714285716,4,2.0,1.0
7,9,2.7142857142857144,4,2.6666666666666665,1.3333333333333333
7,9,2.4285714285714284,4,1.4,1.1666666666666667
7,7,1.4285714285714286,2,3.0,1.0
8,8,2.625,4,2.3333333333333335,1.0
8,13,2.75,4,2.75,1.5714285714285714
7,9,2.7142857142857144,4,2.6666666666666665,1.3333333333333333
7,7,1.7142857142857142,3,1.5,1.0
8,9,2.625,4,2.6666666666666665,1.1428571428571428
7,8,2.142857142857143,4,1.3333333333333333,1.0
7,10,2.4285714285714284,4,1.6,1.3333333333333333
6,7,2.5,4,2.0,1.2
6,9,3.1666666666666665,5,1.6,1.6
6,6,2.8333333333333335,4,1.6666666666666667,1.0
7,9,2.4285714285714284,4,1.5,1.0
8,9,2.625,4,2.3333333333333335,1.0
7,7,1.5714285714285714,2,2.0,1.0
7,9,2.7142857142857144,4,2.6666666666666665,1.3333333333333333
7,7,2.4285714285714284,4,1.5,1.0
7,7,1.7142857142857142,3,1.5,1.0
6,10,3.1666666666666665,5,1.8,1.8
10,23,2.7,6,2.125,2.4285714285714284
6,7,1.5,3,1.0,1.0
6,7,1.5,3,1.0,1.0
12,26,2.9166666666666665,6,2.75,2.2
12,13,1.5,2,6.0,1.0
13,26,2.923076923076923,5,3.142857142857143,2.0
13,20,2.076923076923077,4,2.6,1.4444444444444444
13,35,2.923076923076923,6,2.5833333333333335,2.8181818181818183
12,24,2.5,5,2.625,2.1
14,34,2.7142857142857144,5,4.0,2.5454545454545454
7,9,2.5714285714285716,4,1.75,1.4
11,23,2.8181818181818183,5,2.5,2.2222222222222223
7,9,2.4285714285714284,4,1.4,1.1666666666666667
7,7,1.4285714285714286,2,3.0,1.0
8,9,2.625,4,2.6666666666666665,1.1428571428571428
11,22,2.6363636363636362,5,2.375,2.111111111111111
8,9,2.625,4,2.6666666666666665,1.1428571428571428
7,10,2.857142857142857,4,3.0,1.5
7,7,2.4285714285714284,4,1.5,1.0
8,9,2.625,4,2.6666666666666665,1.1428571428571428
6,6,2.8333333333333335,4,1.6666666666666667,1.0
7,9,2.4285714285714284,4,1.4,1.1666666666666667
6,6,2.3333333333333335,4,1.6666666666666667,1.0
8,9,2.625,4,2.6666666666666665,1.1428571428571428
7,8,3.0,5,1.75,1.1666666666666667
8,10,2.75,4,2.6666666666666665,1.1428571428571428
6,7,2.5,4,2.0,1.2
6,8,2.8333333333333335,4,1.5,1.2
8,10,2.625,4,2.6666666666666665,1.1428571428571428
7,8,2.142857142857143,4,1.6666666666666667,1.0
6,6,2.8333333333333335,4,1.6666666666666667,1.0
8,14,2.75,5,1.6666666666666667,1.4285714285714286
6,6,2.3333333333333335,4,1.6666666666666667,1.0
8,11,2.75,4,3.0,1.2857142857142858
11,21,2.4545454545454546,4,2.4285714285714284,1.8888888888888888
7,8,2.5714285714285716,4,2.3333333333333335,1.1666666666666667
6,7,2.5,4,2.0,1.2
7,9,2.4285714285714284,4,1.4,1.1666666666666667
7,11,2.0,3,3.0,1.5
6,6,2.1666666666666665,3,1.6666666666666667,1.0
8,11,2.75,4,3.0,1.2857142857142858
8,9,2.625,4,2.0,1.1428571428571428
6,6,2.8333333333333335,4,1.6666666666666667,1.0
7,8,2.4285714285714284,4,1.4,1.1666666666666667
7,9,2.5714285714285716,4,1.75,1.1666666666666667
6,7,2.8333333333333335,4,1.6666666666666667,1.0
7,10,2.5714285714285716,4,1.6,1.3333333333333333
8,8,2.625,4,2.3333333333333335,1.0
8,9,2.5,4,1.75,1.0
7,9,2.7142857142857144,4,2.6666666666666665,1.3333333333333333
9,11,1.6666666666666667,3,2.0,1.5
6,6,2.3333333333333335,4,1.6666666666666667,1.0
7,7,1.7142857142857142,3,1.5,1.0
7,7,2.5714285714285716,4,2.0,1.0
8,8,2.625,4,2.3333333333333335,1.0
7,7,1.5714285714285714,2,2.0,1.0
7,8,2.4285714285714284,4,1.4,1.1666666666666667
6,6,2.8333333333333335,4,1.6666666666666667,1.0
7,8,2.4285714285714284,4,1.75,1.1666666666666667
8,8,2.625,4,2.3333333333333335,1.0
8,9,2.625,4,2.0,1.1428571428571428
6,6,2.3333333333333335,4,1.6666666666666667,1.0
10,21,2.1,4,2.4285714285714284,2.4285714285714284
8,9,1.5,3,1.5,1.0
12,23,2.5833333333333335,5,2.857142857142857,2.0
8,10,2.75,4,2.6666666666666665,1.1428571428571428
6,7,2.3333333333333335,4,1.5,1.2
7,9,2.4285714285714284,4,1.4,1.1666666666666667
8,11,2.0,3,2.5,1.0
8,9,2.5,4,1.75,1.0
8,10,2.75,4,2.6666666666666665,1.1428571428571428
6,6,2.3333333333333335,4,1.3333333333333333,1.0
7,9,2.4285714285714284,4,1.4,1.1666666666666667
8,9,2.625,4,2.3333333333333335,1.0
8,14,2.5,5,2.0,1.6
7,8,2.5714285714285716,4,2.3333333333333335,1.1666666666666667
7,7,2.4285714285714284,4,1.5,1.0
6,6,2.3333333333333335,4,1.6666666666666667,1.0
7,7,1.7142857142857142,3,1.5,1.0
6,9,2.5,4,1.6,1.6
8,9,2.625,4,2.3333333333333335,1.0
7,7,1.5714285714285714,2,2.0,1.0
7,8,2.5714285714285716,4,2.3333333333333335,1.1666666666666667
6,6,2.3333333333333335,4,1.6666666666666667,1.0
7,7,1.7142857142857142,3,1.5,1.0
7,8,2.5714285714285716,4,1.75,1.1666666666666667
8,12,3.375,6,1.8333333333333333,1.5714285714285714
7,10,2.857142857142857,5,2.0,1.6
10,18,2.6,5,2.142857142857143,1.875
8,10,2.75,4,2.6666666666666665,1.1428571428571428
6,7,2.3333333333333335,4,1.3333333333333333,1.0
7,9,2.4285714285714284,4,1.4,1.1666666666666667
8,8,2.625,4,2.3333333333333335,1.0
7,8,2.142857142857143,4,1.3333333333333333,1.0
8,8,2.5,4,1.75,1.0
7,9,2.4285714285714284,4,1.4,1.1666666666666667
6,7,2.8333333333333335,4,1.6666666666666667,1.0
9,13,1.6666666666666667,3,2.0,1.5
6,6,2.3333333333333335,4,1.6666666666666667,1.0
7,7,1.4285714285714286,2,3.0,1.0
7,7,1.7142857142857142,3,1.5,1.0
6,9,2.5,4,1.6,1.6
8,8,2.625,4,2.3333333333333335,1.0
8,9,2.625,4,2.0,1.1428571428571428
6,6,2.3333333333333335,4,1.6666666666666667,1.0
8,8,2.625,4,2.3333333333333335,1.0
7,9,2.7142857142857144,4,2.6666666666666665,1.3333333333333333
7,9,2.4285714285714284,4,1.4,1.1666666666666667
7,7,1.4285714285714286,2,3.0,1.0
8,9,2.625,4,2.6666666666666665,1.1428571428571428
8,9,2.625,4,2.0,1.1428571428571428
6,7,2.5,4,2.0,1.2
7,7,1.4285714285714286,2,3.0,1.0
6,6,2.3333333333333335,4,1.6666666666666667,1.0
7,7,1.7142857142857142,3,1.5,1.0
6,9,3.0,5,1.6,1.6
8,9,2.625,4,2.6666666666666665,1.1428571428571428
8,9,2.625,4,2.0,1.1428571428571428
7,10,2.4285714285714284,4,1.6,1.3333333333333333
7,11,1.7142857142857142,3,2.5,1.6666666666666667
7,9,2.4285714285714284,4,1.75,1.1666666666666667
8,9,2.625,4,2.6666666666666665,1.1428571428571428
7,7,2.4285714285714284,4,1.6666666666666667,1.0
7,7,1.4285714285714286,2,3.0,1.0
8,9,2.625,4,2.6666666666666665,1.1428571428571428
8,9,2.625,4,2.0,1.1428571428571428
6,6,2.3333333333333335,4,1.6666666666666667,1.0
7,9,2.7142857142857144,4,1.6,1.3333333333333333
8,10,2.625,4,2.6666666666666665,1.1428571428571428
8,13,2.75,4,2.75,1.5714285714285714
6,7,2.8333333333333335,4,1.6666666666666667,1.0
6,8,2.6666666666666665,4,1.75,1.4
7,9,2.0,3,1.6666666666666667,1.0
7,7,1.4285714285714286,2,3.0,1.0
7,7,1.7142857142857142,3,1.5,1.0
6,9,3.0,5,1.6,1.6
8,9,2.625,4,2.3333333333333335,1.0
9,11,1.4444444444444444,2,1.6666666666666667,1.25
7,9,2.7142857142857144,4,2.6666666666666665,1.3333333333333333
8,14,2.75,5,1.8333333333333333,1.5714285714285714
6,6,2.3333333333333335,4,1.6666666666666667,1.0
8,9,2.625,4,2.6666666666666665,1.1428571428571428
8,9,2.625,4,2.0,1.1428571428571428
6,6,2.3333333333333335,4,1.6666666666666667,1.0
7,10,2.857142857142857,5,2.0,1.6
11,24,2.727272727272727,5,2.5,2.2222222222222223
7,10,2.857142857142857,4,3.0,1.5
6,8,3.0,5,1.4,1.4
6,7,2.3333333333333335,4,1.5,1.2
7,7,2.0,3,1.6666666666666667,1.0
8,10,2.625,4,2.6666666666666665,1.1428571428571428
8,12,2.75,4,2.5,1.4285714285714286
7,9,2.7142857142857144,4,2.6666666666666665,1.3333333333333333
6,7,2.8333333333333335,4,1.5,1.2
7,8,2.4285714285714284,4,1.5,1.0
8,10,2.625,4,2.6666666666666665,1.1428571428571428
8,10,2.5,4,2.0,1.1428571428571428
6,7,2.3333333333333335,4,1.5,1.2
7,8,2.4285714285714284,4,1.5,1.0
7,8,2.4285714285714284,4,1.5,1.0
6,6,2.1666666666666665,3,1.6666666666666667,1.0
6,6,2.3333333333333335,4,1.6666666666666667,1.0
6,6,1.8333333333333333,3,1.5,1.0
8,11,2.75,4,3.0,1.2857142857142858
7,9,2.7142857142857144,4,2.6666666666666665,1.3333333333333333
7,8,2.4285714285714284,4,1.5,1.0
10,27,2.6,5,3.0,3.0
6,10,3.0,5,1.6,1.6
7,11,2.7142857142857144,4,1.6,1.3333333333333333
8,10,2.5,4,2.6666666666666665,1.3333333333333333
7,10,2.857142857142857,4,3.0,1.5
7,9,2.7142857142857144,4,2.0,1.3333333333333333
8,11,2.75,4,2.25,1.2857142857142858
6,7,2.8333333333333335,4,1.6666666666666667,1.0
7,7,2.5714285714285716,4,2.0,1.0
11,27,3.1818181818181817,7,2.4444444444444446,2.75
7,9,2.857142857142857,5,1.75,1.4
12,23,2.8333333333333335,5,2.625,2.1
7,8,2.5714285714285716,4,2.0,1.0
6,7,2.3333333333333335,4,1.5,1.2
7,9,2.0,3,1.6666666666666667,1.0
6,6,2.3333333333333335,4,1.6666666666666667,1.0
7,7,1.4285714285714286,2,3.0,1.0
6,6,2.8333333333333335,4,1.6666666666666667,1.0
6,6,1.8333333333333333,3,2.0,1.0
6,6,2.3333333333333335,4,1.6666666666666667,1.0
8,9,2.625,4,2.3333333333333335,1.0
7,8,2.5714285714285716,4,2.3333333333333335,1.1666666666666667
7,7,2.5714285714285716,4,2.0,1.0
8,9,2.75,4,2.3333333333333335,1.0
6,7,2.3333333333333335,4,1.5,1.2
6,7,2.5,4,2.0,1.2
7,7,1.4285714285714286,2,3.0,1.0
6,8,2.5,4,1.75,1.4
7,9,2.4285714285714284,4,1.75,1.1666666666666667
8,8,2.625,4,2.3333333333333335,1.0
8,8,2.5,4,1.75,1.0
6,6,1.8333333333333333,3,1.5,1.0
8,8,2.625,4,2.3333333333333335,1.0
7,9,2.7142857142857144,4,2.6666666666666665,1.3333333333333333
7,7,1.4285714285714286,2,3.0,1.0
7,7,1.4285714285714286,2,3.0,1.0
8,8,2.625,4,2.3333333333333335,1.0
8,8,2.5,4,1.75,1.0
8,10,2.75,4,2.6666666666666665,1.1428571428571428
6,7,2.5,4,2.0,1.2
7,8,2.7142857142857144,4,2.3333333333333335,1.1666666666666667
8,8,2.625,4,2.3333333333333335,1.0
7,8,2.142857142857143,4,1.3333333333333333,1.0
8,10,2.75,4,2.6666666666666665,1.1428571428571428
6,6,2.3333333333333335,4,1.3333333333333333,1.0
6,10,2.5,4,1.6,1.6
8,8,2.625,4,2.3333333333333335,1.0
7,9,2.7142857142857144,4,2.6666666666666665,1.3333333333333333
7,9,2.4285714285714284,4,1.4,1.1666666666666667
7,7,1.4285714285714286,2,3.0,1.0
8,8,2.625,4,2.3333333333333335,1.0
8,9,2.625,4,2.0,1.1428571428571428
6,7,2.5,4,2.0,1.2
7,7,1.7142857142857142,3,1.5,1.0
7,7,1.7142857142857142,3,1.5,1.0
11,27,3.090909090909091,6,2.5555555555555554,2.5555555555555554
7,8,1.4285714285714286,2,3.0,1.0
10,23,2.7,6,2.0,2.5714285714285716
6,6,1.5,3,1.0,1.0
6,7,1.5,3,1.0,1.0
11,18,2.8181818181818183,6,2.142857142857143,1.6666666666666667
12,14,1.6666666666666667,3,3.5,1.0
13,24,2.3846153846153846,4,2.857142857142857,1.8181818181818181
13,22,2.4615384615384617,4,2.5,1.3636363636363635
12,24,2.4166666666666665,5,2.3333333333333335,2.1
12,22,2.5,5,2.7142857142857144,1.9
14,37,2.7857142857142856,5,4.142857142857143,2.6363636363636362
7,9,2.5714285714285716,4,1.75,1.4
10,18,2.7,5,2.5,1.875
7,12,3.142857142857143,5,1.8,1.5
7,7,2.5714285714285716,4,2.0,1.0
7,8,2.142857142857143,4,1.3333333333333333,1.0
7,8,2.5714285714285716,4,2.3333333333333335,1.1666666666666667
7,8,2.0,3,1.6666666666666667,1.0
8,12,3.5,6,1.8333333333333333,1.5714285714285714
7,7,2.5714285714285716,4,2.0,1.0
10,15,2.2,4,2.2,1.375
7,10,2.4285714285714284,4,1.6,1.3333333333333333
8,13,1.875,3,3.0,1.5
6,6,2.3333333333333335,4,1.6666666666666667,1.0
7,8,2.4285714285714284,4,1.4,1.1666666666666667
6,9,3.1666666666666665,5,1.6,1.6
6,6,2.1666666666666665,3,1.6666666666666667,1.0
6,6,2.8333333333333335,4,1.6666666666666667,1.0
8,9,2.625,4,2.6666666666666665,1.1428571428571428
7,8,2.142857142857143,4,1.3333333333333333,1.0
7,8,2.142857142857143,4,1.6666666666666667,1.0
6,7,2.5,4,2.0,1.2
7,10,1.5714285714285714,3,2.0,1.3333333333333333
7,9,1.5714285714285714,3,2.0,1.3333333333333333
11,28,3.090909090909091,6,2.7777777777777777,2.7777777777777777
7,7,1.4285714285714286,2,3.0,1.0
8,9,2.625,4,2.6666666666666665,1.1428571428571428
8,9,2.625,4,2.0,1.1428571428571428
6,6,2.3333333333333335,4,1.6666666666666667,1.0
8,8,2.625,4,2.3333333333333335,1.0
7,9,2.4285714285714284,4,1.5,1.0
6,7,2.5,4,2.0,1.2
9,14,1.6666666666666667,3,2.3333333333333335,1.75
6,6,2.3333333333333335,4,1.6666666666666667,1.0
8,8,2.625,4,2.3333333333333335,1.0
8,10,2.75,4,2.6666666666666665,1.1428571428571428
6,7,2.5,4,2.0,1.2
7,7,1.7142857142857142,3,1.5,1.0
8,8,2.625,4,2.3333333333333335,1.0
9,10,1.4444444444444444,2,1.6666666666666667,1.25
7,7,2.4285714285714284,4,1.5,1.0
6,6,2.3333333333333335,4,1.6666666666666667,1.0
6,8,2.5,4,1.75,1.4
7,8,2.4285714285714284,4,1.5,1.0
6,6,2.8333333333333335,4,1.6666666666666667,1.0
6,9,2.8333333333333335,5,1.6,1.6
7,8,2.4285714285714284,4,1.4,1.1666666666666667
7,7,1.4285714285714286,2,3.0,1.0
7,10,2.7142857142857144,4,1.6,1.3333333333333333
7,9,2.5714285714285716,4,2.0,1.2
11,25,2.727272727272727,5,2.625,2.3333333333333335
7,8,2.5714285714285716,4,2.0,1.0
6,7,2.5,4,2.0,1.2
7,12,2.0,3,3.0,1.5
7,9,2.4285714285714284,4,1.5,1.0
8,10,2.5,4,2.6666666666666665,1.3333333333333333
7,9,2.4285714285714284,4,1.4,1.1666666666666667
7,10,2.857142857142857,4,2.0,1.3333333333333333
7,9,2.4285714285714284,4,1.4,1.1666666666666667
7,7,1.7142857142857142,3,1.5,1.0
8,10,2.75,4,2.6666666666666665,1.1428571428571428
8,10,2.75,4,2.6666666666666665,1.1428571428571428
6,7,2.5,4,2.0,1.2
7,8,2.4285714285714284,4,1.5,1.0
6,6,1.8333333333333333,3,1.5,1.0
6,6,2.3333333333333335,4,1.6666666666666667,1.0
7,9,2.0,3,1.6666666666666667,1.0
8,10,2.625,4,1.8,1.2857142857142858
6,7,2.3333333333333335,4,1.5,1.2
8,9,2.75,4,2.6666666666666665,1.1428571428571428
8,10,2.625,4,2.25,1.2857142857142858
6,7,2.3333333333333335,4,1.5,1.2
8,9,2.75,4,2.6666666666666665,1.1428571428571428
8,16,3.125,5,2.5,1.6666666666666667
8,10,2.5,4,2.0,1.1428571428571428
7,9,2.4285714285714284,4,1.5,1.0
7,7,1.7142857142857142,3,1.5,1.0
7,8,2.5714285714285716,4,1.75,1.1666666666666667
8,12,3.375,6,1.8333333333333333,1.5714285714285714
8,9,2.75,4,2.6666666666666665,1.1428571428571428
7,8,2.5714285714285716,4,2.3333333333333335,1.1666666666666667
6,6,2.1666666666666665,3,1.6666666666666667,1.0
8,8,2.625,4,2.3333333333333335,1.0
7,7,2.5714285714285716,4,2.0,1.0
6,6,1.8333333333333333,3,1.5,1.0
8,8,2.625,4,2.3333333333333335,1.0
7,7,1.5714285714285714,2,2.0,1.0
6,6,2.8333333333333335,4,1.6666666666666667,1.0
6,7,2.3333333333333335,4,1.6666666666666667,1.0
8,8,2.625,4,2.3333333333333335,1.0
8,12,2.75,5,2.0,1.3333333333333333
6,8,2.8333333333333335,4,2.3333333333333335,1.4
7,9,2.0,3,1.6666666666666667,1.0
6,7,2.5,4,2.0,1.2
7,11,2.0,3,2.5,1.25
6,8,2.5,4,1.75,1.4
7,9,2.7142857142857144,4,1.6,1.3333333333333333
7,10,2.857142857142857,5,2.0,1.6
11,19,2.4545454545454546,4,2.0,1.7777777777777777
5,5,3.0,5,1.0,1.0
6,7,2.3333333333333335,4,1.6666666666666667,1.0
7,7,2.5714285714285716,4,2.0,1.0
7,7,2.142857142857143,4,1.3333333333333333,1.0
7,8,2.5714285714285716,4,2.0,1.0
6,7,2.3333333333333335,4,1.5,1.2
11,26,3.1818181818181817,6,2.4444444444444446,2.4444444444444446
7,7,1.7142857142857142,3,1.5,1.0
8,8,2.625,4,2.3333333333333335,1.0
8,10,2.75,4,2.25,1.2857142857142858
6,7,2.8333333333333335,4,1.6666666666666667,1.0
6,10,3.1666666666666665,5,1.8,1.8
8,8,2.625,4,2.3333333333333335,1.0
7,9,1.5714285714285714,2,2.0,1.0
7,8,2.4285714285714284,4,1.4,1.1666666666666667
6,6,2.8333333333333335,4,1.6666666666666667,1.0
7,8,2.4285714285714284,4,1.5,1.0
6,6,2.1666666666666665,3,1.6666666666666667,1.0
6,6,2.3333333333333335,4,1.6666666666666667,1.0
7,7,1.4285714285714286,2,3.0,1.0
7,10,3.2857142857142856,6,1.5,1.5
7,7,2.5714285714285716,4,2.0,1.0
8,10,2.5,4,2.0,1.1428571428571428
7,9,2.4285714285714284,4,1.75,1.1666666666666667
7,7,2.5714285714285716,4,2.0,1.0
8,8,2.625,4,2.3333333333333335,1.0
8,9,2.625,4,2.0,1.1428571428571428
6,6,2.8333333333333335,4,1.6666666666666667,1.0
7,7,1.4285714285714286,2,3.0,1.0
6,6,2.3333333333333335,4,1.6666666666666667,1.0
7,7,1.7142857142857142,3,1.5,1.0
6,9,2.5,4,1.6,1.6
8,9,2.625,4,2.3333333333333335,1.0
7,9,2.7142857142857144,4,2.6666666666666665,1.3333333333333333
7,7,1.7142857142857142,3,1.5,1.0
8,8,2.625,4,2.3333333333333335,1.0
7,10,3.0,4,2.25,1.5
7,8,2.5714285714285716,4,2.0,1.0
6,6,2.3333333333333335,4,1.6666666666666667,1.0
8,8,2.625,4,2.3333333333333335,1.0
8,9,1.5,2,1.6666666666666667,1.25
6,6,2.8333333333333335,4,1.6666666666666667,1.0
8,13,2.75,5,1.6666666666666667,1.4285714285714286
6,6,2.3333333333333335,4,1.6666666666666667,1.0
10,20,2.2,4,2.0,2.0
7,11,2.857142857142857,5,2.0,1.6
12,18,2.8333333333333335,5,2.5,1.5
8,10,2.75,4,2.6666666666666665,1.1428571428571428
6,7,2.3333333333333335,4,1.5,1.2
7,7,2.5714285714285716,4,2.0,1.0
7,8,2.5714285714285716,4,2.3333333333333335,1.1666666666666667
6,6,1.8333333333333333,3,1.5,1.0
7,7,2.5714285714285716,4,2.0,1.0
8,12,2.75,4,2.5,1.4285714285714286
6,7,2.8333333333333335,4,1.6666666666666667,1.0
6,10,3.1666666666666665,5,2.0,1.6
8,9,2.625,4,2.3333333333333335,1.0
8,10,2.75,4,2.6666666666666665,1.1428571428571428
6,6,2.3333333333333335,4,1.3333333333333333,1.0
6,10,3.1666666666666665,5,2.0,1.6
7,11,2.7142857142857144,4,1.6,1.3333333333333333
8,8,2.375,4,2.0,1.0
8,10,2.5,4,2.0,1.1428571428571428
7,9,2.4285714285714284,4,1.75,1.1666666666666667
6,9,3.0,5,1.6,1.6
8,8,2.625,4,2.3333333333333335,1.0
7,11,3.142857142857143,5,2.0,1.6666666666666667
6,7,2.3333333333333335,4,1.5,1.2
7,7,2.4285714285714284,4,1.5,1.0
7,10,1.7142857142857142,3,2.5,1.6666666666666667
6,6,2.3333333333333335,4,1.6666666666666667,1.0
7,7,2.4285714285714284,4,1.5,1.0
6,6,2.1666666666666665,3,1.6666666666666667,1.0
6,9,3.1666666666666665,5,2.0,1.6
6,6,2.3333333333333335,4,1.6666666666666667,1.0
8,9,2.625,4,2.3333333333333335,1.0
7,10,2.857142857142857,4,3.0,1.5
7,7,1.7142857142857142,3,1.5,1.0
8,9,2.625,4,2.3333333333333335,1.0
7,9,3.0,5,2.0,1.3333333333333333
7,9,2.5714285714285716,4,1.75,1.1666666666666667
6,6,2.3333333333333335,4,1.6666666666666667,1.0
8,10,2.625,4,2.6666666666666665,1.1428571428571428
8,10,2.625,4,2.0,1.1428571428571428
6,6,2.8333333333333335,4,1.6666666666666667,1.0
6,6,2.3333333333333335,4,1.6666666666666667,1.0
7,8,2.4285714285714284,4,1.4,1.1666666666666667
11,27,2.6363636363636362,5,2.5,2.5
7,9,2.142857142857143,4,1.6666666666666667,1.25
12,20,2.5,4,2.0,1.6
5,6,3.0,5,1.0,1.0
6,7,2.3333333333333335,4,1.6666666666666667,1.0
7,9,2.7142857142857144,4,2.6666666666666665,1.3333333333333333
8,16,3.5,5,2.0,1.7142857142857142
7,10,2.857142857142857,4,3.0,1.5
6,8,3.0,5,1.4,1.4
7,8,1.5714285714285714,3,2.0,1.3333333333333333
7,8,2.7142857142857144,4,2.3333333333333335,1.1666666666666667
8,14,2.75,4,2.4,1.7142857142857142
8,11,2.75,4,2.25,1.2857142857142858
6,7,2.3333333333333335,4,1.5,1.2
7,7,2.0,3,1.6666666666666667,1.0
8,8,2.625,4,2.3333333333333335,1.0
7,7,2.5714285714285716,4,2.0,1.0
7,9,2.0,3,2.0,1.2
8,8,2.625,4,2.3333333333333335,1.0
8,10,2.75,4,2.25,1.2857142857142858
7,9,2.4285714285714284,4,1.75,1.1666666666666667
7,7,1.7142857142857142,3,1.5,1.0
6,7,2.5,4,2.0,1.2
7,10,2.0,3,2.5,1.25
8,8,2.625,4,2.3333333333333335,1.0
8,13,2.75,4,2.75,1.5714285714285714
6,7,2.3333333333333335,4,1.5,1.2
8,8,2.625,4,2.3333333333333335,1.0
8,9,2.75,4,2.3333333333333335,1.0
7,7,2.5714285714285716,4,2.0,1.0
8,14,2.75,5,1.8333333333333333,1.5714285714285714
6,6,2.3333333333333335,4,1.6666666666666667,1.0
8,8,2.625,4,2.3333333333333335,1.0
7,8,2.142857142857143,4,1.3333333333333333,1.0
8,12,2.0,3,2.3333333333333335,1.4
6,7,2.3333333333333335,4,1.5,1.2
7,8,2.4285714285714284,4,1.4,1.1666666666666667
7,7,2.5714285714285716,4,2.0,1.0
8,8,2.625,4,2.3333333333333335,1.0
7,9,2.7142857142857144,4,2.6666666666666665,1.3333333333333333
7,9,2.4285714285714284,4,1.75,1.1666666666666667
8,8,2.625,4,2.3333333333333335,1.0
8,9,2.75,4,2.3333333333333335,1.0
6,6,2.3333333333333335,4,1.3333333333333333,1.0
7,10,2.4285714285714284,4,1.6,1.3333333333333333
7,8,2.0,3,1.6666666666666667,1.0
7,13,3.4285714285714284,6,1.6666666666666667,1.6666666666666667
7,10,2.857142857142857,5,2.0,1.6
11,15,2.4545454545454546,4,1.7142857142857142,1.3333333333333333
6,6,2.3333333333333335,4,1.3333333333333333,1.0
7,9,2.4285714285714284,4,1.4,1.1666666666666667
6,6,1.8333333333333333,3,2.0,1.0
8,8,2.625,4,2.3333333333333335,1.0
7,8,1.8571428571428572,3,1.6666666666666667,1.0
6,7,2.3333333333333335,4,1.5,1.2
7,12,2.0,3,2.5,1.25
7,8,2.7142857142857144,4,2.3333333333333335,1.1666666666666667
7,9,2.4285714285714284,4,1.4,1.1666666666666667
7,8,2.4285714285714284,4,1.5,1.0
6,6,2.3333333333333335,4,1.6666666666666667,1.0
8,8,2.625,4,2.3333333333333335,1.0
7,7,2.142857142857143,4,1.3333333333333333,1.0
8,10,2.75,4,2.6666666666666665,1.1428571428571428
6,7,2.5,4,2.0,1.2
7,8,1.7142857142857142,3,2.0,1.0
7,7,1.4285714285714286,2,3.0,1.0
8,8,2.625,4,2.3333333333333335,1.0
8,9,2.75,4,2.3333333333333335,1.0
7,8,2.5714285714285716,4,2.3333333333333335,1.1666666666666667
8,13,2.75,5,1.6666666666666667,1.4285714285714286
6,6,2.3333333333333335,4,1.6666666666666667,1.0
8,8,2.625,4,2.3333333333333335,1.0
7,8,2.142857142857143,4,1.6666666666666667,1.0
6,7,2.3333333333333335,4,1.5,1.2
6,7,2.5,4,2.0,1.2
6,6,1.8333333333333333,3,1.5,1.0
7,9,2.4285714285714284,4,1.4,1.1666666666666667
6,6,2.3333333333333335,4,1.6666666666666667,1.0
6,6,2.3333333333333335,4,1.6666666666666667,1.0
8,8,2.625,4,2.3333333333333335,1.0
8,9,1.5,2,1.6666666666666667,1.25
6,6,2.8333333333333335,4,1.6666666666666667,1.0
7,8,2.4285714285714284,4,1.5,1.0
8,9,2.625,4,2.6666666666666665,1.1428571428571428
7,9,2.7142857142857144,4,2.6666666666666665,1.3333333333333333
7,7,1.7142857142857142,3,1.5,1.0
8,9,2.625,4,2.6666666666666665,1.1428571428571428
8,9,2.625,4,2.0,1.1428571428571428
7,9,2.4285714285714284,4,1.75,1.1666666666666667
7,11,1.7142857142857142,3,2.5,1.6666666666666667
7,8,2.4285714285714284,4,1.75,1.1666666666666667
10,24,2.7,6,2.0,2.5714285714285716
7,7,1.4285714285714286,3,1.0,1.0
6,7,1.5,3,1.0,1.0
12,19,1.5833333333333333,3,3.0,1.5
12,20,1.6666666666666667,3,4.0,1.7142857142857142
13,25,2.769230769230769,5,3.6,1.8
12,27,2.3333333333333335,4,2.4,2.4
12,18,2.3333333333333335,4,1.875,1.5
12,25,2.5833333333333335,4,3.142857142857143,2.2
13,28,2.3846153846153846,5,3.0,2.1818181818181817
12,21,2.5,5,2.25,1.8
14,34,2.7857142857142856,5,3.5,2.5454545454545454
7,9,2.5714285714285716,4,1.75,1.4
12,19,2.5,4,2.0,1.6
6,6,2.3333333333333335,4,1.6666666666666667,1.0
6,8,2.5,4,1.75,1.4
7,9,1.7142857142857142,3,2.5,1.6666666666666667
6,6,2.8333333333333335,4,1.6666666666666667,1.0
7,7,1.7142857142857142,3,1.5,1.0
6,8,3.0,5,1.4,1.4
6,6,2.3333333333333335,4,1.6666666666666667,1.0
6,6,2.3333333333333335,4,1.6666666666666667,1.0
6,6,2.8333333333333335,4,1.6666666666666667,1.0
6,9,3.0,5,1.6,1.6
7,7,1.7142857142857142,3,1.5,1.0
7,9,2.7142857142857144,4,2.6666666666666665,1.3333333333333333
7,9,2.7142857142857144,4,2.6666666666666665,1.3333333333333333
7,7,1.7142857142857142,3,1.5,1.0
7,7,1.7142857142857142,3,1.5,1.0
8,15,3.5,6,2.0,1.7142857142857142
7,7,2.5714285714285716,4,2.0,1.0
7,8,3.0,5,1.75,1.1666666666666667
7,8,2.5714285714285716,4,2.0,1.0
7,9,2.7142857142857144,4,2.6666666666666665,1.3333333333333333
6,8,2.8333333333333335,4,1.5,1.2
8,10,2.625,4,2.6666666666666665,1.1428571428571428
7,8,2.5714285714285716,4,1.75,1.1666666666666667
6,7,2.3333333333333335,4,1.5,1.2
8,16,2.875,5,2.1666666666666665,1.8571428571428572
6,6,2.3333333333333335,4,1.6666666666666667,1.0
7,7,2.4285714285714284,4,1.5,1.0
8,11,2.75,4,3.0,1.2857142857142858
7,8,2.4285714285714284,4,1.4,1.1666666666666667
6,7,2.3333333333333335,4,1.5,1.2
6,6,2.1666666666666665,3,1.6666666666666667,1.0
7,7,1.4285714285714286,2,3.0,1.0
6,7,2.3333333333333335,4,1.5,1.2
7,8,2.7142857142857144,4,2.3333333333333335,1.1666666666666667
8,10,2.75,4,2.25,1.2857142857142858
7,9,2.7142857142857144,4,2.6666666666666665,1.3333333333333333
7,8,1.5714285714285714,3,2.0,1.3333333333333333
6,6,2.3333333333333335,4,1.6666666666666667,1.0
8,8,2.625,4,2.3333333333333335,1.0
8,9,2.5,4,1.75,1.0
6,7,2.3333333333333335,4,1.3333333333333333,1.0
8,8,2.625,4,2.3333333333333335,1.0
8,11,2.625,4,2.25,1.2857142857142858
6,6,2.3333333333333335,4,1.6666666666666667,1.0
6,7,2.5,4,2.0,1.2
7,8,2.4285714285714284,4,1.5,1.0
7,11,3.4285714285714284,6,1.6666666666666667,1.6666666666666667
8,8,2.625,4,2.3333333333333335,1.0
7,8,2.7142857142857144,4,2.3333333333333335,1.1666666666666667
7,7,2.0,3,1.6666666666666667,1.0
7,8,1.4285714285714286,2,3.0,1.0
8,8,2.625,4,2.3333333333333335,1.0
7,8,2.142857142857143,4,1.3333333333333333,1.0
6,7,2.8333333333333335,4,1.6666666666666667,1.0
8,8,2.625,4,2.3333333333333335,1.0
7,9,2.7142857142857144,4,2.6666666666666665,1.3333333333333333
7,9,2.0,3,1.6666666666666667,1.0
6,6,2.3333333333333335,4,1.6666666666666667,1.0
8,8,2.625,4,2.3333333333333335,1.0
7,7,2.5714285714285716,4,2.0,1.0
6,6,2.3333333333333335,4,1.3333333333333333,1.0
7,8,2.4285714285714284,4,1.5,1.0
9,19,2.3333333333333335,5,1.75,2.3333333333333335
7,7,1.4285714285714286,3,1.0,1.0
6,7,1.5,3,1.0,1.0
13,22,1.8461538461538463,3,2.142857142857143,1.6666666666666667
13,25,2.0,4,3.0,2.0
13,27,2.769230769230769,5,2.875,2.090909090909091
12,22,2.25,5,2.0,1.7777777777777777
12,17,2.0,3,4.333333333333333,1.4444444444444444
12,20,2.3333333333333335,4,2.6666666666666665,1.6
13,24,2.3846153846153846,4,2.625,1.9090909090909092
14,29,2.5,5,2.888888888888889,2.1666666666666665
13,23,2.8461538461538463,6,2.5,1.8181818181818181
14,31,2.642857142857143,5,3.5714285714285716,2.272727272727273
7,10,3.142857142857143,5,1.6,1.3333333333333333
12,24,2.5833333333333335,5,3.0,2.1
6,7,2.8333333333333335,4,1.6666666666666667,1.0
7,7,2.4285714285714284,4,1.5,1.0
6,6,2.3333333333333335,4,1.6666666666666667,1.0
7,9,2.4285714285714284,4,1.4,1.1666666666666667
8,8,2.625,4,2.3333333333333335,1.0
7,9,2.7142857142857144,4,2.6666666666666665,1.3333333333333333
7,9,2.0,3,1.6666666666666667,1.0
6,6,2.3333333333333335,4,1.6666666666666667,1.0
7,7,2.5714285714285716,4,2.0,1.0
8,9,2.625,4,2.0,1.1428571428571428
6,7,2.5,4,2.0,1.2
7,7,1.4285714285714286,2,3.0,1.0
6,6,2.3333333333333335,4,1.6666666666666667,1.0
8,8,2.625,4,2.3333333333333335,1.0
8,8,2.5,4,1.75,1.0
6,7,2.3333333333333335,4,1.3333333333333333,1.0
8,8,2.625,4,2.3333333333333335,1.0
8,10,2.5,4,2.0,1.1428571428571428
6,6,2.3333333333333335,4,1.6666666666666667,1.0
6,7,2.5,4,2.0,1.2
7,7,2.4285714285714284,4,1.5,1.0
7,9,2.7142857142857144,4,1.6,1.3333333333333333
8,8,2.625,4,2.3333333333333335,1.0
7,10,2.857142857142857,4,3.0,1.5
7,9,2.4285714285714284,4,1.4,1.1666666666666667
7,7,1.4285714285714286,2,3.0,1.0
8,10,2.625,4,2.6666666666666665,1.1428571428571428
7,8,2.142857142857143,4,1.3333333333333333,1.0
6,8,2.8333333333333335,4,2.0,1.2
8,10,2.625,4,2.6666666666666665,1.1428571428571428
7,10,2.857142857142857,4,3.0,1.5
7,8,2.0,3,1.6666666666666667,1.0
6,6,2.3333333333333335,4,1.6666666666666667,1.0
8,10,2.625,4,2.6666666666666665,1.1428571428571428
7,8,2.5714285714285716,4,1.75,1.1666666666666667
6,7,2.8333333333333335,4,1.6666666666666667,1.0
7,9,2.5714285714285716,4,1.75,1.1666666666666667
10,25,2.7,6,2.0,2.5714285714285716
7,7,1.4285714285714286,3,1.0,1.0
6,7,1.5,3,1.0,1.0
12,21,1.8333333333333333,4,2.6,1.8571428571428572
13,28,2.923076923076923,5,3.5,1.9090909090909092
12,27,2.8333333333333335,6,2.625,2.3333333333333335
13,26,2.3846153846153846,4,2.625,1.9090909090909092
14,28,2.7857142857142856,5,2.5,2.0833333333333335
12,20,1.9166666666666667,4,1.75,1.75
13,29,2.6153846153846154,6,2.6,2.3636363636363638
13,19,2.4615384615384617,4,2.2857142857142856,1.4545454545454546
12,23,2.4166666666666665,5,2.2222222222222223,2.0
14,31,2.642857142857143,5,3.5714285714285716,2.272727272727273
7,9,2.5714285714285716,4,1.75,1.4
11,19,2.727272727272727,5,1.875,1.6666666666666667
5,6,3.0,5,1.0,1.0
8,10,2.75,4,3.0,1.2857142857142858
7,8,2.142857142857143,4,1.3333333333333333,1.0
7,11,3.0,5,1.8,1.5
8,13,1.875,3,3.0,1.5
7,8,2.4285714285714284,4,1.5,1.0
8,9,2.625,4,2.3333333333333335,1.0
12,21,2.25,4,2.4285714285714284,1.8888888888888888
6,7,2.5,4,2.0,1.2
7,8,1.7142857142857142,3,2.0,1.0
6,6,2.3333333333333335,4,1.6666666666666667,1.0
8,9,2.625,4,2.6666666666666665,1.1428571428571428
7,9,2.7142857142857144,4,2.6666666666666665,1.3333333333333333
7,7,1.7142857142857142,3,1.5,1.0
8,9,2.625,4,2.6666666666666665,1.1428571428571428
7,9,2.5714285714285716,4,2.0,1.3333333333333333
6,7,2.8333333333333335,4,1.6666666666666667,1.0
6,10,3.0,5,1.6,1.6
7,11,3.142857142857143,5,1.8,1.5
7,9,2.7142857142857144,4,2.6666666666666665,1.3333333333333333
7,9,2.7142857142857144,4,2.6666666666666665,1.3333333333333333
7,7,1.4285714285714286,2,3.0,1.0
7,8,2.7142857142857144,4,2.3333333333333335,1.1666666666666667
8,10,2.625,4,2.0,1.1428571428571428
6,6,2.3333333333333335,4,1.6666666666666667,1.0
8,11,2.75,4,3.0,1.2857142857142858
7,10,3.2857142857142856,5,1.8,1.5
6,7,2.8333333333333335,4,1.6666666666666667,1.0
6,11,3.0,5,1.8,1.8
8,11,2.75,4,3.0,1.2857142857142858
8,10,2.625,4,2.0,1.1428571428571428
7,8,2.4285714285714284,4,1.5,1.0
6,7,2.3333333333333335,4,1.5,1.2
8,9,2.75,4,2.6666666666666665,1.1428571428571428
13,31,2.923076923076923,5,3.111111111111111,2.5454545454545454
14,31,2.7857142857142856,5,3.7142857142857144,2.6
7,7,1.4285714285714286,2,3.0,1.0
7,7,1.4285714285714286,2,3.0,1.0
8,8,2.625,4,2.3333333333333335,1.0
7,9,1.7142857142857142,3,1.5,1.0
7,8,1.5714285714285714,2,2.0,1.0
6,7,2.3333333333333335,4,1.5,1.2
6,6,2.3333333333333335,4,1.6666666666666667,1.0
7,11,1.7142857142857142,3,2.5,1.6666666666666667
8,8,2.625,4,2.3333333333333335,1.0
7,7,2.5714285714285716,4,2.0,1.0
10,11,1.4,2,4.0,1.0
7,8,2.5714285714285716,4,2.3333333333333335,1.1666666666666667
6,8,2.5,4,1.75,1.4
7,10,2.4285714285714284,4,1.6,1.3333333333333333
9,19,2.3333333333333335,5,1.75,2.3333333333333335
7,7,1.4285714285714286,3,1.0,1.0
6,6,1.5,3,1.0,1.0
13,22,1.8461538461538463,3,2.142857142857143,1.6666666666666667
13,24,2.0,4,2.8333333333333335,1.8888888888888888
13,27,3.076923076923077,6,3.2857142857142856,2.090909090909091
12,22,2.25,5,2.0,1.7777777777777777
12,17,2.0,3,4.333333333333333,1.4444444444444444
12,19,2.3333333333333335,4,2.6666666666666665,1.6
13,24,2.3846153846153846,4,2.625,1.9090909090909092
13,27,2.5384615384615383,5,2.6666666666666665,2.1818181818181817
13,23,2.8461538461538463,6,2.5,1.8181818181818181
14,33,2.7857142857142856,5,3.857142857142857,2.4545454545454546
7,10,3.142857142857143,5,1.6,1.3333333333333333
11,19,2.3636363636363638,4,2.0,1.7777777777777777
6,7,2.5,4,2.0,1.2
6,9,3.1666666666666665,5,1.6,1.6
7,10,3.142857142857143,5,1.8,1.5
7,7,2.5714285714285716,4,2.0,1.0
7,10,3.0,4,2.25,1.5
8,10,2.75,4,2.6666666666666665,1.1428571428571428
6,7,2.5,4,2.0,1.2
7,7,2.5714285714285716,4,2.0,1.0
7,7,2.5714285714285716,4,2.0,1.0
8,9,2.625,4,2.0,1.1428571428571428
6,6,2.3333333333333335,4,1.3333333333333333,1.0
7,11,3.0,5,1.8,1.5
8,8,2.625,4,2.3333333333333335,1.0
7,8,2.142857142857143,4,1.3333333333333333,1.0
8,10,2.75,4,2.6666666666666665,1.1428571428571428
6,7,2.5,4,2.0,1.2
7,8,1.7142857142857142,3,2.0,1.0
7,7,1.4285714285714286,2,3.0,1.0
8,8,2.625,4,2.3333333333333335,1.0
8,12,2.75,4,2.75,1.5714285714285714
6,6,2.3333333333333335,4,1.3333333333333333,1.0
6,10,3.1666666666666665,5,1.8,1.8
11,26,3.090909090909091,6,2.3,2.5555555555555554
8,8,2.625,4,2.3333333333333335,1.0
7,8,2.142857142857143,4,1.3333333333333333,1.0
7,8,2.5714285714285716,4,2.3333333333333335,1.1666666666666667
7,9,2.4285714285714284,4,1.4,1.1666666666666667
8,12,1.5,3,2.0,1.3333333333333333
6,6,2.3333333333333335,4,1.6666666666666667,1.0
8,8,2.625,4,2.3333333333333335,1.0
7,9,2.5714285714285716,4,2.0,1.3333333333333333
6,6,2.3333333333333335,4,1.3333333333333333,1.0
7,11,3.0,5,1.8,1.5
8,8,2.625,4,2.3333333333333335,1.0
8,10,2.75,4,2.6666666666666665,1.1428571428571428
6,7,2.5,4,2.0,1.2
8,12,2.75,5,1.6666666666666667,1.4285714285714286
6,6,2.3333333333333335,4,1.6666666666666667,1.0
8,9,2.625,4,2.6666666666666665,1.1428571428571428
8,10,2.5,4,2.0,1.1428571428571428
6,6,2.3333333333333335,4,1.6666666666666667,1.0
8,10,1.375,2,3.0,1.0
7,10,2.5714285714285716,4,1.6,1.3333333333333333
7,8,2.4285714285714284,4,1.4,1.1666666666666667
7,10,3.142857142857143,5,1.8,1.5
7,9,2.5714285714285716,4,1.75,1.4
10,17,2.6,5,2.3333333333333335,1.75
7,9,2.7142857142857144,4,2.6666666666666665,1.3333333333333333
8,12,2.75,5,1.6666666666666667,1.4285714285714286
6,6,2.3333333333333335,4,1.6666666666666667,1.0
8,9,2.625,4,2.6666666666666665,1.1428571428571428
7,9,2.7142857142857144,4,2.6666666666666665,1.3333333333333333
6,8,3.0,5,1.4,1.4
8,9,2.625,4,2.6666666666666665,1.1428571428571428
7,9,3.2857142857142856,5,2.0,1.3333333333333333
6,7,2.3333333333333335,4,1.3333333333333333,1.0
7,12,3.0,5,2.0,1.6666666666666667
8,9,2.625,4,2.6666666666666665,1.1428571428571428
7,7,1.5714285714285714,2,2.0,1.0
6,6,2.8333333333333335,4,1.6666666666666667,1.0
6,7,2.3333333333333335,4,1.6666666666666667,1.0
8,9,2.625,4,2.6666666666666665,1.1428571428571428
7,9,2.7142857142857144,4,2.6666666666666665,1.3333333333333333
8,9,2.625,4,2.6666666666666665,1.1428571428571428
8,10,2.5,4,2.0,1.1428571428571428
7,9,2.7142857142857144,4,2.6666666666666665,1.3333333333333333
6,9,3.0,5,1.6,1.6
6,8,3.0,5,1.4,1.4
6,6,2.3333333333333335,4,1.6666666666666667,1.0
7,8,2.4285714285714284,4,1.5,1.0
8,9,2.625,4,2.6666666666666665,1.1428571428571428
11,20,2.727272727272727,5,2.3333333333333335,1.75
6,7,2.3333333333333335,4,1.5,1.2
7,7,2.142857142857143,4,1.3333333333333333,1.0
6,9,3.0,5,1.6,1.6
8,9,2.625,4,2.6666666666666665,1.1428571428571428
6,7,2.8333333333333335,4,1.6666666666666667,1.0
7,8,2.4285714285714284,4,1.5,1.0
8,10,2.625,4,2.6666666666666665,1.1428571428571428
7,11,3.142857142857143,5,2.0,1.6666666666666667
7,9,2.4285714285714284,4,1.4,1.1666666666666667
6,7,2.8333333333333335,4,1.6666666666666667,1.0
10,25,2.8,5,2.0,2.25
7,7,1.4285714285714286,3,1.0,1.0
6,7,1.5,3,1.0,1.0
13,31,2.923076923076923,5,2.6666666666666665,2.1818181818181817
14,33,2.2857142857142856,5,3.125,2.7777777777777777
13,28,2.923076923076923,5,3.3333333333333335,1.8181818181818181
13,20,2.076923076923077,4,2.6,1.4444444444444444
13,26,2.5384615384615383,4,3.5,1.9090909090909092
12,25,2.25,4,2.625,2.1
14,34,2.642857142857143,5,3.857142857142857,2.4545454545454546
7,10,2.5714285714285716,4,1.75,1.4
12,24,2.9166666666666665,5,2.857142857142857,2.0
12,26,3.0,6,3.4285714285714284,2.4
8,10,2.5,4,1.8,1.2857142857142858
8,9,1.875,3,2.5,1.25
6,7,2.8333333333333335,4,1.6666666666666667,1.0
6,6,1.8333333333333333,3,2.0,1.0
6,7,2.3333333333333335,4,1.5,1.2
12,22,2.4166666666666665,4,4.0,2.0
8,11,2.75,5,1.8,1.5
13,24,2.4615384615384617,4,3.0,1.9090909090909092
5,6,3.0,5,1.0,1.0
7,9,2.4285714285714284,4,1.4,1.1666666666666667
7,7,1.7142857142857142,3,2.0,1.0
7,9,2.0,4,1.6666666666666667,1.25
7,7,2.5714285714285716,4,2.0,1.0
8,11,2.75,4,2.5,1.4285714285714286
6,8,2.3333333333333335,4,2.0,1.5
7,8,2.7142857142857144,4,2.3333333333333335,1.1666666666666667
8,8,2.625,4,2.3333333333333335,1.0
7,9,2.7142857142857144,4,2.6666666666666665,1.3333333333333333
9,10,1.4444444444444444,2,4.0,1.0
7,8,2.5714285714285716,4,2.3333333333333335,1.1666666666666667
6,7,2.5,4,2.0,1.2
7,10,2.4285714285714284,4,1.6,1.3333333333333333
8,8,2.625,4,2.3333333333333335,1.0
8,10,2.5,4,2.0,1.1428571428571428
7,8,2.0,3,2.0,1.2
7,8,1.4285714285714286,2,3.0,1.0
6,8,2.8333333333333335,4,2.3333333333333335,1.4
12,33,3.0,6,2.9,2.9
8,8,2.625,4,2.3333333333333335,1.0
7,9,2.7142857142857144,4,2.6666666666666665,1.3333333333333333
7,9,2.7142857142857144,4,2.3333333333333335,1.1666666666666667
8,8,2.625,4,2.3333333333333335,1.0
8,13,2.75,4,2.75,1.5714285714285714
7,9,2.7142857142857144,4,2.6666666666666665,1.3333333333333333
7,7,1.7142857142857142,3,1.5,1.0
8,8,2.625,4,2.3333333333333335,1.0
8,11,2.75,4,2.25,1.2857142857142858
6,7,2.5,4,2.0,1.2
7,9,2.4285714285714284,4,1.6,1.3333333333333333
6,6,2.3333333333333335,4,1.6666666666666667,1.0
8,8,2.625,4,2.3333333333333335,1.0
7,9,2.7142857142857144,4,2.6666666666666665,1.3333333333333333
7,8,2.0,3,1.6666666666666667,1.0
6,10,3.1666666666666665,5,1.8,1.8
7,12,3.142857142857143,5,1.8,1.5
7,10,2.857142857142857,5,2.0,1.6
12,24,2.5833333333333335,5,2.625,2.1
7,8,2.5714285714285716,4,2.0,1.0
6,7,2.3333333333333335,4,1.5,1.2
7,8,2.0,3,2.0,1.2
8,9,2.625,4,2.3333333333333335,1.0
11,23,2.727272727272727,5,2.5,2.2222222222222223
8,10,2.625,4,2.6666666666666665,1.1428571428571428
7,10,2.857142857142857,4,3.0,1.5
7,8,2.0,3,1.6666666666666667,1.0
7,8,1.7142857142857142,3,2.0,1.0
6,7,2.5,4,2.0,1.2
8,14,2.75,5,1.6666666666666667,1.4285714285714286
6,6,2.3333333333333335,4,1.6666666666666667,1.0
7,7,1.4285714285714286,2,3.0,1.0
8,9,2.625,4,2.6666666666666665,1.1428571428571428
7,9,2.7142857142857144,4,2.6666666666666665,1.3333333333333333
7,7,2.0,3,1.6666666666666667,1.0
7,7,1.4285714285714286,2,3.0,1.0
8,9,2.625,4,2.6666666666666665,1.1428571428571428
8,10,2.75,4,2.6666666666666665,1.1428571428571428
6,7,2.3333333333333335,4,1.5,1.2
6,7,2.5,4,2.0,1.2
7,7,2.0,3,1.6666666666666667,1.0
7,7,1.4285714285714286,2,3.0,1.0
8,9,2.625,4,2.6666666666666665,1.1428571428571428
7,10,3.0,4,2.25,1.5
8,10,2.75,4,2.6666666666666665,1.1428571428571428
6,6,2.3333333333333335,4,1.6666666666666667,1.0
6,6,2.3333333333333335,4,1.6666666666666667,1.0
7,10,2.7142857142857144,4,1.6,1.3333333333333333
8,9,2.625,4,2.3333333333333335,1.0
7,10,3.0,4,2.25,1.5
8,10,2.75,4,2.6666666666666665,1.1428571428571428
6,7,2.5,4,2.0,1.2
6,11,3.1666666666666665,5,1.8,1.8
8,10,2.625,4,2.6666666666666665,1.1428571428571428
8,9,2.625,4,2.0,1.1428571428571428
6,7,2.5,4,2.0,1.2
7,7,1.4285714285714286,2,3.0,1.0
6,6,2.3333333333333335,4,1.6666666666666667,1.0
8,9,2.625,4,2.6666666666666665,1.1428571428571428
9,11,1.4444444444444444,2,1.6666666666666667,1.25
7,9,2.7142857142857144,4,2.6666666666666665,1.3333333333333333
7,8,1.5714285714285714,3,2.0,1.3333333333333333
6,6,2.3333333333333335,4,1.6666666666666667,1.0
7,11,3.4285714285714284,5,1.8,1.5
10,19,2.7,5,2.2857142857142856,2.0
7,8,2.5714285714285716,4,2.0,1.0
6,7,2.3333333333333335,4,1.5,1.2
8,9,2.625,4,2.6666666666666665,1.1428571428571428
8,11,1.75,3,1.75,1.75
7,9,2.7142857142857144,4,2.6666666666666665,1.3333333333333333
7,8,2.4285714285714284,4,1.4,1.1666666666666667
6,6,2.3333333333333335,4,1.6666666666666667,1.0
8,9,2.625,4,2.6666666666666665,1.1428571428571428
7,10,2.857142857142857,4,3.0,1.5
7,8,2.4285714285714284,4,1.5,1.0
7,7,1.4285714285714286,2,3.0,1.0
8,9,2.625,4,2.6666666666666665,1.1428571428571428
7,8,2.142857142857143,4,1.6666666666666667,1.0
6,7,2.3333333333333335,4,1.5,1.2
6,9,3.0,5,1.6,1.6
8,9,2.625,4,2.6666666666666665,1.1428571428571428
7,10,3.0,5,1.8,1.5
7,8,2.5714285714285716,4,2.0,1.0
6,7,2.3333333333333335,4,1.5,1.2
6,6,2.3333333333333335,4,1.6666666666666667,1.0
8,9,2.625,4,2.6666666666666665,1.1428571428571428
6,6,2.3333333333333335,4,1.3333333333333333,1.0
6,10,2.8333333333333335,4,2.0,1.6
6,8,3.0,5,1.4,1.4
10,23,2.6,6,2.0,2.6666666666666665
6,7,1.5,3,1.0,1.0
6,7,1.1666666666666667,2,1.0,1.0
13,27,2.3076923076923075,4,3.1666666666666665,1.9
13,16,1.6923076923076923,3,4.0,1.1428571428571428
13,32,2.6153846153846154,5,2.6666666666666665,2.4
13,29,2.5384615384615383,5,2.3636363636363638,2.3636363636363638
13,28,2.4615384615384617,4,3.1666666666666665,1.7272727272727273
13,33,2.769230769230769,5,3.111111111111111,2.5454545454545454
8,11,2.375,4,1.4,1.1666666666666667
6,7,2.8333333333333335,4,2.0,1.2
6,7,2.8333333333333335,4,2.0,1.2
10,14,1.8,3,2.3333333333333335,1.4
12,28,2.9166666666666665,5,3.125,2.5
8,8,1.375,3,1.0,1.0
13,28,2.3846153846153846,4,2.7777777777777777,2.272727272727273
6,8,2.8333333333333335,4,2.0,1.2
7,8,2.4285714285714284,4,1.5,1.0
7,8,2.5714285714285716,4,2.0,1.0
7,7,1.5714285714285714,2,2.0,1.0
7,9,2.4285714285714284,4,1.75,1.1666666666666667
6,7,2.3333333333333335,4,1.6666666666666667,1.0
7,7,1.7142857142857142,3,1.5,1.0
7,9,2.5714285714285716,4,1.75,1.1666666666666667
7,7,2.5714285714285716,4,2.0,1.0
8,9,2.5,4,2.3333333333333335,1.0
6,7,2.3333333333333335,4,1.3333333333333333,1.0
7,10,2.857142857142857,5,1.6,1.3333333333333333
7,12,3.142857142857143,5,1.8,1.5
7,7,2.5714285714285716,4,2.0,1.0
9,14,2.6666666666666665,4,2.0,1.5
7,8,2.5714285714285716,4,2.3333333333333335,1.1666666666666667
7,8,1.7142857142857142,3,2.0,1.0
7,8,1.7142857142857142,3,2.0,1.0
6,7,2.3333333333333335,4,1.5,1.2
6,6,2.1666666666666665,3,1.6666666666666667,1.0
7,9,2.4285714285714284,4,1.4,1.1666666666666667
6,6,1.8333333333333333,3,1.5,1.0
7,10,3.142857142857143,5,1.8,1.5
7,7,2.5714285714285716,4,2.0,1.0
8,10,2.5,4,2.0,1.1428571428571428
7,8,2.4285714285714284,4,1.4,1.1666666666666667
6,7,2.5,4,2.0,1.2
7,8,2.4285714285714284,4,1.4,1.1666666666666667
8,10,1.375,2,3.0,1.0
8,8,2.625,4,2.3333333333333335,1.0
7,8,2.5714285714285716,4,2.3333333333333335,1.1666666666666667
7,8,2.7142857142857144,4,2.3333333333333335,1.1666666666666667
8,8,2.625,4,2.3333333333333335,1.0
7,7,1.5714285714285714,2,2.0,1.0
7,8,2.4285714285714284,4,1.4,1.1666666666666667
6,7,2.8333333333333335,4,2.0,1.2
7,7,2.4285714285714284,4,1.5,1.0
8,8,2.625,4,2.3333333333333335,1.0
7,10,3.0,4,2.25,1.5
8,10,2.75,4,2.6666666666666665,1.1428571428571428
6,6,2.3333333333333335,4,1.6666666666666667,1.0
8,8,2.625,4,2.3333333333333335,1.0
8,9,1.5,2,1.6666666666666667,1.25
7,8,2.4285714285714284,4,1.5,1.0
6,6,2.3333333333333335,4,1.6666666666666667,1.0
7,7,1.7142857142857142,3,1.5,1.0
7,7,1.7142857142857142,3,1.5,1.0
6,6,2.3333333333333335,4,1.6666666666666667,1.0
7,7,2.4285714285714284,4,1.5,1.0
8,12,3.375,6,1.8333333333333333,1.5714285714285714
7,10,2.857142857142857,5,2.0,1.6
13,28,2.923076923076923,5,2.6666666666666665,2.1818181818181817
7,7,2.0,3,1.6666666666666667,1.0
7,7,1.4285714285714286,2,3.0,1.0
8,8,2.625,4,2.3333333333333335,1.0
7,8,2.142857142857143,4,1.3333333333333333,1.0
6,7,2.3333333333333335,4,1.5,1.2
7,8,2.0,3,1.6666666666666667,1.0
8,14,2.875,5,2.0,1.7142857142857142
6,6,2.3333333333333335,4,1.6666666666666667,1.0
8,9,2.625,4,2.6666666666666665,1.1428571428571428
7,8,2.5714285714285716,4,2.3333333333333335,1.1666666666666667
6,9,2.3333333333333335,4,2.0,1.5
8,8,2.625,4,2.3333333333333335,1.0
7,9,2.5714285714285716,4,2.0,1.3333333333333333
8,10,2.75,4,2.6666666666666665,1.1428571428571428
7,9,2.4285714285714284,4,1.75,1.1666666666666667
7,7,1.7142857142857142,3,1.5,1.0
8,9,2.625,4,2.6666666666666665,1.1428571428571428
8,9,2.5,4,1.75,1.0
6,7,2.3333333333333335,4,1.3333333333333333,1.0
8,9,2.625,4,2.6666666666666665,1.1428571428571428
8,9,2.625,4,2.0,1.1428571428571428
6,6,2.3333333333333335,4,1.6666666666666667,1.0
8,9,2.625,4,2.6666666666666665,1.1428571428571428
7,10,3.0,4,2.25,1.5
7,8,2.5714285714285716,4,2.0,1.0
6,7,2.5,4,2.0,1.2
6,10,3.1666666666666665,5,1.8,1.8
8,10,2.625,4,2.6666666666666665,1.1428571428571428
7,8,2.142857142857143,4,1.6666666666666667,1.0
6,6,2.8333333333333335,4,1.6666666666666667,1.0
8,12,2.75,5,1.6666666666666667,1.4285714285714286
6,6,2.3333333333333335,4,1.6666666666666667,1.0
8,9,2.625,4,2.6666666666666665,1.1428571428571428
7,8,2.5714285714285716,4,2.3333333333333335,1.1666666666666667
6,9,2.8333333333333335,4,1.75,1.4
8,10,2.625,4,2.6666666666666665,1.1428571428571428
8,10,2.75,4,2.25,1.2857142857142858
6,7,2.8333333333333335,4,1.6666666666666667,1.0
6,8,2.8333333333333335,4,1.75,1.4
9,18,3.2222222222222223,6,1.875,2.142857142857143
7,8,1.4285714285714286,3,1.0,1.0
12,23,3.0,5,3.3333333333333335,2.0
7,8,2.5714285714285716,4,2.0,1.0
6,7,2.3333333333333335,4,1.5,1.2
6,7,2.3333333333333335,4,1.6666666666666667,1.0
6,6,2.3333333333333335,4,1.6666666666666667,1.0
6,7,2.8333333333333335,4,1.5,1.2
6,6,2.1666666666666665,3,1.6666666666666667,1.0
9,13,1.6666666666666667,3,2.0,1.5
6,6,2.3333333333333335,4,1.6666666666666667,1.0
8,9,2.375,4,2.3333333333333335,1.1666666666666667
7,8,2.5714285714285716,4,2.3333333333333335,1.1666666666666667
6,8,2.8333333333333335,4,1.5,1.2
7,8,2.5714285714285716,4,2.3333333333333335,1.1666666666666667
7,9,3.0,5,2.0,1.3333333333333333
6,6,2.3333333333333335,4,1.3333333333333333,1.0
8,9,2.375,4,2.3333333333333335,1.1666666666666667
7,9,2.5714285714285716,4,2.0,1.3333333333333333
6,6,2.3333333333333335,4,1.3333333333333333,1.0
6,11,3.0,5,1.6,1.6
7,12,3.142857142857143,5,1.8,1.5
7,8,2.7142857142857144,4,2.3333333333333335,1.1666666666666667
7,8,3.0,5,1.75,1.1666666666666667
7,9,2.4285714285714284,4,1.4,1.1666666666666667
6,7,2.3333333333333335,4,1.5,1.2
7,8,2.4285714285714284,4,1.4,1.1666666666666667
8,13,1.875,3,3.0,1.5
7,8,2.4285714285714284,4,1.5,1.0
6,6,2.3333333333333335,4,1.6666666666666667,1.0
6,7,2.3333333333333335,4,1.6666666666666667,1.0
7,9,2.7142857142857144,4,2.0,1.3333333333333333
7,9,2.7142857142857144,4,2.6666666666666665,1.3333333333333333
8,10,1.875,3,3.0,1.5
8,9,1.875,3,2.5,1.25
6,7,2.3333333333333335,4,1.5,1.2
6,6,1.8333333333333333,3,1.5,1.0
6,6,1.8333333333333333,3,1.5,1.0
8,8,2.625,4,2.3333333333333335,1.0
7,7,2.5714285714285716,4,2.0,1.0
7,9,2.4285714285714284,4,1.75,1.1666666666666667
7,7,1.4285714285714286,2,3.0,1.0
8,8,2.625,4,2.3333333333333335,1.0
7,8,1.7142857142857142,3,1.6666666666666667,1.25
7,9,2.7142857142857144,4,2.6666666666666665,1.3333333333333333
8,15,2.875,5,2.0,1.7142857142857142
6,6,2.8333333333333335,4,1.6666666666666667,1.0
7,9,2.4285714285714284,4,1.4,1.1666666666666667
6,7,2.3333333333333335,4,1.6666666666666667,1.0
8,8,2.625,4,2.3333333333333335,1.0
7,7,2.5714285714285716,4,2.0,1.0
7,7,1.7142857142857142,3,1.5,1.0
8,8,2.625,4,2.3333333333333335,1.0
7,12,3.4285714285714284,5,2.75,1.8333333333333333
8,10,2.75,4,2.6666666666666665,1.1428571428571428
6,6,2.3333333333333335,4,1.6666666666666667,1.0
8,8,2.625,4,2.3333333333333335,1.0
7,8,2.4285714285714284,4,1.5,1.0
6,7,2.3333333333333335,4,1.5,1.2
7,7,1.7142857142857142,3,1.5,1.0
7,7,2.5714285714285716,4,2.0,1.0
12,33,3.0,6,2.727272727272727,3.0
7,11,3.4285714285714284,5,2.0,1.6666666666666667
12,25,2.75,5,2.4444444444444446,2.2
7,8,2.0,3,1.6666666666666667,1.0
7,7,1.4285714285714286,2,3.0,1.0
7,11,3.142857142857143,5,1.8,1.5
8,8,2.625,4,2.3333333333333335,1.0
8,8,2.5,4,1.75,1.0
6,7,2.3333333333333335,4,1.3333333333333333,1.0
7,8,2.4285714285714284,4,1.5,1.0
6,7,2.5,4,2.0,1.2
7,8,2.0,3,1.6666666666666667,1.0
7,7,1.4285714285714286,2,3.0,1.0
8,8,2.625,4,2.3333333333333335,1.0
7,10,3.0,4,2.25,1.5
8,10,2.75,4,2.6666666666666665,1.1428571428571428
6,6,2.3333333333333335,4,1.6666666666666667,1.0
8,8,2.625,4,2.3333333333333335,1.0
6,6,2.1666666666666665,3,1.6666666666666667,1.0
7,7,1.4285714285714286,2,3.0,1.0
7,10,2.4285714285714284,4,1.6,1.3333333333333333
7,10,1.7142857142857142,3,2.0,1.3333333333333333
6,7,2.5,4,2.0,1.2
7,7,2.5714285714285716,4,2.0,1.0
6,7,2.5,4,2.0,1.2
6,6,2.8333333333333335,4,1.6666666666666667,1.0
7,7,2.0,3,1.6666666666666667,1.0
8,8,2.625,4,2.3333333333333335,1.0
7,7,2.4285714285714284,4,1.6666666666666667,1.0
7,8,1.4285714285714286,2,3.0,1.0
8,8,2.625,4,2.3333333333333335,1.0
7,8,2.5714285714285716,4,1.75,1.1666666666666667
6,6,2.3333333333333335,4,1.3333333333333333,1.0
7,8,2.4285714285714284,4,1.5,1.0
7,9,2.4285714285714284,4,1.5,1.0
8,9,2.625,4,2.6666666666666665,1.1428571428571428
8,9,1.5,2,1.6666666666666667,1.25
7,9,2.7142857142857144,4,2.6666666666666665,1.3333333333333333
6,9,2.8333333333333335,4,2.0,1.6
8,8,1.375,2,3.0,1.0
7,8,2.4285714285714284,4,1.75,1.1666666666666667
6,9,3.1666666666666665,5,1.6,1.6
6,6,2.3333333333333335,4,1.6666666666666667,1.0
7,7,2.4285714285714284,4,1.5,1.0
7,7,1.7142857142857142,3,1.5,1.0
8,13,3.5,6,2.0,1.7142857142857142
7,11,2.857142857142857,5,2.0,1.6
12,24,2.8333333333333335,5,3.0,2.1
7,7,2.5714285714285716,4,2.0,1.0
8,10,2.75,4,2.6666666666666665,1.1428571428571428
6,7,2.3333333333333335,4,1.5,1.2
7,9,2.0,3,1.6666666666666667,1.0
6,6,2.3333333333333335,4,1.6666666666666667,1.0
8,9,2.625,4,2.6666666666666665,1.1428571428571428
8,10,2.5,4,2.0,1.1428571428571428
6,7,2.3333333333333335,4,1.5,1.2
7,7,1.7142857142857142,3,1.5,1.0
6,8,2.8333333333333335,4,1.75,1.4
6,6,2.8333333333333335,4,1.6666666666666667,1.0
7,8,2.4285714285714284,4,1.5,1.0
8,8,2.625,4,2.3333333333333335,1.0
7,10,2.857142857142857,4,3.0,1.5
8,9,2.625,4,2.6666666666666665,1.1428571428571428
7,8,2.142857142857143,4,1.3333333333333333,1.0
7,9,2.7142857142857144,4,2.6666666666666665,1.3333333333333333
7,7,2.4285714285714284,4,1.5,1.0
7,10,1.5714285714285714,3,2.0,1.3333333333333333
7,9,2.0,3,1.6666666666666667,1.0
6,6,2.3333333333333335,4,1.6666666666666667,1.0
8,9,2.625,4,2.6666666666666665,1.1428571428571428
7,8,2.5714285714285716,4,2.3333333333333335,1.1666666666666667
7,7,2.0,3,1.6666666666666667,1.0
7,7,1.7142857142857142,3,1.5,1.0
6,9,3.0,5,1.6,1.6
7,8,2.0,3,1.6666666666666667,1.0
6,8,2.6666666666666665,4,1.75,1.4
7,7,2.4285714285714284,4,1.5,1.0
6,6,2.3333333333333335,4,1.6666666666666667,1.0
7,8,2.4285714285714284,4,1.4,1.1666666666666667
6,9,3.1666666666666665,5,2.0,1.6
7,9,2.7142857142857144,4,1.6,1.3333333333333333
7,10,2.2857142857142856,4,2.0,1.5
12,26,2.8333333333333335,5,3.142857142857143,2.2
7,9,2.0,3,1.6666666666666667,1.0
7,7,1.4285714285714286,2,3.0,1.0
7,8,2.5714285714285716,4,2.3333333333333335,1.1666666666666667
7,9,3.0,5,2.0,1.3333333333333333
7,8,2.5714285714285716,4,2.0,1.0
7,8,2.5714285714285716,4,2.3333333333333335,1.1666666666666667
6,6,1.8333333333333333,3,1.5,1.0
8,11,2.75,4,3.0,1.2857142857142858
7,8,2.142857142857143,4,1.3333333333333333,1.0
8,10,2.625,4,2.0,1.1428571428571428
7,9,2.2857142857142856,3,2.0,1.3333333333333333
7,9,2.0,3,1.6666666666666667,1.0
7,9,2.0,3,1.6666666666666667,1.0
8,10,2.75,4,3.0,1.2857142857142858
7,10,1.8571428571428572,3,2.0,1.5
7,7,1.7142857142857142,3,1.5,1.0
6,7,2.3333333333333335,4,1.5,1.2
8,9,2.75,4,2.6666666666666665,1.1428571428571428
8,14,2.75,4,2.4,1.7142857142857142
7,8,2.5714285714285716,4,2.3333333333333335,1.1666666666666667
7,9,2.7142857142857144,4,2.3333333333333335,1.1666666666666667
7,9,2.4285714285714284,4,1.75,1.1666666666666667
8,8,2.625,4,2.3333333333333335,1.0
7,7,2.5714285714285716,4,2.0,1.0
8,8,2.625,4,2.3333333333333335,1.0
7,8,2.142857142857143,4,1.3333333333333333,1.0
9,12,1.8888888888888888,3,2.3333333333333335,1.4
6,7,2.3333333333333335,4,1.5,1.2
6,7,2.5,4,2.0,1.2
7,10,2.4285714285714284,4,1.6,1.3333333333333333
8,8,2.625,4,2.3333333333333335,1.0
7,7,2.4285714285714284,4,1.6666666666666667,1.0
7,7,1.4285714285714286,2,3.0,1.0
8,8,2.625,4,2.3333333333333335,1.0
7,11,3.2857142857142856,5,2.5,1.6666666666666667
8,10,2.75,4,2.6666666666666665,1.1428571428571428
7,10,2.4285714285714284,4,1.5,1.0
6,6,2.3333333333333335,4,1.6666666666666667,1.0
6,7,2.5,4,2.0,1.2
7,7,1.4285714285714286,2,3.0,1.0
10,21,3.0,6,2.111111111111111,2.375
7,7,1.4285714285714286,3,1.0,1.0
11,24,2.3636363636363638,4,2.5,2.2222222222222223
7,9,2.4285714285714284,4,1.75,1.1666666666666667
6,7,2.5,4,2.0,1.2
7,10,2.4285714285714284,4,1.5,1.5
7,11,3.2857142857142856,6,1.5,1.5
7,7,2.5714285714285716,4,2.0,1.0
8,8,2.5,4,1.75,1.0
8,10,2.75,4,2.6666666666666665,1.1428571428571428
6,7,2.3333333333333335,4,1.3333333333333333,1.0
7,9,2.5714285714285716,4,1.75,1.1666666666666667
7,7,2.5714285714285716,4,2.0,1.0
7,9,2.5714285714285716,4,1.75,1.1666666666666667
7,9,2.7142857142857144,4,2.6666666666666665,1.3333333333333333
8,9,1.375,2,3.0,1.0
7,11,3.4285714285714284,6,1.6666666666666667,1.6666666666666667
7,7,2.5714285714285716,4,2.0,1.0
7,11,3.2857142857142856,5,2.5,1.6666666666666667
8,10,2.75,4,2.6666666666666665,1.1428571428571428
6,6,2.3333333333333335,4,1.3333333333333333,1.0
7,10,2.5714285714285716,4,1.6,1.3333333333333333
8,8,2.625,4,2.3333333333333335,1.0
11,20,2.727272727272727,4,2.2857142857142856,1.7777777777777777
7,9,2.4285714285714284,4,1.75,1.1666666666666667
6,7,2.5,4,2.0,1.2
7,8,2.4285714285714284,4,1.4,1.1666666666666667
6,9,3.1666666666666665,5,1.6,1.6
6,7,2.5,4,2.0,1.2
7,8,2.7142857142857144,4,2.3333333333333335,1.1666666666666667
6,8,2.5,4,1.75,1.4
7,9,2.7142857142857144,4,1.6,1.3333333333333333
8,9,2.625,4,2.3333333333333335,1.0
7,12,3.2857142857142856,5,2.2,1.8333333333333333
7,8,2.5714285714285716,4,2.0,1.0
6,6,2.3333333333333335,4,1.3333333333333333,1.0
7,10,2.5714285714285716,4,1.6,1.3333333333333333
8,9,2.625,4,2.3333333333333335,1.0
7,8,2.4285714285714284,4,1.5,1.0
6,7,2.3333333333333335,4,1.5,1.2
7,7,2.4285714285714284,4,1.5,1.0
7,8,2.4285714285714284,4,1.4,1.1666666666666667
6,7,2.5,4,2.0,1.2
7,8,2.4285714285714284,4,1.4,1.1666666666666667
6,9,3.1666666666666665,5,1.6,1.6
10,21,2.4,5,2.0,2.2857142857142856
7,9,2.5714285714285716,4,2.0,1.2
11,22,2.8181818181818183,5,2.7142857142857144,2.111111111111111
6,7,1.8333333333333333,3,2.0,1.0
7,7,2.5714285714285716,4,2.0,1.0
11,24,2.727272727272727,5,2.5,2.2222222222222223
8,10,2.625,4,2.6666666666666665,1.1428571428571428
7,8,2.142857142857143,4,1.3333333333333333,1.0
8,10,2.75,4,2.6666666666666665,1.1428571428571428
7,10,2.857142857142857,4,3.0,1.5
7,7,1.4285714285714286,2,3.0,1.0
7,7,1.4285714285714286,2,3.0,1.0
8,9,2.625,4,2.6666666666666665,1.1428571428571428
7,8,2.142857142857143,4,1.3333333333333333,1.0
6,6,2.3333333333333335,4,1.3333333333333333,1.0
8,9,2.625,4,2.6666666666666665,1.1428571428571428
8,10,2.5,4,2.0,1.1428571428571428
6,6,2.3333333333333335,4,1.6666666666666667,1.0
11,24,2.909090909090909,6,2.2222222222222223,2.2222222222222223
8,8,2.5,4,1.75,1.0
6,6,2.3333333333333335,4,1.6666666666666667,1.0
6,8,2.8333333333333335,4,1.75,1.4
6,6,2.3333333333333335,4,1.6666666666666667,1.0
8,8,2.625,4,2.3333333333333335,1.0
7,9,3.0,5,2.0,1.3333333333333333
7,8,2.5714285714285716,4,2.0,1.0
6,7,2.3333333333333335,4,1.5,1.2
6,6,2.3333333333333335,4,1.6666666666666667,1.0
8,8,2.625,4,2.3333333333333335,1.0
8,12,2.75,4,2.5,1.4285714285714286
7,9,2.7142857142857144,4,2.6666666666666665,1.3333333333333333
6,8,3.0,5,1.4,1.4
7,8,2.4285714285714284,4,1.5,1.0
8,8,2.625,4,2.3333333333333335,1.0
7,8,3.0,5,1.75,1.1666666666666667
8,10,2.75,4,2.6666666666666665,1.1428571428571428
7,9,2.5714285714285716,4,2.0,1.3333333333333333
8,9,2.625,4,2.3333333333333335,1.0
7,8,2.5714285714285716,4,2.3333333333333335,1.1666666666666667
6,6,2.1666666666666665,3,1.6666666666666667,1.0
7,8,2.4285714285714284,4,1.5,1.0
7,7,1.4285714285714286,2,3.0,1.0
7,8,2.5714285714285716,4,2.0,1.2
13,26,2.923076923076923,5,3.142857142857143,2.0
6,6,1.8333333333333333,3,1.5,1.0
8,9,2.375,4,2.3333333333333335,1.1666666666666667
6,8,3.0,5,1.75,1.4
7,8,2.5714285714285716,4,2.0,1.0
6,6,2.3333333333333335,4,1.3333333333333333,1.0
6,10,3.0,5,1.6,1.6
8,10,2.5,4,2.6666666666666665,1.3333333333333333
7,8,2.142857142857143,4,1.3333333333333333,1.0
7,8,2.5714285714285716,4,2.0,1.0
7,9,2.7142857142857144,4,2.6666666666666665,1.3333333333333333
7,9,2.0,3,1.6666666666666667,1.0
6,8,3.0,5,1.4,1.4
8,10,2.5,4,2.6666666666666665,1.3333333333333333
6,7,3.0,5,1.5,1.2
7,9,2.7142857142857144,4,2.6666666666666665,1.3333333333333333
7,8,2.5714285714285716,4,1.75,1.1666666666666667
7,8,2.7142857142857144,4,2.3333333333333335,1.1666666666666667
8,15,3.0,5,2.25,1.5
7,9,2.7142857142857144,4,2.6666666666666665,1.3333333333333333
7,9,2.4285714285714284,4,1.75,1.1666666666666667
8,8,2.625,4,2.3333333333333335,1.0
7,7,2.5714285714285716,4,2.0,1.0
6,7,2.8333333333333335,4,1.6666666666666667,1.0
7,10,2.5714285714285716,4,1.6,1.3333333333333333
8,8,2.625,4,2.3333333333333335,1.0
7,8,2.5714285714285716,4,2.3333333333333335,1.1666666666666667
7,7,1.7142857142857142,3,1.5,1.0
7,7,1.7142857142857142,3,1.5,1.0
7,10,2.4285714285714284,4,1.6,1.3333333333333333
7,8,2.4285714285714284,4,1.5,1.0
6,6,2.3333333333333335,4,1.6666666666666667,1.0
8,8,2.625,4,2.3333333333333335,1.0
8,10,2.75,4,2.6666666666666665,1.1428571428571428
6,7,2.3333333333333335,4,1.5,1.2
7,8,2.0,3,1.6666666666666667,1.0
12,26,3.0,5,3.0,2.4
8,8,1.375,3,1.0,1.0
6,6,1.5,3,1.0,1.0
13,22,1.8461538461538463,3,3.5,1.75
13,16,1.6153846153846154,3,2.6666666666666665,1.1428571428571428
13,27,2.5384615384615383,5,2.6666666666666665,2.1818181818181817
12,23,2.25,4,2.5,2.0
13,27,2.3846153846153846,5,2.6666666666666665,2.1818181818181817
12,21,2.5833333333333335,5,2.5714285714285716,1.8
14,33,2.7142857142857144,5,3.857142857142857,2.4545454545454546
7,11,3.4285714285714284,5,1.8,1.5
11,18,2.4545454545454546,4,1.875,1.6666666666666667
7,9,2.7142857142857144,4,2.6666666666666665,1.3333333333333333
6,6,1.8333333333333333,3,2.0,1.0
7,7,1.7142857142857142,3,1.5,1.0
6,9,2.5,4,1.6,1.6
8,14,3.5,6,2.0,1.7142857142857142
7,7,2.5714285714285716,4,2.0,1.0
7,10,2.857142857142857,4,3.0,1.5
7,7,1.7142857142857142,3,1.5,1.0
7,7,2.5714285714285716,4,2.0,1.0
7,7,2.5714285714285716,4,2.0,1.0
6,6,2.3333333333333335,4,1.3333333333333333,1.0
7,10,2.5714285714285716,4,1.6,1.3333333333333333
8,8,2.625,4,2.3333333333333335,1.0
9,13,1.6666666666666667,3,2.0,1.5
7,10,2.5714285714285716,4,1.75,1.1666666666666667
6,6,2.3333333333333335,4,1.3333333333333333,1.0
7,8,2.4285714285714284,4,1.5,1.0
7,11,3.142857142857143,5,1.8,1.5
7,7,2.5714285714285716,4,2.0,1.0
8,9,2.625,4,2.0,1.1428571428571428
7,9,2.5714285714285716,4,2.0,1.3333333333333333
8,8,2.625,4,2.3333333333333335,1.0
8,9,2.75,4,2.3333333333333335,1.0
6,7,2.3333333333333335,4,1.3333333333333333,1.0
7,9,2.5714285714285716,4,1.75,1.1666666666666667
7,7,1.7142857142857142,3,1.5,1.0
6,6,2.3333333333333335,4,1.6666666666666667,1.0
8,8,2.625,4,2.3333333333333335,1.0
8,13,2.75,4,2.75,1.5714285714285714
7,9,2.7142857142857144,4,2.6666666666666665,1.3333333333333333
6,8,3.0,5,1.4,1.4
7,8,2.4285714285714284,4,1.5,1.0
6,6,2.1666666666666665,3,1.6666666666666667,1.0
7,9,2.4285714285714284,4,1.4,1.1666666666666667
8,8,2.625,4,2.3333333333333335,1.0
7,8,3.0,5,1.75,1.1666666666666667
8,10,2.75,4,2.6666666666666665,1.1428571428571428
6,6,2.3333333333333335,4,1.6666666666666667,1.0
8,8,2.625,4,2.3333333333333335,1.0
8,11,1.5,2,2.0,1.0
7,8,2.5714285714285716,4,2.3333333333333335,1.1666666666666667
6,8,2.8333333333333335,4,1.75,1.4
6,8,2.5,4,1.75,1.4
7,9,3.142857142857143,5,1.75,1.1666666666666667
11,23,2.727272727272727,5,2.5,2.2222222222222223
6,6,1.8333333333333333,3,1.5,1.0
8,9,2.625,4,2.3333333333333335,1.0
7,8,2.4285714285714284,4,1.5,1.0
7,8,2.5714285714285716,4,2.3333333333333335,1.1666666666666667
8,13,1.875,3,3.0,1.5
7,9,2.4285714285714284,4,1.75,1.1666666666666667
7,8,1.7142857142857142,3,2.0,1.0
6,8,2.5,4,1.75,1.4
8,9,2.625,4,2.6666666666666665,1.1428571428571428
7,7,1.5714285714285714,2,2.0,1.0
7,10,2.857142857142857,4,2.0,1.3333333333333333
7,8,2.4285714285714284,4,1.5,1.0
7,9,2.4285714285714284,4,1.4,1.1666666666666667
6,7,2.5,4,2.0,1.2
7,7,1.7142857142857142,3,1.5,1.0
7,9,2.4285714285714284,4,1.75,1.1666666666666667
6,6,2.3333333333333335,4,1.6666666666666667,1.0
7,7,1.4285714285714286,2,3.0,1.0
8,8,2.625,4,2.3333333333333335,1.0
8,13,2.75,4,2.75,1.5714285714285714
7,9,2.7142857142857144,4,2.6666666666666665,1.3333333333333333
6,9,2.8333333333333335,4,1.75,1.4
7,8,2.4285714285714284,4,1.5,1.0
8,8,2.625,4,2.3333333333333335,1.0
8,10,1.625,3,1.5,1.5
7,9,2.4285714285714284,4,1.5,1.0
6,6,2.1666666666666665,3,1.6666666666666667,1.0
6,7,2.8333333333333335,4,1.5,1.2
6,6,2.3333333333333335,4,1.6666666666666667,1.0
8,8,2.625,4,2.3333333333333335,1.0
7,9,2.7142857142857144,4,2.6666666666666665,1.3333333333333333
7,9,2.4285714285714284,4,1.4,1.1666666666666667
7,7,1.4285714285714286,2,3.0,1.0
8,9,2.625,4,2.6666666666666665,1.1428571428571428
9,11,1.4444444444444444,2,1.6666666666666667,1.25
6,6,2.8333333333333335,4,1.6666666666666667,1.0
7,9,2.0,3,1.6666666666666667,1.0
7,7,1.4285714285714286,2,3.0,1.0
11,24,2.6363636363636362,5,2.5714285714285716,2.25
7,9,2.142857142857143,4,1.6666666666666667,1.25
12,26,2.5833333333333335,4,2.75,2.2
7,10,2.857142857142857,4,3.0,1.5
6,7,2.3333333333333335,4,1.3333333333333333,1.0
6,7,2.5,4,2.0,1.2
7,8,2.4285714285714284,4,1.4,1.1666666666666667
6,7,2.3333333333333335,4,1.3333333333333333,1.0
8,11,2.75,4,3.0,1.2857142857142858
7,11,2.7142857142857144,4,2.5,1.6666666666666667
7,9,2.4285714285714284,4,1.4,1.1666666666666667
7,7,1.4285714285714286,2,3.0,1.0
7,9,2.7142857142857144,4,2.0,1.3333333333333333
8,11,2.75,4,2.25,1.2857142857142858
6,7,2.8333333333333335,4,1.6666666666666667,1.0
7,7,2.5714285714285716,4,2.0,1.0
8,8,2.625,4,2.3333333333333335,1.0
8,9,2.5,4,1.75,1.0
8,10,2.75,4,2.6666666666666665,1.1428571428571428
6,7,2.3333333333333335,4,1.5,1.2
7,8,2.0,3,2.0,1.2
8,8,2.625,4,2.3333333333333335,1.0
6,6,2.3333333333333335,4,1.3333333333333333,1.0
7,9,2.4285714285714284,4,1.4,1.1666666666666667
6,7,1.8333333333333333,3,2.0,1.0
8,8,2.625,4,2.3333333333333335,1.0
7,8,2.5714285714285716,4,2.3333333333333335,1.1666666666666667
8,10,2.5,4,2.0,1.1428571428571428
6,6,2.3333333333333335,4,1.6666666666666667,1.0
7,7,1.4285714285714286,2,3.0,1.0
6,7,2.5,4,2.0,1.2
7,7,1.4285714285714286,2,3.0,1.0
7,7,1.7142857142857142,3,1.5,1.0
8,8,2.625,4,2.3333333333333335,1.0
7,8,2.142857142857143,4,1.3333333333333333,1.0
7,8,2.5714285714285716,4,2.3333333333333335,1.1666666666666667
7,9,2.4285714285714284,4,1.6,1.3333333333333333
9,13,1.6666666666666667,3,2.0,1.5
11,24,2.909090909090909,5,2.75,2.4444444444444446
8,8,1.5,3,1.5,1.0
12,25,2.5833333333333335,4,2.625,2.1
8,8,2.375,4,2.0,1.0
7,7,1.5714285714285714,2,2.0,1.0
7,8,2.5714285714285716,4,2.3333333333333335,1.1666666666666667
7,9,2.4285714285714284,4,1.4,1.1666666666666667
7,7,1.4285714285714286,2,3.0,1.0
8,8,2.625,4,2.3333333333333335,1.0
8,12,2.75,4,2.75,1.5714285714285714
6,7,2.8333333333333335,4,1.6666666666666667,1.0
7,7,2.5714285714285716,4,2.0,1.0
7,10,2.5714285714285716,4,1.75,1.4
12,22,2.4166666666666665,4,2.25,1.8
6,8,2.5,4,1.75,1.4
6,7,2.3333333333333335,4,1.3333333333333333,1.0
6,6,2.3333333333333335,4,1.6666666666666667,1.0
7,9,2.0,3,1.6666666666666667,1.0
7,7,1.4285714285714286,2,3.0,1.0
8,8,2.625,4,2.3333333333333335,1.0
7,7,1.5714285714285714,2,2.0,1.0
7,8,2.5714285714285716,4,2.3333333333333335,1.1666666666666667
6,6,1.8333333333333333,3,1.5,1.0
7,10,1.5714285714285714,3,2.0,1.3333333333333333
6,6,2.8333333333333335,4,1.6666666666666667,1.0
6,7,2.3333333333333335,4,1.3333333333333333,1.0
6,6,2.3333333333333335,4,1.6666666666666667,1.0
7,7,1.4285714285714286,2,3.0,1.0
8,8,2.625,4,2.3333333333333335,1.0
7,12,3.2857142857142856,5,2.2,1.8333333333333333
6,7,2.3333333333333335,4,1.3333333333333333,1.0
8,9,2.625,4,2.3333333333333335,1.0
7,8,2.142857142857143,4,1.3333333333333333,1.0
7,7,1.4285714285714286,2,3.0,1.0
6,6,2.3333333333333335,4,1.6666666666666667,1.0
6,6,2.3333333333333335,4,1.6666666666666667,1.0
7,10,1.5714285714285714,3,2.0,1.3333333333333333
10,22,2.7,6,2.0,2.5714285714285716
7,7,1.4285714285714286,3,1.0,1.0
6,7,1.5,3,1.0,1.0
14,27,2.2857142857142856,4,4.0,2.0
13,18,1.6153846153846154,3,2.5,1.4285714285714286
12,26,3.4166666666666665,7,2.75,2.2
13,24,2.4615384615384617,4,3.5,1.9090909090909092
13,20,2.4615384615384617,4,2.2857142857142856,1.4545454545454546
13,28,2.3846153846153846,5,2.5,2.272727272727273
12,21,2.5,5,2.5714285714285716,1.8
14,37,3.142857142857143,6,3.2222222222222223,2.4166666666666665
7,9,2.5714285714285716,4,1.75,1.4
11,17,2.3636363636363638,4,1.8571428571428572,1.4444444444444444
6,6,2.8333333333333335,4,1.6666666666666667,1.0
5,5,2.0,3,2.0,1.0
7,8,2.5714285714285716,4,2.3333333333333335,1.1666666666666667
12,25,2.6666666666666665,5,2.75,2.2
10,24,2.6,5,2.5714285714285716,2.5714285714285716
7,8,2.5714285714285716,4,2.3333333333333335,1.1666666666666667
8,9,2.625,4,2.0,1.1428571428571428
7,12,3.2857142857142856,5,2.2,1.8333333333333333
8,9,2.625,4,2.6666666666666665,1.1428571428571428
7,8,2.142857142857143,4,1.3333333333333333,1.0
8,10,1.625,3,1.6666666666666667,1.25
7,8,2.5714285714285716,4,2.3333333333333335,1.1666666666666667
7,7,2.4285714285714284,4,1.5,1.0
6,6,2.1666666666666665,3,1.6666666666666667,1.0
7,7,2.5714285714285716,4,2.0,1.0
7,7,1.7142857142857142,3,1.5,1.0
8,9,2.625,4,2.6666666666666665,1.1428571428571428
7,9,2.7142857142857144,4,2.6666666666666665,1.3333333333333333
7,9,2.4285714285714284,4,1.5,1.0
6,6,2.3333333333333335,4,1.6666666666666667,1.0
8,9,2.625,4,2.6666666666666665,1.1428571428571428
8,10,2.75,4,2.25,1.2857142857142858
7,8,2.5714285714285716,4,2.3333333333333335,1.1666666666666667
7,7,2.4285714285714284,4,1.5,1.0
7,8,2.4285714285714284,4,1.5,1.0
7,8,1.7142857142857142,3,2.0,1.0
6,6,2.3333333333333335,4,1.6666666666666667,1.0
10,22,2.4,5,1.875,2.142857142857143
7,7,1.4285714285714286,3,1.0,1.0
13,27,2.8461538461538463,5,2.6666666666666665,2.1818181818181817
7,9,2.5714285714285716,4,1.75,1.1666666666666667
6,6,2.3333333333333335,4,1.6666666666666667,1.0
6,10,3.1666666666666665,5,1.8,1.8
7,9,2.0,3,1.6666666666666667,1.0
7,7,1.5714285714285714,2,2.0,1.0
6,7,2.3333333333333335,4,1.5,1.2
7,8,1.7142857142857142,3,2.0,1.0
7,8,1.7142857142857142,3,2.0,1.0
8,9,2.375,4,2.3333333333333335,1.1666666666666667
7,8,3.0,5,1.75,1.1666666666666667
6,7,2.8333333333333335,4,1.6666666666666667,1.0
8,10,1.375,2,3.0,1.0
6,6,2.3333333333333335,4,1.6666666666666667,1.0
6,7,2.8333333333333335,4,1.5,1.2
7,7,2.4285714285714284,4,1.5,1.0
6,6,2.3333333333333335,4,1.6666666666666667,1.0
6,7,2.3333333333333335,4,1.6666666666666667,1.0
8,11,2.75,4,3.0,1.2857142857142858
7,9,2.7142857142857144,4,2.6666666666666665,1.3333333333333333
7,8,1.7142857142857142,3,2.0,1.0
7,8,1.7142857142857142,3,2.0,1.0
7,10,2.7142857142857144,4,1.6,1.3333333333333333
7,9,2.7142857142857144,4,2.0,1.3333333333333333
8,10,2.5,4,2.0,1.1428571428571428
8,13,1.75,4,2.0,2.6666666666666665
6,6,2.8333333333333335,4,1.6666666666666667,1.0
7,9,2.4285714285714284,4,1.75,1.1666666666666667
8,8,2.625,4,2.3333333333333335,1.0
8,10,2.75,4,2.25,1.2857142857142858
7,8,2.5714285714285716,4,2.3333333333333335,1.1666666666666667
8,8,2.625,4,2.3333333333333335,1.0
8,12,2.75,4,2.0,1.4285714285714286
6,7,2.5,4,2.0,1.2
7,7,1.7142857142857142,3,1.5,1.0
6,6,2.3333333333333335,4,1.6666666666666667,1.0
7,8,2.4285714285714284,4,1.5,1.0
6,8,2.5,4,1.75,1.4
10,22,3.1,6,2.5,2.5
8,9,1.625,3,1.5,1.0
11,23,2.4545454545454546,4,2.25,2.0
5,5,3.0,5,1.0,1.0
7,12,3.4285714285714284,6,1.6666666666666667,1.6666666666666667
7,7,2.5714285714285716,4,2.0,1.0
10,12,1.9,4,1.75,1.1666666666666667
6,7,2.3333333333333335,4,1.5,1.2
7,8,2.5714285714285716,4,1.75,1.1666666666666667
7,7,2.5714285714285716,4,2.0,1.0
8,8,2.5,4,1.75,1.0
8,10,2.75,4,2.6666666666666665,1.1428571428571428
6,6,2.3333333333333335,4,1.6666666666666667,1.0
6,6,2.3333333333333335,4,1.6666666666666667,1.0
8,8,2.625,4,2.3333333333333335,1.0
9,11,1.4444444444444444,2,1.6666666666666667,1.25
6,6,2.8333333333333335,4,1.6666666666666667,1.0
7,9,2.4285714285714284,4,1.4,1.1666666666666667
6,6,2.3333333333333335,4,1.6666666666666667,1.0
7,9,2.7142857142857144,4,1.6,1.3333333333333333
8,9,2.625,4,2.3333333333333335,1.0
11,22,2.5454545454545454,5,2.25,2.0
8,8,2.625,4,2.3333333333333335,1.0
7,7,2.142857142857143,4,1.3333333333333333,1.0
7,9,2.7142857142857144,4,2.6666666666666665,1.3333333333333333
6,8,2.5,4,1.75,1.4
10,22,2.7,6,2.0,2.5714285714285716
6,6,1.5,3,1.0,1.0
6,6,1.5,3,1.0,1.0
13,21,1.8461538461538463,3,2.1666666666666665,1.4444444444444444
13,25,2.0,4,3.0,2.0
13,26,2.769230769230769,5,3.142857142857143,2.0
12,21,2.25,5,1.875,1.6666666666666667
12,17,2.0,3,4.333333333333333,1.4444444444444444
12,20,2.3333333333333335,4,2.6666666666666665,1.6
13,23,2.3846153846153846,4,2.857142857142857,1.8181818181818181
14,29,2.5,5,2.888888888888889,2.1666666666666665
13,23,2.8461538461538463,6,2.5,1.8181818181818181
14,35,2.7857142857142856,5,3.5,2.5454545454545454
7,9,2.5714285714285716,4,1.75,1.4
10,17,2.6,5,2.3333333333333335,1.75
6,6,2.8333333333333335,4,1.6666666666666667,1.0
7,9,2.4285714285714284,4,1.5,1.0
7,8,2.7142857142857144,4,2.3333333333333335,1.1666666666666667
7,7,1.5714285714285714,2,2.0,1.0
7,12,3.5714285714285716,5,2.75,1.8333333333333333
7,8,2.4285714285714284,4,1.5,1.0
6,6,2.3333333333333335,4,1.6666666666666667,1.0
7,7,1.7142857142857142,3,1.5,1.0
7,7,2.5714285714285716,4,2.0,1.0
8,9,2.625,4,2.0,1.1428571428571428
7,10,3.2857142857142856,5,1.8,1.5
8,8,2.625,4,2.3333333333333335,1.0
10,18,2.6,5,2.5,1.875
6,7,2.5,4,2.0,1.2
6,9,3.0,5,1.6,1.6
6,6,2.3333333333333335,4,1.6666666666666667,1.0
9,19,2.888888888888889,6,1.875,2.142857142857143
7,8,1.5714285714285714,3,1.5,1.0
12,27,2.75,5,3.2857142857142856,2.3
8,10,2.75,4,2.6666666666666665,1.1428571428571428
7,10,2.857142857142857,4,3.0,1.5
7,7,2.5714285714285716,4,2.0,1.0
7,12,3.142857142857143,5,1.8,1.5
7,8,2.5714285714285716,4,2.0,1.0
7,8,2.142857142857143,4,1.3333333333333333,1.0
8,12,2.5,4,2.0,1.4285714285714286
6,7,2.3333333333333335,4,1.5,1.2
6,6,2.3333333333333335,4,1.6666666666666667,1.0
6,8,3.0,5,1.4,1.4
6,6,2.1666666666666665,3,1.6666666666666667,1.0
7,8,2.4285714285714284,4,1.5,1.0
8,9,1.25,2,2.0,1.0
7,9,2.7142857142857144,4,1.6,1.3333333333333333
7,7,2.5714285714285716,4,2.0,1.0
7,10,2.857142857142857,4,3.0,1.5
7,7,1.4285714285714286,2,3.0,1.0
7,7,1.4285714285714286,2,3.0,1.0
7,7,2.5714285714285716,4,2.0,1.0
7,9,2.7142857142857144,4,2.6666666666666665,1.3333333333333333
7,7,2.4285714285714284,4,1.5,1.0
6,6,2.8333333333333335,4,1.6666666666666667,1.0
7,8,2.4285714285714284,4,1.5,1.0
6,7,2.8333333333333335,4,1.5,1.2
9,19,3.4444444444444446,7,2.0,2.2857142857142856
7,7,1.4285714285714286,3,1.0,1.0
6,6,1.5,3,1.0,1.0
12,25,3.0,6,2.3333333333333335,2.1
13,27,2.923076923076923,5,3.5,1.9090909090909092
13,15,1.6153846153846154,3,3.5,1.0
13,30,3.230769230769231,6,3.0,2.4545454545454546
12,26,2.3333333333333335,4,2.3,2.3
12,19,2.3333333333333335,4,2.0,1.6
12,23,2.75,5,2.857142857142857,2.0
13,29,2.3846153846153846,5,2.6,2.3636363636363638
12,24,2.5833333333333335,5,2.625,2.1
14,33,2.642857142857143,5,3.25,2.3636363636363638
7,9,2.4285714285714284,4,1.5,1.2
11,17,2.4545454545454546,4,2.3333333333333335,1.5555555555555556
6,7,2.5,4,2.0,1.2
6,6,1.8333333333333333,3,1.5,1.0
6,8,3.0,5,1.4,1.4
6,6,2.3333333333333335,4,1.6666666666666667,1.0
6,6,2.3333333333333335,4,1.6666666666666667,1.0
7,7,1.7142857142857142,3,1.5,1.0
7,7,1.7142857142857142,3,1.5,1.0
7,13,3.4285714285714284,6,1.6666666666666667,1.6666666666666667
7,8,2.7142857142857144,4,2.3333333333333335,1.1666666666666667
8,12,2.625,4,2.0,1.4285714285714286
7,8,2.5714285714285716,4,2.0,1.0
7,9,2.2857142857142856,3,2.6666666666666665,1.3333333333333333
6,8,3.0,5,1.4,1.4
8,10,2.5,4,2.6666666666666665,1.3333333333333333
7,8,3.4285714285714284,5,1.4,1.1666666666666667
13,23,2.3076923076923075,4,2.3333333333333335,1.9090909090909092
13,33,2.923076923076923,5,2.8,2.5454545454545454
12,25,2.4166666666666665,5,2.090909090909091,2.3
13,20,2.4615384615384617,4,2.4285714285714284,1.5454545454545454
12,19,2.3333333333333335,4,2.6666666666666665,1.6
12,24,2.4166666666666665,5,2.2,2.2
14,31,2.642857142857143,5,3.25,2.3636363636363638
8,10,3.5,5,1.8,1.2857142857142858
12,23,2.3333333333333335,4,2.111111111111111,1.9
6,9,2.8333333333333335,4,2.0,1.6
7,7,2.4285714285714284,4,1.5,1.0
7,7,2.5714285714285716,4,2.0,1.0
7,9,2.4285714285714284,4,1.5,1.0
6,7,2.3333333333333335,4,1.5,1.2
7,7,2.5714285714285716,4,2.0,1.0
7,7,2.5714285714285716,4,2.0,1.0
8,10,2.75,4,2.25,1.2857142857142858
6,6,2.3333333333333335,4,1.6666666666666667,1.0
7,7,2.5714285714285716,4,2.0,1.0
7,7,2.142857142857143,4,1.3333333333333333,1.0
6,7,2.3333333333333335,4,1.5,1.2
6,6,2.3333333333333335,4,1.6666666666666667,1.0
8,8,2.625,4,2.3333333333333335,1.0
7,7,2.5714285714285716,4,2.0,1.0
7,7,1.4285714285714286,2,3.0,1.0
8,8,2.625,4,2.3333333333333335,1.0
12,25,2.5833333333333335,4,2.625,2.1
8,9,2.625,4,2.3333333333333335,1.0
8,15,2.625,5,2.25,1.8
7,9,2.7142857142857144,4,2.6666666666666665,1.3333333333333333
7,8,2.4285714285714284,4,1.4,1.1666666666666667
8,8,2.625,4,2.3333333333333335,1.0
8,14,2.5,5,2.0,1.6
6,6,2.8333333333333335,4,1.6666666666666667,1.0
7,9,2.4285714285714284,4,1.4,1.1666666666666667
7,7,1.7142857142857142,3,1.5,1.0
7,7,2.5714285714285716,4,2.0,1.0
7,8,2.0,3,1.6666666666666667,1.0
7,9,2.4285714285714284,4,1.4,1.1666666666666667
6,6,2.3333333333333335,4,1.6666666666666667,1.0
8,8,2.625,4,2.3333333333333335,1.0
7,8,2.5714285714285716,4,2.3333333333333335,1.1666666666666667
6,8,2.0,3,2.0,1.5
12,30,3.0,6,2.6,2.6
8,8,2.625,4,2.3333333333333335,1.0
15,32,3.6666666666666665,6,3.75,2.3076923076923075
11,19,2.5454545454545454,5,2.6666666666666665,1.7777777777777777
7,8,2.5714285714285716,4,2.3333333333333335,1.1666666666666667
7,11,1.7142857142857142,3,2.5,1.6666666666666667
8,8,2.625,4,2.3333333333333335,1.0
7,8,2.5714285714285716,4,2.3333333333333335,1.1666666666666667
8,11,2.75,5,1.5,1.2857142857142858
6,6,2.1666666666666665,3,1.6666666666666667,1.0
7,7,2.5714285714285716,4,2.0,1.0
7,10,3.142857142857143,5,1.6,1.3333333333333333
12,21,2.8333333333333335,5,2.25,1.8
6,7,2.5,4,2.0,1.2
7,7,2.4285714285714284,4,1.5,1.0
6,6,2.8333333333333335,4,1.6666666666666667,1.0
6,7,2.3333333333333335,4,1.5,1.2
6,6,1.8333333333333333,3,1.5,1.0
7,11,3.142857142857143,5,1.8,1.5
10,22,2.6,5,2.25,2.5714285714285716
7,7,2.5714285714285716,4,2.0,1.0
11,23,2.727272727272727,5,2.5,2.2222222222222223
8,9,2.625,4,2.3333333333333335,1.0
9,13,1.6666666666666667,3,2.0,1.5
7,8,2.5714285714285716,4,1.75,1.1666666666666667
6,7,2.8333333333333335,4,1.6666666666666667,1.0
7,8,2.4285714285714284,4,1.5,1.0
8,8,2.625,4,2.3333333333333335,1.0
7,8,2.5714285714285716,4,1.75,1.1666666666666667
6,6,2.3333333333333335,4,1.3333333333333333,1.0
7,11,2.857142857142857,5,1.8,1.5
8,8,2.625,4,2.3333333333333335,1.0
8,10,2.75,4,2.25,1.2857142857142858
6,7,2.8333333333333335,4,1.6666666666666667,1.0
6,9,3.0,5,1.6,1.6
7,11,3.142857142857143,5,1.8,1.5
7,7,2.5714285714285716,4,2.0,1.0
15,32,3.6666666666666665,6,3.3333333333333335,2.3076923076923075
7,8,2.5714285714285716,4,2.0,1.0
6,7,2.5,4,2.0,1.2
7,12,2.0,3,3.0,1.5
8,9,2.625,4,2.3333333333333335,1.0
6,7,2.3333333333333335,4,1.5,1.2
7,7,1.7142857142857142,3,1.5,1.0
6,9,3.0,5,1.6,1.6
8,9,2.625,4,2.3333333333333335,1.0
11,17,2.727272727272727,5,2.3333333333333335,1.5555555555555556
7,8,2.5714285714285716,4,2.3333333333333335,1.1666666666666667
8,8,1.375,2,3.0,1.0
6,6,2.3333333333333335,4,1.6666666666666667,1.0
6,6,2.1666666666666665,3,1.6666666666666667,1.0
6,7,2.3333333333333335,4,1.5,1.2
8,9,2.625,4,2.3333333333333335,1.0
6,8,3.0,5,1.75,1.4
6,6,2.3333333333333335,4,1.6666666666666667,1.0
7,8,1.7142857142857142,3,2.0,1.0
7,8,1.7142857142857142,3,2.0,1.0
7,11,3.0,5,1.8,1.5
6,6,1.8333333333333333,3,1.5,1.0
7,11,3.142857142857143,5,1.8,1.5
11,25,2.909090909090909,6,2.2222222222222223,2.5
8,8,2.375,4,2.0,1.0
11,24,2.727272727272727,5,2.5,2.2222222222222223
7,9,2.5714285714285716,4,1.75,1.4
6,9,3.0,5,1.75,1.4
6,7,2.3333333333333335,4,1.6666666666666667,1.0
6,10,2.8333333333333335,4,2.0,1.6
6,7,2.3333333333333335,4,1.3333333333333333,1.0
6,9,3.0,5,1.6,1.6
8,8,2.375,4,2.0,1.0
7,9,2.5714285714285716,4,2.0,1.3333333333333333
6,7,2.8333333333333335,4,1.6666666666666667,1.0
6,10,2.5,4,1.4,1.4
8,10,2.5,4,2.6666666666666665,1.3333333333333333
7,8,2.5714285714285716,4,1.75,1.1666666666666667
6,7,2.8333333333333335,4,1.6666666666666667,1.0
6,8,3.0,5,1.4,1.4
11,27,2.6363636363636362,5,2.3333333333333335,2.625
8,10,2.5,4,2.3333333333333335,1.1666666666666667
13,30,3.769230769230769,7,2.6,2.3636363636363638
10,19,2.6,5,2.2857142857142856,2.0
6,7,2.5,4,2.0,1.2
7,11,2.0,3,3.0,1.5
8,10,2.5,4,2.6666666666666665,1.3333333333333333
6,7,2.3333333333333335,4,1.5,1.2
7,8,2.7142857142857144,4,2.3333333333333335,1.1666666666666667
7,7,1.7142857142857142,3,1.5,1.0
6,7,2.8333333333333335,4,1.6666666666666667,1.0
7,9,2.4285714285714284,4,1.75,1.1666666666666667
8,8,2.625,4,2.3333333333333335,1.0
8,8,2.5,4,1.75,1.0
8,10,2.75,4,2.6666666666666665,1.1428571428571428
7,9,2.7142857142857144,4,2.6666666666666665,1.3333333333333333
7,8,2.7142857142857144,4,2.3333333333333335,1.1666666666666667
8,8,2.625,4,2.3333333333333335,1.0
7,8,2.142857142857143,4,1.3333333333333333,1.0
8,10,2.75,4,2.6666666666666665,1.1428571428571428
6,7,2.3333333333333335,4,1.5,1.2
8,8,2.625,4,2.3333333333333335,1.0
8,9,1.5,2,1.6666666666666667,1.25
7,8,2.5714285714285716,4,2.3333333333333335,1.1666666666666667
7,7,1.4285714285714286,2,3.0,1.0
8,8,2.625,4,2.3333333333333335,1.0
7,9,2.4285714285714284,4,1.5,1.0
7,8,2.5714285714285716,4,2.3333333333333335,1.1666666666666667
6,8,2.5,4,1.4,1.4
6,7,2.3333333333333335,4,1.5,1.2
6,6,2.3333333333333335,4,1.6666666666666667,1.0
6,7,2.3333333333333335,4,1.6666666666666667,1.0
8,8,2.625,4,2.3333333333333335,1.0
8,9,2.75,4,2.3333333333333335,1.0
6,7,2.3333333333333335,4,1.5,1.2
7,8,2.0,3,1.6666666666666667,1.0
6,6,2.3333333333333335,4,1.6666666666666667,1.0
7,10,3.142857142857143,5,1.8,1.5
7,10,2.857142857142857,5,2.0,1.6
12,25,2.9166666666666665,5,2.75,2.2
8,8,2.625,4,2.3333333333333335,1.0
7,7,1.5714285714285714,2,2.0,1.0
7,8,2.4285714285714284,4,1.4,1.1666666666666667
6,7,2.3333333333333335,4,1.5,1.2
8,13,1.875,3,3.0,1.5
9,12,1.6666666666666667,3,2.0,1.5
7,7,1.4285714285714286,2,3.0,1.0
6,6,2.3333333333333335,4,1.6666666666666667,1.0
7,7,1.4285714285714286,2,3.0,1.0
8,8,2.625,4,2.3333333333333335,1.0
8,13,2.75,4,2.75,1.5714285714285714
8,10,2.75,4,2.6666666666666665,1.1428571428571428
6,7,2.3333333333333335,4,1.5,1.2
7,7,1.4285714285714286,2,3.0,1.0
7,11,1.5714285714285714,3,2.0,1.3333333333333333
8,8,2.625,4,2.3333333333333335,1.0
8,10,2.75,4,2.6666666666666665,1.1428571428571428
7,8,2.5714285714285716,4,2.3333333333333335,1.1666666666666667
8,10,1.375,2,3.0,1.0
11,24,2.909090909090909,6,2.2222222222222223,2.2222222222222223
8,11,2.5,4,1.8,1.2857142857142858
6,8,2.8333333333333335,4,2.3333333333333335,1.4
7,7,2.4285714285714284,4,1.5,1.0
7,8,2.4285714285714284,4,1.4,1.1666666666666667
10,21,2.6,5,2.4285714285714284,2.125
11,25,2.909090909090909,6,2.2222222222222223,2.2222222222222223
7,8,2.4285714285714284,4,1.5,1.0
6,8,2.8333333333333335,4,2.3333333333333335,1.4
6,8,2.5,4,1.75,1.4
8,8,2.375,4,2.0,1.0
8,10,2.75,4,2.6666666666666665,1.1428571428571428
6,7,2.3333333333333335,4,1.6666666666666667,1.25
7,7,2.0,3,1.6666666666666667,1.0
6,8,2.8333333333333335,4,2.0,1.2
7,9,2.4285714285714284,4,1.4,1.1666666666666667
6,7,2.3333333333333335,4,1.6666666666666667,1.0
11,27,3.090909090909091,6,2.5555555555555554,2.5555555555555554
7,7,1.4285714285714286,2,3.0,1.0
8,8,2.625,4,2.3333333333333335,1.0
8,13,2.75,4,2.75,1.5714285714285714
7,8,2.5714285714285716,4,2.3333333333333335,1.1666666666666667
6,10,3.0,5,1.6,1.6
7,9,2.4285714285714284,4,1.75,1.1666666666666667
7,11,3.4285714285714284,5,1.8,1.5
13,27,2.8461538461538463,5,2.6666666666666665,2.1818181818181817
8,9,2.625,4,2.3333333333333335,1.0
8,10,2.75,4,2.6666666666666665,1.1428571428571428
7,10,2.4285714285714284,4,1.6,1.3333333333333333
7,7,2.4285714285714284,4,1.5,1.0
6,7,2.5,4,2.0,1.2
7,9,2.4285714285714284,4,1.4,1.1666666666666667
8,9,2.625,4,2.6666666666666665,1.1428571428571428
7,7,1.7142857142857142,3,1.5,1.0
8,10,2.75,4,2.6666666666666665,1.1428571428571428
6,7,2.5,4,2.0,1.2
7,10,1.5714285714285714,3,2.0,1.3333333333333333
6,6,2.3333333333333335,4,1.6666666666666667,1.0
10,23,2.7,6,2.0,2.5714285714285716
6,6,1.5,3,1.0,1.0
6,7,1.5,3,1.0,1.0
12,22,2.25,4,3.75,1.875
13,15,1.6153846153846154,3,3.5,1.0
14,35,2.5714285714285716,5,2.9,2.6363636363636362
13,27,2.4615384615384617,4,2.4,2.1818181818181817
13,24,2.4615384615384617,4,3.8,1.7272727272727273
14,35,2.642857142857143,5,4.0,2.5454545454545454
7,9,2.5714285714285716,4,1.75,1.4
11,18,2.727272727272727,5,2.5,1.6666666666666667
6,7,2.3333333333333335,4,1.5,1.2
6,6,1.8333333333333333,3,1.5,1.0
7,12,3.142857142857143,5,1.8,1.5
8,8,2.625,4,2.3333333333333335,1.0
12,24,2.8333333333333335,5,2.857142857142857,2.0
7,10,2.857142857142857,4,3.0,1.5
7,9,2.0,3,1.6666666666666667,1.0
6,7,2.5,4,2.0,1.2
7,10,2.857142857142857,5,1.6,1.3333333333333333
6,7,2.5,4,1.5,1.2
7,8,2.4285714285714284,4,1.4,1.1666666666666667
8,10,2.75,4,3.0,1.2857142857142858
8,10,2.75,4,2.6666666666666665,1.1428571428571428
6,6,2.3333333333333335,4,1.6666666666666667,1.0
7,8,2.4285714285714284,4,1.5,1.0
8,11,2.75,4,3.0,1.2857142857142858
7,8,2.142857142857143,4,1.3333333333333333,1.0
6,6,2.3333333333333335,4,1.3333333333333333,1.0
7,9,2.4285714285714284,4,1.4,1.1666666666666667
11,27,2.3636363636363638,5,2.375,2.7142857142857144
6,7,1.5,3,1.0,1.0
6,7,1.5,3,1.0,1.0
13,27,2.4615384615384617,5,2.375,1.9
12,18,1.9166666666666667,4,2.75,1.5714285714285714
13,26,3.0,5,3.6666666666666665,2.0
13,28,3.076923076923077,6,2.5555555555555554,2.090909090909091
13,24,2.1538461538461537,4,3.0,1.8
8,10,2.625,4,1.8,1.2857142857142858
6,7,2.5,4,2.0,1.2
7,7,1.7142857142857142,3,1.5,1.0
8,9,2.75,4,2.6666666666666665,1.1428571428571428
11,16,2.272727272727273,5,2.0,1.4285714285714286
7,9,2.7142857142857144,4,2.6666666666666665,1.3333333333333333
7,8,1.7142857142857142,3,2.0,1.0
7,8,1.7142857142857142,3,2.0,1.0
6,7,2.5,4,2.0,1.2
7,10,2.4285714285714284,4,1.6,1.3333333333333333
7,7,2.5714285714285716,4,2.0,1.0
8,8,2.625,4,2.3333333333333335,1.0
8,14,2.75,4,2.4,1.7142857142857142
8,10,2.75,4,2.6666666666666665,1.1428571428571428
7,8,2.5714285714285716,4,2.3333333333333335,1.1666666666666667
7,11,2.0,3,2.5,1.25
7,10,2.4285714285714284,4,1.75,1.1666666666666667
8,8,2.625,4,2.3333333333333335,1.0
8,9,2.5,4,1.75,1.0
8,10,2.75,4,2.6666666666666665,1.1428571428571428
6,6,1.8333333333333333,3,1.5,1.0
7,9,2.4285714285714284,4,1.4,1.1666666666666667
8,8,2.625,4,2.3333333333333335,1.0
7,8,2.142857142857143,4,1.3333333333333333,1.0
6,7,2.3333333333333335,4,1.5,1.2
6,6,2.3333333333333335,4,1.6666666666666667,1.0
7,7,1.7142857142857142,3,1.5,1.0
7,8,2.7142857142857144,4,2.3333333333333335,1.1666666666666667
8,11,3.5,5,2.0,1.4285714285714286
12,24,2.5833333333333335,5,3.0,2.1
7,9,2.7142857142857144,4,2.6666666666666665,1.3333333333333333
6,6,1.8333333333333333,3,1.5,1.0
8,8,2.625,4,2.3333333333333335,1.0
7,7,2.5714285714285716,4,2.0,1.0
7,8,2.0,3,2.0,1.2
8,8,2.625,4,2.3333333333333335,1.0
7,10,2.5714285714285716,4,2.25,1.5
8,10,2.75,4,2.6666666666666665,1.1428571428571428
6,7,2.3333333333333335,4,1.5,1.2
8,8,2.625,4,2.3333333333333335,1.0
8,12,2.625,4,2.5,1.4285714285714286
7,9,2.4285714285714284,4,1.4,1.1666666666666667
6,7,2.3333333333333335,4,1.5,1.2
7,12,1.7142857142857142,3,2.5,1.6666666666666667
9,13,1.6666666666666667,3,2.0,1.5
9,17,2.7777777777777777,5,2.0,2.0
8,8,2.625,4,2.3333333333333335,1.0
7,9,2.7142857142857144,4,2.6666666666666665,1.3333333333333333
7,8,2.0,3,2.0,1.2
7,7,1.4285714285714286,2,3.0,1.0
8,14,3.5,6,2.0,1.7142857142857142
8,9,2.625,4,2.3333333333333335,1.0
8,10,2.5,4,2.0,1.1428571428571428
7,9,2.4285714285714284,4,1.75,1.1666666666666667
7,8,2.5714285714285716,4,2.0,1.0
8,8,2.625,4,2.3333333333333335,1.0
8,10,2.75,4,2.6666666666666665,1.1428571428571428
6,7,2.3333333333333335,4,1.5,1.2
12,27,3.0,6,2.4444444444444446,2.4444444444444446
7,8,1.7142857142857142,3,1.5,1.0
8,8,2.625,4,2.3333333333333335,1.0
7,9,2.142857142857143,4,1.3333333333333333,1.0
6,7,2.8333333333333335,4,1.6666666666666667,1.0
7,7,2.4285714285714284,4,1.5,1.0
6,6,2.3333333333333335,4,1.6666666666666667,1.0
7,7,2.5714285714285716,4,2.0,1.0
7,9,2.4285714285714284,4,1.75,1.1666666666666667
6,7,2.5,4,2.0,1.2
7,8,2.4285714285714284,4,1.4,1.1666666666666667
8,9,1.25,2,2.0,1.0
8,8,2.625,4,2.3333333333333335,1.0
7,8,2.142857142857143,4,1.3333333333333333,1.0
6,9,3.0,5,1.6,1.6
6,7,2.5,4,2.0,1.2
6,6,2.1666666666666665,3,1.6666666666666667,1.0
7,8,2.4285714285714284,4,1.4,1.1666666666666667
10,22,3.1,6,2.0,2.25
7,7,1.4285714285714286,2,3.0,1.0
7,10,3.2857142857142856,5,2.0,1.3333333333333333
11,24,2.727272727272727,5,2.5,2.2222222222222223
6,7,2.5,4,2.0,1.2
6,9,3.0,5,1.6,1.6
7,9,2.4285714285714284,4,1.75,1.1666666666666667
8,9,2.625,4,2.3333333333333335,1.0
9,11,1.4444444444444444,2,2.0,1.0
7,8,2.4285714285714284,4,1.4,1.1666666666666667
7,9,2.7142857142857144,4,2.6666666666666665,1.3333333333333333
6,6,2.3333333333333335,4,1.6666666666666667,1.0
7,7,1.4285714285714286,2,3.0,1.0
8,9,2.625,4,2.6666666666666665,1.1428571428571428
8,8,2.5,4,1.75,1.0
8,10,2.75,4,2.6666666666666665,1.1428571428571428
6,7,2.5,4,2.0,1.2
6,9,2.8333333333333335,4,1.75,1.4
10,25,3.1,6,2.3333333333333335,2.625
6,6,1.8333333333333333,3,1.5,1.0
8,8,2.625,4,2.3333333333333335,1.0
8,10,2.5,4,2.0,1.1428571428571428
6,7,2.3333333333333335,4,1.5,1.2
6,7,2.5,4,2.0,1.2
6,6,2.1666666666666665,3,1.6666666666666667,1.0
6,7,2.8333333333333335,4,1.5,1.2
6,8,2.5,4,1.75,1.4
10,22,3.1,6,2.25,2.25
7,7,1.7142857142857142,3,1.5,1.0
8,8,2.625,4,2.3333333333333335,1.0
8,12,1.625,3,1.6666666666666667,1.25
7,9,2.7142857142857144,4,2.6666666666666665,1.3333333333333333
7,8,2.4285714285714284,4,1.4,1.1666666666666667
9,13,1.6666666666666667,3,2.0,1.5
6,6,2.3333333333333335,4,1.6666666666666667,1.0
7,8,2.4285714285714284,4,1.5,1.0
8,11,3.375,6,1.6666666666666667,1.4285714285714286
7,7,2.5714285714285716,4,2.0,1.0
7,9,3.0,5,2.0,1.3333333333333333
7,8,2.5714285714285716,4,2.0,1.0
6,7,2.3333333333333335,4,1.3333333333333333,1.0
6,11,3.0,5,1.6,1.6
8,10,2.5,4,2.6666666666666665,1.3333333333333333
8,10,2.625,4,2.0,1.1428571428571428
6,7,2.5,4,2.0,1.2
9,10,1.4444444444444444,2,4.0,1.0
7,7,2.4285714285714284,4,1.5,1.0
6,8,2.8333333333333335,4,1.75,1.4
6,6,1.8333333333333333,3,1.5,1.0
6,8,3.0,5,1.4,1.4
8,10,2.5,4,2.6666666666666665,1.3333333333333333
8,11,1.625,3,1.6666666666666667,1.25
7,7,1.7142857142857142,3,1.5,1.0
6,7,2.3333333333333335,4,1.5,1.2
7,8,1.5714285714285714,3,2.0,1.3333333333333333
8,9,2.75,4,2.6666666666666665,1.1428571428571428
8,10,2.75,4,2.6666666666666665,1.1428571428571428
7,8,2.5714285714285716,4,2.3333333333333335,1.1666666666666667
6,6,1.8333333333333333,3,1.5,1.0
8,8,2.625,4,2.3333333333333335,1.0
7,8,2.5714285714285716,4,2.3333333333333335,1.1666666666666667
7,9,2.7142857142857144,4,2.6666666666666665,1.3333333333333333
6,6,1.8333333333333333,3,2.0,1.0
11,24,2.6363636363636362,5,2.375,2.375
8,9,2.625,4,2.3333333333333335,1.0
7,9,2.7142857142857144,4,2.6666666666666665,1.3333333333333333
8,10,2.75,4,2.6666666666666665,1.1428571428571428
7,9,2.7142857142857144,4,2.6666666666666665,1.3333333333333333
7,7,2.5714285714285716,4,2.0,1.0
8,8,2.625,4,2.3333333333333335,1.0
8,11,2.75,4,2.25,1.2857142857142858
6,7,2.8333333333333335,4,1.6666666666666667,1.0
7,8,2.4285714285714284,4,1.5,1.0
8,8,2.625,4,2.3333333333333335,1.0
8,9,2.75,4,2.3333333333333335,1.0
6,7,2.3333333333333335,4,1.5,1.2
8,8,2.625,4,2.3333333333333335,1.0
8,13,2.75,4,2.75,1.5714285714285714
7,9,2.7142857142857144,4,2.6666666666666665,1.3333333333333333
7,7,1.7142857142857142,3,1.5,1.0
8,11,3.5,5,2.0,1.4285714285714286
11,20,2.5454545454545454,4,2.4285714285714284,1.8888888888888888
8,10,2.75,4,2.6666666666666665,1.1428571428571428
6,7,2.3333333333333335,4,1.5,1.2
8,8,2.625,4,2.3333333333333335,1.0
7,7,2.5714285714285716,4,2.0,1.0
8,15,2.75,5,2.0,1.7142857142857142
7,9,2.5714285714285716,4,2.0,1.3333333333333333
8,8,2.625,4,2.3333333333333335,1.0
8,12,2.625,4,2.5,1.4285714285714286
8,10,2.75,4,2.6666666666666665,1.1428571428571428
7,8,2.5714285714285716,4,2.3333333333333335,1.1666666666666667
7,10,1.7142857142857142,3,2.0,1.3333333333333333
7,10,2.4285714285714284,4,1.75,1.1666666666666667
8,8,2.625,4,2.3333333333333335,1.0
8,9,2.75,4,2.3333333333333335,1.0
7,9,2.7142857142857144,4,2.6666666666666665,1.3333333333333333
7,7,1.4285714285714286,2,3.0,1.0
8,8,2.625,4,2.3333333333333335,1.0
8,9,2.75,4,2.3333333333333335,1.0
7,8,2.5714285714285716,4,2.3333333333333335,1.1666666666666667
7,7,1.4285714285714286,2,3.0,1.0
8,8,2.625,4,2.3333333333333335,1.0
8,9,2.625,4,2.0,1.1428571428571428
7,8,2.5714285714285716,4,1.75,1.1666666666666667
8,8,2.625,4,2.3333333333333335,1.0
8,10,1.625,3,1.5,1.5
7,7,2.4285714285714284,4,1.5,1.0
7,8,2.5714285714285716,4,2.3333333333333335,1.1666666666666667
7,8,2.4285714285714284,4,1.4,1.1666666666666667
8,12,1.625,3,2.5,1.6666666666666667
6,6,2.3333333333333335,4,1.6666666666666667,1.0
7,8,1.7142857142857142,3,2.0,1.0
6,8,2.5,4,1.75,1.4
8,8,2.625,4,2.3333333333333335,1.0
7,10,2.5714285714285716,4,2.25,1.5
7,9,2.4285714285714284,4,1.4,1.1666666666666667
7,10,2.5714285714285716,4,1.6,1.3333333333333333
7,8,2.4285714285714284,4,1.4,1.1666666666666667
9,13,1.6666666666666667,3,2.0,1.5
7,9,2.7142857142857144,4,1.6,1.3333333333333333
7,10,2.857142857142857,5,2.0,1.6
13,26,2.923076923076923,5,3.142857142857143,2.0
7,9,2.0,3,1.6666666666666667,1.0
7,7,1.4285714285714286,2,3.0,1.0
8,8,2.625,4,2.3333333333333335,1.0
7,7,1.7142857142857142,3,1.5,1.0
7,10,2.5714285714285716,4,2.0,1.3333333333333333
8,13,1.625,3,2.5,1.6666666666666667
9,13,1.6666666666666667,3,2.3333333333333335,1.75
11,24,2.909090909090909,6,2.111111111111111,2.375
7,7,1.4285714285714286,2,3.0,1.0
8,8,2.625,4,2.3333333333333335,1.0
8,9,2.625,4,2.0,1.1428571428571428
7,8,2.5714285714285716,4,1.75,1.1666666666666667
8,9,2.625,4,2.6666666666666665,1.1428571428571428
8,14,3.375,5,2.4,1.7142857142857142
6,7,2.3333333333333335,4,1.5,1.2
7,8,2.4285714285714284,4,1.5,1.0
7,7,1.4285714285714286,2,3.0,1.0
7,10,2.5714285714285716,4,1.6,1.3333333333333333
7,7,2.4285714285714284,4,1.5,1.0
6,6,2.3333333333333335,4,1.6666666666666667,1.0
8,9,2.625,4,2.6666666666666665,1.1428571428571428
6,7,2.8333333333333335,4,1.6666666666666667,1.0
7,10,2.5714285714285716,4,1.6,1.3333333333333333
6,9,3.0,5,1.6,1.6
8,8,2.625,4,2.3333333333333335,1.0
7,7,2.4285714285714284,4,1.6666666666666667,1.0
7,9,2.4285714285714284,4,1.4,1.1666666666666667
11,28,3.090909090909091,6,2.6666666666666665,2.6666666666666665
6,9,3.0,5,1.6,1.6
10,21,2.2,5,1.875,2.5
8,8,1.25,2,2.0,1.0
11,26,2.727272727272727,5,2.75,2.4444444444444446
7,8,2.5714285714285716,4,2.0,1.0
6,6,2.3333333333333335,4,1.3333333333333333,1.0
6,9,2.5,4,1.4,1.4
8,10,2.375,4,2.0,1.0
7,10,2.857142857142857,4,3.0,1.5
6,8,3.0,5,1.4,1.4
6,8,3.0,5,1.4,1.4
6,6,2.3333333333333335,4,1.6666666666666667,1.0
7,8,2.4285714285714284,4,1.4,1.1666666666666667
7,7,1.4285714285714286,2,3.0,1.0
11,27,3.272727272727273,6,2.4444444444444446,2.4444444444444446
7,7,1.7142857142857142,3,1.5,1.0
6,8,3.0,5,1.4,1.4
7,7,2.5714285714285716,4,2.0,1.0
8,10,2.75,4,2.25,1.2857142857142858
6,7,2.8333333333333335,4,1.6666666666666667,1.0
6,8,3.0,5,1.4,1.4
10,22,2.2,5,1.875,2.5
7,8,1.4285714285714286,3,1.0,1.0
6,7,1.1666666666666667,2,1.0,1.0
12,26,2.6666666666666665,5,3.0,2.1
14,31,2.142857142857143,4,3.8333333333333335,2.5555555555555554
13,19,1.8461538461538463,4,2.75,1.5714285714285714
13,28,2.6923076923076925,5,2.6666666666666665,2.1818181818181817
13,21,2.4615384615384617,4,2.4285714285714284,1.5454545454545454
6,7,2.3333333333333335,4,1.5,1.2
6,7,2.3333333333333335,4,1.5,1.2
7,8,2.5714285714285716,4,1.75,1.1666666666666667
8,9,2.75,4,2.6666666666666665,1.1428571428571428
13,26,2.3846153846153846,4,2.875,2.090909090909091
7,10,2.857142857142857,4,3.0,1.5
7,7,2.5714285714285716,4,2.0,1.0
7,10,2.4285714285714284,4,1.6,1.3333333333333333
6,7,2.5,4,2.0,1.2
6,6,1.8333333333333333,3,2.0,1.0
6,7,2.3333333333333335,4,1.5,1.2
7,8,2.0,3,2.0,1.2
6,6,2.1666666666666665,3,1.6666666666666667,1.0
7,10,3.142857142857143,5,1.8,1.5
8,8,2.625,4,2.3333333333333335,1.0
7,7,2.5714285714285716,4,2.0,1.0
7,9,2.0,3,2.0,1.2
8,8,2.625,4,2.3333333333333335,1.0
8,9,2.5,4,1.75,1.0
8,10,2.75,4,2.6666666666666665,1.1428571428571428
7,8,2.5714285714285716,4,2.3333333333333335,1.1666666666666667
8,8,2.625,4,2.3333333333333335,1.0
8,10,2.5,4,2.0,1.1428571428571428
6,7,2.3333333333333335,4,1.5,1.2
7,7,1.4285714285714286,2,3.0,1.0
12,31,3.0,6,2.8,2.8
7,11,3.4285714285714284,5,1.8,1.5
11,21,2.8181818181818183,5,2.5714285714285716,2.0
7,8,2.0,3,2.0,1.2
7,7,1.4285714285714286,2,3.0,1.0
8,8,2.625,4,2.3333333333333335,1.0
8,9,2.5,4,1.75,1.0
8,10,2.75,4,2.6666666666666665,1.1428571428571428
6,7,2.3333333333333335,4,1.5,1.2
7,8,1.7142857142857142,3,2.0,1.0
6,6,2.3333333333333335,4,1.6666666666666667,1.0
7,7,1.4285714285714286,2,3.0,1.0
6,6,2.8333333333333335,4,1.6666666666666667,1.0
7,8,2.0,3,1.6666666666666667,1.0
6,6,2.3333333333333335,4,1.6666666666666667,1.0
7,10,3.2857142857142856,6,1.5,1.5
8,8,2.625,4,2.3333333333333335,1.0
7,8,2.142857142857143,4,1.3333333333333333,1.0
6,7,2.3333333333333335,4,1.5,1.2
6,9,3.0,5,1.6,1.6
7,8,2.5714285714285716,4,1.75,1.1666666666666667
6,7,2.5,4,2.0,1.2
7,7,2.0,3,1.6666666666666667,1.0
8,9,1.25,2,2.0,1.0
8,8,2.625,4,2.3333333333333335,1.0
7,9,2.7142857142857144,4,2.6666666666666665,1.3333333333333333
7,7,1.4285714285714286,2,3.0,1.0
7,7,1.4285714285714286,2,3.0,1.0
8,8,2.625,4,2.3333333333333335,1.0
8,8,2.5,4,1.75,1.0
8,10,2.75,4,2.6666666666666665,1.1428571428571428
6,7,2.5,4,2.0,1.2
6,6,1.8333333333333333,3,1.5,1.0
8,8,2.625,4,2.3333333333333335,1.0
8,12,1.625,3,1.6666666666666667,1.25
8,10,2.75,4,2.6666666666666665,1.1428571428571428
6,7,2.5,4,2.0,1.2
6,10,3.1666666666666665,5,1.8,1.8
8,8,2.625,4,2.3333333333333335,1.0
7,8,2.5714285714285716,4,2.3333333333333335,1.1666666666666667
7,7,1.7142857142857142,3,1.5,1.0
7,8,2.5714285714285716,4,2.3333333333333335,1.1666666666666667
7,7,1.4285714285714286,2,3.0,1.0
6,6,2.3333333333333335,4,1.6666666666666667,1.0
7,9,2.7142857142857144,4,1.6,1.3333333333333333
7,11,3.4285714285714284,5,1.8,1.5
10,18,2.6,5,2.142857142857143,1.875
7,8,2.5714285714285716,4,2.0,1.0
6,8,1.8333333333333333,3,1.6666666666666667,1.25
7,7,1.7142857142857142,3,1.5,1.0
8,9,2.625,4,2.3333333333333335,1.0
7,8,2.5714285714285716,4,2.3333333333333335,1.1666666666666667
7,8,2.0,3,2.0,1.2
8,10,2.625,4,2.6666666666666665,1.1428571428571428
8,10,1.625,3,1.5,1.5
7,8,2.4285714285714284,4,1.5,1.0
7,9,2.7142857142857144,4,2.6666666666666665,1.3333333333333333
6,6,2.1666666666666665,3,1.6666666666666667,1.0
7,8,2.4285714285714284,4,1.4,1.1666666666666667
8,9,2.625,4,2.6666666666666665,1.1428571428571428
7,11,3.142857142857143,5,2.0,1.6666666666666667
6,7,2.3333333333333335,4,1.5,1.2
7,8,2.0,3,1.6666666666666667,1.0
7,7,2.4285714285714284,4,1.5,1.0
7,7,1.7142857142857142,3,1.5,1.0
11,23,2.727272727272727,5,2.2222222222222223,2.2222222222222223
8,9,2.625,4,2.6666666666666665,1.1428571428571428
7,8,2.5714285714285716,4,1.75,1.1666666666666667
6,6,2.3333333333333335,4,1.3333333333333333,1.0
7,11,3.0,5,1.8,1.5
7,8,2.0,3,1.6666666666666667,1.0
8,9,2.625,4,2.6666666666666665,1.1428571428571428
7,7,1.5714285714285714,2,2.0,1.0
7,9,2.7142857142857144,4,2.6666666666666665,1.3333333333333333
6,8,2.8333333333333335,4,1.75,1.4
7,8,2.4285714285714284,4,1.5,1.0
6,6,2.3333333333333335,4,1.6666666666666667,1.0
7,8,2.4285714285714284,4,1.5,1.0
8,10,2.625,4,2.6666666666666665,1.1428571428571428
8,10,2.75,4,2.6666666666666665,1.1428571428571428
6,7,2.5,4,2.0,1.2
6,7,2.8333333333333335,4,1.5,1.2
7,8,2.4285714285714284,4,1.5,1.0
8,10,2.625,4,2.6666666666666665,1.1428571428571428
8,11,1.625,3,1.6666666666666667,1.25
6,7,2.8333333333333335,4,1.6666666666666667,1.0
7,8,2.4285714285714284,4,1.4,1.1666666666666667
7,7,1.7142857142857142,3,1.5,1.0
6,6,2.3333333333333335,4,1.6666666666666667,1.0
7,8,2.4285714285714284,4,1.4,1.1666666666666667
6,7,2.8333333333333335,4,1.5,1.2
6,6,2.3333333333333335,4,1.6666666666666667,1.0
7,7,1.4285714285714286,2,3.0,1.0
7,11,2.7142857142857144,4,2.3333333333333335,1.4
11,20,2.6363636363636362,4,2.6666666666666665,1.7777777777777777
7,8,2.5714285714285716,4,2.0,1.0
7,8,2.2857142857142856,3,2.3333333333333335,1.1666666666666667
6,10,3.0,5,1.4,1.4
8,10,2.5,4,2.6666666666666665,1.3333333333333333
7,9,2.5714285714285716,4,2.0,1.3333333333333333
6,6,2.3333333333333335,4,1.3333333333333333,1.0
6,10,3.0,5,1.6,1.6
8,10,2.5,4,2.6666666666666665,1.3333333333333333
7,9,2.7142857142857144,4,2.0,1.3333333333333333
7,8,1.7142857142857142,3,2.0,1.3333333333333333
8,14,3.0,5,2.5,1.6666666666666667
6,6,2.8333333333333335,4,1.6666666666666667,1.0
6,7,2.3333333333333335,4,1.5,1.2
7,8,1.7142857142857142,3,2.0,1.0
6,6,2.3333333333333335,4,1.6666666666666667,1.0
7,7,1.4285714285714286,2,3.0,1.0
8,8,2.625,4,2.3333333333333335,1.0
8,13,2.75,4,2.75,1.5714285714285714
7,8,2.5714285714285716,4,2.3333333333333335,1.1666666666666667
7,8,2.7142857142857144,4,2.3333333333333335,1.1666666666666667
7,10,2.4285714285714284,4,1.75,1.1666666666666667
8,8,2.625,4,2.3333333333333335,1.0
7,8,2.5714285714285716,4,2.3333333333333335,1.1666666666666667
8,9,2.75,4,2.3333333333333335,1.0
6,7,2.3333333333333335,4,1.5,1.2
8,8,2.625,4,2.3333333333333335,1.0
7,8,2.142857142857143,4,1.3333333333333333,1.0
8,10,2.5,4,1.6,1.1428571428571428
7,8,2.5714285714285716,4,2.3333333333333335,1.1666666666666667
8,9,1.375,2,3.0,1.0
8,9,1.375,2,3.0,1.0
6,6,2.3333333333333335,4,1.6666666666666667,1.0
7,7,2.4285714285714284,4,1.5,1.0
7,7,1.7142857142857142,3,1.5,1.0
8,13,3.5,6,2.0,1.7142857142857142
8,8,2.625,4,2.3333333333333335,1.0
8,10,2.5,4,2.0,1.1428571428571428
6,6,2.3333333333333335,4,1.6666666666666667,1.0
8,10,1.375,2,3.0,1.0
7,9,2.4285714285714284,4,1.6,1.3333333333333333
6,7,2.5,4,2.0,1.2
7,8,2.4285714285714284,4,1.5,1.0
7,8,2.4285714285714284,4,1.4,1.1666666666666667
8,8,2.625,4,2.3333333333333335,1.0
8,13,2.75,4,2.75,1.5714285714285714
7,8,2.5714285714285716,4,2.3333333333333335,1.1666666666666667
6,9,2.5,4,2.3333333333333335,1.75
7,10,2.4285714285714284,4,1.75,1.1666666666666667
8,8,2.625,4,2.3333333333333335,1.0
8,8,2.5,4,1.75,1.0
8,10,2.75,4,2.6666666666666665,1.1428571428571428
6,6,2.3333333333333335,4,1.6666666666666667,1.0
8,11,3.5,5,2.0,1.4285714285714286
8,12,2.75,5,2.0,1.4285714285714286
6,6,2.8333333333333335,4,1.6666666666666667,1.0
7,8,2.7142857142857144,4,2.3333333333333335,1.1666666666666667
7,7,1.7142857142857142,3,1.5,1.0
7,11,3.142857142857143,5,1.8,1.5
8,8,2.625,4,2.3333333333333335,1.0
7,8,2.142857142857143,4,1.3333333333333333,1.0
7,9,2.4285714285714284,4,1.75,1.1666666666666667
7,9,2.7142857142857144,4,2.6666666666666665,1.3333333333333333
6,8,2.5,4,1.75,1.4
6,6,2.3333333333333335,4,1.6666666666666667,1.0
7,7,1.4285714285714286,2,3.0,1.0
8,8,2.625,4,2.3333333333333335,1.0
7,9,2.7142857142857144,4,2.6666666666666665,1.3333333333333333
7,8,2.0,3,2.0,1.2
8,8,2.625,4,2.3333333333333335,1.0
7,10,3.0,4,2.25,1.5
8,10,2.75,4,2.6666666666666665,1.1428571428571428
6,6,2.3333333333333335,4,1.6666666666666667,1.0
8,9,2.625,4,2.6666666666666665,1.1428571428571428
8,10,2.5,4,2.0,1.1428571428571428
7,9,2.7142857142857144,4,2.6666666666666665,1.3333333333333333
8,13,1.875,3,3.0,1.5
9,13,1.6666666666666667,3,2.0,1.5
8,8,2.625,4,2.3333333333333335,1.0
7,9,2.7142857142857144,4,2.6666666666666665,1.3333333333333333
7,9,2.4285714285714284,4,1.4,1.1666666666666667
7,7,1.4285714285714286,2,3.0,1.0
8,9,2.625,4,2.6666666666666665,1.1428571428571428
7,7,1.7142857142857142,3,1.5,1.0
8,10,2.75,4,2.6666666666666665,1.1428571428571428
6,6,2.3333333333333335,4,1.3333333333333333,1.0
7,9,2.4285714285714284,4,1.4,1.1666666666666667
7,7,1.4285714285714286,2,3.0,1.0
7,7,1.4285714285714286,2,3.0,1.0
6,6,2.3333333333333335,4,1.6666666666666667,1.0
7,8,2.4285714285714284,4,1.5,1.0
11,25,2.909090909090909,6,2.4444444444444446,2.4444444444444446
7,7,1.7142857142857142,3,1.5,1.0
7,8,2.5714285714285716,4,2.0,1.0
6,6,2.3333333333333335,4,1.3333333333333333,1.0
6,11,3.1666666666666665,5,1.8,1.8
6,11,3.1666666666666665,5,1.8,1.8
6,6,2.3333333333333335,4,1.6666666666666667,1.0
7,8,2.4285714285714284,4,1.4,1.1666666666666667
9,18,2.7777777777777777,5,1.8571428571428572,1.8571428571428572
7,9,2.5714285714285716,4,2.0,1.2
7,10,2.5714285714285716,4,2.0,1.3333333333333333
6,7,2.3333333333333335,4,1.5,1.2
6,7,2.5,4,2.0,1.2
6,7,2.3333333333333335,4,1.6666666666666667,1.0
12,32,2.9166666666666665,5,2.888888888888889,2.6
7,8,1.7142857142857142,3,2.0,1.0
6,6,2.3333333333333335,4,1.6666666666666667,1.0
8,10,1.375,2,3.0,1.0
8,10,1.375,2,3.0,1.0
6,6,2.3333333333333335,4,1.6666666666666667,1.0
7,7,1.4285714285714286,2,3.0,1.0
8,9,2.625,4,2.3333333333333335,1.0
8,10,2.5,4,2.0,1.1428571428571428
6,7,2.3333333333333335,4,1.5,1.2
7,7,1.4285714285714286,2,3.0,1.0
6,6,2.8333333333333335,4,1.6666666666666667,1.0
6,6,2.3333333333333335,4,1.6666666666666667,1.0
6,6,2.3333333333333335,4,1.6666666666666667,1.0
8,9,2.625,4,2.6666666666666665,1.1428571428571428
7,10,2.857142857142857,4,3.0,1.5
7,9,2.4285714285714284,4,1.4,1.1666666666666667
7,7,1.4285714285714286,2,3.0,1.0
8,10,2.75,4,3.0,1.2857142857142858
8,12,2.75,4,2.5,1.4285714285714286
6,7,2.5,4,2.0,1.2
6,8,3.0,5,1.4,1.4
7,7,2.4285714285714284,4,1.5,1.0
7,9,2.7142857142857144,4,1.6,1.3333333333333333
7,8,2.7142857142857144,4,2.3333333333333335,1.1666666666666667
7,10,2.857142857142857,4,3.0,1.5
8,11,2.75,4,3.0,1.2857142857142858
8,10,2.75,4,2.6666666666666665,1.1428571428571428
7,10,2.857142857142857,4,3.0,1.5
7,8,1.7142857142857142,3,2.0,1.0
7,7,1.4285714285714286,2,3.0,1.0
12,30,2.8333333333333335,5,3.375,2.7
7,9,2.7142857142857144,4,2.0,1.3333333333333333
7,9,2.7142857142857144,4,2.6666666666666665,1.3333333333333333
7,9,2.4285714285714284,4,1.75,1.1666666666666667
7,7,1.4285714285714286,2,3.0,1.0
8,9,2.75,4,2.6666666666666665,1.1428571428571428
8,9,2.5,4,2.3333333333333335,1.0
6,7,2.3333333333333335,4,1.5,1.2
7,7,2.5714285714285716,4,2.0,1.0
8,8,2.625,4,2.3333333333333335,1.0
8,9,2.5,4,2.3333333333333335,1.0
6,7,2.3333333333333335,4,1.3333333333333333,1.0
7,11,3.0,5,1.8,1.5
8,8,2.625,4,2.3333333333333335,1.0
8,10,2.75,4,2.25,1.2857142857142858
6,7,2.5,4,2.0,1.2
7,7,1.7142857142857142,3,1.5,1.0
7,7,1.7142857142857142,3,1.5,1.0
8,8,2.625,4,2.3333333333333335,1.0
8,10,2.75,4,2.25,1.2857142857142858
7,7,2.5714285714285716,4,2.0,1.0
8,8,2.625,4,2.3333333333333335,1.0
7,7,2.142857142857143,4,1.3333333333333333,1.0
6,7,2.3333333333333335,4,1.5,1.2
7,8,2.4285714285714284,4,1.4,1.1666666666666667
7,7,1.7142857142857142,3,1.5,1.0
6,6,2.3333333333333335,4,1.6666666666666667,1.0
12,33,3.0,6,3.0,3.0
7,12,3.4285714285714284,5,2.0,1.6666666666666667
12,24,2.5833333333333335,5,2.625,2.1
8,8,2.625,4,2.3333333333333335,1.0
8,10,2.75,4,2.25,1.2857142857142858
6,7,2.3333333333333335,4,1.5,1.2
6,7,2.5,4,2.0,1.2
7,9,2.4285714285714284,4,1.4,1.1666666666666667
7,9,2.7142857142857144,4,1.6,1.3333333333333333
8,8,2.625,4,2.3333333333333335,1.0
10,17,2.6,5,2.3333333333333335,1.75
6,7,2.8333333333333335,4,1.6666666666666667,1.0
7,8,2.0,3,1.6666666666666667,1.0
6,9,3.0,5,1.6,1.6
6,6,2.3333333333333335,4,1.6666666666666667,1.0
7,9,2.4285714285714284,4,1.4,1.1666666666666667
7,7,1.7142857142857142,3,1.5,1.0
6,7,2.5,4,2.0,1.2
6,6,2.8333333333333335,4,1.6666666666666667,1.0
8,8,2.625,4,2.3333333333333335,1.0
7,8,2.5714285714285716,4,2.3333333333333335,1.1666666666666667
7,7,1.7142857142857142,3,1.5,1.0
8,8,2.625,4,2.3333333333333335,1.0
7,9,2.7142857142857144,4,2.6666666666666665,1.3333333333333333
7,7,1.4285714285714286,2,3.0,1.0
6,6,2.3333333333333335,4,1.6666666666666667,1.0
6,6,2.1666666666666665,3,1.6666666666666667,1.0
7,7,2.4285714285714284,4,1.5,1.0
7,7,1.4285714285714286,2,3.0,1.0
8,8,2.625,4,2.3333333333333335,1.0
6,6,2.3333333333333335,4,1.3333333333333333,1.0
7,7,1.4285714285714286,2,3.0,1.0
8,8,2.625,4,2.3333333333333335,1.0
7,10,3.2857142857142856,5,1.8,1.5
6,7,2.3333333333333335,4,1.3333333333333333,1.0
7,9,2.5714285714285716,4,1.75,1.1666666666666667
10,23,2.7,6,2.0,2.5714285714285716
6,6,1.5,3,1.0,1.0
6,7,1.5,3,1.0,1.0
12,26,2.8333333333333335,6,2.3333333333333335,2.1
6,8,2.6666666666666665,4,2.3333333333333335,1.4
7,8,1.7142857142857142,3,2.0,1.0
6,6,2.8333333333333335,4,1.6666666666666667,1.0
7,8,2.4285714285714284,4,1.5,1.0
13,34,3.076923076923077,6,3.375,2.7
7,9,2.5714285714285716,4,2.0,1.2
10,18,2.6,5,2.142857142857143,1.875
6,6,2.3333333333333335,4,1.6666666666666667,1.0
7,8,2.7142857142857144,4,2.3333333333333335,1.1666666666666667
7,7,2.4285714285714284,4,1.5,1.0
8,10,2.75,4,2.6666666666666665,1.1428571428571428
6,9,3.3333333333333335,5,2.0,1.6
6,8,2.8333333333333335,4,1.75,1.4
7,7,2.5714285714285716,4,2.0,1.0
7,9,2.7142857142857144,4,2.6666666666666665,1.3333333333333333
7,7,1.7142857142857142,3,1.5,1.0
8,9,2.625,4,2.3333333333333335,1.0
9,10,1.4444444444444444,2,1.6666666666666667,1.25
7,9,2.7142857142857144,4,2.6666666666666665,1.3333333333333333
7,7,1.4285714285714286,2,3.0,1.0
7,7,1.4285714285714286,2,3.0,1.0
6,8,2.5,4,1.75,1.4
8,9,2.625,4,2.6666666666666665,1.1428571428571428
7,10,3.0,5,1.8,1.5
8,10,2.75,4,2.6666666666666665,1.1428571428571428
6,7,2.5,4,2.0,1.2
7,9,2.4285714285714284,4,1.4,1.1666666666666667
9,13,1.6666666666666667,3,2.0,1.5
7,7,1.7142857142857142,3,1.5,1.0
8,8,2.625,4,2.3333333333333335,1.0
7,9,3.0,5,2.0,1.3333333333333333
7,8,2.5714285714285716,4,2.0,1.0
6,6,2.3333333333333335,4,1.6666666666666667,1.0
8,8,2.625,4,2.3333333333333335,1.0
8,12,2.75,4,2.5,1.4285714285714286
6,6,2.3333333333333335,4,1.3333333333333333,1.0
7,8,2.0,3,1.6666666666666667,1.0
7,7,1.4285714285714286,2,3.0,1.0
7,7,1.4285714285714286,2,3.0,1.0
8,8,2.625,4,2.3333333333333335,1.0
7,9,3.0,5,2.0,1.3333333333333333
7,11,3.0,5,1.8,1.5
7,9,2.4285714285714284,4,1.5,1.0
7,8,2.4285714285714284,4,1.4,1.1666666666666667
7,7,1.7142857142857142,3,1.5,1.0
8,9,2.625,4,2.6666666666666665,1.1428571428571428
7,8,2.4285714285714284,4,1.5,1.0
6,8,2.8333333333333335,4,2.0,1.2
6,9,2.8333333333333335,4,2.0,1.6
7,8,2.4285714285714284,4,1.4,1.1666666666666667
7,7,1.4285714285714286,2,3.0,1.0
10,21,2.2,5,1.875,2.5
7,8,1.4285714285714286,3,1.0,1.0
6,6,1.1666666666666667,2,1.0,1.0
13,24,2.0,3,2.6666666666666665,1.7777777777777777
13,26,2.3846153846153846,5,3.1666666666666665,2.111111111111111
13,33,3.230769230769231,6,3.5,2.5454545454545454
12,17,1.6666666666666667,3,2.2,1.5714285714285714
12,20,2.0,3,4.666666666666667,1.5555555555555556
12,23,2.3333333333333335,4,3.0,1.8
13,27,2.3846153846153846,4,2.6666666666666665,2.1818181818181817
13,32,2.5384615384615383,5,2.5454545454545454,2.5454545454545454
10,23,2.5,5,2.5,2.857142857142857
8,10,2.625,5,1.5,1.2
11,19,2.5454545454545454,4,2.4285714285714284,1.8888888888888888
8,10,2.75,4,2.6666666666666665,1.1428571428571428
6,7,2.3333333333333335,4,1.5,1.2
8,9,2.375,4,2.0,1.0
7,9,2.5714285714285716,4,1.75,1.1666666666666667
6,7,2.3333333333333335,4,1.5,1.2
7,7,1.4285714285714286,2,3.0,1.0
8,8,2.375,4,2.0,1.0
8,14,2.875,5,2.0,1.6666666666666667
7,9,2.4285714285714284,4,1.5,1.0
7,8,2.5714285714285716,4,2.3333333333333335,1.1666666666666667
9,10,1.4444444444444444,2,4.0,1.0
7,10,2.4285714285714284,4,1.6,1.3333333333333333
6,6,2.3333333333333335,4,1.6666666666666667,1.0
8,8,2.625,4,2.3333333333333335,1.0
7,7,2.4285714285714284,4,1.5,1.0
7,8,2.5714285714285716,4,2.3333333333333335,1.1666666666666667
7,7,1.4285714285714286,2,3.0,1.0
8,8,2.625,4,2.3333333333333335,1.0
7,8,2.5714285714285716,4,1.75,1.1666666666666667
6,6,2.3333333333333335,4,1.3333333333333333,1.0
7,9,2.4285714285714284,4,1.4,1.1666666666666667
8,12,3.5,5,2.0,1.4285714285714286
11,18,2.4545454545454546,4,1.875,1.6666666666666667
5,6,3.0,5,1.25,1.25
6,7,2.3333333333333335,4,1.6666666666666667,1.0
7,7,2.5714285714285716,4,2.0,1.0
7,9,2.4285714285714284,4,1.5,1.0
6,7,2.3333333333333335,4,1.5,1.2
6,7,2.5,4,2.0,1.2
6,7,2.3333333333333335,4,1.6666666666666667,1.0
7,8,2.4285714285714284,4,1.4,1.1666666666666667
6,6,2.1666666666666665,3,1.6666666666666667,1.0
7,10,2.4285714285714284,4,1.6,1.3333333333333333
8,8,1.125,2,1.0,1.0
8,8,2.625,4,2.3333333333333335,1.0
8,9,2.5,4,2.0,1.1428571428571428
6,6,2.3333333333333335,4,1.6666666666666667,1.0
8,8,2.625,4,2.3333333333333335,1.0
7,8,2.5714285714285716,4,1.75,1.1666666666666667
6,7,2.3333333333333335,4,1.3333333333333333,1.0
7,8,2.4285714285714284,4,1.5,1.0
7,8,2.0,3,1.6666666666666667,1.0
8,8,2.625,4,2.3333333333333335,1.0
7,7,1.5714285714285714,2,2.0,1.0
7,9,2.7142857142857144,4,2.6666666666666665,1.3333333333333333
7,9,2.4285714285714284,4,1.6,1.3333333333333333
8,10,1.375,2,3.0,1.0
7,9,2.4285714285714284,4,1.4,1.1666666666666667
6,8,2.5,4,1.75,1.4
8,10,1.375,2,3.0,1.0
6,6,2.3333333333333335,4,1.6666666666666667,1.0
8,15,2.5,5,1.7142857142857142,2.0
7,8,1.7142857142857142,3,1.5,1.0
6,6,1.5,3,1.0,1.0
13,24,2.3076923076923075,5,2.125,1.7
13,15,1.6153846153846154,3,3.5,1.0
13,23,2.4615384615384617,4,3.3333333333333335,1.8181818181818181
13,28,2.8461538461538463,5,2.875,2.090909090909091
13,24,2.3846153846153846,4,2.375,1.7272727272727273
13,26,2.5384615384615383,5,2.5555555555555554,2.090909090909091
12,22,2.5833333333333335,5,2.0,1.8
12,20,2.4166666666666665,4,2.8333333333333335,1.7
14,34,2.7857142857142856,5,4.0,2.5454545454545454
7,11,3.4285714285714284,5,1.8,1.5
10,19,2.6,5,2.2857142857142856,2.0
6,7,2.5,4,2.0,1.2
9,10,1.4444444444444444,2,4.0,1.0
13,34,2.923076923076923,6,3.0,2.727272727272727
7,7,1.7142857142857142,3,1.5,1.0
6,7,2.3333333333333335,4,1.5,1.2
6,6,2.3333333333333335,4,1.6666666666666667,1.0
7,7,1.4285714285714286,2,3.0,1.0
7,12,3.4285714285714284,6,1.6666666666666667,1.6666666666666667
7,7,2.5714285714285716,4,2.0,1.0
8,10,2.75,4,2.6666666666666665,1.1428571428571428
6,7,2.3333333333333335,4,1.5,1.2
7,8,2.4285714285714284,4,1.5,1.0
8,13,1.625,3,2.5,1.6666666666666667
6,6,2.3333333333333335,4,1.6666666666666667,1.0
9,20,3.4444444444444446,7,2.0,2.2857142857142856
7,8,1.7142857142857142,3,1.5,1.0
11,20,2.4545454545454546,4,1.875,1.6666666666666667
6,7,2.3333333333333335,4,1.5,1.2
6,8,3.0,5,1.4,1.4
8,13,1.875,3,3.0,1.5
7,8,2.4285714285714284,4,1.5,1.0
7,9,2.5714285714285716,4,2.0,1.0
8,11,2.625,4,2.25,1.2857142857142858
7,7,1.7142857142857142,3,1.5,1.0
7,7,2.5714285714285716,4,2.0,1.0
7,9,2.7142857142857144,4,2.6666666666666665,1.3333333333333333
7,9,2.4285714285714284,4,1.4,1.1666666666666667
7,7,2.5714285714285716,4,2.0,1.0
8,9,1.5,2,1.6666666666666667,1.25
7,9,2.4285714285714284,4,1.75,1.1666666666666667
6,6,2.3333333333333335,4,1.6666666666666667,1.0
7,8,1.7142857142857142,3,2.0,1.0
10,20,2.2,4,2.0,2.0
8,9,2.625,4,2.3333333333333335,1.0
7,10,2.857142857142857,4,3.0,1.5
7,9,2.4285714285714284,4,1.4,1.1666666666666667
7,7,1.4285714285714286,2,3.0,1.0
8,8,2.625,4,2.3333333333333335,1.0
8,10,2.5,4,2.0,1.1428571428571428
6,6,2.3333333333333335,4,1.6666666666666667,1.0
8,9,2.625,4,2.6666666666666665,1.1428571428571428
13,27,2.8461538461538463,5,2.875,2.090909090909091
6,9,2.8333333333333335,4,2.0,1.6
6,7,2.5,4,2.0,1.2
7,11,2.0,3,3.0,1.5
9,12,1.6666666666666667,3,2.3333333333333335,1.75
7,10,3.142857142857143,5,1.8,1.5
8,8,2.625,4,2.3333333333333335,1.0
6,7,3.0,5,1.5,1.2
7,8,2.5714285714285716,4,2.0,1.0
6,7,2.8333333333333335,4,1.6666666666666667,1.0
6,9,2.5,4,1.4,1.4
11,29,2.909090909090909,6,2.5555555555555554,2.875
6,7,2.3333333333333335,4,1.6666666666666667,1.0
6,8,3.0,5,1.4,1.4
7,8,2.7142857142857144,4,2.3333333333333335,1.1666666666666667
8,11,2.625,4,2.25,1.2857142857142858
6,7,2.3333333333333335,4,1.5,1.2
7,8,2.142857142857143,4,1.3333333333333333,1.0
6,8,3.0,5,1.4,1.4
11,24,2.6363636363636362,5,2.75,2.4444444444444446
13,27,3.0,6,2.6666666666666665,2.1818181818181817
12,24,2.6666666666666665,6,2.0,2.2
14,34,2.7857142857142856,5,3.5,2.5454545454545454
8,10,3.5,5,1.8,1.2857142857142858
13,24,2.4615384615384617,4,3.0,1.9090909090909092
6,9,2.8333333333333335,4,2.0,1.6
7,9,2.4285714285714284,4,1.6,1.3333333333333333
6,6,2.3333333333333335,4,1.6666666666666667,1.0
7,7,2.5714285714285716,4,2.0,1.0
6,7,2.8333333333333335,4,1.6666666666666667,1.0
7,8,2.0,3,2.0,1.2
8,13,3.5,6,2.0,1.7142857142857142
7,7,2.5714285714285716,4,2.0,1.0
13,30,2.923076923076923,5,3.7142857142857144,2.3636363636363638
7,7,2.5714285714285716,4,2.0,1.0
7,8,2.142857142857143,4,1.3333333333333333,1.0
7,9,2.7142857142857144,4,2.6666666666666665,1.3333333333333333
7,9,2.4285714285714284,4,1.75,1.1666666666666667
11,25,2.6363636363636362,5,2.2222222222222223,2.5
7,7,2.5714285714285716,4,2.0,1.0
7,9,2.7142857142857144,4,2.6666666666666665,1.3333333333333333
7,8,2.4285714285714284,4,1.5,1.0
7,7,1.4285714285714286,2,3.0,1.0
8,9,2.625,4,2.3333333333333335,1.0
7,7,1.5714285714285714,2,2.0,1.0
7,9,2.7142857142857144,4,2.6666666666666665,1.3333333333333333
6,6,1.8333333333333333,3,2.0,1.0
7,7,1.7142857142857142,3,1.5,1.0
7,8,2.5714285714285716,4,1.75,1.1666666666666667
8,9,2.625,4,2.3333333333333335,1.0
8,10,2.5,4,2.0,1.1428571428571428
6,6,2.3333333333333335,4,1.6666666666666667,1.0
8,10,1.375,2,3.0,1.0
6,7,2.5,4,2.0,1.2
7,8,2.4285714285714284,4,1.4,1.1666666666666667
8,8,2.625,4,2.3333333333333335,1.0
8,13,2.75,4,2.75,1.5714285714285714
7,8,2.5714285714285716,4,2.3333333333333335,1.1666666666666667
6,9,2.5,4,1.75,1.4
7,10,2.4285714285714284,4,1.75,1.1666666666666667
8,8,2.625,4,2.3333333333333335,1.0
8,9,2.75,4,2.3333333333333335,1.0
6,7,2.3333333333333335,4,1.5,1.2
7,9,2.0,3,1.6666666666666667,1.0
10,22,2.7,6,2.0,2.5714285714285716
6,6,1.5,3,1.0,1.0
6,7,1.5,3,1.0,1.0
13,30,2.8461538461538463,6,2.4,2.1818181818181817
6,7,2.5,4,2.0,1.2
7,8,1.7142857142857142,3,2.0,1.0
6,6,2.8333333333333335,4,1.6666666666666667,1.0
7,8,2.4285714285714284,4,1.5,1.0
13,32,2.6923076923076925,5,3.5714285714285716,2.7777777777777777
7,8,2.142857142857143,4,1.6666666666666667,1.25
11,17,2.272727272727273,4,2.0,1.5555555555555556
7,9,2.5714285714285716,4,1.75,1.1666666666666667
6,6,2.3333333333333335,4,1.6666666666666667,1.0
7,7,2.5714285714285716,4,2.0,1.0
7,8,2.142857142857143,4,1.3333333333333333,1.0
8,10,2.75,4,2.6666666666666665,1.1428571428571428
6,7,2.5,4,2.0,1.2
7,7,1.4285714285714286,2,3.0,1.0
7,7,1.4285714285714286,2,3.0,1.0
8,9,2.625,4,2.3333333333333335,1.0
8,10,2.75,4,2.25,1.2857142857142858
6,6,2.3333333333333335,4,1.3333333333333333,1.0
6,9,3.0,5,1.6,1.6
10,24,2.7,6,2.0,2.5714285714285716
6,6,1.5,3,1.0,1.0
6,7,1.5,3,1.0,1.0
12,20,1.75,3,2.4,1.7142857142857142
13,25,2.0,4,2.5714285714285716,2.0
13,29,3.1538461538461537,6,3.5714285714285716,2.272727272727273
12,17,1.6666666666666667,3,2.0,1.4285714285714286
12,19,2.0,3,4.333333333333333,1.4444444444444444
13,23,2.4615384615384617,4,3.0,1.6363636363636365
13,27,2.3846153846153846,4,2.6666666666666665,2.1818181818181817
14,30,2.5,5,2.7,2.25
12,22,2.5833333333333335,5,2.7142857142857144,1.9
14,33,2.7142857142857144,5,3.7142857142857144,2.3636363636363638
7,9,2.5714285714285716,4,1.75,1.4
12,23,2.75,5,2.857142857142857,2.0
8,9,2.625,4,2.6666666666666665,1.1428571428571428
7,8,2.142857142857143,4,1.3333333333333333,1.0
7,9,2.7142857142857144,4,2.6666666666666665,1.3333333333333333
6,10,3.1666666666666665,5,1.8,1.8
8,10,2.625,4,2.6666666666666665,1.1428571428571428
7,8,2.142857142857143,4,1.3333333333333333,1.0
8,10,2.75,4,2.6666666666666665,1.1428571428571428
6,6,2.3333333333333335,4,1.6666666666666667,1.0
8,8,2.625,4,2.3333333333333335,1.0
7,8,2.142857142857143,4,1.3333333333333333,1.0
8,10,2.75,4,2.6666666666666665,1.1428571428571428
6,7,2.5,4,2.0,1.2
7,7,1.4285714285714286,2,3.0,1.0
7,7,1.4285714285714286,2,3.0,1.0
11,26,3.0,6,2.2,2.4444444444444446
8,8,2.625,4,2.3333333333333335,1.0
7,9,2.7142857142857144,4,2.6666666666666665,1.3333333333333333
7,7,2.0,3,1.6666666666666667,1.0
7,7,1.4285714285714286,2,3.0,1.0
8,8,2.625,4,2.3333333333333335,1.0
7,7,1.5714285714285714,2,2.0,1.0
7,8,2.5714285714285716,4,2.3333333333333335,1.1666666666666667
7,8,2.4285714285714284,4,1.5,1.0
7,7,1.7142857142857142,3,1.5,1.0
6,9,3.0,5,1.6,1.6
8,8,2.625,4,2.3333333333333335,1.0
8,10,2.5,4,2.0,1.1428571428571428
6,6,2.3333333333333335,4,1.6666666666666667,1.0
8,10,1.375,2,3.0,1.0
6,6,2.1666666666666665,3,1.6666666666666667,1.0
7,8,2.4285714285714284,4,1.4,1.1666666666666667
8,9,2.625,4,2.6666666666666665,1.1428571428571428
8,13,2.75,4,2.75,1.5714285714285714
6,6,2.1666666666666665,3,1.6666666666666667,1.0
6,9,2.8333333333333335,4,1.75,1.4
7,7,2.4285714285714284,4,1.5,1.0
8,10,2.75,4,2.6666666666666665,1.1428571428571428
8,10,2.75,4,2.6666666666666665,1.1428571428571428
6,7,2.3333333333333335,4,1.5,1.2
7,9,2.4285714285714284,4,1.5,1.0
10,23,2.6,6,2.0,2.6666666666666665
6,7,1.5,3,1.0,1.0
6,8,1.5,3,1.0,1.0
13,31,3.0,6,2.875,2.090909090909091
13,27,2.6153846153846154,5,3.8,1.9
7,8,2.4285714285714284,4,1.5,1.0
6,6,2.8333333333333335,4,1.6666666666666667,1.0
7,8,2.5714285714285716,4,1.75,1.1666666666666667
6,7,2.3333333333333335,4,1.5,1.2
7,7,1.7142857142857142,3,1.5,1.0
7,8,2.5714285714285716,4,1.75,1.1666666666666667
6,6,2.1666666666666665,3,1.6666666666666667,1.0
7,9,2.4285714285714284,4,1.75,1.1666666666666667
9,11,1.4444444444444444,2,4.0,1.0
8,8,2.625,4,2.3333333333333335,1.0
6,7,2.8333333333333335,4,1.6666666666666667,1.0
6,7,2.5,4,2.0,1.2
7,8,2.7142857142857144,4,2.3333333333333335,1.1666666666666667
7,10,2.4285714285714284,4,1.6,1.3333333333333333
8,8,2.625,4,2.3333333333333335,1.0
7,7,2.4285714285714284,4,1.6666666666666667,1.0
7,10,2.0,3,2.0,1.2
8,8,2.625,4,2.3333333333333335,1.0
7,7,2.4285714285714284,4,1.6666666666666667,1.0
7,9,2.7142857142857144,4,2.6666666666666665,1.3333333333333333
7,8,2.7142857142857144,4,2.3333333333333335,1.1666666666666667
7,9,2.4285714285714284,4,1.75,1.1666666666666667
7,11,3.142857142857143,5,1.8,1.5
8,12,3.5,5,2.0,1.4285714285714286
11,20,2.5454545454545454,4,2.4285714285714284,1.8888888888888888
7,8,2.5714285714285716,4,2.0,1.0
7,9,2.7142857142857144,4,2.6666666666666665,1.3333333333333333
7,8,2.7142857142857144,4,2.3333333333333335,1.1666666666666667
8,8,2.625,4,2.3333333333333335,1.0
7,8,2.5714285714285716,4,2.3333333333333335,1.1666666666666667
7,8,2.0,3,2.0,1.2
8,8,2.625,4,2.3333333333333335,1.0
7,9,2.7142857142857144,4,2.6666666666666665,1.3333333333333333
8,8,2.625,4,2.3333333333333335,1.0
7,11,3.2857142857142856,5,2.5,1.6666666666666667
8,11,2.5,4,2.25,1.2857142857142858
7,9,2.7142857142857144,4,2.6666666666666665,1.3333333333333333
7,8,2.0,3,2.0,1.2
9,13,1.6666666666666667,3,2.0,1.5
8,8,2.625,4,2.3333333333333335,1.0
7,7,1.7142857142857142,3,1.5,1.0
8,10,2.75,4,2.6666666666666665,1.1428571428571428
6,7,2.3333333333333335,4,1.5,1.2
8,8,2.625,4,2.3333333333333335,1.0
8,13,2.75,4,2.75,1.5714285714285714
6,6,2.3333333333333335,4,1.3333333333333333,1.0
7,8,2.0,3,1.6666666666666667,1.0
8,8,2.625,4,2.3333333333333335,1.0
8,10,2.625,4,2.0,1.1428571428571428
6,6,2.3333333333333335,4,1.6666666666666667,1.0
8,8,2.625,4,2.3333333333333335,1.0
8,9,2.5,4,1.75,1.0
6,7,2.3333333333333335,4,1.3333333333333333,1.0
8,8,2.625,4,2.3333333333333335,1.0
8,10,2.75,4,2.6666666666666665,1.1428571428571428
6,7,2.3333333333333335,4,1.5,1.2
7,8,2.0,3,1.6666666666666667,1.0
8,9,2.625,4,2.6666666666666665,1.1428571428571428
7,8,2.142857142857143,4,1.6666666666666667,1.0
6,6,2.8333333333333335,4,1.6666666666666667,1.0
8,12,2.75,5,1.6666666666666667,1.4285714285714286
6,6,2.3333333333333335,4,1.6666666666666667,1.0
10,22,2.7,6,2.0,2.5714285714285716
7,7,1.4285714285714286,3,1.0,1.0
12,26,3.0,5,3.5,2.1
7,13,3.142857142857143,5,1.8,1.5
7,7,2.5714285714285716,4,2.0,1.0
8,9,3.375,5,2.0,1.1428571428571428
6,6,2.3333333333333335,4,1.3333333333333333,1.0
6,10,3.0,5,1.6,1.6
7,7,2.5714285714285716,4,2.0,1.0
7,12,3.5714285714285716,5,2.75,1.8333333333333333
7,9,2.4285714285714284,4,1.5,1.0
6,6,2.3333333333333335,4,1.6666666666666667,1.0
7,8,2.5714285714285716,4,2.3333333333333335,1.1666666666666667
8,12,2.75,4,2.75,1.5714285714285714
6,7,2.8333333333333335,4,2.0,1.2
8,13,2.75,5,1.6666666666666667,1.4285714285714286
6,6,2.1666666666666665,3,1.6666666666666667,1.0
7,12,2.0,3,3.0,1.5
6,6,2.3333333333333335,4,1.6666666666666667,1.0
6,6,1.8333333333333333,3,1.5,1.0
9,20,3.4444444444444446,7,2.0,2.2857142857142856
8,9,1.5,3,2.0,1.3333333333333333
14,32,3.642857142857143,6,3.3333333333333335,2.5
6,10,3.0,5,1.6,1.6
6,7,2.5,4,2.0,1.2
7,7,1.7142857142857142,3,1.5,1.0
7,8,2.5714285714285716,4,2.0,1.0
7,9,2.7142857142857144,4,2.6666666666666665,1.3333333333333333
7,7,2.5714285714285716,4,2.0,1.0
8,13,2.75,4,2.75,1.5714285714285714
6,7,2.8333333333333335,4,1.6666666666666667,1.0
7,8,2.0,3,1.6666666666666667,1.0
7,7,1.4285714285714286,2,3.0,1.0
7,7,1.4285714285714286,2,3.0,1.0
8,9,2.625,4,2.6666666666666665,1.1428571428571428
7,9,3.0,5,2.0,1.3333333333333333
6,6,2.3333333333333335,4,1.3333333333333333,1.0
8,10,2.625,4,2.6666666666666665,1.1428571428571428
7,8,2.142857142857143,4,1.3333333333333333,1.0
6,7,2.3333333333333335,4,1.5,1.2
6,6,2.3333333333333335,4,1.6666666666666667,1.0
7,11,3.142857142857143,5,1.8,1.5
7,9,2.5714285714285716,4,2.0,1.2
10,18,2.6,5,2.5,1.875
6,7,2.8333333333333335,4,1.6666666666666667,1.0
7,8,2.4285714285714284,4,1.5,1.0
8,11,2.75,4,3.0,1.2857142857142858
6,7,3.0,5,1.5,1.2
7,11,3.5714285714285716,5,2.5,1.6666666666666667
7,8,2.4285714285714284,4,1.5,1.0
6,6,2.3333333333333335,4,1.6666666666666667,1.0
7,12,3.142857142857143,5,1.8,1.5
8,11,2.75,4,3.0,1.2857142857142858
8,11,2.625,4,2.25,1.2857142857142858
7,9,2.5714285714285716,4,1.75,1.1666666666666667
6,7,2.3333333333333335,4,1.5,1.2
7,7,2.0,3,1.6666666666666667,1.0
8,10,2.75,4,2.6666666666666665,1.1428571428571428
8,10,2.625,4,2.0,1.1428571428571428
6,6,2.3333333333333335,4,1.6666666666666667,1.0
7,9,2.4285714285714284,4,1.4,1.1666666666666667
8,11,2.75,4,3.0,1.2857142857142858
7,11,2.7142857142857144,4,2.5,1.6666666666666667
7,9,2.4285714285714284,4,1.4,1.1666666666666667
7,7,1.4285714285714286,2,3.0,1.0
8,11,2.75,4,3.0,1.2857142857142858
7,8,2.4285714285714284,4,1.4,1.1666666666666667
7,7,1.7142857142857142,3,1.5,1.0
7,10,2.4285714285714284,4,1.6,1.3333333333333333
7,9,2.7142857142857144,4,2.6666666666666665,1.3333333333333333
6,7,2.3333333333333335,4,1.5,1.2
7,8,2.0,3,2.0,1.2
11,25,2.6363636363636362,5,3.142857142857143,2.4444444444444446
8,10,3.5,5,1.8,1.2857142857142858
11,22,2.6363636363636362,5,2.7142857142857144,2.111111111111111
6,6,2.3333333333333335,4,1.6666666666666667,1.0
6,7,2.3333333333333335,4,1.5,1.2
9,11,1.4444444444444444,2,4.0,1.0
7,10,2.4285714285714284,4,1.6,1.3333333333333333
7,10,3.142857142857143,5,1.8,1.5
7,7,2.5714285714285716,4,2.0,1.0
8,10,2.75,4,2.25,1.2857142857142858
7,8,2.5714285714285716,4,2.3333333333333335,1.1666666666666667
7,7,2.5714285714285716,4,2.0,1.0
8,9,2.75,4,2.3333333333333335,1.0
6,7,2.3333333333333335,4,1.5,1.2
6,7,2.5,4,2.0,1.2
7,8,2.0,3,1.6666666666666667,1.0
7,7,2.5714285714285716,4,2.0,1.0
7,7,1.7142857142857142,3,1.5,1.0
10,22,3.0,6,2.111111111111111,2.375
8,10,2.0,3,2.5,1.0
8,17,3.125,5,2.5,1.6666666666666667
8,10,2.75,4,2.6666666666666665,1.1428571428571428
6,6,2.3333333333333335,4,1.6666666666666667,1.0
6,6,2.3333333333333335,4,1.6666666666666667,1.0
7,8,2.0,3,1.6666666666666667,1.0
7,7,1.4285714285714286,2,3.0,1.0
6,8,2.5,4,1.75,1.4
7,9,2.7142857142857144,4,1.6,1.3333333333333333
8,8,2.375,4,2.0,1.0
8,15,2.625,5,2.0,1.6
8,10,2.75,4,2.6666666666666665,1.1428571428571428
6,7,2.3333333333333335,4,1.5,1.2
6,6,2.3333333333333335,4,1.6666666666666667,1.0
7,8,2.4285714285714284,4,1.5,1.0
7,7,1.4285714285714286,2,3.0,1.0
6,8,2.5,4,1.75,1.4
7,10,3.142857142857143,5,1.8,1.5
7,7,2.5714285714285716,4,2.0,1.0
8,9,2.625,4,2.0,1.1428571428571428
7,9,2.5714285714285716,4,2.0,1.3333333333333333
8,8,2.625,4,2.3333333333333335,1.0
8,10,2.75,4,2.6666666666666665,1.1428571428571428
6,7,2.3333333333333335,4,1.5,1.2
6,6,2.1666666666666665,3,1.6666666666666667,1.0
7,8,2.4285714285714284,4,1.5,1.0
7,7,2.5714285714285716,4,2.0,1.0
7,7,1.7142857142857142,3,1.5,1.0
9,20,3.5555555555555554,7,2.125,2.4285714285714284
7,8,1.7142857142857142,3,1.5,1.0
7,9,2.5714285714285716,4,2.0,1.3333333333333333
6,7,2.5,4,2.0,1.2
6,7,2.1666666666666665,3,1.6666666666666667,1.0
6,6,2.3333333333333335,4,1.6666666666666667,1.0
7,12,3.142857142857143,5,1.8,1.5
7,7,2.5714285714285716,4,2.0,1.0
7,9,2.5714285714285716,4,2.0,1.3333333333333333
6,8,2.6666666666666665,4,2.3333333333333335,1.4
7,8,2.0,3,1.6666666666666667,1.0
6,6,2.3333333333333335,4,1.6666666666666667,1.0
9,20,3.5555555555555554,7,2.125,2.4285714285714284
7,8,1.5714285714285714,3,2.0,1.3333333333333333
10,20,2.6,5,2.0,2.0
6,9,2.8333333333333335,4,2.0,1.6
9,12,1.6666666666666667,3,2.0,1.5
6,6,2.3333333333333335,4,1.6666666666666667,1.0
8,8,2.375,4,2.0,1.0
7,8,2.5714285714285716,4,2.3333333333333335,1.1666666666666667
7,7,2.0,3,1.6666666666666667,1.0
8,10,2.625,4,2.6666666666666665,1.1428571428571428
8,9,2.5,4,1.75,1.0
8,10,2.75,4,2.6666666666666665,1.1428571428571428
6,6,2.3333333333333335,4,1.6666666666666667,1.0
8,10,2.625,4,2.6666666666666665,1.1428571428571428
7,10,3.0,5,1.8,1.5
6,7,2.3333333333333335,4,1.3333333333333333,1.0
7,11,1.7142857142857142,3,2.5,1.6666666666666667
7,7,1.7142857142857142,3,1.5,1.0
6,6,2.1666666666666665,3,1.6666666666666667,1.0
6,6,2.1666666666666665,3,1.6666666666666667,1.0
7,8,1.7142857142857142,3,2.0,1.0
9,19,3.2222222222222223,6,2.0,2.0
8,8,1.25,2,2.0,1.0
11,24,2.727272727272727,5,2.5,2.2222222222222223
6,7,2.3333333333333335,4,1.5,1.2
7,9,2.4285714285714284,4,1.4,1.1666666666666667
7,7,1.4285714285714286,2,3.0,1.0
7,10,2.142857142857143,3,2.5,1.0
7,9,3.0,5,2.0,1.3333333333333333
6,7,2.3333333333333335,4,1.3333333333333333,1.0
7,8,2.5714285714285716,4,2.0,1.0
7,8,3.0,5,1.75,1.1666666666666667
8,10,2.75,4,2.6666666666666665,1.1428571428571428
6,6,2.3333333333333335,4,1.6666666666666667,1.0
7,7,1.4285714285714286,3,1.0,1.0
8,10,2.75,5,1.8,1.2857142857142858
6,8,2.6666666666666665,4,2.3333333333333335,1.4
6,6,1.8333333333333333,3,1.5,1.0
6,7,2.8333333333333335,4,1.5,1.2
6,6,2.3333333333333335,4,1.6666666666666667,1.0
7,8,2.4285714285714284,4,1.5,1.0
10,23,2.6,5,2.7142857142857144,2.7142857142857144
7,7,1.7142857142857142,3,1.5,1.0
7,7,2.5714285714285716,4,2.0,1.0
8,11,2.625,4,2.25,1.2857142857142858
7,8,2.5714285714285716,4,2.0,1.0
6,6,2.1666666666666665,3,1.6666666666666667,1.0
6,6,1.8333333333333333,3,1.5,1.0
6,9,2.8333333333333335,4,1.5,1.2
7,7,1.4285714285714286,2,3.0,1.0
6,6,2.3333333333333335,4,1.6666666666666667,1.0
10,23,2.7,6,2.0,2.2857142857142856
8,8,1.25,2,2.0,1.0
12,25,2.5,4,2.625,2.1
7,10,2.4285714285714284,4,1.5,1.0
6,6,2.8333333333333335,4,1.6666666666666667,1.0
7,8,2.4285714285714284,4,1.5,1.0
7,11,3.142857142857143,5,1.8,1.5
7,9,2.7142857142857144,4,2.6666666666666665,1.3333333333333333
6,7,3.0,5,1.5,1.2
7,10,2.2857142857142856,3,2.25,1.5
7,8,1.7142857142857142,3,2.0,1.0
7,8,1.7142857142857142,3,2.0,1.0
6,7,2.3333333333333335,4,1.5,1.2
7,8,1.5714285714285714,3,2.0,1.3333333333333333
14,38,3.142857142857143,6,3.6,3.0
8,9,3.5,5,1.6,1.1428571428571428
12,23,2.3333333333333335,4,2.5,2.0
7,7,2.4285714285714284,4,1.5,1.0
6,6,2.8333333333333335,4,1.6666666666666667,1.0
7,7,2.0,3,2.0,1.0
6,6,2.3333333333333335,4,1.6666666666666667,1.0
6,6,2.3333333333333335,4,1.6666666666666667,1.0
7,7,1.4285714285714286,2,3.0,1.0
8,8,2.625,4,2.3333333333333335,1.0
7,8,2.5714285714285716,4,2.3333333333333335,1.1666666666666667
7,8,2.0,3,2.0,1.2
8,8,2.625,4,2.3333333333333335,1.0
8,15,3.375,5,1.8333333333333333,1.5714285714285714
7,8,2.4285714285714284,4,1.4,1.1666666666666667
7,9,2.7142857142857144,4,2.6666666666666665,1.3333333333333333
8,12,1.875,3,3.0,1.5
7,7,2.5714285714285716,4,2.0,1.0
6,7,2.5,4,2.0,1.2
7,7,1.7142857142857142,3,1.5,1.0
6,6,2.3333333333333335,4,1.6666666666666667,1.0
8,8,2.625,4,2.3333333333333335,1.0
8,13,2.75,4,2.75,1.5714285714285714
7,8,2.5714285714285716,4,2.3333333333333335,1.1666666666666667
7,8,2.7142857142857144,4,2.3333333333333335,1.1666666666666667
7,9,2.0,3,2.0,1.2
8,8,2.625,4,2.3333333333333335,1.0
8,10,2.75,4,2.25,1.2857142857142858
8,8,2.5,4,2.3333333333333335,1.0
8,8,2.625,4,2.3333333333333335,1.0
7,7,2.5714285714285716,4,2.0,1.0
6,7,2.3333333333333335,4,1.3333333333333333,1.0
7,9,2.5714285714285716,4,1.75,1.1666666666666667
7,9,2.4285714285714284,4,1.75,1.1666666666666667
8,10,1.375,2,3.0,1.0
6,6,2.3333333333333335,4,1.6666666666666667,1.0
7,7,2.4285714285714284,4,1.5,1.0
8,8,2.625,4,2.3333333333333335,1.0
8,9,1.5,2,1.6666666666666667,1.25
7,9,2.7142857142857144,4,2.6666666666666665,1.3333333333333333
7,9,2.4285714285714284,4,1.4,1.1666666666666667
8,10,1.375,2,3.0,1.0
7,9,2.4285714285714284,4,1.75,1.1666666666666667
7,8,2.7142857142857144,4,2.3333333333333335,1.1666666666666667
6,6,2.3333333333333335,4,1.6666666666666667,1.0
7,8,2.4285714285714284,4,1.5,1.0
11,25,2.6363636363636362,5,2.2222222222222223,2.5
7,11,2.857142857142857,5,2.0,1.6
12,20,2.8333333333333335,5,2.8333333333333335,1.7
7,8,2.5714285714285716,4,2.0,1.0
6,7,2.3333333333333335,4,1.5,1.2
11,28,3.090909090909091,5,2.6666666666666665,2.6666666666666665
6,6,1.8333333333333333,3,1.5,1.0
7,7,2.5714285714285716,4,2.0,1.0
7,9,2.7142857142857144,4,2.6666666666666665,1.3333333333333333
7,10,1.5714285714285714,3,2.0,1.3333333333333333
6,10,3.1666666666666665,5,1.8,1.8
7,7,2.5714285714285716,4,2.0,1.0
7,11,3.2857142857142856,5,2.5,1.6666666666666667
6,6,2.3333333333333335,4,1.3333333333333333,1.0
8,8,2.625,4,2.3333333333333335,1.0
7,8,2.142857142857143,4,1.6666666666666667,1.0
6,7,2.3333333333333335,4,1.5,1.2
6,7,2.5,4,2.0,1.2
6,6,2.3333333333333335,4,1.6666666666666667,1.0
7,8,2.4285714285714284,4,1.4,1.1666666666666667
8,9,2.625,4,2.6666666666666665,1.1428571428571428
7,9,2.7142857142857144,4,2.6666666666666665,1.3333333333333333
7,10,2.4285714285714284,4,1.6,1.3333333333333333
7,7,1.4285714285714286,2,3.0,1.0
8,9,2.625,4,2.6666666666666665,1.1428571428571428
7,11,3.2857142857142856,5,2.5,1.6666666666666667
8,10,2.75,4,2.6666666666666665,1.1428571428571428
6,7,2.5,4,2.0,1.2
7,7,2.0,3,1.6666666666666667,1.0
9,13,1.6666666666666667,3,2.0,1.5
7,8,1.4285714285714286,2,3.0,1.0
7,9,2.4285714285714284,4,1.4,1.1666666666666667
7,8,1.7142857142857142,3,2.0,1.0
8,9,2.625,4,2.6666666666666665,1.1428571428571428
7,7,1.5714285714285714,2,2.0,1.0
6,6,2.8333333333333335,4,1.6666666666666667,1.0
6,7,2.3333333333333335,4,1.6666666666666667,1.0
8,9,2.625,4,2.6666666666666665,1.1428571428571428
9,12,1.4444444444444444,2,1.6666666666666667,1.25
6,7,2.8333333333333335,4,2.0,1.2
6,6,2.8333333333333335,4,1.6666666666666667,1.0
7,7,1.4285714285714286,2,3.0,1.0
8,9,2.625,4,2.6666666666666665,1.1428571428571428
7,11,3.142857142857143,5,2.0,1.6666666666666667
7,11,2.5714285714285716,4,1.8,1.5
7,9,2.4285714285714284,4,1.5,1.0
7,8,2.4285714285714284,4,1.4,1.1666666666666667
7,7,1.7142857142857142,3,1.5,1.0
10,24,2.7,6,2.0,2.5714285714285716
6,7,1.5,3,1.0,1.0
12,23,3.0833333333333335,6,2.5714285714285716,1.8
6,7,2.5,4,2.0,1.2
8,9,1.375,2,3.0,1.0
7,9,2.4285714285714284,4,1.6,1.3333333333333333
6,7,2.5,4,2.0,1.2
6,6,2.8333333333333335,4,1.6666666666666667,1.0
6,7,2.3333333333333335,4,1.6666666666666667,1.0
7,9,1.7142857142857142,3,1.3333333333333333,1.0
12,23,2.5,4,2.375,1.9
6,8,2.5,4,1.75,1.4
6,9,3.0,5,1.6,1.6
6,6,2.3333333333333335,4,1.6666666666666667,1.0
6,9,2.8333333333333335,4,2.0,1.6
8,13,1.875,3,3.0,1.5
7,8,2.4285714285714284,4,1.75,1.1666666666666667
6,7,2.5,4,2.0,1.2
6,6,2.8333333333333335,4,1.6666666666666667,1.0
7,11,3.142857142857143,5,1.8,1.5
8,10,2.5,4,2.6666666666666665,1.3333333333333333
8,12,2.75,4,2.5,1.4285714285714286
7,9,2.7142857142857144,4,2.6666666666666665,1.3333333333333333
7,8,1.7142857142857142,3,2.0,1.0
7,8,1.7142857142857142,3,2.0,1.0
8,11,2.75,4,3.0,1.2857142857142858
7,10,3.2857142857142856,5,1.8,1.5
6,6,2.3333333333333335,4,1.3333333333333333,1.0
6,11,3.0,5,1.8,1.8
8,11,2.75,4,3.0,1.2857142857142858
10,13,1.9,4,1.6,1.3333333333333333
6,7,2.8333333333333335,4,1.6666666666666667,1.0
7,8,2.4285714285714284,4,1.4,1.1666666666666667
12,31,3.1666666666666665,6,3.0,2.7
7,8,1.7142857142857142,3,1.5,1.0
8,9,2.75,4,2.6666666666666665,1.1428571428571428
8,10,2.75,4,2.6666666666666665,1.1428571428571428
6,7,2.3333333333333335,4,1.5,1.2
8,8,2.625,4,2.3333333333333335,1.0
8,9,2.5,4,1.75,1.0
8,10,2.75,4,2.6666666666666665,1.1428571428571428
7,9,2.7142857142857144,4,2.6666666666666665,1.3333333333333333
7,7,2.5714285714285716,4,2.0,1.0
8,8,2.625,4,2.3333333333333335,1.0
10,14,1.9,3,2.0,1.3333333333333333
8,13,2.75,4,2.75,1.5714285714285714
6,7,2.8333333333333335,4,1.6666666666666667,1.0
7,12,2.0,3,3.0,1.5
9,13,1.6666666666666667,3,2.0,1.5
7,7,1.7142857142857142,3,1.5,1.0
8,8,2.625,4,2.3333333333333335,1.0
7,7,2.5714285714285716,4,2.0,1.0
7,7,1.7142857142857142,3,1.5,1.0
8,8,2.625,4,2.3333333333333335,1.0
8,9,2.75,4,2.3333333333333335,1.0
6,7,2.3333333333333335,4,1.5,1.2
8,8,2.625,4,2.3333333333333335,1.0
8,13,2.75,4,2.75,1.5714285714285714
6,6,2.3333333333333335,4,1.3333333333333333,1.0
7,10,2.4285714285714284,4,1.6,1.3333333333333333
7,7,1.4285714285714286,2,3.0,1.0
7,7,1.4285714285714286,2,3.0,1.0
8,8,2.625,4,2.3333333333333335,1.0
8,10,2.5,4,2.0,1.1428571428571428
6,6,2.3333333333333335,4,1.6666666666666667,1.0
6,7,2.5,4,2.0,1.2
6,9,2.5,4,1.6,1.6
8,8,2.625,4,2.3333333333333335,1.0
8,9,1.5,2,1.6666666666666667,1.25
6,7,2.8333333333333335,4,1.6666666666666667,1.0
7,9,2.4285714285714284,4,1.75,1.1666666666666667
7,9,2.4285714285714284,4,1.4,1.1666666666666667
8,8,2.625,4,2.3333333333333335,1.0
8,8,2.5,4,1.75,1.0
8,10,2.75,4,2.6666666666666665,1.1428571428571428
6,6,2.3333333333333335,4,1.6666666666666667,1.0
8,8,2.625,4,2.3333333333333335,1.0
9,12,1.4444444444444444,2,1.6666666666666667,1.25
7,9,2.7142857142857144,4,2.6666666666666665,1.3333333333333333
7,7,2.5714285714285716,4,2.0,1.0
6,6,2.3333333333333335,4,1.6666666666666667,1.0
9,19,3.4444444444444446,7,2.0,2.2857142857142856
7,7,1.4285714285714286,3,1.0,1.0
6,6,1.5,3,1.0,1.0
12,20,1.6666666666666667,3,3.25,1.8571428571428572
14,31,2.142857142857143,4,3.8333333333333335,2.5555555555555554
13,22,2.4615384615384617,4,2.2857142857142856,1.4545454545454546
13,24,2.4615384615384617,4,3.3333333333333335,1.8181818181818181
12,26,2.3333333333333335,4,2.3,2.3
12,19,2.3333333333333335,4,2.0,1.6
12,26,2.5833333333333335,4,2.875,2.3
13,27,2.3846153846153846,5,2.6666666666666665,2.1818181818181817
12,20,2.5,5,2.4285714285714284,1.7
14,38,3.2142857142857144,6,3.5555555555555554,2.6666666666666665
7,10,3.142857142857143,5,1.6,1.3333333333333333
11,21,2.5454545454545454,5,2.25,2.0
6,6,1.8333333333333333,3,1.5,1.0
8,8,2.625,4,2.3333333333333335,1.0
12,20,2.8333333333333335,5,2.4285714285714284,1.7
7,8,2.5714285714285716,4,2.3333333333333335,1.1666666666666667
8,9,1.375,2,3.0,1.0
7,8,2.4285714285714284,4,1.4,1.1666666666666667
6,7,2.5,4,2.0,1.2
6,6,2.8333333333333335,4,1.6666666666666667,1.0
6,6,1.8333333333333333,3,2.0,1.0
8,8,2.625,4,2.3333333333333335,1.0
10,16,2.2,4,2.4,1.5
7,11,2.5714285714285716,4,1.8,1.5
8,12,1.625,3,2.5,1.6666666666666667
6,6,2.3333333333333335,4,1.6666666666666667,1.0
7,8,2.4285714285714284,4,1.4,1.1666666666666667
6,8,3.0,5,1.4,1.4
6,7,2.5,4,2.0,1.2
6,6,2.8333333333333335,4,1.6666666666666667,1.0
8,9,2.625,4,2.3333333333333335,1.0
8,13,2.75,5,2.2,1.5714285714285714
7,8,2.5714285714285716,4,2.3333333333333335,1.1666666666666667
6,8,2.8333333333333335,4,1.5,1.2
7,10,2.4285714285714284,4,1.75,1.1666666666666667
6,6,2.1666666666666665,3,1.6666666666666667,1.0
7,8,2.4285714285714284,4,1.5,1.0
7,10,2.7142857142857144,4,1.6,1.3333333333333333
7,7,2.5714285714285716,4,2.0,1.0
7,8,2.142857142857143,4,1.3333333333333333,1.0
7,8,2.5714285714285716,4,2.3333333333333335,1.1666666666666667
7,9,2.4285714285714284,4,1.5,1.0
9,19,3.2222222222222223,6,1.875,2.142857142857143
7,7,1.4285714285714286,3,1.0,1.0
6,6,1.5,3,1.0,1.0
13,24,2.0,3,2.6666666666666665,1.7777777777777777
5,5,2.4,4,1.3333333333333333,1.0
7,10,2.142857142857143,4,1.4,1.4
6,7,2.5,4,2.0,1.2
7,9,2.4285714285714284,4,1.6,1.3333333333333333
5,6,3.0,5,1.25,1.25
14,42,3.4285714285714284,8,3.1818181818181817,3.1818181818181817
7,9,2.5714285714285716,4,2.0,1.2
10,18,2.6,5,2.142857142857143,1.875
6,6,2.3333333333333335,4,1.6666666666666667,1.0
11,26,2.727272727272727,5,2.75,2.75
7,7,1.7142857142857142,3,1.5,1.0
8,9,2.625,4,2.3333333333333335,1.0
7,9,2.4285714285714284,4,1.4,1.1666666666666667
7,9,2.7142857142857144,4,2.6666666666666665,1.3333333333333333
6,7,2.8333333333333335,4,1.5,1.2
7,9,2.4285714285714284,4,1.5,1.0
6,6,2.1666666666666665,3,1.6666666666666667,1.0
7,8,2.4285714285714284,4,1.5,1.0
7,11,2.7142857142857144,4,1.6,1.3333333333333333
7,9,2.7142857142857144,4,2.6666666666666665,1.3333333333333333
7,8,2.142857142857143,4,1.3333333333333333,1.0
7,9,2.7142857142857144,4,2.6666666666666665,1.3333333333333333
7,8,2.0,3,1.6666666666666667,1.0
8,15,3.5,6,2.0,1.7142857142857142
7,8,2.7142857142857144,4,2.3333333333333335,1.1666666666666667
8,11,2.625,4,2.25,1.2857142857142858
6,9,2.8333333333333335,4,2.0,1.6
6,9,3.0,5,1.6,1.6
8,11,2.75,4,3.0,1.2857142857142858
7,8,2.5714285714285716,4,1.75,1.1666666666666667
6,7,2.3333333333333335,4,1.5,1.2
7,8,2.5714285714285716,4,1.75,1.1666666666666667
12,28,3.0,5,3.25,2.6
8,10,2.5,4,2.3333333333333335,1.1666666666666667
7,10,2.857142857142857,4,3.0,1.5
7,8,2.7142857142857144,4,2.3333333333333335,1.1666666666666667
9,14,2.6666666666666665,4,2.0,1.5
6,7,2.3333333333333335,4,1.5,1.2
7,8,1.7142857142857142,3,2.0,1.0
9,12,2.4444444444444446,4,2.0,1.25
6,6,2.3333333333333335,4,1.6666666666666667,1.0
7,7,2.5714285714285716,4,2.0,1.0
8,13,2.5,4,1.75,1.1666666666666667
7,8,2.5714285714285716,4,2.0,1.0
6,7,2.8333333333333335,4,1.6666666666666667,1.0
6,6,1.8333333333333333,3,1.5,1.0
6,6,2.3333333333333335,4,1.6666666666666667,1.0
12,27,3.0,5,3.125,2.5
7,8,2.5714285714285716,4,2.0,1.0
7,8,2.5714285714285716,4,2.3333333333333335,1.1666666666666667
7,7,2.5714285714285716,4,2.0,1.0
7,7,2.142857142857143,4,1.3333333333333333,1.0
8,15,2.625,5,2.25,1.8
7,8,2.5714285714285716,4,2.3333333333333335,1.1666666666666667
7,7,2.4285714285714284,4,1.5,1.0
7,8,1.7142857142857142,3,2.0,1.0
6,6,2.3333333333333335,4,1.6666666666666667,1.0
7,8,2.7142857142857144,4,2.3333333333333335,1.1666666666666667
8,8,2.625,4,2.3333333333333335,1.0
8,14,2.5,5,2.0,1.6
7,8,2.142857142857143,4,1.6666666666666667,1.0
6,6,2.8333333333333335,4,1.6666666666666667,1.0
6,7,2.5,4,2.0,1.2
9,13,1.6666666666666667,3,2.0,1.5
9,19,3.4444444444444446,7,2.0,2.2857142857142856
8,9,1.75,3,2.0,1.0
7,8,2.5714285714285716,4,2.3333333333333335,1.1666666666666667
7,8,2.0,3,2.0,1.2
7,7,1.4285714285714286,2,3.0,1.0
8,8,2.375,4,2.0,1.0
7,8,2.5714285714285716,4,2.3333333333333335,1.1666666666666667
8,8,2.625,4,2.3333333333333335,1.0
8,16,2.625,5,2.25,1.8
6,6,2.8333333333333335,4,1.6666666666666667,1.0
7,10,1.7142857142857142,3,2.5,1.6666666666666667
7,9,2.7142857142857144,4,2.6666666666666665,1.3333333333333333
7,7,2.5714285714285716,4,2.0,1.0
6,7,2.5,4,2.0,1.2
6,6,2.1666666666666665,3,1.6666666666666667,1.0
7,8,2.4285714285714284,4,1.4,1.1666666666666667
8,8,2.625,4,2.3333333333333335,1.0
8,10,2.75,4,2.6666666666666665,1.1428571428571428
6,7,2.5,4,2.0,1.2
7,7,2.5714285714285716,4,2.0,1.0
9,20,3.4444444444444446,7,2.0,2.2857142857142856
8,8,1.5,3,1.5,1.0
12,25,2.8333333333333335,5,2.4444444444444446,2.2
7,11,2.2857142857142856,4,2.0,1.6
7,7,2.5714285714285716,4,2.0,1.0
11,23,2.727272727272727,5,2.5,2.2222222222222223
7,9,2.142857142857143,4,1.6666666666666667,1.25
7,11,3.5714285714285716,5,2.5,1.6666666666666667
7,7,2.4285714285714284,4,1.5,1.0
7,8,2.5714285714285716,4,2.3333333333333335,1.1666666666666667
7,11,3.0,4,2.5,1.6666666666666667
7,7,2.0,3,1.6666666666666667,1.0
7,7,1.4285714285714286,2,3.0,1.0
6,7,2.8333333333333335,4,2.0,1.2
7,7,2.0,3,1.6666666666666667,1.0
6,6,2.3333333333333335,4,1.6666666666666667,1.0
9,20,3.5555555555555554,7,2.125,2.4285714285714284
8,9,1.5,3,2.0,1.3333333333333333
11,21,2.5454545454545454,5,2.25,2.0
8,10,2.375,4,2.3333333333333335,1.1666666666666667
7,11,3.0,4,2.5,1.6666666666666667
7,7,2.4285714285714284,4,1.5,1.0
8,10,2.625,4,2.6666666666666665,1.1428571428571428
8,10,2.5,4,2.0,1.1428571428571428
7,7,2.0,3,1.6666666666666667,1.0
7,7,1.4285714285714286,2,3.0,1.0
6,6,2.8333333333333335,4,1.6666666666666667,1.0
7,7,2.0,3,1.6666666666666667,1.0
6,6,2.3333333333333335,4,1.6666666666666667,1.0
9,19,3.4444444444444446,7,2.0,2.2857142857142856
8,9,1.5,3,2.0,1.3333333333333333
8,11,2.625,4,2.25,1.2857142857142858
7,8,2.5714285714285716,4,2.0,1.0
6,7,2.5,4,2.0,1.2
7,7,1.4285714285714286,2,3.0,1.0
6,6,2.3333333333333335,4,1.6666666666666667,1.0
7,7,2.5714285714285716,4,2.0,1.0
11,22,2.727272727272727,5,2.375,2.111111111111111
8,9,2.375,4,2.3333333333333335,1.1666666666666667
8,14,2.875,5,1.5,1.5
7,9,2.4285714285714284,4,1.5,1.0
6,7,2.5,4,2.0,1.2
6,10,3.1666666666666665,5,1.8,1.8
8,9,2.625,4,2.6666666666666665,1.1428571428571428
7,8,3.0,5,1.75,1.1666666666666667
7,8,2.5714285714285716,4,2.0,1.0
6,6,2.3333333333333335,4,1.6666666666666667,1.0
8,9,2.625,4,2.6666666666666665,1.1428571428571428
9,10,1.4444444444444444,2,1.6666666666666667,1.25
6,6,2.8333333333333335,4,1.6666666666666667,1.0
6,6,2.8333333333333335,4,1.6666666666666667,1.0
7,7,1.4285714285714286,2,3.0,1.0
7,8,2.4285714285714284,4,1.6666666666666667,1.0
7,8,2.5714285714285716,4,2.0,1.0
7,13,3.0,5,1.8,1.5
6,6,1.8333333333333333,3,1.5,1.0
8,11,2.875,5,1.8,1.2857142857142858
6,6,2.1666666666666665,3,1.6666666666666667,1.0
7,8,2.4285714285714284,4,1.4,1.1666666666666667
7,7,1.4285714285714286,2,3.0,1.0
8,9,2.625,4,2.6666666666666665,1.1428571428571428
7,10,2.857142857142857,4,3.0,1.5
6,8,2.8333333333333335,4,1.75,1.4
8,11,2.75,4,3.0,1.2857142857142858
8,10,2.75,4,2.6666666666666665,1.1428571428571428
6,6,2.3333333333333335,4,1.3333333333333333,1.0
7,7,2.4285714285714284,4,1.5,1.0
6,6,2.3333333333333335,4,1.6666666666666667,1.0
7,10,2.7142857142857144,4,1.6,1.3333333333333333
8,11,2.75,4,3.0,1.2857142857142858
8,10,2.625,4,2.0,1.1428571428571428
7,12,3.2857142857142856,5,2.2,1.8333333333333333
8,11,2.75,4,3.0,1.2857142857142858
7,8,2.142857142857143,4,1.3333333333333333,1.0
12,23,2.9166666666666665,5,3.0,2.1
7,9,2.7142857142857144,4,2.0,1.3333333333333333
13,25,2.5384615384615383,4,2.75,2.0
6,6,2.8333333333333335,4,1.6666666666666667,1.0
7,9,2.0,4,1.6666666666666667,1.25
7,8,2.7142857142857144,4,2.3333333333333335,1.1666666666666667
7,8,2.142857142857143,4,1.3333333333333333,1.0
6,7,2.3333333333333335,4,1.5,1.2
7,10,2.4285714285714284,4,1.6,1.3333333333333333
7,7,1.4285714285714286,2,3.0,1.0
8,12,3.5,5,2.0,1.4285714285714286
15,34,3.6,6,2.909090909090909,2.4615384615384617
6,7,2.3333333333333335,4,1.5,1.2
7,7,2.4285714285714284,4,1.5,1.0
8,8,2.625,4,2.3333333333333335,1.0
10,14,2.0,4,2.0,1.3333333333333333
6,6,2.8333333333333335,4,1.6666666666666667,1.0
6,6,2.8333333333333335,4,1.6666666666666667,1.0
7,7,1.4285714285714286,2,3.0,1.0
8,8,2.625,4,2.3333333333333335,1.0
7,8,2.142857142857143,4,1.3333333333333333,1.0
8,10,2.75,4,2.6666666666666665,1.1428571428571428
6,7,2.5,4,2.0,1.2
7,10,1.7142857142857142,3,2.5,1.6666666666666667
7,9,1.7142857142857142,3,2.5,1.6666666666666667
6,6,2.1666666666666665,3,1.6666666666666667,1.0
7,9,2.4285714285714284,4,1.6,1.3333333333333333
8,9,1.25,2,2.0,1.0
10,21,3.0,6,2.111111111111111,2.375
8,8,2.375,4,2.0,1.0
11,18,2.272727272727273,4,2.142857142857143,1.6666666666666667
7,9,2.4285714285714284,4,1.75,1.1666666666666667
7,7,2.5714285714285716,4,2.0,1.0
8,9,2.625,4,2.3333333333333335,1.0
8,13,2.75,4,2.75,1.5714285714285714
8,10,2.75,4,2.6666666666666665,1.1428571428571428
6,6,2.3333333333333335,4,1.3333333333333333,1.0
8,9,2.625,4,2.3333333333333335,1.0
7,8,2.5714285714285716,4,2.3333333333333335,1.1666666666666667
7,7,1.7142857142857142,3,1.5,1.0
8,9,2.625,4,2.3333333333333335,1.0
8,9,2.75,4,2.3333333333333335,1.0
6,7,2.3333333333333335,4,1.5,1.2
7,9,2.0,3,1.6666666666666667,1.0
6,6,2.3333333333333335,4,1.6666666666666667,1.0
9,19,3.4444444444444446,7,2.0,2.2857142857142856
8,9,1.5,3,1.5,1.0
8,9,2.625,4,2.0,1.1428571428571428
6,7,2.5,4,2.0,1.2
7,9,2.4285714285714284,4,1.4,1.1666666666666667
6,6,2.3333333333333335,4,1.6666666666666667,1.0
8,9,2.375,4,2.0,1.0
6,8,2.8333333333333335,4,2.0,1.2
7,7,1.4285714285714286,2,3.0,1.0
7,7,1.4285714285714286,2,3.0,1.0
7,9,2.0,3,2.0,1.0
8,10,2.625,4,2.25,1.2857142857142858
6,7,2.5,4,2.0,1.2
6,7,2.3333333333333335,4,1.3333333333333333,1.0
7,7,2.5714285714285716,4,2.0,1.0
6,6,2.3333333333333335,4,1.6666666666666667,1.0
6,7,2.3333333333333335,4,1.6666666666666667,1.0
7,7,2.5714285714285716,4,2.0,1.0
11,18,2.4545454545454546,4,2.0,1.5555555555555556
7,8,2.5714285714285716,4,2.3333333333333335,1.1666666666666667
7,8,2.4285714285714284,4,1.4,1.1666666666666667
7,12,2.0,3,3.0,1.5
6,6,2.3333333333333335,4,1.6666666666666667,1.0
7,8,2.4285714285714284,4,1.4,1.1666666666666667
6,9,2.5,4,1.6,1.6
6,6,2.1666666666666665,3,1.6666666666666667,1.0
6,6,2.8333333333333335,4,1.6666666666666667,1.0
8,16,2.5,5,1.7142857142857142,2.0
8,8,1.5,3,1.5,1.0
8,11,2.75,4,2.5,1.4285714285714286
6,6,2.3333333333333335,4,1.3333333333333333,1.0
7,8,2.4285714285714284,4,1.5,1.0
7,7,2.5714285714285716,4,2.0,1.0
8,13,2.75,4,2.75,1.5714285714285714
6,7,2.3333333333333335,4,1.5,1.2
7,7,2.5714285714285716,4,2.0,1.0
7,10,2.857142857142857,4,3.0,1.5
7,8,2.0,3,1.6666666666666667,1.0
6,6,2.3333333333333335,4,1.6666666666666667,1.0
8,9,2.625,4,2.6666666666666665,1.1428571428571428
8,10,2.5,4,2.0,1.1428571428571428
7,7,2.0,3,1.6666666666666667,1.0
7,7,1.4285714285714286,2,3.0,1.0
6,6,2.8333333333333335,4,1.6666666666666667,1.0
7,9,2.4285714285714284,4,1.4,1.1666666666666667
6,6,2.3333333333333335,4,1.6666666666666667,1.0
8,9,2.625,4,2.6666666666666665,1.1428571428571428
7,9,2.7142857142857144,4,2.6666666666666665,1.3333333333333333
7,9,2.4285714285714284,4,1.4,1.1666666666666667
7,7,1.4285714285714286,2,3.0,1.0
8,8,2.625,4,2.3333333333333335,1.0
8,10,2.5,4,2.0,1.1428571428571428
7,8,2.4285714285714284,4,1.4,1.1666666666666667
6,7,2.8333333333333335,4,2.0,1.2
7,10,2.5714285714285716,4,1.6,1.3333333333333333
8,10,1.375,2,3.0,1.0
7,8,2.4285714285714284,4,1.75,1.1666666666666667
6,8,3.1666666666666665,5,1.75,1.4
8,8,2.625,4,2.3333333333333335,1.0
7,8,3.0,5,1.75,1.1666666666666667
6,7,2.3333333333333335,4,1.3333333333333333,1.0
8,10,2.625,4,2.6666666666666665,1.1428571428571428
8,10,2.75,4,2.25,1.2857142857142858
6,7,2.8333333333333335,4,1.6666666666666667,1.0
6,7,2.8333333333333335,4,1.5,1.2
7,8,2.4285714285714284,4,1.5,1.0
6,6,2.1666666666666665,3,1.6666666666666667,1.0
7,8,2.4285714285714284,4,1.4,1.1666666666666667
8,10,1.375,2,3.0,1.0
10,24,2.7,6,2.0,2.5714285714285716
6,7,1.5,3,1.0,1.0
6,6,1.1666666666666667,2,1.0,1.0
13,26,2.076923076923077,4,2.8333333333333335,1.8888888888888888
14,33,2.642857142857143,5,3.125,2.272727272727273
13,20,2.076923076923077,4,2.6,1.4444444444444444
13,28,3.0,5,3.6666666666666665,2.0
13,28,2.4615384615384617,4,2.5,2.272727272727273
12,19,2.3333333333333335,4,2.0,1.6
13,30,3.1538461538461537,5,3.375,2.4545454545454546
13,31,2.3846153846153846,5,2.5454545454545454,2.5454545454545454
12,24,2.5833333333333335,5,2.625,2.1
14,35,3.0714285714285716,6,2.9,2.4166666666666665
8,10,2.375,4,1.4,1.1666666666666667
7,8,2.4285714285714284,4,1.75,1.1666666666666667
8,9,1.875,3,2.5,1.25
6,7,2.3333333333333335,4,1.5,1.2
7,7,1.7142857142857142,3,1.5,1.0
7,9,2.7142857142857144,4,1.6,1.3333333333333333
8,9,3.5,5,1.6,1.1428571428571428
11,23,2.6363636363636362,5,2.5,2.2222222222222223
7,8,2.5714285714285716,4,2.0,1.0
6,6,2.3333333333333335,4,1.6666666666666667,1.0
7,9,2.0,3,1.6666666666666667,1.0
6,6,2.3333333333333335,4,1.6666666666666667,1.0
6,6,2.8333333333333335,4,1.6666666666666667,1.0
7,7,1.4285714285714286,2,3.0,1.0
8,8,2.625,4,2.3333333333333335,1.0
13,31,3.1538461538461537,6,3.111111111111111,2.5454545454545454
8,9,2.625,4,2.3333333333333335,1.0
9,12,1.6666666666666667,3,2.0,1.5
8,12,2.75,4,2.5,1.4285714285714286
6,6,2.3333333333333335,4,1.3333333333333333,1.0
7,10,2.4285714285714284,4,1.5,1.0
8,8,2.625,4,2.3333333333333335,1.0
7,8,2.142857142857143,4,1.3333333333333333,1.0
8,10,2.75,4,2.6666666666666665,1.1428571428571428
6,7,2.3333333333333335,4,1.5,1.2
8,8,2.625,4,2.3333333333333335,1.0
7,7,2.5714285714285716,4,2.0,1.0
7,7,1.7142857142857142,3,1.5,1.0
8,8,2.625,4,2.3333333333333335,1.0
8,13,2.75,4,2.75,1.5714285714285714
6,7,2.8333333333333335,4,1.6666666666666667,1.0
7,7,2.5714285714285716,4,2.0,1.0
8,8,2.625,4,2.3333333333333335,1.0
7,8,2.5714285714285716,4,2.3333333333333335,1.1666666666666667
8,10,1.375,2,3.0,1.0
7,8,2.4285714285714284,4,1.4,1.1666666666666667
6,6,2.8333333333333335,4,1.6666666666666667,1.0
6,6,1.8333333333333333,3,2.0,1.0
6,6,2.1666666666666665,3,1.6666666666666667,1.0
7,8,2.4285714285714284,4,1.4,1.1666666666666667
6,9,2.5,4,1.6,1.6
12,30,3.0,6,2.6,2.6
7,11,3.4285714285714284,5,1.8,1.5
12,26,2.9166666666666665,5,2.5555555555555554,2.3
8,13,1.875,3,3.0,1.5
8,13,1.875,3,3.0,1.5
6,6,2.3333333333333335,4,1.6666666666666667,1.0
7,11,1.7142857142857142,3,2.5,1.6666666666666667
7,8,2.5714285714285716,4,1.75,1.1666666666666667
8,8,2.625,4,2.3333333333333335,1.0
7,7,2.4285714285714284,4,1.6666666666666667,1.0
7,7,1.4285714285714286,2,3.0,1.0
8,8,2.625,4,2.3333333333333335,1.0
8,10,2.75,4,2.6666666666666665,1.1428571428571428
7,8,2.5714285714285716,4,2.3333333333333335,1.1666666666666667
7,7,2.4285714285714284,4,1.5,1.0
7,9,2.7142857142857144,4,1.6,1.3333333333333333
8,9,2.625,4,2.3333333333333335,1.0
6,7,2.3333333333333335,4,1.3333333333333333,1.0
7,8,1.7142857142857142,3,2.0,1.0
8,9,2.625,4,2.3333333333333335,1.0
6,6,2.1666666666666665,3,1.6666666666666667,1.0
7,7,1.4285714285714286,2,3.0,1.0
7,7,1.7142857142857142,3,1.5,1.0
6,6,2.3333333333333335,4,1.6666666666666667,1.0
8,10,2.625,4,2.6666666666666665,1.1428571428571428
7,8,2.5714285714285716,4,1.75,1.1666666666666667
6,6,2.3333333333333335,4,1.3333333333333333,1.0
7,10,2.5714285714285716,4,1.6,1.3333333333333333
8,9,2.625,4,2.6666666666666665,1.1428571428571428
8,9,1.5,2,1.6666666666666667,1.25
6,7,2.8333333333333335,4,1.6666666666666667,1.0
8,9,2.625,4,2.6666666666666665,1.1428571428571428
8,9,2.625,4,2.0,1.1428571428571428
6,6,2.3333333333333335,4,1.6666666666666667,1.0
8,9,2.625,4,2.6666666666666665,1.1428571428571428
8,12,2.625,4,2.5,1.4285714285714286
7,9,2.4285714285714284,4,1.4,1.1666666666666667
6,6,2.8333333333333335,4,1.6666666666666667,1.0
7,8,2.4285714285714284,4,1.4,1.1666666666666667
8,10,1.375,2,3.0,1.0
12,30,2.8333333333333335,5,3.0,2.7
7,10,2.857142857142857,5,2.0,1.6
10,17,2.6,5,2.3333333333333335,1.75
6,7,2.5,4,2.0,1.2
7,7,1.7142857142857142,3,1.5,1.0
7,8,2.5714285714285716,4,2.3333333333333335,1.1666666666666667
7,9,2.5714285714285716,4,1.75,1.1666666666666667
6,8,2.6666666666666665,4,2.3333333333333335,1.4
7,7,2.4285714285714284,4,1.5,1.0
6,6,2.3333333333333335,4,1.6666666666666667,1.0
8,9,2.625,4,2.6666666666666665,1.1428571428571428
7,9,2.7142857142857144,4,2.6666666666666665,1.3333333333333333
7,7,1.7142857142857142,3,1.5,1.0
8,10,2.625,4,2.6666666666666665,1.1428571428571428
11,15,2.272727272727273,4,1.8333333333333333,1.2222222222222223
6,7,2.5,4,2.0,1.2
7,12,2.0,3,3.0,1.5
6,6,2.1666666666666665,3,1.6666666666666667,1.0
6,6,2.8333333333333335,4,1.6666666666666667,1.0
7,9,2.7142857142857144,4,1.6,1.3333333333333333
8,9,2.625,4,2.6666666666666665,1.1428571428571428
8,10,2.5,4,2.0,1.1428571428571428
6,6,2.8333333333333335,4,1.6666666666666667,1.0
6,6,2.3333333333333335,4,1.6666666666666667,1.0
7,8,2.4285714285714284,4,1.4,1.1666666666666667
8,9,2.625,4,2.6666666666666665,1.1428571428571428
7,8,2.5714285714285716,4,2.3333333333333335,1.1666666666666667
7,7,2.0,3,1.6666666666666667,1.0
8,9,2.625,4,2.6666666666666665,1.1428571428571428
11,18,2.4545454545454546,4,2.3333333333333335,1.5555555555555556
7,9,2.7142857142857144,4,2.6666666666666665,1.3333333333333333
7,8,2.4285714285714284,4,1.4,1.1666666666666667
6,9,3.0,5,1.6,1.6
7,10,2.5714285714285716,4,1.6,1.3333333333333333
6,6,2.1666666666666665,3,1.6666666666666667,1.0
10,24,2.5,5,1.8888888888888888,2.4285714285714284
6,7,1.5,3,1.0,1.0
6,7,1.5,3,1.0,1.0
13,32,2.923076923076923,6,2.6,2.3636363636363638
13,27,2.6153846153846154,5,3.8,1.9
13,26,2.6153846153846154,5,3.0,1.8
13,32,3.230769230769231,6,3.375,2.4545454545454546
14,38,2.642857142857143,5,3.3333333333333335,2.727272727272727
13,27,2.5384615384615383,5,2.857142857142857,2.0
13,33,3.4615384615384617,7,3.2222222222222223,2.6363636363636362
13,27,2.3846153846153846,4,2.5555555555555554,2.090909090909091
14,35,2.642857142857143,5,3.5,2.5454545454545454
8,11,2.5,4,1.6,1.3333333333333333
8,10,2.5,4,1.8,1.2857142857142858
7,9,2.5714285714285716,4,1.75,1.1666666666666667
7,9,2.7142857142857144,4,2.6666666666666665,1.3333333333333333
7,9,2.7142857142857144,4,2.3333333333333335,1.1666666666666667
12,27,3.0,5,3.125,2.5
8,11,2.375,4,1.6,1.3333333333333333
8,10,2.625,4,2.25,1.2857142857142858
7,9,2.7142857142857144,4,2.6666666666666665,1.3333333333333333
8,10,2.75,4,2.6666666666666665,1.1428571428571428
7,9,2.7142857142857144,4,2.6666666666666665,1.3333333333333333
7,8,2.4285714285714284,4,1.5,1.0
6,8,2.5,4,1.75,1.4
8,9,2.625,4,2.3333333333333335,1.0
7,8,2.857142857142857,4,2.0,1.0
6,10,2.5,4,1.6,1.6
7,10,2.4285714285714284,4,1.6,1.3333333333333333
6,6,2.3333333333333335,4,1.6666666666666667,1.0
7,8,2.0,3,1.6666666666666667,1.0
8,8,2.625,4,2.3333333333333335,1.0
8,9,2.75,4,2.3333333333333335,1.0
6,6,2.3333333333333335,4,1.3333333333333333,1.0
7,11,3.0,5,1.8,1.5
7,7,1.7142857142857142,3,1.5,1.0
6,6,2.3333333333333335,4,1.6666666666666667,1.0
8,8,2.625,4,2.3333333333333335,1.0
7,7,2.4285714285714284,4,1.6666666666666667,1.0
7,8,1.7142857142857142,3,2.0,1.0
8,8,2.625,4,2.3333333333333335,1.0
8,14,2.875,5,2.0,1.6666666666666667
7,7,2.2857142857142856,3,2.0,1.0
7,7,2.4285714285714284,4,1.5,1.0
7,7,1.7142857142857142,3,1.5,1.0
6,6,2.8333333333333335,4,1.6666666666666667,1.0
7,8,2.4285714285714284,4,1.4,1.1666666666666667
9,19,3.4444444444444446,7,2.0,2.2857142857142856
7,7,1.4285714285714286,3,1.0,1.0
11,24,2.8181818181818183,5,2.857142857142857,2.2222222222222223
7,7,1.4285714285714286,2,3.0,1.0
7,9,2.5714285714285716,4,2.0,1.0
7,10,2.857142857142857,4,3.0,1.5
7,9,2.4285714285714284,4,1.4,1.1666666666666667
7,9,2.5714285714285716,4,2.0,1.3333333333333333
7,8,2.5714285714285716,4,2.0,1.0
7,10,3.0,4,2.25,1.5
8,10,2.75,4,2.6666666666666665,1.1428571428571428
7,8,2.5714285714285716,4,2.3333333333333335,1.1666666666666667
7,7,2.0,3,1.6666666666666667,1.0
8,10,1.375,2,3.0,1.0
7,7,2.5714285714285716,4,2.0,1.0
8,8,2.5,4,1.75,1.0
8,10,2.75,4,2.6666666666666665,1.1428571428571428
6,6,2.3333333333333335,4,1.6666666666666667,1.0
8,8,2.625,4,2.3333333333333335,1.0
7,8,2.5714285714285716,4,2.3333333333333335,1.1666666666666667
7,7,2.4285714285714284,4,1.5,1.0
6,7,2.5,4,2.0,1.2
8,10,1.375,2,3.0,1.0
6,6,2.3333333333333335,4,1.6666666666666667,1.0
8,8,2.625,4,2.3333333333333335,1.0
8,8,2.5,4,1.75,1.0
6,7,2.3333333333333335,4,1.5,1.2
7,7,1.4285714285714286,2,3.0,1.0
7,7,1.4285714285714286,2,3.0,1.0
8,8,2.625,4,2.3333333333333335,1.0
8,9,2.625,4,2.0,1.1428571428571428
6,6,2.3333333333333335,4,1.6666666666666667,1.0
8,9,2.625,4,2.6666666666666665,1.1428571428571428
7,11,3.2857142857142856,5,2.5,1.6666666666666667
8,10,2.75,4,2.6666666666666665,1.1428571428571428
6,7,2.5,4,2.0,1.2
6,10,3.1666666666666665,5,1.8,1.8
7,8,2.5714285714285716,4,2.0,1.2
10,18,2.6,5,2.5,1.875
7,9,2.7142857142857144,4,2.6666666666666665,1.3333333333333333
6,8,2.8333333333333335,4,1.75,1.4
7,9,2.4285714285714284,4,1.75,1.1666666666666667
8,10,2.625,4,2.6666666666666665,1.1428571428571428
9,14,1.8888888888888888,3,2.6666666666666665,1.6
6,7,2.3333333333333335,4,1.5,1.2
7,9,1.5714285714285714,3,2.0,1.3333333333333333
6,10,3.1666666666666665,5,1.8,1.8
8,9,2.625,4,2.6666666666666665,1.1428571428571428
8,13,2.75,4,2.75,1.5714285714285714
7,9,2.7142857142857144,4,2.6666666666666665,1.3333333333333333
6,11,3.1666666666666665,5,1.8,1.8
7,9,2.4285714285714284,4,1.5,1.0
8,9,2.625,4,2.6666666666666665,1.1428571428571428
7,10,3.0,5,1.8,1.5
8,10,2.75,4,2.6666666666666665,1.1428571428571428
7,9,2.5714285714285716,4,2.0,1.3333333333333333
8,10,2.625,4,2.6666666666666665,1.1428571428571428
7,8,2.4285714285714284,4,1.5,1.0
6,7,2.3333333333333335,4,1.5,1.2
7,7,2.4285714285714284,4,1.5,1.0
6,6,2.3333333333333335,4,1.6666666666666667,1.0
7,7,2.4285714285714284,4,1.5,1.0
7,8,2.4285714285714284,4,1.5,1.0
7,7,2.4285714285714284,4,1.5,1.0
6,6,2.1666666666666665,3,1.6666666666666667,1.0
7,8,2.4285714285714284,4,1.4,1.1666666666666667
7,12,2.0,3,3.0,1.5
6,6,2.3333333333333335,4,1.6666666666666667,1.0
10,22,2.4,5,1.7777777777777777,2.2857142857142856
7,8,1.4285714285714286,3,1.0,1.0
6,7,1.5,3,1.0,1.0
13,25,2.3846153846153846,4,2.375,1.9
14,32,2.0714285714285716,4,3.0,2.6666666666666665
13,17,1.8461538461538463,4,2.25,1.125
13,28,2.6153846153846154,5,2.4,2.1818181818181817
13,19,2.4615384615384617,4,2.2857142857142856,1.4545454545454546
12,20,2.25,4,3.2,1.6
12,24,2.4166666666666665,5,2.625,2.1
14,34,2.7142857142857144,5,4.0,2.5454545454545454
7,9,2.5714285714285716,4,1.75,1.4
15,39,3.6666666666666665,6,3.4,2.6153846153846154
10,19,2.7,5,2.2857142857142856,2.0
6,7,2.5,4,2.0,1.2
6,6,1.8333333333333333,3,1.5,1.0
8,11,2.75,4,3.0,1.2857142857142858
7,7,1.5714285714285714,2,2.0,1.0
7,9,2.7142857142857144,4,2.6666666666666665,1.3333333333333333
6,7,2.3333333333333335,4,1.6666666666666667,1.0
8,10,2.75,4,3.0,1.2857142857142858
6,6,2.8333333333333335,4,1.6666666666666667,1.0
7,7,1.4285714285714286,2,3.0,1.0
7,7,1.4285714285714286,2,3.0,1.0
7,9,2.5714285714285716,4,2.0,1.2
13,29,2.923076923076923,5,3.5714285714285716,2.272727272727273
8,10,2.625,4,1.8,1.2857142857142858
6,7,2.5,4,2.0,1.2
7,7,1.7142857142857142,3,1.5,1.0
8,9,2.75,4,2.6666666666666665,1.1428571428571428
8,9,1.5,2,1.6666666666666667,1.25
6,6,2.1666666666666665,3,1.6666666666666667,1.0
7,7,1.7142857142857142,3,1.5,1.0
6,7,2.5,4,2.0,1.2
9,11,1.4444444444444444,2,4.0,1.0
7,10,2.4285714285714284,4,1.6,1.3333333333333333
7,10,3.142857142857143,5,1.8,1.5
8,8,2.625,4,2.3333333333333335,1.0
8,9,1.5,2,1.6666666666666667,1.25
7,8,2.5714285714285716,4,2.3333333333333335,1.1666666666666667
7,7,1.4285714285714286,2,3.0,1.0
8,8,2.625,4,2.3333333333333335,1.0
10,12,1.5,2,2.0,1.2
7,8,2.5714285714285716,4,2.3333333333333335,1.1666666666666667
8,14,2.75,5,2.0,1.7142857142857142
6,6,2.3333333333333335,4,1.6666666666666667,1.0
8,8,2.625,4,2.3333333333333335,1.0
8,9,2.5,4,2.3333333333333335,1.0
7,7,1.7142857142857142,3,1.5,1.0
8,14,3.5,6,2.0,1.7142857142857142
8,9,2.625,4,2.3333333333333335,1.0
8,13,2.75,4,2.75,1.5714285714285714
7,8,2.5714285714285716,4,2.3333333333333335,1.1666666666666667
7,7,2.5714285714285716,4,2.0,1.0
7,9,2.4285714285714284,4,1.75,1.1666666666666667
8,12,3.5,5,2.0,1.4285714285714286
12,18,2.5,4,2.1666666666666665,1.3
6,7,2.5,4,2.0,1.2
7,11,2.0,3,2.5,1.25
7,9,2.4285714285714284,4,1.75,1.1666666666666667
8,9,2.625,4,2.3333333333333335,1.0
9,10,1.4444444444444444,2,1.6666666666666667,1.25
7,9,2.7142857142857144,4,2.6666666666666665,1.3333333333333333
7,7,2.4285714285714284,4,1.5,1.0
7,7,2.4285714285714284,4,1.5,1.0
6,6,2.3333333333333335,4,1.6666666666666667,1.0
7,9,2.4285714285714284,4,1.6,1.3333333333333333
7,7,2.5714285714285716,4,2.0,1.0
7,7,1.7142857142857142,3,1.5,1.0
7,9,2.7142857142857144,4,1.6,1.3333333333333333
8,9,2.625,4,2.3333333333333335,1.0
7,9,2.4285714285714284,4,1.5,1.0
7,8,2.5714285714285716,4,2.3333333333333335,1.1666666666666667
7,8,2.4285714285714284,4,1.4,1.1666666666666667
6,6,2.3333333333333335,4,1.6666666666666667,1.0
7,9,2.4285714285714284,4,1.6,1.3333333333333333
7,7,1.7142857142857142,3,1.5,1.0
7,9,2.7142857142857144,4,1.6,1.3333333333333333
7,7,2.5714285714285716,4,2.0,1.0
7,8,2.142857142857143,4,1.3333333333333333,1.0
8,8,2.5,4,1.75,1.0
7,9,2.4285714285714284,4,1.75,1.1666666666666667
7,8,1.4285714285714286,2,3.0,1.0
7,7,1.4285714285714286,2,3.0,1.0
7,7,1.7142857142857142,3,1.5,1.0
8,8,2.625,4,2.3333333333333335,1.0
7,10,2.857142857142857,4,3.0,1.5
7,8,2.4285714285714284,4,1.4,1.1666666666666667
7,7,1.4285714285714286,2,3.0,1.0
8,8,2.625,4,2.3333333333333335,1.0
8,10,2.75,4,2.25,1.2857142857142858
6,7,2.3333333333333335,4,1.5,1.2
7,12,2.0,3,3.0,1.5
6,6,2.3333333333333335,4,1.6666666666666667,1.0
7,7,1.7142857142857142,3,1.5,1.0
7,7,1.7142857142857142,3,1.5,1.0
6,7,2.5,4,2.0,1.2
7,7,2.4285714285714284,4,1.5,1.0
6,6,2.1666666666666665,3,1.6666666666666667,1.0
6,6,2.3333333333333335,4,1.6666666666666667,1.0
7,7,1.7142857142857142,3,1.5,1.0
7,9,2.7142857142857144,4,1.6,1.3333333333333333
7,11,3.4285714285714284,5,1.8,1.5
12,25,2.6666666666666665,5,3.0,2.1
7,8,2.5714285714285716,4,2.0,1.0
6,7,2.5,4,2.0,1.2
7,11,1.7142857142857142,3,2.5,1.6666666666666667
7,10,2.4285714285714284,4,1.75,1.1666666666666667
8,9,2.625,4,2.3333333333333335,1.0
7,7,1.7142857142857142,3,1.5,1.0
7,8,2.5714285714285716,4,2.3333333333333335,1.1666666666666667
7,7,2.0,3,1.6666666666666667,1.0
7,10,1.7142857142857142,3,2.0,1.3333333333333333
6,6,2.3333333333333335,4,1.6666666666666667,1.0
8,9,2.625,4,2.6666666666666665,1.1428571428571428
8,10,2.75,4,2.6666666666666665,1.1428571428571428
6,7,2.5,4,2.0,1.2
8,13,2.75,5,1.6666666666666667,1.4285714285714286
6,6,2.3333333333333335,4,1.6666666666666667,1.0
8,9,2.625,4,2.6666666666666665,1.1428571428571428
7,8,2.142857142857143,4,1.3333333333333333,1.0
6,9,3.0,5,1.6,1.6
6,7,2.3333333333333335,4,1.5,1.2
6,7,2.5,4,2.0,1.2
7,7,1.4285714285714286,2,3.0,1.0
6,6,2.3333333333333335,4,1.6666666666666667,1.0
7,7,1.4285714285714286,2,3.0,1.0
8,9,2.625,4,2.6666666666666665,1.1428571428571428
8,9,2.625,4,2.0,1.1428571428571428
6,7,2.1666666666666665,3,2.0,1.2
7,11,2.0,3,3.0,1.5
7,8,2.4285714285714284,4,1.75,1.1666666666666667
11,26,2.8181818181818183,6,2.625,2.625
7,7,2.5714285714285716,4,2.0,1.0
7,8,2.142857142857143,4,1.3333333333333333,1.0
6,7,2.8333333333333335,4,1.6666666666666667,1.0
7,10,2.7142857142857144,4,1.6,1.3333333333333333
7,8,2.5714285714285716,4,2.3333333333333335,1.1666666666666667
6,6,2.3333333333333335,4,1.3333333333333333,1.0
7,7,1.4285714285714286,2,3.0,1.0
7,8,2.5714285714285716,4,2.3333333333333335,1.1666666666666667
8,10,2.75,4,2.6666666666666665,1.1428571428571428
6,6,2.1666666666666665,3,1.6666666666666667,1.0
6,6,1.8333333333333333,3,1.5,1.0
8,9,2.375,4,2.3333333333333335,1.1666666666666667
10,12,1.9,4,1.75,1.1666666666666667
6,7,2.3333333333333335,4,1.5,1.2
7,8,2.4285714285714284,4,1.4,1.1666666666666667
6,9,3.0,5,1.6,1.6
7,9,2.0,3,1.6666666666666667,1.0
6,6,2.3333333333333335,4,1.6666666666666667,1.0
7,8,2.4285714285714284,4,1.4,1.1666666666666667
6,6,2.3333333333333335,4,1.6666666666666667,1.0
6,6,1.8333333333333333,3,1.5,1.0
10,23,2.5,5,2.5,2.857142857142857
7,7,1.4285714285714286,3,1.0,1.0
7,8,1.8571428571428572,4,1.0,1.0
12,22,1.9166666666666667,3,3.2,2.0
13,25,2.4615384615384617,4,3.3333333333333335,1.8181818181818181
13,22,2.4615384615384617,4,2.8333333333333335,1.5454545454545454
13,22,2.5384615384615383,5,3.0,1.6363636363636365
12,24,2.25,4,2.4444444444444446,2.2
13,24,2.4615384615384617,4,3.8,1.7272727272727273
12,20,2.4166666666666665,4,2.5714285714285716,1.8
14,29,2.642857142857143,5,3.5714285714285716,2.272727272727273
8,11,3.5,5,2.0,1.4285714285714286
11,21,2.3636363636363638,4,2.25,2.0
6,9,3.0,5,1.6,1.6
7,8,1.7142857142857142,3,2.0,1.0
6,9,3.0,5,1.6,1.6
7,8,2.5714285714285716,4,1.75,1.1666666666666667
6,7,2.3333333333333335,4,1.6666666666666667,1.0
8,8,2.625,4,2.3333333333333335,1.0
8,13,2.25,4,2.3333333333333335,1.4
6,6,2.8333333333333335,4,1.6666666666666667,1.0
7,7,2.4285714285714284,4,1.5,1.0
6,6,2.3333333333333335,4,1.6666666666666667,1.0
7,7,1.7142857142857142,3,1.5,1.0
8,8,2.625,4,2.3333333333333335,1.0
8,8,2.5,4,1.75,1.0
6,6,1.8333333333333333,3,1.5,1.0
8,8,2.625,4,2.3333333333333335,1.0
8,9,2.75,4,2.3333333333333335,1.0
6,7,2.5,4,2.0,1.2
7,7,2.4285714285714284,4,1.5,1.0
7,10,3.142857142857143,5,1.8,1.5
8,9,2.625,4,2.3333333333333335,1.0
7,7,2.5714285714285716,4,2.0,1.0
7,7,2.0,3,1.6666666666666667,1.0
7,7,1.4285714285714286,2,3.0,1.0
6,6,2.3333333333333335,4,1.6666666666666667,1.0
6,6,2.3333333333333335,4,1.6666666666666667,1.0
7,7,1.4285714285714286,2,3.0,1.0
11,23,3.090909090909091,6,2.3333333333333335,2.3333333333333335
7,7,2.5714285714285716,4,2.0,1.0
7,8,2.5714285714285716,4,1.75,1.1666666666666667
6,7,2.3333333333333335,4,1.3333333333333333,1.0
7,10,2.5714285714285716,4,1.6,1.3333333333333333
7,8,2.4285714285714284,4,1.5,1.2
8,10,2.75,4,2.6666666666666665,1.1428571428571428
6,7,2.5,4,2.0,1.2
8,12,2.75,5,1.6666666666666667,1.4285714285714286
6,6,2.3333333333333335,4,1.6666666666666667,1.0
7,7,2.5714285714285716,4,2.0,1.0
7,8,2.142857142857143,4,1.3333333333333333,1.0
7,10,1.8571428571428572,3,2.0,1.5
6,6,2.8333333333333335,4,1.6666666666666667,1.0
9,13,1.6666666666666667,3,2.0,1.5
6,6,2.3333333333333335,4,1.6666666666666667,1.0
7,8,2.4285714285714284,4,1.4,1.1666666666666667
8,8,2.625,4,2.3333333333333335,1.0
8,8,2.5,4,1.75,1.0
7,8,2.4285714285714284,4,1.5,1.0
7,11,2.5714285714285716,4,1.8,1.5
6,6,2.3333333333333335,4,1.6666666666666667,1.0
7,7,2.0,3,1.6666666666666667,1.0
8,8,2.625,4,2.3333333333333335,1.0
7,11,3.142857142857143,5,2.0,1.6666666666666667
8,10,2.75,4,2.6666666666666665,1.1428571428571428
6,7,2.5,4,2.0,1.2
7,9,2.4285714285714284,4,1.4,1.1666666666666667
8,8,2.625,4,2.3333333333333335,1.0
7,9,2.5714285714285716,4,2.0,1.3333333333333333
6,6,2.3333333333333335,4,1.3333333333333333,1.0
7,10,2.5714285714285716,4,1.6,1.3333333333333333
8,8,2.625,4,2.3333333333333335,1.0
8,10,1.625,3,1.6666666666666667,1.25
7,10,2.5714285714285716,4,2.0,1.3333333333333333
7,7,2.4285714285714284,4,1.5,1.0
7,10,1.7142857142857142,3,2.5,1.6666666666666667
6,7,2.8333333333333335,4,2.0,1.2
7,8,2.142857142857143,4,1.3333333333333333,1.0
6,6,2.3333333333333335,4,1.6666666666666667,1.0
7,7,1.4285714285714286,2,3.0,1.0
10,22,2.7,6,2.0,2.5714285714285716
7,7,1.4285714285714286,3,1.0,1.0
6,7,1.5,3,1.0,1.0
12,21,2.5833333333333335,5,2.3333333333333335,1.5555555555555556
13,26,2.3846153846153846,5,3.1666666666666665,2.111111111111111
14,31,3.0,6,3.125,2.0833333333333335
14,27,2.7857142857142856,5,2.875,1.9166666666666667
13,26,2.4615384615384617,4,3.1666666666666665,1.9
14,37,3.0,6,3.4,2.8333333333333335
14,38,2.7857142857142856,5,2.5833333333333335,2.5833333333333335
14,28,2.5,5,2.5,2.0833333333333335
13,20,2.4615384615384617,4,2.2857142857142856,1.4545454545454546
14,40,3.2142857142857144,6,3.6666666666666665,2.75
7,9,2.5714285714285716,4,1.75,1.4
11,17,2.727272727272727,5,2.3333333333333335,1.5555555555555556
6,7,2.8333333333333335,4,1.6666666666666667,1.0
7,12,3.0,5,2.0,1.6666666666666667
8,8,2.625,4,2.3333333333333335,1.0
8,10,2.75,4,2.6666666666666665,1.1428571428571428
6,7,2.5,4,2.0,1.2
8,14,2.75,5,1.6666666666666667,1.4285714285714286
6,6,2.3333333333333335,4,1.6666666666666667,1.0
8,9,2.625,4,2.6666666666666665,1.1428571428571428
7,8,3.0,5,1.75,1.1666666666666667
7,9,2.7142857142857144,4,2.6666666666666665,1.3333333333333333
9,13,1.6666666666666667,3,2.0,1.5
6,6,2.3333333333333335,4,1.6666666666666667,1.0
7,8,2.4285714285714284,4,1.5,1.0
8,9,2.625,4,2.6666666666666665,1.1428571428571428
7,8,2.5714285714285716,4,2.3333333333333335,1.1666666666666667
6,9,2.8333333333333335,4,1.5,1.2
8,8,2.625,4,2.3333333333333335,1.0
8,12,2.75,4,2.5,1.4285714285714286
7,9,2.7142857142857144,4,2.6666666666666665,1.3333333333333333
7,7,1.7142857142857142,3,1.5,1.0
6,6,2.3333333333333335,4,1.6666666666666667,1.0
7,7,1.4285714285714286,2,3.0,1.0
6,6,2.1666666666666665,3,1.6666666666666667,1.0
6,6,2.3333333333333335,4,1.6666666666666667,1.0
6,6,1.8333333333333333,3,2.0,1.0
8,11,2.75,4,3.0,1.2857142857142858
7,8,3.0,5,1.75,1.1666666666666667
7,8,2.5714285714285716,4,2.0,1.0
6,6,2.1666666666666665,3,1.6666666666666667,1.0
7,9,2.4285714285714284,4,1.4,1.1666666666666667
8,11,2.75,4,3.0,1.2857142857142858
11,25,2.727272727272727,5,2.625,2.3333333333333335
8,11,2.5,4,2.6666666666666665,1.3333333333333333
7,9,2.7142857142857144,4,2.0,1.3333333333333333
9,14,2.4444444444444446,4,2.0,1.5
6,7,2.3333333333333335,4,1.5,1.2
7,7,1.7142857142857142,3,1.5,1.0
6,6,2.3333333333333335,4,1.6666666666666667,1.0
7,7,2.5714285714285716,4,2.0,1.0
8,8,2.625,4,2.3333333333333335,1.0
8,13,2.75,4,2.75,1.5714285714285714
7,8,2.5714285714285716,4,2.3333333333333335,1.1666666666666667
7,8,2.5714285714285716,4,2.0,1.0
7,9,2.4285714285714284,4,1.75,1.1666666666666667
8,8,2.625,4,2.3333333333333335,1.0
8,9,2.5,4,1.75,1.0
8,9,2.75,4,2.3333333333333335,1.0
7,8,2.5714285714285716,4,2.3333333333333335,1.1666666666666667
6,6,2.3333333333333335,4,1.6666666666666667,1.0
7,10,2.4285714285714284,4,1.3333333333333333,1.3333333333333333
6,6,2.3333333333333335,4,1.6666666666666667,1.0
7,7,1.7142857142857142,3,1.5,1.0
11,25,2.6363636363636362,5,2.2222222222222223,2.5
7,11,3.4285714285714284,5,1.8,1.5
13,18,2.4615384615384617,4,2.3333333333333335,1.2727272727272727
6,7,2.3333333333333335,4,1.5,1.2
6,6,1.8333333333333333,3,1.5,1.0
8,13,1.875,3,3.0,1.5
7,10,2.4285714285714284,4,1.6,1.3333333333333333
6,6,2.3333333333333335,4,1.6666666666666667,1.0
8,8,2.625,4,2.3333333333333335,1.0
8,8,2.5,4,1.75,1.0
8,10,2.75,4,2.6666666666666665,1.1428571428571428
8,9,2.5,4,2.3333333333333335,1.0
8,8,2.625,4,2.3333333333333335,1.0
8,10,2.75,4,2.25,1.2857142857142858
7,8,2.5714285714285716,4,2.3333333333333335,1.1666666666666667
7,7,1.7142857142857142,3,1.5,1.0
7,7,2.5714285714285716,4,2.0,1.0
7,8,2.4285714285714284,4,1.5,1.0
6,6,2.3333333333333335,4,1.6666666666666667,1.0
7,7,1.7142857142857142,3,1.5,1.0
7,7,1.7142857142857142,3,1.5,1.0
8,11,3.375,6,1.6666666666666667,1.4285714285714286
8,9,2.625,4,2.3333333333333335,1.0
7,8,2.5714285714285716,4,2.3333333333333335,1.1666666666666667
7,7,1.4285714285714286,2,3.0,1.0
8,8,2.625,4,2.3333333333333335,1.0
8,9,2.5,4,1.75,1.0
8,10,2.75,4,2.6666666666666665,1.1428571428571428
6,7,2.3333333333333335,4,1.3333333333333333,1.0
7,9,2.4285714285714284,4,1.4,1.1666666666666667
8,8,2.625,4,2.3333333333333335,1.0
8,11,2.5,4,1.8,1.2857142857142858
6,6,2.3333333333333335,4,1.6666666666666667,1.0
8,9,2.625,4,2.6666666666666665,1.1428571428571428
7,9,2.7142857142857144,4,2.6666666666666665,1.3333333333333333
8,8,2.625,4,2.3333333333333335,1.0
8,9,2.625,4,2.0,1.1428571428571428
6,7,2.5,4,2.0,1.2
7,8,2.4285714285714284,4,1.5,1.0
9,20,3.4444444444444446,7,2.0,2.2857142857142856
6,6,1.5,3,1.0,1.0
11,19,2.090909090909091,4,2.0,1.5
5,5,2.4,4,1.3333333333333333,1.0
6,8,2.6666666666666665,4,2.3333333333333335,1.4
5,5,2.0,3,2.0,1.0
7,8,1.5714285714285714,3,1.5,1.0
8,12,2.75,4,2.75,1.5714285714285714
6,6,2.8333333333333335,4,1.6666666666666667,1.0
6,10,3.1666666666666665,5,1.8,1.8
7,10,2.7142857142857144,4,1.6,1.3333333333333333
7,7,2.5714285714285716,4,2.0,1.0
7,8,2.142857142857143,4,1.3333333333333333,1.0
7,9,2.4285714285714284,4,1.4,1.1666666666666667
6,7,2.3333333333333335,4,1.5,1.2
6,6,2.3333333333333335,4,1.6666666666666667,1.0
6,8,2.8333333333333335,4,1.75,1.4
8,9,2.625,4,2.3333333333333335,1.0
8,13,2.75,4,2.75,1.5714285714285714
6,7,2.3333333333333335,4,1.5,1.2
7,7,2.0,3,1.6666666666666667,1.0
8,13,1.625,3,2.5,1.6666666666666667
7,8,2.4285714285714284,4,1.5,1.0
7,9,2.7142857142857144,4,1.6,1.3333333333333333
8,9,2.625,4,2.3333333333333335,1.0
7,10,3.0,5,1.8,1.5
8,10,2.75,4,2.6666666666666665,1.1428571428571428
6,6,2.3333333333333335,4,1.6666666666666667,1.0
6,8,2.5,4,1.75,1.4
8,8,2.625,4,2.3333333333333335,1.0
7,8,2.142857142857143,4,1.3333333333333333,1.0
8,10,2.75,4,2.6666666666666665,1.1428571428571428
6,7,2.5,4,2.0,1.2
7,8,1.7142857142857142,3,2.0,1.0
7,8,1.7142857142857142,3,2.0,1.0
8,9,2.625,4,2.6666666666666665,1.1428571428571428
8,10,2.75,4,2.25,1.2857142857142858
6,6,2.3333333333333335,4,1.3333333333333333,1.0
6,8,2.8333333333333335,4,1.75,1.4
8,9,2.625,4,2.3333333333333335,1.0
7,9,3.0,5,2.0,1.3333333333333333
6,6,2.3333333333333335,4,1.3333333333333333,1.0
6,7,2.5,4,1.5,1.2
7,12,2.0,3,3.0,1.5
7,8,2.4285714285714284,4,1.5,1.0
7,9,2.5714285714285716,4,2.0,1.2
6,7,3.0,5,1.5,1.2
7,8,2.5714285714285716,4,2.0,1.0
6,7,2.3333333333333335,4,1.5,1.2
6,6,2.3333333333333335,4,1.6666666666666667,1.0
7,12,3.142857142857143,5,1.8,1.5
8,10,2.625,4,2.6666666666666665,1.1428571428571428
11,22,2.8181818181818183,5,2.7142857142857144,2.111111111111111
7,8,2.2857142857142856,3,2.3333333333333335,1.1666666666666667
6,8,3.0,5,1.4,1.4
6,6,2.3333333333333335,4,1.6666666666666667,1.0
12,30,3.1666666666666665,6,2.6,2.6
7,10,3.142857142857143,5,1.6,1.3333333333333333
12,27,2.75,5,2.875,2.3
12,28,3.3333333333333335,6,2.5555555555555554,2.3
7,7,1.4285714285714286,2,3.0,1.0
7,7,1.4285714285714286,2,3.0,1.0
8,11,2.75,4,3.0,1.2857142857142858
8,13,2.875,5,1.8333333333333333,1.5714285714285714
6,9,2.8333333333333335,4,2.0,1.6
8,12,1.875,3,3.0,1.5
9,11,1.6666666666666667,3,2.0,1.5
7,8,1.7142857142857142,3,2.0,1.0
6,6,2.3333333333333335,4,1.6666666666666667,1.0
6,7,2.3333333333333335,4,1.6666666666666667,1.0
13,22,2.4615384615384617,4,2.375,1.7272727272727273
13,24,2.6153846153846154,5,3.142857142857143,2.0
13,25,2.923076923076923,6,2.5555555555555554,2.090909090909091
12,21,2.5833333333333335,5,2.375,1.9
13,31,2.8461538461538463,5,3.0,2.4545454545454546
8,10,3.5,5,1.8,1.2857142857142858
13,31,2.8461538461538463,5,2.9,2.6363636363636362
7,8,2.7142857142857144,4,2.3333333333333335,1.1666666666666667
7,9,2.7142857142857144,4,2.6666666666666665,1.3333333333333333
7,9,2.4285714285714284,4,1.6,1.3333333333333333
8,8,2.625,4,2.3333333333333335,1.0
7,8,1.7142857142857142,3,1.6666666666666667,1.25
6,6,2.8333333333333335,4,1.6666666666666667,1.0
6,6,1.8333333333333333,3,2.0,1.0
8,8,2.625,4,2.3333333333333335,1.0
8,8,2.5,4,1.75,1.0
8,10,2.75,4,2.6666666666666665,1.1428571428571428
6,6,2.3333333333333335,4,1.6666666666666667,1.0
6,6,2.3333333333333335,4,1.6666666666666667,1.0
8,8,2.625,4,2.3333333333333335,1.0
7,7,2.142857142857143,4,1.3333333333333333,1.0
6,7,2.5,4,2.0,1.2
7,9,2.4285714285714284,4,1.4,1.1666666666666667
6,7,2.5,4,2.0,1.2
6,7,2.3333333333333335,4,1.5,1.2
8,10,1.375,2,3.0,1.0
7,9,2.4285714285714284,4,1.75,1.1666666666666667
7,8,2.7142857142857144,4,2.3333333333333335,1.1666666666666667
11,26,3.090909090909091,6,2.6666666666666665,2.6666666666666665
8,8,2.625,4,2.3333333333333335,1.0
8,8,2.5,4,1.75,1.0
6,7,2.5,4,2.0,1.2
9,12,1.6666666666666667,3,2.0,1.5
6,6,2.3333333333333335,4,1.6666666666666667,1.0
8,8,2.625,4,2.3333333333333335,1.0
8,8,2.5,4,1.75,1.0
8,10,2.75,4,2.6666666666666665,1.1428571428571428
6,6,1.8333333333333333,3,1.5,1.0
7,9,2.5714285714285716,4,1.75,1.1666666666666667
8,8,2.625,4,2.3333333333333335,1.0
7,11,3.142857142857143,5,2.0,1.6666666666666667
8,10,2.75,4,2.6666666666666665,1.1428571428571428
6,6,2.3333333333333335,4,1.6666666666666667,1.0
7,10,3.142857142857143,5,1.8,1.5
8,12,2.75,5,2.0,1.4285714285714286
6,7,2.5,4,2.0,1.2
7,8,1.7142857142857142,3,2.0,1.0
7,7,1.4285714285714286,2,3.0,1.0
7,12,3.4285714285714284,6,1.6666666666666667,1.6666666666666667
8,8,2.625,4,2.3333333333333335,1.0
9,10,1.4444444444444444,2,1.6666666666666667,1.25
7,8,2.5714285714285716,4,2.3333333333333335,1.1666666666666667
8,13,2.75,5,1.8333333333333333,1.5714285714285714
6,6,2.3333333333333335,4,1.6666666666666667,1.0
8,8,2.625,4,2.3333333333333335,1.0
8,9,2.625,4,2.0,1.1428571428571428
6,6,2.3333333333333335,4,1.6666666666666667,1.0
8,8,2.625,4,2.3333333333333335,1.0
7,10,3.0,4,2.25,1.5
8,10,2.75,4,2.6666666666666665,1.1428571428571428
6,8,2.5,4,1.75,1.4
8,8,2.625,4,2.3333333333333335,1.0
8,9,2.625,4,2.0,1.1428571428571428
6,6,2.3333333333333335,4,1.6666666666666667,1.0
6,8,2.8333333333333335,4,1.75,1.4
6,6,2.3333333333333335,4,1.6666666666666667,1.0
11,25,2.909090909090909,6,2.3333333333333335,2.3333333333333335
7,8,2.5714285714285716,4,1.75,1.1666666666666667
6,7,2.5,4,2.0,1.2
7,8,2.4285714285714284,4,1.5,1.0
7,7,1.4285714285714286,2,3.0,1.0
7,9,2.7142857142857144,4,1.6,1.3333333333333333
7,7,2.5714285714285716,4,2.0,1.0
7,10,2.857142857142857,4,3.0,1.5
7,7,2.0,3,1.6666666666666667,1.0
7,7,1.4285714285714286,2,3.0,1.0
8,9,2.375,4,2.3333333333333335,1.1666666666666667
7,8,2.142857142857143,4,1.3333333333333333,1.0
8,11,1.625,3,1.6666666666666667,1.25
7,9,2.7142857142857144,4,2.6666666666666665,1.3333333333333333
7,7,2.4285714285714284,4,1.5,1.0
6,6,2.3333333333333335,4,1.6666666666666667,1.0
8,10,2.625,4,2.6666666666666665,1.1428571428571428
8,11,2.75,4,2.5,1.4285714285714286
6,6,2.8333333333333335,4,1.6666666666666667,1.0
6,10,3.1666666666666665,5,1.8,1.8
8,9,2.375,4,2.3333333333333335,1.1666666666666667
8,9,2.625,4,2.0,1.1428571428571428
6,6,2.3333333333333335,4,1.6666666666666667,1.0
10,24,2.7,6,2.0,2.5714285714285716
6,7,1.5,3,1.0,1.0
6,7,1.5,3,1.0,1.0
12,23,2.5833333333333335,5,2.2222222222222223,2.0
13,26,2.923076923076923,5,4.0,1.8181818181818181
13,15,1.6153846153846154,3,3.5,1.0
13,31,3.4615384615384617,7,3.111111111111111,2.5454545454545454
12,26,2.3333333333333335,4,2.3,2.3
13,19,2.4615384615384617,4,2.2857142857142856,1.4545454545454546
12,21,2.75,5,2.5714285714285716,1.8
13,29,2.3846153846153846,5,2.6,2.3636363636363638
12,22,2.5,5,2.375,1.9
14,38,3.142857142857143,6,3.4444444444444446,2.5833333333333335
7,9,2.5714285714285716,4,1.75,1.4
11,18,2.4545454545454546,4,2.3333333333333335,1.5555555555555556
6,6,2.8333333333333335,4,1.6666666666666667,1.0
7,7,1.4285714285714286,2,3.0,1.0
13,33,2.923076923076923,6,3.625,2.6363636363636362
6,8,2.6666666666666665,4,2.3333333333333335,1.4
13,33,2.769230769230769,5,4.0,2.5454545454545454
7,7,2.4285714285714284,4,1.5,1.0
6,6,2.3333333333333335,4,1.6666666666666667,1.0
7,7,2.4285714285714284,4,1.5,1.0
7,11,2.0,3,3.0,1.5
6,9,3.1666666666666665,5,1.6,1.6
7,10,2.7142857142857144,4,1.6,1.3333333333333333
7,8,2.7142857142857144,4,2.3333333333333335,1.1666666666666667
10,18,3.1,6,2.0,1.75
6,6,2.3333333333333335,4,1.6666666666666667,1.0
7,11,3.0,5,1.8,1.5
7,8,2.4285714285714284,4,1.5,1.0
6,7,2.3333333333333335,4,1.5,1.2
6,7,2.8333333333333335,4,2.0,1.2
9,23,3.0,6,2.125,2.4285714285714284
8,9,1.5,3,2.0,1.3333333333333333
6,7,3.0,5,1.5,1.2
7,7,2.5714285714285716,4,2.0,1.0
6,6,2.3333333333333335,4,1.6666666666666667,1.0
7,9,2.4285714285714284,4,1.4,1.1666666666666667
6,7,2.3333333333333335,4,1.5,1.2
7,8,2.7142857142857144,4,2.3333333333333335,1.1666666666666667
8,11,1.75,3,1.75,1.75
7,8,2.5714285714285716,4,2.3333333333333335,1.1666666666666667
7,7,2.0,3,1.6666666666666667,1.0
7,7,1.7142857142857142,3,1.5,1.0
7,8,2.5714285714285716,4,1.75,1.1666666666666667
8,10,3.5,5,1.8,1.2857142857142858
13,25,2.3076923076923075,4,3.142857142857143,2.0
7,8,2.0,3,2.0,1.2
7,7,1.4285714285714286,2,3.0,1.0
8,8,2.625,4,2.3333333333333335,1.0
13,24,2.3846153846153846,4,2.5,1.8181818181818181
6,6,2.3333333333333335,4,1.6666666666666667,1.0
6,7,2.8333333333333335,4,2.0,1.2
6,7,2.3333333333333335,4,1.3333333333333333,1.0
7,10,1.7142857142857142,3,2.5,1.6666666666666667
6,6,2.3333333333333335,4,1.6666666666666667,1.0
7,8,2.4285714285714284,4,1.5,1.0
6,6,2.8333333333333335,4,1.6666666666666667,1.0
8,8,2.625,4,2.3333333333333335,1.0
7,8,2.5714285714285716,4,2.3333333333333335,1.1666666666666667
8,10,2.75,4,2.6666666666666665,1.1428571428571428
6,7,2.3333333333333335,4,1.5,1.2
8,8,2.625,4,2.3333333333333335,1.0
8,12,2.5,5,1.6,1.6
7,8,2.4285714285714284,4,1.4,1.1666666666666667
7,8,2.5714285714285716,4,2.3333333333333335,1.1666666666666667
7,7,2.4285714285714284,4,1.5,1.0
6,6,2.3333333333333335,4,1.6666666666666667,1.0
8,8,2.625,4,2.3333333333333335,1.0
8,9,1.5,2,1.6666666666666667,1.25
7,10,2.4285714285714284,4,1.6,1.3333333333333333
9,13,1.6666666666666667,3,2.0,1.5
6,6,2.3333333333333335,4,1.6666666666666667,1.0
7,11,3.142857142857143,5,1.8,1.5
8,9,2.625,4,2.3333333333333335,1.0
8,11,2.625,4,2.25,1.2857142857142858
6,6,2.3333333333333335,4,1.6666666666666667,1.0
6,7,2.5,4,2.0,1.2
7,9,2.4285714285714284,4,1.6,1.3333333333333333
8,9,1.25,2,2.0,1.0
8,8,2.625,4,2.3333333333333335,1.0
7,7,2.142857142857143,4,1.3333333333333333,1.0
6,6,2.3333333333333335,4,1.3333333333333333,1.0
8,8,2.625,4,2.3333333333333335,1.0
7,7,1.8571428571428572,3,1.6666666666666667,1.0
6,7,2.3333333333333335,4,1.5,1.2
7,10,1.7142857142857142,3,2.5,1.6666666666666667
7,10,2.4285714285714284,4,1.6,1.3333333333333333
6,8,2.5,4,1.75,1.4
6,6,2.3333333333333335,4,1.6666666666666667,1.0
7,7,1.4285714285714286,2,3.0,1.0
8,11,3.5,5,2.0,1.4285714285714286
12,25,2.5833333333333335,4,2.625,2.1
7,8,2.0,3,2.0,1.2
8,8,2.625,4,2.3333333333333335,1.0
7,7,1.5714285714285714,2,2.0,1.0
7,9,2.7142857142857144,4,2.6666666666666665,1.3333333333333333
8,10,1.375,2,3.0,1.0
7,8,2.4285714285714284,4,1.4,1.1666666666666667
6,7,2.5,4,2.0,1.2
6,7,2.5,4,1.5,1.2
6,8,2.5,4,1.75,1.4
7,9,2.7142857142857144,4,1.6,1.3333333333333333
8,9,2.625,4,2.3333333333333335,1.0
7,9,2.7142857142857144,4,2.6666666666666665,1.3333333333333333
7,9,2.4285714285714284,4,1.4,1.1666666666666667
7,7,1.4285714285714286,2,3.0,1.0
8,8,2.625,4,2.3333333333333335,1.0
7,7,1.5714285714285714,2,2.0,1.0
6,6,2.8333333333333335,4,1.6666666666666667,1.0
6,7,2.3333333333333335,4,1.6666666666666667,1.0
8,9,2.625,4,2.6666666666666665,1.1428571428571428
7,10,3.0,4,2.25,1.5
7,8,2.5714285714285716,4,2.0,1.0
6,6,2.3333333333333335,4,1.6666666666666667,1.0
8,9,2.625,4,2.6666666666666665,1.1428571428571428
7,8,1.8571428571428572,3,1.6666666666666667,1.0
6,7,2.5,4,2.0,1.2
7,8,2.4285714285714284,4,1.5,1.0
6,6,2.3333333333333335,4,1.6666666666666667,1.0
7,7,2.4285714285714284,4,1.5,1.0
6,6,2.1666666666666665,3,1.6666666666666667,1.0
7,8,2.0,3,1.6666666666666667,1.0
8,9,2.625,4,2.6666666666666665,1.1428571428571428
7,9,2.7142857142857144,4,2.6666666666666665,1.3333333333333333
7,8,2.0,3,1.6666666666666667,1.0
6,10,3.1666666666666665,5,1.8,1.8
7,7,1.7142857142857142,3,1.5,1.0
7,11,2.857142857142857,5,2.0,1.6
11,24,2.727272727272727,5,2.5,2.2222222222222223
7,9,2.7142857142857144,4,2.6666666666666665,1.3333333333333333
6,10,3.1666666666666665,5,2.0,1.6
7,8,2.4285714285714284,4,1.5,1.0
6,7,2.8333333333333335,4,1.6666666666666667,1.0
7,10,2.5714285714285716,4,1.6,1.3333333333333333
6,10,3.1666666666666665,5,1.6,1.6
8,10,2.625,4,2.6666666666666665,1.1428571428571428
7,9,2.7142857142857144,4,2.6666666666666665,1.3333333333333333
8,9,2.625,4,2.6666666666666665,1.1428571428571428
8,11,1.75,3,1.75,1.75
7,9,2.7142857142857144,4,2.6666666666666665,1.3333333333333333
7,7,2.4285714285714284,4,1.5,1.0
6,7,2.5,4,2.0,1.2
7,8,2.0,3,1.6666666666666667,1.0
7,9,2.0,3,1.6666666666666667,1.0
6,6,2.3333333333333335,4,1.6666666666666667,1.0
7,8,1.7142857142857142,3,2.0,1.0
11,25,2.6363636363636362,5,2.375,2.375
8,10,2.625,4,2.6666666666666665,1.1428571428571428
7,9,3.0,5,2.0,1.3333333333333333
7,8,2.5714285714285716,4,2.0,1.0
6,7,2.3333333333333335,4,1.3333333333333333,1.0
7,7,1.7142857142857142,3,1.5,1.0
6,6,2.3333333333333335,4,1.6666666666666667,1.0
8,10,2.5,4,2.6666666666666665,1.3333333333333333
8,10,2.5,4,2.0,1.1428571428571428
6,7,2.3333333333333335,4,1.5,1.2
6,7,2.5,4,2.0,1.2
7,8,2.4285714285714284,4,1.4,1.1666666666666667
9,11,1.4444444444444444,2,4.0,1.0
8,11,2.75,4,3.0,1.2857142857142858
7,10,2.857142857142857,4,3.0,1.5
7,9,2.0,3,1.6666666666666667,1.0
7,9,2.0,3,1.6666666666666667,1.0
8,11,2.75,4,3.0,1.2857142857142858
8,9,2.625,4,2.0,1.1428571428571428
7,8,2.4285714285714284,4,1.4,1.1666666666666667
8,12,2.5,4,2.0,1.4285714285714286
6,7,2.8333333333333335,4,1.6666666666666667,1.0
12,28,2.9166666666666665,5,3.125,2.5
8,11,2.125,4,1.25,1.25
7,8,1.8571428571428572,4,1.0,1.0
13,28,2.4615384615384617,4,3.0,2.1818181818181817
13,29,2.1538461538461537,4,2.4444444444444446,2.2
13,23,2.3846153846153846,4,2.3333333333333335,1.9090909090909092
13,21,2.4615384615384617,4,2.4285714285714284,1.5454545454545454
13,23,2.5384615384615383,5,2.5,1.8181818181818181
12,21,2.25,4,2.375,1.9
14,31,2.642857142857143,5,3.5714285714285716,2.272727272727273
8,10,3.5,5,1.8,1.2857142857142858
12,24,2.75,5,2.4444444444444446,2.2
7,8,2.4285714285714284,4,1.4,1.1666666666666667
8,8,2.625,4,2.3333333333333335,1.0
13,26,2.6923076923076925,5,2.875,2.090909090909091
7,7,2.5714285714285716,4,2.0,1.0
8,8,2.625,4,2.3333333333333335,1.0
6,6,2.3333333333333335,4,1.3333333333333333,1.0
7,10,2.5714285714285716,4,1.6,1.3333333333333333
7,8,1.7142857142857142,3,2.0,1.0
8,8,2.625,4,2.3333333333333335,1.0
8,9,2.5,4,2.0,1.1428571428571428
7,8,2.5714285714285716,4,2.3333333333333335,1.1666666666666667
7,8,2.4285714285714284,4,1.5,1.0
7,7,1.4285714285714286,2,3.0,1.0
9,19,3.4444444444444446,7,2.0,2.2857142857142856
8,9,1.75,3,2.0,1.0
12,27,2.6666666666666665,5,2.5555555555555554,2.3
8,9,2.375,4,2.0,1.0
8,10,2.75,4,2.25,1.2857142857142858
6,6,2.3333333333333335,4,1.6666666666666667,1.0
6,7,2.5,4,2.0,1.2
7,8,2.4285714285714284,4,1.5,1.0
8,9,2.625,4,2.3333333333333335,1.0
8,8,2.5,4,1.75,1.0
6,6,1.8333333333333333,3,1.5,1.0
8,9,2.625,4,2.3333333333333335,1.0
7,7,2.142857142857143,4,1.3333333333333333,1.0
8,10,2.75,4,2.6666666666666665,1.1428571428571428
6,7,2.5,4,2.0,1.2
7,8,1.4285714285714286,2,3.0,1.0
6,10,3.1666666666666665,5,1.8,1.8
8,8,2.625,4,2.3333333333333335,1.0
8,9,2.625,4,2.0,1.1428571428571428
6,7,2.5,4,2.0,1.2
8,8,2.625,4,2.3333333333333335,1.0
8,10,2.5,4,2.0,1.1428571428571428
7,10,2.4285714285714284,4,1.6,1.3333333333333333
7,7,1.7142857142857142,3,1.5,1.0
7,8,2.4285714285714284,4,1.5,1.0
9,19,3.4444444444444446,7,1.875,2.142857142857143
7,9,2.142857142857143,4,1.6666666666666667,1.25
12,24,2.75,5,2.3333333333333335,2.1
7,7,2.0,3,1.6666666666666667,1.0
7,7,1.4285714285714286,2,3.0,1.0
7,7,2.5714285714285716,4,2.0,1.0
8,8,2.5,4,1.75,1.0
8,10,2.75,4,2.6666666666666665,1.1428571428571428
6,6,2.3333333333333335,4,1.6666666666666667,1.0
7,7,2.0,3,1.6666666666666667,1.0
8,9,2.625,4,2.3333333333333335,1.0
8,13,1.75,3,1.75,1.75
8,10,2.5,4,2.0,1.1428571428571428
7,7,2.4285714285714284,4,1.5,1.0
7,7,1.7142857142857142,3,1.5,1.0
6,7,2.5,4,1.5,1.2
6,6,2.3333333333333335,4,1.6666666666666667,1.0
8,8,2.625,4,2.3333333333333335,1.0
8,9,2.625,4,2.0,1.1428571428571428
6,6,2.3333333333333335,4,1.6666666666666667,1.0
8,8,2.625,4,2.3333333333333335,1.0
7,9,2.7142857142857144,4,2.6666666666666665,1.3333333333333333
7,7,1.7142857142857142,3,1.5,1.0
8,9,2.625,4,2.6666666666666665,1.1428571428571428
7,8,2.5714285714285716,4,1.75,1.1666666666666667
6,6,2.3333333333333335,4,1.3333333333333333,1.0
7,10,2.5714285714285716,4,1.6,1.3333333333333333
8,8,2.625,4,2.3333333333333335,1.0
8,9,1.5,2,1.6666666666666667,1.25
7,8,2.4285714285714284,4,1.5,1.0
6,7,2.5,4,2.0,1.2
7,8,2.4285714285714284,4,1.5,1.0
8,9,2.625,4,2.6666666666666665,1.1428571428571428
7,8,3.2857142857142856,5,1.75,1.1666666666666667
6,7,2.8333333333333335,4,1.6666666666666667,1.0
7,10,2.5714285714285716,4,1.6,1.3333333333333333
7,9,2.4285714285714284,4,1.5,1.0
8,8,2.625,4,2.3333333333333335,1.0
8,10,2.5,4,2.0,1.1428571428571428
6,6,2.8333333333333335,4,1.6666666666666667,1.0
7,8,2.4285714285714284,4,1.5,1.0
9,20,3.2222222222222223,6,1.875,2.142857142857143
6,6,1.5,3,1.0,1.0
12,20,2.8333333333333335,5,2.125,1.7
6,6,2.8333333333333335,4,1.6666666666666667,1.0
7,11,3.0,5,1.8,1.5
7,9,2.2857142857142856,4,1.5,1.2
7,10,2.857142857142857,4,3.0,1.5
6,7,2.3333333333333335,4,1.6666666666666667,1.0
6,6,2.3333333333333335,4,1.6666666666666667,1.0
7,7,2.5714285714285716,4,2.0,1.0
8,13,2.75,4,2.75,1.5714285714285714
6,8,2.5,4,1.75,1.4
7,8,1.7142857142857142,3,2.0,1.0
8,13,1.875,3,3.0,1.5
6,6,2.8333333333333335,4,1.6666666666666667,1.0
7,7,2.4285714285714284,4,1.5,1.0
6,6,2.3333333333333335,4,1.6666666666666667,1.0
7,9,2.7142857142857144,4,2.6666666666666665,1.3333333333333333
7,9,2.7142857142857144,4,2.6666666666666665,1.3333333333333333
7,8,1.7142857142857142,3,2.0,1.0
7,8,1.7142857142857142,3,2.0,1.0
10,23,2.5,5,2.0,2.2857142857142856
6,7,1.5,3,1.0,1.0
6,7,1.5,3,1.0,1.0
12,25,2.5833333333333335,5,2.5714285714285716,1.8
13,27,2.6923076923076925,5,3.3333333333333335,2.0
13,31,3.0,5,3.25,2.3636363636363638
13,20,1.8461538461538463,4,3.0,1.7142857142857142
12,21,2.25,4,3.0,1.5
13,25,2.4615384615384617,4,2.857142857142857,1.8181818181818181
13,27,2.3846153846153846,4,2.6666666666666665,2.1818181818181817
14,37,2.9285714285714284,6,2.8181818181818183,2.5833333333333335
12,23,2.5,5,2.5,2.0
13,32,2.769230769230769,5,3.0,2.4545454545454546
13,21,2.923076923076923,5,3.8,1.7272727272727273
5,7,3.0,5,1.25,1.25
7,11,3.0,5,1.8,1.5
6,6,1.8333333333333333,3,2.0,1.0
7,8,2.7142857142857144,4,2.3333333333333335,1.1666666666666667
7,8,2.142857142857143,4,1.3333333333333333,1.0
8,11,2.75,4,2.25,1.2857142857142858
6,7,2.5,4,2.0,1.2
8,13,1.75,4,2.0,2.6666666666666665
7,7,1.7142857142857142,3,1.5,1.0
8,8,2.625,4,2.3333333333333335,1.0
7,9,2.7142857142857144,4,2.6666666666666665,1.3333333333333333
7,7,2.0,3,1.6666666666666667,1.0
6,6,2.3333333333333335,4,1.6666666666666667,1.0
8,8,2.625,4,2.3333333333333335,1.0
7,7,1.7142857142857142,3,1.5,1.0
7,9,2.4285714285714284,4,1.4,1.1666666666666667
7,9,2.7142857142857144,4,2.6666666666666665,1.3333333333333333
7,8,2.4285714285714284,4,2.0,1.0
13,28,2.6923076923076925,5,3.2857142857142856,2.5555555555555554
7,7,1.4285714285714286,2,3.0,1.0
8,8,2.625,4,2.3333333333333335,1.0
7,9,2.7142857142857144,4,2.6666666666666665,1.3333333333333333
7,9,2.7142857142857144,4,2.0,1.3333333333333333
8,8,2.625,4,2.3333333333333335,1.0
11,18,2.4545454545454546,4,2.3333333333333335,1.5555555555555556
6,6,2.1666666666666665,3,1.6666666666666667,1.0
7,9,2.4285714285714284,4,1.6,1.3333333333333333
7,8,2.5714285714285716,4,2.3333333333333335,1.1666666666666667
7,11,2.0,3,2.5,1.25
6,6,2.3333333333333335,4,1.6666666666666667,1.0
7,10,3.142857142857143,5,1.8,1.5
8,9,2.625,4,2.3333333333333335,1.0
7,8,2.5714285714285716,4,2.3333333333333335,1.1666666666666667
7,9,2.4285714285714284,4,1.4,1.1666666666666667
7,7,1.4285714285714286,2,3.0,1.0
8,8,2.625,4,2.3333333333333335,1.0
8,9,2.5,4,1.75,1.0
8,10,2.75,4,2.6666666666666665,1.1428571428571428
6,6,2.3333333333333335,4,1.6666666666666667,1.0
8,8,2.625,4,2.3333333333333335,1.0
8,9,1.5,2,1.6666666666666667,1.25
7,10,2.4285714285714284,4,1.6,1.3333333333333333
9,13,1.6666666666666667,3,2.0,1.5
6,6,2.3333333333333335,4,1.6666666666666667,1.0
7,12,3.142857142857143,5,1.8,1.5
7,10,2.857142857142857,5,2.0,1.6
12,21,2.5,4,2.25,1.8
5,5,3.0,5,1.0,1.0
6,6,1.8333333333333333,3,2.0,1.0
8,8,2.625,4,2.3333333333333335,1.0
8,13,2.875,5,1.5,1.5
7,8,2.4285714285714284,4,1.4,1.1666666666666667
7,9,2.7142857142857144,4,2.6666666666666665,1.3333333333333333
8,12,2.75,5,1.6666666666666667,1.4285714285714286
6,6,2.1666666666666665,3,1.6666666666666667,1.0
7,7,2.5714285714285716,4,2.0,1.0
6,6,2.3333333333333335,4,1.6666666666666667,1.0
8,8,2.625,4,2.3333333333333335,1.0
11,20,2.727272727272727,4,2.2857142857142856,1.7777777777777777
7,9,2.4285714285714284,4,1.75,1.1666666666666667
6,7,2.5,4,2.0,1.2
7,7,2.4285714285714284,4,1.5,1.0
7,7,2.4285714285714284,4,1.5,1.0
6,6,2.3333333333333335,4,1.6666666666666667,1.0
7,8,1.7142857142857142,3,2.0,1.0
8,9,2.625,4,2.6666666666666665,1.1428571428571428
13,29,3.3846153846153846,6,3.0,2.4545454545454546
6,10,3.1666666666666665,5,1.8,1.8
7,9,2.4285714285714284,4,1.4,1.1666666666666667
7,8,2.5714285714285716,4,2.3333333333333335,1.1666666666666667
9,19,2.0,3,5.0,2.5
6,11,3.1666666666666665,5,1.8,1.8
8,8,2.625,4,2.3333333333333335,1.0
7,8,2.5714285714285716,4,1.75,1.1666666666666667
6,7,2.3333333333333335,4,1.3333333333333333,1.0
7,10,2.5714285714285716,4,1.6,1.3333333333333333
7,9,2.4285714285714284,4,1.5,1.0
8,9,2.625,4,2.6666666666666665,1.1428571428571428
8,9,1.5,2,1.6666666666666667,1.25
7,9,2.4285714285714284,4,1.75,1.1666666666666667
9,13,1.6666666666666667,3,2.3333333333333335,1.75
6,6,2.3333333333333335,4,1.6666666666666667,1.0
8,9,2.625,4,2.6666666666666665,1.1428571428571428
7,9,2.7142857142857144,4,2.6666666666666665,1.3333333333333333
7,9,2.4285714285714284,4,1.4,1.1666666666666667
7,7,1.4285714285714286,2,3.0,1.0
8,9,2.625,4,2.6666666666666665,1.1428571428571428
8,10,2.75,4,2.6666666666666665,1.1428571428571428
6,7,2.5,4,2.0,1.2
7,7,2.4285714285714284,4,1.5,1.0
7,9,2.7142857142857144,4,1.6,1.3333333333333333
7,10,2.857142857142857,5,2.0,1.6
10,18,2.6,5,2.5,1.875
6,8,2.6666666666666665,4,2.3333333333333335,1.4
6,10,3.1666666666666665,5,1.8,1.8
7,8,2.4285714285714284,4,1.5,1.0
8,9,2.625,4,2.3333333333333335,1.0
8,11,1.75,3,1.75,1.75
7,10,2.5714285714285716,4,2.0,1.3333333333333333
8,10,2.5,4,1.6,1.1428571428571428
7,8,2.0,3,1.6666666666666667,1.0
6,7,2.5,4,2.0,1.2
6,6,1.8333333333333333,3,1.5,1.0
7,9,2.4285714285714284,4,1.75,1.1666666666666667
10,22,3.1,6,2.25,2.25
7,7,1.4285714285714286,2,3.0,1.0
8,8,2.625,4,2.3333333333333335,1.0
7,9,2.7142857142857144,4,2.6666666666666665,1.3333333333333333
7,8,2.4285714285714284,4,1.5,1.0
7,7,1.4285714285714286,2,3.0,1.0
8,8,2.625,4,2.3333333333333335,1.0
8,10,1.625,3,1.5,1.5
7,8,2.4285714285714284,4,1.4,1.1666666666666667
6,7,2.8333333333333335,4,2.0,1.2
7,12,2.0,3,3.0,1.5
7,9,2.0,3,1.6666666666666667,1.0
6,6,2.1666666666666665,3,1.6666666666666667,1.0
6,6,2.1666666666666665,3,1.6666666666666667,1.0
7,7,2.4285714285714284,4,1.5,1.0
10,24,3.1,6,2.375,2.375
7,7,1.4285714285714286,2,3.0,1.0
8,11,2.75,4,3.0,1.2857142857142858
7,8,2.5714285714285716,4,2.3333333333333335,1.1666666666666667
6,10,3.0,5,1.6,1.6
8,10,2.5,4,2.6666666666666665,1.3333333333333333
6,7,2.8333333333333335,4,1.6666666666666667,1.0
7,9,1.7142857142857142,3,2.5,1.6666666666666667
6,7,2.5,4,2.0,1.2
6,8,2.8333333333333335,4,2.3333333333333335,1.4
6,6,1.8333333333333333,3,2.0,1.0
12,30,3.0,6,2.7,2.7
8,9,3.5,5,1.6,1.1428571428571428
12,24,2.75,5,2.75,2.2
7,8,2.0,3,1.6666666666666667,1.0
7,7,1.4285714285714286,2,3.0,1.0
8,13,3.5,6,2.0,1.7142857142857142
7,8,2.7142857142857144,4,2.3333333333333335,1.1666666666666667
7,7,2.4285714285714284,4,1.5,1.0
6,7,2.3333333333333335,4,1.3333333333333333,1.0
8,8,2.625,4,2.3333333333333335,1.0
8,11,2.625,4,2.25,1.2857142857142858
6,7,2.3333333333333335,4,1.5,1.2
8,8,2.625,4,2.3333333333333335,1.0
8,11,2.75,4,2.25,1.2857142857142858
6,7,2.8333333333333335,4,1.6666666666666667,1.0
7,7,2.5714285714285716,4,2.0,1.0
6,6,2.3333333333333335,4,1.6666666666666667,1.0
7,7,1.4285714285714286,2,3.0,1.0
8,8,2.625,4,2.3333333333333335,1.0
7,7,1.5714285714285714,2,2.0,1.0
6,6,2.8333333333333335,4,1.6666666666666667,1.0
6,6,1.8333333333333333,3,2.0,1.0
8,8,2.625,4,2.3333333333333335,1.0
7,9,2.7142857142857144,4,2.6666666666666665,1.3333333333333333
8,8,2.625,4,2.3333333333333335,1.0
8,9,2.625,4,2.0,1.1428571428571428
6,6,2.3333333333333335,4,1.6666666666666667,1.0
7,8,2.4285714285714284,4,1.5,1.0
7,8,2.4285714285714284,4,1.5,1.0
6,8,2.5,4,1.75,1.4
8,8,2.625,4,2.3333333333333335,1.0
8,9,2.625,4,2.0,1.1428571428571428
6,7,2.5,4,2.0,1.2
7,8,2.4285714285714284,4,1.4,1.1666666666666667
7,10,3.2857142857142856,6,1.5,1.5
7,10,2.857142857142857,5,2.0,1.6
10,18,2.6,5,2.5,1.875
6,7,2.3333333333333335,4,1.5,1.2
11,27,2.727272727272727,5,2.75,2.75
7,7,1.4285714285714286,2,3.0,1.0
7,7,1.4285714285714286,2,3.0,1.0
8,8,2.625,4,2.3333333333333335,1.0
8,13,2.75,4,2.75,1.5714285714285714
6,6,2.3333333333333335,4,1.3333333333333333,1.0
6,7,2.8333333333333335,4,1.6666666666666667,1.0
8,8,2.625,4,2.3333333333333335,1.0
7,8,2.5714285714285716,4,2.3333333333333335,1.1666666666666667
8,8,2.625,4,2.3333333333333335,1.0
8,8,2.5,4,1.75,1.0
8,10,2.75,4,2.6666666666666665,1.1428571428571428
6,7,2.3333333333333335,4,1.3333333333333333,1.0
7,8,2.4285714285714284,4,1.5,1.0
7,7,1.7142857142857142,3,1.5,1.0
6,7,2.3333333333333335,4,1.5,1.2
7,8,2.4285714285714284,4,1.5,1.0
7,7,1.4285714285714286,2,3.0,1.0
7,10,3.2857142857142856,6,1.5,1.5
7,7,2.5714285714285716,4,2.0,1.0
14,32,3.5,6,3.0,2.5
7,11,1.8571428571428572,3,2.0,1.5
6,6,2.8333333333333335,4,1.6666666666666667,1.0
6,6,2.1666666666666665,3,1.6666666666666667,1.0
7,8,2.4285714285714284,4,1.4,1.1666666666666667
6,9,3.0,5,1.6,1.6
8,8,2.625,4,2.3333333333333335,1.0
7,10,3.0,5,1.8,1.5
7,8,2.5714285714285716,4,2.0,1.0
6,6,2.3333333333333335,4,1.6666666666666667,1.0
8,8,2.625,4,2.3333333333333335,1.0
8,9,1.5,2,1.6666666666666667,1.25
7,9,2.7142857142857144,4,2.6666666666666665,1.3333333333333333
6,8,2.5,4,1.75,1.4
8,8,2.625,4,2.3333333333333335,1.0
6,6,2.3333333333333335,4,1.3333333333333333,1.0
7,7,1.4285714285714286,2,3.0,1.0
8,8,2.625,4,2.3333333333333335,1.0
8,9,2.625,4,2.0,1.1428571428571428
6,7,2.5,4,2.0,1.2
7,7,2.4285714285714284,4,1.5,1.0
7,7,2.4285714285714284,4,1.5,1.0
6,6,2.1666666666666665,3,1.6666666666666667,1.0
6,6,2.1666666666666665,3,1.6666666666666667,1.0
8,10,1.375,2,3.0,1.0
6,6,2.3333333333333335,4,1.6666666666666667,1.0
7,9,2.7142857142857144,4,1.6,1.3333333333333333
7,9,2.5714285714285716,4,2.0,1.2
12,21,2.5,4,2.4285714285714284,1.7
6,8,2.6666666666666665,4,2.3333333333333335,1.4
9,12,1.6666666666666667,3,2.0,1.5
6,6,2.3333333333333335,4,1.6666666666666667,1.0
8,10,2.625,4,2.6666666666666665,1.1428571428571428
7,7,1.5714285714285714,2,2.0,1.0
6,7,2.3333333333333335,4,1.5,1.2
6,6,2.1666666666666665,3,1.6666666666666667,1.0
6,6,1.8333333333333333,3,1.5,1.0
6,9,3.0,5,1.6,1.6
7,7,1.7142857142857142,3,1.5,1.0
7,9,2.7142857142857144,4,1.6,1.3333333333333333
7,7,2.5714285714285716,4,2.0,1.0
7,9,2.7142857142857144,4,2.6666666666666665,1.3333333333333333
7,7,2.0,3,1.6666666666666667,1.0
8,14,2.75,5,1.8333333333333333,1.5714285714285714
6,6,2.1666666666666665,3,1.6666666666666667,1.0
6,8,2.8333333333333335,4,1.75,1.4
6,6,2.3333333333333335,4,1.6666666666666667,1.0
8,10,2.625,4,2.6666666666666665,1.1428571428571428
7,7,1.5714285714285714,2,2.0,1.0
7,8,2.4285714285714284,4,1.4,1.1666666666666667
6,6,2.1666666666666665,3,1.6666666666666667,1.0
6,6,2.3333333333333335,4,1.6666666666666667,1.0
7,9,2.4285714285714284,4,1.4,1.1666666666666667
7,7,1.4285714285714286,2,3.0,1.0
6,6,1.8333333333333333,3,1.5,1.0
7,9,2.7142857142857144,4,1.6,1.3333333333333333
7,8,2.5714285714285716,4,2.3333333333333335,1.1666666666666667
7,9,2.7142857142857144,4,2.6666666666666665,1.3333333333333333
7,9,2.4285714285714284,4,1.4,1.1666666666666667
7,7,1.4285714285714286,2,3.0,1.0
7,8,2.7142857142857144,4,2.3333333333333335,1.1666666666666667
8,12,1.75,3,1.75,1.75
7,8,2.4285714285714284,4,1.4,1.1666666666666667
6,7,2.8333333333333335,4,2.0,1.2
7,11,2.0,3,3.0,1.5
7,8,2.0,3,1.6666666666666667,1.0
6,6,2.1666666666666665,3,1.6666666666666667,1.0
7,9,2.4285714285714284,4,1.6,1.3333333333333333
7,8,2.7142857142857144,4,2.3333333333333335,1.1666666666666667
8,8,1.5,2,2.0,1.0
7,9,2.7142857142857144,4,2.6666666666666665,1.3333333333333333
7,9,2.4285714285714284,4,1.4,1.1666666666666667
9,11,1.4444444444444444,2,4.0,1.0
7,9,2.4285714285714284,4,1.75,1.1666666666666667
7,8,2.7142857142857144,4,2.3333333333333335,1.1666666666666667
6,7,2.3333333333333335,4,1.5,1.2
7,8,2.0,3,1.6666666666666667,1.0
8,8,2.625,4,2.3333333333333335,1.0
8,13,2.75,4,2.75,1.5714285714285714
7,8,2.5714285714285716,4,2.3333333333333335,1.1666666666666667
7,10,2.7142857142857144,4,2.3333333333333335,1.1666666666666667
7,10,2.4285714285714284,4,1.75,1.1666666666666667
8,8,2.625,4,2.3333333333333335,1.0
8,14,2.375,4,2.0,1.6
6,6,2.8333333333333335,4,1.6666666666666667,1.0
7,9,2.4285714285714284,4,1.75,1.1666666666666667
7,7,1.7142857142857142,3,1.5,1.0
6,6,2.3333333333333335,4,1.6666666666666667,1.0
7,9,2.4285714285714284,4,1.6,1.3333333333333333
7,9,2.7142857142857144,4,2.3333333333333335,1.1666666666666667
10,22,2.7,6,2.0,2.5714285714285716
8,8,1.375,3,1.0,1.0
6,7,1.5,3,1.0,1.0
11,20,2.909090909090909,6,2.4285714285714284,1.8888888888888888
12,14,1.6666666666666667,3,3.5,1.0
13,23,2.3846153846153846,4,2.857142857142857,1.8181818181818181
13,22,2.4615384615384617,4,2.5,1.3636363636363635
12,25,2.4166666666666665,5,2.4444444444444446,2.2
12,21,2.5833333333333335,5,2.5714285714285716,1.8
13,33,2.6153846153846154,5,3.375,2.7
7,11,3.4285714285714284,5,1.8,1.5
12,25,2.5833333333333335,5,2.75,2.2
8,8,2.625,4,2.3333333333333335,1.0
7,10,3.0,4,2.25,1.5
8,10,2.75,4,2.6666666666666665,1.1428571428571428
7,9,2.7142857142857144,4,2.6666666666666665,1.3333333333333333
7,8,2.0,3,2.0,1.2
9,13,1.6666666666666667,3,2.0,1.5
8,8,2.625,4,2.3333333333333335,1.0
7,8,2.5714285714285716,4,1.75,1.1666666666666667
6,6,2.3333333333333335,4,1.3333333333333333,1.0
7,11,3.0,5,1.8,1.5
7,12,3.142857142857143,5,1.8,1.5
8,8,2.625,4,2.3333333333333335,1.0
7,8,2.142857142857143,4,1.3333333333333333,1.0
7,8,2.5714285714285716,4,2.3333333333333335,1.1666666666666667
7,9,2.4285714285714284,4,1.5,1.0
10,23,2.7,6,2.0,2.5714285714285716
8,9,1.5,3,1.5,1.0
12,23,2.5833333333333335,5,2.857142857142857,2.0
8,10,2.75,4,2.6666666666666665,1.1428571428571428
6,7,2.3333333333333335,4,1.5,1.2
7,9,2.4285714285714284,4,1.5,1.0
6,6,2.3333333333333335,4,1.6666666666666667,1.0
8,9,1.75,3,2.0,1.0
7,10,3.0,5,1.8,1.5
8,10,2.75,4,2.6666666666666665,1.1428571428571428
6,7,2.3333333333333335,4,1.5,1.2
7,8,2.4285714285714284,4,1.5,1.0
8,8,2.375,4,2.0,1.0
7,7,1.5714285714285714,2,2.0,1.0
6,6,2.3333333333333335,4,1.3333333333333333,1.0
8,9,2.625,4,2.3333333333333335,1.0
7,8,2.5714285714285716,4,1.75,1.1666666666666667
6,6,2.3333333333333335,4,1.3333333333333333,1.0
6,8,2.5,4,1.4,1.4
7,7,2.5714285714285716,4,2.0,1.0
9,13,1.6666666666666667,3,2.3333333333333335,1.75
8,12,2.75,4,2.75,1.5714285714285714
6,7,2.8333333333333335,4,1.6666666666666667,1.0
7,8,2.4285714285714284,4,1.5,1.0
7,7,2.5714285714285716,4,2.0,1.0
8,10,2.5,4,2.0,1.1428571428571428
6,6,2.3333333333333335,4,1.6666666666666667,1.0
7,7,1.7142857142857142,3,1.5,1.0
6,8,2.8333333333333335,4,1.75,1.4
7,8,2.5714285714285716,4,2.0,1.2
11,24,2.727272727272727,5,2.5,2.2222222222222223
6,7,2.3333333333333335,4,1.5,1.2
7,7,2.5714285714285716,4,2.0,1.0
8,10,2.5,4,2.0,1.1428571428571428
6,7,2.3333333333333335,4,1.5,1.2
8,9,2.625,4,2.6666666666666665,1.1428571428571428
7,11,3.5714285714285716,5,2.5,1.6666666666666667
7,7,1.4285714285714286,2,3.0,1.0
7,7,1.4285714285714286,2,3.0,1.0
6,7,2.5,4,2.0,1.2
6,6,2.3333333333333335,4,1.6666666666666667,1.0
7,7,1.4285714285714286,2,3.0,1.0
8,9,2.625,4,2.6666666666666665,1.1428571428571428
7,10,2.857142857142857,4,3.0,1.5
7,8,2.4285714285714284,4,1.4,1.1666666666666667
7,7,1.4285714285714286,2,3.0,1.0
8,9,2.625,4,2.6666666666666665,1.1428571428571428
7,8,2.142857142857143,4,1.3333333333333333,1.0
7,10,2.5714285714285716,4,2.0,1.3333333333333333
8,13,1.875,3,3.0,1.5
7,8,2.4285714285714284,4,1.5,1.0
8,9,2.625,4,2.6666666666666665,1.1428571428571428
7,9,2.7142857142857144,4,2.6666666666666665,1.3333333333333333
7,7,1.7142857142857142,3,1.5,1.0
7,7,1.7142857142857142,3,1.5,1.0
6,7,2.1666666666666665,3,2.0,1.2
7,7,2.4285714285714284,4,1.5,1.0
6,6,2.1666666666666665,3,1.6666666666666667,1.0
7,8,2.4285714285714284,4,1.4,1.1666666666666667
7,10,2.0,3,2.5,1.25
6,6,2.3333333333333335,4,1.6666666666666667,1.0
8,10,2.625,4,2.6666666666666665,1.1428571428571428
6,8,3.0,5,1.75,1.4
7,9,2.7142857142857144,4,2.6666666666666665,1.3333333333333333
11,26,2.909090909090909,6,2.5,2.5
6,6,2.3333333333333335,4,1.6666666666666667,1.0
7,9,2.4285714285714284,4,1.4,1.1666666666666667
7,9,2.0,3,2.0,1.0
14,33,2.9285714285714284,5,3.5,2.3333333333333335
5,5,2.0,3,1.5,1.0
7,9,2.7142857142857144,4,2.3333333333333335,1.1666666666666667
6,7,2.3333333333333335,4,1.3333333333333333,1.0
7,8,2.5714285714285716,4,2.0,1.0
7,9,2.2857142857142856,3,2.0,1.3333333333333333
7,9,2.0,3,1.6666666666666667,1.0
7,9,2.0,3,1.6666666666666667,1.0
8,11,2.75,4,3.0,1.2857142857142858
7,10,2.5714285714285716,4,1.6,1.3333333333333333
6,7,2.3333333333333335,4,1.5,1.2
8,12,3.375,6,1.8333333333333333,1.5714285714285714
7,8,3.4285714285714284,5,1.4,1.1666666666666667
12,24,2.6666666666666665,5,2.625,2.1
6,10,2.8333333333333335,4,2.0,1.6
7,9,2.4285714285714284,4,1.4,1.1666666666666667
7,8,2.7142857142857144,4,2.3333333333333335,1.1666666666666667
8,9,2.5,4,1.75,1.0
8,10,2.75,4,2.6666666666666665,1.1428571428571428
6,9,2.3333333333333335,4,2.0,1.5
7,10,2.5714285714285716,4,1.6,1.3333333333333333
8,8,2.625,4,2.3333333333333335,1.0
9,20,3.5555555555555554,6,2.6,1.8571428571428572
7,9,2.7142857142857144,4,2.6666666666666665,1.3333333333333333
7,7,2.4285714285714284,4,1.5,1.0
6,6,2.3333333333333335,4,1.6666666666666667,1.0
7,7,1.7142857142857142,3,1.5,1.0
7,8,2.7142857142857144,4,2.3333333333333335,1.1666666666666667
8,8,2.625,4,2.3333333333333335,1.0
8,9,2.75,4,2.3333333333333335,1.0
6,7,2.3333333333333335,4,1.5,1.2
7,8,2.0,3,1.6666666666666667,1.0
6,6,2.3333333333333335,4,1.6666666666666667,1.0
8,8,2.625,4,2.3333333333333335,1.0
8,9,2.5,4,1.75,1.0
8,10,2.75,4,2.6666666666666665,1.1428571428571428
6,7,2.3333333333333335,4,1.3333333333333333,1.0
7,10,2.5714285714285716,4,1.6,1.3333333333333333
8,8,2.625,4,2.3333333333333335,1.0
8,9,2.625,4,2.0,1.1428571428571428
7,9,2.7142857142857144,4,2.6666666666666665,1.3333333333333333
6,8,2.5,4,1.75,1.4
7,7,1.7142857142857142,3,1.5,1.0
7,7,2.5714285714285716,4,2.0,1.0
10,22,2.7,6,2.0,2.5714285714285716
6,6,1.5,3,1.0,1.0
6,7,1.5,3,1.0,1.0
13,21,1.7692307692307692,3,2.3333333333333335,1.75
14,33,2.0714285714285716,4,3.125,2.7777777777777777
12,18,1.9166666666666667,4,1.7142857142857142,1.5
12,24,2.25,4,2.625,2.1
13,22,2.4615384615384617,4,2.25,1.6363636363636365
12,20,2.0,3,4.0,1.7777777777777777
12,22,2.4166666666666665,5,2.375,1.9
14,33,2.642857142857143,5,3.375,2.4545454545454546
7,9,2.5714285714285716,4,1.75,1.4
10,16,2.4,4,2.1666666666666665,1.625
7,10,2.5714285714285716,4,1.6,1.3333333333333333
6,10,3.1666666666666665,5,1.8,1.8
7,7,2.5714285714285716,4,2.0,1.0
7,10,3.0,4,2.25,1.5
8,10,2.75,4,2.6666666666666665,1.1428571428571428
7,8,2.5714285714285716,4,2.3333333333333335,1.1666666666666667
7,7,2.5714285714285716,4,2.0,1.0
8,8,2.625,4,2.3333333333333335,1.0
12,25,2.6666666666666665,5,2.75,2.2
8,8,2.625,4,2.3333333333333335,1.0
7,7,1.5714285714285714,2,2.0,1.0
6,7,2.8333333333333335,4,1.6666666666666667,1.0
8,8,2.625,4,2.3333333333333335,1.0
8,11,2.75,4,2.25,1.2857142857142858
6,7,2.8333333333333335,4,1.6666666666666667,1.0
6,11,3.1666666666666665,5,1.8,1.8
10,22,2.4,5,1.875,2.142857142857143
6,6,1.5,3,1.0,1.0
6,6,1.5,3,1.0,1.0
12,20,1.75,3,2.4,1.7142857142857142
13,15,1.6153846153846154,3,3.5,1.0
13,23,2.4615384615384617,4,3.3333333333333335,1.8181818181818181
13,26,2.769230769230769,5,3.0,1.9090909090909092
13,25,2.3846153846153846,4,2.375,1.7272727272727273
13,27,2.5384615384615383,5,2.6666666666666665,2.1818181818181817
12,20,2.25,5,1.7777777777777777,1.7777777777777777
12,20,2.4166666666666665,4,2.8333333333333335,1.7
14,33,2.642857142857143,5,3.7142857142857144,2.3636363636363638
7,9,2.5714285714285716,4,1.75,1.4
10,18,2.6,5,2.142857142857143,1.875
7,10,2.4285714285714284,4,1.6,1.3333333333333333
6,8,2.5,4,1.75,1.4
7,7,1.4285714285714286,2,3.0,1.0
8,13,2.75,5,1.6666666666666667,1.4285714285714286
6,6,2.3333333333333335,4,1.6666666666666667,1.0
8,10,2.625,4,2.6666666666666665,1.1428571428571428
7,10,3.2857142857142856,5,1.8,1.5
6,7,2.3333333333333335,4,1.5,1.2
6,7,2.5,4,2.0,1.2
7,8,2.0,3,1.6666666666666667,1.0
8,9,2.625,4,2.6666666666666665,1.1428571428571428
7,8,2.142857142857143,4,1.3333333333333333,1.0
7,8,2.5714285714285716,4,2.3333333333333335,1.1666666666666667
7,8,2.4285714285714284,4,1.5,1.0
8,12,1.625,3,2.5,1.6666666666666667
6,6,2.3333333333333335,4,1.6666666666666667,1.0
7,10,2.7142857142857144,4,1.6,1.3333333333333333
7,7,2.5714285714285716,4,2.0,1.0
12,19,2.5,4,2.142857142857143,1.5
6,7,2.5,4,2.0,1.2
7,7,2.4285714285714284,4,1.5,1.0
6,6,2.1666666666666665,3,1.6666666666666667,1.0
7,8,2.4285714285714284,4,1.4,1.1666666666666667
7,7,1.4285714285714286,2,3.0,1.0
6,6,2.1666666666666665,3,1.6666666666666667,1.0
7,9,2.7142857142857144,4,1.6,1.3333333333333333
7,8,2.5714285714285716,4,2.3333333333333335,1.1666666666666667
7,8,3.0,5,1.75,1.1666666666666667
8,11,2.625,4,2.25,1.2857142857142858
6,7,2.3333333333333335,4,1.5,1.2
7,8,1.7142857142857142,3,2.0,1.0
8,14,2.75,5,1.8333333333333333,1.5714285714285714
6,6,2.3333333333333335,4,1.6666666666666667,1.0
8,9,2.625,4,2.6666666666666665,1.1428571428571428
7,10,3.2857142857142856,5,1.8,1.5
6,7,2.3333333333333335,4,1.5,1.2
6,6,2.1666666666666665,3,1.6666666666666667,1.0
7,8,2.4285714285714284,4,1.5,1.0
8,10,2.75,4,3.0,1.2857142857142858
7,8,2.142857142857143,4,1.3333333333333333,1.0
7,8,2.5714285714285716,4,2.3333333333333335,1.1666666666666667
7,9,2.4285714285714284,4,1.4,1.1666666666666667
8,13,1.875,3,3.0,1.5
6,6,2.3333333333333335,4,1.6666666666666667,1.0
7,12,3.142857142857143,5,1.8,1.5
7,8,2.142857142857143,4,1.6666666666666667,1.25
11,21,2.727272727272727,4,2.8333333333333335,1.8888888888888888
7,8,2.5714285714285716,4,2.0,1.0
7,9,2.5714285714285716,4,2.0,1.3333333333333333
8,10,2.5,4,2.6666666666666665,1.3333333333333333
7,7,1.5714285714285714,2,2.0,1.0
10,23,2.5,5,2.5,2.857142857142857
7,7,1.4285714285714286,3,1.0,1.0
7,8,1.8571428571428572,4,1.0,1.0
12,23,2.1666666666666665,4,3.4,2.125
13,32,2.3846153846153846,4,2.5,2.272727272727273
13,26,2.5384615384615383,5,3.3333333333333335,1.8181818181818181
13,25,2.3846153846153846,4,2.5555555555555554,2.090909090909091
13,24,2.6153846153846154,5,2.7142857142857144,1.9
13,27,2.923076923076923,6,3.0,2.1818181818181817
13,29,2.923076923076923,6,2.888888888888889,2.3636363636363638
12,24,2.4166666666666665,5,2.2,2.2
13,20,2.4615384615384617,4,2.25,1.6363636363636365
14,34,3.142857142857143,6,3.625,2.4166666666666665
8,9,3.5,5,1.6,1.1428571428571428
13,29,2.8461538461538463,5,2.888888888888889,2.3636363636363638
7,8,2.5714285714285716,4,2.3333333333333335,1.1666666666666667
7,7,2.5714285714285716,4,2.0,1.0
7,10,2.4285714285714284,4,1.6,1.3333333333333333
7,7,2.5714285714285716,4,2.0,1.0
7,9,2.7142857142857144,4,2.6666666666666665,1.3333333333333333
7,9,2.4285714285714284,4,1.4,1.1666666666666667
7,7,2.5714285714285716,4,2.0,1.0
6,6,2.1666666666666665,3,1.6666666666666667,1.0
7,8,2.5714285714285716,4,2.3333333333333335,1.1666666666666667
6,6,2.3333333333333335,4,1.6666666666666667,1.0
8,8,2.625,4,2.3333333333333335,1.0
7,7,2.4285714285714284,4,1.6666666666666667,1.0
7,7,1.4285714285714286,2,3.0,1.0
8,8,2.625,4,2.3333333333333335,1.0
9,10,1.4444444444444444,2,1.6666666666666667,1.25
7,8,2.4285714285714284,4,1.4,1.1666666666666667
6,7,2.3333333333333335,4,1.5,1.2
6,6,2.3333333333333335,4,1.6666666666666667,1.0
7,8,2.4285714285714284,4,1.4,1.1666666666666667
8,8,2.625,4,2.3333333333333335,1.0
7,8,2.5714285714285716,4,2.3333333333333335,1.1666666666666667
7,7,2.0,3,1.6666666666666667,1.0
12,26,3.0,6,2.3333333333333335,2.3333333333333335
6,10,2.5,4,1.75,1.4
10,24,2.7,6,2.0,2.5714285714285716
7,7,1.4285714285714286,3,1.0,1.0
6,7,1.5,3,1.0,1.0
14,26,2.2142857142857144,4,3.8,1.9
13,19,1.8461538461538463,4,2.4,1.5
13,29,3.3846153846153846,7,3.25,2.3636363636363638
13,25,2.4615384615384617,4,2.75,2.0
13,20,2.4615384615384617,4,2.2857142857142856,1.4545454545454546
13,26,2.3846153846153846,5,2.5555555555555554,2.090909090909091
12,20,2.5,5,2.4285714285714284,1.7
14,36,3.2142857142857144,6,3.875,2.5833333333333335
8,10,3.25,5,1.8,1.2857142857142858
10,17,2.6,5,2.3333333333333335,1.75
6,6,2.3333333333333335,4,1.6666666666666667,1.0
7,7,2.5714285714285716,4,2.0,1.0
8,9,2.625,4,2.0,1.1428571428571428
6,7,2.5,4,2.0,1.2
7,7,1.7142857142857142,3,1.5,1.0
7,7,1.7142857142857142,3,1.5,1.0
6,6,2.3333333333333335,4,1.6666666666666667,1.0
7,7,1.7142857142857142,3,1.5,1.0
7,7,2.5714285714285716,4,2.0,1.0
8,11,2.75,4,2.5,1.4285714285714286
6,7,2.8333333333333335,4,1.6666666666666667,1.0
6,10,3.1666666666666665,5,1.8,1.8
8,8,2.625,4,2.3333333333333335,1.0
8,10,2.75,4,2.25,1.2857142857142858
7,10,2.5714285714285716,4,1.6,1.3333333333333333
7,11,1.7142857142857142,3,2.5,1.6666666666666667
7,7,2.4285714285714284,4,1.5,1.0
10,23,2.7,6,2.0,2.5714285714285716
6,6,1.5,3,1.0,1.0
6,6,1.5,3,1.0,1.0
12,22,2.25,4,2.8,1.75
12,25,2.5833333333333335,5,2.5714285714285716,2.0
13,27,3.0,6,3.142857142857143,2.0
14,30,2.7857142857142856,5,2.6,2.1666666666666665
13,27,2.4615384615384617,4,3.5,2.1
13,31,3.3846153846153846,7,3.375,2.4545454545454546
14,38,2.857142857142857,5,2.6666666666666665,2.6666666666666665
14,30,2.5,5,2.7,2.25
13,19,2.4615384615384617,4,2.2857142857142856,1.4545454545454546
14,35,2.7857142857142856,5,4.0,2.5454545454545454
7,9,2.5714285714285716,4,1.75,1.4
11,19,2.3636363636363638,4,1.875,1.6666666666666667
6,6,2.8333333333333335,4,1.6666666666666667,1.0
9,20,2.111111111111111,4,1.8571428571428572,2.1666666666666665
7,7,2.5714285714285716,4,2.0,1.0
8,10,2.75,4,2.6666666666666665,1.1428571428571428
6,7,2.3333333333333335,4,1.5,1.2
7,7,2.5714285714285716,4,2.0,1.0
7,7,1.5714285714285714,2,2.0,1.0
6,6,2.8333333333333335,4,1.6666666666666667,1.0
6,8,3.0,5,1.4,1.4
7,8,2.4285714285714284,4,1.5,1.0
7,7,2.5714285714285716,4,2.0,1.0
8,10,2.5,4,2.0,1.1428571428571428
7,10,2.5714285714285716,4,1.6,1.3333333333333333
6,9,3.0,5,1.6,1.6
8,8,2.625,4,2.3333333333333335,1.0
8,9,2.625,4,2.0,1.1428571428571428
6,7,2.5,4,2.0,1.2
7,7,1.7142857142857142,3,1.5,1.0
6,9,3.0,5,1.6,1.6
6,6,2.1666666666666665,3,1.6666666666666667,1.0
9,13,1.6666666666666667,3,2.0,1.5
6,6,2.3333333333333335,4,1.6666666666666667,1.0
7,7,2.5714285714285716,4,2.0,1.0
6,7,3.0,5,1.5,1.2
7,8,2.5714285714285716,4,2.0,1.0
6,6,2.3333333333333335,4,1.6666666666666667,1.0
8,9,2.625,4,2.3333333333333335,1.0
7,9,3.0,5,2.0,1.3333333333333333
7,9,2.4285714285714284,4,1.4,1.1666666666666667
7,11,3.0,5,1.8,1.5
6,8,3.0,5,1.4,1.4
7,8,2.4285714285714284,4,1.5,1.0
8,9,2.625,4,2.3333333333333335,1.0
7,8,3.0,5,1.75,1.1666666666666667
6,6,2.3333333333333335,4,1.3333333333333333,1.0
6,8,3.0,5,1.4,1.4
6,6,2.1666666666666665,3,1.6666666666666667,1.0
7,9,2.0,3,1.6666666666666667,1.0
7,9,2.0,3,1.6666666666666667,1.0
6,8,2.5,4,1.75,1.4
10,23,2.4,5,1.7777777777777777,2.2857142857142856
6,7,1.5,3,1.0,1.0
6,8,1.5,3,1.0,1.0
11,23,2.4545454545454546,4,3.0,1.6666666666666667
6,7,2.5,4,2.0,1.2
7,8,2.5714285714285716,4,1.75,1.1666666666666667
7,10,2.4285714285714284,4,1.6,1.3333333333333333
8,9,2.75,4,2.6666666666666665,1.1428571428571428
7,8,2.5714285714285716,4,2.3333333333333335,1.1666666666666667
6,7,2.8333333333333335,4,1.6666666666666667,1.0
7,11,3.0,5,1.8,1.5
8,8,2.625,4,2.3333333333333335,1.0
9,14,2.4444444444444446,4,2.4,1.5
6,6,2.8333333333333335,4,1.6666666666666667,1.0
7,8,2.7142857142857144,4,2.3333333333333335,1.1666666666666667
7,10,2.4285714285714284,4,1.6,1.3333333333333333
12,28,2.75,5,3.4285714285714284,2.6666666666666665
7,8,1.4285714285714286,3,1.0,1.0
6,7,1.5,3,1.0,1.0
12,24,2.4166666666666665,5,2.1,2.1
13,26,2.4615384615384617,4,3.3333333333333335,1.8181818181818181
13,19,1.6153846153846154,3,2.0,1.7142857142857142
13,28,3.0,6,3.125,2.272727272727273
13,23,2.4615384615384617,4,2.5,1.8181818181818181
13,20,2.4615384615384617,4,2.125,1.5454545454545454
12,20,2.6666666666666665,5,2.8333333333333335,1.7
12,24,2.4166666666666665,5,2.625,2.1
12,21,2.5833333333333335,5,2.5714285714285716,1.8
14,33,3.0714285714285716,6,3.5,2.3333333333333335
8,11,3.5,5,2.0,1.4285714285714286
10,16,2.5,5,2.1666666666666665,1.625
6,10,3.0,5,1.75,1.4
7,11,3.0,5,1.8,1.5
8,8,2.625,4,2.3333333333333335,1.0
8,10,2.75,4,2.25,1.2857142857142858
6,7,2.5,4,2.0,1.2
6,8,2.5,4,1.75,1.4
7,7,2.5714285714285716,4,2.0,1.0
9,10,1.4444444444444444,2,1.6666666666666667,1.25
6,6,2.8333333333333335,4,1.6666666666666667,1.0
8,8,2.625,4,2.3333333333333335,1.0
8,12,2.625,4,2.5,1.4285714285714286
7,9,2.7142857142857144,4,2.6666666666666665,1.3333333333333333
7,7,1.4285714285714286,2,3.0,1.0
9,12,1.6666666666666667,3,1.6666666666666667,1.25
7,12,3.142857142857143,5,1.8,1.5
7,7,2.5714285714285716,4,2.0,1.0
7,9,2.7142857142857144,4,2.6666666666666665,1.3333333333333333
7,7,2.0,3,1.6666666666666667,1.0
7,8,1.4285714285714286,2,3.0,1.0
8,8,2.625,4,2.3333333333333335,1.0
9,12,1.4444444444444444,2,1.6666666666666667,1.25
7,9,2.7142857142857144,4,2.6666666666666665,1.3333333333333333
8,13,2.75,5,1.6666666666666667,1.4285714285714286
6,6,2.3333333333333335,4,1.6666666666666667,1.0
8,8,2.625,4,2.3333333333333335,1.0
8,9,2.625,4,2.0,1.1428571428571428
6,6,2.3333333333333335,4,1.6666666666666667,1.0
8,8,2.625,4,2.3333333333333335,1.0
7,9,2.4285714285714284,4,1.5,1.0
6,6,2.3333333333333335,4,1.6666666666666667,1.0
6,6,2.1666666666666665,3,1.6666666666666667,1.0
7,12,2.4285714285714284,4,1.3333333333333333,1.3333333333333333
6,6,2.3333333333333335,4,1.6666666666666667,1.0
8,8,2.625,4,2.3333333333333335,1.0
7,9,2.7142857142857144,4,2.6666666666666665,1.3333333333333333
8,8,2.625,4,2.3333333333333335,1.0
8,13,2.75,4,2.75,1.5714285714285714
8,10,2.75,4,2.6666666666666665,1.1428571428571428
6,7,2.5,4,2.0,1.2
7,7,1.4285714285714286,2,3.0,1.0
6,6,2.3333333333333335,4,1.6666666666666667,1.0
10,21,2.9,5,2.7142857142857144,2.375
7,9,2.5714285714285716,4,1.75,1.4
12,21,2.5,4,2.4285714285714284,1.7
7,10,3.2857142857142856,5,1.8,1.5
7,7,2.5714285714285716,4,2.0,1.0
7,9,2.4285714285714284,4,1.5,1.0
6,7,2.3333333333333335,4,1.5,1.2
7,7,1.7142857142857142,3,1.5,1.0
7,7,1.7142857142857142,3,1.5,1.0
6,6,2.8333333333333335,4,1.6666666666666667,1.0
7,8,2.4285714285714284,4,1.4,1.1666666666666667
7,7,1.7142857142857142,3,1.5,1.0
8,9,2.625,4,2.3333333333333335,1.0
8,9,2.625,4,2.0,1.1428571428571428
6,7,2.5,4,2.0,1.2
9,13,1.6666666666666667,3,2.0,1.5
6,6,2.3333333333333335,4,1.6666666666666667,1.0
8,8,2.625,4,2.3333333333333335,1.0
8,11,2.75,4,2.5,1.4285714285714286
6,7,2.8333333333333335,4,1.6666666666666667,1.0
8,8,2.625,4,2.3333333333333335,1.0
8,9,2.625,4,2.0,1.1428571428571428
7,10,2.5714285714285716,4,1.6,1.3333333333333333
7,7,1.7142857142857142,3,1.5,1.0
6,6,2.1666666666666665,3,1.6666666666666667,1.0
7,12,2.0,3,3.0,1.5
8,9,2.625,4,2.6666666666666665,1.1428571428571428
7,8,2.5714285714285716,4,2.3333333333333335,1.1666666666666667
7,9,2.4285714285714284,4,1.4,1.1666666666666667
8,8,2.625,4,2.3333333333333335,1.0
7,9,3.0,5,2.0,1.3333333333333333
7,8,2.5714285714285716,4,2.0,1.0
7,8,2.0,3,1.6666666666666667,1.0
6,6,2.3333333333333335,4,1.6666666666666667,1.0
6,6,2.3333333333333335,4,1.6666666666666667,1.0
8,9,2.625,4,2.6666666666666665,1.1428571428571428
8,12,1.75,3,1.75,1.75
7,9,2.7142857142857144,4,2.6666666666666665,1.3333333333333333
7,7,2.4285714285714284,4,1.5,1.0
6,9,3.0,5,1.6,1.6
7,7,1.7142857142857142,3,1.5,1.0
10,22,2.7,6,2.0,2.2857142857142856
6,7,1.5,3,1.0,1.0
6,7,1.5,3,1.0,1.0
12,17,1.5833333333333333,3,2.3333333333333335,1.1666666666666667
12,19,1.6666666666666667,3,3.6666666666666665,1.5714285714285714
13,26,2.769230769230769,5,3.8,1.9
12,27,2.4166666666666665,5,2.4,2.4
12,19,2.3333333333333335,4,2.0,1.6
12,32,3.0,5,3.375,2.7
13,35,2.8461538461538463,6,3.0,2.727272727272727
12,23,2.5,5,2.5,2.0
14,34,2.7142857142857144,5,3.5,2.5454545454545454
7,9,2.5714285714285716,4,1.75,1.4
12,25,2.9166666666666665,5,3.0,2.1
6,6,2.3333333333333335,4,1.6666666666666667,1.0
6,6,2.3333333333333335,4,1.6666666666666667,1.0
8,10,2.75,4,3.0,1.2857142857142858
7,10,3.2857142857142856,5,1.8,1.5
6,6,2.3333333333333335,4,1.3333333333333333,1.0
12,25,2.8333333333333335,5,3.5,2.1
12,25,2.75,5,2.625,2.1
12,18,2.25,4,3.0,1.5
12,19,2.25,4,2.6666666666666665,1.6
12,22,2.4166666666666665,5,2.111111111111111,1.9
12,20,2.5833333333333335,5,2.5714285714285716,1.8
14,31,3.2142857142857144,6,3.857142857142857,2.25
8,9,3.5,5,1.6,1.1428571428571428
12,22,2.25,4,2.5,2.0
7,9,2.0,3,2.0,1.2
7,7,1.4285714285714286,2,3.0,1.0
7,7,2.5714285714285716,4,2.0,1.0
8,9,2.5,4,1.75,1.0
8,10,2.75,4,2.6666666666666665,1.1428571428571428
6,6,2.3333333333333335,4,1.6666666666666667,1.0
7,9,2.0,3,1.6666666666666667,1.0
6,6,2.3333333333333335,4,1.6666666666666667,1.0
7,7,1.4285714285714286,2,3.0,1.0
6,6,2.8333333333333335,4,1.6666666666666667,1.0
6,6,1.8333333333333333,3,2.0,1.0
6,6,2.3333333333333335,4,1.6666666666666667,1.0
8,8,2.625,4,2.3333333333333335,1.0
15,33,3.533333333333333,6,3.1,2.3846153846153846
7,7,2.4285714285714284,4,1.5,1.0
7,8,2.5714285714285716,4,2.3333333333333335,1.1666666666666667
7,8,1.7142857142857142,3,1.5,1.0
8,8,2.625,4,2.3333333333333335,1.0
8,13,2.25,4,2.3333333333333335,1.4
7,8,2.5714285714285716,4,2.3333333333333335,1.1666666666666667
7,8,1.7142857142857142,3,2.0,1.0
7,7,1.4285714285714286,2,3.0,1.0
6,6,2.3333333333333335,4,1.6666666666666667,1.0
7,7,1.4285714285714286,2,3.0,1.0
8,8,2.625,4,2.3333333333333335,1.0
7,8,2.5714285714285716,4,2.3333333333333335,1.1666666666666667
8,8,2.625,4,2.3333333333333335,1.0
7,8,2.142857142857143,4,1.3333333333333333,1.0
6,7,2.3333333333333335,4,1.5,1.2
7,9,2.4285714285714284,4,1.6,1.3333333333333333
7,7,1.7142857142857142,3,1.5,1.0
6,7,2.5,4,2.0,1.2
7,8,2.5714285714285716,4,1.75,1.1666666666666667
7,8,1.7142857142857142,3,2.0,1.0
6,6,2.3333333333333335,4,1.6666666666666667,1.0
8,8,2.625,4,2.3333333333333335,1.0
8,8,2.5,4,1.75,1.0
6,7,2.5,4,2.0,1.2
7,7,1.4285714285714286,2,3.0,1.0
6,6,2.3333333333333335,4,1.6666666666666667,1.0
11,26,3.090909090909091,6,2.4,2.6666666666666665
8,8,2.625,4,2.3333333333333335,1.0
7,9,2.7142857142857144,4,2.6666666666666665,1.3333333333333333
7,9,2.4285714285714284,4,1.75,1.1666666666666667
7,7,1.4285714285714286,2,3.0,1.0
8,8,2.625,4,2.3333333333333335,1.0
7,10,3.0,4,2.25,1.5
8,10,2.75,4,2.6666666666666665,1.1428571428571428
6,7,2.5,4,2.0,1.2
7,7,1.7142857142857142,3,1.5,1.0
7,10,3.142857142857143,5,1.6,1.3333333333333333
8,13,2.25,4,2.3333333333333335,1.4
7,10,2.4285714285714284,4,1.6,1.3333333333333333
7,7,1.4285714285714286,2,3.0,1.0
7,7,1.4285714285714286,2,3.0,1.0
8,8,2.625,4,2.3333333333333335,1.0
8,13,2.75,4,2.75,1.5714285714285714
7,9,2.7142857142857144,4,2.6666666666666665,1.3333333333333333
7,7,1.7142857142857142,3,1.5,1.0
8,8,2.625,4,2.3333333333333335,1.0
8,10,2.5,4,2.0,1.1428571428571428
7,9,2.4285714285714284,4,1.75,1.1666666666666667
6,9,3.1666666666666665,5,1.6,1.6
8,9,2.625,4,2.6666666666666665,1.1428571428571428
7,10,3.0,4,2.25,1.5
6,6,2.3333333333333335,4,1.3333333333333333,1.0
8,8,2.625,4,2.3333333333333335,1.0
9,14,1.6666666666666667,3,2.3333333333333335,1.75
7,9,2.5714285714285716,4,2.0,1.3333333333333333
6,7,2.8333333333333335,4,1.6666666666666667,1.0
7,12,2.0,3,3.0,1.5
9,13,1.6666666666666667,3,2.0,1.5
8,9,2.625,4,2.6666666666666665,1.1428571428571428
7,9,2.7142857142857144,4,2.6666666666666665,1.3333333333333333
6,10,3.1666666666666665,5,1.8,1.8
8,8,2.625,4,2.3333333333333335,1.0
7,9,2.5714285714285716,4,2.0,1.3333333333333333
6,6,2.3333333333333335,4,1.3333333333333333,1.0
7,11,2.857142857142857,5,1.8,1.5
7,8,2.4285714285714284,4,1.5,1.0
8,9,2.625,4,2.6666666666666665,1.1428571428571428
6,7,2.3333333333333335,4,1.5,1.2
6,7,2.5,4,2.0,1.2
7,7,2.4285714285714284,4,1.5,1.0
8,12,3.375,6,1.8333333333333333,1.5714285714285714
8,9,2.375,4,2.3333333333333335,1.1666666666666667
7,10,2.857142857142857,4,3.0,1.5
7,8,2.4285714285714284,4,1.5,1.0
7,7,1.4285714285714286,2,3.0,1.0
8,10,2.625,4,2.6666666666666665,1.1428571428571428
8,10,2.5,4,2.0,1.1428571428571428
6,6,2.3333333333333335,4,1.6666666666666667,1.0
7,7,1.7142857142857142,3,1.5,1.0
6,6,2.3333333333333335,4,1.6666666666666667,1.0
6,6,2.3333333333333335,4,1.6666666666666667,1.0
7,12,2.0,3,3.0,1.5
7,7,2.4285714285714284,4,1.5,1.0
7,10,2.7142857142857144,4,2.3333333333333335,1.4
7,8,1.7142857142857142,3,2.0,1.0
6,7,2.5,4,2.0,1.2
6,6,1.8333333333333333,3,1.5,1.0
6,9,3.0,5,1.6,1.6
6,6,2.3333333333333335,4,1.6666666666666667,1.0
7,8,2.4285714285714284,4,1.4,1.1666666666666667
6,7,2.5,4,2.0,1.2
7,9,2.4285714285714284,4,1.4,1.1666666666666667
8,10,1.375,2,3.0,1.0
10,25,2.7,6,2.0,2.5714285714285716
8,8,1.25,2,2.0,1.0
11,17,2.3636363636363638,4,1.625,1.4444444444444444
5,6,3.0,5,1.0,1.0
7,8,2.4285714285714284,4,1.5,1.0
7,11,2.5714285714285716,4,1.75,1.1666666666666667
12,27,2.6666666666666665,4,3.2857142857142856,2.3
7,9,2.7142857142857144,4,2.3333333333333335,1.1666666666666667
8,10,2.5,4,2.0,1.1428571428571428
6,7,2.3333333333333335,4,1.5,1.2
9,9,1.4444444444444444,2,4.0,1.0
6,6,2.1666666666666665,3,1.6666666666666667,1.0
7,8,2.4285714285714284,4,1.4,1.1666666666666667
7,9,2.5714285714285716,4,1.75,1.1666666666666667
6,7,2.3333333333333335,4,1.5,1.2
8,9,2.75,4,2.6666666666666665,1.1428571428571428
8,10,2.75,4,2.25,1.2857142857142858
6,7,2.3333333333333335,4,1.5,1.2
6,7,2.5,4,2.0,1.2
7,9,2.4285714285714284,4,1.75,1.1666666666666667
6,6,2.3333333333333335,4,1.6666666666666667,1.0
7,7,1.7142857142857142,3,1.5,1.0
7,7,2.5714285714285716,4,2.0,1.0
8,8,2.625,4,2.3333333333333335,1.0
8,9,2.75,4,2.3333333333333335,1.0
7,9,2.7142857142857144,4,2.6666666666666665,1.3333333333333333
8,11,2.875,5,1.6666666666666667,1.4285714285714286
6,7,2.5,4,2.0,1.2
7,8,2.7142857142857144,4,2.3333333333333335,1.1666666666666667
10,22,2.7,6,2.0,2.5714285714285716
8,8,1.375,3,1.0,1.0
12,26,2.5833333333333335,5,2.875,2.3
7,8,2.5714285714285716,4,2.0,1.0
6,7,2.5,4,2.0,1.2
6,10,2.5,4,1.6,1.6
7,9,2.5714285714285716,4,2.0,1.0
7,7,2.5714285714285716,4,2.0,1.0
6,6,1.8333333333333333,3,1.5,1.0
7,7,2.5714285714285716,4,2.0,1.0
8,9,2.5,4,1.75,1.0
8,10,2.75,4,2.6666666666666665,1.1428571428571428
6,6,2.3333333333333335,4,1.6666666666666667,1.0
8,9,2.625,4,2.3333333333333335,1.0
12,22,2.25,4,2.5714285714285716,1.8
6,7,2.5,4,2.0,1.2
6,8,2.5,4,1.75,1.4
8,8,2.625,4,2.3333333333333335,1.0
8,9,2.625,4,2.0,1.1428571428571428
6,6,2.8333333333333335,4,1.6666666666666667,1.0
7,8,2.4285714285714284,4,1.5,1.0
6,6,2.3333333333333335,4,1.6666666666666667,1.0
8,8,2.625,4,2.3333333333333335,1.0
8,11,1.75,3,1.75,1.75
7,8,2.4285714285714284,4,1.4,1.1666666666666667
6,6,2.3333333333333335,4,1.6666666666666667,1.0
7,12,2.0,3,3.0,1.5
6,6,2.1666666666666665,3,1.6666666666666667,1.0
6,6,2.8333333333333335,4,1.6666666666666667,1.0
7,8,2.4285714285714284,4,1.5,1.0
7,7,1.7142857142857142,3,1.5,1.0
8,8,2.625,4,2.3333333333333335,1.0
8,8,2.5,4,1.75,1.0
8,10,2.75,4,2.6666666666666665,1.1428571428571428
6,7,2.5,4,2.0,1.2
7,9,2.4285714285714284,4,1.75,1.1666666666666667
8,8,2.625,4,2.3333333333333335,1.0
8,8,2.5,4,1.75,1.0
8,10,2.75,4,2.6666666666666665,1.1428571428571428
6,6,2.3333333333333335,4,1.6666666666666667,1.0
8,8,2.625,4,2.3333333333333335,1.0
7,9,2.4285714285714284,4,1.5,1.0
7,9,2.7142857142857144,4,2.6666666666666665,1.3333333333333333
7,7,2.4285714285714284,4,1.5,1.0
9,13,1.6666666666666667,3,2.0,1.5
7,10,3.142857142857143,5,1.8,1.5
7,11,2.857142857142857,5,2.0,1.6
11,21,2.4545454545454546,4,2.4285714285714284,1.8888888888888888
6,7,2.3333333333333335,4,1.5,1.2
8,13,1.875,3,3.0,1.5
7,9,2.7142857142857144,4,2.6666666666666665,1.3333333333333333
6,9,2.8333333333333335,4,2.0,1.6
7,7,1.7142857142857142,3,1.5,1.0
6,6,2.3333333333333335,4,1.6666666666666667,1.0
8,9,2.625,4,2.6666666666666665,1.1428571428571428
8,10,2.75,4,2.6666666666666665,1.1428571428571428
7,8,2.5714285714285716,4,2.3333333333333335,1.1666666666666667
7,7,1.7142857142857142,3,1.5,1.0
8,9,2.625,4,2.6666666666666665,1.1428571428571428
7,7,1.5714285714285714,2,2.0,1.0
7,9,2.7142857142857144,4,2.6666666666666665,1.3333333333333333
6,10,3.1666666666666665,5,1.8,1.8
7,8,2.4285714285714284,4,1.5,1.0
6,6,2.3333333333333335,4,1.6666666666666667,1.0
7,8,2.4285714285714284,4,1.5,1.0
7,7,1.7142857142857142,3,1.5,1.0
8,9,2.625,4,2.6666666666666665,1.1428571428571428
7,9,2.7142857142857144,4,2.6666666666666665,1.3333333333333333
7,8,2.0,3,1.6666666666666667,1.0
6,6,2.3333333333333335,4,1.6666666666666667,1.0
8,9,2.625,4,2.6666666666666665,1.1428571428571428
8,9,2.625,4,2.0,1.1428571428571428
6,6,2.8333333333333335,4,1.6666666666666667,1.0
7,8,2.4285714285714284,4,1.5,1.0
6,6,2.3333333333333335,4,1.6666666666666667,1.0
8,9,2.625,4,2.6666666666666665,1.1428571428571428
8,10,2.5,4,2.0,1.1428571428571428
6,7,2.3333333333333335,4,1.5,1.2
6,7,2.5,4,2.0,1.2
7,9,2.4285714285714284,4,1.4,1.1666666666666667
6,9,3.1666666666666665,5,1.6,1.6
6,6,2.1666666666666665,3,1.6666666666666667,1.0
7,7,1.4285714285714286,2,3.0,1.0
6,7,2.3333333333333335,4,1.5,1.2
7,9,2.0,3,1.6666666666666667,1.0
9,19,3.4444444444444446,7,2.0,2.2857142857142856
7,8,1.4285714285714286,3,1.0,1.0
12,28,2.8333333333333335,5,3.0,2.4
6,6,1.8333333333333333,3,2.0,1.0
7,8,2.0,3,1.6666666666666667,1.0
7,8,2.5714285714285716,4,2.3333333333333335,1.1666666666666667
6,6,1.8333333333333333,3,1.5,1.0
7,9,2.4285714285714284,4,1.75,1.4
7,8,3.0,5,1.75,1.1666666666666667
8,10,2.75,4,2.6666666666666665,1.1428571428571428
6,6,2.3333333333333335,4,1.6666666666666667,1.0
8,10,2.375,4,2.3333333333333335,1.1666666666666667
7,10,2.857142857142857,4,3.0,1.5
7,7,1.4285714285714286,2,3.0,1.0
7,7,1.4285714285714286,2,3.0,1.0
6,6,2.3333333333333335,4,1.6666666666666667,1.0
7,9,2.4285714285714284,4,1.5,1.0
8,9,2.625,4,2.6666666666666665,1.1428571428571428
8,10,2.5,4,2.0,1.1428571428571428
6,7,2.3333333333333335,4,1.5,1.2
6,9,3.0,5,1.6,1.6
6,8,2.8333333333333335,4,1.75,1.4
6,6,2.3333333333333335,4,1.6666666666666667,1.0
7,8,2.4285714285714284,4,1.5,1.0
8,11,2.75,4,3.0,1.2857142857142858
7,8,3.0,5,1.75,1.1666666666666667
7,9,2.7142857142857144,4,2.6666666666666665,1.3333333333333333
7,9,2.4285714285714284,4,1.6,1.3333333333333333
7,9,2.7142857142857144,4,2.6666666666666665,1.3333333333333333
7,9,2.4285714285714284,4,1.6,1.3333333333333333
8,9,2.75,4,2.6666666666666665,1.1428571428571428
7,8,1.7142857142857142,3,1.6666666666666667,1.25
7,8,2.4285714285714284,4,1.4,1.1666666666666667
6,6,2.8333333333333335,4,1.6666666666666667,1.0
7,8,2.4285714285714284,4,1.75,1.1666666666666667
8,8,2.625,4,2.3333333333333335,1.0
8,9,2.625,4,2.0,1.1428571428571428
6,6,2.3333333333333335,4,1.6666666666666667,1.0
8,13,3.5,6,2.0,1.7142857142857142
7,9,2.857142857142857,5,1.75,1.4
15,35,3.533333333333333,6,3.3,2.5384615384615383
11,20,2.5454545454545454,4,2.4285714285714284,1.8888888888888888
6,7,2.5,4,2.0,1.2
6,6,1.8333333333333333,3,1.5,1.0
7,7,2.5714285714285716,4,2.0,1.0
8,9,2.5,4,1.75,1.0
6,7,2.3333333333333335,4,1.5,1.2
7,8,2.4285714285714284,4,1.5,1.0
8,8,2.625,4,2.3333333333333335,1.0
8,9,2.5,4,1.75,1.0
6,7,1.8333333333333333,3,2.0,1.3333333333333333
8,8,2.625,4,2.3333333333333335,1.0
6,6,2.3333333333333335,4,1.3333333333333333,1.0
7,9,2.0,3,1.6666666666666667,1.0
6,6,2.3333333333333335,4,1.6666666666666667,1.0
8,8,2.625,4,2.3333333333333335,1.0
7,7,2.5714285714285716,4,2.0,1.0
7,9,2.7142857142857144,4,2.0,1.3333333333333333
8,8,2.625,4,2.3333333333333335,1.0
8,9,2.625,4,2.0,1.1428571428571428
7,9,2.7142857142857144,4,2.6666666666666665,1.3333333333333333
6,7,2.5,4,2.0,1.2
7,7,2.4285714285714284,4,1.5,1.0
11,24,3.1818181818181817,6,2.5,2.2222222222222223
7,8,1.4285714285714286,2,3.0,1.0
8,8,2.625,4,2.3333333333333335,1.0
7,8,2.5714285714285716,4,1.75,1.1666666666666667
6,7,2.3333333333333335,4,1.3333333333333333,1.0
7,10,2.5714285714285716,4,1.6,1.3333333333333333
8,8,2.625,4,2.3333333333333335,1.0
7,10,3.0,4,2.25,1.5
7,10,2.4285714285714284,4,1.6,1.3333333333333333
6,7,2.8333333333333335,4,1.6666666666666667,1.0
8,8,2.625,4,2.3333333333333335,1.0
7,7,2.4285714285714284,4,1.6666666666666667,1.0
7,10,2.5714285714285716,4,1.6,1.3333333333333333
6,9,3.0,5,1.6,1.6
7,8,1.7142857142857142,3,2.0,1.0
6,7,2.5,4,2.0,1.2
8,10,1.375,2,3.0,1.0
7,8,2.4285714285714284,4,1.75,1.1666666666666667
6,9,3.1666666666666665,5,1.6,1.6
10,23,2.7,6,2.0,2.5714285714285716
6,7,1.5,3,1.0,1.0
6,7,1.5,3,1.0,1.0
13,27,2.4615384615384617,5,2.625,1.9090909090909092
13,24,2.1538461538461537,4,3.4,1.7
13,22,1.9230769230769231,3,3.0,1.6666666666666667
13,28,3.076923076923077,6,3.0,2.1818181818181817
14,34,2.7857142857142856,5,2.7,2.25
13,27,2.6923076923076925,5,3.5,2.1
13,32,3.0,6,2.9,2.6363636363636362
12,23,2.25,4,2.2222222222222223,2.0
14,35,2.7142857142857144,5,3.5,2.5454545454545454
7,9,2.5714285714285716,4,1.75,1.4
11,18,2.3636363636363638,4,1.75,1.5555555555555556
6,6,2.8333333333333335,4,1.6666666666666667,1.0
7,7,2.4285714285714284,4,1.5,1.0
7,12,3.4285714285714284,6,1.6666666666666667,1.6666666666666667
7,7,2.5714285714285716,4,2.0,1.0
7,9,2.7142857142857144,4,2.6666666666666665,1.3333333333333333
7,9,2.4285714285714284,4,1.4,1.1666666666666667
7,8,2.5714285714285716,4,2.3333333333333335,1.1666666666666667
9,11,1.4444444444444444,2,1.6666666666666667,1.25
6,6,2.8333333333333335,4,1.6666666666666667,1.0
6,6,2.8333333333333335,4,1.6666666666666667,1.0
7,7,1.4285714285714286,2,3.0,1.0
8,9,2.625,4,2.6666666666666665,1.1428571428571428
7,8,2.142857142857143,4,1.3333333333333333,1.0
7,9,2.7142857142857144,4,2.6666666666666665,1.3333333333333333
7,7,1.4285714285714286,2,3.0,1.0
7,8,2.4285714285714284,4,1.4,1.1666666666666667
6,6,2.3333333333333335,4,1.6666666666666667,1.0
7,7,1.7142857142857142,3,1.5,1.0
7,7,1.7142857142857142,3,1.5,1.0
8,12,3.375,6,1.8333333333333333,1.5714285714285714
7,7,2.5714285714285716,4,2.0,1.0
7,8,2.142857142857143,4,1.3333333333333333,1.0
6,7,2.8333333333333335,4,1.6666666666666667,1.0
7,9,2.4285714285714284,4,1.4,1.1666666666666667
8,9,2.625,4,2.3333333333333335,1.0
11,16,2.4545454545454546,4,1.7142857142857142,1.3333333333333333
6,8,2.5,4,1.75,1.4
6,9,3.0,5,1.6,1.6
7,7,2.4285714285714284,4,1.5,1.0
7,10,2.5714285714285716,4,1.6,1.3333333333333333
7,12,2.0,3,3.0,1.5
7,9,2.4285714285714284,4,1.75,1.1666666666666667
6,6,2.1666666666666665,3,1.6666666666666667,1.0
6,6,2.8333333333333335,4,1.6666666666666667,1.0
7,9,2.7142857142857144,4,1.6,1.3333333333333333
7,8,2.142857142857143,4,1.6666666666666667,1.25
13,31,2.923076923076923,5,3.0,2.4545454545454546
8,8,2.375,4,2.0,1.0
7,8,3.0,5,1.75,1.1666666666666667
7,8,2.5714285714285716,4,2.0,1.0
6,7,2.5,4,2.0,1.2
7,7,2.0,3,1.6666666666666667,1.0
9,13,1.6666666666666667,3,2.0,1.5
8,9,2.625,4,2.3333333333333335,1.0
7,8,3.0,5,1.75,1.1666666666666667
7,8,2.5714285714285716,4,2.0,1.0
6,6,2.3333333333333335,4,1.3333333333333333,1.0
6,11,3.0,5,1.6,1.6
8,11,2.75,4,3.0,1.2857142857142858
8,10,2.75,4,2.6666666666666665,1.1428571428571428
7,9,2.7142857142857144,4,2.6666666666666665,1.3333333333333333
6,6,1.8333333333333333,3,1.5,1.0
6,8,3.0,5,1.4,1.4
8,10,2.75,4,2.6666666666666665,1.1428571428571428
6,7,3.0,5,1.5,1.2
7,8,2.5714285714285716,4,2.0,1.0
6,6,2.3333333333333335,4,1.6666666666666667,1.0
8,10,2.5,4,2.6666666666666665,1.3333333333333333
7,8,2.4285714285714284,4,1.75,1.1666666666666667
7,8,1.5714285714285714,3,2.0,1.3333333333333333
7,8,2.7142857142857144,4,2.3333333333333335,1.1666666666666667
7,8,2.5714285714285716,4,2.3333333333333335,1.1666666666666667
7,8,2.5714285714285716,4,2.0,1.0
8,9,2.75,4,2.6666666666666665,1.1428571428571428
8,14,2.75,4,2.4,1.7142857142857142
8,10,2.75,4,2.6666666666666665,1.1428571428571428
6,7,2.3333333333333335,4,1.5,1.2
7,9,2.0,3,1.6666666666666667,1.0
6,6,2.3333333333333335,4,1.6666666666666667,1.0
8,8,2.625,4,2.3333333333333335,1.0
7,7,2.5714285714285716,4,2.0,1.0
6,8,2.5,4,1.75,1.4
8,8,2.625,4,2.3333333333333335,1.0
7,7,1.5714285714285714,2,2.0,1.0
7,8,2.5714285714285716,4,2.3333333333333335,1.1666666666666667
6,6,2.3333333333333335,4,1.6666666666666667,1.0
6,6,1.8333333333333333,3,1.5,1.0
8,13,3.5,6,2.0,1.7142857142857142
7,11,3.4285714285714284,5,2.25,1.5
7,11,3.4285714285714284,5,1.8,1.5
12,23,2.5,4,2.375,1.9
12,23,2.0833333333333335,4,2.8333333333333335,1.8888888888888888
13,30,3.3846153846153846,7,3.0,2.4545454545454546
12,22,2.1666666666666665,4,2.2857142857142856,1.7777777777777777
13,18,1.9230769230769231,3,4.333333333333333,1.4444444444444444
13,24,2.4615384615384617,4,2.857142857142857,1.8181818181818181
13,26,2.3846153846153846,4,2.5555555555555554,2.090909090909091
13,28,2.923076923076923,6,2.7777777777777777,2.272727272727273
13,24,2.923076923076923,6,2.625,1.9090909090909092
14,36,3.142857142857143,6,3.1,2.5833333333333335
7,11,3.4285714285714284,5,2.0,1.6666666666666667
13,28,2.6923076923076925,4,3.5714285714285716,2.272727272727273
7,8,2.5714285714285716,4,2.0,1.0
6,7,2.8333333333333335,4,1.6666666666666667,1.0
8,8,2.625,4,2.3333333333333335,1.0
9,12,1.6666666666666667,3,2.0,1.5
7,10,2.5714285714285716,4,1.75,1.1666666666666667
6,6,2.3333333333333335,4,1.3333333333333333,1.0
7,8,2.4285714285714284,4,1.5,1.0
7,7,1.7142857142857142,3,1.5,1.0
7,7,2.5714285714285716,4,2.0,1.0
8,10,2.75,4,2.0,1.1428571428571428
6,6,2.3333333333333335,4,1.3333333333333333,1.0
7,7,2.5714285714285716,4,2.0,1.0
8,8,2.625,4,2.3333333333333335,1.0
8,12,2.625,4,2.5,1.4285714285714286
8,9,2.75,4,2.3333333333333335,1.0
6,7,2.3333333333333335,4,1.5,1.2
7,9,2.0,3,1.6666666666666667,1.0
6,6,2.3333333333333335,4,1.6666666666666667,1.0
8,8,2.625,4,2.3333333333333335,1.0
7,9,2.7142857142857144,4,2.6666666666666665,1.3333333333333333
8,8,2.625,4,2.3333333333333335,1.0
8,12,2.625,4,2.5,1.4285714285714286
7,10,2.857142857142857,4,3.0,1.5
7,7,1.7142857142857142,3,1.5,1.0
7,11,1.7142857142857142,3,2.5,1.6666666666666667
8,8,2.625,4,2.3333333333333335,1.0
8,9,1.5,2,1.6666666666666667,1.25
6,7,2.8333333333333335,4,1.6666666666666667,1.0
6,6,2.3333333333333335,4,1.6666666666666667,1.0
7,7,1.7142857142857142,3,1.5,1.0
7,11,3.4285714285714284,5,1.8,1.5
7,9,2.4285714285714284,4,1.75,1.1666666666666667
6,7,2.3333333333333335,4,1.5,1.2
6,7,2.5,4,2.0,1.2
6,6,1.8333333333333333,3,2.0,1.0
8,8,2.625,4,2.3333333333333335,1.0
8,9,2.75,4,2.3333333333333335,1.0
6,7,2.5,4,2.0,1.2
6,6,1.8333333333333333,3,1.5,1.0
8,8,2.625,4,2.3333333333333335,1.0
7,8,2.142857142857143,4,1.3333333333333333,1.0
8,8,2.5,4,1.75,1.0
6,7,2.5,4,2.0,1.2
7,9,2.4285714285714284,4,1.4,1.1666666666666667
8,9,1.25,2,2.0,1.0
9,19,3.4444444444444446,7,2.0,2.2857142857142856
8,9,1.5,3,1.5,1.0
11,24,2.727272727272727,5,2.5,2.2222222222222223
7,8,2.0,3,1.6666666666666667,1.0
8,10,1.75,3,2.0,1.0
8,10,2.75,4,2.6666666666666665,1.1428571428571428
6,7,2.5,4,2.0,1.2
6,6,1.8333333333333333,3,1.5,1.0
8,9,2.375,4,2.0,1.0
7,9,3.0,5,2.0,1.3333333333333333
7,9,2.7142857142857144,4,2.6666666666666665,1.3333333333333333
6,7,2.5,4,2.0,1.2
7,7,1.4285714285714286,2,3.0,1.0
10,23,2.6,5,2.125,2.4285714285714284
6,7,1.5,3,1.0,1.0
6,7,1.5,3,1.0,1.0
13,23,2.076923076923077,4,3.2,1.7777777777777777
14,30,2.857142857142857,5,3.142857142857143,1.8333333333333333
13,28,2.769230769230769,5,3.6666666666666665,2.2
13,26,2.3846153846153846,4,2.625,1.9090909090909092
14,27,2.7857142857142856,5,2.6666666666666665,2.0
12,18,1.9166666666666667,4,2.0,1.5
13,32,2.6153846153846154,6,2.6363636363636362,2.6363636363636362
13,19,2.4615384615384617,4,2.2857142857142856,1.4545454545454546
12,23,2.4166666666666665,5,2.2222222222222223,2.0
14,33,2.7142857142857144,5,3.7142857142857144,2.3636363636363638
7,9,2.5714285714285716,4,1.75,1.4
11,21,2.5454545454545454,5,2.25,2.0
7,7,2.0,3,1.6666666666666667,1.0
8,10,2.75,4,3.0,1.2857142857142858
7,8,2.5714285714285716,4,2.0,1.0
6,7,2.5,4,2.0,1.2
7,7,1.7142857142857142,3,1.5,1.0
8,9,2.625,4,2.6666666666666665,1.1428571428571428
7,8,3.0,5,1.75,1.1666666666666667
6,6,2.3333333333333335,4,1.3333333333333333,1.0
7,7,2.0,3,1.6666666666666667,1.0
9,11,1.4444444444444444,2,4.0,1.0
6,9,2.8333333333333335,4,2.0,1.6
6,6,2.3333333333333335,4,1.6666666666666667,1.0
11,30,2.8181818181818183,6,2.2,2.75
7,7,1.4285714285714286,3,1.0,1.0
6,8,1.5,3,1.0,1.0
12,27,2.5,4,2.5,2.0
13,31,3.076923076923077,6,3.0,2.1818181818181817
13,30,3.0,5,3.125,2.272727272727273
13,19,1.8461538461538463,4,3.0,1.7142857142857142
13,22,1.9230769230769231,3,5.0,1.6666666666666667
12,24,2.3333333333333335,4,2.7142857142857144,1.9
6,7,2.3333333333333335,4,1.5,1.2
7,7,1.7142857142857142,3,1.5,1.0
7,7,1.7142857142857142,3,1.5,1.0
8,9,2.75,4,2.6666666666666665,1.1428571428571428
8,13,2.25,4,2.3333333333333335,1.4
6,6,2.8333333333333335,4,1.6666666666666667,1.0
7,7,2.0,3,2.0,1.0
9,12,1.6666666666666667,3,2.0,1.5
8,14,3.5,6,2.0,1.7142857142857142
7,7,2.5714285714285716,4,2.0,1.0
7,7,1.7142857142857142,3,1.5,1.0
6,7,2.8333333333333335,4,1.6666666666666667,1.0
8,8,2.625,4,2.3333333333333335,1.0
13,26,2.3846153846153846,4,2.875,2.090909090909091
7,9,2.7142857142857144,4,2.6666666666666665,1.3333333333333333
7,7,2.5714285714285716,4,2.0,1.0
6,6,2.3333333333333335,4,1.6666666666666667,1.0
8,8,2.625,4,2.3333333333333335,1.0
8,12,2.625,4,2.5,1.4285714285714286
7,8,2.5714285714285716,4,2.3333333333333335,1.1666666666666667
7,7,1.4285714285714286,2,3.0,1.0
7,7,1.4285714285714286,2,3.0,1.0
8,8,2.625,4,2.3333333333333335,1.0
8,10,2.5,4,2.0,1.1428571428571428
6,6,2.3333333333333335,4,1.6666666666666667,1.0
8,8,2.625,4,2.3333333333333335,1.0
8,9,2.625,4,2.0,1.1428571428571428
7,8,2.5714285714285716,4,2.3333333333333335,1.1666666666666667
8,8,2.625,4,2.3333333333333335,1.0
8,9,2.75,4,2.3333333333333335,1.0
6,7,2.3333333333333335,4,1.5,1.2
7,8,2.4285714285714284,4,1.5,1.0
10,22,2.7,6,2.0,2.5714285714285716
6,6,1.5,3,1.0,1.0
6,6,1.5,3,1.0,1.0
13,23,1.8461538461538463,4,2.6666666666666665,2.0
13,24,2.3846153846153846,4,3.1666666666666665,1.7272727272727273
13,28,2.8461538461538463,6,3.142857142857143,2.2
13,28,2.3846153846153846,4,2.75,2.0
13,25,2.3846153846153846,4,2.4444444444444446,2.0
12,22,2.25,5,2.0,1.7777777777777777
13,28,2.6153846153846154,6,2.7777777777777777,2.272727272727273
13,20,2.4615384615384617,4,2.125,1.5454545454545454
12,23,2.4166666666666665,5,2.2222222222222223,2.0
14,33,2.7857142857142856,5,3.857142857142857,2.4545454545454546
8,10,3.25,5,1.8,1.2857142857142858
11,18,2.3636363636363638,4,1.75,1.5555555555555556
6,6,2.8333333333333335,4,1.6666666666666667,1.0
8,8,2.625,4,2.3333333333333335,1.0
8,13,1.75,3,2.0,1.5
6,6,2.8333333333333335,4,1.6666666666666667,1.0
8,12,1.625,3,2.0,1.3333333333333333
9,12,1.6666666666666667,3,2.0,1.5
8,8,2.625,4,2.3333333333333335,1.0
7,7,2.4285714285714284,4,1.6666666666666667,1.0
7,7,1.4285714285714286,2,3.0,1.0
8,8,2.625,4,2.3333333333333335,1.0
8,8,2.5,4,1.75,1.0
6,7,2.5,4,2.0,1.2
7,8,2.4285714285714284,4,1.4,1.1666666666666667
6,6,2.3333333333333335,4,1.6666666666666667,1.0
10,21,2.2,4,1.875,2.142857142857143
7,7,2.5714285714285716,4,2.0,1.0
7,8,2.5714285714285716,4,1.75,1.1666666666666667
6,6,2.3333333333333335,4,1.3333333333333333,1.0
7,10,2.5714285714285716,4,1.6,1.3333333333333333
8,9,2.625,4,2.3333333333333335,1.0
8,13,2.375,5,1.5,1.2
7,7,2.4285714285714284,4,1.5,1.0
6,6,2.8333333333333335,4,1.6666666666666667,1.0
7,8,2.4285714285714284,4,1.5,1.0
8,8,2.625,4,2.3333333333333335,1.0
7,8,3.0,5,1.75,1.1666666666666667
6,6,2.3333333333333335,4,1.3333333333333333,1.0
6,7,2.8333333333333335,4,1.6666666666666667,1.0
8,9,2.625,4,2.3333333333333335,1.0
7,7,1.5714285714285714,2,2.0,1.0
6,7,2.5,4,2.0,1.2
9,13,1.6666666666666667,3,2.0,1.5
6,6,2.3333333333333335,4,1.6666666666666667,1.0
8,8,2.625,4,2.3333333333333335,1.0
7,8,2.5714285714285716,4,2.3333333333333335,1.1666666666666667
8,8,2.625,4,2.3333333333333335,1.0
8,11,1.5,2,2.0,1.0
7,8,2.4285714285714284,4,1.4,1.1666666666666667
7,9,2.7142857142857144,4,2.6666666666666665,1.3333333333333333
8,13,2.75,5,1.6666666666666667,1.4285714285714286
6,6,2.3333333333333335,4,1.6666666666666667,1.0
7,8,2.4285714285714284,4,1.4,1.1666666666666667
10,24,2.7,6,2.0,2.5714285714285716
6,6,1.5,3,1.0,1.0
6,7,1.5,3,1.0,1.0
13,24,2.0,3,2.6666666666666665,1.7777777777777777
13,30,2.923076923076923,5,2.875,2.090909090909091
13,29,3.1538461538461537,6,3.5714285714285716,2.272727272727273
12,16,1.6666666666666667,3,2.25,1.2857142857142858
13,22,1.9230769230769231,3,5.0,1.6666666666666667
12,21,2.3333333333333335,4,2.8333333333333335,1.7
13,26,2.3846153846153846,4,2.5555555555555554,2.090909090909091
14,32,2.5,5,2.6363636363636362,2.4166666666666665
12,22,2.5833333333333335,5,2.7142857142857144,1.9
14,36,2.7857142857142856,5,3.625,2.6363636363636362
7,9,2.5714285714285716,4,1.75,1.4
11,18,2.727272727272727,5,1.875,1.6666666666666667
6,7,2.5,4,2.0,1.2
6,10,3.1666666666666665,5,1.8,1.8
7,12,3.142857142857143,5,1.8,1.5
7,7,2.5714285714285716,4,2.0,1.0
8,12,1.75,3,2.0,1.5
6,6,2.8333333333333335,4,1.6666666666666667,1.0
7,7,2.4285714285714284,4,1.5,1.0
6,6,2.3333333333333335,4,1.6666666666666667,1.0
7,11,3.142857142857143,5,1.8,1.5
7,8,2.5714285714285716,4,2.3333333333333335,1.1666666666666667
11,21,2.8181818181818183,5,3.0,2.0
7,10,2.857142857142857,4,3.0,1.5
6,7,2.8333333333333335,4,1.5,1.2
6,6,2.3333333333333335,4,1.6666666666666667,1.0
7,12,3.142857142857143,5,1.8,1.5
7,7,2.5714285714285716,4,2.0,1.0
8,13,2.375,5,1.5,1.2
6,7,2.8333333333333335,4,1.6666666666666667,1.0
7,8,2.4285714285714284,4,1.5,1.0
6,6,2.3333333333333335,4,1.6666666666666667,1.0
11,26,2.6363636363636362,5,2.375,2.375
7,9,2.7142857142857144,4,2.6666666666666665,1.3333333333333333
7,9,2.5714285714285716,4,2.0,1.3333333333333333
6,7,2.3333333333333335,4,1.3333333333333333,1.0
7,9,2.7142857142857144,4,2.6666666666666665,1.3333333333333333
7,10,2.4285714285714284,4,1.5,1.5
8,13,3.125,5,2.0,1.7142857142857142
6,6,2.3333333333333335,4,1.6666666666666667,1.0
6,6,2.1666666666666665,3,1.6666666666666667,1.0
7,8,2.0,3,2.0,1.2
7,8,1.5714285714285714,3,2.0,1.3333333333333333
7,11,3.4285714285714284,6,1.6666666666666667,1.6666666666666667
8,9,2.75,4,2.6666666666666665,1.1428571428571428
8,9,2.5,4,1.75,1.0
8,10,2.75,4,2.6666666666666665,1.1428571428571428
7,9,2.7142857142857144,4,2.6666666666666665,1.3333333333333333
8,8,2.625,4,2.3333333333333335,1.0
7,9,2.4285714285714284,4,1.5,1.0
6,6,2.8333333333333335,4,1.6666666666666667,1.0
8,13,2.75,5,1.6666666666666667,1.4285714285714286
6,6,2.3333333333333335,4,1.6666666666666667,1.0
8,8,2.625,4,2.3333333333333335,1.0
8,9,1.5,2,1.6666666666666667,1.25
6,7,2.8333333333333335,4,1.6666666666666667,1.0
7,7,2.5714285714285716,4,2.0,1.0
7,8,2.4285714285714284,4,1.5,1.0
8,8,2.625,4,2.3333333333333335,1.0
7,7,1.5714285714285714,2,2.0,1.0
7,8,2.4285714285714284,4,1.4,1.1666666666666667
6,7,2.3333333333333335,4,1.5,1.2
6,6,2.3333333333333335,4,1.6666666666666667,1.0
12,25,2.75,5,3.5,2.1
6,6,2.3333333333333335,4,1.6666666666666667,1.0
10,22,2.7,6,2.0,2.5714285714285716
7,7,1.4285714285714286,3,1.0,1.0
6,7,1.5,3,1.0,1.0
13,23,1.8461538461538463,3,3.75,1.875
13,16,1.6153846153846154,3,2.6666666666666665,1.1428571428571428
13,27,2.5384615384615383,5,2.6666666666666665,2.1818181818181817
12,23,2.25,4,2.5,2.0
13,28,2.3846153846153846,5,2.7777777777777777,2.272727272727273
12,22,2.5833333333333335,5,2.7142857142857144,1.9
14,36,2.7857142857142856,5,4.142857142857143,2.6363636363636362
7,10,3.142857142857143,5,1.6,1.3333333333333333
10,17,2.4,4,2.3333333333333335,1.75
7,10,2.5714285714285716,4,1.6,1.3333333333333333
7,8,2.7142857142857144,4,2.3333333333333335,1.1666666666666667
7,7,2.5714285714285716,4,2.0,1.0
7,10,3.0,4,2.25,1.5
8,10,2.75,4,2.6666666666666665,1.1428571428571428
6,7,2.5,4,2.0,1.2
7,7,2.0,3,1.6666666666666667,1.0
6,6,2.3333333333333335,4,1.6666666666666667,1.0
8,8,2.625,4,2.3333333333333335,1.0
8,9,1.5,2,1.6666666666666667,1.25
6,6,2.3333333333333335,4,1.3333333333333333,1.0
6,10,3.0,5,1.6,1.6
7,8,2.4285714285714284,4,1.5,1.0
8,8,2.625,4,2.3333333333333335,1.0
7,8,1.5714285714285714,2,2.0,1.0
7,9,2.4285714285714284,4,1.4,1.1666666666666667
7,9,2.5714285714285716,4,2.0,1.3333333333333333
9,21,3.4444444444444446,7,2.0,2.2857142857142856
6,6,1.5,3,1.0,1.0
12,22,2.9166666666666665,5,2.142857142857143,1.5
9,12,1.8888888888888888,3,2.3333333333333335,1.4
6,7,2.5,4,2.0,1.2
7,10,1.7142857142857142,3,2.5,1.6666666666666667
7,9,1.7142857142857142,3,2.5,1.6666666666666667
6,6,2.3333333333333335,4,1.6666666666666667,1.0
6,6,2.3333333333333335,4,1.6666666666666667,1.0
7,12,3.4285714285714284,6,1.6666666666666667,1.6666666666666667
7,9,2.5714285714285716,4,2.0,1.0
7,7,2.142857142857143,4,1.3333333333333333,1.0
6,10,3.1666666666666665,5,1.8,1.8
7,9,2.7142857142857144,4,2.6666666666666665,1.3333333333333333
7,9,2.4285714285714284,4,1.6,1.3333333333333333
7,7,1.4285714285714286,2,3.0,1.0
7,7,2.5714285714285716,4,2.0,1.0
8,10,2.5,4,2.0,1.1428571428571428
7,9,2.7142857142857144,4,2.6666666666666665,1.3333333333333333
8,13,1.875,3,3.0,1.5
9,14,1.6666666666666667,3,2.3333333333333335,1.75
11,23,3.090909090909091,6,2.3333333333333335,2.3333333333333335
8,8,2.625,4,2.3333333333333335,1.0
14,29,3.642857142857143,6,3.0,2.25
6,9,3.0,5,1.6,1.6
7,8,2.5714285714285716,4,2.3333333333333335,1.1666666666666667
7,7,1.7142857142857142,3,1.5,1.0
8,10,2.625,4,2.6666666666666665,1.1428571428571428
7,9,2.7142857142857144,4,2.6666666666666665,1.3333333333333333
8,10,1.375,2,3.0,1.0
6,6,2.3333333333333335,4,1.6666666666666667,1.0
8,9,2.625,4,2.6666666666666665,1.1428571428571428
8,8,2.5,4,1.75,1.0
7,8,2.5714285714285716,4,2.0,1.0
6,7,2.5,4,2.0,1.2
6,9,2.8333333333333335,4,1.75,1.4
8,9,2.625,4,2.6666666666666665,1.1428571428571428
8,10,2.75,4,2.25,1.2857142857142858
6,6,2.3333333333333335,4,1.3333333333333333,1.0
7,10,2.5714285714285716,4,1.6,1.3333333333333333
6,7,2.3333333333333335,4,1.6666666666666667,1.0
6,6,2.1666666666666665,3,1.6666666666666667,1.0
7,7,1.7142857142857142,3,1.5,1.0
7,9,2.4285714285714284,4,1.75,1.1666666666666667
6,6,2.3333333333333335,4,1.6666666666666667,1.0
6,7,2.8333333333333335,4,1.5,1.2
7,9,2.4285714285714284,4,1.75,1.1666666666666667
10,22,2.2,5,1.875,2.5
7,8,1.4285714285714286,3,1.0,1.0
6,6,1.1666666666666667,2,1.0,1.0
12,27,3.0,6,2.875,2.3
12,14,1.6666666666666667,3,3.5,1.0
14,30,2.857142857142857,5,3.0,2.0
13,20,2.076923076923077,4,2.6,1.4444444444444444
13,33,2.769230769230769,6,2.6363636363636362,2.6363636363636362
12,23,2.5,5,2.857142857142857,2.0
14,36,2.7142857142857144,5,4.0,2.5454545454545454
7,8,2.4285714285714284,4,1.5,1.2
11,22,2.727272727272727,5,2.111111111111111,2.111111111111111
6,10,3.0,5,1.8,1.8
6,8,3.0,5,1.4,1.4
7,9,2.7142857142857144,4,2.6666666666666665,1.3333333333333333
7,12,3.2857142857142856,5,2.2,1.8333333333333333
6,7,2.8333333333333335,4,1.6666666666666667,1.0
6,10,3.0,5,1.6,1.6
6,8,3.0,5,1.4,1.4
7,9,2.4285714285714284,4,1.4,1.1666666666666667
8,10,2.5,4,2.6666666666666665,1.3333333333333333
7,9,2.7142857142857144,4,2.6666666666666665,1.3333333333333333
7,9,2.4285714285714284,4,1.4,1.1666666666666667
6,7,2.5,4,2.0,1.2
7,9,2.4285714285714284,4,1.75,1.1666666666666667
13,33,3.076923076923077,6,3.1,2.8181818181818183
8,9,3.5,5,1.6,1.1428571428571428
11,20,2.3636363636363638,4,2.4285714285714284,1.8888888888888888
6,8,2.8333333333333335,4,1.75,1.4
8,9,2.625,4,2.3333333333333335,1.0
7,8,2.5714285714285716,4,2.3333333333333335,1.1666666666666667
6,7,2.8333333333333335,4,1.6666666666666667,1.0
7,12,3.0,5,2.0,1.6666666666666667
8,8,2.625,4,2.3333333333333335,1.0
8,13,2.75,4,2.75,1.5714285714285714
6,7,2.8333333333333335,4,1.6666666666666667,1.0
7,7,2.5714285714285716,4,2.0,1.0
8,8,2.625,4,2.3333333333333335,1.0
8,9,2.75,4,2.3333333333333335,1.0
6,7,2.3333333333333335,4,1.5,1.2
6,7,2.5,4,2.0,1.2
6,6,1.8333333333333333,3,2.0,1.0
8,8,2.625,4,2.3333333333333335,1.0
8,9,2.75,4,2.3333333333333335,1.0
7,8,2.5714285714285716,4,2.3333333333333335,1.1666666666666667
7,7,2.4285714285714284,4,1.5,1.0
11,21,2.909090909090909,5,2.7142857142857144,2.111111111111111
8,8,1.5,3,1.5,1.0
11,15,2.4545454545454546,4,1.7142857142857142,1.3333333333333333
6,7,2.8333333333333335,4,1.6666666666666667,1.0
7,11,3.0,5,1.8,1.5
8,9,2.625,4,2.3333333333333335,1.0
8,9,2.625,4,2.0,1.1428571428571428
6,7,2.5,4,2.0,1.2
6,6,2.3333333333333335,4,1.6666666666666667,1.0
8,8,2.625,4,2.3333333333333335,1.0
6,6,2.3333333333333335,4,1.3333333333333333,1.0
7,10,2.5714285714285716,4,1.6,1.3333333333333333
7,8,2.0,3,1.6666666666666667,1.0
8,8,2.625,4,2.3333333333333335,1.0
7,7,1.5714285714285714,2,2.0,1.0
7,9,2.7142857142857144,4,2.6666666666666665,1.3333333333333333
7,8,2.4285714285714284,4,1.5,1.0
6,6,2.8333333333333335,4,1.6666666666666667,1.0
7,8,2.4285714285714284,4,1.5,1.0
6,6,2.3333333333333335,4,1.6666666666666667,1.0
11,27,3.090909090909091,6,2.5,2.7777777777777777
8,8,2.625,4,2.3333333333333335,1.0
9,13,1.6666666666666667,3,2.0,1.5
6,7,2.3333333333333335,4,1.5,1.2
6,6,2.3333333333333335,4,1.6666666666666667,1.0
7,12,1.7142857142857142,3,2.5,1.6666666666666667
8,8,2.625,4,2.3333333333333335,1.0
7,8,2.5714285714285716,4,1.75,1.1666666666666667
6,7,2.3333333333333335,4,1.3333333333333333,1.0
7,10,2.5714285714285716,4,1.6,1.3333333333333333
7,9,2.4285714285714284,4,1.5,1.0
7,10,3.142857142857143,5,1.6,1.3333333333333333
8,14,2.5,5,2.0,1.6
7,9,2.7142857142857144,4,2.6666666666666665,1.3333333333333333
8,10,2.5,4,1.6,1.1428571428571428
6,7,2.5,4,2.0,1.2
7,8,2.4285714285714284,4,1.4,1.1666666666666667
7,7,1.7142857142857142,3,1.5,1.0
11,22,3.090909090909091,6,2.2222222222222223,2.2222222222222223
8,8,2.625,4,2.3333333333333335,1.0
7,8,2.5714285714285716,4,1.75,1.1666666666666667
6,7,2.3333333333333335,4,1.3333333333333333,1.0
7,10,2.5714285714285716,4,1.6,1.3333333333333333
8,8,2.625,4,2.3333333333333335,1.0
8,9,1.5,2,1.6666666666666667,1.25
6,7,2.8333333333333335,4,1.6666666666666667,1.0
8,8,2.625,4,2.3333333333333335,1.0
7,9,2.7142857142857144,4,2.6666666666666665,1.3333333333333333
7,7,1.7142857142857142,3,1.5,1.0
7,7,1.7142857142857142,3,1.5,1.0
6,7,2.5,4,2.0,1.2
7,7,1.7142857142857142,3,1.5,1.0
7,7,2.5714285714285716,4,2.0,1.0
8,10,2.625,4,2.6666666666666665,1.1428571428571428
8,8,2.5,4,1.75,1.0
8,10,2.75,4,2.6666666666666665,1.1428571428571428
6,6,2.3333333333333335,4,1.6666666666666667,1.0
8,8,2.625,4,2.3333333333333335,1.0
7,7,2.142857142857143,4,1.3333333333333333,1.0
6,9,2.5,4,1.6,1.6
6,6,2.3333333333333335,4,1.3333333333333333,1.0
7,9,2.4285714285714284,4,1.5,1.0
7,7,2.4285714285714284,4,1.5,1.0
9,19,3.2222222222222223,6,1.875,2.142857142857143
7,7,1.4285714285714286,3,1.0,1.0
6,7,1.5,3,1.0,1.0
12,19,1.9166666666666667,4,2.2,1.5714285714285714
13,24,2.3846153846153846,4,3.4,1.5454545454545454
13,19,1.8461538461538463,4,2.4,1.5
13,27,2.6923076923076925,5,2.857142857142857,1.8181818181818181
13,24,2.6153846153846154,5,3.0,1.9090909090909092
13,22,1.6153846153846154,3,3.25,1.8571428571428572
12,22,2.4166666666666665,4,2.7142857142857144,1.9
13,33,2.8461538461538463,5,4.0,2.5454545454545454
7,9,2.5714285714285716,4,1.75,1.4
11,17,2.3636363636363638,4,1.8571428571428572,1.4444444444444444
6,8,2.6666666666666665,4,2.3333333333333335,1.4
6,10,3.1666666666666665,5,1.8,1.8
7,11,3.142857142857143,5,1.8,1.5
8,10,2.625,4,2.6666666666666665,1.1428571428571428
9,9,1.4444444444444444,2,2.0,1.0
6,6,2.8333333333333335,4,1.6666666666666667,1.0
6,6,2.8333333333333335,4,1.6666666666666667,1.0
7,7,1.4285714285714286,2,3.0,1.0
7,11,3.142857142857143,5,1.8,1.5
8,11,2.75,4,3.0,1.2857142857142858
8,10,2.5,4,2.0,1.1428571428571428
6,6,2.3333333333333335,4,1.6666666666666667,1.0
8,10,2.75,4,3.0,1.2857142857142858
8,10,1.625,3,1.5,1.5
7,10,2.857142857142857,4,3.0,1.5
6,8,2.8333333333333335,4,1.75,1.4
6,6,2.1666666666666665,3,1.6666666666666667,1.0
6,6,2.3333333333333335,4,1.6666666666666667,1.0
7,8,2.4285714285714284,4,1.4,1.1666666666666667
6,7,2.8333333333333335,4,1.5,1.2
10,24,2.5,5,1.8888888888888888,2.4285714285714284
6,7,1.5,3,1.0,1.0
6,7,1.5,3,1.0,1.0
12,28,2.75,5,2.5555555555555554,2.3
5,5,3.0,5,1.0,1.0
6,9,2.8333333333333335,4,2.0,1.6
5,6,3.0,5,1.25,1.25
6,7,2.3333333333333335,4,1.3333333333333333,1.0
7,8,2.4285714285714284,4,1.5,1.0
7,8,2.4285714285714284,4,1.75,1.1666666666666667
6,7,2.3333333333333335,4,1.5,1.2
8,9,2.75,4,2.6666666666666665,1.1428571428571428
8,11,2.75,4,2.0,1.4285714285714286
6,7,2.5,4,2.0,1.2
7,8,2.0,3,2.0,1.2
6,6,2.3333333333333335,4,1.6666666666666667,1.0
7,11,3.4285714285714284,6,1.6666666666666667,1.6666666666666667
7,7,2.5714285714285716,4,2.0,1.0
7,9,2.7142857142857144,4,2.6666666666666665,1.3333333333333333
7,8,2.0,3,2.0,1.2
7,7,1.4285714285714286,2,3.0,1.0
8,8,2.625,4,2.3333333333333335,1.0
7,9,2.7142857142857144,4,2.6666666666666665,1.3333333333333333
8,10,2.75,4,2.6666666666666665,1.1428571428571428
6,6,2.3333333333333335,4,1.6666666666666667,1.0
7,9,2.0,3,1.6666666666666667,1.0
6,6,2.3333333333333335,4,1.6666666666666667,1.0
8,8,2.625,4,2.3333333333333335,1.0
7,7,2.5714285714285716,4,2.0,1.0
7,8,2.0,3,2.0,1.2
8,8,2.625,4,2.3333333333333335,1.0
7,8,2.5714285714285716,4,2.3333333333333335,1.1666666666666667
7,8,2.0,3,2.0,1.2
7,7,1.4285714285714286,2,3.0,1.0
11,23,2.1818181818181817,4,2.375,2.375
7,7,1.4285714285714286,3,1.0,1.0
6,6,1.5,3,1.0,1.0
13,29,2.3846153846153846,4,2.5555555555555554,2.090909090909091
13,24,2.1538461538461537,4,3.4,1.7
13,19,1.9230769230769231,3,4.333333333333333,1.4444444444444444
13,28,3.076923076923077,6,3.0,2.1818181818181817
14,32,2.357142857142857,4,2.6,2.1666666666666665
13,26,2.230769230769231,4,3.3333333333333335,2.2222222222222223
13,31,2.8461538461538463,5,3.111111111111111,2.5454545454545454
13,25,2.5384615384615383,5,2.4444444444444446,2.0
13,33,2.8461538461538463,5,3.375,2.4545454545454546
7,11,3.4285714285714284,5,1.8,1.5
11,18,2.3636363636363638,4,1.75,1.5555555555555556
6,6,2.8333333333333335,4,1.6666666666666667,1.0
7,7,2.4285714285714284,4,1.5,1.0
7,10,3.142857142857143,5,1.8,1.5
7,7,2.5714285714285716,4,2.0,1.0
8,10,2.5,4,2.0,1.1428571428571428
7,10,3.2857142857142856,5,1.8,1.5
7,7,2.5714285714285716,4,2.0,1.0
8,9,2.625,4,2.0,1.1428571428571428
7,8,2.5714285714285716,4,1.75,1.1666666666666667
8,8,2.625,4,2.3333333333333335,1.0
8,10,2.75,4,2.6666666666666665,1.1428571428571428
6,6,2.3333333333333335,4,1.3333333333333333,1.0
7,7,1.4285714285714286,2,3.0,1.0
6,7,2.5,4,2.0,1.2
7,7,1.4285714285714286,2,3.0,1.0
6,7,2.3333333333333335,4,1.5,1.2
7,7,2.4285714285714284,4,1.5,1.0
6,6,2.3333333333333335,4,1.6666666666666667,1.0
7,10,2.7142857142857144,4,1.6,1.3333333333333333
7,7,2.5714285714285716,4,2.0,1.0
8,10,2.75,4,2.6666666666666665,1.1428571428571428
6,7,2.3333333333333335,4,1.5,1.2
7,9,2.4285714285714284,4,1.5,1.0
6,6,2.3333333333333335,4,1.6666666666666667,1.0
7,7,2.5714285714285716,4,2.0,1.0
8,12,1.625,3,1.6666666666666667,1.25
6,7,2.8333333333333335,4,1.6666666666666667,1.0
7,7,2.4285714285714284,4,1.5,1.0
6,6,2.3333333333333335,4,1.6666666666666667,1.0
7,7,1.7142857142857142,3,1.5,1.0
8,8,2.625,4,2.3333333333333335,1.0
10,18,2.6,5,2.5,1.875
7,9,2.7142857142857144,4,2.6666666666666665,1.3333333333333333
6,9,3.0,5,1.6,1.6
7,8,2.4285714285714284,4,1.5,1.0
6,6,2.1666666666666665,3,1.6666666666666667,1.0
7,7,2.4285714285714284,4,1.5,1.0
6,7,2.3333333333333335,4,1.5,1.2
7,8,2.4285714285714284,4,1.4,1.1666666666666667
6,7,2.3333333333333335,4,1.5,1.2
9,20,2.888888888888889,6,1.875,2.142857142857143
7,7,1.4285714285714286,3,1.0,1.0
6,6,1.5,3,1.0,1.0
12,23,2.25,4,2.6666666666666665,1.7777777777777777
14,28,2.857142857142857,5,3.2857142857142856,1.9166666666666667
12,27,3.0833333333333335,6,2.75,2.2
14,29,2.5,5,2.875,1.9166666666666667
13,25,2.3846153846153846,4,2.4444444444444446,2.0
12,20,1.9166666666666667,4,1.8571428571428572,1.625
13,32,2.6153846153846154,6,2.6363636363636362,2.6363636363636362
13,19,2.4615384615384617,4,2.2857142857142856,1.4545454545454546
13,25,2.3846153846153846,5,2.4444444444444446,2.0
14,32,2.7142857142857144,5,3.7142857142857144,2.3636363636363638
7,9,2.5714285714285716,4,1.75,1.4
11,22,3.0,6,2.7142857142857144,2.111111111111111
7,8,2.5714285714285716,4,2.0,1.0
6,7,2.5,4,2.0,1.2
6,8,2.8333333333333335,4,1.5,1.2
7,7,2.5714285714285716,4,2.0,1.0
7,9,2.7142857142857144,4,2.6666666666666665,1.3333333333333333
7,7,1.7142857142857142,3,1.5,1.0
7,7,2.5714285714285716,4,2.0,1.0
7,9,3.2857142857142856,5,2.0,1.3333333333333333
6,7,2.8333333333333335,4,1.6666666666666667,1.0
6,9,2.5,4,1.4,1.4
6,7,2.3333333333333335,4,1.6666666666666667,1.0
7,8,2.5714285714285716,4,2.3333333333333335,1.1666666666666667
8,13,2.75,4,2.75,1.5714285714285714
7,9,2.7142857142857144,4,2.6666666666666665,1.3333333333333333
7,8,1.7142857142857142,3,2.0,1.0
7,7,1.4285714285714286,2,3.0,1.0
7,11,3.142857142857143,5,1.8,1.5
7,7,2.5714285714285716,4,2.0,1.0
7,8,2.142857142857143,4,1.3333333333333333,1.0
7,8,2.5714285714285716,4,2.3333333333333335,1.1666666666666667
7,8,2.0,3,1.6666666666666667,1.0
8,15,3.5,6,2.0,1.7142857142857142
7,8,2.7142857142857144,4,2.3333333333333335,1.1666666666666667
6,7,3.0,5,1.5,1.2
7,8,2.5714285714285716,4,2.0,1.0
7,10,2.857142857142857,4,3.0,1.5
6,9,3.0,5,1.6,1.6
7,8,2.7142857142857144,4,2.3333333333333335,1.1666666666666667
7,9,2.5714285714285716,4,2.0,1.3333333333333333
6,7,2.8333333333333335,4,1.6666666666666667,1.0
6,10,3.0,5,1.6,1.6
8,10,2.5,4,2.6666666666666665,1.3333333333333333
7,7,2.142857142857143,4,1.3333333333333333,1.0
6,7,2.3333333333333335,4,1.5,1.2
