active_cells,active_edges,average_path_length,longest_path,average_branching_factor,average_merge_factor
20,46,2.25,4,4.714285714285714,2.75
27,103,4.037037037037037,8,4.95,4.304347826086956
25,76,2.88,5,4.857142857142857,3.238095238095238
28,98,2.857142857142857,5,5.333333333333333,3.4782608695652173
29,130,4.172413793103448,8,5.904761904761905,4.96
21,34,2.0,3,4.0,1.8461538461538463
24,52,2.625,4,5.222222222222222,2.238095238095238
22,85,3.409090909090909,7,4.764705882352941,4.2631578947368425
31,127,3.5806451612903225,7,6.05,4.481481481481482
28,122,3.107142857142857,6,5.2727272727272725,4.833333333333333
29,108,2.896551724137931,6,5.055555555555555,3.7916666666666665
24,42,3.25,5,4.5,1.7142857142857142
20,39,1.95,4,4.2,2.1
27,64,3.3333333333333335,5,4.214285714285714,2.5652173913043477
27,66,3.5925925925925926,6,6.0,2.608695652173913
24,68,3.125,6,4.2,3.15
24,58,2.75,5,3.5384615384615383,2.4210526315789473
30,135,3.8666666666666667,7,6.45,4.961538461538462
25,75,3.04,5,4.714285714285714,3.142857142857143
23,38,3.130434782608696,5,6.4,1.6
22,43,2.272727272727273,4,4.833333333333333,2.0714285714285716
28,88,3.4642857142857144,6,5.6,3.5
24,59,3.375,6,3.857142857142857,2.7
25,91,2.96,5,4.473684210526316,4.0476190476190474
26,81,2.423076923076923,4,4.846153846153846,3.0
23,61,3.130434782608696,6,3.7333333333333334,2.9473684210526314
15,23,1.4,2,2.6666666666666665,1.3333333333333333
23,35,3.130434782608696,5,5.333333333333333,1.6
22,43,2.272727272727273,4,4.833333333333333,2.0714285714285716
16,26,1.3125,2,3.3333333333333335,2.0
28,93,3.9642857142857144,6,6.142857142857143,3.5833333333333335
22,57,2.4545454545454546,4,6.833333333333333,2.5625
23,35,3.260869565217391,5,5.333333333333333,1.6
23,71,3.608695652173913,7,5.0,3.4210526315789473
26,67,2.8076923076923075,5,4.0,2.4761904761904763
31,84,2.4193548387096775,4,5.888888888888889,2.2083333333333335
27,92,2.6296296296296298,5,4.375,3.1818181818181817
28,96,4.107142857142857,7,6.0,3.75
18,35,2.2777777777777777,4,2.8333333333333335,1.4166666666666667
21,49,2.5714285714285716,5,3.142857142857143,2.588235294117647
22,54,3.0454545454545454,6,3.75,2.5
25,77,3.24,6,5.071428571428571,3.380952380952381
22,47,2.090909090909091,4,4.285714285714286,2.3076923076923075
22,56,2.590909090909091,5,3.642857142857143,2.8333333333333335
22,34,3.227272727272727,5,4.428571428571429,1.631578947368421
23,52,2.391304347826087,4,5.833333333333333,2.3333333333333335
28,93,3.4642857142857144,6,5.866666666666666,3.6666666666666665
24,54,2.75,5,3.230769230769231,2.210526315789474
23,41,2.5217391304347827,4,4.75,1.9
21,38,2.1904761904761907,4,3.125,1.7857142857142858
16,35,1.75,3,4.75,2.111111111111111
26,83,3.8461538461538463,6,5.923076923076923,3.5
21,44,2.0476190476190474,4,4.5,2.25
24,40,3.2083333333333335,5,7.2,1.7142857142857142
28,95,3.9285714285714284,7,5.785714285714286,3.375
25,60,2.8,5,3.769230769230769,2.45
24,44,3.2083333333333335,5,5.714285714285714,1.9047619047619047
27,95,3.3703703703703702,7,4.882352941176471,3.608695652173913
27,94,4.111111111111111,8,4.823529411764706,3.5652173913043477
22,69,3.1363636363636362,7,4.583333333333333,3.0555555555555554
23,35,3.260869565217391,5,6.4,1.6
20,28,1.8,4,2.8,1.2727272727272727
27,79,3.7037037037037037,6,5.6923076923076925,3.217391304347826
27,108,3.0,6,5.368421052631579,4.434782608695652
27,98,2.7777777777777777,5,4.647058823529412,3.4347826086956523
28,123,4.178571428571429,8,6.2631578947368425,4.958333333333333
26,54,3.3846153846153846,6,4.090909090909091,1.9565217391304348
26,51,3.4615384615384617,6,3.8333333333333335,2.090909090909091
24,46,3.2083333333333335,5,4.75,1.8095238095238095
28,105,3.2857142857142856,6,6.3125,4.208333333333333
31,107,4.258064516129032,8,6.375,3.7777777777777777
23,79,3.5217391304347827,7,3.9375,3.3157894736842106
27,103,3.111111111111111,6,5.105263157894737,4.217391304347826
27,86,2.5185185185185186,4,4.466666666666667,2.9130434782608696
22,51,3.1363636363636362,6,3.4545454545454546,2.235294117647059
30,112,3.7,7,4.368421052631579,3.1923076923076925
28,99,3.4285714285714284,6,5.222222222222222,3.9166666666666665
27,87,3.111111111111111,5,5.785714285714286,3.5217391304347827
26,105,2.9615384615384617,6,5.5,4.5
24,39,3.25,5,4.857142857142857,1.619047619047619
20,25,1.55,3,5.0,1.0
20,40,2.0,4,4.0,1.8181818181818181
26,71,3.6538461538461537,6,4.714285714285714,3.0
27,90,2.7777777777777777,5,4.2,2.8636363636363638
24,37,3.1666666666666665,5,6.6,1.5714285714285714
28,89,3.892857142857143,6,6.7272727272727275,3.0833333333333335
23,55,2.6956521739130435,5,3.5833333333333335,2.388888888888889
24,38,3.2083333333333335,5,5.5,1.5714285714285714
27,94,3.2222222222222223,6,4.647058823529412,3.4347826086956523
30,124,3.966666666666667,7,5.95,4.576923076923077
23,45,2.5217391304347827,4,5.0,2.0
25,77,3.8,7,4.769230769230769,2.9523809523809526
26,61,2.1923076923076925,5,5.0,2.5
22,40,1.8636363636363635,3,4.8,1.7142857142857142
24,40,3.2083333333333335,5,6.8,1.619047619047619
20,27,1.65,3,3.25,1.1818181818181819
20,43,2.1,4,4.6,1.9166666666666667
25,81,3.6,6,6.25,3.5714285714285716
23,65,3.0434782608695654,5,4.615384615384615,3.1578947368421053
24,83,2.8333333333333335,5,4.529411764705882,3.85
22,60,2.909090909090909,6,4.0,3.111111111111111
16,31,1.5625,2,3.75,1.6666666666666667
23,36,3.1739130434782608,5,5.166666666666667,1.55
28,104,3.25,6,5.111111111111111,3.8333333333333335
27,104,3.888888888888889,8,5.625,3.9130434782608696
22,70,3.1818181818181817,7,4.583333333333333,3.0555555555555554
22,36,3.227272727272727,5,4.571428571428571,1.6842105263157894
28,73,3.6785714285714284,6,4.466666666666667,2.7916666666666665
16,31,2.125,4,3.0,1.5
17,33,2.0,3,4.0,1.6
22,36,3.272727272727273,5,4.428571428571429,1.631578947368421
29,105,4.344827586206897,8,6.266666666666667,3.76
30,136,4.133333333333334,7,6.142857142857143,4.961538461538462
27,105,3.7037037037037037,7,5.157894736842105,4.260869565217392
16,31,1.5,2,3.75,1.875
30,141,4.366666666666666,8,7.105263157894737,5.1923076923076925
25,36,1.44,2,4.333333333333333,1.1818181818181819
23,28,1.2608695652173914,2,6.0,1.0
18,48,3.5,6,4.111111111111111,2.642857142857143
23,91,3.9565217391304346,8,4.388888888888889,4.157894736842105
25,106,4.24,8,5.764705882352941,4.666666666666667
22,52,3.090909090909091,6,3.8333333333333335,2.4210526315789473
20,59,3.45,7,3.769230769230769,3.0625
27,99,3.259259259259259,5,4.8,3.272727272727273
21,75,3.3333333333333335,6,4.285714285714286,3.5294117647058822
22,91,3.3636363636363638,6,5.733333333333333,4.777777777777778
31,163,4.548387096774194,8,6.285714285714286,4.888888888888889
25,48,2.24,3,7.0,2.1
19,52,3.1052631578947367,6,3.8333333333333335,3.066666666666667
24,99,3.5833333333333335,7,5.277777777777778,4.523809523809524
29,87,3.0689655172413794,5,5.454545454545454,2.727272727272727
20,46,2.65,4,4.75,2.375
26,102,3.269230769230769,7,4.45,4.684210526315789
25,58,3.24,6,5.1,2.3181818181818183
21,74,4.095238095238095,8,4.733333333333333,3.9444444444444446
29,105,2.7586206896551726,6,4.647058823529412,4.157894736842105
25,72,3.32,6,4.25,3.238095238095238
27,62,2.5925925925925926,4,4.545454545454546,2.1739130434782608
24,40,3.2083333333333335,5,5.666666666666667,1.619047619047619
29,68,3.4827586206896552,6,4.846153846153846,2.52
15,28,1.4,2,4.333333333333333,2.1666666666666665
24,71,3.25,6,4.333333333333333,3.25
28,102,3.4642857142857144,6,6.125,4.083333333333333
24,35,1.4166666666666667,2,4.0,1.2
25,32,1.32,2,4.0,1.0
18,31,1.8333333333333333,4,3.4,2.125
21,73,3.761904761904762,7,4.5,3.5
22,68,3.5454545454545454,7,4.266666666666667,3.5555555555555554
23,65,3.1739130434782608,6,4.666666666666667,3.2941176470588234
29,65,2.310344827586207,4,6.0,2.1176470588235294
23,81,3.3043478260869565,6,5.357142857142857,3.9473684210526314
26,89,3.0,6,4.333333333333333,3.611111111111111
25,50,2.36,3,6.285714285714286,2.2
21,58,2.5238095238095237,4,3.6363636363636362,2.857142857142857
27,68,3.3333333333333335,5,4.846153846153846,2.739130434782609
15,27,1.8666666666666667,3,3.0,1.5
17,32,1.8823529411764706,3,3.75,1.6666666666666667
25,39,3.24,5,6.8,1.5454545454545454
28,129,3.5357142857142856,7,6.15,5.125
27,78,2.0,5,5.3,3.533333333333333
27,76,3.3703703703703702,6,5.538461538461538,3.130434782608696
24,56,2.1666666666666665,4,6.0,2.4
25,37,3.24,5,6.6,1.5
23,47,2.347826086956522,4,5.166666666666667,2.066666666666667
29,107,3.896551724137931,7,5.866666666666666,3.52
16,29,1.5,2,3.25,1.625
27,107,3.111111111111111,6,5.05,4.391304347826087
26,82,2.3076923076923075,5,4.285714285714286,3.0
29,108,4.0344827586206895,7,6.5,4.16
24,29,1.25,2,6.0,1.0
24,28,1.2083333333333333,2,5.0,1.0
21,69,3.857142857142857,7,4.285714285714286,3.5294117647058822
22,60,3.4545454545454546,7,4.0,3.111111111111111
20,66,3.3,6,5.2,3.25
25,119,4.32,8,6.277777777777778,5.136363636363637
29,66,2.5172413793103448,4,6.333333333333333,2.0
21,44,2.761904761904762,4,4.714285714285714,1.9411764705882353
25,84,2.8,6,3.75,3.5294117647058822
25,47,2.32,3,6.833333333333333,2.05
19,28,1.5789473684210527,3,4.333333333333333,1.625
29,112,3.9655172413793105,7,6.25,4.0
24,40,3.2083333333333335,5,7.0,1.6666666666666667
29,107,3.103448275862069,6,4.65,3.72
26,96,3.9615384615384617,8,5.25,3.8181818181818183
22,65,3.1363636363636362,7,4.083333333333333,2.7222222222222223
25,40,3.28,5,7.0,1.5909090909090908
28,85,2.5357142857142856,5,6.0,3.5294117647058822
28,96,3.4285714285714284,6,5.411764705882353,3.8333333333333335
25,58,3.44,6,3.7857142857142856,2.5238095238095237
16,26,1.375,2,2.5,1.6666666666666667
29,141,4.413793103448276,8,6.136363636363637,5.4
24,35,3.1666666666666665,5,5.333333333333333,1.5238095238095237
28,88,2.607142857142857,6,5.7272727272727275,3.7058823529411766
28,96,3.9285714285714284,7,5.5625,3.7083333333333335
29,122,4.344827586206897,8,6.5,4.68
26,58,3.3846153846153846,5,4.8,2.0869565217391304
29,101,3.2758620689655173,6,4.722222222222222,3.4
25,88,3.92,8,4.75,3.619047619047619
21,60,3.142857142857143,7,3.9166666666666665,2.764705882352941
24,40,3.3333333333333335,5,6.0,1.7142857142857142
27,74,2.5555555555555554,5,5.3,3.1176470588235294
26,102,4.076923076923077,8,4.631578947368421,4.0
24,77,3.0833333333333335,5,5.142857142857143,3.6
27,107,2.925925925925926,5,5.315789473684211,4.391304347826087
24,36,3.1666666666666665,5,5.5,1.5714285714285714
28,76,2.1785714285714284,5,6.375,3.4
25,78,3.6,6,5.285714285714286,3.5238095238095237
25,73,3.28,6,4.6,3.2857142857142856
26,98,2.923076923076923,5,4.842105263157895,4.181818181818182
22,34,3.090909090909091,5,4.285714285714286,1.5789473684210527
26,78,2.423076923076923,5,5.5,3.6666666666666665
27,67,3.0,5,6.0,2.608695652173913
23,37,3.130434782608696,5,4.571428571428571,1.6
27,82,2.4444444444444446,5,5.454545454545454,3.75
26,61,3.3461538461538463,6,4.0,2.5454545454545454
25,80,3.08,5,5.357142857142857,3.5714285714285716
27,109,3.111111111111111,6,5.421052631578948,4.478260869565218
22,64,3.1818181818181817,6,4.285714285714286,3.3333333333333335
16,25,1.3125,2,3.0,1.8
22,33,3.1818181818181817,5,4.833333333333333,1.5263157894736843
27,121,3.925925925925926,8,6.052631578947368,5.0
31,120,4.548387096774194,8,6.705882352941177,4.222222222222222
23,50,2.5217391304347827,4,4.4,2.2
24,64,2.4583333333333335,4,5.857142857142857,2.7333333333333334
30,114,4.3,7,7.266666666666667,4.1923076923076925
23,80,3.5217391304347827,7,4.0,3.3684210526315788
24,61,2.7083333333333335,5,3.357142857142857,2.611111111111111
25,99,3.12,6,4.894736842105263,4.428571428571429
24,76,3.375,6,4.5,3.6
24,60,2.6666666666666665,5,3.357142857142857,2.611111111111111
24,59,3.375,6,3.6,2.7
23,52,2.5652173913043477,5,3.25,2.2941176470588234
27,76,3.5555555555555554,6,5.9,2.5652173913043477
19,47,2.736842105263158,6,3.3076923076923075,2.8666666666666667
22,35,3.227272727272727,5,3.875,1.631578947368421
28,76,2.1785714285714284,4,5.444444444444445,3.0625
27,68,3.0,5,6.0,2.608695652173913
22,37,3.227272727272727,5,4.0,1.6842105263157894
27,89,2.8518518518518516,6,5.333333333333333,3.5555555555555554
26,92,3.5,6,5.733333333333333,3.909090909090909
24,77,3.125,5,4.733333333333333,3.55
27,114,2.925925925925926,5,5.4,4.695652173913044
16,30,1.4375,2,4.666666666666667,2.0
22,68,3.272727272727273,6,4.571428571428571,3.5555555555555554
24,74,3.125,5,4.533333333333333,3.4
24,75,3.125,5,4.6,3.45
29,118,3.9310344827586206,7,7.533333333333333,4.52
25,34,1.48,3,3.5,1.2727272727272727
24,28,1.2083333333333333,2,5.0,1.0
19,35,1.736842105263158,3,4.0,1.7777777777777777
24,93,4.083333333333333,8,4.666666666666667,4.2
22,76,3.590909090909091,7,4.533333333333333,3.7777777777777777
24,73,3.5416666666666665,6,5.153846153846154,3.35
27,78,3.185185185185185,6,3.642857142857143,2.3181818181818183
23,96,3.4347826086956523,6,5.625,4.7368421052631575
28,122,4.142857142857143,7,4.947368421052632,3.9166666666666665
25,78,3.04,6,4.933333333333334,3.5238095238095237
26,84,2.9615384615384617,5,4.529411764705882,3.5
23,54,3.391304347826087,6,3.5,2.45
21,39,2.0476190476190474,4,4.6,1.9166666666666667
26,79,3.230769230769231,5,4.6875,3.409090909090909
28,82,3.5714285714285716,6,5.461538461538462,2.9583333333333335
26,104,2.8461538461538463,5,5.157894736842105,4.454545454545454
25,87,3.72,7,4.444444444444445,3.8095238095238093
15,27,1.4666666666666666,2,3.0,1.7142857142857142
21,57,2.9047619047619047,6,3.533333333333333,3.1176470588235294
25,37,3.24,5,6.6,1.5
27,92,3.4074074074074074,7,5.0,3.1818181818181817
29,109,3.793103448275862,7,5.722222222222222,4.12
17,39,2.235294117647059,4,3.142857142857143,2.0
17,36,2.235294117647059,4,3.1666666666666665,1.7272727272727273
25,36,3.24,5,6.6,1.5
20,37,2.4,5,3.5714285714285716,2.0833333333333335
26,72,3.3461538461538463,6,4.857142857142857,3.090909090909091
23,36,3.1739130434782608,5,4.571428571428571,1.6
23,40,1.5217391304347827,3,4.4,2.2
29,88,3.8620689655172415,6,6.384615384615385,3.32
24,61,2.7916666666666665,5,3.642857142857143,2.6842105263157894
23,66,3.1739130434782608,6,4.133333333333334,3.263157894736842
24,35,3.1666666666666665,5,6.4,1.5238095238095237
27,86,3.7777777777777777,7,5.125,3.5652173913043477
16,32,1.375,2,5.333333333333333,2.6666666666666665
27,80,3.4074074074074074,6,5.428571428571429,3.3043478260869565
24,35,3.1666666666666665,5,6.4,1.5238095238095237
27,91,3.185185185185185,6,4.823529411764706,3.5652173913043477
27,89,3.814814814814815,7,4.8125,3.347826086956522
22,69,3.1818181818181817,7,4.916666666666667,3.2777777777777777
24,36,3.1666666666666665,5,6.6,1.5714285714285714
26,77,2.423076923076923,5,5.777777777777778,3.25
27,69,3.5555555555555554,6,4.0,2.782608695652174
25,55,3.68,7,5.1,2.4285714285714284
24,62,3.0833333333333335,6,4.071428571428571,2.85
24,36,3.1666666666666665,5,6.4,1.5238095238095237
26,127,3.6923076923076925,8,6.368421052631579,5.5
24,78,3.7083333333333335,7,4.6,3.45
25,57,2.76,5,3.75,2.25
23,65,3.1739130434782608,6,4.066666666666666,3.210526315789474
22,41,2.0,3,5.4,1.8
28,98,3.857142857142857,7,6.714285714285714,3.9166666666666665
24,32,1.4166666666666667,3,2.75,1.2222222222222223
24,29,1.25,2,6.0,1.0
25,91,4.0,7,5.333333333333333,3.8095238095238093
26,112,4.153846153846154,8,5.823529411764706,4.5
21,63,3.0952380952380953,5,4.5,2.6470588235294117
25,127,4.32,8,6.555555555555555,5.363636363636363
25,67,2.4,5,3.0,2.210526315789474
25,54,2.0,3,5.0,1.6666666666666667
20,37,2.7,4,5.166666666666667,1.9375
27,69,2.5555555555555554,5,5.375,2.5294117647058822
22,79,3.1818181818181817,6,5.615384615384615,4.055555555555555
27,98,3.3333333333333335,7,4.5,3.6
25,45,2.32,3,5.714285714285714,2.0
27,82,2.259259259259259,5,5.181818181818182,3.1666666666666665
24,75,3.4166666666666665,7,4.769230769230769,3.263157894736842
20,59,2.85,6,4.3,2.6875
30,144,4.3,8,6.05,4.653846153846154
15,28,2.2666666666666666,4,2.6,1.3
16,28,2.3125,4,3.0,1.0909090909090908
25,37,3.24,5,6.8,1.5454545454545454
19,37,2.0,3,6.0,1.6363636363636365
28,83,3.4285714285714284,6,5.642857142857143,3.2916666666666665
24,54,3.375,6,3.5,2.45
24,49,3.2916666666666665,6,4.4,2.2
21,49,3.0,6,3.75,2.6470588235294117
24,35,3.2916666666666665,5,6.4,1.5238095238095237
27,80,2.5185185185185186,5,5.3,3.1176470588235294
28,114,4.142857142857143,8,5.4,4.5
23,69,3.0869565217391304,5,4.5,3.3157894736842106
24,34,3.2916666666666665,5,6.2,1.4761904761904763
19,33,2.0,3,4.666666666666667,1.2727272727272727
27,80,3.3703703703703702,6,5.428571428571429,3.3043478260869565
27,78,3.5555555555555554,6,4.769230769230769,2.6956521739130435
26,98,2.8461538461538463,5,5.111111111111111,4.181818181818182
27,103,3.7777777777777777,7,5.166666666666667,4.043478260869565
16,28,1.5,2,3.0,1.5
23,60,2.782608695652174,5,4.0,2.9473684210526314
22,31,3.1818181818181817,5,5.6,1.4736842105263157
28,110,3.75,7,5.0,3.5416666666666665
28,96,2.9642857142857144,6,4.0,3.238095238095238
27,91,3.4074074074074074,6,5.117647058823529,3.782608695652174
23,53,2.6956521739130435,5,3.5,2.3333333333333335
23,34,3.260869565217391,5,6.2,1.55
26,77,4.153846153846154,7,4.785714285714286,2.9130434782608696
25,40,3.32,5,7.4,1.6818181818181819
30,85,3.566666666666667,6,4.6875,2.8846153846153846
24,62,2.4583333333333335,4,6.0,2.4705882352941178
24,35,3.3333333333333335,5,6.4,1.5238095238095237
28,103,3.7857142857142856,7,5.052631578947368,4.0
25,66,2.84,5,3.642857142857143,2.55
24,38,3.2083333333333335,5,4.857142857142857,1.619047619047619
26,122,3.8461538461538463,8,6.105263157894737,5.2727272727272725
22,71,3.727272727272727,7,4.5,3.5
26,70,2.8076923076923075,5,4.153846153846154,2.5714285714285716
24,75,3.2916666666666665,6,4.733333333333333,3.55
29,113,3.9655172413793105,7,7.266666666666667,4.36
25,34,1.4,2,4.0,1.2
23,27,1.2173913043478262,2,5.0,1.0
23,88,3.608695652173913,7,5.0,4.444444444444445
22,70,3.590909090909091,7,4.0,3.3333333333333335
22,71,3.590909090909091,7,4.066666666666666,3.388888888888889
27,81,2.2962962962962963,4,3.857142857142857,2.8421052631578947
24,60,2.75,4,6.666666666666667,2.1052631578947367
26,136,4.0,8,6.0476190476190474,5.7727272727272725
26,86,3.423076923076923,6,4.285714285714286,2.608695652173913
22,86,3.272727272727273,6,6.153846153846154,4.444444444444445
27,115,3.814814814814815,7,4.631578947368421,4.0
25,51,2.32,3,6.428571428571429,2.25
24,94,3.9166666666666665,8,5.0588235294117645,4.3
29,101,2.9655172413793105,7,4.111111111111111,3.8947368421052633
26,69,3.6923076923076925,7,5.166666666666667,2.8181818181818183
26,98,3.1153846153846154,6,4.380952380952381,4.181818181818182
24,46,3.2916666666666665,5,4.1,1.9523809523809523
31,156,4.419354838709677,8,6.0,4.888888888888889
30,130,3.966666666666667,7,6.15,4.730769230769231
15,31,2.2666666666666666,4,2.6666666666666665,1.6
16,39,2.5625,5,3.2857142857142856,1.9166666666666667
24,44,3.375,5,4.875,1.8571428571428572
21,38,2.0476190476190474,5,2.857142857142857,1.8181818181818181
26,87,3.3461538461538463,6,5.466666666666667,3.727272727272727
24,50,3.7916666666666665,6,4.5,2.142857142857143
30,137,4.1,7,5.947368421052632,4.346153846153846
27,109,4.111111111111111,8,5.777777777777778,4.521739130434782
28,69,4.071428571428571,7,5.454545454545454,2.5
23,73,3.3043478260869565,6,4.857142857142857,3.5789473684210527
32,144,3.34375,6,5.384615384615385,5.0
29,121,2.6551724137931036,5,4.590909090909091,4.391304347826087
27,77,3.4074074074074074,7,4.666666666666667,3.0434782608695654
21,73,3.3333333333333335,7,4.4,3.8823529411764706
24,42,3.2083333333333335,5,6.0,1.7142857142857142
27,70,2.0,4,6.375,3.642857142857143
28,79,3.7857142857142856,6,5.6923076923076925,3.0833333333333335
15,28,1.5333333333333334,2,3.25,1.625
21,54,2.9523809523809526,6,3.3333333333333335,2.9411764705882355
23,34,3.0869565217391304,5,6.0,1.5
27,71,2.037037037037037,4,5.777777777777778,3.7142857142857144
28,109,4.214285714285714,8,5.421052631578948,4.291666666666667
17,32,1.4705882352941178,2,3.75,1.875
25,60,2.12,4,5.125,2.7333333333333334
27,105,3.6666666666666665,7,5.2105263157894735,4.304347826086956
17,33,1.5294117647058822,2,4.0,1.7777777777777777
30,123,3.8333333333333335,6,5.95,4.576923076923077
25,71,3.0,6,4.428571428571429,2.9523809523809526
25,88,2.88,5,4.315789473684211,3.9047619047619047
28,112,4.392857142857143,8,5.944444444444445,4.458333333333333
23,37,3.1739130434782608,5,4.571428571428571,1.6
25,72,4.0,7,5.7272727272727275,2.8636363636363638
24,39,3.2083333333333335,5,5.666666666666667,1.619047619047619
27,91,3.3703703703703702,6,4.8,3.130434782608696
30,127,3.9,7,6.0,4.615384615384615
16,36,2.3125,4,3.3333333333333335,1.8181818181818181
15,31,2.2666666666666666,4,2.6666666666666665,1.6
25,38,3.28,5,7.0,1.5909090909090908
20,38,1.8,3,3.6,1.5
27,80,3.3703703703703702,6,5.428571428571429,3.3043478260869565
25,65,2.8,5,3.7857142857142856,2.65
22,42,1.9090909090909092,3,3.857142857142857,1.8
23,33,3.130434782608696,5,6.0,1.5
28,65,3.4642857142857144,6,4.285714285714286,2.5
26,65,2.423076923076923,5,4.5,2.5
24,35,3.1666666666666665,5,6.4,1.5238095238095237
28,96,3.9642857142857144,7,5.8,3.625
26,67,3.423076923076923,6,3.6470588235294117,2.8181818181818183
20,36,2.6,5,3.4444444444444446,2.066666666666667
23,47,2.5217391304347827,4,4.0,2.0
26,84,3.8461538461538463,7,5.384615384615385,3.1818181818181817
25,60,2.4,5,4.0,2.3529411764705883
21,35,1.7142857142857142,3,6.666666666666667,1.8181818181818181
24,38,3.2083333333333335,5,5.5,1.5714285714285714
19,36,1.8421052631578947,4,3.6666666666666665,2.4444444444444446
27,82,3.4814814814814814,6,6.0,3.391304347826087
21,34,1.2857142857142858,2,5.0,2.5
23,34,3.130434782608696,5,6.0,1.5
26,124,3.730769230769231,8,6.2105263157894735,5.363636363636363
28,85,2.392857142857143,5,5.181818181818182,3.5625
28,88,3.4285714285714284,6,5.25,3.5
25,78,3.36,6,4.625,3.5238095238095237
25,38,3.28,5,7.0,1.5909090909090908
28,96,3.75,7,5.0,3.75
24,59,2.7916666666666665,5,3.6923076923076925,2.526315789473684
24,36,3.1666666666666665,5,6.6,1.5714285714285714
27,88,2.5925925925925926,5,5.545454545454546,3.588235294117647
29,120,4.0344827586206895,8,5.7,4.56
24,72,3.0416666666666665,5,4.857142857142857,3.4
24,37,3.2083333333333335,5,6.8,1.619047619047619
20,43,2.95,5,4.714285714285714,2.2
26,71,2.8076923076923075,5,4.071428571428571,2.7142857142857144
29,93,3.9655172413793105,7,5.5,3.52
26,95,2.9615384615384617,5,4.45,4.045454545454546
26,97,2.9615384615384617,5,4.7894736842105265,4.136363636363637
26,61,2.8076923076923075,5,5.0,2.272727272727273
23,33,3.0869565217391304,5,6.0,1.5
25,87,3.76,7,5.1875,3.9523809523809526
26,67,2.8076923076923075,5,3.923076923076923,2.4285714285714284
26,102,2.8846153846153846,5,5.333333333333333,4.363636363636363
16,29,1.375,2,4.333333333333333,2.1666666666666665
24,50,3.3333333333333335,5,3.75,2.25
24,68,2.8333333333333335,5,4.6923076923076925,3.05
16,34,2.3125,4,3.5,1.9090909090909092
20,48,2.95,5,3.4166666666666665,2.5625
22,32,3.1818181818181817,5,5.8,1.5263157894736843
27,120,3.4444444444444446,7,6.0,4.956521739130435
28,93,3.892857142857143,7,5.117647058823529,3.625
17,39,2.3529411764705883,4,3.8333333333333335,1.9166666666666667
17,36,2.2941176470588234,4,3.8,1.5833333333333333
22,42,2.5,4,4.333333333333333,2.0526315789473686
24,100,3.75,8,5.411764705882353,4.6
27,85,2.7037037037037037,6,5.0,3.5294117647058822
26,82,3.9615384615384617,7,5.133333333333334,3.5
22,78,3.1818181818181817,7,4.785714285714286,3.7222222222222223
24,35,3.3333333333333335,5,6.4,1.5238095238095237
28,97,3.107142857142857,7,5.071428571428571,3.736842105263158
27,71,3.5555555555555554,6,4.0625,2.8260869565217392
24,75,3.125,5,4.928571428571429,3.45
28,114,3.107142857142857,6,5.142857142857143,4.5
22,32,3.1818181818181817,5,4.833333333333333,1.5263157894736843
28,85,2.5,5,5.7,3.3529411764705883
29,102,4.0344827586206895,7,5.588235294117647,3.8
29,92,3.0,5,6.4,2.6666666666666665
15,27,2.2666666666666666,4,2.4,1.2
30,139,4.0,7,6.333333333333333,5.115384615384615
20,39,2.05,4,3.7142857142857144,1.8571428571428572
24,37,3.25,5,5.666666666666667,1.619047619047619
28,64,3.607142857142857,6,4.461538461538462,2.4166666666666665
32,131,3.875,6,5.823529411764706,3.5357142857142856
26,67,3.423076923076923,6,3.588235294117647,2.772727272727273
26,63,2.269230769230769,5,4.555555555555555,2.2777777777777777
23,37,3.1739130434782608,5,4.25,1.7
28,141,4.107142857142857,8,6.428571428571429,5.625
30,130,4.2,8,5.05,3.8846153846153846
28,109,3.6785714285714284,7,5.722222222222222,4.291666666666667
15,29,2.066666666666667,4,2.8,1.5555555555555556
25,55,3.44,6,5.0,2.380952380952381
21,52,3.0,6,4.0,2.823529411764706
23,37,3.3043478260869565,5,4.857142857142857,1.7
28,127,4.142857142857143,8,5.526315789473684,4.375
30,119,3.966666666666667,7,5.894736842105263,4.3076923076923075
23,60,2.6956521739130435,5,3.5,2.7222222222222223
27,106,3.111111111111111,6,5.0,4.3478260869565215
24,76,3.5,7,4.8,3.6
16,30,1.5,2,3.5,1.75
22,63,3.0454545454545454,5,4.3076923076923075,3.111111111111111
29,120,3.9310344827586206,7,8.142857142857142,4.56
25,34,1.44,3,3.0,1.2
24,28,1.1666666666666667,2,4.0,1.0
25,85,4.16,8,4.375,3.3333333333333335
23,79,2.8260869565217392,5,5.166666666666667,4.133333333333334
29,68,2.4827586206896552,5,4.875,2.0526315789473686
27,65,1.7407407407407407,3,3.8,2.7142857142857144
24,94,3.6666666666666665,7,5.0,4.2105263157894735
28,145,4.285714285714286,8,5.9,4.916666666666667
25,52,2.68,4,6.428571428571429,2.25
19,44,2.3157894736842106,5,3.4444444444444446,2.8181818181818183
28,75,3.357142857142857,6,5.916666666666667,2.9583333333333335
20,39,2.7,4,4.5,1.6875
25,75,3.04,6,5.0,3.3333333333333335
24,65,2.9166666666666665,5,4.75,2.85
28,101,2.7142857142857144,5,5.666666666666667,3.6956521739130435
24,40,3.25,5,5.666666666666667,1.619047619047619
21,44,2.8095238095238093,5,5.666666666666667,2.2666666666666666
27,82,2.814814814814815,5,5.153846153846154,3.0454545454545454
25,57,2.72,5,3.7142857142857144,2.4761904761904763
25,60,3.56,6,6.222222222222222,2.6666666666666665
23,64,2.9130434782608696,6,3.933333333333333,3.1052631578947367
25,46,3.36,5,5.714285714285714,1.8181818181818181
26,79,4.0,7,6.454545454545454,3.0869565217391304
24,45,3.25,5,4.875,1.8571428571428572
27,113,3.259259259259259,6,7.133333333333334,4.6521739130434785
29,92,3.4827586206896552,6,5.5,3.52
25,65,2.76,5,4.076923076923077,2.65
26,100,2.8461538461538463,5,4.947368421052632,4.2727272727272725
25,38,3.24,5,6.6,1.5
22,34,1.8181818181818181,4,3.8,1.9
26,75,3.3846153846153846,6,5.071428571428571,3.227272727272727
26,43,2.1538461538461537,4,5.4,1.6875
27,80,3.7777777777777777,6,5.6923076923076925,3.217391304347826
15,28,1.5333333333333334,2,3.25,1.625
22,57,2.9545454545454546,6,3.533333333333333,2.9444444444444446
29,109,4.137931034482759,8,5.833333333333333,4.2
24,34,1.4166666666666667,3,3.0,1.3333333333333333
24,29,1.25,2,6.0,1.0
19,29,1.736842105263158,3,3.75,1.6666666666666667
22,76,3.9545454545454546,7,4.923076923076923,3.3684210526315788
22,66,3.5,7,4.357142857142857,3.388888888888889
22,62,3.272727272727273,6,4.5,3.176470588235294
27,59,2.074074074074074,4,5.333333333333333,2.2857142857142856
25,94,3.44,6,6.461538461538462,4.0
25,82,3.16,7,3.75,3.3333333333333335
25,46,2.32,3,5.857142857142857,2.05
27,125,3.7777777777777777,8,6.117647058823529,4.7272727272727275
24,72,3.2916666666666665,6,5.153846153846154,3.35
15,24,1.4,2,3.0,1.5
24,71,3.2916666666666665,6,4.1875,3.35
30,153,4.366666666666666,8,6.391304347826087,5.653846153846154
24,35,3.1666666666666665,5,6.2,1.4761904761904763
28,108,3.25,6,6.4375,4.291666666666667
29,106,3.8275862068965516,7,5.882352941176471,4.0
16,29,1.4375,2,3.25,1.8571428571428572
29,128,4.344827586206897,8,6.2,4.96
25,37,3.28,5,5.666666666666667,1.5454545454545454
29,60,3.4827586206896552,6,4.230769230769231,2.2
26,86,3.1153846153846154,5,5.642857142857143,3.590909090909091
25,37,3.24,5,6.6,1.5
23,58,2.5652173913043477,5,5.5,2.933333333333333
30,104,3.7666666666666666,6,6.071428571428571,3.4
25,83,3.88,7,4.6,3.2857142857142856
15,29,2.2666666666666666,4,3.0,1.5
25,70,2.8,5,4.923076923076923,3.0476190476190474
19,47,2.8947368421052633,5,3.6363636363636362,2.6666666666666665
26,80,2.576923076923077,5,4.857142857142857,3.090909090909091
23,33,3.260869565217391,5,6.0,1.5
26,51,3.4615384615384617,6,4.181818181818182,2.090909090909091
25,78,3.16,5,5.214285714285714,3.4761904761904763
23,32,3.217391304347826,5,5.8,1.45
25,70,4.04,7,4.923076923076923,2.909090909090909
24,37,3.25,5,5.666666666666667,1.619047619047619
29,99,3.4482758620689653,6,4.166666666666667,3.0
28,79,3.392857142857143,6,3.9444444444444446,2.9583333333333335
25,77,3.08,5,5.214285714285714,3.4761904761904763
25,37,3.28,5,6.8,1.5454545454545454
21,26,1.5714285714285714,3,3.6666666666666665,1.1
25,71,3.32,6,5.153846153846154,3.1904761904761907
27,57,2.2222222222222223,4,6.166666666666667,2.3125
26,80,3.730769230769231,6,4.866666666666666,3.3181818181818183
16,29,1.5625,2,3.25,1.4444444444444444
20,49,2.85,6,3.4615384615384617,2.8125
29,102,3.896551724137931,7,7.0,3.92
24,29,1.25,2,3.0,1.0
23,27,1.2173913043478262,2,5.0,1.0
18,47,3.5,6,4.222222222222222,2.7142857142857144
25,76,2.96,6,3.7857142857142856,2.789473684210526
27,129,4.111111111111111,8,6.0,5.217391304347826
22,69,3.3636363636363638,6,4.583333333333333,3.0555555555555554
22,71,3.5454545454545454,7,4.066666666666666,3.388888888888889
22,61,3.5454545454545454,7,4.153846153846154,3.0
26,128,3.9615384615384617,8,5.0,5.2272727272727275
26,62,2.423076923076923,5,4.0,2.1176470588235294
22,82,3.272727272727273,6,5.769230769230769,4.166666666666667
27,107,3.5925925925925926,7,4.705882352941177,3.8095238095238093
24,43,2.25,3,6.333333333333333,2.0
27,85,2.3333333333333335,5,5.2727272727272725,3.2222222222222223
23,77,3.739130434782609,8,5.5,3.473684210526316
20,58,2.85,6,4.2,2.625
24,40,3.2083333333333335,5,5.0,1.6666666666666667
19,39,2.263157894736842,4,3.7142857142857144,2.1666666666666665
27,80,3.3703703703703702,6,5.428571428571429,3.3043478260869565
25,53,3.36,5,3.9166666666666665,2.238095238095238
23,69,3.0434782608695654,5,4.571428571428571,3.3684210526315788
24,55,3.3333333333333335,5,4.083333333333333,2.45
23,48,2.347826086956522,5,3.6,2.25
24,79,2.875,5,3.8421052631578947,3.65
24,40,3.25,5,4.375,1.6666666666666667
27,101,3.259259259259259,6,6.0625,4.217391304347826
31,107,3.4838709677419355,7,5.066666666666666,3.04
26,70,3.423076923076923,6,3.764705882352941,2.909090909090909
26,97,3.6153846153846154,7,5.235294117647059,4.045454545454546
23,55,2.6956521739130435,5,3.75,2.6470588235294117
30,141,4.333333333333333,8,7.105263157894737,5.1923076923076925
24,56,3.25,5,3.909090909090909,2.0476190476190474
30,124,4.266666666666667,8,6.0,4.153846153846154
25,87,3.68,7,5.357142857142857,3.5714285714285716
21,66,3.142857142857143,7,4.083333333333333,2.8823529411764706
24,43,3.375,5,4.75,1.8095238095238095
30,134,4.3,8,5.090909090909091,4.3076923076923075
28,111,3.5714285714285716,8,5.117647058823529,4.142857142857143
26,95,3.8461538461538463,7,5.4375,3.9545454545454546
15,29,1.5333333333333334,2,3.5,1.75
22,66,3.1363636363636362,6,4.357142857142857,3.388888888888889
22,66,3.0454545454545454,5,4.615384615384615,3.3333333333333335
24,71,3.75,7,4.4,3.3
23,58,2.6956521739130435,5,3.8333333333333335,2.7058823529411766
23,44,3.391304347826087,5,4.0,2.0
28,84,2.357142857142857,5,5.8,3.411764705882353
25,60,3.36,5,4.153846153846154,2.5714285714285716
17,37,2.588235294117647,4,3.3333333333333335,1.5384615384615385
26,99,2.8846153846153846,5,4.65,4.2272727272727275
22,77,3.8636363636363638,8,4.357142857142857,3.388888888888889
28,137,4.107142857142857,8,5.190476190476191,4.739130434782608
25,88,3.8,7,5.266666666666667,3.761904761904762
16,37,1.875,3,4.2,2.1
22,66,3.0454545454545454,5,4.214285714285714,3.2777777777777777
29,111,3.3448275862068964,7,5.095238095238095,4.28
29,112,2.6551724137931036,5,4.428571428571429,4.043478260869565
25,59,2.8,5,3.857142857142857,2.5714285714285716
16,28,1.8125,3,3.75,1.875
17,31,2.0588235294117645,4,3.2,1.6
25,45,3.36,5,5.571428571428571,1.7727272727272727
26,82,4.0,7,6.0,3.130434782608696
24,46,3.25,5,4.875,1.8571428571428572
28,114,3.3214285714285716,6,6.8125,4.541666666666667
29,93,3.4827586206896552,6,4.944444444444445,3.56
25,69,2.72,5,4.666666666666667,2.9473684210526314
22,39,2.0,3,4.8,1.6
25,39,3.28,5,6.8,1.5454545454545454
27,69,2.0,4,6.25,3.5714285714285716
26,61,2.8076923076923075,5,4.666666666666667,2.5454545454545454
25,40,3.32,5,5.833333333333333,1.5909090909090908
24,42,1.5416666666666667,3,4.0,2.0
26,61,3.3076923076923075,5,4.3076923076923075,2.5454545454545454
24,82,3.625,7,3.8421052631578947,3.65
21,40,1.7619047619047619,3,5.0,2.272727272727273
25,77,2.52,5,4.266666666666667,3.0476190476190474
25,85,2.96,5,4.157894736842105,3.761904761904762
21,56,2.9523809523809526,6,3.466666666666667,3.0588235294117645
15,25,1.4,2,3.3333333333333335,1.6666666666666667
23,34,3.130434782608696,5,5.166666666666667,1.55
23,87,4.130434782608695,8,4.823529411764706,4.315789473684211
29,73,3.6206896551724137,6,4.25,2.72
28,119,3.107142857142857,6,5.285714285714286,4.625
25,76,3.2,6,5.0,3.3333333333333335
25,45,3.32,5,6.666666666666667,1.8181818181818181
27,126,3.4074074074074074,7,6.315789473684211,5.217391304347826
29,99,4.206896551724138,8,5.875,3.76
23,40,3.130434782608696,5,5.833333333333333,1.75
27,97,3.2222222222222223,6,4.9411764705882355,3.652173913043478
26,90,3.730769230769231,7,5.2,3.5454545454545454
22,66,3.1363636363636362,7,4.416666666666667,2.9444444444444446
28,111,4.321428571428571,8,5.944444444444445,4.458333333333333
25,34,1.48,3,3.5,1.2727272727272727
24,29,1.25,2,6.0,1.0
18,42,3.5,6,3.7777777777777777,2.4285714285714284
26,89,2.5,5,4.714285714285714,3.3
24,110,3.4166666666666665,6,6.0588235294117645,4.904761904761905
20,60,3.4,6,4.454545454545454,2.8823529411764706
22,69,3.5454545454545454,7,4.066666666666666,3.388888888888889
20,47,3.25,6,3.5,2.625
24,114,3.8333333333333335,8,5.368421052631579,5.1
25,57,2.16,5,4.0,2.1333333333333333
22,78,3.227272727272727,6,5.538461538461538,4.0
27,94,3.037037037037037,7,4.1875,3.526315789473684
25,46,2.32,3,5.857142857142857,2.05
26,79,3.8846153846153846,6,5.909090909090909,2.8260869565217392
24,42,3.2083333333333335,5,6.166666666666667,1.7619047619047619
19,39,2.263157894736842,4,3.857142857142857,2.25
17,29,1.3529411764705883,2,4.0,2.0
26,57,3.3076923076923075,5,4.333333333333333,2.3636363636363638
26,57,2.5,4,5.625,2.142857142857143
25,39,3.24,5,6.8,1.5454545454545454
28,95,2.9642857142857144,6,5.0,3.5416666666666665
27,98,3.8518518518518516,7,5.375,3.739130434782609
22,68,3.1363636363636362,7,4.25,2.8333333333333335
25,37,3.24,5,6.8,1.5454545454545454
23,36,1.434782608695652,3,6.0,2.0
30,95,4.066666666666666,7,6.428571428571429,3.4615384615384617
28,104,3.892857142857143,7,6.25,4.166666666666667
24,29,1.25,2,6.0,1.0
25,72,3.72,6,5.0,2.619047619047619
25,50,2.8,5,4.857142857142857,1.7894736842105263
30,130,4.1,8,4.909090909090909,4.153846153846154
31,129,4.225806451612903,8,5.523809523809524,4.296296296296297
16,30,2.3125,4,3.5,1.2727272727272727
16,32,2.3125,4,3.2,1.4545454545454546
24,45,3.3333333333333335,5,5.285714285714286,1.7619047619047619
27,51,3.4814814814814814,6,3.8333333333333335,2.0
30,144,3.4,7,6.2727272727272725,5.3076923076923075
29,131,3.1379310344827585,6,5.9523809523809526,5.0
26,79,3.3461538461538463,6,4.866666666666666,3.3181818181818183
24,53,2.375,5,3.4545454545454546,2.375
22,37,1.6363636363636365,3,6.666666666666667,1.6666666666666667
23,32,3.217391304347826,5,5.8,1.45
28,80,2.4285714285714284,5,5.3,3.3125
27,103,4.185185185185185,8,5.2105263157894735,4.304347826086956
16,29,1.375,2,4.333333333333333,2.1666666666666665
25,39,3.28,5,6.8,1.5454545454545454
28,83,2.5357142857142856,5,5.6,3.2941176470588234
28,110,4.178571428571429,8,5.0476190476190474,4.416666666666667
16,26,1.375,2,3.3333333333333335,1.6666666666666667
27,92,3.4444444444444446,6,5.176470588235294,3.8260869565217392
29,133,4.413793103448276,8,5.7727272727272725,5.08
25,46,2.32,3,6.666666666666667,2.0
26,82,3.769230769230769,6,5.666666666666667,3.090909090909091
23,51,2.0,4,5.0,2.3076923076923075
22,38,1.6818181818181819,3,7.0,1.75
23,39,3.260869565217391,5,6.6,1.65
27,119,3.925925925925926,8,5.2105263157894735,4.304347826086956
30,121,4.433333333333334,8,6.4375,3.9615384615384617
28,104,4.035714285714286,7,5.8,3.625
23,35,3.260869565217391,5,5.333333333333333,1.6
29,95,3.1379310344827585,7,5.230769230769231,3.4
28,105,3.6785714285714284,7,5.2631578947368425,4.166666666666667
16,28,1.375,2,4.0,2.0
23,35,3.260869565217391,5,5.333333333333333,1.6
27,119,4.0,8,5.105263157894737,4.217391304347826
29,115,3.896551724137931,7,5.684210526315789,4.32
28,122,3.107142857142857,6,5.523809523809524,4.833333333333333
28,115,3.5,7,5.444444444444445,4.083333333333333
23,37,3.1739130434782608,5,4.857142857142857,1.7
27,104,3.2222222222222223,6,6.25,4.3478260869565215
31,115,4.354838709677419,8,6.75,4.0
23,63,2.608695652173913,5,4.777777777777778,2.5294117647058822
22,71,3.272727272727273,6,4.714285714285714,3.6666666666666665
22,34,3.272727272727273,5,4.428571428571429,1.631578947368421
27,108,3.259259259259259,6,6.4375,4.478260869565218
20,37,1.75,3,4.0,2.2222222222222223
27,95,3.5555555555555554,6,6.285714285714286,3.8260869565217392
16,32,1.5625,2,4.0,1.7777777777777777
26,81,3.076923076923077,6,5.357142857142857,3.409090909090909
24,80,2.875,5,4.111111111111111,3.7
22,35,3.272727272727273,5,4.428571428571429,1.631578947368421
28,132,4.142857142857143,8,5.45,4.541666666666667
28,118,3.607142857142857,8,4.090909090909091,4.285714285714286
25,89,3.6,7,5.25,4.0
24,64,2.8333333333333335,5,4.153846153846154,2.8421052631578947
24,43,3.4166666666666665,5,5.285714285714286,1.7619047619047619
28,110,3.25,5,6.5,4.333333333333333
29,122,3.6206896551724137,8,4.65,4.2272727272727275
24,87,3.2916666666666665,6,4.555555555555555,4.1
24,48,3.4166666666666665,5,6.142857142857143,2.0476190476190474
24,81,2.75,5,5.2727272727272725,3.411764705882353
20,46,2.25,4,4.714285714285714,2.75
25,77,3.08,6,5.214285714285714,3.4761904761904763
25,90,2.84,5,4.9411764705882355,4.0
28,98,2.7142857142857144,5,5.666666666666667,3.5416666666666665
22,60,3.0,6,3.5,3.111111111111111
22,57,2.5,5,3.3125,2.9444444444444446
31,122,3.806451612903226,7,6.2105263157894735,4.37037037037037
24,38,3.25,5,4.857142857142857,1.619047619047619
31,108,3.5806451612903225,6,5.733333333333333,3.185185185185185
29,90,3.9655172413793105,7,5.666666666666667,3.4
24,35,3.1666666666666665,5,6.0,1.4285714285714286
27,69,2.0,4,6.125,3.5
26,71,3.6153846153846154,6,5.076923076923077,3.0
16,31,1.5,2,3.75,1.875
22,61,3.0454545454545454,6,4.071428571428571,3.1666666666666665
29,117,4.0,7,6.411764705882353,4.36
23,35,3.1739130434782608,5,4.0,1.6
27,131,3.4074074074074074,7,6.578947368421052,5.434782608695652
28,92,2.3214285714285716,5,6.6,4.125
28,87,3.9285714285714284,7,5.857142857142857,3.4166666666666665
22,74,3.1818181818181817,7,4.714285714285714,3.6666666666666665
25,36,3.24,5,6.6,1.5
24,37,1.4166666666666667,3,6.0,2.0
27,76,3.6666666666666665,6,5.916666666666667,3.0869565217391304
27,91,3.1481481481481484,5,5.3125,3.6956521739130435
27,103,2.962962962962963,5,5.105263157894737,4.217391304347826
25,37,3.28,5,5.666666666666667,1.5454545454545454
28,142,3.5714285714285716,7,6.476190476190476,5.666666666666667
28,69,3.4285714285714284,6,4.266666666666667,2.6666666666666665
17,31,1.8823529411764706,4,2.8,1.5555555555555556
19,38,2.5789473684210527,5,3.5555555555555554,2.2857142857142856
24,35,3.1666666666666665,5,6.4,1.5238095238095237
30,87,3.1666666666666665,6,5.25,2.52
29,96,3.9655172413793105,7,6.5,3.64
27,100,3.111111111111111,6,4.7,4.086956521739131
25,80,2.36,5,4.214285714285714,2.95
25,77,2.84,6,4.733333333333333,3.380952380952381
24,50,2.75,5,3.4166666666666665,2.1578947368421053
20,31,1.45,3,4.25,2.125
23,33,3.217391304347826,5,6.0,1.5
27,124,3.4074074074074074,7,6.555555555555555,5.130434782608695
29,99,4.0,7,6.266666666666667,3.76
23,35,3.1739130434782608,5,4.571428571428571,1.6
27,69,2.074074074074074,4,6.0,3.4285714285714284
25,74,3.28,6,4.666666666666667,3.3333333333333335
28,98,3.892857142857143,7,6.714285714285714,3.9166666666666665
24,33,1.4583333333333333,3,3.25,1.3
25,30,1.24,2,6.0,1.0
18,25,1.4444444444444444,3,2.6666666666666665,1.1428571428571428
23,86,4.0,7,5.642857142857143,4.157894736842105
24,60,2.9166666666666665,5,4.555555555555555,2.05
20,50,3.65,6,4.5,2.8125
24,91,3.625,6,4.5625,3.65
23,77,3.260869565217391,6,5.333333333333333,3.5555555555555554
22,80,3.272727272727273,6,5.6923076923076925,4.111111111111111
27,94,3.037037037037037,7,4.25,3.5789473684210527
25,46,2.44,4,5.125,1.9523809523809523
25,72,3.88,6,6.0,2.727272727272727
24,38,3.2083333333333335,5,6.6,1.5714285714285714
24,37,1.4166666666666667,3,4.5,2.0
27,89,3.962962962962963,8,6.461538461538462,3.652173913043478
24,37,3.2083333333333335,5,6.4,1.5238095238095237
28,106,3.7142857142857144,7,4.882352941176471,3.4583333333333335
28,105,3.9285714285714284,7,5.2631578947368425,4.166666666666667
16,24,1.5625,3,2.6666666666666665,1.3333333333333333
18,34,2.111111111111111,4,3.2,1.4545454545454546
24,36,3.2083333333333335,5,6.4,1.5238095238095237
21,30,1.7619047619047619,4,3.25,1.1818181818181819
25,70,3.28,6,4.714285714285714,3.142857142857143
18,37,2.1666666666666665,4,4.75,1.7272727272727273
25,71,3.04,6,5.0,3.0952380952380953
19,44,2.6315789473684212,5,3.3333333333333335,2.6666666666666665
24,47,3.125,5,4.666666666666667,2.1
19,43,2.736842105263158,6,3.25,2.6
23,33,3.260869565217391,5,6.0,1.5
27,87,3.111111111111111,6,4.6875,3.260869565217391
25,86,3.8,7,5.066666666666666,3.619047619047619
22,71,3.1818181818181817,7,4.666666666666667,3.111111111111111
16,26,1.4375,2,2.75,1.5714285714285714
23,34,3.217391304347826,5,6.2,1.55
27,83,2.5925925925925926,5,5.7,3.3529411764705883
29,121,4.310344827586207,8,5.75,4.6
21,29,1.4761904761904763,3,3.5,1.75
27,96,2.888888888888889,5,5.533333333333333,3.608695652173913
24,52,2.7916666666666665,5,3.3076923076923075,2.263157894736842
23,63,3.0434782608695654,6,3.933333333333333,3.1052631578947367
22,57,3.090909090909091,6,3.8461538461538463,2.7777777777777777
22,58,3.1363636363636362,6,3.923076923076923,2.8333333333333335
28,113,4.214285714285714,8,6.411764705882353,4.541666666666667
24,36,3.25,5,4.714285714285714,1.5714285714285714
27,62,3.5185185185185186,6,4.384615384615385,2.4782608695652173
25,51,2.16,5,3.75,2.0
22,37,1.6363636363636365,3,7.0,1.75
24,45,2.5416666666666665,4,4.666666666666667,2.0
24,39,1.4166666666666667,2,9.5,1.9
26,89,3.730769230769231,7,5.533333333333333,3.772727272727273
22,38,2.0,3,5.4,1.8
23,35,3.0869565217391304,5,6.0,1.5
28,93,3.642857142857143,7,5.117647058823529,3.625
29,127,3.1379310344827585,6,6.05,4.84
23,39,3.1739130434782608,5,3.7777777777777777,1.7
26,127,3.8461538461538463,8,6.05,5.5
31,121,4.451612903225806,8,5.894736842105263,4.148148148148148
23,41,3.5217391304347827,6,4.0,1.8
28,84,2.7857142857142856,6,5.818181818181818,3.5555555555555554
26,94,3.5,6,5.8,3.9545454545454546
23,61,2.8260869565217392,5,3.7142857142857144,2.736842105263158
26,81,3.1923076923076925,6,5.769230769230769,3.409090909090909
19,49,2.8421052631578947,5,4.0,2.933333333333333
24,84,2.875,5,4.105263157894737,3.9
19,48,2.8421052631578947,6,3.3846153846153846,2.933333333333333
16,31,1.5625,2,3.75,1.6666666666666667
23,43,3.5217391304347827,6,3.8,1.9
29,96,4.275862068965517,8,6.666666666666667,3.2
24,68,2.625,4,6.0,2.823529411764706
24,64,2.5833333333333335,4,5.375,2.5294117647058822
26,67,3.5,6,4.357142857142857,2.772727272727273
23,71,3.0869565217391304,5,4.333333333333333,3.4210526315789473
27,87,2.888888888888889,5,5.0,3.4782608695652173
22,58,3.5454545454545454,6,4.076923076923077,2.9444444444444446
23,57,2.6956521739130435,5,3.6153846153846154,2.764705882352941
22,44,3.590909090909091,6,4.0,2.1052631578947367
27,131,3.962962962962963,8,5.904761904761905,5.391304347826087
28,112,4.428571428571429,8,5.833333333333333,4.375
24,54,3.8333333333333335,6,4.8,2.2857142857142856
28,151,4.107142857142857,8,6.545454545454546,6.0
28,127,3.75,8,4.304347826086956,4.5
23,76,3.260869565217391,6,4.4375,3.736842105263158
29,123,3.4827586206896552,7,4.954545454545454,4.541666666666667
27,88,2.888888888888889,5,4.666666666666667,3.652173913043478
28,109,2.9642857142857144,5,4.904761904761905,4.291666666666667
29,106,3.0344827586206895,5,6.133333333333334,3.68
23,66,3.130434782608696,6,3.4444444444444446,3.263157894736842
15,26,1.4666666666666666,2,2.75,1.5714285714285714
24,38,3.2083333333333335,5,6.4,1.5238095238095237
27,109,3.2222222222222223,6,6.4375,4.478260869565218
32,162,3.375,6,6.24,5.571428571428571
17,31,1.4705882352941178,3,3.5,2.0
24,59,3.375,6,3.857142857142857,2.7
25,74,2.84,5,5.153846153846154,3.1904761904761907
19,40,1.9473684210526316,3,4.0,2.3333333333333335
25,73,2.44,4,4.6923076923076925,2.9047619047619047
25,83,2.96,5,4.277777777777778,3.6666666666666665
29,94,3.6551724137931036,6,6.428571428571429,3.6
24,35,1.4583333333333333,3,3.25,1.3
24,28,1.2083333333333333,2,5.0,1.0
22,77,3.409090909090909,7,4.6,4.0588235294117645
22,67,3.5454545454545454,7,4.133333333333334,3.4444444444444446
22,65,3.5,6,4.615384615384615,3.3333333333333335
26,77,2.423076923076923,4,3.7857142857142856,2.65
25,66,2.84,4,5.75,2.1904761904761907
24,103,3.4583333333333335,7,4.85,4.619047619047619
26,60,2.1923076923076925,4,4.857142857142857,2.125
23,78,3.1739130434782608,6,5.615384615384615,3.8421052631578947
27,97,3.111111111111111,7,4.166666666666667,3.9473684210526314
25,46,2.32,3,5.857142857142857,2.05
28,127,3.75,8,5.631578947368421,4.6521739130434785
25,79,3.32,6,5.214285714285714,3.4761904761904763
15,26,1.4,2,3.6666666666666665,1.8333333333333333
25,77,3.32,6,4.5625,3.4761904761904763
25,38,3.24,5,6.8,1.5454545454545454
28,103,3.7857142857142856,7,4.85,4.041666666666667
24,75,3.0,5,5.3076923076923075,3.45
24,35,3.1666666666666665,5,6.2,1.4761904761904763
28,58,3.5,6,4.818181818181818,2.2083333333333335
23,35,3.0869565217391304,5,5.166666666666667,1.55
27,108,3.6296296296296298,7,4.777777777777778,3.739130434782609
30,113,4.133333333333334,7,6.266666666666667,3.6153846153846154
24,56,2.7083333333333335,5,3.75,2.3684210526315788
23,40,1.9565217391304348,3,4.8,1.6
25,72,3.28,6,4.533333333333333,3.238095238095238
16,25,1.3125,2,3.0,1.8
28,132,4.285714285714286,8,6.3,5.25
24,35,3.2083333333333335,5,5.333333333333333,1.5238095238095237
28,88,3.6785714285714284,7,5.125,3.4166666666666665
24,49,2.5416666666666665,5,5.5,1.9411764705882353
24,35,3.1666666666666665,5,6.2,1.4761904761904763
27,96,3.4074074074074074,7,4.722222222222222,3.6956521739130435
26,86,3.8461538461538463,8,4.625,3.3636363636363638
22,65,3.1363636363636362,7,4.25,2.8333333333333335
25,37,3.24,5,6.8,1.5454545454545454
27,127,3.4074074074074074,7,6.368421052631579,5.260869565217392
27,65,3.4814814814814814,6,4.0,2.608695652173913
16,28,1.9375,3,4.0,1.3333333333333333
20,38,2.6,5,3.2,2.1333333333333333
23,33,3.0869565217391304,5,6.0,1.5
29,102,4.379310344827586,8,6.0,3.6
23,55,2.782608695652174,5,5.428571428571429,2.111111111111111
23,32,3.217391304347826,5,5.8,1.45
26,55,3.4615384615384617,6,4.166666666666667,2.272727272727273
23,34,3.130434782608696,5,5.166666666666667,1.55
28,103,3.642857142857143,7,4.333333333333333,3.25
30,124,4.366666666666666,8,6.75,4.153846153846154
23,58,2.6956521739130435,5,3.6153846153846154,2.611111111111111
23,42,1.9130434782608696,3,5.4,1.6875
24,70,3.2083333333333335,6,4.4,3.3
16,26,1.375,2,3.3333333333333335,1.6666666666666667
29,105,3.9310344827586206,7,7.214285714285714,4.04
24,33,1.3333333333333333,2,3.3333333333333335,1.25
23,27,1.2173913043478262,2,5.0,1.0
27,106,4.037037037037037,7,6.133333333333334,4.0
26,116,4.153846153846154,8,5.421052631578948,4.681818181818182
21,62,3.2857142857142856,5,4.666666666666667,2.3333333333333335
26,137,4.1923076923076925,7,7.055555555555555,5.521739130434782
27,65,1.7777777777777777,3,2.923076923076923,2.375
25,54,2.0,3,5.0,1.6666666666666667
20,41,2.7,4,4.25,2.125
27,68,2.7777777777777777,5,4.666666666666667,2.210526315789474
21,75,3.142857142857143,6,5.384615384615385,4.117647058823529
27,100,3.6666666666666665,7,4.5625,3.3181818181818183
25,46,2.28,3,6.833333333333333,2.05
27,85,3.925925925925926,6,5.833333333333333,3.0434782608695654
25,58,2.28,5,3.7,2.3125
22,39,1.7727272727272727,3,5.5,1.6923076923076923
24,36,3.1666666666666665,5,6.2,1.4761904761904763
28,103,3.2857142857142856,6,6.1875,4.125
30,113,4.233333333333333,8,6.5625,4.038461538461538
25,40,3.28,5,5.833333333333333,1.5909090909090908
28,98,3.7142857142857144,7,5.352941176470588,3.7916666666666665
26,109,2.9615384615384617,6,5.421052631578948,4.681818181818182
24,36,3.1666666666666665,5,6.2,1.4761904761904763
28,93,3.642857142857143,7,4.777777777777778,3.5833333333333335
26,81,3.1153846153846154,5,4.8125,3.5
28,108,4.321428571428571,8,4.947368421052632,3.9166666666666665
23,38,3.1739130434782608,5,4.125,1.65
25,75,4.28,8,4.928571428571429,3.1363636363636362
25,43,3.32,5,4.222222222222222,1.7272727272727273
30,128,4.266666666666667,8,5.0476190476190474,4.076923076923077
29,111,4.310344827586207,8,6.642857142857143,3.72
25,65,2.76,5,4.5,2.7
22,42,1.9090909090909092,3,5.6,1.8666666666666667
25,80,3.24,6,5.066666666666666,3.619047619047619
16,29,1.4375,2,4.333333333333333,1.8571428571428572
24,38,3.25,5,4.714285714285714,1.5714285714285714
28,122,4.071428571428571,8,5.157894736842105,4.083333333333333
28,95,2.6785714285714284,5,5.153846153846154,3.7222222222222223
26,69,3.769230769230769,7,4.5,2.8636363636363638
26,95,3.1153846153846154,6,4.238095238095238,4.045454545454546
25,42,3.36,5,5.285714285714286,1.6818181818181819
29,113,3.8620689655172415,7,5.578947368421052,4.24
29,138,3.4482758620689653,7,5.739130434782608,5.28
24,44,3.625,6,3.9,1.8571428571428572
20,33,1.9,4,3.4,1.5454545454545454
26,82,3.6923076923076925,6,6.333333333333333,3.4545454545454546
23,48,2.0869565217391304,3,5.833333333333333,2.0588235294117645
23,77,3.260869565217391,6,4.8,3.789473684210526
24,75,3.125,5,4.6,3.45
29,117,3.9310344827586206,7,7.533333333333333,4.52
25,34,1.36,2,3.6666666666666665,1.2222222222222223
24,28,1.1666666666666667,2,4.0,1.0
18,51,3.5555555555555554,6,4.444444444444445,2.857142857142857
26,88,3.423076923076923,6,4.428571428571429,2.9523809523809526
27,145,4.111111111111111,8,6.136363636363637,5.869565217391305
22,84,3.8636363636363638,8,4.4375,3.9444444444444446
25,110,3.84,7,4.75,4.523809523809524
22,74,3.5,7,4.25,3.7777777777777777
26,71,2.9615384615384617,5,4.0625,2.9545454545454546
22,52,2.090909090909091,3,6.666666666666667,2.857142857142857
30,142,4.333333333333333,8,6.9,5.3076923076923075
24,47,3.7916666666666665,6,4.666666666666667,2.0
22,44,2.272727272727273,5,4.285714285714286,2.5
26,74,3.269230769230769,5,5.0,3.1818181818181817
18,38,2.1666666666666665,4,4.4,2.0
19,40,2.210526315789474,4,4.8,2.0
28,86,3.4285714285714284,6,5.857142857142857,3.4166666666666665
24,35,1.4583333333333333,3,2.8,1.4
25,34,1.36,3,2.5,1.25
19,49,3.1052631578947367,6,3.1538461538461537,2.9285714285714284
24,88,3.3333333333333335,7,5.142857142857143,3.789473684210526
20,62,3.3,6,4.0,2.823529411764706
19,48,2.6842105263157894,5,3.909090909090909,2.8666666666666667
26,65,2.8461538461538463,5,5.857142857142857,2.1578947368421053
22,54,2.727272727272727,4,6.166666666666667,2.0555555555555554
24,104,3.4583333333333335,6,5.647058823529412,4.8
23,56,2.608695652173913,4,6.0,2.0
18,38,2.888888888888889,6,3.3,2.357142857142857
25,88,2.88,5,4.714285714285714,3.6666666666666665
25,49,2.36,3,6.142857142857143,2.15
22,82,4.136363636363637,8,5.066666666666666,4.0
29,94,2.6206896551724137,6,4.3125,3.8333333333333335
26,80,3.3461538461538463,6,5.0,3.409090909090909
25,40,3.28,5,7.0,1.5909090909090908
24,38,1.5416666666666667,3,4.5,1.8
27,101,3.5555555555555554,6,5.277777777777778,4.130434782608695
26,96,2.8846153846153846,5,4.7368421052631575,4.090909090909091
26,96,2.8846153846153846,5,4.7368421052631575,4.090909090909091
25,56,2.68,5,4.7,2.238095238095238
24,39,3.2083333333333335,5,5.666666666666667,1.619047619047619
23,37,1.6956521739130435,3,6.333333333333333,1.5833333333333333
30,110,4.3,8,6.375,3.923076923076923
24,70,3.3333333333333335,6,4.266666666666667,3.2
25,77,3.08,5,5.071428571428571,3.380952380952381
22,32,3.0454545454545454,5,5.6,1.4736842105263157
20,41,1.95,4,4.4,1.8333333333333333
27,85,3.740740740740741,7,5.4,3.5217391304347827
27,59,1.9259259259259258,3,7.6,2.7142857142857144
25,65,3.28,6,4.357142857142857,2.9047619047619047
24,53,2.4583333333333335,5,5.142857142857143,2.1176470588235294
22,31,1.7727272727272727,4,3.2,1.4545454545454546
23,57,2.782608695652174,5,3.7857142857142856,2.789473684210526
18,32,1.5555555555555556,2,3.5,1.4
22,31,3.0454545454545454,5,5.6,1.4736842105263157
27,72,2.2962962962962963,5,5.666666666666667,3.4
26,59,2.6153846153846154,4,5.1,2.3181818181818183
23,34,3.130434782608696,5,5.166666666666667,1.55
23,34,1.4782608695652173,3,5.333333333333333,1.6
19,40,1.5789473684210527,3,5.25,2.3333333333333335
25,69,3.68,6,4.923076923076923,3.0476190476190474
28,79,2.2857142857142856,4,6.375,2.4285714285714284
23,58,2.6956521739130435,5,3.6923076923076925,2.6666666666666665
31,144,3.935483870967742,7,6.666666666666667,5.185185185185185
21,36,1.9523809523809523,4,3.125,1.7857142857142858
24,36,3.25,5,6.6,1.5714285714285714
23,48,2.347826086956522,4,5.333333333333333,2.1333333333333333
25,61,3.36,5,3.7333333333333334,2.6666666666666665
27,100,3.111111111111111,6,4.947368421052632,4.086956521739131
26,85,2.423076923076923,5,4.5,3.0
24,69,3.4583333333333335,7,4.266666666666667,3.2
15,23,1.4,2,2.0,1.3333333333333333
28,97,3.892857142857143,7,6.2,3.875
24,32,1.375,2,3.6666666666666665,1.2222222222222223
24,103,4.041666666666667,8,5.647058823529412,4.571428571428571
28,80,2.4285714285714284,5,4.909090909090909,3.375
27,110,4.111111111111111,8,5.722222222222222,4.478260869565218
21,62,2.9523809523809526,5,4.230769230769231,3.235294117647059
23,44,3.260869565217391,5,5.142857142857143,1.8
29,102,3.7586206896551726,7,5.333333333333333,3.84
24,75,3.125,5,5.0,3.5
23,40,3.1739130434782608,5,4.5,1.8
30,105,3.3666666666666667,6,5.0,3.076923076923077
29,90,3.9655172413793105,7,5.666666666666667,3.4
23,41,3.130434782608696,5,5.285714285714286,1.85
28,81,2.642857142857143,5,5.363636363636363,3.1052631578947367
26,77,3.6153846153846154,6,5.538461538461538,3.272727272727273
16,32,1.5625,2,4.0,1.7777777777777777
27,99,2.962962962962963,5,4.894736842105263,4.043478260869565
25,54,3.4,6,3.5,2.3333333333333335
17,38,2.3529411764705883,4,3.5,1.75
22,31,3.1818181818181817,5,5.6,1.4736842105263157
20,28,1.8,4,2.8,1.2727272727272727
27,101,3.888888888888889,7,5.166666666666667,4.043478260869565
24,75,3.0833333333333335,5,5.384615384615385,3.5
26,79,3.6153846153846154,6,6.083333333333333,3.3181818181818183
24,57,2.9166666666666665,5,3.4285714285714284,2.4
20,49,2.85,6,3.4615384615384617,2.8125
20,53,3.05,6,3.8333333333333335,2.875
21,56,3.0952380952380953,6,4.083333333333333,2.8823529411764706
28,117,4.392857142857143,8,5.842105263157895,4.625
22,34,3.227272727272727,5,4.428571428571429,1.631578947368421
30,92,3.3333333333333335,6,5.153846153846154,2.576923076923077
27,91,3.888888888888889,7,5.375,3.739130434782609
16,31,1.5,2,3.75,1.875
23,40,3.260869565217391,5,4.857142857142857,1.7
30,95,3.3666666666666667,6,5.3076923076923075,2.6538461538461537
28,96,3.9285714285714284,7,5.294117647058823,3.75
22,39,3.1818181818181817,5,4.714285714285714,1.736842105263158
28,108,3.2857142857142856,6,6.4375,4.291666666666667
27,95,3.962962962962963,7,6.0,3.9130434782608696
26,98,4.076923076923077,8,4.444444444444445,3.6363636363636362
24,62,2.7083333333333335,5,3.642857142857143,2.8333333333333335
20,36,1.95,4,3.4285714285714284,1.8461538461538463
23,46,2.5217391304347827,4,4.555555555555555,2.05
24,101,3.75,8,5.470588235294118,4.65
28,93,2.7142857142857144,5,5.076923076923077,3.6666666666666665
26,67,3.5384615384615383,6,4.133333333333334,2.8181818181818183
27,99,3.111111111111111,6,4.428571428571429,4.043478260869565
23,42,3.1739130434782608,5,4.0,1.8
28,141,4.107142857142857,8,6.428571428571429,5.625
28,94,2.75,6,4.714285714285714,3.6666666666666665
24,80,3.5833333333333335,7,4.6875,3.75
24,42,3.2916666666666665,5,5.285714285714286,1.7619047619047619
25,92,4.0,7,5.4375,4.142857142857143
27,76,3.3703703703703702,6,4.0588235294117645,3.0
16,29,1.4375,2,4.333333333333333,1.8571428571428572
27,106,3.111111111111111,6,5.0,4.3478260869565215
27,100,3.074074074074074,5,5.2,3.391304347826087
23,41,3.347826086956522,5,4.5,1.8
29,109,4.344827586206897,8,6.266666666666667,3.76
32,159,4.34375,8,6.35,4.535714285714286
25,93,3.64,7,4.631578947368421,4.190476190476191
23,71,3.0869565217391304,5,5.0,3.4210526315789473
28,118,3.9642857142857144,7,6.9375,4.625
25,78,3.68,6,4.133333333333334,2.8181818181818183
24,77,4.166666666666667,8,4.785714285714286,3.1904761904761907
25,78,3.04,6,4.933333333333334,3.5238095238095237
27,101,3.185185185185185,6,5.0588235294117645,3.909090909090909
22,45,1.9545454545454546,3,6.0,2.5
28,100,3.357142857142857,6,6.4,4.0
24,45,2.2083333333333335,3,4.166666666666667,1.4705882352941178
23,88,3.6956521739130435,7,6.0,4.421052631578948
25,58,3.24,5,4.875,1.7727272727272727
31,124,3.6774193548387095,7,6.555555555555555,4.37037037037037
18,35,1.9444444444444444,3,4.75,1.9
25,57,3.32,6,3.7857142857142856,2.5238095238095237
24,57,2.5833333333333335,5,4.4,2.4444444444444446
21,36,2.0952380952380953,4,4.166666666666667,1.7857142857142858
22,60,2.9545454545454546,6,3.7333333333333334,3.111111111111111
16,28,1.375,2,4.0,2.0
25,68,3.2,6,4.428571428571429,2.9523809523809526
23,77,3.5652173913043477,7,4.3125,3.6315789473684212
22,52,3.0454545454545454,6,3.6666666666666665,2.4444444444444446
24,36,3.3333333333333335,5,6.6,1.5714285714285714
27,89,3.6296296296296298,7,5.153846153846154,2.9130434782608696
30,124,4.3,8,7.333333333333333,4.230769230769231
15,28,1.5333333333333334,2,3.25,1.625
16,33,2.1875,4,3.0,1.8
21,37,2.142857142857143,4,3.375,1.9285714285714286
28,109,3.8214285714285716,7,5.833333333333333,4.375
26,60,3.3846153846153846,5,4.083333333333333,2.130434782608696
23,95,4.043478260869565,8,5.0,4.7368421052631575
26,67,3.4615384615384617,6,3.8125,2.772727272727273
28,117,3.142857142857143,6,5.190476190476191,4.541666666666667
24,72,3.2083333333333335,6,4.333333333333333,3.25
26,59,3.3846153846153846,5,4.9,2.130434782608696
19,38,2.0,3,4.75,1.7272727272727273
26,80,3.3076923076923075,6,5.6923076923076925,3.3636363636363638
20,38,2.85,6,3.3,2.0625
21,54,2.9047619047619047,6,3.769230769230769,2.8823529411764706
24,39,3.1666666666666665,5,7.0,1.6666666666666667
27,125,3.4444444444444446,7,6.2631578947368425,5.173913043478261
26,78,1.9615384615384615,4,4.818181818181818,3.533333333333333
27,82,3.4074074074074074,6,5.571428571428571,3.391304347826087
24,37,3.25,5,5.666666666666667,1.619047619047619
26,78,2.3461538461538463,5,6.0,3.6
26,59,3.4615384615384617,6,3.857142857142857,2.4545454545454546
24,70,3.75,7,4.125,3.3
23,60,3.217391304347826,6,4.230769230769231,2.8947368421052633
15,31,2.2666666666666666,4,2.6666666666666665,1.6
22,50,2.8636363636363638,5,4.222222222222222,2.375
28,126,3.142857142857143,6,5.714285714285714,5.0
30,83,2.7333333333333334,5,4.230769230769231,2.5
28,100,3.75,7,5.875,3.9166666666666665
21,30,1.380952380952381,3,3.75,2.142857142857143
22,42,2.4545454545454546,4,4.125,1.736842105263158
28,76,3.4285714285714284,5,5.555555555555555,2.0
21,65,2.9523809523809526,5,4.538461538461538,3.4705882352941178
24,41,3.25,5,5.285714285714286,1.7619047619047619
27,97,3.111111111111111,5,5.8125,4.043478260869565
31,162,3.838709677419355,7,6.5,5.777777777777778
17,32,1.3529411764705883,2,5.0,2.5
25,52,3.36,5,3.9166666666666665,2.238095238095238
26,75,3.076923076923077,6,5.230769230769231,3.090909090909091
19,37,1.9473684210526316,3,4.8,2.0
25,77,2.56,5,4.642857142857143,3.0952380952380953
24,79,2.875,5,3.8421052631578947,3.65
23,35,3.260869565217391,5,6.4,1.6
27,54,3.5555555555555554,6,4.454545454545454,2.130434782608696
24,50,2.125,5,3.875,2.2142857142857144
22,37,1.6363636363636365,3,7.0,1.75
24,37,3.25,5,4.857142857142857,1.619047619047619
27,104,3.185185185185185,6,6.25,4.3478260869565215
18,36,1.9444444444444444,3,6.0,1.8
27,79,3.3703703703703702,6,5.357142857142857,3.260869565217391
23,54,2.652173913043478,5,3.3076923076923075,2.388888888888889
22,41,1.9090909090909092,3,5.0,1.6666666666666667
24,63,3.25,6,4.214285714285714,2.95
16,24,1.375,2,2.6666666666666665,1.3333333333333333
22,31,3.1818181818181817,5,5.6,1.4736842105263157
27,46,3.4814814814814814,6,3.727272727272727,1.7826086956521738
24,50,2.25,5,3.75,2.0
22,38,1.7272727272727273,3,5.5,1.6923076923076923
22,31,3.1818181818181817,5,5.6,1.4736842105263157
27,48,3.5555555555555554,6,3.909090909090909,1.8695652173913044
25,82,3.08,5,5.428571428571429,3.619047619047619
23,35,3.1739130434782608,5,4.571428571428571,1.6
20,28,1.8,4,2.8,1.2727272727272727
19,36,1.5263157894736843,3,4.25,2.125
26,70,3.769230769230769,6,5.909090909090909,2.9545454545454546
29,89,2.9655172413793105,5,5.0,2.608695652173913
23,54,2.8260869565217392,5,3.2142857142857144,2.3684210526315788
22,31,3.1818181818181817,5,5.6,1.4736842105263157
28,92,3.7142857142857144,7,5.0588235294117645,3.5833333333333335
24,60,2.7916666666666665,5,3.6153846153846154,2.473684210526316
24,36,3.2083333333333335,5,5.5,1.5714285714285714
28,87,2.5714285714285716,5,5.363636363636363,3.4705882352941178
22,83,3.727272727272727,8,4.25,3.7777777777777777
24,72,3.3333333333333335,6,4.533333333333333,3.4
22,39,2.5,4,5.142857142857143,1.894736842105263
26,80,3.576923076923077,6,6.0,3.142857142857143
24,74,3.0416666666666665,5,5.5,3.3
24,38,3.25,5,5.5,1.5714285714285714
27,90,3.0,7,4.714285714285714,3.6666666666666665
26,66,3.4615384615384617,6,3.8125,2.772727272727273
23,73,3.782608695652174,7,4.6,3.6315789473684212
22,61,3.1363636363636362,6,4.230769230769231,3.0555555555555554
15,29,2.066666666666667,4,2.8,1.5555555555555556
23,48,3.3043478260869565,5,4.1,2.05
30,92,3.2,6,5.076923076923077,2.64
27,101,3.814814814814815,7,5.470588235294118,4.043478260869565
28,111,3.142857142857143,6,5.25,4.375
24,76,3.125,5,5.0,3.5
24,39,3.25,5,5.666666666666667,1.619047619047619
27,59,3.5555555555555554,6,4.5,2.347826086956522
26,67,2.576923076923077,5,5.111111111111111,2.4210526315789473
22,39,1.7272727272727273,3,7.666666666666667,1.9166666666666667
24,42,3.625,6,4.625,1.7619047619047619
27,102,3.6666666666666665,6,6.533333333333333,4.260869565217392
29,123,3.896551724137931,7,5.052631578947368,3.84
30,125,4.533333333333333,8,6.315789473684211,4.615384615384615
25,90,3.6,7,5.666666666666667,4.0476190476190474
26,97,2.8846153846153846,5,4.7894736842105265,4.136363636363637
22,68,3.3181818181818183,6,4.5,3.5
16,30,1.5,2,3.5,1.75
23,40,3.3043478260869565,5,4.375,1.75
27,126,3.962962962962963,8,5.666666666666667,5.173913043478261
28,123,3.6785714285714284,8,4.523809523809524,4.318181818181818
25,70,3.8,7,4.266666666666667,3.0476190476190474
23,64,2.6956521739130435,5,4.166666666666667,2.9411764705882355
24,48,3.4166666666666665,5,6.0,2.0
28,146,4.107142857142857,8,6.318181818181818,5.791666666666667
28,129,3.75,8,4.391304347826087,4.590909090909091
24,79,3.2916666666666665,6,4.625,3.7
27,63,2.7777777777777777,5,4.538461538461538,2.5652173913043477
17,33,1.5294117647058822,3,3.4,2.4285714285714284
21,47,2.619047619047619,5,3.6363636363636362,2.5
26,75,2.8846153846153846,5,4.266666666666667,2.909090909090909
30,134,4.266666666666667,8,6.5,5.0
24,46,3.3333333333333335,5,4.444444444444445,1.9047619047619047
27,68,2.0,4,6.25,3.5714285714285716
26,60,2.8461538461538463,5,5.0,2.5
25,42,3.36,5,5.285714285714286,1.6818181818181819
23,87,4.086956521739131,8,4.315789473684211,4.315789473684211
28,71,3.392857142857143,6,4.125,2.75
28,114,3.107142857142857,6,5.095238095238095,4.458333333333333
24,74,3.2916666666666665,6,4.6,3.45
25,48,3.32,5,6.666666666666667,1.8181818181818181
23,40,1.7391304347826086,3,5.75,1.7692307692307692
28,88,3.7857142857142856,6,5.928571428571429,3.4583333333333335
24,73,3.3333333333333335,6,4.533333333333333,3.4
23,66,3.0434782608695654,5,4.285714285714286,3.1578947368421053
24,38,3.2083333333333335,5,6.6,1.5714285714285714
19,37,1.9473684210526316,4,4.0,2.4
26,89,3.6923076923076925,7,4.882352941176471,3.772727272727273
27,105,2.888888888888889,5,5.823529411764706,4.304347826086956
23,36,3.130434782608696,5,5.166666666666667,1.55
27,81,2.2962962962962963,5,6.222222222222222,3.7333333333333334
28,100,3.4642857142857144,6,5.333333333333333,4.0
16,31,1.375,2,5.0,2.5
24,37,3.2083333333333335,5,6.6,1.5714285714285714
23,37,1.391304347826087,2,6.333333333333333,2.111111111111111
28,84,3.75,6,6.076923076923077,3.2916666666666665
29,83,2.896551724137931,5,6.222222222222222,2.4347826086956523
23,55,2.6956521739130435,5,3.2857142857142856,2.5555555555555554
29,102,4.0344827586206895,7,6.533333333333333,3.92
24,35,1.4583333333333333,3,3.25,1.3
24,29,1.25,2,6.0,1.0
25,95,3.96,7,5.666666666666667,4.0476190476190474
26,104,4.115384615384615,8,5.470588235294118,4.2272727272727275
20,56,3.05,5,3.8,2.375
27,142,4.0,8,6.6,5.739130434782608
26,77,2.5,5,3.7142857142857144,2.6
24,48,1.875,3,3.7142857142857144,1.7333333333333334
20,38,2.7,4,5.333333333333333,2.0
26,63,2.576923076923077,5,4.875,2.2941176470588234
22,74,3.1818181818181817,6,5.833333333333333,3.888888888888889
26,97,3.230769230769231,6,4.4375,3.55
25,45,2.32,3,5.714285714285714,2.0
23,88,4.130434782608695,8,5.125,4.1
29,95,2.6206896551724137,6,4.25,3.7777777777777777
25,59,3.32,6,4.416666666666667,2.5238095238095237
26,90,3.0,6,4.421052631578948,3.8181818181818183
30,130,4.133333333333334,7,6.368421052631579,4.653846153846154
24,72,3.0,5,4.642857142857143,3.25
24,37,3.2083333333333335,5,6.8,1.619047619047619
27,65,2.037037037037037,4,5.5,3.142857142857143
27,61,2.7037037037037037,5,5.4,2.347826086956522
24,38,3.2083333333333335,5,4.714285714285714,1.5714285714285714
28,94,3.892857142857143,6,7.181818181818182,3.2916666666666665
24,57,2.9166666666666665,5,5.857142857142857,2.1578947368421053
24,51,2.75,5,5.666666666666667,1.8888888888888888
25,84,3.24,7,4.588235294117647,3.7142857142857144
27,77,3.5185185185185186,6,5.538461538461538,3.130434782608696
20,49,2.85,6,3.4615384615384617,2.8125
28,102,3.8214285714285716,7,6.533333333333333,4.083333333333333
24,29,1.25,2,6.0,1.0
23,27,1.2173913043478262,2,5.0,1.0
18,41,2.7222222222222223,4,3.4444444444444446,2.2142857142857144
27,83,2.8518518518518516,5,5.8,2.6363636363636362
27,133,4.111111111111111,8,6.578947368421052,5.434782608695652
20,61,3.4,6,4.6,2.7058823529411766
22,71,3.5454545454545454,7,4.0,3.3333333333333335
22,62,3.5,6,4.333333333333333,2.888888888888889
25,119,3.72,8,5.095238095238095,5.095238095238095
25,64,2.48,5,4.875,2.4375
23,88,3.260869565217391,6,5.857142857142857,4.315789473684211
27,98,3.1481481481481484,7,4.176470588235294,3.736842105263158
25,42,2.28,3,6.166666666666667,1.85
22,61,3.1818181818181817,6,3.7333333333333334,2.9473684210526314
20,35,1.65,3,3.8,2.375
26,82,3.6538461538461537,6,5.923076923076923,3.5
20,38,2.6,5,3.3,2.2
22,61,2.9545454545454546,6,3.8,3.1666666666666665
24,38,3.1666666666666665,5,5.5,1.5714285714285714
19,35,2.0,3,4.0,1.4545454545454546
26,84,3.576923076923077,6,5.571428571428571,3.5454545454545454
20,39,2.85,6,3.090909090909091,2.125
21,57,2.9047619047619047,6,3.7857142857142856,3.1176470588235294
23,34,3.260869565217391,5,6.0,1.5
27,50,3.4814814814814814,6,4.0,1.9130434782608696
25,57,2.32,5,4.5,2.25
24,37,3.2083333333333335,5,5.333333333333333,1.5238095238095237
29,98,4.413793103448276,8,5.866666666666666,3.52
24,59,2.8333333333333335,5,6.142857142857143,2.388888888888889
24,60,2.7916666666666665,5,6.142857142857143,2.388888888888889
25,87,3.72,8,5.0625,3.857142857142857
26,74,3.5384615384615383,6,5.5,3.0
20,49,2.85,6,3.75,2.8125
16,27,1.5,2,3.0,1.5
29,129,4.344827586206897,8,6.578947368421052,5.0
23,36,3.3043478260869565,5,4.571428571428571,1.6
29,90,2.7586206896551726,6,4.846153846153846,3.5
26,65,3.5384615384615383,6,4.0,2.727272727272727
30,141,4.1,7,6.15,4.730769230769231
25,41,3.32,5,5.142857142857143,1.6363636363636365
28,150,4.142857142857143,8,7.2,6.0
29,111,4.344827586206897,8,5.777777777777778,4.16
24,40,3.25,5,4.375,1.6666666666666667
28,146,4.107142857142857,8,6.666666666666667,5.833333333333333
28,100,3.0714285714285716,6,4.294117647058823,3.65
26,86,3.6153846153846154,7,5.0,3.6363636363636362
24,71,3.5416666666666665,7,5.153846153846154,3.35
30,138,4.5,8,5.739130434782608,5.076923076923077
24,40,3.25,5,4.375,1.6666666666666667
18,35,1.9444444444444444,3,4.25,1.7
26,64,3.3076923076923075,5,4.461538461538462,2.6363636363636362
22,42,2.0,3,5.4,1.8
30,141,4.366666666666666,8,7.157894736842105,5.230769230769231
25,39,2.0,3,4.0,1.25
23,28,1.2608695652173914,2,6.0,1.0
18,39,3.5,6,3.875,2.2142857142857144
25,80,3.6,7,4.2,3.3157894736842106
19,54,2.8947368421052633,5,3.8181818181818183,2.8
28,152,4.142857142857143,7,6.9,5.75
30,74,2.6,5,4.888888888888889,2.3157894736842106
21,47,2.761904761904762,4,4.75,2.235294117647059
27,158,4.111111111111111,8,7.35,6.391304347826087
26,108,4.0,7,5.4375,3.9545454545454546
28,136,4.357142857142857,8,5.45,4.541666666666667
24,50,2.25,3,6.285714285714286,2.3157894736842106
29,147,4.275862068965517,8,6.894736842105263,5.24
32,144,3.34375,6,5.384615384615385,5.0
26,96,3.9615384615384617,7,5.5,4.0
24,53,3.625,6,4.454545454545454,2.3333333333333335
25,94,3.88,8,6.0,4.285714285714286
22,74,3.4545454545454546,7,4.117647058823529,3.6842105263157894
27,86,3.814814814814815,7,5.5,3.347826086956522
29,87,3.0,5,6.181818181818182,2.8333333333333335
24,42,3.2083333333333335,5,6.0,1.7142857142857142
28,137,3.5714285714285716,7,6.238095238095238,5.458333333333333
28,71,3.4285714285714284,6,4.4,2.75
21,45,2.619047619047619,5,3.4545454545454546,2.375
24,65,3.0833333333333335,6,4.538461538461538,2.95
24,35,3.1666666666666665,5,6.2,1.4761904761904763
28,129,3.5357142857142856,7,6.15,5.125
28,89,2.3214285714285716,5,6.2,3.875
28,84,3.392857142857143,6,5.333333333333333,3.3333333333333335
23,55,2.130434782608696,4,5.833333333333333,2.5
24,35,3.1666666666666665,5,6.4,1.5238095238095237
22,65,3.6818181818181817,7,4.615384615384615,3.3333333333333335
20,40,1.95,3,5.0,2.272727272727273
29,133,4.206896551724138,8,6.095238095238095,5.12
28,110,4.0,7,6.625,4.416666666666667
25,38,3.28,5,5.666666666666667,1.5454545454545454
20,42,3.15,6,4.222222222222222,2.375
23,68,3.217391304347826,6,3.5714285714285716,2.6315789473684212
27,86,3.6666666666666665,6,5.214285714285714,3.1739130434782608
26,103,2.8846153846153846,5,4.85,4.409090909090909
26,88,2.6153846153846154,5,4.294117647058823,3.3181818181818183
25,37,3.28,5,6.8,1.5454545454545454
27,79,2.2962962962962963,5,6.0,3.6
29,107,3.5172413793103448,6,5.15,4.12
29,132,4.413793103448276,8,5.7727272727272725,5.08
25,37,3.24,5,6.6,1.5
24,80,3.6666666666666665,7,5.846153846153846,3.8
28,111,3.8214285714285716,7,5.25,4.375
23,50,2.608695652173913,5,4.625,2.176470588235294
25,37,3.28,5,6.8,1.5454545454545454
27,62,3.4074074074074074,6,5.181818181818182,2.4782608695652173
26,63,2.3461538461538463,5,5.375,2.5294117647058822
26,56,2.269230769230769,4,5.571428571428571,2.1666666666666665
25,36,3.24,5,6.6,1.5
19,39,2.0,3,5.0,1.8181818181818181
27,89,3.5555555555555554,6,6.384615384615385,3.608695652173913
24,71,2.9583333333333335,5,4.642857142857143,3.25
26,95,2.8461538461538463,5,4.944444444444445,4.045454545454546
28,99,3.892857142857143,7,5.9375,3.9583333333333335
29,131,3.8275862068965516,7,5.666666666666667,4.76
24,32,1.375,2,4.0,1.3333333333333333
25,30,1.24,2,6.0,1.0
23,83,4.260869565217392,8,5.133333333333334,3.85
21,72,3.857142857142857,7,4.538461538461538,3.2777777777777777
26,84,4.076923076923077,8,4.785714285714286,3.1904761904761907
23,49,2.130434782608696,4,4.428571428571429,2.2142857142857144
27,56,2.037037037037037,4,6.4,2.4615384615384617
22,80,3.3181818181818183,6,5.769230769230769,4.166666666666667
27,99,3.5555555555555554,7,4.625,3.3636363636363638
25,45,2.32,3,5.714285714285714,2.0
24,102,4.041666666666667,8,5.388888888888889,4.85
29,110,3.3448275862068964,6,4.421052631578948,3.652173913043478
25,65,3.44,6,4.214285714285714,2.8095238095238093
27,99,3.111111111111111,6,4.65,4.043478260869565
24,37,3.2083333333333335,5,5.666666666666667,1.619047619047619
28,105,3.2857142857142856,6,6.3125,4.208333333333333
27,66,3.3703703703703702,6,4.285714285714286,2.608695652173913
26,92,3.576923076923077,7,5.0588235294117645,3.909090909090909
21,37,2.0,3,4.5,1.9285714285714286
24,35,3.2083333333333335,5,5.333333333333333,1.5238095238095237
27,129,3.4444444444444446,7,6.526315789473684,5.391304347826087
27,87,2.4074074074074074,5,4.769230769230769,3.875
26,75,3.3461538461538463,6,5.461538461538462,3.227272727272727
25,37,3.24,5,5.666666666666667,1.5454545454545454
28,107,3.6785714285714284,7,4.611111111111111,3.4583333333333335
29,111,4.068965517241379,7,5.631578947368421,4.28
23,57,2.6956521739130435,5,4.181818181818182,2.5555555555555554
27,71,2.6296296296296298,4,5.875,2.35
26,88,2.3846153846153846,4,4.466666666666667,3.1904761904761907
25,38,3.28,5,5.833333333333333,1.5909090909090908
28,110,3.7857142857142856,7,4.421052631578948,3.5
28,91,2.607142857142857,5,4.571428571428571,3.5555555555555554
28,109,3.4642857142857144,6,5.2,4.333333333333333
23,52,2.608695652173913,5,3.727272727272727,2.411764705882353
25,38,3.28,5,5.833333333333333,1.5909090909090908
28,88,2.5,5,6.666666666666667,3.5294117647058822
28,108,4.0,7,5.2,4.333333333333333
25,40,3.32,5,6.166666666666667,1.6818181818181819
19,38,1.736842105263158,3,4.75,1.9
29,100,4.0344827586206895,7,6.333333333333333,3.8
26,81,3.1153846153846154,5,5.428571428571429,3.4545454545454546
26,83,3.269230769230769,6,4.9375,3.590909090909091
23,36,3.1739130434782608,5,5.5,1.65
26,54,3.4615384615384617,6,4.083333333333333,2.227272727272727
18,25,1.3333333333333333,2,4.0,2.0
25,53,3.36,5,4.0,2.2857142857142856
26,76,3.076923076923077,6,5.3076923076923075,3.1363636363636362
22,49,2.590909090909091,5,3.1666666666666665,2.375
29,113,3.6206896551724137,6,6.8125,4.36
24,34,1.375,2,3.6666666666666665,1.2222222222222223
23,27,1.2173913043478262,2,5.0,1.0
18,29,1.5555555555555556,3,2.75,1.5714285714285714
23,82,3.869565217391304,7,4.375,3.6842105263157894
26,112,3.6538461538461537,7,4.35,3.9545454545454546
22,69,3.1818181818181817,6,4.461538461538462,3.411764705882353
26,66,2.8461538461538463,5,5.0,2.1052631578947367
22,88,3.272727272727273,6,6.0,4.333333333333333
27,117,4.074074074074074,8,4.7894736842105265,3.9565217391304346
25,50,2.32,3,6.285714285714286,2.2
24,96,3.9166666666666665,8,5.176470588235294,4.4
16,34,1.875,4,3.6,2.25
26,85,3.3461538461538463,6,5.0625,3.6818181818181817
26,66,2.1538461538461537,4,6.285714285714286,2.588235294117647
23,35,1.7391304347826086,4,4.0,1.3333333333333333
17,38,2.6470588235294117,5,3.6666666666666665,1.6923076923076923
21,57,2.9047619047619047,6,4.076923076923077,3.1176470588235294
22,39,2.227272727272727,4,5.166666666666667,1.8235294117647058
23,38,3.3043478260869565,5,4.125,1.65
29,76,3.689655172413793,6,4.375,2.8
23,70,2.6956521739130435,6,4.545454545454546,3.125
22,39,1.7272727272727273,3,7.666666666666667,1.9166666666666667
23,43,3.6956521739130435,6,3.8,1.9
28,110,3.7857142857142856,6,6.5625,4.375
28,108,3.142857142857143,6,4.444444444444445,4.0
26,91,3.8461538461538463,7,5.6,3.8181818181818183
24,72,3.7916666666666665,7,4.714285714285714,3.3
20,44,2.9,6,3.25,2.4375
29,148,4.344827586206897,8,6.666666666666667,5.6
23,47,3.739130434782609,6,4.2,2.1
23,64,2.739130434782609,5,5.777777777777778,3.25
29,108,4.068965517241379,7,6.214285714285714,3.48
19,46,2.8421052631578947,4,4.5,2.4
29,87,3.7586206896551726,6,6.076923076923077,3.16
26,72,2.8076923076923075,5,4.5,2.8636363636363638
21,44,2.3333333333333335,4,3.4,2.2666666666666666
24,43,3.2083333333333335,5,4.625,1.7619047619047619
28,114,3.3214285714285716,6,7.2,4.5
30,97,3.966666666666667,7,6.066666666666666,3.5
26,70,3.730769230769231,7,4.428571428571429,2.8181818181818183
25,87,3.12,6,4.5,3.857142857142857
28,90,2.5,4,5.833333333333333,3.0434782608695654
29,132,3.6551724137931036,7,6.0476190476190474,5.08
24,40,3.25,5,4.25,1.619047619047619
27,93,3.7777777777777777,7,5.235294117647059,3.869565217391304
27,67,3.6296296296296298,6,6.0,2.608695652173913
25,85,3.32,6,4.705882352941177,3.8095238095238093
24,55,2.6666666666666665,5,3.3076923076923075,2.388888888888889
25,39,3.24,5,6.6,1.5
27,131,3.4444444444444446,7,6.578947368421052,5.434782608695652
28,88,2.2857142857142856,5,6.0,3.75
23,77,3.4347826086956523,7,4.0588235294117645,3.6315789473684212
26,85,3.1153846153846154,5,5.2,3.5454545454545454
29,128,4.310344827586207,8,6.2,4.96
25,38,3.28,5,6.8,1.5454545454545454
28,138,3.5357142857142856,7,6.285714285714286,5.5
28,89,2.4285714285714284,5,6.777777777777778,3.588235294117647
28,84,3.392857142857143,6,5.333333333333333,3.3333333333333335
16,27,1.375,2,3.6666666666666665,1.8333333333333333
25,76,3.32,6,4.5,3.4285714285714284
24,46,2.1666666666666665,4,5.8,1.9333333333333333
26,78,3.769230769230769,7,4.6,3.1363636363636362
15,26,1.5333333333333334,2,2.75,1.375
20,48,2.45,5,2.8666666666666667,2.6875
25,37,3.24,5,6.8,1.5454545454545454
25,77,2.0,4,5.2,3.466666666666667
25,59,3.44,6,3.6,2.5714285714285716
29,133,4.241379310344827,8,6.578947368421052,5.0
24,37,3.25,5,5.666666666666667,1.619047619047619
24,35,1.375,2,8.0,1.7777777777777777
27,83,3.6666666666666665,6,6.0,3.391304347826087
24,56,2.7916666666666665,5,3.5384615384615383,2.4210526315789473
22,63,3.1818181818181817,6,3.933333333333333,3.2777777777777777
23,33,3.130434782608696,5,6.0,1.5
27,87,3.3333333333333335,6,4.769230769230769,2.6956521739130435
29,114,3.896551724137931,7,5.684210526315789,4.32
27,100,2.962962962962963,5,4.7,4.086956521739131
26,83,2.6538461538461537,5,4.785714285714286,3.0454545454545454
24,37,3.25,5,5.666666666666667,1.619047619047619
27,88,3.3333333333333335,6,4.428571428571429,2.6956521739130435
30,121,4.166666666666667,7,6.5,4.0
16,28,1.4375,2,3.0,1.7142857142857142
22,38,1.9545454545454546,3,6.25,1.6666666666666667
24,72,3.125,5,4.857142857142857,3.4
28,110,3.892857142857143,7,5.888888888888889,4.416666666666667
23,44,2.9130434782608696,5,4.1,2.05
23,85,3.782608695652174,8,5.0625,4.2631578947368425
31,118,4.451612903225806,8,5.7368421052631575,4.037037037037037
23,34,3.130434782608696,5,5.166666666666667,1.55
27,68,2.1481481481481484,4,4.8,3.2
26,79,3.269230769230769,5,5.0,3.409090909090909
24,35,3.1666666666666665,5,6.4,1.5238095238095237
27,100,3.2222222222222223,6,6.4,4.173913043478261
27,89,2.3333333333333335,5,4.5,4.2
28,100,3.4642857142857144,6,5.052631578947368,4.0
30,128,4.033333333333333,7,6.526315789473684,4.769230769230769
25,75,3.08,5,5.461538461538462,3.380952380952381
24,35,3.1666666666666665,5,6.4,1.5238095238095237
27,66,2.037037037037037,4,5.5,3.142857142857143
26,56,3.3076923076923075,5,3.923076923076923,2.3181818181818183
16,25,1.3125,2,3.0,1.8
16,27,1.4375,2,2.75,1.5714285714285714
24,68,2.9166666666666665,5,5.166666666666667,3.1
19,42,2.263157894736842,4,3.1666666666666665,2.533333333333333
20,34,2.15,4,2.6,1.8571428571428572
27,103,4.222222222222222,8,5.444444444444445,4.260869565217392
22,32,3.1818181818181817,5,4.833333333333333,1.5263157894736843
30,83,3.2666666666666666,6,4.461538461538462,2.230769230769231
29,94,3.9655172413793105,7,5.933333333333334,3.56
26,97,3.1153846153846154,6,4.55,4.136363636363637
23,35,3.130434782608696,5,5.333333333333333,1.6
22,67,3.5454545454545454,7,4.6923076923076925,3.388888888888889
27,71,2.740740740740741,5,4.083333333333333,2.3333333333333335
29,124,3.1724137931034484,6,5.619047619047619,4.72
29,99,3.9655172413793105,7,5.875,3.76
24,35,3.1666666666666665,5,6.4,1.5238095238095237
28,72,2.142857142857143,4,5.333333333333333,3.0
26,61,2.923076923076923,5,5.4,2.4545454545454546
23,33,3.0869565217391304,5,6.0,1.5
23,62,2.260869565217391,4,5.571428571428571,2.7857142857142856
19,36,1.8421052631578947,3,5.666666666666667,1.7
24,64,3.5,6,4.538461538461538,2.95
25,86,2.88,5,4.2105263157894735,3.8095238095238093
27,85,2.6666666666666665,5,4.714285714285714,2.869565217391304
20,51,3.0,6,3.6153846153846154,2.9375
20,58,3.05,6,3.8461538461538463,3.125
28,116,4.107142857142857,8,5.7894736842105265,4.583333333333333
23,44,2.5652173913043477,4,4.555555555555555,2.05
21,57,2.6666666666666665,5,3.1666666666666665,2.7142857142857144
30,113,4.133333333333334,7,7.214285714285714,3.8846153846153846
23,72,3.6956521739130435,7,3.466666666666667,2.736842105263158
15,32,2.2666666666666666,4,2.8333333333333335,1.7
22,39,2.0,3,5.6,1.8666666666666667
23,43,3.1739130434782608,5,4.111111111111111,1.85
26,83,4.038461538461538,7,4.928571428571429,3.0
24,44,3.2916666666666665,5,4.75,1.8095238095238095
19,42,2.3684210526315788,5,4.166666666666667,2.0833333333333335
27,97,3.925925925925926,7,5.8125,4.043478260869565
20,41,1.95,3,5.0,2.272727272727273
25,57,3.36,5,4.333333333333333,2.4761904761904763
25,75,3.04,6,5.3076923076923075,3.2857142857142856
15,27,1.5333333333333334,2,3.5,1.75
23,38,3.347826086956522,5,4.714285714285714,1.65
28,138,4.142857142857143,8,5.2272727272727275,4.791666666666667
27,103,3.1481481481481484,6,4.588235294117647,3.9
26,71,3.5384615384615383,6,4.333333333333333,2.9545454545454546
27,104,3.111111111111111,6,4.666666666666667,4.260869565217392
24,41,3.375,5,4.5,1.7142857142857142
28,108,3.25,5,6.5,4.333333333333333
28,108,3.142857142857143,8,4.2105263157894735,4.2105263157894735
25,90,3.6,7,4.722222222222222,4.0476190476190474
24,42,3.4166666666666665,5,5.285714285714286,1.7619047619047619
27,126,4.0,8,5.526315789473684,4.565217391304348
30,131,3.966666666666667,7,5.904761904761905,4.769230769230769
16,35,2.3125,4,3.1666666666666665,1.7272727272727273
16,37,2.25,4,3.0,1.9090909090909092
24,51,3.4166666666666665,5,4.888888888888889,2.0952380952380953
27,135,4.0,8,5.363636363636363,5.130434782608695
29,129,4.482758620689655,8,6.526315789473684,4.96
25,67,3.4,6,3.8125,2.9047619047619047
24,52,2.6666666666666665,5,4.090909090909091,2.3684210526315788
22,57,3.4545454545454546,6,3.3333333333333335,2.6315789473684212
29,111,4.103448275862069,8,6.733333333333333,4.04
22,37,2.6818181818181817,5,4.0,1.6470588235294117
24,45,3.3333333333333335,5,4.333333333333333,1.8571428571428572
27,92,2.3703703703703702,5,6.8,4.25
27,112,3.6296296296296298,7,5.578947368421052,4.608695652173913
25,77,3.08,5,4.666666666666667,3.3333333333333335
25,40,3.28,5,6.8,1.5454545454545454
22,56,2.3181818181818183,4,5.285714285714286,2.8461538461538463
29,97,3.8620689655172415,6,6.571428571428571,3.68
26,66,2.5384615384615383,4,4.9,2.5789473684210527
27,66,2.6296296296296298,5,4.363636363636363,2.4
25,64,3.48,6,4.538461538461538,2.8095238095238093
24,52,2.75,5,3.3076923076923075,2.263157894736842
27,80,2.5555555555555554,5,3.9285714285714284,2.75
22,62,3.090909090909091,6,3.625,3.2222222222222223
23,51,2.8260869565217392,5,3.5384615384615383,2.4210526315789473
18,37,2.2777777777777777,4,3.1666666666666665,1.5833333333333333
24,78,3.125,6,3.9444444444444446,3.55
26,76,2.423076923076923,4,4.75,2.7142857142857144
22,34,3.1818181818181817,5,5.166666666666667,1.631578947368421
23,49,2.391304347826087,4,5.5,2.2
30,106,4.033333333333333,6,6.142857142857143,3.3076923076923075
15,27,1.5333333333333334,2,3.25,1.625
20,33,1.6,3,3.8,2.111111111111111
23,64,2.9565217391304346,5,4.0,3.1578947368421053
24,82,2.875,5,4.0,3.8
23,64,3.130434782608696,6,4.384615384615385,3.0
23,35,3.217391304347826,5,4.571428571428571,1.6
27,123,3.4074074074074074,7,6.157894736842105,5.086956521739131
27,78,1.8888888888888888,4,5.1,3.4
26,77,3.3846153846153846,6,5.214285714285714,3.3181818181818183
23,45,2.608695652173913,4,4.666666666666667,2.1
22,37,1.9545454545454546,4,4.4,1.8333333333333333
26,72,3.3076923076923075,6,5.230769230769231,3.090909090909091
20,31,1.4,3,4.0,2.2857142857142856
26,76,3.230769230769231,6,5.833333333333333,3.1818181818181817
23,48,2.652173913043478,5,3.25,2.1666666666666665
23,44,2.652173913043478,5,2.9166666666666665,1.9444444444444444
24,61,2.7916666666666665,5,4.666666666666667,2.8
22,40,2.6363636363636362,5,2.8181818181818183,1.8235294117647058
19,26,1.368421052631579,2,4.333333333333333,1.8571428571428572
28,102,3.857142857142857,7,6.125,4.083333333333333
24,32,1.3333333333333333,2,3.0,1.125
22,26,1.2272727272727273,2,5.0,1.0
19,30,1.631578947368421,3,3.25,1.625
23,87,4.0,7,5.4,4.2631578947368425
23,58,2.782608695652174,4,5.857142857142857,2.1578947368421053
20,45,3.6,6,4.1,2.5625
22,87,3.4545454545454546,6,4.625,4.111111111111111
23,74,3.3043478260869565,6,5.416666666666667,3.611111111111111
23,89,3.3043478260869565,6,6.076923076923077,4.157894736842105
27,88,2.814814814814815,6,4.357142857142857,3.388888888888889
25,44,2.32,3,6.5,1.95
26,80,4.0,7,4.466666666666667,3.0454545454545454
16,30,1.9375,3,3.5,1.5555555555555556
17,35,2.0,3,4.5,1.8
24,36,3.2083333333333335,5,6.4,1.5238095238095237
27,117,3.4074074074074074,7,6.166666666666667,4.826086956521739
27,81,2.259259259259259,5,4.75,3.8
26,97,3.8846153846153846,8,5.352941176470588,4.136363636363637
23,51,2.6956521739130435,5,3.5,2.3333333333333335
20,27,1.3,2,4.0,2.0
22,57,3.0,5,3.923076923076923,2.8333333333333335
25,36,3.24,5,6.6,1.5
28,90,3.6785714285714284,7,4.9411764705882355,3.5
24,56,2.7916666666666665,5,3.5384615384615383,2.4210526315789473
24,34,3.2916666666666665,5,6.2,1.4761904761904763
23,61,2.391304347826087,4,5.714285714285714,2.857142857142857
29,99,4.103448275862069,7,6.714285714285714,3.76
27,70,2.8518518518518516,5,5.222222222222222,2.1363636363636362
24,65,2.875,5,4.4,2.3157894736842106
23,53,3.4782608695652173,6,4.363636363636363,2.526315789473684
24,49,2.9166666666666665,5,2.9285714285714284,2.05
23,32,3.260869565217391,5,5.8,1.45
30,98,3.3333333333333335,6,4.411764705882353,2.8846153846153846
25,55,3.4,6,3.125,2.380952380952381
26,98,3.1153846153846154,6,4.842105263157895,4.181818181818182
25,109,3.56,7,5.105263157894737,4.619047619047619
16,27,1.4375,2,2.75,1.5714285714285714
19,45,2.8421052631578947,6,3.1538461538461537,2.7333333333333334
22,32,3.1818181818181817,5,5.8,1.5263157894736843
26,98,3.230769230769231,6,5.8125,4.2272727272727275
28,84,2.0714285714285716,4,3.7333333333333334,3.2941176470588234
25,81,3.92,7,5.066666666666666,3.619047619047619
25,94,3.56,7,4.647058823529412,3.761904761904762
16,33,2.3125,4,3.6,1.6363636363636365
21,36,2.0,3,5.2,1.8571428571428572
23,34,3.260869565217391,5,5.166666666666667,1.55
19,38,1.9473684210526316,4,3.6666666666666665,2.2
18,35,1.5555555555555556,3,4.25,2.125
25,68,3.72,6,5.7272727272727275,3.0
22,39,2.1818181818181817,3,6.0,1.7647058823529411
25,90,3.72,7,4.5,3.857142857142857
26,81,3.5384615384615383,6,5.6923076923076925,3.3636363636363638
19,42,2.6315789473684212,5,3.1666666666666665,2.533333333333333
22,40,2.4545454545454546,4,4.0,1.894736842105263
25,125,3.8,8,5.85,5.571428571428571
31,123,4.258064516129032,8,5.2727272727272725,4.296296296296297
28,119,3.107142857142857,6,5.380952380952381,4.708333333333333
28,121,3.5,7,5.833333333333333,4.375
26,87,4.0,7,5.466666666666667,3.727272727272727
23,79,3.347826086956522,7,4.0625,3.4210526315789473
25,86,3.12,6,4.2105263157894735,3.8095238095238093
22,39,3.227272727272727,5,3.888888888888889,1.8421052631578947
27,104,3.2222222222222223,6,6.25,4.3478260869565215
31,130,3.903225806451613,7,5.2105263157894735,3.6666666666666665
27,95,3.4074074074074074,6,5.294117647058823,3.9130434782608696
24,64,3.4583333333333335,6,4.142857142857143,2.9
26,99,2.9615384615384617,5,4.894736842105263,4.2272727272727275
23,39,3.1739130434782608,5,3.888888888888889,1.75
29,109,4.379310344827586,8,6.333333333333333,3.8
16,32,1.5,2,4.0,2.0
23,40,3.1739130434782608,5,4.25,1.7
25,91,3.88,7,5.375,4.095238095238095
26,82,2.8076923076923075,5,4.6923076923076925,2.9047619047619047
24,49,2.0416666666666665,3,5.166666666666667,1.8235294117647058
26,88,3.3461538461538463,6,5.928571428571429,3.772727272727273
23,59,3.347826086956522,6,4.076923076923077,2.789473684210526
25,51,3.36,6,4.7,2.238095238095238
23,66,3.8260869565217392,7,3.933333333333333,3.1052631578947367
23,89,3.3043478260869565,7,5.0,3.9473684210526314
15,28,1.5333333333333334,2,3.5,1.75
28,127,4.142857142857143,8,6.277777777777778,4.708333333333333
22,43,3.6818181818181817,6,3.8,2.0
28,139,4.107142857142857,8,5.739130434782608,5.5
17,37,2.0,4,3.8333333333333335,2.5555555555555554
21,69,3.0,6,4.923076923076923,3.764705882352941
25,102,3.6,7,5.5,4.5
29,82,3.103448275862069,6,5.5,2.5
24,78,2.7083333333333335,5,5.538461538461538,3.6
28,119,4.071428571428571,7,5.4,4.5
25,52,2.92,5,5.111111111111111,2.090909090909091
27,86,3.740740740740741,6,5.583333333333333,2.7916666666666665
23,78,3.0869565217391304,6,5.0,3.6842105263157894
24,42,3.2083333333333335,5,6.166666666666667,1.7619047619047619
21,52,3.0476190476190474,6,3.4285714285714284,2.6666666666666665
31,147,4.193548387096774,8,5.956521739130435,5.074074074074074
22,41,1.7272727272727273,3,5.0,2.272727272727273
24,59,2.75,5,3.769230769230769,2.5789473684210527
25,75,3.04,6,4.928571428571429,3.2857142857142856
23,55,2.9565217391304346,6,3.5,2.5789473684210527
15,29,1.5333333333333334,2,3.75,1.875
24,34,3.1666666666666665,5,6.2,1.4761904761904763
25,97,3.0,5,5.928571428571429,4.15
23,57,2.1739130434782608,5,4.3,3.3076923076923075
28,85,3.5714285714285716,6,5.0,2.9166666666666665
25,72,3.2,5,5.153846153846154,3.1904761904761907
24,54,2.75,5,3.4615384615384617,2.3684210526315788
25,89,2.84,5,4.882352941176471,3.9523809523809526
26,76,2.8076923076923075,5,5.0,3.1818181818181817
22,54,3.1363636363636362,6,4.083333333333333,2.7222222222222223
24,35,3.2916666666666665,5,6.4,1.5238095238095237
28,98,3.6785714285714284,7,4.625,3.0833333333333335
29,116,3.896551724137931,7,5.7368421052631575,4.36
27,107,3.111111111111111,6,5.05,4.391304347826087
27,90,2.740740740740741,5,5.133333333333334,3.347826086956522
28,92,3.2857142857142856,6,5.375,3.5833333333333335
23,48,2.8260869565217392,5,3.5454545454545454,2.0526315789473686
30,109,3.8666666666666667,7,5.777777777777778,4.0
24,34,3.1666666666666665,5,6.2,1.4761904761904763
27,105,3.185185185185185,6,6.3125,4.391304347826087
28,97,3.75,7,5.6875,3.7916666666666665
16,31,1.5,2,3.75,1.875
28,112,3.9285714285714284,7,6.75,4.5
24,33,1.4166666666666667,3,3.25,1.4444444444444444
24,28,1.2083333333333333,2,5.0,1.0
18,42,3.4444444444444446,6,3.5555555555555554,2.2857142857142856
28,107,3.75,7,5.05,4.208333333333333
22,49,2.3181818181818183,4,4.333333333333333,2.2941176470588234
27,65,3.3703703703703702,6,4.285714285714286,2.608695652173913
22,49,2.6818181818181817,5,3.4545454545454546,2.235294117647059
26,94,2.9615384615384617,5,4.631578947368421,4.0
27,96,3.4444444444444446,7,4.875,3.9
25,48,2.4,3,6.142857142857143,2.15
27,113,4.0,7,6.1875,4.5
24,72,3.2916666666666665,6,4.785714285714286,3.35
30,138,4.1,7,6.15,4.730769230769231
23,68,2.9565217391304346,5,4.5,3.3157894736842106
25,41,3.28,5,6.0,1.6363636363636365
30,121,4.066666666666666,8,5.222222222222222,3.6153846153846154
30,122,4.2,8,5.523809523809524,4.461538461538462
27,104,3.111111111111111,6,4.714285714285714,4.304347826086956
28,107,2.7857142857142856,5,5.055555555555555,3.7916666666666665
27,93,3.259259259259259,6,5.117647058823529,3.782608695652174
22,45,2.6818181818181817,5,3.3636363636363638,2.176470588235294
30,145,4.333333333333333,8,6.318181818181818,5.346153846153846
24,35,3.1666666666666665,5,6.4,1.5238095238095237
26,91,3.269230769230769,6,5.8,3.9545454545454546
28,99,3.7142857142857144,7,5.8125,3.875
16,31,1.5,2,3.75,1.875
29,135,4.379310344827586,8,5.909090909090909,5.2
24,34,3.1666666666666665,5,6.2,1.4761904761904763
22,31,1.8636363636363635,4,3.0,1.25
26,92,3.9615384615384617,7,4.833333333333333,3.9545454545454546
26,102,2.8846153846153846,5,6.0,4.363636363636363
25,36,3.24,5,6.6,1.5
30,97,3.3333333333333335,6,4.625,2.8461538461538463
27,86,3.888888888888889,7,5.4,3.5217391304347827
26,96,3.1153846153846154,6,4.7368421052631575,4.090909090909091
23,33,3.0869565217391304,5,6.0,1.5
28,133,4.071428571428571,8,6.35,5.291666666666667
29,106,4.275862068965517,8,6.3125,4.04
23,34,3.0869565217391304,5,5.166666666666667,1.55
20,25,1.55,3,3.6666666666666665,1.1
26,78,3.3846153846153846,6,5.285714285714286,3.3636363636363638
23,35,3.130434782608696,5,6.0,1.5
27,102,3.185185185185185,6,6.125,4.260869565217392
20,34,1.55,3,3.4,2.4285714285714284
27,85,3.740740740740741,6,6.153846153846154,3.4782608695652173
21,44,2.6666666666666665,5,3.4545454545454546,2.375
20,51,2.85,6,3.6153846153846154,2.9375
24,55,2.6666666666666665,5,3.3076923076923075,2.263157894736842
23,33,3.130434782608696,5,6.0,1.5
28,109,4.071428571428571,8,4.555555555555555,3.4166666666666665
30,118,3.933333333333333,7,5.6,4.3076923076923075
27,105,3.111111111111111,6,4.714285714285714,4.304347826086956
27,94,2.740740740740741,5,5.133333333333334,3.347826086956522
24,58,3.4583333333333335,6,3.7857142857142856,2.65
16,31,2.3125,4,2.5,1.3636363636363635
29,106,3.896551724137931,7,6.8,4.08
24,32,1.3333333333333333,2,3.0,1.125
23,26,1.173913043478261,2,4.0,1.0
21,66,3.9523809523809526,8,3.8125,3.588235294117647
27,66,2.7037037037037037,4,6.5,2.0526315789473686
24,63,2.5833333333333335,4,5.5,2.4444444444444446
21,54,3.4761904761904763,7,3.5,2.8823529411764706
27,87,2.4444444444444446,4,3.75,3.0
23,54,2.6956521739130435,4,5.833333333333333,1.9444444444444444
24,109,3.875,8,5.611111111111111,5.05
26,72,3.1153846153846154,6,4.181818181818182,2.1904761904761907
21,79,3.238095238095238,6,5.6923076923076925,4.352941176470588
28,113,3.892857142857143,7,4.473684210526316,3.6956521739130435
25,51,2.32,3,6.428571428571429,2.25
25,114,3.96,8,5.578947368421052,5.0476190476190474
29,121,3.7241379310344827,7,5.0,3.9583333333333335
25,73,3.76,7,4.466666666666667,3.1904761904761907
26,97,3.0384615384615383,6,4.55,4.136363636363637
24,46,3.25,5,4.1,1.9523809523809523
29,123,3.9310344827586206,7,5.523809523809524,4.64
24,63,2.9166666666666665,5,4.7,2.473684210526316
24,47,3.2916666666666665,5,4.1,1.9523809523809523
29,79,3.896551724137931,7,6.0,2.88
24,50,3.625,6,4.4,2.0952380952380953
28,79,2.642857142857143,5,5.2727272727272725,3.0526315789473686
26,66,3.3076923076923075,5,4.538461538461538,2.6818181818181817
24,73,3.0,5,4.357142857142857,3.05
24,42,3.4166666666666665,5,5.285714285714286,1.7619047619047619
20,34,1.9,4,3.2,1.4545454545454546
16,35,2.0625,4,4.0,2.6666666666666665
27,98,3.5925925925925926,7,6.5,3.9565217391304346
23,66,2.869565217391304,5,4.384615384615385,3.0
21,34,1.3333333333333333,3,3.75,2.5
24,50,3.7916666666666665,6,5.0,2.142857142857143
28,112,3.3214285714285716,7,5.0,4.25
32,144,3.34375,6,5.384615384615385,5.0
28,106,3.142857142857143,6,5.555555555555555,4.166666666666667
27,106,4.037037037037037,7,5.764705882352941,4.260869565217392
24,48,2.5833333333333335,4,5.0,2.142857142857143
19,43,3.3684210526315788,6,5.0,2.5
26,74,3.269230769230769,5,4.375,3.1818181818181817
25,83,3.04,5,5.066666666666666,3.619047619047619
25,77,3.04,6,5.071428571428571,3.380952380952381
21,40,2.3333333333333335,5,2.909090909090909,2.1333333333333333
21,53,2.9047619047619047,6,3.2666666666666666,2.8823529411764706
24,61,2.875,5,4.416666666666667,2.65
30,137,4.266666666666667,8,6.6,5.076923076923077
24,36,3.2083333333333335,5,4.714285714285714,1.5714285714285714
29,103,4.0344827586206895,7,5.866666666666666,3.52
17,37,2.235294117647059,4,2.857142857142857,1.8181818181818181
22,39,2.3181818181818183,4,4.833333333333333,1.8125
25,36,3.24,5,6.6,1.5
19,28,1.631578947368421,3,3.5,1.75
19,39,1.7894736842105263,3,5.75,2.090909090909091
27,81,3.3333333333333335,6,5.133333333333334,3.347826086956522
27,65,1.9259259259259258,3,7.333333333333333,3.142857142857143
25,73,3.08,6,5.583333333333333,3.1904761904761907
24,56,3.5416666666666665,6,4.25,2.55
24,36,3.3333333333333335,5,6.6,1.5714285714285714
28,97,3.642857142857143,7,5.055555555555555,3.7916666666666665
24,76,3.0,5,4.666666666666667,3.5
23,34,3.130434782608696,5,5.166666666666667,1.55
26,87,2.4615384615384617,5,6.3,3.9375
28,97,3.4642857142857144,6,5.166666666666667,3.875
25,62,3.32,6,4.071428571428571,2.7142857142857144
15,28,1.5333333333333334,2,3.25,1.625
20,38,2.6,5,3.6666666666666665,2.2
21,54,2.9523809523809526,6,3.5,2.8823529411764706
24,49,2.5833333333333335,5,3.0,2.0
25,67,2.88,6,4.6923076923076925,2.9047619047619047
22,41,2.6363636363636362,5,3.1,1.8235294117647058
19,27,1.368421052631579,2,4.666666666666667,2.0
22,31,3.1818181818181817,5,5.6,1.4736842105263157
26,105,3.269230769230769,6,6.6,4.5
30,141,3.7,7,6.428571428571429,5.1923076923076925
28,89,3.857142857142857,7,5.25,3.5
18,40,2.2777777777777777,4,3.8333333333333335,1.9166666666666667
18,38,2.2777777777777777,4,3.5,1.75
30,114,3.6666666666666665,7,6.470588235294118,4.230769230769231
22,39,2.5454545454545454,4,4.5,1.894736842105263
26,84,3.769230769230769,6,6.454545454545454,3.227272727272727
26,53,2.1923076923076925,5,4.714285714285714,2.0625
22,37,1.8181818181818181,3,5.25,1.6153846153846154
25,37,3.24,5,6.6,1.5
27,83,2.3333333333333335,5,5.8,3.8666666666666667
25,58,3.44,6,3.7857142857142856,2.5238095238095237
22,43,1.9545454545454546,3,5.2,2.1666666666666665
22,44,1.7727272727272727,3,4.8,2.4
26,77,3.6538461538461537,7,5.461538461538462,3.227272727272727
18,43,2.8333333333333335,5,3.111111111111111,1.8666666666666667
25,55,2.76,5,5.222222222222222,2.238095238095238
23,34,3.3043478260869565,5,6.2,1.55
27,97,3.6296296296296298,7,4.866666666666666,3.1739130434782608
29,102,3.5517241379310347,6,5.444444444444445,3.92
22,34,3.1818181818181817,5,5.166666666666667,1.631578947368421
28,78,2.2857142857142856,5,5.6,3.5
25,79,3.56,6,5.214285714285714,3.4761904761904763
20,28,1.5,3,3.5,1.75
26,90,2.769230769230769,5,5.133333333333334,3.5
24,87,2.875,5,4.2631578947368425,4.05
23,33,3.130434782608696,5,6.0,1.5
20,28,1.65,4,3.0,1.2
26,78,3.3846153846153846,6,5.285714285714286,3.3636363636363638
23,33,3.130434782608696,5,6.0,1.5
28,86,3.6785714285714284,7,5.0,3.3333333333333335
26,69,2.8461538461538463,5,3.9285714285714284,2.619047619047619
27,112,3.074074074074074,6,5.578947368421052,4.608695652173913
24,73,3.2916666666666665,6,4.6,3.45
16,28,1.375,2,4.0,2.0
16,27,1.375,2,3.6666666666666665,1.8333333333333333
26,95,3.6923076923076925,7,4.888888888888889,4.0
22,46,1.7727272727272727,3,6.25,2.5
23,71,2.782608695652174,5,4.0625,3.4210526315789473
21,52,2.7142857142857144,5,3.4285714285714284,2.823529411764706
21,34,2.0,4,3.4285714285714284,1.7142857142857142
28,92,3.892857142857143,7,6.285714285714286,3.6666666666666665
23,33,1.5217391304347827,3,2.8,1.4
23,27,1.2173913043478262,2,5.0,1.0
24,89,3.875,7,5.4,4.05
21,70,3.9047619047619047,7,4.666666666666667,3.111111111111111
27,83,3.8518518518518516,8,4.4,3.0
23,47,2.130434782608696,4,5.6,2.0
26,54,1.8461538461538463,4,5.8,2.6363636363636362
22,86,3.272727272727273,6,5.846153846153846,4.222222222222222
25,99,3.64,7,4.625,3.5238095238095237
25,45,2.32,3,6.666666666666667,2.0
24,96,3.9166666666666665,8,5.294117647058823,4.5
28,88,2.7142857142857144,6,3.9375,3.5
23,67,3.260869565217391,6,4.846153846153846,3.3157894736842106
23,54,2.608695652173913,5,3.4166666666666665,2.411764705882353
24,36,3.1666666666666665,5,5.333333333333333,1.5238095238095237
28,69,3.5357142857142856,6,4.266666666666667,2.6666666666666665
30,139,3.533333333333333,7,5.782608695652174,5.115384615384615
24,40,3.25,5,4.375,1.6666666666666667
28,75,2.1785714285714284,4,5.777777777777778,3.25
27,66,2.888888888888889,5,5.9,2.5652173913043477
23,38,3.1739130434782608,5,4.125,1.65
19,38,2.0,3,4.75,1.7272727272727273
27,85,3.7777777777777777,6,6.076923076923077,3.4347826086956523
22,39,2.1818181818181817,4,5.0,1.7647058823529411
20,31,1.3,2,4.333333333333333,2.1666666666666665
24,67,2.7916666666666665,5,4.615384615384615,3.0
22,51,2.8181818181818183,5,3.5833333333333335,2.388888888888889
19,27,1.368421052631579,2,4.666666666666667,2.0
29,122,4.482758620689655,8,5.75,4.6
23,42,3.5217391304347827,6,4.111111111111111,1.85
29,64,3.4827586206896552,6,4.538461538461538,2.36
25,58,2.0,4,6.5,2.7857142857142856
24,45,3.625,6,4.0,1.9047619047619047
28,103,3.8214285714285716,7,5.333333333333333,4.0
29,141,3.586206896551724,7,6.428571428571429,5.4
24,46,3.625,6,4.0,1.9047619047619047
19,40,2.0526315789473686,4,4.2,1.9090909090909092
28,104,3.7142857142857144,7,6.466666666666667,4.041666666666667
20,48,2.95,6,3.230769230769231,2.625
21,58,3.0,6,4.076923076923077,3.1176470588235294
23,40,3.3043478260869565,5,4.857142857142857,1.7
28,109,3.7857142857142856,7,5.0,3.9583333333333335
26,89,3.9615384615384617,8,4.75,3.4545454545454546
22,82,3.4545454545454546,8,4.642857142857143,3.611111111111111
30,136,4.366666666666666,8,5.904761904761905,4.769230769230769
24,51,2.9583333333333335,5,4.7,2.238095238095238
23,95,3.782608695652174,8,5.117647058823529,4.578947368421052
30,118,4.166666666666667,8,5.05,4.04
25,80,2.92,6,5.461538461538462,3.736842105263158
25,83,2.76,5,5.133333333333334,3.6666666666666665
27,105,3.3703703703703702,7,5.277777777777778,4.75
25,56,3.0,5,5.0,2.272727272727273
22,68,3.4545454545454546,7,4.0,3.3684210526315788
25,65,3.4,6,3.933333333333333,2.8095238095238093
25,52,2.24,4,4.75,2.111111111111111
30,168,4.233333333333333,8,6.791666666666667,6.269230769230769
24,39,3.2083333333333335,5,5.5,1.5714285714285714
20,33,1.3,2,5.333333333333333,2.6666666666666665
27,80,3.7037037037037037,6,6.25,3.260869565217391
25,64,3.48,6,5.181818181818182,2.7142857142857144
21,36,2.238095238095238,4,4.666666666666667,1.8666666666666667
29,129,4.344827586206897,8,5.904761904761905,4.96
24,35,3.2083333333333335,5,5.333333333333333,1.5238095238095237
21,38,2.3333333333333335,5,3.4285714285714284,2.0
26,72,3.3076923076923075,6,5.230769230769231,3.090909090909091
24,35,3.1666666666666665,5,6.2,1.4761904761904763
19,40,2.210526315789474,4,3.857142857142857,2.25
27,59,3.4444444444444446,6,4.153846153846154,2.347826086956522
26,107,2.9615384615384617,6,5.611111111111111,4.590909090909091
27,89,3.6296296296296298,7,5.533333333333333,3.608695652173913
21,55,2.9523809523809526,6,3.3333333333333335,2.9411764705882355
24,53,2.6666666666666665,5,3.4166666666666665,2.2777777777777777
24,77,2.875,5,3.736842105263158,3.55
28,99,3.857142857142857,7,5.9375,3.9583333333333335
24,33,1.4166666666666667,3,3.0,1.3333333333333333
24,28,1.2083333333333333,2,5.0,1.0
18,38,3.5,6,4.571428571428571,2.2857142857142856
27,88,3.7037037037037037,6,6.076923076923077,3.4347826086956523
27,68,3.3703703703703702,6,4.357142857142857,2.652173913043478
27,103,3.111111111111111,6,4.571428571428571,4.173913043478261
24,74,3.0416666666666665,5,5.153846153846154,3.35
30,86,2.966666666666667,5,6.333333333333333,2.375
26,60,3.423076923076923,6,3.6666666666666665,2.5
25,77,2.76,5,4.666666666666667,3.3333333333333335
22,43,2.590909090909091,5,3.0,2.0625
29,124,4.172413793103448,8,5.631578947368421,4.28
25,46,2.32,3,5.857142857142857,2.05
26,122,3.8846153846153846,8,5.85,5.318181818181818
30,130,3.4,6,4.857142857142857,4.25
25,76,3.32,6,4.4375,3.380952380952381
23,52,2.6956521739130435,5,3.4166666666666665,2.2777777777777777
25,36,3.24,5,6.6,1.5
28,137,3.5357142857142856,7,6.55,5.458333333333333
28,90,2.357142857142857,5,5.818181818181818,4.0
28,86,3.4285714285714284,6,4.823529411764706,3.4166666666666665
25,36,3.24,5,6.6,1.5
27,98,3.185185185185185,6,5.875,4.086956521739131
28,87,3.7857142857142856,7,4.882352941176471,3.4583333333333335
24,55,3.375,6,3.8461538461538463,2.5
25,37,3.24,5,6.8,1.5454545454545454
28,96,3.6785714285714284,7,4.7368421052631575,3.75
25,78,3.08,5,5.214285714285714,3.4761904761904763
28,109,3.9642857142857144,7,6.5625,4.375
26,58,3.3846153846153846,5,5.375,1.8695652173913044
28,124,3.9642857142857144,8,6.111111111111111,4.782608695652174
27,102,3.4444444444444446,6,4.8,4.173913043478261
24,59,2.6666666666666665,5,3.6666666666666665,2.4444444444444446
27,71,2.7777777777777777,5,5.222222222222222,2.238095238095238
25,77,3.28,6,4.8,3.4285714285714284
27,115,4.2592592592592595,8,6.111111111111111,4.782608695652174
26,63,3.423076923076923,6,4.0,2.260869565217391
25,112,3.96,8,5.944444444444445,5.095238095238095
28,95,3.5357142857142856,7,4.928571428571429,3.1363636363636362
25,63,3.44,6,4.071428571428571,2.7142857142857144
28,109,3.142857142857143,6,4.857142857142857,4.25
25,40,3.32,5,7.2,1.6363636363636365
23,58,2.260869565217391,4,5.0,2.6923076923076925
28,67,3.5357142857142856,6,4.428571428571429,2.5833333333333335
16,26,1.375,2,3.3333333333333335,1.6666666666666667
24,68,3.25,6,4.428571428571429,3.1
22,63,2.9545454545454546,5,5.090909090909091,3.111111111111111
23,34,3.217391304347826,5,6.2,1.55
26,128,3.8461538461538463,8,6.1,5.545454545454546
28,84,2.25,5,5.090909090909091,3.7333333333333334
26,87,3.5,7,4.882352941176471,3.772727272727273
24,74,3.125,5,4.6,3.45
25,77,3.36,6,4.5,3.4285714285714284
24,37,3.2083333333333335,5,6.8,1.619047619047619
19,35,1.4210526315789473,3,4.0,2.2857142857142856
29,92,3.8620689655172415,6,6.6923076923076925,3.48
24,50,3.3333333333333335,5,3.75,2.25
16,24,1.375,2,2.0,1.3333333333333333
20,50,2.85,6,3.75,2.8125
16,25,1.375,2,2.25,1.5
20,56,3.05,6,3.9166666666666665,2.9375
22,41,2.5,4,4.625,1.9473684210526316
24,60,2.4583333333333335,4,7.166666666666667,2.8666666666666667
27,103,3.925925925925926,7,5.4375,3.782608695652174
15,28,1.5333333333333334,2,3.5,1.75
22,37,3.1818181818181817,5,5.5,1.736842105263158
27,129,3.962962962962963,8,6.473684210526316,5.3478260869565215
27,78,2.185185185185185,5,5.666666666666667,3.642857142857143
26,82,3.6153846153846154,7,5.571428571428571,3.5454545454545454
23,35,3.3043478260869565,5,5.333333333333333,1.6
30,89,3.1666666666666665,5,5.25,2.52
26,62,3.4615384615384617,6,3.8,2.590909090909091
24,61,2.3333333333333335,4,6.5,2.2941176470588234
22,61,3.227272727272727,6,4.071428571428571,3.1666666666666665
22,34,3.227272727272727,5,4.428571428571429,1.631578947368421
28,104,4.25,8,6.2,3.875
24,60,2.8333333333333335,5,6.142857142857143,2.388888888888889
23,39,3.1739130434782608,5,4.25,1.7
21,48,3.0,5,4.222222222222222,2.375
28,107,3.8214285714285716,7,5.315789473684211,4.208333333333333
24,61,2.7916666666666665,5,3.5714285714285716,2.6315789473684212
20,27,1.3,2,4.0,2.0
28,113,3.892857142857143,7,6.8125,4.541666666666667
25,57,3.36,6,4.181818181818182,2.090909090909091
23,88,3.782608695652174,8,4.705882352941177,4.2105263157894735
30,119,4.4,8,6.111111111111111,4.230769230769231
24,49,3.3333333333333335,5,4.3,2.0476190476190474
25,73,2.68,5,5.444444444444445,2.8823529411764706
29,81,3.5517241379310347,6,5.0,3.0
22,34,1.7272727272727273,3,4.0,1.3333333333333333
26,89,3.6153846153846154,6,6.3076923076923075,3.727272727272727
23,56,2.8260869565217392,5,3.9166666666666665,2.473684210526316
28,130,4.107142857142857,8,6.105263157894737,4.833333333333333
24,43,3.7916666666666665,6,4.222222222222222,1.8095238095238095
27,102,3.6666666666666665,6,6.466666666666667,4.217391304347826
28,106,3.7857142857142856,7,6.1875,4.125
16,34,2.25,4,2.5714285714285716,1.6363636363636365
20,55,2.95,6,3.8461538461538463,3.125
24,70,2.75,5,4.0,3.111111111111111
26,94,3.5384615384615383,6,5.571428571428571,3.5454545454545454
19,49,2.8421052631578947,6,3.3846153846153846,2.933333333333333
22,57,3.590909090909091,7,3.7142857142857144,2.736842105263158
28,103,3.9642857142857144,7,6.533333333333333,4.083333333333333
23,38,2.608695652173913,5,4.0,1.6470588235294117
22,35,2.5454545454545454,5,3.7142857142857144,1.625
26,83,3.1538461538461537,6,4.8125,3.5
28,83,3.5357142857142856,6,5.5,3.2083333333333335
21,56,2.9523809523809526,6,3.466666666666667,3.0588235294117645
22,55,2.909090909090909,5,4.363636363636363,2.6666666666666665
25,50,2.6,4,5.111111111111111,2.090909090909091
23,88,4.043478260869565,8,5.466666666666667,4.1
28,90,2.25,5,6.4,4.0
25,65,3.44,6,4.0,2.857142857142857
26,100,3.1153846153846154,6,4.476190476190476,4.2727272727272725
24,39,3.2083333333333335,5,5.833333333333333,1.6666666666666667
19,38,1.9473684210526316,4,4.166666666666667,2.5
19,34,1.4210526315789473,3,4.0,2.2857142857142856
27,78,3.7037037037037037,6,5.615384615384615,3.1739130434782608
24,49,2.625,5,5.0,1.9444444444444444
25,73,3.08,6,5.583333333333333,3.1904761904761907
24,80,2.875,5,4.111111111111111,3.7
25,39,3.28,5,6.0,1.6363636363636365
23,71,3.391304347826087,7,5.0,3.4210526315789473
26,86,3.3076923076923075,7,5.4,3.6818181818181817
28,103,3.9285714285714284,7,6.1875,4.125
26,56,2.576923076923077,4,3.6,1.8
23,98,3.9130434782608696,8,5.166666666666667,4.894736842105263
30,121,3.3333333333333335,6,4.65,3.875
27,77,3.4814814814814814,6,4.733333333333333,3.0869565217391304
28,116,3.142857142857143,6,4.954545454545454,4.541666666666667
30,155,4.366666666666666,8,6.521739130434782,5.769230769230769
25,44,3.28,5,6.333333333333333,1.7272727272727273
29,96,2.9310344827586206,6,5.75,3.45
28,94,3.9285714285714284,7,5.933333333333334,3.7083333333333335
28,117,4.357142857142857,8,6.277777777777778,4.708333333333333
25,55,3.32,5,5.625,2.0454545454545454
29,108,3.310344827586207,6,6.117647058823529,4.16
18,31,1.6111111111111112,3,3.25,1.8571428571428572
24,58,3.375,6,3.7857142857142856,2.65
25,59,3.56,6,5.3,2.5238095238095237
22,56,3.0454545454545454,6,3.923076923076923,2.8333333333333335
28,115,4.25,8,6.111111111111111,4.583333333333333
26,64,3.3076923076923075,6,4.083333333333333,2.130434782608696
21,63,2.9047619047619047,5,4.454545454545454,3.2666666666666666
29,70,3.4827586206896552,6,4.642857142857143,2.6
15,29,1.8666666666666667,3,3.5,1.75
25,71,3.04,6,5.333333333333333,3.0476190476190474
24,40,2.0416666666666665,4,3.0,1.6
24,49,3.3333333333333335,5,3.6666666666666665,2.2
22,45,2.590909090909091,5,2.6923076923076925,2.1875
28,110,4.321428571428571,8,5.833333333333333,4.375
23,30,1.391304347826087,2,3.6666666666666665,1.2222222222222223
24,103,4.041666666666667,8,6.0,4.571428571428571
28,100,3.0357142857142856,6,4.352941176470588,3.7
27,84,3.888888888888889,7,5.571428571428571,3.391304347826087
20,61,3.15,7,4.0,3.25
23,44,3.3043478260869565,5,5.285714285714286,1.85
26,83,3.730769230769231,7,5.266666666666667,3.590909090909091
26,58,3.3846153846153846,5,3.7857142857142856,2.409090909090909
16,27,1.375,2,3.6666666666666665,1.8333333333333333
25,91,2.96,5,4.473684210526316,4.0476190476190474
27,88,2.4444444444444446,4,4.4,3.0
29,145,4.413793103448276,8,6.043478260869565,5.56
23,36,3.1739130434782608,5,4.714285714285714,1.65
28,138,4.0,8,6.6,5.5
28,85,2.4285714285714284,5,5.2727272727272725,3.411764705882353
28,89,3.9285714285714284,7,5.6,3.5
22,69,3.1363636363636362,7,4.583333333333333,3.0555555555555554
29,132,4.310344827586207,8,6.684210526315789,5.08
25,49,3.32,5,5.375,1.9545454545454546
28,105,3.25,6,6.3125,4.208333333333333
20,35,1.55,3,3.6,2.5714285714285716
26,79,3.269230769230769,5,5.357142857142857,3.409090909090909
24,51,3.3333333333333335,5,3.8333333333333335,2.3
20,38,2.6,5,3.2,2.1333333333333333
28,100,3.857142857142857,7,6.4,4.0
24,31,1.3333333333333333,2,3.3333333333333335,1.25
22,26,1.2272727272727273,2,5.0,1.0
21,70,3.857142857142857,7,3.6666666666666665,3.235294117647059
26,80,3.6923076923076925,7,5.333333333333333,3.0476190476190474
25,81,2.76,6,5.25,3.9375
28,54,1.7142857142857142,4,5.2,2.3636363636363638
20,53,3.3,6,4.5,2.8125
27,95,3.1481481481481484,5,5.384615384615385,3.3333333333333335
23,43,1.6956521739130435,3,5.5,1.8333333333333333
27,95,3.0,6,4.533333333333333,3.5789473684210527
24,42,2.2916666666666665,3,6.166666666666667,1.9473684210526316
25,45,2.48,4,5.571428571428571,1.95
19,34,1.736842105263158,4,3.0,2.25
24,78,3.4166666666666665,7,3.8,3.0
26,107,4.269230769230769,8,5.411764705882353,4.181818181818182
22,50,2.772727272727273,4,4.75,2.111111111111111
19,34,1.631578947368421,3,4.5,2.25
28,81,2.642857142857143,4,5.3,2.409090909090909
22,55,2.090909090909091,4,4.857142857142857,2.4285714285714284
26,124,4.1923076923076925,7,6.055555555555555,4.954545454545454
29,118,3.896551724137931,8,4.944444444444445,3.869565217391304
23,40,2.217391304347826,3,5.833333333333333,1.9444444444444444
21,57,2.6666666666666665,5,3.3636363636363638,2.466666666666667
28,98,4.0,7,6.357142857142857,3.7083333333333335
26,70,2.6923076923076925,5,6.0,2.4
22,59,2.727272727272727,5,3.9285714285714284,3.0555555555555554
25,44,3.28,5,6.333333333333333,1.7272727272727273
23,61,2.5652173913043477,5,5.875,3.1333333333333333
31,115,3.967741935483871,6,6.785714285714286,3.5185185185185186
16,29,1.5625,2,3.75,1.6666666666666667
26,104,3.1153846153846154,6,4.9,4.454545454545454
27,96,2.962962962962963,5,4.411764705882353,3.409090909090909
30,171,4.333333333333333,8,6.037037037037037,6.269230769230769
23,43,3.347826086956522,5,3.8,1.9
27,83,4.444444444444445,8,5.357142857142857,3.125
24,52,3.6666666666666665,6,4.6,2.1904761904761907
25,90,3.6,6,5.733333333333333,4.095238095238095
28,88,3.4285714285714284,6,4.647058823529412,3.2916666666666665
28,67,2.357142857142857,4,5.111111111111111,2.4210526315789473
28,145,4.214285714285714,8,6.2727272727272725,5.75
25,58,3.4,5,4.9,2.227272727272727
28,152,4.107142857142857,8,6.590909090909091,6.041666666666667
28,103,2.892857142857143,6,4.75,4.0
27,98,3.7037037037037037,7,5.352941176470588,3.9565217391304346
16,30,1.4375,2,5.0,2.142857142857143
24,76,3.375,6,4.733333333333333,3.55
30,155,3.966666666666667,7,6.818181818181818,5.769230769230769
23,74,3.0869565217391304,5,4.785714285714286,3.526315789473684
24,56,3.5,5,5.0,2.380952380952381
30,122,4.433333333333334,8,6.294117647058823,4.115384615384615
29,152,3.586206896551724,7,6.304347826086956,5.8
28,145,4.321428571428571,8,5.363636363636363,4.916666666666667
22,65,3.272727272727273,6,4.916666666666667,3.2777777777777777
23,52,3.4782608695652173,6,4.1,2.1578947368421053
20,53,2.6,6,3.8333333333333335,3.5384615384615383
28,77,3.0714285714285716,6,5.153846153846154,2.7916666666666665
24,62,3.2916666666666665,5,4.545454545454546,2.380952380952381
20,42,2.15,4,4.833333333333333,2.4166666666666665
27,70,3.3333333333333335,5,4.333333333333333,2.8260869565217392
25,86,3.12,7,4.333333333333333,3.7142857142857144
15,27,1.5333333333333334,2,3.25,1.625
24,39,3.3333333333333335,5,6.6,1.5714285714285714
19,38,2.6315789473684212,5,4.142857142857143,2.230769230769231
28,94,3.5,6,5.866666666666666,3.6666666666666665
24,57,3.3333333333333335,5,4.0,2.6
23,51,2.652173913043478,5,3.4166666666666665,2.2777777777777777
28,90,3.5357142857142856,6,5.714285714285714,3.3333333333333335
24,55,3.3333333333333335,5,3.8461538461538463,2.5
32,130,3.875,7,5.9523809523809526,4.464285714285714
24,34,3.1666666666666665,5,6.2,1.4761904761904763
21,39,2.3333333333333335,5,4.166666666666667,2.0833333333333335
27,80,3.4814814814814814,6,5.6923076923076925,3.217391304347826
23,41,2.4347826086956523,5,4.428571428571429,1.8235294117647058
25,36,3.24,5,6.6,1.5
27,69,2.0,4,6.0,3.4285714285714284
26,64,2.9615384615384617,5,4.916666666666667,2.6818181818181817
23,34,3.130434782608696,5,5.166666666666667,1.55
23,51,2.4347826086956523,4,6.0,2.4
25,61,3.4,6,3.5,2.6666666666666665
27,108,3.111111111111111,6,5.1,4.434782608695652
27,86,2.5555555555555554,5,4.714285714285714,3.0
24,69,3.125,6,4.266666666666667,3.2
14,22,1.3571428571428572,2,2.6666666666666665,1.6
24,35,3.1666666666666665,5,6.4,1.5238095238095237
28,90,3.25,6,4.571428571428571,2.782608695652174
29,99,3.5517241379310347,6,5.277777777777778,3.8
17,32,1.8235294117647058,3,3.75,1.6666666666666667
26,67,2.6538461538461537,4,7.0,2.45
26,70,3.769230769230769,6,5.0,2.9545454545454546
23,57,2.391304347826087,4,4.75,2.375
21,52,2.761904761904762,5,3.4285714285714284,2.823529411764706
29,99,4.310344827586207,8,5.875,3.76
23,43,2.5217391304347827,4,4.333333333333333,1.95
25,116,3.72,8,5.7368421052631575,5.190476190476191
29,105,3.206896551724138,6,4.588235294117647,3.391304347826087
29,120,3.7241379310344827,7,5.7,4.56
15,27,2.2666666666666666,4,2.8,1.4
22,57,3.090909090909091,6,3.466666666666667,2.888888888888889
25,38,3.28,5,7.0,1.5909090909090908
26,83,3.730769230769231,6,6.0,3.130434782608696
24,38,3.2083333333333335,5,5.833333333333333,1.6666666666666667
28,94,3.4642857142857144,6,4.375,2.9166666666666665
29,114,3.896551724137931,7,5.35,4.28
28,117,3.107142857142857,6,5.333333333333333,4.666666666666667
28,109,2.8214285714285716,5,5.111111111111111,3.8333333333333335
25,39,3.32,5,7.2,1.6363636363636365
26,91,3.1923076923076925,6,5.8,3.9545454545454546
28,90,3.75,7,5.375,3.5833333333333335
17,25,1.6470588235294117,3,2.6666666666666665,1.1428571428571428
26,54,2.3076923076923075,5,5.5,1.9411764705882353
20,44,2.95,5,4.714285714285714,2.2
28,104,3.1785714285714284,5,7.142857142857143,4.166666666666667
25,52,3.36,5,3.9166666666666665,2.238095238095238
26,60,2.230769230769231,4,6.333333333333333,2.235294117647059
23,63,3.260869565217391,6,4.538461538461538,3.1052631578947367
23,34,3.130434782608696,5,6.2,1.55
20,44,2.95,5,4.25,2.2666666666666666
27,93,3.8518518518518516,7,5.117647058823529,3.782608695652174
24,56,2.75,5,3.5384615384615383,2.4210526315789473
22,38,1.9090909090909092,3,6.0,1.6
23,52,2.652173913043478,5,3.0,2.3333333333333335
23,60,2.782608695652174,5,4.3076923076923075,2.9473684210526314
21,57,2.9047619047619047,5,4.636363636363637,3.0
22,60,2.9545454545454546,5,4.818181818181818,2.9444444444444446
21,29,3.0952380952380953,5,5.2,1.4444444444444444
27,96,3.6296296296296298,7,4.733333333333333,3.0869565217391304
29,105,3.8620689655172415,7,5.611111111111111,4.04
16,26,1.6875,3,3.3333333333333335,1.4285714285714286
27,73,2.814814814814815,5,6.5,2.4761904761904763
23,60,3.5217391304347827,6,4.230769230769231,2.8947368421052633
25,58,2.6,5,4.75,2.0
19,44,2.6315789473684212,5,3.076923076923077,2.6666666666666665
22,32,3.1818181818181817,5,5.8,1.5263157894736843
27,128,3.888888888888889,8,6.421052631578948,5.304347826086956
27,77,1.9259259259259258,4,5.0,3.3333333333333335
27,102,4.037037037037037,8,5.647058823529412,4.173913043478261
23,48,2.6956521739130435,5,3.5454545454545454,2.1666666666666665
20,46,3.0,6,3.5,2.625
28,93,3.857142857142857,7,6.357142857142857,3.7083333333333335
23,32,1.4782608695652173,3,3.25,1.3
19,39,3.1052631578947367,6,3.75,2.3076923076923075
16,31,1.625,3,4.0,2.0
25,75,3.8,6,5.0,3.3333333333333335
26,98,3.1153846153846154,6,4.842105263157895,4.181818181818182
27,94,2.6666666666666665,5,4.866666666666666,3.1739130434782608
22,59,3.1363636363636362,6,3.9285714285714284,3.0555555555555554
15,26,1.4666666666666666,2,2.75,1.5714285714285714
22,42,3.1818181818181817,5,4.5,1.894736842105263
19,35,1.8421052631578947,4,3.5,2.3333333333333335
28,90,3.75,7,5.733333333333333,3.5833333333333335
29,123,3.0689655172413794,6,6.5,4.68
16,33,1.4375,2,5.666666666666667,2.4285714285714284
28,109,3.9642857142857144,7,6.1875,4.125
27,84,3.5555555555555554,6,5.461538461538462,3.0869565217391304
27,94,2.740740740740741,5,5.266666666666667,3.4347826086956523
25,73,3.0,6,4.785714285714286,3.1904761904761907
23,62,3.260869565217391,6,3.8,3.0
29,119,4.379310344827586,8,5.380952380952381,4.52
22,39,3.227272727272727,5,3.5,1.8421052631578947
26,102,3.269230769230769,6,6.0625,4.409090909090909
28,100,4.0,7,5.222222222222222,3.9166666666666665
24,75,3.125,5,4.928571428571429,3.45
27,113,3.111111111111111,6,5.35,4.6521739130434785
24,80,3.2916666666666665,6,4.6875,3.75
16,30,1.5,2,3.5,1.75
22,40,3.590909090909091,6,3.888888888888889,1.8421052631578947
25,115,4.24,8,5.684210526315789,5.142857142857143
26,77,3.3846153846153846,5,4.533333333333333,3.090909090909091
28,121,3.357142857142857,7,5.476190476190476,4.791666666666667
27,95,2.6666666666666665,5,4.5,3.272727272727273
23,68,3.652173913043478,7,4.133333333333334,3.263157894736842
15,28,1.4666666666666666,2,3.25,1.8571428571428572
24,79,2.9166666666666665,6,4.8,3.6
23,58,2.6956521739130435,5,3.6153846153846154,2.764705882352941
21,50,3.4285714285714284,6,3.3846153846153846,2.588235294117647
30,124,4.433333333333334,8,5.619047619047619,4.538461538461538
23,45,2.4782608695652173,4,3.625,1.45
28,100,3.8214285714285716,6,5.857142857142857,3.4166666666666665
23,61,2.347826086956522,5,5.0,2.6666666666666665
21,40,1.9523809523809523,4,6.25,1.9230769230769231
24,56,3.4166666666666665,5,4.6,2.1904761904761907
22,57,3.590909090909091,7,3.7142857142857144,2.736842105263158
23,63,2.5217391304347827,4,6.0,3.2
29,119,3.3448275862068964,6,5.105263157894737,4.217391304347826
27,94,3.2222222222222223,6,4.631578947368421,3.8260869565217392
21,41,2.3333333333333335,4,3.090909090909091,2.125
23,63,3.0869565217391304,6,3.933333333333333,3.1052631578947367
25,40,3.28,5,5.833333333333333,1.5909090909090908
27,127,3.3703703703703702,7,6.05,5.260869565217392
28,89,2.0357142857142856,5,6.3,3.9375
27,81,3.3703703703703702,6,4.8125,3.347826086956522
25,76,3.32,6,4.5,3.4285714285714284
31,129,4.354838709677419,8,6.2,4.592592592592593
24,35,3.1666666666666665,5,5.333333333333333,1.5238095238095237
28,103,3.6785714285714284,7,5.105263157894737,4.041666666666667
24,46,2.5416666666666665,5,5.333333333333333,1.8823529411764706
24,37,3.2083333333333335,5,5.5,1.5714285714285714
31,107,3.4516129032258065,6,5.666666666666667,3.1481481481481484
29,94,3.9655172413793105,7,5.5625,3.56
27,103,3.111111111111111,6,4.619047619047619,4.217391304347826
24,37,3.2083333333333335,5,4.714285714285714,1.5714285714285714
26,89,2.4615384615384617,5,5.909090909090909,4.0625
26,64,3.3846153846153846,6,4.214285714285714,2.6818181818181817
28,107,3.107142857142857,6,4.590909090909091,4.208333333333333
24,68,3.2916666666666665,6,4.5,3.15
23,33,3.0869565217391304,5,6.0,1.5
27,129,3.4074074074074074,7,6.15,5.3478260869565215
27,89,2.3703703703703702,5,6.2,3.875
26,79,3.3461538461538463,6,5.0,3.409090909090909
25,72,3.28,6,4.857142857142857,3.238095238095238
28,102,3.9285714285714284,7,6.125,4.083333333333333
26,63,3.230769230769231,6,3.5,2.130434782608696
22,88,4.090909090909091,8,5.25,4.421052631578948
28,86,2.357142857142857,5,5.454545454545454,3.5294117647058822
27,73,3.4814814814814814,6,4.466666666666667,2.9130434782608696
27,109,3.037037037037037,6,4.636363636363637,4.434782608695652
28,119,4.357142857142857,8,6.388888888888889,4.791666666666667
24,33,1.4583333333333333,3,3.25,1.3
27,85,4.074074074074074,7,5.384615384615385,3.0434782608695654
24,59,2.2083333333333335,5,5.571428571428571,2.6
25,56,3.28,5,4.4,2.0
29,62,3.4827586206896552,6,4.384615384615385,2.28
23,40,1.826086956521739,3,4.8,1.6
27,67,3.6666666666666665,6,5.6,2.4347826086956523
27,81,3.814814814814815,7,5.0,3.260869565217391
27,70,2.962962962962963,5,5.888888888888889,2.5238095238095237
24,56,3.375,6,3.5714285714285716,2.5
24,79,2.875,5,4.055555555555555,3.65
19,44,2.4210526315789473,5,3.0,2.6
24,37,3.1666666666666665,5,6.6,1.5714285714285714
23,53,2.4782608695652173,4,6.333333333333333,2.533333333333333
29,103,3.9655172413793105,6,6.0,3.36
16,29,1.5,2,3.25,1.625
25,40,3.28,5,6.0,1.6363636363636365
28,55,3.5357142857142856,6,3.8461538461538463,2.0833333333333335
27,62,2.3703703703703702,5,4.0,2.2222222222222223
25,38,3.28,5,7.0,1.5909090909090908
27,78,3.5185185185185186,7,4.8,3.130434782608696
26,65,2.423076923076923,4,7.166666666666667,2.388888888888889
22,43,1.9545454545454546,3,5.4,2.25
25,66,3.72,6,5.083333333333333,2.9047619047619047
23,65,3.0434782608695654,5,4.916666666666667,3.1052631578947367
24,88,2.8333333333333335,5,4.823529411764706,4.1
22,56,2.727272727272727,5,3.7142857142857144,2.888888888888889
16,26,1.375,2,2.5,1.6666666666666667
30,127,4.333333333333333,8,6.473684210526316,4.730769230769231
26,56,3.3846153846153846,6,3.9166666666666665,2.0434782608695654
27,78,2.2222222222222223,5,5.666666666666667,3.4
22,74,3.3636363636363638,7,4.0,3.5555555555555554
24,75,3.125,5,5.230769230769231,3.4
27,95,2.6296296296296298,5,4.8,3.130434782608696
29,122,4.310344827586207,8,6.157894736842105,4.68
23,31,1.4782608695652173,3,3.0,1.2
25,111,3.92,8,5.722222222222222,4.904761904761905
28,109,3.75,7,4.611111111111111,3.608695652173913
27,81,3.8518518518518516,7,5.428571428571429,3.3043478260869565
21,63,3.142857142857143,7,4.166666666666667,2.9411764705882355
24,46,3.25,5,5.0,1.9047619047619047
27,127,3.4074074074074074,7,6.368421052631579,5.260869565217392
29,108,3.586206896551724,8,4.5,3.6818181818181817
28,116,3.8214285714285716,8,5.7894736842105265,4.583333333333333
23,53,2.8260869565217392,5,3.6666666666666665,2.3157894736842106
19,40,2.8421052631578947,6,2.9166666666666665,2.3333333333333335
30,134,4.0,7,6.7894736842105265,4.961538461538462
22,65,3.1363636363636362,6,4.214285714285714,3.2777777777777777
26,89,3.1153846153846154,6,4.15,3.772727272727273
23,40,3.1739130434782608,5,4.5,1.8
27,133,3.888888888888889,8,6.684210526315789,5.521739130434782
27,84,2.2222222222222223,5,4.75,3.8
25,79,3.56,7,5.285714285714286,3.5238095238095237
16,25,1.3125,2,3.0,1.8
24,72,3.3333333333333335,6,4.466666666666667,3.35
22,32,3.1363636363636362,5,5.8,1.5263157894736843
28,95,3.642857142857143,7,5.235294117647059,3.7083333333333335
25,77,3.16,5,5.071428571428571,3.380952380952381
23,38,3.1739130434782608,5,4.25,1.7
31,109,3.4193548387096775,6,6.3076923076923075,3.037037037037037
29,105,3.9655172413793105,7,5.882352941176471,4.0
23,37,3.1739130434782608,5,5.5,1.65
28,79,2.392857142857143,5,6.111111111111111,3.235294117647059
26,77,3.6153846153846154,6,5.538461538461538,3.272727272727273
16,32,1.5625,2,4.0,1.7777777777777777
21,61,3.1904761904761907,6,4.071428571428571,3.3529411764705883
22,33,3.227272727272727,5,4.285714285714286,1.5789473684210527
27,105,3.2222222222222223,6,6.25,4.3478260869565215
28,105,4.0,7,5.705882352941177,4.041666666666667
26,77,3.576923076923077,6,4.461538461538462,2.6363636363636362
27,103,2.8518518518518516,5,5.466666666666667,3.5652173913043477
23,37,3.3043478260869565,5,4.857142857142857,1.7
27,106,3.2222222222222223,6,6.3125,4.391304347826087
28,92,2.642857142857143,6,4.0,3.764705882352941
25,67,3.56,6,4.066666666666666,2.9047619047619047
22,49,1.8636363636363635,3,5.8,2.6363636363636362
21,61,3.0,6,4.230769230769231,3.235294117647059
22,62,3.0,5,4.230769230769231,3.0555555555555554
23,37,3.3043478260869565,5,4.25,1.7
27,74,3.925925925925926,7,5.666666666666667,2.9565217391304346
25,85,3.2,5,5.571428571428571,3.7142857142857144
23,42,3.6956521739130435,6,3.7,1.85
29,97,2.8275862068965516,6,4.857142857142857,3.7777777777777777
26,109,3.6923076923076925,7,5.421052631578948,4.681818181818182
30,136,4.366666666666666,8,5.608695652173913,4.961538461538462
23,49,2.5217391304347827,4,4.2,2.1
28,144,4.178571428571429,8,6.473684210526316,5.125
26,87,3.6923076923076925,7,4.8,3.272727272727273
27,59,3.4074074074074074,6,4.7272727272727275,2.260869565217391
25,95,2.88,6,5.4375,4.142857142857143
23,62,2.782608695652174,5,4.0,2.888888888888889
20,31,1.6,4,2.8333333333333335,2.125
32,144,3.34375,6,5.384615384615385,5.0
27,87,3.1481481481481484,6,4.823529411764706,3.5652173913043477
29,97,3.6206896551724137,6,5.117647058823529,3.48
26,79,3.1153846153846154,6,4.4375,3.227272727272727
30,138,4.266666666666667,8,6.7,5.153846153846154
24,44,2.625,4,4.75,1.8095238095238095
22,77,4.090909090909091,8,4.933333333333334,3.8947368421052633
30,109,4.333333333333333,8,5.9411764705882355,3.8846153846153846
24,43,3.2083333333333335,5,5.285714285714286,1.7619047619047619
29,109,3.7241379310344827,7,5.15,4.12
25,66,2.76,5,4.3076923076923075,2.8
26,86,3.076923076923077,5,4.9375,3.590909090909091
26,103,2.8461538461538463,5,5.388888888888889,4.409090909090909
16,29,1.375,2,4.666666666666667,2.3333333333333335
27,109,3.7037037037037037,7,5.15,4.478260869565218
29,88,3.6206896551724137,6,6.0,3.12
24,84,2.8333333333333335,5,4.333333333333333,3.9
24,35,3.2083333333333335,5,5.333333333333333,1.5238095238095237
26,88,2.423076923076923,5,7.111111111111111,4.0
28,104,3.4642857142857144,6,5.2631578947368425,4.166666666666667
16,28,1.375,2,4.0,2.0
23,35,3.130434782608696,5,5.166666666666667,1.55
23,52,2.4347826086956523,4,6.166666666666667,2.466666666666667
23,73,3.3043478260869565,7,3.625,3.0526315789473686
16,33,2.3125,4,3.0,1.6363636363636365
18,41,2.611111111111111,4,4.333333333333333,1.8571428571428572
25,56,2.72,5,4.7,2.238095238095238
25,38,3.28,5,7.0,1.5909090909090908
28,96,3.6785714285714284,7,5.0,3.75
24,60,2.75,5,3.8461538461538463,2.6315789473684212
23,35,3.130434782608696,5,5.166666666666667,1.55
27,128,3.4444444444444446,7,6.421052631578948,5.304347826086956
27,81,2.259259259259259,5,5.4,3.6
28,92,3.9285714285714284,7,5.8,3.625
23,72,2.9565217391304346,5,4.714285714285714,3.473684210526316
24,66,3.2916666666666665,6,4.769230769230769,3.1
24,36,3.2083333333333335,5,5.5,1.5714285714285714
27,109,3.2962962962962963,6,6.933333333333334,4.521739130434782
25,64,2.4,4,5.571428571428571,2.6
28,100,3.7142857142857144,7,6.266666666666667,3.9166666666666665
22,57,2.909090909090909,5,3.7857142857142856,2.9444444444444446
23,51,2.652173913043478,5,3.4166666666666665,2.2777777777777777
26,71,3.5,6,6.0,2.727272727272727
22,56,2.772727272727273,5,3.4,2.8333333333333335
21,49,2.9047619047619047,5,3.727272727272727,2.411764705882353
27,104,4.222222222222222,8,5.823529411764706,4.304347826086956
23,43,2.5652173913043477,4,5.0,2.0
26,120,3.8846153846153846,8,6.052631578947368,5.2272727272727275
29,98,3.1724137931034484,6,4.176470588235294,3.0869565217391304
25,79,3.36,6,4.933333333333334,3.5238095238095237
15,30,1.4,2,5.0,2.5
26,83,3.3461538461538463,6,5.2,3.5454545454545454
25,73,3.76,7,4.857142857142857,3.238095238095238
25,51,2.64,5,5.285714285714286,1.9473684210526316
25,39,3.32,5,7.2,1.6363636363636365
27,83,3.7037037037037037,6,6.0,3.0
24,39,3.25,5,7.2,1.7142857142857142
21,44,2.7142857142857144,5,4.714285714285714,2.2
30,83,3.1333333333333333,5,5.363636363636363,2.36
27,84,3.962962962962963,7,5.266666666666667,3.4347826086956523
28,81,2.8214285714285716,5,5.888888888888889,2.409090909090909
25,38,3.28,5,7.0,1.5909090909090908
27,104,3.185185185185185,6,6.25,4.3478260869565215
28,80,2.2142857142857144,5,5.2,3.466666666666667
26,87,3.3846153846153846,6,5.1875,3.772727272727273
25,37,3.28,5,6.8,1.5454545454545454
28,93,3.6785714285714284,7,5.117647058823529,3.625
25,77,3.08,5,5.214285714285714,3.4761904761904763
24,35,3.1666666666666665,5,6.4,1.5238095238095237
30,111,3.3666666666666667,6,4.888888888888889,3.3846153846153846
29,96,3.9655172413793105,7,5.352941176470588,3.64
27,103,3.111111111111111,6,5.105263157894737,4.217391304347826
24,35,3.1666666666666665,5,6.4,1.5238095238095237
28,91,3.642857142857143,7,5.3125,3.5416666666666665
20,25,1.3,2,3.6666666666666665,1.8333333333333333
23,53,2.8260869565217392,5,3.3846153846153846,2.3157894736842106
25,66,3.68,6,4.6923076923076925,2.9047619047619047
16,28,1.5,2,3.0,1.5
24,49,3.3333333333333335,5,3.6666666666666665,2.2
23,48,2.5652173913043477,5,3.272727272727273,2.1176470588235294
23,69,2.869565217391304,5,3.5,3.3157894736842106
28,110,3.892857142857143,7,5.833333333333333,4.375
23,41,2.5217391304347827,4,5.428571428571429,1.9
26,77,3.769230769230769,6,5.583333333333333,3.0454545454545454
26,68,2.769230769230769,5,5.0,2.3684210526315788
28,72,2.7857142857142856,5,5.875,2.238095238095238
24,72,3.0833333333333335,6,4.4,3.3
23,43,1.7391304347826086,3,4.4,2.2
24,88,2.8333333333333335,5,4.823529411764706,4.1
23,37,3.1739130434782608,5,4.25,1.7
30,107,4.166666666666667,7,6.0,3.4615384615384617
23,61,2.9130434782608696,5,6.571428571428571,2.5555555555555554
23,35,3.260869565217391,5,5.166666666666667,1.55
29,87,2.793103448275862,6,5.363636363636363,3.2777777777777777
29,129,4.068965517241379,8,5.590909090909091,4.92
23,62,2.739130434782609,5,4.5,2.5
30,136,4.5,8,5.909090909090909,5.0
25,39,3.32,5,5.833333333333333,1.5909090909090908
30,112,4.366666666666666,8,6.466666666666667,3.730769230769231
16,32,1.5,2,4.0,2.0
25,43,3.28,5,5.285714285714286,1.6818181818181819
26,91,3.9615384615384617,7,5.4375,3.9545454545454546
17,36,2.3529411764705883,4,3.8,1.5833333333333333
25,85,3.12,5,5.266666666666667,3.761904761904762
24,75,3.3333333333333335,6,5.071428571428571,3.55
22,34,3.227272727272727,5,4.285714285714286,1.5789473684210527
27,100,3.8518518518518516,8,5.5,3.8260869565217392
27,93,3.814814814814815,7,5.266666666666667,3.4347826086956523
22,73,3.1818181818181817,7,4.3076923076923075,3.111111111111111
24,38,3.375,5,5.0,1.6666666666666667
23,40,1.6956521739130435,3,7.333333333333333,1.8333333333333333
28,105,4.142857142857143,8,5.9375,3.9583333333333335
24,38,3.2083333333333335,5,4.857142857142857,1.619047619047619
26,84,2.923076923076923,6,5.909090909090909,3.823529411764706
26,95,3.769230769230769,6,5.625,4.090909090909091
22,35,3.227272727272727,5,4.285714285714286,1.5789473684210527
27,126,4.0,8,5.35,4.6521739130434785
18,41,2.0555555555555554,4,5.2,2.6
27,94,4.0,7,5.866666666666666,3.8260869565217392
24,65,2.9166666666666665,5,3.9285714285714284,2.75
21,30,1.2857142857142858,2,3.6666666666666665,1.8333333333333333
29,118,4.206896551724138,8,5.238095238095238,4.4
22,45,2.909090909090909,5,4.1,2.1578947368421053
29,153,4.137931034482759,8,6.6,5.28
26,111,3.8461538461538463,8,5.421052631578948,4.681818181818182
22,71,3.0454545454545454,5,4.642857142857143,3.611111111111111
24,51,3.7916666666666665,6,5.0,2.142857142857143
31,152,4.516129032258065,8,6.190476190476191,4.814814814814815
25,78,3.04,6,4.933333333333334,3.5238095238095237
19,37,2.6315789473684212,4,4.285714285714286,2.0
19,42,2.6315789473684212,4,5.0,2.0
25,43,3.32,5,5.285714285714286,1.6818181818181819
29,105,3.2758620689655173,6,4.761904761904762,4.0
30,98,4.033333333333333,7,5.4375,3.3461538461538463
21,69,3.1904761904761907,7,4.769230769230769,3.6470588235294117
25,39,3.24,5,6.6,1.5
20,36,1.95,3,5.0,1.8181818181818181
28,80,3.357142857142857,6,5.066666666666666,3.1666666666666665
27,110,2.962962962962963,5,5.473684210526316,4.521739130434782
23,35,3.130434782608696,5,5.0,1.5
28,96,3.642857142857143,7,5.294117647058823,3.75
27,112,2.962962962962963,6,5.3,4.608695652173913
23,36,3.130434782608696,5,4.428571428571429,1.55
20,40,2.2,4,4.5,2.25
27,70,3.3703703703703702,6,4.0625,2.8260869565217392
17,37,2.235294117647059,4,4.0,1.8181818181818181
17,33,2.0588235294117645,4,3.2,1.6
29,107,4.0344827586206895,7,5.722222222222222,4.12
24,35,1.5,3,2.5,1.5
25,34,1.36,3,2.5,1.25
22,82,4.090909090909091,8,4.333333333333333,4.333333333333333
27,100,4.296296296296297,8,5.666666666666667,3.6956521739130435
28,151,4.178571428571429,8,6.55,5.24
26,108,3.3846153846153846,6,4.842105263157895,4.6
28,110,4.214285714285714,8,5.470588235294118,3.875
20,47,1.85,4,5.0,3.3333333333333335
29,54,1.4827586206896552,4,5.0,2.5
25,47,1.6,3,4.8,2.0
24,94,3.4166666666666665,6,5.0,4.0
26,91,2.8461538461538463,6,4.4,3.6666666666666665
25,46,2.32,3,5.857142857142857,2.05
19,35,1.8421052631578947,4,3.5,2.3333333333333335
27,63,3.3333333333333335,5,4.833333333333333,2.5217391304347827
26,104,2.8846153846153846,5,5.157894736842105,4.454545454545454
27,86,3.037037037037037,6,5.333333333333333,3.4782608695652173
20,47,2.65,5,3.5833333333333335,2.6875
24,53,2.75,5,3.4166666666666665,2.1578947368421053
28,83,3.5,6,5.142857142857143,3.0
20,51,2.7,5,3.357142857142857,2.9375
29,127,4.379310344827586,8,6.05,4.84
24,35,3.2083333333333335,5,5.333333333333333,1.5238095238095237
26,73,4.153846153846154,7,5.7272727272727275,2.739130434782609
24,40,3.2083333333333335,5,5.142857142857143,1.7142857142857142
19,37,2.0526315789473686,4,4.166666666666667,2.272727272727273
18,31,1.4444444444444444,3,3.25,1.8571428571428572
25,51,3.36,5,3.8333333333333335,2.1904761904761907
25,53,2.24,4,4.75,2.111111111111111
25,37,3.24,5,6.8,1.5454545454545454
27,91,3.074074074074074,6,5.0,3.4782608695652173
27,90,3.814814814814815,7,4.8125,3.347826086956522
21,66,3.142857142857143,7,4.7272727272727275,3.0588235294117645
28,133,3.7142857142857144,7,6.142857142857143,5.375
25,37,3.24,5,6.8,1.5454545454545454
24,83,3.6666666666666665,7,6.076923076923077,3.95
29,141,3.6551724137931036,7,6.428571428571429,5.4
30,100,3.566666666666667,6,4.666666666666667,2.6923076923076925
28,68,3.4285714285714284,6,4.2,2.625
23,70,3.0869565217391304,5,4.428571428571429,3.263157894736842
25,37,3.24,5,6.8,1.5454545454545454
27,66,3.5185185185185186,6,4.357142857142857,2.652173913043478
24,35,3.2083333333333335,5,5.333333333333333,1.5238095238095237
23,56,2.5652173913043477,5,5.375,2.8666666666666667
27,71,3.3703703703703702,6,3.6666666666666665,2.869565217391304
23,71,3.3043478260869565,7,3.125,2.6315789473684212
17,32,2.3529411764705883,4,3.75,1.25
24,80,2.875,5,3.8947368421052633,3.7
24,34,3.2916666666666665,5,6.2,1.4761904761904763
22,69,3.5454545454545454,7,4.615384615384615,3.3333333333333335
25,60,2.48,5,4.555555555555555,2.2777777777777777
30,80,2.6333333333333333,4,6.25,2.1739130434782608
27,90,3.6296296296296298,7,4.9411764705882355,3.652173913043478
16,29,2.3125,4,2.8,1.2727272727272727
17,35,2.3529411764705883,4,3.6,1.5
23,61,2.869565217391304,5,4.230769230769231,2.8947368421052633
21,38,2.6666666666666665,5,2.8,1.75
20,28,1.55,3,3.5,1.5555555555555556
28,95,3.857142857142857,7,6.5,3.7916666666666665
24,33,1.3333333333333333,2,3.3333333333333335,1.25
23,27,1.2173913043478262,2,5.0,1.0
18,45,3.5,6,3.888888888888889,2.5
26,76,2.8846153846153846,5,4.333333333333333,2.4761904761904763
27,128,4.074074074074074,7,6.2631578947368425,5.173913043478261
21,68,3.380952380952381,6,4.230769230769231,3.235294117647059
23,83,3.6956521739130435,7,4.176470588235294,3.736842105263158
20,55,3.3,6,4.0,3.0
25,118,3.6,8,4.7272727272727275,4.9523809523809526
25,57,2.08,5,3.5555555555555554,2.1333333333333333
22,82,3.272727272727273,6,5.769230769230769,4.166666666666667
27,108,3.5925925925925926,7,4.2631578947368425,3.6818181818181817
25,44,2.28,3,6.5,1.95
25,77,3.88,7,4.857142857142857,3.238095238095238
24,39,3.25,5,4.25,1.619047619047619
30,138,4.3,8,5.666666666666667,4.576923076923077
28,91,2.607142857142857,5,4.4,3.6666666666666665
26,94,3.8846153846153846,7,5.375,3.909090909090909
15,28,1.4666666666666666,2,3.25,1.8571428571428572
22,66,3.1818181818181817,6,4.357142857142857,3.388888888888889
22,65,3.0454545454545454,5,5.0,3.3333333333333335
24,69,3.75,7,4.5,3.15
22,52,2.590909090909091,5,3.4166666666666665,2.5625
23,37,3.3043478260869565,5,4.0,1.6
21,30,1.619047619047619,4,2.6,1.3
27,87,3.4074074074074074,6,5.466666666666667,3.5652173913043477
25,79,3.28,6,5.357142857142857,3.5714285714285716
27,103,3.111111111111111,6,5.105263157894737,4.217391304347826
17,32,2.0,3,3.75,1.5
22,60,2.909090909090909,6,4.0,3.111111111111111
21,69,3.6666666666666665,7,4.583333333333333,3.235294117647059
28,102,2.8214285714285716,6,5.0,3.9473684210526314
26,91,3.576923076923077,7,5.4375,3.9545454545454546
23,60,3.391304347826087,6,3.857142857142857,2.8421052631578947
20,36,2.0,3,4.166666666666667,1.9230769230769231
22,63,3.0454545454545454,6,4.071428571428571,3.1666666666666665
20,35,2.15,4,5.75,1.7692307692307692
29,135,4.413793103448276,8,6.095238095238095,5.12
22,43,3.590909090909091,6,3.8,2.0
23,61,2.5652173913043477,5,6.0,3.2
16,31,1.9375,3,3.75,1.6666666666666667
23,56,3.3043478260869565,5,4.166666666666667,2.6315789473684212
23,56,2.0434782608695654,4,5.833333333333333,2.6923076923076925
23,77,3.869565217391304,8,4.357142857142857,3.210526315789474
25,91,3.4,6,5.375,4.095238095238095
23,58,3.3043478260869565,5,4.333333333333333,2.736842105263158
16,35,1.625,3,3.1666666666666665,2.375
30,156,3.966666666666667,7,6.478260869565218,5.730769230769231
22,43,2.227272727272727,4,7.25,1.9333333333333333
28,95,3.0714285714285716,6,4.611111111111111,3.608695652173913
27,101,4.037037037037037,8,5.052631578947368,4.173913043478261
25,74,2.84,5,4.714285714285714,3.142857142857143
27,105,2.888888888888889,5,5.2105263157894735,4.304347826086956
24,47,3.6666666666666665,6,4.666666666666667,2.0
28,138,3.5357142857142856,7,6.285714285714286,5.5
28,91,2.2857142857142856,5,6.5,4.0625
26,75,3.3461538461538463,6,4.733333333333333,3.227272727272727
25,41,3.32,5,7.2,1.6363636363636365
28,97,3.4285714285714284,6,5.133333333333334,3.2083333333333335
31,130,4.32258064516129,8,7.666666666666667,4.2592592592592595
15,30,1.5333333333333334,2,3.75,1.875
16,34,2.1875,4,3.0,1.8
22,37,2.3181818181818183,4,4.833333333333333,1.8125
23,37,3.1739130434782608,5,4.125,1.65
19,34,1.7894736842105263,3,4.0,2.2222222222222223
29,94,3.8620689655172415,6,6.357142857142857,3.56
26,79,3.230769230769231,6,5.615384615384615,3.3181818181818183
24,53,2.75,5,3.4615384615384617,2.3684210526315788
24,81,2.875,5,3.9473684210526314,3.75
23,35,3.1739130434782608,5,4.571428571428571,1.6
27,56,3.5555555555555554,6,4.636363636363637,2.217391304347826
30,135,3.1666666666666665,6,5.863636363636363,4.961538461538462
23,37,3.1739130434782608,5,4.25,1.7
19,34,1.8421052631578947,4,3.3333333333333335,2.2222222222222223
28,88,3.8214285714285716,6,5.928571428571429,3.4583333333333335
27,80,3.7037037037037037,6,5.538461538461538,3.130434782608696
16,29,1.5,2,3.5,1.75
24,37,3.25,5,4.857142857142857,1.619047619047619
24,97,4.208333333333333,8,5.111111111111111,4.6
29,71,3.6206896551724137,6,4.125,2.64
28,128,3.107142857142857,6,5.761904761904762,5.041666666666667
27,80,2.2222222222222223,4,4.666666666666667,2.8
25,64,3.48,6,3.933333333333333,2.8095238095238093
15,22,1.3333333333333333,2,2.3333333333333335,1.4
25,72,2.84,5,5.416666666666667,3.0952380952380953
23,43,2.5652173913043477,5,3.2,1.8823529411764706
23,52,3.4782608695652173,6,3.357142857142857,2.473684210526316
30,106,3.8333333333333335,7,5.9411764705882355,3.8846153846153846
25,47,2.52,4,4.125,1.5
26,82,3.769230769230769,6,6.2727272727272725,3.1363636363636362
25,49,2.0,4,4.666666666666667,2.0
20,33,1.75,3,6.333333333333333,1.7272727272727273
24,42,3.25,5,4.75,1.8095238095238095
27,106,3.185185185185185,6,6.3125,4.391304347826087
27,63,3.3333333333333335,5,4.142857142857143,2.5217391304347827
25,55,2.12,4,4.75,2.235294117647059
29,129,4.413793103448276,8,5.904761904761905,4.96
24,36,3.2083333333333335,5,5.333333333333333,1.5238095238095237
25,85,3.8,7,6.230769230769231,3.857142857142857
25,97,3.64,7,5.333333333333333,4.0
30,110,3.933333333333333,6,6.714285714285714,3.6153846153846154
30,156,4.366666666666666,8,6.521739130434782,5.769230769230769
24,37,3.2083333333333335,5,6.6,1.5714285714285714
27,131,3.4814814814814814,7,6.578947368421052,5.434782608695652
28,86,2.2857142857142856,5,5.0,4.0
28,83,3.4285714285714284,6,5.642857142857143,3.2916666666666665
16,30,1.375,2,4.666666666666667,2.3333333333333335
25,76,3.32,6,4.5,3.4285714285714284
24,36,3.25,5,6.6,1.5714285714285714
28,95,3.75,7,5.235294117647059,3.7083333333333335
24,74,3.125,5,4.928571428571429,3.45
23,35,3.130434782608696,5,5.166666666666667,1.55
27,67,2.1481481481481484,4,5.111111111111111,3.066666666666667
26,54,3.3076923076923075,5,4.083333333333333,2.227272727272727
22,39,1.9090909090909092,3,5.4,1.8
23,34,3.130434782608696,5,6.0,1.5
19,30,1.5789473684210527,3,3.75,2.142857142857143
26,86,3.6538461538461537,7,5.466666666666667,3.727272727272727
28,118,3.0357142857142856,6,6.222222222222222,4.666666666666667
16,33,1.5,3,4.5,2.5714285714285716
25,94,3.72,7,5.117647058823529,4.142857142857143
26,82,3.5,6,5.615384615384615,3.3181818181818183
25,78,2.56,5,4.333333333333333,3.0952380952380953
25,71,2.76,5,5.0,3.0952380952380953
22,54,3.0454545454545454,6,3.5,2.7222222222222223
29,133,3.793103448275862,6,6.3,5.04
21,57,2.9523809523809526,5,3.769230769230769,2.8823529411764706
22,32,3.1363636363636362,5,5.8,1.5263157894736843
29,104,3.7241379310344827,7,5.0,3.0
30,114,3.933333333333333,7,5.684210526315789,4.153846153846154
24,52,2.7083333333333335,5,5.428571428571429,2.0
22,62,3.0454545454545454,6,4.142857142857143,3.2222222222222223
30,132,4.5,8,5.7272727272727275,4.846153846153846
24,42,2.5416666666666665,4,4.875,1.8571428571428572
26,75,3.6923076923076925,6,4.909090909090909,2.347826086956522
23,55,2.782608695652174,5,5.571428571428571,2.1666666666666665
24,43,3.2083333333333335,5,4.75,1.8095238095238095
29,105,3.8620689655172415,7,5.444444444444445,3.92
28,127,3.107142857142857,6,5.761904761904762,5.041666666666667
24,39,3.25,5,4.857142857142857,1.619047619047619
28,121,4.035714285714286,8,4.666666666666667,4.083333333333333
30,122,4.4,8,7.066666666666666,4.076923076923077
21,52,2.2857142857142856,5,3.4444444444444446,2.2142857142857144
16,30,2.25,4,2.8,1.2727272727272727
22,40,2.0,3,6.75,1.8
24,37,3.2083333333333335,5,5.5,1.5714285714285714
19,37,1.8421052631578947,4,3.5,2.3333333333333335
20,41,2.15,4,3.5,1.75
26,76,3.3846153846153846,6,5.142857142857143,3.272727272727273
23,50,3.347826086956522,6,3.4615384615384617,2.3684210526315788
22,66,3.0,5,4.214285714285714,3.2777777777777777
20,50,2.85,6,3.5384615384615383,2.875
22,33,3.227272727272727,5,4.285714285714286,1.5789473684210527
28,87,2.4285714285714284,5,5.363636363636363,3.6875
29,122,4.0,8,5.523809523809524,4.64
23,59,2.8260869565217392,6,3.8181818181818183,2.3333333333333335
23,37,3.3043478260869565,5,4.857142857142857,1.7
23,63,2.391304347826087,4,5.714285714285714,2.857142857142857
29,100,4.068965517241379,7,6.2,3.72
27,79,3.0,5,5.5,2.5
22,62,3.272727272727273,6,4.461538461538462,3.2222222222222223
22,33,3.227272727272727,5,4.285714285714286,1.5789473684210527
27,65,3.6296296296296298,6,4.916666666666667,2.5652173913043477
26,71,2.4615384615384617,5,4.454545454545454,2.7222222222222223
23,42,1.826086956521739,3,6.5,1.8571428571428572
23,42,3.6956521739130435,6,4.0,1.8
28,85,2.392857142857143,5,5.8,3.411764705882353
25,62,3.36,5,4.384615384615385,2.7142857142857144
16,34,1.5625,3,4.75,2.375
16,33,1.4375,2,5.666666666666667,2.4285714285714284
26,69,2.9615384615384617,5,5.181818181818182,2.590909090909091
23,41,3.391304347826087,5,5.0,1.75
28,108,3.0,6,5.0,4.2105263157894735
25,99,3.64,7,5.222222222222222,4.476190476190476
16,36,1.75,3,4.0,2.2222222222222223
30,134,4.266666666666667,8,6.7368421052631575,4.923076923076923
31,160,4.064516129032258,7,6.954545454545454,5.666666666666667
29,111,3.3448275862068964,7,5.095238095238095,4.28
22,54,3.4545454545454546,6,3.4285714285714284,2.526315789473684
20,40,2.0,4,4.333333333333333,2.3636363636363638
19,39,1.9473684210526316,4,3.7142857142857144,2.6
27,83,3.7037037037037037,6,5.571428571428571,3.391304347826087
26,93,3.6923076923076925,7,4.777777777777778,3.909090909090909
21,41,2.3333333333333335,5,3.0,2.2
25,39,3.28,5,6.8,1.5454545454545454
23,39,1.8695652173913044,3,6.0,1.8461538461538463
28,96,3.642857142857143,7,5.625,3.75
25,79,3.0,5,4.4375,3.380952380952381
22,39,2.3181818181818183,4,5.0,1.875
24,57,3.375,6,3.7142857142857144,2.6
25,73,2.84,5,5.153846153846154,3.1904761904761907
24,48,2.75,5,3.25,2.0526315789473686
22,40,2.3636363636363638,5,4.5,1.8
25,87,3.56,7,4.277777777777778,3.6666666666666665
18,40,2.3333333333333335,4,4.333333333333333,2.1666666666666665
23,34,3.3043478260869565,5,6.2,1.55
25,76,1.96,4,5.777777777777778,3.466666666666667
25,63,3.44,6,3.8666666666666667,2.761904761904762
21,32,1.380952380952381,3,4.25,2.4285714285714284
21,31,1.380952380952381,3,4.0,2.2857142857142856
24,54,3.375,6,3.769230769230769,2.45
15,26,1.4,2,3.6666666666666665,1.8333333333333333
21,37,2.142857142857143,4,3.5,1.8666666666666667
28,93,3.5357142857142856,6,5.933333333333334,3.7083333333333335
23,30,1.434782608695652,3,3.25,1.4444444444444444
28,88,3.9285714285714284,6,6.636363636363637,3.0416666666666665
25,55,1.96,3,7.0,2.5
20,33,1.75,3,6.333333333333333,1.7272727272727273
26,61,3.423076923076923,5,4.636363636363637,2.217391304347826
30,115,3.3333333333333335,6,6.470588235294118,4.230769230769231
31,113,4.064516129032258,7,6.75,4.0
24,42,3.2083333333333335,5,5.142857142857143,1.7142857142857142
23,51,2.4347826086956523,4,6.166666666666667,2.466666666666667
26,67,3.3461538461538463,6,4.133333333333334,2.8181818181818183
15,32,1.5333333333333334,2,4.25,2.125
24,71,3.0,6,4.642857142857143,3.25
29,83,2.7241379310344827,5,5.090909090909091,2.4347826086956523
23,61,3.0434782608695654,6,4.071428571428571,3.0
16,29,1.9375,3,3.25,1.4444444444444444
18,35,1.9444444444444444,3,4.25,1.7
29,111,3.793103448275862,7,5.526315789473684,4.2
25,38,3.28,5,5.833333333333333,1.5909090909090908
21,61,3.142857142857143,6,3.1666666666666665,3.1666666666666665
28,103,3.8214285714285716,7,5.105263157894737,4.041666666666667
20,29,1.4,3,3.5,2.0
24,53,2.75,5,3.3076923076923075,2.263157894736842
25,72,3.04,5,5.5,3.142857142857143
23,54,3.391304347826087,6,3.769230769230769,2.5789473684210527
15,26,1.5333333333333334,2,3.25,1.625
23,33,3.260869565217391,5,6.0,1.5
26,106,3.3076923076923075,7,4.888888888888889,4.190476190476191
23,65,2.739130434782609,5,4.545454545454546,2.9411764705882355
28,85,3.5714285714285716,6,4.933333333333334,3.0833333333333335
23,66,2.9565217391304346,5,4.066666666666666,3.210526315789474
23,51,2.782608695652174,5,3.076923076923077,2.2222222222222223
24,86,2.8333333333333335,5,4.444444444444445,4.0
26,68,2.8461538461538463,5,5.166666666666667,2.8181818181818183
22,53,2.909090909090909,5,3.6923076923076925,2.6666666666666665
29,100,3.6206896551724137,6,6.4,3.84
24,32,1.3333333333333333,2,3.6666666666666665,1.375
24,106,4.166666666666667,8,5.611111111111111,5.05
30,126,3.7,7,6.2105263157894735,4.538461538461538
22,50,2.6818181818181817,5,3.3333333333333335,2.3529411764705883
19,35,2.1052631578947367,4,3.5714285714285716,1.9230769230769231
23,51,2.782608695652174,5,3.4166666666666665,2.2777777777777777
22,57,2.909090909090909,6,4.076923076923077,2.9444444444444446
21,56,3.0476190476190474,6,3.6923076923076925,2.823529411764706
22,60,3.0454545454545454,6,4.0,2.888888888888889
23,47,3.260869565217391,5,4.5,1.8
27,84,3.5185185185185186,7,5.571428571428571,3.391304347826087
24,55,2.7916666666666665,5,3.4615384615384617,2.3684210526315788
23,47,3.260869565217391,5,4.625,1.85
27,113,3.925925925925926,8,4.842105263157895,4.0
30,120,4.366666666666666,8,6.5,4.0
24,67,2.5833333333333335,5,6.857142857142857,2.6666666666666665
22,60,2.909090909090909,6,4.0,3.111111111111111
24,54,2.7916666666666665,5,3.2142857142857144,2.3684210526315788
29,127,4.413793103448276,8,5.5,4.84
23,38,3.1739130434782608,5,4.714285714285714,1.65
31,97,3.3548387096774195,6,5.538461538461538,2.6666666666666665
29,96,3.9655172413793105,7,6.066666666666666,3.64
28,106,3.107142857142857,6,4.545454545454546,4.166666666666667
23,37,3.1739130434782608,5,4.571428571428571,1.6
28,134,4.071428571428571,8,6.7368421052631575,5.333333333333333
27,85,2.3333333333333335,5,5.8,3.8666666666666667
27,85,3.6296296296296298,7,5.714285714285714,3.4782608695652173
25,86,3.68,8,4.705882352941177,3.8095238095238093
15,27,1.5333333333333334,2,3.5,1.75
23,34,3.217391304347826,5,6.2,1.55
21,29,1.7619047619047619,4,2.8,1.2727272727272727
26,76,3.3846153846153846,6,5.142857142857143,3.272727272727273
25,56,3.4,6,3.4,2.4285714285714284
26,100,3.6923076923076925,7,4.421052631578948,3.8181818181818183
25,88,2.96,5,4.315789473684211,3.9047619047619047
19,45,2.8421052631578947,6,3.4166666666666665,2.7333333333333334
23,60,3.652173913043478,6,3.857142857142857,2.8421052631578947
24,85,3.6666666666666665,7,4.5,3.6
20,50,3.05,6,3.4166666666666665,2.5625
22,39,3.590909090909091,6,3.6,1.894736842105263
20,42,2.1,4,4.4,1.8333333333333333
23,62,3.5652173913043477,6,4.384615384615385,3.0
23,60,3.5652173913043477,6,4.153846153846154,2.8421052631578947
20,40,2.9,6,3.1818181818181817,2.1875
21,60,2.9523809523809526,5,4.416666666666667,3.1176470588235294
28,111,4.357142857142857,8,5.578947368421052,4.416666666666667
23,48,2.5217391304347827,4,4.555555555555555,2.05
21,56,3.142857142857143,6,3.0588235294117645,2.888888888888889
28,99,2.7142857142857144,6,5.285714285714286,3.8947368421052633
24,68,3.6666666666666665,7,4.428571428571429,3.1
15,29,2.066666666666667,4,2.8,1.5555555555555556
15,28,1.8666666666666667,3,3.25,1.625
23,48,3.347826086956522,5,4.0,2.0
28,128,4.142857142857143,8,5.190476190476191,4.541666666666667
31,128,4.258064516129032,8,5.761904761904762,4.481481481481482
23,60,2.8260869565217392,5,3.642857142857143,2.6842105263157894
22,47,3.3181818181818183,5,4.1,2.1578947368421053
28,92,3.0714285714285716,6,5.0,3.3333333333333335
27,73,3.074074074074074,5,5.5,2.869565217391304
22,47,3.3181818181818183,5,4.1,2.1578947368421053
19,43,2.4210526315789473,5,4.0,1.8461538461538463
27,91,3.962962962962963,7,6.0,3.652173913043478
26,63,4.0,7,5.8,2.6363636363636362
21,61,3.0952380952380953,6,4.3076923076923075,3.2941176470588234
29,137,4.275862068965517,8,6.0,4.8
24,41,3.4166666666666665,5,5.142857142857143,1.7142857142857142
24,52,2.6666666666666665,5,4.090909090909091,2.3684210526315788
30,140,4.333333333333333,8,6.476190476190476,5.230769230769231
24,49,3.7083333333333335,6,4.4,2.0952380952380953
18,40,3.5,6,4.857142857142857,2.4285714285714284
27,85,3.2962962962962963,5,4.764705882352941,3.5217391304347827
24,46,3.25,5,4.333333333333333,1.8571428571428572
27,71,2.074074074074074,4,5.888888888888889,3.7857142857142856
25,59,3.36,5,3.857142857142857,2.5714285714285716
22,41,2.4545454545454546,4,4.428571428571429,1.8235294117647058
25,38,3.24,5,5.666666666666667,1.5454545454545454
27,59,3.4074074074074074,6,4.909090909090909,2.347826086956522
25,56,2.32,5,5.0,2.5
22,36,1.8181818181818181,3,4.4,1.8333333333333333
25,40,3.32,5,4.5,1.6363636363636365
27,69,2.0,4,6.125,3.5
26,74,3.269230769230769,5,5.0,3.1818181818181817
16,31,1.375,2,5.0,2.5
17,32,1.3529411764705883,2,5.0,2.5
25,59,2.8,5,4.545454545454546,2.380952380952381
29,129,4.413793103448276,8,6.526315789473684,4.96
24,37,3.2083333333333335,5,4.714285714285714,1.5714285714285714
28,92,3.9285714285714284,7,6.0,3.25
15,30,1.5333333333333334,2,3.2,2.0
23,40,3.1739130434782608,5,4.0,1.8
19,31,1.3157894736842106,2,5.666666666666667,2.8333333333333335
27,81,3.7037037037037037,6,6.333333333333333,3.3043478260869565
25,36,3.24,5,6.6,1.5
27,84,2.3333333333333335,5,5.363636363636363,3.933333333333333
27,67,3.3703703703703702,6,4.133333333333334,2.6956521739130435
24,63,2.7916666666666665,5,3.923076923076923,2.6842105263157894
21,32,1.2857142857142858,2,5.666666666666667,2.8333333333333335
23,33,3.130434782608696,5,6.0,1.5
27,87,3.111111111111111,6,4.529411764705882,3.347826086956522
27,91,3.814814814814815,7,5.0625,3.5217391304347827
22,70,3.1818181818181817,7,4.916666666666667,3.2777777777777777
15,24,1.5333333333333334,2,2.5,1.25
23,67,3.0434782608695654,5,4.6923076923076925,3.210526315789474
22,62,2.9545454545454546,6,3.8,3.1666666666666665
18,36,2.2777777777777777,4,3.0,1.5
24,46,3.0833333333333335,5,4.666666666666667,2.1
19,44,2.736842105263158,6,3.076923076923077,2.6666666666666665
21,55,3.0476190476190474,6,3.5384615384615383,2.7058823529411766
28,120,3.892857142857143,7,6.222222222222222,4.666666666666667
23,45,2.608695652173913,4,4.666666666666667,2.1
19,39,2.789473684210526,6,4.833333333333333,2.4166666666666665
25,86,3.52,7,4.411764705882353,3.5714285714285716
28,125,3.0,6,6.611111111111111,4.958333333333333
23,34,3.130434782608696,5,5.166666666666667,1.55
24,53,2.375,4,6.166666666666667,2.466666666666667
30,108,3.9,6,6.357142857142857,3.423076923076923
16,31,1.5,2,4.0,2.0
24,36,3.3333333333333335,5,6.6,1.5714285714285714
28,74,2.25,5,5.3,3.3125
27,64,2.962962962962963,5,5.7,2.4782608695652173
25,36,3.24,5,6.6,1.5
20,29,1.9,4,3.75,1.3636363636363635
28,83,3.7857142857142856,6,6.0,3.25
24,58,2.9166666666666665,5,3.769230769230769,2.45
24,59,2.9166666666666665,5,3.5714285714285716,2.5
25,58,2.8,5,4.9,2.3333333333333335
24,35,3.2916666666666665,5,6.4,1.5238095238095237
25,113,4.2,8,5.684210526315789,5.142857142857143
26,72,3.3846153846153846,5,3.8823529411764706,3.0
27,112,3.111111111111111,6,5.0,4.565217391304348
22,66,3.272727272727273,6,4.285714285714286,3.3333333333333335
30,128,4.466666666666667,8,5.545454545454546,4.6923076923076925
25,48,3.28,5,6.0,1.9090909090909092
27,103,3.185185185185185,6,6.125,4.260869565217392
28,83,2.2857142857142856,6,4.583333333333333,3.6666666666666665
26,85,3.3846153846153846,6,4.764705882352941,3.6818181818181817
25,39,3.32,5,7.2,1.6363636363636365
27,68,2.037037037037037,4,5.75,3.2857142857142856
26,96,4.076923076923077,8,4.421052631578948,3.8181818181818183
25,80,3.04,5,5.285714285714286,3.5238095238095237
26,97,2.8461538461538463,5,5.352941176470588,4.136363636363637
24,37,3.2083333333333335,5,5.5,1.5714285714285714
27,117,3.962962962962963,8,4.8,4.173913043478261
29,108,3.896551724137931,7,5.368421052631579,4.08
27,112,3.111111111111111,6,5.3,4.608695652173913
27,92,2.6666666666666665,5,4.411764705882353,3.260869565217391
23,35,3.130434782608696,5,5.333333333333333,1.6
27,67,2.037037037037037,4,5.625,3.2142857142857144
25,78,3.32,6,5.285714285714286,3.5238095238095237
29,109,3.9310344827586206,7,7.0,4.2
25,33,1.48,3,3.25,1.1818181818181819
24,89,3.5,7,4.052631578947368,3.6666666666666665
27,80,3.3703703703703702,6,4.117647058823529,3.0434782608695654
26,59,2.1538461538461537,4,4.625,2.0555555555555554
30,163,4.366666666666666,8,6.291666666666667,5.8076923076923075
24,48,3.25,5,4.444444444444445,1.9047619047619047
18,35,1.9444444444444444,3,4.25,1.7
26,76,3.6538461538461537,6,5.384615384615385,3.1818181818181817
23,62,3.5652173913043477,6,5.090909090909091,2.9473684210526314
20,40,2.85,6,3.1818181818181817,2.1875
23,42,3.3043478260869565,5,4.222222222222222,1.9
30,94,3.3333333333333335,6,5.230769230769231,2.6153846153846154
28,99,3.9285714285714284,7,5.529411764705882,3.9166666666666665
27,99,3.111111111111111,6,4.894736842105263,4.043478260869565
24,41,3.25,5,4.375,1.6666666666666667
20,27,1.65,3,3.25,1.1818181818181819
26,80,3.6153846153846154,6,6.083333333333333,3.3181818181818183
20,36,1.75,3,4.4,2.0
28,123,4.285714285714286,8,5.2727272727272725,4.833333333333333
23,38,3.130434782608696,5,4.125,1.65
30,113,3.433333333333333,6,5.176470588235294,3.3846153846153846
27,96,4.111111111111111,8,5.6875,3.9565217391304346
16,33,1.5,2,4.25,2.125
23,36,3.3043478260869565,5,4.428571428571429,1.55
27,103,3.2222222222222223,5,6.533333333333333,4.260869565217392
31,168,4.387096774193548,8,7.043478260869565,6.0
27,69,3.3703703703703702,6,3.764705882352941,2.782608695652174
24,69,2.3333333333333335,4,7.833333333333333,2.764705882352941
22,52,1.9545454545454546,3,6.2,2.5833333333333335
28,117,4.392857142857143,8,5.238095238095238,4.583333333333333
23,42,3.608695652173913,6,4.0,1.8
30,106,3.533333333333333,6,6.153846153846154,3.076923076923077
28,105,4.107142857142857,8,5.705882352941177,4.041666666666667
16,33,1.5,2,4.25,2.125
24,43,3.375,5,4.625,1.7619047619047619
27,100,3.6666666666666665,6,6.333333333333333,4.130434782608695
31,170,4.451612903225806,8,6.791666666666667,6.037037037037037
26,70,3.423076923076923,6,4.0625,2.9545454545454546
16,31,1.4375,2,5.0,2.142857142857143
20,58,2.95,6,4.0,3.25
30,136,4.433333333333334,8,5.863636363636363,4.961538461538462
24,51,3.8333333333333335,6,4.5,2.142857142857143
31,144,4.387096774193548,8,6.157894736842105,4.333333333333333
29,112,4.275862068965517,8,5.833333333333333,4.2
27,63,2.7777777777777777,5,4.538461538461538,2.5652173913043477
29,126,3.8620689655172415,7,5.809523809523809,4.88
24,45,3.7083333333333335,6,4.444444444444445,1.9047619047619047
21,44,2.5714285714285716,6,4.125,2.5384615384615383
20,44,2.1,4,5.4,2.25
25,70,3.2,6,4.4,3.142857142857143
25,77,2.92,6,4.6,3.2857142857142856
25,78,2.92,6,4.375,3.3333333333333335
25,41,3.32,5,5.142857142857143,1.6363636363636365
28,91,3.25,6,4.722222222222222,3.5416666666666665
28,95,3.892857142857143,7,5.25,3.5
22,70,3.1818181818181817,7,5.083333333333333,3.388888888888889
25,36,3.24,5,6.6,1.5
27,89,3.4074074074074074,6,5.153846153846154,2.9130434782608696
29,114,3.793103448275862,7,5.35,4.28
28,114,3.107142857142857,6,4.909090909090909,4.5
26,85,2.6153846153846154,5,4.6,3.2857142857142856
24,34,3.1666666666666665,5,6.2,1.4761904761904763
27,110,3.259259259259259,6,6.5,4.521739130434782
28,101,3.857142857142857,7,4.7894736842105265,3.7916666666666665
27,79,3.5555555555555554,6,4.75,2.4782608695652173
25,81,2.44,5,4.266666666666667,3.2
25,36,3.24,5,6.6,1.5
19,29,1.263157894736842,2,4.0,2.4
18,32,1.4444444444444444,3,3.5,2.0
25,53,3.36,5,4.0,2.2857142857142856
27,84,3.5555555555555554,6,5.142857142857143,3.130434782608696
22,60,2.772727272727273,5,3.9285714285714284,3.0555555555555554
23,43,2.5217391304347827,4,5.0,2.0
26,82,3.8076923076923075,7,5.0,3.1818181818181817
26,86,3.1153846153846154,5,5.357142857142857,3.409090909090909
23,36,3.1739130434782608,5,4.571428571428571,1.6
25,88,3.76,7,5.6,4.0
19,38,1.894736842105263,3,4.75,1.9
28,86,3.7857142857142856,6,6.230769230769231,3.375
24,59,2.6666666666666665,5,3.9166666666666665,2.611111111111111
21,33,1.380952380952381,3,4.25,2.4285714285714284
22,56,2.772727272727273,5,3.7142857142857144,2.888888888888889
24,80,2.875,5,3.8947368421052633,3.7
26,82,2.5,4,4.266666666666667,2.909090909090909
24,35,3.1666666666666665,5,6.4,1.5238095238095237
27,124,3.4074074074074074,7,6.2105263157894735,5.130434782608695
31,109,4.419354838709677,8,6.117647058823529,3.8518518518518516
23,35,3.1739130434782608,5,4.571428571428571,1.6
29,63,3.5517241379310347,6,4.833333333333333,2.32
23,35,3.1739130434782608,5,4.571428571428571,1.6
20,38,1.95,3,4.5,1.6363636363636365
28,84,3.7857142857142856,6,6.076923076923077,3.2916666666666665
26,59,3.6153846153846154,6,5.4,2.4545454545454546
22,58,3.0454545454545454,6,4.076923076923077,2.9444444444444446
16,30,1.4375,2,3.5,2.0
29,121,3.7241379310344827,6,6.105263157894737,4.64
24,69,3.0833333333333335,5,4.428571428571429,3.1
23,33,3.0869565217391304,5,6.0,1.5
20,27,1.85,4,3.5,1.2727272727272727
19,40,2.210526315789474,4,4.2,1.75
25,67,3.28,6,4.5,3.0
23,65,3.0,5,4.916666666666667,3.1052631578947367
24,69,3.0416666666666665,5,5.25,3.15
24,66,3.2916666666666665,6,4.133333333333334,3.1
22,37,1.9090909090909092,3,6.0,1.6
22,31,3.1818181818181817,5,5.6,1.4736842105263157
21,52,2.2857142857142856,4,4.428571428571429,2.5833333333333335
27,58,3.5185185185185186,6,3.7857142857142856,2.3043478260869565
24,75,3.125,5,4.6,3.45
25,75,3.28,6,4.6,3.2857142857142856
30,130,4.366666666666666,8,6.631578947368421,4.846153846153846
24,33,1.5833333333333333,3,2.8,1.2727272727272727
22,72,3.3181818181818183,6,4.357142857142857,3.210526315789474
25,75,3.44,6,4.2,3.0
26,56,1.9230769230769231,4,5.333333333333333,1.8823529411764706
30,167,4.366666666666666,8,6.666666666666667,6.153846153846154
24,45,3.25,5,4.75,1.8095238095238095
25,71,4.04,7,4.769230769230769,2.8181818181818183
24,41,3.2083333333333335,5,5.833333333333333,1.6666666666666667
28,82,2.6785714285714284,6,5.181818181818182,3.3529411764705883
26,66,3.5384615384615383,6,4.066666666666666,2.772727272727273
25,55,3.36,6,4.8,2.2857142857142856
22,60,3.272727272727273,6,5.0,3.0555555555555554
25,40,3.32,5,7.2,1.6363636363636365
27,131,3.4444444444444446,7,6.578947368421052,5.434782608695652
26,67,3.4615384615384617,6,4.066666666666666,2.772727272727273
31,142,4.096774193548387,7,6.55,4.851851851851852
22,62,3.272727272727273,6,4.071428571428571,3.1666666666666665
23,49,2.4782608695652173,5,3.5,2.1875
24,36,3.2083333333333335,5,5.5,1.5714285714285714
27,94,3.185185185185185,6,5.0,3.4782608695652173
26,91,3.730769230769231,7,5.266666666666667,3.590909090909091
22,67,3.1818181818181817,7,4.25,2.8333333333333335
24,37,3.2083333333333335,5,6.8,1.619047619047619
30,107,3.3666666666666667,6,4.823529411764706,3.1538461538461537
26,61,3.4615384615384617,6,3.5,2.5454545454545454
22,47,1.9545454545454546,3,6.0,2.5
22,42,1.8181818181818181,3,4.6,2.090909090909091
24,72,3.0833333333333335,6,5.5,3.3
22,49,2.8181818181818183,5,3.3333333333333335,2.2222222222222223
21,31,1.4285714285714286,3,3.75,1.875
27,105,4.2592592592592595,8,5.823529411764706,4.304347826086956
22,35,3.227272727272727,5,4.0,1.6842105263157894
20,31,1.3,2,4.0,2.0
26,83,3.6538461538461537,7,5.642857142857143,3.590909090909091
23,57,2.5652173913043477,5,3.5833333333333335,2.5294117647058822
26,95,2.8461538461538463,5,4.944444444444445,4.045454545454546
18,36,2.0,3,4.5,1.6363636363636365
21,55,2.857142857142857,6,3.923076923076923,3.0
22,34,3.227272727272727,5,4.285714285714286,1.5789473684210527
20,43,2.1,4,4.6,1.9166666666666667
23,63,3.608695652173913,6,4.833333333333333,3.0526315789473686
25,52,3.36,6,4.7,2.238095238095238
21,56,3.0,6,4.0,3.0588235294117645
29,121,4.482758620689655,8,5.476190476190476,4.6
23,46,2.5217391304347827,4,4.222222222222222,1.9
27,92,3.740740740740741,6,5.923076923076923,3.347826086956522
23,54,2.0,4,5.666666666666667,2.6153846153846154
21,38,1.7619047619047619,3,7.666666666666667,1.9166666666666667
24,50,3.3333333333333335,5,4.4,2.0952380952380953
29,98,3.0344827586206895,7,4.8,3.789473684210526
26,73,3.769230769230769,7,4.4,3.0
25,54,3.36,6,4.8,2.2857142857142856
22,62,3.1818181818181817,6,4.666666666666667,3.111111111111111
24,48,3.4166666666666665,5,4.666666666666667,2.0
23,61,2.5652173913043477,5,6.714285714285714,3.1333333333333333
29,111,4.137931034482759,7,6.428571428571429,3.6
15,32,1.7333333333333334,3,4.25,1.8888888888888888
24,78,3.125,5,5.142857142857143,3.6
31,138,4.129032258064516,8,5.095238095238095,3.962962962962963
24,81,4.0,8,5.214285714285714,3.65
15,29,1.7333333333333334,3,3.75,1.6666666666666667
25,85,4.0,7,5.0625,3.857142857142857
24,61,3.8333333333333335,6,4.0,2.6666666666666665
26,85,3.8846153846153846,6,6.636363636363637,3.1739130434782608
25,72,2.84,6,4.75,3.0
24,42,3.25,5,4.625,1.7619047619047619
28,135,3.5357142857142856,7,5.863636363636363,5.375
29,105,4.241379310344827,8,5.823529411764706,3.96
21,48,2.619047619047619,5,3.3076923076923075,2.6875
23,58,3.217391304347826,6,4.0,2.736842105263158
23,51,2.608695652173913,5,3.3333333333333335,2.3529411764705883
24,36,3.1666666666666665,5,6.2,1.4761904761904763
28,91,3.9285714285714284,7,6.0,3.25
22,41,2.5454545454545454,5,4.0,1.75
24,37,3.2083333333333335,5,5.5,1.5714285714285714
27,95,3.4444444444444446,6,5.142857142857143,3.130434782608696
27,87,2.3333333333333335,5,6.1,3.8125
30,127,3.9,7,5.761904761904762,4.653846153846154
28,82,3.5357142857142856,6,5.818181818181818,2.6666666666666665
26,85,2.6538461538461537,5,5.071428571428571,3.227272727272727
25,37,3.28,5,6.8,1.5454545454545454
24,38,1.4166666666666667,3,4.75,2.111111111111111
26,87,3.8846153846153846,7,4.5,3.6818181818181817
27,108,2.925925925925926,5,5.666666666666667,4.434782608695652
27,65,2.888888888888889,5,5.6,2.4347826086956523
30,130,4.5,8,6.25,4.8076923076923075
24,35,3.2083333333333335,5,5.333333333333333,1.5238095238095237
28,97,3.6785714285714284,7,5.055555555555555,3.7916666666666665
24,45,2.5416666666666665,5,5.166666666666667,1.8235294117647058
24,35,3.1666666666666665,5,6.2,1.4761904761904763
25,82,2.56,5,5.9,3.6875
28,104,3.4642857142857144,6,5.555555555555555,4.166666666666667
24,35,3.2083333333333335,5,6.4,1.5238095238095237
19,38,1.9473684210526316,4,4.166666666666667,2.5
20,42,2.0,4,3.6666666666666665,1.8333333333333333
27,76,3.3703703703703702,6,5.538461538461538,3.130434782608696
24,50,3.3333333333333335,5,3.75,2.25
23,66,2.9130434782608696,5,4.538461538461538,3.1052631578947367
22,57,2.772727272727273,5,3.7142857142857144,2.888888888888889
29,106,4.413793103448276,8,6.3125,4.04
24,44,2.5416666666666665,4,4.555555555555555,1.9523809523809523
22,64,2.6818181818181817,6,4.818181818181818,3.7857142857142856
27,68,2.888888888888889,5,5.6,2.4347826086956523
23,39,3.130434782608696,5,4.857142857142857,1.7
28,86,2.4285714285714284,5,6.0,3.75
26,65,3.3846153846153846,6,4.285714285714286,2.727272727272727
23,54,2.608695652173913,5,3.4166666666666665,2.411764705882353
21,38,1.9523809523809523,4,3.2857142857142856,1.6428571428571428
23,34,3.130434782608696,5,5.166666666666667,1.55
28,96,3.6785714285714284,7,4.7368421052631575,3.75
25,79,3.08,5,5.214285714285714,3.4761904761904763
23,34,3.130434782608696,5,5.166666666666667,1.55
20,44,1.9,3,4.8,1.7142857142857142
27,78,3.4444444444444446,6,5.6923076923076925,3.217391304347826
25,52,3.36,5,3.6153846153846154,2.238095238095238
22,38,1.9090909090909092,3,5.4,1.8
25,57,2.6,5,5.0,2.25
29,123,4.310344827586207,8,6.2631578947368425,4.76
25,36,3.24,5,6.6,1.5
28,75,2.2142857142857144,5,5.1,3.1875
25,50,3.36,5,3.75,2.142857142857143
25,57,2.6,5,5.0,2.25
23,33,3.0869565217391304,5,6.0,1.5
28,96,3.6785714285714284,7,4.7368421052631575,3.75
29,125,3.103448275862069,6,5.95,4.76
23,35,3.1739130434782608,5,4.571428571428571,1.6
23,35,1.391304347826087,2,8.5,1.8888888888888888
28,88,3.75,6,6.384615384615385,3.4583333333333335
23,33,3.130434782608696,5,6.0,1.5
28,89,2.607142857142857,5,4.846153846153846,3.7058823529411766
29,120,4.0,8,5.428571428571429,4.56
22,58,2.6818181818181817,5,4.555555555555555,2.411764705882353
23,33,3.130434782608696,5,6.0,1.5
27,89,3.814814814814815,7,5.3125,3.6956521739130435
25,56,3.4,6,3.642857142857143,2.4285714285714284
23,70,3.0869565217391304,5,5.0,3.4210526315789473
22,68,3.227272727272727,6,4.133333333333334,3.4444444444444446
29,108,3.9310344827586206,7,7.428571428571429,4.16
24,32,1.4583333333333333,3,3.0,1.2
23,27,1.2173913043478262,2,5.0,1.0
18,46,3.5,6,4.0,2.5714285714285716
23,70,2.782608695652174,6,3.8461538461538463,2.9411764705882355
27,129,4.074074074074074,7,6.666666666666667,5.217391304347826
21,68,3.4761904761904763,6,4.076923076923077,2.9444444444444446
22,76,3.590909090909091,7,4.266666666666667,3.5555555555555554
20,59,3.3,6,4.166666666666667,3.125
26,131,3.6538461538461537,7,5.476190476190476,5.2272727272727275
25,59,2.44,5,3.7777777777777777,2.0
22,84,3.272727272727273,6,5.846153846153846,4.222222222222222
28,111,3.892857142857143,7,4.611111111111111,3.608695652173913
24,45,2.25,3,5.714285714285714,2.1052631578947367
25,115,3.96,8,5.631578947368421,5.095238095238095
29,104,3.3793103448275863,6,4.588235294117647,3.391304347826087
27,64,2.5185185185185186,4,5.333333333333333,2.2857142857142856
29,168,4.241379310344827,8,6.153846153846154,6.4
24,39,3.2083333333333335,5,4.857142857142857,1.619047619047619
28,142,4.107142857142857,8,6.8,5.666666666666667
28,84,2.2857142857142856,5,5.2727272727272725,3.8666666666666667
28,96,3.642857142857143,7,5.352941176470588,3.7916666666666665
16,28,1.375,2,4.0,2.0
25,80,3.32,6,4.75,3.619047619047619
30,149,4.033333333333333,7,6.761904761904762,5.461538461538462
24,74,3.0416666666666665,5,4.857142857142857,3.4
24,39,3.25,5,4.857142857142857,1.619047619047619
28,72,3.4642857142857144,6,4.785714285714286,2.7916666666666665
24,39,3.25,5,4.25,1.619047619047619
27,126,4.0,8,5.55,4.826086956521739
28,120,4.464285714285714,8,6.052631578947368,4.791666666666667
23,63,2.652173913043478,5,4.2727272727272725,2.764705882352941
28,75,2.6785714285714284,4,5.875,2.238095238095238
26,89,2.423076923076923,4,4.125,3.142857142857143
29,134,4.310344827586207,8,6.7368421052631575,5.12
24,53,3.3333333333333335,6,4.0,2.0952380952380953
21,68,2.9523809523809526,5,4.166666666666667,3.3333333333333335
29,118,4.344827586206897,8,6.8,4.08
26,77,2.6538461538461537,5,6.875,2.75
22,70,3.272727272727273,6,4.642857142857143,3.611111111111111
25,49,3.32,5,4.777777777777778,1.9545454545454546
30,114,4.433333333333334,8,6.0,3.923076923076923
23,70,2.782608695652174,5,3.857142857142857,3.0
30,154,4.366666666666666,8,6.083333333333333,5.615384615384615
23,49,3.6956521739130435,6,4.3,2.15
29,78,3.9310344827586206,7,6.0,2.88
26,83,3.0,6,5.083333333333333,3.05
23,45,1.9130434782608696,3,5.4,1.8
24,54,3.8333333333333335,6,4.8,2.2857142857142856
22,51,2.8636363636363638,5,4.666666666666667,2.625
30,133,4.0,7,5.7272727272727275,4.846153846153846
22,70,3.0454545454545454,5,4.571428571428571,3.5555555555555554
22,47,2.1363636363636362,4,4.857142857142857,2.6153846153846154
25,72,3.2,5,4.533333333333333,3.238095238095238
16,29,1.4375,2,4.333333333333333,1.8571428571428572
30,138,3.9,7,6.380952380952381,5.153846153846154
25,55,2.6,4,5.555555555555555,2.272727272727273
21,71,3.9047619047619047,8,4.785714285714286,3.7222222222222223
28,101,2.4642857142857144,5,7.090909090909091,4.588235294117647
27,67,2.925925925925926,6,4.3076923076923075,2.4347826086956523
24,45,3.25,5,5.571428571428571,1.8571428571428572
27,91,2.3703703703703702,5,6.6,4.125
27,95,3.3703703703703702,6,4.7894736842105265,3.9565217391304346
25,62,3.44,6,3.8,2.7142857142857144
21,38,2.238095238095238,4,3.625,1.9333333333333333
30,146,4.3,8,6.714285714285714,5.423076923076923
24,37,3.25,5,4.25,1.619047619047619
28,136,3.5,7,6.5,5.416666666666667
28,90,2.3214285714285716,5,6.4,4.0
27,70,2.888888888888889,6,4.538461538461538,2.5652173913043477
24,37,3.25,5,4.857142857142857,1.619047619047619
28,111,3.357142857142857,6,6.5625,4.375
31,109,4.064516129032258,7,6.4375,3.814814814814815
26,67,3.8846153846153846,7,6.0,2.727272727272727
24,70,3.2916666666666665,6,4.333333333333333,3.25
15,26,1.4666666666666666,2,2.75,1.5714285714285714
23,62,3.0,6,4.142857142857143,3.0526315789473686
25,74,2.76,5,4.533333333333333,3.238095238095238
19,41,1.9473684210526316,3,4.833333333333333,2.4166666666666665
23,47,2.652173913043478,5,3.1666666666666665,2.111111111111111
29,106,3.6551724137931036,7,6.0,4.08
24,37,3.25,5,4.857142857142857,1.619047619047619
28,94,3.9285714285714284,7,5.533333333333333,3.4583333333333335
24,59,2.7083333333333335,5,3.8333333333333335,2.4210526315789473
27,84,3.3703703703703702,6,4.875,3.391304347826087
23,34,3.130434782608696,5,5.166666666666667,1.55
27,132,3.4444444444444446,7,6.3,5.478260869565218
27,83,2.2962962962962963,5,5.181818181818182,3.8
25,56,3.44,6,3.642857142857143,2.4285714285714284
28,101,3.107142857142857,6,4.523809523809524,3.9583333333333335
23,35,3.1739130434782608,5,4.571428571428571,1.6
22,58,2.3181818181818183,4,5.571428571428571,3.0
28,60,3.5357142857142856,6,3.9285714285714284,2.2916666666666665
16,25,1.375,2,3.0,1.5
23,66,3.217391304347826,6,4.285714285714286,3.1578947368421053
24,70,2.9583333333333335,5,4.846153846153846,3.15
24,37,3.25,5,4.857142857142857,1.619047619047619
23,53,2.4347826086956523,4,6.333333333333333,2.533333333333333
30,102,3.933333333333333,6,5.928571428571429,3.1923076923076925
16,28,1.5,2,3.0,1.5
23,33,3.130434782608696,5,6.0,1.5
27,128,3.4444444444444446,7,6.421052631578948,5.304347826086956
27,79,2.185185185185185,5,5.2,3.466666666666667
26,80,3.3846153846153846,6,5.066666666666666,3.4545454545454546
25,73,3.28,6,4.6,3.2857142857142856
28,112,4.392857142857143,8,5.631578947368421,4.458333333333333
23,43,2.5217391304347827,4,5.0,2.0
26,84,3.8461538461538463,7,5.384615384615385,3.1818181818181817
25,50,2.0,4,4.833333333333333,2.0714285714285716
23,36,1.608695652173913,3,6.333333333333333,1.5833333333333333
25,36,3.24,5,6.6,1.5
23,51,2.4347826086956523,4,6.0,2.4
30,110,3.933333333333333,6,6.571428571428571,3.5384615384615383
16,28,1.5,2,3.0,1.5
25,37,3.28,5,6.8,1.5454545454545454
27,127,3.4444444444444446,7,6.368421052631579,5.260869565217392
27,79,2.185185185185185,5,4.7272727272727275,3.466666666666667
27,67,2.888888888888889,6,4.3076923076923075,2.4347826086956523
25,38,3.28,5,7.0,1.5909090909090908
27,67,2.037037037037037,4,5.5,3.142857142857143
25,53,3.4,6,3.4285714285714284,2.2857142857142856
26,81,3.076923076923077,6,5.769230769230769,3.409090909090909
24,52,2.9166666666666665,5,3.0714285714285716,2.15
24,77,2.875,5,3.736842105263158,3.55
20,52,2.9,6,3.4285714285714284,3.0
23,47,2.739130434782609,5,3.0833333333333335,2.0555555555555554
24,53,3.375,6,3.4285714285714284,2.4
22,43,2.5454545454545454,5,2.8181818181818183,1.9375
26,78,3.5384615384615383,6,5.5,3.0
19,42,2.4210526315789473,5,3.1666666666666665,2.533333333333333
22,33,3.1818181818181817,5,5.0,1.5789473684210527
22,57,2.4545454545454546,4,5.428571428571429,2.7142857142857144
28,92,4.107142857142857,7,6.214285714285714,3.625
24,63,2.7083333333333335,5,4.666666666666667,2.3333333333333335
27,76,2.888888888888889,5,4.333333333333333,2.3636363636363638
23,63,2.9565217391304346,5,4.75,3.0
23,72,2.8260869565217392,5,4.125,3.473684210526316
20,51,2.9,5,4.090909090909091,2.8125
21,30,3.142857142857143,5,4.5,1.5
28,80,2.357142857142857,5,5.2,3.25
28,113,3.9642857142857144,8,5.631578947368421,4.458333333333333
23,68,3.0869565217391304,5,4.5,3.3157894736842106
22,33,3.227272727272727,5,5.0,1.5789473684210527
20,25,1.55,3,3.6666666666666665,1.1
25,73,3.72,6,6.181818181818182,3.238095238095238
22,40,2.1818181818181817,3,6.0,1.7647058823529411
26,62,2.8461538461538463,5,5.3,2.409090909090909
23,44,2.5217391304347827,4,5.0,2.0
24,94,3.7916666666666665,8,5.0588235294117645,4.3
29,113,4.0344827586206895,7,5.555555555555555,4.0
23,45,3.1739130434782608,5,3.9,1.95
19,39,2.263157894736842,4,3.5714285714285716,2.0833333333333335
26,62,3.3076923076923075,5,4.3076923076923075,2.5454545454545454
26,94,3.730769230769231,7,6.214285714285714,3.9545454545454546
24,59,2.75,5,3.5,2.5789473684210527
26,53,2.576923076923077,5,6.0,1.894736842105263
26,98,3.6923076923076925,7,4.666666666666667,3.8181818181818183
17,41,2.588235294117647,4,4.5,2.076923076923077
22,35,3.227272727272727,5,4.285714285714286,1.5789473684210527
19,39,2.0526315789473686,4,4.0,1.8181818181818181
25,57,3.36,5,4.333333333333333,2.4761904761904763
24,40,1.75,4,4.5,1.3846153846153846
23,57,3.5652173913043477,6,4.333333333333333,2.736842105263158
26,103,3.6923076923076925,7,4.7368421052631575,4.090909090909091
16,30,1.5625,2,3.75,1.6666666666666667
23,37,3.3043478260869565,5,4.857142857142857,1.7
20,32,1.9,4,3.2,1.4545454545454546
25,76,3.6,6,5.833333333333333,3.3333333333333335
27,115,2.925925925925926,5,5.45,4.739130434782608
27,110,3.7777777777777777,7,5.411764705882353,4.0
23,39,3.3043478260869565,5,5.0,1.75
20,34,1.8,4,3.75,1.3636363636363635
27,74,3.074074074074074,5,5.5,2.869565217391304
23,45,3.4347826086956523,5,3.9,1.95
26,99,3.576923076923077,6,6.266666666666667,4.2727272727272725
29,120,4.344827586206897,8,6.388888888888889,4.6
23,61,3.347826086956522,6,4.230769230769231,2.8947368421052633
24,44,3.4166666666666665,5,5.571428571428571,1.8571428571428572
29,92,4.0344827586206895,7,5.25,3.36
25,74,2.84,6,4.25,2.8333333333333335
31,105,3.4516129032258065,6,5.571428571428571,3.0
26,95,2.6538461538461537,5,4.933333333333334,3.7
22,71,2.6363636363636362,5,4.846153846153846,3.7058823529411766
26,110,3.423076923076923,7,4.85,4.85
27,59,2.962962962962963,5,5.777777777777778,2.1666666666666665
20,63,3.4,6,4.818181818181818,3.533333333333333
17,34,2.0588235294117645,4,4.0,2.0
26,70,3.730769230769231,6,5.0,2.9545454545454546
24,78,3.125,5,4.733333333333333,3.55
23,60,3.0,6,3.6666666666666665,2.8947368421052633
25,39,3.24,5,6.6,1.5
21,36,2.142857142857143,5,3.6666666666666665,2.0
26,62,2.8076923076923075,5,4.3076923076923075,2.5454545454545454
30,155,4.366666666666666,8,7.142857142857143,5.769230769230769
24,39,3.2083333333333335,5,4.857142857142857,1.619047619047619
27,68,2.0,4,6.125,3.5
26,60,2.923076923076923,5,5.0,2.5
25,38,3.24,5,6.6,1.5
27,67,2.037037037037037,4,5.444444444444445,3.5
26,62,3.3076923076923075,5,4.384615384615385,2.590909090909091
26,85,3.1153846153846154,5,5.266666666666667,3.590909090909091
27,102,3.111111111111111,6,5.052631578947368,4.173913043478261
23,66,3.130434782608696,6,4.133333333333334,3.263157894736842
16,29,1.375,2,4.333333333333333,2.1666666666666665
28,98,3.892857142857143,7,5.875,3.9166666666666665
24,35,1.4166666666666667,3,3.0,1.3333333333333333
25,30,1.24,2,6.0,1.0
18,42,3.5,6,3.6666666666666665,2.357142857142857
22,78,3.909090909090909,7,4.785714285714286,3.526315789473684
23,90,4.043478260869565,8,5.733333333333333,4.526315789473684
22,45,3.0454545454545454,6,3.6363636363636362,2.1052631578947367
19,47,3.1052631578947367,5,4.333333333333333,2.6
26,78,2.8461538461538463,5,4.153846153846154,2.7
21,66,3.3333333333333335,6,3.8461538461538463,2.7777777777777777
23,77,3.3043478260869565,6,6.083333333333333,3.8421052631578947
25,83,2.8,6,4.066666666666666,3.8125
25,47,2.36,3,6.0,2.1
19,41,3.1052631578947367,6,4.428571428571429,2.3846153846153846
26,93,3.923076923076923,7,4.421052631578948,3.8181818181818183
27,111,2.962962962962963,6,5.833333333333333,4.565217391304348
24,36,3.1666666666666665,5,6.2,1.4761904761904763
27,55,3.4074074074074074,6,4.545454545454546,2.1739130434782608
16,28,1.375,2,4.333333333333333,2.1666666666666665
26,80,3.269230769230769,6,4.6875,3.409090909090909
24,36,3.1666666666666665,5,6.2,1.4761904761904763
27,130,3.8518518518518516,8,6.526315789473684,5.391304347826087
27,82,2.3333333333333335,5,5.181818181818182,3.8
28,84,3.4285714285714284,6,5.333333333333333,3.3333333333333335
26,58,2.5384615384615383,5,4.6,2.1904761904761907
29,142,4.413793103448276,8,5.666666666666667,5.44
24,35,3.2083333333333335,5,6.4,1.5238095238095237
25,78,3.96,7,4.466666666666667,3.1904761904761907
17,27,1.3529411764705883,2,3.3333333333333335,1.6666666666666667
26,92,3.730769230769231,7,5.0,3.8636363636363638
22,60,2.9545454545454546,6,3.9285714285714284,3.0555555555555554
17,34,2.3529411764705883,4,3.6,1.5
28,110,4.285714285714286,8,5.777777777777778,4.333333333333333
24,34,3.1666666666666665,5,6.2,1.4761904761904763
27,101,3.185185185185185,6,6.0,4.173913043478261
26,54,3.3846153846153846,5,4.083333333333333,2.227272727272727
25,52,2.44,5,5.5,1.9411764705882353
23,67,3.217391304347826,6,4.357142857142857,3.210526315789474
28,116,4.178571428571429,8,6.222222222222222,4.666666666666667
24,34,1.4166666666666667,3,2.75,1.2222222222222223
24,29,1.25,2,6.0,1.0
24,69,3.9166666666666665,7,5.0,2.75
24,63,2.0833333333333335,4,4.3,3.5833333333333335
30,63,2.1333333333333333,4,6.8,2.2666666666666666
27,62,1.5925925925925926,3,4.375,2.9166666666666665
23,88,3.8260869565217392,7,6.363636363636363,3.6842105263157894
26,100,3.769230769230769,7,4.352941176470588,3.3636363636363638
25,47,2.32,3,6.0,2.1
24,86,3.4166666666666665,7,4.105263157894737,3.9
26,92,3.8461538461538463,7,4.588235294117647,3.5454545454545454
27,105,3.111111111111111,6,4.714285714285714,4.304347826086956
24,41,3.2083333333333335,5,4.625,1.7619047619047619
28,61,3.5357142857142856,6,4.3076923076923075,2.3333333333333335
24,36,3.1666666666666665,5,5.333333333333333,1.5238095238095237
28,91,2.7142857142857144,6,5.153846153846154,3.9411764705882355
26,73,3.769230769230769,7,4.466666666666667,3.0454545454545454
25,96,3.84,8,4.944444444444445,4.238095238095238
15,26,1.4666666666666666,2,3.25,1.8571428571428572
24,35,3.2083333333333335,5,5.333333333333333,1.5238095238095237
19,40,2.0526315789473686,4,4.333333333333333,2.3636363636363638
25,73,3.32,6,5.3076923076923075,3.2857142857142856
16,29,1.4375,2,3.25,1.8571428571428572
26,80,3.6153846153846154,6,6.166666666666667,3.3636363636363638
19,52,2.8421052631578947,5,4.181818181818182,3.066666666666667
26,84,2.6153846153846154,5,4.666666666666667,3.1818181818181817
30,151,3.9,7,6.636363636363637,5.615384615384615
21,37,1.9523809523809523,4,3.5714285714285716,1.7857142857142858
29,127,4.344827586206897,8,6.833333333333333,4.92
25,46,2.32,3,5.857142857142857,2.05
23,88,3.5652173913043477,7,5.25,4.421052631578948
23,56,2.608695652173913,5,3.3333333333333335,2.3529411764705883
24,41,3.2083333333333335,5,6.0,1.7142857142857142
27,133,3.962962962962963,8,6.684210526315789,5.521739130434782
27,83,2.3333333333333335,5,5.181818181818182,3.8
27,89,3.6296296296296298,7,5.6,3.652173913043478
25,90,2.88,6,4.666666666666667,4.0
15,26,1.5333333333333334,2,3.25,1.625
24,38,3.375,5,5.833333333333333,1.6666666666666667
25,89,3.12,5,6.0,4.0
27,97,4.296296296296297,8,4.9411764705882355,3.652173913043478
25,81,3.04,5,5.0,3.5714285714285716
27,114,2.925925925925926,5,5.684210526315789,4.695652173913044
25,59,3.4,6,3.857142857142857,2.5714285714285716
25,79,2.76,5,5.142857142857143,3.4285714285714284
23,55,2.6956521739130435,5,3.3846153846153846,2.588235294117647
23,67,2.869565217391304,5,4.285714285714286,3.1578947368421053
22,51,2.6818181818181817,5,3.4166666666666665,2.5625
19,27,1.368421052631579,2,4.666666666666667,2.0
22,39,3.590909090909091,6,3.6,1.894736842105263
19,29,1.3157894736842106,2,4.0,2.0
25,60,3.36,5,4.153846153846154,2.5714285714285716
16,31,1.5,2,3.75,1.875
28,81,2.8214285714285716,5,6.75,2.4545454545454546
22,63,3.272727272727273,6,4.538461538461538,3.2777777777777777
24,62,2.6666666666666665,5,3.5,2.7222222222222223
24,86,2.8333333333333335,5,4.444444444444445,4.0
24,71,3.125,5,4.642857142857143,3.25
23,45,3.6956521739130435,6,4.0,2.0
30,123,3.8666666666666667,7,5.647058823529412,3.6923076923076925
27,101,4.074074074074074,8,5.75,4.0
26,104,3.1153846153846154,6,4.619047619047619,4.409090909090909
24,50,3.8333333333333335,6,4.4,2.0952380952380953
29,92,4.0344827586206895,7,5.375,3.44
24,46,3.4166666666666665,5,5.714285714285714,1.9047619047619047
27,63,2.7777777777777777,5,4.538461538461538,2.5652173913043477
27,75,2.2962962962962963,4,6.444444444444445,3.411764705882353
25,74,3.04,6,5.3076923076923075,3.2857142857142856
24,53,2.75,5,3.4615384615384617,2.3684210526315788
21,48,2.0,4,5.0,2.9166666666666665
25,41,3.32,5,5.142857142857143,1.6363636363636365
21,43,2.3333333333333335,5,4.285714285714286,2.5
17,33,1.4705882352941178,3,4.5,2.5714285714285716
24,68,2.9583333333333335,5,5.25,3.15
23,51,2.8260869565217392,5,3.3076923076923075,2.263157894736842
21,51,2.761904761904762,5,3.1333333333333333,2.764705882352941
24,36,3.2916666666666665,5,5.5,1.5714285714285714
27,56,3.5555555555555554,6,4.7272727272727275,2.260869565217391
24,52,2.25,5,4.625,2.466666666666667
22,39,2.227272727272727,4,6.25,1.6666666666666667
24,38,3.25,5,4.857142857142857,1.619047619047619
20,42,3.1,5,4.625,2.3125
27,100,3.6666666666666665,7,4.611111111111111,3.608695652173913
27,91,3.7037037037037037,7,6.538461538461538,3.6956521739130435
25,91,2.88,5,4.25,4.0476190476190474
25,40,3.28,5,7.0,1.5909090909090908
27,130,3.4074074074074074,7,6.888888888888889,5.391304347826087
28,88,2.5357142857142856,5,5.083333333333333,3.588235294117647
26,82,3.3846153846153846,6,4.588235294117647,3.5454545454545454
25,37,3.28,5,6.8,1.5454545454545454
23,59,3.260869565217391,7,4.363636363636363,2.823529411764706
27,88,3.3703703703703702,6,5.25,3.652173913043478
26,84,3.1153846153846154,5,4.875,3.5454545454545454
26,86,3.1153846153846154,5,4.705882352941177,3.6363636363636362
24,71,3.2083333333333335,6,4.466666666666667,3.35
17,32,1.8823529411764706,3,3.75,1.6666666666666667
29,104,4.068965517241379,7,6.6,3.96
23,44,2.5652173913043477,4,5.0,2.0
21,79,4.0,8,4.933333333333334,4.111111111111111
28,92,2.357142857142857,5,5.5,4.125
26,82,3.423076923076923,6,5.2,3.5454545454545454
23,55,2.6956521739130435,5,4.0,2.4444444444444446
25,38,3.28,5,6.8,1.5454545454545454
28,65,3.4642857142857144,6,4.615384615384615,2.5
16,34,1.9375,3,4.5,2.0
16,33,1.875,3,4.25,1.8888888888888888
24,36,3.2083333333333335,5,5.5,1.5714285714285714
27,54,3.5555555555555554,6,4.454545454545454,2.130434782608696
25,59,2.88,5,5.375,2.263157894736842
25,82,3.32,7,5.0,3.5714285714285716
15,24,1.5333333333333334,2,2.75,1.375
22,57,2.772727272727273,5,3.7142857142857144,2.888888888888889
22,32,3.1818181818181817,5,5.8,1.5263157894736843
27,95,3.5555555555555554,7,4.666666666666667,3.0434782608695654
29,108,3.896551724137931,7,5.666666666666667,4.08
25,96,3.12,6,4.7368421052631575,4.285714285714286
27,95,2.7777777777777777,5,5.125,3.5652173913043477
23,35,3.260869565217391,5,6.4,1.6
27,66,2.0,4,6.142857142857143,3.0714285714285716
27,78,3.4074074074074074,6,4.933333333333334,3.217391304347826
28,110,3.892857142857143,7,5.833333333333333,4.375
23,33,3.130434782608696,5,6.0,1.5
27,127,3.8518518518518516,8,6.368421052631579,5.260869565217392
28,98,2.642857142857143,6,4.733333333333333,4.176470588235294
28,87,3.4285714285714284,6,4.882352941176471,3.4583333333333335
25,37,3.28,5,6.8,1.5454545454545454
20,46,2.95,5,4.25,2.2666666666666666
29,106,3.8620689655172415,7,5.555555555555555,4.0
24,54,2.7916666666666665,5,3.3846153846153846,2.3157894736842106
21,28,1.2857142857142858,2,4.0,2.0
29,127,3.7586206896551726,6,6.15,4.92
23,65,3.0,5,4.461538461538462,3.0526315789473686
23,33,3.130434782608696,5,6.0,1.5
26,95,3.1923076923076925,6,5.6875,4.136363636363637
31,111,4.225806451612903,8,6.5,3.8518518518518516
24,58,2.7916666666666665,5,3.6153846153846154,2.473684210526316
30,125,4.5,8,5.666666666666667,4.576923076923077
24,36,3.2083333333333335,5,5.5,1.5714285714285714
19,40,2.1052631578947367,4,3.857142857142857,2.4545454545454546
28,101,3.892857142857143,7,5.166666666666667,3.875
16,32,1.5,3,4.0,2.2857142857142856
22,41,2.0454545454545454,4,4.833333333333333,1.8125
25,80,3.68,7,5.6923076923076925,3.5238095238095237
22,50,2.8181818181818183,5,3.1538461538461537,2.2777777777777777
23,50,3.3043478260869565,5,3.75,2.3684210526315788
22,46,2.6818181818181817,5,2.6923076923076925,2.0588235294117645
19,32,2.1052631578947367,4,2.75,1.6923076923076923
29,108,4.482758620689655,8,6.0,4.08
23,42,2.5217391304347827,4,4.875,1.95
26,127,3.923076923076923,8,6.1,5.545454545454546
31,128,4.258064516129032,8,5.454545454545454,4.444444444444445
27,110,3.111111111111111,6,4.9523809523809526,4.521739130434782
26,93,2.6923076923076925,5,5.0,3.6363636363636362
24,39,3.2083333333333335,5,6.8,1.619047619047619
28,91,3.0714285714285716,7,5.416666666666667,3.4210526315789473
26,65,3.4615384615384617,6,4.0,2.727272727272727
26,94,3.3846153846153846,7,5.117647058823529,3.9545454545454546
15,27,1.5333333333333334,2,3.5,1.75
23,36,3.1739130434782608,5,5.5,1.65
21,64,3.619047619047619,7,4.3076923076923075,3.2941176470588234
20,44,2.15,4,4.833333333333333,2.4166666666666665
20,51,3.1,7,4.111111111111111,2.466666666666667
29,106,3.6206896551724137,7,6.8,4.08
28,120,3.4642857142857144,7,6.333333333333333,4.75
25,57,3.4,6,3.7142857142857144,2.4761904761904763
16,28,1.375,2,4.0,2.0
25,74,3.08,6,5.230769230769231,3.238095238095238
22,51,2.6818181818181817,5,3.1538461538461537,2.411764705882353
19,28,1.368421052631579,2,4.666666666666667,2.0
27,118,4.2592592592592595,8,5.238095238095238,4.782608695652174
21,58,3.4761904761904763,7,3.5833333333333335,2.5294117647058822
21,60,3.5238095238095237,7,3.4615384615384617,2.6470588235294117
28,132,3.607142857142857,7,6.631578947368421,5.25
28,96,2.5714285714285716,5,4.857142857142857,4.0
26,91,3.6153846153846154,7,5.3125,3.8636363636363638
24,61,2.5833333333333335,5,3.75,2.5
23,47,3.1739130434782608,5,4.444444444444445,2.0
18,36,1.9444444444444444,3,4.5,1.8
27,94,3.7777777777777777,7,6.285714285714286,3.8260869565217392
21,47,2.9523809523809526,6,3.230769230769231,2.4705882352941178
20,51,2.85,6,3.6153846153846154,2.9375
23,44,3.3043478260869565,5,4.75,1.9
19,46,2.8421052631578947,5,4.142857142857143,2.0714285714285716
27,99,3.814814814814815,7,5.588235294117647,4.130434782608695
25,83,3.32,6,5.571428571428571,3.7142857142857144
22,40,2.5,5,4.285714285714286,1.7647058823529411
23,71,3.0434782608695654,5,4.333333333333333,3.4210526315789473
28,121,4.392857142857143,8,5.380952380952381,4.708333333333333
23,50,3.608695652173913,6,4.3,2.15
32,146,4.40625,8,6.2105263157894735,4.214285714285714
28,109,4.25,8,6.125,4.083333333333333
27,111,3.3703703703703702,7,4.9523809523809526,4.521739130434782
24,43,3.4166666666666665,5,5.428571428571429,1.8095238095238095
26,71,2.9615384615384617,5,4.0625,2.9545454545454546
22,55,3.409090909090909,6,3.5,2.5789473684210527
28,134,3.5357142857142856,7,6.095238095238095,5.333333333333333
28,100,2.2857142857142856,5,6.5,4.588235294117647
26,82,3.3461538461538463,6,4.588235294117647,3.5454545454545454
25,42,3.36,5,5.285714285714286,1.6818181818181819
29,118,3.413793103448276,6,6.588235294117647,4.48
29,89,2.2413793103448274,5,6.2,3.875
25,59,2.8,5,3.857142857142857,2.5714285714285716
15,26,1.4,2,3.6666666666666665,1.8333333333333333
22,36,1.7727272727272727,3,4.0,2.0
25,42,3.32,5,4.625,1.6818181818181819
27,89,3.2222222222222223,6,5.230769230769231,3.090909090909091
30,121,3.8666666666666667,7,6.052631578947368,4.423076923076923
23,57,2.6956521739130435,5,3.9166666666666665,2.611111111111111
21,37,2.142857142857143,4,3.375,1.9285714285714286
24,40,3.25,5,4.5,1.7142857142857142
28,96,3.9642857142857144,7,6.071428571428571,3.5416666666666665
23,45,2.608695652173913,5,4.571428571428571,1.8823529411764706
24,39,3.25,5,4.857142857142857,1.619047619047619
28,132,3.5714285714285716,7,6.3,5.25
28,84,2.2857142857142856,5,6.222222222222222,3.5
27,85,3.4074074074074074,6,5.4,3.5217391304347827
25,41,3.36,5,5.285714285714286,1.6818181818181819
31,98,2.6129032258064515,4,6.909090909090909,3.04
29,92,3.9655172413793105,7,5.8,3.48
16,30,1.4375,2,3.5,2.0
27,103,3.111111111111111,6,4.85,4.217391304347826
27,84,2.4444444444444446,4,4.357142857142857,2.772727272727273
29,131,4.379310344827586,8,6.3,5.04
23,46,2.608695652173913,4,5.25,2.1
21,77,4.0,8,4.8,4.0
31,107,4.387096774193548,8,6.0,3.7777777777777777
23,41,3.1739130434782608,5,4.625,1.85
23,38,1.5217391304347827,3,5.0,1.8181818181818181
28,87,3.8214285714285716,7,6.3076923076923075,3.4166666666666665
23,36,3.1739130434782608,5,4.571428571428571,1.6
27,70,2.1481481481481484,4,5.777777777777778,3.7142857142857144
26,83,3.3461538461538463,6,4.9375,3.590909090909091
24,37,3.1666666666666665,5,5.5,1.5714285714285714
20,29,1.9,4,3.75,1.3636363636363635
27,100,4.222222222222222,8,5.166666666666667,4.043478260869565
26,84,3.076923076923077,5,5.266666666666667,3.590909090909091
25,80,3.44,6,6.166666666666667,3.5238095238095237
23,49,2.652173913043478,5,3.3333333333333335,2.2222222222222223
22,56,2.772727272727273,5,3.7142857142857144,2.888888888888889
21,56,2.9523809523809526,5,4.636363636363637,3.0
22,62,2.909090909090909,5,4.666666666666667,3.111111111111111
22,32,3.090909090909091,5,4.833333333333333,1.5263157894736843
27,86,3.5555555555555554,7,5.333333333333333,3.4782608695652173
23,56,2.652173913043478,5,3.5384615384615383,2.5555555555555554
23,35,3.130434782608696,5,5.333333333333333,1.6
27,126,3.925925925925926,8,6.315789473684211,5.217391304347826
27,81,2.185185185185185,5,4.909090909090909,3.6
28,87,3.4285714285714284,6,5.1875,3.4583333333333335
24,37,3.2083333333333335,5,6.8,1.619047619047619
24,57,2.9166666666666665,6,5.25,2.625
27,86,3.3703703703703702,6,5.466666666666667,3.5652173913043477
26,84,3.269230769230769,6,5.2,3.5454545454545454
23,52,2.8260869565217392,5,3.3076923076923075,2.263157894736842
22,59,2.9545454545454546,5,4.909090909090909,3.0
23,35,3.1739130434782608,5,6.4,1.6
28,101,3.9285714285714284,7,6.571428571428571,3.8333333333333335
29,131,4.0,7,6.05,4.84
23,36,3.1739130434782608,5,4.571428571428571,1.6
27,126,3.925925925925926,8,6.315789473684211,5.217391304347826
27,83,2.3333333333333335,5,4.666666666666667,3.7333333333333334
25,80,3.6,7,4.75,3.619047619047619
24,36,3.1666666666666665,5,6.6,1.5714285714285714
27,91,3.8518518518518516,7,5.117647058823529,3.782608695652174
25,61,3.4,6,3.7333333333333334,2.6666666666666665
16,26,1.375,2,3.3333333333333335,1.6666666666666667
26,93,2.8846153846153846,5,4.578947368421052,3.9545454545454546
26,80,2.3846153846153846,4,4.214285714285714,2.8095238095238093
23,42,2.5217391304347827,4,4.875,1.95
25,121,3.8,8,5.947368421052632,5.380952380952381
28,92,2.9642857142857144,6,4.0625,3.25
27,95,3.3703703703703702,6,5.294117647058823,3.9130434782608696
24,54,2.7083333333333335,5,3.5833333333333335,2.263157894736842
24,38,3.2083333333333335,5,5.833333333333333,1.6666666666666667
29,100,3.793103448275862,7,5.222222222222222,3.76
28,125,3.107142857142857,6,5.666666666666667,4.958333333333333
23,37,3.1739130434782608,5,4.714285714285714,1.65
29,94,3.689655172413793,7,4.888888888888889,3.52
25,79,3.08,5,5.357142857142857,3.5714285714285716
23,36,3.130434782608696,5,4.571428571428571,1.6
20,26,1.55,3,3.0,1.2
26,56,3.423076923076923,6,3.642857142857143,2.3181818181818183
21,51,2.9523809523809526,6,3.75,2.8125
22,63,3.272727272727273,6,4.214285714285714,3.2777777777777777
22,38,1.9090909090909092,3,6.25,1.6666666666666667
21,29,3.0952380952380953,5,5.2,1.4444444444444444
26,115,3.8461538461538463,8,4.894736842105263,4.2272727272727275
30,113,3.933333333333333,7,5.631578947368421,4.115384615384615
28,121,3.107142857142857,6,5.476190476190476,4.791666666666667
28,111,3.0357142857142856,6,5.111111111111111,3.8333333333333335
23,36,3.1739130434782608,5,4.714285714285714,1.65
23,55,2.4347826086956523,4,6.666666666666667,2.6666666666666665
16,31,1.5,3,3.75,2.142857142857143
29,92,3.896551724137931,6,6.071428571428571,3.4
23,74,3.0869565217391304,5,4.6,3.6315789473684212
27,108,3.111111111111111,6,5.368421052631579,4.434782608695652
28,108,3.9285714285714284,7,6.5,4.333333333333333
25,33,1.36,2,3.0,1.0
24,28,1.2083333333333333,2,5.0,1.0
24,74,4.208333333333333,8,4.615384615384615,3.0
23,67,2.652173913043478,5,4.166666666666667,3.3333333333333335
29,59,2.0,4,6.0,2.142857142857143
28,65,1.5714285714285714,3,4.111111111111111,2.8461538461538463
23,81,3.5652173913043477,7,5.153846153846154,3.7222222222222223
27,113,4.0,7,4.578947368421052,3.782608695652174
25,51,2.32,3,6.428571428571429,2.25
26,80,3.8846153846153846,8,4.857142857142857,3.238095238095238
24,50,3.625,6,4.4,2.0952380952380953
24,39,1.4166666666666667,3,4.75,2.375
29,116,4.275862068965517,8,6.176470588235294,4.2
24,46,3.3333333333333335,5,4.444444444444445,1.9047619047619047
30,115,3.933333333333333,7,6.5,3.5
28,100,4.107142857142857,8,5.529411764705882,3.9166666666666665
26,100,3.1153846153846154,6,4.476190476190476,4.2727272727272725
30,157,4.366666666666666,8,5.730769230769231,5.730769230769231
24,49,3.625,6,4.3,2.0476190476190474
27,103,3.7037037037037037,6,6.533333333333333,4.260869565217392
27,116,3.7777777777777777,7,5.7368421052631575,4.739130434782608
16,35,1.8125,3,4.2,2.1
29,126,4.068965517241379,7,6.823529411764706,4.64
25,38,1.48,2,4.333333333333333,1.0833333333333333
26,32,1.2307692307692308,2,6.0,1.0
29,119,3.793103448275862,7,6.055555555555555,4.36
29,94,3.9655172413793105,7,5.8,3.48
15,27,1.6,3,3.0,1.5
21,48,2.619047619047619,5,3.8181818181818183,2.625
30,139,3.7666666666666666,7,6.428571428571429,5.1923076923076925
24,44,2.625,4,4.625,1.7619047619047619
19,39,2.526315789473684,6,3.2222222222222223,2.6363636363636362
28,86,3.392857142857143,6,5.125,3.4166666666666665
31,104,3.161290322580645,6,6.833333333333333,3.1538461538461537
28,124,3.107142857142857,6,5.363636363636363,4.916666666666667
26,87,3.3461538461538463,6,4.823529411764706,3.727272727272727
15,26,1.4,2,3.6666666666666665,1.8333333333333333
25,40,3.28,5,5.142857142857143,1.6363636363636365
28,61,3.4285714285714284,6,5.090909090909091,2.3333333333333335
25,62,2.32,5,5.375,2.6875
23,40,2.0,4,4.8,1.7142857142857142
24,38,3.2083333333333335,5,4.714285714285714,1.5714285714285714
21,39,2.3333333333333335,5,4.166666666666667,2.0833333333333335
20,39,1.45,3,5.0,2.5
26,59,3.3076923076923075,5,4.5,2.4545454545454546
24,71,2.9583333333333335,5,4.333333333333333,3.25
25,76,3.0,5,4.666666666666667,3.3333333333333335
25,37,3.28,5,5.666666666666667,1.5454545454545454
26,54,3.4615384615384617,6,4.454545454545454,2.227272727272727
25,60,2.28,5,5.125,2.5625
22,36,1.8181818181818181,3,5.25,1.6153846153846154
23,35,3.1739130434782608,5,4.571428571428571,1.6
28,60,3.5,6,5.0,2.2916666666666665
17,34,1.8823529411764706,3,4.25,1.8888888888888888
19,39,2.0,3,5.0,1.8181818181818181
24,36,3.2083333333333335,5,5.5,1.5714285714285714
27,126,3.4074074074074074,7,6.315789473684211,5.217391304347826
27,75,1.8888888888888888,4,5.333333333333333,3.2
29,112,4.0,8,5.888888888888889,4.24
23,51,2.6956521739130435,5,3.5,2.3333333333333335
20,30,1.3,2,5.333333333333333,2.6666666666666665
23,62,3.0,5,4.3076923076923075,2.9473684210526314
22,31,3.1818181818181817,5,5.6,1.4736842105263157
27,134,3.814814814814815,8,6.7368421052631575,5.565217391304348
27,77,1.8888888888888888,4,5.0,3.3333333333333335
25,56,3.44,6,3.642857142857143,2.4285714285714284
27,97,3.111111111111111,6,4.55,3.9565217391304346
24,37,3.25,5,5.666666666666667,1.619047619047619
22,31,1.8181818181818181,4,3.75,1.3636363636363635
25,73,3.32,6,5.3076923076923075,3.2857142857142856
18,36,2.111111111111111,4,3.6,1.6363636363636365
24,57,3.625,6,4.333333333333333,2.6
24,55,2.75,5,3.3076923076923075,2.263157894736842
20,30,1.4,3,4.0,2.2857142857142856
23,42,2.5217391304347827,4,4.875,1.95
23,97,3.869565217391304,8,5.294117647058823,4.5
30,102,4.5,8,6.0625,3.730769230769231
23,39,3.1739130434782608,5,4.375,1.75
26,77,2.5384615384615383,5,5.3,3.3125
29,97,4.0344827586206895,7,5.411764705882353,3.68
21,75,3.1904761904761907,7,3.9375,3.7058823529411766
24,75,3.125,5,4.733333333333333,3.55
24,72,3.2083333333333335,6,4.466666666666667,3.35
23,33,3.0869565217391304,5,6.0,1.5
27,92,4.0,7,5.642857142857143,3.4347826086956523
16,28,1.5,2,3.0,1.5
22,32,3.1818181818181817,5,4.833333333333333,1.5263157894736843
27,81,2.5925925925925926,5,5.6,3.2941176470588234
30,105,4.066666666666666,7,6.0625,3.730769230769231
23,82,3.347826086956522,7,3.8333333333333335,3.6315789473684212
25,78,3.08,5,5.285714285714286,3.5238095238095237
24,69,3.125,6,4.333333333333333,3.25
20,38,2.6,5,3.6666666666666665,2.2
19,45,2.8421052631578947,6,3.1538461538461537,2.7333333333333334
19,45,2.8421052631578947,6,3.1538461538461537,2.7333333333333334
22,46,1.8181818181818181,3,6.5,2.3636363636363638
23,60,2.8260869565217392,5,4.153846153846154,2.8421052631578947
21,37,2.5238095238095237,5,2.4545454545454546,1.6875
19,26,1.4210526315789473,2,6.5,1.625
27,112,3.740740740740741,7,6.235294117647059,4.608695652173913
22,34,3.227272727272727,5,4.428571428571429,1.631578947368421
28,129,4.071428571428571,8,6.473684210526316,5.125
27,84,2.259259259259259,5,5.2727272727272725,3.8666666666666667
27,81,3.4074074074074074,6,5.923076923076923,3.347826086956522
23,52,2.608695652173913,5,3.25,2.2941176470588234
28,125,4.285714285714286,8,5.454545454545454,5.0
25,38,3.32,5,5.0,1.5909090909090908
29,70,3.4827586206896552,6,4.642857142857143,2.6
29,132,3.4827586206896552,7,5.7272727272727275,5.04
23,35,3.1739130434782608,5,4.571428571428571,1.6
28,76,2.357142857142857,5,5.888888888888889,3.1176470588235294
26,66,2.9615384615384617,5,5.181818181818182,2.590909090909091
23,35,3.1739130434782608,5,4.571428571428571,1.6
22,54,2.5454545454545454,5,5.571428571428571,2.7857142857142856
27,64,3.3333333333333335,5,3.6875,2.5652173913043477
16,29,1.4375,2,3.25,1.8571428571428572
25,68,2.48,5,6.428571428571429,2.5
22,40,2.5,4,4.625,1.9473684210526316
25,71,3.68,6,4.909090909090909,2.4545454545454546
24,43,3.2083333333333335,5,5.285714285714286,1.7619047619047619
29,87,2.7241379310344827,6,5.083333333333333,3.388888888888889
25,63,3.44,6,3.8666666666666667,2.761904761904762
25,57,3.72,7,5.1,2.4285714285714284
22,61,3.272727272727273,6,5.090909090909091,3.111111111111111
24,41,3.3333333333333335,5,6.0,1.7142857142857142
28,67,3.5357142857142856,6,4.357142857142857,2.5416666666666665
23,40,3.1739130434782608,5,4.25,1.7
27,93,3.1481481481481484,7,4.3125,3.6315789473684212
21,78,3.9047619047619047,8,3.8125,3.588235294117647
24,64,2.7916666666666665,5,4.166666666666667,2.6315789473684212
22,42,1.9545454545454546,3,5.2,1.7333333333333334
16,30,1.4375,2,4.666666666666667,2.0
23,68,3.3043478260869565,6,4.266666666666667,3.3684210526315788
21,34,2.0,3,5.0,1.6666666666666667
22,35,3.227272727272727,5,4.285714285714286,1.5789473684210527
26,75,2.3076923076923075,5,5.1,3.4
25,84,3.64,7,5.571428571428571,3.7142857142857144
17,40,2.588235294117647,4,4.166666666666667,1.9230769230769231
26,81,3.5384615384615383,6,5.6923076923076925,3.3636363636363638
26,94,2.8076923076923075,5,5.333333333333333,3.6363636363636362
22,64,3.1363636363636362,6,4.083333333333333,2.8823529411764706
21,52,2.9523809523809526,6,4.3,2.8666666666666667
28,97,3.2857142857142856,6,5.352941176470588,3.7916666666666665
24,57,2.6666666666666665,5,3.6153846153846154,2.611111111111111
19,50,2.8421052631578947,6,3.5384615384615383,3.066666666666667
22,46,3.227272727272727,5,3.8,2.0
27,128,3.962962962962963,8,5.761904761904762,5.260869565217392
28,107,4.428571428571429,8,5.705882352941177,4.041666666666667
22,52,3.6818181818181817,6,4.6,2.4210526315789473
28,137,4.107142857142857,8,5.909090909090909,5.416666666666667
28,120,3.6785714285714284,8,4.380952380952381,4.181818181818182
24,83,3.5833333333333335,7,4.875,3.9
24,44,3.4166666666666665,5,5.571428571428571,1.8571428571428572
22,57,3.590909090909091,7,3.7142857142857144,2.736842105263158
27,131,3.4444444444444446,7,6.3,5.478260869565218
28,103,2.5,5,6.583333333333333,4.647058823529412
27,72,3.037037037037037,6,4.428571428571429,2.6956521739130435
24,50,3.375,5,4.888888888888889,2.0952380952380953
23,55,2.260869565217391,4,5.285714285714286,2.8461538461538463
30,104,4.133333333333334,7,7.0,3.769230769230769
23,63,2.6956521739130435,5,4.076923076923077,2.9444444444444446
26,89,3.269230769230769,6,5.125,3.727272727272727
27,72,2.6296296296296298,4,6.75,2.7
25,78,3.08,6,5.142857142857143,3.4285714285714284
21,52,2.5714285714285716,5,3.2,2.823529411764706
24,49,2.75,5,3.3333333333333335,2.1052631578947367
28,90,3.5,6,4.823529411764706,3.4166666666666665
21,53,2.761904761904762,5,3.2666666666666666,2.8823529411764706
23,44,2.5652173913043477,4,5.125,2.05
27,81,3.4444444444444446,5,4.916666666666667,2.4583333333333335
22,74,3.1363636363636362,6,4.642857142857143,3.611111111111111
24,40,3.25,5,5.142857142857143,1.7142857142857142
27,112,3.259259259259259,6,7.066666666666666,4.608695652173913
31,107,4.032258064516129,7,6.375,3.7777777777777777
24,35,3.2083333333333335,5,5.333333333333333,1.5238095238095237
19,38,1.9473684210526316,4,4.166666666666667,2.5
28,85,3.8214285714285716,6,6.153846153846154,3.3333333333333335
28,98,3.142857142857143,5,5.411764705882353,3.8333333333333335
26,85,3.1153846153846154,5,5.0,3.6363636363636362
25,73,3.24,6,4.6,3.2857142857142856
26,80,3.076923076923077,5,4.933333333333334,3.3636363636363638
25,73,3.0,5,5.153846153846154,3.1904761904761907
30,133,3.8666666666666667,7,5.818181818181818,4.923076923076923
21,32,1.7142857142857142,3,6.666666666666667,1.8181818181818181
23,35,3.1739130434782608,5,5.166666666666667,1.55
27,97,3.5555555555555554,7,4.235294117647059,3.130434782608696
29,112,3.8275862068965516,7,5.578947368421052,4.24
26,102,3.1153846153846154,6,4.571428571428571,4.363636363636363
26,88,2.6538461538461537,5,4.625,3.3636363636363638
23,36,3.1739130434782608,5,4.714285714285714,1.65
19,30,1.3157894736842106,2,5.333333333333333,2.6666666666666665
25,83,3.72,7,4.411764705882353,3.5714285714285716
25,78,3.4,6,6.0,3.4285714285714284
16,35,2.625,5,2.75,1.8333333333333333
24,77,2.8333333333333335,5,4.176470588235294,3.55
27,112,3.7777777777777777,7,6.352941176470588,4.695652173913044
23,35,3.217391304347826,5,4.571428571428571,1.6
22,59,2.3181818181818183,4,5.428571428571429,2.923076923076923
29,97,4.0,7,6.571428571428571,3.68
25,72,2.8,5,4.818181818181818,2.65
23,65,3.260869565217391,6,4.0,3.1578947368421053
23,33,3.130434782608696,5,6.0,1.5
23,56,2.4782608695652173,4,6.0,2.8
16,33,1.5,3,4.25,2.4285714285714284
27,83,3.7777777777777777,6,5.5,3.347826086956522
25,69,2.6,5,5.555555555555555,2.6315789473684212
23,34,3.130434782608696,5,6.2,1.55
27,123,3.4074074074074074,7,6.5,5.086956521739131
27,82,2.185185185185185,5,5.0,3.6666666666666665
27,65,2.962962962962963,5,4.909090909090909,2.347826086956522
25,37,3.28,5,6.8,1.5454545454545454
28,93,3.392857142857143,6,4.642857142857143,2.7083333333333335
27,66,3.4444444444444446,6,3.588235294117647,2.652173913043478
16,28,1.375,2,4.0,2.0
24,48,1.9583333333333333,3,5.333333333333333,1.8823529411764706
28,109,4.392857142857143,8,5.473684210526316,4.333333333333333
23,43,2.5652173913043477,4,4.444444444444445,2.0
19,39,2.1052631578947367,4,3.7142857142857144,2.3636363636363638
30,106,3.8666666666666667,7,5.666666666666667,3.269230769230769
15,31,1.5333333333333334,2,4.25,2.125
25,47,3.28,5,5.571428571428571,1.7727272727272727
25,68,4.0,7,5.2727272727272725,2.6363636363636362
25,46,3.32,5,6.5,1.7727272727272727
24,62,2.3333333333333335,4,5.428571428571429,2.7142857142857144
28,67,3.4642857142857144,6,4.133333333333334,2.5833333333333335
24,59,2.6666666666666665,5,3.357142857142857,2.611111111111111
25,40,3.28,5,7.0,1.5909090909090908
27,88,2.7037037037037037,5,5.545454545454546,3.388888888888889
29,106,3.4827586206896552,6,6.0,4.08
16,29,1.375,2,4.333333333333333,2.1666666666666665
25,77,3.24,6,4.866666666666666,3.4761904761904763
24,36,3.25,5,6.6,1.5714285714285714
23,35,1.391304347826087,2,8.5,1.8888888888888888
26,81,3.6153846153846154,6,5.0,3.409090909090909
24,72,3.0,5,4.785714285714286,3.35
26,57,3.3461538461538463,6,4.0,2.3636363636363638
16,27,1.4375,2,2.75,1.5714285714285714
24,55,2.6666666666666665,5,4.5,2.0
22,32,3.227272727272727,5,4.833333333333333,1.5263157894736843
26,124,3.730769230769231,8,6.2105263157894735,5.363636363636363
27,84,2.037037037037037,4,4.384615384615385,3.5625
27,93,3.6296296296296298,7,5.235294117647059,3.869565217391304
25,77,3.52,7,4.5625,3.4761904761904763
23,33,3.217391304347826,5,6.0,1.5
27,114,3.925925925925926,8,4.7368421052631575,3.9130434782608696
29,110,3.896551724137931,7,5.473684210526316,4.16
28,116,3.107142857142857,6,5.238095238095238,4.583333333333333
27,93,2.6666666666666665,5,4.75,3.3043478260869565
22,34,3.227272727272727,5,4.428571428571429,1.631578947368421
27,132,3.925925925925926,8,6.631578947368421,5.478260869565218
27,86,2.259259259259259,5,4.214285714285714,3.933333333333333
27,106,4.037037037037037,8,5.555555555555555,4.3478260869565215
22,62,3.0,5,4.071428571428571,3.1666666666666665
24,38,3.25,5,5.0,1.6666666666666667
27,102,3.185185185185185,6,6.125,4.260869565217392
31,157,3.838709677419355,7,6.565217391304348,5.592592592592593
27,99,3.5925925925925926,6,5.8125,4.043478260869565
27,83,3.5555555555555554,6,5.461538461538462,3.0869565217391304
20,42,2.9,6,3.3636363636363638,2.3125
23,47,2.4782608695652173,4,4.222222222222222,1.9
26,84,3.1923076923076925,6,5.583333333333333,3.526315789473684
23,54,2.1739130434782608,5,5.0,2.5
22,39,1.7727272727272727,3,5.75,1.7692307692307692
23,50,3.1739130434782608,5,4.0,2.0
28,82,2.5357142857142856,5,5.636363636363637,3.4444444444444446
27,67,3.3333333333333335,5,4.133333333333334,2.6956521739130435
20,49,3.2,7,3.5833333333333335,2.6875
20,57,2.95,6,4.0,3.25
23,41,3.3043478260869565,5,4.375,1.75
27,132,3.962962962962963,8,6.0,5.478260869565218
27,103,2.925925925925926,6,5.066666666666666,4.222222222222222
27,75,3.074074074074074,6,5.0,2.608695652173913
22,43,3.272727272727273,5,4.625,1.9473684210526316
27,124,4.0,8,5.3,4.608695652173913
28,128,4.428571428571429,8,6.15,5.125
25,70,3.4,6,4.0,3.0476190476190474
22,50,2.090909090909091,4,5.666666666666667,2.6153846153846154
24,78,3.8333333333333335,7,5.071428571428571,3.55
23,62,2.782608695652174,5,4.166666666666667,2.7777777777777777
24,51,3.8333333333333335,6,4.5,2.142857142857143
24,47,1.7916666666666667,3,5.6,2.0
28,75,3.357142857142857,6,5.916666666666667,2.9583333333333335
17,34,1.6470588235294117,3,3.6,2.0
23,44,3.5217391304347827,6,4.222222222222222,1.9
27,80,4.148148148148148,7,6.363636363636363,2.9166666666666665
23,59,3.4347826086956523,6,3.7142857142857144,2.6
30,68,3.566666666666667,6,4.846153846153846,2.423076923076923
24,62,2.0416666666666665,3,7.5,3.2142857142857144
24,39,3.25,5,4.714285714285714,1.5714285714285714
27,58,3.4074074074074074,6,4.909090909090909,2.347826086956522
17,34,1.8823529411764706,3,4.25,1.8888888888888888
18,38,1.9444444444444444,3,5.0,2.0
25,42,3.32,5,4.5,1.6363636363636365
27,127,3.4074074074074074,7,6.05,5.260869565217392
27,78,2.259259259259259,5,5.666666666666667,3.4
27,86,3.4074074074074074,6,5.466666666666667,3.5652173913043477
25,39,3.28,5,5.833333333333333,1.5909090909090908
27,107,3.185185185185185,6,6.3125,4.391304347826087
28,99,3.857142857142857,7,5.0,3.75
24,39,2.0,4,4.4,1.8333333333333333
19,37,2.3684210526315788,4,4.666666666666667,2.0
22,61,3.1818181818181817,6,4.071428571428571,3.1666666666666665
28,86,3.5357142857142856,6,5.5,3.2083333333333335
24,84,2.8333333333333335,5,4.333333333333333,3.9
23,64,3.0,5,4.461538461538462,3.0526315789473686
24,38,3.25,5,5.0,1.6666666666666667
27,129,3.4444444444444446,7,6.833333333333333,5.3478260869565215
27,86,2.3333333333333335,5,5.363636363636363,3.933333333333333
26,64,3.3846153846153846,6,4.214285714285714,2.6818181818181817
27,100,3.111111111111111,6,4.65,4.043478260869565
24,38,3.25,5,5.0,1.6666666666666667
28,99,3.2142857142857144,6,4.722222222222222,3.5416666666666665
27,88,3.7777777777777777,7,5.133333333333334,3.347826086956522
22,72,3.1818181818181817,7,4.6923076923076925,3.388888888888889
24,36,3.2083333333333335,5,6.6,1.5714285714285714
26,82,2.6153846153846154,5,5.8,3.411764705882353
26,59,3.4615384615384617,6,3.857142857142857,2.4545454545454546
25,59,3.52,6,5.4,2.5714285714285716
22,55,3.0454545454545454,6,3.8461538461538463,2.7777777777777777
30,117,4.466666666666667,8,5.894736842105263,4.3076923076923075
23,43,2.5217391304347827,4,4.875,1.95
25,112,3.92,8,5.473684210526316,4.9523809523809526
30,108,3.3,6,4.705882352941177,3.3333333333333335
29,122,3.7241379310344827,7,5.8,4.64
27,71,2.7777777777777777,5,6.25,2.6315789473684212
26,81,2.5,4,4.533333333333333,3.090909090909091
25,39,3.32,5,7.2,1.6363636363636365
22,47,2.3181818181818183,4,5.333333333333333,2.2857142857142856
29,102,3.8275862068965516,7,5.647058823529412,3.84
15,27,1.5333333333333334,2,3.5,1.75
23,63,3.0,5,4.538461538461538,3.1052631578947367
24,88,2.8333333333333335,5,4.823529411764706,4.1
24,38,3.2083333333333335,5,5.833333333333333,1.6666666666666667
28,110,3.7857142857142856,7,4.526315789473684,3.5833333333333335
29,70,3.6206896551724137,6,4.0625,2.6
25,75,3.08,5,5.071428571428571,3.380952380952381
24,37,3.2083333333333335,5,6.8,1.619047619047619
27,66,2.1481481481481484,4,5.0,3.0
27,84,3.4814814814814814,6,5.571428571428571,3.391304347826087
23,54,2.8260869565217392,5,3.2142857142857144,2.3684210526315788
23,60,2.782608695652174,5,4.0,2.9473684210526314
23,34,3.130434782608696,5,6.2,1.55
27,93,3.8518518518518516,7,5.857142857142857,3.5652173913043477
31,81,2.903225806451613,5,6.25,2.0833333333333335
23,51,2.6956521739130435,5,3.4166666666666665,2.2777777777777777
24,35,3.1666666666666665,5,6.4,1.5238095238095237
20,39,2.3,4,5.6,2.3333333333333335
28,97,3.7142857142857144,7,5.055555555555555,3.7916666666666665
24,54,2.7916666666666665,5,3.3846153846153846,2.3157894736842106
21,28,1.2857142857142858,2,4.0,2.0
28,107,3.892857142857143,7,6.0588235294117645,4.291666666666667
23,34,3.1739130434782608,5,5.166666666666667,1.55
26,48,3.4615384615384617,6,3.5833333333333335,1.9545454545454546
25,54,2.28,5,4.375,2.1875
23,36,1.5217391304347827,3,6.333333333333333,1.7272727272727273
23,33,3.217391304347826,5,6.0,1.5
28,87,2.6785714285714284,6,4.6923076923076925,3.588235294117647
28,101,3.4642857142857144,6,5.388888888888889,4.041666666666667
16,27,1.375,2,3.6666666666666665,1.8333333333333333
26,84,3.3846153846153846,6,4.9375,3.590909090909091
23,33,3.130434782608696,5,6.0,1.5
28,94,3.142857142857143,6,4.9375,3.2916666666666665
26,89,3.8846153846153846,7,5.133333333333334,3.5
23,75,3.260869565217391,7,4.285714285714286,3.1578947368421053
23,34,3.217391304347826,5,6.2,1.55
26,91,3.230769230769231,6,5.8,3.9545454545454546
30,147,3.7333333333333334,7,6.714285714285714,5.423076923076923
27,75,3.0,5,5.083333333333333,2.652173913043478
24,35,3.1666666666666665,5,6.4,1.5238095238095237
28,73,2.0714285714285716,4,6.125,3.2666666666666666
25,82,3.68,6,5.571428571428571,3.7142857142857144
23,45,2.5652173913043477,4,4.666666666666667,2.1
25,72,4.04,7,4.615384615384615,2.727272727272727
25,70,2.72,5,4.333333333333333,2.6
25,44,3.32,5,5.428571428571429,1.7272727272727273
27,129,3.962962962962963,8,6.526315789473684,5.391304347826087
27,86,2.3333333333333335,5,5.363636363636363,3.933333333333333
28,116,3.9642857142857144,8,5.7894736842105265,4.583333333333333
23,70,3.0,5,4.642857142857143,3.4210526315789473
25,43,3.36,5,5.428571428571429,1.7272727272727273
28,88,2.5714285714285716,5,5.454545454545454,3.5294117647058822
25,64,3.44,6,3.8666666666666667,2.761904761904762
15,27,1.4,2,4.0,2.0
21,41,2.0,4,3.857142857142857,1.9285714285714286
24,39,3.2083333333333335,5,4.857142857142857,1.619047619047619
19,39,1.631578947368421,3,4.2,2.3333333333333335
28,91,3.8214285714285716,6,6.615384615384615,3.5833333333333335
26,73,3.576923076923077,6,4.5,2.4545454545454546
20,45,2.9,6,3.5454545454545454,2.4375
29,133,4.413793103448276,8,5.7272727272727275,5.04
23,44,3.260869565217391,5,3.8,1.9
27,119,4.0,8,5.095238095238095,4.6521739130434785
28,108,3.75,8,4.764705882352941,3.6818181818181817
28,126,3.9642857142857144,8,5.95,4.958333333333333
15,30,2.2666666666666666,4,2.8333333333333335,1.7
21,61,3.0476190476190474,6,4.0,3.2941176470588234
21,58,2.9523809523809526,5,3.923076923076923,3.0
23,41,3.3043478260869565,5,4.0,1.8
28,114,4.0,8,5.2105263157894735,4.125
28,107,4.178571428571429,8,5.166666666666667,3.875
22,80,3.4545454545454546,8,4.642857142857143,3.611111111111111
24,40,3.4166666666666665,5,5.142857142857143,1.7142857142857142
23,44,1.7826086956521738,3,4.333333333333333,2.0
28,105,4.214285714285714,8,5.9375,3.9583333333333335
23,49,3.739130434782609,6,4.3,2.15
22,53,3.0454545454545454,6,4.0,2.588235294117647
28,115,4.321428571428571,8,6.470588235294118,4.583333333333333
25,94,3.4,6,5.5625,4.238095238095238
23,55,2.0434782608695654,4,6.0,2.769230769230769
26,71,2.9615384615384617,5,4.0625,2.9545454545454546
29,115,3.7241379310344827,7,5.55,4.44
24,50,3.4166666666666665,6,4.5,2.142857142857143
19,45,2.3157894736842106,5,3.0833333333333335,3.3636363636363638
30,118,3.933333333333333,6,6.375,3.923076923076923
15,28,1.4666666666666666,2,3.25,1.8571428571428572
30,165,4.366666666666666,8,7.318181818181818,6.1923076923076925
24,45,3.3333333333333335,5,4.333333333333333,1.8571428571428572
22,42,2.272727272727273,5,4.0,2.3333333333333335
26,65,2.8846153846153846,5,4.285714285714286,2.727272727272727
24,39,3.25,5,3.7777777777777777,1.619047619047619
27,132,3.4074074074074074,7,6.631578947368421,5.478260869565218
28,93,2.3214285714285716,5,6.7,4.1875
29,111,3.8620689655172415,8,5.25,4.2
24,76,3.0416666666666665,5,5.0,3.5
24,38,3.25,5,4.857142857142857,1.619047619047619
19,40,2.0,3,5.25,1.9090909090909092
27,89,3.3703703703703702,7,5.928571428571429,3.608695652173913
21,44,1.9523809523809523,3,6.0,2.3076923076923075
26,86,2.6538461538461537,5,4.8,3.272727272727273
25,88,2.88,5,4.1,3.9047619047619047
30,127,4.266666666666667,8,6.1,4.6923076923076925
23,35,3.1739130434782608,5,4.571428571428571,1.6
27,101,3.6666666666666665,7,4.647058823529412,3.4347826086956523
28,88,2.2857142857142856,5,5.636363636363637,3.6470588235294117
28,94,3.4285714285714284,6,4.684210526315789,3.7083333333333335
15,25,1.4,2,3.3333333333333335,1.6666666666666667
26,83,3.3461538461538463,6,4.875,3.5454545454545454
23,42,2.0434782608695654,4,4.5,2.25
25,54,2.72,5,4.7,2.238095238095238
23,34,3.130434782608696,5,6.2,1.55
25,71,4.04,7,5.333333333333333,2.909090909090909
24,38,3.2083333333333335,5,5.833333333333333,1.6666666666666667
27,106,3.2962962962962963,6,6.375,4.434782608695652
29,97,3.9655172413793105,7,5.470588235294118,3.72
26,82,3.269230769230769,5,4.875,3.5454545454545454
24,36,3.2916666666666665,5,5.5,1.5714285714285714
27,136,3.8518518518518516,8,7.222222222222222,5.6521739130434785
26,83,2.3846153846153846,5,5.181818181818182,3.8
27,63,2.7777777777777777,5,4.333333333333333,2.260869565217391
25,39,3.32,5,7.2,1.6363636363636365
22,32,1.6818181818181819,3,4.25,1.7
25,74,3.32,6,5.0,3.3333333333333335
25,61,3.32,6,4.0,2.6666666666666665
25,94,3.56,7,5.0625,3.857142857142857
25,86,2.96,5,4.2105263157894735,3.8095238095238093
25,53,2.44,5,4.555555555555555,2.1578947368421053
29,115,4.448275862068965,8,6.111111111111111,4.4
23,45,2.5217391304347827,4,4.2,2.1
22,86,3.909090909090909,8,4.9375,4.157894736842105
28,80,1.9642857142857142,4,4.909090909090909,3.375
28,69,2.7857142857142856,6,4.5,2.347826086956522
23,37,3.130434782608696,5,4.857142857142857,1.7
22,31,1.7727272727272727,4,3.0,1.3636363636363635
26,72,3.3076923076923075,6,5.230769230769231,3.090909090909091
24,54,3.3333333333333335,5,3.769230769230769,2.45
26,98,3.6923076923076925,7,4.666666666666667,3.8181818181818183
25,87,2.96,5,4.2631578947368425,3.857142857142857
25,56,2.68,5,5.111111111111111,2.1904761904761907
29,133,4.413793103448276,8,6.4,5.12
23,34,3.130434782608696,5,5.166666666666667,1.55
27,133,3.814814814814815,8,6.684210526315789,5.521739130434782
27,77,1.8888888888888888,4,5.1,3.4
24,53,3.375,6,3.9166666666666665,2.35
27,98,3.0,6,4.55,3.9565217391304346
23,34,3.130434782608696,5,5.166666666666667,1.55
24,36,1.375,2,8.0,1.7777777777777777
27,85,3.7777777777777777,7,5.714285714285714,3.4782608695652173
27,107,3.111111111111111,6,5.05,4.391304347826087
26,85,2.3846153846153846,4,3.823529411764706,3.0952380952380953
24,35,3.1666666666666665,5,6.4,1.5238095238095237
27,67,2.037037037037037,4,5.5,3.142857142857143
25,53,3.36,5,4.0,2.2857142857142856
20,46,2.65,5,3.3333333333333335,2.6666666666666665
21,56,2.9047619047619047,6,3.7142857142857144,3.0588235294117645
22,31,3.0454545454545454,5,5.6,1.4736842105263157
27,71,2.2962962962962963,4,5.333333333333333,3.0
25,76,3.32,6,5.142857142857143,3.4285714285714284
23,33,3.130434782608696,5,6.0,1.5
19,36,2.0,3,5.666666666666667,1.5454545454545454
25,84,3.64,7,5.2,3.7142857142857144
22,52,2.9545454545454546,6,3.5384615384615383,2.5555555555555554
22,63,3.272727272727273,6,4.214285714285714,3.2777777777777777
22,32,3.1818181818181817,5,5.8,1.5263157894736843
26,123,3.769230769230769,8,6.5,5.318181818181818
27,84,2.2222222222222223,5,4.071428571428571,3.8
26,85,3.6153846153846154,7,5.0625,3.6818181818181817
25,75,3.48,7,4.4375,3.380952380952381
22,33,3.227272727272727,5,6.0,1.5789473684210527
28,106,3.5714285714285716,7,4.705882352941177,3.4782608695652173
29,113,4.137931034482759,7,6.055555555555555,4.36
16,27,1.875,4,2.2,1.375
18,33,2.2222222222222223,4,3.75,1.25
29,110,4.482758620689655,8,5.833333333333333,4.2
23,44,2.5217391304347827,4,4.555555555555555,2.05
23,97,3.782608695652174,8,5.235294117647059,4.684210526315789
28,88,2.7857142857142856,6,4.769230769230769,3.4444444444444446
28,97,4.107142857142857,8,5.6875,3.7916666666666665
21,66,3.142857142857143,7,3.923076923076923,3.0
24,38,3.375,5,5.833333333333333,1.6666666666666667
27,71,2.259259259259259,4,5.333333333333333,3.0
26,92,3.769230769230769,7,4.6875,3.409090909090909
27,92,3.2962962962962963,6,5.8,3.782608695652174
27,115,3.0,6,5.45,4.739130434782608
23,37,3.130434782608696,5,4.571428571428571,1.6
20,28,1.55,3,3.0,1.2
26,87,3.6923076923076925,7,5.1875,3.772727272727273
23,37,3.1739130434782608,5,4.571428571428571,1.6
27,87,2.6296296296296298,5,5.7272727272727275,3.5
26,62,3.3076923076923075,5,4.071428571428571,2.590909090909091
16,30,1.4375,2,4.666666666666667,2.0
16,29,1.4375,2,4.333333333333333,1.8571428571428572
25,80,3.0,6,5.6923076923076925,3.5238095238095237
19,46,2.8421052631578947,6,3.4166666666666665,2.7333333333333334
20,37,2.4,5,2.9,1.9333333333333333
23,38,3.3043478260869565,5,4.25,1.7
27,133,3.962962962962963,8,6.0,5.478260869565218
29,112,4.344827586206897,8,5.9411764705882355,4.04
22,41,3.590909090909091,6,3.6,1.894736842105263
30,125,4.366666666666666,8,6.1875,3.8076923076923075
29,106,4.137931034482759,8,5.823529411764706,3.96
23,47,3.4347826086956523,5,4.1,2.05
28,89,2.7142857142857144,5,6.3,3.3157894736842106
26,68,3.3846153846153846,5,4.133333333333334,2.8181818181818183
24,75,3.3333333333333335,6,4.357142857142857,3.05
23,46,3.6956521739130435,6,4.444444444444445,2.0
20,41,2.4,5,3.5,1.75
25,96,4.04,7,4.5,3.857142857142857
22,57,3.590909090909091,7,3.7142857142857144,2.736842105263158
27,131,3.4444444444444446,7,6.3,5.478260869565218
28,103,2.5,5,6.583333333333333,4.647058823529412
26,83,3.3461538461538463,6,4.388888888888889,3.590909090909091
16,28,1.375,2,4.0,2.0
25,73,3.24,6,4.3125,3.2857142857142856
23,41,2.130434782608696,4,5.4,1.9285714285714286
25,69,3.72,7,4.285714285714286,2.857142857142857
15,27,1.5333333333333334,2,3.0,1.5
21,56,2.4761904761904763,5,3.1875,3.0
31,118,3.806451612903226,7,5.947368421052632,4.185185185185185
24,37,3.25,5,4.857142857142857,1.619047619047619
23,86,4.130434782608695,8,4.5,4.2631578947368425
30,75,3.566666666666667,6,4.375,2.6923076923076925
28,127,3.142857142857143,6,5.454545454545454,5.0
26,80,3.3461538461538463,6,4.625,3.3636363636363638
31,139,4.354838709677419,8,6.7,4.962962962962963
25,44,2.52,4,3.888888888888889,1.5909090909090908
24,99,4.0,8,5.411764705882353,4.380952380952381
28,76,3.392857142857143,6,3.9444444444444446,2.9583333333333335
22,44,2.5,5,3.3636363636363638,2.3125
24,66,3.25,6,4.615384615384615,3.0
24,37,3.2083333333333335,5,5.5,1.5714285714285714
27,127,3.4074074074074074,7,6.368421052631579,5.260869565217392
28,88,2.3214285714285716,5,6.2,3.875
29,112,3.8620689655172415,8,5.3,4.24
24,70,3.0,5,4.571428571428571,3.2
24,36,3.2083333333333335,5,5.5,1.5714285714285714
29,103,4.0344827586206895,7,6.0,3.6
23,47,2.782608695652174,5,5.5,1.8333333333333333
24,35,3.2083333333333335,5,5.333333333333333,1.5238095238095237
27,68,2.111111111111111,4,6.125,3.5
26,75,3.269230769230769,5,5.071428571428571,3.227272727272727
28,121,4.25,8,5.523809523809524,4.833333333333333
23,35,3.130434782608696,5,5.166666666666667,1.55
23,87,4.130434782608695,8,4.823529411764706,4.315789473684211
28,75,3.4642857142857144,6,4.375,2.9166666666666665
28,130,3.142857142857143,6,5.636363636363637,5.166666666666667
26,85,3.3461538461538463,6,4.9375,3.590909090909091
25,49,3.32,5,5.25,1.9090909090909092
28,93,3.9642857142857144,7,5.857142857142857,3.4166666666666665
24,50,2.7083333333333335,5,5.285714285714286,2.0555555555555554
25,46,3.28,5,5.714285714285714,1.8181818181818181
27,72,2.1481481481481484,4,6.5,3.7142857142857144
26,59,2.8846153846153846,5,5.3,2.409090909090909
24,39,3.2083333333333335,5,6.6,1.5714285714285714
22,55,2.1818181818181817,4,4.857142857142857,2.8333333333333335
29,103,4.0344827586206895,7,6.714285714285714,3.76
24,57,2.7916666666666665,5,3.6153846153846154,2.473684210526316
25,79,3.08,5,5.214285714285714,3.4761904761904763
27,77,3.740740740740741,6,5.538461538461538,3.130434782608696
17,36,2.3529411764705883,4,3.3333333333333335,1.6666666666666667
24,51,3.4583333333333335,6,3.2857142857142856,2.3
23,72,2.869565217391304,5,3.611111111111111,3.4210526315789473
23,61,2.869565217391304,5,4.230769230769231,2.8947368421052633
22,48,2.6363636363636362,5,3.5833333333333335,2.388888888888889
22,41,2.772727272727273,5,3.1,1.8235294117647058
30,116,3.7333333333333334,7,6.222222222222222,4.3076923076923075
23,42,2.5217391304347827,4,4.625,1.85
29,139,4.103448275862069,8,6.0,4.56
25,76,3.32,6,5.0,3.3333333333333335
25,60,3.44,6,3.6666666666666665,2.619047619047619
15,23,1.4,2,2.0,1.3333333333333333
25,81,3.12,7,4.352941176470588,3.5238095238095237
23,47,2.6956521739130435,5,2.769230769230769,2.1176470588235294
19,25,1.368421052631579,2,4.0,1.7142857142857142
22,32,3.1818181818181817,5,4.833333333333333,1.5263157894736843
27,130,3.8518518518518516,8,6.526315789473684,5.391304347826087
28,82,1.8928571428571428,4,4.5,3.6
27,67,2.888888888888889,6,4.5,2.347826086956522
23,35,3.130434782608696,5,5.333333333333333,1.6
27,68,2.037037037037037,4,5.75,3.2857142857142856
25,83,3.6,6,5.923076923076923,3.6666666666666665
17,37,2.5294117647058822,4,3.6666666666666665,1.6923076923076923
23,44,2.347826086956522,4,3.6,1.894736842105263
23,53,2.8260869565217392,5,3.3846153846153846,2.3157894736842106
21,53,2.7142857142857144,5,3.769230769230769,2.8823529411764706
22,55,3.090909090909091,6,3.769230769230769,2.7222222222222223
22,59,3.090909090909091,6,4.076923076923077,2.9444444444444446
23,36,3.1739130434782608,5,4.714285714285714,1.65
19,37,1.8421052631578947,4,3.3333333333333335,2.2222222222222223
19,37,1.631578947368421,3,4.5,2.0
25,52,3.36,5,3.9166666666666665,2.238095238095238
25,72,3.04,6,5.076923076923077,3.142857142857143
19,49,2.8947368421052633,5,3.909090909090909,2.8666666666666667
19,45,2.526315789473684,5,3.1538461538461537,2.7333333333333334
20,38,2.2,4,2.888888888888889,1.8571428571428572
21,32,3.1904761904761907,5,4.142857142857143,1.6111111111111112
27,87,3.5555555555555554,7,4.764705882352941,3.5217391304347827
25,66,2.8,5,3.4,2.55
22,38,3.227272727272727,5,4.0,1.6842105263157894
25,84,3.88,7,5.333333333333333,3.8095238095238093
27,60,3.5925925925925926,6,5.888888888888889,2.3043478260869565
25,80,3.36,6,5.066666666666666,3.619047619047619
16,30,1.4375,2,4.666666666666667,2.0
25,60,2.8,5,5.333333333333333,2.4
23,37,3.260869565217391,5,5.166666666666667,1.55
27,125,4.0,8,6.2631578947368425,5.173913043478261
29,104,4.206896551724138,8,6.0625,3.88
29,85,2.8620689655172415,5,6.222222222222222,2.4347826086956523
23,53,2.6956521739130435,5,3.909090909090909,2.388888888888889
30,142,4.5,8,5.913043478260869,5.230769230769231
23,47,2.5217391304347827,4,4.777777777777778,2.15
23,90,3.782608695652174,8,4.823529411764706,4.315789473684211
27,86,2.925925925925926,6,5.545454545454546,3.388888888888889
26,71,2.923076923076923,6,3.9285714285714284,2.619047619047619
24,47,3.2916666666666665,5,4.444444444444445,1.9047619047619047
22,50,3.0454545454545454,6,4.5,2.25
27,113,3.7037037037037037,7,5.578947368421052,4.608695652173913
15,31,1.5333333333333334,2,3.4,2.125
25,104,2.88,5,4.9,4.666666666666667
26,104,3.6923076923076925,7,4.631578947368421,4.0
20,54,2.85,6,3.769230769230769,3.0625
22,61,3.0,5,4.230769230769231,3.0555555555555554
23,39,3.1739130434782608,5,4.25,1.7
26,100,3.1538461538461537,5,6.333333333333333,4.318181818181818
20,36,1.65,3,3.8,2.375
26,83,3.6923076923076925,6,5.5,3.5
20,44,2.85,5,3.8,2.375
20,54,2.85,6,3.769230769230769,3.0625
23,39,3.3043478260869565,5,4.857142857142857,1.7
30,115,4.4,8,6.666666666666667,3.8461538461538463
25,76,3.32,6,4.923076923076923,3.2
30,157,4.366666666666666,8,6.0,5.769230769230769
23,53,3.782608695652174,6,4.7,2.35
30,96,3.9,7,6.615384615384615,3.3076923076923075
27,90,3.0,6,6.090909090909091,3.35
23,42,1.8695652173913044,3,5.0,1.7857142857142858
22,57,3.590909090909091,7,3.7142857142857144,2.736842105263158
29,101,2.896551724137931,5,6.230769230769231,4.05
29,95,3.9310344827586206,7,5.666666666666667,3.4
16,32,2.3125,4,3.1666666666666665,1.7272727272727273
25,78,3.04,6,4.8,3.4285714285714284
21,43,2.619047619047619,5,3.0,2.1176470588235294
24,54,2.7083333333333335,5,3.769230769230769,2.45
23,65,2.4782608695652173,4,4.083333333333333,3.0625
21,54,2.4285714285714284,5,3.3333333333333335,2.9411764705882355
30,105,3.433333333333333,6,6.666666666666667,3.8461538461538463
25,36,3.28,5,5.5,1.5
26,91,2.423076923076923,5,6.7,4.1875
28,94,3.4642857142857144,6,5.0,3.75
16,28,1.375,2,4.0,2.0
26,81,3.3461538461538463,6,4.8125,3.5
25,36,3.24,5,6.6,1.5
22,58,2.3181818181818183,4,5.714285714285714,3.076923076923077
29,88,3.8275862068965516,6,5.928571428571429,3.32
25,68,2.6,4,4.166666666666667,2.6315789473684212
23,65,3.217391304347826,6,4.357142857142857,3.210526315789474
25,72,3.08,6,4.4,3.142857142857143
24,35,3.1666666666666665,5,6.4,1.5238095238095237
23,84,4.130434782608695,8,4.9375,4.157894736842105
28,68,3.5357142857142856,6,4.2,2.625
28,128,3.107142857142857,6,5.5,5.041666666666667
28,90,2.357142857142857,4,4.333333333333333,2.9545454545454546
25,59,3.48,6,3.857142857142857,2.5714285714285716
15,25,1.4666666666666666,2,2.5,1.4285714285714286
25,68,2.84,5,5.083333333333333,2.9047619047619047
24,46,2.6666666666666665,5,3.0,2.0
23,49,2.8260869565217392,5,3.3846153846153846,2.3157894736842106
28,102,3.75,7,6.125,4.083333333333333
24,33,1.5,3,2.8,1.4
23,28,1.2608695652173914,2,6.0,1.0
22,77,3.8636363636363638,8,4.055555555555555,4.055555555555555
27,98,4.296296296296297,8,5.857142857142857,3.5652173913043477
28,160,4.0,8,5.782608695652174,5.541666666666667
28,133,3.4642857142857144,6,5.2727272727272725,5.043478260869565
28,113,3.8214285714285716,7,5.333333333333333,4.0
20,45,1.85,4,4.666666666666667,3.111111111111111
29,53,1.4827586206896552,4,4.8,2.4
24,46,1.4583333333333333,3,5.5,2.2
24,99,3.5416666666666665,6,5.666666666666667,4.25
26,97,3.4615384615384617,7,4.4375,3.55
25,44,2.32,3,6.5,1.95
23,97,3.9130434782608696,8,5.111111111111111,4.842105263157895
30,115,3.3,6,4.684210526315789,3.7083333333333335
26,67,3.423076923076923,6,4.357142857142857,2.772727272727273
27,99,3.111111111111111,6,4.65,4.043478260869565
24,38,3.2083333333333335,5,6.6,1.5714285714285714
28,100,3.7857142857142856,7,5.222222222222222,3.9166666666666665
25,76,3.08,5,5.142857142857143,3.4285714285714284
24,36,3.1666666666666665,5,5.333333333333333,1.5238095238095237
27,88,2.8518518518518516,6,4.75,3.3043478260869565
26,93,3.923076923076923,8,5.0625,3.6818181818181817
21,59,3.142857142857143,7,3.6666666666666665,2.588235294117647
15,26,1.5333333333333334,2,3.0,1.5
25,37,3.24,5,6.8,1.5454545454545454
28,101,3.607142857142857,7,4.6875,3.125
29,104,3.8620689655172415,7,5.157894736842105,3.92
16,29,2.3125,4,2.8,1.2727272727272727
17,35,2.3529411764705883,4,3.6,1.5
29,124,4.413793103448276,8,5.9,4.72
24,34,3.1666666666666665,5,6.2,1.4761904761904763
27,99,3.111111111111111,5,5.8125,4.043478260869565
28,96,3.75,7,5.625,3.75
16,30,1.4375,2,3.5,2.0
29,132,4.379310344827586,8,5.7272727272727275,5.04
25,36,3.24,5,6.6,1.5
27,130,3.925925925925926,8,6.526315789473684,5.391304347826087
27,81,2.259259259259259,5,5.0,3.6666666666666665
25,59,3.44,6,3.857142857142857,2.5714285714285716
28,104,3.107142857142857,6,4.619047619047619,4.041666666666667
24,35,3.2083333333333335,5,6.4,1.5238095238095237
28,96,3.1785714285714284,6,5.0625,3.375
27,93,3.814814814814815,7,5.0625,3.5217391304347827
21,65,3.142857142857143,7,4.25,3.0
24,35,3.2916666666666665,5,6.4,1.5238095238095237
27,104,3.2222222222222223,6,6.25,4.3478260869565215
28,97,3.892857142857143,7,5.470588235294118,3.875
24,62,2.6666666666666665,5,3.5384615384615383,2.5555555555555554
24,44,2.0,4,4.666666666666667,1.6470588235294117
23,34,3.1739130434782608,5,5.166666666666667,1.55
23,61,2.5217391304347827,4,7.333333333333333,2.933333333333333
29,107,3.896551724137931,6,6.285714285714286,3.52
16,30,1.5625,2,3.5,1.5555555555555556
24,34,3.2083333333333335,5,6.2,1.4761904761904763
28,74,2.25,5,5.2,3.25
25,82,3.68,6,5.571428571428571,3.7142857142857144
29,116,3.9310344827586206,7,7.0,4.48
25,34,1.44,3,3.25,1.3
23,28,1.2608695652173914,2,6.0,1.0
18,45,3.388888888888889,6,3.7777777777777777,2.4285714285714284
25,72,2.48,5,4.363636363636363,2.823529411764706
27,131,4.111111111111111,8,6.1,5.304347826086956
22,70,3.409090909090909,6,4.153846153846154,3.0
23,87,3.6956521739130435,7,4.411764705882353,3.9473684210526314
20,58,3.35,7,3.8461538461538463,3.125
25,123,3.68,8,5.0,5.238095238095238
26,62,2.3076923076923075,5,4.5,2.25
24,100,3.25,6,6.266666666666667,4.7
26,111,3.8076923076923075,7,5.0,3.8636363636363638
25,49,2.32,3,6.142857142857143,2.15
25,113,3.96,8,5.526315789473684,5.0
28,105,3.4642857142857144,7,4.444444444444445,3.6363636363636362
26,93,3.6153846153846154,7,5.176470588235294,4.0
15,27,1.4,2,4.0,2.0
25,78,3.32,6,5.285714285714286,3.5238095238095237
24,42,3.375,5,5.285714285714286,1.7619047619047619
29,119,3.896551724137931,7,5.6,4.48
25,80,3.08,5,5.0,3.5714285714285716
24,42,3.25,5,4.111111111111111,1.7619047619047619
27,114,3.925925925925926,8,5.05,4.391304347826087
27,106,4.074074074074074,8,5.111111111111111,4.0
22,71,3.272727272727273,7,4.153846153846154,3.0
15,28,1.5333333333333334,2,3.5,1.75
24,44,3.25,5,4.333333333333333,1.8571428571428572
26,100,3.1538461538461537,5,6.333333333333333,4.318181818181818
28,111,3.8214285714285716,7,6.117647058823529,4.333333333333333
23,72,3.0434782608695654,5,4.466666666666667,3.526315789473684
26,108,2.8461538461538463,5,5.05,4.590909090909091
23,79,3.4782608695652173,7,5.285714285714286,3.8947368421052633
16,31,1.5625,2,3.75,1.6666666666666667
30,157,4.366666666666666,8,5.96,5.730769230769231
23,50,3.782608695652174,6,4.5,2.25
30,93,4.0,7,5.666666666666667,3.269230769230769
26,86,3.0,6,5.333333333333333,3.3684210526315788
22,40,1.8181818181818181,3,6.0,1.8461538461538463
25,72,3.2,6,4.25,3.238095238095238
27,75,2.6296296296296298,4,6.666666666666667,3.1578947368421053
30,129,4.033333333333333,7,6.578947368421052,4.8076923076923075
24,50,2.5833333333333335,4,4.5,2.142857142857143
19,45,2.3684210526315788,5,2.8461538461538463,3.3636363636363638
30,114,4.0,7,6.1875,3.8076923076923075
15,30,1.5333333333333334,2,3.75,1.875
24,47,3.2083333333333335,5,5.0,1.9047619047619047
30,106,4.2,8,6.0,3.4615384615384617
22,73,3.3636363636363638,7,3.8125,3.388888888888889
15,30,1.5333333333333334,2,3.75,1.875
24,42,3.2083333333333335,5,5.142857142857143,1.7142857142857142
22,56,2.3181818181818183,4,5.571428571428571,3.0
29,65,3.4827586206896552,6,4.615384615384615,2.4
26,89,3.1153846153846154,5,4.823529411764706,3.727272727272727
24,69,3.25,6,4.266666666666667,3.2
23,34,3.0869565217391304,5,6.0,1.5
27,93,3.5555555555555554,7,5.4375,3.782608695652174
25,81,3.04,5,4.933333333333334,3.5238095238095237
23,37,3.1739130434782608,5,4.125,1.65
28,60,3.5,6,4.583333333333333,2.2916666666666665
27,90,3.1481481481481484,5,5.3125,3.6956521739130435
23,34,3.130434782608696,5,5.0,1.5
27,132,3.925925925925926,8,6.684210526315789,5.521739130434782
28,89,2.3214285714285716,5,6.1,3.8125
28,85,3.4285714285714284,6,4.764705882352941,3.375
27,94,3.3333333333333335,7,5.176470588235294,3.8260869565217392
15,27,1.5333333333333334,2,3.5,1.75
24,67,3.0,6,4.6923076923076925,3.05
28,103,3.9285714285714284,7,6.1875,4.125
24,33,1.3333333333333333,2,3.3333333333333335,1.25
25,30,1.24,2,6.0,1.0
21,51,3.0476190476190474,6,3.1333333333333333,2.611111111111111
27,111,3.5925925925925926,7,5.222222222222222,4.086956521739131
19,34,3.0526315789473686,5,4.285714285714286,2.0
26,81,3.769230769230769,8,4.266666666666667,3.0476190476190474
20,45,2.7,4,4.571428571428571,2.0
27,145,4.111111111111111,8,7.0,5.782608695652174
30,58,2.1333333333333333,4,6.8,2.2666666666666666
24,89,3.3333333333333335,6,4.294117647058823,3.8421052631578947
25,49,1.72,3,4.333333333333333,1.8571428571428572
27,89,2.6666666666666665,6,4.4,3.8823529411764706
25,47,2.36,3,6.0,2.1
25,71,3.8,6,4.916666666666667,2.6818181818181817
28,97,3.392857142857143,6,5.6923076923076925,3.3636363636363638
24,55,2.1666666666666665,4,6.0,2.4
25,39,3.24,5,5.666666666666667,1.5454545454545454
29,102,4.0344827586206895,7,6.214285714285714,3.48
21,71,3.4285714285714284,7,3.3125,3.1176470588235294
26,99,3.1153846153846154,6,4.65,4.2272727272727275
24,34,3.1666666666666665,5,6.2,1.4761904761904763
28,93,4.214285714285714,8,6.666666666666667,3.3333333333333335
24,57,2.9166666666666665,5,5.714285714285714,2.1052631578947367
24,35,3.2083333333333335,5,5.333333333333333,1.5238095238095237
19,39,2.263157894736842,4,3.7142857142857144,2.1666666666666665
26,53,3.5,6,4.0,2.1818181818181817
27,110,2.925925925925926,5,5.473684210526316,4.521739130434782
25,82,3.56,6,5.428571428571429,3.619047619047619
20,49,2.85,6,3.75,2.8125
24,52,2.75,5,3.0,2.210526315789474
27,85,3.5185185185185186,6,6.0,3.130434782608696
20,50,2.9,6,3.5384615384615383,2.875
28,103,3.892857142857143,7,6.1875,4.125
24,28,1.2083333333333333,2,5.0,1.0
24,28,1.2083333333333333,2,5.0,1.0
25,75,3.88,7,5.083333333333333,2.9047619047619047
24,54,2.1666666666666665,4,5.0,2.3333333333333335
27,133,4.074074074074074,7,6.722222222222222,5.260869565217392
23,88,3.391304347826087,6,5.266666666666667,4.157894736842105
24,51,2.25,4,5.166666666666667,2.066666666666667
27,60,2.4074074074074074,5,5.833333333333333,2.1875
22,84,3.227272727272727,6,5.846153846153846,4.222222222222222
28,110,3.7142857142857144,7,4.555555555555555,3.727272727272727
25,45,2.28,3,6.666666666666667,2.0
25,112,3.96,8,5.631578947368421,5.095238095238095
27,99,3.4444444444444446,6,4.6,4.0
24,37,3.1666666666666665,5,5.5,1.5714285714285714
29,73,3.4827586206896552,6,4.857142857142857,2.72
16,26,1.375,2,3.3333333333333335,1.6666666666666667
26,88,3.269230769230769,6,5.1875,3.772727272727273
25,38,3.24,5,5.833333333333333,1.5909090909090908
27,66,2.1481481481481484,4,5.0,3.0
26,82,3.3461538461538463,6,5.2,3.5454545454545454
16,26,1.375,2,3.3333333333333335,1.6666666666666667
24,66,3.25,6,4.428571428571429,3.1
17,32,2.176470588235294,4,3.75,1.3636363636363635
25,58,2.8,5,4.9,2.3333333333333335
24,36,3.2083333333333335,5,5.5,1.5714285714285714
23,63,2.391304347826087,4,5.857142857142857,2.9285714285714284
28,81,1.8214285714285714,4,5.3,3.533333333333333
25,84,3.32,6,5.0,3.8095238095238093
24,55,3.4583333333333335,6,3.5714285714285716,2.5
24,79,2.875,5,3.8421052631578947,3.65
19,48,2.8421052631578947,6,3.3846153846153846,2.933333333333333
19,34,1.894736842105263,3,3.142857142857143,1.8333333333333333
22,33,3.1818181818181817,5,4.285714285714286,1.5789473684210527
28,96,4.25,8,5.666666666666667,3.5416666666666665
24,63,3.0,5,6.428571428571429,2.3684210526315788
22,36,3.227272727272727,5,3.6666666666666665,1.736842105263158
29,96,4.241379310344827,7,6.666666666666667,3.2
22,81,3.409090909090909,7,3.6875,3.2777777777777777
16,31,1.5625,2,3.75,1.6666666666666667
23,35,3.260869565217391,5,4.571428571428571,1.6
19,37,2.0,3,4.5,1.6363636363636365
27,99,3.5555555555555554,6,6.571428571428571,4.0
25,51,3.4,6,5.111111111111111,2.1904761904761907
20,52,2.95,6,4.0,3.0
22,66,3.0,5,4.615384615384615,3.3333333333333335
23,36,3.3043478260869565,5,4.714285714285714,1.65
20,28,1.8,4,2.8,1.2727272727272727
27,78,3.1481481481481484,5,5.384615384615385,3.0434782608695654
22,38,3.227272727272727,5,4.0,1.6842105263157894
23,35,1.3478260869565217,2,5.333333333333333,2.0
18,38,1.9444444444444444,4,4.2,2.3333333333333335
27,112,4.148148148148148,8,5.611111111111111,4.391304347826087
23,62,2.8260869565217392,5,3.923076923076923,2.6842105263157894
21,49,3.0,6,3.5833333333333335,2.5294117647058822
23,56,3.3043478260869565,5,4.25,2.6842105263157894
16,31,1.5625,2,3.75,1.6666666666666667
22,38,2.227272727272727,4,3.75,1.7647058823529411
22,65,3.0454545454545454,5,4.538461538461538,3.2777777777777777
30,137,4.333333333333333,8,5.9523809523809526,4.8076923076923075
24,49,2.5416666666666665,4,4.888888888888889,2.0952380952380953
24,100,3.9166666666666665,8,5.411764705882353,4.6
29,124,3.896551724137931,8,4.8,4.173913043478261
27,110,3.5555555555555554,7,5.722222222222222,4.478260869565218
22,70,3.0454545454545454,5,4.571428571428571,3.5555555555555554
24,45,3.4166666666666665,5,5.714285714285714,1.9047619047619047
23,52,3.4782608695652173,6,4.1,2.1578947368421053
18,45,2.8333333333333335,7,3.1666666666666665,3.1666666666666665
29,102,3.9310344827586206,7,5.8,3.48
15,29,1.4666666666666666,2,3.75,2.142857142857143
24,58,3.2916666666666665,5,4.363636363636363,2.2857142857142856
30,111,4.3,8,6.4,3.6923076923076925
22,75,3.3636363636363638,7,4.0,3.5555555555555554
15,28,1.5333333333333334,2,3.25,1.625
25,44,3.28,5,6.333333333333333,1.7272727272727273
22,56,2.3181818181818183,4,5.571428571428571,3.0
29,68,3.4827586206896552,6,4.2,2.52
25,84,3.04,5,5.066666666666666,3.619047619047619
24,68,3.0,5,4.5,3.15
24,37,3.1666666666666665,5,6.6,1.5714285714285714
27,97,3.5185185185185186,7,5.352941176470588,3.9565217391304346
25,83,3.04,5,4.75,3.619047619047619
23,35,3.130434782608696,5,5.166666666666667,1.55
28,61,3.5,6,5.090909090909091,2.3333333333333335
28,95,3.142857142857143,5,5.5,3.6666666666666665
24,38,3.25,5,4.714285714285714,1.5714285714285714
27,132,3.888888888888889,8,6.3,5.478260869565218
29,88,2.2758620689655173,5,5.9,3.6875
28,88,3.4285714285714284,6,4.9411764705882355,3.5
26,90,3.1923076923076925,7,4.666666666666667,3.8181818181818183
15,28,1.5333333333333334,2,3.75,1.875
24,70,2.9583333333333335,5,4.5,3.15
28,104,3.9285714285714284,7,6.25,4.166666666666667
24,34,1.375,2,3.6666666666666665,1.2222222222222223
24,28,1.2083333333333333,2,5.0,1.0
21,50,3.0476190476190474,6,3.2857142857142856,2.5555555555555554
24,88,3.75,7,4.625,3.5238095238095237
19,37,3.0526315789473686,5,4.571428571428571,2.1333333333333333
27,84,3.5185185185185186,7,4.466666666666667,3.0454545454545454
22,54,2.772727272727273,4,5.714285714285714,2.2222222222222223
26,127,4.269230769230769,7,6.764705882352941,5.0
30,59,2.033333333333333,4,6.6,2.357142857142857
25,103,3.4,6,4.722222222222222,4.25
25,52,1.88,3,4.833333333333333,1.8125
27,103,3.2222222222222223,7,4.444444444444445,4.2105263157894735
25,46,2.32,3,5.857142857142857,2.05
26,73,3.8461538461538463,6,5.0,2.608695652173913
29,105,3.413793103448276,6,5.928571428571429,3.608695652173913
23,49,2.130434782608696,4,5.333333333333333,2.2857142857142856
24,39,3.2083333333333335,5,4.857142857142857,1.619047619047619
29,100,4.068965517241379,7,6.142857142857143,3.44
22,73,3.3636363636363638,7,3.5625,3.1666666666666665
26,101,3.1153846153846154,6,4.75,4.318181818181818
24,35,3.2083333333333335,5,5.333333333333333,1.5238095238095237
28,93,3.9285714285714284,6,7.090909090909091,3.25
24,54,2.9166666666666665,5,5.714285714285714,2.1052631578947367
24,34,3.1666666666666665,5,6.2,1.4761904761904763
19,36,1.9473684210526316,4,3.5,2.1
26,53,3.5,6,4.0,2.1818181818181817
26,107,2.8846153846153846,5,5.315789473684211,4.590909090909091
26,83,3.6923076923076925,7,5.5,3.5
20,48,2.65,5,3.6666666666666665,2.75
24,51,2.75,5,2.9285714285714284,2.1578947368421053
27,81,3.5185185185185186,6,5.75,3.0
20,50,2.9,6,3.5384615384615383,2.875
28,102,3.857142857142857,7,6.533333333333333,4.083333333333333
24,28,1.2083333333333333,2,5.0,1.0
23,27,1.2173913043478262,2,5.0,1.0
24,68,3.9166666666666665,7,4.909090909090909,2.7
24,50,2.1666666666666665,4,4.571428571428571,2.1333333333333333
25,114,4.28,7,6.176470588235294,4.7727272727272725
23,86,3.391304347826087,6,5.133333333333334,4.052631578947368
25,51,2.16,4,6.0,2.0
27,59,2.2962962962962963,5,5.666666666666667,2.2666666666666666
22,86,3.227272727272727,6,5.846153846153846,4.222222222222222
27,104,3.3703703703703702,7,4.529411764705882,3.85
25,45,2.28,3,5.714285714285714,2.0
25,117,3.96,8,5.894736842105263,5.333333333333333
27,97,3.4074074074074074,6,4.7368421052631575,3.9130434782608696
24,39,3.2083333333333335,5,5.833333333333333,1.6666666666666667
28,70,3.5357142857142856,6,4.333333333333333,2.7083333333333335
16,26,1.375,2,3.3333333333333335,1.6666666666666667
26,82,3.269230769230769,6,4.8125,3.5
25,38,3.24,5,5.833333333333333,1.5909090909090908
27,68,2.1481481481481484,4,5.111111111111111,3.066666666666667
27,84,3.4074074074074074,6,5.714285714285714,3.4782608695652173
16,26,1.375,2,3.3333333333333335,1.6666666666666667
24,65,3.25,6,4.357142857142857,3.05
18,33,2.111111111111111,4,3.75,1.3636363636363635
25,57,2.76,5,4.8,2.2857142857142856
24,36,3.2916666666666665,5,5.5,1.5714285714285714
23,61,2.391304347826087,4,5.571428571428571,2.7857142857142856
28,86,2.392857142857143,5,4.142857142857143,3.411764705882353
25,86,3.32,6,5.125,3.9047619047619047
24,58,3.4583333333333335,6,3.7142857142857144,2.6
25,83,2.96,5,4.052631578947368,3.6666666666666665
19,48,2.8421052631578947,6,3.3846153846153846,2.933333333333333
19,34,1.9473684210526316,3,3.2857142857142856,1.9166666666666667
22,31,3.1363636363636362,5,5.6,1.4736842105263157
28,104,4.392857142857143,8,5.75,3.8333333333333335
24,65,3.0,5,6.714285714285714,2.473684210526316
22,35,3.227272727272727,5,4.0,1.6842105263157894
29,93,4.275862068965517,8,6.0,3.12
22,82,3.409090909090909,7,3.75,3.3333333333333335
16,29,1.5625,2,3.25,1.4444444444444444
23,34,3.217391304347826,5,5.166666666666667,1.55
19,36,2.0,3,4.25,1.5454545454545454
27,93,3.5555555555555554,6,6.6923076923076925,3.782608695652174
25,51,3.4,6,5.111111111111111,2.1904761904761907
20,55,3.15,6,3.923076923076923,3.1875
22,64,2.9545454545454546,5,4.461538461538462,3.2222222222222223
22,35,3.272727272727273,5,4.428571428571429,1.631578947368421
20,28,1.8,4,2.8,1.2727272727272727
27,73,3.074074074074074,5,5.0,2.8260869565217392
23,39,3.3043478260869565,5,4.714285714285714,1.65
23,37,1.391304347826087,2,8.5,1.8888888888888888
19,41,2.0,4,4.8,2.4
27,110,3.962962962962963,7,5.9411764705882355,4.391304347826087
23,62,2.8260869565217392,5,3.8461538461538463,2.6315789473684212
21,48,2.9523809523809526,5,3.5,2.4705882352941178
23,55,3.3043478260869565,5,4.166666666666667,2.6315789473684212
16,32,1.5625,2,4.0,1.7777777777777777
21,36,2.142857142857143,3,5.4,1.6875
22,66,3.0454545454545454,5,4.615384615384615,3.3333333333333335
29,134,3.9655172413793105,7,6.1,4.88
24,49,2.5416666666666665,4,4.888888888888889,2.0952380952380953
25,103,4.0,8,5.647058823529412,4.363636363636363
29,124,3.8275862068965516,8,4.8,4.173913043478261
27,106,3.5185185185185186,7,5.5,4.304347826086956
22,68,3.0454545454545454,5,4.428571428571429,3.4444444444444446
23,51,3.4347826086956523,5,5.0,2.25
27,136,4.0,8,5.590909090909091,5.3478260869565215
32,151,4.3125,8,6.5,5.107142857142857
21,45,2.4285714285714284,5,4.375,2.1875
19,47,3.3684210526315788,7,3.5,2.8
22,58,2.8636363636363638,6,4.454545454545454,3.2666666666666666
26,74,2.3846153846153846,4,4.5,2.5714285714285716
25,66,2.72,4,6.125,2.45
27,118,4.185185185185185,8,5.578947368421052,4.608695652173913
26,56,2.923076923076923,5,6.125,2.3333333333333335
26,99,4.115384615384615,8,5.5,4.0
26,81,3.3461538461538463,6,4.75,3.4545454545454546
15,29,1.4,2,5.0,2.5
25,70,3.16,6,4.125,3.142857142857143
30,133,4.266666666666667,8,6.4,4.923076923076923
24,39,3.2083333333333335,5,4.857142857142857,1.619047619047619
28,94,2.3214285714285716,5,6.8,4.25
27,87,3.3703703703703702,6,4.611111111111111,3.608695652173913
16,26,1.375,2,3.3333333333333335,1.6666666666666667
26,80,3.3461538461538463,6,4.470588235294118,3.4545454545454546
30,142,4.3,8,6.523809523809524,5.269230769230769
24,36,3.2083333333333335,5,5.5,1.5714285714285714
27,109,3.259259259259259,6,6.4375,4.478260869565218
29,113,3.8620689655172415,7,5.35,4.28
15,29,1.5333333333333334,2,3.5,1.75
29,118,4.275862068965517,8,6.333333333333333,4.56
25,38,3.28,5,5.833333333333333,1.5909090909090908
27,87,2.4074074074074074,5,6.2,3.875
28,93,3.4285714285714284,6,4.684210526315789,3.7083333333333335
16,30,1.375,2,4.666666666666667,2.3333333333333335
26,81,3.3461538461538463,6,4.529411764705882,3.5
28,121,4.25,8,5.8,4.833333333333333
25,37,3.28,5,6.8,1.5454545454545454
27,110,3.259259259259259,6,6.5,4.521739130434782
28,100,3.75,7,5.588235294117647,3.9583333333333335
16,28,1.4375,2,3.0,1.7142857142857142
28,97,3.857142857142857,7,6.2,3.875
24,35,1.5416666666666667,3,3.0,1.3636363636363635
25,32,1.32,2,4.0,1.0
18,41,3.4444444444444446,6,3.5555555555555554,2.2857142857142856
22,70,2.9545454545454546,6,4.230769230769231,3.4375
26,129,4.230769230769231,8,6.777777777777778,5.304347826086956
21,66,3.0952380952380953,5,4.083333333333333,2.8823529411764706
22,70,3.5,7,4.6923076923076925,3.388888888888889
21,58,3.238095238095238,6,4.363636363636363,2.823529411764706
24,109,3.5833333333333335,7,5.157894736842105,4.9
25,54,2.0,4,4.285714285714286,2.142857142857143
23,84,3.217391304347826,6,5.642857142857143,4.157894736842105
27,96,3.3333333333333335,7,4.0588235294117645,3.45
25,46,2.28,3,5.857142857142857,2.05
28,125,3.892857142857143,8,5.473684210526316,4.333333333333333
24,75,3.2916666666666665,6,4.928571428571429,3.45
15,26,1.4,2,3.6666666666666665,1.8333333333333333
25,77,3.32,6,4.5625,3.4761904761904763
30,144,4.366666666666666,8,6.2727272727272725,5.3076923076923075
24,39,3.2083333333333335,5,5.142857142857143,1.7142857142857142
29,109,3.3448275862068964,6,6.117647058823529,4.16
29,105,3.7586206896551726,7,5.5,3.96
16,29,1.4375,2,3.25,1.8571428571428572
29,132,4.310344827586207,8,6.684210526315789,5.08
25,43,3.28,5,6.333333333333333,1.7272727272727273
28,88,2.5,5,6.2,3.6470588235294117
27,96,3.4444444444444446,6,4.7894736842105265,3.9565217391304346
16,26,1.375,2,3.3333333333333335,1.6666666666666667
26,80,3.3461538461538463,6,5.066666666666666,3.4545454545454546
28,132,4.285714285714286,8,5.7272727272727275,5.25
25,42,3.28,5,6.166666666666667,1.6818181818181819
27,103,3.185185185185185,6,6.125,4.260869565217392
29,108,3.7586206896551726,7,5.368421052631579,4.08
16,30,1.5,2,3.5,1.75
28,126,4.214285714285714,8,6.421052631578948,5.083333333333333
25,49,3.28,5,4.666666666666667,1.9090909090909092
29,96,2.7241379310344827,6,6.181818181818182,3.7777777777777777
27,91,3.4074074074074074,6,4.777777777777778,3.739130434782609
16,28,1.375,2,4.0,2.0
25,77,3.24,6,4.8,3.4285714285714284
28,125,4.285714285714286,8,6.0,5.0
25,43,3.28,5,5.571428571428571,1.7727272727272727
27,96,3.1481481481481484,6,5.6875,3.9565217391304346
29,106,3.7586206896551726,7,5.555555555555555,4.0
16,30,1.5,2,3.5,1.75
28,120,4.214285714285714,8,6.105263157894737,4.833333333333333
25,53,3.32,6,4.777777777777778,1.9545454545454546
28,86,2.5,5,5.363636363636363,3.4705882352941178
28,97,3.642857142857143,7,5.166666666666667,3.875
16,28,1.375,2,4.0,2.0
25,80,3.24,6,4.6875,3.5714285714285716
27,114,4.2592592592592595,8,5.684210526315789,4.695652173913044
24,40,3.3333333333333335,5,6.0,1.7142857142857142
27,101,3.2222222222222223,6,6.0,4.173913043478261
28,102,3.7142857142857144,7,5.647058823529412,4.0
16,30,1.5,2,3.5,1.75
29,125,4.241379310344827,8,6.368421052631579,4.84
24,37,2.125,4,3.8,1.1875
27,101,3.259259259259259,7,4.411764705882353,3.409090909090909
22,71,3.590909090909091,7,4.461538461538462,3.2222222222222223
20,59,2.85,6,4.4,2.75
24,50,3.2916666666666665,5,4.2,2.0
19,36,2.0,3,4.25,1.5454545454545454
24,69,3.6666666666666665,6,5.818181818181818,3.2
20,37,1.9,3,4.6,1.9166666666666667
20,28,1.45,3,4.666666666666667,1.75
21,55,2.6666666666666665,5,3.923076923076923,3.0
16,29,1.5,2,3.25,1.625
21,63,3.1904761904761907,6,4.083333333333333,3.0625
28,95,2.5357142857142856,6,4.25,3.7777777777777777
26,91,3.5,7,5.0588235294117645,3.909090909090909
23,58,3.347826086956522,6,4.0,2.736842105263158
18,32,1.9444444444444444,4,3.142857142857143,2.0
20,53,3.0,6,3.6923076923076925,3.0
19,35,2.0,4,3.0,2.0
22,35,3.227272727272727,5,4.0,1.6842105263157894
28,66,3.607142857142857,6,5.0,2.5
24,57,2.25,5,4.5,2.4
21,36,1.6666666666666667,3,6.666666666666667,1.8181818181818181
22,41,3.590909090909091,6,3.888888888888889,1.8421052631578947
22,71,3.772727272727273,8,4.571428571428571,3.5555555555555554
26,75,2.6923076923076925,5,4.416666666666667,2.65
21,48,2.0,3,5.6,2.3333333333333335
25,75,3.76,6,5.0,3.3333333333333335
17,37,2.411764705882353,4,3.3333333333333335,1.6666666666666667
25,75,2.8,5,5.3076923076923075,3.2857142857142856
19,50,2.8421052631578947,5,3.909090909090909,2.8666666666666667
26,90,3.1153846153846154,6,5.266666666666667,3.590909090909091
30,141,3.8333333333333335,7,5.913043478260869,5.230769230769231
21,38,2.0,3,4.333333333333333,1.8571428571428572
22,43,3.590909090909091,6,3.8,2.0
20,30,1.3,2,4.0,2.0
16,35,2.0625,4,4.0,2.2222222222222223
25,74,3.6,6,5.230769230769231,3.238095238095238
23,63,3.5652173913043477,6,4.461538461538462,3.0526315789473686
25,80,2.92,6,3.75,3.0
23,49,2.739130434782609,4,5.714285714285714,2.1052631578947367
20,40,2.7,4,4.428571428571429,1.9375
24,51,3.6666666666666665,6,5.111111111111111,2.1904761904761907
27,69,2.037037037037037,4,6.5,3.7142857142857144
26,59,3.3846153846153846,5,4.230769230769231,2.5
22,40,2.4545454545454546,4,4.428571428571429,1.8235294117647058
25,41,3.32,5,5.142857142857143,1.6363636363636365
27,68,2.0,4,6.25,3.5714285714285716
24,54,3.3333333333333335,5,3.8461538461538463,2.5
25,76,3.04,5,4.6,3.2857142857142856
26,106,2.8461538461538463,5,5.2631578947368425,4.545454545454546
22,66,3.0454545454545454,6,3.875,3.4444444444444446
16,27,1.375,2,3.6666666666666665,1.8333333333333333
25,67,3.04,6,4.142857142857143,2.761904761904762
28,114,4.357142857142857,8,6.411764705882353,4.541666666666667
24,41,3.25,5,4.111111111111111,1.7619047619047619
28,58,3.4285714285714284,6,4.818181818181818,2.2083333333333335
25,60,2.16,5,5.125,2.7333333333333334
22,36,1.8181818181818181,3,5.25,1.6153846153846154
23,45,2.608695652173913,4,4.666666666666667,2.1
28,60,3.4285714285714284,6,5.0,2.2916666666666665
16,30,1.8125,3,3.5,1.75
19,39,2.0,3,5.25,1.9090909090909092
24,41,3.25,5,5.285714285714286,1.7619047619047619
23,49,2.391304347826087,4,5.666666666666667,2.2666666666666666
31,110,3.967741935483871,6,6.428571428571429,3.3333333333333335
23,76,3.3043478260869565,7,3.6875,3.1052631578947367
15,32,2.2666666666666666,4,3.0,1.8
24,36,3.3333333333333335,5,5.5,1.5714285714285714
26,87,3.269230769230769,6,4.266666666666667,3.0476190476190474
27,66,3.4074074074074074,5,3.8125,2.652173913043478
28,68,2.4285714285714284,5,4.083333333333333,2.3333333333333335
24,72,3.125,5,5.076923076923077,3.3
28,115,4.357142857142857,8,6.166666666666667,4.625
25,51,3.28,5,5.25,1.9090909090909092
23,93,3.9130434782608696,8,5.176470588235294,4.631578947368421
28,82,3.392857142857143,6,4.166666666666667,3.125
25,81,3.08,5,5.428571428571429,3.619047619047619
25,42,3.36,5,6.166666666666667,1.6818181818181819
28,96,3.9285714285714284,7,5.111111111111111,3.8333333333333335
27,66,3.888888888888889,7,6.111111111111111,2.391304347826087
24,76,3.2916666666666665,6,4.4375,3.55
16,31,1.375,2,5.0,2.5
25,42,3.32,5,7.2,1.6363636363636365
27,66,2.0,4,6.571428571428571,3.2857142857142856
26,54,3.3076923076923075,5,4.083333333333333,2.227272727272727
24,58,2.75,5,3.5384615384615383,2.4210526315789473
23,35,3.130434782608696,5,6.2,1.55
27,106,3.185185185185185,6,6.375,4.434782608695652
29,98,3.8620689655172415,6,6.2,3.72
24,37,3.2083333333333335,5,6.6,1.5714285714285714
21,26,1.5714285714285714,3,3.6666666666666665,1.1
25,72,3.32,6,5.230769230769231,3.238095238095238
25,49,3.36,5,3.3846153846153846,2.0952380952380953
26,100,2.9615384615384617,5,4.947368421052632,4.2727272727272725
22,60,3.227272727272727,6,4.0,3.111111111111111
24,51,2.5833333333333335,5,3.4545454545454546,2.111111111111111
29,110,4.068965517241379,7,5.888888888888889,4.24
26,59,3.423076923076923,6,4.166666666666667,2.1739130434782608
28,118,3.892857142857143,8,4.476190476190476,3.9166666666666665
27,62,3.4074074074074074,5,3.8,2.4782608695652173
24,72,3.125,5,5.076923076923077,3.3
25,40,3.32,5,5.833333333333333,1.5909090909090908
28,101,3.9642857142857144,7,5.705882352941177,4.041666666666667
26,63,3.8461538461538463,7,6.0,2.4545454545454546
23,69,3.260869565217391,6,4.333333333333333,3.4210526315789473
16,28,1.375,2,4.0,2.0
22,40,2.5,4,3.111111111111111,1.4736842105263157
28,69,2.107142857142857,4,6.0,3.0
26,55,3.3846153846153846,5,3.8461538461538463,2.272727272727273
24,56,2.5833333333333335,5,3.076923076923077,2.2222222222222223
23,42,3.130434782608696,5,6.0,1.8
27,102,3.185185185185185,6,6.125,4.260869565217392
31,108,4.193548387096774,7,6.866666666666666,3.814814814814815
22,33,3.1818181818181817,5,5.8,1.5263157894736843
20,42,1.65,3,5.5,2.2
25,50,3.36,5,3.4615384615384617,2.142857142857143
26,66,2.8461538461538463,5,5.1,2.4285714285714284
23,69,3.3043478260869565,6,4.333333333333333,3.4210526315789473
22,38,1.9090909090909092,3,6.0,1.6
28,118,4.214285714285714,8,6.0,4.75
26,60,3.423076923076923,6,4.0,2.0869565217391304
27,118,3.962962962962963,8,5.157894736842105,4.260869565217392
27,68,3.4074074074074074,5,3.9375,2.739130434782609
24,72,3.0416666666666665,5,4.785714285714286,3.35
25,41,3.32,5,6.0,1.6363636363636365
26,95,3.923076923076923,7,5.352941176470588,4.136363636363637
27,65,3.925925925925926,7,5.888888888888889,2.3043478260869565
23,74,3.260869565217391,6,4.666666666666667,3.6842105263157894
16,26,1.375,2,3.3333333333333335,1.6666666666666667
23,38,3.260869565217391,5,6.4,1.6
28,82,2.2857142857142856,5,5.8,3.625
25,51,3.36,5,3.8333333333333335,2.1904761904761907
24,58,2.75,5,3.75,2.3684210526315788
22,36,3.227272727272727,5,5.0,1.5789473684210527
27,100,3.185185185185185,6,6.0,4.173913043478261
30,103,4.133333333333334,7,6.533333333333333,3.769230769230769
24,39,3.25,5,5.666666666666667,1.619047619047619
27,125,3.962962962962963,8,5.15,4.478260869565218
28,109,4.357142857142857,8,5.833333333333333,4.375
26,68,3.423076923076923,6,3.5,2.8636363636363638
16,29,1.4375,2,4.333333333333333,1.8571428571428572
26,64,2.6923076923076925,5,5.875,2.35
29,117,4.310344827586207,8,6.277777777777778,4.52
25,56,3.4,6,4.181818181818182,2.090909090909091
25,75,4.04,7,4.857142857142857,3.090909090909091
25,53,3.36,5,4.6,2.090909090909091
30,81,3.966666666666667,7,5.428571428571429,2.923076923076923
24,65,2.5,4,5.75,2.7058823529411766
25,42,3.32,5,5.285714285714286,1.6818181818181819
26,98,3.6153846153846154,6,6.266666666666667,4.2727272727272725
28,109,4.0,7,6.176470588235294,4.375
24,66,2.5833333333333335,5,3.9166666666666665,2.611111111111111
26,100,2.8846153846153846,5,5.222222222222222,4.2727272727272725
22,38,2.4545454545454546,4,3.625,1.5263157894736843
22,34,1.8181818181818181,4,3.2,1.4545454545454546
26,87,3.3461538461538463,6,5.533333333333333,3.772727272727273
26,62,2.5384615384615383,5,6.142857142857143,2.388888888888889
24,79,3.7916666666666665,7,5.214285714285714,3.65
16,35,1.75,3,4.75,1.9
20,55,2.85,6,3.923076923076923,3.1875
23,45,3.347826086956522,5,4.875,1.95
27,125,3.962962962962963,8,5.619047619047619,5.130434782608695
29,121,4.344827586206897,8,5.5,4.4
23,53,3.4347826086956523,5,5.222222222222222,2.35
28,96,2.642857142857143,6,5.071428571428571,3.9444444444444446
26,68,3.3846153846153846,5,4.133333333333334,2.8181818181818183
21,55,3.3333333333333335,7,3.5714285714285716,2.9411764705882355
25,78,3.04,6,4.933333333333334,3.5238095238095237
19,37,2.6315789473684212,4,4.285714285714286,2.0
19,42,2.6315789473684212,4,5.0,2.0
24,53,2.7083333333333335,5,3.769230769230769,2.45
25,73,3.08,6,4.857142857142857,3.238095238095238
24,56,2.75,5,3.5384615384615383,2.4210526315789473
31,119,3.7419354838709675,7,6.764705882352941,4.2592592592592595
25,41,3.28,5,5.142857142857143,1.6363636363636365
29,119,3.4827586206896552,7,7.0625,4.52
28,102,3.75,7,5.647058823529412,4.0
16,30,1.4375,2,3.75,2.142857142857143
31,131,4.419354838709677,8,6.631578947368421,4.666666666666667
24,47,2.625,4,4.888888888888889,2.0952380952380953
26,80,3.6923076923076925,6,5.416666666666667,2.8260869565217392
24,43,3.2083333333333335,5,5.285714285714286,1.7619047619047619
24,44,1.5833333333333333,3,5.2,2.3636363636363638
28,89,3.75,6,6.461538461538462,3.5
25,37,3.24,5,6.6,1.5
31,111,3.4516129032258065,6,5.176470588235294,3.259259259259259
29,94,3.9655172413793105,7,5.933333333333334,3.56
27,108,3.111111111111111,6,4.857142857142857,4.434782608695652
25,36,3.24,5,6.6,1.5
21,43,2.0,3,5.75,1.9166666666666667
26,76,3.6538461538461537,6,5.461538461538462,3.227272727272727
24,59,3.5,6,5.4,2.7
23,61,3.1739130434782608,6,4.3076923076923075,2.9473684210526314
24,36,3.1666666666666665,5,6.4,1.5238095238095237
27,126,3.4074074074074074,7,6.315789473684211,5.217391304347826
30,100,4.033333333333333,7,6.333333333333333,3.6538461538461537
23,36,3.1739130434782608,5,4.571428571428571,1.6
20,40,1.95,3,5.0,1.8181818181818181
27,85,3.7037037037037037,6,6.153846153846154,3.4782608695652173
25,69,3.52,6,5.25,3.0
20,39,2.85,6,3.4,2.125
23,34,3.0869565217391304,5,6.0,1.5
28,92,3.9285714285714284,7,6.153846153846154,3.3333333333333335
24,60,2.7083333333333335,5,3.769230769230769,2.5789473684210527
29,108,4.068965517241379,7,6.5,4.16
24,33,1.375,2,4.0,1.3333333333333333
24,28,1.2083333333333333,2,5.0,1.0
18,42,3.4444444444444446,6,3.5555555555555554,2.2857142857142856
20,70,3.9,8,4.0,3.5294117647058822
25,97,4.2,7,6.2,4.428571428571429
22,42,2.772727272727273,4,5.285714285714286,2.0555555555555554
19,49,2.9473684210526314,6,3.4166666666666665,2.7333333333333334
27,87,2.4814814814814814,4,4.2,3.0
20,63,3.35,6,4.166666666666667,2.9411764705882355
22,78,3.272727272727273,6,5.6923076923076925,4.111111111111111
26,84,3.1153846153846154,7,3.8125,3.388888888888889
25,46,2.32,3,5.857142857142857,2.05
19,42,3.1052631578947367,6,4.0,2.4615384615384617
25,87,3.32,6,4.411764705882353,3.5714285714285716
27,112,3.0,6,6.235294117647059,4.608695652173913
30,136,4.333333333333333,8,6.095238095238095,4.923076923076923
24,36,3.1666666666666665,5,6.2,1.4761904761904763
27,52,3.4074074074074074,6,3.9166666666666665,2.0434782608695654
27,91,3.259259259259259,6,6.214285714285714,3.782608695652174
25,38,3.24,5,6.6,1.5
25,86,3.8,7,5.785714285714286,3.857142857142857
31,150,3.806451612903226,7,6.304347826086956,5.37037037037037
29,105,3.896551724137931,7,5.2105263157894735,3.96
24,70,3.0416666666666665,5,5.076923076923077,3.3
29,128,4.413793103448276,8,5.590909090909091,4.92
25,50,2.6,4,5.625,2.0454545454545454
24,103,4.041666666666667,8,5.444444444444445,4.9
25,90,3.4,6,4.555555555555555,3.9047619047619047
24,39,3.2083333333333335,5,5.666666666666667,1.619047619047619
23,50,2.130434782608696,4,3.857142857142857,2.25
29,66,3.4827586206896552,6,4.066666666666666,2.44
24,56,2.75,5,4.0,2.3157894736842106
24,58,2.6666666666666665,5,3.4615384615384617,2.5
25,66,3.56,6,5.083333333333333,2.9047619047619047
24,74,2.875,5,3.7777777777777777,3.4
25,39,3.24,5,5.833333333333333,1.5909090909090908
28,69,2.142857142857143,4,5.333333333333333,3.0
26,82,3.6153846153846154,6,5.846153846153846,3.4545454545454546
23,65,3.0434782608695654,5,4.6923076923076925,3.210526315789474
23,66,3.0434782608695654,5,4.6923076923076925,3.210526315789474
22,33,3.0454545454545454,5,5.6,1.4736842105263157
28,80,2.392857142857143,5,5.888888888888889,3.3125
28,114,4.142857142857143,8,5.142857142857143,4.5
22,54,2.6818181818181817,5,3.8,2.235294117647059
28,105,3.892857142857143,7,5.611111111111111,4.208333333333333
25,36,3.24,5,6.6,1.5
28,96,3.107142857142857,7,5.071428571428571,3.736842105263158
28,100,3.4642857142857144,6,5.647058823529412,4.0
25,36,3.24,5,6.6,1.5
23,36,1.391304347826087,2,8.0,1.7777777777777777
28,99,4.107142857142857,8,5.8125,3.875
26,78,3.3461538461538463,6,5.214285714285714,3.3181818181818183
24,75,3.125,5,5.071428571428571,3.55
22,32,3.1818181818181817,5,4.833333333333333,1.5263157894736843
27,73,2.185185185185185,4,5.1,3.4
26,56,3.3461538461538463,6,3.642857142857143,2.3181818181818183
21,47,2.6666666666666665,5,3.4166666666666665,2.5625
21,59,3.1904761904761907,6,3.9285714285714284,3.235294117647059
22,32,3.227272727272727,5,4.833333333333333,1.5263157894736843
28,99,4.25,8,6.142857142857143,3.5833333333333335
24,95,3.875,8,4.411764705882353,3.75
16,31,1.5625,2,3.75,1.6666666666666667
22,32,3.1818181818181817,5,4.833333333333333,1.5263157894736843
23,61,2.5652173913043477,5,6.0,3.2
30,117,3.966666666666667,7,5.55,4.269230769230769
16,30,1.5625,2,3.75,1.6666666666666667
21,62,3.1904761904761907,6,4.142857142857143,3.411764705882353
29,120,4.482758620689655,8,5.428571428571429,4.56
23,47,2.5217391304347827,4,4.3,2.15
20,41,2.15,4,4.285714285714286,2.5
28,100,3.5714285714285716,6,5.333333333333333,4.0
28,127,3.107142857142857,6,5.761904761904762,5.041666666666667
24,66,2.5833333333333335,4,6.142857142857143,2.6875
28,119,3.642857142857143,7,5.052631578947368,4.173913043478261
24,46,3.2916666666666665,5,4.444444444444445,1.9047619047619047
29,115,3.8620689655172415,7,6.0,4.32
24,64,2.8333333333333335,5,4.076923076923077,2.789473684210526
24,48,3.375,5,4.2,2.0
30,113,4.466666666666667,8,6.3125,3.8846153846153846
24,97,3.9583333333333335,8,4.411764705882353,3.75
16,35,1.75,3,4.75,1.9
24,46,3.4166666666666665,5,4.444444444444445,1.9047619047619047
27,132,4.0,8,5.476190476190476,5.0
29,123,4.413793103448276,8,7.0,4.2
28,114,4.357142857142857,8,6.125,4.083333333333333
21,39,2.380952380952381,5,5.166666666666667,1.9375
24,49,3.7916666666666665,6,4.777777777777778,2.0476190476190474
29,92,3.9310344827586206,7,6.384615384615385,3.32
27,91,3.1481481481481484,6,5.0,3.1818181818181817
22,43,2.1818181818181817,4,6.75,1.8
31,105,3.4516129032258065,6,5.571428571428571,3.0
22,54,3.5,7,3.2857142857142856,2.4210526315789473
19,38,2.0526315789473686,4,4.333333333333333,2.3636363636363638
19,40,2.0,4,3.7142857142857144,2.6
26,58,3.3846153846153846,5,4.153846153846154,2.4545454545454546
25,56,2.68,5,5.5,2.2
25,43,3.28,5,6.166666666666667,1.6818181818181819
29,99,3.2758620689655173,6,5.111111111111111,3.68
26,86,3.8846153846153846,7,4.625,3.3636363636363638
21,67,3.1904761904761907,7,4.833333333333333,3.411764705882353
24,37,3.1666666666666665,5,6.4,1.5238095238095237
23,38,1.565217391304348,3,5.25,2.1
28,89,3.8214285714285716,6,6.0,3.5
29,101,4.0,7,6.0625,3.88
24,34,1.375,2,3.6666666666666665,1.2222222222222223
27,75,3.4814814814814814,5,5.1,2.125
24,56,3.2083333333333335,5,4.777777777777778,2.0476190476190474
28,99,3.7857142857142856,7,4.722222222222222,3.5416666666666665
30,129,4.2,8,5.666666666666667,4.576923076923077
15,28,2.2666666666666666,4,2.6,1.3
15,29,2.2666666666666666,4,2.8,1.4
25,41,3.24,5,6.166666666666667,1.6818181818181819
27,58,3.4074074074074074,6,4.818181818181818,2.3043478260869565
31,153,3.2580645161290325,6,6.125,5.444444444444445
31,149,3.2580645161290325,6,6.217391304347826,5.296296296296297
26,76,3.3461538461538463,6,5.0,3.1818181818181817
24,54,2.25,5,4.333333333333333,2.6
21,34,1.6666666666666667,3,6.333333333333333,1.7272727272727273
25,36,3.24,5,6.6,1.5
25,80,2.44,5,5.7,3.8
28,103,3.4642857142857144,6,5.5,4.125
16,26,1.375,2,3.3333333333333335,1.6666666666666667
25,36,3.24,5,6.6,1.5
27,87,2.4814814814814814,5,5.636363636363637,3.875
29,113,3.586206896551724,6,5.190476190476191,4.36
16,26,1.375,2,3.3333333333333335,1.6666666666666667
26,84,3.3461538461538463,6,5.0,3.6363636363636362
28,126,4.285714285714286,8,6.05,5.041666666666667
24,46,2.5833333333333335,4,4.777777777777778,2.0476190476190474
25,73,3.76,6,4.916666666666667,2.8095238095238093
25,51,2.16,5,4.142857142857143,1.9333333333333333
22,37,1.8181818181818181,3,4.2,1.5
24,38,3.2083333333333335,5,6.6,1.5714285714285714
27,107,3.6666666666666665,7,4.3,3.739130434782609
30,116,4.133333333333334,7,6.666666666666667,3.8461538461538463
30,111,3.966666666666667,7,6.0,3.6923076923076925
24,37,3.2083333333333335,5,6.8,1.619047619047619
28,79,2.3214285714285716,5,5.777777777777778,3.25
28,98,3.4285714285714284,6,4.947368421052632,3.9166666666666665
16,26,1.375,2,3.3333333333333335,1.6666666666666667
23,33,3.0869565217391304,5,6.0,1.5
27,105,3.6666666666666665,7,4.368421052631579,3.608695652173913
29,110,3.896551724137931,7,5.473684210526316,4.16
28,117,3.107142857142857,6,5.285714285714286,4.625
28,108,2.7857142857142856,5,5.0,3.75
23,35,3.130434782608696,5,6.4,1.6
27,103,3.185185185185185,6,6.1875,4.304347826086956
31,109,4.258064516129032,7,6.933333333333334,3.8518518518518516
24,63,2.5416666666666665,4,7.166666666666667,2.388888888888889
23,65,3.3043478260869565,6,4.066666666666666,3.210526315789474
22,31,3.1818181818181817,5,5.6,1.4736842105263157
27,103,3.185185185185185,6,6.6,4.304347826086956
20,33,1.45,3,3.2,2.6666666666666665
27,88,3.5555555555555554,6,6.3076923076923075,3.5652173913043477
16,27,1.5,2,3.0,1.5
24,70,2.9166666666666665,5,5.333333333333333,3.2
24,77,2.8333333333333335,5,4.176470588235294,3.55
23,33,3.130434782608696,5,6.0,1.5
27,108,3.925925925925926,8,4.15,3.608695652173913
28,91,2.4285714285714284,5,3.5555555555555554,3.2
26,89,3.3461538461538463,6,4.9411764705882355,3.8181818181818183
24,54,2.7916666666666665,5,3.230769230769231,2.210526315789474
23,33,3.217391304347826,5,6.0,1.5
26,101,3.230769230769231,6,6.0,4.363636363636363
28,79,1.8928571428571428,4,4.636363636363637,3.4
28,100,3.5,6,5.647058823529412,4.0
24,37,3.2083333333333335,5,6.8,1.619047619047619
23,59,2.260869565217391,4,5.142857142857143,2.769230769230769
29,97,4.0344827586206895,7,6.571428571428571,3.68
23,60,2.5652173913043477,5,4.444444444444445,2.3529411764705883
22,62,3.272727272727273,6,4.142857142857143,3.2222222222222223
24,69,3.125,5,4.266666666666667,3.2
28,97,3.892857142857143,7,6.642857142857143,3.875
23,32,1.4782608695652173,3,3.25,1.3
22,52,3.1818181818181817,6,3.6923076923076925,2.526315789473684
27,74,3.3333333333333335,5,4.0625,2.8260869565217392
27,62,2.074074074074074,4,4.75,2.111111111111111
24,51,3.25,5,4.555555555555555,1.9523809523809523
27,132,3.925925925925926,8,6.631578947368421,5.478260869565218
28,86,2.392857142857143,5,4.916666666666667,3.6875
25,60,3.48,6,4.153846153846154,2.5714285714285716
27,97,3.111111111111111,6,4.333333333333333,3.9565217391304346
23,40,3.260869565217391,5,5.142857142857143,1.8
25,88,3.2,6,6.0,4.0
28,84,2.25,5,4.666666666666667,3.7333333333333334
26,90,3.576923076923077,7,4.9411764705882355,3.8181818181818183
24,39,3.2083333333333335,5,5.833333333333333,1.6666666666666667
19,37,1.631578947368421,3,4.5,2.0
26,61,3.3846153846153846,5,4.3076923076923075,2.5454545454545454
26,89,3.576923076923077,7,5.857142857142857,3.727272727272727
16,31,2.375,4,3.2,1.4545454545454546
29,136,4.344827586206897,8,6.947368421052632,5.28
23,36,3.130434782608696,5,4.571428571428571,1.6
27,124,4.0,8,5.285714285714286,4.826086956521739
28,95,2.9285714285714284,6,4.928571428571429,3.8333333333333335
28,76,3.0357142857142856,6,4.142857142857143,2.5217391304347827
24,38,3.25,5,4.857142857142857,1.619047619047619
28,143,4.107142857142857,8,6.523809523809524,5.708333333333333
27,87,2.6296296296296298,5,5.454545454545454,3.5294117647058822
28,106,3.6785714285714284,7,5.555555555555555,4.166666666666667
23,62,2.652173913043478,5,4.083333333333333,2.8823529411764706
24,40,3.4166666666666665,5,5.142857142857143,1.7142857142857142
25,81,4.04,7,5.0,3.1818181818181817
28,111,4.142857142857143,8,5.444444444444445,4.083333333333333
16,27,1.875,3,2.75,1.2222222222222223
16,29,2.0625,4,2.6,1.3
24,42,3.4166666666666665,5,5.285714285714286,1.7619047619047619
27,140,3.962962962962963,8,6.333333333333333,5.782608695652174
27,109,4.296296296296297,8,6.117647058823529,4.521739130434782
17,37,2.176470588235294,4,4.0,1.8181818181818181
17,43,2.588235294117647,5,3.7142857142857144,2.0
22,39,3.3181818181818183,5,4.857142857142857,1.7894736842105263
29,116,3.3793103448275863,7,4.833333333333333,4.142857142857143
25,103,3.68,7,5.444444444444445,4.666666666666667
16,37,1.625,3,5.25,2.625
24,45,3.4166666666666665,5,5.571428571428571,1.8571428571428572
20,47,2.25,4,4.285714285714286,2.5
17,41,2.588235294117647,5,4.0,1.8461538461538463
26,71,2.9615384615384617,5,4.0625,2.9545454545454546
30,133,4.3,8,6.142857142857143,4.961538461538462
24,49,3.7083333333333335,6,4.888888888888889,2.0952380952380953
28,110,3.3214285714285716,6,7.0,4.375
30,125,3.966666666666667,7,5.578947368421052,4.24
28,93,3.4285714285714284,6,5.235294117647059,3.7083333333333335
25,77,3.24,6,4.235294117647059,3.4285714285714284
26,98,2.8846153846153846,5,4.6,4.181818181818182
25,40,3.32,5,6.0,1.6363636363636365
23,88,4.086956521739131,8,4.368421052631579,4.368421052631579
29,78,3.4827586206896552,6,4.5625,2.92
28,125,3.107142857142857,6,5.619047619047619,4.916666666666667
29,100,2.2758620689655173,5,4.625,3.5238095238095237
25,58,2.8,5,3.7857142857142856,2.5238095238095237
15,24,1.4,2,3.0,1.5
25,75,2.88,6,4.857142857142857,3.238095238095238
24,51,2.6666666666666665,5,3.25,2.1666666666666665
23,51,2.8260869565217392,5,3.5384615384615383,2.4210526315789473
30,111,3.7666666666666666,7,5.888888888888889,4.076923076923077
24,42,3.375,5,5.428571428571429,1.8095238095238095
28,91,3.5,7,5.666666666666667,3.5416666666666665
24,62,2.6666666666666665,5,3.6923076923076925,2.6666666666666665
24,38,3.2083333333333335,5,5.666666666666667,1.619047619047619
27,128,3.4444444444444446,7,6.421052631578948,5.304347826086956
28,93,2.4642857142857144,5,6.7,3.9411764705882355
27,67,2.814814814814815,5,4.230769230769231,2.391304347826087
24,35,3.2083333333333335,5,6.4,1.5238095238095237
22,33,1.8181818181818181,4,4.5,1.8
27,75,3.3703703703703702,6,5.461538461538462,3.0869565217391304
24,48,2.0,4,4.375,2.0588235294117645
27,102,3.925925925925926,7,5.764705882352941,4.260869565217392
23,44,2.608695652173913,4,5.125,2.05
26,79,3.8846153846153846,7,5.3076923076923075,3.1363636363636362
26,58,2.0384615384615383,4,6.333333333333333,2.533333333333333
23,38,1.6956521739130435,3,7.333333333333333,1.6923076923076923
25,37,3.24,5,6.6,1.5
27,133,3.814814814814815,8,6.684210526315789,5.521739130434782
28,88,2.2857142857142856,5,5.166666666666667,4.133333333333334
28,93,3.4642857142857144,6,5.235294117647059,3.7083333333333335
16,30,1.375,2,4.666666666666667,2.3333333333333335
26,78,3.3461538461538463,6,4.625,3.3636363636363638
23,46,2.391304347826087,5,5.0,1.875
26,81,3.769230769230769,7,4.8,3.272727272727273
15,23,1.4666666666666666,2,2.25,1.2857142857142858
22,56,3.090909090909091,6,3.4,2.8333333333333335
29,114,4.310344827586207,8,5.45,4.36
24,37,3.25,5,4.857142857142857,1.619047619047619
27,105,3.185185185185185,6,6.1875,4.304347826086956
28,91,3.857142857142857,7,5.4375,3.625
27,111,3.0,6,5.526315789473684,4.565217391304348
25,101,2.96,6,5.0,4.523809523809524
26,85,3.576923076923077,7,5.266666666666667,3.590909090909091
24,50,2.75,5,3.3333333333333335,2.1052631578947367
20,30,1.35,2,5.0,2.142857142857143
23,34,3.1739130434782608,5,5.166666666666667,1.55
26,48,3.4615384615384617,6,3.909090909090909,1.9545454545454546
16,32,1.9375,3,4.0,1.7777777777777777
18,34,1.8888888888888888,3,4.0,1.6
23,33,3.130434782608696,5,6.0,1.5
27,121,3.814814814814815,8,6.052631578947368,5.0
27,77,1.9259259259259258,4,4.545454545454546,3.3333333333333335
27,103,4.0,8,5.388888888888889,4.217391304347826
23,70,3.0869565217391304,5,4.571428571428571,3.3684210526315788
24,36,3.2083333333333335,5,5.5,1.5714285714285714
23,59,2.391304347826087,4,5.285714285714286,2.642857142857143
27,101,3.185185185185185,7,3.8947368421052633,3.5238095238095237
24,58,3.375,6,3.7857142857142856,2.65
27,103,2.962962962962963,5,4.85,4.217391304347826
23,33,3.217391304347826,5,6.0,1.5
27,57,3.5185185185185186,6,3.7142857142857144,2.260869565217391
25,80,3.16,5,5.357142857142857,3.5714285714285716
26,87,3.6923076923076925,7,5.785714285714286,3.6818181818181817
21,36,1.9523809523809523,3,4.333333333333333,1.8571428571428572
19,44,2.6315789473684212,5,3.3333333333333335,2.6666666666666665
27,103,4.185185185185185,8,5.764705882352941,4.260869565217392
23,40,2.5217391304347827,4,4.625,1.85
22,84,3.909090909090909,8,4.8125,4.052631578947368
28,87,2.6785714285714284,5,5.083333333333333,3.388888888888889
21,69,3.4285714285714284,7,3.6875,3.4705882352941178
23,72,3.0,5,5.076923076923077,3.473684210526316
23,35,3.130434782608696,5,5.333333333333333,1.6
28,97,3.7142857142857144,7,5.055555555555555,3.7916666666666665
24,62,2.7916666666666665,5,3.769230769230769,2.5789473684210527
23,33,3.0869565217391304,5,6.0,1.5
19,38,1.9473684210526316,4,3.8333333333333335,2.3
20,41,2.1,4,5.25,1.75
24,50,3.3333333333333335,5,3.75,2.25
25,72,3.04,6,5.076923076923077,3.142857142857143
22,48,2.6818181818181817,5,3.1666666666666665,2.235294117647059
23,33,3.130434782608696,5,6.0,1.5
27,126,3.888888888888889,8,6.315789473684211,5.217391304347826
28,91,3.75,7,5.8,3.625
16,29,1.375,2,4.333333333333333,2.1666666666666665
26,64,2.1538461538461537,4,6.0,2.4705882352941178
23,68,3.0434782608695654,5,4.769230769230769,3.263157894736842
27,102,3.888888888888889,7,5.647058823529412,4.173913043478261
23,36,3.1739130434782608,5,5.166666666666667,1.55
27,95,3.2222222222222223,6,5.25,3.652173913043478
26,92,3.730769230769231,7,5.333333333333333,3.6363636363636362
22,68,3.1363636363636362,7,4.333333333333333,2.888888888888889
15,26,1.5333333333333334,2,3.0,1.5
24,39,3.2083333333333335,5,4.857142857142857,1.619047619047619
23,61,2.5652173913043477,5,6.125,3.2666666666666666
26,68,3.423076923076923,6,3.7058823529411766,2.8636363636363638
28,116,3.107142857142857,6,5.238095238095238,4.583333333333333
26,93,2.6538461538461537,5,4.733333333333333,3.380952380952381
22,61,3.1363636363636362,6,4.0,3.111111111111111
15,28,1.4666666666666666,2,3.25,1.8571428571428572
23,37,3.3043478260869565,5,4.25,1.7
27,85,2.3333333333333335,5,5.2727272727272725,3.8666666666666667
25,67,3.64,7,4.133333333333334,2.9523809523809526
28,110,3.107142857142857,6,4.7272727272727275,4.333333333333333
26,88,2.6923076923076925,5,5.076923076923077,3.142857142857143
24,39,3.4166666666666665,5,5.142857142857143,1.7142857142857142
23,61,2.391304347826087,4,5.428571428571429,2.7142857142857144
29,104,4.103448275862069,7,6.466666666666667,3.88
24,69,2.75,5,3.9285714285714284,3.0555555555555554
24,76,3.125,5,4.666666666666667,3.5
22,65,3.272727272727273,7,4.357142857142857,3.388888888888889
24,61,2.6666666666666665,5,3.5,2.7222222222222223
24,78,2.875,5,3.789473684210526,3.6
20,53,2.85,6,3.769230769230769,3.0625
22,40,2.090909090909091,4,3.3333333333333335,2.0
23,48,2.4782608695652173,4,4.2,2.1
25,106,3.92,8,5.444444444444445,4.666666666666667
30,133,3.6333333333333333,8,4.681818181818182,4.478260869565218
25,80,3.84,7,4.5625,3.4761904761904763
25,88,3.08,6,4.315789473684211,3.9047619047619047
23,45,2.652173913043478,5,4.0,2.1176470588235294
26,80,3.1538461538461537,6,5.357142857142857,3.409090909090909
16,34,1.8125,3,3.6,1.8
22,57,2.9545454545454546,6,3.533333333333333,2.9444444444444446
25,40,3.28,5,5.833333333333333,1.5909090909090908
28,63,3.5,6,4.833333333333333,2.4166666666666665
24,54,2.25,5,4.875,2.6
22,36,2.227272727272727,4,6.25,1.6666666666666667
25,38,3.24,5,6.6,1.5
28,61,3.5,6,5.181818181818182,2.375
17,34,1.8823529411764706,3,4.25,1.8888888888888888
18,36,1.9444444444444444,3,5.0,2.0
28,115,3.892857142857143,7,6.166666666666667,4.625
24,47,2.625,4,4.888888888888889,2.0952380952380953
21,55,3.0952380952380953,6,3.466666666666667,2.888888888888889
31,112,4.258064516129032,7,7.066666666666666,3.925925925925926
24,41,3.2083333333333335,5,5.833333333333333,1.6666666666666667
25,70,4.0,7,4.615384615384615,2.727272727272727
24,41,3.2083333333333335,5,5.833333333333333,1.6666666666666667
28,136,3.5714285714285716,7,6.190476190476191,5.416666666666667
31,117,4.419354838709677,8,5.7368421052631575,4.037037037037037
24,40,3.2083333333333335,5,5.0,1.6666666666666667
26,87,2.4615384615384617,5,5.7272727272727275,3.9375
28,95,3.4285714285714284,6,4.7894736842105265,3.7916666666666665
15,28,1.4,2,4.333333333333333,2.1666666666666665
25,38,3.24,5,6.6,1.5
27,58,3.4074074074074074,6,4.416666666666667,2.3043478260869565
27,70,2.7037037037037037,5,4.636363636363637,2.3181818181818183
23,42,1.9565217391304348,3,5.2,1.625
23,36,3.130434782608696,5,5.166666666666667,1.55
27,109,3.185185185185185,6,6.5625,4.565217391304348
30,104,3.933333333333333,6,6.6,3.8076923076923075
25,38,3.24,5,6.6,1.5
27,109,3.185185185185185,6,6.5625,4.565217391304348
28,83,2.25,5,5.6,3.7333333333333334
26,92,3.3846153846153846,6,4.631578947368421,4.0
25,39,3.28,5,5.666666666666667,1.5454545454545454
29,102,3.2758620689655173,6,4.578947368421052,3.48
30,136,4.266666666666667,8,6.190476190476191,5.0
23,62,3.260869565217391,6,4.75,3.0
16,34,2.5625,4,3.5,1.75
21,39,2.3333333333333335,4,3.1,1.8235294117647058
24,67,2.9583333333333335,5,4.6923076923076925,3.05
23,33,3.130434782608696,5,6.0,1.5
26,125,3.3461538461538463,7,6.2631578947368425,5.409090909090909
31,115,4.483870967741935,8,6.352941176470588,4.0
23,35,3.1739130434782608,5,4.571428571428571,1.6
27,70,2.074074074074074,4,6.125,3.5
25,76,3.32,6,4.8,3.4285714285714284
29,112,4.344827586206897,8,5.684210526315789,4.32
23,44,2.5652173913043477,4,5.125,2.05
19,38,2.0526315789473686,4,4.166666666666667,2.272727272727273
31,107,3.903225806451613,6,6.538461538461538,3.1481481481481484
16,33,1.5625,2,4.25,1.8888888888888888
25,49,3.28,5,5.857142857142857,1.8636363636363635
25,69,4.04,7,4.916666666666667,2.6818181818181817
24,45,3.2083333333333335,5,5.428571428571429,1.8095238095238095
30,74,3.566666666666667,6,4.3125,2.6538461538461537
24,59,2.3333333333333335,4,5.714285714285714,2.5
25,39,3.28,5,7.0,1.5909090909090908
20,46,1.9,3,5.2,1.8571428571428572
28,84,3.7857142857142856,6,6.076923076923077,3.2916666666666665
26,104,4.076923076923077,8,4.842105263157895,4.181818181818182
20,38,1.8,3,4.8,2.1818181818181817
26,88,2.6538461538461537,5,4.933333333333334,3.3636363636363638
23,33,3.130434782608696,5,6.0,1.5
26,53,3.4615384615384617,6,4.0,2.1818181818181817
24,51,2.25,5,4.125,2.2
22,36,1.6363636363636365,3,6.666666666666667,1.6666666666666667
23,33,3.217391304347826,5,6.0,1.5
28,103,3.7857142857142856,7,4.705882352941177,3.3333333333333335
30,120,4.366666666666666,8,7.133333333333334,4.115384615384615
30,118,4.233333333333333,8,6.375,3.923076923076923
24,36,3.3333333333333335,5,6.6,1.5714285714285714
27,78,3.074074074074074,6,4.384615384615385,2.4782608695652173
29,100,3.9655172413793105,7,5.588235294117647,3.8
27,102,3.111111111111111,6,5.052631578947368,4.173913043478261
24,35,3.1666666666666665,5,6.4,1.5238095238095237
19,39,2.0,3,5.0,1.8181818181818181
27,91,3.5555555555555554,6,6.538461538461538,3.6956521739130435
20,43,2.85,6,3.4545454545454546,2.375
20,49,2.85,6,3.4615384615384617,2.8125
23,33,3.130434782608696,5,6.0,1.5
26,46,3.4615384615384617,6,3.727272727272727,1.8636363636363635
22,33,3.227272727272727,5,4.285714285714286,1.5789473684210527
20,29,2.0,4,3.2,1.3333333333333333
26,56,3.423076923076923,6,3.642857142857143,2.3181818181818183
23,30,1.6956521739130435,3,4.333333333333333,1.0833333333333333
22,59,3.272727272727273,6,4.583333333333333,3.0555555555555554
28,100,3.892857142857143,7,6.857142857142857,4.0
25,32,1.36,2,3.6666666666666665,1.2222222222222223
23,27,1.2173913043478262,2,5.0,1.0
18,39,3.5,6,4.428571428571429,2.2142857142857144
24,64,3.5,7,4.083333333333333,2.7222222222222223
19,54,3.1052631578947367,6,3.8181818181818183,2.8
28,138,4.214285714285714,8,6.631578947368421,5.25
30,66,2.433333333333333,4,6.0,2.0
21,43,2.761904761904762,4,4.714285714285714,1.9411764705882353
27,151,4.074074074074074,7,7.2631578947368425,6.0
24,84,3.5833333333333335,6,4.642857142857143,3.25
27,107,3.7037037037037037,8,4.5,3.857142857142857
25,51,2.32,3,6.428571428571429,2.25
24,107,4.041666666666667,8,5.555555555555555,5.0
28,124,4.178571428571429,8,5.619047619047619,4.916666666666667
16,28,1.6875,3,3.0,1.7142857142857142
16,30,1.875,3,3.5,1.5555555555555556
25,41,3.32,5,5.142857142857143,1.6363636363636365
27,70,2.1481481481481484,4,5.444444444444445,3.2666666666666666
25,60,3.4,6,3.9285714285714284,2.619047619047619
25,62,2.72,5,5.0,2.380952380952381
24,73,3.0416666666666665,5,5.230769230769231,3.4
27,111,3.111111111111111,6,5.25,4.565217391304348
24,45,3.2916666666666665,5,3.9,1.8571428571428572
28,134,4.107142857142857,8,6.095238095238095,5.333333333333333
27,91,2.3333333333333335,5,4.923076923076923,4.266666666666667
26,88,3.8461538461538463,7,5.785714285714286,3.6818181818181817
21,69,3.142857142857143,7,4.5,3.176470588235294
24,42,3.4166666666666665,5,5.285714285714286,1.7619047619047619
29,137,4.172413793103448,8,5.6,4.48
29,124,4.379310344827586,8,6.625,4.24
28,107,4.107142857142857,8,5.6875,3.7916666666666665
31,169,4.451612903225806,8,6.52,6.037037037037037
23,46,3.6956521739130435,6,4.1,2.05
30,94,4.0,7,6.071428571428571,3.269230769230769
27,83,2.888888888888889,6,5.166666666666667,3.1
24,45,1.875,3,5.4,1.8
24,53,3.9583333333333335,6,4.8,2.2857142857142856
28,103,3.3214285714285716,7,4.529411764705882,3.85
20,46,2.25,4,4.714285714285714,2.75
31,114,3.129032258064516,6,6.533333333333333,3.769230769230769
25,61,2.72,5,4.0,2.6666666666666665
15,27,1.4,2,4.333333333333333,2.1666666666666665
22,39,2.3181818181818183,4,4.142857142857143,1.8125
24,41,3.2916666666666665,5,5.142857142857143,1.7142857142857142
29,104,4.0344827586206895,7,5.9375,3.8
22,73,3.3636363636363638,7,3.9375,3.5
15,29,1.5333333333333334,2,3.75,1.875
24,39,3.2083333333333335,5,5.5,1.5714285714285714
19,37,1.9473684210526316,4,4.0,2.4
28,84,3.4285714285714284,6,5.714285714285714,3.3333333333333335
24,49,2.4166666666666665,5,4.111111111111111,2.0555555555555554
25,55,3.28,5,4.166666666666667,2.380952380952381
24,52,2.5833333333333335,5,4.0,2.2222222222222223
25,87,2.88,5,4.05,3.857142857142857
25,38,3.28,5,5.666666666666667,1.5454545454545454
27,90,3.5185185185185186,7,5.6,3.652173913043478
26,84,3.1153846153846154,5,4.75,3.4545454545454546
28,111,4.357142857142857,8,5.944444444444445,4.458333333333333
24,36,1.8333333333333333,4,3.0,1.5
22,75,3.5,7,4.4375,3.736842105263158
29,112,3.9655172413793105,7,6.466666666666667,3.88
28,85,2.9285714285714284,5,6.0,2.608695652173913
30,169,4.366666666666666,8,6.833333333333333,6.3076923076923075
24,49,3.25,5,4.444444444444445,1.9047619047619047
21,48,2.3333333333333335,4,5.666666666666667,2.6153846153846154
31,120,4.0,7,6.533333333333333,3.6296296296296298
15,31,1.5333333333333334,2,4.0,2.0
25,44,3.28,5,6.333333333333333,1.7272727272727273
27,66,2.037037037037037,4,5.222222222222222,3.357142857142857
26,59,2.8076923076923075,5,5.2,2.3636363636363638
25,39,3.28,5,5.666666666666667,1.5454545454545454
20,42,1.95,3,5.5,2.0
27,89,3.5555555555555554,6,5.928571428571429,3.608695652173913
24,50,2.9166666666666665,6,4.875,1.95
21,56,2.9047619047619047,6,3.7142857142857144,3.0588235294117645
29,126,4.379310344827586,8,6.0,4.8
23,34,3.130434782608696,5,5.166666666666667,1.55
27,124,3.4074074074074074,7,6.2105263157894735,5.130434782608695
26,81,2.3076923076923075,5,5.0,3.6666666666666665
28,84,3.4285714285714284,6,5.333333333333333,3.3333333333333335
24,35,3.2083333333333335,5,6.4,1.5238095238095237
20,44,2.9,5,4.857142857142857,2.2666666666666666
27,73,2.5925925925925926,5,4.7272727272727275,2.4761904761904763
27,62,3.4074074074074074,6,3.8,2.4782608695652173
25,59,3.48,6,5.4,2.5714285714285716
22,51,3.0454545454545454,6,3.9166666666666665,2.611111111111111
24,38,3.2083333333333335,5,6.8,1.619047619047619
23,34,1.434782608695652,2,8.5,1.7
27,78,3.6666666666666665,6,6.083333333333333,3.1739130434782608
27,103,3.111111111111111,6,5.105263157894737,4.217391304347826
26,85,2.5,5,4.0,3.0476190476190474
24,37,3.2083333333333335,5,6.8,1.619047619047619
22,60,2.3181818181818183,4,5.714285714285714,3.076923076923077
29,98,4.0344827586206895,7,6.642857142857143,3.72
26,92,3.6923076923076925,7,4.166666666666667,3.409090909090909
16,27,1.5,2,2.75,1.375
25,94,2.88,5,4.631578947368421,4.190476190476191
22,33,3.227272727272727,5,5.0,1.5789473684210527
28,71,2.0357142857142856,4,5.875,3.1333333333333333
26,62,2.923076923076923,5,5.0,2.5
23,34,3.130434782608696,5,5.166666666666667,1.55
19,40,2.0,3,5.25,1.9090909090909092
26,77,3.6538461538461537,6,5.142857142857143,3.272727272727273
25,59,3.48,6,5.4,2.5714285714285716
21,54,3.0,6,4.166666666666667,2.9411764705882355
28,120,3.892857142857143,7,6.166666666666667,4.625
22,40,2.5,4,4.625,1.9473684210526316
19,34,1.8421052631578947,4,4.0,2.2222222222222223
28,91,3.4285714285714284,6,5.4375,3.625
24,51,2.0,3,4.857142857142857,2.0
24,51,3.3333333333333335,5,3.5384615384615383,2.3
22,66,3.0,5,5.0,3.3333333333333335
27,79,2.888888888888889,5,5.7,2.7142857142857144
26,97,3.6923076923076925,7,4.473684210526316,3.8636363636363638
18,41,2.3333333333333335,4,3.8333333333333335,1.7692307692307692
19,44,2.736842105263158,6,3.076923076923077,2.6666666666666665
28,114,4.357142857142857,8,6.0,4.5
23,34,3.130434782608696,5,5.166666666666667,1.55
25,71,4.04,7,4.769230769230769,2.8181818181818183
29,102,4.0,7,6.071428571428571,3.5416666666666665
16,24,1.5625,3,2.6666666666666665,1.3333333333333333
16,27,1.75,3,3.6666666666666665,1.375
24,36,3.3333333333333335,5,6.6,1.5714285714285714
30,122,3.9,7,4.75,3.6538461538461537
26,69,3.4615384615384617,6,3.764705882352941,2.909090909090909
28,117,3.142857142857143,6,5.285714285714286,4.625
25,64,2.68,4,6.0,2.3333333333333335
27,92,2.4814814814814814,5,4.117647058823529,3.1818181818181817
24,36,3.375,5,5.5,1.5714285714285714
28,100,3.2142857142857144,6,4.9411764705882355,3.5
25,88,3.76,7,5.066666666666666,3.619047619047619
22,64,3.1363636363636362,7,4.0,2.6666666666666665
24,36,3.3333333333333335,5,6.6,1.5714285714285714
20,28,1.8,4,2.8,1.2727272727272727
25,73,3.32,6,5.3076923076923075,3.2857142857142856
28,114,3.0,5,6.0,4.5
28,115,3.0,5,5.7368421052631575,4.541666666666667
25,77,3.32,6,4.5625,3.4761904761904763
16,27,1.4375,2,2.75,1.5714285714285714
22,33,3.227272727272727,5,4.285714285714286,1.5789473684210527
28,105,3.5,7,5.411764705882353,3.8333333333333335
29,107,4.068965517241379,7,6.0588235294117645,4.12
27,104,3.111111111111111,6,5.157894736842105,4.260869565217392
29,113,3.9310344827586206,7,7.266666666666667,4.36
25,34,1.36,2,3.6666666666666665,1.2222222222222223
23,26,1.173913043478261,2,4.0,1.0
18,38,3.5,6,4.285714285714286,2.142857142857143
28,65,2.5357142857142856,4,5.0,2.2222222222222223
26,94,4.038461538461538,8,4.055555555555555,3.4761904761904763
26,65,2.576923076923077,4,6.833333333333333,2.1578947368421053
21,59,3.4761904761904763,7,4.076923076923077,3.1176470588235294
22,101,3.5,6,4.882352941176471,4.611111111111111
28,120,3.9285714285714284,7,4.894736842105263,4.043478260869565
25,51,2.32,3,6.428571428571429,2.25
26,84,4.038461538461538,7,5.071428571428571,3.0869565217391304
25,73,2.64,5,4.153846153846154,2.8421052631578947
24,49,3.625,6,4.3,2.0476190476190474
28,146,4.107142857142857,8,6.363636363636363,5.833333333333333
28,116,3.857142857142857,8,5.45,4.541666666666667
25,76,2.6,5,6.222222222222222,2.9473684210526314
21,63,2.9047619047619047,6,4.142857142857143,3.411764705882353
24,50,3.8333333333333335,6,4.5,2.142857142857143
26,85,4.269230769230769,8,5.066666666666666,3.3043478260869565
23,53,3.739130434782609,6,4.8,2.4
28,97,3.2142857142857144,7,5.0,3.5714285714285716
26,69,3.3846153846153846,5,4.428571428571429,2.8181818181818183
28,95,3.0714285714285716,6,4.611111111111111,3.608695652173913
24,68,3.1666666666666665,5,4.571428571428571,3.2
16,30,1.5,2,3.5,1.75
28,82,3.4285714285714284,6,7.1,3.0869565217391304
28,96,2.5,4,4.9375,3.4347826086956523
24,55,2.7916666666666665,5,3.8461538461538463,2.5
24,56,2.5833333333333335,5,3.909090909090909,2.388888888888889
25,86,2.96,5,4.2105263157894735,3.8095238095238093
24,45,3.4166666666666665,5,5.571428571428571,1.8571428571428572
28,100,3.9285714285714284,7,6.066666666666666,3.7916666666666665
23,45,2.4782608695652173,5,4.428571428571429,1.9375
24,43,3.25,5,5.285714285714286,1.7619047619047619
28,94,3.642857142857143,7,5.117647058823529,3.625
24,62,2.75,5,3.7142857142857144,2.736842105263158
28,81,3.5714285714285716,6,5.909090909090909,2.7083333333333335
27,77,3.7037037037037037,6,5.538461538461538,3.130434782608696
23,58,2.5217391304347827,4,3.8181818181818183,2.4705882352941178
23,43,1.9130434782608696,3,5.2,2.1666666666666665
24,48,3.3333333333333335,5,3.6666666666666665,2.2
15,28,1.5333333333333334,2,3.25,1.625
24,48,2.6666666666666665,4,3.909090909090909,2.15
24,48,2.25,4,5.333333333333333,2.2857142857142856
18,40,2.5,4,4.666666666666667,2.1538461538461537
21,48,2.3333333333333335,4,3.142857142857143,2.588235294117647
22,34,3.272727272727273,5,5.166666666666667,1.631578947368421
28,97,3.4285714285714284,7,4.733333333333333,3.0869565217391304
29,105,3.5517241379310347,6,5.315789473684211,4.04
25,61,3.4,6,3.7333333333333334,2.6666666666666665
18,35,2.111111111111111,4,3.4,1.5454545454545454
24,75,3.0833333333333335,6,3.7777777777777777,3.4
26,76,2.423076923076923,4,4.75,2.7142857142857144
28,95,3.607142857142857,6,6.066666666666666,3.7916666666666665
23,31,1.5217391304347827,3,2.6,1.3
24,29,1.25,2,6.0,1.0
22,78,4.045454545454546,7,5.142857142857143,3.789473684210526
21,70,3.857142857142857,7,4.3076923076923075,3.111111111111111
26,85,4.038461538461538,8,4.857142857142857,3.238095238095238
23,52,2.1739130434782608,4,4.857142857142857,2.4285714285714284
27,56,1.9259259259259258,4,6.2,2.5833333333333335
22,79,3.272727272727273,6,5.538461538461538,4.0
27,101,3.5555555555555554,7,5.0,3.8095238095238093
25,46,2.36,3,6.833333333333333,2.05
27,114,3.7037037037037037,7,5.8125,4.428571428571429
24,73,3.2916666666666665,6,4.785714285714286,3.35
25,41,3.28,5,6.0,1.6363636363636365
28,108,3.8214285714285716,7,5.1,4.25
25,75,3.08,5,5.071428571428571,3.380952380952381
25,38,3.24,5,6.8,1.5454545454545454
27,69,2.1481481481481484,4,5.333333333333333,3.2
26,59,2.6153846153846154,4,5.2,2.3636363636363638
24,35,3.2083333333333335,5,6.2,1.4761904761904763
23,52,2.4347826086956523,4,6.166666666666667,2.466666666666667
25,58,3.4,6,3.7857142857142856,2.5238095238095237
27,108,3.111111111111111,6,5.1,4.434782608695652
26,84,2.5384615384615383,5,4.923076923076923,3.0476190476190474
24,67,3.125,6,4.5,3.15
15,25,1.4,2,2.5,1.6666666666666667
29,132,4.413793103448276,8,5.7727272727272725,5.08
24,34,3.1666666666666665,5,6.2,1.4761904761904763
27,103,3.185185185185185,6,6.1875,4.304347826086956
27,90,3.7777777777777777,7,5.25,3.652173913043478
16,27,1.4375,2,2.75,1.5714285714285714
29,125,4.344827586206897,8,6.05,4.84
25,36,3.24,5,6.6,1.5
27,52,3.4074074074074074,6,3.9166666666666665,2.0434782608695654
26,56,2.1153846153846154,5,4.5,2.4
23,36,1.5217391304347827,3,6.333333333333333,1.7272727272727273
28,121,4.285714285714286,8,5.2727272727272725,4.833333333333333
25,36,3.24,5,6.6,1.5
28,105,3.25,6,6.3125,4.208333333333333
31,110,4.354838709677419,8,6.5625,3.888888888888889
26,81,3.769230769230769,7,4.866666666666666,3.3181818181818183
25,91,3.12,6,4.421052631578948,4.0
26,82,2.3846153846153846,4,4.133333333333334,2.9523809523809526
24,36,3.3333333333333335,5,6.6,1.5714285714285714
28,138,3.5714285714285716,7,6.6,5.5
30,105,4.333333333333333,8,5.882352941176471,3.8461538461538463
24,35,3.2083333333333335,5,5.333333333333333,1.5238095238095237
27,105,3.2222222222222223,6,6.3125,4.391304347826087
26,67,3.3461538461538463,6,3.6470588235294117,2.8181818181818183
25,56,2.12,4,4.75,2.235294117647059
30,138,4.5,8,5.782608695652174,5.115384615384615
24,45,2.5416666666666665,4,5.25,2.0
25,72,4.04,7,4.769230769230769,2.8181818181818183
24,61,2.625,5,3.3846153846153846,2.4444444444444446
25,42,3.32,5,5.428571428571429,1.7272727272727273
23,61,2.391304347826087,4,5.428571428571429,2.7142857142857144
29,99,3.9655172413793105,7,6.266666666666667,3.76
25,81,3.6,7,4.0625,3.0952380952380953
24,59,2.7083333333333335,5,3.2666666666666666,2.7222222222222223
24,85,2.875,5,4.157894736842105,3.95
22,61,2.909090909090909,6,4.071428571428571,3.1666666666666665
24,54,2.6666666666666665,5,3.0,2.3333333333333335
24,53,3.375,6,3.4285714285714284,2.4
23,48,2.4347826086956523,5,3.1818181818181817,2.1875
26,79,3.5384615384615383,6,5.5,3.0
19,42,2.263157894736842,4,2.923076923076923,2.533333333333333
23,35,3.3043478260869565,5,4.571428571428571,1.6
26,102,3.230769230769231,5,6.4,4.363636363636363
30,102,4.1,7,6.0625,3.730769230769231
24,64,2.7083333333333335,5,4.777777777777778,2.388888888888889
22,63,3.272727272727273,6,4.214285714285714,3.2777777777777777
28,100,3.357142857142857,7,4.866666666666666,3.0416666666666665
27,94,2.6666666666666665,5,5.0,3.260869565217391
24,65,3.4583333333333335,6,3.6875,2.95
24,74,2.9583333333333335,5,3.7777777777777777,3.4
22,35,3.227272727272727,5,4.0,1.6842105263157894
23,38,1.4782608695652173,3,6.333333333333333,2.111111111111111
27,95,4.148148148148148,8,5.625,3.9130434782608696
27,109,3.111111111111111,6,5.15,4.478260869565218
27,100,3.0,5,4.588235294117647,3.391304347826087
23,37,3.3043478260869565,5,4.857142857142857,1.7
20,45,2.1,4,5.2,2.3636363636363638
28,102,3.9285714285714284,7,5.705882352941177,4.041666666666667
26,92,3.1923076923076925,5,5.375,3.909090909090909
24,82,3.3333333333333335,6,5.133333333333334,3.85
25,70,2.24,4,6.571428571428571,2.875
24,42,1.7083333333333333,3,3.0,1.3846153846153846
17,41,2.588235294117647,4,4.166666666666667,1.9230769230769231
21,52,2.7142857142857144,5,3.6923076923076925,2.823529411764706
22,36,3.3181818181818183,5,4.714285714285714,1.736842105263158
27,106,3.8518518518518516,8,5.277777777777778,4.130434782608695
26,97,4.1923076923076925,8,4.882352941176471,3.772727272727273
22,83,3.4545454545454546,8,4.714285714285714,3.6666666666666665
30,115,3.966666666666667,7,7.714285714285714,4.153846153846154
25,35,1.52,3,3.5,1.2727272727272727
26,31,1.1923076923076923,2,5.0,1.0
20,47,3.6,6,5.0,2.5
27,73,3.074074074074074,6,4.6,3.0
22,50,3.409090909090909,6,3.3846153846153846,2.3157894736842106
30,124,3.6,7,6.9411764705882355,4.538461538461538
29,98,2.413793103448276,5,6.818181818181818,4.411764705882353
26,87,3.3461538461538463,6,4.611111111111111,3.772727272727273
25,42,3.36,5,5.285714285714286,1.6818181818181819
21,45,2.0476190476190474,4,5.0,2.0833333333333335
29,85,3.8275862068965516,6,6.153846153846154,3.2
25,68,3.68,7,4.6923076923076925,2.9047619047619047
20,43,2.85,6,3.8,2.375
25,74,2.96,5,4.5,3.0
24,38,3.25,5,4.714285714285714,1.5714285714285714
28,62,3.5,6,5.181818181818182,2.375
26,88,3.1153846153846154,5,5.2,3.5454545454545454
23,37,3.1739130434782608,5,3.6666666666666665,1.65
22,57,2.3181818181818183,4,5.428571428571429,2.923076923076923
19,38,1.894736842105263,3,4.75,1.9
27,73,3.3333333333333335,6,4.928571428571429,3.0
25,55,3.28,5,4.166666666666667,2.380952380952381
15,27,1.4666666666666666,2,3.0,1.7142857142857142
23,45,2.5652173913043477,4,4.555555555555555,2.05
26,81,3.769230769230769,6,6.181818181818182,3.090909090909091
26,88,3.1153846153846154,5,5.2,3.5454545454545454
24,40,3.2083333333333335,5,5.666666666666667,1.619047619047619
27,66,2.0,4,5.75,3.2857142857142856
26,71,3.6538461538461537,6,5.076923076923077,3.0
16,32,1.5,2,4.0,2.0
24,59,2.75,5,3.5,2.5789473684210527
25,66,2.76,5,5.0,2.857142857142857
24,50,2.75,5,3.5,2.210526315789474
19,29,1.368421052631579,2,5.333333333333333,2.2857142857142856
23,34,3.130434782608696,5,5.166666666666667,1.55
20,40,1.7,3,5.0,2.0
28,86,3.7857142857142856,6,6.230769230769231,3.375
26,85,3.1153846153846154,5,5.266666666666667,3.590909090909091
22,62,3.227272727272727,6,3.8666666666666667,3.2222222222222223
23,64,3.0,5,4.142857142857143,3.0526315789473686
23,33,3.130434782608696,5,6.0,1.5
31,92,3.193548387096774,6,5.153846153846154,2.576923076923077
27,84,3.7037037037037037,7,5.333333333333333,3.4782608695652173
29,80,2.896551724137931,5,6.375,2.217391304347826
16,33,2.125,4,3.4,1.7
26,55,2.6153846153846154,5,4.888888888888889,2.0952380952380953
25,38,3.28,5,7.0,1.5909090909090908
28,94,3.607142857142857,7,4.785714285714286,2.7916666666666665
29,76,3.4482758620689653,6,3.9444444444444446,2.84
25,77,3.08,5,5.071428571428571,3.380952380952381
26,84,2.269230769230769,4,3.6470588235294117,2.9523809523809526
30,130,4.133333333333334,7,6.833333333333333,4.730769230769231
20,32,1.65,3,6.0,1.6363636363636365
25,38,3.28,5,7.0,1.5909090909090908
27,99,3.6296296296296298,7,4.470588235294118,3.3043478260869565
29,108,3.896551724137931,7,5.368421052631579,4.08
28,116,3.107142857142857,6,5.238095238095238,4.583333333333333
28,103,2.75,5,4.777777777777778,3.5833333333333335
25,38,3.28,5,7.0,1.5909090909090908
23,36,1.434782608695652,2,9.0,1.8
27,79,3.3703703703703702,6,5.357142857142857,3.260869565217391
28,89,3.107142857142857,5,5.7272727272727275,2.625
28,109,3.892857142857143,7,5.777777777777778,4.333333333333333
23,43,2.5652173913043477,4,4.444444444444445,2.0
21,59,3.142857142857143,6,3.235294117647059,3.0555555555555554
28,72,3.392857142857143,6,3.9411764705882355,2.7916666666666665
27,59,2.074074074074074,4,4.75,2.111111111111111
25,37,3.28,5,6.8,1.5454545454545454
28,101,3.1785714285714284,5,6.0625,4.041666666666667
28,84,2.2857142857142856,5,4.833333333333333,3.8666666666666667
28,101,3.4285714285714284,6,5.105263157894737,4.041666666666667
25,37,3.24,5,6.8,1.5454545454545454
22,30,1.7272727272727273,4,2.8,1.2727272727272727
26,75,3.3076923076923075,6,5.461538461538462,3.227272727272727
23,33,3.130434782608696,5,6.0,1.5
27,74,2.2962962962962963,5,5.4,3.6
26,94,3.9615384615384617,7,5.0,3.8636363636363638
26,101,2.8461538461538463,5,6.333333333333333,4.318181818181818
25,72,3.32,6,4.857142857142857,3.238095238095238
23,34,3.130434782608696,5,5.166666666666667,1.55
28,55,3.5,6,4.166666666666667,2.0833333333333335
26,59,2.4615384615384617,5,4.333333333333333,2.1666666666666665
24,39,1.625,3,7.333333333333333,1.6923076923076923
22,31,3.0454545454545454,5,5.6,1.4736842105263157
27,105,3.740740740740741,7,4.666666666666667,3.652173913043478
29,105,3.896551724137931,7,5.5,3.96
16,33,2.3125,4,3.4,1.5454545454545454
17,37,2.176470588235294,4,4.0,1.8181818181818181
23,32,3.260869565217391,5,5.8,1.45
30,91,3.2666666666666666,6,5.5,2.5384615384615383
28,91,3.9285714285714284,7,5.375,3.5833333333333335
27,103,3.111111111111111,6,4.85,4.217391304347826
23,34,3.130434782608696,5,5.166666666666667,1.55
28,110,3.357142857142857,6,6.625,4.416666666666667
20,34,1.55,3,3.4,2.4285714285714284
26,78,3.3846153846153846,6,5.285714285714286,3.3636363636363638
24,49,3.3333333333333335,5,3.6666666666666665,2.2
20,39,2.6,5,3.6666666666666665,2.2
22,31,3.1818181818181817,5,5.6,1.4736842105263157
27,55,3.5555555555555554,6,4.166666666666667,2.1739130434782608
22,32,3.1818181818181817,5,4.833333333333333,1.5263157894736843
27,121,4.0,8,5.578947368421052,4.608695652173913
30,126,4.366666666666666,8,6.8125,4.1923076923076925
16,30,1.4375,2,4.666666666666667,2.0
24,47,2.0,3,5.166666666666667,1.8235294117647058
30,128,4.366666666666666,8,6.473684210526316,4.730769230769231
23,50,2.5652173913043477,4,4.777777777777778,2.15
23,94,3.782608695652174,8,5.0588235294117645,4.526315789473684
28,93,3.107142857142857,7,5.153846153846154,3.526315789473684
25,85,3.36,6,5.333333333333333,3.8095238095238093
23,59,2.608695652173913,5,3.5833333333333335,2.5294117647058822
25,44,3.36,5,5.428571428571429,1.7272727272727273
25,75,4.04,7,5.076923076923077,3.0
27,96,4.037037037037037,7,5.4,3.5217391304347827
16,29,1.875,3,3.25,1.4444444444444444
16,31,2.0625,4,3.0,1.5
25,44,3.36,5,5.428571428571429,1.7272727272727273
24,60,2.3333333333333335,4,5.142857142857143,2.5714285714285716
29,108,4.068965517241379,7,6.4,3.84
24,72,2.625,5,5.666666666666667,2.8333333333333335
26,77,2.923076923076923,5,6.111111111111111,2.619047619047619
22,60,2.909090909090909,5,4.583333333333333,3.0555555555555554
23,61,2.8260869565217392,5,4.0,2.736842105263158
22,40,2.227272727272727,4,3.75,1.7647058823529411
23,43,3.6956521739130435,6,4.111111111111111,1.85
29,111,3.3448275862068964,7,4.823529411764706,3.9047619047619047
27,115,3.7777777777777777,7,5.5,4.782608695652174
16,35,1.625,3,4.75,2.111111111111111
24,47,3.4166666666666665,5,5.125,1.9523809523809523
23,59,3.130434782608696,6,4.5,2.6470588235294117
29,111,4.137931034482759,7,6.785714285714286,3.8
25,78,3.04,6,4.933333333333334,3.5238095238095237
22,43,2.5454545454545454,4,4.625,2.176470588235294
24,57,2.7083333333333335,5,3.7142857142857144,2.6
17,29,2.235294117647059,4,3.4,1.5454545454545454
25,40,3.28,5,6.8,1.5454545454545454
23,63,2.5217391304347827,4,5.75,3.066666666666667
29,103,2.793103448275862,6,5.133333333333334,3.85
25,58,2.76,5,3.7857142857142856,2.5238095238095237
22,52,2.1818181818181817,4,4.75,2.7142857142857144
23,47,2.217391304347826,5,4.571428571428571,2.4615384615384617
22,57,2.772727272727273,5,3.533333333333333,2.9444444444444446
16,30,1.5,2,3.5,1.75
28,88,3.4285714285714284,6,5.6,3.5
23,34,1.608695652173913,3,3.5,1.4
25,32,1.32,3,3.0,1.2857142857142858
21,64,3.1904761904761907,6,4.071428571428571,3.1666666666666665
26,91,4.3076923076923075,8,5.066666666666666,3.4545454545454546
26,129,4.153846153846154,7,6.555555555555555,5.130434782608695
26,106,3.1923076923076925,6,5.352941176470588,4.7894736842105265
27,92,3.4444444444444446,6,5.846153846153846,3.4545454545454546
25,49,1.76,4,5.2,2.1666666666666665
26,54,1.6538461538461537,4,4.666666666666667,2.3333333333333335
24,61,2.0833333333333335,4,4.625,2.3125
23,77,3.4782608695652173,6,5.818181818181818,3.3684210526315788
28,104,3.107142857142857,7,4.2105263157894735,4.2105263157894735
25,45,2.28,3,5.714285714285714,2.0
19,35,1.8421052631578947,4,3.5,2.3333333333333335
27,80,3.3333333333333335,6,5.769230769230769,3.260869565217391
27,110,2.888888888888889,5,6.117647058823529,4.521739130434782
26,73,3.230769230769231,5,4.928571428571429,3.1363636363636362
16,27,1.375,2,3.6666666666666665,1.8333333333333333
30,151,4.333333333333333,8,6.904761904761905,5.576923076923077
24,37,3.2083333333333335,5,5.333333333333333,1.5238095238095237
24,35,1.375,2,7.5,1.6666666666666667
26,88,3.5,6,5.466666666666667,3.727272727272727
22,34,2.0,3,4.8,1.6
23,68,2.9130434782608696,5,4.769230769230769,3.263157894736842
26,94,2.8461538461538463,5,5.176470588235294,4.0
24,35,3.2083333333333335,5,6.2,1.4761904761904763
27,84,3.7777777777777777,7,5.714285714285714,3.4782608695652173
27,65,3.7037037037037037,6,6.333333333333333,2.4782608695652173
25,80,3.32,6,4.75,3.619047619047619
16,28,1.375,2,4.0,2.0
25,41,3.28,5,7.0,1.5909090909090908
27,101,3.1481481481481484,6,6.0,4.173913043478261
28,90,3.8214285714285716,7,5.733333333333333,3.5833333333333335
26,78,3.269230769230769,5,5.285714285714286,3.3636363636363638
24,36,3.2083333333333335,5,6.4,1.5238095238095237
27,133,3.8518518518518516,8,6.684210526315789,5.521739130434782
26,80,2.230769230769231,5,4.5,3.6
28,92,3.4285714285714284,6,5.176470588235294,3.6666666666666665
25,38,3.28,5,7.0,1.5909090909090908
20,37,1.85,3,4.25,1.7
27,87,3.6296296296296298,6,6.230769230769231,3.5217391304347827
20,47,2.9,6,3.3076923076923075,2.6875
22,58,2.909090909090909,6,3.857142857142857,3.0
28,110,3.9285714285714284,7,6.625,4.416666666666667
24,33,1.375,2,3.6666666666666665,1.2222222222222223
23,27,1.2173913043478262,2,5.0,1.0
18,44,3.5,6,3.7777777777777777,2.4285714285714284
25,65,3.04,5,4.666666666666667,2.210526315789474
26,125,4.1923076923076925,7,6.5,5.086956521739131
25,57,1.88,3,5.333333333333333,2.2857142857142856
22,62,3.227272727272727,6,3.75,2.5
25,87,3.36,7,3.9375,3.3157894736842106
24,46,2.2916666666666665,3,6.5,2.0526315789473686
28,119,3.9285714285714284,7,6.8,4.434782608695652
22,65,3.227272727272727,6,4.066666666666666,3.388888888888889
25,41,3.28,5,6.0,1.6363636363636365
22,52,3.090909090909091,6,4.444444444444445,2.3529411764705883
30,123,3.9,7,5.571428571428571,4.5
16,32,2.3125,4,3.4,1.5454545454545454
17,37,2.3529411764705883,4,3.5,1.75
22,60,2.909090909090909,5,4.909090909090909,3.0
23,33,3.217391304347826,5,6.0,1.5
28,87,2.5,5,6.666666666666667,3.5294117647058822
28,102,3.4642857142857144,6,5.157894736842105,4.083333333333333
16,26,1.375,2,3.3333333333333335,1.6666666666666667
24,34,3.2916666666666665,5,6.2,1.4761904761904763
28,99,3.8214285714285716,7,4.894736842105263,3.875
26,65,2.923076923076923,5,4.0,2.3636363636363638
24,34,3.2916666666666665,5,6.2,1.4761904761904763
28,86,2.75,6,5.0,3.3333333333333335
29,108,4.206896551724138,8,5.473684210526316,4.16
16,29,1.4375,2,3.25,1.8571428571428572
23,32,3.260869565217391,5,5.8,1.45
30,114,4.266666666666667,8,6.666666666666667,3.8461538461538463
31,94,3.161290322580645,5,5.7272727272727275,2.423076923076923
25,63,2.72,5,4.25,2.55
24,37,3.2083333333333335,5,5.666666666666667,1.619047619047619
28,85,2.392857142857143,5,6.333333333333333,3.5625
22,79,3.727272727272727,8,4.0,3.5555555555555554
22,57,2.5454545454545454,5,5.428571428571429,2.375
24,69,3.6666666666666665,6,4.571428571428571,3.2
26,99,3.6923076923076925,7,4.526315789473684,3.909090909090909
16,27,1.5625,2,3.25,1.4444444444444444
29,107,3.896551724137931,7,7.357142857142857,4.12
24,28,1.2083333333333333,2,5.0,1.0
23,26,1.173913043478261,2,4.0,1.0
18,29,1.5555555555555556,3,3.0,1.7142857142857142
23,80,4.086956521739131,8,4.176470588235294,3.736842105263158
22,68,3.590909090909091,7,4.133333333333334,3.4444444444444446
21,62,3.4761904761904763,6,5.090909090909091,3.2941176470588234
27,74,3.259259259259259,6,4.7,2.1363636363636362
22,86,3.3181818181818183,6,5.714285714285714,4.444444444444445
27,109,3.814814814814815,7,4.611111111111111,3.772727272727273
25,49,2.32,3,7.166666666666667,2.15
25,114,3.96,8,5.578947368421052,5.0476190476190474
29,123,3.7241379310344827,7,4.85,4.041666666666667
23,77,3.260869565217391,6,4.8,3.789473684210526
15,27,1.4,2,4.0,2.0
22,68,3.272727272727273,6,4.571428571428571,3.5555555555555554
24,41,3.25,5,4.5,1.7142857142857142
29,119,3.896551724137931,7,5.333333333333333,4.48
24,78,3.125,5,4.8,3.6
23,43,3.6956521739130435,6,3.8,1.9
29,100,2.8275862068965516,6,5.285714285714286,4.111111111111111
27,113,3.7037037037037037,7,5.684210526315789,4.695652173913044
29,133,4.344827586206897,8,6.3,5.04
25,37,1.72,3,6.5,1.0
23,29,1.3043478260869565,2,3.5,1.0
21,69,3.857142857142857,7,3.6,3.176470588235294
22,65,3.5454545454545454,7,4.0,3.111111111111111
22,85,3.6363636363636362,7,4.6,4.0588235294117645
27,153,4.111111111111111,8,6.5,6.217391304347826
29,101,3.9655172413793105,7,4.235294117647059,2.88
23,67,2.869565217391304,6,4.583333333333333,3.0555555555555554
26,109,3.9615384615384617,7,4.666666666666667,3.8181818181818183
29,138,4.344827586206897,8,6.380952380952381,5.36
22,54,3.409090909090909,6,3.769230769230769,2.5789473684210527
30,118,3.5,6,7.0625,4.346153846153846
25,91,3.8,7,4.611111111111111,3.9523809523809526
28,92,3.5714285714285716,6,5.538461538461538,3.0
26,98,2.6923076923076925,5,4.611111111111111,3.9523809523809526
28,96,3.5714285714285716,6,6.133333333333334,3.8333333333333335
26,70,3.3461538461538463,5,4.153846153846154,2.347826086956522
23,88,4.130434782608695,8,5.6,4.2
29,101,2.7241379310344827,5,6.166666666666667,3.8947368421052633
28,112,3.5357142857142856,7,5.0476190476190474,4.416666666666667
24,73,3.0416666666666665,5,4.714285714285714,3.3
25,48,3.36,5,4.666666666666667,1.9090909090909092
20,32,1.35,3,4.5,3.0
27,63,3.3333333333333335,5,4.833333333333333,2.5217391304347827
17,36,2.0588235294117645,4,3.8,1.9
18,36,1.9444444444444444,3,4.5,1.8
24,51,2.75,5,3.5384615384615383,2.3
24,48,2.25,5,3.7777777777777777,2.2666666666666666
24,76,2.9583333333333335,6,4.0588235294117645,3.45
24,38,3.4166666666666665,5,5.833333333333333,1.6666666666666667
27,89,3.2962962962962963,6,4.642857142857143,2.9545454545454546
28,91,2.2857142857142856,5,3.823529411764706,3.4210526315789473
29,109,3.7586206896551726,7,5.421052631578948,4.12
27,69,3.3333333333333335,6,6.375,2.3181818181818183
26,84,2.6923076923076925,5,5.071428571428571,3.227272727272727
25,40,3.36,5,6.166666666666667,1.6818181818181819
28,134,3.5357142857142856,7,6.095238095238095,5.333333333333333
27,81,2.259259259259259,5,5.4,3.6
28,85,3.892857142857143,7,5.714285714285714,3.3333333333333335
21,71,3.1904761904761907,7,4.5,3.7058823529411766
23,36,3.1739130434782608,5,5.5,1.65
27,102,3.185185185185185,6,6.0625,4.217391304347826
28,92,3.4285714285714284,6,5.176470588235294,3.6666666666666665
25,77,3.28,6,4.866666666666666,3.4761904761904763
24,74,3.0,5,5.230769230769231,3.4
26,98,2.8846153846153846,5,5.111111111111111,4.181818181818182
23,43,2.5217391304347827,4,4.444444444444445,2.0
25,119,3.76,8,5.947368421052632,5.380952380952381
29,83,3.4482758620689653,6,4.277777777777778,3.08
25,78,3.08,5,5.538461538461538,3.4285714285714284
23,37,3.1739130434782608,5,4.857142857142857,1.7
29,101,3.7241379310344827,7,5.277777777777778,3.8
25,66,2.8,5,4.230769230769231,2.75
23,36,3.130434782608696,5,5.333333333333333,1.6
27,129,3.7777777777777777,8,6.473684210526316,5.3478260869565215
26,83,2.3846153846153846,5,5.363636363636363,3.933333333333333
28,86,3.4285714285714284,6,5.125,3.4166666666666665
24,37,3.2083333333333335,5,6.6,1.5714285714285714
27,93,3.259259259259259,6,4.533333333333333,3.090909090909091
17,31,1.3529411764705883,2,5.0,2.5
27,83,3.3333333333333335,6,4.9375,3.4347826086956523
27,82,3.5555555555555554,6,4.833333333333333,2.5217391304347827
20,41,2.6,5,3.4,2.2666666666666666
28,122,4.214285714285714,8,6.555555555555555,4.916666666666667
25,38,3.28,5,7.0,1.5909090909090908
27,55,3.4074074074074074,6,4.166666666666667,2.1739130434782608
27,59,2.1481481481481484,5,4.75,2.375
24,38,1.5416666666666667,3,7.0,1.75
28,122,4.285714285714286,8,5.2727272727272725,4.833333333333333
25,36,3.24,5,6.6,1.5
21,31,1.9523809523809523,4,3.2,1.3333333333333333
26,94,3.8076923076923075,7,4.888888888888889,4.0
27,110,2.962962962962963,6,6.117647058823529,4.521739130434782
25,37,3.28,5,5.666666666666667,1.5454545454545454
27,104,3.6296296296296298,8,4.705882352941177,3.8095238095238093
28,106,3.4642857142857144,6,5.368421052631579,4.25
29,129,4.068965517241379,7,6.578947368421052,5.0
25,77,3.08,5,5.142857142857143,3.4285714285714284
25,36,3.24,5,6.6,1.5
27,99,3.185185185185185,6,5.9375,4.130434782608695
30,107,4.2,8,6.375,3.923076923076923
24,65,2.5833333333333335,5,5.0,2.5
22,63,3.1818181818181817,6,3.933333333333333,3.2777777777777777
24,83,2.8333333333333335,5,4.277777777777778,3.85
27,87,2.5185185185185186,4,4.533333333333333,2.9565217391304346
25,72,2.84,6,4.714285714285714,3.142857142857143
22,43,2.772727272727273,5,3.3,1.9411764705882353
19,25,1.368421052631579,2,5.5,1.5714285714285714
23,35,3.1739130434782608,5,4.571428571428571,1.6
26,100,3.1923076923076925,6,5.9375,4.318181818181818
30,139,3.7333333333333334,7,6.045454545454546,5.115384615384615
25,55,3.4,6,3.5714285714285716,2.380952380952381
25,82,3.52,7,5.769230769230769,3.5714285714285716
23,47,2.6956521739130435,5,3.6,2.1176470588235294
28,123,3.7142857142857144,6,6.2105263157894735,4.916666666666667
20,37,1.95,4,3.0,1.8461538461538463
23,41,2.5217391304347827,4,5.428571428571429,1.9
25,117,3.8,8,5.7368421052631575,5.190476190476191
31,131,4.258064516129032,8,5.173913043478261,4.407407407407407
28,121,3.107142857142857,6,5.523809523809524,4.833333333333333
28,115,3.357142857142857,7,5.2105263157894735,4.125
25,40,3.32,5,6.166666666666667,1.6818181818181819
20,29,1.3,2,3.6666666666666665,1.8333333333333333
16,31,1.5,3,4.0,2.2857142857142856
26,83,3.6153846153846154,6,6.416666666666667,3.5
20,49,2.65,5,3.2142857142857144,2.8125
27,65,2.962962962962963,6,5.333333333333333,2.2857142857142856
24,38,3.25,5,4.375,1.6666666666666667
26,122,3.8461538461538463,8,6.105263157894737,5.2727272727272725
27,85,2.2222222222222223,5,4.461538461538462,3.8666666666666667
25,63,3.44,6,4.071428571428571,2.7142857142857144
26,99,3.1153846153846154,6,4.428571428571429,4.2272727272727275
30,136,4.133333333333334,7,6.55,5.038461538461538
24,71,3.0416666666666665,5,4.571428571428571,3.2
23,40,3.1739130434782608,5,3.888888888888889,1.75
21,29,1.5238095238095237,3,3.0,1.2
27,85,3.4074074074074074,6,5.4,3.5217391304347827
24,58,3.3333333333333335,5,4.0,2.6
26,100,3.6923076923076925,7,4.1,3.727272727272727
26,94,2.9615384615384617,5,4.631578947368421,4.0
25,59,2.88,5,5.444444444444445,2.3333333333333335
30,146,3.966666666666667,7,6.714285714285714,5.423076923076923
23,71,3.1739130434782608,6,4.428571428571429,3.263157894736842
23,44,3.5217391304347827,6,3.9,1.95
23,59,2.391304347826087,4,5.142857142857143,2.5714285714285716
28,75,3.4642857142857144,6,4.533333333333333,2.8333333333333335
25,66,2.64,5,4.0,2.526315789473684
20,42,2.6,5,3.4,2.2666666666666666
21,57,2.857142857142857,6,4.25,3.0
15,28,1.4666666666666666,2,3.25,1.8571428571428572
28,117,4.392857142857143,8,5.5,4.583333333333333
22,47,3.3181818181818183,5,4.0,2.1052631578947367
28,144,4.107142857142857,8,5.956521739130435,5.708333333333333
28,128,3.9285714285714284,8,4.545454545454546,4.3478260869565215
26,86,3.8076923076923075,7,5.642857142857143,3.590909090909091
21,79,3.1904761904761907,7,4.923076923076923,3.764705882352941
23,41,3.391304347826087,5,6.166666666666667,1.85
29,130,4.0344827586206895,7,6.3,5.04
27,94,3.074074074074074,6,4.777777777777778,3.739130434782609
23,56,3.391304347826087,6,3.923076923076923,2.55
27,65,2.0,4,6.0,3.4285714285714284
26,63,2.923076923076923,5,4.916666666666667,2.6818181818181817
24,40,3.25,5,4.375,1.6666666666666667
28,113,3.3214285714285716,6,7.133333333333334,4.458333333333333
20,34,1.75,3,4.0,2.2222222222222223
24,56,3.3333333333333335,5,4.333333333333333,2.6
24,64,2.6666666666666665,5,4.333333333333333,2.888888888888889
25,74,3.08,6,4.857142857142857,3.238095238095238
21,54,2.7142857142857144,6,3.2666666666666666,2.8823529411764706
18,34,2.2777777777777777,4,3.3333333333333335,1.6666666666666667
24,36,3.3333333333333335,5,6.6,1.5714285714285714
22,83,3.909090909090909,8,5.066666666666666,4.0
19,38,1.631578947368421,3,4.75,2.111111111111111
30,97,3.9,6,7.076923076923077,3.5384615384615383
25,75,3.08,6,4.928571428571429,3.2857142857142856
17,32,2.235294117647059,4,3.3333333333333335,1.8181818181818181
26,100,3.6923076923076925,7,5.166666666666667,4.2272727272727275
23,55,3.0434782608695654,6,3.6923076923076925,2.526315789473684
28,97,4.25,8,5.166666666666667,3.875
25,59,3.4,5,4.181818181818182,2.090909090909091
21,58,3.142857142857143,6,3.375,3.0
30,120,3.933333333333333,7,5.428571428571429,4.384615384615385
16,33,1.5625,3,3.6,2.25
16,33,1.4375,2,4.25,2.4285714285714284
24,57,3.375,6,3.7142857142857144,2.6
26,83,2.423076923076923,4,4.5,3.0
31,127,3.903225806451613,7,5.809523809523809,4.518518518518518
25,44,3.28,5,5.714285714285714,1.8181818181818181
20,31,1.3,2,5.333333333333333,2.6666666666666665
27,76,3.3703703703703702,6,5.538461538461538,3.130434782608696
28,118,2.9285714285714284,5,6.222222222222222,4.666666666666667
24,35,3.1666666666666665,5,6.4,1.5238095238095237
27,91,3.1481481481481484,5,5.125,3.5652173913043477
27,90,3.814814814814815,7,5.333333333333333,3.4782608695652173
22,68,3.1363636363636362,7,4.75,3.1666666666666665
24,37,3.2083333333333335,5,6.8,1.619047619047619
25,77,2.44,5,5.4,3.6
28,98,3.4642857142857144,6,5.529411764705882,3.9166666666666665
24,61,2.7916666666666665,5,3.5714285714285716,2.6315789473684212
26,67,2.6538461538461537,4,6.0,2.4
22,62,3.1818181818181817,6,4.142857142857143,3.2222222222222223
29,108,4.448275862068965,8,6.0588235294117645,4.12
23,42,2.5652173913043477,4,4.75,1.9
26,82,3.8076923076923075,7,5.3076923076923075,3.1363636363636362
26,55,2.0384615384615383,4,5.666666666666667,2.2666666666666666
23,37,1.6956521739130435,3,5.0,1.5384615384615385
24,39,3.2083333333333335,5,5.666666666666667,1.619047619047619
21,29,1.9047619047619047,4,3.0,1.25
26,72,3.576923076923077,6,5.5,3.0
23,41,2.217391304347826,5,4.0,1.8823529411764706
24,35,3.1666666666666665,5,6.4,1.5238095238095237
28,81,2.2857142857142856,5,5.083333333333333,3.8125
25,59,2.92,5,4.818181818181818,2.5238095238095237
23,33,3.0869565217391304,5,6.0,1.5
22,57,2.1818181818181817,4,5.0,2.9166666666666665
29,102,4.068965517241379,7,6.714285714285714,3.76
24,82,3.5,7,4.0625,3.25
23,69,3.0434782608695654,5,5.0,3.4210526315789473
26,82,3.1153846153846154,6,4.75,3.4545454545454546
23,47,2.652173913043478,5,3.1666666666666665,2.111111111111111
24,35,3.1666666666666665,5,6.4,1.5238095238095237
19,37,2.1052631578947367,4,3.4285714285714284,2.1818181818181817
28,94,3.8214285714285716,7,5.933333333333334,3.7083333333333335
16,31,1.4375,2,5.0,2.142857142857143
23,45,1.9130434782608696,3,5.333333333333333,2.0
26,84,3.730769230769231,7,6.0,3.5454545454545454
22,45,2.8181818181818183,5,2.8461538461538463,2.0555555555555554
24,53,3.3333333333333335,5,4.0,2.4
22,42,2.6818181818181817,5,2.909090909090909,1.8823529411764706
20,35,2.2,4,2.7777777777777777,1.7857142857142858
22,31,3.1818181818181817,5,5.6,1.4736842105263157
23,61,2.391304347826087,4,5.714285714285714,2.857142857142857
28,93,4.035714285714286,7,6.285714285714286,3.6666666666666665
25,63,2.8,5,4.3,2.15
22,54,2.727272727272727,5,3.8461538461538463,2.7777777777777777
22,31,3.1818181818181817,5,5.6,1.4736842105263157
28,80,2.357142857142857,5,5.2,3.25
28,112,4.142857142857143,8,5.3,4.416666666666667
27,99,2.962962962962963,5,4.65,4.043478260869565
27,95,2.7777777777777777,5,5.266666666666667,3.4347826086956523
20,53,3.0,6,3.5,3.0625
15,24,1.4666666666666666,2,2.5,1.4285714285714286
28,120,3.892857142857143,7,6.333333333333333,4.75
22,39,2.5,4,4.5,1.894736842105263
25,96,3.68,7,5.625,4.285714285714286
23,55,2.608695652173913,5,3.25,2.2941176470588234
23,71,3.260869565217391,6,4.714285714285714,3.473684210526316
30,156,4.366666666666666,8,6.208333333333333,5.730769230769231
23,32,3.217391304347826,5,5.8,1.45
24,106,4.208333333333333,8,5.611111111111111,5.05
26,73,3.423076923076923,6,3.8823529411764706,3.0
28,117,3.107142857142857,6,5.238095238095238,4.583333333333333
23,69,3.217391304347826,6,4.5,3.3157894736842106
30,146,4.366666666666666,8,6.0,5.3076923076923075
24,39,3.2083333333333335,5,6.6,1.5714285714285714
27,133,3.962962962962963,8,6.684210526315789,5.521739130434782
29,95,2.8275862068965516,6,5.583333333333333,3.7222222222222223
25,56,3.48,6,4.166666666666667,2.380952380952381
27,102,3.0,6,4.523809523809524,4.130434782608695
24,40,3.25,5,4.375,1.6666666666666667
27,102,3.4074074074074074,7,5.4375,3.782608695652174
26,99,3.9615384615384617,8,5.0588235294117645,3.909090909090909
22,67,3.1363636363636362,7,4.166666666666667,2.7777777777777777
23,36,3.3043478260869565,5,4.571428571428571,1.6
27,80,2.7777777777777777,5,5.8,3.0526315789473686
26,99,3.8461538461538463,7,4.5,3.6818181818181817
26,87,3.076923076923077,5,6.3076923076923075,3.727272727272727
27,114,2.925925925925926,5,6.0,4.695652173913044
23,41,3.5217391304347827,6,4.0,1.8
20,48,3.15,6,4.111111111111111,2.466666666666667
29,113,3.8620689655172415,7,5.3,4.24
24,76,3.0,5,4.733333333333333,3.55
25,78,3.08,5,4.866666666666666,3.4761904761904763
29,131,4.413793103448276,8,5.636363636363637,4.96
23,44,3.5217391304347827,6,3.8,1.9
28,80,3.857142857142857,7,6.083333333333333,3.0416666666666665
27,75,2.740740740740741,6,5.3,2.789473684210526
22,39,1.7272727272727273,3,7.666666666666667,1.9166666666666667
24,50,3.7916666666666665,6,4.4,2.0952380952380953
20,39,2.4,5,4.0,1.6666666666666667
27,106,3.888888888888889,7,5.9411764705882355,4.391304347826087
24,44,3.75,6,4.222222222222222,1.8095238095238095
28,77,3.857142857142857,7,5.833333333333333,2.9166666666666665
25,90,3.64,7,4.466666666666667,3.1904761904761907
21,64,3.8095238095238093,7,4.0,3.5294117647058822
22,57,3.590909090909091,7,3.7142857142857144,2.736842105263158
21,42,2.0476190476190474,4,4.5,2.25
30,89,3.8666666666666667,6,6.0,3.230769230769231
26,58,3.269230769230769,6,5.4,2.4545454545454546
24,74,3.2083333333333335,6,4.117647058823529,3.5
25,43,3.28,5,6.166666666666667,1.6818181818181819
19,39,2.5789473684210527,6,4.285714285714286,2.727272727272727
27,87,3.4444444444444446,6,5.785714285714286,3.5217391304347827
25,54,3.36,5,4.083333333333333,2.3333333333333335
24,55,2.75,5,3.4615384615384617,2.3684210526315788
28,78,3.5714285714285716,6,6.090909090909091,2.7916666666666665
24,53,3.3333333333333335,5,4.0,2.4
24,35,3.2916666666666665,5,6.2,1.4761904761904763
27,68,2.0,4,6.125,3.5
27,78,3.740740740740741,6,5.615384615384615,3.1739130434782608
16,33,1.5,2,4.25,2.125
22,58,3.0,6,3.857142857142857,3.0
23,43,2.5217391304347827,4,4.875,1.95
22,87,3.909090909090909,8,5.333333333333333,4.2105263157894735
28,87,2.2857142857142856,5,6.1,3.8125
26,66,3.5384615384615383,6,4.066666666666666,2.772727272727273
23,51,2.6956521739130435,5,3.6363636363636362,2.2222222222222223
23,36,3.130434782608696,5,5.333333333333333,1.6
27,97,3.6296296296296298,7,4.352941176470588,3.217391304347826
30,118,4.133333333333334,7,6.933333333333334,4.0
16,33,1.5,2,4.25,2.125
22,47,2.1363636363636362,4,3.5555555555555554,2.1333333333333333
26,83,3.1153846153846154,5,5.2,3.5454545454545454
23,35,3.130434782608696,5,5.166666666666667,1.55
22,57,2.3181818181818183,4,5.285714285714286,2.8461538461538463
28,58,3.5357142857142856,6,4.153846153846154,2.25
24,61,2.75,5,4.083333333333333,2.5789473684210527
24,37,3.1666666666666665,5,6.4,1.5238095238095237
26,94,3.576923076923077,7,4.235294117647059,3.272727272727273
29,107,3.896551724137931,7,5.315789473684211,4.04
28,119,3.107142857142857,6,5.380952380952381,4.708333333333333
23,55,2.6956521739130435,5,3.8333333333333335,2.5555555555555554
24,69,3.125,6,4.333333333333333,3.25
24,69,3.0833333333333335,6,4.846153846153846,3.15
24,63,2.9583333333333335,5,4.538461538461538,2.95
28,126,4.285714285714286,8,5.761904761904762,5.041666666666667
23,35,3.1739130434782608,5,4.571428571428571,1.6
28,103,4.214285714285714,8,5.75,3.8333333333333335
16,33,1.5,2,4.25,2.125
23,38,3.1739130434782608,5,4.714285714285714,1.65
27,93,3.185185185185185,6,5.0,3.4782608695652173
26,88,3.730769230769231,7,5.066666666666666,3.4545454545454546
22,68,3.1363636363636362,7,4.666666666666667,3.111111111111111
15,27,1.5333333333333334,2,3.25,1.625
24,36,3.1666666666666665,5,6.6,1.5714285714285714
27,118,3.4074074074074074,7,5.894736842105263,4.869565217391305
26,76,1.9615384615384615,4,4.636363636363637,3.4
28,88,3.9285714285714284,7,5.533333333333333,3.4583333333333335
23,77,3.260869565217391,7,4.4,3.473684210526316
21,37,1.8571428571428572,3,4.4,1.8333333333333333
27,87,2.7037037037037037,5,5.285714285714286,3.217391304347826
25,82,2.96,5,4.0,3.619047619047619
23,65,3.0434782608695654,5,4.285714285714286,3.1578947368421053
23,34,3.1739130434782608,5,5.166666666666667,1.55
23,59,2.260869565217391,4,5.285714285714286,2.8461538461538463
27,58,3.5185185185185186,6,3.7857142857142856,2.3043478260869565
24,55,2.5416666666666665,5,3.6363636363636362,2.3529411764705883
24,36,3.2083333333333335,5,5.5,1.5714285714285714
19,30,1.3157894736842106,2,4.333333333333333,2.1666666666666665
26,94,3.6923076923076925,7,5.375,3.909090909090909
24,67,3.25,6,4.846153846153846,3.15
24,69,2.9583333333333335,5,4.5,3.15
24,70,3.0,5,5.0,3.25
29,105,3.9310344827586206,7,7.214285714285714,4.04
24,34,1.5,3,2.6,1.3
23,27,1.2173913043478262,2,5.0,1.0
18,25,1.4444444444444444,3,2.6666666666666665,1.1428571428571428
22,78,3.8181818181818183,8,4.1875,3.7222222222222223
27,92,2.7037037037037037,5,4.333333333333333,2.9545454545454546
21,63,3.238095238095238,6,4.333333333333333,3.25
25,55,1.96,4,6.0,2.3076923076923075
24,101,3.25,6,6.142857142857143,4.3
27,104,3.4074074074074074,7,4.529411764705882,3.85
25,42,2.28,3,6.166666666666667,1.85
27,93,3.2222222222222223,7,4.714285714285714,3.0
23,75,3.4782608695652173,7,4.923076923076923,3.3684210526315788
20,58,2.85,6,4.2,2.625
22,52,2.6818181818181817,5,3.5,2.4705882352941178
21,27,1.3333333333333333,2,4.0,1.7142857142857142
17,32,2.3529411764705883,4,3.0,1.25
24,63,2.7916666666666665,5,4.384615384615385,2.85
22,42,2.6818181818181817,5,3.090909090909091,2.0
19,25,1.368421052631579,2,4.0,1.7142857142857142
28,121,4.357142857142857,8,5.476190476190476,4.791666666666667
24,38,3.25,5,4.375,1.6666666666666667
28,138,4.107142857142857,8,6.6,5.5
27,81,2.259259259259259,5,5.0,3.6666666666666665
26,83,3.923076923076923,7,5.133333333333334,3.5
22,67,3.1363636363636362,7,4.416666666666667,2.9444444444444446
24,36,3.3333333333333335,5,6.6,1.5714285714285714
23,62,2.391304347826087,4,5.571428571428571,2.7857142857142856
27,65,3.4814814814814814,6,4.214285714285714,2.5652173913043477
23,58,2.4347826086956523,5,3.727272727272727,2.5625
23,72,3.0434782608695654,5,4.785714285714286,3.526315789473684
26,97,2.8846153846153846,5,5.055555555555555,4.136363636363637
24,40,3.25,5,4.0,1.7142857142857142
31,102,3.225806451612903,6,5.846153846153846,2.923076923076923
30,107,3.933333333333333,6,6.8,3.923076923076923
27,105,3.111111111111111,6,4.95,4.304347826086956
24,39,3.25,5,4.25,1.619047619047619
19,38,2.0,3,4.75,1.7272727272727273
24,72,3.6666666666666665,6,4.785714285714286,3.35
25,53,3.4,6,4.8,2.2857142857142856
21,56,3.0,6,4.0,3.0588235294117645
23,37,3.3043478260869565,5,4.857142857142857,1.7
25,90,3.12,5,6.071428571428571,4.0476190476190474
28,101,4.178571428571429,7,6.4,4.0
24,39,3.25,5,5.0,1.6666666666666667
23,40,1.6956521739130435,3,7.333333333333333,1.8333333333333333
27,105,4.0,7,5.882352941176471,4.3478260869565215
25,64,3.4,6,3.8666666666666667,2.761904761904762
16,31,1.5,2,3.75,1.875
22,36,3.272727272727273,5,4.428571428571429,1.631578947368421
29,81,3.7241379310344827,6,4.6875,3.0
26,91,3.1923076923076925,5,5.733333333333333,3.909090909090909
24,41,3.75,6,4.0,1.7142857142857142
25,81,4.28,8,4.866666666666666,3.3181818181818183
30,126,4.066666666666666,7,7.3125,4.5
25,35,1.4,2,4.333333333333333,1.3
27,32,1.1851851851851851,2,5.0,1.0
25,101,3.88,7,5.8125,4.428571428571429
23,99,4.043478260869565,8,4.526315789473684,4.526315789473684
24,100,4.166666666666667,8,4.578947368421052,4.35
29,130,4.0344827586206895,7,6.3,5.04
24,54,2.625,4,4.5,2.3684210526315788
24,46,3.625,6,4.555555555555555,1.9523809523809523
29,114,3.413793103448276,6,6.8125,4.36
19,39,1.9473684210526316,4,4.4,2.2
25,58,2.76,5,3.7857142857142856,2.5238095238095237
27,67,3.5925925925925926,6,6.2,2.6956521739130435
22,61,3.0,6,3.5,3.111111111111111
23,60,3.0869565217391304,6,4.333333333333333,2.736842105263158
28,97,3.7142857142857144,7,5.470588235294118,3.875
24,40,2.125,4,3.142857142857143,1.375
23,100,4.130434782608695,8,5.333333333333333,4.8
28,109,3.0,6,4.722222222222222,4.0476190476190474
27,69,3.4814814814814814,6,4.5,2.739130434782609
26,96,3.0384615384615383,6,4.238095238095238,4.045454545454546
29,157,4.206896551724138,8,6.909090909090909,6.08
24,43,3.25,5,4.75,1.8095238095238095
24,45,1.7083333333333333,3,5.4,2.076923076923077
31,104,4.032258064516129,7,6.1875,3.6666666666666665
25,43,3.32,5,4.625,1.6818181818181819
27,102,3.3703703703703702,7,4.65,4.043478260869565
26,86,3.730769230769231,7,4.933333333333334,3.3636363636363638
22,65,3.1363636363636362,7,4.583333333333333,3.0555555555555554
25,38,3.28,5,7.0,1.5909090909090908
20,30,1.3,2,5.333333333333333,2.6666666666666665
17,34,1.4705882352941178,3,4.25,2.4285714285714284
28,104,4.0,7,5.764705882352941,4.083333333333333
25,70,2.84,5,4.636363636363637,2.55
22,45,2.8181818181818183,5,3.875,1.9375
18,43,2.611111111111111,4,4.0,2.0
21,49,2.761904761904762,5,3.2142857142857144,2.6470588235294117
28,100,3.5714285714285716,6,6.0,4.0
26,60,3.230769230769231,6,3.8333333333333335,2.0
26,75,3.6923076923076925,6,5.909090909090909,2.8260869565217392
29,112,3.9655172413793105,8,6.428571428571429,3.75
15,27,1.7333333333333334,3,3.0,1.7142857142857142
15,27,1.7333333333333334,3,3.0,1.7142857142857142
24,48,3.375,5,5.125,1.9523809523809523
21,37,2.3333333333333335,5,4.0,2.0
27,79,3.3703703703703702,6,5.357142857142857,3.260869565217391
24,36,3.1666666666666665,5,6.4,1.5238095238095237
27,98,3.5925925925925926,7,4.529411764705882,3.347826086956522
29,112,3.896551724137931,7,5.578947368421052,4.24
28,116,3.107142857142857,6,5.0,4.583333333333333
27,97,2.5925925925925926,5,4.647058823529412,3.590909090909091
25,39,3.36,5,6.0,1.6363636363636365
27,90,3.037037037037037,6,4.8125,3.347826086956522
27,93,3.814814814814815,7,5.0625,3.5217391304347827
22,66,3.1363636363636362,7,4.333333333333333,2.888888888888889
24,37,3.2083333333333335,5,6.8,1.619047619047619
27,104,3.185185185185185,6,6.666666666666667,4.3478260869565215
31,150,3.774193548387097,7,6.260869565217392,5.333333333333333
17,29,1.3529411764705883,2,4.0,2.0
25,50,3.36,5,3.75,2.142857142857143
25,69,3.04,6,5.25,3.0
19,38,1.9473684210526316,3,4.166666666666667,2.0833333333333335
25,78,2.6,5,4.714285714285714,3.142857142857143
24,76,2.875,5,3.6842105263157894,3.5
29,102,3.9310344827586206,7,6.533333333333333,3.92
24,33,1.4583333333333333,3,3.25,1.3
23,27,1.2173913043478262,2,5.0,1.0
22,86,3.8636363636363638,8,4.555555555555555,4.555555555555555
27,104,4.296296296296297,8,5.5,3.8260869565217392
28,160,4.142857142857143,8,6.380952380952381,5.583333333333333
26,103,3.076923076923077,6,5.125,4.1
28,102,3.75,8,5.466666666666667,3.727272727272727
22,49,1.9090909090909092,4,4.666666666666667,2.8
29,51,1.4827586206896552,3,4.4,2.0
24,44,1.4166666666666667,2,6.666666666666667,2.0
24,101,3.375,6,5.3125,4.473684210526316
27,103,3.5185185185185186,7,5.066666666666666,3.619047619047619
24,42,2.2916666666666665,3,6.166666666666667,1.9473684210526316
28,88,4.0,6,6.090909090909091,2.68
24,43,3.25,5,6.333333333333333,1.8095238095238095
19,38,2.0526315789473686,4,4.333333333333333,2.3636363636363638
17,29,1.3529411764705883,2,4.0,2.0
25,54,3.36,5,4.083333333333333,2.3333333333333335
25,54,2.44,4,4.666666666666667,2.1
25,39,3.28,5,7.0,1.5909090909090908
28,98,2.9642857142857144,6,5.0,3.5416666666666665
26,94,3.730769230769231,7,5.4,3.6818181818181817
22,63,3.1363636363636362,7,3.75,2.5
29,154,4.379310344827586,8,5.92,5.92
24,35,3.1666666666666665,5,6.4,1.5238095238095237
28,86,2.607142857142857,6,5.545454545454546,3.588235294117647
20,64,3.25,7,3.4285714285714284,3.0
26,86,3.269230769230769,6,5.4,3.6818181818181817
23,30,1.5217391304347827,3,3.6666666666666665,1.1
24,55,3.3333333333333335,5,4.083333333333333,2.45
24,59,2.75,5,3.6153846153846154,2.473684210526316
19,33,1.8421052631578947,4,2.7142857142857144,1.7272727272727273
31,142,4.451612903225806,8,5.913043478260869,5.037037037037037
23,35,3.3043478260869565,5,4.571428571428571,1.6
21,30,1.9047619047619047,4,3.0,1.25
27,82,3.740740740740741,7,6.0,3.391304347826087
25,39,3.28,5,5.0,1.5909090909090908
30,104,3.3666666666666667,6,4.9375,3.0384615384615383
27,97,3.925925925925926,7,5.625,3.9130434782608696
28,111,3.142857142857143,6,4.7727272727272725,4.375
24,38,3.25,5,4.714285714285714,1.5714285714285714
27,107,3.7037037037037037,7,6.4375,4.478260869565218
31,113,4.225806451612903,8,6.6875,3.962962962962963
25,40,3.28,5,5.0,1.5909090909090908
23,37,1.391304347826087,2,8.5,1.8888888888888888
27,97,3.5555555555555554,6,5.625,3.9130434782608696
24,76,3.0,5,4.733333333333333,3.55
21,62,3.7142857142857144,7,4.071428571428571,3.3529411764705883
26,101,3.5,7,4.222222222222222,3.4545454545454546
25,84,3.52,7,5.923076923076923,3.6666666666666665
20,47,2.5,5,3.5,2.625
23,75,2.869565217391304,5,4.0588235294117645,3.6315789473684212
29,127,4.206896551724138,8,5.7,4.56
24,49,2.5416666666666665,4,4.888888888888889,2.0952380952380953
24,99,3.9166666666666665,8,5.352941176470588,4.55
28,111,3.25,7,4.722222222222222,4.25
23,75,3.260869565217391,6,4.928571428571429,3.6315789473684212
24,44,3.3333333333333335,5,3.8,1.8095238095238095
28,87,3.107142857142857,6,5.7272727272727275,3.0
27,94,3.814814814814815,7,5.235294117647059,3.869565217391304
25,62,3.36,5,4.0,2.6666666666666665
26,100,3.1153846153846154,6,4.947368421052632,4.2727272727272725
22,43,3.590909090909091,6,3.8,2.0
27,141,4.0,8,5.818181818181818,5.565217391304348
30,98,3.6666666666666665,6,4.7894736842105265,3.5
23,76,3.0869565217391304,5,4.666666666666667,3.6842105263157894
23,46,3.739130434782609,6,4.1,2.05
27,134,4.0,8,5.590909090909091,5.3478260869565215
27,115,4.407407407407407,8,6.111111111111111,4.782608695652174
23,90,4.043478260869565,8,5.117647058823529,4.35
29,79,2.793103448275862,5,5.4,2.7
20,43,2.15,4,4.714285714285714,2.2
25,95,3.44,7,4.421052631578948,4.666666666666667
26,59,2.9615384615384617,5,5.2,2.260869565217391
22,83,3.590909090909091,7,4.647058823529412,4.157894736842105
29,113,3.310344827586207,6,4.333333333333333,3.9565217391304346
27,80,3.740740740740741,7,4.733333333333333,3.0869565217391304
25,45,3.32,5,6.5,1.7727272727272727
29,115,3.793103448275862,7,5.190476190476191,4.36
26,89,3.1153846153846154,5,5.125,3.727272727272727
24,39,3.2083333333333335,5,4.857142857142857,1.619047619047619
28,135,3.5714285714285716,7,6.45,5.375
28,84,2.3214285714285716,5,5.7,3.5625
26,63,3.3846153846153846,6,4.461538461538462,2.6363636363636362
28,108,3.107142857142857,6,4.636363636363637,4.25
24,38,3.2083333333333335,5,5.5,1.5714285714285714
23,59,2.260869565217391,4,5.428571428571429,2.923076923076923
29,70,3.4827586206896552,6,4.333333333333333,2.6
17,30,1.8235294117647058,3,3.25,1.4444444444444444
16,28,1.8125,3,3.0,1.5
25,77,3.0,5,4.785714285714286,3.1904761904761907
25,37,3.28,5,6.8,1.5454545454545454
27,109,3.185185185185185,6,6.4375,4.478260869565218
31,106,4.064516129032258,7,6.3125,3.740740740740741
24,36,3.2083333333333335,5,5.333333333333333,1.5238095238095237
22,60,2.3181818181818183,4,5.571428571428571,3.0
29,99,3.896551724137931,6,6.714285714285714,3.76
17,36,2.235294117647059,4,2.857142857142857,1.8181818181818181
22,41,1.9545454545454546,3,5.0,2.0
17,34,2.235294117647059,4,2.8333333333333335,1.5454545454545454
25,55,2.68,5,5.0,2.142857142857143
29,109,4.206896551724138,8,5.833333333333333,4.2
24,34,1.4166666666666667,3,3.25,1.4444444444444444
23,27,1.2173913043478262,2,5.0,1.0
19,28,1.631578947368421,3,3.5,1.75
21,72,3.857142857142857,7,4.6923076923076925,3.388888888888889
22,62,3.5454545454545454,7,3.8,3.1666666666666665
23,67,3.1739130434782608,6,4.833333333333333,3.411764705882353
28,60,2.107142857142857,4,6.6,2.357142857142857
22,85,3.272727272727273,6,5.769230769230769,4.166666666666667
27,97,3.3333333333333335,7,4.5625,3.4761904761904763
25,47,2.36,3,6.0,2.1
28,85,4.142857142857143,7,4.928571428571429,2.875
24,40,3.2083333333333335,5,5.0,1.6666666666666667
19,41,2.263157894736842,4,4.142857142857143,2.4166666666666665
27,90,3.5555555555555554,6,5.6,3.652173913043478
23,62,3.217391304347826,6,3.8666666666666667,3.0526315789473686
28,81,3.5714285714285716,6,6.7,2.7916666666666665
22,58,2.772727272727273,5,3.6,3.0
23,32,3.260869565217391,5,5.8,1.45
28,91,4.214285714285714,8,6.153846153846154,3.3333333333333335
23,54,2.782608695652174,5,5.571428571428571,2.1666666666666665
24,35,3.2083333333333335,5,5.333333333333333,1.5238095238095237
27,85,3.5185185185185186,7,4.9375,3.4347826086956523
27,75,2.8518518518518516,5,5.888888888888889,2.5238095238095237
24,70,3.25,6,4.4,3.3
27,103,3.925925925925926,7,5.222222222222222,4.086956521739131
24,34,3.2083333333333335,5,6.2,1.4761904761904763
27,79,3.5185185185185186,7,4.5625,3.1739130434782608
25,61,2.96,5,6.571428571428571,2.3
24,34,3.2916666666666665,5,6.2,1.4761904761904763
28,136,4.035714285714286,8,6.842105263157895,5.416666666666667
27,84,2.3333333333333335,5,5.363636363636363,3.933333333333333
28,91,3.9285714285714284,7,5.733333333333333,3.5833333333333335
22,70,3.1818181818181817,7,4.583333333333333,3.0555555555555554
25,37,3.24,5,6.8,1.5454545454545454
23,35,1.391304347826087,2,8.5,1.8888888888888888
27,83,3.8518518518518516,7,6.5,3.391304347826087
26,100,3.6923076923076925,7,4.473684210526316,3.8636363636363638
24,32,1.6666666666666667,3,4.333333333333333,1.0833333333333333
24,85,2.8333333333333335,5,4.647058823529412,3.95
22,31,3.1818181818181817,5,5.6,1.4736842105263157
28,89,3.642857142857143,7,4.882352941176471,3.4583333333333335
27,111,3.0,6,5.833333333333333,4.565217391304348
28,114,4.357142857142857,8,5.190476190476191,4.541666666666667
23,34,3.0869565217391304,5,5.166666666666667,1.55
27,124,3.925925925925926,8,6.555555555555555,5.130434782608695
28,92,2.5357142857142856,5,5.0,3.823529411764706
27,88,3.8518518518518516,7,5.466666666666667,3.5652173913043477
22,71,3.1818181818181817,7,4.75,3.1666666666666665
25,38,3.28,5,5.833333333333333,1.5909090909090908
27,68,2.037037037037037,4,5.625,3.2142857142857144
25,51,3.36,5,3.8333333333333335,2.1904761904761907
25,57,2.6,5,5.0,2.25
23,70,3.0869565217391304,5,4.714285714285714,3.473684210526316
27,103,2.962962962962963,5,4.85,4.217391304347826
23,37,3.1739130434782608,5,4.25,1.7
27,101,3.2222222222222223,6,6.0625,4.217391304347826
19,32,1.7894736842105263,3,4.333333333333333,1.4444444444444444
24,73,3.0,6,5.583333333333333,3.35
23,44,2.347826086956522,4,3.7,1.9473684210526316
20,45,2.65,5,3.4166666666666665,2.5625
22,42,2.5,4,4.333333333333333,2.0526315789473686
24,60,2.5416666666666665,4,7.333333333333333,2.75
16,30,1.4375,2,4.666666666666667,2.0
24,74,3.75,6,5.3076923076923075,3.45
23,53,2.652173913043478,5,5.0,2.0588235294117645
23,36,3.260869565217391,5,4.571428571428571,1.6
27,83,2.4814814814814814,5,5.454545454545454,3.5294117647058822
27,68,3.0,5,6.0,2.608695652173913
23,39,3.1739130434782608,5,4.125,1.65
27,103,3.740740740740741,7,6.6,4.304347826086956
28,88,2.2857142857142856,5,5.0,4.0
27,97,3.888888888888889,7,5.933333333333334,3.869565217391304
22,78,3.1818181818181817,7,4.133333333333334,3.4444444444444446
17,34,2.588235294117647,4,3.3333333333333335,1.5384615384615385
20,37,2.2,5,3.111111111111111,2.0
21,54,3.0,6,3.8461538461538463,2.9411764705882355
16,31,1.5625,2,3.75,1.6666666666666667
23,38,3.3043478260869565,5,4.857142857142857,1.7
28,134,4.107142857142857,8,6.095238095238095,5.333333333333333
29,113,4.344827586206897,8,5.777777777777778,4.16
22,41,3.590909090909091,6,3.6,1.894736842105263
27,92,2.888888888888889,6,5.75,3.8333333333333335
27,77,3.074074074074074,5,5.230769230769231,2.9565217391304346
23,42,3.260869565217391,5,3.6,1.8
29,99,2.8275862068965516,6,4.4375,3.9444444444444446
28,131,4.321428571428571,8,6.0,5.25
25,94,3.64,7,4.944444444444445,4.238095238095238
16,37,2.5,4,3.5,1.75
24,42,3.4166666666666665,5,5.142857142857143,1.7142857142857142
28,150,4.142857142857143,8,5.521739130434782,5.291666666666667
30,134,4.0,7,5.7727272727272725,4.884615384615385
26,111,3.3846153846153846,7,5.0,4.7727272727272725
28,132,4.142857142857143,8,6.166666666666667,4.625
24,48,3.4166666666666665,5,6.142857142857143,2.0476190476190474
30,139,4.433333333333334,8,5.947368421052632,4.346153846153846
23,45,2.652173913043478,5,4.0,2.1176470588235294
25,80,3.28,6,4.222222222222222,3.619047619047619
18,36,2.111111111111111,4,4.0,1.8181818181818181
19,37,2.3157894736842106,4,5.0,1.9230769230769231
25,70,2.8,5,4.333333333333333,3.0952380952380953
28,81,2.5357142857142856,4,5.7,2.7142857142857144
29,137,4.206896551724138,8,6.0476190476190474,5.08
24,39,3.25,5,4.25,1.619047619047619
27,69,2.037037037037037,4,5.666666666666667,3.642857142857143
26,75,3.269230769230769,5,5.071428571428571,3.227272727272727
26,108,2.9615384615384617,6,5.368421052631579,4.636363636363637
27,101,2.5555555555555554,5,4.157894736842105,3.590909090909091
25,75,2.84,6,4.928571428571429,3.2857142857142856
23,51,2.6956521739130435,5,3.5833333333333335,2.388888888888889
19,37,2.5789473684210527,5,3.5555555555555554,2.2857142857142856
25,66,3.0,6,4.071428571428571,2.7142857142857144
25,38,3.32,5,5.833333333333333,1.5909090909090908
25,77,2.36,5,5.777777777777778,3.466666666666667
28,96,3.4642857142857144,6,5.111111111111111,3.8333333333333335
23,46,2.608695652173913,4,4.777777777777778,2.15
29,102,3.0689655172413794,5,5.769230769230769,3.409090909090909
25,62,3.48,6,4.071428571428571,2.7142857142857144
28,100,3.107142857142857,6,4.2727272727272725,3.9166666666666665
27,89,2.4444444444444446,4,4.375,3.1818181818181817
24,36,3.25,5,5.5,1.5714285714285714
30,95,3.3,6,5.285714285714286,2.8461538461538463
29,95,3.9655172413793105,7,6.428571428571429,3.6
23,38,3.1739130434782608,5,4.25,1.7
23,36,1.5217391304347827,3,6.0,1.6363636363636365
18,34,1.4444444444444444,3,4.0,2.2857142857142856
26,70,3.6153846153846154,6,5.0,2.9545454545454546
27,89,2.7777777777777777,5,4.0,2.909090909090909
23,55,2.6956521739130435,5,3.6153846153846154,2.611111111111111
26,78,3.076923076923077,6,5.538461538461538,3.272727272727273
24,51,2.9166666666666665,5,3.0714285714285716,2.15
19,28,1.368421052631579,2,5.0,2.142857142857143
23,34,3.1739130434782608,5,5.166666666666667,1.55
27,73,2.111111111111111,4,5.888888888888889,3.7857142857142856
25,57,3.28,5,3.7142857142857144,2.4761904761904763
16,32,1.4375,2,4.0,2.2857142857142856
21,42,2.6666666666666665,5,3.7,2.3125
23,35,3.1739130434782608,5,4.571428571428571,1.6
23,70,3.608695652173913,7,5.0,3.4210526315789473
22,47,2.1363636363636362,4,5.166666666666667,2.3846153846153846
27,82,3.7777777777777777,6,5.923076923076923,3.347826086956522
23,53,2.652173913043478,5,3.5,2.3333333333333335
23,35,3.217391304347826,5,4.571428571428571,1.6
27,77,1.8888888888888888,4,5.555555555555555,3.3333333333333335
30,118,4.1,8,5.6,4.3076923076923075
22,53,2.5454545454545454,5,5.0,2.1875
29,110,4.310344827586207,8,6.235294117647059,4.24
25,39,3.28,5,7.0,1.5909090909090908
27,93,2.888888888888889,7,5.153846153846154,3.7222222222222223
29,120,4.0344827586206895,8,5.7,4.56
24,73,3.0416666666666665,5,4.785714285714286,3.35
25,39,3.32,5,7.2,1.6363636363636365
22,57,2.3181818181818183,4,5.142857142857143,2.769230769230769
29,95,4.0344827586206895,7,6.428571428571429,3.6
26,77,2.923076923076923,6,4.230769230769231,2.619047619047619
22,44,1.7727272727272727,3,4.8,2.4
18,40,2.3333333333333335,4,3.6666666666666665,1.8333333333333333
21,50,2.7142857142857144,5,3.8333333333333335,2.7058823529411766
20,50,2.75,5,3.230769230769231,2.8
24,66,2.75,5,5.454545454545454,3.0
22,52,3.4545454545454546,6,3.9166666666666665,2.611111111111111
21,38,2.6666666666666665,5,2.9,1.8125
22,33,3.1818181818181817,5,5.8,1.5263157894736843
26,85,3.730769230769231,7,4.9375,3.590909090909091
24,69,3.125,5,4.5,3.15
23,41,2.5217391304347827,4,4.75,1.9
19,42,2.0526315789473686,4,4.666666666666667,2.5454545454545454
28,85,3.4642857142857144,6,6.230769230769231,3.375
16,30,1.375,2,4.666666666666667,2.3333333333333335
27,59,2.4814814814814814,5,4.625,1.9473684210526316
23,63,3.260869565217391,6,4.214285714285714,3.1052631578947367
28,86,3.5714285714285716,6,5.615384615384615,3.0416666666666665
24,85,2.8333333333333335,5,4.388888888888889,3.95
22,34,3.227272727272727,5,5.166666666666667,1.631578947368421
19,27,1.3157894736842106,2,5.0,1.6666666666666667
25,55,3.36,5,3.8461538461538463,2.380952380952381
17,34,2.2941176470588234,4,4.25,1.4166666666666667
18,38,2.1666666666666665,4,4.0,1.6666666666666667
23,54,3.4782608695652173,6,4.083333333333333,2.5789473684210527
27,81,2.3703703703703702,5,4.153846153846154,3.0
21,54,2.9523809523809526,5,3.5384615384615383,2.7058823529411766
29,105,3.896551724137931,7,7.214285714285714,4.04
25,54,2.76,4,4.0,1.8
21,57,3.0476190476190474,6,3.1176470588235294,2.9444444444444446
31,178,4.354838709677419,8,7.166666666666667,6.37037037037037
26,64,3.423076923076923,6,3.6875,2.6818181818181817
23,55,2.4782608695652173,5,4.111111111111111,2.3125
22,38,1.7272727272727273,3,5.5,1.6923076923076923
24,52,3.375,5,5.25,2.0
23,59,2.5217391304347827,4,7.333333333333333,2.933333333333333
25,63,3.4,6,3.625,2.761904761904762
23,73,3.0869565217391304,5,4.857142857142857,3.5789473684210527
27,110,3.111111111111111,6,5.473684210526316,4.521739130434782
29,127,4.413793103448276,8,5.409090909090909,4.76
25,42,3.32,5,5.285714285714286,1.6818181818181819
20,31,1.3,2,3.6666666666666665,1.8333333333333333
27,89,3.8518518518518516,7,6.384615384615385,3.608695652173913
25,74,3.56,6,4.642857142857143,3.0952380952380953
19,36,2.4210526315789473,5,3.111111111111111,1.8666666666666667
24,39,3.25,5,4.857142857142857,1.619047619047619
20,42,2.15,4,4.142857142857143,2.4166666666666665
30,85,3.6,6,4.705882352941177,3.076923076923077
28,132,3.4285714285714284,7,6.0,5.25
23,75,3.347826086956522,6,4.6,3.6315789473684212
31,157,4.451612903225806,8,6.478260869565218,5.518518518518518
23,43,3.5217391304347827,6,4.222222222222222,1.9
28,140,4.107142857142857,8,6.090909090909091,5.583333333333333
29,114,4.344827586206897,8,5.722222222222222,4.12
24,48,3.625,6,4.1,1.9523809523809523
27,88,3.0,6,4.923076923076923,3.5555555555555554
29,133,4.206896551724138,8,6.631578947368421,5.04
23,72,3.0,5,4.714285714285714,3.473684210526316
23,49,2.4782608695652173,4,4.4,2.2
28,114,3.9285714285714284,8,4.944444444444445,3.869565217391304
27,79,3.7037037037037037,7,4.733333333333333,3.0869565217391304
24,65,2.6666666666666665,5,3.923076923076923,2.8333333333333335
21,30,1.2857142857142858,2,4.333333333333333,2.1666666666666665
25,86,3.16,7,4.705882352941177,3.8095238095238093
23,57,2.782608695652174,5,4.0,2.6666666666666665
19,29,1.4210526315789473,3,3.75,2.142857142857143
27,106,4.185185185185185,8,5.647058823529412,4.173913043478261
24,45,3.875,6,4.0,1.9047619047619047
28,106,3.5714285714285716,7,4.9375,3.590909090909091
26,63,3.3846153846153846,5,4.071428571428571,2.590909090909091
20,46,2.25,4,4.714285714285714,2.75
27,75,3.185185185185185,5,5.384615384615385,3.0434782608695654
28,85,3.5714285714285716,6,5.357142857142857,3.125
21,49,2.619047619047619,5,3.909090909090909,2.6875
30,128,3.7333333333333334,7,6.2,4.769230769230769
24,45,3.3333333333333335,5,4.333333333333333,1.8571428571428572
28,112,4.142857142857143,8,5.0,4.166666666666667
28,93,2.142857142857143,5,5.583333333333333,3.7222222222222223
27,99,3.259259259259259,6,5.166666666666667,4.043478260869565
15,32,2.2666666666666666,4,3.0,1.8
23,60,3.130434782608696,6,4.0,2.9473684210526314
24,64,3.0416666666666665,6,4.384615384615385,2.85
25,38,3.32,5,5.833333333333333,1.5909090909090908
27,89,3.111111111111111,6,4.9375,3.4347826086956523
27,95,4.037037037037037,8,4.9411764705882355,3.652173913043478
21,66,3.1904761904761907,7,4.666666666666667,3.2941176470588234
25,36,3.24,5,6.6,1.5
23,42,1.7391304347826086,3,6.25,1.9230769230769231
28,87,3.7857142857142856,6,5.857142857142857,3.4166666666666665
23,34,3.130434782608696,5,5.166666666666667,1.55
20,41,2.9,5,4.571428571428571,2.1333333333333333
28,85,3.4285714285714284,6,5.4,3.375
26,80,3.269230769230769,6,4.470588235294118,3.4545454545454546
21,39,2.0,3,6.0,2.0
23,33,3.130434782608696,5,6.0,1.5
23,53,2.4347826086956523,4,6.333333333333333,2.533333333333333
17,33,1.4705882352941178,3,4.0,2.2857142857142856
30,102,3.933333333333333,6,6.266666666666667,3.6153846153846154
24,62,2.5833333333333335,5,5.75,2.5555555555555554
23,33,3.130434782608696,5,6.0,1.5
27,70,2.037037037037037,4,5.444444444444445,3.5
25,74,3.24,5,5.0,3.3333333333333335
22,41,2.5454545454545454,4,4.75,2.0
21,76,4.0,8,4.733333333333333,3.9444444444444446
27,83,2.3333333333333335,5,5.8,3.8666666666666667
28,94,3.4285714285714284,6,4.7368421052631575,3.75
23,36,3.1739130434782608,5,4.571428571428571,1.6
19,36,1.631578947368421,3,4.5,2.0
27,89,3.7777777777777777,7,5.0,3.6956521739130435
27,88,3.2962962962962963,6,5.25,3.652173913043478
27,109,2.925925925925926,5,6.0588235294117645,4.478260869565218
24,37,3.2083333333333335,5,5.5,1.5714285714285714
28,95,4.0,7,5.866666666666666,3.6666666666666665
30,135,4.3,8,6.526315789473684,4.769230769230769
23,36,3.130434782608696,5,5.166666666666667,1.55
27,131,3.4444444444444446,7,6.578947368421052,5.434782608695652
26,78,2.3461538461538463,5,5.777777777777778,3.466666666666667
28,87,3.4285714285714284,6,5.1875,3.4583333333333335
24,36,3.1666666666666665,5,6.4,1.5238095238095237
28,102,3.7857142857142856,7,5.052631578947368,4.0
25,78,3.08,5,5.285714285714286,3.5238095238095237
17,34,2.176470588235294,4,3.4,1.5454545454545454
24,53,3.375,6,3.4285714285714284,2.4
24,52,2.7083333333333335,5,3.230769230769231,2.3333333333333335
20,37,2.1,4,2.888888888888889,1.8571428571428572
28,103,3.857142857142857,7,6.6,4.125
24,33,1.3333333333333333,2,3.3333333333333335,1.25
23,27,1.2173913043478262,2,5.0,1.0
18,43,3.5,6,3.6666666666666665,2.357142857142857
21,73,3.9523809523809526,8,4.5,3.5
25,97,4.2,7,6.2,4.428571428571429
22,39,2.772727272727273,4,5.666666666666667,1.8888888888888888
19,48,2.8947368421052633,6,3.25,2.6
27,83,2.3333333333333335,4,4.071428571428571,2.85
20,58,3.0,6,3.909090909090909,2.5294117647058822
22,80,3.272727272727273,6,5.285714285714286,4.111111111111111
27,96,3.2222222222222223,7,4.3125,3.45
25,46,2.32,3,5.857142857142857,2.05
23,92,4.043478260869565,8,5.3125,4.25
28,91,2.4285714285714284,5,4.0625,3.823529411764706
26,82,3.769230769230769,7,5.5,3.5
22,68,3.1818181818181817,7,4.153846153846154,3.0
25,39,3.24,5,6.0,1.6363636363636365
28,71,2.142857142857143,4,5.333333333333333,3.0
26,76,3.6153846153846154,6,5.461538461538462,3.227272727272727
25,78,3.16,5,5.285714285714286,3.5238095238095237
26,99,2.8846153846153846,5,4.894736842105263,4.2272727272727275
24,35,3.1666666666666665,5,6.2,1.4761904761904763
19,35,2.0,3,5.333333333333333,1.4545454545454546
26,63,2.8461538461538463,5,5.4,2.4545454545454546
25,81,3.24,7,5.357142857142857,3.5714285714285716
23,52,2.9130434782608696,5,3.3076923076923075,2.263157894736842
20,27,1.35,2,4.333333333333333,1.8571428571428572
23,32,3.260869565217391,5,5.8,1.45
27,103,3.185185185185185,6,6.1875,4.304347826086956
19,37,2.0,3,6.0,1.6363636363636365
24,51,3.375,6,3.5384615384615383,2.3
24,45,3.0833333333333335,5,4.444444444444445,2.0
21,54,3.0,6,3.8461538461538463,2.9411764705882355
30,132,4.5,8,6.0,4.846153846153846
25,46,2.32,3,5.857142857142857,2.05
26,118,3.8846153846153846,8,5.55,5.045454545454546
29,98,3.103448275862069,6,5.071428571428571,3.227272727272727
26,91,3.8461538461538463,7,5.25,3.8181818181818183
23,59,2.608695652173913,5,5.714285714285714,2.3529411764705883
24,37,3.2083333333333335,5,5.666666666666667,1.619047619047619
28,105,3.3214285714285716,6,6.3125,4.208333333333333
31,163,3.838709677419355,7,6.826086956521739,5.814814814814815
16,30,1.5,3,3.5,2.0
26,86,3.730769230769231,7,6.153846153846154,3.6363636363636362
23,50,2.0434782608695654,4,5.166666666666667,2.3846153846153846
22,59,2.727272727272727,5,3.9285714285714284,3.0555555555555554
20,54,2.9,5,4.0,3.0
22,37,3.227272727272727,5,4.0,1.6842105263157894
28,83,2.2857142857142856,5,5.2727272727272725,3.625
25,59,3.36,5,4.153846153846154,2.5714285714285716
26,66,2.9615384615384617,5,5.5,2.5
22,36,3.227272727272727,5,4.0,1.6842105263157894
28,76,2.1785714285714284,4,5.777777777777778,3.25
25,79,3.64,6,5.214285714285714,3.4761904761904763
27,60,3.5185185185185186,6,5.4,2.347826086956522
21,61,3.0952380952380953,6,4.3076923076923075,3.2941176470588234
29,139,4.413793103448276,8,5.739130434782608,5.28
22,42,3.590909090909091,6,3.7,1.9473684210526316
30,109,3.566666666666667,6,5.928571428571429,3.1923076923076925
28,101,4.142857142857143,8,5.470588235294118,3.875
28,115,3.142857142857143,6,4.954545454545454,4.541666666666667
23,45,3.6956521739130435,6,3.9,1.95
22,55,3.1363636363636362,6,4.6,2.7058823529411766
30,125,3.933333333333333,7,5.619047619047619,4.538461538461538
24,67,2.8333333333333335,5,3.9285714285714284,2.8947368421052633
21,40,1.9523809523809523,3,5.2,1.8571428571428572
24,66,2.9583333333333335,5,4.0,2.8
22,69,3.3181818181818183,7,4.571428571428571,3.5555555555555554
22,66,3.0454545454545454,5,4.538461538461538,3.2777777777777777
22,68,3.0454545454545454,5,4.6923076923076925,3.388888888888889
29,141,4.310344827586207,8,7.105263157894737,5.4
25,67,3.56,6,3.7333333333333334,2.5454545454545454
31,105,3.4516129032258065,6,5.571428571428571,3.0
20,60,3.1,5,4.636363636363637,3.1875
24,91,3.3333333333333335,6,4.764705882352941,4.05
23,64,2.5217391304347827,4,5.555555555555555,2.9411764705882355
18,43,2.9444444444444446,6,3.3636363636363638,2.642857142857143
24,96,3.375,6,5.117647058823529,4.35
27,105,3.111111111111111,7,4.4,4.631578947368421
26,54,2.8461538461538463,5,4.8,2.0869565217391304
22,54,3.090909090909091,6,3.1875,2.6842105263157894
30,132,4.1,8,6.25,4.8076923076923075
15,31,1.5333333333333334,3,3.6,2.5714285714285716
30,163,4.366666666666666,8,7.136363636363637,6.038461538461538
24,41,3.2083333333333335,5,5.833333333333333,1.6666666666666667
29,66,3.4827586206896552,6,5.083333333333333,2.44
16,30,1.375,2,5.333333333333333,2.6666666666666665
24,63,3.2083333333333335,6,4.384615384615385,2.85
25,38,3.24,5,6.6,1.5
31,106,3.3870967741935485,6,5.1875,3.074074074074074
29,101,3.9655172413793105,7,6.0,3.84
27,103,3.111111111111111,6,4.619047619047619,4.217391304347826
24,37,3.2083333333333335,5,5.333333333333333,1.5238095238095237
27,88,2.888888888888889,6,4.529411764705882,3.347826086956522
27,88,3.814814814814815,7,4.8125,3.347826086956522
22,67,3.1363636363636362,7,4.666666666666667,3.111111111111111
25,37,3.24,5,6.8,1.5454545454545454
27,70,2.1481481481481484,4,5.666666666666667,3.642857142857143
26,60,2.6153846153846154,4,4.818181818181818,2.409090909090909
23,37,3.130434782608696,5,4.571428571428571,1.6
22,45,2.272727272727273,4,5.166666666666667,2.2142857142857144
25,67,3.32,6,4.133333333333334,2.9523809523809526
27,109,3.111111111111111,6,5.15,4.478260869565218
26,83,2.5,5,4.846153846153846,3.0
24,65,3.125,6,4.285714285714286,3.0
15,25,1.4,2,2.5,1.6666666666666667
29,112,4.172413793103448,8,5.684210526315789,4.32
25,35,1.44,3,3.25,1.3
24,29,1.25,2,6.0,1.0
18,42,3.5,6,3.6666666666666665,2.357142857142857
22,78,3.909090909090909,7,5.076923076923077,3.473684210526316
22,81,4.136363636363637,7,6.0,4.105263157894737
22,48,3.0454545454545454,6,3.5,2.210526315789474
19,47,2.9473684210526314,6,3.5454545454545454,2.6
26,86,3.423076923076923,5,4.923076923076923,2.909090909090909
21,65,3.1904761904761907,6,3.8461538461538463,2.9411764705882355
22,75,3.1818181818181817,6,5.461538461538462,3.9444444444444446
26,92,3.269230769230769,7,4.375,3.6842105263157894
24,45,2.2916666666666665,3,5.714285714285714,2.1052631578947367
22,81,4.136363636363637,8,5.0,3.9473684210526314
29,96,2.4827586206896552,5,4.0588235294117645,3.8333333333333335
27,57,2.4074074074074074,4,5.5,2.0952380952380953
24,38,3.2083333333333335,5,6.6,1.5714285714285714
27,66,2.0,4,6.571428571428571,3.2857142857142856
27,82,3.7037037037037037,6,5.5,3.347826086956522
26,100,3.1153846153846154,6,4.947368421052632,4.2727272727272725
28,100,2.607142857142857,5,4.388888888888889,3.2916666666666665
23,61,3.0869565217391304,6,4.384615384615385,3.0
16,27,1.4375,2,2.75,1.5714285714285714
24,34,3.1666666666666665,5,6.2,1.4761904761904763
28,103,3.642857142857143,7,4.470588235294118,3.1666666666666665
29,74,3.6206896551724137,6,4.0588235294117645,2.76
25,75,3.16,5,5.384615384615385,3.3333333333333335
23,34,3.130434782608696,5,5.166666666666667,1.55
28,61,3.5,6,4.666666666666667,2.3333333333333335
23,36,3.130434782608696,5,4.571428571428571,1.6
19,40,2.263157894736842,4,4.0,2.3333333333333335
26,80,3.423076923076923,6,5.285714285714286,3.3636363636363638
24,67,3.25,6,4.2,3.15
26,81,3.576923076923077,6,5.076923076923077,3.0
21,55,2.7142857142857144,5,3.642857142857143,3.0
22,31,3.1818181818181817,5,5.6,1.4736842105263157
28,89,4.178571428571429,7,6.333333333333333,3.1666666666666665
23,55,2.782608695652174,5,5.571428571428571,2.1666666666666665
23,34,3.130434782608696,5,5.166666666666667,1.55
23,55,3.0869565217391304,6,5.125,2.411764705882353
26,97,3.8461538461538463,7,5.352941176470588,4.136363636363637
16,28,1.5625,2,3.25,1.4444444444444444
26,101,2.8461538461538463,5,5.277777777777778,4.318181818181818
26,97,3.730769230769231,7,4.421052631578948,3.8181818181818183
20,50,2.65,5,3.5384615384615383,2.875
29,120,4.482758620689655,8,5.7,4.56
23,32,3.217391304347826,5,5.8,1.45
26,52,3.4615384615384617,6,3.9166666666666665,2.1363636363636362
25,57,2.32,5,4.375,2.1875
23,38,1.6521739130434783,3,7.333333333333333,1.6923076923076923
23,46,2.5217391304347827,4,5.125,2.05
21,63,3.1904761904761907,6,3.4705882352941178,3.2777777777777777
28,83,2.392857142857143,5,5.181818181818182,3.5625
26,92,3.6153846153846154,7,5.176470588235294,4.0
24,44,3.2083333333333335,5,4.75,1.8095238095238095
29,107,3.2758620689655173,6,6.0,4.08
26,67,3.423076923076923,6,3.6470588235294117,2.8181818181818183
26,97,3.769230769230769,7,5.294117647058823,4.090909090909091
21,38,2.0,4,3.5,2.0
23,36,3.130434782608696,5,4.571428571428571,1.6
27,128,3.962962962962963,8,6.421052631578948,5.304347826086956
27,89,2.740740740740741,5,5.166666666666667,3.4444444444444446
27,90,3.888888888888889,7,5.666666666666667,3.6956521739130435
22,77,3.227272727272727,7,4.133333333333334,3.4444444444444446
25,40,3.32,5,5.285714285714286,1.6818181818181819
27,118,3.925925925925926,8,4.75,4.130434782608695
28,77,3.5,6,3.9444444444444446,2.9583333333333335
25,79,3.08,5,5.0,3.5714285714285716
29,128,3.1379310344827585,6,6.1,4.88
23,38,3.1739130434782608,5,4.125,1.65
28,74,2.142857142857143,4,5.444444444444445,3.0625
27,70,3.074074074074074,5,5.7272727272727275,2.739130434782609
23,39,3.1739130434782608,5,4.25,1.7
24,38,1.375,2,8.5,1.8888888888888888
27,65,3.3333333333333335,5,4.0,2.608695652173913
26,101,4.076923076923077,8,4.555555555555555,3.727272727272727
20,31,1.6,3,3.2,1.7777777777777777
26,98,3.230769230769231,6,5.666666666666667,3.8636363636363638
26,99,3.1153846153846154,6,4.65,4.2272727272727275
21,59,3.0,6,4.153846153846154,3.176470588235294
15,27,1.4666666666666666,2,3.0,1.7142857142857142
30,138,4.366666666666666,8,6.7,5.153846153846154
23,43,3.5217391304347827,6,3.8,1.9
29,81,3.6551724137931036,6,4.933333333333334,2.96
25,59,2.08,5,4.625,2.642857142857143
22,38,1.6818181818181819,3,7.333333333333333,1.8333333333333333
24,44,3.7916666666666665,6,3.8,1.8095238095238095
28,137,4.107142857142857,8,5.909090909090909,5.416666666666667
29,114,3.3448275862068964,7,4.722222222222222,4.0476190476190474
28,85,3.0714285714285716,5,4.714285714285714,2.75
24,53,3.4583333333333335,5,4.7,2.238095238095238
22,56,2.5454545454545454,5,6.0,3.0
27,91,3.6296296296296298,6,5.1875,3.608695652173913
27,115,3.5185185185185186,7,4.909090909090909,4.695652173913044
25,78,3.04,6,4.933333333333334,3.5238095238095237
24,58,2.75,5,3.923076923076923,2.6842105263157894
21,47,1.9523809523809523,3,5.5,2.75
24,39,3.25,5,4.25,1.619047619047619
28,64,3.5,6,5.0,2.5
24,49,2.375,4,4.111111111111111,2.0555555555555554
27,66,3.6296296296296298,6,6.0,2.608695652173913
25,56,2.76,5,3.7142857142857144,2.4761904761904763
24,52,2.6666666666666665,5,3.5454545454545454,2.0526315789473686
25,82,2.96,5,4.222222222222222,3.619047619047619
24,54,2.7916666666666665,5,3.769230769230769,2.45
19,38,2.1052631578947367,4,3.5714285714285716,2.272727272727273
21,53,2.4761904761904763,5,3.2,2.823529411764706
23,59,2.739130434782609,5,4.076923076923077,2.789473684210526
25,90,3.68,7,4.555555555555555,3.9047619047619047
22,50,3.0454545454545454,6,3.4166666666666665,2.2777777777777777
23,34,3.0869565217391304,5,6.2,1.55
27,124,3.4074074074074074,7,5.9,5.130434782608695
31,110,4.387096774193548,8,5.833333333333333,3.888888888888889
23,35,3.1739130434782608,5,4.571428571428571,1.6
20,41,1.95,3,5.25,1.9090909090909092
27,84,3.5555555555555554,6,6.0,3.391304347826087
25,49,2.64,5,5.428571428571429,2.0
22,58,2.9545454545454546,6,3.857142857142857,3.0
29,99,3.586206896551724,6,6.333333333333333,3.8
24,33,1.5,3,2.8,1.4
24,29,1.25,2,6.0,1.0
24,65,3.7083333333333335,7,4.636363636363637,2.6842105263157894
23,49,2.217391304347826,4,4.571428571428571,2.1333333333333333
25,119,4.28,7,6.411764705882353,4.954545454545454
24,90,3.5,6,5.4,4.05
24,50,2.0833333333333335,4,5.0,2.142857142857143
27,55,1.8148148148148149,4,5.166666666666667,2.5833333333333335
23,90,3.260869565217391,7,5.266666666666667,4.157894736842105
27,104,3.185185185185185,7,4.555555555555555,4.315789473684211
25,46,2.36,3,5.857142857142857,2.05
22,83,4.136363636363637,8,5.571428571428571,4.105263157894737
16,29,1.375,2,4.333333333333333,2.1666666666666665
27,105,4.296296296296297,8,5.105263157894737,4.217391304347826
23,62,3.217391304347826,6,3.8,3.0
29,141,4.344827586206897,8,6.523809523809524,5.48
24,35,3.2083333333333335,5,5.333333333333333,1.5238095238095237
27,109,3.185185185185185,6,6.5625,4.565217391304348
27,63,3.3703703703703702,6,4.142857142857143,2.5217391304347827
26,61,3.6153846153846154,6,5.666666666666667,2.3181818181818183
23,60,3.0869565217391304,6,3.857142857142857,2.8421052631578947
25,36,3.24,5,6.6,1.5
27,65,2.0,4,6.285714285714286,3.142857142857143
27,79,3.3703703703703702,6,5.357142857142857,3.260869565217391
25,55,3.28,5,4.166666666666667,2.380952380952381
24,55,2.75,5,3.5833333333333335,2.263157894736842
23,65,3.0434782608695654,5,4.6923076923076925,3.210526315789474
25,36,3.24,5,6.6,1.5
27,129,3.8518518518518516,8,6.473684210526316,5.3478260869565215
31,112,4.516129032258065,8,6.6875,3.962962962962963
24,34,3.1666666666666665,5,6.2,1.4761904761904763
20,38,1.95,3,4.5,1.6363636363636365
27,81,3.5555555555555554,6,5.769230769230769,3.260869565217391
25,58,3.6,6,5.3,2.5238095238095237
20,47,2.85,6,3.5833333333333335,2.6875
29,101,3.896551724137931,7,6.928571428571429,3.88
24,30,1.2916666666666667,2,3.5,1.0
24,29,1.25,2,6.0,1.0
22,55,3.0454545454545454,5,3.4,2.6842105263157894
27,85,3.111111111111111,6,5.333333333333333,3.0476190476190474
20,38,3.15,5,4.125,2.0625
27,81,3.2962962962962963,6,3.875,2.8181818181818183
22,50,2.772727272727273,4,5.285714285714286,2.0555555555555554
27,148,4.2592592592592595,8,6.75,5.869565217391305
30,63,2.433333333333333,4,7.4,2.0555555555555554
24,93,3.375,6,4.470588235294118,4.0
25,50,1.8,3,4.5,1.8
28,105,3.75,7,4.388888888888889,3.590909090909091
24,44,2.2916666666666665,3,6.5,2.0526315789473686
23,89,4.043478260869565,8,5.125,4.315789473684211
23,51,2.782608695652174,5,5.0,1.9444444444444444
25,43,3.28,5,6.333333333333333,1.7272727272727273
27,127,3.4444444444444446,7,6.368421052631579,5.260869565217392
27,84,2.3333333333333335,5,4.916666666666667,3.933333333333333
25,61,3.48,7,4.666666666666667,2.6666666666666665
27,98,3.0,6,4.6,4.0
25,41,3.28,5,6.0,1.6363636363636365
27,137,3.8518518518518516,8,6.894736842105263,5.695652173913044
27,83,2.3333333333333335,5,5.181818181818182,3.8
26,82,3.576923076923077,7,5.2,3.5454545454545454
16,25,1.3125,2,3.0,1.8
25,76,3.32,6,4.5,3.4285714285714284
30,146,3.933333333333333,7,6.454545454545454,5.461538461538462
23,65,2.9565217391304346,5,4.384615384615385,3.0
25,40,3.28,5,6.0,1.6363636363636365
30,88,3.1666666666666665,6,4.846153846153846,2.52
27,88,4.0,7,5.533333333333333,3.608695652173913
23,53,2.608695652173913,5,3.3076923076923075,2.5294117647058822
23,71,3.260869565217391,6,4.4,3.473684210526316
29,132,4.413793103448276,8,5.7272727272727275,5.04
23,33,3.217391304347826,5,5.0,1.5
29,108,4.413793103448276,8,5.764705882352941,3.92
16,30,1.5,2,3.5,1.75
24,39,3.25,5,4.25,1.619047619047619
18,35,1.9444444444444444,3,4.25,1.7
26,85,3.6538461538461537,6,6.076923076923077,3.590909090909091
25,95,2.84,5,4.944444444444445,4.238095238095238
25,93,2.88,5,4.578947368421052,4.142857142857143
17,35,2.3529411764705883,4,3.0,1.5
21,54,2.9047619047619047,6,3.8461538461538463,2.9411764705882355
29,114,3.9310344827586206,7,7.333333333333333,4.4
24,28,1.2083333333333333,2,5.0,1.0
23,26,1.173913043478261,2,4.0,1.0
19,31,1.5789473684210527,3,3.0,1.5
23,94,4.043478260869565,8,5.4375,4.578947368421052
24,69,2.9583333333333335,5,4.636363636363637,2.55
20,54,3.6,6,4.545454545454546,3.125
23,96,3.9565217391304346,8,4.5,4.2631578947368425
23,84,3.652173913043478,7,5.0,4.166666666666667
23,94,3.391304347826087,6,6.0,4.421052631578948
28,118,3.9642857142857144,7,4.7368421052631575,3.9130434782608696
24,49,2.25,3,6.142857142857143,2.263157894736842
29,149,4.310344827586207,8,6.578947368421052,5.0
26,91,3.8461538461538463,7,5.25,3.8181818181818183
28,123,3.107142857142857,6,5.764705882352941,4.083333333333333
23,42,3.347826086956522,5,5.285714285714286,1.85
18,36,2.0,3,3.6,1.6363636363636365
28,116,4.285714285714286,8,5.5,4.125
26,88,3.076923076923077,5,5.857142857142857,3.727272727272727
27,123,3.888888888888889,7,6.176470588235294,4.565217391304348
24,48,3.4166666666666665,5,5.375,2.0476190476190474
29,91,4.0344827586206895,7,5.25,3.36
25,76,2.88,6,5.0,3.0555555555555554
22,57,3.590909090909091,7,3.7142857142857144,2.736842105263158
28,72,2.857142857142857,5,4.857142857142857,2.8333333333333335
26,72,2.576923076923077,5,5.5,2.8947368421052633
24,48,2.5,4,4.625,2.0555555555555554
25,44,3.32,5,4.75,1.7272727272727273
27,106,3.740740740740741,7,4.6,4.0
30,117,3.7666666666666666,7,5.55,4.269230769230769
16,33,2.1875,4,3.4,1.7
17,31,2.235294117647059,4,3.6,1.6363636363636365
25,37,3.28,5,6.8,1.5454545454545454
21,42,1.7142857142857142,3,5.75,2.090909090909091
28,88,3.4285714285714284,6,5.6,3.5
21,41,2.0,3,5.4,2.25
29,113,4.241379310344827,8,6.0,4.32
26,96,2.8461538461538463,5,5.294117647058823,4.090909090909091
22,59,3.0,6,3.6666666666666665,3.0555555555555554
24,35,3.1666666666666665,5,6.4,1.5238095238095237
27,91,3.2962962962962963,7,4.722222222222222,3.6956521739130435
28,102,4.071428571428571,8,5.294117647058823,3.75
22,69,3.1363636363636362,7,4.916666666666667,3.2777777777777777
25,36,3.24,5,6.6,1.5
27,88,3.7777777777777777,7,5.25,3.652173913043478
26,63,4.038461538461538,7,5.8,2.6363636363636362
25,73,3.32,6,4.6,3.2857142857142856
16,28,1.4375,2,3.0,1.7142857142857142
23,43,2.5217391304347827,4,4.444444444444445,2.0
22,85,3.909090909090909,8,5.2,4.105263157894737
28,85,2.3214285714285716,5,5.9,3.6875
28,90,3.4285714285714284,6,5.0588235294117645,3.5833333333333335
23,36,3.130434782608696,5,4.571428571428571,1.6
19,32,1.6842105263157894,3,3.8,2.375
26,59,3.3076923076923075,5,4.153846153846154,2.4545454545454546
26,100,2.8461538461538463,5,5.529411764705882,4.2727272727272725
16,28,1.4375,2,3.0,1.7142857142857142
26,72,3.6153846153846154,6,5.153846153846154,3.0454545454545454
24,54,2.75,5,3.230769230769231,2.210526315789474
23,34,3.130434782608696,5,5.166666666666667,1.55
27,86,3.814814814814815,6,6.166666666666667,3.217391304347826
23,52,2.782608695652174,5,5.142857142857143,2.0
25,37,3.28,5,5.666666666666667,1.5454545454545454
27,73,2.111111111111111,4,6.375,3.642857142857143
27,67,3.037037037037037,5,5.454545454545454,2.608695652173913
23,35,3.130434782608696,5,5.166666666666667,1.55
21,45,2.0,3,6.0,2.0
26,88,3.5384615384615383,6,5.857142857142857,3.727272727272727
25,53,2.84,6,5.125,2.05
22,61,3.0454545454545454,6,3.8,3.1666666666666665
23,34,3.130434782608696,5,6.2,1.55
28,56,3.5,6,4.636363636363637,2.125
25,54,2.08,5,4.25,2.4285714285714284
22,39,1.8181818181818181,3,5.75,1.6428571428571428
22,31,3.1818181818181817,5,5.6,1.4736842105263157
20,42,1.95,3,5.5,2.0
27,84,3.5555555555555554,6,6.0,3.391304347826087
23,32,1.7391304347826086,4,4.0,1.3333333333333333
23,59,3.260869565217391,6,4.230769230769231,2.8947368421052633
17,31,1.588235294117647,2,3.75,1.5
23,72,2.782608695652174,5,4.125,3.473684210526316
25,57,2.76,5,4.8,2.2857142857142856
29,105,3.896551724137931,7,7.214285714285714,4.04
24,33,1.3333333333333333,2,3.3333333333333335,1.25
22,26,1.2272727272727273,2,5.0,1.0
22,77,4.090909090909091,7,5.461538461538462,3.736842105263158
21,68,3.857142857142857,7,4.384615384615385,3.1666666666666665
26,79,4.0,8,4.769230769230769,2.9523809523809526
23,48,2.1739130434782608,4,5.0,2.142857142857143
26,54,1.8461538461538463,4,5.8,2.6363636363636362
22,85,3.272727272727273,6,5.923076923076923,4.277777777777778
25,93,3.52,7,4.0588235294117645,3.2857142857142856
25,45,2.32,3,5.714285714285714,2.0
24,99,3.9166666666666665,8,5.411764705882353,4.6
28,87,2.607142857142857,6,3.875,3.6470588235294117
25,78,3.32,6,5.214285714285714,3.4761904761904763
23,54,2.6956521739130435,5,3.5,2.3333333333333335
25,37,3.24,5,6.8,1.5454545454545454
20,30,1.3,2,4.0,2.0
27,85,3.7037037037037037,6,6.153846153846154,3.4782608695652173
24,36,3.2083333333333335,5,5.5,1.5714285714285714
28,127,4.107142857142857,8,4.809523809523809,4.208333333333333
29,115,3.896551724137931,7,5.684210526315789,4.32
28,111,3.107142857142857,6,5.0,4.375
28,104,2.8214285714285716,5,4.944444444444445,3.7083333333333335
25,38,3.28,5,5.833333333333333,1.5909090909090908
27,69,2.111111111111111,4,5.75,3.066666666666667
25,79,3.32,6,5.285714285714286,3.5238095238095237
23,34,3.130434782608696,5,5.166666666666667,1.55
26,125,3.8076923076923075,8,6.2631578947368425,5.409090909090909
31,113,4.516129032258065,8,6.352941176470588,4.0
23,35,3.130434782608696,5,4.571428571428571,1.6
28,76,2.1785714285714284,4,5.2,3.25
25,51,3.36,5,3.5384615384615383,2.1904761904761907
21,46,2.6666666666666665,5,3.3333333333333335,2.5
21,58,3.1904761904761907,6,4.5,3.176470588235294
22,33,3.1818181818181817,5,4.285714285714286,1.5789473684210527
26,122,3.8461538461538463,8,6.105263157894737,5.2727272727272725
27,87,2.3333333333333335,5,4.285714285714286,4.0
26,84,3.6153846153846154,7,5.0,3.6363636363636362
24,38,3.2083333333333335,5,5.833333333333333,1.6666666666666667
28,74,2.142857142857143,4,5.444444444444445,3.0625
25,55,3.36,5,3.5714285714285716,2.380952380952381
27,107,3.111111111111111,6,5.315789473684211,4.391304347826087
27,107,3.111111111111111,6,5.315789473684211,4.391304347826087
22,66,3.3181818181818183,6,4.769230769230769,3.4444444444444446
16,27,1.4375,2,2.75,1.5714285714285714
22,33,3.090909090909091,5,4.285714285714286,1.5789473684210527
19,29,1.3157894736842106,2,4.0,2.0
27,90,3.8518518518518516,7,6.461538461538462,3.652173913043478
24,72,3.6666666666666665,6,4.923076923076923,3.2
22,40,2.227272727272727,4,5.166666666666667,1.8235294117647058
29,114,3.9310344827586206,7,7.857142857142857,4.4
25,34,1.36,2,3.6666666666666665,1.2222222222222223
26,106,4.038461538461538,8,5.444444444444445,4.454545454545454
28,99,3.142857142857143,6,4.352941176470588,3.7
28,113,3.9642857142857144,8,5.578947368421052,4.416666666666667
22,69,3.0454545454545454,5,4.5,3.5
30,171,4.366666666666666,8,6.52,6.269230769230769
24,53,3.3333333333333335,5,4.7,2.238095238095238
21,33,1.8571428571428572,4,3.2,1.4545454545454546
27,80,3.074074074074074,5,5.384615384615385,3.0434782608695654
24,55,3.375,5,4.7,2.238095238095238
27,135,3.962962962962963,8,6.095238095238095,5.565217391304348
29,121,3.413793103448276,7,5.166666666666667,4.428571428571429
24,83,3.2916666666666665,6,4.588235294117647,3.9
25,54,3.36,5,5.875,2.1363636363636362
30,169,4.333333333333333,8,6.166666666666667,5.6923076923076925
30,110,3.8333333333333335,7,5.2631578947368425,3.8461538461538463
29,101,3.206896551724138,6,4.444444444444445,3.2
31,174,4.451612903225806,8,6.461538461538462,6.222222222222222
27,103,3.4814814814814814,7,5.105263157894737,4.217391304347826
23,62,2.6956521739130435,5,4.5,3.0
22,60,2.8636363636363638,6,3.5,3.111111111111111
28,110,3.857142857142857,7,6.4375,4.291666666666667
24,40,3.25,5,3.888888888888889,1.6666666666666667
28,132,3.5,7,6.3,5.25
29,100,3.5172413793103448,6,4.571428571428571,3.84
17,35,1.8823529411764706,3,4.5,2.0
19,38,2.1578947368421053,4,4.2,1.75
28,93,3.4285714285714284,6,5.933333333333334,3.7083333333333335
24,38,1.6666666666666667,3,3.0,1.3846153846153846
25,36,1.44,3,2.4,1.2
18,28,1.7222222222222223,3,3.5,1.75
23,86,4.0,8,5.857142857142857,4.315789473684211
23,61,2.739130434782609,5,5.5,2.4444444444444446
21,57,3.761904761904762,7,4.333333333333333,3.0588235294117645
25,77,3.48,6,5.083333333333333,3.05
24,82,3.4583333333333335,7,5.916666666666667,3.736842105263158
23,82,3.260869565217391,6,5.769230769230769,3.9473684210526314
28,97,2.857142857142857,6,4.933333333333334,4.111111111111111
25,47,2.32,3,5.857142857142857,2.05
23,98,4.130434782608695,8,5.111111111111111,4.6
29,104,2.9310344827586206,6,4.388888888888889,3.761904761904762
26,79,3.3461538461538463,6,4.866666666666666,3.3181818181818183
23,56,2.6956521739130435,5,3.8333333333333335,2.5555555555555554
25,40,3.28,5,7.0,1.5909090909090908
25,81,3.76,7,4.8125,3.6666666666666665
27,70,4.0,7,6.2,2.6956521739130435
26,82,3.3461538461538463,6,4.875,3.5454545454545454
16,28,1.375,2,4.0,2.0
25,55,2.68,5,5.0,2.142857142857143
25,39,3.28,5,7.0,1.5909090909090908
20,30,1.3,2,5.333333333333333,2.6666666666666665
18,32,1.4444444444444444,3,3.5,2.0
25,79,3.52,6,6.083333333333333,3.4761904761904763
22,57,2.772727272727273,5,4.076923076923077,2.9444444444444446
26,57,2.769230769230769,6,4.1,2.05
24,35,3.2083333333333335,5,6.4,1.5238095238095237
27,86,3.5185185185185186,7,5.333333333333333,3.4782608695652173
23,72,3.0434782608695654,5,4.714285714285714,3.473684210526316
24,35,3.1666666666666665,5,6.4,1.5238095238095237
24,79,3.5833333333333335,7,4.6875,3.75
26,68,2.8076923076923075,5,4.333333333333333,2.4761904761904763
28,117,3.0357142857142856,6,6.166666666666667,4.625
26,77,3.269230769230769,5,5.214285714285714,3.3181818181818183
16,25,1.375,2,3.0,1.5
26,95,2.8461538461538463,5,4.944444444444445,4.045454545454546
24,54,3.375,6,3.5,2.45
24,69,2.8333333333333335,5,4.769230769230769,3.1
22,41,2.6818181818181817,5,2.8181818181818183,1.9375
30,129,3.8666666666666667,7,5.904761904761905,4.769230769230769
19,33,1.8421052631578947,3,3.0,1.9090909090909092
23,34,3.217391304347826,5,6.2,1.55
27,121,3.4074074074074074,7,6.388888888888889,5.0
26,74,1.9615384615384615,4,4.363636363636363,3.2
26,58,3.4615384615384617,6,3.7857142857142856,2.409090909090909
26,92,3.1153846153846154,6,4.526315789473684,3.909090909090909
29,127,4.0,7,6.368421052631579,4.84
22,67,2.9545454545454546,5,4.384615384615385,3.1666666666666665
22,33,3.1818181818181817,5,5.0,1.5789473684210527
30,117,4.266666666666667,8,6.8,3.923076923076923
23,55,2.782608695652174,5,4.875,2.1666666666666665
23,49,2.5652173913043477,5,4.571428571428571,1.8823529411764706
22,62,3.1363636363636362,6,4.071428571428571,3.1666666666666665
16,24,1.375,2,2.0,1.3333333333333333
30,135,3.8666666666666667,7,5.909090909090909,5.0
21,36,1.9523809523809523,4,3.125,1.7857142857142858
29,117,4.482758620689655,8,6.166666666666667,4.44
23,42,2.5217391304347827,4,4.333333333333333,1.95
21,65,2.761904761904762,5,3.9166666666666665,3.357142857142857
30,108,4.1,7,6.857142857142857,3.6923076923076925
25,66,2.6,5,5.75,2.4210526315789473
22,58,2.727272727272727,5,3.857142857142857,3.0
23,69,3.0434782608695654,5,4.2,3.3157894736842106
22,36,3.1818181818181817,5,5.0,1.5789473684210527
27,125,3.925925925925926,8,6.2631578947368425,5.173913043478261
29,103,4.344827586206897,8,5.764705882352941,3.92
23,36,3.130434782608696,5,5.166666666666667,1.55
27,128,3.925925925925926,8,6.777777777777778,5.304347826086956
27,78,2.259259259259259,5,4.636363636363637,3.4
24,74,3.4583333333333335,7,5.384615384615385,3.5
24,38,3.2083333333333335,5,6.6,1.5714285714285714
25,88,3.92,7,4.666666666666667,4.0
26,65,2.730769230769231,5,4.0,2.2857142857142856
27,104,3.111111111111111,6,5.157894736842105,4.260869565217392
27,86,3.4814814814814814,6,5.125,3.5652173913043477
16,26,1.375,2,3.3333333333333335,1.6666666666666667
25,87,2.88,5,4.2631578947368425,3.857142857142857
23,53,3.347826086956522,6,3.4285714285714284,2.526315789473684
24,68,2.875,6,4.357142857142857,3.05
22,42,2.6818181818181817,5,2.6666666666666665,2.0
19,42,2.4210526315789473,5,3.1666666666666665,2.533333333333333
16,26,1.4375,2,2.75,1.5714285714285714
20,54,3.15,6,3.75,2.8125
20,49,3.35,6,4.2,2.625
24,35,1.4583333333333333,2,4.0,1.0909090909090908
24,29,1.25,2,6.0,1.0
22,54,3.0454545454545454,5,3.3333333333333335,2.6315789473684212
27,92,3.3333333333333335,6,5.230769230769231,3.090909090909091
20,46,3.75,6,4.333333333333333,2.4375
28,89,3.3214285714285716,6,4.0,2.9565217391304346
20,46,2.7,4,4.714285714285714,2.0625
30,173,4.4,8,6.541666666666667,6.038461538461538
30,66,2.5,5,4.75,2.111111111111111
27,117,3.6666666666666665,7,4.75,4.130434782608695
26,60,2.3076923076923075,4,5.833333333333333,2.0588235294117645
28,135,4.357142857142857,8,4.863636363636363,4.458333333333333
24,49,2.2916666666666665,3,6.142857142857143,2.263157894736842
29,102,4.206896551724138,7,5.375,3.44
24,45,3.25,5,4.333333333333333,1.8571428571428572
23,36,1.434782608695652,3,6.0,2.25
28,103,4.071428571428571,8,5.8125,3.875
16,32,2.125,4,3.2,1.6
17,38,2.235294117647059,4,4.2,1.9090909090909092
23,56,3.347826086956522,6,3.8461538461538463,2.6315789473684212
16,30,1.5,2,3.5,1.75
29,123,4.0,7,7.25,4.64
23,27,1.2173913043478262,2,5.0,1.0
26,31,1.2307692307692308,2,6.0,1.0
20,37,1.7,3,4.25,1.8888888888888888
23,94,4.043478260869565,8,5.625,4.7368421052631575
26,91,3.0,5,4.666666666666667,3.3333333333333335
20,60,3.7,7,4.583333333333333,3.4375
22,99,3.909090909090909,8,4.421052631578948,4.666666666666667
24,95,3.7083333333333335,7,5.666666666666667,4.473684210526316
22,91,3.3636363636363638,6,5.3125,4.722222222222222
28,137,4.142857142857143,7,5.45,4.541666666666667
22,42,2.1818181818181817,3,6.0,2.1176470588235294
25,72,3.2,6,4.25,3.238095238095238
25,60,2.8,5,4.0,2.6666666666666665
23,53,2.260869565217391,5,4.333333333333333,3.0
19,37,2.3684210526315788,4,4.6,1.7692307692307692
22,60,2.909090909090909,6,3.7333333333333334,3.111111111111111
28,94,3.4285714285714284,7,6.0,3.75
24,37,1.8333333333333333,3,2.6666666666666665,1.1428571428571428
24,31,1.3333333333333333,3,2.25,1.2857142857142858
22,79,3.8636363636363638,8,4.111111111111111,4.111111111111111
27,92,4.222222222222222,7,5.5,3.347826086956522
28,138,4.142857142857143,8,5.5,4.84
26,105,3.1153846153846154,6,5.235294117647059,4.684210526315789
27,89,3.3333333333333335,6,5.142857142857143,3.4285714285714284
21,50,1.9523809523809523,4,4.714285714285714,3.3
28,54,1.6071428571428572,4,5.2,2.3636363636363638
24,49,1.7916666666666667,4,5.4,2.25
24,91,3.375,6,5.133333333333334,3.85
28,97,2.642857142857143,6,4.4375,4.176470588235294
25,48,2.32,3,6.0,2.1
26,81,4.115384615384615,7,4.785714285714286,3.0454545454545454
24,38,3.2083333333333335,5,5.5,1.5714285714285714
20,39,1.95,4,4.666666666666667,2.5454545454545454
25,67,3.56,6,6.1,2.9047619047619047
25,70,3.04,6,4.923076923076923,3.0476190476190474
24,50,2.9166666666666665,5,3.230769230769231,2.1
29,126,3.7241379310344827,6,6.5,4.68
21,39,2.142857142857143,4,3.111111111111111,2.0
20,41,2.95,6,3.875,2.066666666666667
29,105,3.5172413793103448,7,6.6,3.96
31,140,3.3548387096774195,6,6.380952380952381,4.962962962962963
29,94,4.068965517241379,7,6.357142857142857,3.56
26,84,3.8846153846153846,7,4.75,3.4545454545454546
15,31,2.2666666666666666,4,2.8333333333333335,1.7
28,97,3.5357142857142856,6,6.2,3.875
24,28,1.2083333333333333,2,5.0,1.0
24,28,1.2083333333333333,2,5.0,1.0
18,41,3.0,5,3.5555555555555554,2.2857142857142856
27,91,3.111111111111111,6,5.230769230769231,2.9565217391304346
27,131,4.111111111111111,8,6.473684210526316,5.3478260869565215
20,59,3.2,5,5.375,2.6875
22,74,3.4545454545454546,7,4.428571428571429,3.4444444444444446
22,65,3.5,7,4.384615384615385,3.1666666666666665
24,106,3.7916666666666665,8,4.7,4.7
25,57,2.0,4,4.571428571428571,2.2857142857142856
23,84,3.260869565217391,6,5.571428571428571,4.105263157894737
26,93,3.1153846153846154,7,3.9411764705882355,3.526315789473684
25,43,2.28,3,6.333333333333333,1.9
24,103,4.041666666666667,8,6.0,4.571428571428571
30,97,2.5,6,4.117647058823529,3.888888888888889
26,78,3.730769230769231,7,5.214285714285714,3.3181818181818183
22,71,3.1818181818181817,7,4.538461538461538,3.2777777777777777
24,36,3.1666666666666665,5,6.6,1.5714285714285714
28,89,2.892857142857143,6,5.333333333333333,3.3684210526315788
26,64,3.5384615384615383,6,4.142857142857143,2.6363636363636362
25,78,3.08,5,5.142857142857143,3.4285714285714284
27,101,3.111111111111111,6,4.75,4.130434782608695
25,37,3.24,5,6.8,1.5454545454545454
27,82,2.3333333333333335,5,5.7,3.8
30,129,4.166666666666667,8,5.590909090909091,4.730769230769231
27,100,3.111111111111111,6,4.7,4.086956521739131
24,34,3.1666666666666665,5,6.2,1.4761904761904763
28,100,3.8214285714285716,7,4.947368421052632,3.9166666666666665
29,126,3.1379310344827585,6,5.714285714285714,4.8
27,99,4.185185185185185,8,5.166666666666667,4.043478260869565
24,34,3.1666666666666665,5,6.2,1.4761904761904763
22,57,2.3181818181818183,4,5.0,2.6923076923076925
29,103,4.103448275862069,7,6.928571428571429,3.88
25,71,2.84,5,4.166666666666667,2.5
23,60,3.260869565217391,6,4.3076923076923075,2.9473684210526314
28,127,4.285714285714286,8,5.809523809523809,5.083333333333333
25,36,3.24,5,6.6,1.5
27,102,3.185185185185185,6,6.125,4.260869565217392
27,86,3.7777777777777777,7,5.333333333333333,3.4782608695652173
26,99,2.8846153846153846,5,4.894736842105263,4.2272727272727275
24,34,3.2916666666666665,5,6.2,1.4761904761904763
30,115,4.366666666666666,8,6.866666666666666,3.9615384615384617
24,60,2.7916666666666665,5,3.769230769230769,2.5789473684210527
23,33,3.0869565217391304,5,6.0,1.5
28,75,2.25,5,5.3,3.3125
25,80,3.6,6,5.428571428571429,3.619047619047619
28,100,3.892857142857143,7,6.4,4.0
25,35,1.4,2,4.0,1.2
23,27,1.2173913043478262,2,5.0,1.0
22,91,4.136363636363637,8,4.833333333333333,4.833333333333333
28,105,4.25,8,5.375,3.5833333333333335
29,159,4.275862068965517,8,6.85,5.48
30,138,3.3,7,5.181818181818182,4.75
28,112,3.8214285714285716,7,5.352941176470588,3.7916666666666665
22,52,1.9090909090909092,4,4.428571428571429,3.1
29,51,1.4137931034482758,3,4.4,2.2
25,50,1.68,3,5.0,1.9230769230769231
25,120,3.56,6,5.421052631578948,4.904761904761905
28,111,3.892857142857143,7,4.882352941176471,3.608695652173913
24,47,2.25,3,5.857142857142857,2.1578947368421053
26,89,4.3076923076923075,8,4.6875,3.409090909090909
24,74,3.0416666666666665,5,5.583333333333333,3.35
24,76,3.0416666666666665,5,5.384615384615385,3.5
25,84,3.24,6,5.133333333333334,3.6666666666666665
22,69,3.0454545454545454,5,4.846153846153846,3.5
24,38,3.2083333333333335,5,6.6,1.5714285714285714
29,68,3.4827586206896552,6,4.769230769230769,2.48
16,27,1.375,2,4.0,2.0
24,75,3.3333333333333335,6,4.6,3.45
24,37,3.2916666666666665,5,5.333333333333333,1.5238095238095237
28,75,2.357142857142857,4,5.666666666666667,2.8333333333333335
25,56,3.36,5,4.166666666666667,2.380952380952381
22,43,2.0,3,5.4,1.8
22,65,3.227272727272727,6,4.285714285714286,3.3333333333333335
23,38,3.260869565217391,5,4.714285714285714,1.65
27,130,3.962962962962963,8,5.904761904761905,5.391304347826087
31,124,4.483870967741935,8,6.333333333333333,4.222222222222222
22,39,3.227272727272727,5,3.7777777777777777,1.7894736842105263
20,32,2.1,4,3.6,1.5
26,92,3.769230769230769,7,5.117647058823529,3.9545454545454546
25,61,3.36,5,3.9285714285714284,2.619047619047619
16,30,1.5,2,3.5,1.75
29,140,4.413793103448276,8,6.045454545454546,5.32
23,42,3.6956521739130435,6,3.7,1.85
29,78,3.6551724137931036,6,4.733333333333333,2.84
27,84,2.888888888888889,6,5.083333333333333,3.05
22,39,1.7272727272727273,3,7.666666666666667,1.9166666666666667
24,46,3.7916666666666665,6,4.1,1.9523809523809523
28,109,3.4285714285714284,6,6.117647058823529,4.333333333333333
31,126,4.387096774193548,7,7.3125,4.333333333333333
24,48,3.8333333333333335,6,4.3,2.0476190476190474
30,91,3.966666666666667,7,6.0,3.230769230769231
16,40,2.0,4,3.5714285714285716,2.7777777777777777
24,87,3.4166666666666665,7,5.466666666666667,4.1
32,144,3.34375,6,5.384615384615385,5.0
22,56,3.4545454545454546,6,3.2666666666666666,2.5789473684210527
28,72,2.0357142857142856,4,6.0,3.6
26,77,3.269230769230769,5,4.866666666666666,3.3181818181818183
29,112,3.4827586206896552,6,5.684210526315789,4.32
24,42,3.3333333333333335,5,4.111111111111111,1.7619047619047619
25,78,4.0,7,6.181818181818182,3.090909090909091
24,45,3.2916666666666665,5,4.875,1.8571428571428572
26,90,2.423076923076923,5,6.7,4.1875
26,64,3.3846153846153846,6,4.214285714285714,2.6818181818181817
20,38,2.05,3,3.7142857142857144,1.8571428571428572
25,41,3.32,5,5.142857142857143,1.6363636363636365
19,37,1.9473684210526316,4,4.0,2.4
27,82,3.3333333333333335,6,5.2,3.391304347826087
27,80,3.7037037037037037,6,5.769230769230769,3.260869565217391
22,38,1.9545454545454546,3,5.5,1.8333333333333333
18,38,2.2777777777777777,4,3.3333333333333335,1.6666666666666667
21,53,2.761904761904762,5,3.2666666666666666,2.8823529411764706
21,39,2.142857142857143,4,3.625,1.9333333333333333
23,35,3.217391304347826,5,4.571428571428571,1.6
27,88,3.7777777777777777,7,5.25,3.652173913043478
17,33,2.0,4,3.2,1.6
26,86,3.1153846153846154,5,4.647058823529412,3.590909090909091
24,70,3.1666666666666665,6,4.4,3.3
23,46,2.608695652173913,4,4.777777777777778,2.15
22,91,3.909090909090909,8,5.6,4.421052631578948
28,90,2.4642857142857144,5,5.818181818181818,3.764705882352941
28,114,3.857142857142857,8,5.142857142857143,4.5
23,70,3.0434782608695654,5,4.571428571428571,3.3684210526315788
23,36,3.1739130434782608,5,4.714285714285714,1.65
29,104,3.7241379310344827,7,5.157894736842105,3.92
26,87,3.1153846153846154,5,5.0625,3.6818181818181817
17,35,2.0588235294117645,4,3.6,1.8
22,62,3.0454545454545454,6,3.8666666666666667,3.2222222222222223
23,33,3.0869565217391304,5,6.0,1.5
26,94,3.576923076923077,7,4.111111111111111,3.3636363636363638
29,110,3.8275862068965516,7,5.473684210526316,4.16
27,111,3.111111111111111,6,5.25,4.565217391304348
28,98,2.75,5,4.823529411764706,3.4166666666666665
23,34,3.130434782608696,5,6.2,1.55
19,45,2.0526315789473686,4,3.375,2.7
29,69,3.4827586206896552,6,4.266666666666667,2.56
16,29,1.8125,3,3.25,1.625
27,80,3.111111111111111,6,5.285714285714286,3.217391304347826
23,39,2.130434782608696,4,4.0,1.8461538461538463
24,50,3.3333333333333335,5,3.75,2.25
23,44,2.652173913043478,5,2.8333333333333335,1.8888888888888888
21,53,2.857142857142857,5,4.181818181818182,2.7058823529411766
28,98,3.892857142857143,7,6.266666666666667,3.9166666666666665
24,33,1.3333333333333333,2,3.3333333333333335,1.25
24,27,1.1666666666666667,2,4.0,1.0
18,42,3.4444444444444446,6,3.5555555555555554,2.2857142857142856
21,73,3.9523809523809526,7,4.846153846153846,3.5
25,94,4.2,7,6.0,4.285714285714286
22,44,3.0,5,3.9,2.0526315789473686
19,46,2.8947368421052633,6,3.1666666666666665,2.533333333333333
27,86,2.5555555555555554,4,4.6923076923076925,2.9047619047619047
21,63,3.4285714285714284,6,4.363636363636363,2.6666666666666665
23,81,3.347826086956522,6,6.25,3.9473684210526314
27,92,2.8518518518518516,6,4.4,3.6666666666666665
25,44,2.28,3,5.571428571428571,1.95
24,72,3.9166666666666665,7,4.769230769230769,3.1
22,29,1.7272727272727273,3,4.666666666666667,1.1666666666666667
27,102,2.740740740740741,5,5.3125,3.6956521739130435
25,76,3.72,7,5.0,3.3333333333333335
15,27,1.5333333333333334,2,3.0,1.5
16,28,1.5,2,3.0,1.5
22,58,3.0454545454545454,6,4.153846153846154,3.0
20,33,1.9,3,4.4,1.8333333333333333
23,33,3.217391304347826,5,6.0,1.5
28,106,3.25,6,6.3125,4.208333333333333
17,32,1.8823529411764706,3,3.75,1.6666666666666667
24,53,3.375,6,3.4285714285714284,2.4
24,48,3.2083333333333335,6,4.2,2.1
20,47,3.0,6,3.3076923076923075,2.6875
30,128,4.466666666666667,8,6.1,4.6923076923076925
25,45,2.28,3,5.714285714285714,2.0
26,122,3.923076923076923,8,5.8,5.2727272727272725
28,91,2.8214285714285716,5,5.076923076923077,3.3
28,120,3.9285714285714284,8,5.65,4.708333333333333
26,69,2.730769230769231,5,6.0,2.6666666666666665
26,84,2.5,4,4.666666666666667,3.1818181818181817
24,36,3.2083333333333335,5,6.6,1.5714285714285714
29,66,3.6206896551724137,6,4.357142857142857,2.44
25,61,2.6,5,3.727272727272727,2.1578947368421053
27,60,2.259259259259259,4,5.125,2.1578947368421053
24,36,3.2083333333333335,5,5.5,1.5714285714285714
19,39,2.0526315789473686,4,4.0,2.1818181818181817
17,33,1.4705882352941178,3,4.0,2.2857142857142856
26,82,3.6538461538461537,6,6.333333333333333,3.4545454545454546
23,56,2.8260869565217392,5,3.6153846153846154,2.473684210526316
24,83,2.8333333333333335,5,4.529411764705882,3.85
23,34,3.260869565217391,5,5.8,1.45
28,98,3.9642857142857144,7,6.285714285714286,3.6666666666666665
24,62,2.9583333333333335,5,6.428571428571429,2.3684210526315788
23,35,3.260869565217391,5,4.428571428571429,1.55
20,30,1.3,2,4.0,2.0
28,94,3.9642857142857144,7,6.769230769230769,3.6666666666666665
24,73,3.6666666666666665,6,4.642857142857143,3.25
21,37,2.1904761904761907,4,5.0,1.875
24,57,2.7916666666666665,5,3.6153846153846154,2.473684210526316
20,50,2.65,5,3.5384615384615383,2.875
21,55,2.9523809523809526,5,3.6923076923076925,2.823529411764706
22,61,3.0454545454545454,5,4.153846153846154,3.0
23,39,3.1739130434782608,5,3.888888888888889,1.75
28,125,4.107142857142857,8,5.0,4.166666666666667
30,115,3.933333333333333,7,6.0,4.153846153846154
16,34,2.3125,4,3.0,1.6363636363636365
25,89,2.96,5,4.368421052631579,3.9523809523809526
22,40,3.590909090909091,6,3.888888888888889,1.8421052631578947
30,103,3.4,6,6.0,3.0
29,107,4.137931034482759,8,6.3125,4.04
27,103,3.111111111111111,6,4.619047619047619,4.217391304347826
22,40,3.590909090909091,6,3.888888888888889,1.8421052631578947
28,138,4.107142857142857,8,5.954545454545454,5.458333333333333
28,81,3.4285714285714284,6,4.470588235294118,3.1666666666666665
20,49,3.0,6,3.909090909090909,2.8666666666666667
22,69,3.5,7,4.5,3.5
29,128,4.482758620689655,8,5.5,4.84
24,52,2.5416666666666665,4,5.0,2.142857142857143
19,42,2.8421052631578947,6,4.0,2.6666666666666665
26,97,3.423076923076923,6,5.111111111111111,4.181818181818182
26,99,3.6538461538461537,7,5.6875,4.136363636363637
24,63,2.7083333333333335,5,3.642857142857143,2.8333333333333335
21,34,1.4285714285714286,3,4.75,2.375
24,53,3.8333333333333335,6,4.7,2.238095238095238
24,85,2.875,5,4.6923076923076925,3.588235294117647
28,73,3.5714285714285716,6,4.466666666666667,2.7916666666666665
32,144,3.34375,6,5.384615384615385,5.0
29,88,3.896551724137931,7,5.1875,3.32
25,72,2.52,4,5.6,3.111111111111111
30,129,3.966666666666667,7,6.578947368421052,4.8076923076923075
24,43,3.625,6,4.222222222222222,1.8095238095238095
28,114,3.392857142857143,7,6.8125,4.541666666666667
29,104,3.9310344827586206,7,5.157894736842105,3.92
16,32,1.5625,2,4.0,1.7777777777777777
27,109,3.925925925925926,7,5.833333333333333,4.565217391304348
24,47,2.625,4,4.888888888888889,2.0952380952380953
26,81,3.6538461538461537,6,6.0,2.869565217391304
29,122,4.206896551724138,8,7.214285714285714,4.04
15,28,1.8666666666666667,3,3.25,1.625
15,29,1.8666666666666667,3,3.5,1.75
25,38,3.28,5,5.833333333333333,1.5909090909090908
31,95,2.6451612903225805,5,5.0,2.6923076923076925
29,97,3.9655172413793105,7,6.133333333333334,3.68
23,56,2.6956521739130435,5,3.8333333333333335,2.5555555555555554
24,67,3.2916666666666665,6,4.133333333333334,3.1
25,36,3.24,5,6.6,1.5
29,102,4.137931034482759,8,5.9375,3.8
23,42,2.5652173913043477,5,4.833333333333333,1.7058823529411764
24,35,3.2083333333333335,5,5.333333333333333,1.5238095238095237
28,98,3.642857142857143,7,5.111111111111111,3.8333333333333335
29,130,3.1379310344827585,6,6.2,4.96
27,103,3.925925925925926,7,5.5,4.304347826086956
23,35,3.1739130434782608,5,4.571428571428571,1.6
28,92,2.5357142857142856,5,5.583333333333333,3.9411764705882355
28,99,3.4642857142857144,6,5.0,3.9583333333333335
25,63,2.8,5,4.076923076923077,2.65
28,78,2.8214285714285716,5,6.0,2.4545454545454546
24,73,3.2083333333333335,6,4.3125,3.45
28,118,4.178571428571429,8,6.0,4.75
26,56,3.3846153846153846,5,4.166666666666667,2.1739130434782608
27,63,2.0,4,6.142857142857143,3.0714285714285716
26,56,3.3076923076923075,5,3.923076923076923,2.3181818181818183
19,39,2.5789473684210527,5,3.6666666666666665,2.357142857142857
22,59,2.9545454545454546,6,4.153846153846154,3.0
25,40,3.28,5,7.2,1.6363636363636365
27,84,3.074074074074074,6,4.4375,3.0869565217391304
27,94,3.8518518518518516,7,5.125,3.5652173913043477
22,67,3.1818181818181817,7,4.583333333333333,3.0555555555555554
15,24,1.5333333333333334,2,2.5,1.25
24,37,3.2083333333333335,5,5.5,1.5714285714285714
21,31,1.8095238095238095,4,3.4,1.5454545454545454
25,71,3.32,6,5.153846153846154,3.1904761904761907
26,83,3.076923076923077,5,5.2,3.5454545454545454
28,112,2.9285714285714284,5,5.888888888888889,4.416666666666667
22,32,3.090909090909091,5,4.833333333333333,1.5263157894736843
28,100,3.9285714285714284,7,6.214285714285714,3.625
23,56,2.782608695652174,5,5.25,2.3333333333333335
24,37,3.2083333333333335,5,6.8,1.619047619047619
27,85,3.5555555555555554,7,4.9375,3.4347826086956523
27,115,3.111111111111111,6,5.45,4.739130434782608
28,100,3.9285714285714284,7,6.0,4.0
24,32,1.4583333333333333,3,3.0,1.2
23,27,1.2173913043478262,2,5.0,1.0
22,84,4.136363636363637,8,4.444444444444445,4.444444444444445
27,106,4.333333333333333,8,5.294117647058823,3.9130434782608696
28,150,4.178571428571429,8,6.55,5.458333333333333
27,100,3.185185185185185,5,5.571428571428571,3.9
27,95,3.5555555555555554,7,5.066666666666666,3.4545454545454546
21,43,1.9523809523809523,4,5.0,2.5
29,54,1.6206896551724137,4,5.0,2.272727272727273
25,45,1.4,2,6.666666666666667,2.0
26,106,3.5384615384615383,7,5.294117647058823,4.285714285714286
27,94,3.2962962962962963,6,4.1875,3.1904761904761907
25,47,2.32,3,6.833333333333333,2.05
25,74,3.88,6,6.0,2.727272727272727
24,41,3.2083333333333335,5,6.0,1.7142857142857142
29,85,3.2758620689655173,6,5.166666666666667,2.48
27,92,3.814814814814815,7,5.176470588235294,3.8260869565217392
26,59,3.8461538461538463,7,5.3,2.409090909090909
23,66,3.260869565217391,6,5.083333333333333,3.210526315789474
16,25,1.3125,2,3.0,1.8
25,39,3.24,5,6.8,1.5454545454545454
27,103,3.185185185185185,6,6.125,4.260869565217392
26,59,3.3846153846153846,5,3.857142857142857,2.4545454545454546
29,81,2.3793103448275863,4,6.5,2.3636363636363638
25,40,3.28,5,7.0,1.5909090909090908
27,58,3.4074074074074074,6,4.416666666666667,2.3043478260869565
24,39,3.25,5,4.25,1.619047619047619
20,28,1.8,4,2.8,1.2727272727272727
26,75,3.3076923076923075,6,5.461538461538462,3.227272727272727
28,116,3.0,5,5.7894736842105265,4.583333333333333
28,115,3.0,5,5.7368421052631575,4.541666666666667
25,74,3.28,6,4.375,3.3333333333333335
16,25,1.3125,2,3.0,1.8
20,53,3.3,6,4.0,2.5
25,61,2.44,4,7.166666666666667,2.6875
25,59,3.36,5,3.6,2.5714285714285716
23,72,3.0869565217391304,5,5.076923076923077,3.473684210526316
27,82,2.259259259259259,5,4.214285714285714,2.95
26,81,2.9615384615384617,6,4.6875,3.409090909090909
23,62,3.739130434782609,7,4.0,2.9473684210526314
23,47,2.6956521739130435,5,3.0833333333333335,2.176470588235294
30,139,3.9,7,6.285714285714286,5.076923076923077
19,34,1.8421052631578947,3,3.3333333333333335,1.8181818181818181
22,36,3.227272727272727,5,3.6666666666666665,1.736842105263158
20,30,1.3,2,4.0,2.0
27,86,3.7777777777777777,7,6.230769230769231,3.5217391304347827
30,106,3.066666666666667,5,6.416666666666667,3.08
24,60,2.7916666666666665,5,3.5714285714285716,2.6315789473684212
29,131,4.413793103448276,8,5.434782608695652,5.0
25,51,2.56,4,5.222222222222222,2.1363636363636362
22,64,2.9545454545454546,6,5.4,3.6
24,69,3.5,6,5.333333333333333,3.2
15,30,1.5333333333333334,2,4.0,2.0
22,63,3.0454545454545454,6,4.538461538461538,3.2777777777777777
24,41,3.375,5,5.0,1.6666666666666667
20,51,3.1,6,4.1,2.9285714285714284
24,78,3.3333333333333335,6,3.6,2.7
27,70,3.3333333333333335,5,4.266666666666667,2.782608695652174
26,94,3.576923076923077,7,5.375,3.909090909090909
23,59,2.9130434782608696,5,3.8461538461538463,2.6315789473684212
25,94,2.88,5,4.631578947368421,4.190476190476191
30,160,4.366666666666666,8,6.333333333333333,5.846153846153846
23,45,3.6956521739130435,6,3.9,1.95
28,96,3.142857142857143,6,5.538461538461538,3.4285714285714284
26,86,3.6923076923076925,6,5.714285714285714,3.6363636363636362
16,33,1.625,3,4.25,1.8888888888888888
23,76,3.260869565217391,6,5.071428571428571,3.736842105263158
24,43,3.4166666666666665,5,5.285714285714286,1.7619047619047619
20,47,2.3,5,4.0,2.6666666666666665
18,41,2.388888888888889,5,3.8333333333333335,1.9166666666666667
26,89,3.3461538461538463,6,5.6,3.8181818181818183
23,54,3.3043478260869565,5,4.0,2.526315789473684
22,64,3.0454545454545454,5,4.461538461538462,3.2222222222222223
29,138,4.344827586206897,8,6.380952380952381,5.36
24,53,3.8333333333333335,6,4.0,2.2857142857142856
18,41,3.2777777777777777,6,3.5555555555555554,2.4615384615384617
29,109,3.0689655172413794,6,5.421052631578948,4.12
25,82,3.04,5,4.625,3.5238095238095237
25,57,2.76,5,3.7142857142857144,2.4761904761904763
25,39,3.24,5,5.666666666666667,1.5454545454545454
18,38,1.9444444444444444,4,4.2,2.3333333333333335
27,76,3.3333333333333335,6,5.538461538461538,3.130434782608696
26,67,2.730769230769231,5,4.076923076923077,2.65
25,65,3.52,6,5.454545454545454,2.857142857142857
28,88,2.6785714285714284,5,4.846153846153846,2.8636363636363638
23,54,2.6956521739130435,5,3.5833333333333335,2.388888888888889
23,65,3.130434782608696,6,4.0,3.1578947368421053
20,32,2.0,4,3.5,1.75
25,36,3.24,5,6.6,1.5
23,47,2.347826086956522,4,5.333333333333333,2.1333333333333333
30,104,3.9,6,6.071428571428571,3.269230769230769
15,27,1.5333333333333334,2,3.25,1.625
25,38,3.28,5,5.666666666666667,1.5454545454545454
20,31,1.35,3,4.25,2.8333333333333335
18,34,1.4444444444444444,3,4.0,2.2857142857142856
25,53,3.36,5,4.083333333333333,2.3333333333333335
25,61,3.56,6,5.6,2.6666666666666665
22,61,2.9545454545454546,6,3.7333333333333334,3.111111111111111
24,36,3.1666666666666665,5,6.6,1.5714285714285714
22,60,2.590909090909091,4,6.0,2.8
28,98,3.75,7,6.133333333333334,3.8333333333333335
25,96,2.84,5,5.294117647058823,4.285714285714286
27,81,3.185185185185185,6,5.769230769230769,3.260869565217391
24,63,3.9166666666666665,7,4.538461538461538,2.95
19,44,2.736842105263158,6,3.076923076923077,2.6666666666666665
24,47,2.75,5,3.0833333333333335,1.9473684210526316
22,54,3.0454545454545454,6,3.5384615384615383,2.5555555555555554
28,97,3.5714285714285716,6,6.2,3.875
24,34,1.4166666666666667,3,3.25,1.4444444444444444
24,28,1.2083333333333333,2,5.0,1.0
25,101,4.04,8,5.470588235294118,4.428571428571429
21,69,3.8095238095238093,7,4.384615384615385,3.1666666666666665
26,88,4.346153846153846,8,5.142857142857143,3.272727272727273
23,48,2.1739130434782608,4,5.0,2.142857142857143
27,54,1.8148148148148149,4,5.8,2.6363636363636362
22,79,3.272727272727273,6,5.6923076923076925,4.111111111111111
26,94,3.5,7,4.176470588235294,3.380952380952381
25,46,2.36,3,6.833333333333333,2.05
27,87,4.074074074074074,7,4.8,3.130434782608696
24,58,2.1666666666666665,4,7.0,2.8
26,72,3.576923076923077,6,4.785714285714286,3.0454545454545454
24,56,2.7916666666666665,5,3.3846153846153846,2.3157894736842106
21,30,1.2857142857142858,2,4.666666666666667,2.3333333333333335
24,34,3.1666666666666665,5,6.2,1.4761904761904763
27,126,3.814814814814815,8,6.315789473684211,5.217391304347826
27,80,1.9259259259259258,4,5.0,3.6666666666666665
27,81,3.4074074074074074,6,5.923076923076923,3.347826086956522
24,62,2.4583333333333335,5,6.0,2.4705882352941178
25,36,3.24,5,6.6,1.5
20,43,2.9,5,5.166666666666667,2.066666666666667
28,76,3.0357142857142856,6,4.384615384615385,2.4782608695652173
27,86,3.888888888888889,7,5.785714285714286,3.5217391304347827
28,90,2.7857142857142856,5,4.2,2.739130434782609
25,38,3.28,5,7.0,1.5909090909090908
27,96,3.4444444444444446,7,5.3125,3.6956521739130435
27,94,4.037037037037037,8,4.823529411764706,3.5652173913043477
22,65,3.1363636363636362,7,4.166666666666667,2.7777777777777777
25,37,3.24,5,6.8,1.5454545454545454
30,113,4.066666666666666,7,6.4,3.6923076923076925
24,63,2.75,5,3.7142857142857144,2.736842105263158
27,90,3.4444444444444446,6,5.0,3.6956521739130435
23,33,3.217391304347826,5,6.0,1.5
20,81,3.4,6,4.4375,4.4375
30,123,3.966666666666667,7,5.0,4.423076923076923
24,60,2.9166666666666665,5,3.642857142857143,2.55
28,81,3.4285714285714284,6,5.9,2.5652173913043477
24,70,3.3333333333333335,6,4.4,3.3
24,49,2.75,5,3.25,2.0526315789473686
24,81,2.8333333333333335,5,4.166666666666667,3.75
26,71,2.8076923076923075,5,5.0,2.9545454545454546
21,48,2.4285714285714284,4,3.3076923076923075,2.5294117647058822
30,111,4.033333333333333,7,6.6875,4.115384615384615
24,31,1.3333333333333333,2,2.6666666666666665,1.0
23,27,1.2173913043478262,2,5.0,1.0
18,45,3.5,6,3.888888888888889,2.5
27,100,3.8518518518518516,7,4.947368421052632,4.086956521739131
23,52,2.260869565217391,4,5.0,2.2222222222222223
26,64,3.3846153846153846,5,4.214285714285714,2.6818181818181817
22,51,2.6818181818181817,5,3.4545454545454546,2.235294117647059
26,100,2.9615384615384617,5,4.947368421052632,4.2727272727272725
26,92,3.6923076923076925,6,4.733333333333333,3.380952380952381
25,48,2.76,5,6.142857142857143,2.15
25,76,3.96,7,4.642857142857143,2.9545454545454546
24,40,3.2083333333333335,5,5.833333333333333,1.6666666666666667
19,41,2.6842105263157894,5,3.75,2.142857142857143
27,76,2.5925925925925926,5,5.0,2.619047619047619
27,89,3.888888888888889,7,5.928571428571429,3.608695652173913
26,79,2.5,5,4.416666666666667,2.789473684210526
24,39,3.2083333333333335,5,5.666666666666667,1.619047619047619
28,87,2.607142857142857,6,5.636363636363637,3.6470588235294117
30,132,4.2,8,5.9523809523809526,4.8076923076923075
23,57,2.652173913043478,5,4.1,2.2777777777777777
25,39,3.24,5,6.8,1.5454545454545454
30,102,3.3333333333333335,6,4.875,3.0
29,98,3.9655172413793105,7,6.2,3.72
27,103,3.111111111111111,6,4.85,4.217391304347826
31,163,4.451612903225806,8,6.2,5.7407407407407405
24,40,3.25,5,4.375,1.6666666666666667
21,29,1.619047619047619,3,3.25,1.1818181818181819
24,91,3.9166666666666665,7,4.470588235294118,3.8
27,117,3.037037037037037,6,5.842105263157895,4.826086956521739
25,40,3.28,5,5.0,1.5909090909090908
25,74,4.04,7,4.857142857142857,3.090909090909091
24,47,3.625,6,4.1,1.9523809523809523
29,98,3.1724137931034484,6,5.142857142857143,3.6
27,82,3.7037037037037037,7,5.0,3.260869565217391
25,50,3.28,6,4.5,2.142857142857143
22,62,3.272727272727273,6,5.090909090909091,3.111111111111111
25,44,3.36,5,5.571428571428571,1.7727272727272727
28,100,3.0714285714285716,6,5.615384615384615,3.8421052631578947
26,108,3.6923076923076925,7,5.368421052631579,4.636363636363637
25,69,3.68,7,4.5,3.0
15,28,1.4666666666666666,2,3.25,1.8571428571428572
22,41,2.090909090909091,3,5.8,1.8125
24,46,3.8333333333333335,6,4.444444444444445,1.9047619047619047
30,114,4.366666666666666,8,6.466666666666667,3.730769230769231
24,72,3.2916666666666665,6,4.666666666666667,2.9473684210526314
24,57,3.5,5,5.1,2.4285714285714284
29,107,3.413793103448276,7,4.705882352941177,3.8095238095238093
30,152,4.2,8,6.904761904761905,5.576923076923077
24,77,2.9166666666666665,6,4.3076923076923075,2.9473684210526314
22,57,3.590909090909091,7,3.7142857142857144,2.736842105263158
28,99,4.0,6,6.833333333333333,3.28
23,66,3.6956521739130435,7,3.8666666666666667,2.9
21,47,2.6666666666666665,5,3.7,2.466666666666667
27,90,3.037037037037037,6,5.538461538461538,3.272727272727273
27,85,3.2962962962962963,6,4.764705882352941,3.5217391304347827
29,86,2.896551724137931,5,6.1,2.652173913043478
24,41,3.25,5,7.0,1.6666666666666667
31,106,3.3870967741935485,6,6.0,3.230769230769231
29,96,3.9655172413793105,7,6.066666666666666,3.64
27,102,3.0,6,4.571428571428571,4.173913043478261
24,40,3.25,5,4.25,1.619047619047619
27,88,2.4074074074074074,5,6.3,3.9375
30,126,4.133333333333334,8,5.714285714285714,4.615384615384615
24,73,3.0416666666666665,5,4.785714285714286,3.35
24,38,3.25,5,4.25,1.619047619047619
31,107,3.2903225806451615,6,5.666666666666667,3.269230769230769
27,68,3.4074074074074074,6,4.2,2.739130434782609
24,58,2.1666666666666665,4,5.714285714285714,2.6666666666666665
22,62,3.0454545454545454,6,3.8666666666666667,3.2222222222222223
29,111,4.0,7,6.0588235294117645,4.12
23,35,3.1739130434782608,5,4.571428571428571,1.6
26,71,4.115384615384615,7,5.545454545454546,2.652173913043478
24,40,3.25,5,4.625,1.7619047619047619
27,90,2.5185185185185186,5,7.222222222222222,3.823529411764706
27,68,3.4814814814814814,6,4.133333333333334,2.6956521739130435
24,52,3.5,6,5.222222222222222,2.35
23,61,3.130434782608696,6,4.230769230769231,2.8947368421052633
25,37,3.28,5,6.8,1.5454545454545454
21,33,2.0952380952380953,5,3.8,1.7272727272727273
19,34,1.4736842105263157,3,3.0,1.875
26,75,3.6538461538461537,6,5.384615384615385,3.1818181818181817
26,97,3.6923076923076925,7,4.7368421052631575,4.090909090909091
21,45,1.9523809523809523,3,6.2,2.3846153846153846
25,78,2.6,5,4.714285714285714,3.142857142857143
25,81,2.96,5,3.9473684210526314,3.5714285714285716
23,44,2.5652173913043477,4,4.555555555555555,2.05
28,91,2.5357142857142856,5,4.333333333333333,3.0952380952380953
28,110,3.9642857142857144,8,5.777777777777778,4.333333333333333
22,53,2.6818181818181817,5,3.6363636363636362,2.3529411764705883
23,34,3.130434782608696,5,5.166666666666667,1.55
22,65,3.6818181818181817,7,4.538461538461538,3.2777777777777777
20,43,2.15,4,4.833333333333333,2.4166666666666665
23,37,3.1739130434782608,5,4.25,1.7
26,83,3.769230769230769,7,5.266666666666667,3.590909090909091
27,67,3.7037037037037037,6,5.545454545454546,2.652173913043478
25,78,3.32,6,4.933333333333334,3.5238095238095237
16,29,1.4375,2,3.25,1.8571428571428572
23,33,3.130434782608696,5,6.0,1.5
27,101,3.185185185185185,6,6.0625,4.217391304347826
28,96,3.6785714285714284,7,6.0,3.75
23,56,2.652173913043478,5,3.5384615384615383,2.5555555555555554
28,84,3.5714285714285716,6,5.384615384615385,2.9166666666666665
22,63,3.1818181818181817,6,3.933333333333333,3.2777777777777777
23,34,3.1739130434782608,5,6.2,1.55
27,84,2.5555555555555554,5,5.181818181818182,3.3529411764705883
30,104,3.6,6,5.555555555555555,3.8461538461538463
24,35,3.1666666666666665,5,6.4,1.5238095238095237
27,97,3.5555555555555554,7,4.235294117647059,3.130434782608696
28,70,3.5,6,3.823529411764706,2.7083333333333335
25,78,3.16,5,5.285714285714286,3.5238095238095237
24,36,3.2083333333333335,5,6.6,1.5714285714285714
27,131,3.888888888888889,8,6.578947368421052,5.434782608695652
27,81,2.3333333333333335,5,4.909090909090909,3.6
17,28,1.3529411764705883,2,3.6666666666666665,1.8333333333333333
27,87,3.4444444444444446,6,5.1875,3.608695652173913
25,76,3.28,6,4.8,3.4285714285714284
23,34,3.130434782608696,5,6.2,1.55
28,95,3.1785714285714284,6,4.9411764705882355,3.5
28,93,3.7857142857142856,7,5.933333333333334,3.7083333333333335
23,58,3.347826086956522,6,3.7857142857142856,2.789473684210526
15,25,1.4,2,2.5,1.6666666666666667
22,62,3.0454545454545454,5,4.230769230769231,3.0555555555555554
23,33,3.217391304347826,5,6.0,1.5
29,98,4.275862068965517,8,6.384615384615385,3.32
17,35,2.3529411764705883,4,3.6,1.5
22,40,1.9090909090909092,3,5.2,1.7333333333333334
28,105,4.357142857142857,8,5.0,4.166666666666667
22,31,3.1818181818181817,5,5.6,1.4736842105263157
27,67,3.5185185185185186,6,3.875,2.6956521739130435
26,58,2.269230769230769,5,3.6,2.1176470588235294
23,40,1.826086956521739,3,6.0,1.6
23,34,3.1739130434782608,5,5.166666666666667,1.55
29,85,2.3793103448275863,5,5.090909090909091,3.5
28,116,4.035714285714286,8,5.7894736842105265,4.583333333333333
22,65,3.0454545454545454,5,4.285714285714286,3.3333333333333335
23,46,2.5217391304347827,4,4.777777777777778,2.15
27,85,2.888888888888889,5,4.642857142857143,2.9545454545454546
26,64,3.4615384615384617,6,3.933333333333333,2.6818181818181817
23,58,2.5217391304347827,5,5.428571428571429,2.235294117647059
22,65,3.0454545454545454,6,4.357142857142857,3.388888888888889
23,33,3.217391304347826,5,6.0,1.5
28,96,3.6785714285714284,7,5.294117647058823,3.75
25,78,3.16,5,5.214285714285714,3.4761904761904763
23,38,3.1739130434782608,5,4.125,1.65
23,83,3.739130434782609,7,4.6875,3.9473684210526314
20,42,1.7,3,4.6,2.3
26,62,3.3076923076923075,5,4.071428571428571,2.590909090909091
24,62,2.6666666666666665,5,3.6923076923076925,2.6666666666666665
25,80,3.44,7,5.6923076923076925,3.5238095238095237
23,55,3.4782608695652173,6,3.8461538461538463,2.6315789473684212
29,117,3.9310344827586206,7,7.0625,4.52
25,33,1.32,2,3.3333333333333335,1.25
24,28,1.2083333333333333,2,5.0,1.0
18,47,3.5,6,4.0,2.5714285714285716
27,105,3.888888888888889,7,5.2105263157894735,4.304347826086956
23,56,2.260869565217391,4,5.375,2.388888888888889
26,68,3.423076923076923,6,3.7058823529411766,2.8636363636363638
22,57,2.590909090909091,5,3.8181818181818183,2.625
26,98,3.1153846153846154,6,4.842105263157895,4.181818181818182
26,102,4.153846153846154,8,4.2631578947368425,3.6818181818181817
25,53,3.0,5,5.875,2.35
26,80,4.115384615384615,7,5.3076923076923075,3.1363636363636362
31,127,4.032258064516129,7,6.533333333333333,3.769230769230769
26,74,3.3846153846153846,6,4.25,3.090909090909091
27,63,2.185185185185185,4,5.125,2.2777777777777777
29,182,4.241379310344827,8,6.6923076923076925,6.96
24,46,3.625,6,4.0,1.9047619047619047
29,83,3.896551724137931,7,6.333333333333333,3.04
32,185,4.4375,8,6.695652173913044,5.5
25,71,3.36,5,4.333333333333333,3.0952380952380953
27,69,2.5185185185185186,5,4.166666666666667,2.6315789473684212
30,175,4.366666666666666,8,6.461538461538462,6.461538461538462
24,54,3.7916666666666665,6,4.8,2.2857142857142856
28,93,3.2857142857142856,7,4.928571428571429,3.1363636363636362
27,73,3.3333333333333335,5,4.642857142857143,2.8260869565217392
22,47,2.1818181818181817,4,4.571428571428571,2.1333333333333333
24,44,3.4166666666666665,5,5.571428571428571,1.8571428571428572
25,78,3.04,6,4.933333333333334,3.5238095238095237
22,43,2.5454545454545454,4,4.625,2.176470588235294
23,63,3.0869565217391304,6,3.933333333333333,3.1052631578947367
22,63,3.090909090909091,6,4.230769230769231,3.235294117647059
27,75,2.6296296296296298,4,6.888888888888889,3.1
29,111,2.6551724137931036,6,4.7894736842105265,3.7916666666666665
25,57,2.8,5,3.7142857142857144,2.4761904761904763
22,43,1.9545454545454546,3,5.8,2.4166666666666665
21,37,1.9047619047619047,3,4.6,2.090909090909091
29,123,4.0,7,7.0,4.76
21,40,2.142857142857143,4,3.625,2.0714285714285716
25,43,3.36,5,5.428571428571429,1.7272727272727273
21,42,1.8571428571428572,4,4.8,2.4
27,62,3.3333333333333335,5,4.142857142857143,2.5217391304347827
26,83,3.1153846153846154,5,4.866666666666666,3.3181818181818183
28,79,2.8214285714285716,5,6.666666666666667,2.727272727272727
24,56,3.375,6,3.642857142857143,2.55
18,36,1.9444444444444444,3,4.5,1.8
21,59,3.238095238095238,6,3.466666666666667,3.0588235294117645
19,41,3.1052631578947367,6,3.888888888888889,2.3333333333333335
28,117,3.75,7,5.875,3.9166666666666665
30,109,4.266666666666667,7,7.142857142857143,3.8461538461538463
23,82,3.347826086956522,7,4.0588235294117645,3.6315789473684212
15,33,2.2666666666666666,4,3.0,1.8
21,37,2.0,3,3.857142857142857,1.9285714285714286
25,41,3.32,5,5.285714285714286,1.6818181818181819
27,127,3.4074074074074074,7,6.05,5.260869565217392
27,81,2.259259259259259,5,5.4,3.6
28,86,3.9285714285714284,7,5.785714285714286,3.375
23,78,3.260869565217391,7,4.375,3.6842105263157894
25,39,3.28,5,7.0,1.5909090909090908
27,66,2.0,4,6.571428571428571,3.2857142857142856
26,83,3.5384615384615383,6,6.416666666666667,3.5
21,41,1.9523809523809523,3,5.2,2.0
26,89,2.769230769230769,5,5.2,3.5454545454545454
24,80,2.875,5,4.111111111111111,3.7
23,63,3.0869565217391304,6,4.384615384615385,3.0
26,96,2.8846153846153846,5,4.5,4.090909090909091
23,36,3.1739130434782608,5,4.714285714285714,1.65
19,39,2.0,3,5.0,1.8181818181818181
26,77,3.6538461538461537,6,5.461538461538462,3.227272727272727
22,57,2.772727272727273,5,3.7142857142857144,2.888888888888889
22,33,3.1363636363636362,5,4.285714285714286,1.5789473684210527
24,40,1.5833333333333333,3,7.0,1.75
18,34,1.4444444444444444,3,4.0,2.2857142857142856
26,70,3.6153846153846154,6,5.0,2.9545454545454546
27,86,2.6666666666666665,5,4.285714285714286,2.857142857142857
24,57,2.7916666666666665,5,3.357142857142857,2.473684210526316
25,70,2.84,5,5.333333333333333,3.0476190476190474
23,43,2.782608695652174,5,3.090909090909091,1.8888888888888888
19,29,1.5263157894736843,3,4.0,2.0
22,40,2.5,4,4.625,1.9473684210526316
23,95,3.869565217391304,8,5.866666666666666,4.4
28,79,1.8928571428571428,4,4.7272727272727275,3.466666666666667
26,76,3.3461538461538463,6,5.142857142857143,3.272727272727273
23,36,3.130434782608696,5,5.5,1.65
27,100,3.6666666666666665,7,4.588235294117647,3.391304347826087
28,74,3.5,6,3.8333333333333335,2.875
25,75,3.08,5,5.461538461538462,3.380952380952381
28,104,2.607142857142857,5,4.5,3.5217391304347827
27,91,3.259259259259259,6,5.666666666666667,3.6956521739130435
23,45,2.6956521739130435,5,3.272727272727273,2.0
20,25,1.35,2,5.5,1.5714285714285714
24,36,3.2083333333333335,5,5.5,1.5714285714285714
28,94,4.178571428571429,8,5.714285714285714,3.3333333333333335
23,56,2.782608695652174,5,5.25,2.3333333333333335
24,36,3.2083333333333335,5,5.5,1.5714285714285714
28,133,4.071428571428571,8,6.35,5.291666666666667
28,92,3.857142857142857,7,5.5,3.6666666666666665
25,61,2.76,5,3.769230769230769,2.45
23,33,3.130434782608696,5,6.0,1.5
27,125,3.888888888888889,8,6.2631578947368425,5.173913043478261
29,98,3.8620689655172415,7,5.411764705882353,3.68
23,44,1.9130434782608696,3,5.166666666666667,1.9375
23,66,3.217391304347826,6,4.133333333333334,3.263157894736842
23,63,3.0,5,4.461538461538462,3.0526315789473686
29,129,4.241379310344827,8,6.526315789473684,4.96
24,33,1.7916666666666667,4,3.0,1.25
23,28,1.2608695652173914,2,6.0,1.0
18,25,1.4444444444444444,3,2.6666666666666665,1.1428571428571428
23,86,4.0,7,5.133333333333334,4.052631578947368
23,60,2.9565217391304346,5,5.25,2.1
21,54,3.761904761904762,7,3.5714285714285716,2.9411764705882355
23,88,3.5217391304347827,6,4.4375,3.736842105263158
23,73,3.260869565217391,6,5.333333333333333,3.5555555555555554
22,91,3.3636363636363638,7,5.0625,4.5
27,95,3.037037037037037,7,4.25,3.5789473684210527
25,46,2.32,3,5.857142857142857,2.05
31,161,4.354838709677419,8,6.428571428571429,5.0
23,70,3.260869565217391,6,5.0,3.4210526315789473
30,145,4.066666666666666,7,6.6,5.076923076923077
15,28,2.066666666666667,4,2.6,1.4444444444444444
16,32,2.125,4,3.2,1.6
25,39,3.24,5,6.8,1.5454545454545454
21,29,1.7619047619047619,4,2.8,1.2727272727272727
27,81,3.4074074074074074,6,5.5,3.347826086956522
24,36,3.2083333333333335,5,6.2,1.4761904761904763
27,87,2.6666666666666665,6,4.571428571428571,4.0
26,61,3.5384615384615383,6,3.9285714285714284,2.5
23,56,2.6956521739130435,5,3.75,2.5
21,29,1.2857142857142858,2,5.0,1.6666666666666667
30,149,3.933333333333333,7,6.454545454545454,5.461538461538462
21,40,2.0476190476190474,4,4.166666666666667,1.7857142857142858
25,39,3.28,5,5.666666666666667,1.5454545454545454
28,104,3.357142857142857,6,5.294117647058823,3.75
30,126,4.333333333333333,8,6.05,4.653846153846154
27,101,3.111111111111111,6,4.75,4.130434782608695
29,131,4.413793103448276,8,5.636363636363637,4.96
25,53,2.84,4,5.222222222222222,2.1363636363636362
24,94,3.9166666666666665,8,5.0588235294117645,4.3
28,90,3.0357142857142856,7,4.642857142857143,3.4210526315789473
25,84,3.72,7,5.133333333333334,3.6666666666666665
20,65,3.15,7,4.166666666666667,3.125
20,34,1.7,3,4.0,2.0
27,106,3.185185185185185,6,6.066666666666666,3.9565217391304346
24,40,3.4166666666666665,5,5.142857142857143,1.7142857142857142
25,91,3.92,7,5.375,4.095238095238095
27,64,3.962962962962963,7,5.0,2.391304347826087
24,79,3.2916666666666665,6,4.625,3.7
16,31,1.5,2,3.75,1.875
25,61,3.0,5,5.777777777777778,2.4761904761904763
23,48,3.391304347826087,5,4.2,2.1
24,41,1.6666666666666667,3,7.333333333333333,1.8333333333333333
17,38,2.0,4,4.4,2.4444444444444446
24,72,3.6666666666666665,6,5.153846153846154,3.35
23,54,2.0434782608695654,4,5.5,2.5384615384615383
24,49,3.8333333333333335,6,4.4,2.0952380952380953
29,103,4.344827586206897,8,6.0,3.6
28,101,3.5,6,5.705882352941177,4.041666666666667
25,47,1.64,3,3.8333333333333335,1.5333333333333334
25,50,2.12,3,3.857142857142857,1.5
18,41,3.1666666666666665,6,3.4,2.6153846153846154
24,87,2.7916666666666665,5,5.916666666666667,3.736842105263158
25,121,3.52,6,6.647058823529412,5.136363636363637
20,54,2.5,4,5.125,2.5625
24,88,3.875,7,4.823529411764706,3.9047619047619047
21,57,3.4285714285714284,7,4.0,3.0588235294117645
24,103,3.5416666666666665,7,5.411764705882353,4.842105263157895
26,64,2.3076923076923075,4,5.428571428571429,2.235294117647059
24,82,3.2083333333333335,6,5.846153846153846,3.8
28,99,2.892857142857143,6,4.352941176470588,3.8947368421052633
24,46,2.25,3,5.714285714285714,2.1052631578947367
21,58,2.380952380952381,4,4.1,3.1538461538461537
30,106,4.066666666666666,7,7.0,3.769230769230769
23,51,2.391304347826087,4,6.0,2.25
23,60,2.782608695652174,5,4.0,2.9473684210526314
29,133,4.379310344827586,8,6.35,5.08
24,39,3.2083333333333335,5,5.666666666666667,1.619047619047619
20,30,1.3,2,5.333333333333333,2.6666666666666665
28,88,3.75,6,6.384615384615385,3.4583333333333335
24,35,3.1666666666666665,5,6.2,1.4761904761904763
27,57,3.4814814814814814,6,4.7272727272727275,2.260869565217391
17,31,1.8823529411764706,3,3.5,1.5555555555555556
24,61,3.5416666666666665,6,5.0,2.75
24,55,2.5833333333333335,5,3.5833333333333335,2.388888888888889
20,33,1.4,3,4.75,2.7142857142857144
30,124,4.4,8,5.9,4.538461538461538
24,35,3.2083333333333335,5,5.333333333333333,1.5238095238095237
27,51,3.5555555555555554,6,4.181818181818182,2.0
26,59,2.1923076923076925,5,4.333333333333333,2.4375
22,36,1.7272727272727273,3,6.666666666666667,1.6666666666666667
24,34,3.1666666666666665,5,6.2,1.4761904761904763
27,102,3.185185185185185,6,6.125,4.260869565217392
28,90,3.7857142857142856,7,5.375,3.5833333333333335
26,80,3.269230769230769,5,5.428571428571429,3.4545454545454546
24,34,3.2083333333333335,5,6.2,1.4761904761904763
27,132,3.8518518518518516,8,6.631578947368421,5.478260869565218
26,76,2.3076923076923075,5,5.555555555555555,3.3333333333333335
28,91,3.4642857142857144,6,5.117647058823529,3.625
25,36,3.24,5,6.6,1.5
27,136,3.814814814814815,8,6.5,5.6521739130434785
17,32,1.4705882352941178,3,3.75,2.142857142857143
27,90,3.888888888888889,7,5.375,3.739130434782609
27,104,2.925925925925926,5,5.764705882352941,4.260869565217392
27,96,2.7037037037037037,5,5.0,3.4782608695652173
23,33,3.130434782608696,5,6.0,1.5
28,85,2.4642857142857144,5,6.333333333333333,3.3529411764705883
29,103,3.5172413793103448,6,5.5,3.96
16,29,1.375,2,4.333333333333333,2.1666666666666665
26,77,3.3461538461538463,6,4.5625,3.3181818181818183
25,69,3.8,7,4.266666666666667,3.0476190476190474
25,54,2.64,5,5.428571428571429,2.0
28,124,4.107142857142857,8,6.0,5.0
24,44,2.5,4,4.444444444444445,1.9047619047619047
20,35,2.15,4,3.5714285714285716,2.0833333333333335
29,111,3.9310344827586206,7,4.7894736842105265,3.64
15,26,1.5333333333333334,2,3.0,1.5
23,43,3.260869565217391,5,4.875,1.95
30,102,4.066666666666666,7,6.538461538461538,3.269230769230769
22,80,3.3636363636363638,7,3.8125,3.388888888888889
15,27,1.5333333333333334,2,3.25,1.625
23,36,3.0869565217391304,5,6.4,1.6
23,54,2.5217391304347827,4,6.666666666666667,2.6666666666666665
28,99,3.9285714285714284,7,5.166666666666667,3.875
16,29,1.5625,2,3.75,1.6666666666666667
24,74,3.125,5,4.533333333333333,3.4
25,92,2.84,5,4.777777777777778,4.095238095238095
23,33,3.217391304347826,5,6.0,1.5
28,77,2.25,5,5.3,3.3125
25,71,3.32,6,4.785714285714286,3.1904761904761907
16,29,1.4375,2,3.25,1.8571428571428572
16,29,1.4375,2,3.25,1.8571428571428572
23,63,2.9565217391304346,5,4.833333333333333,3.0526315789473686
25,61,2.8,6,3.909090909090909,2.15
19,42,2.526315789473684,5,3.1666666666666665,2.533333333333333
21,43,2.6666666666666665,5,2.75,2.0625
23,66,2.869565217391304,5,3.3333333333333335,3.1578947368421053
21,30,3.142857142857143,5,4.5,1.5
27,74,2.0,4,5.222222222222222,2.9375
26,62,3.4615384615384617,6,4.071428571428571,2.590909090909091
27,102,3.111111111111111,6,4.8,4.173913043478261
25,79,2.44,5,4.615384615384615,3.0
22,33,3.227272727272727,5,5.0,1.5789473684210527
27,68,2.1481481481481484,4,5.0,3.0
25,53,3.36,5,3.6923076923076925,2.2857142857142856
23,45,1.9130434782608696,3,5.166666666666667,1.9375
21,60,3.1904761904761907,6,4.0,3.2941176470588234
22,32,3.227272727272727,5,4.833333333333333,1.5263157894736843
27,129,3.925925925925926,8,6.473684210526316,5.3478260869565215
27,84,2.4074074074074074,5,4.071428571428571,3.5625
26,79,3.6153846153846154,7,5.0,3.409090909090909
24,66,3.4583333333333335,7,4.133333333333334,3.1
22,33,3.227272727272727,5,6.0,1.5789473684210527
20,38,2.0,4,3.857142857142857,2.25
24,69,3.25,6,5.0,3.25
23,54,3.3043478260869565,5,4.0,2.526315789473684
16,33,2.5625,4,3.1666666666666665,1.5833333333333333
22,51,3.5454545454545454,6,3.5384615384615383,2.5555555555555554
23,81,3.391304347826087,7,4.666666666666667,3.6842105263157894
19,49,2.8421052631578947,5,3.8181818181818183,2.8
28,93,3.5,6,6.357142857142857,3.7083333333333335
23,30,1.3478260869565217,2,3.6666666666666665,1.375
23,26,1.173913043478261,2,4.0,1.0
27,106,4.037037037037037,7,6.133333333333334,4.0
26,122,4.1923076923076925,8,5.684210526315789,4.909090909090909
22,72,3.227272727272727,6,3.7857142857142856,2.9444444444444446
27,161,4.074074074074074,7,7.473684210526316,6.173913043478261
26,69,2.076923076923077,4,2.8666666666666667,2.5294117647058822
26,72,2.8461538461538463,5,5.875,2.238095238095238
21,45,2.761904761904762,4,4.625,2.176470588235294
27,80,3.185185185185185,6,4.416666666666667,2.409090909090909
23,91,3.347826086956522,6,6.0,4.421052631578948
26,118,3.923076923076923,7,5.111111111111111,4.181818181818182
25,50,2.32,3,6.285714285714286,2.2
25,116,3.92,8,5.684210526315789,5.142857142857143
27,114,4.296296296296297,8,5.45,4.739130434782608
16,30,1.9375,3,3.5,1.5555555555555556
16,33,2.125,4,2.8333333333333335,1.7
30,165,4.366666666666666,8,6.739130434782608,5.961538461538462
23,46,3.6956521739130435,6,4.1,2.05
19,43,2.0,4,3.0,2.7
28,117,4.285714285714286,8,6.588235294117647,4.666666666666667
29,140,3.586206896551724,7,6.65,5.32
16,36,1.875,4,3.5,2.625
26,107,4.076923076923077,8,4.944444444444445,4.045454545454546
28,103,3.5714285714285716,6,5.8125,3.875
25,72,3.2,6,4.25,3.238095238095238
17,33,1.5294117647058822,3,4.25,2.125
24,65,3.2083333333333335,6,3.8125,3.05
24,40,3.25,5,4.375,1.6666666666666667
28,64,3.5,6,5.0,2.5
17,32,1.8823529411764706,3,4.25,1.8888888888888888
17,34,1.8823529411764706,3,4.75,2.111111111111111
24,37,3.3333333333333335,5,6.4,1.5238095238095237
23,69,3.391304347826087,7,5.0,3.4210526315789473
26,68,2.6923076923076925,5,4.7272727272727275,2.6
22,40,1.9545454545454546,3,5.0,2.0833333333333335
27,81,3.1481481481481484,6,5.769230769230769,3.260869565217391
23,49,2.652173913043478,5,3.4166666666666665,2.2777777777777777
21,44,2.6666666666666665,5,3.5454545454545454,2.4375
28,124,3.7142857142857144,6,6.157894736842105,4.875
21,37,2.142857142857143,4,3.7142857142857144,1.8571428571428572
25,37,3.24,5,6.6,1.5
27,87,3.4814814814814814,7,5.4,3.5217391304347827
29,132,4.0344827586206895,7,6.473684210526316,4.92
24,40,3.2083333333333335,5,5.666666666666667,1.619047619047619
27,130,3.4444444444444446,7,6.526315789473684,5.391304347826087
28,90,2.3214285714285716,5,6.4,4.0
26,78,3.3846153846153846,6,5.285714285714286,3.3636363636363638
25,38,3.28,5,5.666666666666667,1.5454545454545454
26,87,2.4615384615384617,5,6.3,3.9375
28,98,3.4285714285714284,6,4.947368421052632,3.9166666666666665
26,81,3.3461538461538463,6,4.8125,3.5
17,34,2.0,4,2.8333333333333335,1.7
29,108,4.172413793103448,8,6.117647058823529,4.16
24,48,2.5833333333333335,4,4.888888888888889,2.0952380952380953
22,84,4.0,8,5.2,4.105263157894737
29,95,2.413793103448276,5,5.666666666666667,4.0
27,83,3.3703703703703702,6,5.266666666666667,3.4347826086956523
16,28,1.375,2,4.0,2.0
25,78,3.32,6,4.625,3.5238095238095237
23,33,3.0869565217391304,5,6.0,1.5
27,96,3.6666666666666665,7,4.294117647058823,3.1739130434782608
27,69,3.4074074074074074,5,4.0,2.782608695652174
26,87,3.1153846153846154,5,5.333333333333333,3.6363636363636362
23,34,3.130434782608696,5,5.166666666666667,1.55
31,89,3.161290322580645,5,5.818181818181818,2.4615384615384617
29,95,3.9655172413793105,7,6.0,3.6
23,34,3.130434782608696,5,5.166666666666667,1.55
20,41,1.95,3,5.25,1.9090909090909092
27,84,3.4814814814814814,6,5.571428571428571,3.391304347826087
23,53,2.8260869565217392,5,3.3846153846153846,2.3157894736842106
21,45,2.9047619047619047,6,3.6363636363636362,2.3529411764705883
23,33,3.130434782608696,5,6.0,1.5
27,128,3.7777777777777777,8,6.421052631578948,5.304347826086956
30,102,4.2,8,6.466666666666667,3.730769230769231
22,31,3.1363636363636362,5,5.6,1.4736842105263157
22,59,2.3181818181818183,4,5.285714285714286,2.8461538461538463
29,98,4.0344827586206895,7,6.642857142857143,3.72
16,36,2.25,4,3.0,1.9090909090909092
24,61,3.5416666666666665,6,4.666666666666667,2.8
26,97,3.6923076923076925,7,5.235294117647059,4.045454545454546
16,25,1.5625,2,2.75,1.2222222222222223
22,31,3.1818181818181817,5,5.6,1.4736842105263157
19,33,1.8421052631578947,4,3.8,2.111111111111111
28,86,3.4642857142857144,6,5.857142857142857,3.4166666666666665
27,109,2.888888888888889,5,6.0588235294117645,4.478260869565218
27,80,3.4074074074074074,6,5.428571428571429,3.3043478260869565
16,28,1.375,2,4.0,2.0
29,125,3.7586206896551726,6,6.368421052631579,4.84
23,66,3.0869565217391304,5,4.538461538461538,3.1052631578947367
23,33,3.130434782608696,5,6.0,1.5
26,77,2.3461538461538463,5,5.666666666666667,3.4
25,61,3.44,6,3.7333333333333334,2.6666666666666665
27,101,3.111111111111111,6,4.75,4.130434782608695
30,134,4.5,8,5.863636363636363,4.961538461538462
23,44,2.5217391304347827,4,4.555555555555555,2.05
25,74,3.76,6,5.454545454545454,2.857142857142857
25,54,2.08,4,5.666666666666667,2.2666666666666666
21,35,1.6666666666666667,3,6.666666666666667,1.6666666666666667
25,38,3.24,5,6.6,1.5
25,110,3.96,8,5.473684210526316,4.9523809523809526
30,77,3.566666666666667,6,4.5,2.769230769230769
16,26,1.6875,3,3.3333333333333335,1.4285714285714286
27,111,3.111111111111111,6,5.25,4.565217391304348
25,81,3.4,6,4.75,3.619047619047619
16,25,1.3125,2,3.0,1.8
30,134,3.8666666666666667,7,6.142857142857143,4.961538461538462
23,68,2.9565217391304346,5,4.615384615384615,3.1578947368421053
24,38,3.1666666666666665,5,6.6,1.5714285714285714
23,37,1.391304347826087,2,8.5,1.8888888888888888
26,58,3.3076923076923075,5,3.7857142857142856,2.409090909090909
20,27,1.3,2,6.0,2.0
20,29,1.3,2,3.6666666666666665,1.8333333333333333
21,54,2.7142857142857144,5,3.5714285714285716,2.9411764705882355
16,26,1.375,2,2.5,1.6666666666666667
23,35,3.130434782608696,5,6.0,1.5
27,119,3.962962962962963,8,5.105263157894737,4.217391304347826
28,73,3.5,6,3.7777777777777777,2.8333333333333335
23,70,3.0869565217391304,5,4.714285714285714,3.473684210526316
23,37,3.1739130434782608,5,4.571428571428571,1.6
30,86,2.533333333333333,4,5.636363636363637,2.5833333333333335
28,98,3.9285714285714284,7,5.470588235294118,3.875
27,100,3.111111111111111,6,4.947368421052632,4.086956521739131
23,37,3.1739130434782608,5,4.571428571428571,1.6
23,58,2.391304347826087,4,5.0,2.5
29,102,4.103448275862069,7,6.857142857142857,3.84
25,66,2.68,5,6.428571428571429,2.3684210526315788
22,56,2.727272727272727,5,4.0,2.888888888888889
22,35,3.227272727272727,5,4.285714285714286,1.5789473684210527
23,61,2.5652173913043477,5,5.75,3.066666666666667
17,37,1.6470588235294117,3,4.2,2.3333333333333335
26,84,3.8846153846153846,6,5.2,3.5454545454545454
25,67,2.64,5,5.222222222222222,2.473684210526316
22,35,3.227272727272727,5,4.285714285714286,1.5789473684210527
27,101,3.259259259259259,6,6.0625,4.217391304347826
28,93,2.5,6,4.333333333333333,4.0625
26,96,3.6923076923076925,7,5.111111111111111,4.181818181818182
24,64,3.5,6,3.625,2.9
26,92,2.9615384615384617,5,4.3,3.909090909090909
26,86,2.769230769230769,5,4.857142857142857,3.090909090909091
24,74,2.9166666666666665,6,4.533333333333333,3.4
23,56,2.782608695652174,5,3.8333333333333335,2.5555555555555554
19,27,1.368421052631579,2,4.666666666666667,2.0
30,135,4.333333333333333,8,6.0,4.846153846153846
23,48,2.5217391304347827,4,4.4,2.2
24,98,4.041666666666667,8,5.352941176470588,4.333333333333333
28,115,3.4642857142857144,7,4.944444444444445,4.238095238095238
23,75,3.260869565217391,6,4.375,3.6842105263157894
16,32,1.5,2,4.0,2.0
22,67,3.1818181818181817,6,4.428571428571429,3.4444444444444446
24,49,3.4583333333333335,5,4.777777777777778,2.0476190476190474
27,145,4.0,8,5.863636363636363,5.608695652173913
27,112,4.296296296296297,8,5.944444444444445,4.6521739130434785
32,144,3.34375,6,5.384615384615385,5.0
28,120,4.178571428571429,8,6.105263157894737,4.833333333333333
24,51,3.7083333333333335,6,5.111111111111111,2.1904761904761907
28,133,3.4642857142857144,7,6.35,5.291666666666667
28,102,2.5,5,7.0,4.529411764705882
26,76,3.3461538461538463,6,4.5,3.272727272727273
25,41,3.32,5,6.0,1.6363636363636365
26,90,2.423076923076923,5,6.6,4.125
25,62,3.44,6,4.071428571428571,2.7142857142857144
21,41,2.0,3,5.4,2.25
22,36,1.5909090909090908,3,4.0,2.5
26,78,3.076923076923077,6,5.142857142857143,3.272727272727273
21,54,2.761904761904762,5,3.5714285714285716,2.9411764705882355
16,27,1.5,2,3.0,1.5
24,37,3.25,5,4.857142857142857,1.619047619047619
23,46,2.347826086956522,4,5.0,2.0
31,112,3.967741935483871,6,6.642857142857143,3.4444444444444446
16,28,1.5,2,2.8,1.75
24,37,3.25,5,4.857142857142857,1.619047619047619
28,132,3.5357142857142856,7,6.0,5.25
27,83,2.259259259259259,5,5.6,3.7333333333333334
28,72,3.0357142857142856,5,4.285714285714286,2.5
25,37,3.28,5,6.8,1.5454545454545454
28,110,3.25,6,6.5625,4.375
30,104,4.066666666666666,7,6.1875,3.8076923076923075
23,56,2.6956521739130435,5,3.8333333333333335,2.5555555555555554
28,103,3.9285714285714284,7,6.6,4.125
24,35,1.4166666666666667,3,3.0,1.3333333333333333
26,78,3.8846153846153846,6,5.333333333333333,2.909090909090909
25,60,2.24,5,5.857142857142857,2.5625
20,32,1.75,3,6.333333333333333,1.7272727272727273
26,59,3.3846153846153846,5,4.7,2.0434782608695654
30,94,3.3,6,5.833333333333333,2.6923076923076925
29,95,3.9655172413793105,7,5.625,3.6
29,80,2.896551724137931,5,6.625,2.3043478260869565
24,42,3.2083333333333335,5,5.285714285714286,1.7619047619047619
22,32,1.8181818181818181,4,3.2,1.4545454545454546
27,70,3.0,5,4.846153846153846,2.739130434782609
24,42,3.25,5,5.142857142857143,1.7142857142857142
19,41,2.0,3,5.5,2.0
25,52,3.36,5,3.9166666666666665,2.238095238095238
29,81,2.896551724137931,5,6.0,2.347826086956522
30,151,4.366666666666666,8,6.083333333333333,5.615384615384615
24,38,3.25,5,4.857142857142857,1.619047619047619
27,51,3.4074074074074074,6,4.181818181818182,2.0
26,85,3.1153846153846154,5,5.571428571428571,3.5454545454545454
24,36,3.25,5,4.714285714285714,1.5714285714285714
27,105,3.6666666666666665,7,4.526315789473684,3.739130434782609
29,112,3.8620689655172415,7,5.3,4.24
16,25,1.5625,3,2.25,1.5
16,33,1.875,3,4.25,1.8888888888888888
25,38,3.28,5,7.0,1.5909090909090908
26,48,3.4615384615384617,6,3.909090909090909,1.9545454545454546
26,82,3.1153846153846154,5,5.846153846153846,3.4545454545454546
25,38,3.32,5,5.0,1.5909090909090908
20,40,1.55,3,5.0,2.2222222222222223
26,81,3.6153846153846154,7,5.133333333333334,3.5
26,65,3.6538461538461537,6,5.9,2.6818181818181817
25,77,3.32,6,4.866666666666666,3.4761904761904763
16,27,1.375,2,3.6666666666666665,1.8333333333333333
21,58,3.142857142857143,6,3.857142857142857,3.176470588235294
23,49,2.4782608695652173,5,2.923076923076923,2.235294117647059
20,31,1.7,3,4.5,1.6363636363636365
23,33,3.130434782608696,5,6.0,1.5
27,53,3.5185185185185186,6,3.4285714285714284,2.0869565217391304
20,28,1.3,2,4.333333333333333,2.1666666666666665
24,71,3.25,6,4.4,3.3
29,111,4.448275862068965,8,5.526315789473684,4.2
22,38,2.5,4,4.375,1.8421052631578947
26,81,3.6538461538461537,6,5.5,2.869565217391304
24,38,3.2083333333333335,5,7.0,1.6666666666666667
27,67,2.1481481481481484,4,5.875,3.1333333333333333
26,57,3.3846153846153846,5,3.7142857142857144,2.3636363636363638
25,59,2.56,5,4.777777777777778,2.15
24,36,3.3333333333333335,5,6.6,1.5714285714285714
26,87,3.769230769230769,7,5.1875,3.772727272727273
26,67,2.8076923076923075,5,3.769230769230769,2.3333333333333335
28,119,3.0714285714285716,6,5.947368421052632,4.708333333333333
26,89,3.730769230769231,7,5.533333333333333,3.772727272727273
25,83,2.96,5,4.052631578947368,3.6666666666666665
17,33,2.2941176470588234,4,3.2,1.3333333333333333
19,46,2.8421052631578947,6,3.230769230769231,2.8
22,31,3.1818181818181817,5,5.6,1.4736842105263157
27,123,3.8518518518518516,8,6.157894736842105,5.086956521739131
27,79,1.8888888888888888,4,4.333333333333333,3.466666666666667
28,90,3.392857142857143,6,5.375,3.5833333333333335
25,76,3.32,6,4.8,3.4285714285714284
23,35,3.260869565217391,5,6.4,1.6
28,74,2.1785714285714284,4,5.444444444444445,3.0625
26,65,2.9615384615384617,5,5.2727272727272725,2.6363636363636362
22,32,3.1818181818181817,5,4.833333333333333,1.5263157894736843
19,37,2.0,3,4.5,1.6363636363636365
25,76,3.76,6,5.384615384615385,3.3333333333333335
25,58,3.6,6,5.3,2.5238095238095237
25,74,2.84,6,4.533333333333333,3.238095238095238
23,52,2.9130434782608696,5,3.5833333333333335,2.263157894736842
19,27,1.368421052631579,2,4.666666666666667,2.0
22,31,3.1818181818181817,5,5.6,1.4736842105263157
24,65,2.6666666666666665,5,5.333333333333333,3.0
26,62,3.3846153846153846,5,3.5625,2.590909090909091
27,106,3.111111111111111,6,5.0,4.3478260869565215
25,84,2.44,5,4.2,3.15
22,60,3.1363636363636362,6,4.0,3.111111111111111
16,27,1.5,2,2.75,1.375
28,114,3.892857142857143,7,5.944444444444445,4.458333333333333
22,43,2.5,4,4.444444444444445,2.1052631578947367
24,99,3.9166666666666665,8,5.411764705882353,4.6
28,91,2.75,6,5.0,3.611111111111111
25,83,3.6,7,4.9375,3.761904761904762
24,37,3.25,5,4.857142857142857,1.619047619047619
27,98,3.185185185185185,5,6.2,4.043478260869565
30,118,3.933333333333333,7,5.333333333333333,4.3076923076923075
24,72,3.0416666666666665,5,5.076923076923077,3.3
27,114,3.111111111111111,6,5.4,4.695652173913044
25,86,3.36,6,5.466666666666667,3.9047619047619047
16,30,1.5,2,3.5,1.75
23,43,3.5217391304347827,6,3.8,1.9
27,133,3.962962962962963,8,6.0476190476190474,5.521739130434782
31,125,4.548387096774194,8,6.105263157894737,4.296296296296297
22,43,3.590909090909091,6,3.7,1.9473684210526316
28,92,2.8214285714285716,6,5.833333333333333,3.888888888888889
27,78,3.111111111111111,5,5.461538461538462,3.0869565217391304
22,40,3.3181818181818183,5,3.7777777777777777,1.7894736842105263
28,136,4.142857142857143,8,5.173913043478261,4.958333333333333
30,130,3.966666666666667,7,5.857142857142857,4.730769230769231
24,75,3.2916666666666665,6,5.25,3.3157894736842106
22,69,3.272727272727273,6,4.266666666666667,3.5555555555555554
31,149,4.451612903225806,8,6.173913043478261,5.2592592592592595
29,111,3.3448275862068964,7,5.095238095238095,4.28
29,112,2.6551724137931036,5,4.428571428571429,4.043478260869565
26,85,3.3076923076923075,7,5.266666666666667,3.590909090909091
25,68,2.76,5,4.357142857142857,2.9047619047619047
24,55,2.75,5,3.6153846153846154,2.473684210526316
24,67,3.0,6,3.933333333333333,2.95
24,40,3.2083333333333335,5,5.666666666666667,1.619047619047619
21,40,2.3333333333333335,5,3.375,2.25
26,73,3.6538461538461537,6,5.666666666666667,3.090909090909091
25,78,3.04,5,4.4375,3.380952380952381
26,85,3.1153846153846154,5,4.588235294117647,3.5454545454545454
30,131,4.0,7,6.3,4.846153846153846
21,39,2.142857142857143,4,3.375,1.9285714285714286
25,42,3.32,5,5.285714285714286,1.6818181818181819
28,104,3.6785714285714284,7,5.1875,3.4583333333333335
30,122,3.9,7,6.105263157894737,4.461538461538462
28,112,3.107142857142857,6,4.818181818181818,4.416666666666667
26,87,2.6153846153846154,5,4.733333333333333,3.380952380952381
24,37,3.25,5,5.5,1.5714285714285714
19,35,1.894736842105263,3,4.4,2.2
27,82,3.3703703703703702,6,5.571428571428571,3.391304347826087
24,55,3.3333333333333335,5,3.8461538461538463,2.5
15,27,1.4666666666666666,2,3.0,1.7142857142857142
18,38,2.2777777777777777,4,4.0,1.6666666666666667
29,101,4.0344827586206895,7,6.4,3.84
24,46,2.625,4,4.666666666666667,2.0
19,71,3.3157894736842106,7,3.9411764705882355,4.466666666666667
27,71,3.3333333333333335,5,4.4,2.869565217391304
16,28,1.8125,3,3.0,1.5
24,57,3.375,6,3.7142857142857144,2.6
24,48,2.4583333333333335,5,3.888888888888889,2.0588235294117645
28,74,2.9285714285714284,5,6.333333333333333,2.590909090909091
21,56,2.9523809523809526,6,3.642857142857143,3.0
23,35,3.1739130434782608,5,4.571428571428571,1.6
28,93,3.9642857142857144,7,5.928571428571429,3.4583333333333335
23,50,2.782608695652174,5,5.0,1.9444444444444444
23,37,3.1739130434782608,5,4.714285714285714,1.65
19,66,3.3684210526315788,7,3.588235294117647,4.066666666666666
28,100,3.8214285714285716,7,5.333333333333333,4.0
26,63,2.769230769230769,5,4.0,2.4761904761904763
27,90,3.7777777777777777,7,5.6,3.652173913043478
29,86,3.6206896551724137,6,6.25,3.0
22,59,2.9545454545454546,6,3.9285714285714284,3.0555555555555554
24,37,3.2083333333333335,5,6.8,1.619047619047619
19,30,1.3157894736842106,2,5.0,2.5
26,78,3.6538461538461537,6,6.083333333333333,3.3181818181818183
18,40,2.2777777777777777,4,3.4285714285714284,2.0
23,38,2.1739130434782608,4,4.0,1.6470588235294117
23,33,3.130434782608696,5,6.0,1.5
28,89,3.607142857142857,7,5.1875,3.4583333333333335
24,58,2.6666666666666665,5,3.4285714285714284,2.526315789473684
22,32,3.1818181818181817,5,5.8,1.5263157894736843
30,103,3.3666666666666667,6,4.705882352941177,3.076923076923077
27,86,3.7777777777777777,7,5.466666666666667,3.5652173913043477
27,81,3.4074074074074074,6,5.5,3.347826086956522
22,37,1.9090909090909092,3,5.0,1.6666666666666667
19,43,2.3157894736842106,4,4.0,1.8461538461538463
22,58,3.1818181818181817,6,3.857142857142857,3.0
27,79,2.3333333333333335,4,4.333333333333333,2.888888888888889
24,63,3.7083333333333335,7,4.142857142857143,2.9
15,23,1.4666666666666666,2,2.25,1.2857142857142858
21,43,2.6666666666666665,5,3.6,2.25
29,108,4.413793103448276,8,5.666666666666667,4.08
23,43,2.5217391304347827,4,4.333333333333333,1.95
19,35,1.8421052631578947,4,4.2,2.3333333333333335
28,92,3.4642857142857144,6,5.4375,3.625
31,127,3.7419354838709675,7,5.2105263157894735,3.6666666666666665
28,123,3.107142857142857,6,5.571428571428571,4.875
27,90,3.4074074074074074,6,5.3125,3.6956521739130435
16,31,1.375,2,5.0,2.5
24,37,3.2083333333333335,5,5.666666666666667,1.619047619047619
28,58,3.5357142857142856,6,3.7857142857142856,2.2083333333333335
24,49,2.25,5,4.0,2.1333333333333333
22,37,1.6818181818181819,3,7.0,1.75
22,31,3.1363636363636362,5,5.6,1.4736842105263157
21,30,1.9047619047619047,4,3.0,1.25
17,35,1.588235294117647,3,4.75,2.375
24,49,3.3333333333333335,5,3.6666666666666665,2.2
23,70,3.0434782608695654,5,5.0,3.4210526315789473
25,75,3.08,5,5.0,3.3333333333333335
24,38,3.2083333333333335,5,5.5,1.5714285714285714
27,53,3.5555555555555554,6,4.0,2.0869565217391304
25,58,2.28,5,4.75,2.375
22,36,1.6363636363636365,3,6.666666666666667,1.6666666666666667
24,39,3.25,5,4.857142857142857,1.619047619047619
28,53,3.5,6,4.0,2.0
17,34,1.8823529411764706,3,4.25,1.8888888888888888
17,35,1.9411764705882353,3,4.5,1.8
23,36,3.260869565217391,5,5.166666666666667,1.55
27,124,3.962962962962963,8,6.2105263157894735,5.130434782608695
27,83,2.259259259259259,5,4.666666666666667,3.7333333333333334
26,95,3.8846153846153846,8,4.944444444444445,4.045454545454546
23,49,2.8260869565217392,5,3.6363636363636362,2.1052631578947367
20,27,1.3,2,4.0,2.0
23,61,3.0,5,4.230769230769231,2.8947368421052633
23,34,3.260869565217391,5,5.166666666666667,1.55
27,130,3.925925925925926,8,6.526315789473684,5.391304347826087
27,82,2.2962962962962963,5,4.230769230769231,3.4375
24,53,3.375,6,3.4285714285714284,2.4
27,95,3.111111111111111,6,4.45,3.869565217391304
22,33,3.227272727272727,5,5.0,1.5789473684210527
21,28,1.619047619047619,4,3.0,1.2
25,76,3.32,6,5.538461538461538,3.4285714285714284
17,38,2.235294117647059,4,4.2,1.9090909090909092
23,59,3.5652173913043477,6,4.153846153846154,2.8421052631578947
22,52,2.5454545454545454,5,3.4166666666666665,2.411764705882353
20,31,1.55,3,3.2,1.7777777777777777
22,43,2.5,4,4.333333333333333,2.0526315789473686
24,104,3.75,8,5.647058823529412,4.8
29,114,4.275862068965517,8,5.666666666666667,4.08
23,49,3.260869565217391,5,4.3,2.15
28,95,3.107142857142857,7,4.666666666666667,3.6842105263157894
28,104,4.107142857142857,8,5.647058823529412,4.0
21,67,3.1904761904761907,7,3.8461538461538463,2.9411764705882355
23,75,3.0869565217391304,5,4.666666666666667,3.6842105263157894
22,67,3.1818181818181817,6,4.428571428571429,3.4444444444444446
22,35,3.227272727272727,5,4.571428571428571,1.6842105263157894
29,105,4.310344827586207,8,5.933333333333334,3.56
16,36,1.875,3,4.0,1.8181818181818181
22,46,3.3181818181818183,5,4.0,2.1052631578947367
28,95,2.75,6,4.375,4.117647058823529
28,104,4.214285714285714,8,5.875,3.9166666666666665
23,89,3.652173913043478,8,4.176470588235294,3.736842105263158
23,77,3.0869565217391304,5,4.733333333333333,3.736842105263158
22,64,3.0454545454545454,6,4.214285714285714,3.2777777777777777
20,42,2.6,5,3.7,2.466666666666667
20,55,2.85,6,3.5714285714285716,3.125
19,49,2.4210526315789473,5,3.3846153846153846,2.933333333333333
28,75,3.357142857142857,6,5.916666666666667,2.9583333333333335
24,82,3.5416666666666665,7,4.470588235294118,3.8
15,28,1.6,3,3.25,1.625
24,42,3.25,5,5.142857142857143,1.7142857142857142
27,104,4.037037037037037,8,5.277777777777778,4.130434782608695
30,105,3.6,6,5.315789473684211,3.8846153846153846
23,47,2.3043478260869565,4,4.857142857142857,2.0
24,46,2.25,4,4.714285714285714,1.9411764705882353
25,77,3.04,6,5.071428571428571,3.380952380952381
24,54,2.75,5,3.4615384615384617,2.3684210526315788
20,35,1.65,4,4.2,2.625
21,51,3.0,6,3.3076923076923075,2.6875
23,42,2.0869565217391304,3,4.666666666666667,1.75
25,56,2.72,4,3.923076923076923,2.4285714285714284
25,52,2.36,4,4.666666666666667,2.210526315789474
29,127,4.0,7,6.611111111111111,4.76
24,46,2.625,4,4.777777777777778,2.0476190476190474
20,37,2.2,5,3.5,2.3333333333333335
29,117,3.8620689655172415,7,5.190476190476191,4.36
15,30,1.5333333333333334,2,4.0,2.0
24,74,3.0416666666666665,5,4.785714285714286,3.35
27,103,2.962962962962963,5,4.85,4.217391304347826
25,37,3.28,5,5.666666666666667,1.5454545454545454
28,108,3.7857142857142856,7,4.888888888888889,3.6666666666666665
30,112,3.6,6,5.4,4.153846153846154
16,30,1.375,2,5.0,2.5
28,91,3.4285714285714284,6,5.4375,3.625
25,39,3.28,5,5.833333333333333,1.5909090909090908
27,98,3.4444444444444446,6,4.625,3.217391304347826
29,103,3.5517241379310347,6,5.5,3.96
24,36,3.2083333333333335,5,5.333333333333333,1.5238095238095237
27,106,3.185185185185185,6,6.3125,4.391304347826087
27,64,3.3703703703703702,6,4.214285714285714,2.5652173913043477
24,46,1.9583333333333333,3,4.833333333333333,1.7058823529411764
29,143,4.241379310344827,8,6.2727272727272725,5.52
25,36,3.24,5,6.6,1.5
23,52,2.4347826086956523,4,6.166666666666667,2.466666666666667
28,92,3.4642857142857144,6,5.866666666666666,3.6666666666666665
25,62,3.32,6,4.071428571428571,2.7142857142857144
15,27,1.4,2,4.0,2.0
25,69,2.76,5,4.846153846153846,3.0
22,43,2.5454545454545454,5,3.0,1.9411764705882353
19,27,1.368421052631579,2,4.666666666666667,2.0
23,33,3.130434782608696,5,6.0,1.5
27,92,3.2222222222222223,6,4.764705882352941,3.5217391304347827
26,91,3.730769230769231,7,5.266666666666667,3.590909090909091
22,70,3.1818181818181817,7,4.916666666666667,3.2777777777777777
23,34,3.217391304347826,5,6.2,1.55
28,93,3.392857142857143,6,4.642857142857143,2.7083333333333335
31,136,4.516129032258065,8,6.315789473684211,4.444444444444445
22,72,3.3181818181818183,7,3.7333333333333334,3.111111111111111
15,29,2.2666666666666666,4,2.6666666666666665,1.6
22,37,2.0,3,5.4,1.8
23,33,3.217391304347826,5,6.0,1.5
31,88,3.193548387096774,6,4.846153846153846,2.423076923076923
28,89,4.035714285714286,7,5.6,3.5
27,102,3.111111111111111,6,4.8,4.173913043478261
24,35,3.1666666666666665,5,6.4,1.5238095238095237
22,59,2.3181818181818183,4,5.285714285714286,2.8461538461538463
28,89,4.035714285714286,7,6.461538461538462,3.5
26,72,2.769230769230769,5,5.555555555555555,2.380952380952381
22,57,3.227272727272727,6,4.076923076923077,2.9444444444444446
30,117,4.333333333333333,8,6.277777777777778,4.346153846153846
23,43,2.5652173913043477,4,5.0,2.0
21,71,3.238095238095238,7,3.875,3.4444444444444446
27,94,3.888888888888889,7,4.764705882352941,3.5217391304347827
29,87,3.0,5,5.8,2.4166666666666665
24,40,3.2083333333333335,5,6.0,1.7142857142857142
28,98,3.1785714285714284,5,5.875,3.9166666666666665
26,63,3.423076923076923,6,3.8666666666666667,2.6363636363636362
22,40,1.8636363636363635,3,6.0,1.7142857142857142
22,40,1.8636363636363635,3,6.0,1.7142857142857142
23,66,3.3043478260869565,6,4.133333333333334,3.263157894736842
16,27,1.3125,2,3.6666666666666665,2.2
27,114,4.2592592592592595,8,5.142857142857143,4.695652173913044
24,35,3.1666666666666665,5,6.4,1.5238095238095237
27,124,3.925925925925926,8,6.2105263157894735,5.130434782608695
27,83,2.259259259259259,5,5.090909090909091,3.7333333333333334
25,55,3.44,6,3.5714285714285716,2.380952380952381
27,97,3.0,6,4.285714285714286,3.9130434782608696
24,35,3.2083333333333335,5,6.4,1.5238095238095237
30,107,3.3666666666666667,6,5.055555555555555,3.5
27,95,3.814814814814815,7,5.1875,3.608695652173913
22,65,3.1363636363636362,7,4.083333333333333,2.7222222222222223
23,34,3.217391304347826,5,6.2,1.55
23,60,2.391304347826087,4,5.285714285714286,2.642857142857143
29,105,4.068965517241379,7,6.533333333333333,3.92
27,73,2.925925925925926,5,5.0,2.272727272727273
22,60,2.727272727272727,5,3.9285714285714284,3.0555555555555554
23,33,3.130434782608696,5,6.0,1.5
27,104,3.2222222222222223,6,6.25,4.3478260869565215
28,94,3.9642857142857144,6,5.933333333333334,3.7083333333333335
23,33,3.217391304347826,5,6.0,1.5
21,59,3.619047619047619,7,3.923076923076923,3.0
26,71,2.730769230769231,5,4.083333333333333,2.45
21,39,1.7142857142857142,3,4.2,2.3333333333333335
17,33,1.411764705882353,2,5.333333333333333,2.2857142857142856
25,65,3.68,6,5.454545454545454,2.857142857142857
25,54,3.4,6,5.444444444444445,2.3333333333333335
24,67,2.875,5,4.6923076923076925,3.05
18,36,2.4444444444444446,5,3.111111111111111,2.0
19,43,2.6842105263157894,6,3.25,2.6
19,35,2.3684210526315788,5,2.7,1.9285714285714286
29,103,3.8620689655172415,7,7.071428571428571,3.96
25,33,1.44,3,3.25,1.3
20,39,2.2,5,3.3333333333333335,2.5
28,124,4.035714285714286,8,5.75,4.791666666666667
22,65,3.1363636363636362,6,4.538461538461538,3.2777777777777777
30,176,4.366666666666666,8,6.833333333333333,6.3076923076923075
23,49,3.260869565217391,5,4.1,2.05
23,39,1.608695652173913,3,7.0,1.9090909090909092
29,110,4.137931034482759,8,5.823529411764706,3.96
24,61,2.875,5,4.888888888888889,2.3157894736842106
24,57,2.875,5,5.714285714285714,2.1052631578947367
24,52,3.3333333333333335,5,4.5,2.142857142857143
28,137,4.071428571428571,8,6.238095238095238,5.458333333333333
28,95,2.9285714285714284,6,5.153846153846154,3.7222222222222223
28,115,4.035714285714286,8,5.684210526315789,4.5
22,66,3.0454545454545454,5,4.285714285714286,3.3333333333333335
23,49,3.4347826086956523,5,4.3,2.15
29,103,3.2413793103448274,7,5.066666666666666,3.8
26,73,3.769230769230769,7,4.466666666666667,3.0454545454545454
23,45,1.9565217391304348,4,3.6666666666666665,1.8333333333333333
25,91,3.12,6,4.9411764705882355,4.0
23,83,2.869565217391304,5,4.277777777777778,4.052631578947368
31,155,4.451612903225806,8,6.166666666666667,5.481481481481482
23,57,3.869565217391304,6,5.1,2.55
25,90,3.36,6,6.0,4.0
32,144,3.34375,6,5.384615384615385,5.0
29,121,2.6551724137931036,5,4.590909090909091,4.391304347826087
26,79,3.269230769230769,6,3.9473684210526314,3.409090909090909
15,27,1.4,2,4.0,2.0
23,50,2.608695652173913,4,5.111111111111111,2.3
24,78,3.6666666666666665,6,6.0,3.3
30,97,3.2,5,5.846153846153846,3.04
25,63,3.36,6,3.8,2.7142857142857144
20,39,2.6,5,3.6666666666666665,2.2
22,53,2.5,5,3.1333333333333333,2.611111111111111
20,30,1.85,3,5.0,1.8181818181818181
24,36,3.2083333333333335,5,5.333333333333333,1.5238095238095237
27,59,3.5555555555555554,6,4.909090909090909,2.347826086956522
26,61,2.1923076923076925,5,5.125,2.5625
24,37,3.2083333333333335,5,4.714285714285714,1.5714285714285714
25,80,3.76,7,5.066666666666666,3.619047619047619
27,66,3.7037037037037037,6,5.9,2.5652173913043477
26,82,3.0384615384615383,6,5.428571428571429,3.4545454545454546
17,33,2.235294117647059,4,3.5,1.9090909090909092
25,39,3.28,5,7.0,1.5909090909090908
31,99,3.3225806451612905,6,4.6875,2.7777777777777777
26,60,3.423076923076923,6,3.4375,2.5
27,106,3.111111111111111,6,5.0,4.3478260869565215
25,94,3.56,7,4.473684210526316,4.0476190476190474
15,28,1.4666666666666666,2,3.25,1.8571428571428572
21,53,2.9523809523809526,6,3.6923076923076925,2.823529411764706
29,107,3.6551724137931036,7,6.4375,4.12
24,35,3.2083333333333335,5,5.333333333333333,1.5238095238095237
26,53,3.4615384615384617,6,4.363636363636363,2.1818181818181817
26,58,2.1153846153846154,5,4.625,2.466666666666667
23,37,1.6956521739130435,3,6.666666666666667,1.6666666666666667
23,34,3.130434782608696,5,5.166666666666667,1.55
28,70,2.0714285714285716,4,5.555555555555555,3.3333333333333335
26,64,2.9615384615384617,5,5.181818181818182,2.590909090909091
23,33,3.0869565217391304,5,6.0,1.5
27,130,3.8518518518518516,8,6.526315789473684,5.391304347826087
18,39,1.6111111111111112,3,5.25,2.3333333333333335
27,103,4.111111111111111,8,5.5,4.304347826086956
26,83,3.076923076923077,5,5.133333333333334,3.5
26,97,2.8461538461538463,5,5.055555555555555,4.136363636363637
29,118,4.448275862068965,8,5.947368421052632,4.52
24,45,2.5833333333333335,4,4.666666666666667,2.0
24,90,2.9166666666666665,5,5.357142857142857,3.9473684210526314
29,111,3.8275862068965516,7,5.2,4.16
19,38,2.8421052631578947,6,3.3,2.2
23,63,2.9565217391304346,6,4.142857142857143,3.0526315789473686
25,41,3.28,5,7.4,1.6818181818181819
28,56,3.4285714285714284,6,4.636363636363637,2.125
23,37,3.0869565217391304,5,6.4,1.6
20,31,1.3,2,5.333333333333333,2.6666666666666665
27,79,3.7037037037037037,6,6.166666666666667,3.217391304347826
26,75,3.6153846153846154,6,5.230769230769231,3.090909090909091
22,39,2.1818181818181817,3,6.0,1.7647058823529411
23,33,3.130434782608696,5,6.0,1.5
19,41,2.263157894736842,4,3.857142857142857,2.25
25,49,3.48,6,3.6666666666666665,2.0952380952380953
16,30,1.4375,2,3.5,2.0
23,61,3.260869565217391,6,4.071428571428571,3.0
23,51,2.5652173913043477,5,3.25,2.1666666666666665
24,79,2.8333333333333335,5,4.055555555555555,3.65
27,112,4.2592592592592595,8,5.35,4.6521739130434785
23,33,3.0869565217391304,5,6.0,1.5
23,34,1.391304347826087,2,8.0,1.7777777777777777
27,86,3.4814814814814814,6,5.714285714285714,3.4782608695652173
22,40,1.9090909090909092,3,5.2,1.7333333333333334
23,33,3.130434782608696,5,6.0,1.5
21,28,1.7619047619047619,4,3.25,1.1818181818181819
26,77,3.3461538461538463,6,5.214285714285714,3.3181818181818183
20,28,1.3,2,4.333333333333333,2.1666666666666665
24,63,3.25,6,4.214285714285714,2.95
24,82,2.8333333333333335,5,4.222222222222222,3.8
23,33,3.130434782608696,5,6.0,1.5
28,92,3.9285714285714284,7,5.571428571428571,3.25
24,58,2.8333333333333335,5,6.0,2.210526315789474
22,31,3.1363636363636362,5,5.6,1.4736842105263157
27,81,2.5555555555555554,5,6.0,3.176470588235294
29,119,4.068965517241379,8,5.65,4.52
23,60,2.608695652173913,5,5.125,2.411764705882353
23,42,2.5217391304347827,4,4.875,1.95
26,83,3.3846153846153846,6,6.090909090909091,3.35
24,45,3.2083333333333335,5,4.875,1.8571428571428572
23,59,2.9565217391304346,6,4.6,2.7058823529411766
27,73,3.3703703703703702,6,4.0,2.9565217391304346
16,32,2.3125,4,4.0,1.4545454545454546
23,72,3.0869565217391304,5,4.785714285714286,3.526315789473684
22,66,3.227272727272727,6,4.133333333333334,3.4444444444444446
27,88,2.5555555555555554,4,4.533333333333333,2.9565217391304346
24,69,3.75,7,4.5,3.15
23,65,3.739130434782609,7,3.8666666666666667,3.0526315789473686
18,34,2.1666666666666665,5,3.0,2.0
22,31,3.1363636363636362,5,5.6,1.4736842105263157
27,93,3.888888888888889,7,5.0588235294117645,3.739130434782609
24,57,2.75,5,3.3846153846153846,2.3157894736842106
22,34,3.227272727272727,5,4.285714285714286,1.5789473684210527
27,84,3.5185185185185186,7,4.588235294117647,3.391304347826087
30,136,3.4,7,6.190476190476191,5.0
24,76,3.125,5,5.142857142857143,3.6
23,36,3.1739130434782608,5,4.571428571428571,1.6
23,64,2.391304347826087,4,5.857142857142857,2.9285714285714284
29,102,4.137931034482759,7,6.466666666666667,3.88
24,60,2.75,5,3.5,2.5789473684210527
26,106,2.8846153846153846,5,5.555555555555555,4.545454545454546
16,30,1.4375,2,4.666666666666667,2.0
24,53,3.3333333333333335,5,4.0,2.4
16,30,1.5,2,3.5,1.75
24,55,2.7916666666666665,5,5.25,2.210526315789474
23,36,3.260869565217391,5,4.571428571428571,1.6
27,60,3.5555555555555554,6,4.583333333333333,2.391304347826087
24,79,3.125,5,5.285714285714286,3.7
23,40,3.391304347826087,5,3.888888888888889,1.75
19,27,1.263157894736842,2,3.3333333333333335,2.0
19,43,1.8421052631578947,4,5.0,2.7777777777777777
27,90,3.4074074074074074,6,5.733333333333333,3.739130434782609
23,55,3.3043478260869565,5,4.083333333333333,2.5789473684210527
25,95,2.88,5,4.684210526315789,4.238095238095238
23,46,2.5217391304347827,4,4.666666666666667,2.1
27,97,3.740740740740741,7,5.2,3.391304347826087
24,76,3.0416666666666665,5,5.666666666666667,3.4
23,46,3.3043478260869565,5,3.9,1.95
28,83,2.5714285714285716,5,5.333333333333333,3.5555555555555554
27,78,3.074074074074074,5,5.384615384615385,3.0434782608695654
23,46,3.5652173913043477,6,4.333333333333333,1.95
27,129,3.962962962962963,8,5.809523809523809,5.304347826086956
18,39,2.0555555555555554,4,4.5,2.7
27,116,4.148148148148148,8,5.705882352941177,4.217391304347826
27,90,3.111111111111111,5,5.6,3.652173913043478
28,120,3.25,6,5.380952380952381,4.708333333333333
24,44,3.4166666666666665,5,5.571428571428571,1.8571428571428572
22,57,3.590909090909091,7,3.7142857142857144,2.736842105263158
28,81,2.2857142857142856,5,5.416666666666667,4.0625
26,76,3.269230769230769,5,4.8,3.272727272727273
17,35,1.4705882352941178,2,4.75,2.375
17,35,1.4705882352941178,2,4.5,2.25
25,75,3.08,6,5.3076923076923075,3.2857142857142856
23,61,2.608695652173913,5,3.6153846153846154,2.764705882352941
21,55,3.0,6,3.4,3.0
24,49,2.75,5,3.3333333333333335,2.1052631578947367
24,84,2.8333333333333335,5,4.333333333333333,3.9
23,36,3.1739130434782608,5,4.714285714285714,1.65
26,85,2.3846153846153846,5,6.1,3.8125
26,65,3.4615384615384617,6,3.75,2.727272727272727
28,104,3.107142857142857,6,4.666666666666667,4.083333333333333
26,83,2.576923076923077,5,4.0,3.0476190476190474
24,37,3.2916666666666665,5,5.666666666666667,1.619047619047619
27,66,2.0,4,5.75,3.2857142857142856
25,55,3.36,5,4.166666666666667,2.380952380952381
21,37,2.238095238095238,4,3.857142857142857,1.8
22,63,3.0,6,3.933333333333333,3.2777777777777777
23,36,3.1739130434782608,5,5.5,1.65
27,126,3.4074074074074074,7,6.315789473684211,5.217391304347826
26,80,2.3076923076923075,5,5.4,3.6
26,76,3.3846153846153846,6,5.142857142857143,3.272727272727273
25,74,3.32,6,5.0,3.3333333333333335
24,36,3.2083333333333335,5,6.6,1.5714285714285714
20,39,2.2,5,4.0,2.3333333333333335
27,83,3.3703703703703702,6,5.642857142857143,3.4347826086956523
24,52,3.3333333333333335,5,3.9166666666666665,2.35
19,40,2.3157894736842106,4,4.2,1.6153846153846154
23,53,3.4782608695652173,6,4.0,2.526315789473684
25,91,3.72,7,5.25,4.0
22,53,3.0454545454545454,6,3.5384615384615383,2.5555555555555554
28,97,3.857142857142857,7,6.2,3.875
24,34,1.4166666666666667,3,3.0,1.3333333333333333
23,27,1.2173913043478262,2,5.0,1.0
25,93,4.0,7,5.4,3.857142857142857
27,119,4.222222222222222,8,5.777777777777778,4.521739130434782
21,62,3.0952380952380953,5,4.4,2.588235294117647
26,134,4.230769230769231,8,6.526315789473684,5.391304347826087
25,77,3.12,6,3.0588235294117645,2.6
25,52,1.92,3,4.833333333333333,1.8125
20,38,2.7,4,4.571428571428571,2.0
27,70,2.7037037037037037,5,6.142857142857143,2.263157894736842
22,77,3.1818181818181817,6,5.538461538461538,4.0
26,99,3.576923076923077,7,4.588235294117647,3.7142857142857144
25,45,2.32,3,6.666666666666667,2.0
24,109,4.041666666666667,8,5.368421052631579,5.1
26,94,3.3846153846153846,6,4.578947368421052,3.9545454545454546
15,23,1.6,3,2.6666666666666665,1.3333333333333333
16,30,1.9375,3,3.5,1.5555555555555556
30,157,4.366666666666666,8,6.863636363636363,5.8076923076923075
24,37,3.2083333333333335,5,4.857142857142857,1.619047619047619
19,34,1.736842105263158,4,3.8,2.375
27,84,3.3333333333333335,6,5.0,3.4782608695652173
28,125,3.0714285714285716,6,6.611111111111111,4.958333333333333
16,28,1.375,2,4.0,2.0
27,105,3.814814814814815,7,5.052631578947368,4.173913043478261
28,91,3.5714285714285716,6,6.0,3.25
26,85,2.576923076923077,5,4.8,3.272727272727273
27,78,2.888888888888889,5,5.142857142857143,3.130434782608696
23,59,3.260869565217391,6,3.6,2.8421052631578947
30,124,4.4,8,5.9,4.538461538461538
24,35,3.1666666666666665,5,6.4,1.5238095238095237
27,125,3.4074074074074074,7,6.2631578947368425,5.173913043478261
27,84,2.037037037037037,4,4.916666666666667,3.6875
29,118,4.275862068965517,8,6.222222222222222,4.48
21,62,2.9523809523809526,5,4.0,3.2941176470588234
24,35,3.2916666666666665,5,6.4,1.5238095238095237
28,82,2.5,5,6.111111111111111,3.235294117647059
25,63,3.44,6,3.8666666666666667,2.761904761904762
24,73,3.125,5,5.230769230769231,3.4
25,37,3.28,5,6.8,1.5454545454545454
19,35,1.8421052631578947,4,3.3333333333333335,2.2222222222222223
25,86,3.72,7,4.625,3.5238095238095237
26,102,2.8461538461538463,5,6.0,4.363636363636363
23,34,3.130434782608696,5,5.166666666666667,1.55
27,69,2.037037037037037,4,5.625,3.2142857142857144
25,76,3.32,6,5.142857142857143,3.4285714285714284
23,35,3.130434782608696,5,5.166666666666667,1.55
28,90,3.6785714285714284,7,4.666666666666667,3.5
26,67,2.8461538461538463,5,3.6666666666666665,2.619047619047619
22,33,3.090909090909091,5,4.833333333333333,1.5263157894736843
28,83,2.4285714285714284,5,5.0,3.4375
28,104,3.5714285714285716,7,5.882352941176471,4.166666666666667
24,55,3.4166666666666665,6,3.3333333333333335,2.5
16,26,1.375,2,2.5,1.6666666666666667
25,87,2.96,5,4.2631578947368425,3.857142857142857
29,107,3.9310344827586206,7,7.357142857142857,4.12
24,33,1.3333333333333333,2,3.3333333333333335,1.25
30,140,4.2,8,6.105263157894737,4.461538461538462
24,69,3.4583333333333335,6,4.142857142857143,2.9
23,45,3.0,5,4.222222222222222,2.0
21,54,3.0476190476190474,6,4.454545454545454,2.8823529411764706
23,50,3.3043478260869565,5,4.555555555555555,2.05
27,134,3.925925925925926,8,6.7368421052631575,5.565217391304348
29,109,4.344827586206897,8,5.882352941176471,4.0
23,47,3.130434782608696,5,4.222222222222222,1.9
28,75,2.357142857142857,5,5.777777777777778,3.0588235294117645
26,64,3.0,5,5.6,2.5454545454545454
23,42,3.130434782608696,5,5.142857142857143,1.8
28,122,4.142857142857143,8,5.25,4.375
30,122,3.933333333333333,7,5.75,4.423076923076923
23,50,2.0869565217391304,4,5.142857142857143,2.1176470588235294
26,95,4.038461538461538,8,5.375,3.909090909090909
28,106,3.25,6,4.611111111111111,3.4583333333333335
29,132,4.310344827586207,8,6.631578947368421,5.04
24,51,3.2916666666666665,5,4.1,1.9523809523809523
27,65,3.5185185185185186,6,4.916666666666667,2.5652173913043477
25,65,2.52,5,4.0,2.4444444444444446
22,39,1.7272727272727273,3,7.666666666666667,1.9166666666666667
23,47,3.1739130434782608,5,3.9,1.95
29,107,3.8620689655172415,7,5.555555555555555,4.0
24,63,2.8333333333333335,5,6.714285714285714,2.611111111111111
24,54,3.3333333333333335,5,4.4,2.0952380952380953
28,107,3.75,6,6.866666666666666,4.291666666666667
28,101,2.857142857142857,6,5.214285714285714,4.055555555555555
25,92,3.64,7,4.833333333333333,4.142857142857143
25,45,3.36,5,5.571428571428571,1.7727272727272727
20,34,1.95,4,3.6,1.6363636363636365
27,95,3.888888888888889,7,5.625,3.9130434782608696
23,43,3.391304347826087,5,4.625,1.85
23,62,2.8260869565217392,5,5.444444444444445,3.0625
18,44,2.388888888888889,4,5.0,2.5
27,88,3.962962962962963,7,5.4,3.5217391304347827
30,138,3.6666666666666665,7,5.684210526315789,4.153846153846154
23,69,3.652173913043478,7,4.2,3.3157894736842106
15,30,1.7333333333333334,3,3.75,1.6666666666666667
29,123,3.4827586206896552,7,4.954545454545454,4.541666666666667
27,88,2.888888888888889,5,4.666666666666667,3.652173913043478
24,75,2.7083333333333335,6,4.214285714285714,3.2777777777777777
25,73,2.84,5,4.4,3.142857142857143
24,69,3.0416666666666665,6,4.0625,3.25
19,36,2.3157894736842106,4,4.4,1.6923076923076923
23,44,2.3043478260869565,5,5.0,2.0
25,42,3.36,5,6.166666666666667,1.6818181818181819
28,58,3.5714285714285716,6,4.909090909090909,2.25
26,58,2.1923076923076925,5,4.666666666666667,2.625
22,36,1.9545454545454546,4,3.4285714285714284,1.8461538461538463
25,41,3.32,5,5.142857142857143,1.6363636363636365
22,57,2.3181818181818183,4,5.571428571428571,3.0
29,66,3.4827586206896552,6,4.133333333333334,2.48
26,111,2.8461538461538463,5,5.25,4.7727272727272725
28,77,3.4285714285714284,6,6.222222222222222,2.4347826086956523
27,93,2.5925925925925926,5,4.733333333333333,3.227272727272727
23,63,3.0,6,3.8666666666666667,3.0526315789473686
24,66,3.0,6,4.461538461538462,2.9
24,40,3.2916666666666665,5,5.285714285714286,1.7619047619047619
23,49,2.347826086956522,4,5.5,2.2
31,119,3.967741935483871,6,7.142857142857143,3.7037037037037037
15,27,1.5333333333333334,2,3.25,1.625
25,40,3.32,5,5.285714285714286,1.6818181818181819
26,88,2.423076923076923,5,7.0,3.9375
29,116,4.0,8,5.7894736842105265,4.4
25,73,3.04,5,4.785714285714286,3.1904761904761907
24,38,3.25,5,5.0,1.6666666666666667
27,67,2.0,4,6.714285714285714,3.357142857142857
26,58,3.3076923076923075,5,4.416666666666667,2.409090909090909
25,78,3.0,5,4.8,3.4285714285714284
26,100,2.8846153846153846,5,5.222222222222222,4.2727272727272725
22,59,3.0454545454545454,6,3.9285714285714284,3.0555555555555554
16,28,1.375,2,4.0,2.0
28,100,3.892857142857143,7,6.4,4.0
24,33,1.4166666666666667,3,3.0,1.3333333333333333
24,28,1.2083333333333333,2,5.0,1.0
18,41,3.5,6,3.5555555555555554,2.2857142857142856
26,70,2.4615384615384617,4,5.0,2.6315789473684212
25,112,4.28,7,6.176470588235294,4.7727272727272725
21,60,3.3333333333333335,6,4.6,2.5555555555555554
22,73,3.4545454545454546,7,4.428571428571429,3.4444444444444446
21,48,3.380952380952381,7,3.6666666666666665,2.588235294117647
25,104,3.4,7,4.842105263157895,4.6
25,55,1.92,4,4.285714285714286,2.142857142857143
23,83,3.217391304347826,6,5.5,4.052631578947368
27,99,3.185185185185185,7,4.352941176470588,3.8947368421052633
25,43,2.28,3,5.428571428571429,1.9
26,81,3.8846153846153846,7,5.153846153846154,3.0454545454545454
24,40,3.2083333333333335,5,5.833333333333333,1.6666666666666667
20,30,1.3,2,5.333333333333333,2.6666666666666665
27,81,3.7037037037037037,6,6.333333333333333,3.3043478260869565
26,73,3.6153846153846154,6,5.153846153846154,3.0454545454545454
22,36,2.0,3,6.25,1.6666666666666667
24,35,3.2083333333333335,5,6.2,1.4761904761904763
27,102,3.185185185185185,6,6.125,4.260869565217392
31,116,3.5806451612903225,7,5.0588235294117645,3.44
30,112,3.933333333333333,7,5.578947368421052,4.076923076923077
23,49,2.6956521739130435,5,5.142857142857143,2.0
25,92,2.96,5,4.526315789473684,4.095238095238095
25,38,3.28,5,7.0,1.5909090909090908
27,103,3.185185185185185,6,6.1875,4.304347826086956
28,96,3.7142857142857144,7,5.625,3.75
23,58,2.739130434782609,5,4.0,2.2222222222222223
26,76,3.1923076923076925,6,5.384615384615385,3.1818181818181817
17,36,2.588235294117647,4,3.6666666666666665,1.6923076923076923
19,41,2.263157894736842,4,3.0833333333333335,2.466666666666667
28,106,4.285714285714286,8,5.555555555555555,4.166666666666667
24,35,3.2916666666666665,5,6.4,1.5238095238095237
22,31,1.8636363636363635,4,3.0,1.25
27,96,3.888888888888889,7,4.888888888888889,3.8260869565217392
26,100,2.8846153846153846,5,5.875,4.2727272727272725
22,31,3.0454545454545454,5,5.6,1.4736842105263157
27,103,3.185185185185185,6,6.1875,4.304347826086956
30,97,4.0,7,5.75,3.5384615384615383
26,69,2.6153846153846154,5,5.222222222222222,2.35
23,66,3.3043478260869565,6,4.133333333333334,3.263157894736842
24,87,2.875,5,4.5,4.05
27,90,2.5555555555555554,4,4.8,3.130434782608696
24,69,2.875,6,4.5,3.15
22,44,2.772727272727273,5,3.090909090909091,2.0
19,25,1.368421052631579,2,6.0,1.7142857142857142
21,31,3.1904761904761907,5,4.0,1.5555555555555556
22,54,2.3636363636363638,4,4.714285714285714,2.5384615384615383
27,103,4.111111111111111,8,5.294117647058823,3.9130434782608696
16,30,1.5625,2,3.5,1.5555555555555556
16,29,1.5,2,3.25,1.625
25,71,3.24,6,5.416666666666667,3.0952380952380953
20,51,2.85,5,4.0,2.75
26,81,2.6538461538461537,5,4.785714285714286,3.0454545454545454
28,96,3.857142857142857,7,6.571428571428571,3.8333333333333335
24,33,1.3333333333333333,2,3.3333333333333335,1.25
23,26,1.173913043478261,2,4.0,1.0
24,89,3.875,7,5.4,4.05
22,77,3.9545454545454546,7,4.428571428571429,3.4444444444444446
25,83,3.88,7,5.153846153846154,3.35
25,55,2.2,4,5.0,2.3333333333333335
26,60,2.269230769230769,4,6.8,2.2666666666666666
22,86,3.272727272727273,6,6.153846153846154,4.444444444444445
27,104,3.6296296296296298,7,4.529411764705882,3.5
25,49,2.32,3,6.285714285714286,2.2
27,92,4.037037037037037,7,6.214285714285714,3.782608695652174
25,110,3.92,8,5.666666666666667,4.857142857142857
27,109,3.7037037037037037,8,6.375,4.434782608695652
23,67,3.0,5,4.5,3.3157894736842106
24,45,3.25,5,4.0,1.9047619047619047
29,137,4.241379310344827,8,5.8,4.64
28,111,3.75,7,5.3,4.416666666666667
16,28,1.875,3,4.0,1.3333333333333333
16,31,1.9375,3,3.75,1.6666666666666667
30,154,4.366666666666666,8,6.3478260869565215,5.615384615384615
24,42,3.25,5,4.111111111111111,1.7619047619047619
28,109,3.2142857142857144,5,6.5625,4.375
28,110,3.7857142857142856,7,6.0588235294117645,4.291666666666667
16,32,1.5625,2,4.25,1.8888888888888888
30,148,4.366666666666666,8,5.833333333333333,5.384615384615385
24,45,3.625,6,3.9,1.8571428571428572
28,144,4.107142857142857,8,6.2272727272727275,5.708333333333333
27,97,2.7777777777777777,5,5.461538461538462,3.9444444444444446
26,72,3.576923076923077,7,4.4,3.0
27,104,3.111111111111111,6,4.409090909090909,4.217391304347826
24,48,3.6666666666666665,6,4.2,2.0
28,115,4.035714285714286,8,5.2105263157894735,4.125
26,99,4.076923076923077,8,5.117647058823529,3.9545454545454546
21,72,3.142857142857143,7,4.5,3.176470588235294
24,47,3.4583333333333335,5,4.666666666666667,2.0
29,117,3.6551724137931036,8,5.055555555555555,4.136363636363637
22,82,3.727272727272727,8,3.8125,3.388888888888889
21,59,2.9047619047619047,5,4.25,3.1875
26,99,3.1923076923076925,6,4.722222222222222,3.8636363636363638
23,71,2.652173913043478,4,6.333333333333333,3.1666666666666665
25,102,3.56,7,5.277777777777778,4.318181818181818
28,74,2.8214285714285716,6,4.8,2.4
24,80,3.2083333333333335,6,5.6923076923076925,3.7
27,109,3.3333333333333335,7,4.380952380952381,4.6
25,52,2.92,5,5.111111111111111,2.090909090909091
25,73,3.96,7,5.363636363636363,2.8095238095238093
15,27,1.4,2,4.333333333333333,2.1666666666666665
25,69,3.24,6,4.769230769230769,2.9523809523809526
24,38,3.2083333333333335,5,5.333333333333333,1.5238095238095237
27,92,2.925925925925926,6,4.2631578947368425,3.5217391304347827
26,82,3.730769230769231,7,4.6,3.1363636363636362
21,69,3.142857142857143,7,5.2727272727272725,3.411764705882353
24,36,3.1666666666666665,5,6.4,1.5238095238095237
27,106,3.185185185185185,6,6.25,4.3478260869565215
29,94,3.9310344827586206,7,5.866666666666666,3.52
25,37,3.24,5,6.6,1.5
23,50,2.347826086956522,4,6.0,2.4
31,105,3.806451612903226,6,6.071428571428571,3.269230769230769
15,29,1.5333333333333334,2,3.75,1.875
25,67,2.68,5,5.1,2.6842105263157894
24,54,3.375,6,3.5,2.45
17,34,2.2941176470588234,4,3.1666666666666665,1.7272727272727273
29,108,3.8275862068965516,7,6.0,4.08
24,34,3.1666666666666665,5,6.2,1.4761904761904763
27,102,3.185185185185185,6,6.0625,4.217391304347826
28,97,3.7142857142857144,7,5.6875,3.7916666666666665
16,29,1.5,2,3.25,1.625
27,105,4.222222222222222,8,5.611111111111111,4.391304347826087
26,63,3.0384615384615383,5,3.4615384615384617,1.9565217391304348
29,121,3.896551724137931,7,4.9,3.92
30,123,3.6,6,5.619047619047619,4.538461538461538
16,28,1.8125,3,3.0,1.5
16,33,1.9375,3,4.25,1.8888888888888888
30,126,4.5,8,6.315789473684211,4.615384615384615
25,42,3.24,5,6.166666666666667,1.6818181818181819
25,69,4.04,7,5.25,2.8636363636363638
25,45,3.32,5,5.714285714285714,1.8181818181818181
26,64,2.076923076923077,4,6.571428571428571,3.2857142857142856
26,89,3.6538461538461537,7,4.388888888888889,3.590909090909091
28,97,3.142857142857143,5,5.6875,3.7916666666666665
26,103,2.8846153846153846,5,5.388888888888889,4.409090909090909
25,37,3.24,5,6.6,1.5
29,111,3.793103448275862,7,4.777777777777778,3.44
28,70,3.392857142857143,6,4.0625,2.7083333333333335
27,92,3.740740740740741,7,5.3125,3.6956521739130435
26,92,2.9615384615384617,5,4.3,3.909090909090909
30,121,4.466666666666667,8,5.523809523809524,4.461538461538462
24,47,2.5416666666666665,4,4.666666666666667,2.0
25,75,3.76,6,5.545454545454546,2.9047619047619047
24,53,2.2083333333333335,5,4.714285714285714,2.2
21,34,1.6666666666666667,3,6.333333333333333,1.5833333333333333
24,39,3.2083333333333335,5,5.666666666666667,1.619047619047619
27,115,3.888888888888889,8,4.85,4.217391304347826
28,72,3.357142857142857,5,3.9411764705882355,2.7916666666666665
28,117,3.142857142857143,6,5.285714285714286,4.625
24,61,2.625,4,5.0,2.3529411764705883
27,95,2.5925925925925926,5,4.5625,3.3181818181818183
25,38,3.28,5,7.0,1.5909090909090908
27,109,3.888888888888889,8,4.7368421052631575,3.9130434782608696
30,113,3.933333333333333,7,5.631578947368421,4.115384615384615
28,113,3.107142857142857,6,5.095238095238095,4.458333333333333
28,103,2.7857142857142856,5,4.777777777777778,3.5833333333333335
26,63,3.4615384615384617,6,3.8666666666666667,2.6363636363636362
15,25,2.066666666666667,4,2.5,1.1111111111111112
29,130,4.241379310344827,8,6.3,5.04
24,35,3.2916666666666665,5,6.4,1.5238095238095237
23,56,2.5217391304347827,5,5.714285714285714,2.6666666666666665
29,108,4.068965517241379,7,5.866666666666666,3.52
16,27,1.5,2,3.0,1.5
29,137,4.413793103448276,8,5.739130434782608,5.28
23,33,3.260869565217391,5,5.0,1.5
21,30,1.9047619047619047,4,3.0,1.25
27,98,3.888888888888889,7,5.0,3.9130434782608696
28,117,2.9642857142857144,5,6.529411764705882,4.625
24,34,3.2083333333333335,5,6.2,1.4761904761904763
24,71,3.875,7,5.25,3.0
24,40,3.25,5,5.142857142857143,1.7142857142857142
21,29,1.7619047619047619,4,2.8,1.2727272727272727
27,84,3.7777777777777777,7,5.714285714285714,3.4782608695652173
24,36,3.25,5,5.333333333333333,1.5238095238095237
24,36,1.375,2,8.0,1.7777777777777777
27,87,3.7777777777777777,7,5.1875,3.608695652173913
26,71,2.6538461538461537,4,5.75,2.3
25,76,3.32,6,5.142857142857143,3.4285714285714284
24,69,2.7916666666666665,5,4.846153846153846,3.15
24,45,3.0833333333333335,5,4.444444444444445,2.0
19,46,2.8421052631578947,6,3.230769230769231,2.8
18,33,2.0,4,2.6666666666666665,2.0
29,108,4.448275862068965,8,6.0588235294117645,4.12
24,45,2.5416666666666665,4,4.625,1.7619047619047619
24,100,4.0,8,5.625,4.5
20,63,3.4,7,3.2142857142857144,2.8125
15,26,1.4666666666666666,2,2.75,1.5714285714285714
23,41,3.260869565217391,5,4.625,1.85
23,56,2.5652173913043477,5,5.375,2.8666666666666667
27,102,3.962962962962963,7,5.277777777777778,4.130434782608695
23,56,2.782608695652174,5,3.8333333333333335,2.5555555555555554
23,71,3.260869565217391,6,4.785714285714286,3.526315789473684
22,37,3.227272727272727,5,4.125,1.736842105263158
28,83,2.5714285714285716,5,5.083333333333333,3.388888888888889
27,108,4.148148148148148,8,5.444444444444445,4.260869565217392
25,78,3.04,5,5.214285714285714,3.4761904761904763
26,85,3.5384615384615383,7,6.076923076923077,3.590909090909091
26,74,3.5384615384615383,6,5.153846153846154,3.0454545454545454
24,66,2.7916666666666665,5,4.615384615384615,3.0
21,44,3.3333333333333335,6,2.923076923076923,2.235294117647059
21,50,2.6666666666666665,5,3.25,2.4375
22,36,3.227272727272727,5,3.6666666666666665,1.736842105263158
19,30,1.3157894736842106,2,4.333333333333333,2.1666666666666665
16,34,1.5,3,4.5,2.5714285714285716
24,68,3.625,6,4.846153846153846,3.15
28,107,3.1785714285714284,6,4.9375,3.4347826086956523
22,63,3.1363636363636362,6,4.461538461538462,3.2222222222222223
26,97,2.9615384615384617,5,4.55,4.136363636363637
27,101,3.185185185185185,6,5.533333333333333,3.608695652173913
23,41,3.6956521739130435,6,4.222222222222222,1.9
28,79,3.7142857142857144,6,5.214285714285714,3.0416666666666665
26,78,2.4615384615384617,4,7.714285714285714,2.8421052631578947
24,72,3.7083333333333335,6,4.785714285714286,3.35
16,34,1.75,3,4.5,1.8
24,68,3.7083333333333335,6,4.769230769230769,3.1
26,111,3.6923076923076925,7,4.842105263157895,4.181818181818182
22,63,3.0454545454545454,5,4.3076923076923075,3.111111111111111
30,114,3.6666666666666665,6,7.714285714285714,4.153846153846154
23,31,1.434782608695652,3,3.0,1.3333333333333333
25,78,3.04,6,4.933333333333334,3.5238095238095237
25,58,2.8,5,4.153846153846154,2.5714285714285716
24,65,2.6666666666666665,5,4.416666666666667,2.9444444444444446
28,88,3.5714285714285716,6,5.571428571428571,3.25
25,55,2.8,5,3.923076923076923,2.4285714285714284
29,102,3.1379310344827585,6,5.444444444444445,3.92
24,45,2.625,4,4.625,1.7619047619047619
24,79,3.6666666666666665,6,6.090909090909091,3.35
25,60,2.16,5,5.125,2.7333333333333334
22,34,1.8181818181818181,3,4.2,1.75
25,41,3.24,5,5.833333333333333,1.5909090909090908
28,114,3.392857142857143,6,7.2,4.5
29,105,3.7586206896551726,7,5.5,3.96
24,59,2.75,5,3.769230769230769,2.5789473684210527
29,91,3.6206896551724137,6,5.428571428571429,3.04
23,60,2.9565217391304346,6,4.0,2.9473684210526314
25,36,3.24,5,6.6,1.5
27,69,2.037037037037037,4,5.555555555555555,3.5714285714285716
25,79,3.6,6,6.083333333333333,3.4761904761904763
23,58,2.8260869565217392,5,3.5,2.5789473684210527
22,57,2.772727272727273,5,3.7857142857142856,2.9444444444444446
24,35,3.1666666666666665,5,6.4,1.5238095238095237
26,82,3.730769230769231,7,5.571428571428571,3.5454545454545454
29,89,3.103448275862069,5,4.470588235294118,3.04
26,79,3.269230769230769,6,4.6875,3.409090909090909
23,66,3.1739130434782608,6,4.285714285714286,3.1578947368421053
23,33,3.0869565217391304,5,6.0,1.5
29,67,3.5517241379310347,6,4.769230769230769,2.48
16,27,1.375,2,3.6666666666666665,1.8333333333333333
25,72,3.24,6,4.4,3.142857142857143
23,33,3.0869565217391304,5,6.0,1.5
27,98,3.5555555555555554,7,4.411764705882353,3.260869565217391
29,110,3.896551724137931,7,5.473684210526316,4.16
28,114,3.107142857142857,6,4.909090909090909,4.5
23,52,2.6956521739130435,5,3.5833333333333335,2.388888888888889
24,68,3.2916666666666665,6,4.266666666666667,3.2
23,58,3.0434782608695654,6,3.923076923076923,2.6842105263157894
23,63,3.130434782608696,6,4.384615384615385,3.0
23,35,3.1739130434782608,5,4.571428571428571,1.6
29,104,4.068965517241379,7,6.357142857142857,3.56
23,51,2.652173913043478,5,4.857142857142857,2.0
23,34,3.130434782608696,5,5.166666666666667,1.55
27,81,2.4074074074074074,5,6.111111111111111,3.4375
28,102,3.6785714285714284,7,5.764705882352941,4.083333333333333
16,26,1.375,2,3.3333333333333335,1.6666666666666667
24,36,3.2083333333333335,5,5.5,1.5714285714285714
20,41,1.95,3,5.25,1.9090909090909092
26,82,3.730769230769231,6,5.846153846153846,3.4545454545454546
21,39,2.0,4,4.0,1.8461538461538463
25,82,2.68,5,4.533333333333333,3.238095238095238
24,79,2.8333333333333335,5,4.055555555555555,3.65
24,50,2.75,5,3.5,2.210526315789474
22,57,2.9545454545454546,6,3.533333333333333,2.9444444444444446
20,50,3.05,6,3.5,2.625
21,54,3.0476190476190474,6,3.8333333333333335,2.7058823529411766
28,111,4.392857142857143,8,5.888888888888889,4.416666666666667
23,43,2.5217391304347827,4,4.0,2.0
26,75,3.5384615384615383,5,5.454545454545454,2.608695652173913
24,38,3.2083333333333335,5,6.8,1.619047619047619
29,116,3.7241379310344827,7,4.5,3.6
31,119,4.258064516129032,8,5.55,4.111111111111111
15,28,2.2666666666666666,4,2.6,1.3
15,30,2.2666666666666666,4,2.5,1.5
24,35,3.2916666666666665,5,6.4,1.5238095238095237
28,106,3.7857142857142856,7,4.611111111111111,3.4583333333333335
29,105,3.896551724137931,7,5.2105263157894735,3.96
27,105,3.111111111111111,6,4.95,4.304347826086956
28,106,2.9285714285714284,6,4.944444444444445,3.7083333333333335
24,36,3.3333333333333335,5,6.6,1.5714285714285714
27,92,3.111111111111111,6,4.875,3.391304347826087
25,89,3.92,8,4.8125,3.6666666666666665
22,64,3.1363636363636362,7,4.166666666666667,2.7777777777777777
30,138,4.5,8,6.045454545454546,5.115384615384615
22,31,3.1363636363636362,5,5.6,1.4736842105263157
29,94,3.689655172413793,7,4.888888888888889,3.52
25,60,2.92,5,6.571428571428571,2.3
23,33,3.0869565217391304,5,6.0,1.5
27,105,3.4814814814814814,7,5.052631578947368,4.173913043478261
26,87,3.6923076923076925,7,4.933333333333334,3.3636363636363638
22,66,3.1363636363636362,7,4.0,2.6666666666666665
25,38,3.28,5,7.0,1.5909090909090908
21,29,1.7619047619047619,4,2.8,1.2727272727272727
25,73,3.32,6,4.928571428571429,3.2857142857142856
23,33,3.130434782608696,5,6.0,1.5
27,105,3.2222222222222223,6,6.3125,4.391304347826087
30,102,4.133333333333334,7,6.466666666666667,3.730769230769231
23,33,3.130434782608696,5,6.0,1.5
23,62,2.347826086956522,4,5.571428571428571,2.6
29,105,4.103448275862069,7,7.0,3.92
24,62,2.7916666666666665,5,3.4,2.6842105263157894
27,100,2.962962962962963,5,4.947368421052632,4.086956521739131
22,64,3.272727272727273,6,4.285714285714286,3.3333333333333335
24,53,2.6666666666666665,5,3.1538461538461537,2.2777777777777777
24,73,2.875,5,3.526315789473684,3.35
21,53,2.7142857142857144,5,3.5,2.8823529411764706
19,33,1.9473684210526316,4,3.142857142857143,1.8333333333333333
29,111,4.482758620689655,8,5.833333333333333,4.2
23,48,2.5217391304347827,4,4.666666666666667,2.1
20,38,2.15,4,3.857142857142857,2.25
26,91,3.8076923076923075,7,4.5,3.272727272727273
15,30,1.5333333333333334,2,4.0,2.0
24,77,3.0416666666666665,5,5.142857142857143,3.6
31,119,3.2580645161290325,6,5.176470588235294,3.3846153846153846
23,72,3.217391304347826,6,4.857142857142857,3.5789473684210527
25,70,3.48,6,4.0,3.0476190476190474
15,28,1.4666666666666666,2,3.25,1.8571428571428572
22,41,3.227272727272727,5,3.888888888888889,1.8421052631578947
19,38,2.5789473684210527,6,3.857142857142857,2.4545454545454546
26,88,3.4615384615384617,6,5.857142857142857,3.727272727272727
26,65,3.3846153846153846,5,4.214285714285714,2.6818181818181817
23,57,2.782608695652174,5,3.5384615384615383,2.5555555555555554
27,81,3.5925925925925926,6,5.7272727272727275,2.739130434782609
24,61,3.3333333333333335,5,4.230769230769231,2.75
22,40,3.227272727272727,5,4.25,1.7894736842105263
28,69,3.5,6,5.333333333333333,2.6666666666666665
24,60,2.375,5,4.0,2.5
22,39,1.7272727272727273,3,7.666666666666667,1.9166666666666667
22,44,3.3181818181818183,5,3.8,2.0
29,94,2.8275862068965516,6,4.642857142857143,3.611111111111111
26,106,3.6923076923076925,7,5.315789473684211,4.590909090909091
16,33,1.4375,2,5.666666666666667,2.4285714285714284
24,44,3.4166666666666665,5,5.428571428571429,1.8095238095238095
19,43,2.1578947368421053,4,4.0,1.8461538461538463
26,86,3.730769230769231,6,5.266666666666667,3.590909090909091
26,61,3.5384615384615383,6,4.666666666666667,2.5454545454545454
21,62,3.0952380952380953,6,4.071428571428571,3.3529411764705883
24,52,3.4166666666666665,5,5.111111111111111,2.1904761904761907
24,72,3.0416666666666665,6,5.363636363636363,3.2777777777777777
28,95,3.0714285714285716,6,4.611111111111111,3.608695652173913
27,101,4.037037037037037,8,5.052631578947368,4.173913043478261
26,99,2.8461538461538463,5,5.166666666666667,4.2272727272727275
24,42,3.2916666666666665,5,5.285714285714286,1.7619047619047619
29,106,4.068965517241379,7,6.666666666666667,4.0
23,39,2.4782608695652173,5,4.0,1.75
24,42,3.2083333333333335,5,6.0,1.7142857142857142
23,83,3.5217391304347827,6,5.769230769230769,4.166666666666667
30,113,3.966666666666667,6,6.666666666666667,3.8461538461538463
15,29,1.5333333333333334,2,3.5,1.75
27,114,3.111111111111111,6,5.142857142857143,4.695652173913044
26,81,3.3461538461538463,6,4.8125,3.5
23,57,2.6956521739130435,5,3.8333333333333335,2.5555555555555554
25,72,3.0,5,4.571428571428571,3.0476190476190474
25,75,2.84,5,4.928571428571429,3.2857142857142856
24,62,3.0,6,4.0,2.8
29,91,3.413793103448276,6,5.8,3.48
24,34,1.4166666666666667,3,2.75,1.2222222222222223
24,28,1.2083333333333333,2,5.0,1.0
18,37,3.5,6,4.571428571428571,2.2857142857142856
28,61,2.4285714285714284,4,7.2,2.1176470588235294
27,83,3.1481481481481484,5,4.266666666666667,3.0476190476190474
24,55,2.0416666666666665,4,5.5,2.357142857142857
22,61,3.4545454545454546,6,4.333333333333333,2.888888888888889
24,102,3.5416666666666665,6,4.777777777777778,4.3
27,101,3.185185185185185,7,4.9375,4.157894736842105
25,48,2.4,3,6.142857142857143,2.15
25,47,2.6,5,6.0,2.1
22,63,3.3636363636363638,7,3.4705882352941178,3.1052631578947367
28,97,3.7142857142857144,7,4.894736842105263,3.875
16,30,1.375,2,5.0,2.5
26,61,3.576923076923077,6,5.5,2.5
25,65,3.4,6,4.0,2.857142857142857
23,54,2.6956521739130435,5,3.5833333333333335,2.388888888888889
26,93,2.9615384615384617,5,4.35,3.9545454545454546
26,98,4.230769230769231,8,4.526315789473684,3.909090909090909
24,47,2.5833333333333335,4,5.25,2.0
22,67,2.772727272727273,6,5.090909090909091,4.0
27,99,3.6666666666666665,7,5.8125,4.043478260869565
24,69,3.0,5,5.0,3.25
24,88,2.8333333333333335,5,4.555555555555555,4.1
16,30,1.4375,2,3.5,2.0
23,62,3.260869565217391,6,3.8666666666666667,3.0526315789473686
25,75,3.04,5,4.928571428571429,3.2857142857142856
25,73,3.0,5,4.785714285714286,3.1904761904761907
30,152,4.366666666666666,8,6.391304347826087,5.653846153846154
24,39,3.25,5,5.0,1.6666666666666667
29,100,3.103448275862069,6,4.3,3.44
26,92,3.923076923076923,8,4.9375,3.590909090909091
22,66,3.1363636363636362,7,4.5,3.0
15,28,1.5333333333333334,2,3.5,1.75
24,35,3.1666666666666665,5,6.4,1.5238095238095237
23,53,2.4347826086956523,4,6.333333333333333,2.533333333333333
26,60,3.423076923076923,6,3.4375,2.5
27,107,3.111111111111111,6,5.05,4.391304347826087
27,91,2.3703703703703702,5,4.1875,3.1904761904761907
25,71,3.12,6,4.4,3.142857142857143
16,24,1.375,2,2.0,1.3333333333333333
24,34,3.2083333333333335,5,6.2,1.4761904761904763
19,40,2.0526315789473686,4,4.166666666666667,2.272727272727273
18,29,1.3333333333333333,2,3.6666666666666665,1.8333333333333333
25,51,3.36,5,3.8333333333333335,2.1904761904761907
26,56,2.3461538461538463,4,5.25,2.210526315789474
24,74,3.125,5,4.533333333333333,3.4
23,33,3.130434782608696,5,6.0,1.5
27,91,3.1481481481481484,5,5.333333333333333,3.4782608695652173
26,89,3.8846153846153846,7,4.8125,3.5
22,72,3.1818181818181817,7,4.833333333333333,3.2222222222222223
24,35,3.2916666666666665,5,6.4,1.5238095238095237
19,40,2.5789473684210527,5,4.2,1.5
27,81,3.3703703703703702,6,5.5,3.347826086956522
24,54,3.375,6,3.5,2.45
25,52,3.4,6,4.7,2.238095238095238
20,45,2.9,6,3.4166666666666665,2.5625
23,34,3.217391304347826,5,6.2,1.55
27,96,3.3703703703703702,7,5.1875,3.608695652173913
26,85,3.8846153846153846,7,4.866666666666666,3.3181818181818183
22,74,3.1818181818181817,7,4.538461538461538,3.2777777777777777
16,25,1.4375,2,2.5,1.4285714285714286
22,32,3.1818181818181817,5,5.8,1.5263157894736843
20,27,1.8,4,2.8,1.2727272727272727
25,73,3.68,6,5.666666666666667,3.238095238095238
24,70,3.7916666666666665,7,4.266666666666667,3.2
20,38,2.85,6,3.3,2.0625
23,65,3.0869565217391304,5,4.916666666666667,3.1052631578947367
23,40,2.4347826086956523,4,5.142857142857143,1.8
26,82,3.769230769230769,6,6.181818181818182,3.090909090909091
25,57,2.28,5,4.375,2.1875
23,40,1.7826086956521738,3,6.0,1.7142857142857142
23,40,3.1739130434782608,5,4.375,1.75
29,82,2.3793103448275863,5,5.5,3.4375
28,107,3.6785714285714284,7,5.722222222222222,4.291666666666667
16,32,2.3125,4,3.2,1.4545454545454546
22,39,1.7272727272727273,3,4.2,2.1
22,32,3.1818181818181817,5,5.6,1.4736842105263157
27,127,3.962962962962963,8,6.368421052631579,5.260869565217392
31,116,4.451612903225806,8,6.235294117647059,3.925925925925926
24,37,3.2083333333333335,5,6.6,1.5714285714285714
23,38,1.4782608695652173,3,4.75,1.9
18,40,1.6666666666666667,3,4.4,2.4444444444444446
26,84,3.6923076923076925,7,5.333333333333333,3.6363636363636362
27,92,3.111111111111111,5,5.375,3.739130434782609
25,83,3.12,5,5.133333333333334,3.6666666666666665
23,36,3.1739130434782608,5,5.166666666666667,1.55
27,101,3.8518518518518516,8,5.294117647058823,3.9130434782608696
28,107,4.142857142857143,8,5.222222222222222,3.9166666666666665
22,74,3.1818181818181817,7,4.461538461538462,3.2222222222222223
15,28,1.5333333333333334,2,3.5,1.75
23,39,3.3043478260869565,5,4.857142857142857,1.7
27,102,3.259259259259259,6,6.533333333333333,4.260869565217392
29,115,3.896551724137931,7,5.142857142857143,4.32
24,77,3.125,5,4.8,3.6
26,104,2.8846153846153846,5,5.105263157894737,4.409090909090909
23,75,3.3043478260869565,6,5.071428571428571,3.736842105263158
16,31,1.5625,2,3.75,1.6666666666666667
30,151,3.966666666666667,7,6.681818181818182,5.653846153846154
22,66,3.0454545454545454,5,4.538461538461538,3.2777777777777777
23,41,3.5217391304347827,6,3.6,1.8
23,59,2.391304347826087,4,5.142857142857143,2.5714285714285716
28,131,4.071428571428571,8,4.681818181818182,4.478260869565218
24,64,3.4583333333333335,6,4.461538461538462,2.9
24,75,2.75,5,5.3,2.789473684210526
24,40,1.875,4,4.0,1.2307692307692308
22,63,3.090909090909091,7,4.461538461538462,3.2222222222222223
16,36,1.75,3,5.0,2.0
23,44,3.347826086956522,5,5.428571428571429,1.9
22,79,3.772727272727273,8,4.857142857142857,3.7777777777777777
22,54,2.1818181818181817,4,5.142857142857143,2.769230769230769
29,119,3.793103448275862,7,6.055555555555555,4.36
27,82,3.3333333333333335,6,4.588235294117647,3.391304347826087
24,67,2.6666666666666665,5,4.230769230769231,3.0555555555555554
28,80,3.25,6,6.090909090909091,3.0454545454545454
28,100,2.5,4,5.125,3.5652173913043477
28,96,3.642857142857143,7,5.411764705882353,3.8333333333333335
24,44,2.2083333333333335,3,3.8333333333333335,1.3529411764705883
25,108,4.04,8,5.611111111111111,4.590909090909091
28,94,3.9285714285714284,7,5.117647058823529,3.625
24,53,3.25,5,4.2,2.0
28,139,3.5357142857142856,7,6.045454545454546,5.541666666666667
28,92,2.3214285714285716,5,6.6,4.125
26,74,3.3461538461538463,6,5.0,3.1818181818181817
25,47,3.36,5,5.125,1.8636363636363635
27,67,2.0,4,6.0,3.4285714285714284
26,74,3.6153846153846154,6,5.3076923076923075,3.1363636363636362
26,86,3.1153846153846154,5,5.333333333333333,3.6363636363636362
27,102,3.111111111111111,6,5.052631578947368,4.173913043478261
23,37,3.1739130434782608,5,4.125,1.65
29,102,4.0,7,6.214285714285714,3.48
23,46,2.5217391304347827,5,4.571428571428571,2.0
24,37,3.2083333333333335,5,5.5,1.5714285714285714
27,74,2.1481481481481484,4,6.111111111111111,3.9285714285714284
26,75,3.269230769230769,6,4.4375,3.227272727272727
24,64,2.9166666666666665,5,3.9285714285714284,2.75
23,36,3.130434782608696,5,5.166666666666667,1.55
27,133,3.7777777777777777,8,6.684210526315789,5.521739130434782
26,78,2.3076923076923075,5,5.2,3.466666666666667
28,105,4.071428571428571,8,5.2105263157894735,4.125
24,72,3.0,5,4.714285714285714,3.3
23,34,3.130434782608696,5,6.2,1.55
28,104,3.7857142857142856,7,5.157894736842105,4.083333333333333
25,77,3.08,5,5.214285714285714,3.4761904761904763
23,35,3.1739130434782608,5,4.571428571428571,1.6
28,55,3.5,6,4.545454545454546,2.0833333333333335
23,34,3.130434782608696,5,5.166666666666667,1.55
19,58,2.8947368421052633,5,3.909090909090909,3.0714285714285716
29,71,3.4827586206896552,6,4.4,2.64
17,33,1.8823529411764706,3,4.0,1.7777777777777777
26,78,3.076923076923077,6,5.538461538461538,3.272727272727273
25,42,2.16,4,4.166666666666667,1.7857142857142858
24,50,3.3333333333333335,5,3.75,2.25
23,48,2.652173913043478,5,3.1666666666666665,2.111111111111111
23,44,2.5217391304347827,4,4.444444444444445,2.0
26,85,3.769230769230769,6,5.916666666666667,3.227272727272727
24,53,2.25,5,3.7777777777777777,2.2666666666666666
21,35,1.7142857142857142,3,6.666666666666667,1.8181818181818181
23,35,3.130434782608696,5,5.166666666666667,1.55
27,130,3.814814814814815,8,6.526315789473684,5.391304347826087
27,81,2.185185185185185,5,4.909090909090909,3.6
27,77,3.4074074074074074,6,5.615384615384615,3.1739130434782608
26,63,2.8846153846153846,6,4.7272727272727275,2.3636363636363638
24,36,3.2083333333333335,5,6.6,1.5714285714285714
27,130,3.8518518518518516,8,6.526315789473684,5.391304347826087
29,102,4.241379310344827,8,5.647058823529412,3.84
23,34,3.0869565217391304,5,6.2,1.55
27,85,2.4814814814814814,5,5.9,3.6875
29,116,4.0,8,5.238095238095238,4.4
24,67,2.75,5,4.545454545454546,2.6315789473684212
24,36,3.3333333333333335,5,6.6,1.5714285714285714
27,50,3.5555555555555554,6,3.75,1.9565217391304348
17,28,1.3529411764705883,2,3.6666666666666665,1.8333333333333333
26,77,3.3076923076923075,6,5.214285714285714,3.3181818181818183
23,33,3.130434782608696,5,6.0,1.5
28,54,3.5,6,4.083333333333333,2.0416666666666665
25,57,2.32,5,4.5,2.25
20,28,1.3,2,4.333333333333333,2.1666666666666665
23,65,3.260869565217391,6,4.066666666666666,3.210526315789474
18,38,2.2222222222222223,4,5.0,1.6666666666666667
21,53,2.9047619047619047,5,4.2727272727272725,2.764705882352941
28,103,3.892857142857143,7,6.6,4.125
24,32,1.3333333333333333,2,3.3333333333333335,1.25
23,27,1.2173913043478262,2,5.0,1.0
22,65,3.4545454545454546,7,5.090909090909091,3.2941176470588234
30,61,2.3333333333333335,4,6.8,2.0
21,59,3.0952380952380953,5,5.125,2.411764705882353
25,107,3.36,6,5.294117647058823,4.5
24,56,2.5833333333333335,4,5.666666666666667,1.8888888888888888
17,38,2.5294117647058822,5,2.8,2.1538461538461537
23,102,3.5217391304347827,7,5.8125,4.894736842105263
27,94,3.037037037037037,7,4.1875,3.526315789473684
25,47,2.32,3,7.0,2.1
23,65,2.869565217391304,6,4.818181818181818,3.533333333333333
25,60,2.8,5,5.0,2.380952380952381
24,43,3.2083333333333335,5,5.285714285714286,1.7619047619047619
29,72,3.4827586206896552,6,4.466666666666667,2.68
25,60,2.76,5,6.142857142857143,2.388888888888889
24,55,2.5416666666666665,5,5.428571428571429,2.235294117647059
22,70,3.272727272727273,6,4.642857142857143,3.611111111111111
27,75,2.814814814814815,5,6.5,2.6
26,99,3.1153846153846154,6,4.894736842105263,4.2272727272727275
24,72,2.7916666666666665,5,4.4,3.3
22,54,3.4545454545454546,6,3.769230769230769,2.7222222222222223
23,45,2.782608695652174,5,3.272727272727273,2.0
20,51,2.95,5,3.6666666666666665,2.75
25,46,2.28,3,5.857142857142857,2.05
28,100,3.8214285714285716,7,6.0,3.5
15,27,1.4,2,4.0,2.0
21,61,3.142857142857143,6,4.3076923076923075,3.2941176470588234
23,36,3.260869565217391,5,6.2,1.55
27,127,3.925925925925926,8,6.368421052631579,5.260869565217392
27,85,2.3333333333333335,5,4.916666666666667,3.933333333333333
26,86,3.576923076923077,7,5.125,3.727272727272727
23,59,2.608695652173913,5,3.5384615384615383,2.7058823529411766
25,42,3.32,5,5.285714285714286,1.6818181818181819
28,74,2.142857142857143,4,5.444444444444445,3.0625
28,96,3.857142857142857,6,6.5,3.7916666666666665
24,78,3.125,5,5.142857142857143,3.6
27,108,2.962962962962963,5,5.368421052631579,4.434782608695652
22,37,3.227272727272727,5,4.0,1.6842105263157894
28,92,2.7142857142857144,6,4.923076923076923,3.764705882352941
22,84,3.727272727272727,8,4.125,3.6666666666666665
25,70,2.6,5,6.0,2.526315789473684
23,33,1.608695652173913,3,4.0,1.0909090909090908
17,40,2.6470588235294117,5,3.5714285714285716,1.9230769230769231
22,60,3.0454545454545454,6,4.3076923076923075,3.111111111111111
29,134,4.344827586206897,8,6.7894736842105265,5.16
23,41,3.6956521739130435,6,4.0,1.8
26,82,4.423076923076923,8,5.071428571428571,3.0869565217391304
23,51,3.739130434782609,6,4.5,2.25
27,97,3.185185185185185,6,4.933333333333334,3.8947368421052633
28,90,3.75,7,5.0,3.3333333333333335
25,56,3.32,6,4.454545454545454,2.3333333333333335
22,69,3.272727272727273,6,4.428571428571429,3.4444444444444446
24,50,3.4166666666666665,5,6.285714285714286,2.0952380952380953
30,125,3.8333333333333335,7,5.444444444444445,3.769230769230769
27,99,4.074074074074074,8,5.352941176470588,3.9565217391304346
23,43,3.391304347826087,5,6.166666666666667,1.85
22,57,3.590909090909091,7,3.7142857142857144,2.736842105263158
23,63,2.5217391304347827,4,6.0,3.2
29,96,4.0,7,6.5,3.64
24,66,2.7916666666666665,5,4.071428571428571,3.0
23,42,2.130434782608696,4,4.833333333333333,2.0714285714285716
25,79,3.04,6,4.5625,3.4761904761904763
24,51,2.75,5,3.3076923076923075,2.263157894736842
21,52,2.4761904761904763,5,3.2,2.823529411764706
24,35,3.2916666666666665,5,6.4,1.5238095238095237
27,127,3.4074074074074074,7,6.05,5.260869565217392
27,85,2.1481481481481484,5,6.0,3.75
27,79,3.3703703703703702,6,5.769230769230769,3.260869565217391
25,74,3.32,6,5.0,3.3333333333333335
31,136,4.419354838709677,8,6.894736842105263,4.851851851851852
24,48,2.625,4,5.0,2.142857142857143
19,40,2.789473684210526,6,4.285714285714286,2.5
28,77,3.0,5,5.416666666666667,2.7083333333333335
24,40,3.1666666666666665,5,5.0,1.6666666666666667
28,93,2.5,5,6.090909090909091,3.9411764705882355
30,113,3.6,6,5.45,4.1923076923076925
16,30,2.0,4,2.8,1.5555555555555556
22,36,1.8636363636363635,3,5.0,1.8181818181818181
25,36,3.24,5,6.6,1.5
28,90,3.9285714285714284,7,5.5,3.2083333333333335
24,45,2.5416666666666665,5,5.0,1.7647058823529411
24,37,3.2083333333333335,5,5.5,1.5714285714285714
27,91,2.5555555555555554,5,5.5,3.8823529411764706
28,104,3.4642857142857144,6,5.2631578947368425,4.166666666666667
16,27,1.375,2,3.6666666666666665,1.8333333333333333
25,39,3.28,5,5.833333333333333,1.5909090909090908
27,67,2.0,4,6.428571428571429,3.2142857142857144
26,76,3.6153846153846154,6,5.461538461538462,3.227272727272727
16,30,1.5,2,3.5,1.75
22,62,3.227272727272727,6,3.8666666666666667,3.2222222222222223
23,33,3.0869565217391304,5,6.0,1.5
19,39,2.0526315789473686,4,4.166666666666667,2.272727272727273
27,84,3.7777777777777777,6,6.076923076923077,3.4347826086956523
27,109,3.0,6,5.722222222222222,4.478260869565218
24,70,3.25,6,4.4,3.3
24,54,2.75,5,3.230769230769231,2.210526315789474
24,81,2.875,5,3.9473684210526314,3.75
23,36,3.1739130434782608,5,4.714285714285714,1.65
27,70,2.074074074074074,4,5.875,3.357142857142857
25,80,3.56,6,5.6923076923076925,3.5238095238095237
24,54,2.9166666666666665,5,3.2142857142857144,2.25
24,68,3.0,6,5.166666666666667,3.1
21,53,2.9523809523809526,5,4.0,2.823529411764706
24,76,2.875,5,3.6842105263157894,3.5
20,49,2.9,6,3.4615384615384617,2.8125
16,24,1.4375,2,2.25,1.2857142857142858
21,53,3.0476190476190474,6,3.8333333333333335,2.7058823529411766
23,41,2.5217391304347827,4,4.75,1.9
25,85,3.68,6,6.545454545454546,3.4285714285714284
25,51,2.16,5,4.285714285714286,2.0
22,37,1.7272727272727273,3,5.25,1.6153846153846154
23,34,3.130434782608696,5,5.166666666666667,1.55
28,93,3.642857142857143,7,5.117647058823529,3.625
24,57,2.75,5,3.3076923076923075,2.263157894736842
23,35,3.0869565217391304,5,6.2,1.55
27,82,2.4444444444444446,5,5.5,3.4375
28,101,3.4642857142857144,6,5.388888888888889,4.041666666666667
16,28,1.375,2,4.0,2.0
23,33,3.0869565217391304,5,6.0,1.5
27,68,2.037037037037037,4,5.75,3.2857142857142856
26,77,3.6153846153846154,6,5.538461538461538,3.272727272727273
25,80,3.08,5,5.0,3.5714285714285716
26,99,2.8846153846153846,5,5.166666666666667,4.2272727272727275
22,31,3.0454545454545454,5,5.6,1.4736842105263157
21,63,3.619047619047619,7,4.3076923076923075,3.2941176470588234
26,66,2.8076923076923075,5,4.0,2.4761904761904763
26,60,2.0,3,6.333333333333333,2.533333333333333
24,71,3.0833333333333335,6,5.416666666666667,3.25
24,74,2.8333333333333335,5,4.0,3.4
23,65,2.739130434782609,5,4.538461538461538,3.1052631578947367
19,35,1.894736842105263,3,3.8333333333333335,1.9166666666666667
23,50,3.347826086956522,6,3.4615384615384617,2.3684210526315788
25,43,1.96,4,4.166666666666667,1.9230769230769231
17,41,2.588235294117647,4,5.4,2.076923076923077
19,40,2.263157894736842,4,3.0,2.4
21,30,3.142857142857143,5,4.5,1.5
19,37,1.631578947368421,3,3.6,2.0
25,50,3.36,5,3.4615384615384617,2.142857142857143
20,28,1.5,3,2.8,1.75
21,52,2.7142857142857144,5,3.4285714285714284,2.823529411764706
29,111,4.482758620689655,8,5.526315789473684,4.2
23,43,2.5217391304347827,4,4.444444444444445,2.0
26,71,3.6538461538461537,6,4.583333333333333,2.391304347826087
24,59,2.625,5,3.230769230769231,2.3333333333333335
28,118,3.142857142857143,6,5.090909090909091,4.666666666666667
26,85,3.923076923076923,7,5.333333333333333,3.6363636363636362
24,35,3.3333333333333335,5,6.4,1.5238095238095237
28,57,3.5714285714285716,6,4.333333333333333,2.1666666666666665
23,33,3.260869565217391,5,6.0,1.5
23,61,2.391304347826087,4,5.428571428571429,2.7142857142857144
19,36,1.8421052631578947,3,4.25,1.7
23,61,3.608695652173913,6,4.666666666666667,2.9473684210526314
25,54,3.4,6,4.9,2.3333333333333335
20,50,2.85,6,3.5384615384615383,2.875
23,53,2.5652173913043477,5,3.1538461538461537,2.411764705882353
23,38,3.217391304347826,5,6.6,1.65
19,37,1.8421052631578947,4,3.5,2.3333333333333335
26,84,3.423076923076923,6,6.0,3.5454545454545454
23,57,2.8260869565217392,5,3.6923076923076925,2.526315789473684
22,62,3.272727272727273,6,4.833333333333333,3.2222222222222223
29,135,4.241379310344827,8,6.7368421052631575,5.12
22,35,3.227272727272727,5,4.285714285714286,1.5789473684210527
27,130,4.0,8,5.75,5.0
31,118,3.967741935483871,7,5.894736842105263,4.148148148148148
28,122,3.107142857142857,6,5.523809523809524,4.833333333333333
28,123,3.607142857142857,7,5.777777777777778,4.333333333333333
27,105,3.4074074074074074,7,5.5,4.304347826086956
22,55,2.8181818181818183,5,3.8333333333333335,2.5555555555555554
25,41,3.32,5,5.285714285714286,1.6818181818181819
27,126,4.0,8,5.2,4.521739130434782
28,126,4.107142857142857,8,4.454545454545454,4.260869565217392
28,124,3.892857142857143,8,6.2105263157894735,4.916666666666667
28,88,3.607142857142857,6,5.538461538461538,3.0
26,96,3.1923076923076925,6,5.466666666666667,3.727272727272727
24,41,3.4166666666666665,5,5.428571428571429,1.8095238095238095
19,45,2.8421052631578947,5,4.0,2.0
27,93,3.5555555555555554,6,6.214285714285714,3.782608695652174
27,77,3.5925925925925926,7,5.166666666666667,2.6956521739130435
25,100,2.88,5,4.7,4.476190476190476
24,51,2.5,4,5.111111111111111,2.1904761904761907
27,90,4.037037037037037,7,4.923076923076923,2.6666666666666665
25,75,2.64,5,5.888888888888889,2.789473684210526
22,50,1.9545454545454546,3,6.2,2.5833333333333335
16,37,2.0,3,3.5,1.9090909090909092
25,78,3.04,6,4.933333333333334,3.5238095238095237
24,58,2.75,5,3.923076923076923,2.6842105263157894
24,42,3.25,5,4.0,1.7142857142857142
27,68,2.0,4,6.375,3.642857142857143
27,105,3.814814814814815,7,5.157894736842105,4.260869565217392
25,79,3.0,5,4.866666666666666,3.4761904761904763
25,74,3.04,6,5.230769230769231,3.238095238095238
28,89,3.5357142857142856,6,5.1875,3.4583333333333335
24,36,3.3333333333333335,5,6.4,1.5238095238095237
27,103,3.5925925925925926,7,4.882352941176471,3.608695652173913
30,111,3.6,6,5.35,4.115384615384615
23,38,3.1739130434782608,5,4.125,1.65
26,93,2.6153846153846154,5,6.2727272727272725,4.0588235294117645
27,69,3.4074074074074074,6,4.0,2.782608695652174
26,61,3.6923076923076925,7,5.5,2.5
23,64,3.217391304347826,6,4.214285714285714,3.1052631578947367
24,38,3.2083333333333335,5,6.6,1.5714285714285714
27,109,3.259259259259259,6,6.866666666666666,4.478260869565218
20,33,1.75,3,3.8,2.111111111111111
27,81,3.4074074074074074,6,5.133333333333334,3.347826086956522
24,60,2.6666666666666665,5,4.166666666666667,2.6315789473684212
26,100,2.8461538461538463,5,4.947368421052632,4.2727272727272725
23,33,3.130434782608696,5,6.0,1.5
28,57,3.5714285714285716,6,4.416666666666667,2.2083333333333335
25,59,2.16,5,5.0,2.6666666666666665
24,38,3.25,5,4.857142857142857,1.619047619047619
28,93,2.5,5,6.090909090909091,3.9411764705882355
29,104,4.0344827586206895,7,6.533333333333333,3.92
24,82,3.4166666666666665,7,4.055555555555555,3.65
16,29,1.5,2,3.25,1.625
30,125,4.333333333333333,8,6.315789473684211,4.615384615384615
23,46,2.608695652173913,4,5.25,2.1
26,89,2.8461538461538463,6,4.533333333333333,3.238095238095238
25,91,3.92,8,5.642857142857143,3.761904761904762
20,61,3.15,7,4.083333333333333,3.0625
15,25,1.5333333333333334,2,2.75,1.375
24,42,3.2083333333333335,5,5.428571428571429,1.8095238095238095
20,45,2.2,4,4.166666666666667,1.7857142857142858
28,84,3.4642857142857144,6,5.714285714285714,3.3333333333333335
27,73,3.4074074074074074,6,5.6,2.5454545454545454
25,93,2.84,5,5.117647058823529,4.142857142857143
27,104,3.7777777777777777,7,5.333333333333333,4.173913043478261
16,27,1.5,2,2.75,1.375
23,60,2.782608695652174,5,4.0,2.9473684210526314
23,34,3.130434782608696,5,5.166666666666667,1.55
27,108,3.185185185185185,6,6.375,4.434782608695652
28,86,2.107142857142857,4,4.142857142857143,3.411764705882353
25,58,3.44,6,3.533333333333333,2.5238095238095237
16,28,1.875,4,2.4,1.5
17,33,2.0588235294117645,4,2.6666666666666665,1.6
22,31,3.1818181818181817,5,5.6,1.4736842105263157
27,81,2.4074074074074074,5,5.4,3.375
25,60,3.44,6,3.6666666666666665,2.619047619047619
26,64,3.6153846153846154,6,5.8,2.6363636363636362
23,58,3.0869565217391304,6,4.076923076923077,2.789473684210526
23,35,3.260869565217391,5,6.4,1.6
19,39,2.0,3,5.0,1.8181818181818181
26,78,3.3461538461538463,6,5.285714285714286,3.3636363636363638
25,74,3.48,6,5.666666666666667,3.238095238095238
23,65,2.9565217391304346,5,4.214285714285714,3.1052631578947367
26,91,3.6538461538461537,7,4.666666666666667,3.8181818181818183
16,24,1.4375,2,2.25,1.2857142857142858
20,47,2.7,5,3.3076923076923075,2.6875
22,31,3.1818181818181817,5,5.6,1.4736842105263157
23,56,2.5217391304347827,4,6.666666666666667,2.6666666666666665
29,92,3.7586206896551726,6,5.538461538461538,3.0
16,26,1.5,2,2.75,1.375
22,31,3.1818181818181817,5,5.6,1.4736842105263157
29,56,3.6206896551724137,6,3.642857142857143,2.04
24,78,3.125,5,5.214285714285714,3.65
23,34,3.260869565217391,5,5.166666666666667,1.55
27,71,2.037037037037037,4,7.0,3.2666666666666666
27,101,4.148148148148148,8,5.277777777777778,4.130434782608695
27,82,3.5555555555555554,6,4.642857142857143,2.8260869565217392
26,88,2.6153846153846154,5,4.866666666666666,3.3181818181818183
29,106,3.9310344827586206,7,7.285714285714286,4.08
23,31,1.4782608695652173,3,3.0,1.2
23,26,1.173913043478261,2,4.0,1.0
22,81,3.409090909090909,7,5.071428571428571,4.176470588235294
22,68,3.590909090909091,7,4.066666666666666,3.388888888888889
22,66,3.4545454545454546,6,4.153846153846154,3.0
27,73,2.111111111111111,4,3.2857142857142856,2.5555555555555554
24,58,2.6666666666666665,4,6.333333333333333,2.0
25,121,3.88,8,5.947368421052632,5.380952380952381
26,67,2.730769230769231,6,3.727272727272727,2.2777777777777777
22,83,3.227272727272727,6,5.923076923076923,4.277777777777778
27,100,3.6296296296296298,7,4.294117647058823,3.4761904761904763
25,48,2.32,3,6.142857142857143,2.15
19,32,1.631578947368421,4,3.2,2.2857142857142856
16,34,1.625,3,4.5,2.25
27,83,3.3703703703703702,6,5.266666666666667,3.4347826086956523
20,39,1.8,3,4.8,2.4
24,58,3.625,6,4.416666666666667,2.65
22,64,3.0,5,4.833333333333333,3.2222222222222223
24,87,2.875,5,4.2631578947368425,4.05
22,60,2.909090909090909,6,4.0,3.111111111111111
16,27,1.375,2,3.6666666666666665,1.8333333333333333
23,56,3.4782608695652173,6,3.923076923076923,2.6842105263157894
26,99,3.6923076923076925,7,4.722222222222222,3.8636363636363638
20,53,3.05,6,3.8333333333333335,2.875
23,37,3.260869565217391,5,4.571428571428571,1.6
29,63,3.6206896551724137,6,4.461538461538462,2.32
25,78,3.16,5,5.214285714285714,3.4761904761904763
25,81,3.16,5,5.357142857142857,3.5714285714285716
29,125,4.413793103448276,8,5.318181818181818,4.68
24,43,3.625,6,4.222222222222222,1.8095238095238095
28,136,4.107142857142857,8,5.909090909090909,5.416666666666667
28,88,2.2857142857142856,5,5.0,4.0
25,60,3.72,7,4.5,2.5714285714285716
27,100,3.0,6,4.428571428571429,4.043478260869565
24,41,3.25,5,4.5,1.7142857142857142
30,99,3.3333333333333335,6,5.0,2.8846153846153846
28,100,3.75,7,5.333333333333333,4.0
25,52,3.4,6,4.7,2.238095238095238
22,65,3.1363636363636362,6,4.357142857142857,3.388888888888889
16,30,1.4375,2,4.666666666666667,2.0
25,46,3.32,5,4.444444444444445,1.8181818181818181
20,46,2.25,4,5.8,2.4166666666666665
28,103,3.9642857142857144,7,5.823529411764706,4.125
25,63,3.36,5,3.8,2.7142857142857144
22,42,2.227272727272727,4,5.166666666666667,1.8235294117647058
24,43,3.375,5,4.625,1.7619047619047619
26,100,3.1923076923076925,5,5.875,4.2727272727272725
31,116,4.290322580645161,7,7.266666666666667,4.037037037037037
24,48,3.7916666666666665,6,4.666666666666667,2.0
22,57,2.727272727272727,5,5.625,3.0
28,89,3.607142857142857,6,5.1875,3.4583333333333335
16,36,1.8125,3,3.3333333333333335,2.2222222222222223
20,46,2.25,4,4.714285714285714,2.75
24,51,2.6666666666666665,5,4.0,2.3157894736842106
24,52,3.7916666666666665,6,5.222222222222222,2.238095238095238
29,102,4.0344827586206895,7,6.266666666666667,3.76
22,76,3.3636363636363638,7,4.125,3.6666666666666665
16,33,1.5625,2,4.5,2.0
24,42,3.2083333333333335,5,6.0,1.7142857142857142
23,51,2.391304347826087,4,5.571428571428571,2.6
26,67,3.423076923076923,6,3.875,2.8181818181818183
28,114,3.107142857142857,6,4.909090909090909,4.5
27,90,2.2222222222222223,4,4.714285714285714,3.3
24,69,3.2083333333333335,6,4.266666666666667,3.2
15,26,1.4666666666666666,2,2.75,1.5714285714285714
30,139,4.0,7,6.285714285714286,5.076923076923077
25,77,3.16,6,5.076923076923077,3.142857142857143
28,98,3.4642857142857144,6,6.266666666666667,3.9166666666666665
24,35,1.4166666666666667,3,3.0,1.3333333333333333
19,31,1.7894736842105263,3,4.25,1.8888888888888888
29,100,3.8275862068965516,6,6.428571428571429,3.6
29,97,3.7586206896551726,6,5.25,3.36
20,35,2.3,4,4.5,1.8
24,54,3.2083333333333335,5,5.25,2.0
23,82,2.782608695652174,5,5.461538461538462,3.9444444444444446
30,107,3.9,6,6.214285714285714,3.3461538461538463
15,32,1.4666666666666666,2,4.25,2.4285714285714284
22,38,2.5,5,5.0,1.7647058823529411
29,145,4.413793103448276,8,6.363636363636363,5.6
24,47,3.25,5,4.444444444444445,1.9047619047619047
26,88,2.423076923076923,5,7.111111111111111,4.0
28,92,3.9285714285714284,7,5.666666666666667,3.5416666666666665
28,83,2.8214285714285716,5,6.444444444444445,2.6363636363636362
24,40,3.25,5,7.0,1.6666666666666667
21,34,2.142857142857143,5,3.8,1.7272727272727273
19,35,1.4210526315789473,3,4.25,2.4285714285714284
26,81,3.6153846153846154,6,5.769230769230769,3.409090909090909
21,42,1.8571428571428572,3,5.4,2.25
26,89,2.6538461538461537,5,5.066666666666666,3.4545454545454546
24,83,2.875,5,4.052631578947368,3.85
22,33,3.1363636363636362,5,4.285714285714286,1.5789473684210527
27,55,3.4074074074074074,6,4.545454545454546,2.1739130434782608
24,48,2.25,5,4.0,2.1333333333333333
22,38,1.7727272727272727,3,5.75,1.7692307692307692
24,38,3.25,5,4.857142857142857,1.619047619047619
19,32,1.3157894736842106,2,5.0,2.5
27,80,3.7037037037037037,6,6.25,3.260869565217391
27,80,3.7037037037037037,6,5.615384615384615,3.1739130434782608
21,37,2.238095238095238,4,4.0,1.75
19,42,2.3157894736842106,4,4.0,1.8461538461538463
25,52,2.56,5,4.666666666666667,2.1
23,35,3.1739130434782608,5,6.4,1.6
27,107,3.185185185185185,6,6.375,4.434782608695652
28,81,1.8928571428571428,4,4.818181818181818,3.533333333333333
26,90,3.8461538461538463,8,5.25,3.8181818181818183
24,53,2.7916666666666665,5,3.3846153846153846,2.3157894736842106
22,57,3.0,6,3.7142857142857144,2.888888888888889
21,55,3.0476190476190474,6,3.6923076923076925,2.823529411764706
22,33,3.227272727272727,5,6.0,1.5789473684210527
27,127,3.4444444444444446,7,6.722222222222222,5.260869565217392
26,79,1.9615384615384615,4,4.818181818181818,3.533333333333333
26,86,3.6153846153846154,7,4.823529411764706,3.727272727272727
23,35,3.260869565217391,5,6.4,1.6
27,69,2.0,4,6.571428571428571,3.2857142857142856
26,71,3.6153846153846154,6,5.076923076923077,3.0
23,62,3.5652173913043477,6,4.666666666666667,2.9473684210526314
24,54,2.7916666666666665,5,3.142857142857143,2.3157894736842106
30,123,4.333333333333333,8,6.611111111111111,4.576923076923077
24,35,1.7916666666666667,4,3.2,1.3333333333333333
23,28,1.2608695652173914,2,6.0,1.0
23,97,4.043478260869565,8,5.166666666666667,4.894736842105263
27,89,3.962962962962963,7,6.0,3.130434782608696
29,173,4.068965517241379,8,7.0476190476190474,5.92
26,114,3.3076923076923075,6,4.85,4.619047619047619
27,101,3.7777777777777777,7,5.125,3.5652173913043477
21,45,1.9523809523809523,4,5.0,2.5
29,46,1.3448275862068966,3,4.25,1.8888888888888888
24,44,1.4166666666666667,2,10.0,2.0
24,97,3.375,6,5.4,4.2631578947368425
26,93,3.5384615384615383,7,4.1875,3.1904761904761907
25,43,2.32,3,6.333333333333333,1.9
24,95,3.9166666666666665,8,5.117647058823529,4.35
29,88,2.310344827586207,5,4.769230769230769,3.875
25,83,3.32,6,4.8125,3.6666666666666665
25,41,3.28,5,6.0,1.6363636363636365
27,66,2.0,4,6.428571428571429,3.2142857142857144
27,85,3.7037037037037037,6,5.714285714285714,3.4782608695652173
25,74,3.6,6,4.785714285714286,3.1904761904761907
24,57,2.9166666666666665,5,3.4285714285714284,2.4
29,147,4.344827586206897,8,7.421052631578948,5.64
24,44,3.25,5,4.75,1.8095238095238095
28,137,4.107142857142857,8,6.55,5.458333333333333
27,84,2.3333333333333335,5,5.2727272727272725,3.8666666666666667
25,81,3.56,7,5.428571428571429,3.619047619047619
25,43,3.32,5,6.166666666666667,1.6818181818181819
27,101,3.185185185185185,6,6.0625,4.217391304347826
26,91,4.423076923076923,8,4.411764705882353,3.409090909090909
25,68,2.76,5,3.7857142857142856,2.65
27,100,4.185185185185185,8,5.0,3.9130434782608696
24,37,3.25,5,5.333333333333333,1.5238095238095237
28,95,3.7142857142857144,7,4.888888888888889,3.6666666666666665
27,114,2.962962962962963,6,5.4,4.695652173913044
25,40,3.28,5,5.0,1.5909090909090908
28,94,3.6785714285714284,7,4.833333333333333,3.625
25,80,3.08,5,5.357142857142857,3.5714285714285716
25,41,3.32,5,4.5,1.6363636363636365
31,114,3.4193548387096775,6,5.866666666666666,3.259259259259259
29,109,4.275862068965517,8,6.117647058823529,4.16
27,105,3.111111111111111,6,4.714285714285714,4.304347826086956
25,41,3.32,5,4.5,1.6363636363636365
28,77,2.1785714285714284,4,5.888888888888889,3.3125
26,83,3.6538461538461537,6,5.923076923076923,3.5
26,79,3.6538461538461537,6,4.5625,3.3181818181818183
23,60,2.9130434782608696,5,3.923076923076923,2.6842105263157894
17,39,2.411764705882353,4,3.6666666666666665,1.8333333333333333
25,72,2.8,5,5.076923076923077,3.142857142857143
20,41,2.0,3,4.142857142857143,2.230769230769231
25,82,2.68,5,4.733333333333333,3.380952380952381
23,69,2.869565217391304,5,3.5,3.3157894736842106
22,39,3.590909090909091,6,3.6,1.894736842105263
31,116,3.774193548387097,7,6.357142857142857,3.423076923076923
28,106,4.107142857142857,8,6.0,4.0
29,104,3.413793103448276,7,5.357142857142857,3.0
30,125,4.1,7,7.4375,4.576923076923077
25,34,1.48,3,3.25,1.1818181818181819
25,30,1.2,2,5.0,1.0
18,50,3.5555555555555554,6,4.333333333333333,2.7857142857142856
27,97,3.5925925925925926,7,4.375,3.1818181818181817
27,147,4.111111111111111,8,6.136363636363637,5.869565217391305
22,85,3.590909090909091,6,4.533333333333333,3.7777777777777777
25,78,3.04,6,4.933333333333334,3.5238095238095237
24,58,2.75,5,3.923076923076923,2.6842105263157894
30,141,4.333333333333333,8,6.523809523809524,5.269230769230769
24,43,3.625,6,4.222222222222222,1.8095238095238095
21,42,2.1904761904761907,4,4.714285714285714,2.5384615384615383
27,65,2.740740740740741,5,3.8125,2.652173913043478
25,84,3.16,7,4.8125,3.6666666666666665
15,27,1.5333333333333334,2,3.25,1.625
24,35,3.2916666666666665,5,6.2,1.4761904761904763
27,60,3.4074074074074074,6,5.090909090909091,2.4347826086956523
26,60,2.3461538461538463,5,5.125,2.411764705882353
22,38,2.090909090909091,4,6.25,1.7857142857142858
25,37,3.24,5,6.6,1.5
23,54,2.4347826086956523,4,5.857142857142857,2.7333333333333334
18,38,1.5,3,5.0,2.5
28,83,3.392857142857143,6,5.642857142857143,3.2916666666666665
26,83,3.1153846153846154,5,4.529411764705882,3.5
27,90,2.4444444444444446,4,4.1875,3.0454545454545454
25,39,3.32,5,7.0,1.5909090909090908
28,63,3.5,6,5.2727272727272725,2.4166666666666665
27,63,2.4814814814814814,5,5.0,2.3684210526315788
22,36,1.8181818181818181,3,5.25,1.6153846153846154
24,36,3.2083333333333335,5,5.5,1.5714285714285714
27,106,3.185185185185185,6,6.375,4.434782608695652
30,80,2.6666666666666665,5,5.1,2.4285714285714284
28,97,3.4285714285714284,6,5.111111111111111,3.8333333333333335
26,79,3.3461538461538463,6,4.6875,3.409090909090909
26,92,2.8846153846153846,5,4.3,3.909090909090909
31,128,4.451612903225806,8,6.833333333333333,4.555555555555555
24,47,2.625,4,4.888888888888889,2.0952380952380953
22,87,4.045454545454546,8,5.1875,4.368421052631579
29,105,3.0344827586206895,5,4.588235294117647,3.391304347826087
29,117,3.7241379310344827,7,5.842105263157895,4.44
27,98,3.111111111111111,6,4.380952380952381,4.0
27,92,2.6666666666666665,5,4.588235294117647,3.391304347826087
22,62,3.090909090909091,6,3.8,3.1666666666666665
15,25,1.4666666666666666,2,2.5,1.4285714285714286
25,38,3.28,5,7.0,1.5909090909090908
28,63,3.5,6,5.2727272727272725,2.4166666666666665
31,92,3.032258064516129,5,6.2,2.48
26,63,3.423076923076923,6,3.625,2.6363636363636362
26,58,2.269230769230769,5,4.444444444444445,2.2222222222222223
30,145,4.333333333333333,8,6.363636363636363,5.384615384615385
23,36,3.1739130434782608,5,4.714285714285714,1.65
28,92,3.9642857142857144,7,6.5,3.25
16,27,1.4375,2,2.75,1.5714285714285714
23,36,3.1739130434782608,5,4.714285714285714,1.65
28,99,3.7142857142857144,7,4.75,3.1666666666666665
27,79,2.3333333333333335,5,5.2,3.25
28,91,3.392857142857143,6,5.375,3.5833333333333335
16,28,1.375,2,4.0,2.0
26,78,3.3461538461538463,6,4.933333333333334,3.3636363636363638
25,38,3.28,5,7.0,1.5909090909090908
27,87,3.5555555555555554,7,4.764705882352941,3.5217391304347827
25,82,3.08,5,5.428571428571429,3.619047619047619
23,33,3.0869565217391304,5,6.0,1.5
27,126,3.8518518518518516,8,6.666666666666667,5.217391304347826
26,80,2.3461538461538463,5,4.909090909090909,3.6
30,85,2.966666666666667,6,5.071428571428571,2.730769230769231
25,39,3.32,5,7.2,1.6363636363636365
27,65,3.5185185185185186,6,4.0,2.608695652173913
22,27,1.5454545454545454,3,3.6666666666666665,1.1
26,74,3.6153846153846154,6,5.3076923076923075,3.1363636363636362
22,38,2.1363636363636362,3,5.8,1.7058823529411764
21,56,3.142857142857143,6,3.7142857142857144,3.0588235294117645
28,111,3.9642857142857144,7,6.294117647058823,4.458333333333333
24,32,1.375,2,3.6666666666666665,1.2222222222222223
29,133,4.103448275862069,8,6.0,4.56
25,64,3.44,6,4.071428571428571,2.7142857142857144
21,46,2.238095238095238,5,4.428571428571429,2.3846153846153846
22,43,1.9545454545454546,3,5.4,2.25
25,57,2.8,5,5.333333333333333,2.2857142857142856
24,46,3.2083333333333335,5,5.571428571428571,1.8571428571428572
27,129,3.888888888888889,8,6.473684210526316,5.3478260869565215
27,79,2.3333333333333335,5,5.2,3.466666666666667
26,81,3.576923076923077,7,5.357142857142857,3.409090909090909
24,39,3.2083333333333335,5,7.0,1.6666666666666667
19,37,1.9473684210526316,4,3.6666666666666665,2.2
25,51,3.36,5,3.8333333333333335,2.1904761904761907
16,27,1.375,2,3.6666666666666665,1.8333333333333333
24,73,3.25,6,4.533333333333333,3.4
23,50,2.4782608695652173,5,2.923076923076923,2.235294117647059
24,80,2.875,5,3.8947368421052633,3.7
23,66,3.0434782608695654,5,4.615384615384615,3.1578947368421053
22,32,3.1818181818181817,5,4.833333333333333,1.5263157894736843
28,89,4.142857142857143,7,6.818181818181818,3.125
23,60,2.9130434782608696,5,6.142857142857143,2.388888888888889
23,39,3.1739130434782608,5,5.0,1.75
28,103,3.2142857142857144,5,6.125,4.083333333333333
30,110,4.2,8,6.5,4.0
25,40,3.32,5,5.833333333333333,1.5909090909090908
22,55,2.5454545454545454,5,6.0,3.0
26,67,3.423076923076923,6,3.6470588235294117,2.8181818181818183
26,97,3.8461538461538463,8,5.294117647058823,4.090909090909091
15,25,1.5333333333333334,2,3.0,1.5
23,35,3.260869565217391,5,6.4,1.6
27,56,3.5555555555555554,6,4.25,2.217391304347826
23,37,3.1739130434782608,5,5.333333333333333,1.6
23,71,2.6956521739130435,5,6.125,3.0625
28,101,3.2142857142857144,6,4.055555555555555,3.4761904761904763
28,104,3.9285714285714284,7,5.105263157894737,4.041666666666667
16,32,2.25,4,3.0,1.6363636363636365
20,38,2.2,4,2.8,1.8666666666666667
30,133,4.366666666666666,8,6.7894736842105265,4.961538461538462
23,49,2.5217391304347827,4,4.2,2.1
29,144,4.137931034482759,8,6.473684210526316,4.92
25,66,3.44,6,4.142857142857143,2.761904761904762
22,50,2.090909090909091,4,5.833333333333333,2.6923076923076925
23,51,2.0434782608695654,4,5.333333333333333,2.4615384615384617
26,86,3.1153846153846154,6,5.714285714285714,3.6363636363636362
19,50,2.736842105263158,6,3.4615384615384617,3.0
15,27,1.5333333333333334,2,3.5,1.75
22,38,3.227272727272727,5,4.125,1.736842105263158
28,135,4.071428571428571,8,6.45,5.375
28,103,2.892857142857143,7,4.6875,4.166666666666667
25,84,3.64,7,4.9375,3.761904761904762
23,42,3.347826086956522,5,4.625,1.85
28,80,2.357142857142857,5,5.4,3.176470588235294
25,63,3.36,5,3.8,2.7142857142857144
24,70,2.9583333333333335,5,4.214285714285714,2.95
30,142,4.366666666666666,8,5.869565217391305,5.1923076923076925
23,46,3.6956521739130435,6,4.0,2.0
27,130,4.0,8,5.409090909090909,5.173913043478261
28,116,3.8214285714285716,8,4.684210526315789,4.045454545454546
26,96,3.8846153846153846,7,5.0,3.8636363636363638
25,83,2.6,5,6.555555555555555,3.1052631578947367
24,49,3.4166666666666665,5,5.5,2.0952380952380953
24,70,3.0416666666666665,6,5.7,3.1666666666666665
29,111,3.3448275862068964,7,5.095238095238095,4.28
29,133,4.344827586206897,8,6.142857142857143,5.16
24,51,3.7083333333333335,6,4.181818181818182,2.1904761904761907
21,48,3.0476190476190474,6,3.4615384615384617,2.5
31,137,4.096774193548387,8,6.55,4.851851851851852
22,41,2.5,4,4.125,1.9411764705882353
23,64,3.1739130434782608,6,4.0,3.1578947368421053
21,59,3.3333333333333335,7,3.642857142857143,3.0
27,92,3.4814814814814814,7,5.666666666666667,3.6956521739130435
30,141,3.1666666666666665,6,6.75,5.1923076923076925
29,103,3.1724137931034484,6,5.388888888888889,3.88
25,95,2.88,5,4.45,4.238095238095238
28,77,2.8214285714285716,5,6.666666666666667,2.727272727272727
26,82,2.5384615384615383,5,4.785714285714286,3.1904761904761907
23,65,3.0,6,3.75,3.1578947368421053
24,64,3.0,6,4.384615384615385,2.85
24,36,3.25,5,5.5,1.5714285714285714
28,132,3.5357142857142856,7,6.0,5.25
28,89,2.3214285714285716,5,6.2,3.875
26,64,3.3846153846153846,6,4.214285714285714,2.6818181818181817
28,105,3.107142857142857,6,4.5,4.125
24,36,3.2083333333333335,5,6.6,1.5714285714285714
27,112,3.259259259259259,6,7.066666666666666,4.608695652173913
29,89,2.2413793103448274,5,6.0,3.75
25,61,3.44,6,3.7333333333333334,2.6666666666666665
15,27,1.8666666666666667,3,3.0,1.5
17,31,1.8823529411764706,3,3.5,1.5555555555555556
25,40,3.36,5,6.166666666666667,1.6818181818181819
20,37,1.85,3,4.6,2.3
27,80,3.4074074074074074,6,5.428571428571429,3.3043478260869565
24,60,2.7083333333333335,5,3.5,2.5789473684210527
24,37,3.25,5,4.857142857142857,1.619047619047619
27,122,3.4444444444444446,7,6.444444444444445,5.043478260869565
27,83,2.259259259259259,5,5.6,3.7333333333333334
28,74,3.107142857142857,6,4.428571428571429,2.5833333333333335
25,37,3.28,5,6.8,1.5454545454545454
22,32,1.6818181818181819,3,4.25,1.7
19,37,1.5263157894736843,3,4.5,2.25
26,75,3.3846153846153846,6,5.071428571428571,3.227272727272727
24,55,3.3333333333333335,5,4.166666666666667,2.5
25,87,2.96,5,4.2631578947368425,3.857142857142857
27,79,2.4074074074074074,4,5.2727272727272725,2.6363636363636362
24,37,3.2083333333333335,5,6.8,1.619047619047619
22,69,3.1818181818181817,6,4.5,3.5
21,40,1.8095238095238095,3,4.8,2.4
28,112,4.178571428571429,8,6.352941176470588,4.5
24,37,3.25,5,4.857142857142857,1.619047619047619
22,66,3.6363636363636362,7,4.0,3.3333333333333335
17,30,1.3529411764705883,2,4.333333333333333,2.1666666666666665
27,81,3.5555555555555554,6,4.833333333333333,2.5217391304347827
26,87,2.4615384615384617,5,4.0625,3.0952380952380953
27,79,3.2222222222222223,6,4.625,3.217391304347826
23,46,2.5652173913043477,5,3.0,2.1176470588235294
22,60,3.0454545454545454,6,4.0,2.888888888888889
23,42,2.5217391304347827,4,4.875,1.95
21,57,3.1904761904761907,6,3.3125,2.9444444444444446
28,96,2.607142857142857,5,4.0,3.238095238095238
25,59,3.44,6,3.857142857142857,2.5714285714285716
15,30,2.2666666666666666,4,3.0,1.5
18,37,2.2222222222222223,4,3.8,1.5833333333333333
30,122,4.5,8,5.85,4.5
24,38,3.3333333333333335,5,5.666666666666667,1.619047619047619
23,53,2.4347826086956523,4,6.166666666666667,2.466666666666667
30,111,3.933333333333333,6,6.571428571428571,3.5384615384615383
16,27,1.5,2,3.0,1.5
25,38,3.28,5,6.8,1.5454545454545454
27,129,3.4444444444444446,7,6.473684210526316,5.3478260869565215
27,80,2.2222222222222223,5,5.3,3.533333333333333
24,51,3.375,6,3.5384615384615383,2.3
28,106,3.107142857142857,6,4.545454545454546,4.166666666666667
25,38,3.28,5,7.0,1.5909090909090908
23,54,3.0,6,5.0,2.5
25,58,3.4,6,3.7857142857142856,2.5238095238095237
22,68,3.0,5,4.769230769230769,3.4444444444444446
26,102,2.8846153846153846,5,5.333333333333333,4.363636363636363
23,35,3.1739130434782608,5,4.571428571428571,1.6
29,108,4.0344827586206895,7,6.857142857142857,3.84
24,61,2.8333333333333335,5,6.285714285714286,2.4444444444444446
24,37,3.25,5,4.857142857142857,1.619047619047619
30,89,3.1666666666666665,6,5.0,2.6
27,95,3.6296296296296298,7,5.5625,3.869565217391304
20,30,1.6,3,3.75,1.6666666666666667
26,89,2.730769230769231,5,5.066666666666666,3.4545454545454546
25,84,2.96,5,4.105263157894737,3.7142857142857144
22,32,3.227272727272727,5,5.8,1.5263157894736843
27,122,3.8518518518518516,8,6.444444444444445,5.043478260869565
27,85,2.4074074074074074,5,4.461538461538462,3.625
25,58,3.44,6,3.7857142857142856,2.5238095238095237
26,92,3.0,6,4.526315789473684,3.909090909090909
23,35,3.1739130434782608,5,5.333333333333333,1.6
28,139,4.035714285714286,8,6.65,5.541666666666667
27,83,2.2222222222222223,5,4.0,3.5
25,76,3.56,7,5.071428571428571,3.380952380952381
26,62,2.8846153846153846,5,5.0,2.380952380952381
23,37,3.347826086956522,5,5.666666666666667,1.7
27,67,2.037037037037037,4,5.5,3.142857142857143
25,56,3.36,5,4.166666666666667,2.380952380952381
25,57,2.6,5,5.0,2.25
23,37,3.1739130434782608,5,4.25,1.7
27,113,3.962962962962963,8,4.7894736842105265,3.9565217391304346
30,115,4.166666666666667,7,6.857142857142857,3.6923076923076925
15,29,1.4666666666666666,2,3.5,2.0
20,43,2.9,6,3.1666666666666665,2.375
29,125,4.482758620689655,8,5.666666666666667,4.76
23,48,2.5217391304347827,4,4.777777777777778,2.15
26,85,3.769230769230769,6,5.833333333333333,3.1818181818181817
15,28,1.8666666666666667,3,3.25,1.625
16,32,1.9375,3,4.0,1.7777777777777777
24,47,3.375,5,4.0,1.9047619047619047
27,98,4.074074074074074,7,5.529411764705882,4.086956521739131
19,51,2.736842105263158,5,3.4166666666666665,2.9285714285714284
29,98,3.5172413793103448,6,5.875,3.76
16,30,1.4375,2,4.666666666666667,2.0
26,73,3.423076923076923,6,6.0,2.5714285714285716
26,78,2.8461538461538463,5,5.538461538461538,3.272727272727273
19,49,2.8421052631578947,5,3.909090909090909,2.8666666666666667
19,47,2.736842105263158,6,3.3076923076923075,2.8666666666666667
23,41,3.3043478260869565,5,4.375,1.75
27,88,4.074074074074074,7,6.416666666666667,3.347826086956522
25,75,2.88,5,3.8666666666666667,2.9
23,50,3.391304347826087,5,4.4,2.2
28,137,4.107142857142857,8,5.909090909090909,5.416666666666667
28,107,3.0714285714285716,7,4.647058823529412,4.157894736842105
25,86,3.64,7,4.5,3.857142857142857
22,66,3.272727272727273,6,4.357142857142857,3.388888888888889
29,141,4.344827586206897,8,7.0,5.32
24,50,3.8333333333333335,6,4.5,2.142857142857143
28,144,4.107142857142857,8,6.2272727272727275,5.708333333333333
22,57,3.590909090909091,7,3.7142857142857144,2.736842105263158
28,103,3.9642857142857144,7,6.533333333333333,4.083333333333333
23,38,2.608695652173913,5,4.0,1.6470588235294117
24,46,3.2916666666666665,5,4.875,1.8571428571428572
27,97,2.4074074074074074,5,6.083333333333333,4.5625
29,118,3.689655172413793,7,5.6,4.48
25,81,3.08,5,4.866666666666666,3.4761904761904763
24,40,3.25,5,5.666666666666667,1.619047619047619
20,35,1.75,3,4.2,2.3333333333333335
29,90,3.8275862068965516,6,6.538461538461538,3.4
28,76,3.4285714285714284,6,6.333333333333333,2.4782608695652173
21,48,2.6666666666666665,5,3.8181818181818183,2.625
22,62,3.0454545454545454,6,3.8666666666666667,3.2222222222222223
24,82,2.875,5,4.0,3.8
25,76,3.12,6,4.714285714285714,3.142857142857143
24,39,3.25,5,5.0,1.6666666666666667
22,58,2.3181818181818183,4,5.571428571428571,3.0
29,95,3.8620689655172415,6,6.428571428571429,3.6
27,94,3.7777777777777777,7,4.368421052631579,3.608695652173913
16,32,2.1875,4,2.8333333333333335,1.7
21,40,2.142857142857143,4,3.3333333333333335,2.0
24,35,3.1666666666666665,5,6.4,1.5238095238095237
27,112,3.259259259259259,6,7.133333333333334,4.6521739130434785
20,34,1.75,3,3.8,2.111111111111111
27,77,3.3703703703703702,6,5.615384615384615,3.1739130434782608
24,52,3.375,6,3.6153846153846154,2.35
21,42,2.6666666666666665,5,3.6,2.25
29,108,4.344827586206897,8,6.4375,4.12
25,38,3.32,5,5.833333333333333,1.5909090909090908
26,88,3.423076923076923,6,4.785714285714286,3.0454545454545454
30,117,4.266666666666667,8,7.0,4.038461538461538
22,68,3.3181818181818183,7,3.642857142857143,2.8333333333333335
15,31,2.2666666666666666,4,2.8333333333333335,1.7
21,42,2.0476190476190474,4,3.625,2.0714285714285716
25,36,3.24,5,6.6,1.5
27,91,3.888888888888889,7,5.0,3.6956521739130435
27,111,3.074074074074074,6,5.25,4.565217391304348
23,34,3.130434782608696,5,5.166666666666667,1.55
31,96,3.225806451612903,6,5.461538461538462,2.730769230769231
29,94,3.9655172413793105,7,5.933333333333334,3.56
27,101,3.111111111111111,6,4.75,4.130434782608695
23,42,2.5652173913043477,4,4.875,1.95
30,114,3.4,6,6.470588235294118,4.230769230769231
27,67,3.3703703703703702,6,4.133333333333334,2.6956521739130435
25,57,2.12,4,4.75,2.235294117647059
24,37,3.25,5,5.666666666666667,1.619047619047619
28,85,2.4285714285714284,5,5.9,3.6875
28,99,3.4642857142857144,6,5.277777777777778,3.9583333333333335
23,33,3.0869565217391304,5,6.0,1.5
20,40,1.95,3,5.0,1.8181818181818181
26,82,3.6153846153846154,6,5.846153846153846,3.4545454545454546
23,65,3.260869565217391,6,4.066666666666666,3.210526315789474
23,63,2.9565217391304346,5,4.142857142857143,3.0526315789473686
28,110,3.9285714285714284,7,6.625,4.416666666666667
25,33,1.4,2,4.333333333333333,1.3
23,27,1.2173913043478262,2,5.0,1.0
22,54,3.0454545454545454,5,3.5714285714285716,2.6315789473684212
24,78,3.625,7,4.461538461538462,2.9
20,39,3.15,5,4.714285714285714,2.0625
26,75,3.3076923076923075,6,3.7333333333333334,2.6666666666666665
22,50,2.6363636363636362,4,5.142857142857143,2.1176470588235294
26,133,4.346153846153846,7,6.1,5.304347826086956
29,61,2.3793103448275863,4,7.0,2.0588235294117645
25,93,3.4,6,4.411764705882353,3.75
25,45,1.52,3,4.4,1.8333333333333333
27,101,3.814814814814815,7,4.333333333333333,3.5454545454545454
25,48,2.32,3,6.142857142857143,2.15
26,76,4.076923076923077,7,4.6923076923076925,2.772727272727273
27,54,1.8518518518518519,3,8.0,2.1333333333333333
30,154,4.366666666666666,8,5.88,5.653846153846154
24,39,3.2083333333333335,5,4.857142857142857,1.619047619047619
30,109,4.366666666666666,8,6.133333333333334,3.5384615384615383
16,30,1.4375,2,3.5,2.0
25,40,3.24,5,5.833333333333333,1.5909090909090908
25,66,3.64,7,5.666666666666667,2.55
27,98,3.4074074074074074,6,5.470588235294118,4.043478260869565
16,29,1.375,2,4.333333333333333,2.1666666666666665
25,58,2.76,5,4.9,2.3333333333333335
25,39,3.24,5,6.8,1.5454545454545454
23,51,2.4347826086956523,4,6.0,2.4
26,59,3.3846153846153846,5,3.857142857142857,2.4545454545454546
16,32,2.125,4,3.2,1.6
25,78,3.08,5,5.142857142857143,3.4285714285714284
21,56,2.9047619047619047,6,3.7142857142857144,3.0588235294117645
18,36,2.0555555555555554,3,4.5,1.6363636363636365
25,53,2.44,5,4.666666666666667,2.210526315789474
23,32,3.260869565217391,5,5.8,1.45
19,42,2.210526315789474,4,3.7142857142857144,2.1666666666666665
28,86,3.8214285714285716,6,6.230769230769231,3.375
27,78,3.4074074074074074,6,6.0,2.4545454545454546
20,41,2.6,5,3.090909090909091,2.2666666666666666
21,57,2.9047619047619047,6,3.7857142857142856,3.1176470588235294
24,79,2.875,5,3.8421052631578947,3.65
22,34,3.227272727272727,5,4.428571428571429,1.631578947368421
21,68,3.3333333333333335,6,4.615384615384615,3.5294117647058822
20,45,2.15,4,4.833333333333333,2.4166666666666665
22,34,3.227272727272727,5,4.833333333333333,1.5263157894736843
27,89,3.037037037037037,7,4.0,3.5555555555555554
29,127,4.206896551724138,8,6.05,4.84
24,74,3.125,5,4.928571428571429,3.45
23,36,3.260869565217391,5,4.571428571428571,1.6
20,47,2.8,5,4.833333333333333,1.9333333333333333
28,101,4.0,7,5.705882352941177,4.041666666666667
20,40,1.85,3,4.6,2.3
26,76,3.6538461538461537,6,5.916666666666667,3.227272727272727
16,32,1.5625,2,4.0,1.7777777777777777
25,89,2.84,5,4.611111111111111,3.9523809523809526
24,47,2.5416666666666665,4,4.777777777777778,2.0476190476190474
24,50,2.6666666666666665,4,5.0,2.0
20,31,1.5,3,3.0,1.5
22,87,3.8181818181818183,7,5.0,4.166666666666667
25,73,2.6,4,5.0,2.6315789473684212
21,61,3.7142857142857144,7,4.416666666666667,3.1176470588235294
25,101,3.64,6,4.647058823529412,3.761904761904762
23,84,3.652173913043478,7,5.357142857142857,4.166666666666667
23,100,3.347826086956522,6,6.071428571428571,4.473684210526316
27,131,4.148148148148148,8,5.2,4.521739130434782
25,53,2.56,4,5.444444444444445,2.227272727272727
23,67,2.6956521739130435,6,5.0,3.6666666666666665
26,95,3.3461538461538463,6,5.625,4.090909090909091
28,126,3.2857142857142856,7,6.0,5.0
26,122,3.8846153846153846,7,5.421052631578948,4.681818181818182
25,88,3.04,6,5.0625,3.857142857142857
23,59,2.782608695652174,5,4.166666666666667,2.7777777777777777
20,43,2.65,5,3.7,2.466666666666667
22,65,3.0454545454545454,5,4.461538461538462,3.2222222222222223
23,54,3.782608695652174,6,4.9,2.45
29,110,4.344827586206897,8,6.0625,3.88
28,95,3.0714285714285716,6,4.611111111111111,3.608695652173913
24,68,3.1666666666666665,5,4.571428571428571,3.2
30,126,3.933333333333333,7,6.421052631578948,4.6923076923076925
24,44,3.625,6,4.333333333333333,1.8571428571428572
29,99,3.2758620689655173,6,4.65,3.72
30,104,4.1,7,5.166666666666667,3.576923076923077
21,71,3.1904761904761907,7,4.6923076923076925,3.588235294117647
24,36,3.1666666666666665,5,6.2,1.4761904761904763
26,85,3.3846153846153846,6,5.384615384615385,3.1818181818181817
28,76,3.392857142857143,6,4.176470588235294,2.9583333333333335
26,86,3.1153846153846154,5,4.8125,3.5
21,36,1.8095238095238095,3,4.2,2.1
29,126,4.310344827586207,8,6.421052631578948,4.88
25,41,3.32,5,4.5,1.6363636363636365
28,99,3.4285714285714284,6,5.470588235294118,3.875
30,130,4.366666666666666,8,6.368421052631579,4.653846153846154
24,37,3.1666666666666665,5,5.333333333333333,1.5238095238095237
23,50,2.4347826086956523,4,6.333333333333333,2.533333333333333
27,71,3.3703703703703702,6,4.125,2.869565217391304
26,96,3.1538461538461537,7,4.944444444444445,4.045454545454546
26,90,2.9615384615384617,5,4.421052631578948,3.8181818181818183
26,80,2.5,4,5.0,2.9545454545454546
30,116,4.4,8,5.6,4.3076923076923075
25,38,3.28,5,5.833333333333333,1.5909090909090908
27,91,3.111111111111111,6,4.705882352941177,3.4782608695652173
27,89,3.814814814814815,7,4.8125,3.347826086956522
22,67,3.1363636363636362,7,4.583333333333333,3.0555555555555554
25,36,3.24,5,6.6,1.5
28,64,3.4642857142857144,6,4.538461538461538,2.4583333333333335
16,27,1.375,2,3.6666666666666665,1.8333333333333333
25,71,3.2,6,4.333333333333333,3.0952380952380953
23,34,3.130434782608696,5,5.166666666666667,1.55
27,129,3.4444444444444446,7,6.473684210526316,5.3478260869565215
31,115,4.516129032258065,8,6.470588235294118,4.074074074074074
29,94,3.9655172413793105,7,5.733333333333333,3.44
23,33,3.0869565217391304,5,6.0,1.5
28,63,3.4642857142857144,6,4.461538461538462,2.4166666666666665
25,62,2.48,5,4.777777777777778,2.388888888888889
20,29,1.3,2,4.666666666666667,2.3333333333333335
16,27,1.375,2,3.6666666666666665,1.8333333333333333
25,59,2.84,5,4.9,2.3333333333333335
28,99,3.892857142857143,7,6.333333333333333,3.9583333333333335
24,33,1.4583333333333333,3,3.0,1.2
23,27,1.2173913043478262,2,5.0,1.0
23,82,4.0,8,4.588235294117647,4.105263157894737
27,108,4.333333333333333,8,5.75,4.0
29,158,4.344827586206897,8,6.333333333333333,5.115384615384615
28,115,3.2142857142857144,6,5.105263157894737,4.619047619047619
27,96,3.5925925925925926,7,5.266666666666667,3.590909090909091
21,45,1.9523809523809523,4,4.333333333333333,2.6
30,53,1.4666666666666666,4,4.6,2.3
24,46,1.4583333333333333,3,5.5,2.2
24,100,3.5416666666666665,6,5.375,4.3
27,91,2.888888888888889,7,4.266666666666667,3.5555555555555554
25,45,2.32,3,6.666666666666667,2.0
25,74,3.88,6,5.454545454545454,2.727272727272727
23,46,2.347826086956522,5,4.285714285714286,2.0
24,39,3.2083333333333335,5,7.0,1.6666666666666667
27,92,4.296296296296297,7,6.0,3.25
24,44,3.25,5,5.571428571428571,1.8571428571428572
21,27,1.7619047619047619,4,3.25,1.1818181818181819
26,79,3.6153846153846154,7,5.357142857142857,3.409090909090909
25,39,3.24,5,5.666666666666667,1.5454545454545454
28,105,3.7142857142857144,7,4.823529411764706,3.4166666666666665
29,73,3.4827586206896552,6,4.1875,2.68
26,77,3.1153846153846154,5,5.214285714285714,3.3181818181818183
21,36,1.5714285714285714,3,3.6,2.25
26,84,3.5384615384615383,7,5.923076923076923,3.5
21,56,2.857142857142857,5,4.636363636363637,3.0
25,78,2.56,5,4.333333333333333,3.0952380952380953
29,129,4.413793103448276,8,5.636363636363637,4.96
25,36,3.24,5,6.6,1.5
21,31,1.7619047619047619,4,2.8,1.2727272727272727
26,74,3.3076923076923075,6,5.384615384615385,3.1818181818181817
24,74,3.0833333333333335,5,5.3076923076923075,3.45
27,111,2.925925925925926,5,6.176470588235294,4.565217391304348
24,35,3.1666666666666665,5,5.333333333333333,1.5238095238095237
20,27,1.55,3,3.6666666666666665,1.1
25,73,3.6,7,5.3076923076923075,3.2857142857142856
28,93,3.142857142857143,6,4.533333333333333,2.8333333333333335
25,60,3.4,6,3.4375,2.619047619047619
16,26,1.375,2,2.5,1.6666666666666667
23,69,3.347826086956522,6,4.642857142857143,3.4210526315789473
23,34,3.217391304347826,5,6.2,1.55
27,68,2.1481481481481484,4,5.0,3.0
26,61,2.923076923076923,5,5.3,2.409090909090909
23,33,3.0869565217391304,5,6.0,1.5
27,103,3.2222222222222223,6,6.1875,4.304347826086956
31,164,4.354838709677419,8,6.583333333333333,5.851851851851852
27,97,3.8518518518518516,7,6.0,3.9130434782608696
23,52,2.6956521739130435,5,3.909090909090909,2.388888888888889
21,28,1.2857142857142858,2,4.0,2.0
29,105,3.9310344827586206,7,7.214285714285714,4.04
24,33,1.3333333333333333,2,3.3333333333333335,1.25
23,27,1.2173913043478262,2,5.0,1.0
18,48,3.5,6,4.111111111111111,2.642857142857143
25,78,2.72,5,4.416666666666667,2.789473684210526
26,130,4.0,8,6.1,5.545454545454546
21,68,3.380952380952381,6,4.230769230769231,3.235294117647059
25,97,3.84,7,4.25,4.0476190476190474
20,52,3.25,7,3.8333333333333335,2.875
25,123,3.64,8,5.0,5.238095238095238
26,62,2.076923076923077,4,4.0,2.1176470588235294
23,88,3.260869565217391,6,5.857142857142857,4.315789473684211
27,112,3.740740740740741,7,4.722222222222222,3.8636363636363638
24,48,2.25,3,6.0,2.210526315789474
23,69,2.6956521739130435,6,5.181818181818182,3.8
26,65,2.9615384615384617,5,5.7,2.590909090909091
24,47,3.2916666666666665,5,4.1,1.9523809523809523
18,37,1.9444444444444444,4,4.2,2.3333333333333335
28,104,3.9642857142857144,7,5.882352941176471,4.166666666666667
28,71,2.107142857142857,4,6.714285714285714,2.611111111111111
24,76,3.2916666666666665,6,4.8,3.6
22,41,2.0,3,5.4,1.8
26,65,2.9615384615384617,5,5.181818181818182,2.590909090909091
24,41,3.375,5,5.142857142857143,1.7142857142857142
28,112,3.8214285714285716,7,5.526315789473684,4.375
25,82,3.08,5,5.133333333333334,3.6666666666666665
23,45,3.6956521739130435,6,4.0,2.0
27,134,3.962962962962963,8,6.0476190476190474,5.521739130434782
27,105,2.925925925925926,6,4.9375,4.388888888888889
26,96,3.6538461538461537,7,5.055555555555555,4.136363636363637
23,68,2.9130434782608696,5,4.833333333333333,3.0526315789473686
30,165,4.366666666666666,8,6.28,6.038461538461538
24,52,3.8333333333333335,6,4.6,2.1904761904761907
28,145,4.107142857142857,8,6.2727272727272725,5.75
28,117,4.321428571428571,8,5.526315789473684,4.375
24,46,3.4166666666666665,5,5.857142857142857,1.9523809523809523
22,58,2.5454545454545454,5,4.454545454545454,3.5
30,87,2.9,5,6.666666666666667,2.727272727272727
24,78,2.6666666666666665,5,5.384615384615385,3.5
28,115,4.035714285714286,7,5.526315789473684,4.375
24,49,2.6666666666666665,5,5.375,2.263157894736842
22,82,3.590909090909091,7,4.588235294117647,4.105263157894737
27,92,3.4074074074074074,6,4.722222222222222,3.6956521739130435
24,62,2.6666666666666665,5,4.166666666666667,2.7777777777777777
27,104,3.111111111111111,6,4.9,4.260869565217392
24,37,3.2083333333333335,5,6.4,1.5238095238095237
28,139,3.5,7,6.333333333333333,5.541666666666667
28,87,2.3214285714285716,5,6.0,3.75
27,79,3.3703703703703702,6,5.357142857142857,3.260869565217391
26,59,2.6153846153846154,5,4.363636363636363,2.1818181818181817
24,37,3.2083333333333335,5,5.5,1.5714285714285714
31,94,2.5483870967741935,5,5.916666666666667,2.84
29,97,3.9655172413793105,7,6.133333333333334,3.68
27,101,3.111111111111111,6,4.75,4.130434782608695
24,36,3.2083333333333335,5,6.4,1.5238095238095237
20,43,3.1,5,4.75,2.375
23,78,3.391304347826087,7,3.9375,3.3157894736842106
27,97,3.5925925925925926,7,5.625,3.9130434782608696
28,83,3.5357142857142856,6,5.846153846153846,3.1666666666666665
19,38,2.8421052631578947,6,3.3,2.2
17,35,2.2941176470588234,4,3.1666666666666665,1.7272727272727273
25,55,2.68,5,4.6,2.1904761904761907
29,109,3.793103448275862,7,6.117647058823529,4.16
25,39,3.28,5,7.0,1.5909090909090908
25,70,4.04,7,5.333333333333333,2.909090909090909
24,40,3.25,5,5.142857142857143,1.7142857142857142
27,104,3.185185185185185,6,6.1875,4.304347826086956
28,82,2.25,5,5.6,3.7333333333333334
27,84,3.8518518518518516,7,5.571428571428571,3.391304347826087
23,76,3.260869565217391,7,4.428571428571429,3.263157894736842
15,29,2.2666666666666666,4,2.5,1.5
21,37,2.0476190476190474,4,3.25,1.8571428571428572
24,34,3.2083333333333335,5,6.2,1.4761904761904763
23,33,1.391304347826087,2,7.5,1.6666666666666667
27,90,3.5555555555555554,6,5.6,3.652173913043478
22,62,3.1818181818181817,6,3.8666666666666667,3.2222222222222223
23,33,3.130434782608696,5,6.0,1.5
27,95,3.5555555555555554,7,4.5625,3.1739130434782608
29,111,3.8620689655172415,7,5.25,4.2
27,109,3.111111111111111,6,5.15,4.478260869565218
27,93,2.7037037037037037,5,4.8125,3.347826086956522
24,35,3.1666666666666665,5,6.4,1.5238095238095237
20,33,1.85,3,3.25,1.3
25,53,3.36,5,4.0,2.2857142857142856
26,96,3.6538461538461537,7,4.666666666666667,3.8181818181818183
21,40,1.8571428571428572,3,5.0,2.0833333333333335
25,76,2.56,5,4.5,3.0
25,69,2.76,5,4.846153846153846,3.0
23,45,2.782608695652174,5,3.1818181818181817,1.9444444444444444
19,25,1.368421052631579,2,4.0,1.7142857142857142
28,94,3.4642857142857144,6,6.428571428571429,3.75
24,33,1.375,2,4.0,1.3333333333333333
23,27,1.2173913043478262,2,5.0,1.0
23,82,4.0,7,5.357142857142857,3.75
21,71,3.857142857142857,7,4.461538461538462,3.2222222222222223
26,76,3.8846153846153846,8,4.538461538461538,2.8095238095238093
23,46,1.9565217391304348,4,4.5,2.076923076923077
26,55,1.8461538461538463,4,6.0,2.727272727272727
22,84,3.227272727272727,6,5.6923076923076925,4.111111111111111
26,95,3.5,7,4.235294117647059,3.4285714285714284
25,45,2.32,3,6.666666666666667,2.0
23,90,4.086956521739131,8,5.3125,4.473684210526316
23,50,2.782608695652174,5,5.142857142857143,2.0
24,38,3.2083333333333335,5,5.0,1.6666666666666667
28,61,3.5357142857142856,6,4.3076923076923075,2.3333333333333335
16,27,1.9375,3,3.6666666666666665,1.2222222222222223
17,30,2.0,3,4.333333333333333,1.3
23,33,3.260869565217391,5,6.0,1.5
27,70,2.1481481481481484,4,4.8,3.2
25,51,3.4,6,3.5384615384615383,2.1904761904761907
22,40,2.0,3,5.0,1.6666666666666667
24,34,3.2083333333333335,5,6.2,1.4761904761904763
28,71,2.2857142857142856,4,5.444444444444445,2.8823529411764706
25,49,3.36,5,3.6666666666666665,2.0952380952380953
26,101,2.8846153846153846,5,5.0,4.318181818181818
27,74,2.740740740740741,5,5.555555555555555,2.5
26,84,2.5384615384615383,5,4.2,3.0
21,53,3.0,6,4.083333333333333,2.8823529411764706
22,61,3.090909090909091,6,4.153846153846154,3.0
22,32,3.1818181818181817,5,4.833333333333333,1.5263157894736843
30,83,2.3666666666666667,4,5.2727272727272725,2.4166666666666665
28,92,3.75,7,5.866666666666666,3.6666666666666665
25,58,3.6,6,5.3,2.5238095238095237
21,60,3.238095238095238,6,4.3076923076923075,3.2941176470588234
16,25,1.3125,2,3.0,1.8
23,35,3.260869565217391,5,6.4,1.6
28,110,3.8214285714285716,7,4.9411764705882355,3.5
28,69,3.5,6,3.764705882352941,2.6666666666666665
24,76,3.125,5,5.071428571428571,3.55
23,37,3.1739130434782608,5,4.714285714285714,1.65
26,126,3.8461538461538463,8,6.315789473684211,5.454545454545454
28,89,2.4285714285714284,5,5.083333333333333,3.8125
28,102,3.642857142857143,7,5.444444444444445,4.083333333333333
24,40,3.25,5,6.0,1.7142857142857142
18,34,1.9444444444444444,3,4.0,1.6
26,86,3.6538461538461537,6,6.153846153846154,3.6363636363636362
21,47,2.9523809523809526,6,3.5,2.4705882352941178
20,52,2.95,6,3.6923076923076925,3.0
29,104,3.896551724137931,7,7.142857142857143,4.0
25,36,1.4,2,4.0,1.2
23,26,1.173913043478261,2,4.0,1.0
22,89,3.5,7,5.333333333333333,4.705882352941177
22,72,3.590909090909091,7,4.133333333333334,3.4444444444444446
22,69,3.590909090909091,7,4.066666666666666,3.388888888888889
27,81,2.2222222222222223,4,3.857142857142857,2.8421052631578947
25,70,2.76,4,6.714285714285714,2.35
26,138,4.0,8,6.142857142857143,5.863636363636363
26,78,3.230769230769231,6,3.7142857142857144,2.3636363636363638
22,87,3.3181818181818183,6,5.785714285714286,4.5
27,123,4.074074074074074,8,5.052631578947368,4.173913043478261
24,50,2.2916666666666665,3,6.285714285714286,2.3157894736842106
23,66,2.739130434782609,6,5.0,3.6666666666666665
27,102,3.5925925925925926,7,6.785714285714286,4.130434782608695
22,69,3.0,5,4.5,3.5
25,102,2.88,5,5.333333333333333,4.571428571428571
16,31,1.4375,2,5.333333333333333,2.2857142857142856
22,66,3.0454545454545454,6,4.357142857142857,3.388888888888889
24,75,3.125,5,4.6,3.45
24,74,3.125,5,5.230769230769231,3.4
30,172,4.366666666666666,8,6.3076923076923075,6.3076923076923075
23,52,3.782608695652174,6,4.7,2.35
28,127,4.142857142857143,8,5.086956521739131,4.875
27,115,3.6666666666666665,8,4.684210526315789,4.238095238095238
25,74,3.76,7,4.1875,3.1904761904761907
28,95,3.0714285714285716,6,4.611111111111111,3.608695652173913
24,68,3.1666666666666665,5,4.571428571428571,3.2
23,43,3.5217391304347827,6,4.222222222222222,1.9
23,43,2.0434782608695654,3,5.8,2.0714285714285716
28,84,3.392857142857143,6,4.705882352941177,3.3333333333333335
23,48,2.130434782608696,5,4.714285714285714,2.75
25,97,2.84,5,5.352941176470588,4.333333333333333
26,82,3.076923076923077,5,4.470588235294118,3.4545454545454546
29,120,4.344827586206897,8,6.764705882352941,4.6
25,43,3.32,5,4.222222222222222,1.7272727272727273
27,69,2.0,4,6.375,3.642857142857143
26,63,2.923076923076923,5,4.833333333333333,2.6363636363636362
25,42,3.32,5,4.625,1.6818181818181819
27,102,3.111111111111111,6,6.125,4.260869565217392
30,110,4.066666666666666,7,6.5,4.0
23,57,2.6956521739130435,5,3.6153846153846154,2.611111111111111
25,40,3.32,5,5.142857142857143,1.6363636363636365
24,86,2.9166666666666665,5,5.285714285714286,3.8947368421052633
22,63,3.3636363636363638,7,3.5,2.7222222222222223
28,76,3.4285714285714284,6,6.444444444444445,2.5217391304347827
25,75,3.24,6,5.071428571428571,3.380952380952381
24,58,2.75,5,3.2857142857142856,2.4210526315789473
25,89,2.84,5,4.611111111111111,3.9523809523809526
26,76,2.8076923076923075,5,5.0,3.1818181818181817
22,58,3.4545454545454546,6,4.076923076923077,2.9444444444444446
24,46,2.5,4,4.666666666666667,2.0
22,61,2.590909090909091,5,5.0,3.5714285714285716
26,63,3.3846153846153846,5,4.142857142857143,2.6363636363636362
21,34,2.142857142857143,4,3.7142857142857144,1.7333333333333334
23,64,2.782608695652174,5,4.0,3.1578947368421053
23,34,3.130434782608696,5,5.166666666666667,1.55
27,67,2.074074074074074,4,6.0,3.4285714285714284
25,72,3.24,5,4.857142857142857,3.238095238095238
23,35,3.1739130434782608,5,4.571428571428571,1.6
27,51,3.4074074074074074,6,4.181818181818182,2.0
25,66,2.6,4,5.625,2.5
20,50,3.1,6,3.5384615384615383,2.875
24,76,3.125,7,4.0,2.9473684210526314
24,57,3.3333333333333335,5,4.0,2.6
25,73,3.04,6,5.5,3.142857142857143
22,41,2.5454545454545454,5,2.8181818181818183,1.8235294117647058
24,77,2.8333333333333335,5,3.9444444444444446,3.55
21,51,2.761904761904762,5,3.357142857142857,2.764705882352941
19,35,2.1052631578947367,4,3.125,1.9230769230769231
22,32,3.1818181818181817,5,5.8,1.5263157894736843
28,97,3.6785714285714284,7,5.071428571428571,2.9583333333333335
30,111,3.933333333333333,7,5.526315789473684,4.038461538461538
27,107,3.111111111111111,6,5.05,4.391304347826087
26,92,2.6923076923076925,5,4.529411764705882,3.5
24,37,3.2083333333333335,5,6.8,1.619047619047619
27,54,3.5555555555555554,6,4.083333333333333,2.130434782608696
23,34,3.130434782608696,5,5.166666666666667,1.55
27,114,3.888888888888889,8,5.0,4.130434782608695
29,108,3.8620689655172415,7,5.2,4.16
30,117,3.966666666666667,7,5.842105263157895,4.269230769230769
21,32,1.5714285714285714,3,3.4,1.8888888888888888
25,83,2.6,5,4.6,3.2857142857142856
25,90,2.88,5,4.2,4.0
25,54,2.64,5,4.888888888888889,2.2
23,35,3.260869565217391,5,6.4,1.6
23,60,2.391304347826087,4,5.285714285714286,2.642857142857143
28,60,3.5357142857142856,6,3.6666666666666665,2.2916666666666665
26,91,3.8076923076923075,7,4.222222222222222,3.4545454545454546
23,66,3.0434782608695654,5,4.6923076923076925,3.210526315789474
22,57,2.727272727272727,5,4.0,2.888888888888889
23,42,2.5217391304347827,4,4.875,1.95
24,91,3.9583333333333335,8,4.9375,3.95
24,54,2.7083333333333335,5,5.428571428571429,2.111111111111111
24,38,3.2083333333333335,5,6.8,1.619047619047619
19,35,2.0,3,5.333333333333333,1.4545454545454546
26,81,3.8461538461538463,6,5.846153846153846,3.4545454545454546
26,60,3.6153846153846154,6,5.5,2.5
22,59,3.0454545454545454,6,3.9285714285714284,3.0555555555555554
23,35,3.260869565217391,5,6.4,1.6
20,27,1.8,4,3.25,1.1818181818181819
25,73,3.32,6,5.3076923076923075,3.2857142857142856
27,106,2.888888888888889,5,6.25,4.3478260869565215
30,99,3.2333333333333334,5,5.75,2.6538461538461537
27,88,3.4074074074074074,6,5.25,3.652173913043478
24,73,3.4166666666666665,6,4.6,3.45
23,49,2.652173913043478,5,3.0,2.0
22,31,3.1818181818181817,5,5.6,1.4736842105263157
27,99,3.3703703703703702,7,5.4375,3.782608695652174
26,93,3.8461538461538463,7,5.333333333333333,3.6363636363636362
22,69,3.1818181818181817,7,4.5,3.0
15,26,1.4666666666666666,2,2.75,1.5714285714285714
22,32,3.1818181818181817,5,5.8,1.5263157894736843
23,35,1.391304347826087,2,8.5,1.8888888888888888
25,56,3.36,5,3.642857142857143,2.4285714285714284
26,106,4.076923076923077,8,4.842105263157895,4.181818181818182
20,26,1.35,2,6.0,1.7142857142857142
26,89,2.6923076923076925,5,5.0,3.409090909090909
25,89,2.96,5,4.368421052631579,3.9523809523809526
20,51,2.9,6,3.357142857142857,2.9375
16,26,1.375,2,2.5,1.6666666666666667
22,31,3.1818181818181817,5,5.6,1.4736842105263157
27,55,3.5555555555555554,6,4.166666666666667,2.1739130434782608
24,50,1.9583333333333333,4,4.833333333333333,2.230769230769231
22,38,1.6818181818181819,3,7.333333333333333,1.8333333333333333
22,34,3.227272727272727,5,4.833333333333333,1.5263157894736843
28,83,2.2857142857142856,5,5.0,3.6666666666666665
28,121,4.035714285714286,8,5.75,4.791666666666667
22,56,2.6818181818181817,5,4.444444444444445,2.3529411764705883
24,73,3.125,5,4.533333333333333,3.4
21,60,3.142857142857143,7,4.0,3.2941176470588234
17,39,2.2941176470588234,4,3.6666666666666665,1.8333333333333333
24,50,2.5416666666666665,5,4.0,1.8823529411764706
28,112,3.892857142857143,7,5.888888888888889,4.416666666666667
23,43,2.5217391304347827,4,5.0,2.0
26,82,3.769230769230769,6,5.75,3.1363636363636362
25,60,2.08,4,6.5,2.6
21,39,1.7619047619047619,3,7.666666666666667,1.9166666666666667
30,150,4.366666666666666,8,6.173913043478261,5.461538461538462
24,46,3.625,6,4.0,1.9047619047619047
22,56,2.727272727272727,5,5.375,2.8666666666666667
30,104,3.8333333333333335,7,5.928571428571429,3.32
16,33,1.5625,2,4.5,2.0
25,48,3.4,5,4.1,1.8636363636363635
28,135,4.071428571428571,8,6.095238095238095,5.333333333333333
27,103,3.0,6,5.133333333333334,4.277777777777778
25,87,3.64,7,5.125,3.9047619047619047
24,43,3.4166666666666665,5,5.285714285714286,1.7619047619047619
19,28,1.263157894736842,2,3.3333333333333335,2.0
29,101,4.0344827586206895,7,6.428571428571429,3.6
23,67,3.5652173913043477,6,5.363636363636363,3.1052631578947367
21,39,2.4285714285714284,5,5.333333333333333,2.0
24,49,3.8333333333333335,6,4.4,2.0952380952380953
17,45,2.823529411764706,5,3.4444444444444446,2.3846153846153846
28,75,3.357142857142857,6,5.916666666666667,2.9583333333333335
22,48,3.409090909090909,6,3.3076923076923075,2.263157894736842
20,40,2.0,4,4.5,2.4545454545454546
19,40,1.9473684210526316,4,4.166666666666667,2.5
29,88,3.8620689655172415,6,6.384615384615385,3.32
24,63,3.5416666666666665,6,5.181818181818182,2.85
22,40,2.6818181818181817,5,5.166666666666667,1.8235294117647058
29,96,3.5517241379310347,7,5.75,3.68
24,35,1.6666666666666667,3,3.5,1.1666666666666667
28,114,3.857142857142857,7,6.733333333333333,4.391304347826087
27,85,3.3703703703703702,6,5.333333333333333,3.4782608695652173
15,29,1.4,2,4.666666666666667,2.3333333333333335
26,81,3.3461538461538463,6,4.8125,3.5
30,152,4.333333333333333,8,6.681818181818182,5.653846153846154
24,44,3.25,5,4.222222222222222,1.8095238095238095
28,135,3.5,7,6.45,5.375
28,68,3.4285714285714284,6,4.2,2.625
21,48,2.6666666666666665,5,3.4166666666666665,2.5625
24,69,3.2916666666666665,6,4.5,3.15
25,39,3.32,5,5.833333333333333,1.5909090909090908
27,60,3.4074074074074074,6,5.0,2.391304347826087
31,89,2.935483870967742,5,5.363636363636363,2.4583333333333335
27,69,3.3703703703703702,6,4.0,2.782608695652174
26,53,2.0384615384615383,4,5.833333333333333,2.0588235294117645
24,35,3.2083333333333335,5,6.4,1.5238095238095237
27,127,3.4074074074074074,7,6.368421052631579,5.260869565217392
27,81,2.259259259259259,5,5.5,3.6666666666666665
29,113,3.8620689655172415,8,5.944444444444445,4.28
24,72,3.125,6,4.642857142857143,3.25
25,38,3.32,5,5.833333333333333,1.5909090909090908
23,34,1.391304347826087,2,8.0,1.7777777777777777
26,87,3.5,6,5.785714285714286,3.6818181818181817
24,71,2.9166666666666665,5,4.642857142857143,3.25
26,89,2.6538461538461537,5,5.0,3.409090909090909
28,103,3.9285714285714284,7,6.1875,4.125
24,33,1.375,2,4.0,1.3333333333333333
23,27,1.2173913043478262,2,5.0,1.0
23,90,4.043478260869565,8,4.777777777777778,4.526315789473684
27,107,4.296296296296297,8,5.111111111111111,4.0
27,149,4.148148148148148,8,6.3,5.25
26,109,3.3846153846153846,6,4.842105263157895,4.380952380952381
27,88,3.4074074074074074,6,5.071428571428571,3.380952380952381
21,49,1.9523809523809523,4,5.166666666666667,3.1
28,45,1.2857142857142858,2,5.666666666666667,2.125
24,45,1.4583333333333333,3,5.5,2.2
24,95,3.5,6,5.4,4.05
28,99,3.0357142857142856,6,4.4375,3.55
25,43,2.32,3,6.333333333333333,1.9
25,79,3.88,6,5.636363636363637,2.8181818181818183
24,40,3.2083333333333335,5,7.0,1.6666666666666667
19,40,2.263157894736842,4,4.0,2.3333333333333335
17,29,1.3529411764705883,2,4.0,2.0
25,53,3.36,5,3.9166666666666665,2.238095238095238
25,51,2.2,4,4.625,2.0555555555555554
25,39,3.28,5,7.0,1.5909090909090908
27,95,3.1481481481481484,6,5.0,3.6956521739130435
27,91,3.814814814814815,7,5.2,3.391304347826087
22,66,3.1363636363636362,7,4.166666666666667,2.7777777777777777
29,149,4.379310344827586,8,6.0,5.76
24,36,3.2083333333333335,5,5.5,1.5714285714285714
20,37,2.45,5,3.4,1.2142857142857142
27,79,3.3703703703703702,6,5.357142857142857,3.260869565217391
27,109,3.0,6,5.421052631578948,4.478260869565218
23,33,3.0869565217391304,5,6.0,1.5
28,86,3.607142857142857,7,4.444444444444445,3.3333333333333335
28,116,3.142857142857143,6,5.5,4.583333333333333
23,33,3.0869565217391304,5,6.0,1.5
27,103,3.2222222222222223,6,6.125,4.260869565217392
30,157,4.266666666666667,8,6.863636363636363,5.8076923076923075
26,54,3.423076923076923,6,3.5,2.227272727272727
23,50,2.4782608695652173,5,4.111111111111111,2.3125
22,38,1.8181818181818181,3,5.5,1.5714285714285714
28,102,3.892857142857143,7,6.533333333333333,4.083333333333333
24,30,1.2916666666666667,2,3.5,1.0
23,27,1.2173913043478262,2,5.0,1.0
18,45,2.9444444444444446,5,3.7777777777777777,2.4285714285714284
24,68,2.6666666666666665,5,4.181818181818182,2.5555555555555554
26,121,4.1923076923076925,7,6.647058823529412,4.913043478260869
21,66,3.5238095238095237,6,4.636363636363637,2.8333333333333335
24,82,3.7916666666666665,7,4.055555555555555,3.65
20,53,3.25,6,4.090909090909091,2.8125
25,121,3.6,8,4.863636363636363,5.095238095238095
26,64,2.576923076923077,5,3.8,2.111111111111111
22,79,3.1818181818181817,6,5.615384615384615,4.055555555555555
27,104,3.6666666666666665,7,4.529411764705882,3.5
25,44,2.28,3,6.5,1.95
24,99,3.9166666666666665,8,5.352941176470588,4.55
28,96,2.7142857142857144,6,3.9444444444444446,3.9444444444444446
25,79,3.32,6,5.214285714285714,3.4761904761904763
24,40,3.2083333333333335,5,5.0,1.6666666666666667
20,38,1.9,4,3.6666666666666665,2.2
26,79,3.6538461538461537,6,5.6923076923076925,3.3636363636363638
23,65,3.5652173913043477,6,4.916666666666667,3.1052631578947367
16,29,1.5,2,3.5,1.75
21,57,2.9047619047619047,6,3.7857142857142856,3.1176470588235294
23,67,3.0869565217391304,5,5.083333333333333,3.210526315789474
24,86,2.875,5,4.2105263157894735,4.0
22,33,3.227272727272727,5,4.142857142857143,1.5263157894736843
26,106,3.769230769230769,7,6.3125,4.590909090909091
28,99,3.857142857142857,7,5.588235294117647,3.9583333333333335
16,28,1.375,2,4.0,2.0
26,59,3.6153846153846154,6,5.3,2.409090909090909
25,80,2.8,5,5.285714285714286,3.5238095238095237
26,74,3.5384615384615383,6,4.928571428571429,3.1363636363636362
19,47,2.8421052631578947,6,3.5833333333333335,2.8666666666666667
24,39,3.375,5,4.375,1.6666666666666667
28,104,3.8214285714285716,7,5.388888888888889,4.041666666666667
24,76,3.125,5,4.666666666666667,3.5
22,38,3.227272727272727,5,3.6666666666666665,1.736842105263158
19,39,1.8421052631578947,4,4.2,2.3333333333333335
28,101,3.9642857142857144,7,5.705882352941177,4.041666666666667
20,41,1.95,3,5.0,2.272727272727273
25,59,3.36,5,4.416666666666667,2.5238095238095237
25,78,3.04,6,5.461538461538462,3.380952380952381
22,37,2.227272727272727,4,4.142857142857143,1.7058823529411764
22,34,3.227272727272727,5,4.285714285714286,1.5789473684210527
28,133,4.142857142857143,8,5.5,4.583333333333333
30,128,3.966666666666667,7,6.368421052631579,4.653846153846154
27,110,3.111111111111111,6,4.9523809523809526,4.521739130434782
27,108,3.7777777777777777,7,5.470588235294118,4.043478260869565
24,44,3.7916666666666665,6,4.333333333333333,1.8571428571428572
28,142,4.107142857142857,8,6.136363636363637,5.625
28,116,3.642857142857143,8,4.631578947368421,4.0
25,75,3.88,7,4.6,3.2857142857142856
23,62,2.652173913043478,5,4.25,3.0
19,45,2.6315789473684212,5,3.8,2.7142857142857144
22,69,3.0454545454545454,5,4.357142857142857,3.388888888888889
28,120,4.107142857142857,8,7.0,4.666666666666667
29,123,3.4827586206896552,7,4.954545454545454,4.541666666666667
25,65,2.84,5,4.285714285714286,2.857142857142857
28,117,3.107142857142857,6,5.0,4.583333333333333
24,47,3.6666666666666665,6,5.125,1.9523809523809523
27,85,4.148148148148148,7,6.7272727272727275,3.0833333333333335
23,55,3.260869565217391,6,3.6923076923076925,2.4
21,40,2.3333333333333335,5,3.7142857142857144,2.1666666666666665
27,61,3.3333333333333335,5,4.3076923076923075,2.4347826086956523
22,39,2.3181818181818183,4,4.285714285714286,1.875
23,65,3.1739130434782608,6,4.066666666666666,3.210526315789474
24,35,3.1666666666666665,5,6.0,1.4285714285714286
27,128,3.4074074074074074,7,6.421052631578948,5.304347826086956
27,91,2.3333333333333335,5,6.4,4.0
26,74,3.3461538461538463,6,5.384615384615385,3.1818181818181817
25,71,3.32,6,4.785714285714286,3.1904761904761907
29,106,4.137931034482759,8,5.368421052631579,4.08
24,36,1.5416666666666667,3,3.0,1.3636363636363635
25,31,1.28,2,3.5,1.0
24,70,3.9166666666666665,7,5.181818181818182,2.85
23,58,2.5652173913043477,5,5.125,2.7333333333333334
29,63,2.1724137931034484,4,6.8,2.2666666666666666
26,60,1.8461538461538463,3,3.7777777777777777,2.2666666666666666
23,79,3.782608695652174,7,5.5,3.473684210526316
27,95,2.740740740740741,6,4.866666666666666,4.294117647058823
25,51,2.4,3,6.428571428571429,2.25
22,83,4.136363636363637,8,5.133333333333334,4.052631578947368
30,123,4.433333333333334,8,6.277777777777778,4.346153846153846
24,39,3.2083333333333335,5,4.857142857142857,1.619047619047619
26,85,3.730769230769231,7,5.0625,3.6818181818181817
27,68,4.0,7,6.1,2.652173913043478
25,80,3.32,6,4.6875,3.5714285714285716
15,26,1.4,2,3.6666666666666665,1.8333333333333333
25,56,2.68,5,4.6,2.1904761904761907
24,35,3.1666666666666665,5,6.2,1.4761904761904763
28,59,3.5357142857142856,6,4.5,2.25
15,25,1.4,2,3.3333333333333335,1.6666666666666667
28,116,3.142857142857143,6,5.5,4.583333333333333
27,88,3.3703703703703702,6,5.785714285714286,3.5217391304347827
28,82,3.5357142857142856,6,5.461538461538462,2.9583333333333335
16,34,2.3125,4,3.0,1.6363636363636365
20,49,2.7,5,3.4615384615384617,2.8125
28,98,3.857142857142857,7,5.875,3.9166666666666665
24,28,1.2083333333333333,2,5.0,1.0
25,72,3.92,6,4.636363636363637,2.3181818181818183
24,52,3.0416666666666665,5,5.0,1.75
22,31,1.9090909090909092,4,3.4,1.4166666666666667
26,76,3.6538461538461537,6,5.461538461538462,3.227272727272727
26,59,3.423076923076923,6,3.7142857142857144,2.3636363636363638
15,25,1.4666666666666666,2,2.5,1.4285714285714286
21,37,1.9047619047619047,3,4.8,1.8461538461538463
21,54,2.9047619047619047,6,3.5714285714285716,2.9411764705882355
21,32,1.8095238095238095,3,5.25,1.75
23,36,3.217391304347826,5,5.333333333333333,1.6
27,129,3.925925925925926,8,6.473684210526316,5.3478260869565215
27,82,2.2962962962962963,5,5.0,3.6666666666666665
27,81,3.4074074074074074,6,5.5,3.347826086956522
23,35,3.260869565217391,5,6.2,1.55
19,41,2.8421052631578947,5,4.285714285714286,2.142857142857143
29,109,3.896551724137931,7,5.722222222222222,4.12
24,58,2.7916666666666665,5,3.6923076923076925,2.526315789473684
21,26,1.2857142857142858,2,5.5,1.8333333333333333
30,137,4.0,7,6.0,5.076923076923077
24,71,3.0416666666666665,5,4.923076923076923,3.2
23,33,3.0869565217391304,5,6.0,1.5
27,100,3.185185185185185,6,5.9375,4.130434782608695
28,83,2.2857142857142856,5,5.0,3.6666666666666665
28,109,3.9642857142857144,8,6.0588235294117645,4.291666666666667
23,45,1.9130434782608696,3,5.2,2.1666666666666665
29,124,4.344827586206897,8,7.0588235294117645,4.8
24,34,3.2916666666666665,5,6.2,1.4761904761904763
31,94,3.3548387096774195,6,5.230769230769231,2.5185185185185186
27,88,4.0,7,5.928571428571429,3.608695652173913
29,83,2.896551724137931,5,6.0,2.347826086956522
24,36,3.3333333333333335,5,6.6,1.5714285714285714
30,114,4.333333333333333,8,6.866666666666666,3.9615384615384617
24,57,2.7083333333333335,5,3.6666666666666665,2.3157894736842106
23,33,3.0869565217391304,5,6.0,1.5
27,127,3.925925925925926,8,6.368421052631579,5.260869565217392
28,85,2.2857142857142856,5,5.181818181818182,3.8
27,88,3.6296296296296298,7,5.6,3.652173913043478
25,37,3.28,5,6.8,1.5454545454545454
22,28,1.5909090909090908,4,3.0,1.2
26,81,3.6923076923076925,7,5.133333333333334,3.5
24,53,3.375,6,3.4285714285714284,2.4
20,39,2.6,5,3.3,2.2
29,122,4.482758620689655,8,6.157894736842105,4.68
23,42,2.5217391304347827,4,4.75,1.9
22,83,3.272727272727273,7,3.736842105263158,3.736842105263158
26,94,3.8461538461538463,7,4.9375,3.590909090909091
29,92,3.0344827586206895,6,5.25,2.625
24,44,3.2083333333333335,5,4.875,1.8571428571428572
28,100,3.75,7,5.470588235294118,3.875
24,59,2.7916666666666665,5,3.6153846153846154,2.473684210526316
23,42,3.1739130434782608,5,4.0,1.8
26,121,3.8461538461538463,8,6.052631578947368,5.2272727272727275
27,87,2.4444444444444446,5,5.0,3.75
27,86,3.6296296296296298,7,5.125,3.5652173913043477
24,38,3.2083333333333335,5,5.666666666666667,1.619047619047619
27,120,3.925925925925926,8,4.9,4.260869565217392
27,73,3.4444444444444446,6,3.7777777777777777,2.9565217391304346
27,109,3.888888888888889,7,5.315789473684211,4.391304347826087
22,66,3.0454545454545454,5,4.357142857142857,3.388888888888889
26,99,3.1153846153846154,6,4.894736842105263,4.2272727272727275
29,134,4.413793103448276,8,5.608695652173913,5.16
23,38,3.1739130434782608,5,4.25,1.7
28,135,4.107142857142857,8,6.142857142857143,5.375
28,101,2.75,6,4.933333333333334,4.111111111111111
26,84,3.6153846153846154,7,5.266666666666667,3.590909090909091
24,38,3.375,5,4.857142857142857,1.619047619047619
23,36,1.3478260869565217,2,8.0,2.0
27,104,4.0,7,5.823529411764706,4.304347826086956
27,82,3.4074074074074074,6,5.090909090909091,2.5454545454545454
21,52,3.3333333333333335,7,3.5384615384615383,2.7058823529411766
29,131,4.413793103448276,8,5.636363636363637,4.96
25,43,3.32,5,4.625,1.6818181818181819
29,112,3.8620689655172415,7,5.833333333333333,4.2
24,74,2.7916666666666665,5,3.7333333333333334,3.111111111111111
24,48,3.4583333333333335,5,4.2,2.0
27,104,4.444444444444445,8,5.555555555555555,4.3478260869565215
25,65,3.88,7,4.583333333333333,2.619047619047619
26,99,3.576923076923077,7,5.588235294117647,4.318181818181818
16,33,1.5,2,5.666666666666667,2.125
26,67,2.8846153846153846,5,5.777777777777778,2.4761904761904763
24,50,3.4583333333333335,5,4.888888888888889,2.0952380952380953
24,76,2.625,5,5.4,3.375
27,83,3.5925925925925926,6,5.0,3.260869565217391
23,47,2.0869565217391304,5,3.4285714285714284,2.0
27,93,3.6296296296296298,7,6.142857142857143,3.739130434782609
32,144,3.34375,6,5.384615384615385,5.0
27,68,3.074074074074074,6,5.083333333333333,2.652173913043478
25,56,3.52,6,4.636363636363637,2.3181818181818183
24,77,3.7083333333333335,6,5.909090909090909,3.25
25,71,2.68,6,4.666666666666667,3.111111111111111
24,47,2.4583333333333335,5,4.0,2.0
24,44,3.2083333333333335,5,5.285714285714286,1.7619047619047619
29,64,3.5172413793103448,6,5.363636363636363,2.36
17,32,1.8823529411764706,3,4.25,1.8888888888888888
16,29,1.8125,3,3.75,1.875
25,39,3.24,5,6.6,1.5
27,126,3.4074074074074074,7,6.315789473684211,5.217391304347826
28,88,2.2857142857142856,5,6.1,3.8125
27,76,3.3703703703703702,6,5.538461538461538,3.130434782608696
25,40,3.28,5,5.142857142857143,1.6363636363636365
24,35,1.4583333333333333,3,5.666666666666667,1.8888888888888888
27,82,3.5185185185185186,6,4.588235294117647,3.391304347826087
27,66,3.7037037037037037,6,6.2,2.6956521739130435
25,75,3.04,6,5.3076923076923075,3.2857142857142856
17,35,2.4705882352941178,5,3.0,1.75
22,56,2.8636363636363638,5,4.545454545454546,2.7777777777777777
24,36,3.3333333333333335,5,6.6,1.5714285714285714
26,55,3.4615384615384617,6,4.545454545454546,2.272727272727273
17,31,1.3529411764705883,2,4.666666666666667,2.3333333333333335
26,78,3.269230769230769,6,4.5625,3.3181818181818183
23,34,3.130434782608696,5,5.166666666666667,1.55
28,96,2.5,5,6.363636363636363,4.117647058823529
29,105,3.5172413793103448,6,5.315789473684211,4.04
16,26,1.375,2,3.3333333333333335,1.6666666666666667
25,74,3.24,6,4.666666666666667,3.3333333333333335
28,100,3.892857142857143,7,6.0,4.0
29,129,3.793103448275862,7,5.428571428571429,4.56
24,34,1.4583333333333333,3,3.25,1.3
25,29,1.2,2,5.0,1.0
18,43,3.4444444444444446,6,3.7777777777777777,2.4285714285714284
21,66,3.4285714285714284,7,4.153846153846154,3.375
25,93,4.2,7,6.357142857142857,4.238095238095238
22,45,2.772727272727273,4,4.875,2.1666666666666665
19,47,2.6315789473684212,5,3.9,2.7857142857142856
26,76,2.8846153846153846,5,4.0,2.6
21,65,3.3333333333333335,6,4.083333333333333,2.7222222222222223
23,79,3.3043478260869565,6,5.357142857142857,3.9473684210526314
26,90,3.6153846153846154,7,4.1875,3.35
25,46,2.32,3,5.857142857142857,2.05
24,103,4.0,8,5.444444444444445,4.9
29,108,3.2413793103448274,6,4.555555555555555,3.5652173913043477
27,62,2.4444444444444446,5,3.9166666666666665,2.238095238095238
24,41,3.25,5,7.2,1.7142857142857142
28,139,3.5357142857142856,7,6.333333333333333,5.541666666666667
27,79,2.3333333333333335,5,4.909090909090909,3.6
25,56,3.48,6,4.25,2.4285714285714284
26,94,2.9615384615384617,6,4.4,4.0
30,136,4.1,7,6.684210526315789,4.884615384615385
22,64,2.909090909090909,5,4.0,3.111111111111111
25,41,3.28,5,6.0,1.6363636363636365
27,66,2.0,4,6.285714285714286,3.142857142857143
26,58,2.6153846153846154,4,5.1,2.3181818181818183
24,36,3.1666666666666665,5,5.333333333333333,1.5238095238095237
27,104,3.185185185185185,6,6.666666666666667,4.3478260869565215
20,32,1.45,3,3.0,2.5
25,80,3.6,6,5.6923076923076925,3.5238095238095237
16,28,1.5,2,3.25,1.625
24,70,2.9166666666666665,5,5.333333333333333,3.2
24,74,2.8333333333333335,5,4.0,3.4
30,127,4.333333333333333,8,6.777777777777778,4.6923076923076925
24,32,1.4166666666666667,3,2.5,1.25
19,40,2.8421052631578947,5,4.428571428571429,2.2142857142857144
25,93,3.48,7,4.105263157894737,3.7142857142857144
26,104,2.8461538461538463,5,5.157894736842105,4.454545454545454
24,52,3.2083333333333335,5,5.571428571428571,1.8571428571428572
31,146,4.354838709677419,8,5.681818181818182,4.62962962962963
27,69,3.4074074074074074,5,3.764705882352941,2.782608695652174
24,75,3.0416666666666665,5,5.0,3.5
24,45,3.2083333333333335,5,4.875,1.8571428571428572
30,86,3.2666666666666666,5,5.636363636363637,2.3846153846153846
28,93,3.9285714285714284,7,5.866666666666666,3.6666666666666665
28,105,3.107142857142857,6,4.714285714285714,4.125
24,43,3.2083333333333335,5,5.285714285714286,1.7619047619047619
28,132,4.035714285714286,8,6.631578947368421,5.25
27,77,2.074074074074074,4,5.0,3.5714285714285716
28,113,4.178571428571429,8,5.944444444444445,4.458333333333333
23,69,3.0,5,4.642857142857143,3.4210526315789473
24,38,3.2083333333333335,5,5.666666666666667,1.619047619047619
30,94,3.3,6,5.384615384615385,2.6923076923076925
28,105,3.857142857142857,8,5.5,4.125
21,32,1.5238095238095237,3,3.4,1.8888888888888888
27,97,2.8518518518518516,5,5.4,3.5217391304347827
24,37,3.1666666666666665,5,5.666666666666667,1.619047619047619
27,98,3.185185185185185,6,5.8125,4.043478260869565
28,86,2.1785714285714284,5,4.142857142857143,3.8666666666666667
25,79,3.88,7,5.6923076923076925,3.5238095238095237
15,28,1.4666666666666666,2,3.25,1.8571428571428572
21,55,3.0,6,3.923076923076923,3.0
29,109,3.9310344827586206,7,6.176470588235294,4.2
25,33,1.4,2,4.0,1.2
23,27,1.2173913043478262,2,5.0,1.0
25,84,3.88,7,5.0,3.3333333333333335
24,67,2.5416666666666665,5,4.2727272727272725,3.1333333333333333
28,62,2.2142857142857144,4,6.8,2.2666666666666666
27,59,1.5185185185185186,3,4.571428571428571,2.909090909090909
23,89,3.8260869565217392,7,5.357142857142857,3.9473684210526314
26,106,3.8076923076923075,7,4.764705882352941,3.6818181818181817
25,49,2.32,3,7.166666666666667,2.15
21,60,2.619047619047619,5,3.727272727272727,2.9285714285714284
16,31,1.9375,3,3.75,1.6666666666666667
23,65,3.5652173913043477,6,5.0,3.1578947368421053
23,74,3.0869565217391304,5,4.533333333333333,3.5789473684210527
20,55,2.85,6,3.923076923076923,3.1875
23,39,3.3043478260869565,5,4.25,1.7
20,28,1.8,4,2.8,1.2727272727272727
27,77,3.111111111111111,5,5.3076923076923075,3.0
30,154,4.366666666666666,8,6.083333333333333,5.615384615384615
24,46,3.625,6,4.0,1.9047619047619047
27,83,2.8518518518518516,6,5.416666666666667,3.823529411764706
27,76,3.111111111111111,5,5.3076923076923075,3.0
24,44,3.25,5,4.222222222222222,1.8095238095238095
28,89,2.607142857142857,5,5.153846153846154,3.7222222222222223
27,70,3.3333333333333335,5,4.2,2.739130434782609
26,88,3.076923076923077,5,5.928571428571429,3.772727272727273
27,118,3.4074074074074074,7,5.55,4.826086956521739
23,74,3.217391304347826,6,4.928571428571429,3.6315789473684212
16,31,1.5,2,3.75,1.875
29,125,3.9310344827586206,7,7.733333333333333,4.64
25,34,1.36,2,4.5,1.0
26,31,1.1923076923076923,2,5.0,1.0
18,49,3.2777777777777777,6,4.222222222222222,2.923076923076923
25,108,4.2,8,5.529411764705882,4.476190476190476
25,105,4.24,8,5.9411764705882355,4.809523809523809
25,85,4.0,7,5.0625,3.857142857142857
24,61,3.8333333333333335,6,4.0,2.6666666666666665
22,86,4.136363636363637,8,4.764705882352941,4.2631578947368425
28,97,3.392857142857143,6,4.7894736842105265,3.7916666666666665
28,117,3.107142857142857,6,5.285714285714286,4.625
24,41,3.25,5,4.5,1.7142857142857142
26,95,2.4615384615384617,5,5.916666666666667,4.4375
27,89,3.3703703703703702,6,4.722222222222222,3.6956521739130435
25,42,3.32,5,6.166666666666667,1.6818181818181819
27,95,3.4074074074074074,6,4.8125,3.347826086956522
31,128,4.258064516129032,8,7.333333333333333,4.074074074074074
22,69,3.3181818181818183,7,3.857142857142857,3.0
16,31,2.1875,4,2.6666666666666665,1.6
22,39,2.3181818181818183,4,6.0,1.875
24,35,3.1666666666666665,5,5.333333333333333,1.5238095238095237
21,38,2.142857142857143,5,3.4285714285714284,2.1818181818181817
26,72,3.3076923076923075,6,5.230769230769231,3.090909090909091
23,33,3.0869565217391304,5,6.0,1.5
19,36,2.6315789473684212,5,4.5,2.076923076923077
28,103,3.75,7,5.388888888888889,4.041666666666667
24,61,2.75,5,3.923076923076923,2.6842105263157894
21,32,1.380952380952381,3,4.25,2.4285714285714284
24,35,3.1666666666666665,5,6.4,1.5238095238095237
28,87,3.9285714285714284,7,5.6923076923076925,3.0833333333333335
24,61,2.7083333333333335,5,3.923076923076923,2.6842105263157894
29,132,4.0344827586206895,7,6.684210526315789,5.08
28,110,3.107142857142857,6,4.7272727272727275,4.333333333333333
28,108,3.9285714285714284,7,6.5,4.333333333333333
24,34,1.4583333333333333,3,3.0,1.2
25,30,1.24,2,6.0,1.0
23,61,3.739130434782609,6,4.9,2.5789473684210527
23,54,2.4347826086956523,4,5.285714285714286,2.176470588235294
25,118,4.28,7,6.529411764705882,5.045454545454546
24,92,4.0,7,6.0,4.2
23,49,2.130434782608696,4,5.0,2.142857142857143
28,56,1.8928571428571428,4,6.2,2.5833333333333335
23,82,3.260869565217391,6,5.538461538461538,3.789473684210526
28,104,3.5357142857142856,7,4.5,3.857142857142857
25,47,2.32,3,6.0,2.1
22,79,4.136363636363637,8,5.285714285714286,3.8947368421052633
30,98,2.5,6,4.666666666666667,3.888888888888889
25,78,3.32,6,4.8,3.4285714285714284
24,36,3.1666666666666665,5,5.333333333333333,1.5238095238095237
19,32,1.894736842105263,3,4.333333333333333,1.3
25,53,3.36,5,4.0,2.2857142857142856
25,92,2.88,5,4.526315789473684,4.095238095238095
27,99,2.962962962962963,5,4.894736842105263,4.043478260869565
24,67,3.375,6,4.428571428571429,3.1
16,23,1.3125,2,2.3333333333333335,1.4
23,34,3.130434782608696,5,5.166666666666667,1.55
27,85,3.814814814814815,7,5.0625,3.5217391304347827
26,65,2.576923076923077,5,4.8,2.4
23,43,1.9130434782608696,3,5.2,1.625
23,33,3.0869565217391304,5,6.0,1.5
29,101,4.103448275862069,7,6.285714285714286,3.52
24,55,2.7083333333333335,5,5.285714285714286,2.0555555555555554
25,37,3.28,5,6.8,1.5454545454545454
26,76,2.5,5,5.777777777777778,3.25
30,130,4.166666666666667,8,5.904761904761905,4.769230769230769
24,74,3.125,5,5.0,3.5
25,37,3.28,5,6.8,1.5454545454545454
23,63,2.391304347826087,4,5.714285714285714,2.857142857142857
29,100,4.068965517241379,7,6.785714285714286,3.8
25,63,2.76,5,4.666666666666667,2.210526315789474
27,69,2.814814814814815,5,5.111111111111111,2.1904761904761907
26,63,3.769230769230769,6,4.461538461538462,2.6363636363636362
23,51,2.8260869565217392,5,3.3076923076923075,2.263157894736842
27,87,2.6666666666666665,5,4.285714285714286,2.857142857142857
19,46,2.6315789473684212,5,3.230769230769231,2.8
23,48,3.391304347826087,6,3.0714285714285716,2.263157894736842
17,36,2.3529411764705883,4,3.1666666666666665,1.5833333333333333
23,68,2.869565217391304,5,3.4444444444444446,3.263157894736842
26,69,2.423076923076923,4,4.333333333333333,2.4761904761904763
22,32,3.1818181818181817,5,4.833333333333333,1.5263157894736843
23,55,2.4782608695652173,4,6.5,2.6
30,101,3.8666666666666667,6,5.714285714285714,3.2
16,29,1.5625,2,3.25,1.4444444444444444
20,26,1.3,2,3.6666666666666665,1.8333333333333333
21,57,3.142857142857143,6,3.7857142857142856,3.1176470588235294
24,80,2.875,5,3.8947368421052633,3.7
23,67,3.0869565217391304,5,4.615384615384615,3.1578947368421053
22,32,3.227272727272727,5,4.833333333333333,1.5263157894736843
26,123,3.8076923076923075,8,6.157894736842105,5.318181818181818
27,81,2.2222222222222223,5,4.909090909090909,3.6
24,74,3.4583333333333335,7,4.928571428571429,3.45
23,44,2.5217391304347827,4,4.555555555555555,2.05
21,30,1.8095238095238095,4,3.0,1.3636363636363635
26,81,3.3461538461538463,6,5.5,3.5
20,27,1.3,2,4.0,2.0
26,83,3.5384615384615383,7,5.923076923076923,3.5
22,49,2.6818181818181817,5,3.25,2.2941176470588234
23,50,2.652173913043478,5,3.076923076923077,2.2222222222222223
24,64,2.7916666666666665,5,4.461538461538462,2.9
22,43,2.6818181818181817,5,3.090909090909091,2.0
19,24,1.368421052631579,2,5.5,1.5714285714285714
29,110,3.896551724137931,7,7.066666666666666,4.24
24,31,1.3333333333333333,2,2.6666666666666665,1.0
24,27,1.1666666666666667,2,4.0,1.0
19,31,1.5789473684210527,3,3.0,1.5
23,88,4.0,7,5.466666666666667,4.315789473684211
24,70,3.0,5,4.7272727272727275,2.6
20,49,3.6,6,4.090909090909091,2.8125
23,97,3.869565217391304,7,4.764705882352941,4.2631578947368425
23,78,3.4782608695652173,7,4.857142857142857,3.7777777777777777
23,91,3.4347826086956523,6,5.928571428571429,4.368421052631579
27,107,3.6666666666666665,7,4.705882352941177,3.6363636363636362
25,50,2.28,3,6.285714285714286,2.2
25,85,4.2,8,4.5625,3.4761904761904763
16,30,1.9375,3,3.5,1.5555555555555556
16,30,1.9375,3,3.5,1.5555555555555556
25,44,3.32,5,5.571428571428571,1.7727272727272727
28,136,4.107142857142857,8,6.190476190476191,5.416666666666667
28,93,2.2857142857142856,5,5.153846153846154,4.466666666666667
27,107,3.5185185185185186,7,5.555555555555555,4.3478260869565215
23,58,2.8260869565217392,5,4.083333333333333,2.5789473684210527
20,28,1.35,2,4.666666666666667,2.0
22,67,3.0454545454545454,5,4.357142857142857,3.388888888888889
23,41,3.347826086956522,5,3.6,1.8
28,114,3.8214285714285716,7,5.631578947368421,4.458333333333333
24,70,3.0,5,4.285714285714286,3.0
23,40,3.3043478260869565,5,4.25,1.7
23,67,2.652173913043478,4,6.285714285714286,2.75
28,101,4.214285714285714,7,6.642857142857143,3.875
27,86,2.740740740740741,5,5.545454545454546,2.9047619047619047
27,88,2.962962962962963,5,6.3,2.8636363636363638
24,71,3.5833333333333335,6,5.0,3.25
23,63,2.9130434782608696,5,4.230769230769231,2.8947368421052633
21,39,3.2857142857142856,5,5.666666666666667,1.8888888888888888
23,45,2.652173913043478,5,4.0,2.1176470588235294
25,80,3.28,6,4.222222222222222,3.619047619047619
26,60,3.576923076923077,6,6.222222222222222,2.5454545454545454
22,59,3.0,6,3.4375,3.0555555555555554
16,32,1.5,2,4.0,2.0
25,47,3.36,5,5.857142857142857,1.8636363636363635
29,98,4.0344827586206895,7,6.0,3.6
22,42,2.5454545454545454,5,4.285714285714286,1.875
24,43,3.2083333333333335,5,6.166666666666667,1.7619047619047619
28,131,3.5,7,6.25,5.208333333333333
28,88,2.2857142857142856,5,6.1,3.8125
25,76,3.32,6,5.142857142857143,3.4285714285714284
25,40,3.28,5,5.833333333333333,1.5909090909090908
27,69,2.0,4,6.125,3.5
26,63,3.3076923076923075,5,4.461538461538462,2.6363636363636362
22,40,2.1818181818181817,3,4.142857142857143,1.7058823529411764
24,39,3.2083333333333335,5,4.857142857142857,1.619047619047619
27,59,3.4074074074074074,6,4.909090909090909,2.347826086956522
26,62,2.3461538461538463,5,5.375,2.5294117647058822
23,42,2.0,3,5.2,1.625
24,38,3.2083333333333335,5,5.5,1.5714285714285714
19,34,1.894736842105263,3,4.0,2.0
21,47,2.4285714285714284,4,4.5,1.8
24,49,3.3333333333333335,5,3.75,2.25
25,56,2.72,5,4.7,2.238095238095238
29,134,3.896551724137931,7,5.818181818181818,5.12
21,37,2.0,3,4.166666666666667,1.7857142857142858
23,44,2.608695652173913,4,5.125,2.05
21,62,3.3333333333333335,7,3.411764705882353,3.2222222222222223
30,111,4.166666666666667,7,7.5,4.038461538461538
23,57,2.130434782608696,4,6.5,2.7857142857142856
23,67,3.0869565217391304,6,4.2,3.3157894736842106
23,36,3.130434782608696,5,5.333333333333333,1.6
26,126,3.769230769230769,8,6.315789473684211,5.454545454545454
17,33,1.4705882352941178,3,4.0,2.2857142857142856
26,80,3.6923076923076925,7,5.285714285714286,3.3636363636363638
28,86,3.5714285714285716,6,6.0,3.0
21,49,2.9523809523809526,6,3.3846153846153846,2.588235294117647
25,73,2.96,5,5.076923076923077,3.142857142857143
23,35,3.1739130434782608,5,4.571428571428571,1.6
28,100,4.0,7,5.6875,3.7916666666666665
23,47,2.782608695652174,5,4.5,2.0
23,38,3.1739130434782608,5,4.714285714285714,1.65
24,39,1.5833333333333333,3,6.666666666666667,1.6666666666666667
28,85,3.7857142857142856,7,5.785714285714286,3.375
27,90,3.1481481481481484,5,4.9411764705882355,3.652173913043478
22,35,1.5,3,3.2,2.2857142857142856
25,71,3.32,6,4.785714285714286,3.1904761904761907
16,31,1.4375,2,3.75,2.142857142857143
24,49,3.3333333333333335,5,3.6666666666666665,2.2
24,77,2.875,5,3.736842105263158,3.55
24,62,2.8333333333333335,5,4.75,2.85
22,51,3.0454545454545454,6,3.5384615384615383,2.5555555555555554
22,41,2.772727272727273,5,3.1,1.8235294117647058
28,94,3.5357142857142856,6,6.0,3.75
25,56,2.68,4,3.8,1.8095238095238095
27,91,3.7777777777777777,7,5.928571428571429,3.608695652173913
17,33,1.8823529411764706,3,4.0,1.7777777777777777
18,37,1.9444444444444444,3,4.75,1.9
25,58,3.48,6,4.083333333333333,2.227272727272727
21,32,1.9523809523809523,4,3.6,1.5
28,106,4.25,8,5.882352941176471,4.166666666666667
27,105,2.888888888888889,5,6.1875,4.304347826086956
25,37,3.24,5,6.6,1.5
28,72,2.0714285714285716,4,6.125,3.2666666666666666
25,46,3.36,5,3.4166666666666665,1.9523809523809523
16,31,1.4375,2,3.75,2.142857142857143
24,68,3.0833333333333335,6,5.166666666666667,3.1
23,46,2.652173913043478,5,3.0833333333333335,2.0555555555555554
19,44,2.8421052631578947,6,3.3333333333333335,2.6666666666666665
16,30,1.5,2,3.5,1.75
20,49,3.05,6,3.4166666666666665,2.5625
23,43,2.4782608695652173,4,4.625,1.85
19,34,1.8421052631578947,4,3.3333333333333335,2.2222222222222223
18,40,2.388888888888889,5,3.4285714285714284,2.0
27,107,3.8518518518518516,7,5.2105263157894735,4.304347826086956
23,53,2.8260869565217392,5,3.3846153846153846,2.3157894736842106
21,29,1.2857142857142858,2,4.333333333333333,2.1666666666666665
21,55,2.7142857142857144,5,3.642857142857143,3.0
22,37,1.9090909090909092,3,5.2,1.7333333333333334
22,33,3.1363636363636362,5,5.8,1.5263157894736843
27,86,3.8518518518518516,7,5.0,3.4782608695652173
24,59,2.75,5,3.4285714285714284,2.526315789473684
22,38,3.1818181818181817,5,4.571428571428571,1.6842105263157894
27,124,3.925925925925926,8,6.2105263157894735,5.130434782608695
27,83,2.259259259259259,5,4.666666666666667,3.7333333333333334
27,87,3.6296296296296298,7,5.1875,3.608695652173913
24,39,3.2083333333333335,5,6.8,1.619047619047619
23,55,2.4782608695652173,4,6.666666666666667,2.6666666666666665
30,115,3.933333333333333,6,6.4,3.6923076923076925
24,61,3.375,6,3.7333333333333334,2.8
24,60,2.5833333333333335,5,4.555555555555555,2.2777777777777777
25,69,2.8,5,4.846153846153846,3.0
22,44,2.8181818181818183,5,3.0,2.0
20,27,1.35,2,4.333333333333333,1.8571428571428572
22,32,3.1818181818181817,5,4.833333333333333,1.5263157894736843
20,27,1.55,3,3.0,1.2
18,39,1.7222222222222223,3,4.2,2.1
26,78,3.6538461538461537,6,6.0,3.272727272727273
23,54,2.8260869565217392,5,3.4615384615384617,2.3684210526315788
21,49,2.6666666666666665,5,3.75,2.6470588235294117
22,33,3.227272727272727,5,4.285714285714286,1.5789473684210527
27,53,3.5555555555555554,6,4.0,2.0869565217391304
25,57,2.32,5,4.5,2.25
21,35,1.619047619047619,3,6.333333333333333,1.7272727272727273
22,36,3.272727272727273,5,4.285714285714286,1.5789473684210527
21,50,3.238095238095238,6,4.444444444444445,2.6666666666666665
23,70,3.130434782608696,5,4.0,2.526315789473684
28,102,3.7857142857142856,7,6.785714285714286,3.9583333333333335
25,100,2.88,5,4.947368421052632,4.476190476190476
23,47,3.347826086956522,5,5.125,2.05
27,126,3.962962962962963,8,5.714285714285714,5.217391304347826
29,104,3.1724137931034484,7,4.166666666666667,3.75
25,88,3.64,7,5.25,4.0
23,41,3.347826086956522,5,5.0,1.75
24,62,3.2916666666666665,7,4.181818181818182,2.5555555555555554
29,119,3.8620689655172415,7,6.388888888888889,4.6
24,80,3.125,5,4.625,3.7
24,76,3.125,5,4.666666666666667,3.5
23,75,3.391304347826087,7,5.071428571428571,3.736842105263158
17,36,2.1176470588235294,4,3.8,1.7272727272727273
28,111,4.428571428571429,8,5.777777777777778,4.333333333333333
23,47,2.4782608695652173,4,4.0,2.0
25,114,3.92,8,5.888888888888889,5.0476190476190474
28,112,3.5,8,4.722222222222222,4.0476190476190474
23,79,3.260869565217391,6,4.5625,3.8421052631578947
24,69,2.6666666666666665,5,4.153846153846154,3.0
24,46,3.4166666666666665,5,5.714285714285714,1.9047619047619047
25,78,3.04,6,4.933333333333334,3.5238095238095237
28,94,3.5714285714285716,6,5.6,3.5
29,111,3.2413793103448274,6,5.882352941176471,4.0
24,46,3.2916666666666665,5,5.714285714285714,1.9047619047619047
19,42,2.5789473684210527,6,3.4444444444444446,2.8181818181818183
28,99,3.5357142857142856,7,5.166666666666667,3.875
25,80,3.04,5,4.5625,3.4761904761904763
25,55,3.4,6,3.5714285714285716,2.380952380952381
24,42,3.3333333333333335,5,6.0,1.7142857142857142
27,116,3.925925925925926,8,4.714285714285714,4.304347826086956
28,73,3.357142857142857,5,4.25,2.8333333333333335
16,30,1.8125,3,3.5,1.75
17,33,1.8823529411764706,3,4.0,1.7777777777777777
24,64,3.0416666666666665,6,3.857142857142857,2.7
30,124,4.466666666666667,8,6.2631578947368425,4.576923076923077
24,36,3.25,5,4.714285714285714,1.5714285714285714
27,58,3.4074074074074074,6,4.818181818181818,2.3043478260869565
26,88,3.1153846153846154,5,5.266666666666667,3.590909090909091
24,37,3.25,5,4.714285714285714,1.5714285714285714
28,64,3.5,6,4.916666666666667,2.4583333333333335
27,64,2.1481481481481484,5,4.777777777777778,2.6875
26,57,2.3076923076923075,4,6.5,2.1666666666666665
25,36,3.24,5,6.6,1.5
29,100,4.0344827586206895,7,5.866666666666666,3.52
23,59,2.6956521739130435,5,3.6923076923076925,2.6666666666666665
25,75,3.32,6,4.375,3.3333333333333335
23,46,2.608695652173913,4,4.777777777777778,2.15
24,89,4.0,8,5.0625,4.05
17,36,2.3529411764705883,4,3.8,1.5833333333333333
22,37,2.0,3,6.25,1.6666666666666667
23,34,3.130434782608696,5,5.166666666666667,1.55
21,59,3.1904761904761907,6,3.235294117647059,3.0555555555555554
29,110,3.8620689655172415,7,5.473684210526316,4.16
22,33,1.3636363636363635,3,4.25,2.4285714285714284
23,55,2.8260869565217392,5,3.5384615384615383,2.4210526315789473
26,77,3.230769230769231,6,5.461538461538462,3.227272727272727
23,56,3.391304347826087,6,3.923076923076923,2.6842105263157894
15,26,1.5333333333333334,2,3.25,1.625
23,33,3.130434782608696,5,6.0,1.5
19,26,1.5789473684210527,3,3.6666666666666665,1.375
18,37,1.7777777777777777,3,4.75,1.9
26,73,3.3461538461538463,6,5.3076923076923075,3.1363636363636362
26,63,2.6538461538461537,5,6.0,2.210526315789474
24,67,2.9583333333333335,5,5.545454545454546,3.05
22,51,3.5454545454545454,6,3.8333333333333335,2.5555555555555554
22,31,3.1818181818181817,5,5.6,1.4736842105263157
28,82,2.0,4,5.0,3.4375
25,59,3.44,6,3.6,2.5714285714285716
24,76,3.125,5,4.928571428571429,3.45
24,36,3.2083333333333335,5,5.5,1.5714285714285714
28,90,3.642857142857143,7,4.9411764705882355,3.5
25,61,2.76,5,3.923076923076923,2.55
24,35,3.1666666666666665,5,6.4,1.5238095238095237
19,34,1.8421052631578947,4,3.3333333333333335,2.2222222222222223
28,59,3.4642857142857144,6,3.857142857142857,2.25
23,46,2.1739130434782608,3,5.833333333333333,1.9444444444444444
28,115,4.214285714285714,8,5.631578947368421,4.458333333333333
24,50,3.3333333333333335,5,3.75,2.25
30,114,4.266666666666667,8,6.470588235294118,4.230769230769231
23,43,2.5217391304347827,4,4.444444444444445,2.0
20,45,2.85,5,4.5,2.4
27,83,3.3703703703703702,6,5.571428571428571,3.391304347826087
25,77,3.04,5,5.538461538461538,3.4285714285714284
26,87,3.6538461538461537,7,5.785714285714286,3.6818181818181817
21,39,1.9047619047619047,3,4.333333333333333,2.0
22,60,2.772727272727273,5,3.6666666666666665,3.0555555555555554
22,57,2.909090909090909,5,4.545454545454546,2.7777777777777777
23,33,3.0869565217391304,5,6.0,1.5
27,124,3.925925925925926,8,6.2105263157894735,5.130434782608695
30,130,3.933333333333333,7,5.05,3.8846153846153846
29,111,4.137931034482759,8,5.5,3.96
23,33,3.0869565217391304,5,6.0,1.5
28,131,4.0,8,6.631578947368421,5.25
27,85,2.3333333333333335,5,4.916666666666667,3.933333333333333
28,84,3.9285714285714284,7,5.642857142857143,3.2916666666666665
22,71,3.1818181818181817,7,4.0,3.111111111111111
23,67,3.0869565217391304,5,4.846153846153846,3.3157894736842106
24,56,3.4583333333333335,6,3.4,2.55
23,48,2.5652173913043477,5,3.0,2.1176470588235294
19,32,1.736842105263158,3,3.6,1.8
23,34,3.130434782608696,5,5.166666666666667,1.55
23,36,1.391304347826087,2,8.5,1.8888888888888888
27,98,4.074074074074074,8,5.111111111111111,4.0
26,80,3.576923076923077,6,4.538461538461538,2.6818181818181817
24,53,3.375,6,3.6923076923076925,2.4
24,86,2.8333333333333335,5,4.444444444444445,4.0
24,69,3.0833333333333335,5,4.5,3.15
23,36,3.1739130434782608,5,4.714285714285714,1.65
20,28,1.65,3,3.25,1.1818181818181819
26,68,2.9615384615384617,5,5.363636363636363,2.6818181818181817
23,36,3.130434782608696,5,5.166666666666667,1.55
27,123,3.925925925925926,8,6.157894736842105,5.086956521739131
27,86,2.3703703703703702,5,4.214285714285714,3.6875
26,83,3.6153846153846154,7,4.9375,3.590909090909091
24,40,3.25,5,7.0,1.6666666666666667
28,100,3.25,6,4.9411764705882355,3.5
29,108,3.896551724137931,7,5.777777777777778,4.16
24,61,3.5,6,3.6,2.7
15,25,1.4,2,2.5,1.6666666666666667
23,45,2.4782608695652173,4,4.444444444444445,2.0
24,98,3.9583333333333335,7,5.3125,4.25
23,57,3.1739130434782608,6,5.222222222222222,2.611111111111111
24,47,3.2083333333333335,5,4.444444444444445,1.9047619047619047
22,53,2.5454545454545454,5,5.714285714285714,2.857142857142857
17,34,1.588235294117647,3,3.6,2.25
28,115,3.9285714285714284,7,5.333333333333333,4.0
26,86,3.5384615384615383,7,5.714285714285714,3.6363636363636362
24,82,2.875,5,4.0,3.8
24,53,2.625,5,5.571428571428571,2.1666666666666665
26,96,3.6923076923076925,7,4.529411764705882,3.5
15,32,2.533333333333333,4,3.3333333333333335,1.8181818181818181
23,40,3.3043478260869565,5,5.0,1.75
18,34,1.9444444444444444,3,4.0,1.6
25,60,3.36,5,3.857142857142857,2.5714285714285716
24,61,2.5833333333333335,5,3.5384615384615383,2.5555555555555554
22,41,2.0,3,5.6,1.8666666666666667
30,143,4.366666666666666,8,5.913043478260869,5.230769230769231
22,43,3.590909090909091,6,3.7,1.9473684210526316
29,76,3.6551724137931036,6,5.833333333333333,2.8
16,33,1.9375,3,4.25,1.8888888888888888
17,37,2.0588235294117645,4,4.0,2.0
24,47,3.4166666666666665,5,4.555555555555555,1.9523809523809523
27,138,4.0,8,5.545454545454546,5.304347826086956
28,120,4.0,8,4.842105263157895,4.0
26,106,3.8461538461538463,8,5.2105263157894735,4.5
28,95,3.5357142857142856,6,4.9375,3.2916666666666665
26,100,3.230769230769231,6,5.733333333333333,3.909090909090909
23,41,3.391304347826087,5,6.166666666666667,1.85
25,72,3.2,6,4.25,3.238095238095238
22,48,3.409090909090909,6,3.3076923076923075,2.263157894736842
26,103,4.0,8,5.823529411764706,4.5
32,159,3.34375,6,6.375,5.464285714285714
30,110,3.6,7,5.625,3.6
27,90,3.3703703703703702,6,5.0,3.6956521739130435
15,28,1.4,2,4.333333333333333,2.1666666666666665
23,66,3.130434782608696,6,4.066666666666666,3.210526315789474
25,40,3.28,5,7.0,1.5909090909090908
27,129,3.4074074074074074,7,6.15,5.3478260869565215
28,90,2.2857142857142856,5,6.4,4.0
27,81,3.3703703703703702,6,5.5,3.347826086956522
24,38,3.2083333333333335,5,4.857142857142857,1.619047619047619
21,43,1.7619047619047619,3,4.8,2.1818181818181817
28,95,3.607142857142857,6,5.5625,3.7083333333333335
21,44,1.9523809523809523,3,5.8,2.230769230769231
26,87,2.6538461538461537,5,4.866666666666666,3.3181818181818183
25,88,2.88,5,4.1,3.9047619047619047
23,36,3.1739130434782608,5,4.714285714285714,1.65
19,65,3.263157894736842,7,4.066666666666666,4.066666666666666
31,127,4.129032258064516,8,5.428571428571429,4.222222222222222
24,61,2.9166666666666665,5,3.7857142857142856,2.65
28,81,3.5714285714285716,6,5.909090909090909,2.7083333333333335
24,65,2.8333333333333335,5,4.066666666666666,3.05
24,53,2.75,5,3.6666666666666665,2.3157894736842106
24,83,2.8333333333333335,5,4.277777777777778,3.85
27,76,2.8518518518518516,5,5.384615384615385,3.0434782608695654
22,56,3.1363636363636362,6,3.642857142857143,2.8333333333333335
28,91,3.357142857142857,6,5.8,3.625
24,32,1.3333333333333333,2,3.0,1.125
23,27,1.2173913043478262,2,5.0,1.0
18,37,3.5,6,4.428571428571429,2.2142857142857144
28,58,2.2142857142857144,4,6.4,2.1333333333333333
26,107,3.6538461538461537,7,5.470588235294118,4.2272727272727275
23,45,2.0,4,5.0,1.9230769230769231
18,38,2.611111111111111,5,3.2,2.2857142857142856
26,69,2.3076923076923075,4,3.909090909090909,2.263157894736842
23,86,3.8260869565217392,8,4.75,4.0
23,74,3.347826086956522,6,5.5,3.6666666666666665
22,73,3.1363636363636362,6,5.666666666666667,3.7777777777777777
27,96,3.037037037037037,7,4.375,3.6842105263157894
25,46,2.32,3,5.857142857142857,2.05
23,89,4.130434782608695,8,5.533333333333333,4.15
23,77,3.5652173913043477,7,3.9375,3.3157894736842106
28,109,3.142857142857143,6,5.421052631578948,4.291666666666667
30,144,4.366666666666666,8,6.2727272727272725,5.3076923076923075
24,39,3.2083333333333335,5,4.857142857142857,1.619047619047619
23,51,2.391304347826087,4,6.0,2.4
30,102,3.6,6,5.388888888888889,3.730769230769231
25,60,3.32,6,3.9285714285714284,2.619047619047619
16,29,1.4375,2,3.25,1.8571428571428572
25,37,3.24,5,6.8,1.5454545454545454
30,97,3.3666666666666667,6,4.8125,2.9615384615384617
29,94,3.9655172413793105,7,5.933333333333334,3.56
27,100,3.111111111111111,6,4.7,4.086956521739131
25,37,3.24,5,6.8,1.5454545454545454
27,68,2.037037037037037,4,5.75,3.2857142857142856
26,78,3.269230769230769,5,5.285714285714286,3.3636363636363638
28,99,3.892857142857143,7,6.333333333333333,3.9583333333333335
24,29,1.25,2,6.0,1.0
23,27,1.2173913043478262,2,5.0,1.0
23,82,4.260869565217392,8,5.066666666666666,3.8
21,74,3.9047619047619047,7,4.769230769230769,3.4444444444444446
26,89,4.076923076923077,8,4.8,3.4285714285714284
23,48,2.130434782608696,4,4.833333333333333,2.0714285714285716
27,55,2.037037037037037,4,6.2,2.3846153846153846
22,86,3.3181818181818183,6,5.923076923076923,4.277777777777778
26,97,3.576923076923077,7,4.235294117647059,3.4285714285714284
25,45,2.32,3,5.714285714285714,2.0
19,42,3.1052631578947367,6,4.0,2.4615384615384617
25,88,3.68,7,4.470588235294118,3.619047619047619
27,111,2.962962962962963,6,6.176470588235294,4.565217391304348
24,37,3.1666666666666665,5,5.333333333333333,1.5238095238095237
28,103,3.4642857142857144,6,4.9375,3.590909090909091
25,57,3.44,6,3.7142857142857144,2.4761904761904763
25,76,3.08,5,5.538461538461538,3.4285714285714284
27,104,3.111111111111111,6,4.9,4.260869565217392
24,35,3.1666666666666665,5,5.333333333333333,1.5238095238095237
28,138,4.0,8,6.6,5.5
27,83,2.3333333333333335,5,4.833333333333333,3.8666666666666667
28,91,3.9285714285714284,7,5.733333333333333,3.5833333333333335
22,71,3.1818181818181817,7,4.5,3.0
25,39,3.28,5,6.0,1.6363636363636365
23,35,1.391304347826087,2,8.5,1.8888888888888888
28,93,3.9642857142857144,7,5.866666666666666,3.6666666666666665
24,59,2.9166666666666665,5,3.769230769230769,2.45
22,63,3.227272727272727,6,3.933333333333333,3.2777777777777777
23,34,3.130434782608696,5,5.166666666666667,1.55
26,128,3.8076923076923075,8,6.421052631578948,5.545454545454546
29,90,2.3793103448275863,5,4.6923076923076925,3.8125
25,65,2.96,6,4.153846153846154,2.5714285714285716
23,34,3.260869565217391,5,5.166666666666667,1.55
25,86,3.96,7,5.466666666666667,3.9047619047619047
17,31,1.411764705882353,2,4.666666666666667,2.0
16,31,1.4375,2,5.0,2.142857142857143
25,53,3.36,5,4.0,2.2857142857142856
24,59,2.5833333333333335,5,3.3846153846153846,2.4444444444444446
21,35,1.9047619047619047,3,4.8,1.7142857142857142
22,34,3.227272727272727,5,4.285714285714286,1.5789473684210527
27,125,4.0,8,6.2631578947368425,5.173913043478261
29,108,4.344827586206897,8,5.9411764705882355,4.04
23,38,3.1739130434782608,5,4.125,1.65
19,36,2.5789473684210527,6,3.5714285714285716,2.272727272727273
28,72,3.4642857142857144,6,4.466666666666667,2.7916666666666665
21,44,2.0476190476190474,4,4.833333333333333,2.4166666666666665
27,112,2.925925925925926,5,5.888888888888889,4.608695652173913
26,84,3.5,6,6.5,3.5454545454545454
20,59,3.0,5,4.416666666666667,3.3125
24,87,2.875,5,4.5,4.05
23,57,3.347826086956522,6,3.923076923076923,2.6842105263157894
30,123,4.033333333333333,7,6.9411764705882355,4.538461538461538
24,30,1.2916666666666667,2,3.5,1.0
24,28,1.2083333333333333,2,5.0,1.0
18,37,3.5,6,4.428571428571429,2.2142857142857144
28,69,2.5714285714285716,5,4.666666666666667,2.3333333333333335
24,102,4.083333333333333,7,6.133333333333334,4.6
24,66,2.875,5,5.111111111111111,2.3
19,50,2.736842105263158,5,3.727272727272727,2.7333333333333334
26,102,3.3846153846153846,7,4.0,3.619047619047619
23,84,3.9130434782608696,8,4.8125,4.052631578947368
23,81,3.9130434782608696,8,4.625,3.8947368421052633
21,81,3.238095238095238,6,5.769230769230769,4.411764705882353
28,126,4.107142857142857,7,5.444444444444445,4.083333333333333
24,51,3.1666666666666665,5,5.625,2.3684210526315788
27,85,3.888888888888889,8,5.142857142857143,3.272727272727273
23,57,3.869565217391304,6,5.2,2.6
28,158,4.142857142857143,8,6.565217391304348,6.291666666666667
28,115,4.321428571428571,8,5.315789473684211,4.208333333333333
23,49,2.739130434782609,4,5.714285714285714,2.1052631578947367
20,40,2.7,4,4.428571428571429,1.9375
30,130,4.266666666666667,8,6.3,4.846153846153846
24,46,3.7083333333333335,6,4.555555555555555,1.9523809523809523
30,114,4.233333333333333,8,6.866666666666666,3.9615384615384617
23,39,2.4782608695652173,5,4.0,1.75
24,41,3.2083333333333335,5,5.833333333333333,1.6666666666666667
20,42,2.6,6,4.0,2.6666666666666665
28,82,3.75,6,6.416666666666667,3.2083333333333335
25,59,2.84,5,4.9,2.3333333333333335
28,128,3.642857142857143,7,6.2,5.166666666666667
24,43,3.25,5,4.625,1.7619047619047619
21,47,2.2857142857142856,4,5.5,2.5384615384615383
30,111,3.933333333333333,6,6.571428571428571,3.5384615384615383
15,28,1.5333333333333334,2,3.5,1.75
25,43,3.32,5,4.625,1.6818181818181819
29,92,3.9655172413793105,6,6.416666666666667,3.08
23,80,3.347826086956522,7,4.117647058823529,3.6842105263157894
15,30,1.5333333333333334,2,3.75,1.875
23,36,3.130434782608696,5,5.166666666666667,1.55
27,91,3.7777777777777777,7,5.117647058823529,3.782608695652174
27,92,3.2962962962962963,6,5.5,3.8260869565217392
27,73,2.740740740740741,5,5.555555555555555,2.5
24,53,3.375,6,3.6923076923076925,2.4
22,35,1.6818181818181819,3,4.75,2.111111111111111
22,62,3.1363636363636362,6,3.8,3.1666666666666665
22,42,2.5454545454545454,4,4.333333333333333,2.0526315789473686
27,85,3.4814814814814814,6,5.833333333333333,3.0434782608695654
26,87,3.1153846153846154,5,4.875,3.5454545454545454
24,38,3.25,5,4.857142857142857,1.619047619047619
27,68,2.037037037037037,4,5.875,3.357142857142857
25,99,3.76,7,4.842105263157895,4.380952380952381
27,82,3.5555555555555554,6,5.083333333333333,2.652173913043478
26,94,2.6538461538461537,5,4.647058823529412,3.590909090909091
23,34,3.130434782608696,5,5.166666666666667,1.55
20,31,1.95,4,4.25,1.5454545454545454
26,74,3.3461538461538463,6,5.384615384615385,3.1818181818181817
26,65,2.9615384615384617,5,5.090909090909091,2.5454545454545454
26,80,3.730769230769231,7,5.357142857142857,3.409090909090909
24,52,2.7916666666666665,5,3.230769230769231,2.210526315789474
20,36,1.95,4,3.4285714285714284,1.8461538461538463
24,36,3.2083333333333335,5,5.5,1.5714285714285714
28,94,3.9285714285714284,7,6.230769230769231,3.375
22,76,3.3636363636363638,7,3.9375,3.5
16,26,1.5,2,2.75,1.375
23,35,3.1739130434782608,5,4.571428571428571,1.6
20,44,2.25,4,4.8,1.8461538461538463
28,85,3.7857142857142856,6,6.153846153846154,3.3333333333333335
25,81,3.04,5,5.0,3.5714285714285716
24,75,3.0,5,4.928571428571429,3.45
28,97,3.892857142857143,7,6.642857142857143,3.875
26,65,3.3076923076923075,6,3.6923076923076925,2.0869565217391304
25,98,3.72,7,5.529411764705882,4.476190476190476
22,70,3.409090909090909,7,3.4375,3.0555555555555554
16,30,1.4375,2,3.5,2.0
25,48,3.32,5,5.714285714285714,1.8181818181818181
28,90,2.607142857142857,6,5.333333333333333,3.764705882352941
29,122,4.068965517241379,8,5.523809523809524,4.64
24,55,2.7916666666666665,5,3.5384615384615383,2.4210526315789473
25,88,2.96,5,4.315789473684211,3.9047619047619047
25,39,3.32,5,7.2,1.6363636363636365
30,113,4.233333333333333,7,7.285714285714286,3.923076923076923
23,53,2.782608695652174,5,4.625,2.0555555555555554
25,38,3.28,5,7.0,1.5909090909090908
28,98,3.4285714285714284,6,4.5,3.0
30,120,4.366666666666666,8,6.8,3.923076923076923
23,73,3.260869565217391,6,4.533333333333333,3.5789473684210527
22,40,2.5,4,4.5,1.894736842105263
25,73,3.88,7,4.583333333333333,2.5
23,70,2.9565217391304346,5,5.076923076923077,3.473684210526316
25,42,3.32,5,6.5,1.7727272727272727
23,56,2.130434782608696,4,4.714285714285714,2.75
29,99,4.103448275862069,7,6.714285714285714,3.76
26,68,2.6538461538461537,5,5.111111111111111,2.3
25,65,2.88,5,4.777777777777778,2.15
27,70,3.7037037037037037,6,5.0,2.8260869565217392
23,48,2.8260869565217392,5,3.076923076923077,2.1052631578947367
28,119,4.214285714285714,8,6.764705882352941,4.791666666666667
24,35,3.1666666666666665,5,6.4,1.5238095238095237
27,92,3.888888888888889,7,5.5,3.8260869565217392
27,65,3.7037037037037037,6,5.9,2.5652173913043477
25,81,3.32,6,5.066666666666666,3.619047619047619
16,26,1.375,2,3.3333333333333335,1.6666666666666667
25,56,2.64,5,5.0,2.25
24,37,3.3333333333333335,5,6.6,1.5714285714285714
24,38,1.4166666666666667,2,9.5,1.9
25,56,3.4,6,3.4,2.4285714285714284
26,63,2.5384615384615383,5,5.5,2.3157894736842106
24,37,3.2083333333333335,5,5.666666666666667,1.619047619047619
27,102,3.185185185185185,6,6.125,4.260869565217392
30,106,4.166666666666667,8,6.25,3.8461538461538463
26,68,2.6153846153846154,5,5.111111111111111,2.3
22,61,3.272727272727273,6,4.071428571428571,3.1666666666666665
22,32,3.227272727272727,5,4.833333333333333,1.5263157894736843
27,103,3.2222222222222223,6,6.125,4.260869565217392
25,60,3.36,5,3.9285714285714284,2.619047619047619
27,97,3.7037037037037037,7,6.066666666666666,3.9565217391304346
16,30,2.3125,4,3.0,1.3636363636363635
23,54,3.4782608695652173,6,3.769230769230769,2.5789473684210527
15,25,1.4666666666666666,2,2.75,1.5714285714285714
29,124,3.7241379310344827,6,6.555555555555555,4.72
23,66,3.0869565217391304,5,4.75,3.0
23,36,3.3043478260869565,5,4.125,1.65
28,120,4.071428571428571,8,4.85,4.041666666666667
30,123,3.933333333333333,7,5.2727272727272725,4.461538461538462
25,62,2.96,5,6.0,2.4
22,63,3.1363636363636362,6,4.214285714285714,3.2777777777777777
29,123,4.482758620689655,8,5.318181818181818,4.68
23,46,2.5217391304347827,4,4.555555555555555,2.05
23,92,3.782608695652174,8,4.9411764705882355,4.421052631578948
28,96,2.9642857142857144,6,4.666666666666667,3.6842105263157894
23,75,3.260869565217391,6,4.6,3.6315789473684212
24,44,3.2916666666666665,5,4.75,1.8095238095238095
27,74,2.4074074074074074,5,5.3,3.3125
27,70,3.3333333333333335,5,4.266666666666667,2.782608695652174
25,80,3.08,5,5.357142857142857,3.5714285714285716
27,116,3.111111111111111,6,5.5,4.782608695652174
24,80,3.375,6,4.6875,3.75
16,29,1.4375,2,4.333333333333333,1.8571428571428572
24,75,3.125,5,4.6,3.45
22,41,3.590909090909091,6,3.6,1.894736842105263
28,100,4.285714285714286,8,6.071428571428571,3.5416666666666665
24,72,3.2916666666666665,6,5.090909090909091,2.9473684210526314
22,54,3.772727272727273,6,4.8,2.526315789473684
27,104,3.6296296296296298,6,6.1875,4.304347826086956
31,134,4.419354838709677,7,6.9411764705882355,4.37037037037037
27,92,2.925925925925926,6,5.153846153846154,3.1904761904761907
22,71,3.272727272727273,6,4.714285714285714,3.6666666666666665
22,57,3.590909090909091,7,3.7142857142857144,2.736842105263158
28,99,4.0,6,6.833333333333333,3.28
23,66,3.6956521739130435,7,3.8666666666666667,2.9
28,63,3.4285714285714284,6,4.833333333333333,2.4166666666666665
24,66,2.125,4,6.125,3.5
24,43,3.25,5,5.285714285714286,1.7619047619047619
31,105,2.6774193548387095,5,5.857142857142857,3.28
29,98,3.9655172413793105,7,5.8125,3.72
24,42,3.2083333333333335,5,6.0,1.7142857142857142
22,38,2.272727272727273,5,4.0,2.0
25,73,3.24,5,4.928571428571429,3.2857142857142856
24,55,3.3333333333333335,5,3.8461538461538463,2.5
25,74,3.04,5,4.466666666666667,3.1904761904761907
27,104,3.111111111111111,6,4.9,4.260869565217392
28,103,3.9285714285714284,7,6.6,4.125
24,35,1.4166666666666667,3,3.0,1.3333333333333333
25,30,1.24,2,6.0,1.0
18,31,1.8333333333333333,4,3.4,2.125
21,73,3.9047619047619047,8,4.125,3.6666666666666665
22,65,3.5454545454545454,7,4.066666666666666,3.388888888888889
23,66,3.1739130434782608,6,4.75,3.3529411764705883
28,60,2.107142857142857,4,6.6,2.357142857142857
23,81,3.3043478260869565,6,5.6923076923076925,3.8947368421052633
27,94,2.962962962962963,6,4.8,4.0
25,48,2.4,3,6.142857142857143,2.15
26,79,3.8846153846153846,7,5.0,2.9545454545454546
24,54,2.0416666666666665,3,7.4,2.642857142857143
24,38,3.2083333333333335,5,4.714285714285714,1.5714285714285714
26,77,4.115384615384615,7,5.416666666666667,2.8260869565217392
24,41,3.2083333333333335,5,5.142857142857143,1.7142857142857142
20,27,1.85,4,3.5,1.2727272727272727
25,91,3.68,7,4.277777777777778,3.6666666666666665
27,110,2.925925925925926,5,6.117647058823529,4.521739130434782
24,36,3.1666666666666665,5,5.333333333333333,1.5238095238095237
27,132,3.8518518518518516,8,6.631578947368421,5.478260869565218
27,86,2.3333333333333335,5,5.545454545454546,4.066666666666666
17,28,1.3529411764705883,2,3.6666666666666665,1.8333333333333333
27,84,3.4074074074074074,6,5.0,3.4782608695652173
25,74,3.32,6,4.666666666666667,3.3333333333333335
25,38,3.28,5,7.0,1.5909090909090908
27,89,3.888888888888889,7,4.882352941176471,3.608695652173913
24,58,2.7916666666666665,5,3.6923076923076925,2.526315789473684
26,68,2.769230769230769,5,6.125,2.45
27,94,2.5925925925925926,5,4.866666666666666,3.3181818181818183
23,64,3.0,6,3.933333333333333,3.1052631578947367
22,56,3.0,5,3.769230769230769,2.7222222222222223
27,106,4.222222222222222,8,6.0,4.434782608695652
26,60,3.1923076923076925,5,4.2,1.826086956521739
29,107,3.8275862068965516,7,4.5,3.24
28,93,2.7857142857142856,5,4.466666666666667,2.9130434782608696
28,71,2.6785714285714284,5,4.5,2.347826086956522
30,155,4.366666666666666,8,6.25,5.769230769230769
25,45,3.32,5,5.714285714285714,1.8181818181818181
28,138,3.5714285714285716,7,6.6,5.5
28,81,2.25,5,5.3,3.533333333333333
29,77,3.0689655172413794,6,5.083333333333333,2.5416666666666665
25,42,3.32,5,7.6,1.7272727272727273
28,84,2.5357142857142856,5,5.8,3.411764705882353
28,98,3.9285714285714284,7,6.133333333333334,3.8333333333333335
15,27,1.4666666666666666,2,3.0,1.7142857142857142
23,54,2.608695652173913,5,3.6666666666666665,2.588235294117647
24,41,3.375,5,6.166666666666667,1.7619047619047619
28,100,3.75,7,4.947368421052632,3.9166666666666665
25,78,3.08,5,4.933333333333334,3.5238095238095237
24,35,3.1666666666666665,5,6.4,1.5238095238095237
28,55,3.5,6,4.166666666666667,2.0833333333333335
23,34,3.130434782608696,5,5.166666666666667,1.55
23,57,2.5652173913043477,5,5.5,2.933333333333333
31,102,3.806451612903226,6,6.3076923076923075,3.1538461538461537
24,78,3.75,7,4.5,3.15
26,92,3.1153846153846154,6,4.3,3.909090909090909
29,133,4.344827586206897,8,6.45,5.16
23,34,3.217391304347826,5,6.2,1.55
26,52,3.4615384615384617,6,3.9166666666666665,2.1363636363636362
24,53,2.25,5,4.125,2.2
22,37,1.6363636363636365,3,7.0,1.75
22,40,2.5,4,4.111111111111111,1.9473684210526316
25,84,3.08,5,5.714285714285714,3.8095238095238093
30,106,4.2,8,6.3125,3.8846153846153846
24,38,3.2083333333333335,5,5.833333333333333,1.6666666666666667
19,35,2.0,3,5.333333333333333,1.4545454545454546
27,83,3.740740740740741,6,6.0,3.391304347826087
24,61,2.7083333333333335,5,3.6153846153846154,2.611111111111111
21,28,1.2857142857142858,2,4.0,2.0
22,31,3.1818181818181817,5,5.6,1.4736842105263157
28,53,3.5357142857142856,6,3.4285714285714284,2.0
27,64,2.2962962962962963,4,6.833333333333333,2.2777777777777777
23,34,3.1739130434782608,5,5.166666666666667,1.55
25,73,4.04,7,4.785714285714286,3.0454545454545454
24,41,3.25,5,4.111111111111111,1.7619047619047619
30,77,3.6,6,4.3125,2.6538461538461537
32,179,3.90625,7,6.92,6.178571428571429
25,40,3.32,5,5.142857142857143,1.6363636363636365
28,140,4.107142857142857,8,6.380952380952381,5.583333333333333
27,84,2.3333333333333335,5,4.75,3.8
28,94,3.642857142857143,7,5.294117647058823,3.75
25,41,3.36,5,5.285714285714286,1.6818181818181819
19,33,1.8421052631578947,3,4.666666666666667,1.4
27,89,3.3703703703703702,6,5.3125,3.6956521739130435
23,55,3.347826086956522,6,3.8461538461538463,2.6315789473684212
23,71,3.0869565217391304,5,4.333333333333333,3.4210526315789473
26,97,2.9615384615384617,5,4.7894736842105265,4.136363636363637
29,112,3.9310344827586206,7,7.2,4.32
25,57,3.36,6,3.75,2.0454545454545454
19,41,2.8421052631578947,6,3.875,2.5833333333333335
26,102,3.9615384615384617,7,4.722222222222222,3.8636363636363638
27,117,3.3333333333333335,6,6.529411764705882,4.826086956521739
25,46,3.32,5,5.0,1.8181818181818181
27,125,4.0,8,5.476190476190476,5.0
30,130,3.933333333333333,7,5.590909090909091,4.730769230769231
16,32,2.3125,4,3.2,1.4545454545454546
25,96,2.88,5,4.7368421052631575,4.285714285714286
24,41,3.25,5,5.0,1.6666666666666667
28,136,4.107142857142857,8,5.909090909090909,5.416666666666667
28,104,2.9285714285714284,7,4.75,4.222222222222222
26,86,3.8461538461538463,7,5.642857142857143,3.590909090909091
22,79,3.1818181818181817,7,4.769230769230769,3.4444444444444446
24,40,3.4166666666666665,5,5.285714285714286,1.7619047619047619
27,73,2.1481481481481484,4,5.444444444444445,3.2666666666666666
25,63,3.36,5,4.071428571428571,2.7142857142857144
20,46,2.9,5,3.6363636363636362,2.5
20,57,2.95,6,4.0,3.25
23,42,3.347826086956522,5,5.428571428571429,1.9
28,85,3.642857142857143,6,4.9375,3.2916666666666665
22,43,2.4545454545454546,4,3.1,1.631578947368421
22,59,3.1818181818181817,6,5.1,3.0
31,140,3.935483870967742,7,5.782608695652174,4.925925925925926
16,38,2.0625,3,3.6666666666666665,2.0
21,50,2.619047619047619,5,3.909090909090909,2.6875
22,55,3.409090909090909,6,3.2,2.526315789473684
31,110,3.6451612903225805,7,5.235294117647059,3.423076923076923
29,96,3.9310344827586206,7,5.6875,3.64
28,112,3.107142857142857,6,4.818181818181818,4.416666666666667
24,41,3.25,5,5.0,1.6666666666666667
28,95,3.392857142857143,7,5.0,3.75
27,83,3.7777777777777777,7,4.5625,3.1739130434782608
22,69,3.1818181818181817,7,5.083333333333333,3.388888888888889
24,36,3.1666666666666665,5,6.2,1.4761904761904763
22,47,2.272727272727273,4,5.5,2.357142857142857
31,104,3.806451612903226,6,6.0,3.230769230769231
15,27,1.5333333333333334,2,3.25,1.625
25,39,3.28,5,5.666666666666667,1.5454545454545454
26,89,2.423076923076923,5,6.5,4.0625
30,130,4.1,8,5.904761904761905,4.769230769230769
22,59,2.6363636363636362,5,4.0,2.588235294117647
29,108,3.5517241379310347,6,6.117647058823529,4.16
24,37,3.1666666666666665,5,6.4,1.5238095238095237
26,93,2.4615384615384617,5,6.2727272727272725,4.3125
28,104,3.4642857142857144,6,5.2631578947368425,4.166666666666667
30,134,4.133333333333334,7,6.7894736842105265,4.961538461538462
26,84,3.230769230769231,6,5.133333333333334,3.5
25,39,3.28,5,5.833333333333333,1.5909090909090908
28,64,3.4642857142857144,6,4.538461538461538,2.4583333333333335
23,35,3.130434782608696,5,5.166666666666667,1.55
27,131,3.888888888888889,8,6.631578947368421,5.478260869565218
20,39,1.45,3,5.0,2.5
26,58,3.3076923076923075,5,4.153846153846154,2.4545454545454546
25,81,2.92,6,5.357142857142857,3.5714285714285716
25,86,2.88,5,4.0,3.8095238095238093
25,69,3.48,6,4.846153846153846,3.0
15,25,1.5333333333333334,2,3.0,1.5
28,100,3.857142857142857,7,6.4,4.0
26,63,3.0384615384615383,5,3.5,2.130434782608696
21,71,2.9523809523809526,5,4.75,3.8
29,112,4.103448275862069,7,6.666666666666667,4.0
25,65,2.56,5,6.0,2.526315789473684
23,67,3.0869565217391304,6,4.133333333333334,3.263157894736842
28,124,3.7142857142857144,7,6.0,5.0
25,41,2.32,4,4.0,1.2
25,68,3.68,6,4.545454545454546,2.272727272727273
27,91,3.2962962962962963,6,5.3076923076923075,3.1363636363636362
16,31,1.9375,3,3.75,1.6666666666666667
15,29,1.8666666666666667,3,3.5,1.75
25,44,3.28,5,5.571428571428571,1.7727272727272727
27,68,2.037037037037037,4,5.875,3.357142857142857
25,54,3.4,6,3.5,2.3333333333333335
24,56,2.6666666666666665,5,3.230769230769231,2.3333333333333335
24,54,3.375,6,3.5,2.45
28,85,3.5357142857142856,6,6.0,3.0
17,34,2.176470588235294,4,3.4,1.5454545454545454
19,44,2.8421052631578947,6,3.3333333333333335,2.6666666666666665
23,34,3.217391304347826,5,6.2,1.55
27,124,3.7777777777777777,8,6.2105263157894735,5.130434782608695
27,76,1.9259259259259258,4,4.9,3.2666666666666666
27,68,3.037037037037037,6,4.909090909090909,2.347826086956522
23,34,3.130434782608696,5,6.2,1.55
30,84,3.1333333333333333,5,5.363636363636363,2.36
28,86,3.4642857142857144,6,5.857142857142857,3.4166666666666665
26,73,3.423076923076923,6,5.555555555555555,2.380952380952381
20,45,2.85,6,3.25,2.4375
24,35,3.1666666666666665,5,6.4,1.5238095238095237
27,55,3.5185185185185186,6,4.166666666666667,2.1739130434782608
27,63,2.4814814814814814,5,4.555555555555555,2.1578947368421053
22,38,1.7272727272727273,3,5.5,1.6923076923076923
23,33,3.130434782608696,5,6.0,1.5
23,57,2.4782608695652173,4,6.833333333333333,2.7333333333333334
28,92,3.75,7,5.866666666666666,3.6666666666666665
27,82,3.3703703703703702,6,5.571428571428571,3.391304347826087
27,101,2.962962962962963,5,5.0,4.130434782608695
23,33,3.130434782608696,5,6.0,1.5
26,124,3.8076923076923075,8,6.2105263157894735,5.363636363636363
30,108,4.333333333333333,8,6.0588235294117645,3.9615384615384617
19,26,1.3157894736842106,2,4.0,2.0
24,71,3.25,6,4.466666666666667,3.35
24,89,2.875,5,4.368421052631579,4.15
26,78,2.4615384615384617,4,4.285714285714286,2.727272727272727
22,56,3.0454545454545454,6,4.333333333333333,2.888888888888889
16,25,1.375,2,2.25,1.5
28,114,3.892857142857143,7,6.055555555555555,4.541666666666667
22,38,2.5,4,4.375,1.8421052631578947
21,62,3.142857142857143,6,3.2222222222222223,3.2222222222222223
29,97,3.9655172413793105,7,5.470588235294118,3.72
25,62,3.4,6,3.8,2.7142857142857144
21,50,3.142857142857143,6,3.9,2.4375
30,143,4.2,8,5.043478260869565,4.461538461538462
27,71,3.3333333333333335,5,4.0625,2.8260869565217392
28,118,3.107142857142857,6,5.333333333333333,4.666666666666667
23,72,3.3043478260869565,6,5.153846153846154,3.526315789473684
16,27,1.375,2,3.6666666666666665,1.8333333333333333
22,32,3.1363636363636362,5,5.6,1.4736842105263157
27,107,3.185185185185185,6,6.375,4.434782608695652
28,88,2.2857142857142856,5,5.0,4.0
25,62,3.44,6,3.8,2.7142857142857144
16,25,1.6875,3,3.0,1.2857142857142858
26,92,2.9615384615384617,5,4.3,3.909090909090909
24,37,3.25,5,5.666666666666667,1.619047619047619
27,130,3.962962962962963,8,6.526315789473684,5.391304347826087
27,85,2.3333333333333335,5,4.833333333333333,3.8666666666666667
26,84,3.9615384615384617,7,5.571428571428571,3.5454545454545454
22,78,3.1818181818181817,7,4.428571428571429,3.4444444444444446
24,38,3.25,5,5.0,1.6666666666666667
23,35,1.391304347826087,2,8.5,1.8888888888888888
18,35,1.4444444444444444,3,4.25,2.4285714285714284
25,85,3.6,6,6.076923076923077,3.761904761904762
23,56,2.8260869565217392,5,3.6153846153846154,2.473684210526316
21,47,2.9523809523809526,6,3.5,2.4705882352941178
30,126,4.366666666666666,8,6.666666666666667,4.615384615384615
24,41,3.25,5,4.375,1.6666666666666667
27,130,3.962962962962963,8,5.904761904761905,5.391304347826087
28,110,3.25,7,4.611111111111111,4.15
26,70,2.923076923076923,6,4.230769230769231,2.619047619047619
24,44,3.2916666666666665,5,5.428571428571429,1.8095238095238095
23,63,2.5652173913043477,5,6.0,3.2
30,120,4.233333333333333,7,6.533333333333333,3.769230769230769
26,92,3.8076923076923075,7,4.8125,3.5
20,38,2.45,5,3.4444444444444446,1.9375
23,49,3.391304347826087,5,4.4,2.2
26,97,3.1538461538461537,5,6.133333333333334,4.181818181818182
28,115,3.5,8,4.35,4.142857142857143
24,65,3.5,6,4.214285714285714,2.95
16,32,2.25,4,2.6666666666666665,1.4545454545454546
16,36,2.375,4,3.3333333333333335,1.8181818181818181
24,52,3.4166666666666665,5,4.5,2.142857142857143
21,47,2.3333333333333335,5,3.25,2.1666666666666665
27,102,3.5925925925925926,6,6.0625,4.217391304347826
22,42,2.409090909090909,4,4.625,1.9473684210526316
29,111,3.3448275862068964,7,5.095238095238095,4.28
29,127,3.103448275862069,6,5.041666666666667,4.84
29,89,3.896551724137931,7,6.0,3.36
22,59,2.4545454545454546,4,5.333333333333333,3.0
24,55,2.7083333333333335,5,3.8461538461538463,2.5
28,90,3.5357142857142856,6,5.333333333333333,3.3333333333333335
28,95,2.5714285714285716,4,5.714285714285714,3.3333333333333335
24,67,3.125,6,4.461538461538462,2.9
31,134,3.838709677419355,7,6.45,4.777777777777778
25,44,3.36,5,5.571428571428571,1.7727272727272727
22,48,2.272727272727273,4,5.666666666666667,2.4285714285714284
31,118,3.967741935483871,6,7.0,3.6296296296296298
15,29,1.5333333333333334,2,3.5,1.75
25,47,3.36,5,5.857142857142857,1.8636363636363635
28,102,3.6785714285714284,7,5.0,3.9583333333333335
28,126,3.107142857142857,6,5.454545454545454,5.0
24,38,3.25,5,4.714285714285714,1.5714285714285714
27,91,3.5185185185185186,7,5.3125,3.6956521739130435
26,85,3.1153846153846154,5,4.875,3.5454545454545454
23,37,3.1739130434782608,5,4.571428571428571,1.6
31,111,3.3870967741935485,6,5.4375,3.2222222222222223
29,92,3.9655172413793105,7,5.8,3.48
24,37,3.2083333333333335,5,5.333333333333333,1.5238095238095237
21,36,2.3333333333333335,5,3.6666666666666665,1.8333333333333333
26,78,3.6538461538461537,6,5.615384615384615,3.3181818181818183
26,69,3.6153846153846154,6,5.333333333333333,2.909090909090909
26,99,3.1153846153846154,6,4.65,4.2272727272727275
30,133,4.5,8,6.095238095238095,4.923076923076923
23,43,2.608695652173913,4,5.0,2.0
25,73,3.76,6,5.363636363636363,2.8095238095238093
26,61,2.1923076923076925,5,5.125,2.5625
22,41,1.8181818181818181,3,4.333333333333333,2.0
24,41,3.2083333333333335,5,5.833333333333333,1.6666666666666667
19,38,2.0,4,4.0,2.4
21,47,2.142857142857143,4,5.2,2.0
25,50,3.36,5,3.8333333333333335,2.1904761904761907
28,84,3.5714285714285716,6,5.833333333333333,2.9166666666666665
22,61,2.9545454545454546,6,3.7333333333333334,3.111111111111111
24,37,3.25,5,4.857142857142857,1.619047619047619
27,88,3.111111111111111,6,4.8125,3.347826086956522
28,96,3.892857142857143,7,5.375,3.5833333333333335
22,70,3.1818181818181817,7,4.916666666666667,3.2777777777777777
15,27,1.5333333333333334,2,3.25,1.625
23,34,3.130434782608696,5,5.166666666666667,1.55
25,79,2.4,5,5.5,3.6666666666666665
27,63,3.4074074074074074,6,4.142857142857143,2.5217391304347827
23,54,2.6956521739130435,5,3.5833333333333335,2.388888888888889
22,37,1.9090909090909092,3,5.75,1.5333333333333334
25,79,3.08,5,5.214285714285714,3.4761904761904763
23,34,3.1739130434782608,5,5.166666666666667,1.55
21,28,1.7619047619047619,4,3.25,1.1818181818181819
25,69,3.28,6,5.0,3.0952380952380953
18,40,2.3333333333333335,4,4.4,1.8333333333333333
25,62,3.68,6,4.384615384615385,2.7142857142857144
27,88,2.7777777777777777,5,4.066666666666666,2.772727272727273
23,34,3.217391304347826,5,6.2,1.55
26,86,3.1153846153846154,5,5.0,3.409090909090909
28,93,3.857142857142857,7,5.4,3.375
22,71,3.1818181818181817,7,4.75,3.1666666666666665
16,24,1.4375,2,2.25,1.2857142857142858
23,34,3.217391304347826,5,6.2,1.55
28,84,2.4642857142857144,5,5.6,3.2941176470588234
22,78,3.409090909090909,7,4.1875,3.7222222222222223
26,82,3.1153846153846154,5,5.2,3.5454545454545454
23,27,1.434782608695652,3,5.0,1.1111111111111112
24,48,3.3333333333333335,5,3.5833333333333335,2.15
23,49,2.652173913043478,5,3.1666666666666665,2.111111111111111
22,36,2.0,4,3.25,1.7333333333333334
28,119,3.7142857142857144,6,6.052631578947368,4.791666666666667
23,66,3.0434782608695654,5,4.461538461538462,3.0526315789473686
23,34,3.1739130434782608,5,5.166666666666667,1.55
23,53,2.4347826086956523,4,5.833333333333333,2.3333333333333335
27,88,3.814814814814815,6,5.461538461538462,3.0869565217391304
24,69,3.6666666666666665,6,4.214285714285714,2.95
25,85,2.96,5,4.388888888888889,3.761904761904762
28,121,3.892857142857143,7,6.444444444444445,4.833333333333333
23,43,2.5652173913043477,4,4.444444444444445,2.0
25,65,3.6,5,4.909090909090909,2.4545454545454546
24,58,2.625,5,3.3076923076923075,2.388888888888889
25,37,3.28,5,5.666666666666667,1.5454545454545454
28,134,4.0,8,6.7368421052631575,5.333333333333333
29,107,4.344827586206897,8,5.882352941176471,4.0
20,42,2.65,5,3.272727272727273,2.4
23,65,3.3043478260869565,6,4.615384615384615,3.1578947368421053
23,51,2.608695652173913,5,3.076923076923077,2.3529411764705883
24,36,3.2083333333333335,5,5.5,1.5714285714285714
29,108,4.103448275862069,7,6.0,3.84
24,61,2.9583333333333335,5,6.428571428571429,2.3684210526315788
24,38,3.25,5,5.0,1.6666666666666667
29,113,3.8275862068965516,7,4.833333333333333,3.48
27,86,2.5925925925925926,5,5.0,3.5294117647058822
27,108,3.888888888888889,7,5.666666666666667,4.434782608695652
29,88,3.6206896551724137,6,5.833333333333333,2.8
26,91,2.730769230769231,5,5.133333333333334,3.5
24,38,3.4166666666666665,5,5.833333333333333,1.6666666666666667
23,35,1.391304347826087,2,8.5,1.8888888888888888
27,90,4.333333333333333,8,5.0,3.4782608695652173
26,105,2.8461538461538463,5,5.823529411764706,4.5
27,70,3.0,5,5.8,2.5217391304347827
30,133,4.5,8,5.7727272727272725,4.884615384615385
24,38,3.2083333333333335,5,4.857142857142857,1.619047619047619
28,99,3.642857142857143,7,5.111111111111111,3.8333333333333335
24,65,3.25,6,4.818181818181818,2.789473684210526
24,43,3.25,5,4.111111111111111,1.7619047619047619
29,98,3.1724137931034484,6,5.461538461538462,3.55
28,113,3.7142857142857144,7,5.684210526315789,4.5
25,43,3.36,5,5.285714285714286,1.6818181818181819
19,41,2.1052631578947367,4,4.5,2.4545454545454546
20,41,2.15,4,4.2,1.75
27,88,3.4074074074074074,6,5.6,3.652173913043478
23,54,3.3043478260869565,5,4.083333333333333,2.5789473684210527
22,66,3.0,5,4.615384615384615,3.3333333333333335
20,53,2.85,6,4.0,3.0
29,118,4.482758620689655,8,5.333333333333333,4.48
23,48,2.5217391304347827,4,4.666666666666667,2.1
24,73,3.2916666666666665,7,5.166666666666667,3.4444444444444446
26,70,3.0,5,5.8,2.6363636363636362
23,56,3.260869565217391,5,4.5,2.25
29,92,3.0,7,5.076923076923077,3.473684210526316
27,81,3.7037037037037037,7,4.866666666666666,3.1739130434782608
24,66,2.6666666666666665,5,4.333333333333333,2.888888888888889
22,43,2.0,3,5.4,1.8
24,51,3.4166666666666665,5,4.4,2.0952380952380953
31,129,3.967741935483871,7,5.545454545454546,4.518518518518518
25,81,3.08,5,5.357142857142857,3.5714285714285716
23,50,3.739130434782609,6,4.4,2.2
20,49,2.85,5,3.888888888888889,2.3333333333333335
28,104,3.9642857142857144,7,5.823529411764706,4.125
32,144,3.34375,6,5.384615384615385,5.0
29,121,2.6551724137931036,5,4.590909090909091,4.391304347826087
26,88,3.3461538461538463,7,4.823529411764706,3.727272727272727
23,54,2.8260869565217392,5,3.9166666666666665,2.473684210526316
20,40,2.6,5,3.888888888888889,2.3333333333333335
25,47,3.36,5,5.125,1.8636363636363635
21,43,2.1904761904761907,4,5.0,2.3076923076923075
30,111,3.9,6,6.785714285714286,3.6538461538461537
15,26,1.5333333333333334,2,3.25,1.625
29,126,4.0,7,6.555555555555555,4.72
24,46,2.5833333333333335,4,5.375,2.0476190476190474
21,76,4.0,8,5.214285714285714,4.055555555555555
28,71,3.392857142857143,6,4.125,2.75
22,45,2.6818181818181817,5,3.8,2.235294117647059
24,70,3.25,6,4.571428571428571,3.2
24,36,3.1666666666666665,5,5.333333333333333,1.5238095238095237
21,59,3.4285714285714284,7,4.153846153846154,3.176470588235294
21,44,2.142857142857143,4,5.0,2.3076923076923075
23,35,3.0869565217391304,5,6.0,1.5
27,69,2.074074074074074,4,5.555555555555555,3.5714285714285716
26,63,2.923076923076923,5,4.833333333333333,2.6363636363636362
23,36,3.130434782608696,5,5.166666666666667,1.55
26,68,2.1538461538461537,4,5.666666666666667,3.642857142857143
25,83,3.6,7,5.5,3.6666666666666665
25,78,3.0,5,4.625,3.5238095238095237
26,96,2.8461538461538463,5,5.294117647058823,4.090909090909091
16,31,1.4375,2,3.75,2.142857142857143
22,58,2.909090909090909,5,3.857142857142857,3.0
23,61,2.869565217391304,5,5.0,2.8947368421052633
26,76,3.1153846153846154,6,4.666666666666667,3.1818181818181817
30,135,3.8666666666666667,7,5.954545454545454,5.038461538461538
23,35,3.130434782608696,5,5.166666666666667,1.55
19,30,1.3157894736842106,2,5.333333333333333,2.6666666666666665
27,85,3.7037037037037037,6,6.666666666666667,3.4782608695652173
31,93,3.032258064516129,5,6.4,2.56
24,56,2.7916666666666665,5,3.5384615384615383,2.4210526315789473
24,37,3.2083333333333335,5,5.5,1.5714285714285714
27,125,3.4444444444444446,7,6.2631578947368425,5.173913043478261
31,112,4.451612903225806,8,6.294117647058823,3.962962962962963
23,34,3.130434782608696,5,5.166666666666667,1.55
27,85,2.4814814814814814,5,5.9,3.6875
29,116,4.0344827586206895,8,5.5,4.4
25,75,3.08,5,5.0,3.3333333333333335
23,35,3.1739130434782608,5,5.333333333333333,1.6
27,66,2.0,4,6.428571428571429,3.2142857142857144
26,57,3.3076923076923075,5,4.0,2.3636363636363638
25,76,3.08,5,4.8,3.4285714285714284
26,99,2.8461538461538463,5,5.166666666666667,4.2272727272727275
22,62,3.1818181818181817,6,4.142857142857143,3.2222222222222223
16,26,1.375,2,3.3333333333333335,1.6666666666666667
29,116,3.689655172413793,6,5.6,4.48
23,67,3.0869565217391304,6,4.538461538461538,3.1052631578947367
23,34,3.1739130434782608,5,5.166666666666667,1.55
23,69,3.608695652173913,7,4.923076923076923,3.3684210526315788
26,84,3.1153846153846154,5,4.9375,3.590909090909091
24,72,3.2916666666666665,6,4.533333333333333,3.4
30,125,4.133333333333334,7,6.722222222222222,4.653846153846154
24,37,2.0833333333333335,4,3.1666666666666665,1.2666666666666666
23,86,3.782608695652174,7,5.466666666666667,4.315789473684211
30,162,4.366666666666666,8,6.416666666666667,5.923076923076923
24,43,3.2083333333333335,5,5.285714285714286,1.7619047619047619
21,49,2.4761904761904763,5,5.428571428571429,2.923076923076923
28,107,3.857142857142857,7,5.555555555555555,4.166666666666667
22,65,3.272727272727273,6,4.285714285714286,3.3333333333333335
29,136,4.413793103448276,8,5.954545454545454,5.24
25,38,3.28,5,7.0,1.5909090909090908
23,56,2.5652173913043477,5,5.375,2.8666666666666667
28,101,3.9642857142857144,7,5.222222222222222,3.9166666666666665
21,57,2.9047619047619047,6,4.0,3.0588235294117645
30,143,4.366666666666666,8,6.0,5.3076923076923075
25,37,3.24,5,6.8,1.5454545454545454
23,52,2.4347826086956523,4,6.166666666666667,2.466666666666667
28,99,3.9285714285714284,7,5.166666666666667,3.875
21,58,2.9047619047619047,6,4.076923076923077,3.1176470588235294
30,134,4.366666666666666,8,6.7894736842105265,4.961538461538462
25,38,2.08,3,4.2,1.2352941176470589
23,30,1.3478260869565217,3,2.6666666666666665,1.1428571428571428
18,43,2.7777777777777777,5,3.5555555555555554,2.2857142857142856
24,74,2.5833333333333335,5,4.545454545454546,2.9411764705882355
27,132,4.074074074074074,7,6.833333333333333,5.3478260869565215
21,61,3.0,5,4.777777777777778,2.388888888888889
22,73,3.5454545454545454,7,4.0,3.3333333333333335
21,63,3.3333333333333335,6,4.083333333333333,2.8823529411764706
25,106,3.16,6,5.0588235294117645,4.526315789473684
25,55,1.92,4,5.0,2.3076923076923075
24,103,3.25,6,6.357142857142857,4.45
27,112,3.6296296296296298,7,4.722222222222222,4.0476190476190474
24,46,2.2916666666666665,3,5.857142857142857,2.1578947368421053
25,49,2.32,3,6.142857142857143,2.15
27,119,4.2592592592592595,8,5.705882352941177,4.217391304347826
27,130,4.2592592592592595,8,5.7,4.956521739130435
22,45,1.7727272727272727,3,4.6,1.7692307692307692
30,162,4.633333333333334,8,6.434782608695652,5.481481481481482
26,70,2.1538461538461537,4,3.142857142857143,2.588235294117647
26,59,2.0,3,4.714285714285714,1.8333333333333333
20,47,2.7,4,5.166666666666667,1.9375
28,80,3.142857142857143,6,5.4,2.4545454545454546
23,97,3.347826086956522,6,5.733333333333333,4.526315789473684
28,123,4.0,8,5.0,4.130434782608695
24,46,2.2916666666666665,3,5.857142857142857,2.1578947368421053
25,114,3.92,8,5.888888888888889,5.0476190476190474
26,72,3.423076923076923,6,4.125,3.0
26,99,3.6923076923076925,8,5.352941176470588,4.136363636363637
15,28,2.2666666666666666,4,2.1666666666666665,1.3
24,65,3.75,7,4.615384615384615,3.0
15,26,1.5333333333333334,2,3.0,1.5
30,165,4.366666666666666,8,6.32,6.076923076923077
23,41,3.347826086956522,5,3.7,1.85
27,88,4.444444444444445,8,5.285714285714286,3.0833333333333335
27,95,4.037037037037037,7,5.857142857142857,3.5652173913043477
16,26,1.8125,3,2.5,1.25
16,29,2.0625,4,2.6,1.3
25,42,3.32,5,5.285714285714286,1.6818181818181819
20,41,2.0,4,4.166666666666667,2.272727272727273
26,64,3.3076923076923075,5,4.833333333333333,2.6363636363636362
26,71,2.9615384615384617,5,4.384615384615385,2.590909090909091
25,43,3.32,5,4.75,1.7272727272727273
27,143,3.962962962962963,8,6.523809523809524,5.956521739130435
28,98,2.5714285714285716,5,5.384615384615385,4.117647058823529
26,92,3.6153846153846154,7,4.526315789473684,3.909090909090909
22,67,3.272727272727273,6,4.428571428571429,3.4444444444444446
24,43,3.4166666666666665,5,5.428571428571429,1.8095238095238095
23,64,2.5652173913043477,5,6.25,3.3333333333333335
29,111,4.206896551724138,7,6.5,3.64
16,35,1.75,3,4.75,1.9
24,51,3.8333333333333335,6,4.5,2.142857142857143
27,135,3.962962962962963,8,6.095238095238095,5.565217391304348
29,108,2.9655172413793105,6,4.9375,4.157894736842105
22,57,3.590909090909091,7,3.7142857142857144,2.736842105263158
28,72,2.857142857142857,5,4.857142857142857,2.8333333333333335
24,59,3.5416666666666665,6,5.75,2.1904761904761907
24,60,3.4166666666666665,7,3.9166666666666665,2.473684210526316
27,86,3.259259259259259,5,4.823529411764706,3.5652173913043477
16,31,1.375,2,5.0,2.5
26,63,2.8846153846153846,5,4.7272727272727275,2.3636363636363638
25,44,3.28,5,6.166666666666667,1.6818181818181819
27,66,2.0,4,6.0,3.4285714285714284
27,76,3.740740740740741,6,5.461538461538462,3.0869565217391304
24,61,2.7916666666666665,5,3.923076923076923,2.6842105263157894
26,84,3.076923076923077,5,4.8125,3.5
27,103,3.111111111111111,6,4.85,4.217391304347826
22,62,3.0454545454545454,6,3.8666666666666667,3.2222222222222223
16,27,1.4375,2,2.75,1.5714285714285714
23,36,3.130434782608696,5,4.571428571428571,1.6
27,89,3.5185185185185186,7,5.1875,3.608695652173913
24,59,2.75,5,3.769230769230769,2.5789473684210527
23,37,3.130434782608696,5,5.333333333333333,1.6
28,64,3.5,6,4.916666666666667,2.4583333333333335
21,41,1.9047619047619047,3,5.2,2.3636363636363638
22,39,1.8636363636363635,3,4.6,2.090909090909091
25,51,3.36,5,3.9166666666666665,2.238095238095238
16,29,1.4375,2,3.25,1.8571428571428572
22,55,2.772727272727273,5,3.642857142857143,2.8333333333333335
19,40,2.1578947368421053,4,4.6,1.9166666666666667
28,94,3.392857142857143,6,5.933333333333334,3.7083333333333335
22,32,3.1818181818181817,5,4.833333333333333,1.5263157894736843
27,53,3.5555555555555554,6,4.454545454545454,2.130434782608696
25,52,2.12,5,4.0,2.2857142857142856
23,37,1.6956521739130435,3,6.666666666666667,1.6666666666666667
23,35,3.1739130434782608,5,4.571428571428571,1.6
31,94,3.3548387096774195,6,5.75,2.5555555555555554
29,98,3.9655172413793105,7,5.8125,3.72
27,101,3.111111111111111,6,4.523809523809524,4.130434782608695
23,33,3.0869565217391304,5,6.0,1.5
20,42,1.95,3,5.5,2.0
27,87,3.6666666666666665,6,6.230769230769231,3.5217391304347827
21,45,2.9523809523809526,6,3.3333333333333335,2.3529411764705883
22,57,2.9545454545454546,6,3.7142857142857144,2.888888888888889
22,31,3.1818181818181817,5,5.6,1.4736842105263157
26,50,3.4615384615384617,6,4.090909090909091,2.0454545454545454
23,35,3.1739130434782608,5,4.571428571428571,1.6
19,66,3.3157894736842106,6,4.076923076923077,3.7857142857142856
28,86,2.3214285714285716,5,4.615384615384615,3.75
17,34,1.4705882352941178,3,4.25,2.4285714285714284
27,90,3.7777777777777777,7,5.25,3.652173913043478
23,67,3.0,5,4.133333333333334,3.263157894736842
26,98,2.8461538461538463,5,5.111111111111111,4.181818181818182
26,76,2.8461538461538463,5,5.384615384615385,3.1818181818181817
24,51,3.4166666666666665,6,3.5384615384615383,2.3
23,45,2.782608695652174,5,3.1818181818181817,1.9444444444444444
23,42,2.4782608695652173,4,4.875,1.95
24,48,2.25,4,6.2,2.066666666666667
29,104,4.0,6,6.428571428571429,3.6
24,73,3.7083333333333335,7,4.571428571428571,3.2
25,86,2.96,5,4.2105263157894735,3.8095238095238093
23,30,1.6956521739130435,3,4.333333333333333,1.0833333333333333
24,61,3.5833333333333335,6,4.0,2.8
24,55,2.7916666666666665,5,4.6,2.3
22,32,3.1363636363636362,5,5.8,1.5263157894736843
26,81,3.8846153846153846,6,6.181818181818182,3.090909090909091
16,29,1.5,2,3.5,1.75
22,33,3.1818181818181817,5,4.833333333333333,1.5263157894736843
27,52,3.5555555555555554,6,3.9166666666666665,2.0434782608695654
23,34,3.130434782608696,5,5.166666666666667,1.55
19,28,1.3157894736842106,2,5.0,2.5
26,78,3.576923076923077,6,5.285714285714286,3.3636363636363638
23,55,2.652173913043478,5,3.3846153846153846,2.4444444444444446
26,97,2.8461538461538463,5,5.352941176470588,4.136363636363637
18,38,2.111111111111111,4,4.0,1.8181818181818181
23,62,3.217391304347826,6,4.142857142857143,3.0526315789473686
25,58,2.2,4,4.5,2.1176470588235294
23,47,3.3043478260869565,5,3.5,2.210526315789474
23,42,2.4347826086956523,5,2.727272727272727,1.875
27,111,3.5925925925925926,6,6.176470588235294,4.565217391304348
21,58,2.9523809523809526,5,4.166666666666667,2.9411764705882355
22,31,3.1818181818181817,5,5.6,1.4736842105263157
19,40,2.0,3,5.25,1.9090909090909092
25,54,3.36,5,4.083333333333333,2.3333333333333335
27,78,3.5925925925925926,6,6.1,2.652173913043478
20,37,2.6,5,3.4444444444444446,2.066666666666667
21,55,2.9047619047619047,6,3.642857142857143,3.0
24,51,2.2916666666666665,4,4.625,2.176470588235294
29,105,3.9310344827586206,7,6.733333333333333,4.04
24,32,1.3333333333333333,2,3.3333333333333335,1.25
23,26,1.173913043478261,2,4.0,1.0
24,89,3.875,7,5.4,4.05
22,76,3.8181818181818183,7,4.769230769230769,3.4444444444444446
26,77,3.9615384615384617,8,4.285714285714286,2.857142857142857
23,49,2.1739130434782608,4,5.0,2.142857142857143
26,57,2.076923076923077,4,6.2,2.3846153846153846
22,83,3.272727272727273,6,5.846153846153846,4.222222222222222
25,102,3.64,7,4.529411764705882,3.6666666666666665
25,50,2.32,3,6.428571428571429,2.25
27,97,4.111111111111111,8,5.411764705882353,4.0
25,114,3.92,8,5.888888888888889,5.0476190476190474
27,112,3.7777777777777777,8,5.833333333333333,4.565217391304348
22,66,3.0454545454545454,5,5.083333333333333,3.388888888888889
24,37,3.1666666666666665,5,6.4,1.5238095238095237
27,109,3.2222222222222223,6,6.5625,4.565217391304348
31,119,4.32258064516129,8,6.9375,4.111111111111111
25,67,2.68,5,5.444444444444445,2.5789473684210527
21,59,2.857142857142857,6,3.857142857142857,3.176470588235294
24,38,3.25,5,4.714285714285714,1.5714285714285714
29,109,4.379310344827586,8,6.857142857142857,3.84
23,47,2.0869565217391304,3,5.333333333333333,1.8823529411764706
24,47,1.9583333333333333,3,5.0,1.875
25,43,3.32,5,4.222222222222222,1.7272727272727273
28,88,2.8214285714285716,6,4.6923076923076925,3.388888888888889
21,80,3.8095238095238093,8,3.8125,3.588235294117647
25,74,2.64,5,5.888888888888889,2.789473684210526
24,70,3.5,6,4.923076923076923,3.2
26,99,3.6923076923076925,7,4.722222222222222,3.8636363636363638
16,29,1.5625,2,3.75,1.6666666666666667
24,38,3.375,5,5.0,1.6666666666666667
19,41,2.263157894736842,4,3.857142857142857,2.25
18,40,1.8333333333333333,4,3.8333333333333335,2.5555555555555554
26,90,3.6923076923076925,6,6.384615384615385,3.772727272727273
26,84,3.576923076923077,6,5.357142857142857,3.409090909090909
21,49,2.9523809523809526,6,3.6666666666666665,2.588235294117647
23,70,3.0434782608695654,5,4.571428571428571,3.3684210526315788
24,47,3.7916666666666665,6,4.1,1.9523809523809523
29,115,3.2413793103448274,7,4.777777777777778,4.3
27,115,3.925925925925926,8,5.4,4.695652173913044
26,86,2.8461538461538463,6,5.166666666666667,2.9523809523809526
24,50,3.7916666666666665,6,4.888888888888889,2.0952380952380953
27,130,3.925925925925926,8,5.857142857142857,5.3478260869565215
25,72,3.2,6,4.25,3.238095238095238
20,39,2.55,4,5.0,1.6666666666666667
24,40,2.1666666666666665,4,4.333333333333333,1.7333333333333334
29,95,3.586206896551724,7,5.055555555555555,3.64
24,35,1.7916666666666667,3,3.0,1.1538461538461537
26,77,3.1923076923076925,6,5.7272727272727275,3.3157894736842106
25,65,2.12,4,6.571428571428571,3.066666666666667
22,35,2.227272727272727,4,6.0,1.6
30,165,4.366666666666666,8,7.95,6.115384615384615
25,47,3.32,5,5.0,1.8181818181818181
28,137,3.5,7,6.238095238095238,5.458333333333333
31,109,4.419354838709677,8,6.4375,3.814814814814815
24,42,3.2083333333333335,5,6.0,1.7142857142857142
22,57,2.3181818181818183,4,5.571428571428571,3.0
27,92,3.814814814814815,7,5.25,3.652173913043478
28,122,2.892857142857143,5,6.105263157894737,4.833333333333333
25,39,3.28,5,5.666666666666667,1.5454545454545454
29,98,4.068965517241379,7,6.133333333333334,3.68
24,46,2.7083333333333335,5,4.857142857142857,1.8888888888888888
24,45,2.5416666666666665,5,5.166666666666667,1.8235294117647058
25,41,3.32,5,7.2,1.6363636363636365
29,62,3.5172413793103448,6,5.181818181818182,2.28
17,34,2.0588235294117645,4,3.4,1.7
17,35,1.8823529411764706,3,4.5,2.0
25,37,3.28,5,6.8,1.5454545454545454
27,111,3.185185185185185,6,6.625,4.608695652173913
31,155,3.806451612903226,7,6.208333333333333,5.518518518518518
18,33,1.4444444444444444,3,3.75,2.142857142857143
25,80,3.6,6,6.166666666666667,3.5238095238095237
24,50,2.625,5,5.0,1.9444444444444444
21,52,2.9047619047619047,6,3.6923076923076925,2.823529411764706
30,111,4.433333333333334,8,5.888888888888889,4.076923076923077
25,37,3.28,5,6.8,1.5454545454545454
27,87,2.5555555555555554,5,5.545454545454546,3.588235294117647
29,106,3.5172413793103448,6,5.368421052631579,4.08
16,26,1.375,2,3.3333333333333335,1.6666666666666667
26,81,3.3461538461538463,6,4.529411764705882,3.5
24,36,3.2083333333333335,5,6.6,1.5714285714285714
27,111,3.259259259259259,6,7.0,4.565217391304348
28,98,3.642857142857143,6,5.75,3.8333333333333335
25,90,2.84,5,4.666666666666667,4.0
24,37,3.25,5,4.857142857142857,1.619047619047619
27,92,3.3333333333333335,6,4.533333333333333,2.9565217391304346
30,120,3.933333333333333,7,5.75,4.423076923076923
23,35,3.1739130434782608,5,4.571428571428571,1.6
23,34,1.391304347826087,2,8.0,1.7777777777777777
28,89,3.9642857142857144,7,6.461538461538462,3.5
28,80,2.4285714285714284,4,5.3,2.5238095238095237
23,52,2.6956521739130435,5,3.230769230769231,2.3333333333333335
29,114,4.0,7,5.7894736842105265,4.4
23,43,2.5652173913043477,4,5.0,2.0
21,78,4.0,8,5.0,4.166666666666667
28,68,3.4285714285714284,6,4.2,2.625
22,48,2.6818181818181817,5,3.6363636363636362,2.3529411764705883
25,73,3.32,6,4.785714285714286,3.1904761904761907
24,36,3.1666666666666665,5,6.6,1.5714285714285714
27,92,3.1481481481481484,5,5.333333333333333,3.4782608695652173
28,99,4.035714285714286,8,5.0588235294117645,3.5833333333333335
22,65,3.1363636363636362,7,4.25,2.8333333333333335
24,37,3.2083333333333335,5,6.8,1.619047619047619
27,102,3.3703703703703702,6,5.5625,3.869565217391304
27,97,3.925925925925926,8,5.25,3.652173913043478
22,65,3.1363636363636362,7,4.166666666666667,2.7777777777777777
15,24,1.4666666666666666,2,2.5,1.4285714285714286
23,33,3.0869565217391304,5,6.0,1.5
28,88,3.642857142857143,7,4.823529411764706,3.4166666666666665
24,60,2.7916666666666665,5,3.4285714285714284,2.526315789473684
25,78,3.08,5,5.214285714285714,3.4761904761904763
27,110,2.925925925925926,5,5.777777777777778,4.521739130434782
16,27,1.375,2,3.6666666666666665,1.8333333333333333
25,89,3.52,7,4.882352941176471,3.9523809523809526
26,69,2.8461538461538463,5,4.6,2.1904761904761907
21,51,2.7142857142857144,5,3.6153846153846154,2.764705882352941
23,48,2.652173913043478,5,2.7142857142857144,2.111111111111111
24,70,2.8333333333333335,5,3.5555555555555554,3.2
29,107,4.482758620689655,8,5.611111111111111,4.04
23,35,3.130434782608696,5,5.333333333333333,1.6
19,41,2.1578947368421053,4,3.4285714285714284,2.1818181818181817
20,42,2.0,4,4.4,2.0
24,51,3.3333333333333335,5,3.8333333333333335,2.3
25,53,2.48,4,4.666666666666667,2.1
22,33,3.227272727272727,5,4.285714285714286,1.5789473684210527
27,98,3.3703703703703702,7,5.375,3.739130434782609
26,85,3.8846153846153846,7,4.5625,3.3181818181818183
21,68,3.142857142857143,7,4.333333333333333,3.0588235294117645
23,34,3.217391304347826,5,6.2,1.55
27,130,3.888888888888889,8,6.526315789473684,5.391304347826087
27,85,2.2962962962962963,5,4.461538461538462,3.8666666666666667
25,80,3.6,7,5.428571428571429,3.619047619047619
24,36,3.1666666666666665,5,6.6,1.5714285714285714
27,107,3.6666666666666665,7,4.823529411764706,3.5652173913043477
28,90,2.6785714285714284,5,5.166666666666667,3.4444444444444446
28,114,3.892857142857143,8,6.0,4.5
15,28,2.2666666666666666,4,2.5,1.5
21,52,3.0,6,4.0,2.823529411764706
21,57,2.9523809523809526,5,3.8461538461538463,2.9411764705882355
30,117,4.266666666666667,8,5.947368421052632,4.346153846153846
23,44,2.5217391304347827,4,4.444444444444445,2.0
29,143,4.103448275862069,8,6.105263157894737,4.64
26,106,3.8461538461538463,8,5.2105263157894735,4.5
22,66,3.0454545454545454,5,4.615384615384615,3.3333333333333335
24,42,3.25,5,4.75,1.8095238095238095
18,33,1.9444444444444444,3,3.75,1.5
27,89,3.4444444444444446,6,5.666666666666667,3.6956521739130435
27,81,3.4074074074074074,6,5.181818181818182,2.590909090909091
26,105,2.8846153846153846,5,5.2105263157894735,4.5
26,97,3.6923076923076925,7,4.666666666666667,3.8181818181818183
16,31,1.5625,2,3.75,1.6666666666666667
21,56,2.7142857142857144,5,3.7142857142857144,3.0588235294117645
22,34,3.227272727272727,5,3.875,1.631578947368421
27,125,4.0,8,5.190476190476191,4.739130434782608
30,117,3.933333333333333,7,5.55,4.269230769230769
16,34,2.3125,4,3.0,1.6363636363636365
18,39,2.388888888888889,4,3.5,1.6153846153846154
23,37,3.3043478260869565,5,4.714285714285714,1.65
20,34,1.95,4,3.4,1.5454545454545454
26,85,3.3461538461538463,6,5.0625,3.6818181818181817
23,37,3.260869565217391,5,4.571428571428571,1.6
24,36,1.3333333333333333,2,7.5,1.875
30,103,4.233333333333333,7,6.857142857142857,3.6923076923076925
24,72,2.9583333333333335,5,4.214285714285714,2.95
24,81,3.25,6,5.5,3.85
23,40,3.347826086956522,5,5.0,1.75
27,102,4.333333333333333,8,6.0625,4.217391304347826
16,40,2.0625,4,3.5714285714285716,2.7777777777777777
26,94,3.4615384615384617,6,5.933333333333334,4.045454545454546
24,45,3.4166666666666665,5,5.714285714285714,1.9047619047619047
26,107,4.0,8,5.444444444444445,4.454545454545454
25,72,3.2,6,4.25,3.238095238095238
25,73,3.24,6,4.3125,3.2857142857142856
23,39,3.1739130434782608,5,4.25,1.7
20,34,1.35,3,4.0,3.3333333333333335
18,36,1.6666666666666667,3,4.5,2.0
26,74,3.269230769230769,5,4.666666666666667,3.1818181818181817
24,52,2.7083333333333335,4,3.9166666666666665,2.35
24,88,2.875,5,4.2631578947368425,4.05
24,35,3.2916666666666665,5,6.2,1.4761904761904763
28,62,3.5,6,4.75,2.375
16,30,1.375,2,4.666666666666667,2.3333333333333335
20,33,1.5,3,3.8,2.375
26,68,3.6923076923076925,6,4.846153846153846,2.8636363636363638
23,61,3.0,5,3.7857142857142856,2.789473684210526
25,72,2.8,5,5.076923076923077,3.142857142857143
21,50,2.3333333333333335,4,3.0,2.6470588235294117
21,47,2.9047619047619047,5,3.9,2.2941176470588234
29,99,3.1724137931034484,6,5.588235294117647,3.8
24,36,3.25,5,4.714285714285714,1.5714285714285714
21,37,2.3333333333333335,5,3.8333333333333335,1.9166666666666667
26,74,3.3461538461538463,6,5.0,3.1818181818181817
25,80,3.0,5,4.625,3.5238095238095237
25,73,3.04,6,5.153846153846154,3.1904761904761907
21,39,2.238095238095238,4,3.75,2.0
22,53,2.772727272727273,5,3.5,2.7222222222222223
21,50,2.9047619047619047,5,3.8181818181818183,2.4705882352941178
23,34,3.130434782608696,5,5.166666666666667,1.55
27,129,3.4074074074074074,7,6.15,5.3478260869565215
29,82,3.1379310344827585,6,4.5,2.347826086956522
29,100,4.206896551724138,8,5.6875,3.64
24,35,3.2083333333333335,5,6.4,1.5238095238095237
20,30,1.3,2,5.333333333333333,2.6666666666666665
26,59,3.3076923076923075,5,4.5,2.4545454545454546
18,37,2.2777777777777777,4,3.8,1.5833333333333333
18,37,2.111111111111111,4,3.8,1.7272727272727273
24,64,2.75,5,5.2727272727272725,2.9
23,46,3.4347826086956523,6,3.1538461538461537,2.1578947368421053
20,46,2.85,5,3.4545454545454546,2.375
20,46,2.4,5,2.857142857142857,2.5
20,45,2.9,5,3.7,2.3125
29,96,4.0344827586206895,7,5.6875,3.64
23,41,2.5652173913043477,4,4.75,1.9
26,79,3.769230769230769,6,6.0,3.0
26,50,1.9230769230769231,3,5.8,2.0714285714285716
20,34,1.75,3,6.666666666666667,1.8181818181818181
24,36,3.25,5,4.714285714285714,1.5714285714285714
27,129,3.814814814814815,8,6.473684210526316,5.3478260869565215
31,113,3.5806451612903225,6,4.882352941176471,3.1923076923076925
28,100,3.4642857142857144,6,5.0,3.9583333333333335
16,26,1.5625,3,2.5,1.6666666666666667
25,59,3.6,6,5.4,2.5714285714285716
23,55,3.0869565217391304,6,3.642857142857143,2.6842105263157894
25,38,3.28,5,7.0,1.5909090909090908
27,124,3.4074074074074074,7,6.2105263157894735,5.130434782608695
29,105,3.896551724137931,7,5.5,3.96
20,28,1.4,3,3.5,2.0
27,95,2.8518518518518516,5,5.4,3.5217391304347827
25,90,2.96,5,4.421052631578948,4.0
23,33,3.130434782608696,5,6.0,1.5
19,30,1.3157894736842106,2,4.333333333333333,2.1666666666666665
25,52,3.36,5,3.9166666666666665,2.238095238095238
17,36,2.3529411764705883,4,3.8,1.5833333333333333
19,35,1.9473684210526316,3,4.0,1.4545454545454546
21,53,2.761904761904762,5,3.4285714285714284,2.823529411764706
25,52,2.36,4,5.0,2.1052631578947367
21,57,3.0476190476190474,6,3.6923076923076925,2.823529411764706
28,118,3.892857142857143,7,6.588235294117647,4.666666666666667
23,34,3.260869565217391,5,5.166666666666667,1.55
27,126,3.925925925925926,8,6.315789473684211,5.217391304347826
27,81,2.259259259259259,5,4.5,3.6
28,86,3.4285714285714284,6,5.466666666666667,3.4166666666666665
24,75,3.125,5,5.230769230769231,3.4
25,78,3.32,6,4.866666666666666,3.4761904761904763
24,34,3.2916666666666665,5,6.2,1.4761904761904763
26,81,3.9615384615384617,7,5.6923076923076925,3.217391304347826
25,41,3.36,5,6.333333333333333,1.7272727272727273
30,120,3.7666666666666666,7,4.428571428571429,3.576923076923077
30,126,3.966666666666667,7,5.9,4.538461538461538
16,29,2.1875,4,2.6,1.3
15,26,2.066666666666667,4,2.75,1.2222222222222223
24,36,3.3333333333333335,5,6.6,1.5714285714285714
27,53,3.4814814814814814,6,4.363636363636363,2.0869565217391304
25,81,3.16,5,5.357142857142857,3.5714285714285716
24,79,3.125,5,5.214285714285714,3.65
27,112,4.148148148148148,8,5.2105263157894735,4.304347826086956
16,25,1.375,2,3.0,1.5
21,52,2.857142857142857,5,3.6923076923076925,2.823529411764706
22,31,3.1818181818181817,5,5.6,1.4736842105263157
28,83,2.5357142857142856,5,5.5,3.235294117647059
26,92,3.6538461538461537,7,5.5,4.0
16,25,1.375,2,3.0,1.5
28,112,4.357142857142857,8,5.578947368421052,4.416666666666667
23,41,2.5217391304347827,4,4.75,1.9
25,74,3.8,7,4.6923076923076925,2.9047619047619047
26,56,1.9230769230769231,3,6.6,2.357142857142857
23,39,1.6956521739130435,3,7.666666666666667,1.7692307692307692
25,43,3.32,5,6.166666666666667,1.6818181818181819
27,129,3.962962962962963,8,6.473684210526316,5.3478260869565215
30,141,4.066666666666666,7,5.571428571428571,4.5
28,112,3.892857142857143,7,5.578947368421052,4.416666666666667
28,76,3.2857142857142856,6,6.111111111111111,2.5
21,57,3.0476190476190474,6,3.7857142857142856,3.1176470588235294
23,37,3.1739130434782608,5,4.125,1.65
28,65,3.5,6,5.0,2.5
26,82,3.1153846153846154,5,5.5,3.5
23,42,3.5217391304347827,6,4.111111111111111,1.85
28,80,2.25,5,5.6,3.5
25,98,3.92,7,5.4375,4.142857142857143
27,85,3.5555555555555554,6,4.2,2.739130434782609
27,98,2.8518518518518516,5,5.466666666666667,3.5652173913043477
28,134,4.285714285714286,8,5.521739130434782,5.291666666666667
23,41,3.5217391304347827,6,4.0,1.8
27,119,4.0,8,5.5,4.782608695652174
28,100,3.107142857142857,6,5.615384615384615,3.8421052631578947
27,78,3.7037037037037037,7,4.666666666666667,3.0434782608695654
28,115,3.142857142857143,6,4.954545454545454,4.541666666666667
22,67,3.1818181818181817,6,4.357142857142857,3.388888888888889
31,156,4.096774193548387,7,7.142857142857143,5.555555555555555
22,70,3.1818181818181817,6,4.571428571428571,3.5555555555555554
15,28,1.4666666666666666,2,3.25,1.8571428571428572
22,42,3.272727272727273,5,4.0,1.894736842105263
28,141,4.107142857142857,8,6.090909090909091,5.583333333333333
28,121,3.642857142857143,8,4.65,4.2272727272727275
26,84,3.8076923076923075,7,5.5,3.5
21,80,3.1904761904761907,7,4.846153846153846,3.7058823529411766
24,43,3.4166666666666665,5,5.571428571428571,1.8571428571428572
30,129,4.4,8,6.588235294117647,4.3076923076923075
25,82,3.64,6,5.071428571428571,3.380952380952381
26,107,2.8846153846153846,6,5.388888888888889,4.619047619047619
19,40,3.0526315789473686,5,3.5,2.3333333333333335
28,97,3.4285714285714284,6,5.4,3.5217391304347827
21,50,2.6666666666666665,5,5.0,2.5
29,119,3.793103448275862,7,5.55,4.269230769230769
29,71,2.2758620689655173,4,6.142857142857143,2.5294117647058822
24,92,3.2916666666666665,6,5.333333333333333,4.0
24,53,2.2916666666666665,4,6.8,2.125
28,113,3.1785714285714284,6,4.65,4.65
26,56,2.6153846153846154,4,6.25,2.1739130434782608
26,79,3.8076923076923075,6,5.5,2.869565217391304
29,105,3.7586206896551726,8,6.3076923076923075,3.5652173913043477
24,53,2.0833333333333335,4,5.428571428571429,2.7142857142857144
24,40,3.2083333333333335,5,5.833333333333333,1.6666666666666667
30,108,4.1,7,6.5,3.5
22,71,3.3181818181818183,7,3.9285714285714284,3.0555555555555554
26,102,3.1153846153846154,6,4.8,4.363636363636363
24,37,3.2083333333333335,5,5.333333333333333,1.5238095238095237
28,93,3.892857142857143,6,7.090909090909091,3.25
24,48,2.875,5,5.142857142857143,1.894736842105263
24,39,3.2083333333333335,5,5.5,1.5714285714285714
19,37,2.0526315789473686,4,4.166666666666667,2.272727272727273
27,64,3.4444444444444446,6,4.214285714285714,2.5652173913043477
27,118,3.111111111111111,6,5.6,4.869565217391305
26,83,3.576923076923077,7,5.5,3.5
21,53,2.9523809523809526,6,3.6923076923076925,2.823529411764706
24,51,2.75,5,3.4166666666666665,2.1578947368421053
28,83,3.5357142857142856,6,5.538461538461538,3.0
21,54,2.9523809523809526,6,3.5,2.8823529411764706
28,100,3.4642857142857144,6,6.0,4.0
24,32,1.3333333333333333,2,3.0,1.125
24,29,1.25,2,6.0,1.0
24,66,3.7083333333333335,7,4.7272727272727275,2.736842105263158
23,53,2.3043478260869565,4,5.142857142857143,2.25
25,116,4.24,7,6.235294117647059,4.818181818181818
24,92,4.0,7,5.928571428571429,4.15
24,48,2.0,4,5.6,2.1538461538461537
28,57,2.0,4,6.4,2.4615384615384617
24,92,3.375,7,5.857142857142857,4.1
26,90,3.1923076923076925,7,4.642857142857143,3.4210526315789473
25,46,2.32,3,5.857142857142857,2.05
23,101,4.173913043478261,8,5.277777777777778,4.75
27,102,3.4074074074074074,6,4.7,4.086956521739131
24,38,3.2083333333333335,5,6.6,1.5714285714285714
29,68,3.4827586206896552,6,4.5,2.52
16,27,1.375,2,3.6666666666666665,1.8333333333333333
26,83,3.269230769230769,6,4.875,3.5454545454545454
24,36,3.1666666666666665,5,6.4,1.5238095238095237
27,67,2.0,4,6.571428571428571,3.2857142857142856
26,75,3.3846153846153846,6,5.071428571428571,3.227272727272727
16,26,1.375,2,3.3333333333333335,1.6666666666666667
25,66,3.28,6,4.428571428571429,2.9523809523809526
18,35,2.111111111111111,4,3.4,1.5454545454545454
25,55,2.68,5,4.6,2.1904761904761907
24,35,3.2083333333333335,5,6.4,1.5238095238095237
23,61,2.391304347826087,4,5.857142857142857,2.9285714285714284
27,80,2.185185185185185,5,4.818181818181818,3.533333333333333
28,89,3.392857142857143,6,5.0,3.5416666666666665
24,55,3.375,6,3.5714285714285716,2.5
25,87,2.96,5,4.2631578947368425,3.857142857142857
21,55,2.9523809523809526,6,3.642857142857143,3.0
19,34,1.9473684210526316,4,2.75,1.8333333333333333
23,33,3.0869565217391304,5,6.0,1.5
29,107,4.206896551724138,8,6.266666666666667,3.76
24,57,2.875,5,5.571428571428571,2.0526315789473686
23,33,3.0869565217391304,5,6.0,1.5
27,84,4.037037037037037,7,7.0,3.0434782608695654
22,81,3.3636363636363638,7,3.6875,3.2777777777777777
16,28,1.5,2,3.0,1.5
23,33,3.217391304347826,5,6.0,1.5
20,42,2.25,4,3.6666666666666665,1.6923076923076923
26,80,3.6153846153846154,6,5.6923076923076925,3.3636363636363638
25,58,3.6,6,5.888888888888889,2.5238095238095237
20,48,2.85,6,3.6666666666666665,2.75
20,55,2.85,5,3.769230769230769,3.0625
22,31,3.1818181818181817,5,5.6,1.4736842105263157
20,28,1.8,4,2.8,1.2727272727272727
27,70,3.074074074074074,5,5.25,2.739130434782609
21,29,3.0952380952380953,5,5.2,1.4444444444444444
23,35,1.391304347826087,2,8.0,1.7777777777777777
19,40,1.5789473684210527,3,5.25,2.3333333333333335
26,100,3.8461538461538463,7,5.529411764705882,4.2727272727272725
24,59,2.875,5,3.769230769230769,2.45
22,47,2.8636363636363638,5,3.4166666666666665,2.2777777777777777
23,48,3.3043478260869565,5,3.5833333333333335,2.263157894736842
16,28,1.5,2,3.0,1.5
21,37,2.142857142857143,4,2.8,1.8666666666666667
22,61,3.0,5,4.5,3.0
27,110,3.8518518518518516,7,5.666666666666667,4.434782608695652
22,42,2.5,4,4.222222222222222,2.0
24,93,3.75,8,5.235294117647059,4.45
28,98,2.7142857142857144,6,4.117647058823529,3.888888888888889
27,106,3.962962962962963,8,5.555555555555555,4.3478260869565215
22,65,3.0454545454545454,5,4.357142857142857,3.388888888888889
23,36,3.130434782608696,5,5.333333333333333,1.6
27,121,3.962962962962963,8,5.1,4.434782608695652
30,114,3.933333333333333,7,5.684210526315789,4.153846153846154
22,45,2.090909090909091,4,4.428571428571429,1.9375
22,68,3.272727272727273,6,4.923076923076923,3.5555555555555554
20,56,3.0,6,4.2,2.8
25,61,2.28,4,5.142857142857143,2.5714285714285716
28,122,4.0,8,4.363636363636363,4.173913043478261
25,62,3.4,6,4.071428571428571,2.7142857142857144
23,49,2.0434782608695654,4,5.333333333333333,2.4615384615384617
23,52,1.9130434782608696,3,6.2,2.5833333333333335
30,145,4.0,7,7.05,5.423076923076923
22,41,1.9545454545454546,3,5.4,1.8
23,39,3.1739130434782608,5,4.125,1.65
19,42,2.0526315789473686,4,4.8,2.4
27,68,3.3333333333333335,5,4.5,2.739130434782609
24,77,3.0416666666666665,5,5.142857142857143,3.6
27,79,3.4074074074074074,6,5.4,2.4545454545454546
24,61,3.3333333333333335,5,4.230769230769231,2.75
18,35,2.2222222222222223,4,3.4,1.4166666666666667
22,74,3.8636363636363638,8,4.285714285714286,3.3333333333333335
21,60,3.6666666666666665,7,3.642857142857143,3.0
29,142,4.137931034482759,8,5.75,4.6
30,121,4.266666666666667,7,7.428571428571429,4.0
23,89,3.652173913043478,8,4.176470588235294,3.736842105263158
17,41,2.411764705882353,4,4.0,2.0
22,41,2.1818181818181817,4,5.8,1.9333333333333333
23,54,3.4347826086956523,5,4.7,2.35
27,133,3.962962962962963,8,6.0,5.478260869565218
28,111,3.0714285714285716,7,5.1875,4.368421052631579
26,88,3.8461538461538463,7,5.4,3.6818181818181817
21,80,3.1904761904761907,7,4.642857142857143,3.823529411764706
24,49,3.4166666666666665,5,6.142857142857143,2.0476190476190474
28,89,3.142857142857143,6,5.25,2.8636363636363638
30,118,4.166666666666667,8,5.05,4.04
25,80,2.92,6,5.461538461538462,3.736842105263158
29,73,2.5517241379310347,5,4.888888888888889,2.3157894736842106
20,46,3.15,5,4.222222222222222,2.375
26,94,3.3461538461538463,6,4.875,3.7142857142857144
24,58,2.375,4,5.571428571428571,2.2941176470588234
27,112,3.2222222222222223,7,4.85,5.105263157894737
26,55,2.923076923076923,5,4.9,2.130434782608696
22,78,3.8181818181818183,7,5.6923076923076925,4.111111111111111
24,45,3.2083333333333335,5,4.625,1.7619047619047619
29,88,2.310344827586207,5,5.818181818181818,4.0
27,88,3.8518518518518516,7,5.642857142857143,3.4347826086956523
30,154,4.366666666666666,8,6.7727272727272725,5.730769230769231
24,40,3.2083333333333335,5,4.857142857142857,1.619047619047619
22,73,3.8181818181818183,7,5.3076923076923075,3.8333333333333335
24,42,3.2083333333333335,5,5.142857142857143,1.7142857142857142
29,89,2.310344827586207,5,5.7272727272727275,3.9375
28,96,3.9285714285714284,7,5.8,3.625
27,108,4.407407407407407,8,6.0588235294117645,4.478260869565218
26,63,3.3461538461538463,5,4.083333333333333,2.130434782608696
28,112,3.7857142857142856,7,4.947368421052632,3.9166666666666665
30,117,4.133333333333334,7,7.0,3.769230769230769
21,65,3.142857142857143,7,3.769230769230769,2.8823529411764706
15,28,2.2666666666666666,4,2.3333333333333335,1.4
21,39,2.0476190476190474,4,3.5,2.0
29,126,4.0,7,5.85,4.68
26,96,3.1153846153846154,6,4.4,4.0
25,42,3.28,5,6.333333333333333,1.7272727272727273
27,85,2.4814814814814814,5,5.454545454545454,3.75
27,66,3.4074074074074074,6,4.357142857142857,2.652173913043478
21,37,2.142857142857143,4,4.6,1.5333333333333334
25,38,3.28,5,6.8,1.5454545454545454
21,31,2.0,4,4.25,1.4166666666666667
27,79,3.3703703703703702,6,5.769230769230769,3.260869565217391
26,73,3.230769230769231,5,4.928571428571429,3.1363636363636362
24,61,2.75,5,3.769230769230769,2.5789473684210527
24,35,3.1666666666666665,5,6.4,1.5238095238095237
23,35,1.391304347826087,2,8.0,1.7777777777777777
28,92,3.7857142857142856,6,6.6923076923076925,3.625
24,57,2.7916666666666665,5,3.6153846153846154,2.473684210526316
22,62,3.1818181818181817,6,3.8666666666666667,3.2222222222222223
28,113,4.357142857142857,8,6.055555555555555,4.541666666666667
24,33,1.5,3,2.8,1.4
23,92,3.782608695652174,8,4.9411764705882355,4.421052631578948
29,97,2.586206896551724,5,5.384615384615385,3.6842105263157894
28,94,3.9285714285714284,7,5.8,3.625
20,61,3.15,7,4.166666666666667,3.125
24,44,3.2083333333333335,5,5.428571428571429,1.8095238095238095
23,36,1.434782608695652,2,9.0,1.8
27,89,3.5185185185185186,6,5.928571428571429,3.608695652173913
22,37,2.090909090909091,3,5.6,1.75
23,70,3.0434782608695654,5,5.076923076923077,3.473684210526316
26,95,2.8846153846153846,5,4.684210526315789,4.045454545454546
23,33,3.0869565217391304,5,6.0,1.5
19,40,2.263157894736842,4,3.375,2.25
20,37,1.45,3,4.25,2.125
25,69,3.32,6,5.0,3.0952380952380953
24,59,3.5,6,5.4,2.7
23,68,3.3043478260869565,6,4.266666666666667,3.3684210526315788
23,52,2.8260869565217392,5,3.5833333333333335,2.263157894736842
24,78,2.875,5,3.789473684210526,3.6
24,36,3.1666666666666665,5,6.6,1.5714285714285714
27,72,2.259259259259259,5,5.444444444444445,3.2666666666666666
27,81,3.4074074074074074,6,5.5,3.347826086956522
29,125,4.344827586206897,8,6.368421052631579,4.84
24,35,3.1666666666666665,5,6.4,1.5238095238095237
25,71,4.04,7,4.769230769230769,2.8181818181818183
24,41,3.2083333333333335,5,5.142857142857143,1.7142857142857142
26,82,2.730769230769231,6,4.916666666666667,3.4705882352941178
26,66,3.5384615384615383,6,4.214285714285714,2.6818181818181817
22,42,1.9545454545454546,3,5.6,1.75
25,38,3.28,5,7.0,1.5909090909090908
19,39,2.1052631578947367,4,4.5,2.4545454545454546
27,87,3.7037037037037037,7,5.1875,3.608695652173913
26,73,3.6538461538461537,6,5.230769230769231,3.090909090909091
22,50,2.090909090909091,4,5.5,2.5384615384615383
17,35,2.588235294117647,4,3.8,1.4615384615384615
21,54,2.7142857142857144,5,3.5714285714285716,2.9411764705882355
20,36,1.95,4,2.888888888888889,2.0
22,31,3.1818181818181817,5,5.6,1.4736842105263157
27,86,3.8518518518518516,7,5.125,3.5652173913043477
18,36,2.111111111111111,4,3.6,1.6363636363636365
25,82,3.16,5,4.6875,3.5714285714285716
24,69,3.25,6,4.642857142857143,3.25
22,41,2.5,4,4.222222222222222,2.0
23,96,3.782608695652174,8,5.176470588235294,4.631578947368421
28,88,2.5714285714285716,5,4.428571428571429,3.4444444444444446
27,111,4.185185185185185,8,5.833333333333333,4.565217391304348
22,65,3.0454545454545454,5,4.538461538461538,3.2777777777777777
23,36,3.130434782608696,5,5.5,1.65
29,107,3.8275862068965516,7,5.05,4.04
24,75,3.125,5,5.0,3.5
16,28,2.125,4,3.0,1.2
24,72,3.25,6,4.533333333333333,3.4
22,32,3.227272727272727,5,4.833333333333333,1.5263157894736843
26,113,3.8076923076923075,8,4.894736842105263,4.2272727272727275
29,113,3.896551724137931,7,5.631578947368421,4.28
27,113,3.111111111111111,6,5.35,4.6521739130434785
28,116,3.4642857142857144,7,5.388888888888889,4.041666666666667
22,34,3.227272727272727,5,4.428571428571429,1.631578947368421
20,54,2.3,4,3.5,2.9166666666666665
28,70,3.5357142857142856,6,4.333333333333333,2.7083333333333335
16,31,1.9375,3,3.75,1.6666666666666667
26,79,3.076923076923077,6,5.615384615384615,3.3181818181818183
25,45,2.08,4,4.166666666666667,1.7857142857142858
23,51,3.3043478260869565,5,3.75,2.3684210526315788
22,53,2.8181818181818183,5,3.3846153846153846,2.4444444444444446
19,51,2.8421052631578947,5,4.090909090909091,3.0
29,112,3.896551724137931,7,7.714285714285714,4.32
24,33,1.3333333333333333,2,3.3333333333333335,1.25
24,27,1.1666666666666667,2,4.0,1.0
18,49,3.5,6,4.222222222222222,2.7142857142857144
22,80,3.909090909090909,8,4.117647058823529,3.888888888888889
24,99,4.083333333333333,7,5.8125,4.65
22,49,3.0,5,3.5833333333333335,2.263157894736842
20,56,3.1,6,3.6153846153846154,2.9375
27,95,3.1481481481481484,5,4.533333333333333,3.238095238095238
21,73,3.3333333333333335,6,4.461538461538462,3.411764705882353
22,89,3.3181818181818183,6,5.857142857142857,4.555555555555555
29,143,4.344827586206897,8,5.7,4.56
24,47,2.25,3,5.857142857142857,2.1578947368421053
29,105,4.482758620689655,8,5.5625,3.56
22,45,2.272727272727273,5,4.142857142857143,2.4166666666666665
28,148,4.071428571428571,7,6.684210526315789,5.291666666666667
24,74,3.7916666666666665,7,4.857142857142857,3.4
15,33,1.6666666666666667,3,3.6,2.25
16,35,1.625,3,3.8,2.375
20,55,2.8,6,3.8461538461538463,3.125
31,105,3.4516129032258065,6,5.571428571428571,3.0
26,95,2.6538461538461537,5,4.933333333333334,3.7
22,71,2.6363636363636362,5,4.846153846153846,3.7058823529411766
26,110,3.423076923076923,7,4.85,4.85
27,59,2.962962962962963,5,5.777777777777778,2.1666666666666665
21,71,4.095238095238095,8,4.533333333333333,3.7777777777777777
28,101,3.9285714285714284,7,5.411764705882353,3.8333333333333335
24,42,3.2083333333333335,5,5.833333333333333,1.6666666666666667
26,83,3.4615384615384617,6,4.9375,3.590909090909091
27,70,3.6666666666666665,6,6.4,2.782608695652174
25,81,3.32,6,4.470588235294118,3.619047619047619
15,31,1.4666666666666666,2,4.0,2.2857142857142856
25,58,2.76,5,4.8,2.2857142857142856
25,41,3.28,5,7.0,1.5909090909090908
29,65,3.5172413793103448,6,5.454545454545454,2.4
16,31,1.375,2,5.0,2.5
29,128,3.1379310344827585,6,6.1,4.88
27,86,3.185185185185185,6,5.642857142857143,3.4347826086956523
28,78,3.5357142857142856,6,5.666666666666667,2.8333333333333335
17,36,2.235294117647059,4,3.1666666666666665,1.7272727272727273
21,53,2.857142857142857,6,3.5,2.8823529411764706
28,94,3.4642857142857144,6,6.0,3.75
24,34,1.375,2,3.6666666666666665,1.2222222222222223
26,71,3.4615384615384617,5,5.0,2.1739130434782608
24,53,3.1666666666666665,5,4.625,1.7619047619047619
22,39,2.272727272727273,5,4.333333333333333,2.1666666666666665
26,79,3.6538461538461537,6,6.166666666666667,3.3636363636363638
25,62,3.36,5,4.3076923076923075,2.6666666666666665
15,26,1.4666666666666666,2,2.75,1.5714285714285714
21,38,2.0,3,4.5,1.9285714285714286
22,57,2.9545454545454546,6,3.466666666666667,2.888888888888889
21,33,1.9047619047619047,3,4.4,1.6923076923076923
23,36,3.217391304347826,5,5.333333333333333,1.6
27,132,3.8518518518518516,8,6.631578947368421,5.478260869565218
27,84,2.3333333333333335,5,5.363636363636363,3.933333333333333
27,78,3.4074074074074074,6,5.6923076923076925,3.217391304347826
24,36,3.25,5,5.5,1.5714285714285714
19,38,2.8421052631578947,5,4.142857142857143,2.0714285714285716
29,107,3.8620689655172415,7,5.9411764705882355,4.04
24,55,2.7916666666666665,5,3.5384615384615383,2.4210526315789473
21,30,1.3333333333333333,2,4.666666666666667,2.0
29,129,3.7586206896551726,6,6.526315789473684,4.96
24,69,3.0,5,4.769230769230769,3.1
24,35,3.1666666666666665,5,6.4,1.5238095238095237
27,101,3.185185185185185,6,6.0,4.173913043478261
28,81,2.25,5,4.818181818181818,3.533333333333333
27,103,3.814814814814815,8,5.388888888888889,4.217391304347826
22,41,1.9545454545454546,3,5.0,2.0833333333333335
29,109,3.8275862068965516,7,6.176470588235294,4.2
25,37,3.28,5,6.8,1.5454545454545454
30,90,3.3,6,4.714285714285714,2.5384615384615383
28,91,3.9285714285714284,7,6.142857142857143,3.5833333333333335
29,83,2.896551724137931,5,6.0,2.347826086956522
25,38,3.28,5,7.0,1.5909090909090908
30,119,4.333333333333333,8,6.470588235294118,4.230769230769231
24,55,2.7083333333333335,5,3.6666666666666665,2.3157894736842106
24,35,3.1666666666666665,5,6.4,1.5238095238095237
27,130,3.7777777777777777,8,6.526315789473684,5.391304347826087
27,86,2.4814814814814814,5,5.9,3.6875
26,80,3.6153846153846154,7,5.428571428571429,3.4545454545454546
24,36,3.2083333333333335,5,6.6,1.5714285714285714
22,28,1.5909090909090908,4,3.0,1.2
26,78,3.3846153846153846,6,5.285714285714286,3.3636363636363638
24,54,3.375,6,3.5,2.45
20,37,2.6,5,3.4444444444444446,2.066666666666667
28,110,4.392857142857143,8,5.833333333333333,4.375
23,44,2.5217391304347827,4,4.0,2.0
22,81,3.227272727272727,7,3.6842105263157894,3.6842105263157894
26,94,3.8461538461538463,7,5.0,3.6363636363636362
29,86,3.0,5,5.7,2.375
24,43,3.2083333333333335,5,4.875,1.8571428571428572
28,99,3.75,7,5.166666666666667,3.875
24,58,2.7916666666666665,5,3.6153846153846154,2.473684210526316
23,36,3.0869565217391304,5,6.4,1.6
27,126,3.925925925925926,8,6.315789473684211,5.217391304347826
28,91,2.4285714285714284,5,5.25,3.9375
26,76,3.3846153846153846,6,6.0,3.272727272727273
24,36,3.2083333333333335,5,6.6,1.5714285714285714
27,111,3.6666666666666665,7,4.684210526315789,3.869565217391304
28,78,3.392857142857143,6,4.055555555555555,3.0416666666666665
28,111,3.892857142857143,7,5.473684210526316,4.333333333333333
22,63,3.0,5,4.214285714285714,3.2777777777777777
26,100,3.1153846153846154,6,4.947368421052632,4.2727272727272725
29,131,4.413793103448276,8,5.478260869565218,5.04
23,36,3.1739130434782608,5,4.125,1.65
27,131,3.962962962962963,8,6.944444444444445,5.434782608695652
29,92,2.586206896551724,5,5.333333333333333,3.5555555555555554
26,82,3.6153846153846154,7,5.571428571428571,3.5454545454545454
24,38,3.25,5,5.0,1.6666666666666667
23,35,1.3478260869565217,2,7.5,1.875
26,88,3.6923076923076925,7,4.9411764705882355,3.8181818181818183
26,74,3.423076923076923,6,4.545454545454546,2.380952380952381
21,50,3.142857142857143,7,3.3846153846153846,2.588235294117647
28,122,4.285714285714286,8,5.318181818181818,4.875
23,37,3.130434782608696,5,5.166666666666667,1.55
28,94,3.7142857142857144,7,4.888888888888889,3.6666666666666665
24,64,2.7083333333333335,5,3.357142857142857,2.611111111111111
25,43,3.28,5,5.285714285714286,1.6818181818181819
26,88,3.9615384615384617,7,5.25,3.8181818181818183
26,63,3.6153846153846154,6,5.6,2.5454545454545454
25,84,3.36,6,5.333333333333333,3.8095238095238093
16,29,1.4375,2,4.333333333333333,1.8571428571428572
26,65,2.8461538461538463,5,5.666666666666667,2.4285714285714284
23,38,3.3043478260869565,5,4.714285714285714,1.65
22,60,2.6363636363636362,4,5.571428571428571,2.6
27,67,3.5185185185185186,6,4.133333333333334,2.6956521739130435
23,32,1.7391304347826086,3,5.0,1.25
27,84,3.6296296296296298,7,6.0,3.391304347826087
22,52,2.6818181818181817,5,3.5833333333333335,2.5294117647058822
29,112,4.482758620689655,8,5.888888888888889,4.24
23,51,2.5217391304347827,4,4.4,2.2
25,75,4.0,7,4.666666666666667,2.5454545454545454
24,50,3.3333333333333335,5,4.4,2.0952380952380953
22,54,2.5454545454545454,5,6.0,3.0
17,34,2.0,3,4.25,1.7
24,59,3.3333333333333335,5,4.076923076923077,2.65
23,64,2.347826086956522,5,6.142857142857143,2.6875
22,65,3.0,6,4.285714285714286,3.3333333333333335
21,39,2.1904761904761907,4,4.666666666666667,1.75
23,42,3.6956521739130435,6,4.0,1.8
28,72,3.7142857142857144,6,5.5,2.75
27,88,2.814814814814815,5,5.7272727272727275,3.0
24,54,3.3333333333333335,5,4.0,2.4
26,81,3.769230769230769,7,4.933333333333334,3.3636363636363638
19,51,2.736842105263158,6,3.5384615384615383,3.066666666666667
24,75,2.6666666666666665,5,5.2,2.888888888888889
20,54,2.75,6,3.769230769230769,3.0625
23,59,2.5652173913043477,5,3.8333333333333335,2.7058823529411766
32,144,3.34375,6,5.384615384615385,5.0
24,89,3.4583333333333335,7,4.2631578947368425,4.05
16,30,1.5,3,3.5,2.0
24,65,2.6666666666666665,5,4.5,2.8421052631578947
30,137,4.233333333333333,8,6.65,5.115384615384615
24,42,3.25,5,4.0,1.7142857142857142
28,135,3.5357142857142856,7,6.142857142857143,5.375
28,93,2.2857142857142856,5,6.7,4.1875
25,73,3.32,6,4.6,3.2857142857142856
25,41,3.32,5,5.142857142857143,1.6363636363636365
27,70,2.0,4,6.25,3.5714285714285716
26,74,3.6153846153846154,6,5.3076923076923075,3.1363636363636362
16,29,1.5,2,3.25,1.625
22,62,3.0454545454545454,6,3.8666666666666667,3.2222222222222223
23,36,3.1739130434782608,5,4.125,1.65
27,69,2.0,4,6.125,3.5
26,61,2.923076923076923,5,4.583333333333333,2.5
23,36,3.130434782608696,5,4.571428571428571,1.6
19,31,1.368421052631579,3,4.5,3.0
19,39,1.4736842105263157,3,5.0,2.5
26,90,3.5384615384615383,6,6.461538461538462,3.8181818181818183
22,59,2.909090909090909,5,3.9285714285714284,3.0555555555555554
24,47,2.625,5,5.0,1.9444444444444444
28,97,3.892857142857143,7,6.2,3.875
24,33,1.4166666666666667,3,3.0,1.3333333333333333
24,29,1.25,2,3.0,1.0
18,42,3.4444444444444446,6,3.6666666666666665,2.357142857142857
25,83,3.4,6,5.166666666666667,2.9523809523809526
25,118,4.32,8,6.222222222222222,5.090909090909091
20,60,3.3,6,3.6153846153846154,2.764705882352941
22,75,3.5,7,4.714285714285714,3.6666666666666665
22,57,3.5,7,4.0,2.888888888888889
25,113,3.44,7,5.05,5.05
25,56,2.16,4,4.428571428571429,1.9375
23,81,3.217391304347826,6,5.769230769230769,3.9473684210526314
25,82,3.16,7,3.4705882352941178,3.2777777777777777
25,46,2.32,3,5.857142857142857,2.05
26,82,3.8846153846153846,6,6.090909090909091,2.9130434782608696
24,41,3.2083333333333335,5,6.0,1.7142857142857142
30,111,3.3666666666666667,6,6.294117647058823,4.115384615384615
29,97,3.8275862068965516,7,4.894736842105263,3.72
27,83,3.2962962962962963,5,5.266666666666667,3.4347826086956523
25,40,3.24,5,5.833333333333333,1.5909090909090908
29,99,3.103448275862069,6,4.833333333333333,3.48
26,82,3.6923076923076925,7,5.071428571428571,3.227272727272727
22,66,3.1363636363636362,7,4.333333333333333,2.888888888888889
25,37,3.24,5,6.8,1.5454545454545454
23,35,1.5217391304347827,3,5.666666666666667,1.7
30,104,4.166666666666667,7,6.6,3.8076923076923075
24,34,3.2083333333333335,5,6.2,1.4761904761904763
30,94,3.3333333333333335,6,4.933333333333334,2.8461538461538463
28,88,3.9285714285714284,7,5.533333333333333,3.4583333333333335
27,100,3.111111111111111,6,4.947368421052632,4.086956521739131
24,34,3.1666666666666665,5,6.2,1.4761904761904763
27,73,2.1481481481481484,4,5.777777777777778,3.7142857142857144
25,75,3.32,6,5.071428571428571,3.380952380952381
25,53,3.4,6,3.4285714285714284,2.2857142857142856
24,53,2.75,5,3.1538461538461537,2.1578947368421053
23,33,3.130434782608696,5,6.0,1.5
27,126,3.8518518518518516,8,6.315789473684211,5.217391304347826
30,101,4.3,8,6.0,3.6923076923076925
23,33,3.0869565217391304,5,6.0,1.5
19,37,2.0526315789473686,4,3.8333333333333335,2.090909090909091
25,52,3.28,5,3.6153846153846154,2.238095238095238
16,26,1.375,2,3.3333333333333335,1.6666666666666667
27,101,2.925925925925926,5,5.277777777777778,4.130434782608695
23,33,3.130434782608696,5,6.0,1.5
28,107,3.5357142857142856,7,4.705882352941177,3.4782608695652173
29,105,3.896551724137931,7,5.2105263157894735,3.96
28,113,3.107142857142857,6,5.095238095238095,4.458333333333333
26,86,2.576923076923077,5,4.666666666666667,3.3333333333333335
24,37,3.2083333333333335,5,6.8,1.619047619047619
28,78,2.3214285714285716,5,5.555555555555555,3.125
28,102,3.5,6,5.764705882352941,4.083333333333333
16,25,1.3125,2,3.0,1.8
29,116,4.482758620689655,8,5.285714285714286,4.44
24,47,2.5416666666666665,4,4.666666666666667,2.0
24,92,3.625,7,5.25,4.2
16,28,1.5,2,3.0,1.5
25,47,3.28,5,5.0,1.8181818181818181
25,86,3.92,7,5.125,3.9047619047619047
16,33,2.125,4,3.4,1.7
29,100,3.310344827586207,6,5.875,3.76
26,80,3.269230769230769,5,5.428571428571429,3.4545454545454546
24,36,3.2916666666666665,5,5.5,1.5714285714285714
27,96,3.1481481481481484,5,5.6,3.652173913043478
28,103,3.892857142857143,7,5.625,3.75
22,68,3.1818181818181817,7,4.5,3.0
24,36,3.3333333333333335,5,6.6,1.5714285714285714
19,34,2.0,3,5.0,1.3636363636363635
26,87,3.6538461538461537,7,5.4,3.6818181818181817
20,42,2.85,6,3.1666666666666665,2.375
22,58,2.727272727272727,5,3.857142857142857,3.0
22,32,3.227272727272727,5,4.833333333333333,1.5263157894736843
30,82,3.066666666666667,5,4.666666666666667,2.24
26,86,3.9615384615384617,7,5.0625,3.6818181818181817
27,104,3.111111111111111,6,5.157894736842105,4.260869565217392
22,31,3.1363636363636362,5,5.6,1.4736842105263157
29,108,4.379310344827586,8,5.8125,3.72
24,65,3.0833333333333335,5,6.125,2.5789473684210527
22,35,3.227272727272727,5,3.875,1.631578947368421
28,86,2.607142857142857,6,5.818181818181818,3.764705882352941
27,70,3.074074074074074,5,5.7272727272727275,2.739130434782609
23,38,3.3043478260869565,5,4.714285714285714,1.65
22,54,2.272727272727273,4,4.571428571428571,2.4615384615384617
29,110,4.103448275862069,7,7.0,3.92
28,81,2.7857142857142856,5,7.125,2.590909090909091
22,45,1.9545454545454546,3,5.4,2.25
23,55,3.3043478260869565,5,4.083333333333333,2.5789473684210527
24,58,2.9166666666666665,5,3.769230769230769,2.45
25,61,2.92,5,5.2,2.4761904761904763
29,113,3.896551724137931,7,7.266666666666667,4.36
25,33,1.36,2,3.6666666666666665,1.2222222222222223
23,26,1.173913043478261,2,4.0,1.0
18,39,3.5,6,4.428571428571429,2.2142857142857144
26,91,4.0,8,4.733333333333333,3.380952380952381
19,56,3.3684210526315788,7,3.6923076923076925,3.2
28,150,4.142857142857143,7,6.7,5.583333333333333
29,71,2.6206896551724137,5,5.25,2.210526315789474
21,48,2.761904761904762,4,4.875,2.2941176470588234
26,149,4.230769230769231,8,6.894736842105263,5.695652173913044
25,114,3.92,7,5.277777777777778,4.523809523809524
28,121,4.285714285714286,8,4.947368421052632,3.9166666666666665
24,51,3.1666666666666665,5,5.625,2.3684210526315788
25,80,3.52,7,4.785714285714286,3.526315789473684
27,117,3.7037037037037037,7,6.111111111111111,4.782608695652174
23,74,3.0869565217391304,5,4.533333333333333,3.5789473684210527
26,110,3.0,6,5.15,4.681818181818182
23,52,3.4782608695652173,6,4.1,2.1578947368421053
22,73,4.136363636363637,8,4.375,3.6842105263157894
28,72,3.357142857142857,5,4.466666666666667,2.7916666666666665
25,85,2.84,6,4.052631578947368,3.6666666666666665
15,30,2.2666666666666666,4,2.8333333333333335,1.7
24,55,2.5833333333333335,5,4.166666666666667,2.5
15,27,1.5333333333333334,2,3.0,1.5
29,124,4.0,7,6.105263157894737,4.64
24,48,2.625,4,5.0,2.142857142857143
25,91,2.76,6,4.588235294117647,3.9
26,88,3.730769230769231,7,5.066666666666666,3.4545454545454546
20,64,3.15,7,4.5,3.375
24,34,3.1666666666666665,5,6.2,1.4761904761904763
22,39,2.272727272727273,5,3.4285714285714284,2.0
26,88,3.4615384615384617,6,5.466666666666667,3.727272727272727
23,44,2.5652173913043477,5,3.6,2.0
24,35,3.1666666666666665,5,6.2,1.4761904761904763
27,71,2.1481481481481484,4,5.2,3.466666666666667
25,72,3.24,5,4.857142857142857,3.238095238095238
22,33,3.0454545454545454,5,5.6,1.4736842105263157
28,72,2.0714285714285716,4,5.3,3.533333333333333
26,55,3.3076923076923075,5,3.923076923076923,2.3181818181818183
20,46,2.65,5,3.727272727272727,2.7333333333333334
22,61,3.0454545454545454,6,3.8,3.1666666666666665
23,33,3.0869565217391304,5,6.0,1.5
27,92,3.888888888888889,7,4.777777777777778,3.739130434782609
28,117,3.0,6,6.166666666666667,4.625
23,34,3.130434782608696,5,5.166666666666667,1.55
27,86,3.814814814814815,6,6.083333333333333,3.1739130434782608
16,33,1.5,2,4.25,2.125
23,49,2.0869565217391304,4,4.625,2.176470588235294
24,66,3.25,6,4.133333333333334,3.1
16,30,1.5,2,3.5,1.75
19,44,2.3157894736842106,4,4.166666666666667,1.9230769230769231
25,56,2.72,5,5.111111111111111,2.1904761904761907
22,31,3.1818181818181817,5,5.6,1.4736842105263157
27,53,3.5555555555555554,6,4.363636363636363,2.0869565217391304
25,57,2.28,5,4.222222222222222,2.375
24,44,1.875,3,4.5,1.6875
24,35,3.1666666666666665,5,6.4,1.5238095238095237
27,97,3.5925925925925926,7,4.294117647058823,3.1739130434782608
29,103,3.5517241379310347,6,5.5,3.96
17,34,2.0588235294117645,4,3.4,1.7
18,35,1.8888888888888888,3,4.25,1.7
29,120,4.482758620689655,8,6.333333333333333,4.56
23,45,2.5652173913043477,4,4.666666666666667,2.1
26,86,3.8076923076923075,7,5.214285714285714,3.3181818181818183
24,62,2.625,4,5.25,2.4705882352941178
27,69,2.740740740740741,5,5.111111111111111,2.3
26,79,3.8076923076923075,6,5.615384615384615,3.3181818181818183
16,29,1.4375,2,3.25,1.8571428571428572
21,39,2.0476190476190474,4,3.857142857142857,1.9285714285714286
26,75,3.1153846153846154,6,5.3076923076923075,3.1363636363636362
22,42,2.5454545454545454,5,2.909090909090909,1.8823529411764706
20,30,1.45,3,4.0,2.0
23,32,3.260869565217391,5,5.8,1.45
27,123,3.7777777777777777,8,6.157894736842105,5.086956521739131
29,101,4.379310344827586,8,6.0,3.84
24,34,3.1666666666666665,5,6.2,1.4761904761904763
27,124,3.925925925925926,8,6.2105263157894735,5.130434782608695
27,84,2.2962962962962963,5,4.75,3.8
27,81,3.4074074074074074,6,5.923076923076923,3.347826086956522
25,36,3.24,5,6.6,1.5
23,58,2.5217391304347827,4,6.142857142857143,2.8666666666666667
27,67,3.3703703703703702,6,3.6470588235294117,2.6956521739130435
25,77,3.08,5,5.214285714285714,3.4761904761904763
27,89,2.4444444444444446,4,4.25,3.090909090909091
26,80,2.9615384615384617,6,4.933333333333334,3.3636363636363638
24,64,3.6666666666666665,7,4.214285714285714,2.95
23,42,2.782608695652174,5,3.090909090909091,1.8888888888888888
22,32,3.1818181818181817,5,5.8,1.5263157894736843
27,55,3.5555555555555554,6,4.545454545454546,2.1739130434782608
24,47,2.25,5,3.625,1.9333333333333333
22,40,1.8181818181818181,3,6.0,1.8461538461538463
22,31,3.1818181818181817,5,5.6,1.4736842105263157
27,126,3.925925925925926,8,6.315789473684211,5.217391304347826
28,88,2.392857142857143,5,4.615384615384615,3.75
26,85,3.6153846153846154,7,5.0625,3.6818181818181817
22,31,3.1818181818181817,5,5.6,1.4736842105263157
27,130,3.8518518518518516,8,6.2,5.391304347826087
29,103,3.8620689655172415,7,5.105263157894737,3.88
23,60,2.739130434782609,5,4.444444444444445,2.2222222222222223
21,58,3.1904761904761907,6,4.153846153846154,3.176470588235294
29,105,3.9310344827586206,7,7.214285714285714,4.04
23,32,1.4782608695652173,3,3.0,1.2
23,27,1.2173913043478262,2,5.0,1.0
18,44,3.5,6,3.6666666666666665,2.357142857142857
24,64,2.4166666666666665,4,4.444444444444445,2.3529411764705883
27,131,4.074074074074074,7,6.777777777777778,5.304347826086956
21,66,3.4285714285714284,6,4.454545454545454,2.7222222222222223
23,85,3.6956521739130435,7,4.117647058823529,3.6842105263157894
20,55,3.3,6,3.9166666666666665,2.9375
25,126,3.8,8,5.136363636363637,5.380952380952381
25,60,2.16,4,3.888888888888889,2.0588235294117645
23,91,3.260869565217391,6,6.0,4.421052631578948
27,107,3.6296296296296298,7,4.444444444444445,3.8095238095238093
25,48,2.32,3,6.142857142857143,2.15
22,63,2.727272727272727,6,5.2,3.7142857142857144
26,62,3.3846153846153846,5,4.3076923076923075,2.5454545454545454
16,28,1.375,2,4.0,2.0
16,28,1.375,2,4.0,2.0
26,63,2.8461538461538463,5,5.666666666666667,2.4285714285714284
30,159,4.366666666666666,8,6.04,5.8076923076923075
24,42,3.25,5,3.7,1.7619047619047619
29,78,3.4827586206896552,6,4.5,2.88
26,67,2.3076923076923075,5,4.6,2.7058823529411766
22,39,1.7272727272727273,3,7.666666666666667,1.9166666666666667
25,41,3.32,5,5.0,1.5909090909090908
24,36,1.375,2,8.0,1.7777777777777777
27,100,3.6666666666666665,7,6.2,4.043478260869565
21,37,2.142857142857143,3,5.4,1.6875
29,132,4.344827586206897,8,5.636363636363637,4.96
24,43,3.625,6,4.111111111111111,1.7619047619047619
20,36,2.05,4,4.0,1.6666666666666667
26,106,4.038461538461538,7,4.7894736842105265,4.136363636363637
27,113,3.1481481481481484,6,6.294117647058823,4.6521739130434785
25,44,3.4,5,4.222222222222222,1.7272727272727273
27,103,3.6666666666666665,7,5.333333333333333,4.173913043478261
26,75,3.423076923076923,6,5.166666666666667,2.9523809523809526
24,48,3.625,6,4.1,1.9523809523809523
28,125,4.107142857142857,8,5.476190476190476,4.791666666666667
25,92,3.92,8,5.0,3.8095238095238093
21,71,3.1904761904761907,7,4.583333333333333,3.235294117647059
24,46,3.4583333333333335,5,5.125,1.9523809523809523
20,42,2.35,5,3.2857142857142856,1.9166666666666667
27,104,3.814814814814815,7,6.1875,4.304347826086956
24,48,3.8333333333333335,6,4.3,2.0476190476190474
17,43,2.823529411764706,5,3.3333333333333335,2.3076923076923075
29,111,3.3448275862068964,7,5.095238095238095,4.28
22,54,3.4545454545454546,6,3.4285714285714284,2.526315789473684
30,108,3.2666666666666666,5,6.866666666666666,3.9615384615384617
29,101,2.4482758620689653,5,6.0,4.588235294117647
25,63,3.44,6,3.8666666666666667,2.761904761904762
15,26,1.4,2,3.6666666666666665,1.8333333333333333
22,42,1.9545454545454546,3,5.4,2.25
25,44,3.36,5,5.571428571428571,1.7727272727272727
28,63,3.5357142857142856,6,4.538461538461538,2.4583333333333335
26,64,2.4615384615384617,5,5.222222222222222,2.611111111111111
22,36,1.9545454545454546,4,3.4285714285714284,1.8461538461538463
25,42,3.32,5,4.625,1.6818181818181819
19,35,1.894736842105263,3,4.4,2.2
26,59,3.3076923076923075,5,4.230769230769231,2.5
25,79,3.04,5,5.071428571428571,3.380952380952381
25,79,3.04,5,5.071428571428571,3.380952380952381
26,79,3.1153846153846154,6,5.615384615384615,3.3181818181818183
23,51,2.652173913043478,5,3.4166666666666665,2.2777777777777777
19,31,1.4210526315789473,3,4.5,2.5714285714285716
24,37,3.2916666666666665,5,4.857142857142857,1.619047619047619
27,86,3.740740740740741,7,5.466666666666667,3.5652173913043477
26,63,1.9615384615384615,3,7.166666666666667,3.0714285714285716
22,38,1.6818181818181819,3,4.0,2.2222222222222223
24,87,2.7916666666666665,5,5.0625,4.05
25,56,2.76,5,4.333333333333333,2.4761904761904763
29,118,3.793103448275862,7,6.0,4.56
24,49,2.625,4,4.888888888888889,2.0952380952380953
25,77,3.68,6,5.909090909090909,3.0952380952380953
25,57,2.08,4,6.333333333333333,2.533333333333333
22,36,1.8181818181818181,3,5.25,1.6153846153846154
25,44,3.28,5,5.571428571428571,1.7727272727272727
27,126,3.4074074074074074,7,6.315789473684211,5.217391304347826
29,105,3.896551724137931,7,5.5,3.96
17,37,2.235294117647059,4,4.0,1.8181818181818181
18,38,2.2777777777777777,4,4.0,1.6666666666666667
25,37,3.24,5,6.6,1.5
27,107,3.185185185185185,6,6.3125,4.391304347826087
28,84,2.142857142857143,5,5.090909090909091,3.7333333333333334
26,88,3.3846153846153846,6,4.666666666666667,3.8181818181818183
25,39,3.32,5,7.2,1.6363636363636365
27,107,3.185185185185185,6,6.3125,4.391304347826087
31,151,3.774193548387097,7,6.304347826086956,5.37037037037037
29,97,4.0344827586206895,7,6.571428571428571,3.68
26,79,3.8076923076923075,7,5.142857142857143,3.272727272727273
22,41,2.090909090909091,4,4.166666666666667,1.9230769230769231
23,35,3.217391304347826,5,5.333333333333333,1.6
27,103,3.185185185185185,6,6.6,4.304347826086956
28,80,2.107142857142857,4,5.777777777777778,3.466666666666667
26,84,3.3846153846153846,6,4.705882352941177,3.6363636363636362
23,37,3.260869565217391,5,5.666666666666667,1.7
27,69,2.0,4,6.714285714285714,3.357142857142857
28,108,4.25,8,5.5,4.125
26,82,3.076923076923077,5,5.2,3.5454545454545454
27,101,2.888888888888889,5,5.588235294117647,4.130434782608695
23,34,3.1739130434782608,5,5.166666666666667,1.55
29,84,3.1379310344827585,5,5.636363636363637,2.5833333333333335
28,87,3.9285714285714284,7,5.857142857142857,3.4166666666666665
27,104,3.111111111111111,6,5.157894736842105,4.260869565217392
23,34,3.1739130434782608,5,5.166666666666667,1.55
21,27,1.619047619047619,4,3.0,1.2
26,75,3.3846153846153846,6,5.071428571428571,3.227272727272727
23,33,3.130434782608696,5,6.0,1.5
23,52,2.4347826086956523,4,6.166666666666667,2.466666666666667
25,69,2.88,6,3.357142857142857,2.473684210526316
17,36,2.3529411764705883,4,3.8,1.5833333333333333
18,40,2.5,4,3.8333333333333335,1.7692307692307692
20,48,2.85,5,4.0,2.4
20,33,1.3,2,5.0,2.5
26,72,3.769230769230769,6,5.583333333333333,3.0454545454545454
16,31,1.5625,2,3.75,1.6666666666666667
20,29,1.4,3,3.5,2.0
21,52,2.857142857142857,5,3.6923076923076925,2.823529411764706
22,36,2.090909090909091,4,4.333333333333333,1.625
29,102,4.448275862068965,8,6.0,3.84
22,39,2.5,4,4.375,1.8421052631578947
20,35,2.15,4,3.5714285714285716,2.0833333333333335
28,100,3.7857142857142856,7,4.764705882352941,3.375
15,30,1.5333333333333334,2,4.0,2.0
25,50,3.28,5,5.857142857142857,1.8636363636363635
28,128,3.5,7,6.421052631578948,5.083333333333333
27,80,2.3333333333333335,5,4.909090909090909,3.6
27,86,3.4074074074074074,6,5.785714285714286,3.5217391304347827
23,56,2.6956521739130435,5,3.4615384615384617,2.5
25,41,3.32,5,7.2,1.6363636363636365
27,97,3.185185185185185,6,5.8125,4.043478260869565
28,87,2.4285714285714284,5,5.363636363636363,3.6875
28,100,3.4642857142857144,6,5.647058823529412,4.0
24,39,3.25,5,7.0,1.6666666666666667
30,85,3.1333333333333333,5,5.0,2.4
27,90,3.8518518518518516,7,5.375,3.739130434782609
27,62,3.7037037037037037,6,5.7,2.4782608695652173
22,67,3.272727272727273,6,4.5,3.5
16,28,1.375,2,4.0,2.0
24,41,3.25,5,5.833333333333333,1.6666666666666667
19,42,2.1578947368421053,4,4.6,1.9166666666666667
25,79,3.76,6,5.6923076923076925,3.5238095238095237
23,64,3.5652173913043477,6,4.461538461538462,3.0526315789473686
20,41,2.9,6,3.272727272727273,2.25
23,67,3.0434782608695654,5,4.357142857142857,3.210526315789474
22,34,3.227272727272727,5,4.285714285714286,1.5789473684210527
21,66,3.761904761904762,7,4.461538461538462,3.411764705882353
20,44,2.15,4,4.833333333333333,2.4166666666666665
25,76,3.72,6,5.916666666666667,3.380952380952381
23,57,2.652173913043478,5,3.2857142857142856,2.5555555555555554
22,34,3.227272727272727,5,4.285714285714286,1.5789473684210527
29,95,2.6551724137931036,5,5.5,3.6666666666666665
27,99,3.7037037037037037,7,5.588235294117647,4.130434782608695
16,30,1.375,2,4.666666666666667,2.3333333333333335
23,40,3.347826086956522,5,5.0,1.75
20,42,2.05,3,5.5,1.8333333333333333
28,115,4.285714285714286,8,5.555555555555555,4.166666666666667
16,34,1.5,2,4.5,2.25
24,74,3.2916666666666665,6,5.384615384615385,3.5
28,102,3.857142857142857,7,7.0,4.083333333333333
25,33,1.36,2,3.6666666666666665,1.2222222222222223
30,101,4.033333333333333,7,6.3076923076923075,3.1538461538461537
23,56,2.0,4,6.0,2.769230769230769
25,82,3.72,7,5.285714285714286,3.5238095238095237
26,97,3.1153846153846154,6,4.55,4.136363636363637
27,99,3.074074074074074,5,5.0,3.4782608695652173
21,62,3.0,6,4.0,3.2941176470588234
15,29,1.5333333333333334,2,3.5,1.75
23,51,3.391304347826087,5,4.3,2.15
27,130,4.0,8,5.318181818181818,5.086956521739131
29,95,3.7586206896551726,6,4.888888888888889,3.52
29,89,3.0,5,3.9375,2.625
23,54,3.739130434782609,6,4.8,2.4
26,85,4.269230769230769,8,5.0,3.260869565217391
25,72,3.2,6,4.25,3.238095238095238
22,48,3.409090909090909,6,3.3076923076923075,2.263157894736842
23,62,2.391304347826087,4,5.625,3.2142857142857144
29,94,3.8620689655172415,6,6.357142857142857,3.56
24,64,2.5416666666666665,5,4.8,2.823529411764706
22,59,3.227272727272727,6,3.6666666666666665,3.0555555555555554
26,78,3.0384615384615383,5,4.176470588235294,3.227272727272727
28,95,3.4285714285714284,6,6.066666666666666,3.7916666666666665
24,34,1.4583333333333333,3,3.0,1.2
25,32,1.32,2,4.0,1.0
18,39,3.5,6,4.714285714285714,2.357142857142857
29,62,2.4827586206896552,4,7.6,2.111111111111111
26,102,3.576923076923077,7,6.0,4.090909090909091
24,56,2.2916666666666665,4,6.0,2.25
19,49,2.8421052631578947,6,3.8181818181818183,2.8
25,77,2.6,4,3.857142857142857,2.5714285714285716
23,77,2.9130434782608696,6,4.785714285714286,3.526315789473684
23,71,3.3043478260869565,6,5.909090909090909,3.611111111111111
24,80,3.25,6,5.769230769230769,3.75
28,98,3.0714285714285716,7,4.6875,3.9473684210526314
25,46,2.32,3,5.857142857142857,2.05
24,102,3.3333333333333335,7,5.105263157894737,4.85
29,107,2.9310344827586206,6,4.555555555555555,3.9047619047619047
27,64,2.5925925925925926,5,3.923076923076923,2.217391304347826
29,172,4.241379310344827,8,6.384615384615385,6.64
24,40,3.2083333333333335,5,5.833333333333333,1.6666666666666667
27,96,3.1481481481481484,6,5.75,4.0
30,123,3.9,7,5.571428571428571,4.5
15,28,1.4666666666666666,2,3.25,1.8571428571428572
29,149,4.241379310344827,8,6.260869565217392,5.76
25,38,3.24,5,5.666666666666667,1.5454545454545454
28,95,2.4642857142857144,5,6.2727272727272725,4.0588235294117645
28,103,3.4642857142857144,6,5.2105263157894735,4.125
25,39,3.28,5,5.833333333333333,1.5909090909090908
22,56,2.3181818181818183,4,4.857142857142857,2.6153846153846154
29,95,4.0344827586206895,7,6.428571428571429,3.6
25,64,2.8,5,5.625,2.25
23,64,3.217391304347826,6,4.0,3.1578947368421053
25,78,3.0,5,4.8,3.4285714285714284
24,35,3.1666666666666665,5,6.4,1.5238095238095237
31,100,3.3548387096774195,6,4.411764705882353,2.7777777777777777
29,96,3.9655172413793105,7,6.066666666666666,3.64
27,104,3.111111111111111,6,4.9,4.260869565217392
28,107,3.9642857142857144,7,6.4375,4.291666666666667
24,34,1.375,2,3.6666666666666665,1.2222222222222223
24,29,1.25,2,6.0,1.0
18,35,2.9444444444444446,5,4.833333333333333,2.0714285714285716
27,74,3.4444444444444446,7,4.75,2.85
19,48,3.0,6,3.3636363636363638,2.466666666666667
27,122,4.518518518518518,8,5.947368421052632,4.708333333333333
29,59,2.4827586206896552,4,7.0,1.9444444444444444
21,47,2.619047619047619,4,4.571428571428571,2.0
25,127,4.28,7,6.5,5.318181818181818
25,90,3.68,6,4.733333333333333,3.380952380952381
27,103,3.2222222222222223,7,4.470588235294118,4.0
25,46,2.32,3,5.857142857142857,2.05
19,27,1.5263157894736843,3,4.0,1.5
27,111,3.7777777777777777,8,5.777777777777778,4.521739130434782
21,36,2.0,4,3.5714285714285716,1.7857142857142858
24,71,3.0,5,5.583333333333333,3.35
25,97,2.88,5,5.055555555555555,4.333333333333333
24,37,3.1666666666666665,5,5.333333333333333,1.5238095238095237
28,137,3.9642857142857144,8,6.55,5.458333333333333
27,81,2.3333333333333335,5,5.090909090909091,3.7333333333333334
28,89,3.9285714285714284,7,5.6,3.5
22,69,3.1818181818181817,7,4.230769230769231,3.0555555555555554
25,39,3.28,5,6.0,1.6363636363636365
30,89,3.3,6,5.076923076923077,2.5384615384615383
29,93,3.9655172413793105,7,6.285714285714286,3.52
27,99,3.111111111111111,6,4.894736842105263,4.043478260869565
25,38,3.24,5,5.833333333333333,1.5909090909090908
27,104,3.185185185185185,6,6.25,4.3478260869565215
26,58,3.423076923076923,6,3.533333333333333,2.409090909090909
26,56,2.076923076923077,4,4.75,2.235294117647059
24,36,3.3333333333333335,5,6.6,1.5714285714285714
28,87,2.607142857142857,6,5.545454545454546,3.588235294117647
28,101,3.4642857142857144,6,5.705882352941177,4.041666666666667
25,38,3.28,5,5.833333333333333,1.5909090909090908
23,59,2.391304347826087,4,5.142857142857143,2.5714285714285716
29,106,4.137931034482759,7,6.6,3.96
27,69,2.740740740740741,5,5.111111111111111,2.1904761904761907
22,62,3.272727272727273,6,4.142857142857143,3.2222222222222223
23,72,3.0434782608695654,5,4.4,3.473684210526316
28,116,4.178571428571429,8,6.222222222222222,4.666666666666667
24,30,1.2916666666666667,2,3.5,1.0
23,27,1.2173913043478262,2,5.0,1.0
19,41,3.0526315789473686,5,4.0,2.1333333333333333
26,60,2.5384615384615383,4,4.875,2.2941176470588234
25,100,4.2,8,6.357142857142857,4.238095238095238
23,54,2.347826086956522,4,4.571428571428571,2.0
19,44,2.5789473684210527,5,3.5,2.3333333333333335
27,76,2.185185185185185,4,3.5,2.5789473684210527
23,82,3.869565217391304,8,4.5625,3.8421052631578947
23,75,3.608695652173913,7,4.857142857142857,3.5789473684210527
21,77,3.1904761904761907,6,5.461538461538462,4.176470588235294
26,98,3.730769230769231,7,4.5,3.272727272727273
24,47,2.2916666666666665,3,6.0,2.210526315789474
25,117,3.96,8,5.7368421052631575,5.190476190476191
28,106,3.357142857142857,6,4.2631578947368425,3.6818181818181817
25,84,3.92,7,5.571428571428571,3.7142857142857144
28,137,4.214285714285714,8,6.7368421052631575,5.333333333333333
24,49,3.25,5,4.555555555555555,1.9523809523809523
28,145,4.107142857142857,8,6.619047619047619,5.791666666666667
28,89,2.7142857142857144,5,4.923076923076923,3.5555555555555554
26,70,3.6923076923076925,7,4.769230769230769,2.8181818181818183
25,89,3.0,6,4.15,3.9523809523809526
24,41,3.25,5,4.375,1.6666666666666667
19,33,1.631578947368421,4,3.4,2.4285714285714284
28,102,3.892857142857143,7,5.705882352941177,4.041666666666667
30,149,3.6333333333333333,7,6.5,5.5
16,30,1.4375,2,4.666666666666667,2.0
26,106,4.076923076923077,8,4.894736842105263,4.2272727272727275
26,81,3.5384615384615383,6,5.384615384615385,3.1818181818181817
27,98,2.8518518518518516,5,5.6,3.652173913043478
25,81,3.0,6,5.357142857142857,3.5714285714285716
23,64,3.739130434782609,7,3.8666666666666667,3.0526315789473686
24,42,3.4166666666666665,5,5.571428571428571,1.8571428571428572
23,67,2.652173913043478,4,6.714285714285714,2.9375
27,71,3.5185185185185186,6,4.333333333333333,2.8260869565217392
27,72,2.7777777777777777,5,4.8,2.2857142857142856
22,63,2.727272727272727,5,4.142857142857143,3.2222222222222223
30,131,4.266666666666667,8,7.0,4.846153846153846
23,33,1.608695652173913,3,4.0,1.2
26,32,1.2307692307692308,2,6.0,1.0
19,43,3.6315789473684212,6,4.375,2.3333333333333335
26,96,4.038461538461538,8,4.875,3.5454545454545454
19,59,2.8947368421052633,5,4.181818181818182,3.066666666666667
30,163,4.366666666666666,8,6.391304347826087,5.653846153846154
20,46,2.25,4,4.714285714285714,2.75
24,71,3.1666666666666665,5,4.785714285714286,3.35
30,133,4.2,8,6.142857142857143,4.961538461538462
24,45,3.625,6,4.444444444444445,1.9047619047619047
28,134,3.5357142857142856,7,6.095238095238095,5.333333333333333
28,95,2.2857142857142856,5,6.9,4.3125
27,100,3.3703703703703702,7,4.947368421052632,4.086956521739131
24,72,2.9583333333333335,6,5.0,3.25
25,39,3.32,5,5.833333333333333,1.5909090909090908
31,108,3.6451612903225805,7,5.8,3.3461538461538463
28,104,3.75,7,5.764705882352941,4.083333333333333
20,40,2.0,3,5.2,2.0
25,82,2.6,5,4.928571428571429,3.2857142857142856
26,93,2.9615384615384617,5,4.35,3.9545454545454546
30,134,4.466666666666667,8,6.7894736842105265,4.961538461538462
24,47,2.625,4,4.888888888888889,2.0952380952380953
22,85,4.045454545454546,8,4.764705882352941,4.2631578947368425
28,108,3.5357142857142856,6,5.368421052631579,4.25
30,128,4.2,8,5.833333333333333,4.038461538461538
15,27,1.8666666666666667,3,3.0,1.5
15,28,1.8666666666666667,3,3.25,1.625
25,38,3.28,5,7.0,1.5909090909090908
19,41,2.1052631578947367,4,4.833333333333333,2.6363636363636362
27,61,3.5185185185185186,6,4.3076923076923075,2.4347826086956523
26,85,3.1153846153846154,5,5.266666666666667,3.590909090909091
26,83,3.1153846153846154,5,5.133333333333334,3.5
24,36,3.25,5,4.714285714285714,1.5714285714285714
27,128,3.4074074074074074,7,6.421052631578948,5.304347826086956
28,88,2.3214285714285716,5,6.0,3.75
27,81,3.4074074074074074,6,5.5,3.347826086956522
25,37,3.28,5,6.8,1.5454545454545454
21,35,2.142857142857143,5,3.5,1.9090909090909092
28,111,4.178571428571429,8,5.833333333333333,4.375
26,82,3.076923076923077,5,5.428571428571429,3.4545454545454546
25,79,3.48,6,5.615384615384615,3.4761904761904763
23,50,2.8260869565217392,5,3.4166666666666665,2.1578947368421053
21,53,2.761904761904762,5,3.5,2.8823529411764706
21,55,2.9047619047619047,5,4.363636363636363,2.823529411764706
24,67,2.9166666666666665,5,4.916666666666667,2.95
23,35,3.1739130434782608,5,4.571428571428571,1.6
19,35,1.5789473684210527,3,3.6,2.5714285714285716
19,32,1.4210526315789473,3,3.25,1.8571428571428572
26,79,3.6923076923076925,6,5.615384615384615,3.3181818181818183
24,55,3.4166666666666665,6,5.555555555555555,2.5
24,49,3.3333333333333335,5,3.6666666666666665,2.2
24,79,2.875,5,3.8421052631578947,3.65
19,44,2.736842105263158,6,3.076923076923077,2.6666666666666665
18,36,2.2777777777777777,4,3.0,1.5
25,51,2.44,5,4.555555555555555,2.1578947368421053
22,33,3.1818181818181817,5,5.0,1.5789473684210527
27,54,3.5555555555555554,6,4.454545454545454,2.130434782608696
24,48,2.125,5,3.625,2.0714285714285716
22,38,1.8181818181818181,3,5.5,1.6923076923076923
23,35,3.1739130434782608,5,4.571428571428571,1.6
26,96,3.6538461538461537,7,4.294117647058823,3.3181818181818183
29,103,3.5517241379310347,6,5.823529411764706,3.96
16,31,1.9375,3,3.75,1.6666666666666667
18,33,1.8888888888888888,3,3.75,1.5
28,93,3.857142857142857,7,6.357142857142857,3.7083333333333335
24,33,1.4583333333333333,3,3.25,1.3
22,57,3.090909090909091,6,3.25,2.736842105263158
29,113,4.068965517241379,7,5.45,4.36
25,64,2.6,5,3.909090909090909,2.263157894736842
22,41,1.8636363636363635,3,6.25,1.6666666666666667
25,55,3.32,5,5.375,1.9545454545454546
23,54,2.4347826086956523,4,6.333333333333333,2.533333333333333
30,109,3.933333333333333,6,6.357142857142857,3.423076923076923
16,33,1.5,2,4.25,2.125
25,51,3.32,5,5.25,1.9090909090909092
27,96,3.2222222222222223,6,5.0,3.6956521739130435
26,90,3.8846153846153846,8,4.8125,3.5
21,60,2.857142857142857,6,4.2727272727272725,2.764705882352941
15,26,1.5333333333333334,2,3.0,1.5
24,40,3.3333333333333335,5,6.0,1.7142857142857142
23,39,1.6956521739130435,3,7.333333333333333,1.6923076923076923
25,54,3.4,6,3.5,2.3333333333333335
26,101,3.6923076923076925,7,4.45,4.045454545454546
20,33,1.65,3,3.6,1.8
26,89,2.6538461538461537,5,5.133333333333334,3.5
25,87,2.96,5,4.2631578947368425,3.857142857142857
19,47,2.8421052631578947,6,3.3076923076923075,2.8666666666666667
16,24,1.375,2,2.0,1.3333333333333333
22,32,3.090909090909091,5,4.833333333333333,1.5263157894736843
20,27,1.65,3,3.25,1.1818181818181819
26,62,2.923076923076923,5,5.4,2.4545454545454546
22,32,3.090909090909091,5,4.833333333333333,1.5263157894736843
28,97,3.25,6,5.0588235294117645,3.5833333333333335
27,92,3.7777777777777777,7,5.266666666666667,3.4347826086956523
21,66,3.142857142857143,7,4.166666666666667,2.9411764705882355
15,26,1.5333333333333334,2,3.0,1.5
22,32,3.1363636363636362,5,5.8,1.5263157894736843
27,103,3.2222222222222223,6,6.1875,4.304347826086956
28,90,3.8214285714285716,7,6.142857142857143,3.5833333333333335
16,29,1.375,2,4.333333333333333,2.1666666666666665
26,60,3.6538461538461537,6,6.111111111111111,2.5
22,49,3.272727272727273,6,3.3846153846153846,2.4444444444444446
23,51,2.5652173913043477,5,2.923076923076923,2.235294117647059
24,77,2.875,5,3.736842105263158,3.55
23,38,3.3043478260869565,5,4.714285714285714,1.65
27,79,2.2962962962962963,5,5.777777777777778,3.466666666666667
26,94,3.6538461538461537,7,5.294117647058823,4.090909090909091
16,28,1.375,2,4.0,2.0
23,70,3.5217391304347827,7,4.714285714285714,3.473684210526316
28,122,3.892857142857143,7,6.277777777777778,4.708333333333333
22,43,2.5,4,4.444444444444445,2.1052631578947367
23,69,3.1739130434782608,7,5.454545454545454,3.5294117647058822
29,81,3.1379310344827585,6,5.076923076923077,2.64
23,44,3.1739130434782608,5,4.222222222222222,1.9
21,30,1.8095238095238095,4,3.0,1.3636363636363635
26,85,3.769230769230769,7,6.0,3.5454545454545454
26,68,3.0,5,5.8,2.6363636363636362
23,41,3.1739130434782608,5,3.888888888888889,1.75
27,100,3.185185185185185,5,6.4,4.173913043478261
28,98,2.5714285714285716,5,5.071428571428571,4.176470588235294
26,74,3.6153846153846154,7,4.466666666666667,3.0454545454545454
15,28,2.066666666666667,4,2.6,1.4444444444444444
16,31,2.125,4,3.0,1.5
24,44,3.375,5,4.75,1.8095238095238095
23,62,2.739130434782609,5,6.0,3.0
29,115,4.379310344827586,8,6.111111111111111,4.4
29,141,3.586206896551724,7,6.380952380952381,5.36
27,78,2.6296296296296298,4,6.5,2.6
27,113,3.6666666666666665,7,4.944444444444445,3.869565217391304
24,48,3.8333333333333335,6,4.2,2.0
28,138,4.107142857142857,8,5.954545454545454,5.458333333333333
28,116,3.6785714285714284,8,4.190476190476191,4.0
25,91,3.6,7,4.777777777777778,4.095238095238095
23,42,3.391304347826087,5,6.166666666666667,1.85
29,111,3.3448275862068964,7,5.095238095238095,4.28
22,54,3.4545454545454546,6,3.4285714285714284,2.526315789473684
29,102,2.8620689655172415,5,6.75,4.05
27,92,3.3703703703703702,6,4.631578947368421,3.8260869565217392
25,60,2.84,5,3.6666666666666665,2.619047619047619
25,50,3.12,5,5.111111111111111,2.1904761904761907
26,58,2.6153846153846154,5,5.0,2.25
30,97,3.6,7,5.8125,3.576923076923077
24,35,1.5416666666666667,3,3.0,1.2
24,30,1.2916666666666667,2,3.5,1.0
21,50,3.0476190476190474,6,3.5384615384615383,2.5555555555555554
24,96,2.875,6,5.642857142857143,3.95
19,36,3.0526315789473686,5,4.428571428571429,2.066666666666667
27,94,3.8518518518518516,7,5.5,3.5
21,49,2.7142857142857144,4,6.0,2.1176470588235294
27,120,3.7037037037037037,7,6.166666666666667,4.625
29,66,2.1724137931034484,4,6.333333333333333,2.533333333333333
26,102,3.230769230769231,6,5.1875,4.15
25,49,1.72,3,5.2,2.0
27,102,2.962962962962963,7,4.764705882352941,4.5
25,47,2.32,3,5.857142857142857,2.05
24,104,4.333333333333333,8,5.555555555555555,4.761904761904762
29,112,3.206896551724138,6,4.833333333333333,3.782608695652174
26,69,3.423076923076923,6,4.5,2.8636363636363638
27,100,3.111111111111111,6,4.2727272727272725,4.086956521739131
24,40,3.2083333333333335,5,5.833333333333333,1.6666666666666667
28,64,3.4285714285714284,6,4.916666666666667,2.4583333333333335
24,39,3.2083333333333335,5,4.857142857142857,1.619047619047619
27,103,3.185185185185185,6,6.1875,4.304347826086956
31,156,3.806451612903226,7,6.25,5.555555555555555
17,29,1.3529411764705883,2,4.0,2.0
26,57,3.3076923076923075,5,4.0,2.3636363636363638
24,56,2.5833333333333335,5,4.3,2.388888888888889
21,33,1.2857142857142858,2,5.333333333333333,2.6666666666666665
22,56,2.772727272727273,5,3.642857142857143,2.8333333333333335
24,34,3.2083333333333335,5,6.2,1.4761904761904763
23,34,1.391304347826087,2,7.5,1.6666666666666667
18,33,1.4444444444444444,3,4.0,2.2857142857142856
27,78,3.7037037037037037,6,5.615384615384615,3.1739130434782608
28,77,2.2142857142857144,4,6.25,2.380952380952381
25,72,3.08,5,5.076923076923077,3.142857142857143
26,77,3.076923076923077,6,4.733333333333333,3.227272727272727
22,45,2.6818181818181817,5,3.3636363636363638,2.176470588235294
19,44,2.4210526315789473,5,3.3333333333333335,2.6666666666666665
21,53,3.0476190476190474,6,3.4615384615384617,2.6470588235294117
22,54,3.0454545454545454,6,3.6153846153846154,2.611111111111111
24,35,3.1666666666666665,5,6.4,1.5238095238095237
19,36,1.9473684210526316,4,3.3333333333333335,2.0
26,78,3.6538461538461537,6,5.615384615384615,3.3181818181818183
24,75,3.125,5,4.928571428571429,3.45
24,75,3.125,5,5.0,3.5
22,63,3.227272727272727,6,3.933333333333333,3.2777777777777777
23,65,3.0434782608695654,5,4.538461538461538,3.1052631578947367
23,65,3.0434782608695654,5,4.461538461538462,3.0526315789473686
22,61,3.0454545454545454,6,3.7333333333333334,3.111111111111111
22,55,3.0454545454545454,6,3.6153846153846154,2.611111111111111
23,33,3.130434782608696,5,6.0,1.5
26,127,3.730769230769231,8,6.368421052631579,5.5
26,77,1.9615384615384615,4,4.636363636363637,3.4
26,79,3.6153846153846154,7,5.357142857142857,3.409090909090909
25,60,2.16,4,6.5,2.4375
30,130,4.366666666666666,8,6.631578947368421,4.846153846153846
24,31,1.4583333333333333,3,3.25,1.3
23,27,1.2173913043478262,2,5.0,1.0
24,59,3.5,7,4.5,2.5
23,48,2.0869565217391304,4,4.285714285714286,2.142857142857143
27,138,4.111111111111111,8,6.25,5.434782608695652
23,89,3.4782608695652173,6,5.642857142857143,4.157894736842105
24,47,2.0833333333333335,4,5.2,1.8571428571428572
27,54,1.8148148148148149,4,6.0,2.727272727272727
23,91,3.347826086956522,7,5.785714285714286,4.2631578947368425
27,101,3.3333333333333335,7,4.625,3.7
25,44,2.28,3,5.571428571428571,1.95
26,73,3.8846153846153846,6,6.2,2.6956521739130435
27,109,3.074074074074074,6,5.1,4.434782608695652
24,40,3.2083333333333335,5,5.142857142857143,1.7142857142857142
28,99,3.75,7,5.111111111111111,3.8333333333333335
25,76,3.08,5,5.142857142857143,3.4285714285714284
25,37,3.24,5,5.666666666666667,1.5454545454545454
27,131,3.888888888888889,8,6.578947368421052,5.434782608695652
27,86,2.3333333333333335,5,4.357142857142857,4.066666666666666
27,84,3.6296296296296298,7,5.642857142857143,3.4347826086956523
25,38,3.28,5,5.833333333333333,1.5909090909090908
20,45,2.85,5,4.5,2.4
24,62,2.375,4,3.9,2.2941176470588234
25,58,3.36,5,4.333333333333333,2.4761904761904763
17,33,2.3529411764705883,4,4.0,1.3333333333333333
25,71,3.04,6,5.0,3.0952380952380953
24,78,2.875,5,3.789473684210526,3.6
25,57,2.76,5,4.8,2.2857142857142856
24,35,3.2916666666666665,5,6.4,1.5238095238095237
28,96,4.035714285714286,7,6.583333333333333,3.2916666666666665
30,135,4.133333333333334,7,7.055555555555555,4.884615384615385
24,40,3.25,5,4.5,1.7142857142857142
27,132,3.962962962962963,8,6.631578947368421,5.478260869565218
27,86,2.3333333333333335,5,4.538461538461538,3.933333333333333
26,83,3.6153846153846154,7,5.571428571428571,3.5454545454545454
25,40,3.32,5,6.166666666666667,1.6818181818181819
23,62,2.5217391304347827,4,5.571428571428571,2.6
16,30,1.9375,3,3.5,1.5555555555555556
26,80,3.230769230769231,6,5.615384615384615,3.3181818181818183
24,62,2.8333333333333335,5,3.6666666666666665,2.3157894736842106
23,53,3.3043478260869565,5,3.9166666666666665,2.473684210526316
24,78,2.8333333333333335,5,4.235294117647059,3.6
19,45,2.6315789473684212,5,3.3333333333333335,2.6666666666666665
29,109,3.896551724137931,7,7.0,4.2
24,28,1.2083333333333333,2,5.0,1.0
23,26,1.173913043478261,2,4.0,1.0
21,52,3.142857142857143,6,3.6153846153846154,2.611111111111111
27,100,3.3703703703703702,6,5.0,3.409090909090909
20,40,3.75,6,3.888888888888889,2.1875
26,89,3.8846153846153846,8,4.25,3.238095238095238
20,44,2.7,4,4.571428571428571,2.0
28,162,4.142857142857143,7,7.3,6.083333333333333
30,74,2.7666666666666666,5,4.4,2.0952380952380953
28,138,3.6785714285714284,7,5.7,4.75
26,68,2.6153846153846154,4,5.5,2.2
27,116,3.814814814814815,7,4.684210526315789,4.045454545454546
24,49,2.25,3,6.142857142857143,2.263157894736842
25,116,3.92,8,5.4,5.142857142857143
30,136,4.0,8,5.190476190476191,4.36
26,76,2.9615384615384617,6,4.357142857142857,2.9047619047619047
24,51,2.25,3,6.285714285714286,2.3157894736842106
19,36,1.894736842105263,3,3.6666666666666665,2.0
26,106,3.8846153846153846,7,5.235294117647059,4.045454545454546
27,117,3.4444444444444446,7,5.0,4.782608695652174
28,140,4.285714285714286,8,5.714285714285714,5.0
23,49,3.391304347826087,5,6.0,2.1
28,95,3.0714285714285716,6,4.611111111111111,3.608695652173913
24,55,2.7083333333333335,5,3.923076923076923,2.55
26,79,2.923076923076923,5,4.666666666666667,3.1818181818181817
27,108,2.925925925925926,5,4.857142857142857,4.434782608695652
25,77,3.12,6,4.294117647058823,3.4761904761904763
16,27,1.4375,2,3.6666666666666665,1.5714285714285714
31,125,3.5806451612903225,6,6.722222222222222,4.481481481481482
25,44,3.36,5,5.428571428571429,1.7272727272727273
22,46,2.272727272727273,5,4.571428571428571,2.6666666666666665
26,72,3.6538461538461537,6,5.583333333333333,3.0454545454545454
24,55,3.3333333333333335,5,3.8461538461538463,2.5
25,89,3.12,6,4.555555555555555,3.9047619047619047
25,74,3.12,6,4.642857142857143,3.0952380952380953
30,83,2.933333333333333,5,6.875,2.2916666666666665
24,60,3.4583333333333335,6,3.6666666666666665,2.75
25,74,2.88,6,4.785714285714286,3.1904761904761907
24,50,2.6666666666666665,5,3.25,2.1666666666666665
28,97,3.7142857142857144,7,5.8125,3.875
24,33,1.5833333333333333,3,3.25,1.3
24,31,1.3333333333333333,3,2.6666666666666665,1.1428571428571428
18,40,3.5,6,4.857142857142857,2.4285714285714284
26,83,3.6538461538461537,6,5.846153846153846,3.4545454545454546
27,64,3.3703703703703702,6,4.214285714285714,2.5652173913043477
27,106,3.111111111111111,6,4.545454545454546,4.3478260869565215
25,73,3.08,5,5.153846153846154,3.1904761904761907
30,91,3.0,6,6.3,2.625
26,64,3.4615384615384617,6,3.933333333333333,2.6818181818181817
25,76,2.8,5,4.6,3.2857142857142856
22,44,2.590909090909091,5,3.090909090909091,2.125
29,134,4.0344827586206895,7,6.2105263157894735,4.72
25,45,2.36,3,5.714285714285714,2.0
20,36,2.45,4,3.4285714285714284,1.6
29,105,3.9310344827586206,7,5.166666666666667,3.72
24,39,3.25,5,5.0,1.6666666666666667
28,106,3.25,6,4.894736842105263,3.875
26,90,3.923076923076923,8,4.875,3.5454545454545454
21,58,3.142857142857143,7,3.9166666666666665,2.764705882352941
25,36,3.24,5,6.6,1.5
31,99,3.3548387096774195,6,5.285714285714286,2.740740740740741
29,92,3.9655172413793105,7,5.8,3.48
27,102,3.111111111111111,6,4.8,4.173913043478261
24,35,3.2083333333333335,5,5.333333333333333,1.5238095238095237
26,81,2.3846153846153846,5,5.8,3.8666666666666667
28,95,3.4285714285714284,6,4.7894736842105265,3.7916666666666665
25,60,3.44,6,3.6666666666666665,2.619047619047619
15,23,1.4,2,2.0,1.3333333333333333
24,35,3.1666666666666665,5,6.4,1.5238095238095237
28,84,2.392857142857143,5,6.222222222222222,3.5
29,114,4.0344827586206895,8,5.4,4.32
23,58,2.739130434782609,5,3.9,2.1666666666666665
28,109,3.9285714285714284,7,6.5625,4.375
26,61,3.423076923076923,6,4.333333333333333,2.260869565217391
25,104,3.24,7,4.666666666666667,4.0
26,93,3.8076923076923075,8,5.133333333333334,3.6666666666666665
20,57,2.85,6,4.090909090909091,2.8125
25,45,3.32,5,6.5,1.7727272727272727
27,72,2.3703703703703702,5,5.1,3.1875
26,60,3.3461538461538463,6,3.9285714285714284,2.5
16,28,1.4375,2,3.0,1.7142857142857142
24,36,3.1666666666666665,5,6.6,1.5714285714285714
28,92,3.9642857142857144,7,6.230769230769231,3.375
23,80,3.4782608695652173,7,4.1875,3.526315789473684
16,28,1.5,2,3.0,1.5
24,35,3.1666666666666665,5,6.4,1.5238095238095237
20,41,2.1,4,5.25,1.75
25,50,3.36,5,3.4615384615384617,2.142857142857143
23,31,1.7391304347826086,4,3.5,1.1666666666666667
23,54,3.5652173913043477,6,4.454545454545454,2.5789473684210527
26,94,3.6538461538461537,7,5.0,3.8636363636363638
16,26,1.5,2,3.0,1.5
27,118,3.8518518518518516,7,6.111111111111111,4.782608695652174
22,31,3.1818181818181817,5,5.6,1.4736842105263157
21,48,3.0476190476190474,5,4.625,2.3125
28,87,3.4642857142857144,6,5.533333333333333,3.4583333333333335
25,72,3.32,6,4.533333333333333,3.238095238095238
23,49,1.9130434782608696,3,6.0,2.5
22,31,3.1818181818181817,5,5.6,1.4736842105263157
27,101,3.925925925925926,8,5.222222222222222,4.086956521739131
26,87,3.730769230769231,7,5.0,3.409090909090909
22,72,3.1818181818181817,7,4.833333333333333,3.2222222222222223
16,26,1.4375,2,2.75,1.5714285714285714
22,40,2.5,4,4.625,1.9473684210526316
24,61,2.3333333333333335,4,5.428571428571429,2.7142857142857144
26,59,3.3846153846153846,5,3.857142857142857,2.4545454545454546
23,33,1.6956521739130435,3,5.333333333333333,1.3333333333333333
26,82,3.5384615384615383,7,5.846153846153846,3.4545454545454546
23,49,2.652173913043478,5,3.25,2.1666666666666665
21,53,2.9047619047619047,5,4.0,2.823529411764706
28,107,3.892857142857143,7,5.611111111111111,4.208333333333333
23,35,3.1739130434782608,5,4.571428571428571,1.6
27,95,3.2222222222222223,6,5.25,3.652173913043478
26,85,3.8846153846153846,7,4.625,3.3636363636363638
22,71,3.1818181818181817,7,4.75,3.1666666666666665
24,35,3.3333333333333335,5,5.333333333333333,1.5238095238095237
24,38,1.375,2,8.5,1.8888888888888888
29,97,4.137931034482759,7,6.571428571428571,3.68
23,34,3.1739130434782608,5,5.166666666666667,1.55
28,69,3.4642857142857144,6,4.266666666666667,2.6666666666666665
27,91,3.259259259259259,6,6.214285714285714,3.782608695652174
27,88,3.111111111111111,5,6.0,3.652173913043478
26,92,3.730769230769231,7,5.666666666666667,3.8636363636363638
22,62,2.8636363636363638,5,4.384615384615385,3.1666666666666665
25,92,2.88,5,4.3,4.095238095238095
23,37,3.1739130434782608,5,4.571428571428571,1.6
28,136,4.107142857142857,8,6.5,5.416666666666667
27,97,2.6666666666666665,6,4.666666666666667,4.117647058823529
25,79,3.6,7,5.357142857142857,3.5714285714285716
24,39,3.25,5,5.0,1.6666666666666667
26,98,3.1153846153846154,5,6.2,4.2272727272727275
31,163,3.870967741935484,7,6.541666666666667,5.814814814814815
29,108,4.206896551724138,8,6.0,4.08
16,30,1.5,2,3.5,1.75
25,64,2.48,5,5.714285714285714,2.2222222222222223
29,114,3.9310344827586206,7,7.333333333333333,4.4
25,34,1.44,3,3.0,1.2
23,27,1.2173913043478262,2,5.0,1.0
19,36,1.736842105263158,3,4.25,1.8888888888888888
23,95,4.043478260869565,8,5.5625,4.684210526315789
25,73,2.92,5,4.583333333333333,2.75
21,61,3.8095238095238093,7,4.5,3.176470588235294
23,103,3.6956521739130435,7,4.777777777777778,4.526315789473684
23,90,3.652173913043478,7,5.0625,4.5
22,91,3.3636363636363638,6,5.533333333333333,4.611111111111111
30,142,4.3,7,5.894736842105263,4.3076923076923075
23,45,2.217391304347826,3,5.571428571428571,2.1666666666666665
24,93,3.375,7,3.857142857142857,4.05
25,82,3.44,6,4.235294117647059,3.4285714285714284
26,65,2.4615384615384617,5,4.666666666666667,2.3333333333333335
29,119,3.793103448275862,7,6.055555555555555,4.36
22,56,3.5,6,3.3333333333333335,2.6315789473684212
23,55,2.260869565217391,4,5.428571428571429,2.923076923076923
18,34,1.9444444444444444,4,4.0,2.2222222222222223
27,81,3.2962962962962963,5,5.133333333333334,3.347826086956522
25,54,2.72,4,3.769230769230769,2.3333333333333335
25,94,3.08,6,4.578947368421052,4.142857142857143
23,66,3.0869565217391304,6,4.066666666666666,3.210526315789474
20,35,2.25,4,3.5714285714285716,1.7857142857142858
23,47,2.608695652173913,4,5.375,2.15
22,85,4.0,8,4.9375,4.157894736842105
28,90,2.25,5,6.4,4.0
26,80,3.3461538461538463,6,4.75,3.4545454545454546
24,40,3.2083333333333335,5,5.142857142857143,1.7142857142857142
23,55,2.260869565217391,4,5.142857142857143,2.769230769230769
18,33,1.4444444444444444,3,4.0,2.2857142857142856
27,77,3.3333333333333335,6,4.866666666666666,3.1739130434782608
24,55,3.3333333333333335,5,4.166666666666667,2.5
24,87,2.8333333333333335,5,4.764705882352941,4.05
26,93,3.6923076923076925,7,4.777777777777778,3.909090909090909
15,27,1.5333333333333334,2,3.0,1.5
22,57,2.6818181818181817,5,3.466666666666667,2.888888888888889
23,63,3.0869565217391304,6,4.0,2.9473684210526314
23,34,3.130434782608696,5,5.166666666666667,1.55
27,127,3.4074074074074074,7,6.368421052631579,5.260869565217392
27,79,1.8888888888888888,4,5.2,3.466666666666667
25,58,3.44,6,3.7857142857142856,2.5238095238095237
27,99,3.0,6,4.428571428571429,4.043478260869565
23,34,3.130434782608696,5,5.166666666666667,1.55
26,89,3.1923076923076925,6,4.714285714285714,3.142857142857143
29,103,3.5517241379310347,6,5.5,3.96
16,28,1.375,2,4.0,2.0
27,83,3.4074074074074074,6,4.9375,3.4347826086956523
23,33,3.0869565217391304,5,6.0,1.5
26,67,2.076923076923077,4,5.875,3.357142857142857
26,80,3.6153846153846154,6,5.285714285714286,3.3636363636363638
23,55,2.8260869565217392,5,3.2857142857142856,2.4210526315789473
22,57,2.772727272727273,5,3.7857142857142856,2.9444444444444446
27,106,4.222222222222222,8,5.9411764705882355,4.391304347826087
23,34,3.130434782608696,5,5.166666666666667,1.55
26,77,3.9615384615384617,7,6.181818181818182,2.9565217391304346
24,39,3.25,5,5.142857142857143,1.7142857142857142
28,110,3.2857142857142856,6,6.5625,4.375
27,65,3.3333333333333335,5,4.285714285714286,2.608695652173913
26,54,2.0,4,5.666666666666667,2.0
30,134,4.5,8,6.142857142857143,4.961538461538462
25,38,3.32,5,5.833333333333333,1.5909090909090908
29,115,4.068965517241379,7,6.733333333333333,4.04
15,27,1.4666666666666666,2,3.0,1.7142857142857142
24,35,3.1666666666666665,5,6.4,1.5238095238095237
23,65,2.652173913043478,4,6.285714285714286,2.75
28,87,2.392857142857143,5,4.538461538461538,3.6875
24,55,3.3333333333333335,5,3.8461538461538463,2.5
24,58,2.7083333333333335,5,3.6923076923076925,2.6666666666666665
21,29,1.2857142857142858,2,4.333333333333333,2.1666666666666665
22,55,2.772727272727273,5,3.642857142857143,2.8333333333333335
19,33,1.9473684210526316,4,2.875,1.9166666666666667
23,33,3.130434782608696,5,6.0,1.5
24,83,3.6666666666666665,7,5.642857142857143,3.95
28,93,3.857142857142857,7,5.933333333333334,3.7083333333333335
25,61,2.08,4,6.666666666666667,2.6666666666666665
27,112,4.222222222222222,8,5.35,4.6521739130434785
23,44,2.5652173913043477,4,5.125,2.05
24,91,3.625,7,5.333333333333333,4.0
15,26,1.4666666666666666,2,2.75,1.5714285714285714
25,41,3.28,5,7.4,1.6818181818181819
26,88,3.8076923076923075,7,5.25,3.8181818181818183
17,33,2.0588235294117645,4,4.0,1.6
24,74,3.0833333333333335,5,4.928571428571429,3.45
26,78,3.269230769230769,5,5.285714285714286,3.3636363636363638
24,35,3.2083333333333335,5,6.4,1.5238095238095237
30,95,3.2666666666666666,6,3.888888888888889,2.6923076923076925
27,87,3.814814814814815,7,5.533333333333333,3.608695652173913
29,83,2.896551724137931,5,6.0,2.347826086956522
24,35,3.2916666666666665,5,6.4,1.5238095238095237
23,56,2.4782608695652173,4,6.666666666666667,2.6666666666666665
30,109,3.933333333333333,7,6.0,3.4615384615384617
16,28,1.5,2,3.0,1.5
25,70,2.6,5,7.0,2.5789473684210527
29,125,3.7241379310344827,6,6.0,4.8
22,35,1.9090909090909092,3,5.0,1.6666666666666667
23,33,3.130434782608696,5,6.0,1.5
24,82,3.6666666666666665,7,5.571428571428571,3.9
27,91,3.814814814814815,7,5.4375,3.782608695652174
26,61,1.9615384615384615,3,7.8,2.7857142857142856
30,123,4.366666666666666,8,7.0,4.576923076923077
24,35,3.2083333333333335,5,6.2,1.4761904761904763
28,91,2.7142857142857144,6,4.923076923076923,3.764705882352941
27,66,3.4814814814814814,6,4.066666666666666,2.652173913043478
24,55,3.5,6,4.9,2.45
24,71,2.7916666666666665,6,4.266666666666667,3.2
23,46,2.782608695652174,5,3.3636363636363638,2.0555555555555554
19,25,1.368421052631579,2,6.0,1.7142857142857142
24,36,3.375,5,4.714285714285714,1.5714285714285714
22,29,1.5,3,3.6666666666666665,1.1
25,74,3.72,6,6.2727272727272725,3.2857142857142856
26,106,3.0,6,5.2631578947368425,4.545454545454546
26,94,2.730769230769231,5,4.8125,3.5
24,36,3.375,5,5.5,1.5714285714285714
28,140,4.107142857142857,8,6.7,5.583333333333333
28,90,2.357142857142857,5,4.133333333333334,3.875
25,76,3.6,7,5.142857142857143,3.4285714285714284
24,38,3.25,5,5.0,1.6666666666666667
20,45,2.95,5,4.375,2.3333333333333335
30,124,4.466666666666667,8,6.666666666666667,4.615384615384615
27,65,2.6296296296296298,5,5.222222222222222,2.35
23,48,2.4782608695652173,4,4.666666666666667,2.1
24,105,3.9583333333333335,7,5.6875,4.55
24,58,3.0,5,5.5,2.3157894736842106
24,52,3.2916666666666665,5,4.4,2.0952380952380953
29,107,4.275862068965517,8,6.769230769230769,3.52
24,65,3.2916666666666665,6,5.4,2.8421052631578947
24,59,3.0,5,5.375,2.263157894736842
26,103,3.8076923076923075,8,5.052631578947368,4.363636363636363
28,79,3.5357142857142856,6,5.615384615384615,3.0416666666666665
20,55,3.0,6,3.8461538461538463,3.125
15,27,1.5333333333333334,2,3.5,1.75
23,48,3.347826086956522,5,4.3,2.15
28,75,3.7142857142857144,6,5.75,2.875
25,68,2.48,5,4.181818181818182,2.7058823529411766
22,40,1.8181818181818181,3,6.0,1.8461538461538463
23,51,3.391304347826087,5,4.5,2.25
30,111,4.4,8,6.0625,3.730769230769231
24,69,3.125,5,5.888888888888889,2.789473684210526
24,68,3.0833333333333335,5,7.285714285714286,2.6842105263157894
27,109,3.4074074074074074,7,5.315789473684211,4.391304347826087
28,93,3.5714285714285716,6,5.375,3.5833333333333335
20,53,2.9,6,3.6923076923076925,3.0
29,123,3.4827586206896552,7,4.954545454545454,4.541666666666667
27,88,2.888888888888889,5,4.666666666666667,3.652173913043478
26,82,2.9615384615384617,5,4.625,3.3636363636363638
24,43,3.25,5,5.285714285714286,1.7619047619047619
28,114,4.142857142857143,8,4.857142857142857,4.25
30,117,3.7333333333333334,7,5.842105263157895,4.269230769230769
21,42,2.380952380952381,4,3.5,2.1875
23,66,3.0869565217391304,6,4.133333333333334,3.263157894736842
21,53,3.0,6,3.4615384615384617,2.8125
25,69,2.56,4,5.666666666666667,3.0
29,113,2.5517241379310347,5,4.35,3.782608695652174
24,55,2.75,5,3.5714285714285716,2.5
22,43,1.9545454545454546,3,5.6,2.3333333333333335
22,41,1.7727272727272727,3,5.0,2.5
29,132,4.0,7,6.684210526315789,5.08
21,39,2.0476190476190474,4,4.333333333333333,2.0
25,39,3.32,5,5.833333333333333,1.5909090909090908
21,44,2.0,4,5.0,2.272727272727273
27,62,3.3333333333333335,5,4.461538461538462,2.5217391304347827
26,82,3.1153846153846154,5,4.8,3.272727272727273
27,76,3.4074074074074074,6,6.222222222222222,2.5454545454545454
24,56,3.375,6,3.642857142857143,2.55
18,35,1.9444444444444444,3,4.25,1.7
20,53,3.2,6,3.4615384615384617,2.8125
20,46,3.2,6,3.0,2.4375
29,121,3.5517241379310347,7,4.947368421052632,3.76
30,112,4.266666666666667,7,7.5,4.038461538461538
23,82,3.347826086956522,7,4.0588235294117645,3.6315789473684212
17,32,2.235294117647059,4,3.0,1.3636363636363635
21,39,1.9047619047619047,3,4.5,2.076923076923077
25,39,3.28,5,7.0,1.5909090909090908
27,127,3.4074074074074074,7,6.05,5.260869565217392
27,81,2.185185185185185,5,5.4,3.6
28,86,3.9285714285714284,7,5.785714285714286,3.375
22,73,3.1818181818181817,7,5.0,3.611111111111111
24,35,3.3333333333333335,5,6.4,1.5238095238095237
27,68,2.037037037037037,4,5.875,3.357142857142857
26,86,3.6538461538461537,6,6.153846153846154,3.6363636363636362
21,39,1.9523809523809523,3,4.8,1.8461538461538463
25,82,2.68,5,4.666666666666667,3.3333333333333335
24,81,2.875,5,3.9473684210526314,3.75
23,64,3.0869565217391304,6,4.461538461538462,3.0526315789473686
26,94,2.8846153846153846,5,4.4,4.0
23,36,3.1739130434782608,5,4.714285714285714,1.65
19,36,1.894736842105263,3,4.25,1.7
27,83,3.6296296296296298,6,6.416666666666667,3.347826086956522
21,52,2.7142857142857144,5,3.6923076923076925,2.823529411764706
22,34,3.1363636363636362,5,4.428571428571429,1.631578947368421
24,39,1.5833333333333333,3,6.666666666666667,1.6666666666666667
19,39,1.4736842105263157,3,5.0,2.5
25,63,3.68,6,5.2727272727272725,2.761904761904762
27,90,2.6666666666666665,5,3.9375,3.0
24,56,2.7916666666666665,5,3.2857142857142856,2.4210526315789473
25,69,2.8,5,5.25,3.0
23,44,2.782608695652174,5,3.272727272727273,2.0
19,27,1.4736842105263157,3,3.5,1.75
22,40,2.5,4,4.625,1.9473684210526316
23,94,3.869565217391304,8,5.4375,4.35
28,85,2.142857142857143,5,4.75,3.8
26,78,3.3461538461538463,6,4.933333333333334,3.3636363636363638
23,35,3.130434782608696,5,6.4,1.6
27,106,3.6666666666666665,7,4.421052631578948,3.652173913043478
29,76,3.4482758620689653,6,3.9444444444444446,2.84
25,77,3.08,5,5.214285714285714,3.4761904761904763
28,104,2.607142857142857,5,4.5,3.5217391304347827
27,88,3.4074074074074074,7,5.125,3.5652173913043477
23,47,2.6956521739130435,5,3.4545454545454546,2.111111111111111
19,25,1.3157894736842106,2,4.0,2.0
23,33,3.217391304347826,5,6.0,1.5
27,88,3.962962962962963,7,5.6923076923076925,3.217391304347826
23,59,2.782608695652174,5,5.25,2.3333333333333335
22,32,3.1818181818181817,5,4.833333333333333,1.5263157894736843
27,125,3.925925925925926,8,6.611111111111111,5.173913043478261
27,90,3.814814814814815,7,5.375,3.739130434782609
25,58,2.76,5,3.8333333333333335,2.3
24,36,3.2083333333333335,5,5.5,1.5714285714285714
27,123,3.925925925925926,8,6.157894736842105,5.086956521739131
29,94,3.8620689655172415,7,5.176470588235294,3.52
23,44,1.9130434782608696,3,5.166666666666667,1.9375
23,67,3.217391304347826,6,4.2,3.3157894736842106
23,64,3.0434782608695654,5,4.461538461538462,3.0526315789473686
30,129,4.366666666666666,8,6.526315789473684,4.769230769230769
25,35,1.84,4,2.8333333333333335,1.3076923076923077
23,28,1.2608695652173914,2,6.0,1.0
18,25,1.4444444444444444,3,2.6666666666666665,1.1428571428571428
23,86,3.9565217391304346,7,5.357142857142857,3.9473684210526314
23,60,2.9565217391304346,5,5.0,2.0
21,55,3.7142857142857144,7,3.923076923076923,3.0
23,94,3.5652173913043477,6,4.470588235294118,4.0
23,84,3.6956521739130435,8,4.666666666666667,3.6842105263157894
22,91,3.3181818181818183,7,4.875,4.333333333333333
27,103,3.3703703703703702,7,4.75,3.8
25,46,2.32,3,5.857142857142857,2.05
29,147,4.344827586206897,8,6.15,4.92
23,72,3.260869565217391,6,4.785714285714286,3.526315789473684
30,147,4.066666666666666,7,6.894736842105263,5.038461538461538
16,26,1.8125,3,3.3333333333333335,1.25
15,26,1.8666666666666667,3,3.6666666666666665,1.375
25,41,3.28,5,7.2,1.6363636363636365
21,29,1.7619047619047619,4,2.8,1.2727272727272727
26,79,3.3846153846153846,6,5.357142857142857,3.409090909090909
25,40,3.28,5,5.0,1.5909090909090908
28,95,2.75,6,4.733333333333333,4.176470588235294
26,68,3.5384615384615383,6,3.8125,2.772727272727273
23,57,2.6956521739130435,5,3.8333333333333335,2.5555555555555554
21,31,1.2857142857142858,2,4.0,2.0
30,152,3.8666666666666667,7,6.590909090909091,5.576923076923077
22,43,2.0,3,6.5,1.7333333333333334
25,41,3.32,5,5.142857142857143,1.6363636363636365
28,106,3.8214285714285716,7,5.111111111111111,3.8333333333333335
29,119,4.448275862068965,8,6.333333333333333,4.56
27,105,3.111111111111111,6,4.714285714285714,4.304347826086956
29,134,4.413793103448276,8,5.478260869565218,5.04
25,52,2.8,4,5.111111111111111,2.090909090909091
24,94,3.9166666666666665,8,5.0588235294117645,4.3
28,90,3.0357142857142856,7,4.642857142857143,3.4210526315789473
25,88,3.72,7,5.266666666666667,3.761904761904762
21,69,3.142857142857143,7,4.416666666666667,3.1176470588235294
20,34,1.75,3,4.0,1.8181818181818181
27,109,3.3333333333333335,6,5.529411764705882,4.086956521739131
24,42,3.4166666666666665,5,5.142857142857143,1.7142857142857142
26,101,4.0,7,5.647058823529412,4.363636363636363
27,66,3.962962962962963,7,5.2727272727272725,2.5217391304347827
24,80,3.2916666666666665,6,4.6875,3.75
16,33,1.5,2,4.5,2.25
26,77,3.0,5,5.25,2.8636363636363638
24,58,3.8333333333333335,6,5.2,2.4761904761904763
24,46,1.75,3,5.4,2.076923076923077
32,144,3.34375,6,5.384615384615385,5.0
29,121,2.6551724137931036,5,4.590909090909091,4.391304347826087
26,79,3.269230769230769,6,3.9473684210526314,3.409090909090909
25,78,2.84,6,4.5,3.4285714285714284
15,27,1.7333333333333334,3,3.25,1.4444444444444444
24,42,3.25,5,5.142857142857143,1.7142857142857142
29,117,3.413793103448276,6,6.9375,4.44
23,77,3.608695652173913,7,4.25,3.5789473684210527
23,40,2.3043478260869565,5,3.7142857142857144,1.7333333333333334
23,42,2.3043478260869565,5,4.666666666666667,1.8666666666666667
23,66,3.0869565217391304,6,4.357142857142857,3.210526315789474
15,27,1.4666666666666666,2,3.0,1.7142857142857142
30,130,3.8333333333333335,6,6.578947368421052,4.8076923076923075
21,40,2.238095238095238,4,3.625,1.9333333333333333
25,40,3.28,5,7.0,1.5909090909090908
20,42,1.95,3,5.5,2.0
26,61,3.3846153846153846,5,4.0,2.5454545454545454
23,47,2.130434782608696,5,4.571428571428571,2.6666666666666665
24,57,3.5416666666666665,6,4.333333333333333,2.6
26,98,3.6923076923076925,7,5.352941176470588,4.136363636363637
15,28,1.5333333333333334,2,3.25,1.625
29,101,3.4827586206896552,6,6.4,3.84
23,43,2.5652173913043477,4,5.0,2.0
27,84,3.4444444444444446,5,5.818181818181818,2.6666666666666665
24,40,3.2083333333333335,5,5.142857142857143,1.7142857142857142
28,90,2.357142857142857,5,5.909090909090909,4.0625
26,64,3.3846153846153846,6,4.214285714285714,2.6818181818181817
24,54,3.5,6,5.444444444444445,2.45
24,63,3.2083333333333335,6,4.461538461538462,2.9
25,39,3.28,5,7.0,1.5909090909090908
19,37,2.0,3,4.5,1.6363636363636365
27,80,3.3333333333333335,6,5.428571428571429,3.3043478260869565
27,53,2.4074074074074074,5,4.714285714285714,1.736842105263158
27,104,3.111111111111111,6,4.9,4.260869565217392
23,34,3.130434782608696,5,5.166666666666667,1.55
27,54,3.5555555555555554,6,4.083333333333333,2.130434782608696
27,89,3.1481481481481484,5,5.533333333333333,3.608695652173913
17,32,1.8823529411764706,3,3.75,1.6666666666666667
23,67,3.1739130434782608,6,4.428571428571429,3.263157894736842
22,59,2.9545454545454546,6,3.857142857142857,3.0
22,41,1.6818181818181819,3,5.25,2.3333333333333335
28,107,3.4285714285714284,6,6.0588235294117645,4.291666666666667
24,34,3.2083333333333335,5,6.2,1.4761904761904763
27,55,3.5555555555555554,6,4.545454545454546,2.1739130434782608
25,46,1.92,4,4.333333333333333,2.0
22,36,1.6363636363636365,3,6.666666666666667,1.6666666666666667
25,38,3.32,5,5.0,1.5909090909090908
23,54,2.4347826086956523,4,6.166666666666667,2.466666666666667
31,109,3.967741935483871,6,6.285714285714286,3.259259259259259
16,27,1.4375,2,2.75,1.5714285714285714
24,36,3.3333333333333335,5,6.6,1.5714285714285714
27,121,3.4074074074074074,7,6.388888888888889,5.0
27,78,1.8888888888888888,4,5.1,3.4
28,92,3.4285714285714284,6,5.176470588235294,3.6666666666666665
25,39,3.32,5,7.2,1.6363636363636365
20,38,1.45,3,4.5,2.25
27,84,3.7037037037037037,7,5.333333333333333,3.4782608695652173
26,82,3.076923076923077,5,5.5,3.5
27,107,2.888888888888889,5,5.611111111111111,4.391304347826087
23,34,3.130434782608696,5,6.2,1.55
28,92,3.9642857142857144,7,6.142857142857143,3.5833333333333335
30,136,4.166666666666667,7,6.6,5.076923076923077
23,34,3.0869565217391304,5,6.0,1.5
28,139,4.107142857142857,8,6.65,5.541666666666667
27,80,2.3333333333333335,5,4.818181818181818,3.533333333333333
26,85,3.6153846153846154,7,4.764705882352941,3.6818181818181817
24,35,3.1666666666666665,5,6.4,1.5238095238095237
24,52,2.375,4,5.666666666666667,2.2666666666666666
17,31,1.8235294117647058,3,4.666666666666667,1.5555555555555556
25,76,3.24,6,4.8,3.4285714285714284
22,65,3.227272727272727,6,4.066666666666666,3.388888888888889
24,77,2.875,5,3.736842105263158,3.55
23,42,2.5217391304347827,4,4.875,1.95
25,121,3.8,8,5.947368421052632,5.380952380952381
28,82,2.25,5,5.5,3.6666666666666665
29,124,3.8620689655172415,7,5.9,4.72
28,80,3.142857142857143,5,6.875,2.5
26,89,2.6923076923076925,5,5.0,3.409090909090909
24,38,3.25,5,7.0,1.6666666666666667
27,83,4.148148148148148,7,5.0,2.9166666666666665
24,40,3.25,5,6.166666666666667,1.7619047619047619
23,36,1.391304347826087,2,8.5,1.8888888888888888
28,93,3.5714285714285716,6,5.4375,3.625
25,77,3.08,5,5.214285714285714,3.4761904761904763
22,40,1.6818181818181819,3,4.2,2.3333333333333335
25,68,3.28,6,4.571428571428571,3.0476190476190474
17,29,1.4705882352941178,2,3.0,1.5
23,63,3.0,5,4.461538461538462,3.0526315789473686
23,61,2.9565217391304346,5,4.384615384615385,3.0
23,39,2.0,4,3.625,1.8125
27,110,4.222222222222222,8,5.473684210526316,4.521739130434782
22,32,3.1818181818181817,5,4.833333333333333,1.5263157894736843
27,120,3.925925925925926,8,6.333333333333333,4.956521739130435
28,90,2.4285714285714284,5,5.166666666666667,3.875
28,94,3.642857142857143,7,5.235294117647059,3.7083333333333335
26,57,2.269230769230769,4,5.25,2.210526315789474
24,37,3.25,5,4.857142857142857,1.619047619047619
29,80,3.4827586206896552,6,4.933333333333334,2.96
16,27,1.875,3,3.6666666666666665,1.2222222222222223
16,27,1.875,3,3.6666666666666665,1.2222222222222223
23,33,3.217391304347826,5,6.0,1.5
28,86,2.6785714285714284,6,5.363636363636363,3.4705882352941178
25,63,3.44,6,3.8,2.7142857142857144
24,57,3.75,7,5.2,2.6
22,61,3.1818181818181817,6,4.3076923076923075,3.111111111111111
23,40,3.3043478260869565,5,5.142857142857143,1.8
27,73,2.1481481481481484,4,5.555555555555555,3.3333333333333335
26,84,3.3461538461538463,6,5.333333333333333,3.6363636363636362
27,112,2.925925925925926,5,5.888888888888889,4.608695652173913
23,37,3.3043478260869565,5,4.125,1.65
29,70,3.586206896551724,6,4.642857142857143,2.6
20,28,1.3,2,4.333333333333333,2.1666666666666665
25,59,3.36,5,4.416666666666667,2.5238095238095237
25,78,3.04,6,5.142857142857143,3.4285714285714284
22,56,2.590909090909091,5,3.3846153846153846,2.75
22,45,2.5,4,4.444444444444445,2.1052631578947367
27,99,3.7037037037037037,6,5.571428571428571,3.391304347826087
25,58,2.0,4,6.0,2.5714285714285716
21,38,1.7619047619047619,3,7.666666666666667,1.9166666666666667
22,48,3.3181818181818183,5,4.2,2.210526315789474
27,73,3.925925925925926,7,5.666666666666667,2.9565217391304346
16,36,2.0625,4,3.6666666666666665,2.4444444444444446
23,79,3.3043478260869565,6,4.933333333333334,3.8947368421052633
23,47,3.739130434782609,6,4.1,2.05
21,79,3.857142857142857,8,4.466666666666667,3.9411764705882355
20,45,2.2,4,4.428571428571429,2.5833333333333335
27,91,3.962962962962963,7,6.071428571428571,3.6956521739130435
23,63,2.739130434782609,5,4.166666666666667,2.9411764705882355
27,109,3.6666666666666665,7,5.833333333333333,4.565217391304348
23,54,2.652173913043478,5,4.75,2.0
18,39,3.7777777777777777,6,4.857142857142857,2.2666666666666666
24,83,3.6666666666666665,7,4.933333333333334,3.7
27,118,2.8518518518518516,5,5.894736842105263,4.869565217391305
24,49,3.25,5,4.444444444444445,1.9047619047619047
28,110,4.142857142857143,8,5.1,4.25
28,71,3.357142857142857,5,4.125,2.75
26,85,3.1153846153846154,5,5.133333333333334,3.5
24,38,3.2083333333333335,5,5.5,1.5714285714285714
31,104,2.806451612903226,5,6.076923076923077,3.16
29,96,3.9655172413793105,7,5.352941176470588,3.64
27,106,3.111111111111111,6,4.761904761904762,4.3478260869565215
24,40,3.2083333333333335,5,5.0,1.6666666666666667
28,138,3.5357142857142856,7,6.285714285714286,5.5
28,89,2.3214285714285716,5,6.3,3.9375
29,121,4.0,8,5.476190476190476,4.6
24,73,3.0,5,4.785714285714286,3.35
24,35,3.2083333333333335,5,6.4,1.5238095238095237
31,105,3.2903225806451615,6,6.3076923076923075,3.1538461538461537
28,103,3.7857142857142856,7,5.105263157894737,4.041666666666667
20,37,1.8,3,4.6,2.090909090909091
26,89,2.6538461538461537,5,5.0,3.409090909090909
25,37,3.28,5,6.8,1.5454545454545454
27,105,3.185185185185185,6,6.3125,4.391304347826087
28,86,2.25,5,5.8,3.8666666666666667
27,85,3.814814814814815,7,5.714285714285714,3.4782608695652173
15,27,1.4666666666666666,2,3.0,1.7142857142857142
23,61,3.0869565217391304,6,4.0,2.9473684210526314
28,104,4.25,8,5.555555555555555,4.166666666666667
24,33,1.375,2,3.6666666666666665,1.2222222222222223
24,29,1.25,2,6.0,1.0
24,68,3.9166666666666665,7,4.909090909090909,2.7
23,58,2.5217391304347827,4,5.125,2.7333333333333334
29,62,2.0689655172413794,4,6.6,2.357142857142857
26,57,1.7307692307692308,4,3.875,2.5833333333333335
23,79,3.782608695652174,7,5.416666666666667,3.4210526315789473
26,94,3.423076923076923,7,4.235294117647059,3.6
26,52,2.3846153846153846,3,6.714285714285714,2.238095238095238
21,61,2.761904761904762,5,4.0,2.933333333333333
15,28,1.8666666666666667,3,3.25,1.625
27,80,3.7037037037037037,6,5.769230769230769,3.260869565217391
25,80,3.08,5,5.285714285714286,3.5238095238095237
24,67,3.0,6,4.133333333333334,3.1
24,36,3.1666666666666665,5,6.4,1.5238095238095237
21,28,1.8095238095238095,4,3.5,1.2727272727272727
26,58,2.6538461538461537,4,4.7272727272727275,2.3636363636363638
28,128,4.285714285714286,8,5.809523809523809,5.083333333333333
24,36,3.2083333333333335,5,5.333333333333333,1.5238095238095237
27,67,2.185185185185185,4,5.333333333333333,3.2
26,60,2.923076923076923,5,5.4,2.4545454545454546
24,35,3.1666666666666665,5,6.4,1.5238095238095237
28,73,2.2857142857142856,5,5.4,3.375
26,60,3.3461538461538463,6,3.9285714285714284,2.5
25,80,3.08,5,5.357142857142857,3.5714285714285716
27,104,3.111111111111111,6,5.157894736842105,4.260869565217392
23,67,3.217391304347826,6,4.2,3.3157894736842106
16,25,1.3125,2,3.0,1.8
28,99,3.857142857142857,7,6.333333333333333,3.9583333333333335
24,29,1.25,2,6.0,1.0
23,27,1.2173913043478262,2,5.0,1.0
18,43,3.5,6,3.6666666666666665,2.357142857142857
22,75,3.8181818181818183,7,5.25,3.5
24,94,4.083333333333333,7,5.933333333333334,4.45
21,39,2.761904761904762,4,4.714285714285714,1.9411764705882353
19,51,2.8947368421052633,6,3.5,2.8
27,86,2.4814814814814814,4,4.214285714285714,2.8095238095238093
21,65,3.3333333333333335,6,3.769230769230769,2.7222222222222223
22,79,3.272727272727273,6,5.6923076923076925,4.111111111111111
26,98,3.269230769230769,7,4.5,3.789473684210526
25,42,2.28,3,6.166666666666667,1.85
19,42,3.1052631578947367,6,3.875,2.3846153846153846
25,92,3.52,7,4.333333333333333,3.7142857142857144
26,104,2.8846153846153846,5,5.764705882352941,4.454545454545454
24,37,3.1666666666666665,5,6.4,1.5238095238095237
27,54,3.4074074074074074,6,4.083333333333333,2.130434782608696
16,28,1.375,2,4.0,2.0
26,81,3.269230769230769,6,5.133333333333334,3.5
25,39,3.24,5,6.8,1.5454545454545454
27,128,3.888888888888889,8,6.421052631578948,5.304347826086956
27,83,2.3333333333333335,5,4.833333333333333,3.8666666666666667
27,84,3.4074074074074074,6,5.333333333333333,3.4782608695652173
26,62,2.6153846153846154,5,4.9,2.3333333333333335
30,159,4.366666666666666,8,6.08,5.846153846153846
24,38,3.2083333333333335,5,5.5,1.5714285714285714
26,86,3.8846153846153846,7,5.0,3.409090909090909
16,26,1.375,2,3.3333333333333335,1.6666666666666667
26,94,3.769230769230769,7,5.8,3.9545454545454546
21,56,2.9047619047619047,6,3.923076923076923,3.0
17,32,2.2941176470588234,4,3.0,1.25
29,118,4.448275862068965,8,6.166666666666667,4.44
23,32,3.217391304347826,5,5.8,1.45
27,103,3.3333333333333335,6,6.125,4.260869565217392
26,57,3.3846153846153846,5,3.7142857142857144,2.3636363636363638
24,57,2.5416666666666665,5,5.571428571428571,2.2941176470588234
22,66,3.1818181818181817,6,4.357142857142857,3.388888888888889
28,115,4.178571428571429,8,6.529411764705882,4.625
24,32,1.375,2,3.0,1.0
24,29,1.25,2,6.0,1.0
25,81,3.88,7,4.785714285714286,3.1904761904761907
24,65,2.5416666666666665,5,4.5,3.0
30,68,2.433333333333333,4,7.6,2.111111111111111
27,63,1.5555555555555556,3,4.0,3.0
23,84,3.739130434782609,7,4.714285714285714,3.473684210526316
26,107,3.8846153846153846,7,4.555555555555555,3.727272727272727
25,51,2.32,3,6.428571428571429,2.25
25,97,3.44,7,4.238095238095238,4.238095238095238
26,94,3.8461538461538463,7,4.764705882352941,3.6818181818181817
27,109,3.1481481481481484,6,4.904761904761905,4.478260869565218
23,47,3.6956521739130435,6,4.2,2.1
29,74,3.5517241379310347,6,5.153846153846154,2.68
24,47,3.625,6,4.2,2.0
29,97,2.8620689655172415,6,4.733333333333333,3.9444444444444446
27,77,3.7037037037037037,7,4.6,3.0
27,107,3.7777777777777777,8,5.2631578947368425,4.3478260869565215
15,27,1.5333333333333334,2,3.5,1.75
24,44,3.4166666666666665,5,5.571428571428571,1.8571428571428572
19,42,2.3684210526315788,5,3.75,2.5
27,98,3.8518518518518516,7,5.8125,4.043478260869565
16,33,1.5,2,4.25,2.125
26,88,3.5384615384615383,7,5.785714285714286,3.6818181818181817
20,63,2.9,5,4.384615384615385,3.5625
26,101,3.269230769230769,6,5.866666666666666,4.0
31,165,4.096774193548387,7,7.619047619047619,5.925925925925926
22,43,2.0,3,6.75,1.8
29,147,4.344827586206897,8,6.318181818181818,5.56
25,53,2.6,4,5.75,2.3
24,90,4.083333333333333,8,5.0588235294117645,4.3
23,52,3.4782608695652173,6,4.1,2.1578947368421053
23,57,3.0,6,5.0,2.5
18,34,1.8888888888888888,4,4.0,2.5
20,52,2.75,6,3.75,3.0
21,65,3.619047619047619,7,4.615384615384615,3.3333333333333335
23,57,3.130434782608696,6,4.0,2.823529411764706
29,82,3.206896551724138,6,4.583333333333333,2.391304347826087
24,85,3.375,6,5.266666666666667,3.95
27,108,3.4074074074074074,7,4.722222222222222,4.25
24,51,2.5416666666666665,4,5.625,2.142857142857143
26,88,4.115384615384615,7,4.866666666666666,3.3181818181818183
27,55,2.037037037037037,4,5.142857142857143,2.0
27,138,4.148148148148148,8,7.444444444444445,5.826086956521739
24,41,3.2083333333333335,5,5.142857142857143,1.7142857142857142
29,68,3.4827586206896552,6,5.25,2.52
26,62,2.3076923076923075,5,4.666666666666667,2.4705882352941178
22,36,1.7272727272727273,3,6.666666666666667,1.6666666666666667
25,38,3.24,5,5.666666666666667,1.5454545454545454
28,132,3.5357142857142856,7,6.0,5.25
28,87,2.3214285714285716,5,6.1,3.8125
25,59,3.44,6,3.857142857142857,2.5714285714285716
26,92,2.9615384615384617,6,4.526315789473684,3.909090909090909
25,37,3.28,5,6.8,1.5454545454545454
28,138,3.5357142857142856,7,6.285714285714286,5.5
28,84,2.3214285714285716,5,6.333333333333333,3.5625
28,83,3.892857142857143,7,5.5,3.2083333333333335
22,72,3.1818181818181817,7,4.6923076923076925,3.388888888888889
25,38,3.28,5,7.0,1.5909090909090908
26,58,3.4615384615384617,6,4.818181818181818,2.409090909090909
25,58,2.32,5,4.75,2.375
22,36,1.7727272727272727,3,5.0,1.6666666666666667
23,33,3.0869565217391304,5,6.0,1.5
27,128,3.4444444444444446,7,6.421052631578948,5.304347826086956
26,79,2.3461538461538463,5,6.111111111111111,3.6666666666666665
28,84,3.4285714285714284,6,5.0,3.3333333333333335
25,36,3.24,5,6.6,1.5
19,35,1.9473684210526316,4,3.5,2.1
19,33,1.5263157894736843,3,3.5,1.75
27,78,3.7037037037037037,6,6.083333333333333,3.1739130434782608
26,97,3.6923076923076925,7,5.117647058823529,3.9545454545454546
22,37,2.1363636363636362,3,5.8,1.7058823529411764
22,60,2.9545454545454546,6,3.7333333333333334,3.111111111111111
25,73,3.0,5,4.785714285714286,3.1904761904761907
24,86,2.875,5,4.2105263157894735,4.0
23,33,3.130434782608696,5,6.0,1.5
28,95,3.9285714285714284,7,6.0,3.5
24,54,2.7083333333333335,5,5.428571428571429,2.111111111111111
23,34,3.130434782608696,5,5.166666666666667,1.55
27,96,3.4074074074074074,7,4.9411764705882355,3.652173913043478
26,95,3.769230769230769,7,5.466666666666667,3.727272727272727
22,66,3.1363636363636362,7,4.333333333333333,2.888888888888889
24,37,3.3333333333333335,5,6.8,1.619047619047619
29,71,3.6206896551724137,6,4.125,2.64
16,29,1.9375,3,4.333333333333333,1.4444444444444444
18,36,2.111111111111111,4,3.6,1.6363636363636365
22,32,3.1818181818181817,5,5.8,1.5263157894736843
27,106,3.2222222222222223,6,6.666666666666667,4.3478260869565215
27,74,1.7777777777777777,3,5.875,3.357142857142857
24,55,3.4166666666666665,6,3.3333333333333335,2.5
17,31,2.0588235294117645,4,3.5,1.4
17,29,1.8235294117647058,3,4.0,1.3333333333333333
23,47,2.5217391304347827,4,4.4,2.2
24,54,2.375,4,7.2,2.4
28,112,4.035714285714286,8,5.888888888888889,4.416666666666667
24,54,2.7916666666666665,5,3.1538461538461537,2.1578947368421053
21,36,2.0,4,3.7142857142857144,1.8571428571428572
23,33,3.217391304347826,5,6.0,1.5
28,105,3.7142857142857144,7,4.588235294117647,3.25
27,86,2.5555555555555554,5,4.916666666666667,3.4705882352941178
28,95,3.4642857142857144,6,5.352941176470588,3.7916666666666665
23,51,2.6956521739130435,5,3.4166666666666665,2.2777777777777777
24,36,3.3333333333333335,5,6.6,1.5714285714285714
25,78,2.56,5,5.888888888888889,3.3125
30,116,3.6,6,5.090909090909091,4.3076923076923075
24,37,3.375,5,6.8,1.619047619047619
23,57,2.260869565217391,4,4.857142857142857,2.6153846153846154
29,98,4.068965517241379,7,6.642857142857143,3.72
26,73,2.769230769230769,5,5.666666666666667,2.55
23,64,3.260869565217391,6,4.285714285714286,3.1578947368421053
24,72,3.125,5,4.714285714285714,3.3
22,31,3.1818181818181817,5,5.6,1.4736842105263157
27,82,2.5925925925925926,5,5.5,3.235294117647059
29,103,4.0344827586206895,7,6.0625,3.88
24,68,2.625,5,6.857142857142857,2.6666666666666665
23,67,3.3043478260869565,6,4.2,3.3157894736842106
29,102,3.896551724137931,7,7.0,3.92
25,58,3.4,6,3.75,2.0454545454545454
19,42,3.1052631578947367,6,4.0,2.4615384615384617
26,100,3.8461538461538463,7,4.333333333333333,3.5454545454545454
28,123,3.3214285714285716,6,6.5,4.875
24,42,3.1666666666666665,5,6.0,1.7142857142857142
27,122,4.0,8,5.3,4.608695652173913
28,98,3.2857142857142856,7,4.5,3.4285714285714284
27,68,3.5555555555555554,6,3.9375,2.739130434782609
28,109,3.107142857142857,6,4.681818181818182,4.291666666666667
24,37,3.2083333333333335,5,5.666666666666667,1.619047619047619
28,143,4.107142857142857,8,6.523809523809524,5.708333333333333
27,76,3.4074074074074074,6,4.117647058823529,3.0434782608695654
16,29,1.875,3,3.25,1.4444444444444444
20,40,2.9,6,3.090909090909091,2.125
23,36,3.217391304347826,5,5.166666666666667,1.55
26,74,4.153846153846154,7,5.153846153846154,2.9130434782608696
24,44,3.25,5,4.222222222222222,1.8095238095238095
30,117,4.4,8,5.9411764705882355,3.8846153846153846
24,63,3.125,5,5.2,2.736842105263158
25,49,3.36,5,4.777777777777778,1.9545454545454546
28,141,4.107142857142857,8,6.136363636363637,5.625
28,86,2.4285714285714284,5,5.2727272727272725,3.625
27,106,3.925925925925926,8,5.5,4.304347826086956
23,71,3.0,5,4.4,3.473684210526316
29,121,4.310344827586207,8,6.823529411764706,4.64
25,36,1.84,4,4.0,1.2307692307692308
22,68,2.8181818181818183,5,4.636363636363637,3.4
27,78,3.3333333333333335,5,4.466666666666667,2.9130434782608696
15,29,2.066666666666667,4,2.8,1.5555555555555556
15,28,2.066666666666667,4,2.6,1.4444444444444444
24,65,3.5,6,4.25,2.4285714285714284
22,59,2.727272727272727,5,5.625,3.0
30,116,4.2,7,6.857142857142857,3.6923076923076925
16,36,1.875,3,3.5,2.1
26,109,3.1153846153846154,6,5.1,4.636363636363637
27,116,3.7777777777777777,7,5.055555555555555,3.9565217391304346
24,55,3.4166666666666665,5,4.7,2.238095238095238
25,96,3.44,7,4.4,4.190476190476191
27,91,3.5555555555555554,6,5.125,3.5652173913043477
29,147,3.586206896551724,7,6.363636363636363,5.6
27,135,4.111111111111111,8,4.909090909090909,4.695652173913044
24,70,3.75,7,4.5,3.15
20,46,2.25,4,4.714285714285714,2.75
29,127,4.103448275862069,7,5.857142857142857,4.92
22,45,2.409090909090909,4,4.375,2.1875
24,52,3.6666666666666665,6,5.111111111111111,2.1904761904761907
27,111,4.037037037037037,8,5.1,4.434782608695652
30,119,3.6666666666666665,7,5.947368421052632,4.346153846153846
28,118,3.107142857142857,6,5.090909090909091,4.666666666666667
27,94,2.6296296296296298,5,4.875,3.5454545454545454
25,53,2.6,4,5.333333333333333,2.1818181818181817
25,80,3.76,6,6.090909090909091,3.1904761904761907
24,48,3.2083333333333335,5,4.444444444444445,1.9047619047619047
26,93,2.6153846153846154,5,6.363636363636363,4.117647058823529
21,66,3.4285714285714284,7,3.5,3.2941176470588234
24,61,2.5416666666666665,4,6.571428571428571,2.5555555555555554
25,63,3.32,6,4.142857142857143,2.761904761904762
24,54,2.6666666666666665,5,3.8181818181818183,2.210526315789474
24,35,3.2083333333333335,5,5.333333333333333,1.5238095238095237
27,110,3.259259259259259,6,6.933333333333334,4.521739130434782
29,90,2.3793103448275863,5,6.3,3.7058823529411766
26,66,3.3846153846153846,6,4.066666666666666,2.772727272727273
22,36,1.5909090909090908,3,4.0,2.5
23,65,3.1739130434782608,6,4.066666666666666,3.210526315789474
28,100,3.5357142857142856,6,6.0,4.0
24,35,1.4166666666666667,3,3.0,1.3333333333333333
24,29,1.25,2,6.0,1.0
24,68,3.7083333333333335,7,4.909090909090909,2.8421052631578947
23,59,2.5217391304347827,4,4.666666666666667,2.8
29,61,1.9655172413793103,4,6.4,2.4615384615384617
26,62,2.0384615384615383,4,4.0,2.4
23,78,3.5217391304347827,7,5.909090909090909,3.611111111111111
27,101,3.1481481481481484,7,4.8125,4.052631578947368
25,47,2.36,3,6.0,2.1
27,85,2.3703703703703702,5,4.5,3.0
24,76,3.25,6,3.8823529411764706,3.3
22,69,2.909090909090909,5,4.5,3.5
30,161,4.366666666666666,8,6.782608695652174,6.0
25,39,3.28,5,5.0,1.5909090909090908
21,56,2.380952380952381,4,3.7,2.8461538461538463
29,79,3.4827586206896552,6,4.5,2.88
15,28,1.8666666666666667,3,3.25,1.625
25,75,3.08,6,4.6,3.2857142857142856
24,37,1.9166666666666667,4,3.5,1.5
24,53,3.375,6,3.6923076923076925,2.4
22,43,2.6818181818181817,5,2.75,1.9411764705882353
24,35,3.2083333333333335,5,6.4,1.5238095238095237
28,79,1.9642857142857142,4,5.888888888888889,3.3125
28,94,3.4285714285714284,6,5.294117647058823,3.75
16,27,1.375,2,3.6666666666666665,1.8333333333333333
25,36,3.24,5,6.6,1.5
27,104,3.185185185185185,6,6.125,4.260869565217392
29,97,4.068965517241379,7,5.75,3.68
24,60,2.7916666666666665,5,3.8461538461538463,2.6315789473684212
28,104,3.9285714285714284,7,6.25,4.166666666666667
24,29,1.25,2,6.0,1.0
23,27,1.2173913043478262,2,5.0,1.0
18,43,3.4444444444444446,6,3.7777777777777777,2.4285714285714284
22,77,3.8181818181818183,7,4.333333333333333,3.611111111111111
24,94,4.083333333333333,7,6.0,4.5
22,47,2.8181818181818183,5,4.1,2.2777777777777777
19,47,2.8947368421052633,6,3.1666666666666665,2.533333333333333
25,76,3.12,5,4.333333333333333,2.6
21,67,3.4761904761904763,7,3.923076923076923,2.8333333333333335
23,81,3.3043478260869565,6,5.428571428571429,4.0
27,97,3.1481481481481484,6,4.666666666666667,3.6842105263157894
25,42,2.28,3,6.166666666666667,1.85
19,28,1.5263157894736843,3,3.25,1.625
24,81,3.6666666666666665,7,4.125,3.3
16,31,2.3125,4,3.75,1.3636363636363635
17,34,2.176470588235294,4,3.4,1.5454545454545454
24,37,3.2916666666666665,5,6.6,1.5714285714285714
28,129,3.5357142857142856,7,6.15,5.125
28,80,2.2142857142857144,5,4.909090909090909,3.6
26,101,4.038461538461538,8,5.277777777777778,4.318181818181818
23,52,2.8260869565217392,5,3.5833333333333335,2.263157894736842
20,25,1.3,2,3.6666666666666665,1.8333333333333333
30,134,4.5,8,5.818181818181818,4.923076923076923
24,36,3.2083333333333335,5,5.5,1.5714285714285714
26,75,4.423076923076923,8,5.230769230769231,2.9565217391304346
24,39,3.2083333333333335,5,6.8,1.619047619047619
26,100,3.730769230769231,7,6.4,4.363636363636363
27,65,3.4444444444444446,6,3.5294117647058822,2.608695652173913
28,60,2.142857142857143,4,4.875,2.1666666666666665
25,40,3.32,5,6.0,1.6363636363636365
27,97,3.185185185185185,6,5.8125,4.043478260869565
31,119,4.419354838709677,8,6.9375,4.111111111111111
29,131,4.344827586206897,8,6.0476190476190474,5.08
25,38,3.28,5,6.8,1.5454545454545454
28,90,3.0357142857142856,7,5.0,3.4210526315789473
28,116,4.285714285714286,8,5.285714285714286,4.625
28,127,4.285714285714286,8,5.304347826086956,5.083333333333333
25,40,3.28,5,5.833333333333333,1.5909090909090908
28,140,4.142857142857143,8,6.7,5.583333333333333
28,89,2.5357142857142856,5,5.636363636363637,3.6470588235294117
27,60,3.4074074074074074,6,4.230769230769231,2.391304347826087
27,96,3.0,6,4.5,3.9130434782608696
25,38,3.28,5,5.833333333333333,1.5909090909090908
21,60,2.9047619047619047,5,3.727272727272727,2.7333333333333334
29,74,3.4827586206896552,6,4.6,2.76
16,30,1.9375,3,3.5,1.5555555555555556
25,74,2.76,5,4.857142857142857,3.238095238095238
25,47,2.8,5,3.5,1.5555555555555556
23,52,3.3043478260869565,5,3.8333333333333335,2.4210526315789473
22,52,2.6818181818181817,5,3.230769230769231,2.4705882352941178
25,47,2.28,3,5.857142857142857,2.05
27,137,3.925925925925926,8,6.45,5.608695652173913
28,121,3.6785714285714284,7,4.8,4.173913043478261
25,80,3.88,7,5.357142857142857,3.5714285714285716
22,58,2.6818181818181817,5,4.2,2.4705882352941178
23,37,3.3043478260869565,5,4.714285714285714,1.65
30,98,3.3666666666666667,6,5.615384615384615,2.8076923076923075
28,97,3.9285714285714284,7,5.75,3.8333333333333335
30,115,3.1666666666666665,5,5.375,3.3076923076923075
24,42,3.25,5,4.625,1.7619047619047619
26,80,4.423076923076923,8,5.0,3.0434782608695654
24,49,3.375,5,4.3,2.0476190476190474
21,49,3.0952380952380953,5,5.428571428571429,2.375
26,102,4.0,7,5.705882352941177,4.409090909090909
29,114,3.8275862068965516,7,5.7368421052631575,4.36
22,51,1.9545454545454546,3,6.2,2.5833333333333335
24,42,3.375,5,5.285714285714286,1.7619047619047619
29,115,3.8620689655172415,7,6.0,4.32
24,79,3.3333333333333335,6,4.571428571428571,3.2
24,44,3.4166666666666665,5,5.428571428571429,1.8095238095238095
28,108,3.25,5,6.4375,4.291666666666667
28,109,4.285714285714286,8,6.117647058823529,4.333333333333333
16,36,1.75,4,3.0,2.625
28,68,4.071428571428571,7,4.428571428571429,2.5833333333333335
25,83,2.76,5,5.357142857142857,3.5714285714285716
22,57,3.590909090909091,7,3.7142857142857144,2.736842105263158
28,81,2.2857142857142856,5,5.416666666666667,4.0625
28,105,3.8214285714285716,7,5.105263157894737,4.041666666666667
28,83,3.5714285714285716,6,5.538461538461538,3.0
27,97,2.6296296296296298,5,5.25,3.652173913043478
24,41,3.2916666666666665,5,5.0,1.6666666666666667
28,138,3.5357142857142856,7,6.285714285714286,5.5
18,34,1.7222222222222223,4,3.6,2.25
27,88,3.3703703703703702,6,5.857142857142857,3.5652173913043477
24,50,2.2083333333333335,5,4.857142857142857,2.6153846153846154
27,103,3.6666666666666665,7,5.388888888888889,4.217391304347826
24,83,2.8333333333333335,5,4.277777777777778,3.85
21,54,2.9523809523809526,6,3.5714285714285716,2.9411764705882355
31,119,3.838709677419355,7,6.705882352941177,4.222222222222222
23,47,2.608695652173913,4,4.888888888888889,2.2
21,57,3.142857142857143,6,3.1176470588235294,2.9444444444444446
29,97,2.4482758620689653,5,5.0,3.888888888888889
28,85,3.892857142857143,7,5.714285714285714,3.3333333333333335
22,71,3.3636363636363638,7,4.2,3.5
16,31,2.1875,4,2.6666666666666665,1.6
21,38,2.238095238095238,4,3.625,1.9333333333333333
24,34,3.1666666666666665,5,6.2,1.4761904761904763
19,38,2.0526315789473686,4,4.166666666666667,2.272727272727273
18,36,1.5555555555555556,3,4.5,2.25
27,75,3.3333333333333335,6,5.461538461538462,3.0869565217391304
25,79,3.04,5,5.214285714285714,3.4761904761904763
26,72,3.230769230769231,5,4.857142857142857,3.090909090909091
23,54,2.652173913043478,5,3.3076923076923075,2.388888888888889
25,85,2.84,5,4.388888888888889,3.761904761904762
19,39,2.0,3,5.0,1.8181818181818181
25,56,2.72,5,5.111111111111111,2.1904761904761907
25,39,3.28,5,6.0,1.6363636363636365
27,85,3.7777777777777777,7,5.785714285714286,3.5217391304347827
19,48,2.3684210526315788,5,3.1666666666666665,2.923076923076923
28,123,3.107142857142857,6,5.85,4.875
28,89,3.892857142857143,7,5.533333333333333,3.4583333333333335
16,25,1.5,2,2.75,1.375
22,42,1.9545454545454546,3,5.2,2.1666666666666665
24,51,3.3333333333333335,5,3.8333333333333335,2.3
23,75,2.869565217391304,5,3.8333333333333335,3.6315789473684212
20,49,2.75,6,3.2142857142857144,2.8125
22,33,3.1818181818181817,5,5.0,1.5789473684210527
27,69,2.074074074074074,4,5.75,3.2857142857142856
25,75,3.32,6,5.071428571428571,3.380952380952381
23,36,3.1739130434782608,5,4.714285714285714,1.65
28,56,3.4642857142857144,6,3.923076923076923,2.125
25,57,2.28,5,4.333333333333333,2.4375
23,42,1.9130434782608696,3,5.2,1.625
23,33,3.130434782608696,5,6.0,1.5
28,71,2.0714285714285716,4,6.0,3.2
25,78,3.68,6,5.538461538461538,3.4285714285714284
23,56,2.8260869565217392,5,3.357142857142857,2.473684210526316
22,57,2.909090909090909,5,3.7857142857142856,2.9444444444444446
23,42,2.5217391304347827,4,4.875,1.95
23,84,3.4782608695652173,6,5.285714285714286,3.8947368421052633
22,75,3.3636363636363638,7,3.9375,3.5
25,99,3.12,6,4.894736842105263,4.428571428571429
23,33,3.0869565217391304,5,6.0,1.5
28,84,3.9285714285714284,7,6.454545454545454,2.9583333333333335
24,56,2.9166666666666665,5,5.571428571428571,2.0526315789473686
23,34,3.130434782608696,5,6.2,1.55
27,127,3.925925925925926,8,6.368421052631579,5.260869565217392
27,77,2.2222222222222223,5,5.0,3.3333333333333335
27,82,3.4074074074074074,6,6.0,3.391304347826087
24,36,3.2083333333333335,5,6.6,1.5714285714285714
23,34,1.391304347826087,2,8.0,1.7777777777777777
28,104,4.285714285714286,8,5.647058823529412,4.0
21,51,3.238095238095238,7,3.4615384615384617,2.6470588235294117
22,63,3.227272727272727,6,3.933333333333333,3.2777777777777777
23,38,2.0434782608695654,4,4.0,1.75
23,55,3.4782608695652173,6,3.8461538461538463,2.6315789473684212
24,55,2.625,5,3.8,2.111111111111111
22,31,3.1818181818181817,5,5.6,1.4736842105263157
27,50,3.5555555555555554,6,3.75,1.9565217391304348
24,49,2.125,5,3.75,2.142857142857143
22,37,1.6818181818181819,3,7.0,1.75
23,33,3.0869565217391304,5,6.0,1.5
22,55,2.1363636363636362,4,4.714285714285714,2.75
29,96,4.068965517241379,7,6.5,3.64
24,61,2.75,5,3.4285714285714284,2.526315789473684
25,52,2.24,4,6.4,2.0
21,57,3.0,6,4.076923076923077,3.1176470588235294
16,28,1.5,2,3.0,1.5
22,32,3.1818181818181817,5,5.8,1.5263157894736843
23,58,2.5217391304347827,4,6.833333333333333,2.7333333333333334
26,58,3.3846153846153846,5,3.533333333333333,2.409090909090909
26,91,3.8461538461538463,8,5.25,3.8181818181818183
15,25,1.5333333333333334,2,3.0,1.5
22,33,3.227272727272727,5,6.0,1.5789473684210527
23,66,2.869565217391304,6,5.181818181818182,3.5625
26,89,3.769230769230769,6,6.384615384615385,3.772727272727273
17,39,2.588235294117647,4,4.166666666666667,1.9230769230769231
23,49,3.3043478260869565,5,3.6666666666666665,2.3157894736842106
22,46,2.6818181818181817,5,3.0833333333333335,2.176470588235294
23,45,2.4782608695652173,4,4.1,2.05
26,134,3.923076923076923,8,6.3,5.7272727272727275
30,120,3.966666666666667,7,6.0,4.384615384615385
28,117,3.107142857142857,6,5.285714285714286,4.625
27,109,3.074074074074074,5,5.470588235294118,4.043478260869565
23,37,3.130434782608696,5,6.4,1.6
29,69,3.6206896551724137,6,4.571428571428571,2.56
16,31,1.9375,3,3.75,1.6666666666666667
17,35,2.0,3,4.5,1.8
23,38,3.3043478260869565,5,4.714285714285714,1.65
27,128,3.962962962962963,8,6.421052631578948,5.304347826086956
27,87,2.3333333333333335,5,5.0,4.0
26,83,3.576923076923077,7,5.266666666666667,3.590909090909091
24,42,3.2916666666666665,5,5.285714285714286,1.7619047619047619
27,87,2.5925925925925926,5,6.0,3.5294117647058822
29,111,4.241379310344827,8,6.0,4.08
23,59,2.6956521739130435,5,3.769230769230769,2.7222222222222223
24,71,3.8333333333333335,7,4.4,3.3
25,92,3.56,7,5.125,3.9047619047619047
15,28,1.5333333333333334,2,3.5,1.75
22,65,3.0,5,4.214285714285714,3.2777777777777777
22,39,3.227272727272727,5,4.375,1.8421052631578947
29,105,4.310344827586207,8,7.416666666666667,3.56
25,73,2.88,5,3.8125,3.05
22,46,3.3181818181818183,5,4.0,2.1052631578947367
28,94,2.8214285714285716,6,5.461538461538462,3.9444444444444446
27,77,3.111111111111111,5,5.384615384615385,3.0434782608695654
23,50,3.4347826086956523,5,4.4,2.2
20,35,2.2,5,3.8,1.7272727272727273
19,44,2.3157894736842106,4,5.0,2.5
25,75,3.6,6,4.928571428571429,3.2857142857142856
27,120,3.3703703703703702,7,5.380952380952381,4.913043478260869
27,113,3.8518518518518516,7,5.411764705882353,4.0
21,61,3.0,6,4.3076923076923075,3.2941176470588234
21,69,3.0,6,4.923076923076923,3.764705882352941
27,103,4.2592592592592595,8,5.166666666666667,4.043478260869565
24,56,3.7916666666666665,6,3.923076923076923,2.4285714285714284
24,65,3.8333333333333335,6,5.5,2.75
27,97,3.111111111111111,5,5.8,3.782608695652174
24,47,3.25,5,4.333333333333333,1.8571428571428572
27,67,2.0,4,6.125,3.5
26,59,3.3076923076923075,5,4.153846153846154,2.4545454545454546
24,59,2.75,5,3.9166666666666665,2.473684210526316
25,57,2.76,5,4.8,2.2857142857142856
25,39,3.24,5,5.666666666666667,1.5454545454545454
23,54,2.9565217391304346,6,5.125,2.5625
30,99,3.933333333333333,6,6.571428571428571,3.5384615384615383
22,76,3.3636363636363638,7,4.266666666666667,3.5555555555555554
29,84,3.6206896551724137,6,5.384615384615385,2.8
26,83,2.576923076923077,5,5.0,3.1818181818181817
22,61,3.0,6,3.5,3.111111111111111
20,34,2.15,4,3.4285714285714284,1.8461538461538463
23,33,3.0869565217391304,5,6.0,1.5
20,42,1.85,4,3.6666666666666665,2.0
26,57,3.3846153846153846,5,4.0,2.3636363636363638
16,28,1.375,2,4.0,2.0
26,77,3.076923076923077,6,5.461538461538462,3.227272727272727
24,83,2.8333333333333335,5,4.277777777777778,3.85
26,72,2.8076923076923075,5,5.076923076923077,3.0
19,43,2.4210526315789473,5,3.0,2.6
22,52,3.0454545454545454,6,3.4615384615384617,2.5
22,32,3.1818181818181817,5,4.833333333333333,1.5263157894736843
27,54,3.5555555555555554,6,4.454545454545454,2.130434782608696
16,26,1.375,2,3.3333333333333335,1.6666666666666667
25,69,3.28,6,4.5,3.0
28,100,3.892857142857143,7,6.0,4.0
24,33,1.4583333333333333,3,3.25,1.3
24,29,1.25,2,6.0,1.0
18,26,1.5555555555555556,3,3.0,1.7142857142857142
23,80,4.0,7,5.846153846153846,4.0
24,59,2.875,5,5.857142857142857,2.05
20,52,3.6,6,4.2727272727272725,2.9375
24,88,3.625,6,4.5625,3.65
22,69,3.1363636363636362,6,5.181818181818182,3.3529411764705883
22,83,3.272727272727273,6,5.769230769230769,4.166666666666667
27,90,3.037037037037037,7,4.0625,3.4210526315789473
25,46,2.32,3,5.857142857142857,2.05
23,92,4.0,8,5.3125,4.473684210526316
29,102,2.689655172413793,6,4.277777777777778,4.052631578947368
25,59,3.32,6,4.416666666666667,2.5238095238095237
27,100,3.111111111111111,6,4.476190476190476,4.086956521739131
24,36,3.1666666666666665,5,6.4,1.5238095238095237
29,105,4.344827586206897,8,6.428571428571429,3.6
22,74,3.3636363636363638,7,3.75,3.3333333333333335
16,29,1.5,2,3.5,1.75
24,35,3.1666666666666665,5,6.4,1.5238095238095237
20,32,1.3,2,5.0,2.5
24,48,3.3333333333333335,5,3.5833333333333335,2.15
16,29,1.4375,2,3.25,1.8571428571428572
24,53,2.1666666666666665,4,5.5,2.2
23,58,2.782608695652174,5,3.857142857142857,2.8421052631578947
23,52,2.652173913043478,5,2.9285714285714284,2.2777777777777777
24,77,2.875,5,3.736842105263158,3.55
22,59,3.0,5,4.153846153846154,3.0
28,117,4.392857142857143,8,5.6,4.666666666666667
25,37,3.28,5,5.666666666666667,1.5454545454545454
21,27,1.619047619047619,4,3.0,1.2
26,74,3.3076923076923075,6,5.384615384615385,3.1818181818181817
25,83,3.72,7,5.5,3.6666666666666665
24,52,2.75,5,3.230769230769231,2.210526315789474
20,30,1.35,2,5.0,2.142857142857143
29,117,4.482758620689655,8,5.842105263157895,4.44
25,36,3.24,5,6.6,1.5
26,46,3.4615384615384617,6,3.727272727272727,1.8636363636363635
25,79,3.08,5,5.384615384615385,3.3333333333333335
23,34,3.130434782608696,5,5.166666666666667,1.55
27,125,3.925925925925926,8,6.2631578947368425,5.173913043478261
27,81,2.259259259259259,5,4.909090909090909,3.6
28,86,3.4285714285714284,6,5.785714285714286,3.375
26,61,2.576923076923077,5,5.0,2.142857142857143
25,38,3.28,5,7.0,1.5909090909090908
27,109,3.8518518518518516,8,4.722222222222222,3.6956521739130435
29,108,4.0,7,5.473684210526316,4.16
16,26,1.375,2,3.3333333333333335,1.6666666666666667
26,82,3.3076923076923075,6,5.2,3.5454545454545454
29,125,4.482758620689655,8,5.666666666666667,4.76
25,37,3.28,5,6.8,1.5454545454545454
25,38,1.36,2,8.5,1.8888888888888888
17,33,1.4705882352941178,3,4.0,2.2857142857142856
27,79,3.4074074074074074,6,5.769230769230769,3.260869565217391
23,57,2.652173913043478,5,3.3846153846153846,2.4444444444444446
26,79,3.576923076923077,6,5.416666666666667,2.9545454545454546
26,80,2.3846153846153846,4,3.933333333333333,2.8095238095238093
19,51,3.1052631578947367,6,3.6153846153846154,3.1333333333333333
19,32,1.9473684210526316,4,3.0,1.75
22,31,3.1818181818181817,5,5.6,1.4736842105263157
28,98,3.75,7,5.411764705882353,3.8333333333333335
24,58,2.7083333333333335,5,3.0714285714285716,2.388888888888889
23,47,2.5217391304347827,4,4.3,2.15
27,131,3.4444444444444446,7,6.578947368421052,5.434782608695652
28,92,2.642857142857143,5,4.571428571428571,3.5555555555555554
25,82,3.56,7,4.875,3.7142857142857144
24,38,3.25,5,5.0,1.6666666666666667
26,93,3.0384615384615383,5,5.866666666666666,4.0
28,101,3.9642857142857144,7,5.705882352941177,4.041666666666667
24,60,3.375,6,3.9285714285714284,2.75
28,139,4.285714285714286,8,5.739130434782608,5.5
23,36,3.130434782608696,5,4.571428571428571,1.6
28,89,2.7142857142857144,6,4.923076923076923,3.764705882352941
28,103,4.107142857142857,8,5.647058823529412,4.0
15,30,2.2666666666666666,4,2.5,1.5
22,41,2.0,3,5.6,1.8666666666666667
24,37,3.375,5,4.857142857142857,1.619047619047619
31,109,3.4193548387096775,6,6.3076923076923075,3.1538461538461537
29,100,4.137931034482759,8,5.588235294117647,3.8
27,105,3.111111111111111,6,4.95,4.304347826086956
30,101,3.2,6,5.461538461538462,2.730769230769231
27,101,3.4074074074074074,7,5.277777777777778,4.130434782608695
25,82,2.96,5,4.222222222222222,3.619047619047619
26,88,3.076923076923077,6,5.066666666666666,3.4545454545454546
21,62,3.0476190476190474,6,4.0,3.2941176470588234
25,94,3.12,6,4.631578947368421,4.190476190476191
23,65,3.391304347826087,6,3.933333333333333,3.1052631578947367
22,54,2.590909090909091,5,3.5833333333333335,2.6875
19,35,2.0,4,3.2857142857142856,1.9166666666666667
26,85,2.8846153846153846,5,4.9375,3.590909090909091
23,57,2.6956521739130435,5,3.9166666666666665,2.764705882352941
19,26,1.3157894736842106,2,4.333333333333333,2.1666666666666665
22,50,3.590909090909091,6,4.4,2.3157894736842106
28,140,4.107142857142857,8,6.045454545454546,5.541666666666667
28,135,4.071428571428571,8,4.458333333333333,4.6521739130434785
23,73,3.260869565217391,6,4.857142857142857,3.5789473684210527
22,57,3.590909090909091,7,3.7142857142857144,2.736842105263158
28,81,2.2857142857142856,5,5.416666666666667,4.0625
26,76,3.269230769230769,5,4.8,3.272727272727273
17,35,1.4705882352941178,2,4.75,2.375
27,78,3.4074074074074074,6,6.7,3.0454545454545454
26,61,2.923076923076923,5,5.0,2.5
30,131,4.266666666666667,8,6.0476190476190474,4.884615384615385
24,44,3.2916666666666665,5,4.222222222222222,1.8095238095238095
19,31,1.736842105263158,3,4.25,2.125
29,101,3.8620689655172415,6,6.5,3.64
22,42,2.3636363636363638,4,4.25,2.0
27,115,4.222222222222222,8,5.842105263157895,4.826086956521739
26,61,3.3846153846153846,5,4.181818181818182,2.0
29,113,3.793103448275862,7,5.0,3.8
29,105,2.8275862068965516,5,4.588235294117647,3.7142857142857144
26,65,3.3846153846153846,6,4.285714285714286,2.727272727272727
27,96,3.0,6,4.45,3.869565217391304
25,45,3.32,5,5.714285714285714,1.8181818181818181
27,68,2.0,4,6.0,3.4285714285714284
26,62,3.3076923076923075,5,4.384615384615385,2.590909090909091
25,81,3.08,5,5.357142857142857,3.5714285714285716
20,48,3.15,6,3.142857142857143,2.75
25,88,3.72,7,4.411764705882353,3.5714285714285716
25,74,3.04,6,5.230769230769231,3.238095238095238
23,51,2.782608695652174,5,3.5,2.3333333333333335
20,36,1.6,3,4.4,2.4444444444444446
24,36,3.25,5,6.6,1.5714285714285714
30,115,3.3666666666666667,6,6.8125,4.1923076923076925
31,147,3.7419354838709675,7,5.875,5.222222222222222
25,95,3.6,7,4.473684210526316,4.0476190476190474
23,44,2.391304347826087,5,4.666666666666667,1.75
23,44,2.391304347826087,5,4.5,1.6875
25,39,3.32,5,7.2,1.6363636363636365
28,101,3.7142857142857144,7,5.277777777777778,3.9583333333333335
25,78,3.08,5,5.214285714285714,3.4761904761904763
25,36,3.24,5,6.6,1.5
26,84,2.5384615384615383,5,6.0,3.75
28,107,3.4642857142857144,6,5.421052631578948,4.291666666666667
16,29,1.375,2,4.333333333333333,2.1666666666666665
24,72,3.2083333333333335,6,4.533333333333333,3.4
28,105,3.9642857142857144,7,6.3125,4.208333333333333
23,32,1.5217391304347827,3,2.8,1.4
23,95,3.9130434782608696,8,5.0,4.7368421052631575
29,114,3.2758620689655173,6,4.578947368421052,3.782608695652174
27,73,3.4814814814814814,6,4.466666666666667,2.9130434782608696
27,104,3.1481481481481484,6,4.619047619047619,4.217391304347826
30,129,4.233333333333333,8,5.526315789473684,4.038461538461538
22,67,2.8636363636363638,5,4.461538461538462,3.2222222222222223
24,42,3.25,5,6.166666666666667,1.7619047619047619
28,133,3.5357142857142856,7,6.35,5.291666666666667
27,76,2.259259259259259,5,5.666666666666667,3.4
29,119,3.9310344827586206,8,5.380952380952381,4.52
22,62,2.8636363636363638,5,4.142857142857143,3.2222222222222223
28,116,4.178571428571429,8,6.222222222222222,4.666666666666667
25,58,3.4,6,4.363636363636363,2.1818181818181817
29,71,3.4827586206896552,6,4.714285714285714,2.64
24,45,3.2083333333333335,5,4.75,1.8095238095238095
27,97,3.185185185185185,6,5.8125,4.043478260869565
18,31,1.7222222222222223,3,4.333333333333333,1.625
26,78,3.230769230769231,5,5.285714285714286,3.3636363636363638
25,72,3.24,6,4.466666666666667,3.1904761904761907
25,57,3.56,6,5.2,2.4761904761904763
21,52,3.0,6,3.6923076923076925,2.823529411764706
28,108,3.892857142857143,7,6.5,4.333333333333333
26,61,3.423076923076923,6,4.25,2.217391304347826
24,88,3.6666666666666665,7,6.461538461538462,4.2
31,155,3.806451612903226,7,6.478260869565218,5.518518518518518
27,98,3.7777777777777777,7,5.111111111111111,4.0
22,62,3.0,5,4.583333333333333,3.0555555555555554
25,38,3.24,5,6.8,1.5454545454545454
19,35,2.0,3,4.0,1.4545454545454546
26,81,3.6923076923076925,6,6.25,3.409090909090909
21,47,2.9523809523809526,6,3.5,2.4705882352941178
20,50,2.85,6,3.5384615384615383,2.875
23,34,3.217391304347826,5,6.2,1.55
26,46,3.4615384615384617,6,3.727272727272727,1.8636363636363635
23,35,3.1739130434782608,5,4.571428571428571,1.6
24,36,1.375,2,8.5,1.8888888888888888
27,89,3.740740740740741,7,5.3125,3.6956521739130435
26,63,2.230769230769231,4,5.857142857142857,2.411764705882353
24,75,3.5416666666666665,6,5.75,3.45
22,61,3.5,7,3.357142857142857,2.611111111111111
27,77,2.6296296296296298,4,6.375,2.55
25,51,3.36,5,3.8333333333333335,2.1904761904761907
23,54,2.4347826086956523,5,3.6363636363636362,2.5
23,53,2.5652173913043477,5,3.6363636363636362,2.3529411764705883
23,55,3.4782608695652173,6,4.166666666666667,2.6315789473684212
23,50,2.5652173913043477,5,3.4545454545454546,2.235294117647059
28,124,3.892857142857143,7,5.7894736842105265,4.583333333333333
22,38,2.5,4,4.375,1.8421052631578947
26,131,3.730769230769231,7,6.888888888888889,5.636363636363637
28,113,3.607142857142857,7,4.833333333333333,3.9545454545454546
26,63,3.5384615384615383,6,4.142857142857143,2.6363636363636362
27,100,3.111111111111111,6,4.476190476190476,4.086956521739131
30,154,4.366666666666666,8,6.125,5.653846153846154
24,40,3.25,5,4.375,1.6666666666666667
21,64,3.619047619047619,7,4.333333333333333,3.0588235294117645
20,43,2.15,4,4.5,2.25
23,37,3.1739130434782608,5,4.571428571428571,1.6
28,57,3.4642857142857144,6,3.7142857142857144,2.1666666666666665
26,65,2.4615384615384617,5,4.5,2.5
23,40,1.6956521739130435,3,5.5,1.6923076923076923
23,36,3.1739130434782608,5,5.166666666666667,1.55
23,35,1.3478260869565217,2,7.5,1.875
29,97,4.068965517241379,7,6.133333333333334,3.68
30,113,3.2,5,5.6,3.230769230769231
23,59,2.6956521739130435,5,4.0,2.6666666666666665
29,139,4.413793103448276,8,5.695652173913044,5.24
24,39,3.25,5,4.857142857142857,1.619047619047619
24,57,2.3333333333333335,4,4.714285714285714,2.357142857142857
28,70,3.4642857142857144,6,4.333333333333333,2.7083333333333335
16,30,1.4375,2,5.0,2.142857142857143
27,61,4.0,7,6.0,2.347826086956522
21,59,2.9047619047619047,6,4.153846153846154,3.176470588235294
20,33,1.85,4,3.5,1.75
23,41,3.3043478260869565,5,4.375,1.75
18,36,1.9444444444444444,3,4.5,1.8
27,94,3.7777777777777777,7,6.214285714285714,3.782608695652174
20,43,2.9,6,3.1666666666666665,2.375
19,49,2.6315789473684212,5,3.6666666666666665,2.933333333333333
23,45,3.3043478260869565,5,4.333333333333333,1.95
28,69,3.642857142857143,6,5.25,2.625
24,65,2.5416666666666665,5,3.6666666666666665,2.588235294117647
23,54,3.782608695652174,6,4.8,2.4
28,79,3.9642857142857144,7,6.083333333333333,3.0416666666666665
21,47,2.142857142857143,4,4.571428571428571,2.6666666666666665
21,48,2.0952380952380953,4,4.833333333333333,2.4166666666666665
18,40,2.2222222222222223,4,4.4,1.8333333333333333
29,111,3.3448275862068964,7,5.095238095238095,4.28
25,74,3.24,6,4.375,3.3333333333333335
24,45,3.625,6,4.444444444444445,1.9047619047619047
27,68,2.0,4,6.375,3.642857142857143
26,82,3.1923076923076925,6,5.846153846153846,3.4545454545454546
16,31,1.5625,2,4.25,1.8888888888888888
24,54,2.75,5,3.769230769230769,2.45
28,89,3.5357142857142856,6,5.714285714285714,3.3333333333333335
18,35,2.3333333333333335,4,3.6666666666666665,1.8333333333333333
21,53,2.7142857142857144,6,3.2666666666666666,2.8823529411764706
22,51,2.909090909090909,5,4.2,2.3333333333333335
28,90,3.5,6,5.733333333333333,3.5833333333333335
26,66,3.3846153846153846,5,3.7857142857142856,2.3043478260869565
19,42,3.1052631578947367,6,4.857142857142857,2.6153846153846154
27,88,3.5925925925925926,6,5.857142857142857,3.5652173913043477
25,55,3.36,5,4.166666666666667,2.380952380952381
24,53,2.6666666666666665,5,3.5833333333333335,2.388888888888889
28,88,3.5357142857142856,6,5.923076923076923,3.2083333333333335
24,51,3.3333333333333335,5,3.8333333333333335,2.3
30,125,3.8333333333333335,6,6.105263157894737,4.461538461538462
23,60,2.869565217391304,5,3.8461538461538463,2.7777777777777777
24,43,3.4166666666666665,5,4.875,1.8571428571428572
19,39,2.0,3,5.25,1.9090909090909092
25,70,3.72,6,5.0,3.0952380952380953
25,61,3.6,6,5.7,2.7142857142857144
22,59,3.0454545454545454,6,3.857142857142857,3.0
24,44,2.4583333333333335,4,4.0,1.6
23,65,2.652173913043478,6,5.0,3.6666666666666665
25,57,3.36,5,4.0,2.4761904761904763
21,40,2.142857142857143,4,3.625,1.9333333333333333
23,63,3.0,6,3.933333333333333,3.1052631578947367
23,39,3.1739130434782608,5,4.375,1.75
28,73,2.107142857142857,4,5.4,3.6
26,76,3.269230769230769,5,5.538461538461538,3.272727272727273
23,36,3.1739130434782608,5,4.714285714285714,1.65
26,81,3.769230769230769,7,4.8125,3.5
19,45,2.1578947368421053,5,3.1818181818181817,3.1818181818181817
27,70,2.5185185185185186,4,6.571428571428571,2.7058823529411766
27,94,2.4814814814814814,5,4.0588235294117645,3.1363636363636362
24,59,3.4583333333333335,6,3.857142857142857,2.7
24,53,2.6666666666666665,5,3.1538461538461537,2.2777777777777777
21,32,1.380952380952381,3,4.0,2.2857142857142856
22,58,2.9545454545454546,6,3.6,3.0
23,36,3.217391304347826,5,5.5,1.65
27,68,2.0,4,6.428571428571429,3.2142857142857144
26,62,2.923076923076923,5,5.4,2.4545454545454546
23,35,3.1739130434782608,5,4.571428571428571,1.6
27,104,3.185185185185185,6,6.1875,4.304347826086956
30,149,4.2,8,6.217391304347826,5.5
26,61,3.3461538461538463,6,4.0,2.5454545454545454
26,98,3.1153846153846154,6,4.842105263157895,4.181818181818182
24,73,3.2083333333333335,6,4.533333333333333,3.4
24,35,3.1666666666666665,5,6.4,1.5238095238095237
27,99,3.6666666666666665,7,4.411764705882353,3.260869565217391
28,100,3.8214285714285716,7,4.947368421052632,3.9166666666666665
27,112,3.111111111111111,6,5.3,4.608695652173913
28,103,2.7857142857142856,5,5.117647058823529,3.625
24,37,3.2083333333333335,5,6.8,1.619047619047619
23,87,3.739130434782609,7,4.9375,4.157894736842105
19,35,1.4210526315789473,3,4.0,2.2857142857142856
24,49,3.3333333333333335,5,3.3846153846153846,2.2
24,59,2.75,5,3.5384615384615383,2.4210526315789473
25,73,3.04,6,5.153846153846154,3.1904761904761907
23,56,3.4782608695652173,6,3.923076923076923,2.6842105263157894
28,101,4.285714285714286,8,5.333333333333333,4.0
23,41,2.5217391304347827,4,5.428571428571429,1.9
25,126,3.8,8,5.9,5.619047619047619
28,106,3.25,6,4.444444444444445,3.6363636363636362
29,121,3.8620689655172415,7,5.476190476190476,4.6
15,28,2.2666666666666666,4,3.0,1.5
21,52,2.5714285714285716,5,3.4285714285714284,2.823529411764706
23,35,3.260869565217391,5,6.4,1.6
27,82,2.6666666666666665,5,5.181818181818182,3.1666666666666665
28,98,3.4285714285714284,6,5.529411764705882,3.9166666666666665
22,33,3.1818181818181817,5,6.0,1.5789473684210527
23,35,1.391304347826087,2,8.0,1.7777777777777777
27,82,3.4814814814814814,6,5.428571428571429,3.3043478260869565
25,54,2.28,5,4.666666666666667,2.210526315789474
23,33,3.130434782608696,5,6.0,1.5
21,25,1.5238095238095237,3,5.0,1.0
25,73,3.32,6,5.3076923076923075,3.2857142857142856
25,50,3.36,5,3.75,2.142857142857143
16,28,1.5,2,3.0,1.5
22,31,3.1818181818181817,5,5.6,1.4736842105263157
27,74,2.4074074074074074,5,4.818181818181818,3.1176470588235294
26,64,3.0,5,5.6,2.5454545454545454
23,35,3.130434782608696,5,5.166666666666667,1.55
23,61,2.260869565217391,4,5.428571428571429,2.7142857142857144
29,105,4.068965517241379,7,6.857142857142857,3.84
24,83,3.5,7,3.9375,3.15
24,61,2.7916666666666665,5,3.642857142857143,2.6842105263157894
24,91,2.875,5,4.473684210526316,4.25
22,58,2.727272727272727,5,3.857142857142857,3.0
24,56,2.75,5,3.142857142857143,2.3157894736842106
24,56,3.4583333333333335,6,3.4,2.55
23,48,2.4347826086956523,5,3.1818181818181817,2.1875
27,79,3.5555555555555554,6,6.090909090909091,2.9130434782608696
19,40,2.263157894736842,4,3.0,2.4
22,34,3.227272727272727,5,4.428571428571429,1.631578947368421
28,94,3.7142857142857144,7,5.176470588235294,3.6666666666666665
24,59,2.6666666666666665,5,3.3076923076923075,2.388888888888889
22,41,3.227272727272727,5,3.5,1.8421052631578947
27,128,3.962962962962963,8,6.1,5.304347826086956
28,108,3.607142857142857,8,3.6363636363636362,3.6363636363636362
25,79,3.6,7,5.0,3.5714285714285716
23,39,3.347826086956522,5,5.0,1.75
27,138,4.0,8,6.6,5.739130434782608
29,107,4.275862068965517,8,5.9411764705882355,4.04
29,103,3.0344827586206895,6,5.285714285714286,3.0833333333333335
23,58,2.6956521739130435,5,3.6923076923076925,2.6666666666666665
29,137,4.344827586206897,8,6.190476190476191,5.2
23,47,2.5652173913043477,4,5.125,2.05
25,81,3.8,7,5.153846153846154,3.1904761904761907
25,65,2.4,5,6.428571428571429,2.6470588235294117
21,39,1.8571428571428572,3,6.0,1.8461538461538463
25,48,3.32,5,4.555555555555555,1.8636363636363635
29,99,3.206896551724138,7,4.866666666666666,3.65
27,74,3.7037037037037037,7,4.6,3.0
21,47,2.0476190476190474,4,4.666666666666667,2.3333333333333335
22,49,1.9545454545454546,3,5.8,2.4166666666666665
27,88,3.1481481481481484,6,5.857142857142857,3.5652173913043477
18,43,2.611111111111111,4,4.666666666666667,2.0
24,59,2.9583333333333335,5,5.0,2.5
24,50,3.8333333333333335,6,4.4,2.0952380952380953
26,86,4.038461538461538,7,5.214285714285714,3.1739130434782608
23,54,3.739130434782609,6,4.8,2.4
29,109,3.413793103448276,7,4.882352941176471,3.9523809523809526
27,85,3.7777777777777777,7,4.75,3.3043478260869565
21,59,2.9047619047619047,5,4.25,3.1875
23,81,2.869565217391304,5,5.214285714285714,3.8421052631578947
21,56,3.1904761904761907,6,4.7,2.9375
26,110,3.730769230769231,7,5.2,4.521739130434782
29,87,3.0689655172413794,6,4.615384615384615,2.727272727272727
19,44,2.473684210526316,4,4.25,2.4285714285714284
24,85,3.375,7,4.176470588235294,3.9444444444444446
25,57,3.24,6,5.0,2.272727272727273
22,86,4.045454545454546,8,4.823529411764706,4.315789473684211
29,116,3.2758620689655173,6,4.947368421052632,4.086956521739131
28,95,4.142857142857143,8,5.4375,3.625
25,47,3.32,5,5.857142857142857,1.8636363636363635
21,46,2.9523809523809526,5,5.285714285714286,2.3125
27,81,2.7777777777777777,5,4.333333333333333,2.9545454545454546
28,86,3.892857142857143,7,6.230769230769231,3.375
28,80,2.8214285714285716,5,5.8,2.6363636363636362
24,68,3.0,5,4.769230769230769,3.1
25,40,3.28,5,7.0,1.5909090909090908
31,101,3.3548387096774195,6,5.642857142857143,2.925925925925926
29,98,3.9655172413793105,7,6.2,3.72
27,105,3.037037037037037,6,4.714285714285714,4.304347826086956
24,40,3.2083333333333335,5,5.666666666666667,1.619047619047619
28,136,3.5714285714285716,7,6.5,5.416666666666667
28,85,2.3214285714285716,5,6.444444444444445,3.625
27,63,3.4074074074074074,6,4.142857142857143,2.5217391304347827
27,102,3.0,6,4.571428571428571,4.173913043478261
27,110,4.222222222222222,8,5.888888888888889,4.608695652173913
25,36,1.44,3,3.25,1.3
24,28,1.2083333333333333,2,5.0,1.0
18,28,1.5555555555555556,3,3.0,1.7142857142857142
21,74,3.857142857142857,7,4.266666666666667,3.5555555555555554
22,62,3.5454545454545454,7,3.8,3.1666666666666665
23,65,3.1739130434782608,6,4.666666666666667,3.2941176470588234
28,61,2.3214285714285716,4,7.0,2.1875
23,82,3.3043478260869565,6,5.6923076923076925,3.8947368421052633
25,82,2.76,6,3.933333333333333,3.6875
25,49,2.4,3,6.142857142857143,2.15
23,90,4.0,8,5.1875,4.368421052631579
29,97,2.6206896551724137,6,4.117647058823529,3.888888888888889
26,80,3.730769230769231,7,5.285714285714286,3.3636363636363638
22,68,3.1818181818181817,7,4.583333333333333,3.0555555555555554
30,175,4.333333333333333,8,6.5,6.5
24,39,3.2083333333333335,5,5.0,1.6666666666666667
29,110,3.8275862068965516,7,4.904761904761905,4.12
28,120,3.107142857142857,6,5.428571428571429,4.75
24,35,3.2083333333333335,5,5.333333333333333,1.5238095238095237
27,99,3.185185185185185,6,5.9375,4.130434782608695
28,90,3.7142857142857144,7,5.0588235294117645,3.5833333333333335
26,81,3.3076923076923075,6,5.133333333333334,3.5
24,54,2.2083333333333335,4,5.0,2.1875
24,70,2.9583333333333335,5,5.076923076923077,3.3
29,141,4.241379310344827,8,5.913043478260869,5.44
25,37,3.24,5,5.666666666666667,1.5454545454545454
28,133,4.0,8,6.35,5.291666666666667
27,84,2.3333333333333335,5,5.2727272727272725,3.8666666666666667
25,56,3.44,6,3.923076923076923,2.4285714285714284
27,101,3.0,6,4.523809523809524,4.130434782608695
24,35,3.2083333333333335,5,6.4,1.5238095238095237
23,58,2.391304347826087,4,5.0,2.5
28,63,3.5357142857142856,6,3.8666666666666667,2.4166666666666665
16,27,2.0,4,2.75,1.2222222222222223
17,31,2.0,3,4.666666666666667,1.4
23,67,3.0434782608695654,5,4.75,3.0
23,33,3.217391304347826,5,6.0,1.5
23,56,2.5217391304347827,4,6.5,2.6
31,111,3.967741935483871,6,6.5,3.3703703703703702
16,28,1.5,2,3.0,1.5
24,34,3.2916666666666665,5,6.2,1.4761904761904763
23,66,2.652173913043478,4,6.285714285714286,2.75
28,95,4.142857142857143,7,6.428571428571429,3.75
24,64,2.5833333333333335,5,5.5,2.4444444444444446
22,44,1.8636363636363635,3,5.2,2.3636363636363638
24,50,3.3333333333333335,5,3.75,2.25
23,50,2.652173913043478,5,2.857142857142857,2.2222222222222223
24,54,2.75,5,4.888888888888889,2.2
22,32,3.1818181818181817,5,5.8,1.5263157894736843
27,121,3.4444444444444446,7,6.388888888888889,5.0
29,104,4.379310344827586,8,6.1875,3.96
23,44,2.5217391304347827,4,4.555555555555555,2.05
24,63,2.3333333333333335,4,5.571428571428571,2.7857142857142856
29,99,4.0,7,6.266666666666667,3.76
25,86,3.64,7,4.375,3.3333333333333335
25,62,2.72,5,3.4,2.6842105263157894
24,95,2.875,5,4.684210526315789,4.45
23,66,2.9130434782608696,6,4.428571428571429,3.263157894736842
24,54,2.6666666666666665,5,3.230769230769231,2.3333333333333335
24,55,3.375,6,3.3333333333333335,2.5
23,48,2.4347826086956523,5,3.272727272727273,2.25
27,76,3.5555555555555554,6,5.454545454545454,2.608695652173913
19,44,2.736842105263158,6,3.076923076923077,2.6666666666666665
22,32,3.1818181818181817,5,4.833333333333333,1.5263157894736843
29,84,2.3448275862068964,5,6.111111111111111,3.4375
26,88,3.5384615384615383,7,5.25,3.8181818181818183
16,27,1.4375,2,2.75,1.5714285714285714
29,109,3.9310344827586206,7,7.5,4.2
25,33,1.36,2,3.6666666666666665,1.2222222222222223
24,28,1.2083333333333333,2,5.0,1.0
21,69,3.857142857142857,7,4.0,3.2941176470588234
22,65,3.590909090909091,7,3.8666666666666667,3.2222222222222223
22,77,3.5,6,4.357142857142857,3.388888888888889
27,140,4.111111111111111,8,6.238095238095238,5.695652173913044
28,75,3.1785714285714284,6,4.2727272727272725,2.1363636363636362
20,45,2.75,5,4.222222222222222,2.375
26,100,3.730769230769231,7,4.411764705882353,3.409090909090909
25,51,2.32,3,6.428571428571429,2.25
25,79,4.28,8,4.857142857142857,3.090909090909091
24,42,3.25,5,4.5,1.7142857142857142
24,45,1.75,4,3.5,2.3333333333333335
27,71,3.3333333333333335,5,4.642857142857143,2.8260869565217392
16,32,2.125,4,3.2,1.6
16,30,1.9375,3,3.5,1.5555555555555556
25,43,3.32,5,5.428571428571429,1.7272727272727273
27,135,3.962962962962963,8,6.45,5.608695652173913
27,92,2.4814814814814814,5,5.0,4.0625
26,98,3.6153846153846154,7,4.842105263157895,4.181818181818182
22,55,2.3636363636363638,5,5.0,2.3333333333333335
25,45,3.36,5,5.714285714285714,1.8181818181818181
23,62,2.5652173913043477,5,6.714285714285714,3.1333333333333333
29,111,4.137931034482759,7,6.571428571428571,3.68
16,34,1.75,3,4.75,1.9
28,117,3.392857142857143,7,5.5,4.583333333333333
27,115,3.7777777777777777,7,5.0,3.9130434782608696
24,46,3.4166666666666665,5,5.714285714285714,1.9047619047619047
28,144,4.107142857142857,8,6.2272727272727275,5.708333333333333
28,114,4.321428571428571,8,5.666666666666667,4.25
24,52,3.8333333333333335,6,4.6,2.1904761904761907
25,87,2.76,5,4.846153846153846,3.7058823529411766
17,41,2.588235294117647,5,3.857142857142857,2.25
22,57,3.590909090909091,7,3.7142857142857144,2.736842105263158
20,40,2.2,4,4.428571428571429,2.5833333333333335
18,39,2.0,4,4.8,2.4
29,93,3.8620689655172415,6,6.142857142857143,3.44
23,62,2.391304347826087,4,5.333333333333333,3.0
25,43,3.36,5,5.285714285714286,1.6818181818181819
28,133,3.5357142857142856,7,6.0476190476190474,5.291666666666667
28,88,2.2857142857142856,5,6.2,3.875
26,73,3.3461538461538463,6,4.6,3.1363636363636362
25,42,3.36,5,5.285714285714286,1.6818181818181819
21,36,1.4761904761904763,3,5.25,2.3333333333333335
19,38,1.4736842105263157,3,5.0,2.5
28,80,3.392857142857143,6,5.066666666666666,3.1666666666666665
25,79,3.04,5,4.5625,3.4761904761904763
26,87,3.1153846153846154,5,4.764705882352941,3.6818181818181817
24,70,3.2083333333333335,6,4.4,3.3
16,29,1.375,2,4.333333333333333,2.1666666666666665
29,107,4.103448275862069,7,6.375,4.08
23,47,2.608695652173913,4,5.25,2.1
25,77,3.68,6,5.5,3.142857142857143
26,62,2.1923076923076925,5,6.0,2.625
23,38,1.8695652173913044,3,4.4,1.5714285714285714
25,44,3.28,5,5.428571428571429,1.7272727272727273
29,110,3.2413793103448274,6,6.235294117647059,4.24
28,87,3.7857142857142856,7,5.1875,3.4583333333333335
16,32,1.375,2,5.333333333333333,2.6666666666666665
27,65,3.6666666666666665,6,5.9,2.5652173913043477
24,74,3.25,6,4.375,3.5
25,42,3.32,5,7.2,1.6363636363636365
27,95,3.6296296296296298,7,5.5625,3.869565217391304
29,121,3.0344827586206895,6,6.052631578947368,4.6
23,37,3.1739130434782608,5,4.714285714285714,1.65
27,124,3.4444444444444446,7,6.2105263157894735,5.130434782608695
27,82,2.2962962962962963,5,5.090909090909091,3.7333333333333334
22,71,3.409090909090909,7,4.0,3.5555555555555554
25,79,3.08,5,5.214285714285714,3.4761904761904763
25,39,3.32,5,5.0,1.5909090909090908
27,128,3.8518518518518516,8,6.421052631578948,5.304347826086956
31,111,4.419354838709677,8,6.625,3.925925925925926
25,38,3.28,5,5.833333333333333,1.5909090909090908
27,68,2.037037037037037,4,5.875,3.357142857142857
25,75,3.32,6,5.071428571428571,3.380952380952381
23,35,3.1739130434782608,5,5.166666666666667,1.55
26,125,3.730769230769231,8,6.2631578947368425,5.409090909090909
26,82,2.3461538461538463,5,5.090909090909091,3.7333333333333334
27,62,3.4074074074074074,6,4.071428571428571,2.4782608695652173
27,100,3.0,6,4.476190476190476,4.086956521739131
23,35,3.1739130434782608,5,5.333333333333333,1.6
20,37,1.85,3,4.25,1.7
28,88,3.8214285714285716,6,5.928571428571429,3.4583333333333335
25,57,3.4,6,5.2,2.4761904761904763
21,49,3.0,6,3.75,2.6470588235294117
23,35,3.260869565217391,5,6.4,1.6
28,99,3.75,7,5.166666666666667,3.875
28,120,3.0357142857142856,6,6.0,4.75
23,34,3.130434782608696,5,5.166666666666667,1.55
30,94,3.1666666666666665,6,4.928571428571429,2.76
28,89,3.9285714285714284,7,5.25,3.5
27,102,3.111111111111111,6,5.052631578947368,4.173913043478261
29,120,4.275862068965517,8,6.444444444444445,4.64
25,34,1.48,3,3.5,1.2727272727272727
22,84,3.909090909090909,8,4.8125,4.052631578947368
28,90,2.357142857142857,5,4.923076923076923,4.0
24,77,3.2916666666666665,6,4.4375,3.55
16,28,1.375,2,4.0,2.0
24,72,3.2916666666666665,6,4.1875,3.35
26,92,2.9615384615384617,5,4.526315789473684,3.909090909090909
24,57,3.4166666666666665,6,3.466666666666667,2.6
21,38,2.7142857142857144,5,3.6666666666666665,2.0625
20,48,3.0,6,3.3846153846153846,2.75
23,38,3.260869565217391,5,6.8,1.7
28,90,3.642857142857143,7,4.9411764705882355,3.5
30,132,3.1666666666666665,6,6.0,4.846153846153846
22,34,3.1818181818181817,5,5.0,1.5789473684210527
26,127,3.8076923076923075,8,6.722222222222222,5.5
30,104,4.333333333333333,8,5.705882352941177,3.730769230769231
23,34,3.130434782608696,5,5.166666666666667,1.55
27,101,3.4074074074074074,7,5.235294117647059,3.869565217391304
26,89,3.6923076923076925,7,5.133333333333334,3.5
22,67,3.1363636363636362,7,4.166666666666667,2.7777777777777777
30,140,4.5,8,6.136363636363637,5.1923076923076925
23,35,3.0869565217391304,5,5.333333333333333,1.6
28,136,4.035714285714286,8,7.222222222222222,5.416666666666667
17,33,1.4705882352941178,3,4.0,2.2857142857142856
26,79,3.3461538461538463,6,5.357142857142857,3.409090909090909
25,65,2.8,5,3.642857142857143,2.55
26,71,2.6538461538461537,4,6.875,2.75
27,85,2.4444444444444446,4,4.357142857142857,2.772727272727273
22,58,3.0454545454545454,6,3.857142857142857,3.0
16,26,1.375,2,2.5,1.6666666666666667
21,58,3.0476190476190474,6,3.923076923076923,3.0
29,126,4.413793103448276,8,6.05,4.84
22,32,3.1818181818181817,5,4.833333333333333,1.5263157894736843
22,57,2.3636363636363638,4,5.0,2.6923076923076925
25,85,3.76,7,4.5625,3.4761904761904763
22,51,2.090909090909091,4,5.0,2.3076923076923075
24,75,3.0833333333333335,5,5.0,3.5
27,97,4.222222222222222,8,4.55,3.9565217391304346
24,40,3.25,5,5.0,1.6666666666666667
29,65,3.4827586206896552,6,4.0,2.4
25,58,2.12,5,4.5,2.4
22,37,1.6363636363636365,3,7.0,1.75
24,43,3.25,5,4.625,1.7619047619047619
29,65,3.4827586206896552,6,4.615384615384615,2.4
16,32,1.9375,3,4.0,1.7777777777777777
17,37,1.9411764705882353,3,5.0,2.0
30,122,4.333333333333333,8,6.555555555555555,4.538461538461538
23,40,2.5217391304347827,4,4.125,1.65
26,111,3.230769230769231,7,5.0,3.8636363636363638
23,81,3.5217391304347827,7,5.0,3.6842105263157894
20,64,3.15,7,3.9166666666666665,2.9375
24,50,3.2916666666666665,5,4.4,2.0952380952380953
29,111,3.896551724137931,8,5.3125,3.5416666666666665
28,114,3.75,7,5.4,4.5
25,87,3.56,7,5.125,3.9047619047619047
22,41,2.0,3,5.4,1.8
16,32,2.0625,4,2.6666666666666665,1.6
21,63,2.9523809523809526,6,4.142857142857143,3.411764705882353
22,63,3.0,5,4.3076923076923075,3.111111111111111
24,74,3.125,5,4.533333333333333,3.4
22,43,3.590909090909091,6,3.7,1.9473684210526316
20,43,2.25,5,4.428571428571429,2.8181818181818183
23,66,3.608695652173913,6,4.615384615384615,3.1578947368421053
17,41,2.6470588235294117,5,3.5714285714285716,1.9230769230769231
24,88,2.875,5,4.315789473684211,4.1
27,110,3.3333333333333335,6,5.933333333333334,3.869565217391304
21,60,3.0,6,3.9285714285714284,3.235294117647059
23,59,3.347826086956522,6,4.076923076923077,2.789473684210526
22,57,3.590909090909091,7,3.7142857142857144,2.736842105263158
20,38,1.8,3,4.0,2.4
28,61,2.7142857142857144,4,4.384615384615385,2.375
25,67,3.6,6,5.454545454545454,2.857142857142857
15,29,2.2666666666666666,4,3.2,1.6
29,91,3.2413793103448274,6,5.8,3.48
24,33,1.4166666666666667,3,2.75,1.2222222222222223
25,32,1.32,2,4.0,1.0
18,37,3.0,5,4.571428571428571,2.2857142857142856
26,72,3.1923076923076925,6,5.6,3.111111111111111
19,51,3.1052631578947367,5,4.555555555555555,2.7333333333333334
27,122,3.7037037037037037,7,6.0,4.75
30,64,2.2333333333333334,4,6.0,2.25
22,49,2.6363636363636362,4,5.833333333333333,2.0588235294117645
25,112,3.52,6,6.0588235294117645,4.681818181818182
25,88,3.6,6,5.214285714285714,3.4761904761904763
27,108,3.0,7,4.944444444444445,4.944444444444445
25,47,2.36,3,6.0,2.1
19,42,2.8947368421052633,5,4.0,2.2857142857142856
25,87,3.64,7,4.277777777777778,3.6666666666666665
27,111,2.888888888888889,5,5.833333333333333,4.565217391304348
24,38,3.2083333333333335,5,4.714285714285714,1.5714285714285714
23,37,1.4782608695652173,3,4.5,2.0
29,90,4.0344827586206895,7,6.538461538461538,3.4
24,36,3.1666666666666665,5,6.2,1.4761904761904763
28,100,3.1785714285714284,6,4.5,3.75
26,91,3.8846153846153846,8,4.9375,3.590909090909091
22,69,3.1818181818181817,7,4.583333333333333,3.0555555555555554
24,36,3.1666666666666665,5,6.4,1.5238095238095237
24,78,2.5,5,5.6,3.7333333333333334
28,101,3.4642857142857144,6,5.388888888888889,4.041666666666667
25,60,3.44,6,3.9285714285714284,2.619047619047619
15,26,1.4666666666666666,2,2.75,1.5714285714285714
30,132,4.466666666666667,8,6.35,4.884615384615385
24,35,3.2083333333333335,5,5.333333333333333,1.5238095238095237
27,104,3.185185185185185,6,6.25,4.3478260869565215
29,107,3.7586206896551726,7,4.809523809523809,4.04
16,29,1.5,2,3.25,1.625
28,112,3.9642857142857144,7,6.352941176470588,4.5
26,61,2.9615384615384617,4,3.909090909090909,1.8695652173913044
27,89,2.5555555555555554,6,5.818181818181818,4.0
27,64,3.4074074074074074,6,4.214285714285714,2.5652173913043477
25,59,3.72,7,5.2,2.4761904761904763
22,55,3.1363636363636362,6,4.166666666666667,2.7777777777777777
25,54,3.32,5,5.111111111111111,2.090909090909091
29,101,3.2413793103448274,6,4.666666666666667,3.36
27,91,3.814814814814815,7,4.9375,3.4347826086956523
22,71,3.1818181818181817,7,4.833333333333333,3.2222222222222223
25,40,3.24,5,7.2,1.6363636363636365
27,65,2.074074074074074,4,5.625,3.2142857142857144
25,52,3.4,6,3.357142857142857,2.238095238095238
16,28,1.4375,2,3.0,1.7142857142857142
16,27,1.4375,2,2.75,1.5714285714285714
24,71,2.9583333333333335,6,5.0,3.25
19,42,2.526315789473684,5,3.1666666666666665,2.533333333333333
20,35,2.3,5,2.7,1.9285714285714286
22,31,3.1818181818181817,5,5.6,1.4736842105263157
27,68,2.037037037037037,4,5.625,3.2142857142857144
25,58,2.84,5,5.0,2.380952380952381
22,33,3.1818181818181817,5,5.0,1.5789473684210527
24,35,1.375,2,8.0,1.7777777777777777
25,48,3.36,5,3.5833333333333335,2.0476190476190474
26,94,4.076923076923077,8,4.611111111111111,3.772727272727273
21,33,1.6666666666666667,3,3.4,1.7
25,82,2.6,5,4.533333333333333,3.238095238095238
24,82,2.875,5,4.0,3.8
20,48,2.85,6,3.6666666666666665,2.75
16,24,1.375,2,2.0,1.3333333333333333
22,40,2.4545454545454546,4,4.111111111111111,1.9473684210526316
28,118,3.9642857142857144,8,4.65,3.875
29,111,4.0344827586206895,7,5.526315789473684,4.2
25,92,3.12,6,4.526315789473684,4.095238095238095
28,110,2.9642857142857144,6,5.111111111111111,3.8333333333333335
24,73,3.7916666666666665,7,4.785714285714286,3.35
20,72,3.15,7,4.285714285714286,3.75
24,78,3.125,6,4.0,3.6
22,31,3.1363636363636362,5,5.6,1.4736842105263157
27,61,3.5555555555555554,6,4.666666666666667,2.4347826086956523
25,81,3.16,5,5.428571428571429,3.619047619047619
21,51,3.0952380952380953,6,3.727272727272727,2.5625
27,89,3.6296296296296298,7,5.533333333333333,3.608695652173913
24,49,2.6666666666666665,5,3.0,2.1666666666666665
21,28,1.380952380952381,2,6.5,1.625
22,32,3.1818181818181817,5,4.833333333333333,1.5263157894736843
27,69,2.185185185185185,4,5.111111111111111,3.066666666666667
26,62,2.9615384615384617,5,5.5,2.5
22,31,3.0454545454545454,5,5.6,1.4736842105263157
20,29,1.3,2,3.6666666666666665,1.8333333333333333
27,92,3.8518518518518516,7,5.928571428571429,3.608695652173913
23,66,3.5652173913043477,6,4.75,3.0
21,36,2.142857142857143,4,4.833333333333333,1.8125
22,31,3.1818181818181817,5,5.6,1.4736842105263157
28,121,4.107142857142857,8,5.105263157894737,4.041666666666667
29,113,3.896551724137931,7,5.578947368421052,4.24
16,33,2.3125,4,2.8333333333333335,1.5454545454545454
17,36,2.3529411764705883,4,3.1666666666666665,1.5833333333333333
28,106,3.892857142857143,7,6.375,4.25
25,34,1.48,3,3.5,1.2727272727272727
23,28,1.2608695652173914,2,6.0,1.0
21,71,4.0,8,3.9411764705882355,3.9411764705882355
27,67,2.7037037037037037,4,5.714285714285714,2.1052631578947367
23,56,2.5217391304347827,4,4.875,2.2941176470588234
21,58,3.4761904761904763,7,4.0,3.0588235294117645
27,75,2.185185185185185,4,3.4285714285714284,2.6666666666666665
25,66,2.76,4,7.166666666666667,2.15
25,119,3.96,8,6.055555555555555,5.190476190476191
26,82,3.3076923076923075,6,4.666666666666667,2.5454545454545454
21,80,3.238095238095238,6,5.769230769230769,4.411764705882353
28,120,4.214285714285714,8,4.842105263157895,3.8333333333333335
25,51,2.32,3,6.428571428571429,2.25
20,37,2.15,4,4.166666666666667,2.0833333333333335
29,111,3.5172413793103448,6,5.526315789473684,4.2
25,71,3.32,6,4.266666666666667,3.0476190476190474
15,28,1.4666666666666666,2,3.25,1.8571428571428572
24,43,3.25,5,4.75,1.8095238095238095
30,100,3.3333333333333335,6,5.6923076923076925,2.8461538461538463
26,89,3.8461538461538463,7,5.125,3.727272727272727
26,101,3.1153846153846154,6,4.523809523809524,4.318181818181818
29,162,4.241379310344827,8,6.16,6.16
23,46,3.6956521739130435,6,4.1,2.05
19,40,2.8421052631578947,6,3.75,2.5
27,77,3.3333333333333335,5,5.071428571428571,3.0869565217391304
21,46,2.142857142857143,4,5.0,2.5
29,136,3.6206896551724137,7,6.142857142857143,5.16
27,99,3.6296296296296298,7,6.133333333333334,4.0
23,72,3.0869565217391304,5,4.714285714285714,3.473684210526316
25,104,2.88,5,5.105263157894737,4.619047619047619
23,59,3.347826086956522,6,4.076923076923077,2.789473684210526
25,72,3.2,6,4.25,3.238095238095238
24,49,2.5416666666666665,5,4.0,2.2222222222222223
23,41,3.5217391304347827,6,4.0,1.8
28,131,3.5,7,5.9523809523809526,5.208333333333333
28,99,2.3214285714285716,5,6.636363636363637,4.5625
26,77,3.3461538461538463,6,4.294117647058823,3.3181818181818183
23,59,2.652173913043478,5,4.363636363636363,2.823529411764706
28,96,3.5714285714285716,6,6.133333333333334,3.8333333333333335
24,38,1.9166666666666667,4,2.8333333333333335,1.2142857142857142
25,32,1.32,2,4.0,1.0
24,90,3.875,7,5.857142857142857,4.1
25,101,3.68,7,5.6875,4.333333333333333
21,58,2.4761904761904763,4,4.777777777777778,2.5294117647058822
26,127,4.076923076923077,8,6.315789473684211,5.217391304347826
26,79,2.923076923076923,5,4.230769230769231,2.619047619047619
24,57,2.625,4,6.0,2.0
19,41,2.6315789473684212,4,4.125,2.2
27,70,2.7777777777777777,5,6.285714285714286,2.3157894736842106
23,74,3.260869565217391,6,5.833333333333333,3.6842105263157894
27,98,3.185185185185185,7,4.411764705882353,3.9473684210526314
25,47,2.32,3,5.857142857142857,2.05
21,56,2.380952380952381,4,3.7,2.8461538461538463
30,103,4.1,7,6.785714285714286,3.6538461538461537
24,57,2.7916666666666665,5,3.6153846153846154,2.473684210526316
26,103,3.1153846153846154,6,4.85,4.409090909090909
24,66,3.25,6,4.133333333333334,3.1
24,55,2.75,5,3.6666666666666665,2.3157894736842106
25,84,2.96,5,4.105263157894737,3.7142857142857144
29,104,4.0,7,6.25,4.0
24,28,1.2083333333333333,2,5.0,1.0
24,28,1.2083333333333333,2,5.0,1.0
18,43,3.5,6,3.7777777777777777,2.4285714285714284
26,84,3.5,6,5.083333333333333,2.772727272727273
25,113,4.32,8,5.944444444444445,4.863636363636363
20,59,3.4,6,4.181818181818182,2.7058823529411766
22,73,3.5,7,4.5,3.5
22,59,3.5,7,3.923076923076923,2.8333333333333335
25,130,4.08,8,5.85,5.571428571428571
26,60,2.269230769230769,4,4.857142857142857,2.125
21,68,3.3333333333333335,6,5.7272727272727275,3.5
26,87,2.9615384615384617,7,3.8125,3.388888888888889
25,44,2.28,3,5.571428571428571,1.95
27,88,4.074074074074074,7,4.866666666666666,3.1739130434782608
24,40,3.2083333333333335,5,5.833333333333333,1.6666666666666667
27,63,2.037037037037037,4,5.5,3.142857142857143
26,61,3.3076923076923075,5,4.230769230769231,2.5
28,113,3.142857142857143,6,5.35,4.458333333333333
27,70,2.740740740740741,5,5.333333333333333,2.4
26,84,2.3846153846153846,4,4.333333333333333,3.0952380952380953
27,123,4.185185185185185,8,6.157894736842105,5.086956521739131
25,44,3.28,5,6.333333333333333,1.7272727272727273
25,91,3.8,7,6.142857142857143,4.095238095238095
32,168,3.84375,7,6.48,5.785714285714286
30,115,3.933333333333333,7,5.4,4.153846153846154
23,71,3.0,5,5.166666666666667,3.263157894736842
25,40,3.28,5,7.2,1.6363636363636365
24,36,1.4166666666666667,3,5.666666666666667,1.8888888888888888
27,88,3.925925925925926,8,6.384615384615385,3.608695652173913
24,55,2.7916666666666665,5,3.4615384615384617,2.3684210526315788
22,57,3.1818181818181817,6,3.7857142857142856,2.9444444444444446
28,102,3.892857142857143,7,7.0,4.083333333333333
24,31,1.3333333333333333,2,4.0,1.0
24,28,1.2083333333333333,2,5.0,1.0
25,87,3.92,7,5.133333333333334,3.6666666666666665
25,101,4.2,8,5.8,4.142857142857143
21,67,3.2857142857142856,5,4.2727272727272725,2.611111111111111
27,146,4.037037037037037,7,7.105263157894737,5.869565217391305
27,77,2.259259259259259,4,3.125,2.6315789473684212
24,53,2.0416666666666665,3,4.285714285714286,1.7647058823529411
20,40,2.7,4,4.714285714285714,2.0625
26,69,2.9615384615384617,6,4.4,2.3157894736842106
22,79,3.1818181818181817,6,5.6923076923076925,4.111111111111111
26,97,3.6923076923076925,7,4.4375,3.380952380952381
24,43,2.25,3,6.333333333333333,2.0
25,113,3.92,8,5.684210526315789,5.142857142857143
29,109,3.3448275862068964,6,4.368421052631579,3.608695652173913
25,80,3.88,7,5.285714285714286,3.5238095238095237
24,38,3.2083333333333335,5,5.833333333333333,1.6666666666666667
27,98,3.185185185185185,6,5.875,4.086956521739131
28,80,2.2857142857142856,5,4.583333333333333,3.6666666666666665
24,57,3.375,6,3.642857142857143,2.55
16,26,1.875,4,2.0,1.25
16,27,2.125,4,2.75,1.1
24,36,3.2916666666666665,5,6.6,1.5714285714285714
22,29,1.7272727272727273,4,3.25,1.1818181818181819
26,77,3.3461538461538463,6,5.214285714285714,3.3181818181818183
20,30,1.3,2,4.333333333333333,2.1666666666666665
25,76,3.6,7,5.384615384615385,3.3333333333333335
22,49,2.6818181818181817,5,3.3333333333333335,2.3529411764705883
28,115,3.9285714285714284,7,6.875,4.583333333333333
24,30,1.2916666666666667,2,7.0,1.0
23,28,1.2608695652173914,2,6.0,1.0
22,83,3.409090909090909,7,5.214285714285714,4.294117647058823
22,64,3.590909090909091,7,3.8,3.1666666666666665
20,70,3.25,5,4.3076923076923075,3.5
27,78,2.1481481481481484,4,4.25,2.6842105263157894
24,59,2.625,4,5.428571428571429,2.111111111111111
26,142,4.0,8,6.090909090909091,6.090909090909091
26,79,3.3461538461538463,6,4.416666666666667,2.409090909090909
22,84,3.3181818181818183,6,5.571428571428571,4.333333333333333
25,101,3.68,7,4.470588235294118,3.619047619047619
24,49,2.2916666666666665,3,7.166666666666667,2.263157894736842
24,97,3.9166666666666665,8,5.235294117647059,4.45
29,97,2.7586206896551726,7,4.176470588235294,3.9444444444444446
26,70,3.6923076923076925,7,5.25,2.8636363636363638
25,89,3.0,6,4.15,3.9523809523809526
24,41,3.25,5,4.5,1.7142857142857142
31,147,4.419354838709677,8,5.590909090909091,4.555555555555555
31,132,4.258064516129032,8,5.9523809523809526,4.62962962962963
16,31,2.3125,4,3.0,1.3636363636363635
16,31,2.125,4,3.0,1.5
24,43,3.375,5,4.75,1.8095238095238095
26,81,4.423076923076923,8,5.142857142857143,3.130434782608696
28,132,4.214285714285714,8,6.473684210526316,5.125
24,29,1.25,2,6.0,1.0
21,36,1.5714285714285714,3,3.75,1.875
28,109,3.7857142857142856,6,5.933333333333334,3.7083333333333335
30,186,4.366666666666666,8,6.615384615384615,6.615384615384615
23,62,3.869565217391304,6,4.9,2.45
19,39,3.1052631578947367,6,3.625,2.230769230769231
28,111,3.642857142857143,6,6.4375,4.291666666666667
24,81,3.75,7,5.384615384615385,3.5
23,66,2.9565217391304346,5,4.666666666666667,2.9473684210526314
21,43,2.380952380952381,4,5.333333333333333,2.0
22,66,3.1818181818181817,6,4.6923076923076925,3.388888888888889
17,40,2.588235294117647,4,3.8333333333333335,1.7692307692307692
18,44,2.6666666666666665,5,3.375,1.9285714285714286
23,60,3.652173913043478,6,3.9285714285714284,2.8947368421052633
25,78,3.04,6,4.933333333333334,3.5238095238095237
24,58,2.75,5,3.923076923076923,2.6842105263157894
21,47,1.9523809523809523,3,5.5,2.75
25,73,3.0,6,4.4,3.142857142857143
24,43,3.625,6,4.222222222222222,1.8095238095238095
29,67,3.4827586206896552,6,4.846153846153846,2.52
26,64,2.4615384615384617,5,5.333333333333333,2.6666666666666665
22,36,2.3181818181818183,4,6.25,1.5625
25,40,3.28,5,5.833333333333333,1.5909090909090908
23,48,2.347826086956522,4,5.142857142857143,2.4
30,110,3.533333333333333,6,6.117647058823529,4.0
24,55,2.75,5,3.6153846153846154,2.473684210526316
22,58,2.9545454545454546,6,3.857142857142857,3.0
25,38,3.28,5,7.0,1.5909090909090908
28,63,3.5,6,5.2727272727272725,2.4166666666666665
16,31,1.375,2,5.0,2.5
16,30,1.375,2,4.666666666666667,2.3333333333333335
24,53,3.3333333333333335,5,3.769230769230769,2.45
25,54,2.32,4,5.0,2.2222222222222223
28,119,3.607142857142857,7,5.75,4.791666666666667
24,46,2.5833333333333335,4,4.666666666666667,2.0
26,81,3.769230769230769,6,5.666666666666667,3.090909090909091
26,58,2.1923076923076925,5,5.428571428571429,2.375
21,34,1.7142857142857142,3,6.333333333333333,1.7272727272727273
24,36,3.2083333333333335,5,5.333333333333333,1.5238095238095237
20,43,2.9,5,4.857142857142857,2.2666666666666666
29,104,3.7586206896551726,7,6.125,3.92
23,67,2.9130434782608696,5,4.615384615384615,3.1578947368421053
23,68,2.869565217391304,5,4.428571428571429,3.263157894736842
23,36,3.1739130434782608,5,4.571428571428571,1.6
27,69,2.037037037037037,4,5.333333333333333,3.4285714285714284
26,73,3.269230769230769,5,4.928571428571429,3.1363636363636362
28,119,4.25,8,5.7,4.75
23,36,3.1739130434782608,5,4.571428571428571,1.6
23,88,4.130434782608695,8,4.368421052631579,4.368421052631579
27,66,3.3333333333333335,5,4.066666666666666,2.652173913043478
28,125,3.107142857142857,6,5.409090909090909,4.958333333333333
26,86,3.3846153846153846,6,5.333333333333333,3.6363636363636362
29,128,4.413793103448276,8,5.857142857142857,4.92
25,43,3.28,5,6.333333333333333,1.7272727272727273
27,110,3.925925925925926,8,4.55,3.9565217391304346
30,113,3.6,6,5.684210526315789,4.153846153846154
25,40,3.28,5,7.0,1.5909090909090908
26,97,3.6153846153846154,7,4.444444444444445,3.6363636363636362
29,110,3.896551724137931,7,5.473684210526316,4.16
16,29,2.1875,4,2.6,1.3
16,31,2.125,4,3.0,1.5
24,35,3.2083333333333335,5,6.4,1.5238095238095237
21,28,1.8095238095238095,4,3.5,1.2727272727272727
26,74,3.3846153846153846,6,5.0,3.1818181818181817
22,31,3.1818181818181817,5,5.6,1.4736842105263157
27,74,2.2222222222222223,4,5.5,3.4375
25,48,3.36,5,3.5833333333333335,2.0476190476190474
16,30,1.4375,2,3.5,2.0
16,32,1.4375,2,4.0,2.2857142857142856
24,67,3.5,6,5.545454545454546,3.05
19,43,2.6315789473684212,5,3.25,2.6
21,39,2.238095238095238,5,3.3333333333333335,2.0
23,33,3.130434782608696,5,6.0,1.5
26,83,3.8846153846153846,6,7.1,3.227272727272727
31,144,4.193548387096774,7,6.523809523809524,5.074074074074074
23,60,3.1739130434782608,6,3.466666666666667,2.6
23,84,3.5217391304347827,7,4.3125,3.6315789473684212
23,53,2.6956521739130435,5,3.076923076923077,2.2222222222222223
22,38,1.9090909090909092,3,5.75,1.5333333333333334
24,51,3.375,6,3.2857142857142856,2.3
25,56,2.28,4,4.875,2.1666666666666665
29,107,3.9310344827586206,7,6.866666666666666,4.12
24,31,1.3333333333333333,2,3.6666666666666665,1.375
22,25,1.1818181818181819,2,4.0,1.0
18,29,1.5555555555555556,3,3.0,1.7142857142857142
20,70,3.95,8,4.133333333333334,3.6470588235294117
26,100,3.423076923076923,7,4.470588235294118,3.4545454545454546
21,64,3.238095238095238,6,4.076923076923077,3.3125
25,55,2.08,4,6.0,2.3076923076923075
23,95,3.260869565217391,6,5.857142857142857,4.315789473684211
26,101,3.6923076923076925,7,4.6875,3.5714285714285716
25,45,2.32,3,6.666666666666667,2.0
25,118,3.96,8,5.7894736842105265,5.238095238095238
28,82,3.4285714285714284,6,4.470588235294118,3.1666666666666665
24,73,3.0416666666666665,5,4.928571428571429,3.45
24,38,3.2083333333333335,5,4.714285714285714,1.5714285714285714
26,99,3.8846153846153846,7,5.529411764705882,4.2727272727272725
27,67,3.962962962962963,7,5.6,2.4347826086956523
23,74,3.260869565217391,6,4.6,3.6315789473684212
16,28,1.375,2,4.0,2.0
25,39,3.24,5,6.8,1.5454545454545454
27,69,2.1481481481481484,4,4.8,3.2
26,56,3.3076923076923075,5,3.923076923076923,2.3181818181818183
28,117,3.142857142857143,6,5.55,4.625
27,73,2.740740740740741,5,5.444444444444445,2.45
26,87,2.5,4,4.466666666666667,3.0454545454545454
25,38,3.24,5,6.6,1.5
23,55,2.260869565217391,4,4.571428571428571,2.4615384615384617
18,35,1.9444444444444444,3,4.25,1.7
24,54,3.3333333333333335,5,4.083333333333333,2.45
23,49,1.9130434782608696,3,5.8,2.4166666666666665
23,41,1.6956521739130435,3,4.2,2.1
29,127,3.7586206896551726,6,6.368421052631579,4.84
23,42,2.0,4,3.857142857142857,1.6875
23,37,3.217391304347826,5,4.571428571428571,1.6
20,65,3.6,7,4.3076923076923075,3.5
20,43,2.15,4,4.5,2.25
23,38,3.1739130434782608,5,4.125,1.65
27,105,3.7777777777777777,7,5.9411764705882355,4.391304347826087
29,103,4.172413793103448,7,6.857142857142857,3.84
25,42,3.32,5,4.625,1.6818181818181819
26,96,3.6538461538461537,6,6.133333333333334,4.181818181818182
24,87,3.9166666666666665,7,4.4375,3.55
24,50,1.9583333333333333,3,5.166666666666667,1.8235294117647058
24,50,2.0,3,4.428571428571429,1.8235294117647058
24,73,3.3333333333333335,6,5.3076923076923075,3.45
23,58,2.4782608695652173,5,3.5384615384615383,2.7058823529411766
17,41,2.235294117647059,4,4.8,2.1818181818181817
25,58,2.84,5,5.333333333333333,2.2857142857142856
30,121,4.2,8,7.25,4.461538461538462
25,36,1.4,2,4.0,1.2
23,27,1.2173913043478262,2,5.0,1.0
18,38,3.5,6,4.285714285714286,2.142857142857143
26,89,3.769230769230769,7,4.4375,3.380952380952381
19,56,2.8947368421052633,5,4.0,2.933333333333333
28,160,4.142857142857143,7,7.15,5.958333333333333
29,70,2.6206896551724137,5,5.125,2.1578947368421053
20,45,2.7,4,4.5,2.25
27,160,4.111111111111111,8,7.35,6.391304347826087
25,120,4.0,8,5.2631578947368425,4.761904761904762
30,155,4.5,8,6.0,4.846153846153846
24,48,2.2083333333333335,3,7.0,2.210526315789474
25,72,3.2,6,4.25,3.238095238095238
22,48,3.409090909090909,6,3.3076923076923075,2.263157894736842
29,103,4.0344827586206895,7,6.333333333333333,3.8
23,37,2.4782608695652173,5,3.857142857142857,1.6875
24,44,3.25,5,4.75,1.8095238095238095
26,94,2.4615384615384617,5,5.833333333333333,4.375
27,88,3.3703703703703702,6,4.666666666666667,3.652173913043478
15,27,1.4666666666666666,2,3.0,1.7142857142857142
29,123,3.793103448275862,7,5.95,4.76
24,44,2.625,4,4.75,1.8095238095238095
25,79,3.8,6,5.153846153846154,3.1904761904761907
26,67,2.230769230769231,5,5.875,2.9375
22,40,2.0454545454545454,3,5.0,1.6666666666666667
25,45,3.28,5,5.571428571428571,1.7727272727272727
28,105,3.6785714285714284,7,5.2105263157894735,4.125
24,59,2.75,5,3.6153846153846154,2.473684210526316
24,39,3.1666666666666665,5,5.5,1.5714285714285714
22,56,2.3181818181818183,4,5.428571428571429,2.923076923076923
29,97,4.0,7,7.076923076923077,3.68
24,62,2.75,5,4.0,2.736842105263158
28,78,3.4285714285714284,6,6.444444444444445,2.5217391304347827
17,36,2.0588235294117645,4,3.8,1.9
25,86,3.52,7,5.125,3.9047619047619047
22,59,2.909090909090909,5,4.076923076923077,2.9444444444444446
24,66,2.7916666666666665,5,5.0,3.0
22,48,2.5,4,3.5833333333333335,2.388888888888889
22,42,2.6363636363636362,5,2.909090909090909,1.8823529411764706
23,33,3.260869565217391,5,5.0,1.5
26,101,3.269230769230769,6,6.333333333333333,4.318181818181818
28,78,1.8571428571428572,4,5.1,3.4
26,80,3.3461538461538463,6,4.75,3.4545454545454546
24,35,3.1666666666666665,5,6.4,1.5238095238095237
27,107,3.185185185185185,6,6.8,4.434782608695652
28,86,2.4285714285714284,5,4.833333333333333,3.625
25,58,3.44,6,3.533333333333333,2.5238095238095237
15,28,2.066666666666667,4,2.6,1.4444444444444444
17,33,2.0588235294117645,4,3.2,1.6
23,32,3.260869565217391,5,5.8,1.45
27,92,3.3703703703703702,6,4.466666666666667,2.9130434782608696
28,72,3.5,6,3.9411764705882355,2.7916666666666665
28,119,3.107142857142857,6,5.380952380952381,4.708333333333333
25,63,2.68,4,5.375,2.388888888888889
27,91,2.5555555555555554,5,4.3125,3.1363636363636362
24,38,3.25,5,5.0,1.6666666666666667
27,57,3.5555555555555554,6,4.7272727272727275,2.260869565217391
17,29,1.7647058823529411,3,3.0,1.5
18,34,1.9444444444444444,3,4.0,1.6
22,31,3.1818181818181817,5,5.6,1.4736842105263157
30,78,2.4,4,4.333333333333333,2.1666666666666665
27,91,3.6666666666666665,7,5.666666666666667,3.6956521739130435
20,38,1.8,3,4.6,2.090909090909091
26,89,2.769230769230769,5,5.0,3.409090909090909
25,85,2.96,5,4.157894736842105,3.761904761904762
29,111,4.0,7,5.944444444444445,4.28
23,45,2.5652173913043477,4,4.666666666666667,2.1
25,75,3.84,7,5.076923076923077,3.142857142857143
26,54,2.0384615384615383,4,5.5,2.2
23,39,1.6521739130434783,3,7.333333333333333,1.6923076923076923
25,36,3.24,5,6.6,1.5
28,93,3.6785714285714284,7,5.4375,3.625
25,57,2.76,5,5.714285714285714,2.1052631578947367
25,38,3.28,5,7.0,1.5909090909090908
28,110,3.2857142857142856,6,6.625,4.416666666666667
28,86,2.2857142857142856,5,4.833333333333333,3.8666666666666667
26,91,3.3846153846153846,6,4.833333333333333,3.9545454545454546
25,37,3.28,5,6.8,1.5454545454545454
23,59,2.391304347826087,4,5.142857142857143,2.5714285714285716
27,90,2.5185185185185186,5,4.2,3.7058823529411766
25,57,3.4,6,3.7142857142857144,2.4761904761904763
24,55,2.6666666666666665,5,3.0714285714285716,2.388888888888889
27,73,3.4444444444444446,6,6.5,2.3636363636363638
22,58,2.772727272727273,5,3.533333333333333,2.9444444444444446
22,32,3.1818181818181817,5,5.8,1.5263157894736843
26,123,3.730769230769231,8,6.157894736842105,5.318181818181818
30,100,4.433333333333334,8,6.333333333333333,3.6538461538461537
23,34,3.130434782608696,5,5.166666666666667,1.55
30,98,3.3333333333333335,6,4.933333333333334,2.8461538461538463
27,85,3.888888888888889,7,5.333333333333333,3.4782608695652173
22,39,2.1363636363636362,3,5.8,1.7058823529411764
23,33,3.130434782608696,5,6.0,1.5
26,73,4.115384615384615,7,5.25,2.739130434782609
29,109,4.172413793103448,7,6.2,3.72
16,31,2.125,4,3.75,1.5
16,33,2.125,4,4.25,1.7
24,36,3.3333333333333335,5,6.6,1.5714285714285714
20,47,1.9,3,5.4,1.9285714285714286
25,52,3.36,5,3.6153846153846154,2.238095238095238
25,79,3.16,6,5.538461538461538,3.4285714285714284
17,35,2.2941176470588234,4,4.0,1.6666666666666667
23,34,3.3043478260869565,5,6.2,1.55
26,52,3.4615384615384617,6,3.9166666666666665,2.1363636363636362
25,59,2.48,5,3.7,2.176470588235294
22,40,1.8636363636363635,3,6.0,1.7142857142857142
23,34,3.260869565217391,5,5.166666666666667,1.55
20,27,1.65,4,2.6,1.3
19,41,1.6842105263157894,3,5.75,2.3
25,50,3.36,5,3.75,2.142857142857143
28,88,2.7142857142857144,5,4.285714285714286,2.727272727272727
17,35,2.1176470588235294,4,3.6,1.6363636363636365
22,43,2.5,4,4.333333333333333,2.0526315789473686
26,85,3.769230769230769,6,5.833333333333333,3.1818181818181817
24,59,2.3333333333333335,5,5.571428571428571,2.4375
20,35,1.75,3,7.0,1.9090909090909092
25,44,3.32,5,5.428571428571429,1.7272727272727273
26,117,3.8461538461538463,8,5.157894736842105,4.454545454545454
30,119,3.933333333333333,7,5.6,4.3076923076923075
28,122,3.107142857142857,6,5.523809523809524,4.833333333333333
27,105,3.185185185185185,6,5.294117647058823,3.9130434782608696
25,42,3.32,5,5.285714285714286,1.6818181818181819
28,138,4.071428571428571,8,6.6,5.5
27,93,2.5925925925925926,5,5.076923076923077,3.8823529411764706
26,90,3.6153846153846154,7,5.0,3.8636363636363638
24,42,3.2916666666666665,5,5.285714285714286,1.7619047619047619
23,56,2.391304347826087,4,4.714285714285714,2.357142857142857
18,34,1.8333333333333333,3,4.0,1.7777777777777777
25,59,3.36,5,4.416666666666667,2.5238095238095237
24,65,2.5833333333333335,5,6.142857142857143,2.388888888888889
22,56,3.5454545454545454,6,3.923076923076923,2.8333333333333335
26,104,3.6923076923076925,7,5.055555555555555,4.136363636363637
15,30,1.7333333333333334,3,4.0,1.7777777777777777
23,39,3.3043478260869565,5,4.857142857142857,1.7
22,50,2.909090909090909,5,4.555555555555555,2.5625
28,106,3.9285714285714284,7,5.9411764705882355,4.208333333333333
25,91,3.36,6,5.733333333333333,4.095238095238095
23,57,2.0434782608695654,4,6.0,2.769230769230769
23,45,3.6956521739130435,6,4.0,2.0
29,118,3.413793103448276,7,5.294117647058823,4.285714285714286
27,113,3.7777777777777777,7,5.4,4.695652173913044
