active_cells,active_edges,average_path_length,longest_path,average_branching_factor,average_merge_factor
23,46,3.9130434782608696,6,6.142857142857143,2.15
16,27,2.5,4,2.75,1.8333333333333333
28,93,3.2857142857142856,5,5.5625,3.7083333333333335
23,83,3.130434782608696,6,4.0,3.8
25,82,3.08,5,4.8125,3.6666666666666665
20,43,3.4,6,3.727272727272727,2.2777777777777777
18,29,1.5,2,8.0,1.7777777777777777
22,30,1.4090909090909092,2,6.5,1.4444444444444444
19,64,3.6842105263157894,8,4.357142857142857,3.8125
22,67,3.6363636363636362,7,4.75,3.1666666666666665
19,51,3.1578947368421053,7,4.0,2.933333333333333
21,71,4.380952380952381,8,4.6,3.6315789473684212
21,43,1.6666666666666667,3,4.666666666666667,2.8
23,75,3.3043478260869565,5,6.2,3.263157894736842
23,47,1.5217391304347827,3,4.5,2.7
21,71,4.0476190476190474,8,4.0588235294117645,3.6315789473684212
20,40,1.7,4,3.142857142857143,2.4444444444444446
23,42,2.217391304347826,4,6.5,2.0
18,30,1.9444444444444444,3,5.5,1.6923076923076923
21,57,4.380952380952381,8,3.9285714285714284,2.8947368421052633
22,64,3.5,7,3.230769230769231,2.3333333333333335
22,62,3.590909090909091,6,3.625,3.0526315789473686
23,82,2.739130434782609,5,4.588235294117647,3.9
20,30,4.05,6,4.666666666666667,1.5555555555555556
29,111,3.9655172413793105,7,5.888888888888889,4.24
27,154,4.444444444444445,8,6.136363636363637,5.625
20,31,4.05,6,4.833333333333333,1.6111111111111112
22,55,2.5454545454545454,6,4.714285714285714,2.357142857142857
31,106,3.6774193548387095,6,6.0,3.7777777777777777
20,32,4.05,6,5.0,1.6666666666666667
22,54,2.5454545454545454,6,4.125,2.357142857142857
26,92,4.0,7,4.631578947368421,3.8260869565217392
24,67,2.7083333333333335,5,3.3076923076923075,2.0476190476190474
20,31,4.05,6,4.833333333333333,1.6111111111111112
26,112,3.8076923076923075,7,5.833333333333333,4.7727272727272725
22,57,3.727272727272727,7,4.076923076923077,2.789473684210526
26,82,3.1538461538461537,5,5.2,3.5454545454545454
23,72,2.6956521739130435,5,3.411764705882353,2.9
20,30,4.05,6,4.666666666666667,1.5555555555555556
25,80,3.52,6,5.357142857142857,3.5714285714285716
21,57,3.5714285714285716,7,3.75,2.3684210526315788
28,109,3.7857142857142856,7,5.526315789473684,4.375
23,75,2.782608695652174,5,3.3529411764705883,2.85
28,95,3.25,6,5.294117647058823,3.75
21,53,2.761904761904762,5,3.8181818181818183,2.210526315789474
18,43,2.9444444444444446,6,3.0,2.7857142857142856
19,56,3.0526315789473686,6,3.3846153846153846,2.933333333333333
19,29,3.9473684210526314,6,4.5,1.588235294117647
21,52,3.9523809523809526,6,4.545454545454546,2.6315789473684212
22,67,3.6818181818181817,6,4.538461538461538,3.1052631578947367
20,31,1.75,4,3.0,1.5
22,65,2.727272727272727,5,4.066666666666666,3.388888888888889
23,63,3.5217391304347827,6,3.933333333333333,2.95
20,54,2.65,5,4.5,2.8125
25,83,3.6,6,5.833333333333333,3.3333333333333335
20,30,4.05,6,4.666666666666667,1.5555555555555556
23,75,2.608695652173913,5,4.733333333333333,3.55
28,94,3.25,6,5.933333333333334,3.7083333333333335
26,81,3.1923076923076925,6,4.75,3.4545454545454546
20,45,3.4,6,3.8181818181818183,2.3333333333333335
18,30,2.1666666666666665,4,3.4,1.5454545454545454
19,44,3.263157894736842,5,5.428571428571429,2.375
28,88,3.107142857142857,5,5.928571428571429,3.4583333333333335
24,67,2.9583333333333335,5,4.769230769230769,3.1
22,64,2.6363636363636362,5,3.25,2.736842105263158
19,36,3.5789473684210527,5,4.285714285714286,1.7647058823529411
22,64,3.8636363636363638,8,4.538461538461538,3.1052631578947367
29,108,3.3793103448275863,6,5.666666666666667,4.08
21,62,2.6666666666666665,5,3.357142857142857,2.764705882352941
22,65,2.6363636363636362,5,3.375,2.8421052631578947
29,98,3.4482758620689653,6,4.111111111111111,2.96
19,32,2.473684210526316,4,5.0,1.4705882352941178
23,66,3.652173913043478,7,3.909090909090909,2.263157894736842
27,103,3.4074074074074074,6,5.157894736842105,4.260869565217392
22,59,2.8636363636363638,5,3.2142857142857144,2.25
20,30,4.15,6,4.666666666666667,1.5555555555555556
24,97,3.5,7,4.55,4.55
23,89,3.391304347826087,7,5.0,4.2105263157894735
26,115,3.576923076923077,7,4.904761904761905,4.681818181818182
19,28,4.052631578947368,6,4.333333333333333,1.5294117647058822
21,64,2.7142857142857144,5,4.285714285714286,3.3333333333333335
24,73,3.875,7,4.928571428571429,3.2857142857142856
24,84,3.5,7,4.05,3.857142857142857
21,61,2.5238095238095237,5,3.7333333333333334,3.2941176470588234
19,29,3.9473684210526314,6,4.5,1.588235294117647
27,93,3.4814814814814814,6,5.5625,3.869565217391304
25,94,3.04,6,4.7368421052631575,4.090909090909091
20,42,3.4,6,4.5,2.0
17,21,1.3529411764705883,2,4.5,1.5
20,25,1.3,2,4.5,1.5
19,50,3.8947368421052633,7,3.5384615384615383,2.7058823529411766
20,48,2.65,5,3.1666666666666665,2.533333333333333
24,81,2.7083333333333335,5,5.454545454545454,3.5294117647058822
23,44,1.5217391304347827,3,3.4285714285714284,2.4
21,84,4.380952380952381,8,4.529411764705882,4.052631578947368
21,39,1.5238095238095237,4,3.6,2.25
24,37,1.6666666666666667,4,4.0,1.7777777777777777
18,29,1.9444444444444444,3,5.0,1.5384615384615385
28,99,3.7142857142857144,6,5.714285714285714,3.3333333333333335
24,75,4.416666666666667,8,4.5,3.272727272727273
29,112,3.793103448275862,7,5.631578947368421,4.28
21,65,2.7142857142857144,5,3.4,2.8333333333333335
23,70,3.0869565217391304,6,4.571428571428571,3.3684210526315788
21,59,2.9047619047619047,5,3.0625,2.5789473684210527
18,27,3.9444444444444446,6,4.166666666666667,1.5625
20,49,2.75,5,3.8181818181818183,2.625
26,98,3.5384615384615383,6,5.470588235294118,4.2272727272727275
22,69,2.6818181818181817,5,3.1875,2.6842105263157894
22,64,2.8636363636363638,5,4.833333333333333,3.2222222222222223
25,91,3.6,6,5.846153846153846,3.619047619047619
19,29,4.052631578947368,6,4.5,1.588235294117647
26,130,3.769230769230769,7,5.666666666666667,5.409090909090909
24,66,3.7916666666666665,6,5.083333333333333,2.9047619047619047
25,82,3.2,6,4.75,3.619047619047619
22,66,2.6818181818181817,5,3.533333333333333,2.789473684210526
19,28,4.052631578947368,6,4.333333333333333,1.5294117647058822
23,88,3.4782608695652173,7,4.315789473684211,4.315789473684211
25,95,3.64,7,5.117647058823529,4.142857142857143
24,108,3.4583333333333335,7,5.052631578947368,4.8
20,49,3.65,7,4.0,2.4444444444444446
19,35,2.6842105263157894,5,3.5714285714285716,1.6666666666666667
25,106,3.56,7,4.9,4.666666666666667
25,97,3.56,7,5.235294117647059,4.238095238095238
24,112,3.5,7,4.95,4.95
19,39,3.8421052631578947,6,4.714285714285714,1.9411764705882353
24,111,3.8333333333333335,6,6.4,4.571428571428571
24,80,3.7916666666666665,7,4.625,3.5238095238095237
23,79,3.0869565217391304,6,4.625,3.7
26,92,3.0,6,4.944444444444445,3.869565217391304
24,75,4.125,7,5.0,2.9545454545454546
26,64,3.3461538461538463,6,4.0,2.727272727272727
25,78,2.8,5,4.8,3.4285714285714284
20,33,4.05,6,5.166666666666667,1.7222222222222223
27,119,3.3333333333333335,7,5.476190476190476,5.0
26,96,3.1923076923076925,6,5.470588235294118,4.043478260869565
27,85,3.074074074074074,5,6.153846153846154,3.4782608695652173
24,102,3.5833333333333335,7,5.4375,4.35
20,48,2.95,5,3.3846153846153846,2.588235294117647
21,37,3.0476190476190474,5,4.714285714285714,1.736842105263158
17,47,3.823529411764706,7,3.75,3.0
30,107,3.7,6,6.375,3.923076923076923
23,94,3.130434782608696,6,4.875,4.105263157894737
27,91,2.7037037037037037,5,4.833333333333333,3.782608695652174
19,30,3.9473684210526314,6,4.666666666666667,1.6470588235294117
25,94,3.36,5,6.583333333333333,3.590909090909091
26,85,3.0384615384615383,5,5.333333333333333,3.6363636363636362
23,83,2.782608695652174,5,4.8,3.789473684210526
22,75,2.5,5,4.176470588235294,3.9444444444444446
19,29,3.9473684210526314,6,4.5,1.588235294117647
28,94,3.8214285714285716,7,5.294117647058823,3.75
23,78,3.0434782608695654,5,4.25,3.4
23,58,3.4782608695652173,7,4.416666666666667,2.65
19,51,2.526315789473684,5,3.6153846153846154,3.1333333333333333
22,77,3.1818181818181817,6,4.333333333333333,3.611111111111111
19,55,2.6842105263157894,5,4.0,3.25
25,60,3.2,5,4.0,2.6666666666666665
16,30,2.25,4,3.4,1.7
16,37,2.5,5,2.5384615384615383,2.75
16,31,2.3125,4,3.6,1.8
17,44,2.7058823529411766,5,3.4166666666666665,2.9285714285714284
22,50,3.4545454545454546,6,4.181818181818182,2.5555555555555554
18,23,1.3333333333333333,2,5.5,1.8333333333333333
20,25,1.3,2,5.5,1.8333333333333333
20,68,3.55,6,4.923076923076923,3.764705882352941
22,46,1.6363636363636365,3,4.0,2.3333333333333335
22,77,2.8636363636363638,5,4.384615384615385,3.0
21,70,4.0476190476190474,8,4.0,3.5789473684210527
21,37,1.4285714285714286,3,4.25,2.4285714285714284
19,46,2.6842105263157894,5,6.5,2.7857142857142856
21,74,4.0,8,4.117647058823529,3.6842105263157894
22,32,1.7272727272727273,4,4.25,1.8888888888888888
21,33,2.0,3,6.25,1.6666666666666667
21,61,4.333333333333333,8,4.214285714285714,3.1052631578947367
22,63,3.272727272727273,7,3.4166666666666665,2.411764705882353
26,79,3.0384615384615383,5,4.6875,3.409090909090909
24,91,3.3333333333333335,6,4.5625,3.65
22,68,2.6363636363636362,5,4.266666666666667,3.5555555555555554
26,120,4.1923076923076925,8,5.4,4.695652173913044
25,77,3.12,6,4.8,3.4285714285714284
17,48,2.6470588235294117,5,3.3636363636363638,2.8461538461538463
16,36,2.5,5,2.6666666666666665,2.6666666666666665
20,30,4.05,6,4.666666666666667,1.5555555555555556
25,43,1.4,2,9.0,1.8
26,88,3.3076923076923075,5,5.6,3.8181818181818183
22,65,2.6818181818181817,5,3.2,2.526315789473684
20,30,4.05,6,4.666666666666667,1.5555555555555556
22,71,2.5,4,4.785714285714286,3.526315789473684
22,53,2.590909090909091,6,3.875,2.2142857142857144
26,83,2.730769230769231,5,4.588235294117647,3.5454545454545454
21,56,2.857142857142857,5,3.4,3.0
20,30,4.05,6,4.666666666666667,1.5555555555555556
24,49,3.25,5,3.625,1.45
26,85,3.1538461538461537,6,5.0,3.6363636363636362
19,54,2.4210526315789473,4,3.5714285714285716,3.125
19,31,2.0526315789473686,3,5.5,1.5714285714285714
21,67,3.619047619047619,7,4.571428571428571,3.5555555555555554
22,54,2.5454545454545454,6,4.0,2.2857142857142856
25,74,3.76,7,5.0,3.1818181818181817
19,61,2.5789473684210527,5,4.0,3.5
19,28,4.052631578947368,6,4.333333333333333,1.5294117647058822
22,52,2.5,6,4.285714285714286,2.142857142857143
27,96,3.5185185185185186,7,5.055555555555555,3.9565217391304346
28,129,3.75,7,5.571428571428571,4.875
19,54,2.8421052631578947,6,2.923076923076923,2.533333333333333
20,30,4.05,6,4.666666666666667,1.5555555555555556
24,42,1.4166666666666667,2,9.0,1.8
27,79,3.0,5,5.6923076923076925,3.217391304347826
26,113,3.0384615384615383,6,5.473684210526316,4.7272727272727275
20,63,2.6,5,4.214285714285714,3.4705882352941178
23,77,3.0434782608695654,6,4.6923076923076925,3.210526315789474
22,65,2.8636363636363638,5,5.0,3.3333333333333335
20,48,2.8,5,3.3846153846153846,2.75
20,30,4.05,6,4.666666666666667,1.5555555555555556
27,116,4.2592592592592595,8,5.4,4.695652173913044
27,109,3.074074074074074,6,5.2105263157894735,4.304347826086956
20,44,3.8,7,4.2,2.3333333333333335
17,20,1.2941176470588236,2,4.0,1.6
20,24,1.25,2,4.0,1.6
16,36,3.375,6,3.5555555555555554,2.4615384615384617
22,85,3.6363636363636362,8,4.0588235294117645,3.8333333333333335
23,92,4.086956521739131,8,4.888888888888889,4.4
21,54,2.4285714285714284,4,5.0,2.857142857142857
15,32,2.4,5,4.166666666666667,2.7777777777777777
23,59,2.347826086956522,5,4.333333333333333,2.6
24,71,2.6666666666666665,5,3.9166666666666665,2.764705882352941
25,107,4.2,8,5.555555555555555,4.545454545454546
25,39,1.76,4,5.0,1.5
18,27,1.9444444444444444,3,4.5,1.3846153846153846
22,67,4.2272727272727275,8,4.333333333333333,3.25
29,95,3.310344827586207,6,6.428571428571429,3.6
25,99,3.24,6,4.444444444444445,3.8095238095238093
23,81,3.0,6,4.3125,3.6315789473684212
19,29,3.9473684210526314,6,4.5,1.588235294117647
25,45,1.4,2,6.666666666666667,2.0
29,92,3.206896551724138,6,6.615384615384615,3.44
21,72,3.1904761904761907,5,4.266666666666667,3.5555555555555554
21,57,3.4285714285714284,6,4.076923076923077,2.9444444444444446
16,27,2.25,4,3.2,1.6
19,52,2.5789473684210527,5,3.2142857142857144,2.8125
16,35,2.5,5,2.5,2.5
20,58,2.7,5,3.5714285714285716,2.9411764705882355
29,110,4.0,7,5.5,3.52
20,30,4.05,6,4.666666666666667,1.5555555555555556
23,65,4.260869565217392,8,4.153846153846154,2.5714285714285716
29,109,3.3793103448275863,6,6.866666666666666,4.12
20,35,2.65,4,4.75,1.3571428571428572
17,27,1.9411764705882353,5,2.5,1.875
23,65,3.652173913043478,6,4.25,2.4285714285714284
24,57,3.375,6,3.7,1.85
18,32,2.5,4,5.5,1.5714285714285714
23,82,3.9130434782608696,7,5.923076923076923,3.85
25,79,3.12,6,4.0,3.4285714285714284
21,41,3.9523809523809526,6,5.5,1.736842105263158
26,114,3.6538461538461537,7,6.055555555555555,4.739130434782608
25,88,3.96,7,5.466666666666667,3.727272727272727
26,110,3.5384615384615383,7,4.7894736842105265,4.136363636363637
27,120,3.740740740740741,7,5.45,4.739130434782608
23,67,3.4782608695652173,6,4.066666666666666,3.05
21,50,3.6666666666666665,7,4.7,2.611111111111111
19,32,2.263157894736842,4,4.0,1.6666666666666667
19,48,2.8947368421052633,6,4.3,2.8666666666666667
31,164,4.064516129032258,7,6.913043478260869,5.888888888888889
23,78,2.782608695652174,6,4.111111111111111,3.7
19,30,2.6842105263157894,4,3.8333333333333335,1.5333333333333334
23,72,3.608695652173913,6,4.428571428571429,3.1
28,112,3.25,6,5.190476190476191,4.36
28,106,3.357142857142857,6,5.666666666666667,4.25
25,84,2.72,5,4.75,3.619047619047619
19,33,3.5789473684210527,5,4.833333333333333,1.7058823529411764
22,54,3.727272727272727,6,4.166666666666667,2.6315789473684212
19,31,3.9473684210526314,6,4.666666666666667,1.6470588235294117
26,107,3.923076923076923,8,5.368421052631579,4.636363636363637
23,75,3.5652173913043477,7,4.538461538461538,2.95
24,72,3.0833333333333335,5,4.533333333333333,3.4
23,95,3.130434782608696,6,4.764705882352941,4.2631578947368425
20,39,2.8,5,3.1818181818181817,2.1875
18,45,2.388888888888889,4,3.727272727272727,2.7333333333333334
23,54,3.4782608695652173,6,4.545454545454546,2.6315789473684212
18,21,1.3333333333333333,2,4.5,1.5
21,25,1.2857142857142858,2,4.5,1.5
13,27,3.923076923076923,6,3.5714285714285716,2.0833333333333335
20,68,3.45,7,3.857142857142857,3.375
23,79,4.130434782608695,8,4.470588235294118,3.8
20,48,2.1,4,5.0,2.5
17,38,3.235294117647059,6,4.571428571428571,2.4615384615384617
22,72,2.772727272727273,5,4.416666666666667,3.1176470588235294
24,72,2.2083333333333335,4,4.8,2.6666666666666665
22,82,3.9545454545454546,8,4.875,4.105263157894737
24,40,1.7916666666666667,4,4.6,2.3
20,30,2.05,3,5.25,1.4
19,57,3.210526315789474,6,4.25,3.1875
26,85,3.923076923076923,7,5.333333333333333,3.6363636363636362
25,86,3.52,6,4.133333333333334,2.9523809523809526
19,29,3.9473684210526314,6,4.5,1.588235294117647
21,54,3.5714285714285716,7,4.4,2.3157894736842106
31,103,3.903225806451613,7,6.533333333333333,3.6296296296296298
20,42,2.65,4,4.6,1.6428571428571428
17,25,1.9411764705882353,5,2.3333333333333335,1.75
23,64,3.1739130434782608,6,3.6923076923076925,2.2857142857142856
22,60,3.590909090909091,7,3.8333333333333335,2.4210526315789473
21,31,4.142857142857143,6,4.833333333333333,1.5263157894736843
29,106,3.9310344827586206,7,6.0,4.08
23,78,2.739130434782609,5,4.352941176470588,3.7
19,29,3.9473684210526314,6,4.5,1.588235294117647
28,81,3.1785714285714284,5,6.416666666666667,3.2083333333333335
25,73,3.96,7,4.6,3.1363636363636362
22,70,2.590909090909091,5,3.8823529411764706,3.473684210526316
24,83,2.875,6,4.6875,3.75
19,29,3.9473684210526314,6,4.5,1.588235294117647
24,51,3.8333333333333335,6,4.7,2.238095238095238
21,32,1.8571428571428572,4,3.25,1.4444444444444444
21,66,2.5238095238095237,5,3.375,3.0
19,29,3.9473684210526314,6,4.5,1.588235294117647
26,110,3.8461538461538463,7,5.833333333333333,4.7727272727272725
29,153,4.0,7,5.909090909090909,5.2
25,77,2.84,5,4.866666666666666,3.4761904761904763
21,61,2.5714285714285716,5,4.0,3.2941176470588234
22,56,3.590909090909091,7,4.076923076923077,2.789473684210526
22,67,2.772727272727273,5,4.285714285714286,3.3333333333333335
19,29,3.9473684210526314,6,4.5,1.588235294117647
24,56,3.625,6,4.636363636363637,2.55
20,28,1.75,4,3.0,1.5
22,68,2.6363636363636362,5,3.235294117647059,2.8947368421052633
19,29,3.9473684210526314,6,4.5,1.588235294117647
22,53,2.5454545454545454,6,4.428571428571429,2.2142857142857144
27,98,4.037037037037037,7,4.947368421052632,3.9166666666666665
21,68,2.7142857142857144,5,3.764705882352941,3.5555555555555554
24,71,3.125,5,4.153846153846154,2.4545454545454546
19,29,4.052631578947368,6,4.5,1.588235294117647
25,112,3.8,7,5.526315789473684,5.0
29,138,3.689655172413793,7,5.695652173913044,5.24
16,21,1.5,3,4.0,1.1428571428571428
21,56,2.857142857142857,5,3.727272727272727,2.1578947368421053
19,28,4.052631578947368,6,4.333333333333333,1.5294117647058822
25,111,3.8,7,5.473684210526316,4.9523809523809526
29,83,3.103448275862069,5,6.0,3.12
19,35,2.263157894736842,4,3.4,1.5454545454545454
24,86,2.7916666666666665,5,4.9375,3.95
24,70,2.625,5,4.333333333333333,3.25
22,65,2.6363636363636362,5,4.461538461538462,3.2222222222222223
19,26,2.526315789473684,4,3.4285714285714284,1.411764705882353
21,60,4.0,7,4.142857142857143,3.0526315789473686
27,106,3.111111111111111,6,5.294117647058823,3.9130434782608696
18,27,3.9444444444444446,6,4.166666666666667,1.5625
23,61,4.217391304347826,8,4.25,2.4285714285714284
29,102,3.2413793103448274,5,6.928571428571429,3.88
19,28,4.052631578947368,6,4.333333333333333,1.5294117647058822
22,60,2.8181818181818183,6,4.875,2.6
27,98,4.148148148148148,7,5.222222222222222,3.9166666666666665
27,99,3.962962962962963,7,5.333333333333333,4.0
19,48,2.5789473684210527,5,3.5833333333333335,2.8666666666666667
27,94,3.7037037037037037,7,4.733333333333333,3.0869565217391304
19,28,4.052631578947368,6,4.333333333333333,1.5294117647058822
26,127,3.8076923076923075,7,5.9,5.363636363636363
32,171,4.375,8,6.833333333333333,5.857142857142857
16,23,1.625,3,3.3333333333333335,1.4285714285714286
21,60,3.1904761904761907,6,3.357142857142857,2.473684210526316
23,49,3.4782608695652173,6,4.090909090909091,2.3684210526315788
18,28,2.2222222222222223,4,3.0,1.25
21,80,3.6666666666666665,7,5.133333333333334,4.277777777777778
23,72,4.0,8,3.923076923076923,2.55
27,89,3.3703703703703702,6,4.9411764705882355,3.652173913043478
21,70,2.619047619047619,5,4.071428571428571,3.3529411764705883
19,34,3.6315789473684212,5,3.75,1.7647058823529411
17,23,1.5294117647058822,3,3.6666666666666665,1.5714285714285714
25,72,3.88,6,5.230769230769231,3.090909090909091
26,95,3.3846153846153846,7,4.157894736842105,3.590909090909091
19,65,3.263157894736842,7,3.6,3.6
21,58,3.4761904761904763,6,4.076923076923077,2.9444444444444446
16,29,2.25,4,3.4,1.7
16,34,2.4375,4,2.727272727272727,2.3076923076923075
21,32,3.9523809523809526,6,5.0,1.5789473684210527
23,66,4.260869565217392,8,4.153846153846154,2.5714285714285716
23,69,3.4347826086956523,6,3.8333333333333335,2.4210526315789473
27,90,3.3703703703703702,6,5.0,3.6956521739130435
18,26,2.1666666666666665,5,2.5,1.5
22,62,3.1818181818181817,6,3.5,2.45
20,33,3.95,6,5.166666666666667,1.7222222222222223
23,91,3.4782608695652173,6,5.0588235294117645,4.3
24,67,2.7916666666666665,6,3.909090909090909,2.5294117647058822
27,103,3.4074074074074074,6,4.85,4.217391304347826
27,130,3.7777777777777777,7,5.714285714285714,5.217391304347826
19,32,3.8421052631578947,6,5.0,1.7647058823529411
25,121,3.28,6,5.55,5.285714285714286
29,120,3.7586206896551726,7,5.523809523809524,4.64
18,31,3.9444444444444446,6,4.833333333333333,1.8125
20,53,4.05,8,3.769230769230769,2.7222222222222223
30,103,3.1666666666666665,5,5.2105263157894735,3.8076923076923075
26,130,3.730769230769231,7,5.65,5.136363636363637
25,76,2.68,5,4.235294117647059,3.4285714285714284
22,48,3.4545454545454546,6,4.4,2.4444444444444446
19,25,1.3157894736842106,2,5.0,1.6666666666666667
22,28,1.2727272727272727,2,5.0,1.6666666666666667
15,33,3.7333333333333334,6,3.75,2.3076923076923075
21,66,3.4285714285714284,6,4.909090909090909,3.176470588235294
22,75,3.272727272727273,6,5.333333333333333,3.5555555555555554
22,80,3.1818181818181817,6,4.266666666666667,3.3684210526315788
21,54,2.2857142857142856,4,2.769230769230769,2.4
19,59,2.9473684210526314,5,4.181818181818182,3.2857142857142856
20,65,3.6,7,3.625,3.2222222222222223
22,41,1.6818181818181819,4,3.8,1.7272727272727273
24,89,4.208333333333333,8,5.0588235294117645,4.095238095238095
23,44,2.217391304347826,4,5.6,2.1538461538461537
19,32,2.1052631578947367,3,6.0,1.6
21,56,4.380952380952381,8,3.857142857142857,2.8421052631578947
29,102,3.9310344827586206,7,6.466666666666667,3.88
22,76,2.8636363636363638,5,4.285714285714286,3.3333333333333335
26,88,2.8461538461538463,5,4.882352941176471,3.772727272727273
20,30,4.05,6,4.666666666666667,1.5555555555555556
29,109,3.9310344827586206,7,5.777777777777778,4.16
22,75,2.6363636363636362,5,4.176470588235294,3.736842105263158
20,31,4.05,6,4.833333333333333,1.6111111111111112
22,65,2.5,4,4.333333333333333,2.888888888888889
25,77,2.68,5,5.214285714285714,3.4761904761904763
23,76,2.6956521739130435,5,4.235294117647059,3.6
22,75,2.6363636363636362,5,4.176470588235294,3.736842105263158
24,73,2.7916666666666665,5,4.6,3.45
22,78,3.227272727272727,6,4.714285714285714,3.6666666666666665
27,94,3.925925925925926,7,5.0625,3.5217391304347827
19,29,3.9473684210526314,6,4.5,1.588235294117647
25,66,3.56,6,4.5,2.8636363636363638
21,32,4.142857142857143,6,5.0,1.5789473684210527
24,104,3.6666666666666665,7,5.5,4.95
23,57,2.739130434782609,6,3.7777777777777777,2.2666666666666666
27,102,3.3703703703703702,6,5.105263157894737,4.217391304347826
28,117,3.857142857142857,7,5.35,4.458333333333333
21,63,2.761904761904762,6,3.6666666666666665,2.588235294117647
22,60,2.6363636363636362,5,3.2666666666666666,2.5789473684210527
20,30,4.05,6,4.666666666666667,1.5555555555555556
27,107,3.5555555555555554,7,4.705882352941177,3.6363636363636362
30,129,3.933333333333333,7,5.545454545454546,4.6923076923076925
24,88,2.6666666666666665,5,5.2,3.9
21,55,2.857142857142857,5,4.1,2.1578947368421053
20,30,4.05,6,4.666666666666667,1.5555555555555556
27,96,3.3703703703703702,5,5.75,4.0
20,33,2.05,4,3.5,1.4
19,29,3.9473684210526314,6,4.5,1.588235294117647
21,64,2.7142857142857144,5,4.615384615384615,3.3333333333333335
22,52,2.5454545454545454,6,4.285714285714286,2.142857142857143
31,173,4.354838709677419,8,6.64,6.148148148148148
26,95,2.9615384615384617,6,5.0588235294117645,3.909090909090909
23,52,3.5217391304347827,6,4.2727272727272725,2.473684210526316
18,20,1.3333333333333333,2,4.0,1.3333333333333333
20,57,2.95,5,5.3,3.3125
31,160,4.258064516129032,8,6.7727272727272725,5.518518518518518
21,58,2.5238095238095237,5,3.1875,2.8333333333333335
21,32,2.0952380952380953,4,3.8,1.4615384615384615
23,61,4.260869565217392,8,4.454545454545454,2.3333333333333335
22,70,3.772727272727273,7,3.769230769230769,2.5789473684210527
28,93,3.0357142857142856,5,5.5,3.6666666666666665
25,94,3.48,7,4.6875,3.5714285714285716
24,71,2.625,5,4.125,3.3
19,28,4.052631578947368,6,4.333333333333333,1.5294117647058822
29,100,3.4827586206896552,6,6.0,3.84
24,90,3.0,6,4.764705882352941,4.05
19,29,3.9473684210526314,6,4.5,1.588235294117647
19,51,3.1578947368421053,6,3.6923076923076925,3.0
24,75,3.6666666666666665,6,4.733333333333333,3.380952380952381
19,54,2.6315789473684212,5,3.5,3.0625
18,45,2.5555555555555554,5,3.076923076923077,2.857142857142857
20,43,3.3,5,4.222222222222222,2.111111111111111
18,31,2.611111111111111,4,3.5,1.5
23,60,3.608695652173913,7,5.333333333333333,2.2857142857142856
23,63,3.130434782608696,7,3.6363636363636362,2.3529411764705883
26,84,2.769230769230769,5,4.647058823529412,3.590909090909091
24,78,2.7916666666666665,5,4.0,3.0
23,67,2.739130434782609,5,3.875,3.263157894736842
19,28,4.052631578947368,6,4.333333333333333,1.5294117647058822
29,111,3.896551724137931,7,6.235294117647059,4.24
25,92,2.92,6,4.444444444444445,3.8095238095238093
19,29,3.9473684210526314,6,4.5,1.588235294117647
25,98,3.52,6,6.071428571428571,3.8636363636363638
22,61,2.9545454545454546,5,3.7333333333333334,3.111111111111111
19,29,3.9473684210526314,6,4.5,1.588235294117647
24,109,3.7916666666666665,8,4.833333333333333,4.35
25,88,3.04,5,5.125,3.9047619047619047
28,109,3.892857142857143,7,5.3,4.24
16,37,2.5,5,2.4615384615384617,2.6666666666666665
19,62,3.1578947368421053,7,3.3333333333333335,3.3333333333333335
18,42,2.7777777777777777,5,3.0833333333333335,2.642857142857143
19,28,4.052631578947368,6,4.333333333333333,1.5294117647058822
23,66,2.347826086956522,5,4.0,2.823529411764706
27,106,3.7037037037037037,6,4.764705882352941,3.5217391304347827
22,58,3.0454545454545454,5,4.076923076923077,2.9444444444444446
21,60,2.6666666666666665,5,3.357142857142857,2.611111111111111
16,36,2.5,5,2.3846153846153846,2.5833333333333335
21,46,3.380952380952381,6,4.333333333333333,2.0526315789473686
17,22,1.3529411764705883,2,4.5,1.5
19,57,4.157894736842105,8,4.0,3.0588235294117645
25,101,3.56,7,5.411764705882353,4.380952380952381
21,58,2.9047619047619047,5,3.2857142857142856,2.4210526315789473
20,37,3.05,5,3.375,1.588235294117647
25,61,2.16,4,4.5,2.1176470588235294
26,84,3.0384615384615383,5,5.2,3.5454545454545454
22,66,2.6818181818181817,5,3.8125,3.388888888888889
24,89,3.0,6,4.9375,3.95
20,30,4.05,6,4.666666666666667,1.5555555555555556
25,107,3.88,6,6.642857142857143,4.2272727272727275
24,70,3.0833333333333335,6,3.823529411764706,3.25
20,31,3.95,6,4.833333333333333,1.6111111111111112
22,64,3.409090909090909,7,3.8181818181818183,2.4705882352941178
26,86,4.038461538461538,7,4.764705882352941,3.5217391304347827
21,66,2.7142857142857144,5,3.8125,3.388888888888889
24,80,4.458333333333333,8,3.875,2.8181818181818183
21,58,2.7142857142857144,5,3.7142857142857144,3.0588235294117645
22,84,3.6363636363636362,7,4.666666666666667,3.888888888888889
21,51,3.6666666666666665,7,4.090909090909091,2.5
20,41,3.1,6,2.8181818181818183,1.9375
23,63,3.391304347826087,6,4.076923076923077,2.65
31,112,3.2580645161290325,5,7.0,3.888888888888889
21,43,3.0,6,3.25,1.625
21,57,2.7142857142857144,5,3.533333333333333,2.9444444444444446
29,120,3.7586206896551726,7,5.523809523809524,4.64
23,70,3.4347826086956523,6,4.571428571428571,3.2
25,83,3.88,7,4.9375,3.761904761904762
29,102,3.7241379310344827,7,5.444444444444445,3.92
24,92,3.6666666666666665,7,5.0625,4.05
19,30,3.9473684210526314,6,4.666666666666667,1.6470588235294117
27,94,3.4444444444444446,6,6.357142857142857,3.869565217391304
27,144,4.333333333333333,8,6.095238095238095,5.333333333333333
20,32,4.05,6,5.0,1.6666666666666667
23,77,3.217391304347826,7,4.666666666666667,3.2941176470588234
30,103,3.5,6,5.764705882352941,3.769230769230769
25,102,3.32,6,5.0,4.0476190476190474
22,70,2.772727272727273,6,3.9411764705882355,3.526315789473684
23,63,2.9130434782608696,5,3.2777777777777777,3.1052631578947367
20,34,2.95,5,5.0,1.6666666666666667
26,93,3.3076923076923075,6,4.928571428571429,3.45
23,69,3.6956521739130435,7,4.333333333333333,3.25
20,36,2.3,4,4.0,1.6666666666666667
16,25,1.75,4,2.6,1.8571428571428572
22,46,3.090909090909091,6,3.230769230769231,2.3333333333333335
17,41,2.588235294117647,5,2.8461538461538463,2.8461538461538463
20,55,2.6,5,4.363636363636363,3.0
27,88,3.7037037037037037,6,5.333333333333333,3.4782608695652173
20,32,4.05,6,5.0,1.6666666666666667
21,57,2.761904761904762,5,5.111111111111111,2.875
28,130,3.6785714285714284,7,6.235294117647059,4.416666666666667
24,65,3.0416666666666665,5,4.066666666666666,3.05
17,30,2.764705882352941,5,3.4,1.4166666666666667
24,77,3.2083333333333335,7,4.111111111111111,3.5238095238095237
16,36,2.5,5,2.6666666666666665,2.6666666666666665
23,71,2.608695652173913,5,3.875,3.1
20,30,4.05,6,4.666666666666667,1.5555555555555556
28,96,3.5357142857142856,6,5.411764705882353,3.8333333333333335
20,29,1.9,4,3.25,1.4444444444444444
29,93,4.0,7,6.3076923076923075,3.28
21,67,2.6666666666666665,5,4.266666666666667,3.5555555555555554
19,29,3.9473684210526314,6,4.5,1.588235294117647
24,78,2.7083333333333335,5,6.0,3.176470588235294
29,104,3.4482758620689653,6,5.5,3.96
24,82,3.1666666666666665,6,3.764705882352941,3.2
19,29,3.9473684210526314,6,4.5,1.588235294117647
25,57,3.68,6,4.818181818181818,2.5238095238095237
19,29,3.9473684210526314,6,4.5,1.588235294117647
24,66,2.5416666666666665,5,5.25,2.625
28,87,3.5357142857142856,6,5.928571428571429,3.4583333333333335
24,69,3.3333333333333335,6,4.333333333333333,3.25
21,64,2.7142857142857144,5,3.8125,3.388888888888889
23,61,3.0,5,3.4615384615384617,2.142857142857143
17,40,2.588235294117647,5,2.769230769230769,2.769230769230769
18,51,2.7777777777777777,5,3.6363636363636362,2.857142857142857
23,57,3.6956521739130435,6,4.9,2.45
19,29,3.9473684210526314,6,4.5,1.588235294117647
24,55,3.8333333333333335,6,4.25,2.4285714285714284
19,29,3.9473684210526314,6,4.5,1.588235294117647
26,99,3.6923076923076925,7,5.352941176470588,3.9565217391304346
25,80,3.0,5,5.428571428571429,3.619047619047619
19,33,1.9473684210526316,4,3.0,1.6666666666666667
23,72,2.782608695652174,5,4.642857142857143,3.4210526315789473
20,60,2.65,5,4.071428571428571,3.3529411764705883
17,40,2.5294117647058822,5,2.769230769230769,2.769230769230769
21,65,3.4761904761904763,7,3.857142857142857,3.176470588235294
27,87,3.4074074074074074,6,4.0588235294117645,3.0
19,29,3.9473684210526314,6,4.5,1.588235294117647
23,53,3.782608695652174,6,4.454545454545454,2.45
20,34,3.1,5,4.428571428571429,1.7222222222222223
20,67,4.2,8,4.0625,3.611111111111111
26,79,2.6153846153846154,5,5.0,3.409090909090909
25,101,3.52,7,4.823529411764706,3.9047619047619047
21,54,2.857142857142857,5,3.5714285714285716,2.9411764705882355
19,29,3.9473684210526314,6,4.5,1.588235294117647
25,94,3.48,6,5.857142857142857,3.727272727272727
25,84,3.0,5,5.266666666666667,3.761904761904762
19,30,1.631578947368421,4,2.4,1.7142857142857142
24,83,2.7916666666666665,5,5.066666666666666,3.8
20,59,2.6,5,3.9285714285714284,3.235294117647059
16,36,2.5,5,2.5833333333333335,2.5833333333333335
19,59,3.210526315789474,6,4.0,3.2
19,29,3.9473684210526314,6,4.5,1.588235294117647
28,97,3.5,6,5.8125,3.875
20,29,1.6,4,2.75,1.5714285714285714
19,29,3.9473684210526314,6,4.5,1.588235294117647
24,51,3.8333333333333335,6,4.7,2.238095238095238
20,50,3.65,7,3.9166666666666665,2.764705882352941
23,74,4.086956521739131,8,4.375,3.5
22,55,3.6363636363636362,6,4.25,2.6842105263157894
18,59,3.2777777777777777,7,3.4285714285714284,3.4285714285714284
17,37,2.6470588235294117,5,2.6666666666666665,2.4615384615384617
20,64,2.85,5,3.9285714285714284,3.4375
30,115,3.966666666666667,7,5.555555555555555,3.8461538461538463
19,29,3.9473684210526314,6,4.5,1.588235294117647
24,55,3.625,6,4.545454545454546,2.5
24,33,1.75,4,3.25,1.4444444444444444
22,65,2.6818181818181817,5,3.0,2.6842105263157894
19,29,3.9473684210526314,6,4.5,1.588235294117647
23,41,2.869565217391304,5,4.4,1.2941176470588236
28,96,3.2857142857142856,6,5.6875,3.7916666666666665
19,55,2.4210526315789473,4,3.642857142857143,3.1875
20,31,4.05,6,4.833333333333333,1.6111111111111112
25,117,3.88,8,5.277777777777778,4.523809523809524
27,88,3.185185185185185,5,5.1875,3.608695652173913
22,61,2.9545454545454546,6,3.8666666666666667,3.0526315789473686
16,36,2.5,5,2.3846153846153846,2.5833333333333335
19,28,4.052631578947368,6,4.333333333333333,1.5294117647058822
26,61,3.9615384615384617,6,5.181818181818182,2.4782608695652173
19,29,3.9473684210526314,6,4.5,1.588235294117647
20,65,3.75,7,4.428571428571429,3.6470588235294117
23,55,2.4347826086956523,5,5.333333333333333,2.2857142857142856
27,125,4.148148148148148,8,5.2105263157894735,4.304347826086956
26,85,3.3076923076923075,6,4.588235294117647,3.5454545454545454
19,54,2.6315789473684212,5,3.75,3.0
16,38,2.4375,4,2.8333333333333335,2.6153846153846154
20,44,2.95,5,2.923076923076923,2.375
17,43,3.2941176470588234,6,3.25,2.7857142857142856
16,28,2.25,4,3.4,1.7
19,32,3.0526315789473686,5,4.666666666666667,1.6470588235294117
27,138,4.333333333333333,8,5.285714285714286,4.625
28,97,3.3214285714285716,6,4.7894736842105265,3.7916666666666665
22,70,3.1363636363636362,6,4.266666666666667,3.5555555555555554
17,39,2.7058823529411766,5,2.5,2.5
23,65,2.9130434782608696,6,4.615384615384615,3.0
21,61,2.9047619047619047,5,3.9285714285714284,3.235294117647059
18,43,3.2777777777777777,6,2.923076923076923,2.7142857142857144
21,35,3.9523809523809526,6,5.5,1.736842105263158
27,101,4.148148148148148,7,6.333333333333333,4.130434782608695
24,97,3.2916666666666665,6,4.333333333333333,3.9
21,35,3.9523809523809526,6,5.5,1.736842105263158
27,70,4.0,6,5.416666666666667,2.7083333333333335
18,28,3.9444444444444446,6,4.333333333333333,1.625
27,91,3.2962962962962963,6,5.117647058823529,3.782608695652174
29,117,3.7586206896551726,7,5.65,4.52
19,32,3.9473684210526314,6,5.0,1.7647058823529411
22,48,3.909090909090909,6,4.0,2.3157894736842106
29,163,4.0344827586206895,7,6.363636363636363,5.6
26,83,2.769230769230769,5,4.588235294117647,3.5454545454545454
20,34,4.05,6,5.166666666666667,1.7222222222222223
23,65,3.130434782608696,6,4.166666666666667,2.9411764705882355
25,89,3.88,6,5.3125,3.8636363636363638
22,52,3.272727272727273,7,3.769230769230769,2.5789473684210527
22,56,3.3636363636363638,7,3.923076923076923,2.6842105263157894
25,66,3.12,5,4.133333333333334,2.9523809523809526
22,75,2.5,4,4.333333333333333,3.611111111111111
19,43,2.8421052631578947,5,3.25,2.6
20,31,4.05,6,4.833333333333333,1.6111111111111112
26,101,3.6153846153846154,7,5.5625,3.869565217391304
24,75,2.7083333333333335,5,3.9444444444444446,3.55
21,68,2.619047619047619,5,4.0625,3.611111111111111
22,46,3.4545454545454546,6,4.2,2.3333333333333335
18,24,1.3333333333333333,2,5.5,1.8333333333333333
21,75,3.761904761904762,7,5.142857142857143,4.0
27,97,3.6666666666666665,7,5.470588235294118,4.043478260869565
23,88,3.0434782608695654,6,4.5,3.789473684210526
25,61,2.96,6,3.909090909090909,2.263157894736842
19,30,3.9473684210526314,6,4.666666666666667,1.6470588235294117
24,84,2.9583333333333335,6,4.764705882352941,3.857142857142857
22,57,3.0454545454545454,6,4.444444444444445,2.5
26,84,3.3076923076923075,6,4.705882352941177,3.6363636363636362
24,81,2.875,6,4.5625,3.65
20,31,3.65,5,5.8,1.6111111111111112
29,107,3.9655172413793105,7,5.722222222222222,4.12
24,89,3.0,6,4.705882352941177,4.0
19,29,3.9473684210526314,6,4.5,1.588235294117647
22,68,2.6818181818181817,5,5.0,3.4210526315789473
22,56,2.590909090909091,6,4.111111111111111,2.642857142857143
27,101,2.740740740740741,5,5.052631578947368,4.173913043478261
20,31,4.05,6,4.833333333333333,1.6111111111111112
16,21,1.5625,3,3.0,1.2857142857142858
28,86,3.0714285714285716,5,5.785714285714286,3.375
19,37,2.4210526315789473,4,3.8,1.5833333333333333
21,65,2.619047619047619,5,4.133333333333334,3.4444444444444446
25,97,3.04,6,4.722222222222222,4.0476190476190474
21,59,2.7142857142857144,5,3.9285714285714284,3.235294117647059
19,63,2.8421052631578947,5,4.3076923076923075,3.5
21,54,3.380952380952381,6,3.8461538461538463,2.7777777777777777
15,25,2.0,4,2.6,1.625
20,30,4.05,6,4.666666666666667,1.5555555555555556
26,82,3.8461538461538463,7,4.625,3.217391304347826
19,29,3.9473684210526314,6,4.5,1.588235294117647
20,62,2.6,5,4.142857142857143,3.411764705882353
29,107,3.4482758620689653,6,5.666666666666667,4.08
24,84,3.2083333333333335,7,3.7058823529411766,3.15
22,64,2.6363636363636362,5,3.0,2.6842105263157894
20,30,4.05,6,4.666666666666667,1.5555555555555556
24,87,3.5,7,4.315789473684211,4.1
25,100,3.52,7,5.0,4.285714285714286
27,115,3.6666666666666665,7,5.35,4.6521739130434785
20,31,4.05,6,4.833333333333333,1.6111111111111112
26,100,3.3461538461538463,6,6.333333333333333,4.318181818181818
25,117,4.16,8,4.666666666666667,4.454545454545454
23,52,3.652173913043478,7,4.1,2.05
19,32,2.526315789473684,4,4.142857142857143,1.7058823529411764
25,65,3.52,6,4.3076923076923075,2.5454545454545454
19,29,4.052631578947368,6,4.5,1.588235294117647
21,62,2.6666666666666665,5,4.545454545454546,3.3333333333333335
26,111,3.423076923076923,6,5.5,4.0
23,60,3.782608695652174,6,4.0,2.8
21,52,2.8095238095238093,5,3.4285714285714284,2.823529411764706
18,27,3.9444444444444446,6,4.166666666666667,1.5625
25,82,3.24,6,4.333333333333333,3.7142857142857144
25,99,3.44,7,5.411764705882353,4.380952380952381
26,110,3.576923076923077,7,4.95,4.5
18,27,3.9444444444444446,6,4.166666666666667,1.5625
26,118,3.8076923076923075,7,6.055555555555555,4.954545454545454
26,100,3.269230769230769,6,5.333333333333333,4.173913043478261
22,61,3.727272727272727,7,4.384615384615385,3.0
19,33,1.9473684210526316,4,3.0,1.6666666666666667
21,60,2.5238095238095237,5,3.2,2.6666666666666665
19,29,3.9473684210526314,6,4.5,1.588235294117647
17,21,1.3529411764705883,2,3.5,1.1666666666666667
25,77,3.0,5,6.545454545454546,3.4285714285714284
23,67,2.9130434782608696,5,4.428571428571429,3.263157894736842
21,56,2.6666666666666665,5,3.3076923076923075,2.388888888888889
18,27,3.9444444444444446,6,4.166666666666667,1.5625
23,63,2.5652173913043477,5,4.444444444444445,2.6666666666666665
23,64,3.6956521739130435,6,4.615384615384615,3.0
21,66,2.857142857142857,6,4.133333333333334,3.4444444444444446
24,66,3.0833333333333335,5,3.8461538461538463,2.272727272727273
19,52,2.6315789473684212,5,3.4285714285714284,3.2
19,55,3.0526315789473686,6,3.909090909090909,2.8666666666666667
19,29,3.9473684210526314,6,4.5,1.588235294117647
21,71,2.619047619047619,5,4.466666666666667,3.7222222222222223
29,98,3.3448275862068964,6,5.166666666666667,3.72
19,28,4.052631578947368,6,4.333333333333333,1.5294117647058822
25,107,3.6,6,6.133333333333334,4.181818181818182
26,85,2.923076923076923,5,5.333333333333333,3.6363636363636362
18,27,3.9444444444444446,6,4.166666666666667,1.5625
24,45,3.0833333333333335,5,3.4285714285714284,1.263157894736842
27,85,3.111111111111111,5,5.333333333333333,3.4782608695652173
21,55,2.9523809523809526,5,3.5384615384615383,2.4210526315789473
29,89,3.4827586206896552,6,4.0625,2.6
20,35,3.1,5,3.875,1.7222222222222223
20,51,3.2,5,4.6,2.7058823529411766
28,112,3.6785714285714284,6,6.294117647058823,4.458333333333333
27,109,3.925925925925926,7,5.3,4.416666666666667
21,58,2.7142857142857144,5,3.533333333333333,3.1176470588235294
20,31,4.05,6,4.666666666666667,1.5555555555555556
25,104,3.64,6,6.5,4.136363636363637
25,79,2.88,5,4.933333333333334,3.5238095238095237
19,28,4.052631578947368,6,4.333333333333333,1.5294117647058822
20,58,3.3,6,5.0,3.125
26,95,3.3461538461538463,6,5.294117647058823,4.090909090909091
23,67,3.608695652173913,6,4.428571428571429,3.1
17,29,2.0588235294117645,4,3.0,1.3333333333333333
19,30,2.526315789473684,5,3.0,1.5
20,54,3.4,6,4.083333333333333,2.8823529411764706
20,31,3.95,6,4.833333333333333,1.6111111111111112
26,94,3.576923076923077,7,4.533333333333333,3.238095238095238
29,100,3.413793103448276,6,5.529411764705882,3.76
23,87,3.4347826086956523,7,4.117647058823529,3.6842105263157894
21,33,3.9523809523809526,6,5.166666666666667,1.631578947368421
25,112,3.92,6,6.533333333333333,4.454545454545454
24,71,3.0833333333333335,6,3.8823529411764706,3.3
20,33,3.95,6,5.166666666666667,1.7222222222222223
22,73,2.727272727272727,5,4.75,3.5625
26,80,4.038461538461538,7,5.0,3.260869565217391
20,63,2.75,5,3.8666666666666667,3.411764705882353
25,113,3.64,7,5.333333333333333,4.571428571428571
23,46,3.9130434782608696,6,6.142857142857143,2.15
28,99,3.75,7,5.588235294117647,3.9583333333333335
22,52,3.227272727272727,6,3.2,1.7777777777777777
15,27,2.4,5,3.0,2.0
25,104,3.16,6,5.166666666666667,4.428571428571429
23,48,3.130434782608696,5,3.3846153846153846,2.3157894736842106
19,39,2.8947368421052633,6,3.125,1.7857142857142858
16,35,2.625,5,2.3846153846153846,2.5833333333333335
22,66,2.5,5,4.214285714285714,3.1052631578947367
20,32,4.05,6,5.0,1.6666666666666667
26,90,3.5,6,5.642857142857143,3.4347826086956523
24,67,3.0,5,3.9375,3.15
20,32,4.05,6,5.0,1.6666666666666667
22,53,3.8181818181818183,8,3.5833333333333335,2.263157894736842
26,93,4.076923076923077,7,5.235294117647059,3.869565217391304
26,72,3.0,5,3.526315789473684,3.0454545454545454
21,46,3.4761904761904763,6,4.4,2.3157894736842106
18,26,1.5,2,7.0,1.5555555555555556
21,29,1.4285714285714286,2,7.0,1.5555555555555556
17,33,2.8823529411764706,5,4.0,2.1538461538461537
21,60,3.238095238095238,5,4.7,2.764705882352941
24,70,2.2083333333333335,5,3.769230769230769,2.8823529411764706
17,41,2.6470588235294117,4,3.4444444444444446,2.2142857142857144
23,40,1.4782608695652173,3,4.0,2.0
21,47,1.9047619047619047,4,3.0,2.4545454545454546
21,71,4.095238095238095,8,4.3125,3.6315789473684212
22,49,1.7727272727272727,4,3.0,2.4545454545454546
19,51,3.210526315789474,6,5.5,2.75
23,40,1.9565217391304348,4,4.8,2.1818181818181817
18,30,2.0555555555555554,3,5.75,1.6428571428571428
26,102,4.5,8,5.2105263157894735,4.304347826086956
26,85,3.6923076923076925,7,4.5,2.8636363636363638
19,29,3.9473684210526314,6,4.5,1.588235294117647
28,96,3.4642857142857144,6,5.6875,3.7916666666666665
27,138,4.222222222222222,8,5.619047619047619,4.916666666666667
19,29,3.9473684210526314,6,4.5,1.588235294117647
24,62,3.875,6,4.142857142857143,2.761904761904762
19,29,3.9473684210526314,6,4.5,1.588235294117647
20,59,4.2,8,3.8,3.1666666666666665
27,93,3.3703703703703702,6,5.235294117647059,3.869565217391304
23,80,3.217391304347826,6,3.9375,3.3157894736842106
17,25,1.7058823529411764,4,2.8,1.5555555555555556
21,53,3.0476190476190474,5,4.083333333333333,2.8823529411764706
15,30,2.2,4,3.2,1.7777777777777777
28,102,3.9642857142857144,7,5.0588235294117645,3.5833333333333335
20,28,2.15,3,5.5,1.375
21,58,4.0476190476190474,7,4.3076923076923075,2.9473684210526314
19,30,1.7894736842105263,4,3.0,1.5
23,76,2.739130434782609,5,3.764705882352941,3.2
19,29,3.9473684210526314,6,4.5,1.588235294117647
24,87,3.5,7,4.611111111111111,4.15
24,96,3.4166666666666665,7,5.0,4.5
28,126,3.642857142857143,7,5.571428571428571,4.875
22,62,2.772727272727273,5,3.2857142857142856,2.5555555555555554
19,29,3.9473684210526314,6,4.5,1.588235294117647
24,55,3.8333333333333335,6,4.636363636363637,2.4285714285714284
26,119,3.9615384615384617,7,4.9,4.260869565217392
28,151,4.571428571428571,8,5.954545454545454,5.24
23,72,2.739130434782609,5,4.25,3.5789473684210527
17,21,1.411764705882353,2,7.0,1.0
17,40,2.411764705882353,4,3.0833333333333335,2.642857142857143
21,45,3.0,5,3.1538461538461537,2.411764705882353
19,49,2.789473684210526,5,3.3846153846153846,2.933333333333333
15,27,2.1333333333333333,4,2.8,1.5555555555555556
19,29,3.9473684210526314,6,4.5,1.588235294117647
23,44,2.869565217391304,5,3.8333333333333335,1.3529411764705883
27,84,3.074074074074074,5,5.642857142857143,3.4347826086956523
19,56,2.4210526315789473,4,3.7142857142857144,3.25
20,30,4.05,6,4.666666666666667,1.5555555555555556
17,20,1.3529411764705883,2,3.5,1.1666666666666667
25,78,3.0,5,6.083333333333333,3.4761904761904763
19,27,1.4736842105263157,3,3.3333333333333335,1.6666666666666667
19,52,2.473684210526316,5,3.2,3.2
20,30,4.05,6,4.666666666666667,1.5555555555555556
24,81,3.3333333333333335,7,5.181818181818182,3.0
29,98,3.310344827586207,6,5.470588235294118,3.72
24,70,2.75,5,3.466666666666667,2.6
21,64,2.6666666666666665,5,3.75,3.5294117647058822
21,54,2.9047619047619047,5,3.1666666666666665,2.0
29,108,3.8620689655172415,7,5.176470588235294,3.52
19,29,3.9473684210526314,6,4.5,1.588235294117647
26,78,3.8846153846153846,7,4.866666666666666,3.1739130434782608
28,99,3.7857142857142856,7,5.642857142857143,3.2916666666666665
25,79,2.84,6,3.176470588235294,2.8421052631578947
22,76,3.227272727272727,7,4.066666666666666,3.388888888888889
18,27,3.9444444444444446,6,4.166666666666667,1.5625
25,96,3.52,6,6.0,3.8181818181818183
22,62,3.5,6,4.142857142857143,3.0526315789473686
23,67,3.0,6,4.266666666666667,3.2
16,37,2.5,5,2.4615384615384617,2.6666666666666665
19,28,4.052631578947368,6,4.333333333333333,1.5294117647058822
25,97,3.48,7,4.6,4.380952380952381
24,90,3.5,7,5.266666666666667,3.95
26,108,3.6538461538461537,7,5.157894736842105,4.454545454545454
18,28,2.5,4,4.0,1.5
21,72,3.6666666666666665,7,4.466666666666667,3.7222222222222223
23,65,3.5652173913043477,7,4.3,2.263157894736842
27,89,2.740740740740741,5,4.9411764705882355,3.652173913043478
19,29,4.052631578947368,6,4.5,1.588235294117647
17,36,2.9411764705882355,6,3.5,2.3333333333333335
26,102,3.269230769230769,6,4.476190476190476,4.2727272727272725
19,46,2.473684210526316,5,3.4166666666666665,2.7333333333333334
19,47,2.473684210526316,5,3.5,2.8
18,39,2.7777777777777777,5,3.4285714285714284,1.8461538461538463
17,26,3.823529411764706,6,4.0,1.6
30,101,3.6,6,8.636363636363637,3.6538461538461537
25,127,4.28,8,5.0,5.0
18,27,3.9444444444444446,6,4.166666666666667,1.5625
20,59,3.8,7,4.153846153846154,3.176470588235294
26,77,4.038461538461538,7,4.8,3.130434782608696
22,63,4.090909090909091,8,4.285714285714286,3.1578947368421053
25,99,3.32,7,4.777777777777778,4.095238095238095
20,50,2.6,5,3.2142857142857144,2.8125
19,52,2.5789473684210527,5,3.75,3.0
26,75,3.8461538461538463,7,4.571428571428571,2.909090909090909
17,22,1.2941176470588236,2,4.0,1.6
21,25,1.2380952380952381,2,3.5,1.4
20,50,3.2,6,4.5,2.8125
23,102,3.869565217391304,8,5.25,4.2
26,111,4.1923076923076925,8,5.25,4.565217391304348
21,76,3.2857142857142856,6,5.083333333333333,3.8125
20,55,3.45,6,4.454545454545454,2.8823529411764706
24,88,3.25,6,5.333333333333333,3.3684210526315788
24,96,3.1666666666666665,7,4.8,4.0
25,118,4.16,8,5.45,4.954545454545454
26,47,2.1153846153846154,5,4.2,1.5
18,34,2.0,3,6.333333333333333,1.4615384615384615
21,86,3.7142857142857144,7,4.823529411764706,4.555555555555555
26,92,3.0,6,4.944444444444445,3.869565217391304
27,98,3.074074074074074,5,5.529411764705882,4.086956521739131
21,39,3.0952380952380953,5,4.375,1.8421052631578947
22,70,4.090909090909091,7,4.357142857142857,3.05
22,53,2.8181818181818183,5,4.5,2.25
26,97,3.3461538461538463,6,5.166666666666667,4.2272727272727275
22,72,2.6363636363636362,5,4.3125,3.6315789473684212
25,62,3.24,5,4.142857142857143,2.761904761904762
18,35,2.5,4,4.6,1.9166666666666667
16,28,3.0625,6,3.5,1.75
20,57,2.6,5,4.153846153846154,3.176470588235294
23,46,3.130434782608696,5,3.230769230769231,2.210526315789474
27,73,3.6666666666666665,7,4.4375,2.84
18,43,3.0,6,3.0,2.7857142857142856
21,73,3.142857142857143,6,3.764705882352941,3.764705882352941
18,44,2.8333333333333335,5,3.076923076923077,2.857142857142857
19,30,3.5789473684210527,5,5.6,1.6470588235294117
23,56,2.5652173913043477,6,3.7,2.466666666666667
25,92,4.12,7,4.888888888888889,4.0
23,71,2.782608695652174,5,3.8461538461538463,2.5
20,31,4.05,6,4.833333333333333,1.6111111111111112
16,26,2.3125,4,3.3333333333333335,1.6666666666666667
25,91,3.4,6,4.421052631578948,4.0
21,39,2.761904761904762,4,3.888888888888889,2.0588235294117645
18,46,2.4444444444444446,5,3.230769230769231,2.8
17,26,3.823529411764706,6,4.0,1.6
27,83,3.4444444444444446,6,4.9375,3.4347826086956523
23,79,2.782608695652174,6,4.166666666666667,3.75
22,53,3.5,6,5.125,2.1578947368421053
19,29,3.9473684210526314,6,4.5,1.588235294117647
21,64,2.4761904761904763,4,4.285714285714286,3.3333333333333335
22,53,2.590909090909091,6,3.888888888888889,2.5
29,94,3.1724137931034484,5,5.625,3.6
25,101,3.28,6,4.823529411764706,3.9047619047619047
22,69,2.6363636363636362,5,4.333333333333333,3.611111111111111
19,29,3.9473684210526314,6,4.5,1.588235294117647
24,83,2.5833333333333335,5,5.0,3.8095238095238093
21,54,2.6666666666666665,6,3.7777777777777777,2.4285714285714284
28,106,2.857142857142857,5,5.315789473684211,4.208333333333333
22,62,2.909090909090909,5,3.4375,3.0555555555555554
19,29,3.9473684210526314,6,4.5,1.588235294117647
22,54,2.5454545454545454,6,4.0,2.2857142857142856
26,98,3.576923076923077,7,4.894736842105263,4.2272727272727275
25,66,3.36,6,4.133333333333334,2.9523809523809526
19,51,2.5789473684210527,5,4.1,2.7333333333333334
19,48,2.3684210526315788,4,3.6666666666666665,2.75
20,30,4.05,6,4.666666666666667,1.5555555555555556
25,112,4.0,8,5.25,5.0
26,94,3.0,6,4.777777777777778,3.909090909090909
27,77,3.5185185185185186,6,4.266666666666667,2.782608695652174
21,35,3.0476190476190474,5,4.571428571428571,1.6842105263157894
21,65,3.6666666666666665,7,4.133333333333334,3.4444444444444446
28,104,3.4642857142857144,6,5.823529411764706,4.125
19,29,3.9473684210526314,6,4.5,1.588235294117647
15,20,1.6,3,3.0,1.5
26,115,3.5,7,4.5,4.285714285714286
24,69,3.125,6,3.823529411764706,3.25
20,30,4.05,6,4.666666666666667,1.5555555555555556
23,82,2.739130434782609,5,5.2,3.9
27,88,3.185185185185185,6,6.384615384615385,3.608695652173913
20,30,4.05,6,4.666666666666667,1.5555555555555556
21,67,2.7142857142857144,5,4.5,3.5
22,52,2.5454545454545454,6,4.285714285714286,2.142857142857143
26,87,2.6923076923076925,5,4.611111111111111,3.772727272727273
20,30,4.05,6,4.666666666666667,1.5555555555555556
26,114,3.8076923076923075,7,5.944444444444445,4.863636363636363
28,83,3.107142857142857,5,6.583333333333333,3.2916666666666665
21,57,3.4761904761904763,6,4.076923076923077,2.9444444444444446
18,27,3.9444444444444446,6,4.166666666666667,1.5625
24,86,2.5416666666666665,4,4.823529411764706,3.9047619047619047
22,54,2.3636363636363638,5,4.0,2.2857142857142856
24,74,3.6666666666666665,6,4.375,3.3333333333333335
19,57,2.5789473684210527,5,3.7857142857142856,3.3125
20,30,4.05,6,4.666666666666667,1.5555555555555556
27,101,3.6296296296296298,7,4.625,3.3636363636363638
27,84,3.074074074074074,5,6.076923076923077,3.4347826086956523
21,57,3.4761904761904763,6,4.076923076923077,2.9444444444444446
20,62,2.9,6,3.6923076923076925,3.0
26,83,3.6538461538461537,6,5.6923076923076925,3.3636363636363638
21,61,2.6666666666666665,5,2.9375,2.611111111111111
20,30,4.05,6,4.666666666666667,1.5555555555555556
21,70,2.5714285714285716,5,4.714285714285714,3.6666666666666665
28,93,3.25,6,5.866666666666666,3.6666666666666665
20,30,4.05,6,4.666666666666667,1.5555555555555556
28,126,4.321428571428571,8,5.409090909090909,4.958333333333333
27,110,3.074074074074074,6,5.0,4.3478260869565215
27,80,3.5555555555555554,6,4.2,2.739130434782609
18,27,3.9444444444444446,6,4.166666666666667,1.5625
21,69,2.857142857142857,5,4.642857142857143,3.611111111111111
29,97,3.310344827586207,6,6.571428571428571,3.68
19,28,4.052631578947368,6,4.333333333333333,1.5294117647058822
26,128,3.8076923076923075,7,5.761904761904762,5.5
26,95,3.3461538461538463,6,5.294117647058823,4.090909090909091
17,29,2.1176470588235294,5,3.0,1.6363636363636365
21,55,2.857142857142857,5,3.727272727272727,2.1578947368421053
18,30,3.0,5,3.857142857142857,1.6875
21,73,3.6666666666666665,7,4.666666666666667,3.888888888888889
27,91,3.2962962962962963,6,5.0,3.6956521739130435
20,30,4.05,6,4.666666666666667,1.5555555555555556
22,74,2.772727272727273,5,4.666666666666667,3.6842105263157894
23,60,3.0,7,4.111111111111111,2.3125
28,95,3.0714285714285716,5,5.625,3.75
18,27,3.9444444444444446,6,4.166666666666667,1.5625
23,66,4.260869565217392,8,4.153846153846154,2.5714285714285716
29,119,3.7586206896551726,7,6.0,4.56
20,29,1.45,3,3.0,1.5
22,68,2.6818181818181817,5,3.375,2.8421052631578947
25,88,2.76,5,4.647058823529412,3.761904761904762
19,29,3.9473684210526314,6,4.5,1.588235294117647
23,66,4.260869565217392,8,4.230769230769231,2.619047619047619
22,62,3.3636363636363638,6,4.0,2.2222222222222223
28,104,3.5357142857142856,7,4.9,4.083333333333333
24,81,2.7083333333333335,5,4.666666666666667,3.5
19,50,2.6842105263157894,5,3.142857142857143,2.933333333333333
19,29,4.052631578947368,6,4.5,1.588235294117647
21,64,2.9523809523809526,6,4.454545454545454,3.0625
26,94,3.230769230769231,5,5.5625,4.045454545454546
20,58,2.75,5,3.533333333333333,3.1176470588235294
22,62,2.9545454545454546,5,3.7333333333333334,3.111111111111111
29,107,3.9655172413793105,7,5.0,3.4
21,34,3.9523809523809526,6,5.333333333333333,1.6842105263157894
26,144,3.8076923076923075,7,6.523809523809524,6.2272727272727275
27,106,3.4074074074074074,6,5.9411764705882355,4.391304347826087
17,30,2.1176470588235294,5,3.0,1.6363636363636365
22,68,3.5454545454545454,6,3.857142857142857,2.7
24,75,3.25,6,4.6,3.45
16,33,2.3125,4,3.6,1.8
18,44,3.0,6,3.3636363636363638,2.3125
23,46,3.9130434782608696,6,6.142857142857143,2.15
25,95,3.28,7,5.055555555555555,4.333333333333333
21,59,3.7142857142857144,7,3.8333333333333335,2.5555555555555554
22,62,3.6363636363636362,6,4.142857142857143,3.0526315789473686
23,77,2.8260869565217392,5,4.5625,3.65
19,31,3.5789473684210527,5,5.8,1.7058823529411764
23,85,3.652173913043478,7,4.2105263157894735,4.0
25,104,3.44,7,5.823529411764706,4.714285714285714
29,128,3.7586206896551726,7,5.5,4.84
19,32,3.9473684210526314,6,5.0,1.7647058823529411
22,55,4.090909090909091,8,3.909090909090909,2.15
28,107,3.75,7,5.421052631578948,4.291666666666667
24,97,3.375,7,3.8947368421052633,3.7
22,79,3.3636363636363638,7,4.3125,3.8333333333333335
19,31,3.9473684210526314,6,4.833333333333333,1.7058823529411764
23,102,3.260869565217391,6,5.277777777777778,5.0
27,85,3.074074074074074,5,6.153846153846154,3.4782608695652173
22,70,3.0,5,4.133333333333334,3.263157894736842
19,52,2.526315789473684,5,3.2,3.2
19,29,3.9473684210526314,6,4.5,1.588235294117647
17,20,1.2941176470588236,2,3.0,1.2
26,81,3.0384615384615383,5,6.333333333333333,3.4545454545454546
23,68,2.9130434782608696,5,4.5,3.3157894736842106
22,63,2.6363636363636362,5,3.125,2.6315789473684212
19,29,3.9473684210526314,6,4.5,1.588235294117647
28,102,3.5714285714285716,6,5.764705882352941,4.083333333333333
19,31,1.9473684210526316,4,3.25,1.4444444444444444
25,85,2.88,5,4.875,3.7142857142857144
21,66,2.6666666666666665,5,4.2,3.5
26,111,3.3846153846153846,6,5.333333333333333,4.363636363636363
27,108,3.6296296296296298,7,5.05,4.391304347826087
18,34,3.2222222222222223,6,3.142857142857143,1.5714285714285714
16,38,2.5,5,2.9166666666666665,2.6923076923076925
21,48,3.1904761904761907,6,3.142857142857143,2.588235294117647
20,59,3.4,6,3.6,3.375
15,27,2.1333333333333333,4,2.8,1.5555555555555556
19,29,3.9473684210526314,6,4.5,1.588235294117647
17,24,1.588235294117647,3,3.6666666666666665,1.375
25,77,3.24,5,4.866666666666666,3.4761904761904763
25,91,3.72,6,4.944444444444445,3.869565217391304
16,35,2.5,5,2.3846153846153846,2.5833333333333335
19,30,3.0526315789473686,5,4.0,1.6470588235294117
18,45,3.2222222222222223,7,3.076923076923077,2.6666666666666665
24,90,4.125,8,5.0,4.25
21,53,2.9047619047619047,5,3.25,2.0526315789473686
19,29,3.9473684210526314,6,4.5,1.588235294117647
23,63,3.1739130434782608,5,4.083333333333333,2.5789473684210527
21,32,4.142857142857143,6,5.0,1.5789473684210527
26,101,3.3076923076923075,6,5.466666666666667,3.5652173913043477
23,60,3.608695652173913,6,3.7333333333333334,2.8
21,51,2.8095238095238093,5,3.6153846153846154,2.764705882352941
20,30,4.05,6,4.666666666666667,1.5555555555555556
22,56,2.0454545454545454,4,5.0,2.6666666666666665
26,84,3.1923076923076925,6,5.714285714285714,3.6363636363636362
23,65,3.608695652173913,6,4.066666666666666,3.05
20,57,2.95,6,3.3846153846153846,2.75
19,29,3.9473684210526314,6,4.5,1.588235294117647
25,92,3.52,6,6.076923076923077,3.590909090909091
23,71,2.652173913043478,5,4.466666666666667,3.526315789473684
19,29,3.9473684210526314,6,4.5,1.588235294117647
22,54,2.590909090909091,6,4.0,2.2857142857142856
29,108,2.6551724137931036,4,6.117647058823529,4.16
25,82,2.76,5,3.9375,3.0
23,69,2.739130434782609,5,4.333333333333333,3.4210526315789473
23,54,3.4782608695652173,6,4.3,2.263157894736842
20,30,4.05,6,4.666666666666667,1.5555555555555556
24,87,3.375,5,6.416666666666667,3.6666666666666665
24,68,2.9583333333333335,5,4.0,3.2
20,30,4.05,6,4.666666666666667,1.5555555555555556
20,53,2.65,5,4.444444444444445,2.857142857142857
26,106,3.6538461538461537,6,5.4,3.6818181818181817
24,72,3.0833333333333335,5,4.533333333333333,3.4
20,65,3.5,6,4.75,3.3529411764705883
16,36,2.5,5,2.6666666666666665,2.6666666666666665
20,30,4.05,6,4.666666666666667,1.5555555555555556
27,93,3.259259259259259,6,4.714285714285714,3.0
25,72,2.76,5,4.466666666666667,3.1904761904761907
17,40,2.823529411764706,6,3.7777777777777777,2.4285714285714284
25,83,3.36,6,4.222222222222222,3.619047619047619
16,37,2.375,5,2.909090909090909,2.6666666666666665
20,58,2.6,5,4.166666666666667,3.125
15,33,2.3333333333333335,4,2.6363636363636362,2.4166666666666665
29,96,3.5517241379310347,6,4.470588235294118,3.04
20,34,2.55,4,3.75,1.6666666666666667
21,65,4.0476190476190474,7,4.5,3.3157894736842106
24,82,4.041666666666667,8,4.916666666666667,2.8095238095238093
28,83,3.3214285714285716,6,4.647058823529412,3.2916666666666665
16,19,1.875,4,3.3333333333333335,1.1111111111111112
24,66,3.6666666666666665,7,3.857142857142857,2.4545454545454546
19,29,4.052631578947368,6,4.5,1.588235294117647
26,66,3.4615384615384617,6,3.4,2.3181818181818183
20,31,4.15,6,4.833333333333333,1.6111111111111112
21,38,1.4285714285714286,2,5.666666666666667,1.8888888888888888
27,87,3.185185185185185,5,5.857142857142857,3.5652173913043477
18,27,3.9444444444444446,6,4.166666666666667,1.5625
25,113,3.68,7,4.7368421052631575,4.285714285714286
23,63,3.739130434782609,6,4.214285714285714,2.95
24,87,2.7916666666666665,5,4.8125,3.85
21,62,2.7142857142857144,5,3.8666666666666667,3.2222222222222223
20,30,4.05,6,4.666666666666667,1.5555555555555556
21,60,2.7142857142857144,5,4.4,2.933333333333333
26,117,3.8076923076923075,7,5.529411764705882,4.2727272727272725
26,80,3.0384615384615383,5,6.25,3.409090909090909
18,30,2.0,4,3.0,1.6666666666666667
20,58,2.8,5,4.076923076923077,3.3125
23,85,3.6956521739130435,7,4.470588235294118,4.0
16,26,1.75,4,2.75,1.5714285714285714
18,28,2.7777777777777777,5,4.5,1.3846153846153846
16,35,2.5,5,2.3076923076923075,2.5
31,127,4.064516129032258,7,5.722222222222222,3.814814814814815
20,30,4.05,6,4.666666666666667,1.5555555555555556
28,105,3.5,6,5.882352941176471,4.166666666666667
27,108,3.037037037037037,6,4.9,4.260869565217392
27,89,3.814814814814815,7,4.6,3.0
20,30,4.05,6,4.666666666666667,1.5555555555555556
26,101,4.269230769230769,8,5.105263157894737,4.217391304347826
20,31,3.95,6,4.833333333333333,1.6111111111111112
24,89,3.5,7,4.421052631578948,4.2
25,97,3.72,7,5.352941176470588,4.333333333333333
26,132,3.8076923076923075,8,5.409090909090909,5.409090909090909
19,31,3.8421052631578947,6,4.833333333333333,1.7058823529411764
23,71,4.304347826086956,8,3.933333333333333,2.8095238095238093
27,95,3.6296296296296298,7,5.933333333333334,3.869565217391304
20,35,2.2,4,3.75,1.3636363636363635
23,77,2.6956521739130435,5,3.588235294117647,3.05
20,53,2.75,5,3.357142857142857,2.9375
21,78,3.5714285714285716,7,4.4,3.8823529411764706
22,49,3.1818181818181817,6,3.6666666666666665,1.736842105263158
20,34,1.6,3,5.0,1.8181818181818181
24,71,4.0,7,3.9411764705882355,3.35
22,54,3.5454545454545454,6,4.636363636363637,2.6842105263157894
20,28,1.4,2,6.5,1.625
22,29,1.3181818181818181,2,5.5,1.5714285714285714
20,45,3.35,5,5.714285714285714,2.3529411764705883
22,72,3.5,6,5.0,3.1578947368421053
21,52,1.8571428571428572,3,3.3,2.357142857142857
23,75,3.260869565217391,7,4.2,3.7058823529411766
25,51,1.64,4,4.5,2.076923076923077
25,89,4.24,8,4.777777777777778,3.909090909090909
23,43,2.217391304347826,4,5.6,2.1538461538461537
20,35,2.05,3,6.0,1.6
20,44,2.8,5,4.0,2.2857142857142856
28,102,3.8214285714285716,7,5.105263157894737,4.041666666666667
24,65,2.9583333333333335,5,4.285714285714286,3.0
25,75,3.52,6,4.538461538461538,2.8095238095238093
20,31,4.05,6,4.833333333333333,1.6111111111111112
24,73,2.6666666666666665,5,6.125,2.8823529411764706
28,97,3.3214285714285716,5,5.470588235294118,3.875
22,66,2.727272727272727,5,4.133333333333334,3.4444444444444446
19,32,3.9473684210526314,6,4.833333333333333,1.7058823529411764
27,101,3.4444444444444446,6,6.4,4.173913043478261
19,36,2.263157894736842,4,3.6,1.6363636363636365
19,30,3.9473684210526314,6,4.666666666666667,1.6470588235294117
24,55,3.875,6,4.25,2.4285714285714284
25,110,3.48,7,4.55,4.333333333333333
23,83,3.0,6,4.294117647058823,3.8421052631578947
19,29,3.9473684210526314,6,4.5,1.588235294117647
23,74,2.608695652173913,5,4.733333333333333,3.55
27,98,3.4444444444444446,6,5.529411764705882,4.086956521739131
24,85,3.375,7,3.7222222222222223,3.35
22,67,2.6363636363636362,5,4.2,3.5
22,68,2.6363636363636362,5,3.2941176470588234,2.9473684210526314
19,29,3.9473684210526314,6,4.5,1.588235294117647
16,30,2.125,4,4.2,1.9090909090909092
21,55,3.380952380952381,6,3.923076923076923,2.8333333333333335
22,72,2.6818181818181817,5,3.8125,3.210526315789474
21,60,2.7142857142857144,5,3.9285714285714284,3.235294117647059
22,69,2.8636363636363638,5,4.769230769230769,3.4444444444444446
29,104,4.0344827586206895,7,5.5625,3.56
19,29,3.9473684210526314,6,4.5,1.588235294117647
27,95,3.4444444444444446,6,7.5,3.9130434782608696
20,32,1.9,4,3.25,1.4444444444444444
19,29,3.9473684210526314,6,4.5,1.588235294117647
25,61,3.68,6,4.666666666666667,2.6666666666666665
25,96,3.32,6,4.0,3.619047619047619
24,91,3.2916666666666665,7,4.333333333333333,3.9
19,29,3.9473684210526314,6,4.5,1.588235294117647
25,93,3.48,6,5.857142857142857,3.727272727272727
22,60,3.5,6,4.0,2.9473684210526314
22,65,2.6818181818181817,5,2.823529411764706,2.526315789473684
19,29,3.9473684210526314,6,4.5,1.588235294117647
25,92,3.44,5,6.230769230769231,3.6818181818181817
22,58,3.5,6,3.857142857142857,2.8421052631578947
24,83,2.875,5,5.066666666666666,3.8
20,60,2.6,5,4.071428571428571,3.3529411764705883
16,36,2.5,5,2.6666666666666665,2.6666666666666665
22,72,3.227272727272727,6,4.461538461538462,3.2222222222222223
22,65,2.772727272727273,5,4.538461538461538,3.2777777777777777
29,100,3.6206896551724137,6,4.5,3.24
19,29,3.9473684210526314,6,4.5,1.588235294117647
24,56,3.8333333333333335,6,4.333333333333333,2.4761904761904763
20,29,1.75,4,3.0,1.5
22,63,2.6818181818181817,5,2.8823529411764706,2.5789473684210527
20,31,2.55,4,3.5,1.5555555555555556
24,59,3.7916666666666665,6,4.583333333333333,2.619047619047619
26,107,3.3461538461538463,6,4.684210526315789,4.045454545454546
23,77,2.9565217391304346,6,3.9411764705882355,3.526315789473684
19,29,3.9473684210526314,6,4.5,1.588235294117647
24,69,2.375,4,6.428571428571429,3.0
29,107,3.4482758620689653,6,5.368421052631579,4.08
29,132,4.068965517241379,7,6.15,4.92
22,77,3.3636363636363638,7,3.388888888888889,3.388888888888889
19,29,3.9473684210526314,6,4.5,1.588235294117647
22,54,3.4545454545454546,7,4.1,2.05
26,79,3.923076923076923,7,4.6875,3.260869565217391
25,73,3.12,6,3.7777777777777777,3.238095238095238
24,85,3.0,6,4.470588235294118,3.8
20,42,3.35,5,4.625,2.0555555555555554
18,30,3.1666666666666665,5,3.8333333333333335,1.5333333333333334
19,50,4.052631578947368,7,4.0,2.823529411764706
30,115,3.7,7,5.5,4.230769230769231
28,111,3.0714285714285716,6,5.0,4.166666666666667
19,28,4.052631578947368,6,4.333333333333333,1.5294117647058822
30,85,3.1666666666666665,5,6.153846153846154,3.076923076923077
22,94,4.2727272727272725,8,5.111111111111111,4.6
20,48,2.7,5,3.0714285714285716,2.6875
22,74,2.8181818181818183,5,4.142857142857143,3.2222222222222223
19,28,4.052631578947368,6,4.333333333333333,1.5294117647058822
25,94,3.52,6,6.230769230769231,3.6818181818181817
25,71,3.56,6,4.4,3.142857142857143
19,31,1.9473684210526316,4,3.0,1.6666666666666667
19,28,4.052631578947368,6,4.333333333333333,1.5294117647058822
26,124,3.8076923076923075,7,5.85,5.318181818181818
27,85,3.111111111111111,5,6.153846153846154,3.4782608695652173
18,27,3.9444444444444446,6,4.166666666666667,1.5625
24,77,2.8333333333333335,6,4.142857142857143,2.9
26,86,3.0384615384615383,6,5.0625,3.6818181818181817
24,69,3.7083333333333335,6,4.333333333333333,3.0952380952380953
18,49,2.611111111111111,5,3.2142857142857144,3.0
17,37,2.588235294117647,5,2.6666666666666665,2.4615384615384617
17,30,2.2941176470588234,4,3.6,1.6363636363636365
20,43,3.3,5,3.9,2.1666666666666665
18,31,2.388888888888889,4,3.6,1.3846153846153846
21,58,4.190476190476191,8,3.769230769230769,2.5789473684210527
27,93,4.111111111111111,7,5.176470588235294,3.6666666666666665
24,97,3.0416666666666665,6,4.421052631578948,4.2
19,28,4.052631578947368,6,4.333333333333333,1.5294117647058822
31,95,3.193548387096774,5,6.846153846153846,3.2962962962962963
23,101,4.130434782608695,8,5.444444444444445,4.9
22,60,2.6363636363636362,5,3.6,3.0
23,86,3.391304347826087,6,4.733333333333333,3.736842105263158
18,31,2.7777777777777777,5,3.8333333333333335,1.5333333333333334
24,92,3.6666666666666665,6,6.0,4.0
23,66,3.608695652173913,6,4.133333333333334,3.1
17,29,2.0588235294117645,4,3.2,1.7777777777777777
19,30,4.052631578947368,6,4.333333333333333,1.5294117647058822
26,130,3.8076923076923075,7,5.809523809523809,5.545454545454546
27,86,3.111111111111111,5,5.714285714285714,3.4782608695652173
20,31,3.95,6,4.833333333333333,1.6111111111111112
27,133,3.7037037037037037,7,5.631578947368421,4.863636363636363
23,66,3.782608695652174,6,4.6923076923076925,3.05
22,68,3.272727272727273,6,3.7058823529411766,3.5
22,61,2.772727272727273,5,3.4375,3.0555555555555554
22,71,2.727272727272727,5,3.7333333333333334,2.9473684210526314
22,55,3.6818181818181817,7,4.363636363636363,2.526315789473684
18,30,2.388888888888889,4,3.6,1.3846153846153846
22,64,3.5454545454545454,6,4.357142857142857,3.210526315789474
26,118,3.8076923076923075,7,5.631578947368421,4.863636363636363
24,81,3.5416666666666665,7,4.388888888888889,3.590909090909091
20,33,4.05,6,5.0,1.6666666666666667
26,111,3.3846153846153846,7,5.35,4.863636363636363
22,68,3.3181818181818183,7,4.25,2.6842105263157894
25,78,3.0,5,5.615384615384615,3.4761904761904763
22,40,2.909090909090909,5,3.272727272727273,2.0
22,73,2.909090909090909,6,3.9375,3.5
15,32,2.533333333333333,5,2.1538461538461537,2.5454545454545454
21,64,2.5238095238095237,5,4.0,3.111111111111111
20,30,4.05,6,4.666666666666667,1.5555555555555556
21,57,4.190476190476191,8,4.181818181818182,2.4210526315789473
28,101,3.3214285714285716,6,5.105263157894737,4.041666666666667
24,85,2.9583333333333335,6,4.2631578947368425,3.857142857142857
23,62,3.608695652173913,6,3.923076923076923,2.4285714285714284
20,31,3.65,5,5.8,1.6111111111111112
21,70,2.7142857142857144,5,4.714285714285714,3.6666666666666665
21,49,2.619047619047619,6,3.875,2.2142857142857144
29,97,3.1724137931034484,5,4.894736842105263,3.72
20,31,4.05,6,4.833333333333333,1.6111111111111112
26,112,3.8076923076923075,7,5.631578947368421,4.863636363636363
26,101,3.1923076923076925,6,5.157894736842105,4.260869565217392
22,60,3.772727272727273,7,4.3076923076923075,2.9473684210526314
16,22,1.5,2,5.0,1.25
16,23,1.5,2,5.5,1.375
19,53,2.473684210526316,5,3.2666666666666666,3.2666666666666666
22,81,3.1818181818181817,6,4.6,3.8333333333333335
22,64,2.6363636363636362,5,4.461538461538462,3.2222222222222223
28,85,3.75,7,4.055555555555555,3.0416666666666665
19,29,3.9473684210526314,6,4.5,1.588235294117647
23,62,2.3043478260869565,4,4.8,2.823529411764706
25,76,2.88,5,5.142857142857143,3.4285714285714284
16,23,1.5,2,5.0,1.25
19,33,2.263157894736842,4,3.6,1.6363636363636365
23,64,3.5217391304347827,6,4.0,3.0
22,60,3.4545454545454546,6,3.923076923076923,2.55
19,34,2.1578947368421053,4,3.4,1.5454545454545454
19,29,3.9473684210526314,6,4.5,1.588235294117647
21,54,3.5238095238095237,7,4.3,2.263157894736842
30,114,3.933333333333333,7,5.7894736842105265,4.230769230769231
23,81,2.652173913043478,5,4.277777777777778,3.85
23,63,3.130434782608696,5,3.8461538461538463,2.380952380952381
19,29,3.9473684210526314,6,4.5,1.588235294117647
22,70,2.8181818181818183,5,4.785714285714286,3.526315789473684
23,56,2.5217391304347827,6,3.6666666666666665,2.2
27,92,2.814814814814815,5,4.888888888888889,3.8260869565217392
21,34,3.0476190476190474,5,4.571428571428571,1.6842105263157894
24,74,3.0,6,4.133333333333334,2.9523809523809526
26,80,3.0384615384615383,5,5.357142857142857,3.409090909090909
21,65,2.6666666666666665,5,4.214285714285714,3.2777777777777777
24,81,2.75,5,4.375,3.5
25,79,3.68,7,4.5,3.0
20,30,4.05,6,4.666666666666667,1.5555555555555556
25,106,3.76,7,5.823529411764706,4.714285714285714
21,59,3.8095238095238093,7,3.8461538461538463,2.6315789473684212
22,65,3.772727272727273,7,4.6923076923076925,3.210526315789474
21,52,2.8095238095238093,5,3.4285714285714284,2.823529411764706
20,56,2.55,5,3.466666666666667,3.25
22,61,2.6363636363636362,5,2.823529411764706,2.526315789473684
20,30,4.05,6,4.666666666666667,1.5555555555555556
29,106,3.9310344827586206,7,6.0,4.08
20,32,1.9,4,3.25,1.4444444444444444
19,29,3.9473684210526314,6,4.5,1.588235294117647
21,67,2.7142857142857144,5,4.846153846153846,3.5
22,53,2.590909090909091,6,3.875,2.2142857142857144
25,83,2.68,5,4.647058823529412,3.761904761904762
20,30,4.05,6,4.666666666666667,1.5555555555555556
23,64,2.260869565217391,4,4.7,2.9375
25,62,3.84,6,5.2727272727272725,2.6363636363636362
16,20,1.4375,2,7.0,1.0
23,70,3.0,6,4.1875,3.35
20,30,4.05,6,4.666666666666667,1.5555555555555556
24,51,3.8333333333333335,6,4.7,2.238095238095238
20,31,1.75,4,3.0,1.5
22,68,2.6818181818181817,5,3.5,2.9473684210526314
19,29,3.9473684210526314,6,4.5,1.588235294117647
26,121,3.8076923076923075,7,5.7,5.181818181818182
22,49,2.1818181818181817,5,4.5,2.076923076923077
27,95,3.3333333333333335,6,5.0,3.9130434782608696
26,104,3.8461538461538463,7,5.277777777777778,4.318181818181818
20,56,2.7,5,3.0,2.4375
20,53,2.7,5,3.142857142857143,2.588235294117647
16,35,2.5,5,2.5833333333333335,2.5833333333333335
18,53,3.2777777777777777,6,4.2,3.0
23,87,3.5217391304347827,7,5.066666666666666,3.8
28,132,3.5357142857142856,7,5.857142857142857,5.125
22,63,3.0454545454545454,6,3.8181818181818183,2.4705882352941178
26,94,4.0,7,4.631578947368421,4.0
17,40,2.411764705882353,4,3.0,2.5714285714285716
19,55,2.3684210526315788,4,3.4,3.4
20,48,2.8,5,3.3846153846153846,2.75
18,33,2.388888888888889,4,3.1666666666666665,1.5833333333333333
26,76,3.6538461538461537,7,4.142857142857143,2.5217391304347827
19,34,3.0526315789473686,5,3.75,1.7647058823529411
23,43,3.0434782608695654,5,3.4285714285714284,1.3333333333333333
29,92,3.2413793103448274,6,5.8,3.48
25,77,3.64,6,4.8,3.272727272727273
24,89,3.1666666666666665,6,4.4375,3.55
23,93,3.5652173913043477,7,5.0588235294117645,4.3
29,142,4.0,7,5.7272727272727275,5.04
26,78,3.1923076923076925,6,5.214285714285714,3.3181818181818183
18,34,2.2222222222222223,4,2.875,1.6428571428571428
18,31,2.111111111111111,4,2.857142857142857,1.5384615384615385
20,52,2.6,5,3.357142857142857,2.9375
23,71,2.608695652173913,5,3.6875,2.95
20,30,4.05,6,4.666666666666667,1.5555555555555556
22,70,2.8636363636363638,6,4.076923076923077,2.789473684210526
27,90,3.185185185185185,6,5.666666666666667,3.6956521739130435
28,167,4.5,8,6.434782608695652,5.92
24,79,3.625,6,4.294117647058823,3.65
20,66,3.45,7,4.076923076923077,3.3125
17,35,2.6470588235294117,5,2.5,2.3076923076923075
21,32,3.9523809523809526,6,5.0,1.5789473684210527
25,62,3.88,6,5.2727272727272725,2.6363636363636362
20,30,1.9,4,3.25,1.4444444444444444
22,75,2.6818181818181817,5,3.5294117647058822,3.1578947368421053
21,33,3.9523809523809526,6,5.166666666666667,1.631578947368421
22,63,4.136363636363637,8,4.0,2.6
30,114,3.933333333333333,7,6.055555555555555,4.1923076923076925
19,60,2.736842105263158,5,3.25,3.25
24,72,3.3333333333333335,6,4.142857142857143,2.6363636363636362
28,107,3.892857142857143,7,5.1875,3.4583333333333335
21,34,3.9523809523809526,6,5.333333333333333,1.6842105263157894
26,71,3.923076923076923,6,6.0,2.869565217391304
20,34,3.95,6,5.166666666666667,1.7222222222222223
22,72,3.909090909090909,8,3.7857142857142856,2.789473684210526
26,101,4.115384615384615,7,5.333333333333333,4.173913043478261
20,61,4.4,8,4.909090909090909,3.0
21,59,3.4285714285714284,6,4.3076923076923075,3.111111111111111
26,89,3.269230769230769,6,4.722222222222222,3.8636363636363638
23,68,4.173913043478261,7,4.538461538461538,2.8095238095238093
26,73,3.3461538461538463,6,4.0588235294117645,3.1363636363636362
19,38,2.473684210526316,4,4.0,1.8461538461538463
16,32,2.375,5,3.25,2.0
20,32,4.05,6,5.0,1.6666666666666667
27,95,3.4444444444444446,6,7.5,3.9130434782608696
27,135,4.481481481481482,8,5.304347826086956,5.083333333333333
20,32,4.05,6,5.0,1.6666666666666667
24,87,2.7083333333333335,5,5.1875,4.15
28,96,3.25,5,5.111111111111111,3.8333333333333335
21,44,3.0952380952380953,5,4.166666666666667,1.4705882352941178
19,31,3.9473684210526314,6,4.833333333333333,1.7058823529411764
22,73,2.8181818181818183,5,5.0,3.6842105263157894
27,98,3.4074074074074074,6,5.529411764705882,4.086956521739131
22,71,2.6818181818181817,5,3.3529411764705883,3.0
22,67,2.590909090909091,5,3.875,3.4444444444444446
24,79,2.875,5,5.142857142857143,3.6
21,44,3.5238095238095237,6,3.8181818181818183,2.210526315789474
18,25,1.4444444444444444,2,6.5,1.625
21,29,1.4285714285714286,2,7.0,1.5555555555555556
19,43,3.4210526315789473,6,4.75,2.375
21,65,4.095238095238095,8,4.428571428571429,3.4444444444444446
20,39,1.8,4,3.5,2.3333333333333335
15,44,4.6,8,3.25,2.7857142857142856
21,65,4.142857142857143,8,4.2,3.3157894736842106
22,71,3.1818181818181817,6,4.066666666666666,3.210526315789474
24,87,4.25,8,4.9411764705882355,4.0
23,39,1.9565217391304348,4,5.75,2.090909090909091
19,29,2.1052631578947367,3,5.75,1.5333333333333334
21,55,3.5714285714285716,7,4.0,2.736842105263158
28,89,3.107142857142857,5,5.25,3.5
29,92,3.7586206896551726,6,6.083333333333333,2.92
24,94,3.3333333333333335,7,4.588235294117647,3.9
23,78,3.0,6,3.9411764705882355,3.526315789473684
19,29,3.9473684210526314,6,4.5,1.588235294117647
23,63,2.347826086956522,4,4.636363636363637,3.0
27,86,2.740740740740741,5,5.466666666666667,3.5652173913043477
19,29,3.9473684210526314,6,4.5,1.588235294117647
22,54,2.5454545454545454,6,4.571428571428571,2.2857142857142856
26,90,3.8846153846153846,7,4.526315789473684,3.739130434782609
20,32,1.9,4,2.8,1.5555555555555556
16,27,2.4375,5,2.4285714285714284,1.4166666666666667
26,80,3.6538461538461537,6,5.428571428571429,3.4545454545454546
21,67,2.5238095238095237,5,3.7333333333333334,3.111111111111111
20,30,4.05,6,4.666666666666667,1.5555555555555556
25,88,3.48,7,4.421052631578948,4.0
29,101,3.3448275862068964,5,5.647058823529412,3.84
22,75,2.772727272727273,5,4.733333333333333,3.736842105263158
26,82,3.730769230769231,7,5.0,2.9545454545454546
19,28,2.1052631578947367,3,5.75,1.5333333333333334
21,71,3.6666666666666665,7,4.533333333333333,3.7777777777777777
22,57,2.6363636363636362,6,3.5,2.3333333333333335
26,102,3.576923076923077,7,5.388888888888889,4.409090909090909
28,129,3.857142857142857,7,5.619047619047619,4.916666666666667
17,21,1.4705882352941178,2,5.5,1.375
21,57,3.0952380952380953,6,3.3076923076923075,2.263157894736842
19,29,3.9473684210526314,6,4.5,1.588235294117647
30,93,3.2666666666666666,5,5.866666666666666,3.3846153846153846
22,94,4.136363636363637,8,5.111111111111111,4.6
25,75,2.6,5,4.117647058823529,3.3333333333333335
21,72,2.9523809523809526,6,3.6666666666666665,3.235294117647059
21,53,2.857142857142857,5,3.5,2.8823529411764706
20,30,4.05,6,4.666666666666667,1.5555555555555556
26,45,1.3846153846153846,2,6.333333333333333,1.9
28,123,3.8214285714285716,7,5.105263157894737,4.041666666666667
26,81,3.0384615384615383,5,5.846153846153846,3.4545454545454546
23,67,4.043478260869565,8,4.571428571428571,3.2
20,30,4.05,6,4.666666666666667,1.5555555555555556
27,93,3.4444444444444446,6,7.333333333333333,3.8260869565217392
25,110,4.16,7,4.7894736842105265,4.136363636363637
19,29,3.9473684210526314,6,4.5,1.588235294117647
23,62,4.217391304347826,8,4.083333333333333,2.3333333333333335
24,70,3.9166666666666665,7,4.4,3.142857142857143
22,75,3.0,6,4.176470588235294,3.736842105263158
21,62,2.4761904761904763,5,3.625,3.411764705882353
20,55,2.95,6,3.230769230769231,2.625
19,29,3.9473684210526314,6,4.5,1.588235294117647
26,126,3.8076923076923075,7,5.95,5.409090909090909
22,63,3.4545454545454546,6,3.923076923076923,2.55
28,99,3.9642857142857144,7,6.266666666666667,3.9166666666666665
22,58,3.5,6,4.153846153846154,2.8421052631578947
19,54,2.9473684210526314,6,3.5,2.8
20,30,4.05,6,4.666666666666667,1.5555555555555556
24,57,3.875,6,4.416666666666667,2.5238095238095237
16,22,1.5,2,4.5,1.125
23,64,3.6956521739130435,6,4.285714285714286,3.0
18,35,2.7777777777777777,5,3.1,2.2142857142857144
15,26,2.066666666666667,4,2.6,1.4444444444444444
19,47,2.5789473684210527,5,3.6363636363636362,2.6666666666666665
15,34,2.533333333333333,5,2.5,2.5
19,29,3.9473684210526314,6,4.5,1.588235294117647
28,104,3.5357142857142856,6,6.1875,4.125
25,96,2.92,6,4.55,4.333333333333333
20,33,2.55,4,3.625,1.6111111111111112
21,56,4.0,7,4.0,2.736842105263158
21,27,1.4285714285714286,3,3.3333333333333335,1.6666666666666667
24,84,2.9166666666666665,6,3.6315789473684212,3.2857142857142856
20,31,4.05,6,4.666666666666667,1.5555555555555556
17,20,1.3529411764705883,2,3.5,1.1666666666666667
23,59,3.8260869565217392,6,4.583333333333333,2.75
22,66,4.136363636363637,8,4.846153846153846,3.3157894736842106
22,66,2.590909090909091,5,4.357142857142857,3.388888888888889
18,27,3.9444444444444446,6,4.166666666666667,1.5625
26,60,3.9615384615384617,6,5.090909090909091,2.4347826086956523
26,108,3.076923076923077,6,5.473684210526316,4.521739130434782
20,30,4.05,6,4.666666666666667,1.5555555555555556
22,62,4.136363636363637,8,3.8461538461538463,2.5
30,129,4.0,7,6.888888888888889,4.769230769230769
23,66,2.652173913043478,5,3.0714285714285716,2.263157894736842
21,53,2.7142857142857144,5,3.4285714285714284,2.823529411764706
21,65,2.7142857142857144,5,3.9285714285714284,3.235294117647059
20,57,2.75,5,3.533333333333333,3.1176470588235294
21,32,3.9523809523809526,6,5.0,1.5789473684210527
22,90,3.1818181818181817,6,5.0,4.722222222222222
29,108,3.5172413793103448,6,5.666666666666667,4.08
19,29,4.052631578947368,6,4.5,1.588235294117647
17,22,1.4705882352941178,3,2.6666666666666665,1.1428571428571428
29,143,4.0344827586206895,7,5.7727272727272725,5.08
27,130,3.6666666666666665,7,5.714285714285714,5.217391304347826
18,44,2.6666666666666665,5,2.7857142857142856,2.6
20,31,3.95,6,4.833333333333333,1.6111111111111112
23,69,3.9130434782608696,7,5.333333333333333,2.4
29,115,3.7586206896551726,7,5.7894736842105265,4.4
21,76,3.0952380952380953,5,4.466666666666667,3.7222222222222223
26,70,3.8076923076923075,7,4.3076923076923075,2.5454545454545454
27,91,3.2962962962962963,6,5.117647058823529,3.782608695652174
19,34,4.052631578947368,6,5.333333333333333,1.8823529411764706
21,54,2.761904761904762,5,6.0,2.625
27,85,3.074074074074074,5,6.153846153846154,3.4782608695652173
24,62,3.1666666666666665,5,3.8666666666666667,2.9
18,33,2.4444444444444446,5,3.1666666666666665,1.5833333333333333
21,61,2.619047619047619,5,3.8,3.1666666666666665
19,31,3.9473684210526314,6,4.833333333333333,1.7058823529411764
26,95,3.0,6,5.411764705882353,4.0
22,53,2.590909090909091,6,3.888888888888889,2.5
28,95,3.0714285714285716,5,5.055555555555555,3.7916666666666665
19,31,3.9473684210526314,6,4.833333333333333,1.7058823529411764
24,84,2.7916666666666665,5,5.4,3.857142857142857
31,93,3.838709677419355,6,6.285714285714286,3.259259259259259
23,80,2.9565217391304346,5,4.8,3.6
23,57,3.347826086956522,7,4.166666666666667,2.5
23,66,2.652173913043478,5,4.133333333333334,3.263157894736842
23,70,2.782608695652174,5,4.571428571428571,3.3684210526315788
21,67,2.619047619047619,5,4.0,3.5555555555555554
19,29,3.9473684210526314,6,4.5,1.588235294117647
22,75,2.6818181818181817,5,4.8,3.789473684210526
21,49,2.619047619047619,6,3.75,2.142857142857143
25,74,3.8,7,5.0,3.1818181818181817
24,86,2.8333333333333335,5,4.611111111111111,3.9523809523809526
20,31,4.05,6,4.833333333333333,1.6111111111111112
25,82,3.56,6,5.538461538461538,3.272727272727273
20,31,4.05,6,4.833333333333333,1.6111111111111112
22,55,2.227272727272727,4,4.222222222222222,2.375
23,65,3.6956521739130435,6,4.357142857142857,3.05
23,71,2.652173913043478,5,3.3333333333333335,2.6315789473684212
22,64,2.6818181818181817,5,4.0,3.3333333333333335
19,29,3.9473684210526314,6,4.5,1.588235294117647
22,73,2.5,4,5.0,3.6842105263157894
22,54,2.590909090909091,6,3.6666666666666665,2.2
28,93,3.1785714285714284,5,4.684210526315789,3.7083333333333335
23,71,2.652173913043478,5,3.9411764705882355,3.526315789473684
20,44,3.4,6,3.8181818181818183,2.3333333333333335
18,24,1.3888888888888888,2,6.0,1.7142857142857142
21,25,1.3333333333333333,2,5.0,1.4285714285714286
18,56,4.0,8,3.6,3.375
24,71,2.625,6,4.818181818181818,3.3125
23,40,1.4782608695652173,3,3.3333333333333335,2.0
22,65,2.727272727272727,5,3.8333333333333335,2.5555555555555554
20,64,3.6,7,5.090909090909091,3.2941176470588234
23,36,1.6956521739130435,4,4.0,2.2222222222222223
19,30,2.1052631578947367,3,5.75,1.5333333333333334
21,70,3.6666666666666665,7,4.785714285714286,3.7222222222222223
29,105,3.4482758620689653,6,5.555555555555555,4.0
18,28,3.8333333333333335,6,4.333333333333333,1.625
31,88,3.870967741935484,6,6.384615384615385,3.074074074074074
22,93,4.409090909090909,8,5.352941176470588,4.55
25,79,2.68,5,4.352941176470588,3.5238095238095237
23,80,3.217391304347826,6,4.333333333333333,3.4210526315789473
20,47,2.8,5,3.5833333333333335,2.6875
20,30,4.05,6,4.666666666666667,1.5555555555555556
23,57,3.782608695652174,6,4.818181818181818,2.65
25,88,3.44,7,4.0588235294117645,3.2857142857142856
22,71,2.8181818181818183,6,4.1875,3.526315789473684
25,63,3.2,5,4.214285714285714,2.8095238095238093
17,23,2.0,4,4.333333333333333,1.3
20,66,2.95,6,3.5,3.5
16,36,2.5,5,2.4615384615384617,2.6666666666666665
24,61,3.4583333333333335,6,4.153846153846154,2.7
17,19,1.2941176470588236,2,3.5,1.4
26,78,2.8846153846153846,5,5.181818181818182,2.4782608695652173
20,36,2.6,4,3.8333333333333335,1.5333333333333334
22,60,2.6818181818181817,5,4.454545454545454,2.5789473684210527
26,77,3.0384615384615383,5,5.916666666666667,3.227272727272727
22,64,3.3181818181818183,6,4.214285714285714,3.2777777777777777
21,61,3.0,6,3.5384615384615383,2.7058823529411766
22,66,2.6363636363636362,5,3.1176470588235294,2.789473684210526
17,40,2.5294117647058822,5,2.6923076923076925,2.6923076923076925
23,64,2.608695652173913,5,3.1875,2.55
20,30,4.05,6,4.666666666666667,1.5555555555555556
20,62,2.75,5,4.461538461538462,3.411764705882353
23,50,2.4782608695652173,6,3.375,1.8
26,87,2.6923076923076925,5,4.823529411764706,3.727272727272727
19,28,4.052631578947368,6,4.333333333333333,1.5294117647058822
21,68,3.1904761904761907,6,4.642857142857143,3.611111111111111
27,105,3.6666666666666665,7,5.555555555555555,4.3478260869565215
19,31,1.9473684210526316,4,3.25,1.4444444444444444
19,40,2.789473684210526,5,3.3,1.9411764705882353
26,83,3.6538461538461537,6,5.214285714285714,3.3181818181818183
24,81,2.9166666666666665,6,4.5625,3.65
20,30,4.05,6,4.666666666666667,1.5555555555555556
24,114,3.6666666666666665,7,5.888888888888889,5.3
22,55,2.8636363636363638,7,3.3,2.2
27,82,3.3333333333333335,6,4.529411764705882,3.347826086956522
21,60,3.6666666666666665,7,4.384615384615385,3.1666666666666665
23,60,3.391304347826087,6,3.6666666666666665,2.2
19,28,4.052631578947368,6,4.333333333333333,1.5294117647058822
24,50,3.25,5,3.3333333333333335,1.5
28,91,3.25,6,5.666666666666667,3.5416666666666665
21,51,2.857142857142857,5,3.5,2.210526315789474
19,28,4.052631578947368,6,4.333333333333333,1.5294117647058822
28,98,3.5,6,7.153846153846154,3.875
20,30,1.45,3,3.3333333333333335,1.6666666666666667
20,31,4.05,6,4.833333333333333,1.6111111111111112
20,65,2.8,5,4.357142857142857,3.588235294117647
22,59,2.6363636363636362,6,4.111111111111111,2.466666666666667
28,96,3.0714285714285716,5,5.6875,3.7916666666666665
19,28,4.052631578947368,6,4.333333333333333,1.5294117647058822
23,74,2.782608695652174,5,4.75,3.0
26,86,3.1538461538461537,6,5.4,3.6818181818181817
23,63,3.5652173913043477,6,4.214285714285714,2.95
22,63,3.0454545454545454,6,4.0,3.1578947368421053
29,109,3.7241379310344827,6,4.777777777777778,3.44
19,34,3.0526315789473686,5,3.625,1.7058823529411764
20,59,3.75,7,4.230769230769231,3.235294117647059
27,83,3.074074074074074,5,5.133333333333334,3.347826086956522
22,61,2.909090909090909,5,3.2666666666666666,2.45
20,32,4.05,6,4.666666666666667,1.5555555555555556
29,104,3.4482758620689653,6,6.6,3.96
20,33,1.9,4,3.25,1.4444444444444444
19,30,4.052631578947368,6,4.5,1.588235294117647
22,77,3.5454545454545454,6,5.142857142857143,3.789473684210526
23,67,3.130434782608696,7,3.6666666666666665,2.588235294117647
28,97,2.8214285714285716,5,4.7894736842105265,3.7916666666666665
18,29,3.9444444444444446,6,4.5,1.6875
23,67,4.260869565217392,8,4.230769230769231,2.619047619047619
27,95,4.074074074074074,7,5.625,3.75
27,91,3.3703703703703702,6,5.375,3.739130434782609
21,65,2.6666666666666665,5,3.6666666666666665,3.235294117647059
17,42,2.7058823529411766,5,2.642857142857143,2.642857142857143
29,122,4.206896551724138,7,5.555555555555555,4.0
21,35,3.9523809523809526,6,5.5,1.736842105263158
23,91,2.869565217391304,5,5.375,4.3
23,72,3.9130434782608696,7,4.166666666666667,2.5
23,49,2.869565217391304,5,4.222222222222222,2.0
18,32,2.3333333333333335,4,3.5714285714285716,2.0833333333333335
22,63,3.590909090909091,6,4.214285714285714,3.1052631578947367
25,94,3.12,6,5.176470588235294,4.190476190476191
23,71,4.0,7,4.538461538461538,2.8095238095238093
29,100,4.068965517241379,7,7.083333333333333,3.269230769230769
23,81,3.130434782608696,6,4.0,3.4
19,32,3.9473684210526314,6,5.0,1.7647058823529411
24,60,3.8333333333333335,6,4.666666666666667,2.6666666666666665
25,121,3.56,7,4.809523809523809,4.809523809523809
26,108,3.3461538461538463,7,5.052631578947368,4.363636363636363
20,32,4.05,6,5.0,1.6666666666666667
23,81,3.0,6,4.875,3.9
29,102,3.3448275862068964,6,5.388888888888889,3.88
20,32,4.05,6,5.0,1.6666666666666667
21,53,2.4285714285714284,4,5.571428571428571,2.6
25,78,3.2,5,4.933333333333334,3.5238095238095237
22,64,2.6363636363636362,5,3.75,3.3333333333333335
17,30,2.3529411764705883,5,2.6666666666666665,1.6
17,44,2.4705882352941178,5,2.857142857142857,3.076923076923077
23,74,2.782608695652174,5,4.785714285714286,3.526315789473684
22,50,3.4545454545454546,6,4.181818181818182,2.5555555555555554
18,26,1.8888888888888888,4,3.25,1.625
23,75,4.304347826086956,8,4.5,3.6
24,65,3.125,5,4.0,2.4
19,29,3.9473684210526314,6,4.5,1.588235294117647
23,71,2.5217391304347827,4,4.533333333333333,3.4
22,57,3.0454545454545454,6,4.333333333333333,2.4375
28,102,2.9642857142857144,5,5.764705882352941,4.083333333333333
19,31,3.9473684210526314,6,4.833333333333333,1.7058823529411764
14,22,2.0714285714285716,3,3.25,1.4444444444444444
27,125,3.5925925925925926,6,5.764705882352941,4.260869565217392
23,59,3.0,5,3.6666666666666665,2.8947368421052633
20,31,4.05,6,4.833333333333333,1.6111111111111112
24,49,1.5,3,6.25,2.5
26,88,3.3076923076923075,5,5.6,3.8181818181818183
22,70,2.6818181818181817,5,3.2941176470588234,2.9473684210526314
19,29,3.9473684210526314,6,4.5,1.588235294117647
21,67,3.761904761904762,7,4.571428571428571,3.5555555555555554
23,43,2.739130434782609,5,4.0,1.5
27,82,3.074074074074074,5,5.133333333333334,3.347826086956522
17,26,2.3529411764705883,5,3.0,1.5
22,65,3.272727272727273,7,3.4444444444444446,3.263157894736842
18,30,2.4444444444444446,4,4.333333333333333,1.625
21,58,4.0,7,4.3076923076923075,2.9473684210526314
16,23,1.6875,3,3.25,1.4444444444444444
23,65,3.739130434782609,7,4.066666666666666,3.05
24,56,3.0,5,3.7142857142857144,2.6
16,28,2.0625,4,2.8,1.5555555555555556
19,50,2.5789473684210527,5,4.3,2.8666666666666667
20,58,2.6,5,3.9285714285714284,3.235294117647059
19,29,3.9473684210526314,6,4.5,1.588235294117647
26,99,3.4615384615384617,6,6.142857142857143,3.739130434782609
22,56,2.8636363636363638,5,3.7142857142857144,2.888888888888889
19,29,3.9473684210526314,6,4.5,1.588235294117647
20,63,4.2,8,3.8125,3.388888888888889
27,90,2.962962962962963,5,5.733333333333333,3.739130434782609
25,93,3.24,6,4.055555555555555,3.4761904761904763
20,49,2.8,5,3.2142857142857144,2.8125
20,30,4.05,6,4.666666666666667,1.5555555555555556
21,54,2.6666666666666665,6,4.125,2.357142857142857
30,110,3.1666666666666665,5,6.625,4.076923076923077
23,68,3.652173913043478,7,4.571428571428571,3.2
22,70,2.909090909090909,6,3.6,3.0
18,50,2.611111111111111,5,3.5384615384615383,3.066666666666667
24,55,3.5416666666666665,6,4.636363636363637,2.55
18,27,2.0555555555555554,4,3.5,1.5555555555555556
15,36,3.1333333333333333,5,4.571428571428571,2.6666666666666665
29,88,3.2758620689655173,5,7.545454545454546,3.32
26,80,3.0384615384615383,5,4.6875,3.409090909090909
17,47,2.6470588235294117,5,3.4,2.6153846153846154
18,34,3.4444444444444446,5,3.375,1.6875
25,106,3.84,7,5.705882352941177,4.619047619047619
27,83,3.074074074074074,5,6.5,3.391304347826087
28,116,4.0,7,5.888888888888889,4.416666666666667
23,73,2.9130434782608696,6,3.8,3.0
20,56,2.6,5,3.9166666666666665,2.9375
31,124,4.064516129032258,7,5.722222222222222,3.814814814814815
19,29,3.9473684210526314,6,4.5,1.588235294117647
22,74,2.6818181818181817,5,4.666666666666667,3.6842105263157894
23,57,3.0,7,3.7777777777777777,2.125
27,91,2.814814814814815,5,5.375,3.739130434782609
22,59,2.9545454545454546,5,3.533333333333333,2.9444444444444446
19,28,4.052631578947368,6,4.333333333333333,1.5294117647058822
21,58,2.7142857142857144,5,4.4,2.933333333333333
29,82,3.103448275862069,5,6.416666666666667,3.08
25,93,3.52,7,4.625,3.5238095238095237
21,49,2.9523809523809526,5,3.75,2.6470588235294117
19,50,2.5789473684210527,5,3.8181818181818183,2.8
19,48,2.8421052631578947,5,3.6,2.1176470588235294
26,82,3.6538461538461537,6,5.538461538461538,3.272727272727273
22,60,2.6363636363636362,5,3.2666666666666666,2.5789473684210527
25,63,3.56,6,4.333333333333333,2.4761904761904763
17,21,1.2941176470588236,2,4.0,1.6
19,51,3.5789473684210527,7,3.6923076923076925,2.823529411764706
25,92,3.96,7,5.266666666666667,3.590909090909091
22,61,2.4545454545454546,5,3.3076923076923075,2.5294117647058822
20,34,2.7,5,3.0,1.6
24,72,3.75,7,4.384615384615385,2.7142857142857144
19,35,3.526315789473684,5,4.0,1.6470588235294117
24,67,2.6666666666666665,6,4.083333333333333,2.7222222222222223
27,92,3.111111111111111,6,5.733333333333333,3.739130434782609
26,79,2.6153846153846154,5,4.625,3.3636363636363638
19,33,2.1578947368421053,4,3.4,1.5454545454545454
18,30,3.5555555555555554,5,5.2,1.625
26,60,3.9615384615384617,6,5.090909090909091,2.4347826086956523
20,30,1.9,4,3.25,1.4444444444444444
25,73,3.12,6,3.7777777777777777,3.238095238095238
20,30,4.05,6,4.666666666666667,1.5555555555555556
17,21,1.4705882352941178,3,2.6666666666666665,1.1428571428571428
25,76,3.04,5,5.833333333333333,3.3333333333333335
22,67,2.6818181818181817,5,3.466666666666667,2.736842105263158
18,27,3.9444444444444446,6,4.166666666666667,1.5625
30,103,3.5,5,6.928571428571429,3.730769230769231
26,145,4.346153846153846,8,5.565217391304348,5.565217391304348
21,32,3.9523809523809526,6,5.0,1.5789473684210527
21,67,2.9523809523809526,6,4.818181818181818,3.3125
25,83,3.12,5,5.133333333333334,3.6666666666666665
21,54,2.857142857142857,5,3.909090909090909,2.263157894736842
19,49,2.6842105263157894,5,3.0714285714285716,2.8666666666666667
21,75,3.4285714285714284,7,4.133333333333334,3.6470588235294117
30,115,3.966666666666667,7,5.111111111111111,3.5384615384615383
21,34,3.9523809523809526,6,5.333333333333333,1.6842105263157894
26,70,3.576923076923077,6,4.785714285714286,2.9130434782608696
21,37,3.9523809523809526,6,5.666666666666667,1.7894736842105263
21,63,4.190476190476191,8,3.7857142857142856,2.789473684210526
30,120,3.6,6,6.705882352941177,4.384615384615385
28,167,4.214285714285714,8,7.090909090909091,6.5
22,73,2.9545454545454546,6,4.642857142857143,3.611111111111111
23,78,3.4347826086956523,6,5.916666666666667,3.736842105263158
22,73,2.9545454545454546,6,4.6923076923076925,3.588235294117647
20,59,2.7,5,3.4285714285714284,3.0
18,55,2.4444444444444446,5,4.0,3.6666666666666665
18,50,3.0,6,3.076923076923077,2.6666666666666665
22,38,1.4545454545454546,3,5.333333333333333,1.7777777777777777
23,83,4.043478260869565,8,5.0,4.0
23,46,2.739130434782609,5,6.6,1.9411764705882353
20,36,2.55,4,6.75,1.6875
20,52,4.35,8,3.8461538461538463,2.7777777777777777
22,65,3.5454545454545454,7,3.8333333333333335,2.5555555555555554
29,97,3.586206896551724,6,5.75,3.68
23,89,2.869565217391304,5,4.352941176470588,3.8947368421052633
23,68,3.0,5,3.9375,3.3157894736842106
20,30,4.05,6,4.666666666666667,1.5555555555555556
22,65,2.272727272727273,4,5.0,3.125
25,78,2.84,5,5.214285714285714,3.4761904761904763
20,30,4.05,6,4.666666666666667,1.5555555555555556
23,83,2.608695652173913,5,5.2,4.105263157894737
22,54,2.590909090909091,6,3.7777777777777777,2.4285714285714284
28,102,2.75,5,5.388888888888889,4.041666666666667
26,91,3.3846153846153846,7,4.611111111111111,3.772727272727273
26,83,2.730769230769231,5,4.875,3.5454545454545454
19,29,3.9473684210526314,6,4.5,1.588235294117647
21,66,3.2857142857142856,6,4.5,3.5
24,48,3.125,5,4.0,1.4736842105263157
23,66,3.8260869565217392,7,4.428571428571429,3.1
25,83,3.92,7,4.5,3.5217391304347827
17,41,2.588235294117647,5,2.8461538461538463,2.8461538461538463
22,62,2.6363636363636362,5,4.230769230769231,3.0555555555555554
20,46,3.4,6,4.0,2.4444444444444446
18,28,2.1666666666666665,4,3.4,1.5454545454545454
18,48,3.888888888888889,7,3.8333333333333335,2.875
22,59,3.0454545454545454,6,4.0,2.5
25,82,3.92,7,5.2,3.5454545454545454
26,100,3.0384615384615383,6,4.333333333333333,3.9565217391304346
24,69,3.2916666666666665,6,4.416666666666667,2.65
19,29,3.9473684210526314,6,4.5,1.588235294117647
24,46,3.25,5,4.0,1.2
27,88,3.185185185185185,6,5.928571428571429,3.608695652173913
20,30,4.05,6,4.666666666666667,1.5555555555555556
27,104,3.6296296296296298,7,5.8125,3.875
22,62,3.5454545454545454,6,4.142857142857143,3.0526315789473686
19,31,1.9473684210526316,4,2.6,1.4444444444444444
20,30,4.05,6,4.666666666666667,1.5555555555555556
24,58,3.8333333333333335,6,4.909090909090909,2.5714285714285716
24,85,3.0,6,4.2631578947368425,3.857142857142857
19,29,3.9473684210526314,6,4.5,1.588235294117647
24,43,1.375,2,6.333333333333333,2.111111111111111
27,84,3.074074074074074,5,6.583333333333333,3.4347826086956523
23,71,2.9130434782608696,5,4.714285714285714,3.473684210526316
20,58,2.9,6,3.142857142857143,2.75
18,30,2.4444444444444446,4,3.857142857142857,1.6875
21,72,3.6666666666666665,7,4.6,3.8333333333333335
28,96,3.2857142857142856,6,6.066666666666666,3.7916666666666665
19,29,3.9473684210526314,6,4.5,1.588235294117647
22,54,2.5454545454545454,6,4.571428571428571,2.2857142857142856
26,99,3.576923076923077,7,5.222222222222222,4.2727272727272725
24,73,2.7083333333333335,5,3.25,2.736842105263158
22,65,2.6363636363636362,5,3.25,2.736842105263158
20,30,4.05,6,4.666666666666667,1.5555555555555556
25,90,3.44,5,5.6923076923076925,3.3636363636363638
21,54,2.857142857142857,5,3.5714285714285716,2.9411764705882355
20,30,4.05,6,4.666666666666667,1.5555555555555556
26,120,3.8076923076923075,7,6.277777777777778,5.136363636363637
23,79,2.9565217391304346,6,4.411764705882353,3.75
25,81,3.16,5,5.066666666666666,3.619047619047619
25,91,3.24,6,4.352941176470588,3.5238095238095237
22,78,3.0,6,4.428571428571429,3.4444444444444446
25,89,3.44,6,4.764705882352941,3.857142857142857
21,60,3.761904761904762,7,4.75,3.1666666666666665
20,30,4.05,6,4.666666666666667,1.5555555555555556
24,47,3.0833333333333335,5,3.4285714285714284,1.263157894736842
28,92,3.107142857142857,5,5.4375,3.625
24,73,2.875,5,3.6666666666666665,2.75
20,30,4.05,6,4.666666666666667,1.5555555555555556
24,88,2.7916666666666665,5,5.1875,4.15
28,91,3.107142857142857,5,5.733333333333333,3.5833333333333335
19,28,4.052631578947368,6,4.333333333333333,1.5294117647058822
20,68,3.1,6,4.571428571428571,3.764705882352941
23,64,3.782608695652174,7,5.0,3.0
25,88,3.6,7,4.25,3.8636363636363638
17,41,2.588235294117647,5,3.0,2.769230769230769
20,30,4.05,6,4.666666666666667,1.5555555555555556
25,105,3.6,6,5.933333333333334,4.045454545454546
23,65,2.9565217391304346,5,3.8125,3.210526315789474
19,28,4.052631578947368,6,4.333333333333333,1.5294117647058822
22,55,2.5454545454545454,6,4.714285714285714,2.357142857142857
27,100,3.4814814814814814,6,5.222222222222222,4.086956521739131
24,73,2.75,5,3.3125,2.65
24,85,2.7916666666666665,5,4.75,3.8
17,36,2.6470588235294117,5,2.5833333333333335,2.3846153846153846
21,46,3.380952380952381,6,4.333333333333333,2.0526315789473686
17,22,1.3529411764705883,2,4.5,1.5
21,63,4.0476190476190474,7,4.6923076923076925,3.210526315789474
24,76,3.9166666666666665,7,4.909090909090909,2.5714285714285716
26,82,3.3461538461538463,6,4.8125,3.5
24,90,3.1666666666666665,6,4.8,3.6
23,69,2.6956521739130435,5,4.266666666666667,3.3684210526315788
18,34,3.5555555555555554,5,4.0,1.75
29,113,3.8620689655172415,7,6.75,4.32
26,99,3.0,6,4.888888888888889,4.0
20,30,4.05,6,4.666666666666667,1.5555555555555556
20,55,3.75,7,3.923076923076923,3.0
26,79,4.038461538461538,7,4.933333333333334,3.217391304347826
21,68,2.7142857142857144,5,3.875,3.4444444444444446
24,73,3.4166666666666665,6,4.142857142857143,2.6363636363636362
24,76,3.6666666666666665,7,4.375,3.3333333333333335
17,30,2.176470588235294,4,3.5,1.4
23,58,3.4347826086956523,6,3.7857142857142856,2.789473684210526
16,34,2.5,5,2.230769230769231,2.4166666666666665
20,59,3.05,6,3.2,3.0
31,133,4.064516129032258,7,5.571428571428571,4.333333333333333
20,30,4.05,6,4.666666666666667,1.5555555555555556
20,55,3.25,6,4.363636363636363,2.823529411764706
27,129,3.925925925925926,7,5.473684210526316,4.521739130434782
26,87,3.1153846153846154,6,5.0625,3.6818181818181817
18,31,1.7777777777777777,4,2.4285714285714284,1.5454545454545454
22,65,2.909090909090909,5,4.916666666666667,3.2777777777777777
18,64,3.0555555555555554,6,3.857142857142857,3.857142857142857
19,47,2.8947368421052633,5,3.0,2.8
31,130,4.064516129032258,7,5.0476190476190474,3.925925925925926
21,34,3.9523809523809526,6,5.333333333333333,1.6842105263157894
21,54,2.9047619047619047,6,4.090909090909091,3.0
25,89,4.28,8,4.857142857142857,2.9565217391304346
28,102,3.75,7,5.333333333333333,4.0
23,87,3.652173913043478,7,4.055555555555555,3.8421052631578947
23,46,3.9130434782608696,6,6.142857142857143,2.15
20,52,2.55,4,5.25,2.625
27,86,2.925925925925926,5,5.125,3.5652173913043477
25,73,2.8,5,4.3125,3.2857142857142856
21,64,2.6666666666666665,5,4.357142857142857,3.388888888888889
28,129,3.5,7,5.523809523809524,4.833333333333333
22,63,2.727272727272727,5,3.933333333333333,3.2777777777777777
23,72,3.130434782608696,6,4.266666666666667,3.2
24,71,4.0,8,4.7272727272727275,2.4761904761904763
28,86,3.107142857142857,5,5.125,3.4166666666666665
21,58,3.5714285714285716,7,4.153846153846154,3.0
23,82,2.782608695652174,6,3.7777777777777777,3.4
23,69,2.6956521739130435,5,4.333333333333333,3.4210526315789473
21,66,2.5238095238095237,5,3.857142857142857,3.0
27,78,3.6296296296296298,7,4.1875,2.9130434782608696
19,30,3.9473684210526314,6,4.666666666666667,1.6470588235294117
24,76,2.75,5,6.0,3.176470588235294
26,141,3.923076923076923,7,6.2631578947368425,5.409090909090909
23,65,3.608695652173913,6,4.066666666666666,3.05
22,49,3.5454545454545454,7,4.090909090909091,2.3684210526315788
23,80,3.5217391304347827,7,5.0,3.5
26,67,3.1153846153846154,5,4.846153846153846,2.8636363636363638
22,60,3.8181818181818183,6,3.7333333333333334,2.9473684210526314
23,84,3.3043478260869565,6,4.25,3.5789473684210527
27,93,3.7037037037037037,6,5.2,3.391304347826087
23,80,2.782608695652174,6,3.8333333333333335,3.45
20,32,3.65,5,5.8,1.6111111111111112
21,70,3.9523809523809526,8,4.785714285714286,3.7222222222222223
25,51,3.16,5,4.285714285714286,1.5
22,60,3.5,6,4.3076923076923075,2.9473684210526314
25,76,3.64,6,4.625,3.217391304347826
18,47,2.5555555555555554,5,3.0714285714285716,3.0714285714285716
20,44,3.4,6,3.727272727272727,2.2777777777777777
17,24,1.4705882352941178,2,6.0,1.5
19,60,3.6842105263157894,7,4.071428571428571,3.5625
27,91,3.962962962962963,7,5.375,3.739130434782609
22,76,2.9545454545454546,5,4.1875,3.526315789473684
17,39,2.5294117647058822,5,2.6923076923076925,2.6923076923076925
26,87,3.730769230769231,7,4.466666666666667,3.0454545454545454
19,29,3.9473684210526314,6,4.5,1.588235294117647
19,51,3.1578947368421053,6,3.6923076923076925,3.0
27,99,3.925925925925926,7,5.222222222222222,4.086956521739131
23,83,2.8260869565217392,5,4.647058823529412,3.95
24,76,2.625,5,4.235294117647059,3.6
25,82,3.68,7,4.428571428571429,2.9523809523809526
20,30,4.05,6,4.666666666666667,1.5555555555555556
26,108,3.730769230769231,7,6.3125,4.590909090909091
27,98,3.3333333333333335,6,5.470588235294118,4.043478260869565
21,67,2.5714285714285716,5,3.9375,3.5
20,30,4.05,6,4.666666666666667,1.5555555555555556
24,45,1.375,2,7.0,2.3333333333333335
27,84,3.074074074074074,5,6.583333333333333,3.4347826086956523
22,59,2.8636363636363638,5,3.357142857142857,2.35
19,32,1.9473684210526316,4,2.8,1.5555555555555556
23,59,3.347826086956522,6,3.6666666666666665,2.2
19,29,3.9473684210526314,6,4.5,1.588235294117647
25,64,3.56,6,4.6923076923076925,2.772727272727273
20,32,4.05,6,5.0,1.6666666666666667
20,66,3.95,8,4.5,3.7058823529411766
24,46,2.7916666666666665,5,4.333333333333333,1.5294117647058822
25,78,3.12,6,5.214285714285714,3.4761904761904763
21,49,2.761904761904762,5,3.5454545454545454,2.0526315789473686
20,29,4.15,6,4.5,1.5
25,86,3.48,7,4.555555555555555,3.9047619047619047
24,90,3.5416666666666665,7,5.0,4.25
26,108,3.576923076923077,7,5.105263157894737,4.409090909090909
19,28,4.052631578947368,6,4.333333333333333,1.5294117647058822
23,57,2.5652173913043477,6,3.7777777777777777,2.2666666666666666
27,95,3.925925925925926,7,5.294117647058823,3.9130434782608696
26,97,4.038461538461538,7,5.277777777777778,3.9583333333333335
16,37,2.5,5,2.75,2.75
20,30,4.05,6,4.666666666666667,1.5555555555555556
25,60,3.92,6,4.666666666666667,2.5454545454545454
19,29,3.9473684210526314,6,4.5,1.588235294117647
26,120,3.8076923076923075,7,5.894736842105263,5.090909090909091
24,87,2.9583333333333335,6,4.882352941176471,3.9523809523809526
26,78,3.0384615384615383,5,5.615384615384615,3.3181818181818183
20,67,2.95,5,4.142857142857143,3.411764705882353
20,53,3.5,6,3.769230769230769,2.8823529411764706
17,19,1.411764705882353,2,7.0,1.0
18,43,2.8333333333333335,5,3.5555555555555554,2.0
26,75,3.8076923076923075,7,4.4,3.0
17,22,1.3529411764705883,2,5.0,1.6666666666666667
20,54,4.2,7,4.333333333333333,2.888888888888889
28,91,3.357142857142857,6,5.0,3.5416666666666665
22,73,2.9545454545454546,5,4.0,2.888888888888889
22,71,3.0,6,3.6875,3.2777777777777777
18,30,2.9444444444444446,4,3.6666666666666665,1.4666666666666666
25,95,3.48,7,4.45,4.238095238095238
24,92,3.5416666666666665,7,5.0,4.25
26,112,3.576923076923077,7,4.95,4.5
19,29,3.9473684210526314,6,4.5,1.588235294117647
17,21,1.4705882352941178,3,2.6666666666666665,1.1428571428571428
25,80,3.0,5,4.6875,3.5714285714285716
28,94,3.5714285714285716,6,4.380952380952381,3.5384615384615383
16,36,2.5,5,2.5833333333333335,2.5833333333333335
19,28,4.052631578947368,6,4.333333333333333,1.5294117647058822
21,73,2.761904761904762,5,4.533333333333333,3.7777777777777777
23,59,2.652173913043478,6,4.0,2.4
25,76,3.8,7,4.8,3.272727272727273
19,30,1.9473684210526316,4,3.25,1.4444444444444444
23,70,3.0,6,4.1875,3.35
21,60,2.619047619047619,5,3.7857142857142856,3.1176470588235294
29,111,4.0,7,5.235294117647059,3.56
20,30,4.05,6,4.666666666666667,1.5555555555555556
26,122,3.8076923076923075,7,5.428571428571429,5.181818181818182
21,62,3.8095238095238093,7,4.0,2.736842105263158
27,90,2.740740740740741,5,5.0,3.6956521739130435
25,77,2.68,5,4.5,3.4285714285714284
20,63,2.55,5,3.8666666666666667,3.625
20,30,4.05,6,4.666666666666667,1.5555555555555556
20,65,3.8,7,4.428571428571429,3.6470588235294117
24,84,3.7083333333333335,6,4.875,3.7142857142857144
19,58,2.6842105263157894,5,3.25,3.466666666666667
18,46,2.611111111111111,5,3.076923076923077,2.857142857142857
23,62,3.347826086956522,6,3.727272727272727,2.05
20,30,3.95,6,4.666666666666667,1.5555555555555556
28,104,3.607142857142857,6,7.0,4.083333333333333
24,93,3.2083333333333335,6,4.166666666666667,3.75
21,33,3.9523809523809526,6,5.166666666666667,1.631578947368421
29,99,4.0,7,5.411764705882353,3.68
26,107,3.6538461538461537,7,4.238095238095238,4.045454545454546
24,90,2.9583333333333335,6,4.764705882352941,4.05
23,68,2.652173913043478,5,4.133333333333334,3.263157894736842
20,33,3.95,6,5.166666666666667,1.7222222222222223
26,159,3.8076923076923075,7,7.142857142857143,6.818181818181818
23,74,3.869565217391304,7,4.076923076923077,2.65
24,80,3.8333333333333335,7,5.0,3.5714285714285716
24,74,2.8333333333333335,5,4.117647058823529,3.5
18,30,3.9444444444444446,6,4.666666666666667,1.75
23,85,3.9130434782608696,8,4.5,4.05
27,107,3.5925925925925926,7,5.666666666666667,4.434782608695652
29,124,3.7586206896551726,7,5.363636363636363,4.72
24,76,3.5,6,4.714285714285714,3.3
19,32,3.9473684210526314,6,5.0,1.7647058823529411
26,99,3.269230769230769,7,5.222222222222222,4.2727272727272725
27,99,3.4074074074074074,6,5.529411764705882,4.086956521739131
23,90,3.652173913043478,7,4.866666666666666,3.8421052631578947
27,86,3.888888888888889,7,4.75,3.3043478260869565
20,32,2.95,5,4.285714285714286,1.6666666666666667
18,32,2.7222222222222223,5,3.111111111111111,2.0
29,97,3.1724137931034484,5,5.411764705882353,3.68
20,32,4.05,6,5.0,1.6666666666666667
24,53,3.25,5,3.75,1.5
28,93,3.2142857142857144,6,5.866666666666666,3.6666666666666665
22,74,2.727272727272727,5,4.375,3.6842105263157894
20,32,4.05,6,5.0,1.6666666666666667
27,94,3.4444444444444446,6,6.846153846153846,3.869565217391304
25,95,3.12,6,4.882352941176471,3.772727272727273
23,65,3.0434782608695654,5,4.357142857142857,3.210526315789474
18,46,2.4444444444444446,5,3.230769230769231,2.8
20,32,4.05,6,5.0,1.6666666666666667
21,70,2.7142857142857144,5,4.714285714285714,3.6666666666666665
21,52,2.619047619047619,6,4.25,2.4285714285714284
26,85,2.730769230769231,5,4.764705882352941,3.6818181818181817
20,32,4.05,6,5.0,1.6666666666666667
22,54,2.5454545454545454,6,4.25,2.4285714285714284
29,105,3.1379310344827585,5,5.9411764705882355,4.04
23,66,3.608695652173913,7,4.133333333333334,3.1
26,87,3.8461538461538463,7,4.473684210526316,3.5416666666666665
21,49,2.8095238095238093,5,3.4615384615384617,2.6470588235294117
20,31,4.05,6,4.833333333333333,1.6111111111111112
27,99,3.4444444444444446,6,6.266666666666667,4.086956521739131
26,122,4.3076923076923075,8,4.7727272727272725,4.565217391304348
26,124,4.3076923076923075,8,4.863636363636363,4.6521739130434785
22,63,2.6818181818181817,5,3.933333333333333,3.2777777777777777
20,62,3.0,6,3.8461538461538463,3.125
19,29,3.9473684210526314,6,4.5,1.588235294117647
26,91,3.423076923076923,6,7.166666666666667,3.909090909090909
24,108,4.0,8,4.45,4.238095238095238
19,29,3.9473684210526314,6,4.5,1.588235294117647
28,102,3.5357142857142856,6,5.764705882352941,4.083333333333333
23,74,2.869565217391304,6,4.117647058823529,3.5
22,48,3.5,6,4.333333333333333,2.0526315789473686
20,36,2.45,4,3.875,1.7222222222222223
24,66,3.4583333333333335,6,4.916666666666667,2.8095238095238093
24,88,2.8333333333333335,5,4.666666666666667,4.0
19,29,4.052631578947368,6,4.5,1.588235294117647
25,113,3.84,7,5.833333333333333,5.0
30,87,3.1333333333333333,5,6.3076923076923075,3.1538461538461537
27,102,3.5925925925925926,7,4.15,3.608695652173913
21,64,2.5238095238095237,5,3.125,2.7777777777777777
24,69,2.9583333333333335,5,4.923076923076923,3.2
19,56,3.0,5,4.083333333333333,3.0625
18,27,3.9444444444444446,6,4.166666666666667,1.5625
21,64,4.095238095238095,8,3.875,3.263157894736842
26,80,3.230769230769231,6,4.470588235294118,3.4545454545454546
23,75,2.869565217391304,5,5.153846153846154,3.526315789473684
21,50,3.142857142857143,6,3.5384615384615383,2.7058823529411766
17,40,2.4705882352941178,5,2.769230769230769,2.5714285714285716
19,51,2.6315789473684212,5,4.3,2.8666666666666667
19,29,3.9473684210526314,6,4.5,1.588235294117647
26,122,3.8076923076923075,7,5.7,5.181818181818182
27,83,3.074074074074074,5,6.5,3.391304347826087
24,70,2.8333333333333335,5,3.466666666666667,2.6
25,79,3.0,6,4.285714285714286,2.857142857142857
24,69,3.2083333333333335,6,4.0,3.2
19,44,2.789473684210526,5,3.6,2.1176470588235294
23,66,3.347826086956522,6,4.083333333333333,2.45
19,29,3.9473684210526314,6,4.5,1.588235294117647
22,56,3.5,7,4.6,2.3
22,57,2.8181818181818183,6,4.375,2.3333333333333335
27,93,2.7777777777777777,5,4.944444444444445,3.869565217391304
19,32,1.9473684210526316,4,2.8,1.5555555555555556
20,30,4.05,6,4.666666666666667,1.5555555555555556
29,110,3.9655172413793105,7,5.888888888888889,4.24
21,69,2.8095238095238093,6,3.823529411764706,3.611111111111111
19,29,3.9473684210526314,6,4.5,1.588235294117647
24,42,1.375,2,6.0,2.0
27,82,3.074074074074074,5,6.416666666666667,3.347826086956522
20,59,2.6,5,3.4375,3.235294117647059
23,59,2.9565217391304346,5,3.75,2.142857142857143
29,97,3.793103448275862,7,5.133333333333334,3.08
21,35,3.0476190476190474,5,4.714285714285714,1.736842105263158
25,68,3.64,6,4.384615384615385,2.590909090909091
25,97,2.92,6,4.5,4.285714285714286
20,29,4.15,6,4.5,1.5
29,109,3.9310344827586206,7,6.117647058823529,4.16
25,95,2.92,6,4.611111111111111,3.9523809523809526
19,29,3.9473684210526314,6,4.5,1.588235294117647
26,63,3.9615384615384617,6,5.363636363636363,2.5652173913043477
18,27,3.9444444444444446,6,4.166666666666667,1.5625
15,20,1.6,3,2.25,1.5
27,86,3.111111111111111,5,6.230769230769231,3.5217391304347827
21,72,3.0,5,4.2,3.5
26,126,4.0,7,5.181818181818182,4.956521739130435
25,79,3.04,5,4.294117647058823,3.4761904761904763
18,56,2.611111111111111,5,3.3076923076923075,3.0714285714285716
17,40,2.6470588235294117,5,2.5714285714285716,2.5714285714285716
16,35,2.5,5,2.3076923076923075,2.5
19,60,3.210526315789474,6,3.6923076923076925,3.2
25,64,3.52,6,4.416666666666667,2.5238095238095237
17,22,1.2941176470588236,2,4.0,1.6
22,27,1.2272727272727273,2,4.0,1.6
19,61,4.0,8,3.933333333333333,3.4705882352941178
20,48,2.4,5,3.2,2.4615384615384617
23,87,3.869565217391304,6,6.166666666666667,3.7
26,119,4.230769230769231,8,5.7,4.956521739130435
22,61,2.5454545454545454,5,3.8181818181818183,2.625
23,54,2.217391304347826,5,3.2,2.1333333333333333
25,109,4.2,8,5.473684210526316,4.7272727272727275
24,40,1.7916666666666667,4,5.333333333333333,1.6
18,32,2.388888888888889,4,5.75,1.6428571428571428
22,67,4.2272727272727275,8,4.333333333333333,3.25
29,97,3.310344827586207,6,7.0,3.64
20,31,4.05,6,4.666666666666667,1.5555555555555556
24,93,3.6666666666666665,7,4.888888888888889,4.190476190476191
21,64,4.0476190476190474,8,3.7142857142857144,2.736842105263158
28,109,3.4642857142857144,6,4.904761904761905,4.291666666666667
25,88,3.6,6,4.5,3.0
19,33,3.8421052631578947,6,5.0,1.7647058823529411
26,122,4.0,7,6.352941176470588,4.695652173913044
24,76,3.0833333333333335,6,4.0588235294117645,3.45
20,36,3.95,6,5.5,1.8333333333333333
26,141,4.0,8,5.9,5.363636363636363
26,83,3.0384615384615383,5,5.5,3.5
23,49,2.869565217391304,5,4.222222222222222,2.0
19,65,4.052631578947368,8,4.066666666666666,3.588235294117647
20,50,2.4,4,4.625,2.642857142857143
23,87,3.608695652173913,6,5.846153846153846,3.8
22,71,3.6818181818181817,7,4.25,3.5789473684210527
20,48,2.15,4,4.428571428571429,2.5833333333333335
23,44,1.7391304347826086,4,4.2,1.75
23,82,4.130434782608695,8,4.9375,3.95
23,57,3.0869565217391304,5,5.5,2.4444444444444446
20,34,2.55,4,6.75,1.6875
22,69,4.136363636363637,8,4.714285714285714,3.473684210526316
23,97,3.608695652173913,7,5.125,4.315789473684211
19,33,3.9473684210526314,6,5.0,1.7647058823529411
24,54,3.7916666666666665,6,3.8461538461538463,2.380952380952381
30,123,3.2666666666666666,6,5.75,4.423076923076923
19,30,3.9473684210526314,6,4.666666666666667,1.6470588235294117
25,85,3.6,6,5.142857142857143,3.4285714285714284
28,119,3.142857142857143,6,5.476190476190476,4.6
21,65,3.8095238095238093,7,3.7857142857142856,2.789473684210526
28,102,2.9642857142857144,5,5.444444444444445,4.083333333333333
24,96,3.2916666666666665,6,4.647058823529412,3.95
22,62,2.6818181818181817,5,4.142857142857143,3.2222222222222223
19,29,3.9473684210526314,6,4.5,1.588235294117647
22,64,2.727272727272727,5,4.636363636363637,3.1875
25,75,3.04,5,4.733333333333333,3.380952380952381
26,105,3.5,7,4.7368421052631575,4.090909090909091
30,168,4.533333333333333,8,6.826086956521739,5.814814814814815
27,105,3.5555555555555554,7,5.157894736842105,4.260869565217392
20,61,2.95,5,4.230769230769231,3.235294117647059
17,40,2.5294117647058822,5,2.769230769230769,2.769230769230769
22,71,2.6818181818181817,5,3.5294117647058822,3.1578947368421053
19,29,3.9473684210526314,6,4.5,1.588235294117647
21,50,2.1904761904761907,4,4.111111111111111,2.466666666666667
25,71,3.08,6,3.9411764705882355,3.1904761904761907
19,29,3.9473684210526314,6,4.5,1.588235294117647
24,59,3.875,6,4.230769230769231,2.619047619047619
19,29,3.9473684210526314,6,4.5,1.588235294117647
24,73,2.875,5,5.444444444444445,2.7222222222222223
28,101,3.2857142857142856,6,5.705882352941177,4.041666666666667
19,34,1.9473684210526316,4,3.2,1.7777777777777777
22,53,3.4545454545454546,6,4.090909090909091,2.5
17,20,1.2941176470588236,2,4.0,1.6
22,25,1.3181818181818181,2,4.5,1.2857142857142858
20,48,3.4,6,4.777777777777778,2.5294117647058822
23,75,4.086956521739131,8,4.8,3.6
20,40,1.75,4,3.8333333333333335,2.5555555555555554
15,38,4.466666666666667,8,3.0,2.357142857142857
21,77,4.333333333333333,8,4.411764705882353,3.9473684210526314
23,82,3.0869565217391304,6,4.375,3.6842105263157894
23,85,4.130434782608695,8,4.823529411764706,4.1
23,37,1.826086956521739,4,4.0,2.0
18,25,1.9444444444444444,3,4.25,1.3076923076923077
21,57,3.619047619047619,7,3.857142857142857,2.8421052631578947
26,87,2.730769230769231,5,5.466666666666667,3.727272727272727
25,101,3.48,7,5.1875,3.9523809523809526
23,66,2.739130434782609,5,4.428571428571429,3.263157894736842
19,30,3.9473684210526314,6,4.5,1.588235294117647
29,110,3.9310344827586206,7,6.235294117647059,4.24
25,89,3.0,6,4.705882352941177,3.8095238095238093
19,29,3.9473684210526314,6,4.5,1.588235294117647
28,87,3.1785714285714284,5,5.857142857142857,3.4166666666666665
21,90,4.380952380952381,8,5.176470588235294,4.631578947368421
25,77,2.68,5,4.0,3.4285714285714284
20,73,3.2,6,4.0,3.75
20,49,2.85,5,3.4615384615384617,2.8125
18,44,2.388888888888889,4,3.3333333333333335,2.6666666666666665
22,54,2.909090909090909,5,3.3333333333333335,2.0
23,56,3.260869565217391,6,4.0,2.736842105263158
15,28,2.1333333333333333,4,3.0,1.6666666666666667
18,36,2.9444444444444446,6,3.3,2.0625
19,29,3.9473684210526314,6,4.5,1.588235294117647
24,52,3.8333333333333335,6,4.8,2.2857142857142856
24,56,1.9166666666666667,4,3.3,2.0625
24,102,4.25,8,5.555555555555555,4.545454545454546
22,62,3.5,6,4.142857142857143,3.0526315789473686
16,25,1.9375,4,2.6,1.625
16,36,2.4375,4,2.75,2.5384615384615383
22,61,3.4545454545454546,6,4.071428571428571,3.0
17,22,1.588235294117647,3,3.25,1.4444444444444444
17,39,2.588235294117647,5,2.6923076923076925,2.6923076923076925
22,65,3.1363636363636362,6,3.5294117647058822,3.3333333333333335
25,88,2.88,5,4.705882352941177,3.8095238095238093
19,46,2.6842105263157894,5,3.3636363636363638,2.466666666666667
19,29,3.9473684210526314,6,4.5,1.588235294117647
22,72,2.9545454545454546,5,4.857142857142857,3.5789473684210527
28,93,3.2857142857142856,6,5.866666666666666,3.6666666666666665
19,29,3.9473684210526314,6,4.5,1.588235294117647
25,109,3.84,7,5.375,4.095238095238095
25,76,3.16,5,4.8,3.4285714285714284
25,111,3.92,7,5.2105263157894735,4.5
17,35,2.6470588235294117,5,2.5833333333333335,2.3846153846153846
24,61,3.5833333333333335,6,3.923076923076923,2.55
17,22,1.3529411764705883,2,4.5,1.5
21,26,1.2857142857142858,2,4.5,1.5
20,62,4.0,8,3.8666666666666667,3.2222222222222223
20,46,2.15,4,4.142857142857143,2.6363636363636362
23,85,3.5652173913043477,6,5.538461538461538,3.6
26,117,4.230769230769231,8,5.6,4.869565217391305
21,51,2.4285714285714284,5,3.875,2.3846153846153846
23,52,1.9130434782608696,4,3.625,2.230769230769231
25,107,4.2,8,5.315789473684211,4.590909090909091
24,40,1.7916666666666667,4,4.25,1.7
17,28,2.0588235294117645,3,4.75,1.4615384615384615
21,76,3.6666666666666665,7,4.8,4.0
27,126,3.740740740740741,6,4.857142857142857,4.434782608695652
30,147,3.8,7,6.476190476190476,5.230769230769231
20,53,2.45,5,3.4285714285714284,3.0
23,55,3.0,5,3.888888888888889,1.8421052631578947
19,29,3.9473684210526314,6,4.5,1.588235294117647
28,136,4.071428571428571,8,6.095238095238095,5.333333333333333
24,66,3.8333333333333335,6,5.083333333333333,2.9047619047619047
27,110,3.888888888888889,7,5.631578947368421,4.458333333333333
21,53,2.7142857142857144,5,3.4285714285714284,2.823529411764706
18,27,3.9444444444444446,6,4.166666666666667,1.5625
26,112,3.769230769230769,7,6.1875,4.304347826086956
25,76,2.68,5,4.666666666666667,3.3333333333333335
23,65,3.347826086956522,6,4.0,3.1578947368421053
17,31,2.3529411764705883,4,3.6,1.6363636363636365
22,70,2.6363636363636362,5,4.133333333333334,3.4444444444444446
20,31,3.95,6,4.833333333333333,1.6111111111111112
23,91,3.0434782608695654,6,5.375,4.3
29,103,3.4482758620689653,6,6.0625,3.88
20,33,3.95,6,5.166666666666667,1.7222222222222223
26,135,4.038461538461538,8,5.6,5.090909090909091
27,97,3.5925925925925926,6,5.411764705882353,4.0
28,109,4.285714285714286,8,5.0476190476190474,4.24
18,42,2.611111111111111,5,2.769230769230769,2.5714285714285716
26,71,3.769230769230769,7,4.5,2.4545454545454546
23,46,3.9130434782608696,6,6.142857142857143,2.15
28,99,3.75,7,5.588235294117647,3.9583333333333335
27,99,3.4444444444444446,6,5.588235294117647,4.130434782608695
19,33,3.9473684210526314,6,5.166666666666667,1.8235294117647058
22,51,3.772727272727273,6,3.9166666666666665,2.473684210526316
19,32,3.9473684210526314,6,5.0,1.7647058823529411
20,53,2.7,5,4.444444444444445,2.6666666666666665
24,55,3.7916666666666665,6,4.0,2.4761904761904763
26,116,3.5384615384615383,7,5.2,4.7272727272727275
20,59,2.6,5,4.0,3.2941176470588234
26,117,3.6153846153846154,7,5.526315789473684,4.7727272727272725
21,49,2.761904761904762,5,3.4615384615384617,2.6470588235294117
20,32,4.05,6,5.0,1.6666666666666667
15,21,1.6,3,2.25,1.5
23,62,3.652173913043478,6,3.8666666666666667,2.9
22,54,3.4545454545454546,7,4.166666666666667,2.6315789473684212
27,85,3.888888888888889,7,4.6875,3.260869565217391
21,36,3.0476190476190474,5,4.125,1.736842105263158
22,52,4.136363636363637,7,4.166666666666667,2.5
19,30,3.9473684210526314,6,4.666666666666667,1.6470588235294117
15,22,1.7333333333333334,3,2.5,1.4285714285714286
32,164,4.09375,7,6.913043478260869,5.678571428571429
26,97,3.0,6,5.235294117647059,4.045454545454546
22,71,2.590909090909091,5,4.25,3.5789473684210527
23,62,3.5652173913043477,6,4.142857142857143,2.9
25,100,3.28,6,4.722222222222222,4.0476190476190474
22,75,2.6363636363636362,5,3.6470588235294117,3.263157894736842
22,76,3.590909090909091,7,5.3076923076923075,3.6315789473684212
15,22,1.9333333333333333,4,2.4,1.5
27,82,3.074074074074074,5,6.0,3.391304347826087
27,149,4.444444444444445,8,6.318181818181818,5.791666666666667
27,146,4.444444444444445,8,6.090909090909091,5.583333333333333
26,74,3.1923076923076925,5,4.375,3.1818181818181817
17,30,2.176470588235294,4,3.4,1.7
29,112,4.206896551724138,8,5.277777777777778,3.8
19,29,3.9473684210526314,6,4.5,1.588235294117647
24,57,3.8333333333333335,6,4.818181818181818,2.5238095238095237
19,29,3.9473684210526314,6,4.5,1.588235294117647
22,60,2.6818181818181817,5,4.7,2.764705882352941
25,66,4.04,7,5.166666666666667,2.8181818181818183
31,140,3.967741935483871,7,5.541666666666667,4.925925925925926
23,59,2.9130434782608696,6,4.5,2.5714285714285716
23,82,3.0,6,4.235294117647059,3.789473684210526
17,41,2.5294117647058822,5,2.8461538461538463,2.8461538461538463
29,101,3.8275862068965516,7,5.666666666666667,3.4
19,29,3.9473684210526314,6,4.5,1.588235294117647
24,52,3.8333333333333335,6,4.8,2.2857142857142856
19,29,3.9473684210526314,6,4.5,1.588235294117647
26,112,3.923076923076923,8,5.526315789473684,4.7727272727272725
25,84,3.56,6,5.333333333333333,3.8095238095238093
25,94,3.44,7,4.470588235294118,3.8
25,84,3.16,7,4.05,3.6818181818181817
17,40,2.5294117647058822,5,2.769230769230769,2.769230769230769
18,33,2.3333333333333335,4,4.0,1.8181818181818181
19,29,3.9473684210526314,6,4.5,1.588235294117647
22,65,2.727272727272727,5,4.909090909090909,3.375
25,80,3.32,5,5.066666666666666,3.619047619047619
19,53,2.473684210526316,5,3.2666666666666666,3.2666666666666666
25,60,3.6,6,3.6153846153846154,2.238095238095238
19,30,2.473684210526316,4,3.375,1.588235294117647
26,64,3.5,6,4.75,2.4782608695652173
19,29,3.9473684210526314,6,4.5,1.588235294117647
26,107,3.730769230769231,8,4.421052631578948,4.0
27,82,3.074074074074074,5,5.923076923076923,3.347826086956522
27,92,3.925925925925926,7,5.0,3.6
20,57,2.55,5,3.533333333333333,3.3125
20,30,4.05,6,4.666666666666667,1.5555555555555556
20,65,2.75,5,4.066666666666666,3.588235294117647
22,55,2.6363636363636362,6,3.3,2.2
26,87,2.8846153846153846,5,5.1875,3.772727272727273
23,67,2.608695652173913,5,3.7058823529411766,3.3157894736842106
19,28,4.052631578947368,6,4.333333333333333,1.5294117647058822
22,56,4.090909090909091,8,3.909090909090909,2.15
29,101,3.206896551724138,5,6.928571428571429,3.88
26,81,3.1153846153846154,6,3.6470588235294117,3.1
22,79,3.1818181818181817,7,4.0,3.5555555555555554
29,104,4.103448275862069,7,5.235294117647059,3.56
20,30,4.05,6,4.666666666666667,1.5555555555555556
28,99,3.5714285714285716,6,6.333333333333333,3.9583333333333335
20,32,2.05,4,3.5,1.4
19,29,3.9473684210526314,6,4.5,1.588235294117647
21,72,2.5238095238095237,4,4.857142857142857,3.7777777777777777
22,56,2.6363636363636362,6,3.7777777777777777,2.2666666666666666
24,74,3.625,6,4.375,3.3333333333333335
20,63,2.55,5,3.933333333333333,3.4705882352941178
19,28,4.052631578947368,6,4.333333333333333,1.5294117647058822
23,77,2.652173913043478,5,5.214285714285714,3.65
22,54,2.590909090909091,6,4.0,2.2857142857142856
27,112,3.5925925925925926,7,5.35,4.6521739130434785
26,115,4.0,8,5.526315789473684,4.7727272727272725
19,28,4.052631578947368,6,4.333333333333333,1.5294117647058822
26,107,3.6923076923076925,7,5.1875,3.9523809523809526
26,79,3.1153846153846154,5,4.625,3.3636363636363638
23,69,2.9565217391304346,6,4.125,3.3
16,35,2.5,5,2.5,2.5
19,50,2.5789473684210527,5,3.8181818181818183,2.8
17,39,2.411764705882353,4,2.9166666666666665,2.5
19,29,3.9473684210526314,6,4.5,1.588235294117647
28,101,3.5357142857142856,6,5.647058823529412,4.0
21,68,2.857142857142857,6,4.266666666666667,3.5555555555555554
20,30,4.05,6,4.666666666666667,1.5555555555555556
24,43,2.9166666666666665,5,4.6,1.2777777777777777
28,91,3.142857142857143,5,5.733333333333333,3.5833333333333335
21,68,2.857142857142857,6,4.266666666666667,3.5555555555555554
23,53,3.4347826086956523,6,3.75,2.3684210526315788
17,21,1.2941176470588236,2,4.0,1.6
21,26,1.2380952380952381,2,4.0,1.6
20,52,3.3,6,4.454545454545454,2.8823529411764706
21,79,4.333333333333333,8,4.6875,3.9473684210526314
25,99,3.6,6,5.666666666666667,3.8636363636363638
20,77,4.4,8,4.266666666666667,3.5555555555555554
23,87,4.086956521739131,8,4.611111111111111,4.15
23,85,2.9565217391304346,6,4.769230769230769,3.6470588235294117
24,48,1.625,4,3.4285714285714284,2.1818181818181817
23,69,2.5652173913043477,5,4.181818181818182,2.875
22,86,3.909090909090909,8,4.5,4.2631578947368425
24,38,1.5833333333333333,4,3.5,1.4
18,31,2.388888888888889,4,5.5,1.5714285714285714
22,69,3.9545454545454546,8,4.642857142857143,3.4210526315789473
28,97,3.25,6,5.866666666666666,3.6666666666666665
27,110,4.037037037037037,7,5.631578947368421,4.458333333333333
21,54,2.7142857142857144,5,3.2,2.823529411764706
19,32,4.052631578947368,6,4.833333333333333,1.7058823529411764
26,122,4.0,7,6.352941176470588,4.695652173913044
26,84,2.6538461538461537,5,4.875,3.5454545454545454
20,34,3.95,6,5.166666666666667,1.7222222222222223
28,105,3.607142857142857,6,7.071428571428571,4.125
24,95,3.6666666666666665,7,4.529411764705882,3.85
20,47,3.15,6,3.8,2.375
24,72,3.3333333333333335,6,4.0,3.4
22,67,2.6363636363636362,5,4.266666666666667,3.3684210526315788
20,32,4.05,6,5.0,1.6666666666666667
27,94,3.4444444444444446,6,6.357142857142857,3.869565217391304
21,40,2.5714285714285716,4,5.25,1.5
21,35,4.142857142857143,6,5.5,1.736842105263158
26,93,3.576923076923077,6,5.533333333333333,3.608695652173913
22,57,3.0,5,3.533333333333333,2.789473684210526
20,32,4.05,6,5.0,1.6666666666666667
16,22,1.5625,3,3.3333333333333335,1.4285714285714286
23,60,3.739130434782609,6,4.0,2.8
24,101,3.5833333333333335,7,4.722222222222222,4.25
22,74,2.9545454545454546,5,4.125,3.473684210526316
16,36,2.5,5,2.6666666666666665,2.6666666666666665
17,29,2.176470588235294,4,3.4,1.7
17,45,2.7058823529411766,5,3.5,3.0
23,69,2.782608695652174,5,4.333333333333333,3.4210526315789473
22,49,3.4545454545454546,6,4.5,2.5
18,23,1.3333333333333333,2,5.5,1.8333333333333333
22,27,1.2727272727272727,2,5.5,1.8333333333333333
21,71,3.6666666666666665,6,5.153846153846154,3.7222222222222223
22,45,1.5454545454545454,2,5.2,2.1666666666666665
24,84,2.4583333333333335,5,4.285714285714286,3.1578947368421053
21,69,4.0476190476190474,8,3.9411764705882355,3.526315789473684
21,41,1.5714285714285714,4,3.3333333333333335,2.5
19,47,2.8947368421052633,5,6.666666666666667,2.6666666666666665
21,72,4.0,8,4.0,3.5789473684210527
23,42,1.9565217391304348,4,5.2,2.3636363636363638
19,29,2.1052631578947367,3,5.75,1.5333333333333334
20,65,3.5,7,4.428571428571429,3.6470588235294117
27,98,3.7037037037037037,7,5.529411764705882,4.086956521739131
23,84,3.391304347826087,6,4.533333333333333,3.5789473684210527
26,90,3.6923076923076925,7,4.466666666666667,3.0454545454545454
20,30,4.05,6,4.666666666666667,1.5555555555555556
22,56,2.8181818181818183,6,4.0,2.4
24,76,3.6666666666666665,6,4.5,3.4285714285714284
22,76,4.045454545454546,8,4.352941176470588,3.7
21,56,2.619047619047619,5,3.7142857142857144,3.0588235294117645
20,30,4.05,6,4.666666666666667,1.5555555555555556
21,56,2.6666666666666665,5,4.666666666666667,2.8
24,72,3.0833333333333335,5,4.533333333333333,3.4
21,64,2.4285714285714284,4,3.75,3.3333333333333335
21,52,2.857142857142857,5,3.6923076923076925,2.823529411764706
22,58,3.590909090909091,7,3.75,2.3684210526315788
19,30,2.4210526315789473,4,4.166666666666667,1.4705882352941178
26,69,3.6153846153846154,6,4.071428571428571,2.4782608695652173
28,99,3.6785714285714284,6,6.153846153846154,3.3333333333333335
24,84,3.375,7,3.8823529411764706,3.3
22,75,2.9545454545454546,6,3.9375,3.5
18,27,3.9444444444444446,6,4.166666666666667,1.5625
22,60,2.5,5,4.166666666666667,2.7777777777777777
27,84,2.740740740740741,5,5.0,3.4782608695652173
20,30,4.05,6,4.666666666666667,1.5555555555555556
22,54,2.590909090909091,6,4.0,2.2857142857142856
28,104,3.5,6,5.555555555555555,4.166666666666667
24,83,3.0,6,4.6875,3.75
19,29,4.052631578947368,6,4.5,1.588235294117647
26,115,3.8076923076923075,7,5.944444444444445,4.863636363636363
31,146,3.903225806451613,7,5.791666666666667,5.148148148148148
25,95,3.28,6,4.529411764705882,3.6666666666666665
23,68,2.608695652173913,5,4.266666666666667,3.3684210526315788
19,55,2.6315789473684212,5,3.642857142857143,3.1875
20,47,2.8,5,3.5833333333333335,2.6875
22,48,3.4545454545454546,6,4.4,2.4444444444444446
17,19,1.2941176470588236,2,3.5,1.4
20,22,1.3,2,4.0,1.3333333333333333
15,34,3.933333333333333,7,4.0,2.4615384615384617
22,76,3.6363636363636362,8,3.5294117647058822,3.3333333333333335
25,102,4.24,8,5.157894736842105,4.454545454545454
21,53,2.4285714285714284,4,5.0,2.857142857142857
17,40,3.6470588235294117,6,4.125,2.357142857142857
24,65,2.5,5,4.4,2.588235294117647
24,63,2.0416666666666665,4,3.5454545454545454,2.6
25,105,4.2,8,5.444444444444445,4.454545454545454
24,38,1.7916666666666667,4,4.25,1.7
17,23,1.9411764705882353,3,3.75,1.25
21,79,3.7142857142857144,7,5.066666666666666,4.222222222222222
27,95,3.6666666666666665,6,5.625,3.9130434782608696
24,86,3.0833333333333335,6,4.352941176470588,3.7
16,36,2.5,5,2.5833333333333335,2.5833333333333335
17,33,2.411764705882353,4,4.2,1.9090909090909092
15,29,2.8666666666666667,5,3.142857142857143,1.6923076923076923
16,36,2.5,5,2.5833333333333335,2.5833333333333335
21,48,3.238095238095238,5,4.111111111111111,1.9473684210526316
18,29,2.388888888888889,4,3.6,1.5
30,99,3.7333333333333334,7,6.642857142857143,3.576923076923077
19,28,1.631578947368421,4,2.75,1.5714285714285714
23,70,2.739130434782609,5,4.333333333333333,3.4210526315789473
20,34,4.05,6,4.833333333333333,1.6111111111111112
22,60,4.136363636363637,8,4.363636363636363,2.4
28,108,3.357142857142857,6,5.368421052631579,4.25
23,68,2.739130434782609,5,3.4,2.6842105263157894
22,64,2.6363636363636362,5,3.2,2.526315789473684
20,30,4.05,6,4.666666666666667,1.5555555555555556
25,104,3.68,6,6.5,4.136363636363637
24,75,2.9583333333333335,5,5.3076923076923075,3.45
22,66,2.6363636363636362,5,3.5,2.7222222222222223
16,35,2.5,5,2.5,2.5
17,24,1.8235294117647058,3,5.0,1.3636363636363635
21,76,3.7142857142857144,7,4.866666666666666,4.055555555555555
24,84,4.083333333333333,8,4.6923076923076925,2.9047619047619047
24,72,3.7083333333333335,7,4.785714285714286,3.1904761904761907
22,78,3.409090909090909,7,3.9375,3.5
19,60,2.736842105263158,5,3.5714285714285716,3.3333333333333335
19,30,4.052631578947368,6,4.333333333333333,1.5294117647058822
25,105,3.6,6,6.066666666666666,4.136363636363637
22,62,3.5,6,4.142857142857143,3.0526315789473686
23,74,3.0434782608695654,6,4.176470588235294,3.55
17,42,2.4705882352941178,5,2.8461538461538463,2.8461538461538463
19,29,4.052631578947368,6,4.5,1.588235294117647
25,106,3.6,6,6.5,4.136363636363637
25,75,2.68,5,4.666666666666667,3.3333333333333335
19,29,4.052631578947368,6,4.5,1.588235294117647
14,20,1.6428571428571428,3,2.25,1.5
24,63,3.0833333333333335,7,4.333333333333333,2.2941176470588234
27,96,3.3333333333333335,6,5.352941176470588,3.9565217391304346
22,72,2.727272727272727,5,3.5625,3.0
18,45,2.5555555555555554,5,3.0,2.7857142857142856
20,32,3.95,6,5.0,1.6666666666666667
22,85,2.8181818181818183,5,5.333333333333333,4.2105263157894735
23,66,2.6956521739130435,6,3.5833333333333335,2.6875
28,103,2.8214285714285716,5,5.388888888888889,4.041666666666667
23,66,2.739130434782609,5,3.75,3.1578947368421053
29,124,4.137931034482759,7,5.1,4.08
21,34,4.0476190476190474,6,5.333333333333333,1.6842105263157894
29,117,3.8620689655172415,7,6.588235294117647,4.48
30,191,4.433333333333334,8,6.8,6.538461538461538
22,75,4.090909090909091,7,4.0,3.2
24,68,2.7916666666666665,5,4.266666666666667,3.2
19,32,3.9473684210526314,6,5.0,1.7647058823529411
22,50,3.8636363636363638,6,3.5384615384615383,2.4210526315789473
27,97,3.4074074074074074,6,5.166666666666667,4.043478260869565
24,110,3.6666666666666665,7,5.277777777777778,4.75
20,34,4.05,6,5.166666666666667,1.7222222222222223
21,57,3.0,6,4.7,2.611111111111111
28,137,3.75,6,5.842105263157895,4.625
25,82,2.72,5,4.588235294117647,3.7142857142857144
22,58,3.6363636363636362,6,3.6666666666666665,2.8947368421052633
23,73,2.608695652173913,5,4.3125,3.6315789473684212
21,51,3.0,5,3.4166666666666665,2.1578947368421053
19,48,2.6315789473684212,5,3.142857142857143,2.933333333333333
22,67,2.6818181818181817,5,5.0,3.3333333333333335
19,30,3.9473684210526314,6,4.666666666666667,1.6470588235294117
25,97,3.84,7,4.6,4.380952380952381
21,52,3.5714285714285716,7,4.454545454545454,2.5789473684210527
26,79,3.0384615384615383,5,6.166666666666667,3.3636363636363638
19,36,2.263157894736842,4,3.6,1.5
19,29,3.9473684210526314,6,4.5,1.588235294117647
25,94,3.84,7,4.684210526315789,4.238095238095238
25,93,3.08,6,5.0,4.0476190476190474
19,29,3.9473684210526314,6,4.5,1.588235294117647
22,54,2.5454545454545454,6,4.375,2.5
30,113,3.1666666666666665,5,6.411764705882353,4.1923076923076925
24,93,3.4583333333333335,7,4.411764705882353,3.75
23,70,2.6956521739130435,5,4.125,3.473684210526316
19,29,3.9473684210526314,6,4.5,1.588235294117647
25,92,3.44,5,6.5,3.5454545454545454
26,82,3.0384615384615383,5,6.0,3.5454545454545454
23,75,2.782608695652174,5,4.714285714285714,3.473684210526316
21,61,2.4285714285714284,4,3.8666666666666667,3.2222222222222223
19,29,3.9473684210526314,6,4.5,1.588235294117647
26,117,3.8076923076923075,7,5.894736842105263,5.090909090909091
21,59,4.0,7,4.0,2.526315789473684
27,97,2.888888888888889,5,5.166666666666667,4.043478260869565
25,79,2.76,5,4.411764705882353,3.5714285714285716
20,63,2.65,5,4.285714285714286,3.5294117647058822
23,82,3.3043478260869565,7,3.9411764705882355,3.526315789473684
19,44,2.789473684210526,5,3.3333333333333335,2.6666666666666665
22,48,3.409090909090909,6,4.4,2.4444444444444446
17,21,1.2941176470588236,2,4.5,1.8
20,25,1.3,2,5.5,1.8333333333333333
22,72,3.9545454545454546,8,4.928571428571429,3.6315789473684212
22,68,3.3636363636363638,6,4.909090909090909,3.0
22,69,3.272727272727273,7,4.214285714285714,3.2777777777777777
23,82,4.478260869565218,8,4.705882352941177,3.8095238095238093
21,41,1.5238095238095237,3,5.2,2.888888888888889
23,81,3.347826086956522,5,6.090909090909091,3.526315789473684
23,39,1.3478260869565217,2,6.333333333333333,2.375
22,80,4.2272727272727275,8,4.470588235294118,3.8
21,41,1.6666666666666667,4,2.75,2.4444444444444446
24,37,1.7916666666666667,4,4.0,2.0
18,28,2.0555555555555554,3,5.5,1.5714285714285714
22,54,4.136363636363637,7,4.7272727272727275,2.6
26,103,3.0384615384615383,6,4.947368421052632,4.2727272727272725
20,30,4.05,6,4.666666666666667,1.5555555555555556
29,107,3.896551724137931,7,6.0,4.08
28,146,4.571428571428571,8,5.909090909090909,5.2
20,30,4.05,6,4.666666666666667,1.5555555555555556
27,97,3.4074074074074074,5,5.8125,4.043478260869565
22,73,2.9545454545454546,6,4.0588235294117645,3.6315789473684212
19,29,3.9473684210526314,6,4.5,1.588235294117647
22,57,2.590909090909091,6,4.375,2.5
27,100,4.111111111111111,7,5.052631578947368,4.0
23,63,2.5652173913043477,5,3.076923076923077,2.2222222222222223
20,30,4.05,6,4.666666666666667,1.5555555555555556
25,109,3.76,8,4.777777777777778,4.095238095238095
30,139,3.9,7,5.739130434782608,5.076923076923077
19,32,1.9473684210526316,4,3.0,1.6666666666666667
18,36,2.5555555555555554,5,3.25,1.7333333333333334
23,72,2.739130434782609,5,4.333333333333333,3.4210526315789473
19,29,3.9473684210526314,6,4.5,1.588235294117647
24,53,3.8333333333333335,6,4.9,2.3333333333333335
20,31,1.75,4,3.0,1.5
22,66,2.6363636363636362,5,3.1176470588235294,2.789473684210526
19,29,3.9473684210526314,6,4.5,1.588235294117647
27,109,3.6296296296296298,7,4.823529411764706,3.727272727272727
27,87,3.111111111111111,5,5.857142857142857,3.5652173913043477
20,58,2.6,5,3.375,3.176470588235294
21,61,2.7142857142857144,5,3.8,3.1666666666666665
20,58,2.55,5,3.533333333333333,3.3125
18,30,2.2777777777777777,4,3.4,1.5454545454545454
19,29,3.9473684210526314,6,4.5,1.588235294117647
27,95,3.4444444444444446,6,7.5,3.9130434782608696
20,28,1.45,3,3.3333333333333335,1.6666666666666667
22,67,2.6363636363636362,5,3.875,3.4444444444444446
21,59,2.7142857142857144,5,4.333333333333333,3.0588235294117645
25,60,3.6,6,4.25,2.4285714285714284
17,21,1.2941176470588236,2,4.0,1.6
21,24,1.2380952380952381,2,3.5,1.4
19,56,4.0,8,3.857142857142857,3.176470588235294
19,43,2.210526315789474,4,4.0,2.5454545454545454
23,80,3.869565217391304,6,5.833333333333333,3.5
25,109,4.28,8,5.526315789473684,4.7727272727272725
21,53,2.2857142857142856,4,3.888888888888889,2.5
23,51,2.0869565217391304,5,3.625,2.0714285714285716
25,106,4.2,8,5.315789473684211,4.590909090909091
24,37,1.7916666666666667,4,5.0,1.5
18,29,2.111111111111111,3,5.25,1.5
25,91,4.16,8,4.833333333333333,3.9545454545454546
24,92,3.5416666666666665,7,4.625,3.7
20,30,4.05,6,4.666666666666667,1.5555555555555556
26,67,3.9615384615384617,6,5.25,2.739130434782609
26,104,3.0,6,4.947368421052632,4.2727272727272725
20,30,4.05,6,4.666666666666667,1.5555555555555556
25,91,3.56,6,5.1875,3.9523809523809526
29,142,3.2758620689655173,6,6.2272727272727275,5.269230769230769
21,61,3.380952380952381,7,3.769230769230769,2.5789473684210527
26,87,2.6538461538461537,5,4.823529411764706,3.727272727272727
25,101,3.48,7,4.882352941176471,3.9523809523809526
23,69,2.652173913043478,5,4.0,3.3684210526315788
19,28,4.052631578947368,6,4.333333333333333,1.5294117647058822
22,67,2.9545454545454546,6,4.7272727272727275,3.0588235294117645
26,76,3.0384615384615383,5,5.0,3.1818181818181817
25,106,3.64,7,5.294117647058823,4.285714285714286
29,181,4.275862068965517,8,6.6,6.6
25,103,3.6,7,5.166666666666667,4.428571428571429
20,68,3.5,6,4.285714285714286,3.5294117647058822
17,36,2.6470588235294117,5,2.5,2.3076923076923075
19,52,2.736842105263158,5,3.142857142857143,2.75
21,35,3.9523809523809526,6,5.5,1.736842105263158
23,90,3.130434782608696,7,5.071428571428571,3.736842105263158
25,80,3.12,6,4.166666666666667,3.5714285714285716
20,34,3.95,6,5.166666666666667,1.7222222222222223
27,75,4.0,6,6.363636363636363,2.9166666666666665
18,28,3.9444444444444446,6,4.333333333333333,1.625
23,73,3.4347826086956523,6,4.0588235294117645,3.45
21,56,3.0952380952380953,5,3.533333333333333,2.9444444444444446
21,34,4.142857142857143,6,5.333333333333333,1.6842105263157894
23,78,3.217391304347826,7,4.6923076923076925,3.588235294117647
21,60,3.8095238095238093,7,4.3076923076923075,3.111111111111111
25,95,2.8,6,4.55,4.333333333333333
24,74,4.0,7,4.214285714285714,2.6818181818181817
21,63,2.619047619047619,5,3.933333333333333,3.4705882352941178
23,91,3.3043478260869565,6,5.266666666666667,4.157894736842105
20,32,4.05,6,5.0,1.6666666666666667
21,54,4.190476190476191,8,4.0,2.3157894736842106
30,103,3.2,5,5.2105263157894735,3.8076923076923075
27,121,3.5185185185185186,7,4.904761904761905,4.478260869565218
24,90,3.25,7,4.388888888888889,3.95
29,102,3.9655172413793105,7,5.294117647058823,3.6
19,30,3.9473684210526314,6,4.666666666666667,1.6470588235294117
23,51,3.782608695652174,6,3.9166666666666665,2.35
21,32,2.0,4,3.0,1.5
22,73,2.6818181818181817,5,3.4705882352941178,3.1052631578947367
19,29,3.9473684210526314,6,4.5,1.588235294117647
28,96,3.892857142857143,7,5.411764705882353,3.8333333333333335
21,34,2.0,4,3.5,1.4
19,30,3.9473684210526314,6,4.666666666666667,1.6470588235294117
22,54,2.5454545454545454,6,4.375,2.5
27,98,3.3333333333333335,6,4.7,4.086956521739131
22,75,2.9545454545454546,5,4.0625,3.4210526315789473
19,29,3.9473684210526314,6,4.5,1.588235294117647
25,89,3.04,5,6.166666666666667,3.7
24,75,2.7083333333333335,5,4.4375,3.55
27,73,3.5555555555555554,6,4.2,2.739130434782609
21,35,3.0476190476190474,5,4.571428571428571,1.6842105263157894
22,60,3.772727272727273,7,4.666666666666667,2.9473684210526314
28,92,2.8214285714285716,5,5.5,3.6666666666666665
27,159,4.481481481481482,8,6.809523809523809,5.958333333333333
21,68,2.619047619047619,5,4.333333333333333,3.611111111111111
20,30,4.05,6,4.666666666666667,1.5555555555555556
25,100,3.8,7,6.333333333333333,4.523809523809524
27,86,3.074074074074074,5,6.3076923076923075,3.5652173913043477
24,93,3.0833333333333335,6,4.470588235294118,3.8
22,65,2.6363636363636362,5,3.8125,3.388888888888889
23,78,2.9130434782608696,6,3.9411764705882355,3.526315789473684
20,47,2.8,5,3.5833333333333335,2.6875
20,30,4.05,6,4.666666666666667,1.5555555555555556
22,56,2.590909090909091,6,3.7777777777777777,2.4285714285714284
29,107,3.0689655172413794,5,6.0588235294117645,4.12
27,81,3.3333333333333335,6,4.529411764705882,3.347826086956522
20,62,2.95,6,3.6923076923076925,3.0
20,30,4.05,6,4.666666666666667,1.5555555555555556
21,67,2.5238095238095237,4,4.571428571428571,3.5555555555555554
29,103,3.413793103448276,6,5.764705882352941,3.92
19,29,3.9473684210526314,6,4.5,1.588235294117647
25,61,3.88,6,4.384615384615385,2.590909090909091
26,102,3.269230769230769,7,4.1,3.9047619047619047
24,83,3.0,6,3.888888888888889,3.5
19,29,3.9473684210526314,6,4.5,1.588235294117647
22,54,2.5454545454545454,6,4.571428571428571,2.2857142857142856
29,110,3.4482758620689653,6,5.3,4.24
25,84,2.84,5,4.470588235294118,3.619047619047619
20,31,4.05,6,4.833333333333333,1.6111111111111112
25,111,3.64,8,4.888888888888889,4.190476190476191
23,64,3.6956521739130435,6,4.0,3.0
19,29,1.9473684210526316,4,3.25,1.4444444444444444
23,69,2.608695652173913,5,3.3529411764705883,2.85
23,69,2.782608695652174,5,4.428571428571429,3.263157894736842
20,30,4.05,6,4.666666666666667,1.5555555555555556
24,55,3.875,6,5.1,2.4285714285714284
20,28,1.45,3,3.3333333333333335,1.6666666666666667
22,64,2.6818181818181817,5,3.0,2.6842105263157894
19,29,3.9473684210526314,6,4.5,1.588235294117647
17,21,1.3529411764705883,2,3.5,1.1666666666666667
25,77,3.0,5,6.0,3.4285714285714284
22,66,2.8636363636363638,5,5.083333333333333,3.388888888888889
21,58,2.6666666666666665,5,3.2857142857142856,2.5555555555555554
19,51,2.5789473684210527,5,4.0,2.933333333333333
29,105,3.6551724137931036,6,4.777777777777778,3.44
20,34,3.1,5,3.875,1.7222222222222223
21,59,4.0476190476190474,7,4.384615384615385,3.0
22,70,3.5454545454545454,7,4.0,2.6666666666666665
28,90,3.357142857142857,6,5.0588235294117645,3.5833333333333335
16,21,1.9375,4,3.0,1.3333333333333333
23,65,3.391304347826087,6,3.642857142857143,2.4285714285714284
19,28,3.6315789473684212,5,5.2,1.5294117647058822
25,73,3.88,7,4.0,2.727272727272727
20,30,4.15,6,4.666666666666667,1.5555555555555556
22,58,2.8181818181818183,6,4.5,2.4
26,89,3.923076923076923,7,4.722222222222222,3.6956521739130435
25,84,3.96,7,4.555555555555555,3.5652173913043477
18,46,2.611111111111111,5,3.1538461538461537,2.9285714285714284
19,28,4.052631578947368,6,4.333333333333333,1.5294117647058822
22,57,2.1363636363636362,4,4.1,2.5625
26,80,2.5,5,5.357142857142857,3.409090909090909
22,72,2.8181818181818183,5,4.25,3.5789473684210527
22,69,2.727272727272727,5,4.0625,3.4210526315789473
22,58,2.8636363636363638,5,4.076923076923077,2.9444444444444446
20,64,3.5,7,4.0,3.25
26,82,3.6538461538461537,6,5.357142857142857,3.409090909090909
23,68,2.652173913043478,5,3.4375,2.75
20,30,4.05,6,4.666666666666667,1.5555555555555556
26,104,3.5384615384615383,7,4.9375,3.761904761904762
23,62,3.8260869565217392,6,4.461538461538462,2.9
21,66,2.7142857142857144,5,3.875,3.4444444444444446
23,59,3.0,5,3.75,2.142857142857143
21,57,2.761904761904762,5,3.466666666666667,3.0588235294117645
20,64,3.05,6,3.7142857142857144,3.25
20,30,4.05,6,4.666666666666667,1.5555555555555556
22,78,2.8181818181818183,5,4.933333333333334,3.8947368421052633
23,60,2.652173913043478,6,4.111111111111111,2.466666666666667
25,78,3.8,7,4.933333333333334,3.3636363636363638
18,27,2.0,4,3.25,1.4444444444444444
19,29,4.052631578947368,6,4.5,1.588235294117647
25,45,1.4,2,6.666666666666667,2.0
27,85,3.074074074074074,6,6.076923076923077,3.4347826086956523
17,26,1.588235294117647,3,3.0,1.7142857142857142
24,97,3.4583333333333335,6,5.1875,4.15
17,38,2.6470588235294117,5,2.6666666666666665,2.4615384615384617
18,48,3.2222222222222223,6,4.0,2.933333333333333
19,51,2.5789473684210527,5,3.6666666666666665,2.933333333333333
17,36,2.6470588235294117,5,2.3846153846153846,2.3846153846153846
20,57,2.7,5,3.5,2.8823529411764706
28,75,3.642857142857143,6,3.7333333333333334,2.3333333333333335
19,33,3.1052631578947367,5,4.666666666666667,1.6470588235294117
21,73,3.6666666666666665,7,4.3125,3.8333333333333335
24,85,4.083333333333333,8,4.846153846153846,3.0
27,92,2.740740740740741,5,4.777777777777778,3.739130434782609
20,46,3.05,5,3.75,1.875
21,36,4.0476190476190474,6,5.333333333333333,1.6842105263157894
25,102,3.24,6,5.105263157894737,4.409090909090909
30,98,3.2333333333333334,5,6.571428571428571,3.5384615384615383
23,46,3.9130434782608696,6,6.142857142857143,2.15
20,52,2.55,4,5.25,2.625
27,86,2.925925925925926,5,5.125,3.5652173913043477
16,28,1.625,3,5.666666666666667,2.125
21,54,3.4285714285714284,6,4.222222222222222,2.111111111111111
21,54,3.5238095238095237,6,3.923076923076923,2.8333333333333335
21,57,3.5238095238095237,6,3.769230769230769,2.5789473684210527
19,37,2.473684210526316,4,4.4,1.6923076923076923
19,31,3.9473684210526314,6,4.833333333333333,1.7058823529411764
21,62,4.190476190476191,8,4.545454545454546,2.6315789473684212
28,103,3.392857142857143,6,5.2105263157894735,4.125
26,100,2.8846153846153846,6,4.571428571428571,4.363636363636363
25,74,3.6,6,4.357142857142857,2.652173913043478
20,31,3.65,5,5.8,1.6111111111111112
21,69,2.7142857142857144,5,4.714285714285714,3.6666666666666665
22,55,2.590909090909091,6,4.0,2.4
28,103,2.8214285714285716,5,5.2105263157894735,4.125
19,32,2.8947368421052633,5,4.833333333333333,1.7058823529411764
23,69,3.0869565217391304,6,4.0,2.6666666666666665
27,86,3.074074074074074,5,5.785714285714286,3.5217391304347827
22,68,2.6818181818181817,5,3.823529411764706,3.4210526315789473
24,82,2.9583333333333335,6,4.470588235294118,3.8
24,69,3.5416666666666665,6,4.214285714285714,2.95
19,29,3.9473684210526314,6,4.5,1.588235294117647
25,98,3.8,7,5.8125,4.428571428571429
21,61,3.8095238095238093,7,4.333333333333333,2.736842105263158
22,57,3.6818181818181817,7,4.153846153846154,2.8421052631578947
22,54,2.8636363636363638,5,3.5714285714285716,2.7777777777777777
22,65,2.5454545454545454,5,3.8125,3.388888888888889
22,64,2.6363636363636362,5,3.0,2.6842105263157894
20,30,4.05,6,4.666666666666667,1.5555555555555556
29,101,3.9310344827586206,7,5.705882352941177,3.88
21,33,1.8571428571428572,4,3.25,1.4444444444444444
19,29,3.9473684210526314,6,4.5,1.588235294117647
21,70,2.7142857142857144,5,4.714285714285714,3.6666666666666665
22,57,2.590909090909091,6,3.888888888888889,2.5
28,84,3.0357142857142856,5,4.705882352941177,3.3333333333333335
20,30,4.05,6,4.666666666666667,1.5555555555555556
23,64,2.1739130434782608,4,4.8,3.0
24,66,3.75,6,4.428571428571429,2.9523809523809526
16,21,1.5,3,4.0,1.1428571428571428
24,78,3.25,7,3.9473684210526314,3.5714285714285716
19,29,3.9473684210526314,6,4.5,1.588235294117647
24,57,3.875,6,4.416666666666667,2.5238095238095237
20,31,1.75,4,3.0,1.5
22,72,2.6818181818181817,5,3.4705882352941178,3.1052631578947367
19,29,3.9473684210526314,6,4.5,1.588235294117647
26,115,3.769230769230769,7,5.7894736842105265,5.0
22,53,2.5454545454545454,6,3.875,2.2142857142857144
27,93,3.3333333333333335,6,4.888888888888889,3.8260869565217392
26,103,3.8461538461538463,7,5.052631578947368,4.363636363636363
22,67,3.0,6,3.3333333333333335,2.7777777777777777
19,52,2.5789473684210527,5,3.0714285714285716,2.6875
16,35,2.5,5,2.5833333333333335,2.5833333333333335
17,52,2.6470588235294117,5,3.4166666666666665,3.1538461538461537
23,82,3.5652173913043477,7,4.6875,3.75
27,121,3.5555555555555554,7,5.65,4.913043478260869
23,66,3.130434782608696,6,4.090909090909091,2.5
26,94,3.9615384615384617,7,5.235294117647059,4.045454545454546
19,53,2.4210526315789473,4,3.5714285714285716,3.125
18,44,2.388888888888889,4,3.4166666666666665,2.7333333333333334
22,63,2.727272727272727,5,3.933333333333333,3.2777777777777777
18,32,2.111111111111111,4,3.4,1.7
24,65,3.4166666666666665,6,3.769230769230769,2.3333333333333335
19,31,2.526315789473684,4,3.857142857142857,1.588235294117647
23,46,2.9130434782608696,5,2.888888888888889,1.5294117647058822
27,84,2.740740740740741,5,5.0,3.4782608695652173
23,64,3.4782608695652173,6,4.285714285714286,3.0
23,84,3.3043478260869565,6,4.466666666666667,3.526315789473684
22,84,3.590909090909091,7,5.357142857142857,3.9473684210526314
27,135,3.7777777777777777,7,5.9,5.130434782608695
26,77,3.0384615384615383,5,6.0,3.272727272727273
17,25,1.7058823529411764,4,2.5,1.6666666666666667
17,24,1.7058823529411764,4,2.8,1.5555555555555556
25,72,2.84,5,4.785714285714286,3.1904761904761907
23,67,2.608695652173913,5,3.5,2.8
20,30,4.05,6,4.666666666666667,1.5555555555555556
23,65,2.391304347826087,4,3.769230769230769,2.7222222222222223
26,85,3.1923076923076925,6,5.714285714285714,3.6363636363636362
28,158,4.5,8,6.086956521739131,5.6
25,81,3.0,5,4.75,3.619047619047619
19,56,3.0,6,3.727272727272727,2.7333333333333334
17,36,2.6470588235294117,5,2.6666666666666665,2.4615384615384617
19,29,3.9473684210526314,6,4.5,1.588235294117647
24,53,3.875,6,4.454545454545454,2.3333333333333335
20,32,1.9,4,3.25,1.4444444444444444
22,65,2.6818181818181817,5,3.0588235294117645,2.736842105263158
19,29,3.9473684210526314,6,4.5,1.588235294117647
23,61,4.217391304347826,8,4.083333333333333,2.3333333333333335
30,110,3.933333333333333,7,5.888888888888889,4.076923076923077
22,70,2.6363636363636362,5,3.6666666666666665,3.6666666666666665
24,66,3.0833333333333335,5,4.0,2.3636363636363638
27,98,3.740740740740741,7,5.066666666666666,3.3043478260869565
19,29,3.9473684210526314,6,4.5,1.588235294117647
25,60,3.88,6,5.090909090909091,2.5454545454545454
19,29,3.9473684210526314,6,4.5,1.588235294117647
22,59,2.8181818181818183,6,4.875,2.6
27,106,4.111111111111111,7,5.368421052631579,4.25
26,92,2.8076923076923075,5,3.8333333333333335,3.2857142857142856
25,113,3.92,7,4.857142857142857,4.636363636363637
23,94,3.652173913043478,7,4.611111111111111,4.15
15,21,1.6,3,2.5,1.6666666666666667
22,65,3.409090909090909,7,3.75,2.5
26,87,2.730769230769231,5,4.555555555555555,3.727272727272727
20,46,3.3,6,3.4166666666666665,2.2777777777777777
25,91,3.36,6,4.368421052631579,3.9523809523809526
17,38,2.5294117647058822,5,2.75,2.5384615384615383
19,50,2.6315789473684212,5,3.3076923076923075,2.6875
17,26,3.823529411764706,6,4.0,1.6
24,91,3.1666666666666665,7,4.625,3.7
25,81,3.24,6,4.75,3.619047619047619
21,62,2.5238095238095237,5,3.3529411764705883,3.3529411764705883
19,32,3.0526315789473686,5,4.666666666666667,1.6470588235294117
27,77,3.740740740740741,6,6.0,3.130434782608696
20,30,1.9,4,3.25,1.4444444444444444
22,75,2.6818181818181817,5,3.388888888888889,3.210526315789474
20,31,3.95,6,4.833333333333333,1.6111111111111112
27,66,4.0,6,5.636363636363637,2.5833333333333335
19,29,4.052631578947368,6,4.5,1.588235294117647
22,67,3.8181818181818183,7,5.0,2.3684210526315788
29,112,3.1379310344827585,5,5.888888888888889,4.24
24,81,3.625,6,4.75,3.619047619047619
22,75,2.727272727272727,5,3.5625,3.0
24,112,3.8333333333333335,7,5.421052631578948,4.904761904761905
29,148,3.586206896551724,7,6.318181818181818,5.56
22,76,2.8181818181818183,5,4.375,3.6842105263157894
24,76,3.6666666666666665,6,4.733333333333333,3.380952380952381
23,86,3.1739130434782608,6,4.375,3.6842105263157894
20,47,3.15,6,3.8,2.375
23,74,3.0869565217391304,6,4.117647058823529,3.5
20,33,4.05,6,5.166666666666667,1.7222222222222223
16,22,1.375,2,5.0,1.6666666666666667
21,57,3.7142857142857144,6,4.076923076923077,2.9444444444444446
21,52,3.2857142857142856,6,4.5,2.3684210526315788
23,67,2.6956521739130435,5,3.7058823529411766,3.3157894736842106
19,31,3.9473684210526314,6,4.833333333333333,1.7058823529411764
22,51,3.772727272727273,6,3.9166666666666665,2.473684210526316
24,89,3.0,6,4.722222222222222,4.0476190476190474
19,30,3.9473684210526314,6,4.666666666666667,1.6470588235294117
22,56,3.8181818181818183,8,3.5384615384615383,2.4210526315789473
28,107,3.7142857142857144,7,5.421052631578948,4.291666666666667
23,76,2.782608695652174,5,3.4375,2.75
21,61,2.619047619047619,5,3.8,3.3529411764705883
23,73,2.652173913043478,5,4.714285714285714,3.473684210526316
21,67,2.619047619047619,5,4.0,3.5555555555555554
19,29,3.9473684210526314,6,4.5,1.588235294117647
23,74,2.782608695652174,5,4.733333333333333,3.55
29,105,3.413793103448276,6,5.882352941176471,4.0
19,29,3.9473684210526314,6,4.5,1.588235294117647
16,18,1.3125,2,3.0,1.2
28,149,3.7857142857142856,7,6.095238095238095,5.333333333333333
27,106,3.5555555555555554,7,5.2105263157894735,4.304347826086956
22,63,2.5454545454545454,5,4.0,3.1578947368421053
20,30,4.05,6,4.666666666666667,1.5555555555555556
22,52,2.5454545454545454,6,4.125,2.357142857142857
27,96,3.3703703703703702,6,4.6,4.0
21,70,2.857142857142857,5,4.0,3.3333333333333335
22,49,3.4545454545454546,6,4.5,2.5
18,23,1.3333333333333333,2,5.5,1.8333333333333333
21,24,1.2857142857142858,2,4.5,1.5
18,57,4.0,8,3.6666666666666665,3.4375
20,42,1.8,4,3.5714285714285716,2.5
24,94,3.5,5,6.230769230769231,3.857142857142857
24,86,4.291666666666667,8,4.882352941176471,3.9523809523809526
20,42,1.75,4,3.5714285714285716,2.7777777777777777
24,46,1.7916666666666667,4,4.0,1.8461538461538463
24,90,4.291666666666667,8,5.4375,4.142857142857143
24,41,1.9166666666666667,4,4.8,2.1818181818181817
18,27,2.0555555555555554,3,5.25,1.5
21,57,3.0952380952380953,6,4.416666666666667,2.9444444444444446
26,82,2.730769230769231,5,5.2,3.5454545454545454
23,77,2.782608695652174,6,4.294117647058823,3.65
28,97,3.7857142857142856,6,5.4,3.375
25,85,2.84,5,4.529411764705882,3.6666666666666665
19,29,3.9473684210526314,6,4.5,1.588235294117647
25,59,3.92,6,4.583333333333333,2.5
25,104,3.48,7,4.25,4.0476190476190474
23,79,2.9130434782608696,6,4.0588235294117645,3.6315789473684212
20,30,4.05,6,4.666666666666667,1.5555555555555556
25,108,3.76,7,5.555555555555555,4.761904761904762
27,96,3.3333333333333335,6,5.411764705882353,4.0
19,39,2.4210526315789473,4,4.4,1.8333333333333333
24,73,3.125,6,4.375,3.3333333333333335
20,30,4.05,6,4.666666666666667,1.5555555555555556
21,54,4.190476190476191,8,3.909090909090909,2.263157894736842
30,123,4.0,7,6.2631578947368425,4.576923076923077
22,76,2.9545454545454546,6,3.9444444444444446,3.736842105263158
24,68,3.125,5,4.153846153846154,2.4545454545454546
19,29,3.9473684210526314,6,4.5,1.588235294117647
21,66,2.7142857142857144,5,4.5,3.5
22,47,2.272727272727273,5,4.166666666666667,1.9230769230769231
26,86,2.730769230769231,5,5.125,3.727272727272727
20,30,4.05,6,4.666666666666667,1.5555555555555556
22,72,3.6363636363636362,6,5.75,3.6315789473684212
28,105,3.357142857142857,6,5.611111111111111,4.208333333333333
19,29,1.7894736842105263,4,3.0,1.5
19,37,2.789473684210526,5,3.3,1.9411764705882353
25,59,3.64,6,4.333333333333333,2.4761904761904763
17,19,1.2941176470588236,2,3.5,1.4
22,24,1.2727272727272727,2,4.0,1.3333333333333333
22,74,3.9545454545454546,8,4.733333333333333,3.736842105263158
23,66,3.391304347826087,6,4.25,2.6842105263157894
20,64,3.25,7,4.5,3.375
23,87,4.478260869565218,8,4.764705882352941,3.857142857142857
21,44,1.619047619047619,3,5.0,3.0
24,89,3.4583333333333335,6,5.461538461538462,3.55
23,38,1.3043478260869565,2,5.666666666666667,2.4285714285714284
22,81,4.2272727272727275,8,4.470588235294118,3.8
22,46,1.6818181818181819,4,3.4285714285714284,2.4
25,39,1.76,4,4.25,1.7
18,27,1.9444444444444444,3,4.5,1.3846153846153846
22,64,3.9545454545454546,8,4.285714285714286,3.1578947368421053
26,82,2.730769230769231,5,4.8125,3.5
21,66,2.619047619047619,5,4.133333333333334,3.4444444444444446
29,107,3.7586206896551726,6,6.071428571428571,3.4
24,82,2.9166666666666665,6,4.352941176470588,3.7
19,29,3.9473684210526314,6,4.5,1.588235294117647
23,79,2.652173913043478,5,4.6875,3.75
25,73,3.72,7,4.857142857142857,3.238095238095238
24,86,3.3333333333333335,7,4.15,3.9523809523809526
21,60,2.5714285714285716,5,3.4375,3.235294117647059
20,30,4.05,6,4.666666666666667,1.5555555555555556
25,116,3.76,7,5.166666666666667,4.428571428571429
26,82,3.0,5,5.133333333333334,3.5
21,55,3.4285714285714284,6,3.923076923076923,2.8333333333333335
26,83,3.6538461538461537,7,4.2105263157894735,3.4782608695652173
17,38,2.588235294117647,5,2.5384615384615383,2.5384615384615383
18,27,3.9444444444444446,6,4.166666666666667,1.5625
27,96,3.5185185185185186,6,6.923076923076923,3.9130434782608696
26,126,4.115384615384615,7,5.142857142857143,4.695652173913044
20,30,4.05,6,4.666666666666667,1.5555555555555556
22,59,2.8181818181818183,6,4.625,2.466666666666667
27,99,3.4814814814814814,6,5.222222222222222,4.086956521739131
21,70,3.0,5,4.066666666666666,3.388888888888889
24,59,3.3333333333333335,6,4.0,2.4
17,22,1.2941176470588236,2,4.0,1.6
22,27,1.2727272727272727,2,4.0,1.3333333333333333
21,51,3.2857142857142856,5,5.0,2.5
25,96,4.04,8,4.5,4.090909090909091
21,54,2.142857142857143,4,4.125,2.357142857142857
15,41,4.6,8,3.272727272727273,2.5714285714285716
23,88,4.434782608695652,8,5.1875,3.9523809523809526
23,94,3.9565217391304346,7,5.1875,4.15
26,116,4.3076923076923075,8,5.4,4.695652173913044
25,38,1.56,4,4.333333333333333,1.3
18,30,1.8888888888888888,3,6.0,1.5
21,74,3.7142857142857144,7,4.714285714285714,3.6666666666666665
27,86,3.185185185185185,6,5.266666666666667,3.4347826086956523
21,58,3.238095238095238,6,3.4285714285714284,2.526315789473684
18,32,3.9444444444444446,6,4.666666666666667,1.75
24,73,4.208333333333333,8,3.933333333333333,2.6818181818181817
29,114,3.4482758620689653,6,5.631578947368421,4.28
28,167,4.25,8,6.954545454545454,6.375
22,80,3.1818181818181817,7,3.6875,3.2777777777777777
22,71,2.727272727272727,5,3.625,3.0526315789473686
16,26,3.5625,5,4.8,1.7142857142857142
25,89,3.04,6,5.3125,4.0476190476190474
23,62,3.4782608695652173,6,3.625,3.0526315789473686
18,31,3.9444444444444446,6,4.833333333333333,1.8125
27,97,3.5925925925925926,6,6.0,3.75
23,58,3.0434782608695654,5,3.857142857142857,2.7
20,33,4.05,6,5.166666666666667,1.7222222222222223
25,101,3.24,6,5.388888888888889,4.619047619047619
27,86,3.074074074074074,5,6.230769230769231,3.5217391304347827
20,41,2.5,4,4.4,1.6923076923076923
20,32,4.05,6,5.0,1.6666666666666667
21,58,3.0476190476190474,5,4.909090909090909,3.0
32,184,4.46875,8,7.16,6.392857142857143
16,26,1.9375,4,2.8,1.75
20,54,2.65,5,3.5714285714285716,3.125
18,35,2.2777777777777777,4,3.8,1.7272727272727273
20,54,2.6,5,3.923076923076923,3.0
21,45,3.142857142857143,6,3.4166666666666665,2.411764705882353
21,64,3.0,6,3.933333333333333,3.4705882352941178
18,31,2.8333333333333335,5,3.857142857142857,1.6875
22,77,3.8181818181818183,7,5.214285714285714,3.8421052631578947
22,62,3.6818181818181817,7,3.8666666666666667,3.0526315789473686
22,71,2.6363636363636362,5,3.75,3.1578947368421053
20,49,2.8,5,3.4615384615384617,2.8125
19,29,3.9473684210526314,6,4.5,1.588235294117647
26,100,3.4615384615384617,6,5.733333333333333,3.739130434782609
24,76,2.7083333333333335,5,4.5,3.6
19,29,3.9473684210526314,6,4.5,1.588235294117647
24,56,3.875,6,4.7272727272727275,2.4761904761904763
15,20,1.5333333333333334,3,2.6666666666666665,1.3333333333333333
16,34,2.875,6,3.5,2.1538461538461537
24,81,3.3333333333333335,6,4.625,3.7
18,46,3.2222222222222223,5,4.2,2.8
17,30,2.7058823529411766,5,3.25,2.0
15,28,2.2,4,3.0,1.6666666666666667
16,34,2.4375,4,2.8181818181818183,2.3846153846153846
16,34,2.5,5,2.5,2.5
20,53,2.55,5,3.5384615384615383,2.7058823529411766
20,30,4.05,6,4.666666666666667,1.5555555555555556
22,54,3.4545454545454546,7,4.1,2.05
29,115,3.9310344827586206,7,5.842105263157895,4.44
24,85,3.125,6,4.2105263157894735,3.8095238095238093
23,68,3.5652173913043477,6,4.416666666666667,2.5238095238095237
19,29,3.9473684210526314,6,4.5,1.588235294117647
25,60,3.88,6,5.090909090909091,2.5454545454545454
19,29,3.9473684210526314,6,4.5,1.588235294117647
22,53,4.090909090909091,8,3.727272727272727,2.05
29,105,3.2413793103448274,5,6.733333333333333,4.04
28,93,3.3214285714285716,6,4.944444444444445,3.7083333333333335
16,26,1.8125,4,2.8333333333333335,1.7
21,52,3.0,5,3.6363636363636362,2.1052631578947367
18,52,2.4444444444444446,4,3.6923076923076925,3.2
21,55,2.857142857142857,5,3.1875,3.0
19,29,3.9473684210526314,6,4.5,1.588235294117647
15,21,1.6,3,3.0,1.5
23,67,3.6956521739130435,6,4.2,3.15
28,129,4.071428571428571,8,6.1,5.083333333333333
19,52,2.5789473684210527,5,4.4,2.933333333333333
16,36,2.5,5,2.6666666666666665,2.6666666666666665
21,31,2.5238095238095237,4,4.142857142857143,1.5263157894736843
24,87,4.25,8,4.9411764705882355,4.0
25,116,4.16,8,4.761904761904762,4.545454545454546
19,29,3.9473684210526314,6,4.5,1.588235294117647
25,122,3.8,7,5.5,4.714285714285714
26,80,3.0384615384615383,5,5.769230769230769,3.409090909090909
28,101,3.9285714285714284,7,4.95,3.8076923076923075
17,40,2.588235294117647,5,2.769230769230769,2.769230769230769
20,30,4.05,6,4.666666666666667,1.5555555555555556
21,51,2.0,4,4.5,2.5714285714285716
25,74,2.92,5,5.0,3.3333333333333335
21,64,2.7142857142857144,5,4.0,3.3333333333333335
22,53,2.8636363636363638,5,3.727272727272727,2.05
24,79,2.7083333333333335,5,4.411764705882353,3.75
18,41,2.6666666666666665,5,3.0833333333333335,2.642857142857143
17,31,2.0588235294117645,4,3.2,1.7777777777777777
20,30,4.05,6,4.666666666666667,1.5555555555555556
24,90,3.5,7,4.526315789473684,4.3
25,94,3.56,7,5.176470588235294,4.190476190476191
25,101,3.6,7,4.7894736842105265,4.333333333333333
19,53,2.8421052631578947,5,3.4545454545454546,2.533333333333333
20,30,4.05,6,4.666666666666667,1.5555555555555556
25,42,1.44,3,5.666666666666667,1.7
24,64,3.7916666666666665,6,4.615384615384615,2.857142857142857
28,132,3.75,7,6.15,5.125
18,24,1.4444444444444444,2,5.0,1.25
19,47,2.8421052631578947,5,3.6,2.1176470588235294
18,51,2.5,5,3.1333333333333333,3.1333333333333333
18,38,2.7222222222222223,5,2.8333333333333335,2.4285714285714284
18,54,3.2777777777777777,6,3.5833333333333335,3.0714285714285716
19,29,3.9473684210526314,6,4.5,1.588235294117647
24,54,3.8333333333333335,6,5.0,2.380952380952381
20,30,1.75,4,3.0,1.5
22,64,2.6818181818181817,5,3.0625,2.5789473684210527
19,29,3.9473684210526314,6,4.5,1.588235294117647
22,55,2.5454545454545454,6,4.714285714285714,2.357142857142857
29,106,3.413793103448276,6,5.05,4.04
20,67,3.0,5,4.142857142857143,3.411764705882353
19,51,2.5789473684210527,5,3.909090909090909,2.8666666666666667
17,37,2.6470588235294117,5,2.4615384615384617,2.4615384615384617
20,67,3.4,7,3.375,3.375
22,74,3.8181818181818183,7,4.642857142857143,3.4210526315789473
26,67,3.6538461538461537,6,3.8461538461538463,2.272727272727273
19,33,3.0526315789473686,5,3.625,1.7058823529411764
21,57,4.0,7,4.076923076923077,2.789473684210526
21,29,1.7142857142857142,4,3.0,1.5
24,82,2.8333333333333335,5,3.823529411764706,3.0952380952380953
25,77,3.52,6,4.153846153846154,2.5714285714285716
20,30,4.05,6,4.666666666666667,1.5555555555555556
24,81,3.4166666666666665,7,5.7,3.0
28,102,3.392857142857143,6,5.388888888888889,4.041666666666667
24,84,3.2083333333333335,6,3.8823529411764706,3.3
19,29,4.052631578947368,6,4.5,1.588235294117647
23,89,2.652173913043478,5,4.9411764705882355,4.421052631578948
22,67,3.5454545454545454,7,3.75,2.5
28,101,3.107142857142857,5,5.9375,3.9583333333333335
19,29,4.052631578947368,6,4.5,1.588235294117647
17,22,1.4705882352941178,3,3.0,1.2857142857142858
26,83,3.1153846153846154,5,5.5,3.5
23,70,2.9130434782608696,5,4.923076923076923,3.3684210526315788
22,70,2.6818181818181817,5,3.7857142857142856,2.789473684210526
20,31,3.95,6,4.833333333333333,1.6111111111111112
28,133,4.0,7,5.0476190476190474,4.416666666666667
28,84,3.142857142857143,5,6.0,3.25
23,78,4.086956521739131,8,4.933333333333334,3.7
23,70,2.9130434782608696,5,4.923076923076923,3.3684210526315788
18,65,3.0555555555555554,6,3.857142857142857,3.857142857142857
17,42,2.7058823529411766,5,2.642857142857143,2.642857142857143
20,32,3.95,6,5.0,1.6666666666666667
26,66,3.6153846153846154,6,4.846153846153846,2.739130434782609
27,120,3.740740740740741,7,5.45,4.739130434782608
24,68,2.6666666666666665,5,3.764705882352941,3.2
21,58,3.3333333333333335,6,4.230769230769231,3.0555555555555554
23,74,2.5652173913043477,5,4.375,3.6842105263157894
20,33,4.05,6,5.166666666666667,1.7222222222222223
26,141,3.6538461538461537,8,6.157894736842105,5.571428571428571
27,88,3.111111111111111,5,5.533333333333333,3.608695652173913
23,75,2.652173913043478,5,4.6,3.6315789473684212
23,78,2.782608695652174,5,4.866666666666666,3.8421052631578947
27,86,3.888888888888889,7,4.875,3.391304347826087
21,33,3.0476190476190474,5,4.428571428571429,1.631578947368421
21,62,3.619047619047619,7,3.933333333333333,3.2777777777777777
22,65,3.772727272727273,7,4.0,2.526315789473684
25,71,3.76,7,5.153846153846154,3.0454545454545454
23,79,2.8260869565217392,5,4.411764705882353,3.75
20,31,3.65,5,5.8,1.6111111111111112
22,55,4.090909090909091,8,3.8333333333333335,2.3
28,103,3.642857142857143,7,5.764705882352941,4.083333333333333
30,161,4.266666666666667,8,6.375,5.884615384615385
23,78,2.739130434782609,5,3.5625,3.0
23,72,2.652173913043478,5,3.4705882352941178,2.95
19,29,3.9473684210526314,6,4.5,1.588235294117647
24,49,3.0833333333333335,5,3.7142857142857144,1.368421052631579
27,91,3.074074074074074,5,5.375,3.739130434782609
21,67,2.619047619047619,5,4.0,3.5555555555555554
19,29,3.9473684210526314,6,4.5,1.588235294117647
21,56,2.761904761904762,6,3.5833333333333335,2.388888888888889
27,148,3.7777777777777777,7,6.095238095238095,5.565217391304348
23,70,2.739130434782609,5,4.4,3.473684210526316
23,73,2.739130434782609,5,4.466666666666667,3.526315789473684
23,76,2.739130434782609,5,4.3125,3.6315789473684212
19,29,3.9473684210526314,6,4.5,1.588235294117647
26,91,3.423076923076923,6,7.25,3.9545454545454546
32,167,4.4375,8,6.4,5.714285714285714
23,62,2.652173913043478,5,3.0714285714285716,2.388888888888889
19,29,3.9473684210526314,6,4.5,1.588235294117647
21,63,3.7142857142857144,7,4.0,3.111111111111111
28,141,4.25,8,6.380952380952381,5.583333333333333
25,78,2.88,5,3.3529411764705883,2.7142857142857144
27,87,3.740740740740741,6,5.125,3.5652173913043477
23,64,3.9565217391304346,8,4.357142857142857,3.05
18,40,2.6666666666666665,5,2.769230769230769,2.5714285714285716
19,29,3.9473684210526314,6,4.5,1.588235294117647
21,47,3.5238095238095237,7,3.888888888888889,1.8421052631578947
29,111,3.9310344827586206,7,5.944444444444445,4.28
24,83,2.875,6,4.157894736842105,3.761904761904762
24,69,3.4166666666666665,6,4.076923076923077,2.409090909090909
19,29,3.9473684210526314,6,4.5,1.588235294117647
24,86,3.5,7,4.315789473684211,4.1
25,93,3.64,7,5.176470588235294,4.190476190476191
24,92,3.625,7,4.611111111111111,4.15
21,58,2.9523809523809526,6,3.230769230769231,2.4705882352941178
19,29,3.9473684210526314,6,4.5,1.588235294117647
25,42,1.4,2,8.5,1.7
23,60,3.739130434782609,6,4.3076923076923075,2.8
29,121,3.7586206896551726,7,5.428571428571429,4.56
18,24,1.4444444444444444,2,5.0,1.25
19,46,2.8421052631578947,5,3.5,2.0588235294117645
17,41,2.411764705882353,4,3.0833333333333335,2.642857142857143
17,40,2.588235294117647,5,2.769230769230769,2.769230769230769
18,54,2.888888888888889,6,3.3846153846153846,3.142857142857143
31,110,3.6129032258064515,6,4.7894736842105265,3.3703703703703702
20,33,3.1,5,4.428571428571429,1.7222222222222223
20,65,3.75,6,5.0,3.5294117647058822
30,142,3.9,7,5.869565217391305,5.1923076923076925
21,65,2.7142857142857144,5,3.6875,3.2777777777777777
19,29,3.9473684210526314,6,4.5,1.588235294117647
27,113,3.7037037037037037,7,4.833333333333333,3.782608695652174
26,66,3.730769230769231,6,5.083333333333333,2.772727272727273
21,65,2.7142857142857144,5,3.8125,3.388888888888889
22,60,3.3181818181818183,6,3.6153846153846154,2.35
20,56,2.6,5,3.4,3.1875
20,62,3.05,6,4.083333333333333,3.0625
19,29,3.9473684210526314,6,4.5,1.588235294117647
25,115,3.68,8,5.111111111111111,4.380952380952381
27,83,3.074074074074074,5,6.0,3.391304347826087
23,77,2.782608695652174,5,4.533333333333333,3.5789473684210527
23,70,2.652173913043478,5,3.8823529411764706,3.473684210526316
19,29,3.9473684210526314,6,4.5,1.588235294117647
22,57,2.772727272727273,6,4.375,2.3333333333333335
29,108,3.1379310344827585,5,6.0588235294117645,4.12
24,73,2.7916666666666665,5,3.9285714285714284,2.75
20,30,4.05,6,4.666666666666667,1.5555555555555556
21,69,2.7142857142857144,5,4.642857142857143,3.611111111111111
29,106,3.4827586206896552,6,5.9411764705882355,4.04
19,28,4.052631578947368,6,4.333333333333333,1.5294117647058822
25,63,3.88,6,4.214285714285714,2.6818181818181817
20,29,1.45,3,3.3333333333333335,1.6666666666666667
19,29,3.9473684210526314,6,4.5,1.588235294117647
21,51,3.9523809523809526,6,4.083333333333333,2.5789473684210527
26,122,4.269230769230769,8,5.2631578947368425,4.3478260869565215
25,101,3.72,7,4.647058823529412,3.761904761904762
23,65,3.1739130434782608,5,4.615384615384615,3.1578947368421053
16,22,1.9375,4,4.333333333333333,1.4444444444444444
17,44,3.176470588235294,6,3.6363636363636362,2.857142857142857
16,30,2.25,4,3.2,1.6
24,76,3.5416666666666665,6,4.142857142857143,2.761904761904762
19,34,3.0526315789473686,5,3.875,1.8235294117647058
21,63,4.0476190476190474,7,4.615384615384615,3.1578947368421053
22,78,4.2272727272727275,8,4.461538461538462,2.9
27,83,3.037037037037037,5,5.2,3.391304347826087
24,95,3.3333333333333335,6,5.133333333333334,3.85
23,68,2.739130434782609,5,4.2,3.3157894736842106
20,30,4.05,6,4.666666666666667,1.5555555555555556
26,119,3.8076923076923075,7,5.55,5.045454545454546
23,68,3.391304347826087,7,3.75,2.5
27,89,2.962962962962963,5,5.533333333333333,3.608695652173913
18,27,3.9444444444444446,6,4.166666666666667,1.5625
27,66,4.0,6,5.166666666666667,2.5833333333333335
26,101,3.0,6,4.571428571428571,4.363636363636363
19,28,4.052631578947368,6,4.333333333333333,1.5294117647058822
25,118,3.76,7,5.0,4.523809523809524
27,86,3.111111111111111,6,5.714285714285714,3.4782608695652173
23,67,3.347826086956522,6,4.133333333333334,3.263157894736842
19,53,2.5789473684210527,5,4.0,2.933333333333333
18,43,2.611111111111111,5,2.7857142857142856,2.6
20,30,3.95,6,4.666666666666667,1.5555555555555556
28,103,3.4642857142857144,6,6.125,4.083333333333333
26,104,3.0,6,4.947368421052632,4.2727272727272725
21,33,3.9523809523809526,6,5.166666666666667,1.631578947368421
23,82,3.130434782608696,7,4.5,3.3157894736842106
25,71,3.92,6,5.5,3.0
19,33,1.9473684210526316,4,3.2,1.7777777777777777
22,65,3.0,5,4.0,3.3333333333333335
20,60,2.6,5,3.642857142857143,3.1875
20,57,3.45,6,3.75,2.5
26,104,3.6153846153846154,6,5.6875,4.136363636363637
23,79,2.5652173913043477,5,4.1875,3.526315789473684
23,63,3.5652173913043477,6,5.363636363636363,2.95
20,46,3.65,6,4.5,2.1176470588235294
20,57,3.65,7,4.153846153846154,3.176470588235294
31,103,3.6774193548387095,6,5.764705882352941,3.6296296296296298
22,61,3.409090909090909,6,3.8181818181818183,2.210526315789474
22,76,2.6818181818181817,5,3.8823529411764706,3.473684210526316
20,37,4.05,6,5.333333333333333,1.7777777777777777
25,92,3.04,6,5.5625,4.045454545454546
29,100,3.2758620689655173,6,5.588235294117647,3.8
19,31,3.9473684210526314,6,4.833333333333333,1.7058823529411764
23,82,2.739130434782609,5,5.2,4.105263157894737
22,53,2.590909090909091,6,4.0,2.5714285714285716
28,101,2.75,5,4.8,4.0
18,35,2.8333333333333335,5,4.0,1.75
26,111,3.6538461538461537,7,5.705882352941177,4.217391304347826
22,59,3.5454545454545454,6,3.9285714285714284,2.8947368421052633
25,88,3.04,6,5.0,3.8095238095238093
21,67,2.619047619047619,5,4.0,3.5555555555555554
21,60,2.619047619047619,5,3.7333333333333334,3.2941176470588234
22,79,3.3181818181818183,6,4.714285714285714,3.6666666666666665
26,81,3.6538461538461537,6,5.357142857142857,3.409090909090909
25,82,2.84,5,4.470588235294118,3.619047619047619
20,31,4.05,6,4.833333333333333,1.6111111111111112
22,55,3.409090909090909,7,4.2,2.1
22,54,2.772727272727273,6,3.6666666666666665,2.2
28,93,3.3214285714285716,6,5.235294117647059,3.7083333333333335
24,75,2.75,5,4.0625,3.25
21,69,2.619047619047619,5,4.0625,3.611111111111111
24,92,3.2916666666666665,7,4.277777777777778,3.85
19,47,2.6842105263157894,5,3.3076923076923075,2.8666666666666667
22,48,3.409090909090909,6,4.4,2.4444444444444446
18,27,2.0555555555555554,4,3.5,1.5555555555555556
20,59,3.05,5,5.5,3.235294117647059
26,139,3.923076923076923,8,5.8,5.2727272727272725
27,81,3.074074074074074,5,5.066666666666666,3.3043478260869565
21,53,2.9047619047619047,5,4.3,2.263157894736842
25,84,3.56,6,4.266666666666667,3.0476190476190474
19,29,3.9473684210526314,6,4.5,1.588235294117647
22,70,2.772727272727273,5,4.4,3.473684210526316
27,100,3.4444444444444446,6,5.647058823529412,4.173913043478261
25,99,3.4,7,4.705882352941177,3.8095238095238093
22,78,3.227272727272727,7,4.1875,3.7222222222222223
19,29,3.9473684210526314,6,4.5,1.588235294117647
22,69,2.8181818181818183,5,4.642857142857143,3.4210526315789473
22,55,2.590909090909091,6,3.7777777777777777,2.4285714285714284
26,102,3.576923076923077,7,5.388888888888889,4.409090909090909
27,109,3.962962962962963,8,4.809523809523809,4.391304347826087
19,29,3.9473684210526314,6,4.5,1.588235294117647
22,58,2.3181818181818183,4,4.181818181818182,2.7058823529411766
30,144,3.9,7,5.708333333333333,5.269230769230769
23,72,2.782608695652174,6,3.3125,2.9444444444444446
22,71,2.6363636363636362,5,4.428571428571429,3.4444444444444446
20,61,2.6,5,4.071428571428571,3.3529411764705883
19,29,3.9473684210526314,6,4.5,1.588235294117647
23,78,2.739130434782609,5,5.357142857142857,3.75
22,51,2.5454545454545454,6,4.142857142857143,2.0714285714285716
26,74,3.0384615384615383,5,3.9411764705882355,3.0454545454545454
20,31,4.05,6,4.833333333333333,1.6111111111111112
22,50,4.0,8,3.7,1.85
29,112,3.7241379310344827,7,5.684210526315789,4.32
20,30,1.6,4,2.75,1.5714285714285714
22,66,2.6363636363636362,5,3.375,2.8421052631578947
29,96,3.5172413793103448,6,4.277777777777778,3.08
18,25,2.4444444444444446,4,3.142857142857143,1.375
28,109,3.7857142857142856,7,6.176470588235294,4.375
27,136,4.62962962962963,8,5.809523809523809,5.083333333333333
19,29,3.9473684210526314,6,4.5,1.588235294117647
26,115,3.5384615384615383,7,5.294117647058823,4.285714285714286
28,91,3.1785714285714284,5,5.733333333333333,3.5833333333333335
26,82,3.0384615384615383,5,4.8125,3.5
19,58,3.0,5,3.8461538461538463,3.125
19,29,3.9473684210526314,6,4.5,1.588235294117647
28,76,3.107142857142857,5,5.142857142857143,3.0
19,33,1.9473684210526316,4,3.0,1.6666666666666667
26,81,3.0384615384615383,5,4.75,3.4545454545454546
25,96,3.84,7,5.176470588235294,4.190476190476191
16,21,1.625,3,3.25,1.4444444444444444
19,48,2.8947368421052633,5,3.6,2.1176470588235294
20,46,3.4,6,3.727272727272727,2.2777777777777777
18,24,1.5,2,6.0,1.3333333333333333
20,27,1.45,2,6.5,1.4444444444444444
20,61,4.0,8,4.214285714285714,3.2777777777777777
22,79,4.0,7,4.928571428571429,3.6315789473684212
24,94,4.375,8,5.055555555555555,4.333333333333333
21,45,1.7142857142857142,4,4.0,2.4
21,61,2.8095238095238093,5,4.2727272727272725,2.764705882352941
24,96,4.083333333333333,8,5.111111111111111,4.380952380952381
24,38,1.7916666666666667,4,4.25,1.7
18,26,1.9444444444444444,3,4.25,1.3076923076923077
19,49,3.0,5,4.75,2.533333333333333
27,82,3.074074074074074,5,5.923076923076923,3.347826086956522
24,73,2.9583333333333335,5,4.1875,3.35
22,66,2.6363636363636362,5,3.533333333333333,2.789473684210526
20,30,4.05,6,4.666666666666667,1.5555555555555556
23,67,2.260869565217391,5,4.083333333333333,2.8823529411764706
26,81,3.0384615384615383,5,5.357142857142857,3.409090909090909
20,55,3.55,6,3.923076923076923,3.0
18,44,2.611111111111111,5,2.7857142857142856,2.6
22,71,2.772727272727273,5,4.2,3.5
21,54,2.8095238095238093,5,3.909090909090909,2.263157894736842
24,76,3.7083333333333335,7,4.733333333333333,3.380952380952381
23,63,3.4347826086956523,6,4.461538461538462,3.0526315789473686
16,29,2.25,4,3.75,1.5
30,119,4.2,8,6.0625,3.730769230769231
19,29,3.9473684210526314,6,4.5,1.588235294117647
22,57,2.772727272727273,6,4.375,2.3333333333333335
26,90,3.8461538461538463,7,5.0,3.6956521739130435
28,104,4.142857142857143,8,4.809523809523809,4.04
18,43,2.5555555555555554,5,2.923076923076923,2.7142857142857144
19,29,4.052631578947368,6,4.5,1.588235294117647
15,20,1.6,3,2.6666666666666665,1.3333333333333333
25,79,3.8,6,4.933333333333334,3.3636363636363638
24,95,3.4166666666666665,6,4.333333333333333,3.9
19,50,2.6315789473684212,5,2.933333333333333,2.933333333333333
25,69,3.6,6,3.8666666666666667,2.761904761904762
19,32,2.3684210526315788,4,4.0,1.4285714285714286
21,65,4.0476190476190474,7,4.769230769230769,3.263157894736842
24,76,3.9583333333333335,7,5.3,2.5238095238095237
28,98,3.0714285714285716,5,5.75,3.8333333333333335
24,97,3.25,6,4.647058823529412,3.95
22,62,2.727272727272727,5,3.6666666666666665,3.0555555555555554
26,100,3.6538461538461537,6,5.533333333333333,3.772727272727273
21,66,2.5714285714285716,5,4.0,3.2941176470588234
20,35,3.95,6,5.166666666666667,1.7222222222222223
26,104,3.0,6,5.157894736842105,4.454545454545454
23,70,3.652173913043478,7,3.9166666666666665,2.473684210526316
27,94,2.814814814814815,5,5.117647058823529,3.782608695652174
18,29,3.5555555555555554,5,5.2,1.625
26,92,3.0,6,4.944444444444445,3.869565217391304
24,75,4.125,7,5.0,2.9545454545454546
22,64,3.5,6,4.285714285714286,3.1578947368421053
23,77,2.652173913043478,5,4.5625,3.8421052631578947
29,102,4.0344827586206895,7,6.846153846153846,3.56
26,93,3.3461538461538463,6,5.117647058823529,3.9545454545454546
20,33,4.05,6,5.166666666666667,1.7222222222222223
23,81,3.5652173913043477,7,4.222222222222222,3.8
27,116,3.6666666666666665,7,5.842105263157895,4.826086956521739
28,113,3.7142857142857144,7,4.818181818181818,4.416666666666667
23,84,3.3043478260869565,6,4.533333333333333,3.5789473684210527
20,32,4.05,6,5.0,1.6666666666666667
24,51,3.25,5,3.75,1.5
22,61,3.6818181818181817,7,4.384615384615385,3.0
23,79,2.9565217391304346,5,4.4375,3.55
19,51,2.526315789473684,5,3.1333333333333333,3.1333333333333333
29,104,3.9655172413793105,7,5.111111111111111,3.68
19,29,3.9473684210526314,6,4.5,1.588235294117647
24,71,4.291666666666667,7,4.6,3.1363636363636362
21,32,4.142857142857143,6,5.0,1.5789473684210527
22,60,3.0,6,4.666666666666667,2.625
30,108,3.1,5,6.117647058823529,4.0
23,63,3.4347826086956523,6,4.214285714285714,2.95
23,81,2.782608695652174,5,4.266666666666667,3.3684210526315788
21,47,3.4285714285714284,6,4.3,2.5294117647058822
18,23,1.3333333333333333,2,5.5,1.8333333333333333
22,27,1.2727272727272727,2,5.5,1.8333333333333333
18,44,3.2222222222222223,6,4.555555555555555,2.7333333333333334
18,61,4.0,8,4.538461538461538,3.6875
22,75,3.227272727272727,5,6.3,3.5
18,60,3.5,7,3.466666666666667,3.25
19,69,4.2105263157894735,8,4.466666666666667,3.9411764705882355
24,70,2.1666666666666665,4,4.8,2.823529411764706
24,39,1.3333333333333333,2,5.333333333333333,2.0
22,50,1.9545454545454546,4,3.625,2.230769230769231
21,70,4.095238095238095,8,4.25,3.5789473684210527
23,39,1.826086956521739,4,5.0,2.0
18,28,2.0555555555555554,3,5.75,1.6428571428571428
20,54,4.25,8,3.466666666666667,2.888888888888889
29,101,3.8275862068965516,6,6.857142857142857,3.84
25,86,3.24,6,4.0,3.238095238095238
24,85,3.1666666666666665,7,4.235294117647059,3.6
19,29,3.9473684210526314,6,4.5,1.588235294117647
22,56,2.8181818181818183,6,3.888888888888889,2.3333333333333335
24,78,3.75,6,4.352941176470588,3.5238095238095237
23,89,4.043478260869565,8,4.833333333333333,4.142857142857143
20,55,2.55,5,3.4,3.1875
20,30,4.05,6,4.666666666666667,1.5555555555555556
24,88,3.5,7,4.421052631578948,4.2
25,104,3.52,7,4.947368421052632,4.476190476190476
25,107,3.44,7,5.052631578947368,4.571428571428571
20,30,4.05,6,4.666666666666667,1.5555555555555556
22,56,2.590909090909091,6,4.25,2.4285714285714284
29,108,3.1379310344827585,5,6.0588235294117645,4.12
22,62,3.5454545454545454,6,3.8666666666666667,3.0526315789473686
21,64,3.0,6,3.769230769230769,2.8823529411764706
22,65,2.6363636363636362,5,3.1875,2.6842105263157894
29,97,4.068965517241379,7,5.4375,3.48
19,29,3.9473684210526314,6,4.5,1.588235294117647
21,55,2.2857142857142856,4,4.666666666666667,2.8
30,135,3.8666666666666667,7,5.333333333333333,4.923076923076923
21,66,2.5714285714285716,5,3.875,3.4444444444444446
19,29,3.9473684210526314,6,4.5,1.588235294117647
26,113,3.730769230769231,7,5.578947368421052,4.818181818181818
26,80,3.0384615384615383,5,6.25,3.409090909090909
20,69,3.15,5,4.285714285714286,3.5294117647058822
17,39,2.5294117647058822,5,2.6923076923076925,2.6923076923076925
18,50,2.4444444444444446,4,3.2857142857142856,3.066666666666667
21,55,2.9047619047619047,5,3.5,2.210526315789474
22,52,3.1363636363636362,5,4.363636363636363,2.6666666666666665
15,27,2.1333333333333333,4,2.8,1.5555555555555556
17,34,2.764705882352941,5,3.1,2.066666666666667
19,29,3.9473684210526314,6,4.5,1.588235294117647
23,57,2.5652173913043477,6,3.7777777777777777,2.2666666666666666
26,90,4.038461538461538,7,4.777777777777778,3.739130434782609
23,75,3.130434782608696,6,3.8666666666666667,3.0526315789473686
23,66,2.608695652173913,5,3.3125,2.65
20,30,4.05,6,4.666666666666667,1.5555555555555556
27,97,3.4444444444444446,6,6.571428571428571,4.0
25,123,4.12,8,4.904761904761905,4.681818181818182
19,29,3.9473684210526314,6,4.5,1.588235294117647
22,55,2.5454545454545454,6,4.714285714285714,2.357142857142857
29,109,3.793103448275862,6,6.117647058823529,4.16
23,68,3.5652173913043477,6,4.2,3.15
20,56,2.95,6,3.230769230769231,2.625
22,53,3.1363636363636362,6,3.769230769230769,2.7222222222222223
15,28,2.1333333333333333,4,2.8,1.5555555555555556
17,38,2.8823529411764706,6,2.75,2.2
27,68,3.740740740740741,7,4.076923076923077,2.3043478260869565
20,35,2.55,4,3.875,1.7222222222222223
21,75,3.6666666666666665,7,4.733333333333333,3.9444444444444446
24,74,4.041666666666667,8,4.0,2.4761904761904763
26,84,2.6538461538461537,5,4.647058823529412,3.590909090909091
21,58,2.857142857142857,5,3.5714285714285716,2.9411764705882355
20,31,4.05,6,4.833333333333333,1.6111111111111112
15,20,1.6,3,3.0,1.5
24,68,3.625,6,4.266666666666667,3.0476190476190474
24,81,3.3333333333333335,7,4.266666666666667,3.2
21,66,3.3333333333333335,7,3.235294117647059,3.235294117647059
18,27,3.9444444444444446,6,4.166666666666667,1.5625
25,107,3.6,6,6.266666666666667,4.2727272727272725
25,78,2.64,5,4.866666666666666,3.4761904761904763
19,28,4.052631578947368,6,4.333333333333333,1.5294117647058822
20,62,3.8,7,3.933333333333333,3.4705882352941178
24,78,3.7083333333333335,6,4.933333333333334,3.5238095238095237
19,54,2.736842105263158,5,3.0625,3.0625
24,71,3.375,6,3.9285714285714284,2.5
23,73,3.6956521739130435,7,4.533333333333333,3.4
20,65,3.55,7,3.7142857142857144,3.25
22,53,3.090909090909091,5,4.0,2.6666666666666665
16,30,2.25,4,3.4,1.7
17,45,3.411764705882353,6,3.3333333333333335,2.857142857142857
19,29,4.052631578947368,6,4.5,1.588235294117647
22,78,2.6363636363636362,5,4.866666666666666,4.055555555555555
23,57,2.608695652173913,6,3.4,2.125
23,73,3.8260869565217392,7,4.785714285714286,3.35
21,70,2.9523809523809526,6,3.823529411764706,3.823529411764706
20,31,4.05,6,4.833333333333333,1.6111111111111112
25,50,1.68,3,3.5714285714285716,1.7857142857142858
26,82,3.076923076923077,5,5.428571428571429,3.4545454545454546
20,33,3.95,6,5.166666666666667,1.7222222222222223
22,82,3.227272727272727,6,5.133333333333334,4.052631578947368
25,78,3.88,6,5.615384615384615,3.3181818181818183
26,105,3.4615384615384617,7,4.631578947368421,4.0
23,72,3.0869565217391304,6,4.3125,3.45
20,33,3.95,6,5.166666666666667,1.7222222222222223
30,109,3.7,6,7.357142857142857,3.9615384615384617
30,187,4.433333333333334,8,6.6,6.346153846153846
23,49,2.869565217391304,5,4.222222222222222,2.0
22,38,2.227272727272727,4,6.5,1.7333333333333334
17,50,3.4705882352941178,7,3.6153846153846154,3.357142857142857
22,60,3.5,6,4.7272727272727275,2.888888888888889
19,55,3.0,6,4.6,3.066666666666667
21,69,4.333333333333333,8,4.4,3.473684210526316
20,44,1.9,3,5.166666666666667,2.5833333333333335
23,77,3.1739130434782608,6,5.818181818181818,3.5555555555555554
22,41,1.6363636363636365,4,2.857142857142857,2.0
22,73,4.2727272727272725,8,4.4375,3.55
21,48,1.9523809523809523,4,4.0,2.5454545454545454
23,49,2.652173913043478,5,5.833333333333333,2.1875
18,31,2.0555555555555554,3,5.75,1.6428571428571428
21,80,3.8095238095238093,8,4.8125,4.277777777777778
26,89,3.230769230769231,6,4.666666666666667,3.8181818181818183
23,90,2.869565217391304,5,4.8125,4.052631578947368
26,92,3.769230769230769,7,5.0,3.409090909090909
19,29,3.9473684210526314,6,4.5,1.588235294117647
24,88,3.4583333333333335,7,4.368421052631579,4.15
26,99,3.576923076923077,7,5.529411764705882,4.2727272727272725
27,109,3.6666666666666665,7,4.95,4.304347826086956
19,31,3.9473684210526314,6,4.833333333333333,1.7058823529411764
24,90,3.2916666666666665,5,6.416666666666667,3.6666666666666665
23,67,3.5652173913043477,6,4.2,3.15
21,52,2.8095238095238093,5,3.6923076923076925,2.823529411764706
20,31,4.05,6,4.833333333333333,1.6111111111111112
23,76,2.8260869565217392,5,5.142857142857143,3.6
22,53,2.5454545454545454,6,3.875,2.2142857142857144
24,68,3.5416666666666665,6,4.266666666666667,3.0476190476190474
19,32,1.9473684210526316,4,2.8,1.5555555555555556
24,77,3.125,7,4.111111111111111,3.5238095238095237
20,30,4.05,6,4.666666666666667,1.5555555555555556
25,86,3.48,7,4.315789473684211,3.9047619047619047
25,100,3.48,7,5.470588235294118,4.428571428571429
23,86,3.391304347826087,7,4.529411764705882,4.052631578947368
20,59,2.95,6,3.3846153846153846,2.75
23,77,2.782608695652174,5,4.375,3.6842105263157894
22,61,2.772727272727273,5,3.8,3.1666666666666665
23,80,2.9565217391304346,6,4.125,3.473684210526316
26,105,4.1923076923076925,8,5.052631578947368,4.173913043478261
20,30,4.05,6,4.666666666666667,1.5555555555555556
24,72,2.375,4,6.0,3.2
30,105,3.5,6,5.882352941176471,3.8461538461538463
23,71,3.217391304347826,6,3.6,2.8421052631578947
20,30,4.05,6,4.666666666666667,1.5555555555555556
22,72,2.5,4,4.857142857142857,3.5789473684210527
23,53,2.4782608695652173,6,3.75,2.142857142857143
27,84,3.259259259259259,6,4.444444444444445,3.4782608695652173
23,75,2.8260869565217392,6,4.4,3.473684210526316
20,30,4.05,6,4.666666666666667,1.5555555555555556
17,22,1.5294117647058822,3,3.0,1.2857142857142858
27,102,3.037037037037037,6,4.75,3.4545454545454546
25,75,2.76,5,4.733333333333333,3.380952380952381
21,54,3.380952380952381,6,3.8461538461538463,2.7777777777777777
18,42,2.611111111111111,5,2.7857142857142856,2.6
19,29,3.9473684210526314,6,4.5,1.588235294117647
25,118,3.48,7,5.277777777777778,4.523809523809524
26,81,3.0384615384615383,5,5.846153846153846,3.4545454545454546
22,70,2.772727272727273,5,4.357142857142857,3.388888888888889
23,73,2.782608695652174,5,4.4,3.473684210526316
28,101,3.7857142857142856,7,4.882352941176471,3.4583333333333335
19,34,2.526315789473684,4,4.142857142857143,1.7058823529411764
21,69,3.6666666666666665,7,4.4,3.6666666666666665
22,61,3.5454545454545454,7,3.230769230769231,2.3333333333333335
25,76,3.84,7,5.142857142857143,3.272727272727273
20,65,2.55,5,4.0,3.5294117647058822
20,31,4.05,6,4.833333333333333,1.6111111111111112
22,55,4.090909090909091,8,3.727272727272727,2.05
27,92,3.3703703703703702,6,5.8,3.782608695652174
29,155,4.310344827586207,8,6.260869565217392,5.76
22,63,2.727272727272727,6,3.230769230769231,2.4705882352941178
22,62,2.6363636363636362,5,3.0625,2.5789473684210527
19,29,3.9473684210526314,6,4.5,1.588235294117647
24,46,3.0833333333333335,5,3.8333333333333335,1.2105263157894737
28,93,3.107142857142857,5,5.5,3.6666666666666665
20,61,2.7,6,3.8,3.3529411764705883
20,30,4.05,6,4.666666666666667,1.5555555555555556
23,74,2.8260869565217392,6,3.7333333333333334,2.9473684210526314
28,123,3.4642857142857144,6,5.190476190476191,4.541666666666667
23,69,2.739130434782609,5,4.266666666666667,3.3684210526315788
24,84,2.7916666666666665,5,4.75,3.8
23,76,2.782608695652174,5,4.3125,3.6315789473684212
20,30,4.05,6,4.666666666666667,1.5555555555555556
26,94,3.4615384615384617,6,6.846153846153846,4.045454545454546
31,182,4.419354838709677,8,7.25,6.444444444444445
23,67,2.739130434782609,5,3.3333333333333335,2.6315789473684212
19,29,3.9473684210526314,6,4.5,1.588235294117647
22,61,3.727272727272727,7,4.071428571428571,3.0
28,131,4.25,8,5.590909090909091,5.125
26,82,3.0,6,3.875,2.8181818181818183
26,79,3.0384615384615383,5,5.285714285714286,3.3636363636363638
23,71,4.217391304347826,8,4.857142857142857,3.4
17,36,2.6470588235294117,5,2.5833333333333335,2.3846153846153846
19,28,4.052631578947368,6,4.333333333333333,1.5294117647058822
22,54,4.090909090909091,8,3.727272727272727,2.05
30,126,4.0,7,6.777777777777778,4.6923076923076925
20,59,2.6,5,3.4375,3.235294117647059
23,64,3.217391304347826,6,3.5714285714285716,2.380952380952381
19,29,4.052631578947368,6,4.5,1.588235294117647
24,88,3.5,7,4.368421052631579,4.15
25,95,3.68,7,5.176470588235294,4.190476190476191
27,122,3.7037037037037037,7,5.045454545454546,4.826086956521739
20,59,2.95,6,3.3076923076923075,2.6875
19,28,4.052631578947368,6,4.333333333333333,1.5294117647058822
24,39,1.3333333333333333,2,5.0,1.875
24,67,3.875,6,4.846153846153846,3.0
28,137,3.75,7,6.35,5.291666666666667
18,25,1.4444444444444444,2,6.0,1.5
18,43,2.8333333333333335,5,3.3,2.0625
18,46,2.5555555555555554,5,2.7333333333333334,2.9285714285714284
17,37,2.6470588235294117,5,2.4615384615384617,2.4615384615384617
17,52,3.1176470588235294,6,3.5833333333333335,3.3076923076923075
31,114,3.6129032258064515,6,4.684210526315789,3.2962962962962963
19,34,3.1052631578947367,5,4.833333333333333,1.7058823529411764
22,74,3.6363636363636362,6,4.857142857142857,3.5789473684210527
31,173,4.032258064516129,7,6.708333333333333,5.962962962962963
21,69,2.6666666666666665,5,3.7058823529411766,3.7058823529411766
19,29,3.9473684210526314,6,4.5,1.588235294117647
27,135,3.740740740740741,7,5.45,4.954545454545454
24,77,3.75,6,4.8,3.4285714285714284
21,67,2.7142857142857144,5,3.875,3.4444444444444446
23,76,3.869565217391304,7,3.6470588235294117,2.9523809523809526
21,59,2.761904761904762,5,3.533333333333333,3.1176470588235294
21,77,3.5714285714285716,7,4.333333333333333,3.823529411764706
20,33,3.95,6,5.166666666666667,1.7222222222222223
26,142,4.076923076923077,8,5.666666666666667,5.409090909090909
27,85,3.111111111111111,5,5.642857142857143,3.4347826086956523
20,57,2.6,5,3.769230769230769,3.0625
25,80,3.44,6,4.529411764705882,3.5
27,92,3.3333333333333335,6,4.888888888888889,3.8260869565217392
28,132,3.9285714285714284,7,6.095238095238095,5.333333333333333
18,31,4.055555555555555,6,4.833333333333333,1.8125
21,61,3.142857142857143,7,4.25,2.8333333333333335
29,85,3.2758620689655173,5,8.0,3.2
22,73,2.6363636363636362,5,4.0588235294117645,3.6315789473684212
22,64,3.9545454545454546,7,4.818181818181818,2.65
20,43,3.4,5,4.555555555555555,2.2777777777777777
19,34,2.6842105263157894,4,4.0,1.6
23,59,3.6956521739130435,6,4.583333333333333,2.75
20,41,3.6,5,4.375,1.9444444444444444
27,116,4.0,8,5.842105263157895,4.826086956521739
27,85,3.074074074074074,5,6.153846153846154,3.4782608695652173
30,129,3.8666666666666667,7,5.904761904761905,4.769230769230769
21,65,2.4285714285714284,4,4.066666666666666,3.388888888888889
23,58,3.391304347826087,6,3.6153846153846154,2.238095238095238
22,70,3.5454545454545454,7,3.9375,3.3157894736842106
21,60,3.619047619047619,7,3.7142857142857144,2.736842105263158
28,97,2.8214285714285716,5,5.8125,3.875
28,119,3.5357142857142856,7,5.842105263157895,4.625
23,81,2.9130434782608696,6,4.529411764705882,3.85
20,30,4.05,6,4.666666666666667,1.5555555555555556
22,57,2.227272727272727,4,4.888888888888889,2.75
26,138,3.923076923076923,7,6.315789473684211,5.454545454545454
25,81,3.0,5,5.428571428571429,3.619047619047619
20,46,2.75,5,3.3636363636363638,2.0555555555555554
20,30,4.05,6,4.666666666666667,1.5555555555555556
27,94,3.4444444444444446,6,7.416666666666667,3.869565217391304
21,34,2.0,4,3.5,1.4
19,30,3.9473684210526314,6,4.666666666666667,1.6470588235294117
24,87,3.5,7,4.315789473684211,4.1
29,111,3.3448275862068964,5,6.294117647058823,4.28
19,35,2.4210526315789473,4,4.142857142857143,1.7058823529411764
19,62,4.2105263157894735,8,3.8666666666666667,3.411764705882353
21,32,1.7142857142857142,4,3.0,1.5
22,73,2.6363636363636362,5,3.4444444444444446,3.263157894736842
20,30,4.05,6,4.666666666666667,1.5555555555555556
23,66,2.130434782608696,4,4.8,3.0
26,139,3.6153846153846154,6,6.3,5.7272727272727275
22,56,3.0454545454545454,5,4.0,2.888888888888889
21,63,2.619047619047619,5,4.666666666666667,3.2941176470588234
17,42,2.4705882352941178,5,3.0,2.7857142857142856
16,37,2.5,5,2.75,2.75
22,76,3.409090909090909,6,4.642857142857143,3.611111111111111
19,29,3.9473684210526314,6,4.5,1.588235294117647
25,90,3.48,7,4.526315789473684,4.095238095238095
24,94,3.4583333333333335,7,4.9411764705882355,4.2
26,101,3.6153846153846154,7,4.894736842105263,4.2272727272727275
19,29,3.9473684210526314,6,4.5,1.588235294117647
25,64,3.84,6,4.615384615384615,2.727272727272727
26,90,3.1538461538461537,6,4.0588235294117645,3.2857142857142856
24,78,2.875,6,3.6666666666666665,3.3
19,29,3.9473684210526314,6,4.5,1.588235294117647
27,94,3.4444444444444446,6,7.416666666666667,3.869565217391304
26,87,3.730769230769231,7,5.769230769230769,3.409090909090909
24,78,2.7083333333333335,5,4.352941176470588,3.7
23,73,2.782608695652174,5,3.7333333333333334,2.9473684210526314
21,47,3.5238095238095237,6,4.2,2.210526315789474
16,22,1.5,2,5.5,1.375
20,26,1.4,2,5.5,1.375
15,31,3.466666666666667,5,3.857142857142857,2.076923076923077
21,82,3.761904761904762,7,4.714285714285714,3.6666666666666665
25,102,4.24,8,5.157894736842105,4.454545454545454
21,56,2.5714285714285716,6,3.909090909090909,3.0714285714285716
17,38,3.3529411764705883,6,3.75,2.3076923076923075
23,66,2.739130434782609,5,5.111111111111111,2.7058823529411766
24,68,2.1666666666666665,4,3.6666666666666665,2.588235294117647
25,104,4.2,8,5.2105263157894735,4.5
25,39,1.92,5,3.6,1.6363636363636365
17,25,1.9411764705882353,3,4.25,1.4166666666666667
20,45,2.7,5,4.0,2.1333333333333333
29,105,3.4482758620689653,6,5.2631578947368425,4.0
23,76,3.130434782608696,6,3.933333333333333,3.1052631578947367
20,31,4.05,6,4.666666666666667,1.5555555555555556
23,80,2.739130434782609,5,5.066666666666666,3.8
22,56,2.6363636363636362,6,3.4,2.2666666666666666
27,86,3.2962962962962963,6,4.764705882352941,3.5217391304347827
22,71,2.727272727272727,5,4.357142857142857,3.388888888888889
25,81,3.68,7,4.5,3.0
20,30,4.05,6,4.666666666666667,1.5555555555555556
22,63,2.4545454545454546,4,5.333333333333333,2.823529411764706
27,91,3.185185185185185,6,5.733333333333333,3.739130434782609
18,27,3.9444444444444446,6,4.166666666666667,1.5625
25,110,3.8,7,6.0588235294117645,4.904761904761905
30,144,4.166666666666667,8,5.708333333333333,5.269230769230769
25,91,3.6,7,4.8,3.4285714285714284
22,64,2.590909090909091,5,4.214285714285714,3.2777777777777777
29,98,4.0344827586206895,7,4.9375,3.16
19,28,4.052631578947368,6,4.333333333333333,1.5294117647058822
27,99,2.6666666666666665,5,5.222222222222222,4.086956521739131
29,103,3.413793103448276,6,5.764705882352941,3.92
23,98,3.652173913043478,7,5.5,4.4
25,42,2.36,5,3.6,1.2857142857142858
28,106,3.642857142857143,6,5.611111111111111,4.208333333333333
17,31,2.235294117647059,5,3.142857142857143,1.8333333333333333
22,60,3.5454545454545454,6,4.2727272727272725,2.35
17,42,2.411764705882353,4,3.1666666666666665,2.7142857142857144
20,30,4.05,6,4.666666666666667,1.5555555555555556
21,73,2.761904761904762,5,4.6,3.8333333333333335
23,56,2.6956521739130435,6,4.125,2.2
26,110,3.6153846153846154,7,5.2,4.7272727272727275
27,122,3.925925925925926,8,5.55,4.826086956521739
19,29,4.052631578947368,6,4.5,1.588235294117647
26,117,3.8076923076923075,7,5.7368421052631575,4.954545454545454
23,61,2.9565217391304346,7,3.1666666666666665,2.375
24,75,3.6666666666666665,7,4.666666666666667,3.3333333333333335
22,72,3.0,6,3.176470588235294,3.0
16,37,2.5,5,2.5384615384615383,2.5384615384615383
19,28,4.052631578947368,6,4.333333333333333,1.5294117647058822
22,58,2.8181818181818183,6,4.5,2.4
26,97,3.9615384615384617,7,4.7894736842105265,3.9565217391304346
29,122,4.379310344827586,8,5.409090909090909,4.576923076923077
17,43,2.4705882352941178,5,2.923076923076923,2.923076923076923
19,29,4.052631578947368,6,4.5,1.588235294117647
15,21,1.6,3,2.25,1.5
27,110,3.740740740740741,6,4.666666666666667,3.652173913043478
23,67,3.608695652173913,6,4.133333333333334,3.1
20,66,3.0,5,4.071428571428571,3.3529411764705883
20,65,4.05,8,4.428571428571429,3.6470588235294117
19,55,2.526315789473684,5,3.9166666666666665,3.1333333333333333
30,118,4.033333333333333,7,5.052631578947368,3.6923076923076925
18,33,3.0,5,4.166666666666667,1.5625
21,83,3.7142857142857144,7,5.333333333333333,4.444444444444445
27,104,3.7037037037037037,7,5.823529411764706,4.304347826086956
22,73,2.727272727272727,5,3.625,3.0526315789473686
21,56,2.6666666666666665,5,3.3333333333333335,2.9411764705882355
24,114,3.5,7,5.0,4.761904761904762
20,34,1.6,3,5.0,1.8181818181818181
28,84,4.142857142857143,7,6.75,3.24
25,81,3.0,6,4.529411764705882,3.6666666666666665
20,33,4.05,6,5.166666666666667,1.7222222222222223
27,117,3.4814814814814814,7,5.947368421052632,4.913043478260869
27,86,3.074074074074074,5,6.230769230769231,3.5217391304347827
20,42,2.65,4,5.0,1.7857142857142858
26,81,3.769230769230769,7,4.625,3.3636363636363638
20,32,4.05,6,5.0,1.6666666666666667
19,41,2.8421052631578947,5,4.125,2.357142857142857
31,91,3.806451612903226,6,7.25,3.2222222222222223
25,118,3.64,7,5.05,4.809523809523809
23,83,2.782608695652174,6,3.8333333333333335,3.45
25,65,3.12,5,4.066666666666666,2.9047619047619047
18,35,2.2777777777777777,4,4.0,1.8181818181818181
19,47,3.3157894736842106,6,3.5833333333333335,2.6875
17,32,2.411764705882353,4,4.0,1.8181818181818181
21,64,2.5238095238095237,5,4.071428571428571,3.1666666666666665
29,109,3.9655172413793105,7,5.333333333333333,3.84
20,34,2.95,5,4.428571428571429,1.7222222222222223
20,57,4.25,8,4.230769230769231,3.0555555555555554
29,106,3.793103448275862,7,5.315789473684211,4.04
26,95,3.0384615384615383,6,4.285714285714286,3.9130434782608696
25,77,3.68,7,4.428571428571429,2.6956521739130435
20,31,3.65,5,5.8,1.6111111111111112
22,57,3.0454545454545454,6,4.222222222222222,2.375
25,83,3.76,6,4.388888888888889,3.590909090909091
27,82,3.259259259259259,6,4.588235294117647,3.391304347826087
22,79,3.0454545454545454,6,4.133333333333334,3.4444444444444446
20,32,4.05,6,5.0,1.6666666666666667
25,102,3.84,7,5.0,4.523809523809524
22,60,3.5454545454545454,7,4.3076923076923075,2.9473684210526314
23,79,3.5217391304347827,7,5.071428571428571,3.55
26,105,3.230769230769231,7,5.157894736842105,4.454545454545454
27,101,3.2222222222222223,6,5.705882352941177,4.041666666666667
23,59,3.6956521739130435,6,4.230769230769231,2.75
25,108,3.6,7,4.684210526315789,4.238095238095238
26,81,3.230769230769231,5,5.133333333333334,3.5
17,31,2.0,4,3.0,1.6666666666666667
16,32,2.625,5,3.111111111111111,2.0
28,96,4.035714285714286,7,4.9411764705882355,3.5
22,73,3.590909090909091,7,4.785714285714286,3.526315789473684
22,78,3.6363636363636362,7,5.142857142857143,3.789473684210526
26,92,2.8076923076923075,6,4.888888888888889,3.8260869565217392
24,69,3.25,7,4.166666666666667,2.7777777777777777
27,90,3.0,5,6.142857142857143,3.739130434782609
20,36,2.35,4,3.4,1.4166666666666667
18,35,3.5555555555555554,5,3.625,1.8125
24,110,3.7916666666666665,8,4.888888888888889,4.4
26,84,3.269230769230769,5,5.333333333333333,3.6363636363636362
25,87,3.24,7,4.2,3.8181818181818183
21,60,2.5238095238095237,5,3.5,3.2941176470588234
20,30,4.05,6,4.666666666666667,1.5555555555555556
26,104,3.3846153846153846,7,4.588235294117647,3.7142857142857144
27,79,3.074074074074074,5,5.6923076923076925,3.217391304347826
24,71,2.875,5,4.785714285714286,3.35
22,66,2.6363636363636362,5,3.1875,2.6842105263157894
23,73,2.782608695652174,5,4.4,3.473684210526316
29,96,3.9310344827586206,7,4.588235294117647,3.12
19,29,3.9473684210526314,6,4.5,1.588235294117647
24,50,3.25,5,3.875,1.55
27,86,3.074074074074074,5,5.785714285714286,3.5217391304347827
19,56,2.4210526315789473,4,3.7142857142857144,3.25
19,29,3.9473684210526314,6,4.5,1.588235294117647
22,59,2.8181818181818183,6,4.222222222222222,2.533333333333333
26,87,4.038461538461538,7,5.466666666666667,3.5652173913043477
26,67,3.3846153846153846,6,4.5,2.8636363636363638
21,63,2.9047619047619047,6,3.4285714285714284,2.823529411764706
28,93,3.392857142857143,6,4.235294117647059,3.0
23,83,3.608695652173913,7,4.8125,3.85
21,78,3.4761904761904763,6,5.142857142857143,4.0
20,28,1.65,3,4.0,1.4545454545454546
18,48,4.0,7,3.8333333333333335,2.875
27,94,4.333333333333333,8,5.0,3.75
28,116,3.107142857142857,6,5.421052631578948,4.291666666666667
19,32,4.052631578947368,6,4.666666666666667,1.6470588235294117
25,97,2.84,5,5.470588235294118,4.2272727272727275
22,60,3.090909090909091,7,3.6363636363636362,2.5
27,93,2.962962962962963,5,5.5,3.8260869565217392
19,28,4.052631578947368,6,4.333333333333333,1.5294117647058822
23,70,2.869565217391304,6,5.222222222222222,2.9375
28,100,3.3214285714285716,6,5.333333333333333,4.0
23,77,2.9130434782608696,6,3.75,3.1578947368421053
24,85,2.7916666666666665,5,5.0,3.75
20,58,2.6,5,3.857142857142857,3.176470588235294
19,29,3.9473684210526314,6,4.5,1.588235294117647
25,96,3.52,6,5.928571428571429,3.772727272727273
23,62,3.347826086956522,6,3.8,3.0
19,30,1.9473684210526316,4,3.0,1.6666666666666667
20,30,4.05,6,4.666666666666667,1.5555555555555556
25,91,2.52,4,5.117647058823529,4.142857142857143
24,59,2.5416666666666665,6,4.375,2.3333333333333335
25,75,3.8,7,5.071428571428571,3.227272727272727
18,56,2.611111111111111,5,3.7142857142857144,3.466666666666667
19,28,4.052631578947368,6,4.333333333333333,1.5294117647058822
24,110,3.7916666666666665,8,4.888888888888889,4.4
26,84,2.769230769230769,5,4.647058823529412,3.590909090909091
19,49,3.263157894736842,6,4.090909090909091,2.8125
21,60,3.619047619047619,7,4.384615384615385,3.1666666666666665
24,76,3.5,6,5.230769230769231,3.4
22,64,2.6363636363636362,5,3.533333333333333,2.789473684210526
23,60,3.347826086956522,6,3.6666666666666665,2.2
20,30,4.05,6,4.666666666666667,1.5555555555555556
15,20,1.6,3,3.0,1.5
27,120,3.6296296296296298,7,4.523809523809524,4.130434782608695
24,72,3.0416666666666665,5,4.466666666666667,3.35
16,36,2.5,5,2.5,2.5
21,60,2.6666666666666665,5,3.642857142857143,2.8333333333333335
29,107,3.8275862068965516,7,4.666666666666667,3.36
20,30,4.05,6,4.666666666666667,1.5555555555555556
25,86,3.52,6,5.571428571428571,3.7142857142857144
23,69,4.086956521739131,7,4.2,3.0
29,110,3.3448275862068964,6,5.777777777777778,4.16
25,95,3.44,7,4.333333333333333,3.7142857142857144
21,68,3.238095238095238,7,3.3529411764705883,3.3529411764705883
20,30,3.95,6,4.666666666666667,1.5555555555555556
28,114,3.5357142857142856,6,6.055555555555555,4.541666666666667
26,105,3.0,6,4.75,4.318181818181818
19,29,4.052631578947368,6,4.5,1.588235294117647
29,101,3.9655172413793105,7,5.588235294117647,3.8
23,85,3.652173913043478,6,4.6875,3.75
24,82,4.25,8,5.133333333333334,3.6666666666666665
20,58,2.75,5,3.6,3.176470588235294
21,58,3.0952380952380953,6,3.533333333333333,3.1176470588235294
19,31,3.1052631578947367,5,4.5,1.588235294117647
22,73,3.8181818181818183,7,4.25,3.5789473684210527
20,33,2.05,4,3.4,1.7
22,77,2.6818181818181817,5,3.9375,3.3157894736842106
27,106,3.5925925925925926,7,5.5,4.304347826086956
16,30,2.375,5,3.3333333333333335,2.0
26,88,3.8461538461538463,7,5.25,3.8181818181818183
21,65,3.0,5,3.8666666666666667,3.2222222222222223
20,55,2.65,5,3.4,3.1875
21,46,3.4285714285714284,6,4.0,2.3157894736842106
20,37,3.4,5,3.625,1.7058823529411764
28,92,3.4642857142857144,6,7.25,3.625
21,39,2.761904761904762,5,4.4,1.4666666666666666
24,70,2.7916666666666665,5,3.8823529411764706,3.3
20,35,4.05,6,5.0,1.6666666666666667
26,96,3.423076923076923,6,6.538461538461538,3.6956521739130435
25,82,2.92,5,4.588235294117647,3.7142857142857144
24,82,2.75,5,4.6875,3.75
23,80,2.782608695652174,5,4.625,3.8947368421052633
19,29,3.9473684210526314,6,4.5,1.588235294117647
28,102,3.892857142857143,7,5.764705882352941,4.083333333333333
25,91,3.08,6,4.882352941176471,3.9523809523809526
19,29,3.9473684210526314,6,4.5,1.588235294117647
26,127,3.8461538461538463,8,5.368421052631579,4.636363636363637
26,81,3.230769230769231,5,5.133333333333334,3.5
24,76,3.2083333333333335,7,4.055555555555555,3.4761904761904763
16,38,2.5,5,2.6153846153846154,2.8333333333333335
20,30,4.05,6,4.666666666666667,1.5555555555555556
23,76,2.608695652173913,5,4.866666666666666,3.65
28,93,3.25,6,5.866666666666666,3.6666666666666665
19,29,3.9473684210526314,6,4.5,1.588235294117647
21,51,2.1904761904761907,4,4.222222222222222,2.533333333333333
25,82,2.92,5,4.875,3.7142857142857144
19,29,3.9473684210526314,6,4.5,1.588235294117647
24,90,3.5,7,4.526315789473684,4.3
25,103,3.52,7,5.588235294117647,4.523809523809524
25,98,3.52,7,5.055555555555555,4.333333333333333
23,69,2.782608695652174,5,3.466666666666667,2.736842105263158
20,31,4.05,6,4.833333333333333,1.6111111111111112
15,20,1.6,3,2.6666666666666665,1.3333333333333333
24,57,2.5416666666666665,6,4.125,2.0625
25,78,2.64,5,4.625,3.5238095238095237
22,61,2.772727272727273,5,4.071428571428571,3.1666666666666665
20,66,2.7,5,4.076923076923077,3.3125
25,65,3.76,6,4.333333333333333,2.3636363636363638
19,36,3.0,5,3.875,1.8235294117647058
20,64,3.75,7,4.6923076923076925,3.588235294117647
29,98,3.1724137931034484,5,5.470588235294118,3.72
22,74,3.272727272727273,5,4.4,3.473684210526316
19,53,2.473684210526316,5,3.2666666666666666,3.2666666666666666
28,94,4.0,7,5.133333333333334,3.2083333333333335
20,30,4.05,6,4.666666666666667,1.5555555555555556
26,113,3.730769230769231,7,5.888888888888889,4.818181818181818
26,88,3.3076923076923075,5,5.6,3.8181818181818183
25,88,3.04,6,4.3125,3.2857142857142856
22,55,3.5,7,3.3076923076923075,2.263157894736842
20,30,4.05,6,4.666666666666667,1.5555555555555556
23,61,4.260869565217392,8,3.7142857142857144,2.4761904761904763
29,101,3.310344827586207,6,6.466666666666667,3.88
19,29,3.9473684210526314,6,4.5,1.588235294117647
22,59,4.136363636363637,8,4.25,2.55
29,114,3.8275862068965516,7,6.111111111111111,4.4
26,90,2.8461538461538463,5,4.125,3.142857142857143
23,83,3.0,6,4.375,3.6842105263157894
20,30,4.05,6,4.666666666666667,1.5555555555555556
22,60,2.772727272727273,6,3.6923076923076925,2.526315789473684
26,80,2.9615384615384617,5,5.357142857142857,3.409090909090909
21,65,2.619047619047619,5,4.133333333333334,3.4444444444444446
21,69,2.761904761904762,5,4.4,3.6666666666666665
22,62,2.727272727272727,5,3.8666666666666667,3.2222222222222223
22,75,3.409090909090909,6,4.357142857142857,3.388888888888889
19,29,3.9473684210526314,6,4.5,1.588235294117647
27,94,3.4074074074074074,5,6.0,3.9130434782608696
22,75,2.8636363636363638,5,4.733333333333333,3.736842105263158
19,29,3.9473684210526314,6,4.5,1.588235294117647
27,92,3.4074074074074074,5,5.866666666666666,3.8260869565217392
20,33,1.95,4,2.8,1.4
19,29,3.9473684210526314,6,4.5,1.588235294117647
18,39,2.7777777777777777,5,3.75,2.5
24,75,3.25,5,4.733333333333333,3.55
21,62,2.619047619047619,5,4.416666666666667,3.1176470588235294
21,59,3.4761904761904763,6,4.230769230769231,3.0555555555555554
24,56,3.4166666666666665,6,3.9166666666666665,2.35
17,20,1.2941176470588236,2,4.0,1.6
21,25,1.2857142857142858,2,4.5,1.5
19,50,2.9473684210526314,5,4.5,3.0
19,60,4.052631578947368,8,4.142857142857143,3.411764705882353
17,40,2.7058823529411766,6,3.2,2.909090909090909
25,99,3.44,6,5.642857142857143,3.761904761904762
23,44,1.565217391304348,3,4.8,2.1818181818181817
24,63,2.4583333333333335,5,4.888888888888889,2.588235294117647
25,104,3.6,6,6.071428571428571,3.8636363636363638
23,92,4.434782608695652,8,4.666666666666667,4.0
25,40,1.76,4,4.5,1.8
18,28,1.9444444444444444,3,4.75,1.4615384615384615
26,67,3.576923076923077,6,4.357142857142857,2.652173913043478
19,28,4.052631578947368,6,4.333333333333333,1.5294117647058822
24,63,2.7083333333333335,6,4.333333333333333,2.4375
27,100,3.3333333333333335,6,5.277777777777778,4.130434782608695
24,84,3.125,6,3.8823529411764706,3.3
22,75,3.3636363636363638,7,3.5555555555555554,3.5555555555555554
20,57,3.0,6,3.642857142857143,3.1875
19,45,3.3684210526315788,6,3.4545454545454546,2.235294117647059
19,28,4.052631578947368,6,4.333333333333333,1.5294117647058822
25,98,3.48,7,4.65,4.428571428571429
23,85,3.391304347826087,7,4.6875,3.9473684210526314
25,101,3.6,7,4.7894736842105265,4.333333333333333
24,61,3.5416666666666665,6,4.153846153846154,2.7
17,23,1.3529411764705883,2,4.5,1.5
21,26,1.3333333333333333,2,4.5,1.2857142857142858
19,53,3.473684210526316,6,4.083333333333333,3.2666666666666666
26,77,3.1153846153846154,7,3.4,2.4285714285714284
26,112,4.269230769230769,8,5.3,4.608695652173913
23,61,2.217391304347826,4,4.222222222222222,2.533333333333333
22,62,3.0454545454545454,5,4.7272727272727275,2.888888888888889
24,80,2.75,5,4.666666666666667,3.111111111111111
24,98,3.875,7,5.25,4.0
22,79,3.8636363636363638,7,5.0,3.6842105263157894
24,109,4.041666666666667,8,5.555555555555555,4.761904761904762
26,39,1.5384615384615385,4,4.333333333333333,1.3
18,29,1.9444444444444444,3,4.75,1.4615384615384615
20,69,3.75,7,4.714285714285714,3.8823529411764706
25,71,3.84,6,5.0,2.9545454545454546
22,78,3.5,6,4.666666666666667,3.6842105263157894
23,75,3.0,6,4.533333333333333,3.4
22,63,3.0,5,4.142857142857143,3.2222222222222223
19,52,2.789473684210526,5,3.4615384615384617,3.0
21,53,3.238095238095238,6,3.7,2.0555555555555554
18,28,1.4444444444444444,2,5.0,1.25
23,34,1.391304347826087,2,5.5,1.2222222222222223
22,73,3.909090909090909,8,4.3125,3.6315789473684212
23,74,3.0434782608695654,5,4.0,2.736842105263158
23,46,3.9130434782608696,6,6.142857142857143,2.15
24,89,3.7916666666666665,7,4.25,4.0476190476190474
27,108,3.4074074074074074,6,5.722222222222222,4.478260869565218
28,119,3.7857142857142856,7,5.136363636363637,4.708333333333333
20,44,3.4,6,3.8181818181818183,2.3333333333333335
18,30,2.111111111111111,4,3.8,1.9
24,89,3.2083333333333335,7,4.8,4.0
28,104,3.7142857142857144,7,5.555555555555555,4.166666666666667
23,95,3.652173913043478,7,5.0,4.2105263157894735
23,76,2.782608695652174,5,4.533333333333333,3.5789473684210527
22,72,2.6363636363636362,5,4.25,3.5789473684210527
19,36,3.526315789473684,5,4.285714285714286,1.7647058823529411
27,135,3.925925925925926,7,5.7894736842105265,4.782608695652174
25,77,2.76,5,4.8,3.4285714285714284
25,92,2.76,5,5.0588235294117645,4.095238095238095
25,81,3.0,5,5.428571428571429,3.619047619047619
23,82,2.9565217391304346,6,4.25,3.5789473684210527
28,88,3.7857142857142856,7,4.3,3.3076923076923075
16,37,2.5,5,2.5384615384615383,2.75
19,30,3.9473684210526314,6,4.666666666666667,1.6470588235294117
26,97,3.3846153846153846,6,5.733333333333333,3.739130434782609
24,73,2.7083333333333335,5,4.3125,3.45
19,29,3.9473684210526314,6,4.5,1.588235294117647
23,78,2.869565217391304,5,5.357142857142857,3.75
21,50,2.619047619047619,6,3.875,2.2142857142857144
25,74,3.84,7,5.384615384615385,3.1818181818181817
21,69,2.761904761904762,5,4.4,3.6666666666666665
21,47,3.5714285714285716,6,4.4,2.4444444444444446
18,22,1.3333333333333333,2,5.0,1.6666666666666667
21,25,1.2857142857142858,2,5.0,1.6666666666666667
21,52,3.142857142857143,6,4.083333333333333,2.7222222222222223
22,56,2.1818181818181817,4,3.727272727272727,2.5625
19,62,3.473684210526316,6,4.818181818181818,3.533333333333333
21,77,3.2857142857142856,6,4.066666666666666,3.588235294117647
21,49,2.0476190476190474,4,3.3333333333333335,2.5
20,68,3.3,6,4.615384615384615,3.5294117647058822
23,51,2.3043478260869565,5,3.875,2.066666666666667
23,86,4.173913043478261,8,4.882352941176471,4.15
23,38,1.9565217391304348,4,5.5,2.0
18,27,2.0555555555555554,3,5.25,1.5
26,69,3.6153846153846154,6,4.333333333333333,2.8260869565217392
19,29,3.9473684210526314,6,4.5,1.588235294117647
27,119,3.5925925925925926,7,4.842105263157895,4.181818181818182
29,89,3.7241379310344827,6,6.461538461538462,3.36
23,61,3.608695652173913,6,3.8,2.85
22,72,2.6818181818181817,5,3.235294117647059,2.8947368421052633
19,29,3.9473684210526314,6,4.5,1.588235294117647
23,79,2.5217391304347827,4,5.0,3.75
22,53,2.590909090909091,6,3.875,2.2142857142857144
25,78,3.68,6,4.625,3.3636363636363638
23,82,2.739130434782609,5,4.588235294117647,3.9
20,30,4.05,6,4.666666666666667,1.5555555555555556
24,67,3.4583333333333335,6,4.6923076923076925,2.9047619047619047
21,31,4.142857142857143,6,4.833333333333333,1.5263157894736843
20,44,2.0,4,5.0,2.727272727272727
26,109,3.3076923076923075,6,5.6,3.8181818181818183
26,80,3.0384615384615383,5,6.25,3.409090909090909
26,115,3.9615384615384617,7,4.904761904761905,4.478260869565218
17,38,2.6470588235294117,5,2.8333333333333335,2.6153846153846154
23,72,2.782608695652174,5,4.333333333333333,3.4210526315789473
22,67,2.772727272727273,5,4.285714285714286,3.3333333333333335
29,103,4.103448275862069,7,5.866666666666666,3.52
19,29,3.9473684210526314,6,4.5,1.588235294117647
22,70,2.5454545454545454,4,4.785714285714286,3.526315789473684
23,56,2.5217391304347827,6,3.6666666666666665,2.357142857142857
26,87,2.769230769230769,5,5.125,3.727272727272727
20,30,4.05,6,4.666666666666667,1.5555555555555556
21,53,4.0,7,3.642857142857143,2.6842105263157894
25,91,3.2,7,3.6315789473684212,3.45
23,76,2.739130434782609,5,4.235294117647059,3.6
19,29,3.9473684210526314,6,4.5,1.588235294117647
23,77,2.652173913043478,5,4.866666666666666,3.65
27,87,3.111111111111111,5,6.3076923076923075,3.5652173913043477
19,28,4.052631578947368,6,4.333333333333333,1.5294117647058822
22,64,3.9545454545454546,8,4.615384615384615,3.1578947368421053
29,101,3.413793103448276,6,5.647058823529412,3.84
26,102,4.115384615384615,7,5.882352941176471,4.166666666666667
18,44,2.7222222222222223,5,2.7857142857142856,2.7857142857142856
24,59,3.2916666666666665,6,3.8461538461538463,2.5
17,19,1.2941176470588236,2,3.5,1.4
21,25,1.2380952380952381,2,4.0,1.6
19,50,3.736842105263158,7,4.181818181818182,2.875
24,43,1.5,3,3.8333333333333335,2.090909090909091
19,71,4.052631578947368,8,4.928571428571429,4.0588235294117645
21,42,1.619047619047619,4,3.5,2.3333333333333335
20,63,3.0,5,5.0,3.3333333333333335
21,79,4.142857142857143,8,4.352941176470588,3.8947368421052633
24,36,1.7916666666666667,4,5.0,1.5
18,26,1.9444444444444444,3,4.25,1.3076923076923077
22,55,4.136363636363637,7,4.416666666666667,2.65
20,29,1.9,4,3.25,1.4444444444444444
22,73,2.6818181818181817,5,3.5294117647058822,3.1578947368421053
19,30,3.9473684210526314,6,4.5,1.588235294117647
26,100,3.6923076923076925,7,5.6875,3.9565217391304346
23,66,3.652173913043478,6,4.133333333333334,3.1
22,57,2.9545454545454546,5,3.466666666666667,2.888888888888889
18,27,3.9444444444444446,6,4.166666666666667,1.5625
27,112,3.5185185185185186,7,4.863636363636363,4.6521739130434785
24,91,3.5,7,4.705882352941177,4.0
24,105,3.375,7,4.894736842105263,4.65
19,29,4.052631578947368,6,4.5,1.588235294117647
21,58,2.7142857142857144,5,4.090909090909091,3.0
26,104,3.6538461538461537,6,5.714285714285714,3.6363636363636362
26,82,3.0384615384615383,5,5.846153846153846,3.4545454545454546
29,112,3.793103448275862,7,4.954545454545454,4.1923076923076925
17,36,2.6470588235294117,5,2.5833333333333335,2.3846153846153846
29,111,4.0344827586206895,7,5.235294117647059,3.56
20,30,4.05,6,4.666666666666667,1.5555555555555556
25,114,3.8,7,5.3,5.0476190476190474
26,97,3.3076923076923075,6,5.411764705882353,4.181818181818182
24,92,3.2083333333333335,6,4.625,3.7
29,108,4.103448275862069,7,5.733333333333333,3.44
19,28,4.052631578947368,6,4.333333333333333,1.5294117647058822
25,103,3.88,6,6.428571428571429,4.090909090909091
23,66,3.6956521739130435,6,4.428571428571429,3.1
24,85,2.7916666666666665,5,4.470588235294118,3.8
21,65,2.5238095238095237,5,4.0,3.5294117647058822
19,50,2.473684210526316,5,2.933333333333333,2.933333333333333
22,84,3.3636363636363638,6,4.666666666666667,3.888888888888889
20,31,3.95,6,4.833333333333333,1.6111111111111112
27,105,3.5555555555555554,6,7.071428571428571,4.304347826086956
28,160,4.25,8,5.956521739130435,5.708333333333333
20,33,3.95,6,5.166666666666667,1.7222222222222223
25,100,3.56,7,4.75,4.523809523809524
25,108,3.68,7,5.555555555555555,4.761904761904762
25,125,3.6,7,5.380952380952381,5.380952380952381
21,77,3.380952380952381,7,4.133333333333334,3.6470588235294117
18,28,3.5555555555555554,5,5.2,1.625
29,120,3.7586206896551726,7,5.523809523809524,4.64
21,52,3.0,6,3.4545454545454546,2.375
22,69,2.6363636363636362,5,4.4,3.473684210526316
25,80,3.08,5,5.0,3.5714285714285716
19,32,3.9473684210526314,6,5.0,1.7647058823529411
24,91,2.4166666666666665,4,5.4375,4.35
21,54,2.6666666666666665,6,4.222222222222222,2.7142857142857144
28,94,3.0714285714285716,5,5.0,3.75
20,33,4.05,6,5.166666666666667,1.7222222222222223
21,71,2.7142857142857144,5,5.230769230769231,3.7777777777777777
22,66,3.8636363636363638,7,4.428571428571429,3.263157894736842
24,85,2.9583333333333335,5,4.6875,3.5714285714285716
24,53,3.0416666666666665,5,3.5,2.45
17,34,2.2941176470588234,4,3.6,1.6363636363636365
16,32,2.625,5,3.111111111111111,2.0
23,76,3.4347826086956523,7,4.533333333333333,3.4
27,114,3.5555555555555554,7,5.142857142857143,4.695652173913044
16,24,1.5625,3,2.75,1.8333333333333333
22,63,3.0454545454545454,6,3.75,2.6470588235294117
26,90,3.230769230769231,6,5.0,3.8636363636363638
24,78,3.125,6,4.294117647058823,3.65
22,72,2.909090909090909,6,3.8,3.1666666666666665
23,55,3.4347826086956523,6,3.923076923076923,2.6842105263157894
18,23,1.3333333333333333,2,5.5,1.8333333333333333
21,26,1.2857142857142858,2,5.5,1.8333333333333333
18,48,3.1666666666666665,6,4.888888888888889,2.933333333333333
24,45,1.5833333333333333,3,3.857142857142857,2.25
19,64,4.0,8,4.357142857142857,3.588235294117647
21,43,1.6666666666666667,4,3.2857142857142856,2.5555555555555554
21,67,3.0,5,5.3,3.3125
22,77,4.2272727272727275,8,4.411764705882353,3.75
24,42,1.7916666666666667,4,4.8,2.4
19,32,2.0,3,6.0,1.7142857142857142
21,72,3.6666666666666665,7,4.928571428571429,3.8333333333333335
22,64,3.5454545454545454,7,3.3846153846153846,2.4444444444444446
27,85,3.037037037037037,5,4.764705882352941,3.5217391304347827
19,29,3.9473684210526314,6,4.5,1.588235294117647
26,97,2.9615384615384617,6,5.8125,4.043478260869565
22,67,3.8181818181818183,7,4.5,3.3157894736842106
22,77,3.1363636363636362,5,4.1875,3.526315789473684
22,46,2.909090909090909,5,3.5,2.3333333333333335
16,29,2.25,4,3.0,1.5
16,29,2.625,5,3.0,1.7142857142857142
23,83,3.5217391304347827,7,5.285714285714286,3.7
27,115,3.5185185185185186,7,5.4,4.695652173913044
16,22,1.5625,3,3.0,1.5
22,61,2.9545454545454546,6,3.727272727272727,2.411764705882353
26,89,3.269230769230769,6,4.9411764705882355,3.8181818181818183
24,78,3.2083333333333335,6,4.5625,3.65
20,61,3.1,6,3.066666666666667,2.875
21,48,3.5238095238095237,6,3.909090909090909,2.263157894736842
18,28,2.3333333333333335,4,4.25,1.5454545454545454
22,61,3.5454545454545454,7,4.166666666666667,2.5
22,60,3.5454545454545454,7,3.5454545454545454,2.1666666666666665
23,73,3.6956521739130435,6,4.3125,3.45
22,78,2.909090909090909,6,4.352941176470588,3.8947368421052633
24,80,3.5,6,4.6923076923076925,3.05
19,29,3.9473684210526314,6,4.5,1.588235294117647
29,108,3.9655172413793105,7,5.777777777777778,4.16
25,87,3.0,6,4.647058823529412,3.761904761904762
19,29,3.9473684210526314,6,4.5,1.588235294117647
22,70,2.8181818181818183,5,4.714285714285714,3.473684210526316
22,55,2.590909090909091,6,4.125,2.357142857142857
26,83,2.8846153846153846,5,5.266666666666667,3.590909090909091
25,91,3.04,6,4.235294117647059,3.4285714285714284
22,67,2.5454545454545454,5,3.875,3.4444444444444446
20,30,4.05,6,4.666666666666667,1.5555555555555556
26,120,3.8076923076923075,7,5.333333333333333,5.090909090909091
30,142,4.166666666666667,8,5.625,5.1923076923076925
16,22,1.5625,3,3.0,1.2857142857142858
21,54,2.857142857142857,5,3.727272727272727,2.1578947368421053
18,27,3.9444444444444446,6,4.166666666666667,1.5625
24,62,3.75,6,5.2727272727272725,2.761904761904762
19,29,3.9473684210526314,6,4.5,1.588235294117647
21,64,2.9047619047619047,6,4.818181818181818,3.3125
28,122,3.75,7,5.578947368421052,4.416666666666667
21,57,3.5238095238095237,6,4.076923076923077,2.9444444444444446
16,20,1.4375,2,7.0,1.0
17,37,2.6470588235294117,5,2.6666666666666665,2.4615384615384617
20,45,3.35,6,3.727272727272727,2.2777777777777777
17,22,1.3529411764705883,2,5.0,1.6666666666666667
22,25,1.2727272727272727,2,4.0,1.3333333333333333
22,66,3.772727272727273,7,4.5,3.3157894736842106
23,89,4.130434782608695,8,4.647058823529412,3.95
19,58,4.052631578947368,8,3.857142857142857,3.176470588235294
20,41,1.8,4,3.8333333333333335,2.5555555555555554
23,45,1.7826086956521738,4,4.0,2.0
25,105,4.2,8,5.2631578947368425,4.545454545454546
23,38,1.826086956521739,4,4.5,1.8
18,29,1.9444444444444444,3,5.0,1.5384615384615385
22,58,4.136363636363637,7,4.5,2.7
23,64,3.0869565217391304,6,3.933333333333333,3.1052631578947367
25,68,3.08,6,4.090909090909091,2.25
18,27,3.9444444444444446,6,4.166666666666667,1.5625
27,108,3.6296296296296298,7,5.764705882352941,4.083333333333333
23,63,2.9565217391304346,5,4.833333333333333,3.0526315789473686
22,73,2.772727272727273,5,4.266666666666667,3.5555555555555554
18,49,2.4444444444444446,4,3.142857142857143,2.933333333333333
24,92,3.5416666666666665,7,4.647058823529412,3.95
16,35,2.5,5,2.5,2.5
23,78,2.782608695652174,5,4.6,3.6315789473684212
23,77,2.782608695652174,5,4.6,3.6315789473684212
28,96,4.071428571428571,7,5.571428571428571,3.25
20,30,4.05,6,4.666666666666667,1.5555555555555556
25,62,3.88,6,5.8,2.6363636363636362
20,29,1.75,4,3.0,1.5
22,68,2.6818181818181817,5,3.4,2.6842105263157894
20,30,4.05,6,4.666666666666667,1.5555555555555556
19,44,2.789473684210526,5,4.125,2.5384615384615383
26,86,3.076923076923077,6,5.4,3.6818181818181817
21,65,2.7142857142857144,5,4.066666666666666,3.388888888888889
27,114,3.7777777777777777,7,5.2631578947368425,4.3478260869565215
26,110,3.730769230769231,7,4.857142857142857,4.636363636363637
17,25,2.3529411764705883,5,3.25,1.3
19,47,2.8947368421052633,5,3.6,2.1176470588235294
22,56,3.3181818181818183,6,3.642857142857143,2.8333333333333335
19,57,3.210526315789474,6,3.642857142857143,3.4
19,29,4.052631578947368,6,4.5,1.588235294117647
28,101,3.4642857142857144,6,6.0,4.0
25,97,3.08,6,4.578947368421052,4.142857142857143
21,34,3.9523809523809526,6,5.333333333333333,1.6842105263157894
21,77,3.4285714285714284,6,5.142857142857143,4.0
24,67,3.0,6,3.5833333333333335,2.388888888888889
26,90,2.730769230769231,5,4.9411764705882355,3.8181818181818183
19,32,3.8421052631578947,6,5.0,1.7647058823529411
25,117,4.0,7,6.25,4.545454545454546
24,81,3.75,6,4.75,3.619047619047619
22,70,2.772727272727273,5,4.133333333333334,3.4444444444444446
22,64,3.5454545454545454,6,4.357142857142857,3.210526315789474
21,50,3.0,6,3.6,2.25
22,70,2.6363636363636362,5,4.1875,3.526315789473684
22,50,3.5454545454545454,6,3.5384615384615383,2.4210526315789473
20,33,2.55,4,6.25,1.5625
19,49,3.473684210526316,7,3.5384615384615383,2.7058823529411766
28,92,3.107142857142857,5,5.5,3.6666666666666665
29,86,3.689655172413793,6,5.5,2.64
26,96,3.3076923076923075,6,5.352941176470588,4.136363636363637
20,34,4.05,6,5.166666666666667,1.7222222222222223
22,57,4.090909090909091,8,4.083333333333333,2.45
28,104,3.7142857142857144,7,5.2631578947368425,4.166666666666667
24,84,2.875,6,4.2105263157894735,3.8095238095238093
25,72,3.52,6,4.285714285714286,2.608695652173913
26,70,3.3076923076923075,6,4.125,3.0
17,33,2.2941176470588234,4,3.6,1.6363636363636365
25,85,3.52,6,5.066666666666666,3.619047619047619
19,29,3.9473684210526314,6,4.5,1.588235294117647
25,103,3.76,7,5.588235294117647,4.523809523809524
28,98,3.392857142857143,6,5.529411764705882,3.9166666666666665
24,96,3.5416666666666665,7,4.588235294117647,3.9
27,85,3.888888888888889,7,5.066666666666666,3.3043478260869565
19,29,3.9473684210526314,6,4.5,1.588235294117647
22,65,3.1363636363636362,6,3.7333333333333334,2.8
30,129,3.9,7,5.636363636363637,4.769230769230769
21,67,2.5714285714285716,5,4.0,3.5555555555555554
19,29,3.9473684210526314,6,4.5,1.588235294117647
23,43,2.739130434782609,5,3.5,1.3125
27,84,3.074074074074074,5,6.153846153846154,3.4782608695652173
21,67,2.619047619047619,5,4.0,3.5555555555555554
19,29,3.9473684210526314,6,4.5,1.588235294117647
22,70,2.8181818181818183,5,4.785714285714286,3.526315789473684
28,95,3.25,6,5.6875,3.7916666666666665
19,29,3.9473684210526314,6,4.5,1.588235294117647
22,63,2.3181818181818183,4,4.363636363636363,2.823529411764706
26,82,2.9615384615384617,5,5.2,3.5454545454545454
19,29,3.9473684210526314,6,4.5,1.588235294117647
25,102,3.8,7,5.705882352941177,4.619047619047619
23,77,3.608695652173913,7,4.357142857142857,3.05
25,78,3.0,5,6.083333333333333,3.4761904761904763
24,75,2.9583333333333335,6,4.235294117647059,3.4285714285714284
17,40,2.4705882352941178,5,2.769230769230769,2.769230769230769
17,31,2.235294117647059,4,3.6,1.8
20,30,4.05,6,4.666666666666667,1.5555555555555556
21,52,3.5238095238095237,7,4.1,2.1578947368421053
29,118,3.9310344827586206,7,6.0,4.56
22,72,2.9545454545454546,6,4.25,3.5789473684210527
25,70,3.44,6,4.230769230769231,2.391304347826087
22,63,3.590909090909091,6,3.6875,3.1052631578947367
21,72,3.0476190476190474,6,3.3529411764705883,3.3529411764705883
24,60,3.5833333333333335,6,4.0,2.8
18,24,1.3888888888888888,2,6.0,1.7142857142857142
20,24,1.35,2,5.0,1.4285714285714286
16,37,3.4375,7,3.4,2.4285714285714284
22,42,1.5909090909090908,3,4.0,2.1818181818181817
19,44,2.3684210526315788,4,3.5,2.1538461538461537
20,61,3.0,5,4.545454545454546,3.3333333333333335
22,79,3.1363636363636362,6,3.875,3.4444444444444446
21,47,2.0476190476190474,4,2.888888888888889,2.1666666666666665
21,77,3.4285714285714284,6,5.153846153846154,3.7222222222222223
23,55,2.391304347826087,5,3.3,2.0625
23,89,4.173913043478261,8,5.0588235294117645,4.3
24,40,1.7916666666666667,4,4.75,1.9
19,26,2.1052631578947367,3,5.0,1.3333333333333333
21,58,4.333333333333333,8,3.7333333333333334,2.9473684210526314
22,56,2.8181818181818183,7,3.090909090909091,2.2666666666666666
25,74,3.76,7,5.0,3.1818181818181817
22,77,2.772727272727273,6,4.294117647058823,3.8421052631578947
19,28,4.052631578947368,6,4.333333333333333,1.5294117647058822
29,109,3.9655172413793105,7,5.833333333333333,4.2
27,138,4.444444444444445,8,5.809523809523809,5.083333333333333
20,30,4.05,6,4.666666666666667,1.5555555555555556
25,59,3.04,5,5.4,2.5714285714285716
19,29,3.9473684210526314,6,4.5,1.588235294117647
27,104,3.5185185185185186,6,6.0,3.75
21,57,3.4761904761904763,6,4.076923076923077,2.9444444444444446
19,33,1.9473684210526316,4,3.0,1.6666666666666667
19,28,4.052631578947368,6,4.333333333333333,1.5294117647058822
22,55,2.090909090909091,4,5.0,2.6666666666666665
27,118,3.740740740740741,6,5.411764705882353,4.0
22,65,3.0454545454545454,5,4.285714285714286,3.3333333333333335
18,31,1.8333333333333333,4,2.8,1.75
18,40,3.0555555555555554,6,3.0,2.0625
20,30,4.05,6,4.666666666666667,1.5555555555555556
22,55,2.8181818181818183,6,4.125,2.2
28,105,3.3214285714285716,6,5.611111111111111,4.208333333333333
21,70,3.0,5,4.066666666666666,3.388888888888889
19,28,4.052631578947368,6,4.333333333333333,1.5294117647058822
24,62,3.875,6,5.2727272727272725,2.761904761904762
19,29,3.9473684210526314,6,4.5,1.588235294117647
22,57,2.772727272727273,6,4.375,2.3333333333333335
31,214,4.419354838709677,8,7.62962962962963,7.62962962962963
19,28,1.4736842105263157,3,3.0,1.5
22,68,2.6818181818181817,5,3.4375,2.8947368421052633
24,93,3.4583333333333335,6,5.571428571428571,3.9
17,41,2.5294117647058822,5,2.769230769230769,2.769230769230769
20,55,2.7,5,3.2857142857142856,2.7058823529411766
20,30,4.05,6,4.666666666666667,1.5555555555555556
22,66,2.727272727272727,5,4.7272727272727275,3.25
25,80,3.08,5,5.357142857142857,3.5714285714285716
25,106,3.44,6,5.388888888888889,4.619047619047619
16,26,1.625,4,2.0,1.6666666666666667
19,49,2.6315789473684212,5,3.1538461538461537,2.5625
20,30,4.05,6,4.666666666666667,1.5555555555555556
27,96,3.5185185185185186,6,7.0,3.9565217391304346
24,76,3.2083333333333335,6,3.625,2.9
21,32,3.9523809523809526,6,5.0,1.5789473684210527
21,77,3.4761904761904763,6,5.214285714285714,4.055555555555555
21,61,4.0476190476190474,8,4.0,2.526315789473684
28,103,3.4642857142857144,6,5.105263157894737,4.041666666666667
29,97,3.689655172413793,6,4.166666666666667,3.0
20,30,4.05,6,4.666666666666667,1.5555555555555556
24,89,2.625,5,5.25,4.2
29,109,3.4827586206896552,6,5.722222222222222,4.12
19,35,3.0526315789473686,5,4.142857142857143,1.7058823529411764
26,124,3.8076923076923075,7,5.842105263157895,4.826086956521739
25,79,3.52,6,4.625,3.5238095238095237
23,79,3.130434782608696,6,4.470588235294118,3.8
19,48,2.5789473684210527,5,3.0,2.8
20,31,3.95,6,4.833333333333333,1.6111111111111112
26,115,4.038461538461538,7,6.3125,4.391304347826087
26,84,2.730769230769231,5,4.875,3.5454545454545454
24,105,3.4583333333333335,6,4.944444444444445,4.45
23,95,3.391304347826087,6,4.823529411764706,4.315789473684211
21,55,2.857142857142857,5,3.3333333333333335,2.9411764705882355
21,35,4.0476190476190474,6,5.333333333333333,1.6842105263157894
23,76,4.3478260869565215,8,4.333333333333333,3.0952380952380953
30,117,3.933333333333333,7,6.222222222222222,4.3076923076923075
27,91,3.2962962962962963,6,5.117647058823529,3.782608695652174
23,75,3.5652173913043477,6,4.533333333333333,3.4
24,71,2.75,5,3.9411764705882355,3.35
19,41,3.1578947368421053,6,3.111111111111111,1.8666666666666667
20,32,4.05,6,5.0,1.6666666666666667
23,51,3.8260869565217392,6,4.363636363636363,2.4
27,146,3.8518518518518516,7,5.681818181818182,5.434782608695652
24,73,2.7083333333333335,5,3.8333333333333335,3.45
20,32,4.05,6,5.0,1.6666666666666667
22,47,3.6818181818181817,6,3.6666666666666665,2.3157894736842106
25,123,3.6,7,4.904761904761905,4.904761904761905
26,82,3.0384615384615383,5,5.5,3.5
18,30,2.2222222222222223,4,3.4,1.5454545454545454
18,39,2.7222222222222223,5,2.6923076923076925,2.5
29,106,3.9655172413793105,7,5.222222222222222,3.76
21,33,3.0476190476190474,5,4.428571428571429,1.631578947368421
21,53,4.0,7,3.923076923076923,2.6842105263157894
19,29,3.9473684210526314,6,4.5,1.588235294117647
27,106,3.6296296296296298,7,6.266666666666667,3.9166666666666665
26,84,2.9615384615384617,5,5.714285714285714,3.6363636363636362
23,62,3.4782608695652173,6,3.8666666666666667,2.9
17,23,1.7058823529411764,4,3.3333333333333335,1.4285714285714286
24,73,2.9583333333333335,5,4.25,3.4
17,23,2.176470588235294,5,3.0,1.3333333333333333
24,74,3.25,7,3.9444444444444446,3.380952380952381
19,29,3.9473684210526314,6,4.5,1.588235294117647
21,54,3.5238095238095237,7,4.2,2.210526315789474
27,110,3.5185185185185186,6,5.533333333333333,3.772727272727273
26,84,2.730769230769231,5,5.0,3.6363636363636362
22,69,2.727272727272727,5,4.125,3.473684210526316
16,25,1.75,4,3.0,1.7142857142857142
23,61,3.0,5,3.8333333333333335,2.1904761904761907
19,29,3.9473684210526314,6,4.5,1.588235294117647
15,22,1.6,3,2.5,1.6666666666666667
23,66,3.739130434782609,6,4.133333333333334,3.1
19,30,1.9473684210526316,4,2.8,1.5555555555555556
19,29,3.9473684210526314,6,4.5,1.588235294117647
26,98,3.423076923076923,6,5.733333333333333,3.739130434782609
23,62,3.608695652173913,6,3.8666666666666667,2.9
23,76,3.347826086956522,7,4.055555555555555,3.65
17,38,2.588235294117647,5,2.8333333333333335,2.6153846153846154
19,29,3.9473684210526314,6,4.5,1.588235294117647
22,72,2.5,4,4.928571428571429,3.6315789473684212
23,56,2.5652173913043477,6,3.3,2.2
27,98,2.740740740740741,5,5.222222222222222,4.086956521739131
20,30,4.05,6,4.666666666666667,1.5555555555555556
15,23,1.7333333333333334,3,2.75,1.5714285714285714
30,146,3.8,7,5.791666666666667,5.346153846153846
23,78,2.869565217391304,6,3.6875,3.1052631578947367
23,77,2.782608695652174,5,4.6,3.6315789473684212
20,61,2.6,5,4.142857142857143,3.411764705882353
24,73,2.7083333333333335,5,4.3125,3.45
23,71,2.782608695652174,5,4.266666666666667,3.3684210526315788
19,55,2.6842105263157894,5,4.0,3.25
20,30,4.05,6,4.666666666666667,1.5555555555555556
26,113,3.8076923076923075,7,5.7368421052631575,4.954545454545454
22,54,2.772727272727273,6,4.0,2.1333333333333333
29,116,3.6206896551724137,7,4.5,3.6
24,77,2.7083333333333335,5,4.5625,3.65
20,45,2.75,5,3.6,2.0
23,49,3.391304347826087,6,4.444444444444445,2.1052631578947367
18,23,1.3333333333333333,2,5.5,1.8333333333333333
20,48,3.15,6,4.666666666666667,2.625
28,91,3.3214285714285716,6,5.117647058823529,3.625
26,84,4.153846153846154,8,4.555555555555555,3.4166666666666665
17,43,2.5294117647058822,5,3.0,3.0
19,29,2.210526315789474,4,3.3333333333333335,1.5384615384615385
25,98,3.48,6,5.6,3.8181818181818183
25,76,2.68,5,4.8,3.4285714285714284
19,34,3.6315789473684212,5,4.666666666666667,1.6470588235294117
25,88,2.72,5,4.9411764705882355,3.8181818181818183
23,57,2.739130434782609,6,4.25,2.2666666666666666
26,75,3.0384615384615383,5,3.888888888888889,3.1818181818181817
20,31,4.05,6,4.833333333333333,1.6111111111111112
22,55,2.5454545454545454,6,4.714285714285714,2.357142857142857
26,86,4.038461538461538,7,5.466666666666667,3.5652173913043477
20,30,1.6,4,2.75,1.5714285714285714
21,57,2.6666666666666665,5,3.066666666666667,2.5555555555555554
25,82,3.68,7,4.642857142857143,3.0952380952380953
19,29,3.9473684210526314,6,4.5,1.588235294117647
19,53,3.210526315789474,6,3.8461538461538463,3.125
24,74,3.6666666666666665,7,4.375,3.3333333333333335
20,57,2.7,5,3.3125,3.1176470588235294
19,52,2.526315789473684,5,3.357142857142857,3.1333333333333333
23,54,3.391304347826087,6,3.9,2.0526315789473686
20,30,4.05,6,4.666666666666667,1.5555555555555556
26,75,3.8076923076923075,7,4.928571428571429,3.0
20,30,4.15,6,4.666666666666667,1.5555555555555556
22,57,4.090909090909091,8,3.75,2.25
29,106,3.7586206896551726,7,5.315789473684211,4.04
26,79,2.5,5,3.3125,2.789473684210526
22,73,3.0454545454545454,6,3.625,3.2222222222222223
20,30,4.05,6,4.666666666666667,1.5555555555555556
25,110,4.0,8,5.1,4.857142857142857
19,30,1.8421052631578947,4,2.75,1.375
22,77,2.6818181818181817,5,4.5,4.0
26,78,3.0384615384615383,5,4.8,3.272727272727273
19,28,4.052631578947368,6,4.333333333333333,1.5294117647058822
19,51,3.3684210526315788,6,4.8,3.0
25,81,2.88,5,4.75,3.619047619047619
18,38,2.5,4,4.2,1.75
21,49,2.9523809523809526,5,4.3,2.5294117647058822
16,27,3.0625,6,2.857142857142857,1.5384615384615385
16,36,2.5,5,2.3846153846153846,2.5833333333333335
30,123,3.9,7,5.2,4.0
19,31,3.0526315789473686,5,4.0,1.6470588235294117
21,83,3.6666666666666665,7,4.647058823529412,4.388888888888889
28,99,3.4285714285714284,6,4.65,3.875
20,31,4.05,6,4.666666666666667,1.5555555555555556
24,95,3.4583333333333335,7,4.9375,3.761904761904762
31,173,4.258064516129032,8,6.875,6.111111111111111
23,65,3.0869565217391304,6,3.75,3.1578947368421053
19,29,4.052631578947368,6,4.5,1.588235294117647
27,69,3.814814814814815,6,5.818181818181818,2.782608695652174
23,74,4.043478260869565,8,4.0588235294117645,3.45
23,80,4.086956521739131,8,4.625,3.7
23,61,3.4782608695652173,6,4.666666666666667,2.9473684210526314
20,73,3.25,7,3.6470588235294117,3.875
18,41,2.6666666666666665,5,2.6923076923076925,2.5
19,63,3.210526315789474,7,3.533333333333333,3.533333333333333
21,33,3.9523809523809526,6,5.166666666666667,1.631578947368421
26,101,3.6538461538461537,6,5.8125,4.2272727272727275
17,27,1.8235294117647058,4,2.8,1.4
25,73,3.76,6,5.666666666666667,3.090909090909091
22,65,3.0,5,4.0,3.3333333333333335
16,31,2.25,4,3.0,1.8
19,52,2.6315789473684212,5,3.4615384615384617,3.0
16,36,2.5,5,2.4615384615384617,2.4615384615384617
24,94,3.5416666666666665,7,4.315789473684211,3.727272727272727
25,82,3.76,6,5.2,3.7142857142857144
23,72,3.0869565217391304,5,4.333333333333333,3.25
22,51,3.4545454545454546,6,4.2727272727272725,2.611111111111111
19,26,1.368421052631579,2,5.5,1.5714285714285714
22,29,1.3181818181818181,2,5.5,1.5714285714285714
20,66,3.55,6,4.769230769230769,3.6470588235294117
22,55,2.0454545454545454,4,4.222222222222222,2.375
22,77,2.6818181818181817,5,4.0,3.111111111111111
22,72,4.090909090909091,8,3.888888888888889,3.5
22,49,1.8181818181818181,4,4.5,2.4545454545454546
19,46,2.8421052631578947,5,6.333333333333333,2.533333333333333
21,69,4.0,8,3.9411764705882355,3.526315789473684
23,45,2.217391304347826,4,5.6,2.1538461538461537
20,34,2.05,3,5.75,1.5333333333333334
21,58,4.380952380952381,8,4.0,2.9473684210526314
28,101,3.392857142857143,6,5.647058823529412,4.0
30,148,3.8666666666666667,7,5.956521739130435,5.269230769230769
22,83,3.227272727272727,6,4.25,3.7777777777777777
22,69,2.6363636363636362,5,3.625,3.0526315789473686
20,30,4.05,6,4.666666666666667,1.5555555555555556
25,69,3.56,6,4.6923076923076925,2.772727272727273
22,34,4.2272727272727275,6,5.333333333333333,1.6
25,99,3.32,6,5.928571428571429,3.772727272727273
25,72,3.08,5,4.857142857142857,3.238095238095238
17,25,1.5294117647058822,3,4.0,1.5
21,57,3.1904761904761907,6,3.4615384615384617,2.3684210526315788
20,57,2.4,4,3.7857142857142856,3.1176470588235294
19,30,2.1052631578947367,3,5.75,1.5333333333333334
20,57,2.9,5,5.0,3.125
31,155,4.258064516129032,8,6.125,5.444444444444445
22,69,2.6818181818181817,5,3.823529411764706,3.4210526315789473
19,29,3.9473684210526314,6,4.5,1.588235294117647
30,91,3.2333333333333334,5,6.214285714285714,3.3461538461538463
22,86,4.136363636363637,8,4.9411764705882355,4.2
26,82,2.730769230769231,5,4.875,3.5454545454545454
23,81,3.217391304347826,6,4.0625,3.4210526315789473
19,29,3.9473684210526314,6,4.5,1.588235294117647
26,115,4.0,8,5.142857142857143,4.909090909090909
26,81,3.1538461538461537,6,5.846153846153846,3.4545454545454546
25,75,2.8,5,4.733333333333333,3.380952380952381
20,30,4.05,6,4.666666666666667,1.5555555555555556
24,87,2.7083333333333335,5,4.611111111111111,3.9523809523809526
22,55,2.590909090909091,6,3.6666666666666665,2.357142857142857
24,75,3.6666666666666665,6,4.4375,3.380952380952381
23,81,2.739130434782609,5,4.529411764705882,3.85
20,30,4.05,6,4.666666666666667,1.5555555555555556
26,106,3.730769230769231,7,5.625,3.9130434782608696
23,64,3.608695652173913,6,4.0,3.0
19,30,1.631578947368421,4,2.4,1.7142857142857142
21,46,3.5238095238095237,6,4.1,2.1578947368421053
18,23,1.4444444444444444,2,5.5,1.375
21,26,1.4285714285714286,2,5.5,1.2222222222222223
15,33,3.8666666666666667,6,4.428571428571429,2.3846153846153846
20,72,3.45,7,3.6666666666666665,3.4375
23,83,4.3478260869565215,8,4.705882352941177,4.0
21,49,2.0,3,5.833333333333333,2.5
15,32,2.7333333333333334,6,3.5714285714285716,2.5
23,61,2.3043478260869565,4,4.1,2.411764705882353
24,65,2.0833333333333335,4,3.4166666666666665,2.5625
25,103,4.2,8,5.444444444444445,4.454545454545454
24,36,1.7916666666666667,4,4.5,1.8
18,26,1.9444444444444444,3,4.5,1.3846153846153846
19,57,3.789473684210526,7,4.166666666666667,3.125
27,88,3.2962962962962963,6,5.1875,3.608695652173913
21,56,2.761904761904762,5,3.3846153846153846,2.3157894736842106
20,31,4.05,6,4.666666666666667,1.5555555555555556
25,68,3.56,6,4.428571428571429,2.8181818181818183
21,32,4.142857142857143,6,5.0,1.5789473684210527
25,60,3.84,6,4.0,2.5454545454545454
25,92,3.56,7,4.111111111111111,3.5238095238095237
25,76,3.16,5,4.733333333333333,3.380952380952381
19,52,2.5789473684210527,5,4.3,2.8666666666666667
16,36,2.5,5,2.5833333333333335,2.5833333333333335
22,54,3.5,6,3.8,2.0
19,28,2.0526315789473686,3,5.0,1.4285714285714286
21,77,3.6666666666666665,7,4.933333333333334,4.111111111111111
28,104,3.7857142857142856,7,5.823529411764706,4.125
19,53,2.4210526315789473,4,3.5,3.0625
20,32,4.05,6,4.666666666666667,1.5555555555555556
25,115,3.84,7,5.631578947368421,5.095238095238095
26,92,3.230769230769231,6,4.888888888888889,3.8260869565217392
26,97,3.5384615384615383,6,5.411764705882353,4.181818181818182
25,92,3.4,7,4.222222222222222,3.619047619047619
21,66,3.238095238095238,7,3.5,3.2941176470588234
29,110,4.103448275862069,7,5.705882352941177,3.88
20,30,4.05,6,4.666666666666667,1.5555555555555556
26,68,3.0384615384615383,5,5.7272727272727275,2.8636363636363638
24,33,1.75,4,3.25,1.4444444444444444
23,67,2.739130434782609,5,3.4,2.55
19,29,3.9473684210526314,6,4.5,1.588235294117647
22,60,2.8636363636363638,6,4.75,2.533333333333333
29,103,3.1379310344827585,5,5.444444444444445,3.92
25,80,3.44,6,4.411764705882353,3.5714285714285716
22,75,3.272727272727273,7,3.933333333333333,3.2777777777777777
19,28,4.052631578947368,6,4.333333333333333,1.5294117647058822
21,71,2.7142857142857144,5,4.466666666666667,3.7222222222222223
22,53,2.590909090909091,6,3.875,2.2142857142857144
25,85,2.68,5,5.0,3.8095238095238093
19,28,4.052631578947368,6,4.333333333333333,1.5294117647058822
24,106,3.7916666666666665,8,4.9411764705882355,4.2
24,71,3.7916666666666665,6,4.466666666666667,3.1904761904761907
24,82,2.7916666666666665,5,4.866666666666666,3.65
22,70,2.6363636363636362,5,4.0625,3.611111111111111
18,27,3.9444444444444446,6,4.166666666666667,1.5625
28,100,3.607142857142857,6,6.714285714285714,3.9166666666666665
26,134,4.0,7,5.2727272727272725,5.043478260869565
20,30,4.05,6,4.666666666666667,1.5555555555555556
27,101,3.5555555555555554,6,6.785714285714286,4.130434782608695
32,190,4.5,8,7.782608695652174,6.392857142857143
24,87,3.1666666666666665,6,3.8333333333333335,3.45
19,28,4.052631578947368,6,4.333333333333333,1.5294117647058822
26,135,3.8076923076923075,7,6.0476190476190474,5.7727272727272725
30,91,3.1333333333333333,5,6.538461538461538,3.269230769230769
22,66,3.5,6,4.357142857142857,3.210526315789474
24,105,3.625,7,5.0,4.523809523809524
31,166,4.032258064516129,7,7.045454545454546,5.7407407407407405
26,82,3.076923076923077,5,5.066666666666666,3.4545454545454546
22,85,3.3636363636363638,6,4.666666666666667,3.888888888888889
21,83,3.2857142857142856,6,4.666666666666667,4.117647058823529
20,60,2.8,5,4.153846153846154,3.375
18,50,3.388888888888889,6,3.8181818181818183,2.625
27,81,3.814814814814815,7,5.076923076923077,2.869565217391304
18,25,1.2777777777777777,2,4.0,1.6
24,81,4.166666666666667,8,5.066666666666666,3.619047619047619
26,89,2.8846153846153846,5,5.125,3.727272727272727
23,102,3.652173913043478,7,4.833333333333333,4.578947368421052
22,62,2.772727272727273,5,4.0,3.111111111111111
16,35,3.0625,5,3.7142857142857144,2.1666666666666665
29,130,3.586206896551724,7,5.904761904761905,4.96
29,114,3.7586206896551726,7,6.470588235294118,4.4
19,41,2.8947368421052633,6,2.8,2.0
16,32,2.375,5,3.25,2.0
21,57,2.619047619047619,5,3.533333333333333,3.1176470588235294
21,64,2.5238095238095237,5,4.0,3.111111111111111
20,32,4.05,6,5.0,1.6666666666666667
28,98,3.892857142857143,7,5.529411764705882,3.9166666666666665
21,38,2.5238095238095237,4,3.5,1.5
19,30,3.9473684210526314,6,4.666666666666667,1.6470588235294117
24,87,2.7083333333333335,5,5.1875,4.15
22,54,2.590909090909091,6,4.0,2.5714285714285716
27,89,3.0,5,4.722222222222222,3.6956521739130435
19,30,3.5789473684210527,5,5.6,1.6470588235294117
25,78,2.84,5,5.888888888888889,2.9444444444444446
29,105,3.413793103448276,6,5.2631578947368425,4.0
23,60,3.4347826086956523,6,4.0,2.8
21,67,2.9523809523809526,5,3.8666666666666667,3.2222222222222223
20,38,2.9,5,3.090909090909091,2.125
15,28,2.2,4,3.2,1.7777777777777777
19,43,3.1052631578947367,6,3.1538461538461537,2.411764705882353
20,30,4.05,6,4.666666666666667,1.5555555555555556
22,53,2.0454545454545454,4,4.444444444444445,2.5
27,110,3.3333333333333335,6,4.722222222222222,3.8636363636363638
23,54,3.0434782608695654,5,3.5714285714285716,2.6315789473684212
17,27,2.0,4,2.8,1.5555555555555556
16,37,2.5,5,2.5384615384615383,2.75
20,30,4.05,6,4.666666666666667,1.5555555555555556
24,51,3.8333333333333335,6,4.7,2.238095238095238
21,33,1.8571428571428572,4,3.25,1.4444444444444444
22,69,2.6363636363636362,5,3.5625,3.0
19,29,3.9473684210526314,6,4.5,1.588235294117647
16,29,2.4375,5,3.2857142857142856,1.9166666666666667
25,81,3.28,6,4.111111111111111,3.5238095238095237
22,47,2.9545454545454546,5,3.5833333333333335,2.388888888888889
17,40,2.2941176470588234,4,3.3636363636363638,2.642857142857143
17,26,3.823529411764706,6,4.0,1.6
25,87,3.0,6,5.25,3.8181818181818183
23,55,2.3043478260869565,5,4.571428571428571,2.1333333333333333
24,75,3.0416666666666665,5,4.733333333333333,3.55
18,27,3.9444444444444446,6,4.166666666666667,1.5625
20,61,4.2,8,3.6875,3.2777777777777777
26,88,2.8846153846153846,5,4.9411764705882355,3.8181818181818183
25,93,3.0,6,4.777777777777778,4.095238095238095
25,87,2.88,5,5.0,3.8095238095238093
23,65,2.739130434782609,5,4.066666666666666,3.210526315789474
23,84,3.3043478260869565,7,4.117647058823529,3.6842105263157894
29,96,3.4482758620689653,6,4.705882352941177,3.2
20,31,2.55,4,4.0,1.5555555555555556
21,75,3.6666666666666665,7,5.142857142857143,4.0
22,56,3.3181818181818183,7,3.272727272727273,2.1176470588235294
25,82,2.68,5,5.2,3.7142857142857144
19,32,1.9473684210526316,4,3.2,1.7777777777777777
20,31,4.05,6,4.833333333333333,1.6111111111111112
25,66,3.84,6,5.166666666666667,2.8181818181818183
25,101,3.44,7,4.1,3.9047619047619047
24,88,3.1666666666666665,7,4.166666666666667,3.75
20,30,4.05,6,4.666666666666667,1.5555555555555556
24,55,3.875,6,4.636363636363637,2.4285714285714284
28,148,4.428571428571429,8,5.863636363636363,5.16
24,66,3.0,5,3.875,3.1
20,58,2.95,6,3.4615384615384617,2.8125
16,34,2.5,5,2.5,2.5
19,29,3.9473684210526314,6,4.5,1.588235294117647
22,50,3.4545454545454546,7,3.8,1.9
30,116,3.966666666666667,7,5.894736842105263,4.3076923076923075
24,88,3.0416666666666665,6,4.1,3.9047619047619047
24,66,3.125,5,4.0,2.3636363636363638
19,29,3.9473684210526314,6,4.5,1.588235294117647
26,103,3.6923076923076925,7,5.5625,3.869565217391304
22,63,2.5454545454545454,5,3.933333333333333,3.2777777777777777
23,51,3.4782608695652173,6,4.666666666666667,2.210526315789474
19,29,3.9473684210526314,6,4.5,1.588235294117647
24,77,2.6666666666666665,5,4.5625,3.4761904761904763
23,57,2.739130434782609,6,4.375,2.3333333333333335
27,94,2.740740740740741,5,5.294117647058823,3.9130434782608696
20,30,4.05,6,4.666666666666667,1.5555555555555556
21,70,3.8095238095238093,7,4.785714285714286,3.7222222222222223
28,104,3.7142857142857144,7,5.555555555555555,4.166666666666667
19,31,1.9473684210526316,4,3.25,1.4444444444444444
17,34,2.823529411764706,6,3.2222222222222223,1.9333333333333333
26,83,3.6538461538461537,6,5.214285714285714,3.3181818181818183
24,78,2.9166666666666665,6,4.4375,3.55
20,30,4.05,6,4.666666666666667,1.5555555555555556
26,124,3.8076923076923075,7,5.85,5.318181818181818
27,85,3.111111111111111,5,6.153846153846154,3.4782608695652173
19,26,1.631578947368421,4,2.75,1.5714285714285714
28,99,3.8214285714285716,7,4.277777777777778,3.2083333333333335
19,29,3.9473684210526314,6,4.5,1.588235294117647
21,53,2.9047619047619047,5,5.25,2.625
30,89,3.1666666666666665,5,6.461538461538462,3.230769230769231
25,100,3.6,7,5.125,3.9047619047619047
22,70,2.6363636363636362,5,3.5,2.9473684210526314
22,53,3.0,5,3.6923076923076925,2.6666666666666665
15,27,2.1333333333333333,4,2.8,1.5555555555555556
17,43,3.176470588235294,6,3.5454545454545454,2.7857142857142856
16,29,2.25,4,3.2,1.6
17,45,2.5294117647058822,5,2.923076923076923,2.7142857142857144
31,114,3.5161290322580645,6,4.5,3.3333333333333335
20,33,3.1,5,4.285714285714286,1.6666666666666667
21,66,4.0476190476190474,7,4.923076923076923,3.3684210526315788
28,96,3.7857142857142856,7,5.235294117647059,3.7083333333333335
22,76,2.909090909090909,5,3.388888888888889,3.210526315789474
24,71,3.7083333333333335,7,4.142857142857143,2.6363636363636362
20,31,4.05,6,4.833333333333333,1.6111111111111112
22,63,3.272727272727273,6,5.125,2.411764705882353
25,86,3.84,7,4.5,3.6818181818181817
26,81,3.3461538461538463,6,4.75,3.4545454545454546
21,68,2.9047619047619047,6,3.4,3.0
19,29,4.052631578947368,6,4.5,1.588235294117647
25,122,4.0,8,5.7,5.428571428571429
22,70,4.136363636363637,8,4.1875,3.526315789473684
23,101,3.608695652173913,7,5.0,4.5
29,148,4.068965517241379,8,6.2727272727272725,5.52
24,90,3.0,6,5.0,4.0476190476190474
25,65,3.6,6,5.0,2.857142857142857
24,97,3.625,7,4.823529411764706,4.1
23,60,3.130434782608696,5,4.230769230769231,2.8947368421052633
16,29,2.25,4,3.4,1.7
17,39,2.8823529411764706,6,3.5,2.3333333333333335
30,119,4.1,7,5.647058823529412,3.6923076923076925
24,115,3.9583333333333335,8,5.3,5.0476190476190474
24,115,4.0,8,5.421052631578948,4.904761904761905
28,116,3.142857142857143,6,5.55,4.625
24,91,4.25,8,4.733333333333333,3.227272727272727
26,89,3.269230769230769,6,5.1875,3.772727272727273
19,39,2.5789473684210527,4,4.0,1.8461538461538463
27,91,3.2962962962962963,6,5.117647058823529,3.782608695652174
21,64,3.9047619047619047,7,4.230769230769231,2.8947368421052633
27,97,3.4444444444444446,6,5.166666666666667,4.043478260869565
21,36,3.0476190476190474,5,4.714285714285714,1.736842105263158
18,58,4.0,8,3.6666666666666665,3.4375
21,38,2.4761904761904763,4,4.2,1.5
22,73,2.6818181818181817,5,3.9375,3.3157894736842106
19,31,3.9473684210526314,6,4.666666666666667,1.6470588235294117
25,104,3.24,6,5.2631578947368425,4.761904761904762
27,103,3.2222222222222223,6,5.555555555555555,4.166666666666667
27,134,3.7037037037037037,6,5.842105263157895,4.826086956521739
22,58,3.5454545454545454,6,4.153846153846154,2.8421052631578947
20,45,2.9,5,3.4166666666666665,2.411764705882353
24,81,2.7083333333333335,5,5.357142857142857,3.75
19,31,3.9473684210526314,6,4.833333333333333,1.7058823529411764
24,62,3.875,6,4.833333333333333,2.761904761904762
23,68,2.8260869565217392,6,3.9285714285714284,2.75
26,80,3.0384615384615383,5,5.769230769230769,3.409090909090909
27,105,3.259259259259259,6,5.764705882352941,4.260869565217392
20,59,2.55,5,3.235294117647059,3.4375
20,30,4.05,6,4.666666666666667,1.5555555555555556
22,70,2.5454545454545454,4,4.785714285714286,3.526315789473684
29,105,3.413793103448276,6,5.882352941176471,4.0
19,29,3.9473684210526314,6,4.5,1.588235294117647
24,70,2.5833333333333335,5,5.75,2.875
27,93,3.3703703703703702,6,5.235294117647059,3.869565217391304
19,37,2.3157894736842106,4,3.8,1.5833333333333333
22,70,2.6363636363636362,5,3.5294117647058822,3.1578947368421053
20,30,4.05,6,4.666666666666667,1.5555555555555556
25,81,3.56,6,5.357142857142857,3.5714285714285716
27,90,3.259259259259259,5,5.375,3.739130434782609
23,79,3.1739130434782608,6,4.733333333333333,3.55
21,47,3.4285714285714284,6,4.3,2.5294117647058822
18,21,1.3333333333333333,2,4.5,1.5
21,24,1.2857142857142858,2,4.5,1.5
20,67,3.55,6,4.846153846153846,3.7058823529411766
23,48,1.6521739130434783,3,4.142857142857143,2.230769230769231
22,69,2.5,5,3.8461538461538463,3.125
21,70,4.142857142857143,8,4.0,3.5789473684210527
21,37,1.4285714285714286,3,4.25,2.4285714285714284
18,43,2.5555555555555554,5,6.0,2.769230769230769
21,75,4.0476190476190474,8,4.176470588235294,3.736842105263158
23,36,1.826086956521739,4,4.75,1.9
19,31,2.1052631578947367,3,6.0,1.6
26,68,3.6153846153846154,6,4.066666666666666,2.652173913043478
21,31,4.142857142857143,6,4.833333333333333,1.5263157894736843
27,102,3.5925925925925926,7,5.411764705882353,3.8333333333333335
24,65,2.9583333333333335,5,4.6923076923076925,3.05
16,21,1.5625,3,4.0,1.5
20,51,3.2,6,3.6363636363636362,2.2222222222222223
20,58,2.4,4,3.6,3.176470588235294
20,30,4.05,6,4.666666666666667,1.5555555555555556
15,19,1.5333333333333334,3,3.5,1.1666666666666667
23,65,3.6956521739130435,6,4.066666666666666,3.05
25,92,3.24,7,4.470588235294118,3.619047619047619
22,74,3.3636363636363638,7,3.5555555555555554,3.5555555555555554
19,29,3.9473684210526314,6,4.5,1.588235294117647
22,52,2.5454545454545454,6,4.285714285714286,2.142857142857143
27,102,3.3703703703703702,6,5.157894736842105,4.260869565217392
21,69,3.0,5,4.0,3.3333333333333335
18,27,2.0,3,4.75,1.4615384615384615
20,58,3.9,7,4.583333333333333,3.0555555555555554
21,34,4.142857142857143,6,4.833333333333333,1.5263157894736843
21,70,2.857142857142857,5,4.714285714285714,3.6666666666666665
22,55,2.5454545454545454,6,4.125,2.357142857142857
26,86,3.3076923076923075,6,4.823529411764706,3.727272727272727
19,28,1.631578947368421,4,2.75,1.5714285714285714
16,28,2.5625,5,3.2857142857142856,1.6428571428571428
20,31,4.05,6,4.833333333333333,1.6111111111111112
24,47,1.4166666666666667,2,7.666666666666667,2.3
27,94,3.3703703703703702,5,5.625,3.9130434782608696
25,94,3.84,6,5.411764705882353,4.0
22,50,3.0,5,3.5384615384615383,2.5555555555555554
16,25,1.75,4,2.75,1.5714285714285714
16,36,2.5,5,2.4615384615384617,2.6666666666666665
29,116,4.172413793103448,8,5.444444444444445,3.92
19,29,3.9473684210526314,6,4.5,1.588235294117647
24,73,2.375,4,6.125,3.2666666666666666
29,105,3.4482758620689653,6,5.555555555555555,4.0
25,75,2.76,5,3.5,2.6666666666666665
19,29,3.9473684210526314,6,4.5,1.588235294117647
24,45,3.0833333333333335,5,3.4285714285714284,1.263157894736842
28,90,3.107142857142857,5,5.666666666666667,3.5416666666666665
21,64,2.857142857142857,6,4.0,3.3333333333333335
24,70,3.125,5,4.153846153846154,2.4545454545454546
26,69,3.3846153846153846,6,4.333333333333333,2.9545454545454546
16,26,1.875,4,3.0,1.5
17,36,2.764705882352941,5,3.0,2.0
20,30,4.05,6,4.666666666666667,1.5555555555555556
24,47,3.25,5,3.25,1.3
26,73,3.769230769230769,7,4.533333333333333,3.090909090909091
21,65,2.857142857142857,6,4.066666666666666,3.388888888888889
29,130,3.8620689655172415,7,5.809523809523809,4.88
20,66,3.45,7,3.7857142857142856,3.3125
21,57,3.4285714285714284,6,4.076923076923077,2.9444444444444446
20,63,3.3,7,3.3125,3.3125
19,30,2.526315789473684,4,3.5714285714285716,1.4705882352941178
25,77,3.8,7,4.357142857142857,2.772727272727273
22,33,4.2272727272727275,6,5.166666666666667,1.55
30,88,3.2,5,5.533333333333333,3.1923076923076925
24,101,4.166666666666667,8,5.764705882352941,4.666666666666667
26,83,2.923076923076923,5,5.2,3.5454545454545454
23,80,3.1739130434782608,6,4.266666666666667,3.3684210526315788
20,30,4.05,6,4.666666666666667,1.5555555555555556
26,120,3.8076923076923075,7,5.947368421052632,5.136363636363637
24,64,3.8333333333333335,6,4.615384615384615,2.857142857142857
22,60,2.909090909090909,5,3.357142857142857,2.35
19,28,4.052631578947368,6,4.333333333333333,1.5294117647058822
26,131,3.8076923076923075,7,6.15,5.590909090909091
27,89,3.1481481481481484,5,5.928571428571429,3.608695652173913
19,28,4.052631578947368,6,4.333333333333333,1.5294117647058822
24,55,3.3333333333333335,6,3.4,1.7
28,94,3.3214285714285716,6,5.866666666666666,3.6666666666666665
24,75,2.9583333333333335,6,4.533333333333333,3.238095238095238
24,83,3.0416666666666665,6,4.176470588235294,3.55
16,34,2.5,5,2.4166666666666665,2.4166666666666665
26,75,3.8076923076923075,7,4.846153846153846,2.8636363636363638
17,22,1.2941176470588236,2,4.0,1.6
21,26,1.2380952380952381,2,3.5,1.4
20,48,3.2,6,4.3,2.6875
23,103,3.869565217391304,8,5.0,4.25
25,109,4.04,8,5.15,4.681818181818182
23,89,3.391304347826087,6,5.615384615384615,4.055555555555555
20,57,3.5,7,4.25,3.0
26,110,3.5,6,6.071428571428571,4.0476190476190474
24,98,3.1666666666666665,7,4.933333333333334,4.111111111111111
25,119,4.16,8,5.5,5.0
26,38,1.5,4,4.0,1.2
26,92,3.0,6,4.944444444444445,3.869565217391304
19,34,3.8947368421052633,6,5.333333333333333,1.8823529411764706
15,26,2.1333333333333333,3,3.75,1.5
22,64,3.727272727272727,7,4.6923076923076925,3.210526315789474
24,117,3.6666666666666665,7,5.611111111111111,5.05
22,64,2.727272727272727,5,4.0,3.3333333333333335
23,78,2.782608695652174,5,4.8,3.789473684210526
20,32,4.05,6,5.0,1.6666666666666667
24,79,2.9583333333333335,6,5.7,3.3529411764705883
28,102,3.392857142857143,6,5.388888888888889,4.041666666666667
24,95,3.5,7,4.875,3.9
20,32,4.05,6,5.0,1.6666666666666667
23,79,2.782608695652174,5,5.066666666666666,3.8
22,51,2.5454545454545454,6,4.125,2.357142857142857
28,100,2.8214285714285716,5,5.052631578947368,4.0
23,74,2.652173913043478,5,4.375,3.6842105263157894
28,92,3.8214285714285716,7,4.5,3.375
21,33,3.0476190476190474,5,4.428571428571429,1.631578947368421
22,55,4.136363636363637,7,4.416666666666667,2.65
24,36,1.75,4,3.25,1.4444444444444444
23,81,2.8260869565217392,6,3.7777777777777777,3.4
19,30,3.9473684210526314,6,4.666666666666667,1.6470588235294117
24,74,2.75,5,6.25,2.9411764705882355
29,114,3.413793103448276,6,5.45,4.36
23,77,3.3043478260869565,6,3.5294117647058822,3.1578947368421053
19,29,3.9473684210526314,6,4.5,1.588235294117647
20,63,2.7,5,4.615384615384615,3.5294117647058822
22,55,2.590909090909091,6,3.888888888888889,2.5
27,80,3.074074074074074,5,4.055555555555555,3.1739130434782608
20,31,3.65,5,5.8,1.6111111111111112
27,107,3.6296296296296298,7,5.8125,3.875
23,63,3.5217391304347827,6,3.933333333333333,2.95
22,44,2.8636363636363638,5,4.0,2.2222222222222223
17,30,1.8823529411764706,4,2.8,1.75
18,45,2.388888888888889,4,3.5,2.8
18,41,2.6666666666666665,5,3.0833333333333335,2.642857142857143
16,31,2.3125,4,3.0,1.6363636363636365
21,53,3.380952380952381,6,3.769230769230769,2.7222222222222223
17,29,2.0588235294117645,4,2.8,1.5555555555555556
16,31,3.5625,6,2.75,1.5714285714285714
18,38,2.6666666666666665,5,2.8333333333333335,2.4285714285714284
19,29,3.9473684210526314,6,4.5,1.588235294117647
16,20,1.625,3,3.0,1.2857142857142858
29,96,3.896551724137931,6,6.066666666666666,3.64
20,60,3.1,5,3.7857142857142856,3.1176470588235294
21,69,3.0,5,4.066666666666666,3.388888888888889
20,38,2.85,5,2.8333333333333335,2.125
15,33,2.533333333333333,5,2.5,2.5
19,49,2.5789473684210527,5,4.3,2.8666666666666667
19,29,3.9473684210526314,6,4.5,1.588235294117647
22,47,2.3181818181818183,5,4.166666666666667,1.9230769230769231
29,106,3.413793103448276,6,5.368421052631579,4.08
22,68,2.727272727272727,5,3.8666666666666667,3.2222222222222223
19,29,3.9473684210526314,6,4.5,1.588235294117647
22,57,2.227272727272727,4,4.666666666666667,2.625
27,82,3.074074074074074,5,5.923076923076923,3.347826086956522
22,63,2.590909090909091,5,2.933333333333333,2.3157894736842106
20,47,2.85,5,3.5833333333333335,2.6875
19,31,3.0526315789473686,5,4.142857142857143,1.7058823529411764
21,69,3.6666666666666665,7,4.4,3.6666666666666665
29,102,3.3448275862068964,6,5.705882352941177,3.88
19,28,3.9473684210526314,6,4.333333333333333,1.5294117647058822
20,54,2.65,5,5.125,2.9285714285714284
24,61,3.8333333333333335,6,4.75,2.7142857142857144
24,68,2.9583333333333335,5,4.0,3.2
16,26,1.8125,4,2.75,1.375
26,107,3.9615384615384617,7,4.9,4.260869565217392
25,90,3.48,6,5.125,3.9047619047619047
19,62,3.1578947368421053,7,3.466666666666667,3.466666666666667
20,30,4.05,6,4.666666666666667,1.5555555555555556
25,122,3.68,7,5.823529411764706,4.714285714285714
23,66,3.739130434782609,6,4.133333333333334,3.1
23,61,2.9130434782608696,6,4.666666666666667,2.8
21,66,3.4285714285714284,6,4.357142857142857,3.588235294117647
24,88,3.75,7,4.705882352941177,4.0
16,43,2.625,5,2.8333333333333335,2.8333333333333335
19,29,3.9473684210526314,6,4.5,1.588235294117647
22,57,2.0454545454545454,5,3.727272727272727,2.9285714285714284
30,87,3.3333333333333335,5,8.2,3.1538461538461537
21,62,2.7142857142857144,5,3.8666666666666667,3.2222222222222223
21,52,2.9047619047619047,5,3.25,2.0526315789473686
19,29,3.9473684210526314,6,4.5,1.588235294117647
22,51,1.9545454545454546,4,3.888888888888889,2.5
25,73,3.12,6,3.8333333333333335,3.2857142857142856
20,30,4.05,6,4.666666666666667,1.5555555555555556
26,130,3.8076923076923075,7,5.857142857142857,5.590909090909091
26,81,3.076923076923077,6,5.428571428571429,3.4545454545454546
22,61,3.5,6,4.071428571428571,3.0
18,27,3.9444444444444446,6,4.166666666666667,1.5625
24,59,3.875,6,5.0,2.619047619047619
20,29,1.45,3,3.3333333333333335,1.6666666666666667
23,70,2.6956521739130435,5,3.5,2.8
19,29,3.9473684210526314,6,4.5,1.588235294117647
25,119,3.76,7,5.333333333333333,4.571428571428571
23,67,3.782608695652174,6,4.2,3.15
19,30,1.9473684210526316,4,3.25,1.4444444444444444
21,59,2.6666666666666665,5,3.5714285714285716,2.7777777777777777
28,96,3.5714285714285716,6,4.166666666666667,3.125
20,35,3.1,5,4.285714285714286,1.6666666666666667
21,74,3.6666666666666665,7,4.733333333333333,3.9444444444444446
28,98,3.357142857142857,6,5.411764705882353,3.8333333333333335
20,31,4.05,6,4.666666666666667,1.5555555555555556
23,65,4.260869565217392,8,4.153846153846154,2.5714285714285716
28,98,4.178571428571429,7,5.222222222222222,3.76
24,87,3.0,6,4.368421052631579,3.9523809523809526
16,22,1.5625,3,3.0,1.2857142857142858
24,70,3.4166666666666665,6,4.0,2.5454545454545454
19,29,4.052631578947368,6,4.5,1.588235294117647
23,83,2.782608695652174,5,5.266666666666667,3.95
22,58,2.8181818181818183,6,3.6,2.4
27,94,2.740740740740741,5,5.235294117647059,3.869565217391304
18,28,3.9444444444444446,6,4.333333333333333,1.625
24,53,3.3333333333333335,6,3.0,1.65
28,115,3.75,7,6.111111111111111,4.583333333333333
17,29,1.8823529411764706,4,2.857142857142857,1.8181818181818181
21,61,3.4285714285714284,6,3.6153846153846154,2.473684210526316
18,49,2.5555555555555554,5,2.933333333333333,3.142857142857143
20,31,3.95,6,4.833333333333333,1.6111111111111112
28,107,3.5,6,6.0,4.25
20,33,2.2,4,3.4,1.5454545454545454
20,32,3.95,6,5.0,1.6666666666666667
26,147,3.8461538461538463,7,6.318181818181818,6.318181818181818
27,113,3.2222222222222223,6,5.45,4.541666666666667
26,82,3.076923076923077,5,5.428571428571429,3.4545454545454546
23,99,3.652173913043478,7,4.9411764705882355,4.421052631578948
21,76,3.4761904761904763,6,4.533333333333333,3.7777777777777777
21,65,2.619047619047619,5,3.8666666666666667,3.411764705882353
31,117,4.064516129032258,7,5.166666666666667,3.4444444444444446
27,120,3.740740740740741,7,5.45,4.739130434782608
20,46,3.15,6,3.7,2.3125
21,45,3.4761904761904763,6,3.909090909090909,2.263157894736842
20,29,1.45,2,7.0,1.5555555555555556
19,37,2.6842105263157894,5,4.285714285714286,2.3076923076923075
28,103,3.392857142857143,6,5.444444444444445,4.083333333333333
23,95,3.4347826086956523,6,5.0625,4.2631578947368425
21,37,3.238095238095238,5,4.0,1.6470588235294117
26,105,3.6923076923076925,7,5.647058823529412,4.173913043478261
25,76,2.72,5,4.0,3.4285714285714284
25,75,3.56,6,4.5,3.0
19,30,3.9473684210526314,6,4.666666666666667,1.6470588235294117
23,77,3.0,6,4.625,3.7
21,53,2.6666666666666665,6,4.111111111111111,2.642857142857143
24,66,3.5833333333333335,6,4.133333333333334,2.9523809523809526
23,80,2.8260869565217392,5,4.470588235294118,3.8
20,31,3.65,5,5.8,1.6111111111111112
25,77,3.52,6,5.75,3.1363636363636362
22,34,4.2272727272727275,6,5.333333333333333,1.6
27,111,3.5925925925925926,7,5.8125,3.875
23,65,3.652173913043478,7,4.066666666666666,3.05
21,50,2.8095238095238093,5,3.5384615384615383,2.7058823529411766
21,33,4.142857142857143,6,5.166666666666667,1.631578947368421
26,111,3.730769230769231,7,5.777777777777778,4.7272727272727275
32,146,3.96875,7,5.833333333333333,5.0
25,102,3.48,7,4.611111111111111,3.9523809523809526
20,57,2.5,5,3.7857142857142856,3.3125
23,78,3.0434782608695654,6,3.9411764705882355,3.526315789473684
20,47,2.8,5,3.5833333333333335,2.6875
20,31,4.05,6,4.833333333333333,1.6111111111111112
21,67,3.761904761904762,7,4.571428571428571,3.5555555555555554
27,74,3.1481481481481484,6,4.666666666666667,3.0434782608695654
24,76,2.7916666666666665,5,4.8,3.6
24,61,3.5833333333333335,6,4.461538461538462,2.761904761904762
19,29,3.9473684210526314,6,4.5,1.588235294117647
25,94,3.48,6,5.714285714285714,3.6363636363636362
25,71,3.12,5,4.466666666666667,3.1904761904761907
18,32,2.0,4,3.0,1.6666666666666667
16,36,2.5,5,2.6666666666666665,2.6666666666666665
19,29,3.9473684210526314,6,4.5,1.588235294117647
27,92,3.4444444444444446,6,7.25,3.782608695652174
25,76,3.92,7,4.235294117647059,3.4285714285714284
21,67,2.857142857142857,6,4.0,3.5555555555555554
23,59,3.0869565217391304,5,3.5384615384615383,2.1904761904761907
28,88,3.392857142857143,6,5.0,2.9166666666666665
21,32,2.5238095238095237,4,4.285714285714286,1.5789473684210527
26,61,3.4615384615384617,6,3.5714285714285716,2.272727272727273
22,34,4.2272727272727275,6,5.333333333333333,1.6
22,54,4.090909090909091,8,4.2,2.1
29,118,3.8620689655172415,7,6.0,4.56
24,71,2.5833333333333335,5,2.9375,2.611111111111111
23,79,3.0869565217391304,6,3.9375,3.3157894736842106
20,30,4.05,6,4.666666666666667,1.5555555555555556
22,56,2.227272727272727,4,4.888888888888889,2.75
26,78,2.923076923076923,5,4.933333333333334,3.3636363636363638
19,29,3.9473684210526314,6,4.5,1.588235294117647
25,93,3.48,6,5.857142857142857,3.727272727272727
23,63,3.608695652173913,6,3.933333333333333,2.95
25,85,3.24,6,4.1875,3.1904761904761907
24,85,3.2083333333333335,6,4.3125,3.45
21,46,3.0,5,3.5,2.4705882352941178
16,35,2.5,5,2.5833333333333335,2.5833333333333335
20,52,2.7,5,3.0714285714285716,2.5294117647058822
19,29,3.9473684210526314,6,4.5,1.588235294117647
21,71,2.5714285714285716,5,4.466666666666667,3.7222222222222223
29,98,3.413793103448276,6,6.2,3.72
19,29,3.9473684210526314,6,4.5,1.588235294117647
24,56,3.8333333333333335,6,4.333333333333333,2.4761904761904763
19,29,3.9473684210526314,6,4.5,1.588235294117647
22,53,4.090909090909091,8,3.4166666666666665,2.05
29,103,3.3448275862068964,6,6.6,3.96
23,70,3.8260869565217392,7,4.714285714285714,3.3
23,72,2.652173913043478,5,3.2941176470588234,3.111111111111111
17,46,2.4705882352941178,4,3.3076923076923075,3.0714285714285716
21,54,2.9047619047619047,5,3.8181818181818183,2.210526315789474
20,48,2.85,5,3.3846153846153846,2.75
19,29,3.9473684210526314,6,4.5,1.588235294117647
23,57,3.5652173913043477,7,4.888888888888889,2.0952380952380953
29,122,3.793103448275862,7,6.555555555555555,4.72
22,55,2.727272727272727,5,2.8333333333333335,1.8888888888888888
25,82,3.0,5,4.529411764705882,3.6666666666666665
18,44,2.8333333333333335,5,3.888888888888889,2.1875
30,110,3.7,7,5.4375,3.3461538461538463
20,32,2.55,4,4.142857142857143,1.6111111111111112
23,68,3.608695652173913,6,4.666666666666667,2.8
23,81,3.4782608695652173,7,3.8125,3.210526315789474
27,85,2.6296296296296298,5,5.0,3.4782608695652173
19,28,4.052631578947368,6,4.333333333333333,1.5294117647058822
20,62,2.75,5,4.461538461538462,3.411764705882353
22,55,2.590909090909091,6,4.125,2.357142857142857
27,124,3.888888888888889,7,5.611111111111111,4.391304347826087
27,89,2.740740740740741,5,4.666666666666667,3.652173913043478
24,70,2.7083333333333335,5,4.333333333333333,3.25
18,27,3.9444444444444446,6,4.166666666666667,1.5625
23,42,1.391304347826087,2,6.333333333333333,2.111111111111111
24,63,3.875,6,4.538461538461538,2.8095238095238093
22,61,2.9545454545454546,5,3.2941176470588234,3.111111111111111
25,92,3.0,6,4.882352941176471,3.9523809523809526
20,30,4.05,6,4.666666666666667,1.5555555555555556
22,68,2.9545454545454546,6,4.5,3.176470588235294
24,58,3.875,6,4.5,2.5714285714285716
24,85,2.7916666666666665,5,4.75,3.8
24,82,2.7916666666666665,5,4.6875,3.75
28,89,4.142857142857143,7,5.428571428571429,3.1666666666666665
20,30,4.05,6,4.666666666666667,1.5555555555555556
22,64,4.181818181818182,8,4.5,2.7
23,64,3.217391304347826,7,4.555555555555555,2.411764705882353
27,91,3.3703703703703702,6,5.0588235294117645,3.739130434782609
17,24,2.176470588235294,5,2.3333333333333335,1.5555555555555556
23,65,3.1739130434782608,6,3.923076923076923,2.4285714285714284
19,29,4.052631578947368,6,4.5,1.588235294117647
22,64,3.0454545454545454,6,5.25,2.625
26,93,3.8846153846153846,7,4.888888888888889,3.8260869565217392
23,81,2.869565217391304,6,4.111111111111111,3.8947368421052633
24,71,3.4166666666666665,6,4.071428571428571,2.590909090909091
20,31,3.95,6,4.833333333333333,1.6111111111111112
28,81,3.857142857142857,6,6.333333333333333,3.1666666666666665
28,118,3.2142857142857144,6,5.142857142857143,4.5
19,29,4.052631578947368,6,4.5,1.588235294117647
25,119,3.92,8,5.052631578947368,4.571428571428571
24,83,3.0,5,5.5,3.85
18,31,2.1666666666666665,4,3.2,1.6
19,43,2.9473684210526314,6,3.3333333333333335,2.0
19,32,3.8421052631578947,6,5.0,1.7647058823529411
26,131,4.038461538461538,8,5.55,5.045454545454546
27,87,3.7777777777777777,6,5.4,3.5217391304347827
28,117,4.214285714285714,8,5.428571428571429,4.56
17,35,2.6470588235294117,5,2.5,2.3076923076923075
24,94,3.5416666666666665,7,4.315789473684211,3.727272727272727
18,30,3.9444444444444446,6,4.666666666666667,1.75
21,57,2.8095238095238093,5,5.111111111111111,2.7058823529411766
32,149,4.03125,7,6.590909090909091,5.178571428571429
22,72,2.6363636363636362,5,4.3125,3.6315789473684212
23,81,2.5652173913043477,5,4.277777777777778,4.052631578947368
21,41,3.4285714285714284,5,4.333333333333333,2.0526315789473686
19,31,2.6842105263157894,4,3.8333333333333335,1.5333333333333334
23,59,3.782608695652174,6,4.583333333333333,2.75
21,33,2.0,4,3.5,1.4
20,37,3.6,5,4.142857142857143,1.6111111111111112
22,63,3.3181818181818183,6,4.8,2.823529411764706
26,87,3.6923076923076925,6,4.368421052631579,3.608695652173913
25,92,3.08,6,4.9411764705882355,4.0
22,72,2.6363636363636362,5,4.3125,3.6315789473684212
22,55,2.8636363636363638,5,3.642857142857143,2.8333333333333335
22,70,3.590909090909091,7,4.571428571428571,3.3684210526315788
21,60,4.285714285714286,8,4.333333333333333,2.736842105263158
28,105,3.75,7,5.611111111111111,4.208333333333333
24,89,2.7916666666666665,6,4.421052631578948,4.2
23,79,2.869565217391304,6,4.166666666666667,3.75
23,69,2.6956521739130435,5,4.333333333333333,3.4210526315789473
22,68,2.6363636363636362,5,3.4375,2.8947368421052633
20,30,4.05,6,4.666666666666667,1.5555555555555556
22,56,2.1818181818181817,4,4.666666666666667,2.625
27,85,3.111111111111111,5,6.153846153846154,3.4782608695652173
22,71,2.590909090909091,5,3.3125,2.789473684210526
20,47,2.8,5,3.3076923076923075,2.6875
21,35,2.5238095238095237,4,4.428571428571429,1.631578947368421
18,45,3.9444444444444446,7,3.5833333333333335,2.6875
28,112,3.4285714285714284,6,5.631578947368421,4.458333333333333
29,147,4.241379310344827,8,5.826086956521739,5.36
23,76,2.6956521739130435,5,3.6,2.8421052631578947
22,69,2.6363636363636362,5,3.5,2.9473684210526314
19,29,3.9473684210526314,6,4.5,1.588235294117647
24,92,3.1666666666666665,6,5.666666666666667,4.25
22,60,3.6818181818181817,6,4.3076923076923075,2.9473684210526314
23,60,2.9565217391304346,5,3.7333333333333334,2.9473684210526314
20,30,4.05,6,4.666666666666667,1.5555555555555556
24,88,3.5,7,4.666666666666667,4.2
25,100,3.56,7,5.277777777777778,4.523809523809524
25,99,3.52,7,4.888888888888889,4.190476190476191
21,63,2.9523809523809526,6,3.5384615384615383,2.7058823529411766
19,29,3.9473684210526314,6,4.5,1.588235294117647
22,57,2.8181818181818183,6,3.888888888888889,2.3333333333333335
29,115,3.103448275862069,6,5.7894736842105265,4.4
23,65,3.4347826086956523,6,4.066666666666666,3.05
22,65,2.590909090909091,5,2.823529411764706,2.526315789473684
20,30,4.05,6,4.666666666666667,1.5555555555555556
24,57,3.8333333333333335,6,4.416666666666667,2.5238095238095237
20,31,1.75,4,3.0,1.5
22,64,2.6363636363636362,5,3.0,2.6842105263157894
19,29,3.9473684210526314,6,4.5,1.588235294117647
21,51,2.1904761904761907,4,4.111111111111111,2.466666666666667
30,143,4.166666666666667,8,6.181818181818182,5.230769230769231
21,62,2.7142857142857144,5,3.6875,3.2777777777777777
22,66,2.6818181818181817,5,3.7058823529411766,3.3157894736842106
19,29,3.9473684210526314,6,4.5,1.588235294117647
21,52,3.5238095238095237,7,4.0,2.1052631578947367
28,104,3.0714285714285716,5,5.882352941176471,4.166666666666667
25,87,3.08,6,4.0,3.238095238095238
22,64,2.6363636363636362,5,4.285714285714286,3.3333333333333335
20,30,4.05,6,4.666666666666667,1.5555555555555556
22,55,2.590909090909091,6,4.125,2.357142857142857
29,113,3.103448275862069,6,6.0,4.32
23,66,3.4347826086956523,6,4.428571428571429,3.1
23,68,2.652173913043478,5,3.25,2.6
20,30,4.05,6,4.666666666666667,1.5555555555555556
26,64,3.6923076923076925,6,5.363636363636363,2.6818181818181817
21,31,1.5714285714285714,4,2.75,1.5714285714285714
22,63,2.6363636363636362,5,3.125,2.6315789473684212
19,29,3.9473684210526314,6,4.5,1.588235294117647
22,52,2.5454545454545454,6,4.285714285714286,2.142857142857143
27,97,3.3333333333333335,6,5.75,4.0
24,71,2.75,5,3.3125,2.65
19,30,1.7894736842105263,4,2.6,1.625
25,62,3.32,6,4.166666666666667,2.380952380952381
17,19,1.2941176470588236,2,3.5,1.4
20,23,1.25,2,4.0,1.6
16,35,3.3125,6,3.5555555555555554,2.2857142857142856
22,41,1.6818181818181819,3,3.5714285714285716,2.0833333333333335
19,44,2.263157894736842,4,4.0,2.3333333333333335
18,50,3.1666666666666665,6,3.727272727272727,3.1538461538461537
24,94,3.25,6,4.0,3.8
24,63,2.3333333333333335,4,3.727272727272727,2.5625
21,77,3.6666666666666665,6,5.384615384615385,3.888888888888889
23,56,2.391304347826087,5,3.5,2.1875
25,107,4.2,8,5.666666666666667,4.636363636363637
25,40,1.76,4,4.5,1.8
19,29,2.1052631578947367,3,5.5,1.4666666666666666
22,56,4.136363636363637,7,4.416666666666667,2.65
24,71,3.0833333333333335,6,4.0,3.2
25,75,3.48,6,4.636363636363637,2.4285714285714284
19,28,4.052631578947368,6,4.333333333333333,1.5294117647058822
27,108,3.6296296296296298,7,5.764705882352941,4.083333333333333
23,67,2.9565217391304346,5,4.428571428571429,3.263157894736842
22,74,2.772727272727273,5,4.333333333333333,3.611111111111111
18,50,2.4444444444444446,4,3.2142857142857144,3.0
24,91,3.5416666666666665,7,4.588235294117647,3.9
16,35,2.5,5,2.5,2.5
23,76,2.782608695652174,5,4.533333333333333,3.5789473684210527
23,77,2.782608695652174,5,4.6,3.6315789473684212
20,30,4.05,6,4.666666666666667,1.5555555555555556
24,69,2.2083333333333335,5,4.545454545454546,3.125
27,118,3.740740740740741,6,5.111111111111111,4.0
22,63,3.090909090909091,5,4.461538461538462,3.2222222222222223
21,63,2.6666666666666665,5,3.642857142857143,2.8333333333333335
17,36,2.6470588235294117,5,2.5833333333333335,2.3846153846153846
29,109,4.0344827586206895,7,5.4375,3.48
20,30,4.05,6,4.666666666666667,1.5555555555555556
22,67,3.590909090909091,7,5.0,2.5
27,103,4.185185185185185,7,5.388888888888889,4.041666666666667
24,86,2.9583333333333335,6,4.2105263157894735,4.0
24,72,3.3333333333333335,6,4.461538461538462,2.6363636363636362
19,29,4.052631578947368,6,4.5,1.588235294117647
23,87,2.9130434782608696,5,5.1875,4.15
23,64,2.6956521739130435,6,3.727272727272727,2.5625
25,81,3.88,7,5.066666666666666,3.4545454545454546
20,64,2.85,6,3.625,3.411764705882353
20,31,3.95,6,4.833333333333333,1.6111111111111112
27,73,4.0,6,5.666666666666667,2.8333333333333335
22,73,3.8181818181818183,7,3.4705882352941178,2.95
25,85,3.84,7,4.705882352941177,3.6363636363636362
22,70,3.1363636363636362,6,4.1875,3.526315789473684
18,46,2.611111111111111,5,3.076923076923077,2.857142857142857
17,35,2.3529411764705883,4,3.3333333333333335,1.8181818181818181
26,100,3.6153846153846154,6,5.666666666666667,3.8636363636363638
22,72,2.590909090909091,5,3.8125,3.388888888888889
22,75,4.090909090909091,7,4.0,3.2
24,68,2.7916666666666665,5,4.266666666666667,3.2
19,32,3.9473684210526314,6,5.0,1.7647058823529411
23,77,2.9565217391304346,6,5.0,3.75
28,101,3.392857142857143,6,5.647058823529412,4.0
23,101,3.652173913043478,7,5.0,4.473684210526316
23,76,2.782608695652174,6,4.0,3.6
23,68,3.869565217391304,7,5.090909090909091,2.6666666666666665
20,32,4.05,6,5.0,1.6666666666666667
21,54,4.190476190476191,8,4.0,2.3157894736842106
26,93,4.076923076923077,7,5.235294117647059,3.869565217391304
25,111,3.44,7,4.238095238095238,4.238095238095238
26,90,3.230769230769231,7,4.35,3.782608695652174
21,53,2.8095238095238093,5,3.2666666666666666,2.8823529411764706
22,70,2.6363636363636362,5,3.625,3.0526315789473686
20,32,4.05,6,5.0,1.6666666666666667
26,93,3.423076923076923,6,6.769230769230769,4.0
21,34,2.0,4,3.0,1.5
19,30,3.9473684210526314,6,4.666666666666667,1.6470588235294117
22,55,2.772727272727273,6,4.5,2.4
28,100,3.357142857142857,6,4.8,4.0
25,81,2.84,5,4.5625,3.4761904761904763
20,32,4.05,6,5.0,1.6666666666666667
22,51,3.727272727272727,8,3.8,2.0
27,99,4.148148148148148,7,5.588235294117647,3.9583333333333335
25,69,3.04,5,3.588235294117647,2.9047619047619047
22,52,3.5454545454545454,6,5.111111111111111,2.4210526315789473
22,80,3.6363636363636362,7,4.75,4.0
22,77,3.6818181818181817,7,5.071428571428571,3.736842105263158
21,30,1.5238095238095237,3,6.0,1.8
23,73,4.304347826086956,8,4.375,3.5
30,152,4.433333333333334,8,6.041666666666667,5.576923076923077
23,77,2.6956521739130435,5,4.055555555555555,3.65
24,61,3.1666666666666665,6,3.6923076923076925,2.526315789473684
18,27,3.9444444444444446,6,4.166666666666667,1.5625
26,96,3.6153846153846154,7,4.380952380952381,4.181818181818182
27,109,3.5555555555555554,7,5.777777777777778,4.521739130434782
28,127,4.035714285714286,8,5.454545454545454,5.0
18,26,3.5555555555555554,5,4.8,1.5
26,113,3.5,7,4.888888888888889,4.190476190476191
29,86,3.2758620689655173,5,8.1,3.24
17,25,1.7058823529411764,3,3.25,1.4444444444444444
27,103,3.740740740740741,7,5.333333333333333,4.173913043478261
17,43,2.4705882352941178,5,2.7857142857142856,3.0
20,45,3.5,6,4.333333333333333,2.1666666666666665
18,29,2.4444444444444446,4,3.8,1.4615384615384615
25,82,3.48,7,4.333333333333333,3.7142857142857144
25,97,3.56,7,5.411764705882353,4.380952380952381
27,108,3.6666666666666665,7,4.9,4.260869565217392
18,30,3.8333333333333335,6,4.5,1.6875
20,56,2.65,5,4.181818181818182,3.2857142857142856
24,100,3.25,6,6.0,4.2
29,124,3.7586206896551726,7,5.2727272727272725,4.64
17,24,1.588235294117647,3,3.3333333333333335,1.4285714285714286
24,76,3.0,6,4.294117647058823,3.4761904761904763
19,29,3.9473684210526314,6,4.5,1.588235294117647
25,92,3.44,6,5.785714285714286,3.6818181818181817
21,52,2.8095238095238093,5,3.6923076923076925,2.823529411764706
19,29,3.9473684210526314,6,4.5,1.588235294117647
24,68,2.5833333333333335,5,5.5,2.75
29,107,3.4482758620689653,6,5.666666666666667,4.08
26,93,3.230769230769231,6,4.631578947368421,4.0
16,40,2.4375,4,2.9166666666666665,2.6923076923076925
18,27,3.9444444444444446,6,4.166666666666667,1.5625
25,64,3.68,6,4.538461538461538,2.8095238095238093
22,58,3.227272727272727,6,3.0714285714285716,2.15
26,82,3.1153846153846154,6,3.5,2.8636363636363638
22,57,2.8636363636363638,5,3.533333333333333,2.9444444444444446
23,52,3.391304347826087,6,3.5454545454545454,2.0526315789473686
19,32,2.473684210526316,4,3.625,1.7058823529411764
21,68,3.6666666666666665,7,4.642857142857143,3.611111111111111
23,70,3.9130434782608696,7,4.4,3.3
23,83,3.217391304347826,7,4.2105263157894735,4.0
23,68,2.5217391304347827,5,4.0,3.3684210526315788
20,30,4.05,6,4.666666666666667,1.5555555555555556
21,65,2.857142857142857,5,4.357142857142857,3.388888888888889
22,57,2.6363636363636362,6,3.5,2.3333333333333335
25,74,3.84,7,5.384615384615385,3.1818181818181817
21,69,2.8095238095238093,6,4.0625,3.611111111111111
25,79,3.68,7,4.846153846153846,3.0
20,30,4.05,6,4.666666666666667,1.5555555555555556
26,76,4.038461538461538,7,5.142857142857143,3.130434782608696
20,32,1.75,4,3.0,1.5
22,61,2.590909090909091,5,3.066666666666667,2.5555555555555554
20,30,4.05,6,4.666666666666667,1.5555555555555556
26,99,3.769230769230769,7,6.0,3.9130434782608696
24,73,2.7083333333333335,5,4.857142857142857,3.4
19,30,1.9473684210526316,4,3.0,1.6666666666666667
23,70,2.608695652173913,5,3.625,2.9
20,30,4.05,6,4.666666666666667,1.5555555555555556
23,81,2.391304347826087,4,4.8125,4.052631578947368
22,54,2.590909090909091,6,4.0,2.2857142857142856
26,90,2.6923076923076925,5,4.722222222222222,3.8636363636363638
19,28,4.052631578947368,6,4.333333333333333,1.5294117647058822
22,65,2.727272727272727,5,5.1,3.1875
25,117,3.72,7,5.882352941176471,4.761904761904762
29,133,3.7241379310344827,7,5.681818181818182,5.0
18,26,1.8888888888888888,4,2.4,1.2
24,81,3.125,6,4.875,3.7142857142857144
16,29,2.6875,5,3.0,2.0
15,29,2.1333333333333333,4,3.0,1.6666666666666667
17,37,2.8823529411764706,6,3.090909090909091,2.2666666666666666
20,30,4.05,6,4.666666666666667,1.5555555555555556
27,99,3.5185185185185186,6,7.153846153846154,4.043478260869565
26,129,4.115384615384615,7,5.333333333333333,4.869565217391305
24,111,3.9166666666666665,7,4.75,4.523809523809524
20,30,3.95,6,4.666666666666667,1.5555555555555556
20,73,3.35,6,4.6,4.0588235294117645
22,54,2.590909090909091,6,4.0,2.1333333333333333
27,91,2.814814814814815,5,4.777777777777778,3.739130434782609
18,28,3.9444444444444446,6,4.333333333333333,1.625
28,108,3.607142857142857,6,7.285714285714286,4.25
21,67,2.857142857142857,6,4.2,3.5
24,75,4.125,7,4.461538461538462,2.6363636363636362
20,55,2.75,5,3.5714285714285716,3.125
21,69,3.2857142857142856,7,3.6666666666666665,3.235294117647059
26,73,3.4615384615384617,6,4.357142857142857,2.772727272727273
18,23,1.2777777777777777,2,4.0,1.6
22,72,3.272727272727273,6,4.923076923076923,3.764705882352941
26,79,2.576923076923077,5,4.5625,3.3181818181818183
20,36,2.65,5,3.4285714285714284,1.6
25,111,3.88,6,7.0,4.454545454545454
27,97,3.2962962962962963,6,6.0,3.9130434782608696
24,107,3.4583333333333335,6,5.111111111111111,4.6
26,115,3.769230769230769,7,5.421052631578948,4.681818181818182
23,70,3.260869565217391,6,4.0,3.3684210526315788
28,120,4.178571428571429,7,5.444444444444445,4.083333333333333
18,29,3.9444444444444446,6,4.5,1.6875
23,73,3.4347826086956523,6,4.0588235294117645,3.45
24,69,2.6666666666666665,5,3.823529411764706,3.25
24,75,2.875,5,4.4375,3.55
19,30,3.9473684210526314,6,4.666666666666667,1.6470588235294117
18,46,3.0555555555555554,6,3.909090909090909,2.8666666666666667
23,76,3.9565217391304346,7,4.8,3.6
25,90,3.0,6,4.095238095238095,3.909090909090909
26,86,2.730769230769231,5,5.125,3.727272727272727
19,30,3.5789473684210527,5,5.6,1.6470588235294117
24,86,2.7916666666666665,5,5.533333333333333,3.9523809523809526
22,55,2.8181818181818183,6,4.222222222222222,2.533333333333333
29,97,3.1724137931034484,5,5.111111111111111,3.68
19,31,3.9473684210526314,6,4.833333333333333,1.7058823529411764
14,22,2.0714285714285716,3,3.0,1.3333333333333333
32,157,4.0,7,6.333333333333333,5.428571428571429
25,102,3.4,7,4.666666666666667,4.0
24,82,2.6666666666666665,5,5.066666666666666,3.8
21,68,2.619047619047619,5,4.0625,3.611111111111111
22,53,3.4545454545454546,6,3.3846153846153846,2.3157894736842106
20,38,2.95,5,4.428571428571429,1.7222222222222223
19,49,2.8421052631578947,5,5.0,3.0
31,150,4.354838709677419,8,6.545454545454546,5.333333333333333
22,73,2.6363636363636362,5,3.8823529411764706,3.473684210526316
19,31,3.9473684210526314,6,4.666666666666667,1.6470588235294117
19,52,3.210526315789474,6,3.769230769230769,3.0625
26,95,4.115384615384615,7,5.352941176470588,3.9565217391304346
25,90,2.96,6,4.25,3.8636363636363638
26,86,2.730769230769231,5,5.4,3.6818181818181817
24,71,3.4583333333333335,6,4.461538461538462,2.9
19,29,3.9473684210526314,6,4.5,1.588235294117647
23,73,2.739130434782609,5,4.666666666666667,3.5
22,54,2.8181818181818183,6,4.0,2.4
28,90,3.142857142857143,5,5.375,3.5833333333333335
20,32,4.05,6,5.0,1.6666666666666667
20,53,2.65,5,4.375,2.5
27,118,3.5555555555555554,6,5.75,4.0
26,76,2.8461538461538463,5,4.8,3.272727272727273
21,66,2.5714285714285716,5,4.2,3.5
21,67,2.619047619047619,5,4.266666666666667,3.5555555555555554
24,60,3.125,5,4.0,2.8
17,38,2.588235294117647,5,2.8333333333333335,2.6153846153846154
21,58,2.6666666666666665,5,4.636363636363637,3.0
21,66,2.619047619047619,5,4.133333333333334,3.4444444444444446
19,29,3.9473684210526314,6,4.5,1.588235294117647
19,53,3.1578947368421053,6,4.166666666666667,3.125
29,114,4.068965517241379,7,6.055555555555555,4.36
24,88,2.9583333333333335,6,4.2631578947368425,3.857142857142857
24,74,2.7083333333333335,5,4.3125,3.45
20,30,4.05,6,4.666666666666667,1.5555555555555556
27,98,3.4444444444444446,6,5.529411764705882,4.086956521739131
20,33,1.9,4,2.8,1.5555555555555556
19,29,3.9473684210526314,6,4.5,1.588235294117647
20,60,3.75,7,4.071428571428571,3.3529411764705883
22,52,2.3181818181818183,5,5.0,2.3076923076923075
27,120,3.7037037037037037,7,4.894736842105263,4.2272727272727275
26,80,3.230769230769231,5,5.066666666666666,3.4545454545454546
21,67,2.619047619047619,5,4.916666666666667,3.4705882352941178
18,45,2.388888888888889,4,3.4166666666666665,2.7333333333333334
17,43,2.4705882352941178,5,2.923076923076923,2.923076923076923
18,34,2.3333333333333335,4,3.8,1.7272727272727273
22,65,2.5,5,4.071428571428571,3.0
23,65,3.869565217391304,7,4.0,3.1578947368421053
19,53,2.9473684210526314,5,3.8333333333333335,2.875
17,24,2.411764705882353,4,3.6666666666666665,1.4666666666666666
19,56,3.210526315789474,6,4.416666666666667,3.3125
24,75,3.6666666666666665,7,4.375,3.3333333333333335
18,52,2.7777777777777777,5,3.0,3.0
21,61,2.7142857142857144,5,3.7333333333333334,3.2941176470588234
20,30,4.05,6,4.666666666666667,1.5555555555555556
27,97,3.4444444444444446,6,7.076923076923077,4.0
27,122,4.185185185185185,7,4.95,4.125
20,30,4.05,6,4.666666666666667,1.5555555555555556
19,50,3.1578947368421053,6,3.9166666666666665,2.9375
25,89,3.76,7,4.764705882352941,3.6818181818181817
23,78,2.869565217391304,6,3.9444444444444446,3.55
20,56,2.65,5,3.642857142857143,3.1875
19,29,4.052631578947368,6,4.5,1.588235294117647
20,55,3.45,7,3.6153846153846154,2.764705882352941
27,119,4.037037037037037,7,5.25,4.375
25,90,2.88,5,4.1875,3.1904761904761907
23,79,3.4347826086956523,7,3.8823529411764706,3.473684210526316
30,118,4.066666666666666,7,5.764705882352941,3.769230769230769
20,30,4.05,6,4.666666666666667,1.5555555555555556
24,86,3.375,5,6.083333333333333,3.4761904761904763
22,60,2.9545454545454546,5,3.7333333333333334,3.111111111111111
20,30,4.05,6,4.666666666666667,1.5555555555555556
25,118,3.8,7,5.5,5.238095238095238
31,150,3.903225806451613,7,5.916666666666667,5.2592592592592595
23,80,4.086956521739131,8,4.411764705882353,3.75
21,55,2.5714285714285716,5,3.3333333333333335,2.9411764705882355
23,75,3.391304347826087,6,4.538461538461538,3.1052631578947367
24,104,3.9583333333333335,8,4.6,4.380952380952381
25,52,1.76,3,4.5,1.8
25,66,3.64,6,4.6923076923076925,2.9047619047619047
24,68,3.2916666666666665,6,4.5,3.15
16,25,1.625,4,2.25,1.5
16,38,2.5,5,2.6153846153846154,2.6153846153846154
21,55,2.857142857142857,5,3.5714285714285716,2.9411764705882355
19,29,3.9473684210526314,6,4.5,1.588235294117647
22,68,4.136363636363637,8,4.333333333333333,3.4210526315789473
25,95,3.8,7,5.0588235294117645,3.909090909090909
18,54,2.7777777777777777,5,3.2,3.2
18,46,2.611111111111111,5,3.1538461538461537,2.9285714285714284
29,97,3.6551724137931036,7,4.5625,2.92
19,32,3.0526315789473686,5,4.0,1.6470588235294117
20,60,3.25,6,4.083333333333333,3.0625
27,99,3.6296296296296298,7,5.055555555555555,3.9565217391304346
23,74,3.260869565217391,7,3.4375,2.8947368421052633
20,31,4.05,6,4.666666666666667,1.5555555555555556
25,59,2.36,5,4.25,2.0
25,72,3.88,6,5.5,3.0
24,77,3.0416666666666665,5,4.5,3.6
17,29,2.0588235294117645,4,3.0,1.3333333333333333
18,49,2.5555555555555554,5,2.8666666666666667,3.0714285714285716
21,55,3.0,5,3.5714285714285716,2.9411764705882355
17,39,2.588235294117647,5,2.5384615384615383,2.5384615384615383
20,58,2.7,5,3.769230769230769,3.0625
20,31,4.05,6,4.833333333333333,1.6111111111111112
25,63,3.88,6,5.181818181818182,2.590909090909091
26,114,3.3076923076923075,6,4.65,4.2272727272727275
26,83,2.730769230769231,5,4.75,3.4545454545454546
21,34,3.9523809523809526,6,5.333333333333333,1.6842105263157894
25,60,3.88,6,5.0,2.5
26,120,3.5384615384615383,7,5.05,4.590909090909091
25,87,2.96,6,4.111111111111111,3.5238095238095237
20,33,3.95,6,5.166666666666667,1.7222222222222223
22,77,3.909090909090909,8,4.933333333333334,3.8947368421052633
25,78,3.84,6,5.538461538461538,3.272727272727273
27,120,3.740740740740741,7,5.45,4.739130434782608
18,30,3.9444444444444446,6,4.666666666666667,1.75
23,62,3.608695652173913,7,4.333333333333333,2.736842105263158
28,96,3.4285714285714284,6,6.066666666666666,3.7916666666666665
24,110,3.5416666666666665,7,5.166666666666667,4.65
26,96,3.3076923076923075,6,5.235294117647059,4.045454545454546
24,72,2.7916666666666665,5,4.0,3.4
23,61,3.5652173913043477,6,4.3076923076923075,2.8
20,32,4.05,6,5.0,1.6666666666666667
23,78,3.0,6,4.6875,3.75
22,61,3.3181818181818183,7,4.4,2.588235294117647
27,108,3.5555555555555554,7,5.722222222222222,4.478260869565218
30,129,3.8333333333333335,7,5.304347826086956,4.6923076923076925
19,30,3.5789473684210527,5,5.6,1.6470588235294117
25,104,3.6,7,5.333333333333333,4.571428571428571
22,55,2.590909090909091,6,3.7,2.642857142857143
28,106,3.357142857142857,6,5.315789473684211,4.208333333333333
30,126,3.9,7,5.666666666666667,4.576923076923077
21,65,2.6666666666666665,5,3.357142857142857,2.764705882352941
23,72,2.608695652173913,5,3.75,3.0
23,68,2.652173913043478,5,4.066666666666666,3.210526315789474
19,56,2.6842105263157894,5,4.076923076923077,3.3125
20,30,4.05,6,4.666666666666667,1.5555555555555556
22,53,2.5454545454545454,6,4.25,2.4285714285714284
26,96,3.9615384615384617,7,4.7368421052631575,3.9130434782608696
23,83,3.8260869565217392,7,4.2631578947368425,3.857142857142857
19,47,2.6315789473684212,5,3.3076923076923075,2.8666666666666667
20,32,4.05,6,5.0,1.6666666666666667
22,52,2.5454545454545454,6,4.125,2.357142857142857
28,110,3.142857142857143,6,5.3,4.416666666666667
22,64,3.6818181818181817,7,4.0,3.1578947368421053
23,80,3.217391304347826,6,3.9375,3.3157894736842106
22,66,2.6363636363636362,5,3.3125,2.789473684210526
19,29,3.9473684210526314,6,4.5,1.588235294117647
28,101,3.607142857142857,6,5.705882352941177,4.041666666666667
21,34,1.9047619047619047,4,2.8,1.4
19,29,3.9473684210526314,6,4.5,1.588235294117647
22,51,2.5454545454545454,6,4.0,2.2857142857142856
25,97,3.48,7,5.0,4.285714285714286
22,56,2.8636363636363638,5,3.142857142857143,2.2
19,33,2.9473684210526314,5,4.142857142857143,1.7058823529411764
27,114,3.5185185185185186,7,5.647058823529412,4.0
25,78,3.04,5,4.352941176470588,3.5238095238095237
21,72,3.5238095238095237,7,3.8,3.3529411764705883
20,46,2.8,5,3.5,2.625
19,29,3.9473684210526314,6,4.5,1.588235294117647
24,54,3.8333333333333335,6,5.0,2.380952380952381
19,29,3.9473684210526314,6,4.5,1.588235294117647
19,49,2.6315789473684212,5,4.5,2.769230769230769
26,119,3.576923076923077,7,6.176470588235294,4.7727272727272725
23,61,3.6956521739130435,6,4.071428571428571,2.85
17,21,1.411764705882353,2,7.0,1.0
16,36,2.5,5,2.6666666666666665,2.6666666666666665
29,101,4.0344827586206895,7,5.666666666666667,3.4
19,29,3.9473684210526314,6,4.5,1.588235294117647
22,56,2.8181818181818183,6,4.111111111111111,2.466666666666667
27,98,3.4074074074074074,6,5.166666666666667,4.043478260869565
22,54,2.8636363636363638,5,3.0,2.1
19,29,3.9473684210526314,6,4.5,1.588235294117647
26,118,3.769230769230769,7,6.111111111111111,5.0
21,57,2.9523809523809526,7,3.272727272727273,2.4
26,84,2.730769230769231,5,5.333333333333333,3.6363636363636362
18,27,3.9444444444444446,6,4.166666666666667,1.5625
23,62,4.217391304347826,8,3.769230769230769,2.3333333333333335
26,83,4.038461538461538,7,4.9375,3.4347826086956523
24,86,3.0,6,4.529411764705882,3.85
20,30,4.05,6,4.666666666666667,1.5555555555555556
21,51,2.0,4,4.375,2.5
25,74,2.84,5,5.0,3.3333333333333335
21,72,3.5714285714285716,6,4.266666666666667,3.5555555555555554
23,72,2.9565217391304346,5,4.466666666666667,3.526315789473684
18,32,2.888888888888889,5,3.111111111111111,2.0
19,53,2.8947368421052633,6,3.0714285714285716,2.8666666666666667
16,34,2.5,5,2.3076923076923075,2.5
19,51,2.5789473684210527,5,3.0,2.625
30,124,3.933333333333333,7,5.35,4.115384615384615
19,29,3.9473684210526314,6,4.5,1.588235294117647
22,56,2.8181818181818183,6,3.7777777777777777,2.2666666666666666
27,93,3.3333333333333335,7,5.176470588235294,3.8260869565217392
22,59,2.8636363636363638,5,3.2,2.4
19,29,3.9473684210526314,6,4.5,1.588235294117647
22,57,2.772727272727273,6,4.375,2.3333333333333335
28,96,3.0714285714285716,5,6.066666666666666,3.7916666666666665
19,28,4.052631578947368,6,4.333333333333333,1.5294117647058822
25,93,3.48,7,4.666666666666667,3.5
26,83,2.923076923076923,5,4.875,3.5454545454545454
26,129,3.9615384615384617,7,5.136363636363637,4.913043478260869
21,66,2.5238095238095237,5,4.066666666666666,3.588235294117647
20,30,4.05,6,4.666666666666667,1.5555555555555556
22,55,2.5454545454545454,6,4.714285714285714,2.357142857142857
28,97,3.0357142857142856,5,5.75,3.8333333333333335
25,89,3.2,6,4.375,3.3333333333333335
20,35,3.1,5,5.0,1.6666666666666667
22,62,4.181818181818182,8,3.642857142857143,2.55
28,107,3.7857142857142856,7,5.666666666666667,4.25
22,73,2.590909090909091,5,3.5,3.5
24,68,3.5833333333333335,7,3.6,2.4545454545454546
19,29,4.052631578947368,6,4.5,1.588235294117647
21,72,2.7142857142857144,5,4.857142857142857,3.7777777777777777
22,57,2.6363636363636362,6,3.888888888888889,2.3333333333333335
28,97,3.0714285714285716,5,5.75,3.8333333333333335
19,28,4.052631578947368,6,4.333333333333333,1.5294117647058822
22,58,2.8181818181818183,6,4.5,2.4
27,110,3.7037037037037037,7,5.2,4.521739130434782
23,76,2.9565217391304346,6,3.5625,3.0
25,92,2.92,6,4.555555555555555,3.9047619047619047
21,60,2.7142857142857144,5,3.6,3.176470588235294
19,28,4.052631578947368,6,4.333333333333333,1.5294117647058822
26,125,4.115384615384615,8,5.85,5.318181818181818
23,78,4.086956521739131,8,4.6875,3.75
24,74,2.9583333333333335,5,5.230769230769231,3.4
18,30,1.8333333333333333,4,2.6,1.625
19,28,4.052631578947368,6,4.333333333333333,1.5294117647058822
23,68,3.6956521739130435,7,4.5,2.3684210526315788
29,108,3.310344827586207,6,6.0,4.08
24,95,3.4583333333333335,6,4.529411764705882,3.85
29,99,3.9310344827586206,7,4.8125,3.08
21,33,3.9523809523809526,6,5.166666666666667,1.631578947368421
22,70,3.909090909090909,8,3.923076923076923,2.6842105263157894
27,98,3.4074074074074074,6,6.571428571428571,4.0
22,65,3.3181818181818183,6,3.533333333333333,2.65
20,33,3.95,6,5.166666666666667,1.7222222222222223
22,67,3.8181818181818183,7,5.111111111111111,2.4210526315789473
29,113,3.1379310344827585,5,5.944444444444445,4.28
20,34,3.95,6,5.166666666666667,1.7222222222222223
23,85,3.0,6,5.583333333333333,3.7222222222222223
28,103,3.857142857142857,7,6.466666666666667,4.041666666666667
23,69,3.608695652173913,6,4.571428571428571,3.2
24,96,3.5,6,5.125,3.727272727272727
29,132,3.793103448275862,7,5.545454545454546,4.88
24,54,3.0833333333333335,5,3.5714285714285716,2.5
25,67,2.92,5,4.333333333333333,2.8260869565217392
21,60,3.5238095238095237,6,4.0,3.111111111111111
21,66,2.380952380952381,5,4.133333333333334,3.6470588235294117
19,50,2.6315789473684212,5,3.2857142857142856,3.066666666666667
22,84,3.5,7,4.625,4.111111111111111
19,45,2.9473684210526314,5,3.1538461538461537,2.5625
20,32,4.05,6,5.0,1.6666666666666667
23,52,3.8260869565217392,6,4.0,2.4
21,32,2.0,4,3.0,1.5
23,79,2.8260869565217392,6,3.7777777777777777,3.4
19,30,3.9473684210526314,6,4.666666666666667,1.6470588235294117
22,50,3.8181818181818183,8,4.1,2.1578947368421053
30,113,3.1333333333333333,5,6.352941176470588,4.153846153846154
25,110,3.44,7,4.380952380952381,4.380952380952381
24,88,3.1666666666666665,7,4.277777777777778,3.85
22,50,3.4545454545454546,6,4.6,2.5555555555555554
18,23,1.3333333333333333,2,5.5,1.8333333333333333
21,75,3.7142857142857144,7,5.142857142857143,4.0
28,100,2.892857142857143,5,5.588235294117647,3.9583333333333335
21,34,2.2857142857142856,4,3.4,1.4166666666666667
23,79,2.739130434782609,5,4.0588235294117645,3.45
20,34,2.65,5,3.4285714285714284,1.6
24,92,3.2083333333333335,7,4.857142857142857,3.7777777777777777
28,96,3.25,6,5.111111111111111,3.8333333333333335
25,99,3.44,7,4.5,3.857142857142857
20,37,3.6,5,4.285714285714286,1.6666666666666667
24,88,3.4583333333333335,7,4.421052631578948,4.2
26,101,3.576923076923077,7,5.333333333333333,4.363636363636363
25,106,3.56,7,5.105263157894737,4.619047619047619
22,58,2.727272727272727,5,3.230769230769231,2.3333333333333335
20,31,4.05,6,4.833333333333333,1.6111111111111112
25,48,1.4,2,7.666666666666667,2.3
23,62,3.782608695652174,6,4.142857142857143,2.9
30,140,3.966666666666667,8,6.045454545454546,5.115384615384615
17,23,1.4705882352941178,2,5.0,1.25
19,49,2.8421052631578947,5,3.6,2.1176470588235294
21,61,2.5238095238095237,5,3.8,3.1666666666666665
19,43,2.789473684210526,5,3.25,2.6
21,66,2.9047619047619047,6,3.857142857142857,3.176470588235294
19,29,3.9473684210526314,6,4.5,1.588235294117647
21,53,2.0476190476190474,4,4.111111111111111,2.642857142857143
25,73,3.08,6,3.6315789473684212,3.2857142857142856
19,29,3.9473684210526314,6,4.5,1.588235294117647
24,85,3.5,7,4.5,4.05
24,98,3.5,7,5.294117647058823,4.5
26,110,3.576923076923077,7,5.2631578947368425,4.545454545454546
20,58,2.8,5,3.5,2.625
19,29,3.9473684210526314,6,4.5,1.588235294117647
26,120,3.8076923076923075,7,5.5,5.0
26,80,3.1153846153846154,5,4.75,3.4545454545454546
25,86,3.24,6,4.466666666666667,3.1904761904761907
25,104,3.8,6,5.666666666666667,4.434782608695652
20,53,3.4,6,3.769230769230769,2.8823529411764706
16,29,2.25,4,3.2,1.6
16,36,2.5,5,2.75,2.5384615384615383
20,30,4.05,6,4.666666666666667,1.5555555555555556
22,50,2.3181818181818183,5,4.666666666666667,2.1538461538461537
27,92,3.074074074074074,6,4.833333333333333,3.782608695652174
24,76,3.0833333333333335,6,3.8666666666666667,2.9
22,62,2.727272727272727,5,3.8,3.1666666666666665
26,62,3.6923076923076925,6,4.25,2.3181818181818183
20,34,2.55,4,3.75,1.6666666666666667
21,68,3.6666666666666665,6,5.416666666666667,3.611111111111111
24,67,2.9583333333333335,5,3.9375,3.15
20,30,4.05,6,4.666666666666667,1.5555555555555556
23,61,2.3043478260869565,4,5.0,2.8125
25,83,3.0,5,5.571428571428571,3.7142857142857144
21,51,2.8095238095238093,5,3.6153846153846154,2.764705882352941
19,28,4.052631578947368,6,4.333333333333333,1.5294117647058822
26,119,3.8076923076923075,7,6.166666666666667,5.045454545454546
23,60,2.652173913043478,6,3.7,2.3125
23,65,3.5652173913043477,6,4.357142857142857,3.05
23,76,2.782608695652174,5,3.933333333333333,3.1052631578947367
21,65,3.0476190476190474,6,3.235294117647059,3.235294117647059
19,28,4.052631578947368,6,4.333333333333333,1.5294117647058822
24,68,2.3333333333333335,5,5.5,3.142857142857143
28,93,2.8214285714285716,5,4.888888888888889,3.6666666666666665
20,64,2.65,5,4.285714285714286,3.5294117647058822
17,21,1.411764705882353,2,7.0,1.0
20,49,2.85,5,3.0,2.0
20,30,4.05,6,4.666666666666667,1.5555555555555556
21,72,2.7142857142857144,5,4.533333333333333,3.7777777777777777
22,50,2.3181818181818183,6,4.0,2.1538461538461537
27,94,2.8518518518518516,5,5.5625,3.869565217391304
19,28,4.052631578947368,6,4.333333333333333,1.5294117647058822
26,115,3.8076923076923075,7,5.7368421052631575,4.954545454545454
16,21,1.5,3,4.0,1.3333333333333333
31,134,4.032258064516129,7,5.631578947368421,3.962962962962963
24,63,3.1666666666666665,5,4.142857142857143,2.9
27,91,4.0,8,4.4,3.6666666666666665
16,37,2.5,5,2.4615384615384617,2.6666666666666665
15,25,2.1333333333333333,4,3.0,1.6666666666666667
16,37,2.5,5,2.4615384615384617,2.6666666666666665
18,53,3.2777777777777777,6,3.6666666666666665,3.142857142857143
20,30,4.05,6,4.666666666666667,1.5555555555555556
22,67,2.9545454545454546,6,5.0,3.235294117647059
28,106,3.357142857142857,6,5.0,3.3333333333333335
25,73,3.12,6,4.533333333333333,3.238095238095238
24,85,2.8333333333333335,5,4.875,3.9
22,57,2.727272727272727,5,3.7142857142857144,2.888888888888889
18,35,2.5555555555555554,5,3.6666666666666665,1.8333333333333333
16,38,2.5,5,2.8333333333333335,2.6153846153846154
20,60,2.8,5,3.8461538461538463,3.125
18,42,2.7777777777777777,5,2.923076923076923,2.7142857142857144
26,71,3.3846153846153846,6,4.538461538461538,2.6818181818181817
17,22,1.2941176470588236,2,4.0,1.6
21,76,3.6666666666666665,7,4.8,4.0
24,81,4.041666666666667,8,4.538461538461538,2.8095238095238093
24,74,2.75,5,4.25,3.4
18,31,2.8333333333333335,5,3.0,1.6
22,59,4.2272727272727275,8,4.0,2.4
28,94,3.4285714285714284,6,5.5,3.6666666666666665
22,76,3.3181818181818183,7,3.625,3.2222222222222223
25,97,2.92,6,4.833333333333333,4.142857142857143
21,62,2.7142857142857144,5,3.8666666666666667,3.2222222222222223
20,31,4.05,6,4.833333333333333,1.6111111111111112
29,113,3.896551724137931,7,6.75,4.32
27,118,3.111111111111111,6,5.095238095238095,4.6521739130434785
21,35,3.9523809523809526,6,5.5,1.736842105263158
22,86,3.272727272727273,6,5.0625,4.2631578947368425
22,66,3.3636363636363638,7,4.4,2.588235294117647
28,100,3.357142857142857,6,5.277777777777778,3.9583333333333335
22,75,2.9545454545454546,6,4.0625,3.611111111111111
29,114,4.172413793103448,7,4.842105263157895,3.68
18,29,3.9444444444444446,6,4.5,1.6875
22,52,3.590909090909091,6,4.363636363636363,2.526315789473684
22,42,3.0454545454545454,5,4.857142857142857,1.7
19,58,3.6315789473684212,7,3.9285714285714284,3.4375
28,98,3.357142857142857,6,5.529411764705882,3.9166666666666665
24,104,3.2916666666666665,6,5.75,4.6
25,111,3.68,7,5.2105263157894735,4.714285714285714
21,53,3.4761904761904763,6,3.769230769230769,2.7222222222222223
23,63,3.5652173913043477,6,4.416666666666667,2.5238095238095237
19,32,3.5789473684210527,5,5.4,1.588235294117647
18,48,2.7222222222222223,5,5.375,3.0714285714285716
27,98,3.259259259259259,5,5.875,4.086956521739131
25,83,3.0,5,5.2,3.7142857142857144
18,33,2.111111111111111,4,3.2,1.6
22,68,2.6363636363636362,5,3.75,3.1578947368421053
20,53,2.7,5,3.5,3.0625
22,73,2.772727272727273,5,3.9375,3.5
21,65,2.619047619047619,4,4.384615384615385,3.3529411764705883
22,63,3.9545454545454546,7,3.8666666666666667,3.2222222222222223
31,131,4.064516129032258,7,5.95,4.407407407407407
20,30,4.05,6,4.666666666666667,1.5555555555555556
16,20,1.375,2,4.0,1.3333333333333333
26,82,3.0384615384615383,5,5.923076923076923,3.5
19,29,3.9473684210526314,6,4.5,1.588235294117647
24,59,3.8333333333333335,6,4.583333333333333,2.619047619047619
21,33,1.8571428571428572,4,3.25,1.4444444444444444
23,79,2.8260869565217392,6,3.6666666666666665,3.3
19,29,3.9473684210526314,6,4.5,1.588235294117647
28,92,3.3214285714285716,6,5.8,3.625
21,37,2.5714285714285716,4,3.8,1.3571428571428572
22,74,2.6363636363636362,5,4.4375,3.736842105263158
26,113,3.6153846153846154,7,5.764705882352941,4.454545454545454
23,66,2.6956521739130435,5,3.875,3.263157894736842
21,54,3.3333333333333335,6,4.166666666666667,2.7777777777777777
17,43,2.4705882352941178,5,3.076923076923077,2.857142857142857
20,30,4.05,6,4.666666666666667,1.5555555555555556
26,95,3.423076923076923,6,5.928571428571429,3.608695652173913
21,55,2.857142857142857,5,3.4,3.0
19,29,3.9473684210526314,6,4.5,1.588235294117647
22,54,4.090909090909091,8,3.8181818181818183,2.1
29,115,3.7586206896551726,7,5.842105263157895,4.44
27,142,4.37037037037037,8,5.9523809523809526,5.208333333333333
19,53,2.5789473684210527,5,3.5,3.2666666666666666
19,31,2.526315789473684,4,4.0,1.6470588235294117
21,69,3.619047619047619,7,4.714285714285714,3.6666666666666665
29,101,3.3448275862068964,6,6.0,3.84
19,29,3.9473684210526314,6,4.5,1.588235294117647
15,20,1.6,3,3.0,1.5
27,86,3.074074074074074,5,6.230769230769231,3.5217391304347827
22,78,2.9545454545454546,5,4.1875,3.526315789473684
16,36,2.5,5,2.6666666666666665,2.6666666666666665
20,30,4.05,6,4.666666666666667,1.5555555555555556
22,75,2.5454545454545454,5,4.733333333333333,3.736842105263158
28,91,3.2142857142857144,6,5.733333333333333,3.5833333333333335
19,29,3.9473684210526314,6,4.5,1.588235294117647
25,98,3.48,5,6.384615384615385,3.772727272727273
23,70,2.608695652173913,5,4.4,3.473684210526316
20,30,4.05,6,4.666666666666667,1.5555555555555556
24,71,2.5833333333333335,5,5.875,2.9375
29,109,3.4482758620689653,6,5.473684210526316,4.16
25,75,2.96,6,3.5,2.6666666666666665
21,63,2.7142857142857144,5,4.0,3.3333333333333335
22,57,2.9545454545454546,5,3.5,2.1
21,52,2.9047619047619047,5,3.1538461538461537,2.1578947368421053
27,67,3.3703703703703702,6,4.2,2.739130434782609
16,39,2.5,5,2.9166666666666665,2.6923076923076925
23,57,3.0434782608695654,5,3.6666666666666665,2.0952380952380953
22,47,3.409090909090909,6,4.3,2.388888888888889
18,21,1.3333333333333333,2,4.5,1.5
21,25,1.3333333333333333,2,5.0,1.4285714285714286
16,35,3.3125,6,3.4444444444444446,2.3846153846153846
22,61,3.0,5,4.4,2.588235294117647
23,84,3.391304347826087,5,5.833333333333333,3.5
24,84,3.125,7,5.166666666666667,3.4444444444444446
23,55,2.217391304347826,4,3.1818181818181817,2.0588235294117645
19,62,3.1578947368421053,5,4.8,3.2
21,66,3.4285714285714284,6,3.25,2.736842105263158
24,48,1.9583333333333333,4,3.857142857142857,1.9285714285714286
24,99,4.083333333333333,8,5.222222222222222,4.476190476190476
24,39,1.7916666666666667,4,4.5,1.8
18,29,1.9444444444444444,3,5.0,1.5384615384615385
24,89,4.0,7,5.0,4.0476190476190474
25,75,3.52,6,4.333333333333333,2.4761904761904763
19,29,3.9473684210526314,6,4.5,1.588235294117647
22,60,3.0454545454545454,6,4.875,2.4375
25,96,3.48,7,5.294117647058823,4.285714285714286
20,45,3.25,5,4.714285714285714,1.8333333333333333
18,31,2.9444444444444446,5,4.2,1.5
29,86,3.1379310344827585,5,6.230769230769231,3.24
20,36,2.5,4,4.25,1.3076923076923077
21,66,2.6666666666666665,5,4.133333333333334,3.4444444444444446
25,103,3.52,7,5.117647058823529,4.142857142857143
23,68,2.739130434782609,5,4.5,3.3157894736842106
22,61,3.4545454545454546,6,4.071428571428571,3.0
16,38,2.5,5,2.6153846153846154,2.6153846153846154
20,30,4.05,6,4.666666666666667,1.5555555555555556
22,56,2.8181818181818183,6,4.25,2.2666666666666666
28,103,2.75,5,5.444444444444445,4.083333333333333
24,83,3.0833333333333335,6,4.642857142857143,3.25
21,47,3.380952380952381,6,4.111111111111111,1.9473684210526316
18,23,1.3888888888888888,2,5.0,1.4285714285714286
20,58,3.75,7,4.153846153846154,3.176470588235294
24,77,3.625,6,4.4375,3.380952380952381
22,60,2.9545454545454546,5,3.5714285714285716,2.7777777777777777
24,74,3.2916666666666665,6,3.8461538461538463,2.5
19,29,3.9473684210526314,6,4.5,1.588235294117647
24,94,3.0833333333333335,6,5.235294117647059,4.238095238095238
22,61,2.8636363636363638,7,3.3333333333333335,2.6666666666666665
27,85,3.0,5,5.333333333333333,3.4782608695652173
19,36,2.5789473684210527,4,4.2,1.6153846153846154
18,28,3.9444444444444446,6,4.333333333333333,1.625
26,133,3.8076923076923075,7,6.0,5.7272727272727275
23,67,2.9565217391304346,7,3.3846153846153846,2.75
26,86,2.730769230769231,5,5.0,3.6363636363636362
18,28,3.9444444444444446,6,4.333333333333333,1.625
25,106,3.6,6,6.133333333333334,4.181818181818182
27,139,3.7037037037037037,7,6.45,5.608695652173913
24,87,2.7916666666666665,5,4.529411764705882,3.85
20,58,2.75,5,3.533333333333333,3.1176470588235294
19,29,4.052631578947368,6,4.5,1.588235294117647
24,58,3.25,5,3.1666666666666665,1.9
30,110,3.3,6,6.4375,3.9615384615384617
26,82,2.730769230769231,5,4.75,3.4545454545454546
23,75,2.652173913043478,5,3.588235294117647,3.05
23,80,2.782608695652174,5,4.5,3.789473684210526
20,33,3.95,6,5.166666666666667,1.7222222222222223
16,23,1.8125,4,2.75,1.5714285714285714
28,95,3.2142857142857144,5,5.933333333333334,3.7083333333333335
21,74,3.0,5,4.466666666666667,3.7222222222222223
23,49,2.869565217391304,5,4.222222222222222,2.0
21,58,3.5714285714285716,7,3.9285714285714284,3.0555555555555554
28,108,3.4285714285714284,6,6.0588235294117645,4.291666666666667
19,35,3.5789473684210527,5,6.0,1.7647058823529411
21,60,3.0476190476190474,6,5.0,2.7777777777777777
28,90,3.142857142857143,5,5.733333333333333,3.5833333333333335
19,31,3.9473684210526314,6,4.833333333333333,1.7058823529411764
27,92,3.5185185185185186,6,5.5,3.8260869565217392
21,35,2.238095238095238,4,3.0,1.25
16,26,1.9375,4,2.8,1.75
26,110,3.230769230769231,7,5.157894736842105,4.454545454545454
23,47,3.0869565217391304,6,3.3076923076923075,2.263157894736842
17,32,2.3529411764705883,4,4.0,1.8181818181818181
16,37,2.5,5,2.5384615384615383,2.75
22,68,2.5,5,4.285714285714286,3.1578947368421053
20,32,4.05,6,5.0,1.6666666666666667
24,79,3.25,5,6.0,3.3
24,66,2.9583333333333335,5,3.6470588235294117,3.1
20,32,4.05,6,5.0,1.6666666666666667
22,55,3.8181818181818183,8,3.909090909090909,2.263157894736842
27,102,4.222222222222222,7,5.764705882352941,4.083333333333333
26,74,3.230769230769231,6,3.7222222222222223,2.9130434782608696
20,42,3.35,5,4.75,2.111111111111111
18,25,1.4444444444444444,2,6.5,1.625
21,29,1.4285714285714286,2,7.0,1.5555555555555556
18,39,3.5,7,3.6666666666666665,2.2
21,59,3.238095238095238,5,4.6,2.7058823529411766
22,61,2.4545454545454546,6,3.6363636363636362,2.6666666666666665
18,41,2.2777777777777777,4,3.5555555555555554,2.4615384615384617
23,40,1.434782608695652,3,5.0,2.2222222222222223
21,45,1.7619047619047619,4,2.7777777777777777,2.5
21,70,4.0476190476190474,8,4.0,3.5789473684210527
22,48,1.7727272727272727,4,3.0,2.4545454545454546
19,51,3.210526315789474,6,5.5,2.75
23,40,1.826086956521739,4,4.4,2.2
19,31,2.1052631578947367,3,5.75,1.5333333333333334
24,93,4.333333333333333,8,5.294117647058823,4.285714285714286
24,65,3.375,6,4.181818181818182,2.3
20,30,4.05,6,4.666666666666667,1.5555555555555556
28,103,3.857142857142857,7,5.444444444444445,4.083333333333333
27,144,4.481481481481482,8,5.818181818181818,5.333333333333333
19,29,3.9473684210526314,6,4.5,1.588235294117647
24,57,3.8333333333333335,6,4.416666666666667,2.5238095238095237
20,30,4.05,6,4.666666666666667,1.5555555555555556
20,62,4.2,8,4.0,3.3333333333333335
27,92,3.3703703703703702,6,5.176470588235294,3.8260869565217392
23,78,3.217391304347826,6,3.875,3.263157894736842
17,27,1.588235294117647,3,3.0,1.6666666666666667
21,48,3.0476190476190474,5,3.6666666666666665,2.588235294117647
15,30,2.2,4,3.2,1.7777777777777777
28,106,4.0,7,5.625,3.75
21,32,2.238095238095238,4,5.0,1.4705882352941178
21,56,4.0,7,4.153846153846154,2.8421052631578947
20,31,1.75,4,3.0,1.5
23,76,2.739130434782609,5,3.764705882352941,3.2
19,29,3.9473684210526314,6,4.5,1.588235294117647
24,86,3.5,7,4.555555555555555,4.1
22,81,3.227272727272727,7,4.75,4.222222222222222
28,123,3.642857142857143,7,5.428571428571429,4.75
23,67,2.739130434782609,5,3.3333333333333335,2.6315789473684212
19,29,3.9473684210526314,6,4.5,1.588235294117647
24,52,3.8333333333333335,6,4.8,2.2857142857142856
27,123,4.037037037037037,7,4.904761904761905,4.291666666666667
28,155,4.571428571428571,8,6.181818181818182,5.44
23,69,2.739130434782609,5,4.0625,3.4210526315789473
17,21,1.411764705882353,2,7.0,1.0
19,54,2.6315789473684212,5,3.642857142857143,3.1875
22,50,3.1818181818181817,6,3.5384615384615383,2.5555555555555554
19,51,3.1578947368421053,6,3.5384615384615383,3.066666666666667
15,27,2.1333333333333333,4,2.8,1.5555555555555556
19,29,3.9473684210526314,6,4.5,1.588235294117647
23,42,2.869565217391304,5,4.2,1.2352941176470589
28,85,3.107142857142857,5,5.333333333333333,3.3333333333333335
19,52,2.4210526315789473,4,3.5,3.0625
20,30,4.05,6,4.666666666666667,1.5555555555555556
18,23,1.3888888888888888,2,4.0,1.1428571428571428
25,76,3.0,5,6.454545454545454,3.380952380952381
19,28,1.631578947368421,4,2.75,1.5714285714285714
20,55,2.6,5,3.4,3.1875
20,30,4.05,6,4.666666666666667,1.5555555555555556
24,75,2.9166666666666665,6,4.636363636363637,2.8333333333333335
29,99,3.413793103448276,6,5.529411764705882,3.76
23,64,2.782608695652174,5,3.357142857142857,2.473684210526316
20,57,2.75,5,3.533333333333333,3.1176470588235294
20,53,2.85,5,3.1666666666666665,2.111111111111111
29,103,3.793103448275862,7,4.882352941176471,3.32
19,29,3.9473684210526314,6,4.5,1.588235294117647
27,82,4.074074074074074,7,5.2,3.25
28,97,3.8214285714285716,7,5.857142857142857,3.4166666666666665
24,72,2.8333333333333335,6,3.125,2.7777777777777777
22,75,3.0454545454545454,6,3.75,3.3333333333333335
18,27,3.9444444444444446,6,4.166666666666667,1.5625
26,104,3.769230769230769,7,5.75,4.0
23,64,3.347826086956522,6,3.933333333333333,3.1052631578947367
23,68,3.0434782608695654,6,4.0625,3.25
16,36,2.5,5,2.4615384615384617,2.6666666666666665
19,28,4.052631578947368,6,4.333333333333333,1.5294117647058822
25,100,3.48,7,4.75,4.523809523809524
25,102,3.64,7,5.294117647058823,4.285714285714286
26,110,3.6538461538461537,7,5.2631578947368425,4.545454545454546
18,30,3.0,5,4.333333333333333,1.625
21,74,3.6666666666666665,7,4.6,3.8333333333333335
24,68,3.4583333333333335,7,4.5,2.3684210526315788
27,96,2.740740740740741,5,5.055555555555555,3.9565217391304346
18,28,3.9444444444444446,6,4.333333333333333,1.625
17,39,3.176470588235294,6,3.4444444444444446,2.3846153846153846
25,96,3.4,6,4.4,4.190476190476191
19,46,2.473684210526316,5,3.4166666666666665,2.7333333333333334
20,49,2.6,5,3.3846153846153846,2.75
17,35,2.6470588235294117,5,3.5,1.75
17,26,3.823529411764706,6,4.0,1.6
30,104,3.7,6,7.0,3.769230769230769
25,135,4.28,8,5.363636363636363,5.363636363636363
18,27,3.9444444444444446,6,4.166666666666667,1.5625
21,66,3.7142857142857144,7,4.285714285714286,3.3333333333333335
26,76,3.923076923076923,6,4.733333333333333,3.0869565217391304
22,67,4.090909090909091,8,4.266666666666667,3.3684210526315788
25,95,3.24,6,4.611111111111111,3.9523809523809526
19,45,2.6842105263157894,5,3.0,2.6
20,60,2.6,5,3.7142857142857144,3.25
26,79,3.8461538461538463,7,4.846153846153846,2.8636363636363638
18,23,1.2777777777777777,2,4.0,1.6
21,28,1.2380952380952381,2,3.5,1.4
20,52,3.5,7,4.2727272727272725,2.9375
23,105,3.869565217391304,8,5.176470588235294,4.4
24,100,4.041666666666667,8,4.947368421052632,4.476190476190476
23,90,3.391304347826087,6,5.769230769230769,4.166666666666667
20,57,3.35,7,3.923076923076923,3.1875
23,46,3.9130434782608696,6,6.142857142857143,2.15
23,55,3.782608695652174,6,4.0,2.6
28,116,3.607142857142857,7,5.894736842105263,4.666666666666667
23,78,4.0,7,5.076923076923077,3.142857142857143
21,56,3.380952380952381,6,4.0,2.888888888888889
23,72,3.0869565217391304,5,4.266666666666667,3.2
21,62,2.619047619047619,5,3.8666666666666667,3.411764705882353
22,73,2.6363636363636362,5,3.75,3.1578947368421053
20,32,4.05,6,5.0,1.6666666666666667
24,84,2.9166666666666665,6,5.0625,3.857142857142857
29,107,3.413793103448276,6,5.368421052631579,4.08
20,32,4.05,6,5.0,1.6666666666666667
21,69,3.4761904761904763,7,4.4,3.6666666666666665
27,96,3.3333333333333335,6,5.111111111111111,4.0
25,85,3.04,6,4.8125,3.6666666666666665
25,81,2.84,5,4.625,3.5238095238095237
22,47,3.4545454545454546,6,3.909090909090909,2.388888888888889
18,24,1.3888888888888888,2,6.0,1.7142857142857142
22,28,1.2727272727272727,2,5.5,1.8333333333333333
12,24,4.0,6,3.6666666666666665,2.0
21,61,3.380952380952381,6,4.8,2.823529411764706
22,75,3.227272727272727,5,6.2,3.4444444444444446
22,68,2.6818181818181817,6,3.769230769230769,3.0625
22,57,2.409090909090909,4,2.9285714285714284,2.411764705882353
19,58,2.9473684210526314,6,4.7,3.357142857142857
21,70,3.9523809523809526,7,3.8125,3.210526315789474
24,48,1.9166666666666667,4,4.333333333333333,1.8571428571428572
23,87,4.086956521739131,8,5.25,4.2
23,39,2.217391304347826,4,6.0,1.8461538461538463
19,30,2.1052631578947367,3,6.0,1.6
20,55,4.25,8,4.076923076923077,2.9444444444444446
21,53,2.619047619047619,6,4.0,2.2857142857142856
24,69,2.9583333333333335,5,3.4705882352941178,2.95
24,67,3.1666666666666665,5,5.222222222222222,2.473684210526316
20,30,4.05,6,4.666666666666667,1.5555555555555556
27,106,3.111111111111111,6,5.368421052631579,4.25
22,57,2.590909090909091,6,3.5,2.5
30,101,3.6666666666666665,6,6.0,3.6923076923076925
20,38,2.2,4,3.8,1.7272727272727273
19,29,3.9473684210526314,6,4.5,1.588235294117647
26,119,3.730769230769231,8,4.75,4.318181818181818
28,75,2.892857142857143,5,5.384615384615385,2.9166666666666665
22,73,2.6363636363636362,5,4.0588235294117645,3.6315789473684212
29,97,3.7586206896551726,6,5.75,3.68
24,87,2.875,5,4.9375,3.95
19,29,3.9473684210526314,6,4.5,1.588235294117647
22,55,2.590909090909091,6,3.888888888888889,2.5
27,95,3.4814814814814814,7,5.0,3.9130434782608696
22,76,2.9545454545454546,5,4.0625,3.4210526315789473
19,47,2.6315789473684212,5,3.0714285714285716,2.8666666666666667
20,30,4.05,6,4.666666666666667,1.5555555555555556
25,60,3.84,6,5.6,2.5454545454545454
17,22,1.4705882352941178,2,4.5,1.125
24,66,3.75,6,4.428571428571429,2.9523809523809526
20,42,2.9,5,3.8,2.375
16,29,2.0625,4,3.5,1.5555555555555556
23,54,3.608695652173913,6,4.166666666666667,2.6315789473684212
18,26,2.0555555555555554,4,3.5,1.5555555555555556
20,68,3.75,7,4.642857142857143,3.823529411764706
27,82,3.074074074074074,5,5.923076923076923,3.347826086956522
20,58,3.05,5,3.642857142857143,3.0
16,35,2.5,5,2.5833333333333335,2.5833333333333335
29,99,3.5517241379310347,6,4.75,3.04
19,29,3.9473684210526314,6,4.5,1.588235294117647
26,119,3.730769230769231,7,5.842105263157895,5.045454545454546
25,84,3.52,6,5.266666666666667,3.761904761904762
24,80,3.2916666666666665,6,4.5,3.15
21,71,3.0476190476190474,6,4.230769230769231,3.235294117647059
23,60,3.347826086956522,6,3.6666666666666665,2.8947368421052633
19,49,2.8421052631578947,5,3.6,2.1176470588235294
29,112,3.7241379310344827,7,5.0,3.6
19,29,3.9473684210526314,6,4.5,1.588235294117647
25,111,3.6,7,5.5,4.190476190476191
25,76,2.84,5,5.071428571428571,3.380952380952381
20,60,2.6,5,4.0,3.2941176470588234
26,83,3.6538461538461537,6,5.357142857142857,3.409090909090909
24,85,2.9166666666666665,6,4.529411764705882,3.85
20,30,4.05,6,4.666666666666667,1.5555555555555556
24,57,3.8333333333333335,6,4.818181818181818,2.5238095238095237
23,64,3.347826086956522,6,3.466666666666667,2.4761904761904763
26,88,3.576923076923077,6,4.882352941176471,3.772727272727273
21,50,3.0,5,3.5384615384615383,2.7058823529411766
22,52,3.409090909090909,6,4.0,2.4444444444444446
17,21,1.3529411764705883,2,4.5,1.5
23,27,1.3043478260869565,2,4.5,1.2857142857142858
19,47,3.3157894736842106,6,4.0,2.75
19,72,4.2105263157894735,8,4.857142857142857,4.0
24,94,3.375,6,5.642857142857143,3.95
19,71,3.6315789473684212,7,3.9285714285714284,3.235294117647059
22,86,4.454545454545454,8,4.5,4.05
23,75,2.8260869565217392,5,4.5,3.176470588235294
23,40,1.3478260869565217,2,4.25,2.125
23,63,2.391304347826087,5,4.0,2.6666666666666665
22,83,4.2272727272727275,8,4.333333333333333,3.9
24,40,1.7916666666666667,4,4.25,1.7
18,30,2.0555555555555554,3,5.5,1.5714285714285714
20,60,3.75,7,4.5,3.176470588235294
25,83,3.96,7,5.133333333333334,3.5
22,58,2.9545454545454546,5,3.642857142857143,2.8333333333333335
25,85,3.44,6,4.357142857142857,2.9047619047619047
20,30,4.05,6,4.666666666666667,1.5555555555555556
26,73,3.576923076923077,6,5.0,2.8260869565217392
20,29,4.15,6,4.5,1.5
23,66,4.260869565217392,8,4.153846153846154,2.5714285714285716
29,114,3.793103448275862,7,5.7368421052631575,4.36
24,77,2.7916666666666665,5,3.3125,2.65
23,75,3.4347826086956523,7,3.6470588235294117,3.263157894736842
18,27,3.9444444444444446,6,4.166666666666667,1.5625
17,21,1.4705882352941178,3,2.6666666666666665,1.1428571428571428
26,86,3.269230769230769,5,5.0625,3.6818181818181817
29,111,3.896551724137931,7,5.142857142857143,4.153846153846154
17,37,2.6470588235294117,5,2.5833333333333335,2.3846153846153846
18,27,3.9444444444444446,6,4.166666666666667,1.5625
22,81,2.6818181818181817,5,4.6875,4.166666666666667
23,59,2.652173913043478,6,4.0,2.4
27,94,2.814814814814815,5,5.5,3.8260869565217392
22,67,2.6363636363636362,5,3.8125,3.388888888888889
18,28,3.9444444444444446,6,4.333333333333333,1.625
27,76,4.0,6,5.461538461538462,2.9583333333333335
20,32,3.95,6,5.0,1.6666666666666667
22,79,4.0,8,4.75,4.0
30,120,3.966666666666667,7,6.764705882352941,4.423076923076923
26,105,3.0,6,4.75,4.318181818181818
25,92,2.92,6,4.555555555555555,3.9047619047619047
27,68,3.7777777777777777,7,4.0,2.260869565217391
22,39,4.045454545454546,6,6.0,1.8
24,68,3.4583333333333335,6,3.769230769230769,2.45
28,93,3.2857142857142856,6,5.8,3.625
23,46,3.9130434782608696,6,6.142857142857143,2.15
20,54,4.1,8,3.8461538461538463,2.7777777777777777
22,60,3.772727272727273,7,4.181818181818182,2.4210526315789473
30,96,3.1333333333333333,5,5.111111111111111,3.5384615384615383
22,54,3.227272727272727,6,3.1818181818181817,1.9444444444444444
20,32,3.65,5,6.0,1.6666666666666667
14,22,2.0714285714285716,3,3.0,1.3333333333333333
23,56,2.739130434782609,6,4.111111111111111,2.466666666666667
27,87,3.2962962962962963,6,4.611111111111111,3.608695652173913
23,83,3.0434782608695654,6,4.25,3.5789473684210527
22,69,2.6363636363636362,5,3.75,3.1578947368421053
24,88,3.7916666666666665,7,5.2,3.9
21,57,2.6666666666666665,5,3.533333333333333,3.1176470588235294
18,35,2.388888888888889,4,3.6666666666666665,1.8333333333333333
20,32,4.05,6,5.0,1.6666666666666667
23,53,3.8260869565217392,6,4.454545454545454,2.45
24,94,3.7083333333333335,7,3.9473684210526314,3.75
23,74,2.652173913043478,5,3.888888888888889,3.6842105263157894
19,29,3.9473684210526314,6,4.5,1.588235294117647
23,81,2.739130434782609,5,4.8125,4.052631578947368
29,97,3.1724137931034484,5,5.8125,3.72
22,58,2.8636363636363638,5,3.8333333333333335,2.3
22,63,3.590909090909091,6,3.6875,3.1052631578947367
22,74,3.5,7,3.8666666666666667,3.2222222222222223
22,67,2.6363636363636362,5,3.1176470588235294,2.789473684210526
24,56,3.5416666666666665,6,4.7272727272727275,2.6
17,22,1.3529411764705883,2,5.0,1.6666666666666667
20,26,1.35,2,6.0,1.7142857142857142
20,51,3.05,6,4.0,2.823529411764706
22,52,1.8636363636363635,3,3.0833333333333335,2.466666666666667
20,68,3.6,6,4.538461538461538,3.6875
21,78,3.3333333333333335,6,4.5,3.7058823529411766
21,46,1.9047619047619047,4,3.0,2.4545454545454546
22,79,3.4545454545454546,6,4.857142857142857,3.5789473684210527
24,55,2.25,5,3.7777777777777777,2.2666666666666666
23,85,4.173913043478261,8,4.823529411764706,4.1
23,39,1.9565217391304348,4,5.75,2.090909090909091
20,33,2.15,3,6.5,1.625
19,58,3.0526315789473686,5,4.5,3.375
29,137,3.8620689655172415,7,5.608695652173913,5.16
21,66,2.5714285714285716,5,3.875,3.4444444444444446
19,29,3.9473684210526314,6,4.5,1.588235294117647
23,52,3.782608695652174,6,4.8,2.4
19,29,3.9473684210526314,6,4.5,1.588235294117647
22,59,2.590909090909091,6,4.75,2.7142857142857144
28,107,3.857142857142857,7,5.1,4.25
25,89,3.28,6,4.375,3.3333333333333335
24,84,2.6666666666666665,5,5.0,3.75
21,61,3.142857142857143,6,3.3846153846153846,2.3157894736842106
19,29,3.9473684210526314,6,4.5,1.588235294117647
22,51,2.3181818181818183,5,4.833333333333333,2.230769230769231
30,108,3.1666666666666665,5,6.4375,3.9615384615384617
23,70,3.652173913043478,7,4.4,3.3
20,58,3.0,6,3.142857142857143,2.75
21,46,3.0,5,3.5,2.4705882352941178
15,28,2.1333333333333333,4,3.0,1.6666666666666667
17,33,2.8823529411764706,6,2.727272727272727,2.0
19,29,3.9473684210526314,6,4.5,1.588235294117647
22,57,3.590909090909091,7,4.5,2.25
24,54,2.2083333333333335,5,4.285714285714286,2.0
25,80,2.68,5,4.470588235294118,3.619047619047619
19,30,1.9473684210526316,4,2.8,1.5555555555555556
20,30,4.05,6,4.666666666666667,1.5555555555555556
21,53,4.190476190476191,8,3.8181818181818183,2.210526315789474
30,104,3.7333333333333334,7,6.1875,3.8076923076923075
20,66,2.95,5,3.9285714285714284,3.235294117647059
18,43,2.5555555555555554,5,2.7857142857142856,2.7857142857142856
18,30,1.8333333333333333,4,2.6,1.625
19,29,3.9473684210526314,6,4.5,1.588235294117647
24,53,3.8333333333333335,6,4.9,2.3333333333333335
26,83,3.1538461538461537,6,4.0,2.909090909090909
21,60,2.619047619047619,5,4.0,3.2941176470588234
19,29,3.9473684210526314,6,4.5,1.588235294117647
24,72,2.4583333333333335,5,5.333333333333333,3.0
27,102,3.7037037037037037,6,5.066666666666666,3.3043478260869565
26,81,3.0384615384615383,5,5.846153846153846,3.4545454545454546
19,44,2.789473684210526,5,3.272727272727273,2.1176470588235294
21,57,3.4285714285714284,6,4.076923076923077,2.9444444444444446
18,51,2.7777777777777777,5,3.4545454545454546,2.7142857142857144
21,56,2.6666666666666665,5,3.2857142857142856,2.5555555555555554
25,64,3.6,6,4.333333333333333,2.4761904761904763
17,21,1.3529411764705883,2,4.5,1.5
22,25,1.2272727272727273,2,4.0,1.6
17,41,3.411764705882353,6,4.0,2.5714285714285716
23,66,3.130434782608696,5,4.8,2.6666666666666665
23,88,3.4347826086956523,5,6.166666666666667,3.7
24,89,3.25,7,5.153846153846154,3.526315789473684
24,62,2.1666666666666665,4,2.857142857142857,2.3529411764705883
21,73,3.238095238095238,6,4.916666666666667,3.4705882352941178
21,78,4.095238095238095,8,3.3684210526315788,3.3684210526315788
24,52,1.9583333333333333,4,4.142857142857143,2.0714285714285716
24,105,4.083333333333333,8,5.2105263157894735,4.714285714285714
25,40,1.76,4,4.5,1.8
17,28,1.9411764705882353,3,4.75,1.5833333333333333
20,66,3.75,7,4.5,3.7058823529411766
26,85,3.0384615384615383,5,5.266666666666667,3.590909090909091
21,72,3.0,5,4.266666666666667,3.5555555555555554
18,43,2.611111111111111,5,2.923076923076923,2.7142857142857144
26,89,3.769230769230769,7,4.857142857142857,3.090909090909091
20,30,4.05,6,4.666666666666667,1.5555555555555556
19,51,3.1578947368421053,6,3.6923076923076925,3.0
24,79,3.625,6,4.933333333333334,3.5238095238095237
20,58,2.6,5,3.375,3.176470588235294
21,55,2.761904761904762,5,3.3333333333333335,2.9411764705882355
28,103,4.0,7,5.125,3.4166666666666665
20,30,4.05,6,4.666666666666667,1.5555555555555556
22,58,4.181818181818182,8,4.181818181818182,2.3
30,110,3.433333333333333,6,6.5625,4.038461538461538
28,98,3.7142857142857144,6,6.230769230769231,3.375
25,88,3.36,7,4.117647058823529,3.3333333333333335
24,81,3.1666666666666665,7,3.8823529411764706,3.3
18,27,3.9444444444444446,6,4.166666666666667,1.5625
24,93,2.625,5,4.888888888888889,4.4
29,99,3.3448275862068964,6,5.8125,3.72
19,29,4.052631578947368,6,4.5,1.588235294117647
22,77,3.227272727272727,7,4.285714285714286,3.1578947368421053
27,91,3.185185185185185,6,5.666666666666667,3.6956521739130435
22,74,2.6818181818181817,5,3.5625,3.0
25,68,3.6,6,3.9285714285714284,2.619047619047619
18,24,1.2777777777777777,2,3.5,1.4
23,73,4.3478260869565215,8,4.666666666666667,3.3333333333333335
29,102,3.206896551724138,5,6.4,3.84
19,34,2.3684210526315788,4,4.4,1.5714285714285714
25,108,3.68,7,4.857142857142857,4.636363636363637
22,69,3.8181818181818183,7,4.083333333333333,2.5789473684210527
26,131,3.8846153846153846,7,6.052631578947368,5.2272727272727275
26,86,2.730769230769231,5,4.9375,3.590909090909091
22,64,2.6363636363636362,5,3.8666666666666667,3.2222222222222223
23,46,3.9130434782608696,6,6.142857142857143,2.15
22,71,3.590909090909091,6,4.066666666666666,3.05
21,38,4.142857142857143,6,5.666666666666667,1.7894736842105263
23,85,3.652173913043478,6,5.6923076923076925,3.7
31,151,4.032258064516129,7,6.636363636363637,5.407407407407407
25,93,3.08,6,5.0588235294117645,4.095238095238095
22,74,2.6363636363636362,5,4.117647058823529,3.6842105263157894
20,33,2.75,5,5.6,1.6470588235294117
21,63,4.0,7,5.0,3.3333333333333335
21,38,2.2857142857142856,4,3.6,1.3846153846153846
16,25,1.75,4,2.6,1.8571428571428572
22,65,2.727272727272727,5,4.066666666666666,3.388888888888889
19,31,3.5789473684210527,5,5.6,1.6470588235294117
28,100,3.892857142857143,7,5.647058823529412,4.0
21,40,2.4761904761904763,4,3.3333333333333335,1.4285714285714286
19,30,3.9473684210526314,6,4.666666666666667,1.6470588235294117
23,55,3.782608695652174,6,4.25,2.55
19,30,3.9473684210526314,6,4.666666666666667,1.6470588235294117
27,109,3.6296296296296298,7,5.9375,3.9583333333333335
27,90,3.074074074074074,5,5.666666666666667,3.6956521739130435
19,32,1.9473684210526316,4,2.8,1.5555555555555556
19,53,2.5789473684210527,5,3.8461538461538463,3.125
21,52,2.9047619047619047,5,3.4166666666666665,2.1578947368421053
19,30,3.9473684210526314,6,4.666666666666667,1.6470588235294117
27,119,3.5925925925925926,7,5.111111111111111,4.181818181818182
26,80,2.8461538461538463,5,4.75,3.4545454545454546
16,26,1.75,4,2.6,1.8571428571428572
25,82,3.0,5,4.8125,3.6666666666666665
24,89,3.5,6,4.823529411764706,4.1
16,26,1.75,4,2.2,1.5714285714285714
18,44,2.4444444444444446,5,3.1538461538461537,2.7333333333333334
19,29,3.9473684210526314,6,4.5,1.588235294117647
22,59,3.6363636363636362,7,4.7,2.35
23,60,2.739130434782609,6,3.7,2.3125
25,82,3.76,7,4.875,3.5454545454545454
23,81,3.0,6,4.333333333333333,3.9
19,29,3.9473684210526314,6,4.5,1.588235294117647
21,68,2.7142857142857144,5,5.0,3.611111111111111
23,55,2.4782608695652173,6,4.0,2.2857142857142856
27,107,3.4074074074074074,6,5.1,4.434782608695652
27,111,4.111111111111111,8,4.9523809523809526,4.521739130434782
20,30,4.05,6,4.666666666666667,1.5555555555555556
23,59,2.652173913043478,6,3.8,2.533333333333333
28,107,4.178571428571429,7,4.904761904761905,4.12
26,97,3.076923076923077,6,4.888888888888889,4.0
21,67,2.619047619047619,5,4.2,3.5
20,30,4.05,6,4.666666666666667,1.5555555555555556
22,60,2.0454545454545454,4,4.3,3.0714285714285716
25,79,2.88,5,5.357142857142857,3.5714285714285716
24,74,2.7916666666666665,5,4.666666666666667,3.5
19,33,1.9473684210526316,4,3.0,1.6666666666666667
29,94,3.5172413793103448,6,4.222222222222222,3.04
21,36,2.5238095238095237,4,4.125,1.736842105263158
19,49,4.052631578947368,7,3.9166666666666665,2.764705882352941
22,60,3.090909090909091,7,3.8,2.375
28,93,3.3214285714285716,6,5.235294117647059,3.7083333333333335
16,18,1.5,3,3.0,1.2857142857142858
23,64,3.5217391304347827,7,3.7142857142857144,2.4761904761904763
19,28,3.6315789473684212,5,5.2,1.5294117647058822
21,71,2.7142857142857144,5,4.785714285714286,3.7222222222222223
22,56,2.8181818181818183,6,4.25,2.2666666666666666
27,111,3.5925925925925926,7,5.3,4.608695652173913
27,115,3.8518518518518516,7,5.25,4.565217391304348
19,28,4.052631578947368,6,4.333333333333333,1.5294117647058822
24,77,2.7916666666666665,6,5.888888888888889,3.1176470588235294
29,101,3.3793103448275863,6,5.647058823529412,3.84
25,73,2.76,5,3.6,2.5714285714285716
17,23,1.4705882352941178,2,5.0,1.25
21,57,2.6666666666666665,5,3.7857142857142856,3.1176470588235294
19,55,2.6315789473684212,5,3.642857142857143,3.1875
26,77,3.6538461538461537,6,5.142857142857143,3.272727272727273
25,82,2.84,5,4.352941176470588,3.5238095238095237
20,59,2.65,5,4.0,3.2941176470588234
23,51,3.5217391304347827,6,4.2727272727272725,2.473684210526316
18,24,1.7777777777777777,4,2.75,1.375
21,74,3.6666666666666665,7,4.733333333333333,3.9444444444444446
22,61,2.8636363636363638,7,3.0,2.6
27,87,3.4074074074074074,6,4.611111111111111,3.608695652173913
19,57,2.6842105263157894,5,4.0,2.933333333333333
18,35,3.5,5,3.5,1.75
23,43,1.391304347826087,2,6.666666666666667,2.2222222222222223
24,64,3.8333333333333335,6,5.0,2.857142857142857
22,75,2.9545454545454546,5,4.0625,3.4210526315789473
19,35,2.1052631578947367,4,3.4,1.7
26,83,3.6538461538461537,6,5.357142857142857,3.409090909090909
22,66,2.6363636363636362,5,3.5,2.9473684210526314
20,30,4.05,6,4.666666666666667,1.5555555555555556
23,61,4.260869565217392,8,4.454545454545454,2.3333333333333335
28,102,3.7857142857142856,7,5.444444444444445,4.083333333333333
21,66,2.6666666666666665,5,3.5294117647058822,3.3333333333333335
17,23,1.8823529411764706,4,3.0,1.3333333333333333
22,60,3.0454545454545454,5,4.2727272727272725,2.35
19,29,3.9473684210526314,6,4.5,1.588235294117647
21,73,3.761904761904762,7,5.0,3.888888888888889
30,135,3.7333333333333334,7,5.3478260869565215,4.730769230769231
15,20,1.6,3,2.5,1.6666666666666667
22,72,3.1363636363636362,6,4.4,3.6666666666666665
18,55,2.5555555555555554,5,3.4166666666666665,2.9285714285714284
18,49,3.4444444444444446,6,3.75,3.0
19,58,4.105263157894737,8,3.5,3.2941176470588234
30,109,3.8,7,4.722222222222222,3.269230769230769
20,35,3.1,5,4.285714285714286,1.6666666666666667
20,53,3.25,6,4.0,2.75
28,106,3.4285714285714284,6,5.0,4.166666666666667
23,76,3.130434782608696,6,3.7333333333333334,2.9473684210526314
20,37,3.65,5,5.0,1.6666666666666667
27,123,4.0,7,6.411764705882353,4.541666666666667
24,73,3.0416666666666665,5,4.533333333333333,3.4
21,65,2.619047619047619,5,4.0,3.2941176470588234
18,28,2.3333333333333335,5,2.6666666666666665,1.4545454545454546
20,52,2.9,5,3.5454545454545454,2.1666666666666665
21,52,3.0,5,3.6153846153846154,2.764705882352941
17,36,2.6470588235294117,5,2.3846153846153846,2.3846153846153846
23,83,3.869565217391304,7,4.75,3.8
19,51,2.5789473684210527,5,3.8181818181818183,2.8
21,33,3.9523809523809526,6,5.166666666666667,1.631578947368421
25,119,3.76,6,6.3125,4.590909090909091
23,67,3.652173913043478,6,4.428571428571429,3.1
18,29,2.0,4,2.8,1.5555555555555556
20,49,2.9,5,4.0,2.75
24,94,3.75,7,4.777777777777778,4.3
19,53,2.789473684210526,5,3.6153846153846154,3.1333333333333333
20,61,3.05,6,3.4,3.1875
19,52,2.736842105263158,5,3.2142857142857144,2.8125
20,33,3.95,6,5.166666666666667,1.7222222222222223
26,70,3.8846153846153846,6,6.4,2.782608695652174
20,37,2.65,4,4.0,1.4285714285714286
23,83,2.608695652173913,5,3.5555555555555554,3.3684210526315788
16,35,3.0625,5,3.7142857142857144,2.1666666666666665
29,134,3.896551724137931,7,5.7727272727272725,5.08
22,47,3.1818181818181817,6,3.0714285714285716,2.388888888888889
22,69,2.5454545454545454,5,4.0625,3.611111111111111
21,57,4.0476190476190474,7,5.0,2.6315789473684212
22,62,2.8636363636363638,5,3.625,3.2222222222222223
18,44,2.6666666666666665,5,2.857142857142857,2.857142857142857
25,83,3.52,6,4.8125,3.6666666666666665
19,30,3.9473684210526314,6,4.666666666666667,1.6470588235294117
24,57,3.25,5,4.0,1.8
28,92,3.2142857142857144,6,5.8,3.625
20,32,4.05,6,5.0,1.6666666666666667
26,97,3.5384615384615383,6,6.142857142857143,3.739130434782609
26,85,3.0384615384615383,5,5.333333333333333,3.6363636363636362
23,86,3.3043478260869565,6,4.117647058823529,3.6842105263157894
19,50,2.473684210526316,5,3.2857142857142856,3.066666666666667
22,53,3.5454545454545454,6,4.181818181818182,2.4210526315789473
19,29,3.9473684210526314,6,4.5,1.588235294117647
23,77,2.9565217391304346,6,4.5625,3.65
22,59,3.3181818181818183,7,4.1,2.411764705882353
26,98,3.5384615384615383,7,5.470588235294118,4.2272727272727275
29,125,3.9310344827586206,7,5.363636363636363,4.72
20,32,4.05,6,5.0,1.6666666666666667
24,46,1.375,2,7.333333333333333,2.4444444444444446
27,85,3.074074074074074,5,6.153846153846154,3.4782608695652173
25,91,2.84,5,4.882352941176471,3.9523809523809526
20,59,2.6,5,4.0,3.2941176470588234
20,30,4.05,6,4.666666666666667,1.5555555555555556
25,87,2.72,5,5.6,3.8181818181818183
23,62,3.8260869565217392,7,4.833333333333333,2.9
26,111,3.3461538461538463,6,4.894736842105263,4.2272727272727275
24,71,3.0416666666666665,6,4.25,3.238095238095238
20,30,4.05,6,4.666666666666667,1.5555555555555556
23,44,2.869565217391304,5,4.166666666666667,1.4705882352941178
27,89,3.074074074074074,5,5.25,3.652173913043478
20,61,2.65,5,4.142857142857143,3.411764705882353
25,69,3.36,6,3.7857142857142856,2.3043478260869565
24,53,3.0833333333333335,5,3.5,2.45
16,30,2.25,4,3.2,1.6
17,35,2.764705882352941,5,2.909090909090909,2.1333333333333333
20,30,4.05,6,4.666666666666667,1.5555555555555556
24,80,2.6666666666666665,5,5.5,3.6666666666666665
29,103,3.413793103448276,6,6.125,3.92
20,30,4.05,6,4.666666666666667,1.5555555555555556
26,102,3.4615384615384617,6,5.866666666666666,3.8260869565217392
24,76,2.7083333333333335,5,4.235294117647059,3.6
21,46,3.380952380952381,6,3.8,2.235294117647059
18,23,1.3333333333333333,2,5.5,1.8333333333333333
21,25,1.2857142857142858,2,5.0,1.6666666666666667
18,39,3.2777777777777777,6,4.375,2.3333333333333335
22,70,4.181818181818182,8,4.466666666666667,3.526315789473684
20,38,1.75,4,3.5,2.3333333333333335
16,45,4.625,8,3.4166666666666665,2.7333333333333334
21,76,4.333333333333333,8,4.352941176470588,3.8947368421052633
22,74,3.272727272727273,6,4.0,3.3684210526315788
24,86,4.291666666666667,8,4.611111111111111,3.9523809523809526
23,35,1.826086956521739,4,4.5,1.8
19,29,2.1052631578947367,3,5.75,1.5333333333333334
26,66,3.576923076923077,6,4.461538461538462,2.5217391304347827
18,27,3.9444444444444446,6,4.166666666666667,1.5625
25,46,1.4,2,7.0,2.1
27,85,3.074074074074074,5,6.153846153846154,3.4782608695652173
19,29,3.9473684210526314,6,4.5,1.588235294117647
23,62,4.260869565217392,8,4.166666666666667,2.380952380952381
30,100,3.9,7,6.333333333333333,3.6538461538461537
25,79,3.2,7,3.588235294117647,3.05
23,79,2.9565217391304346,6,3.9411764705882355,3.526315789473684
20,30,4.05,6,4.666666666666667,1.5555555555555556
24,66,2.2083333333333335,4,4.363636363636363,2.823529411764706
25,76,2.84,5,5.142857142857143,3.4285714285714284
25,94,3.04,6,4.315789473684211,3.9047619047619047
20,41,2.9,5,3.7,2.3125
16,36,2.5,5,2.4615384615384617,2.6666666666666665
27,81,3.7777777777777777,6,3.761904761904762,3.16
16,36,2.5,5,2.4615384615384617,2.6666666666666665
19,29,4.157894736842105,6,4.5,1.588235294117647
25,90,3.48,7,4.777777777777778,4.095238095238095
22,82,3.227272727272727,7,4.625,4.111111111111111
25,104,3.52,7,5.222222222222222,4.476190476190476
19,52,3.0,6,3.1666666666666665,2.533333333333333
19,29,3.9473684210526314,6,4.5,1.588235294117647
22,52,2.5454545454545454,6,4.285714285714286,2.142857142857143
27,104,3.3703703703703702,6,4.714285714285714,4.304347826086956
16,23,1.8125,4,2.5,1.5
22,55,3.0,5,3.4166666666666665,2.05
18,33,2.2222222222222223,4,3.4,1.5454545454545454
19,43,2.789473684210526,5,3.1666666666666665,2.533333333333333
19,49,2.5789473684210527,5,3.8181818181818183,2.8
19,49,2.5789473684210527,5,3.8181818181818183,2.8
23,63,3.391304347826087,6,3.75,2.25
19,29,3.9473684210526314,6,4.5,1.588235294117647
26,66,3.0384615384615383,5,5.545454545454546,2.772727272727273
21,32,1.8571428571428572,4,3.25,1.4444444444444444
22,65,2.6818181818181817,5,3.1333333333333333,2.473684210526316
19,34,3.0526315789473686,5,3.857142857142857,1.588235294117647
24,58,2.0,4,5.0,2.1875
28,104,3.5714285714285716,6,5.823529411764706,4.125
22,72,2.6818181818181817,5,3.411764705882353,3.0526315789473686
19,31,4.052631578947368,6,4.333333333333333,1.5294117647058822
28,104,3.5,6,5.823529411764706,4.125
24,89,3.0,6,4.315789473684211,3.9047619047619047
19,29,3.9473684210526314,6,4.5,1.588235294117647
20,62,3.3,6,4.461538461538462,3.411764705882353
28,107,3.5,6,5.611111111111111,4.208333333333333
19,28,4.052631578947368,6,4.333333333333333,1.5294117647058822
26,112,3.730769230769231,7,6.125,4.260869565217392
24,78,3.0416666666666665,5,4.5625,3.65
18,28,1.6666666666666667,4,2.5,1.4285714285714286
19,43,2.8421052631578947,5,3.8,2.533333333333333
19,50,2.5789473684210527,5,4.1,2.7333333333333334
16,37,2.5,5,2.5384615384615383,2.5384615384615383
16,36,2.5,5,2.3846153846153846,2.5833333333333335
19,62,3.210526315789474,6,4.0,3.466666666666667
20,31,3.85,6,4.833333333333333,1.6111111111111112
27,98,3.5555555555555554,6,6.571428571428571,4.0
16,23,1.625,3,2.75,1.5714285714285714
18,31,2.1666666666666665,5,2.5714285714285716,1.8
21,60,3.4285714285714284,6,4.230769230769231,3.0555555555555554
19,52,2.5789473684210527,5,3.6666666666666665,2.933333333333333
20,46,2.9,5,3.727272727272727,2.5625
19,51,2.9473684210526314,6,3.2142857142857144,3.0
15,27,2.1333333333333333,4,2.6666666666666665,1.7777777777777777
20,33,3.95,6,5.166666666666667,1.7222222222222223
24,89,3.2083333333333335,6,5.25,4.0
28,91,3.25,6,5.666666666666667,3.5416666666666665
20,33,3.95,6,5.166666666666667,1.7222222222222223
22,87,3.409090909090909,6,5.466666666666667,4.315789473684211
22,54,2.590909090909091,6,4.571428571428571,2.2857142857142856
26,92,3.0,6,4.944444444444445,3.869565217391304
24,75,4.125,7,5.0,2.9545454545454546
24,67,2.9583333333333335,5,3.9375,3.15
21,39,3.0476190476190474,5,4.125,1.736842105263158
23,73,3.5217391304347827,7,4.571428571428571,3.0476190476190474
27,87,3.074074074074074,5,6.3076923076923075,3.5652173913043477
22,72,2.6363636363636362,5,4.25,3.5789473684210527
25,94,3.08,6,5.5,4.190476190476191
24,67,3.5,6,4.214285714285714,2.95
19,31,3.9473684210526314,6,4.833333333333333,1.7058823529411764
25,98,3.24,6,5.529411764705882,4.476190476190476
21,56,3.8095238095238093,7,4.25,2.6842105263157894
22,62,3.6818181818181817,7,4.461538461538462,3.0526315789473686
22,55,2.8636363636363638,5,3.642857142857143,2.8333333333333335
22,68,2.590909090909091,5,3.764705882352941,3.5555555555555554
22,68,2.6363636363636362,5,3.375,2.8421052631578947
20,31,4.05,6,4.833333333333333,1.6111111111111112
29,103,3.9310344827586206,7,5.823529411764706,3.96
20,32,1.9,4,3.25,1.4444444444444444
19,29,3.9473684210526314,6,4.5,1.588235294117647
22,72,2.8181818181818183,5,4.6,3.6315789473684212
22,55,2.590909090909091,6,4.0,2.5714285714285716
29,94,3.103448275862069,5,4.5,3.6
20,31,4.05,6,4.833333333333333,1.6111111111111112
22,60,2.3636363636363638,4,4.181818181818182,2.5555555555555554
23,63,3.739130434782609,6,4.214285714285714,2.95
16,22,1.5,3,3.0,1.2857142857142858
25,83,3.36,7,4.2105263157894735,3.6363636363636362
20,30,4.05,6,4.666666666666667,1.5555555555555556
24,54,3.8333333333333335,6,5.0,2.380952380952381
21,32,1.7142857142857142,4,3.0,1.5
22,70,2.6818181818181817,5,3.3529411764705883,3.0
19,29,3.9473684210526314,6,4.5,1.588235294117647
25,101,3.76,7,5.333333333333333,4.571428571428571
22,53,2.5454545454545454,6,4.125,2.357142857142857
27,95,3.2222222222222223,6,5.625,3.9130434782608696
26,96,3.8461538461538463,7,4.684210526315789,4.045454545454546
23,76,2.869565217391304,6,3.6875,3.1052631578947367
20,54,2.55,5,3.4615384615384617,2.6470588235294117
16,37,2.5,5,2.75,2.75
18,54,2.7777777777777777,5,3.5833333333333335,3.0714285714285716
23,79,3.5217391304347827,7,4.8,3.6
27,125,3.5185185185185186,7,6.157894736842105,5.086956521739131
24,68,3.0416666666666665,6,3.6153846153846154,2.611111111111111
26,93,3.269230769230769,6,5.176470588235294,4.0
20,62,2.65,5,4.214285714285714,3.4705882352941178
20,61,2.65,5,4.142857142857143,3.411764705882353
23,66,2.782608695652174,5,4.133333333333334,3.263157894736842
19,37,2.3684210526315788,4,4.2,1.75
23,60,3.347826086956522,6,3.8333333333333335,2.3
18,31,2.9444444444444446,5,3.857142857142857,1.6875
23,47,2.9130434782608696,5,2.888888888888889,1.5294117647058822
28,92,2.8214285714285716,5,5.5,3.6666666666666665
22,60,3.6818181818181817,6,4.0,2.9473684210526314
23,84,3.3043478260869565,6,4.466666666666667,3.526315789473684
22,76,3.409090909090909,7,4.928571428571429,3.8333333333333335
27,139,4.074074074074074,8,5.95,5.173913043478261
25,71,3.0,5,4.785714285714286,3.1904761904761907
17,27,1.8235294117647058,4,2.8333333333333335,1.7
17,25,1.7058823529411764,4,2.8,1.5555555555555556
25,72,2.84,5,4.857142857142857,3.238095238095238
22,67,2.6363636363636362,5,3.4375,2.8947368421052633
20,30,4.05,6,4.666666666666667,1.5555555555555556
22,59,2.409090909090909,4,5.111111111111111,2.7058823529411766
26,85,3.1923076923076925,6,5.714285714285714,3.6363636363636362
28,164,4.428571428571429,8,6.3478260869565215,5.84
26,84,3.0384615384615383,5,4.647058823529412,3.590909090909091
19,56,3.0,6,3.8181818181818183,2.8
18,39,2.6666666666666665,5,2.9166666666666665,2.5
19,29,3.9473684210526314,6,4.5,1.588235294117647
24,51,3.8333333333333335,6,4.7,2.238095238095238
20,31,1.75,4,3.0,1.5
22,64,2.6818181818181817,5,3.0588235294117645,2.736842105263158
19,29,3.9473684210526314,6,4.5,1.588235294117647
22,57,4.318181818181818,8,4.181818181818182,2.3
30,117,3.966666666666667,7,6.277777777777778,4.346153846153846
22,74,2.9545454545454546,6,3.8333333333333335,3.6315789473684212
24,66,3.125,5,4.0,2.3636363636363638
24,77,3.4583333333333335,6,4.538461538461538,2.95
19,29,3.9473684210526314,6,4.5,1.588235294117647
26,64,3.6923076923076925,6,5.363636363636363,2.6818181818181817
19,29,3.9473684210526314,6,4.5,1.588235294117647
22,60,2.8181818181818183,6,4.75,2.533333333333333
27,98,4.074074074074074,7,4.947368421052632,3.9166666666666665
26,85,2.576923076923077,5,3.6470588235294117,3.1
25,111,3.92,7,5.0,4.545454545454546
23,85,3.608695652173913,7,4.529411764705882,3.85
15,20,1.6,3,3.0,1.5
22,65,3.0454545454545454,6,4.090909090909091,2.6470588235294117
26,84,2.730769230769231,5,4.647058823529412,3.590909090909091
18,37,3.388888888888889,6,3.2,2.0
25,82,3.36,6,4.111111111111111,3.5238095238095237
17,38,2.5294117647058822,5,2.75,2.5384615384615383
19,48,2.6315789473684212,5,3.1538461538461537,2.5625
19,29,3.9473684210526314,6,4.5,1.588235294117647
24,75,2.4583333333333335,5,4.666666666666667,3.111111111111111
24,72,3.0833333333333335,5,4.466666666666667,3.35
19,53,2.6315789473684212,5,3.0625,3.0625
20,33,3.1,5,5.0,1.6666666666666667
26,67,3.923076923076923,6,5.25,2.739130434782609
20,31,1.75,4,3.0,1.5
23,77,2.782608695652174,5,3.4444444444444446,3.1
20,30,4.05,6,4.666666666666667,1.5555555555555556
26,60,3.9615384615384617,6,5.090909090909091,2.4347826086956523
18,27,3.9444444444444446,6,4.166666666666667,1.5625
22,60,2.8181818181818183,6,4.875,2.6
29,111,3.1379310344827585,5,5.833333333333333,4.2
24,74,3.5833333333333335,6,4.666666666666667,3.3333333333333335
21,67,2.7142857142857144,5,3.2666666666666666,2.7222222222222223
23,96,3.652173913043478,7,4.944444444444445,4.45
30,151,3.7,7,6.714285714285714,5.423076923076923
24,83,2.875,6,4.333333333333333,3.9
24,69,3.7083333333333335,6,5.0,3.0952380952380953
23,81,3.4347826086956523,7,3.7777777777777777,3.5789473684210527
20,63,2.95,6,3.3125,3.3125
20,30,3.95,6,4.666666666666667,1.5555555555555556
27,101,3.5555555555555554,6,6.785714285714286,4.130434782608695
29,171,4.448275862068965,8,6.208333333333333,5.96
20,31,4.05,6,4.833333333333333,1.6111111111111112
25,140,3.8,7,6.6,6.285714285714286
23,68,3.391304347826087,7,3.75,2.5
26,87,2.730769230769231,5,5.0625,3.6818181818181817
24,75,2.6666666666666665,5,4.0588235294117645,3.45
21,68,3.857142857142857,7,5.416666666666667,3.611111111111111
23,78,2.782608695652174,5,4.3125,3.6315789473684212
20,33,3.95,6,5.166666666666667,1.7222222222222223
26,139,4.038461538461538,8,5.523809523809524,5.2727272727272725
28,89,2.892857142857143,5,4.368421052631579,3.4583333333333335
22,64,3.5454545454545454,6,4.357142857142857,3.210526315789474
22,68,2.909090909090909,6,4.4,3.3
22,65,2.6818181818181817,5,4.066666666666666,3.388888888888889
23,90,3.5652173913043477,7,4.764705882352941,4.2631578947368425
22,76,3.3181818181818183,6,4.533333333333333,3.7777777777777777
19,50,2.526315789473684,5,3.066666666666667,3.066666666666667
23,68,2.782608695652174,5,4.571428571428571,3.3684210526315788
22,67,2.6363636363636362,5,4.266666666666667,3.3684210526315788
22,51,3.5454545454545454,6,3.9166666666666665,2.473684210526316
19,30,3.9473684210526314,6,4.666666666666667,1.6470588235294117
28,103,3.892857142857143,7,5.5,4.125
27,143,4.333333333333333,8,6.578947368421052,5.208333333333333
19,30,3.9473684210526314,6,4.666666666666667,1.6470588235294117
23,54,3.782608695652174,6,3.8461538461538463,2.5
25,116,3.6,7,4.571428571428571,4.571428571428571
26,83,3.0384615384615383,5,5.2,3.5454545454545454
18,31,2.2222222222222223,4,3.4,1.5454545454545454
16,29,2.25,4,3.0,1.6153846153846154
20,31,4.05,6,4.833333333333333,1.6111111111111112
21,55,4.190476190476191,8,4.090909090909091,2.3684210526315788
28,101,3.75,7,5.105263157894737,4.041666666666667
22,72,2.9545454545454546,6,4.0588235294117645,3.6315789473684212
24,65,3.5,6,3.857142857142857,2.4545454545454546
19,30,3.9473684210526314,6,4.666666666666667,1.6470588235294117
26,109,4.115384615384615,8,5.368421052631579,4.636363636363637
26,97,3.076923076923077,6,4.944444444444445,4.045454545454546
27,78,3.7777777777777777,7,4.533333333333333,2.9565217391304346
21,35,3.0476190476190474,5,4.714285714285714,1.736842105263158
18,50,3.888888888888889,7,4.0,3.0
29,98,3.8275862068965516,6,6.266666666666667,3.76
19,29,3.9473684210526314,6,4.5,1.588235294117647
26,113,3.9615384615384617,8,5.4,4.909090909090909
22,61,3.090909090909091,7,3.6666666666666665,2.75
23,64,3.5217391304347827,6,4.285714285714286,3.0
25,89,3.24,6,4.176470588235294,3.55
23,78,2.869565217391304,6,3.8823529411764706,3.473684210526316
18,26,3.5555555555555554,5,4.8,1.5
22,64,2.772727272727273,6,3.7142857142857144,2.736842105263158
26,81,2.923076923076923,5,5.133333333333334,3.5
19,29,3.9473684210526314,6,4.5,1.588235294117647
16,33,2.4375,5,3.4285714285714284,2.0
23,74,2.9130434782608696,5,4.928571428571429,3.6315789473684212
21,51,2.8095238095238093,5,3.6153846153846154,2.764705882352941
27,123,4.444444444444445,8,5.6,4.666666666666667
25,93,3.48,6,5.375,4.095238095238095
22,67,2.8181818181818183,6,3.7333333333333334,3.111111111111111
19,29,3.9473684210526314,6,4.5,1.588235294117647
27,95,3.4444444444444446,6,7.5,3.9130434782608696
28,139,4.571428571428571,8,5.318181818181818,4.68
19,29,3.9473684210526314,6,4.5,1.588235294117647
20,65,2.75,5,4.6923076923076925,3.588235294117647
22,48,2.5,6,3.7142857142857144,1.8571428571428572
27,82,3.074074074074074,5,4.411764705882353,3.260869565217391
20,31,4.05,6,4.833333333333333,1.6111111111111112
15,20,1.6,3,2.6666666666666665,1.3333333333333333
26,85,3.0384615384615383,5,5.0,3.6363636363636362
21,72,3.0,5,4.2,3.5
22,60,3.772727272727273,7,4.0,2.9473684210526314
20,53,3.3,6,4.083333333333333,2.8823529411764706
17,29,2.176470588235294,4,3.0,1.5
19,45,2.789473684210526,5,3.4166666666666665,2.7333333333333334
23,53,3.5217391304347827,6,4.454545454545454,2.5789473684210527
17,20,1.2941176470588236,2,4.0,1.6
19,21,1.263157894736842,2,3.5,1.4
16,35,3.3125,6,3.5555555555555554,2.2857142857142856
22,41,1.5454545454545454,3,4.6,2.3
19,44,2.1052631578947367,4,3.7142857142857144,2.3636363636363638
19,55,3.0,5,4.181818181818182,3.2857142857142856
23,83,3.1739130434782608,6,3.611111111111111,3.4210526315789473
21,47,2.1904761904761907,4,3.375,2.076923076923077
21,78,3.6666666666666665,6,4.857142857142857,3.7777777777777777
23,54,2.391304347826087,5,3.1,1.9375
23,92,4.173913043478261,8,5.176470588235294,4.4
24,40,1.7916666666666667,4,4.75,1.9
18,29,2.0555555555555554,3,5.5,1.5714285714285714
20,46,2.7,5,4.714285714285714,2.2
24,73,3.9583333333333335,7,5.3076923076923075,3.2857142857142856
27,79,3.3703703703703702,6,4.625,3.217391304347826
19,61,2.8947368421052633,6,3.769230769230769,3.2666666666666666
18,27,3.9444444444444446,6,4.166666666666667,1.5625
26,121,3.769230769230769,7,5.285714285714286,5.045454545454546
27,100,3.4074074074074074,6,5.588235294117647,4.130434782608695
24,84,3.2083333333333335,6,4.25,3.4
27,96,4.0,7,5.2,3.391304347826087
20,30,4.05,6,4.666666666666667,1.5555555555555556
24,58,3.875,6,4.5,2.5714285714285716
21,33,1.8571428571428572,4,3.25,1.4444444444444444
22,62,2.590909090909091,5,3.1333333333333333,2.611111111111111
20,30,4.05,6,4.666666666666667,1.5555555555555556
24,91,3.5,7,4.526315789473684,4.3
23,85,3.391304347826087,7,4.647058823529412,4.157894736842105
25,113,3.56,7,5.368421052631579,4.857142857142857
20,30,4.05,6,4.666666666666667,1.5555555555555556
25,102,3.6,6,6.357142857142857,4.045454545454546
22,60,2.9545454545454546,5,3.6666666666666665,3.0555555555555554
19,29,4.052631578947368,6,4.5,1.588235294117647
25,100,3.8,6,6.071428571428571,3.8636363636363638
26,81,2.6923076923076925,5,4.75,3.4545454545454546
25,95,3.64,7,4.875,3.7142857142857144
23,87,3.347826086956522,6,4.733333333333333,3.736842105263158
19,47,2.6842105263157894,5,3.230769230769231,2.8
19,28,4.052631578947368,6,4.333333333333333,1.5294117647058822
25,94,3.48,5,6.583333333333333,3.590909090909091
24,75,3.125,5,4.375,3.5
22,69,2.6363636363636362,5,4.615384615384615,3.3333333333333335
20,58,2.75,5,3.6,3.176470588235294
22,83,3.272727272727273,6,4.3125,3.8333333333333335
16,35,2.5,5,2.5,2.5
19,49,2.5789473684210527,5,3.8181818181818183,2.8
19,50,2.5789473684210527,5,3.909090909090909,2.8666666666666667
29,105,4.0,7,4.722222222222222,3.4
19,34,3.0526315789473686,5,3.857142857142857,1.588235294117647
21,73,3.6666666666666665,7,4.6,3.8333333333333335
23,77,3.9130434782608696,8,4.3076923076923075,2.8
25,82,3.88,7,5.066666666666666,3.4545454545454546
20,70,2.8,5,4.357142857142857,3.588235294117647
20,31,3.95,6,4.833333333333333,1.6111111111111112
23,68,4.260869565217392,8,4.3076923076923075,2.6666666666666665
29,119,3.793103448275862,7,6.0,4.56
24,86,2.9583333333333335,6,3.9473684210526314,3.75
24,73,3.7083333333333335,7,4.214285714285714,2.6818181818181817
20,33,3.95,6,5.166666666666667,1.7222222222222223
25,106,3.56,7,4.95,4.714285714285714
26,111,3.6923076923076925,7,5.526315789473684,4.7727272727272725
25,120,3.68,7,5.095238095238095,5.095238095238095
21,77,3.238095238095238,7,4.133333333333334,3.6470588235294117
20,33,3.95,6,5.166666666666667,1.7222222222222223
25,117,3.28,6,5.4,5.142857142857143
22,64,3.5454545454545454,6,4.357142857142857,3.210526315789474
24,87,3.1666666666666665,6,4.470588235294118,3.619047619047619
23,91,3.5652173913043477,7,4.882352941176471,4.368421052631579
19,43,2.9473684210526314,5,3.076923076923077,2.5
20,33,4.05,6,5.166666666666667,1.7222222222222223
23,63,3.0869565217391304,6,5.222222222222222,2.764705882352941
27,98,3.5925925925925926,7,5.8125,4.043478260869565
22,69,3.0,5,4.133333333333334,3.263157894736842
22,65,2.727272727272727,5,4.066666666666666,3.388888888888889
20,32,4.05,6,5.0,1.6666666666666667
24,81,2.9166666666666665,6,5.9,3.4705882352941178
29,92,3.310344827586207,6,6.214285714285714,3.48
23,85,3.347826086956522,6,4.0588235294117645,3.6315789473684212
20,32,4.05,6,5.0,1.6666666666666667
19,56,3.8947368421052633,8,4.076923076923077,3.3125
24,76,4.0,7,5.142857142857143,3.4285714285714284
22,53,3.272727272727273,6,4.166666666666667,2.6315789473684212
27,120,3.3333333333333335,6,5.4,4.695652173913044
21,61,2.6666666666666665,5,3.7333333333333334,3.2941176470588234
22,66,2.6363636363636362,5,4.214285714285714,3.2777777777777777
28,101,3.857142857142857,7,4.944444444444445,3.7083333333333335
19,34,3.0,5,3.75,1.7647058823529411
20,70,3.75,7,4.785714285714286,3.9411764705882355
31,155,4.387096774193548,8,6.434782608695652,5.481481481481482
21,53,3.380952380952381,6,4.363636363636363,2.526315789473684
24,80,3.5833333333333335,7,4.235294117647059,3.4285714285714284
24,65,3.0,5,4.357142857142857,3.05
23,76,2.739130434782609,5,4.533333333333333,3.5789473684210527
23,49,2.869565217391304,5,3.4615384615384617,2.3684210526315788
17,34,2.411764705882353,4,4.0,1.8181818181818181
17,34,2.7058823529411766,5,3.0,2.0
19,29,3.9473684210526314,6,4.5,1.588235294117647
23,76,2.608695652173913,5,4.866666666666666,3.65
22,58,2.6363636363636362,6,3.7,2.466666666666667
25,73,3.8,7,5.3076923076923075,3.1363636363636362
22,75,2.8636363636363638,5,4.5,3.789473684210526
20,31,4.05,6,4.833333333333333,1.6111111111111112
21,70,2.7142857142857144,5,4.785714285714286,3.7222222222222223
21,52,2.5714285714285716,6,3.875,2.2142857142857144
26,91,2.6538461538461537,5,4.833333333333333,3.9545454545454546
21,56,2.857142857142857,5,3.5714285714285716,2.9411764705882355
20,30,4.05,6,4.666666666666667,1.5555555555555556
26,110,3.8076923076923075,7,6.0588235294117645,4.681818181818182
22,59,3.772727272727273,7,4.230769230769231,2.8947368421052633
22,53,2.8636363636363638,5,3.4166666666666665,2.05
19,29,3.9473684210526314,6,4.5,1.588235294117647
22,74,2.4545454545454546,4,4.733333333333333,3.736842105263158
22,52,2.3181818181818183,5,4.285714285714286,2.142857142857143
28,103,2.8214285714285716,5,5.5,4.125
19,29,3.9473684210526314,6,4.5,1.588235294117647
21,67,3.8095238095238093,7,4.571428571428571,3.5555555555555554
27,103,3.7777777777777777,7,5.5,4.304347826086956
19,30,1.9473684210526316,4,3.25,1.4444444444444444
17,31,2.823529411764706,6,3.111111111111111,1.8666666666666667
26,85,3.6538461538461537,6,5.357142857142857,3.409090909090909
24,78,2.9166666666666665,6,4.4375,3.55
20,30,4.05,6,4.666666666666667,1.5555555555555556
25,108,3.24,6,5.421052631578948,4.904761904761905
22,55,2.590909090909091,6,3.6666666666666665,2.357142857142857
28,92,3.357142857142857,6,4.631578947368421,3.6666666666666665
20,53,3.45,6,4.166666666666667,2.9411764705882355
17,26,3.823529411764706,6,4.0,1.6
21,51,3.5714285714285716,7,3.9,2.0526315789473686
27,97,3.3333333333333335,6,4.375,3.1818181818181817
26,87,2.769230769230769,5,4.823529411764706,3.727272727272727
17,23,1.6470588235294117,4,3.0,1.125
24,76,3.2916666666666665,7,4.294117647058823,3.4761904761904763
26,88,3.6538461538461537,6,5.214285714285714,3.3181818181818183
21,58,2.6666666666666665,5,3.1333333333333333,2.611111111111111
17,26,2.411764705882353,4,3.8333333333333335,1.5333333333333334
22,61,4.136363636363637,7,4.916666666666667,2.95
21,27,1.4285714285714286,3,3.3333333333333335,1.6666666666666667
22,72,2.6818181818181817,5,3.388888888888889,3.210526315789474
20,30,4.05,6,4.666666666666667,1.5555555555555556
22,62,3.3181818181818183,7,4.555555555555555,2.411764705882353
28,100,3.357142857142857,6,4.75,3.9583333333333335
23,82,2.6956521739130435,5,4.6,3.6315789473684212
19,28,3.6315789473684212,5,5.2,1.5294117647058822
17,21,1.4705882352941178,3,3.0,1.2857142857142858
26,115,3.8076923076923075,7,6.066666666666666,4.136363636363637
25,77,3.0,5,4.5,3.4285714285714284
21,54,3.380952380952381,6,3.8461538461538463,2.7777777777777777
17,39,2.6470588235294117,5,2.6923076923076925,2.5
20,30,4.05,6,4.666666666666667,1.5555555555555556
21,62,2.7142857142857144,5,4.4,2.933333333333333
27,69,3.1481481481481484,5,5.818181818181818,2.782608695652174
25,90,3.24,6,4.733333333333333,3.380952380952381
25,92,2.92,6,5.0,4.0476190476190474
24,74,3.5833333333333335,6,4.6,3.45
16,29,2.0625,4,2.8,1.5555555555555556
20,30,4.05,6,4.666666666666667,1.5555555555555556
22,69,2.9545454545454546,6,4.5,3.176470588235294
28,74,3.142857142857143,5,5.3076923076923075,2.875
24,82,3.4583333333333335,6,5.0,3.25
23,59,3.0,5,3.857142857142857,2.8421052631578947
19,50,2.5789473684210527,5,4.2,2.8
19,48,2.8421052631578947,5,3.6,2.1176470588235294
25,63,3.6,6,4.0,2.4761904761904763
17,21,1.2941176470588236,2,4.0,1.6
21,25,1.2380952380952381,2,3.5,1.4
16,38,3.375,6,3.6666666666666665,2.5384615384615383
22,89,3.6818181818181817,7,4.666666666666667,3.6842105263157894
25,103,4.2,8,5.157894736842105,4.454545454545454
21,60,3.0,6,4.5,3.0
18,45,3.611111111111111,6,3.9,2.6
23,64,2.739130434782609,5,4.4,2.588235294117647
24,72,2.375,5,4.0,2.823529411764706
25,110,4.2,8,5.421052631578948,4.681818181818182
25,41,1.76,4,5.333333333333333,1.6
17,29,2.235294117647059,4,5.0,1.6666666666666667
22,56,4.136363636363637,7,4.7272727272727275,2.6
25,111,3.76,7,4.631578947368421,4.190476190476191
26,86,3.269230769230769,6,4.764705882352941,3.6818181818181817
18,40,2.7222222222222223,5,2.8333333333333335,2.4285714285714284
21,71,3.5238095238095237,7,3.5294117647058822,3.5294117647058822
27,99,3.7777777777777777,7,5.0,3.260869565217391
21,32,3.9523809523809526,6,5.0,1.5789473684210527
21,68,2.9047619047619047,5,4.571428571428571,3.5555555555555554
23,70,3.130434782608696,7,3.6923076923076925,2.823529411764706
25,77,3.04,5,3.8823529411764706,3.142857142857143
20,34,3.95,6,5.166666666666667,1.7222222222222223
16,22,1.625,3,2.5,1.4285714285714286
23,71,3.608695652173913,7,3.4285714285714284,2.526315789473684
24,77,3.5833333333333335,6,4.4375,3.380952380952381
23,97,3.608695652173913,7,4.823529411764706,4.315789473684211
18,31,2.111111111111111,5,3.0,1.5
18,43,2.611111111111111,5,2.8461538461538463,2.642857142857143
17,28,2.0588235294117645,3,5.0,1.5384615384615385
24,94,3.5416666666666665,7,4.315789473684211,3.727272727272727
25,82,3.76,6,5.2,3.7142857142857144
25,84,3.8,7,5.266666666666667,3.761904761904762
22,79,3.5454545454545454,6,4.714285714285714,3.6666666666666665
24,69,3.5,6,4.285714285714286,3.0
21,36,3.0476190476190474,5,4.571428571428571,1.6842105263157894
22,68,3.1818181818181817,6,4.5,3.3157894736842106
24,71,3.625,7,4.714285714285714,3.142857142857143
26,82,3.0384615384615383,5,5.923076923076923,3.5
19,37,2.736842105263158,5,2.875,1.6428571428571428
20,30,4.05,6,4.666666666666667,1.5555555555555556
29,90,3.8620689655172415,6,7.083333333333333,3.4
21,45,3.0952380952380953,5,4.666666666666667,1.6470588235294117
22,73,2.6363636363636362,5,4.375,3.6842105263157894
25,119,3.6,7,6.235294117647059,5.0476190476190474
24,74,2.7083333333333335,5,3.8333333333333335,3.45
20,49,3.35,6,3.75,2.6470588235294117
19,49,2.4210526315789473,5,3.5384615384615383,2.875
21,53,2.8095238095238093,5,3.2666666666666666,2.8823529411764706
20,31,4.05,6,4.833333333333333,1.6111111111111112
22,54,2.590909090909091,6,3.888888888888889,2.5
25,82,3.72,6,4.875,3.5454545454545454
24,76,4.0,8,3.8947368421052633,3.3636363636363638
19,51,2.5789473684210527,5,3.357142857142857,3.1333333333333333
20,31,4.05,6,4.833333333333333,1.6111111111111112
25,61,3.88,6,5.181818181818182,2.590909090909091
19,29,3.9473684210526314,6,4.5,1.588235294117647
22,62,2.5,5,4.2727272727272725,2.9375
28,123,3.75,7,5.388888888888889,4.041666666666667
25,76,3.08,6,4.8,3.4285714285714284
24,90,2.75,5,5.1875,4.15
25,79,2.68,5,4.352941176470588,3.5238095238095237
18,32,2.3333333333333335,4,3.8,1.7272727272727273
19,56,2.6842105263157894,5,4.076923076923077,3.3125
20,30,4.05,6,4.666666666666667,1.5555555555555556
24,54,3.875,6,4.166666666666667,2.380952380952381
29,98,3.4827586206896552,6,5.529411764705882,3.76
22,73,2.9545454545454546,5,4.0,3.3684210526315788
19,51,2.5789473684210527,5,4.4,2.933333333333333
22,54,3.409090909090909,6,3.909090909090909,2.263157894736842
18,32,2.8333333333333335,5,4.0,1.75
26,62,3.6153846153846154,6,3.923076923076923,2.217391304347826
24,111,3.9166666666666665,7,5.222222222222222,4.476190476190476
22,34,4.2272727272727275,6,5.333333333333333,1.6
23,44,3.0434782608695654,5,3.4285714285714284,1.3333333333333333
28,95,3.25,6,5.625,3.75
21,69,2.8095238095238093,6,4.125,3.6666666666666665
24,67,3.4583333333333335,6,4.416666666666667,2.65
19,29,3.9473684210526314,6,4.5,1.588235294117647
30,84,3.2,5,6.666666666666667,3.076923076923077
25,99,3.36,7,3.95,3.95
24,88,3.0,6,4.764705882352941,4.05
25,78,2.92,5,5.285714285714286,3.5238095238095237
20,46,2.85,5,3.1666666666666665,2.111111111111111
24,68,3.0,5,3.8461538461538463,2.272727272727273
23,65,2.739130434782609,5,3.8125,3.210526315789474
20,64,3.55,7,4.25,3.1875
18,40,2.7222222222222223,5,3.0,2.5714285714285716
20,30,4.05,6,4.666666666666667,1.5555555555555556
21,67,2.4761904761904763,4,4.571428571428571,3.5555555555555554
23,56,2.5652173913043477,6,3.6666666666666665,2.2
25,84,2.68,5,5.0,3.8095238095238093
21,57,2.857142857142857,5,3.5714285714285716,2.9411764705882355
20,30,4.05,6,4.666666666666667,1.5555555555555556
26,105,3.5384615384615383,6,6.357142857142857,3.869565217391304
24,75,2.7083333333333335,5,4.375,3.5
20,48,2.7,5,3.3846153846153846,2.75
19,59,2.6842105263157894,5,3.9285714285714284,3.4375
19,29,3.9473684210526314,6,4.5,1.588235294117647
23,59,4.217391304347826,8,4.2727272727272725,2.238095238095238
30,112,3.966666666666667,7,6.0,4.153846153846154
22,77,2.9545454545454546,6,3.9444444444444446,3.736842105263158
24,63,3.0416666666666665,5,3.769230769230769,2.227272727272727
19,29,3.9473684210526314,6,4.5,1.588235294117647
15,21,1.6,3,3.0,1.5
24,50,2.125,4,4.333333333333333,1.7333333333333334
23,66,3.4782608695652173,6,4.428571428571429,3.1
22,78,3.090909090909091,6,4.133333333333334,3.4444444444444446
22,53,3.1818181818181817,6,3.769230769230769,2.7222222222222223
16,35,2.4375,4,2.8181818181818183,2.3846153846153846
20,49,3.05,6,3.4615384615384617,2.8125
23,57,3.391304347826087,6,4.2,2.210526315789474
20,34,2.55,4,3.875,1.7222222222222223
19,59,3.6315789473684212,6,4.583333333333333,3.4375
30,146,4.0,7,6.0,5.3076923076923075
21,63,2.7142857142857144,5,3.6875,3.2777777777777777
19,29,3.9473684210526314,6,4.5,1.588235294117647
26,71,3.5384615384615383,6,4.916666666666667,2.5652173913043477
24,71,3.2916666666666665,6,4.25,2.55
20,30,4.05,6,4.666666666666667,1.5555555555555556
21,48,4.190476190476191,8,3.5454545454545454,2.0526315789473686
22,63,2.8636363636363638,7,3.727272727272727,2.7333333333333334
26,105,3.576923076923077,7,5.2631578947368425,4.545454545454546
18,26,3.5555555555555554,5,4.8,1.5
24,45,2.9166666666666665,5,4.4,1.2222222222222223
28,96,3.1785714285714284,6,6.5,3.7916666666666665
25,95,4.0,7,5.166666666666667,4.043478260869565
21,54,2.6666666666666665,5,3.5,2.8823529411764706
19,62,3.210526315789474,6,3.8461538461538463,3.3333333333333335
19,28,4.052631578947368,6,4.333333333333333,1.5294117647058822
22,79,3.909090909090909,8,5.428571428571429,4.0
24,48,3.125,5,4.0,1.4736842105263157
27,85,2.5925925925925926,5,5.0,3.4782608695652173
21,51,3.4761904761904763,6,4.2,2.210526315789474
19,28,4.052631578947368,6,4.333333333333333,1.5294117647058822
22,61,3.090909090909091,7,4.333333333333333,2.4375
28,94,3.5357142857142856,7,5.176470588235294,3.6666666666666665
22,58,3.0,5,3.2857142857142856,2.3
19,29,4.052631578947368,6,4.5,1.588235294117647
23,92,2.739130434782609,5,5.117647058823529,4.578947368421052
28,98,3.392857142857143,6,5.111111111111111,3.8333333333333335
19,28,4.052631578947368,6,4.333333333333333,1.5294117647058822
30,86,3.1666666666666665,5,6.230769230769231,3.1153846153846154
20,34,2.2,4,4.0,1.4545454545454546
22,73,2.909090909090909,6,4.3125,3.6315789473684212
25,101,3.6,7,5.1875,3.9523809523809526
22,58,2.727272727272727,5,3.7142857142857144,2.888888888888889
21,59,3.4285714285714284,6,4.153846153846154,3.0
17,39,2.7058823529411766,5,2.5,2.5
30,121,4.1,7,5.444444444444445,3.769230769230769
20,36,3.15,5,4.571428571428571,1.7777777777777777
21,66,3.7142857142857144,7,4.357142857142857,3.388888888888889
27,84,3.074074074074074,5,5.2,3.391304347826087
22,89,3.6363636363636362,7,4.111111111111111,4.111111111111111
21,43,3.857142857142857,6,4.5,1.894736842105263
24,61,3.3333333333333335,6,3.3333333333333335,2.0
29,116,3.3448275862068964,6,6.055555555555555,4.36
25,115,4.08,8,5.894736842105263,5.090909090909091
23,46,3.9130434782608696,6,6.142857142857143,2.15
15,25,2.1333333333333333,3,3.5,1.4
22,63,3.772727272727273,7,4.083333333333333,2.5789473684210527
28,104,3.3214285714285716,6,5.2105263157894735,4.125
23,90,3.130434782608696,6,4.294117647058823,3.8421052631578947
21,59,2.7142857142857144,5,3.6666666666666665,3.235294117647059
22,79,3.5454545454545454,6,4.928571428571429,3.8333333333333335
23,49,3.130434782608696,5,3.2142857142857144,2.3684210526315788
16,25,2.6875,5,4.0,1.4545454545454546
29,110,4.0,7,5.15,4.12
21,36,3.0476190476190474,5,4.571428571428571,1.6842105263157894
21,64,3.5714285714285716,7,4.357142857142857,3.388888888888889
22,65,3.772727272727273,7,3.9166666666666665,2.473684210526316
23,64,3.608695652173913,6,4.285714285714286,3.0
22,38,2.227272727272727,4,3.6,1.3846153846153846
19,30,3.9473684210526314,6,4.666666666666667,1.6470588235294117
24,81,2.9166666666666665,6,5.9,3.4705882352941178
29,102,3.2758620689655173,6,6.533333333333333,3.92
27,97,2.888888888888889,5,5.166666666666667,4.043478260869565
22,69,2.6363636363636362,5,3.235294117647059,2.8947368421052633
20,31,4.05,6,4.833333333333333,1.6111111111111112
29,99,3.896551724137931,7,5.588235294117647,3.8
25,91,2.96,6,4.35,3.9545454545454546
19,29,3.9473684210526314,6,4.5,1.588235294117647
22,53,3.8181818181818183,8,3.727272727272727,2.1578947368421053
29,114,3.896551724137931,7,5.7894736842105265,4.4
23,80,2.9130434782608696,6,4.277777777777778,3.85
24,70,3.7083333333333335,7,4.0,2.5454545454545454
19,29,3.9473684210526314,6,4.5,1.588235294117647
26,110,3.8076923076923075,7,6.0588235294117645,4.681818181818182
31,141,4.0,7,5.666666666666667,5.037037037037037
16,23,1.8125,4,2.75,1.375
21,56,3.0952380952380953,6,3.3846153846153846,2.3157894736842106
20,30,4.05,6,4.666666666666667,1.5555555555555556
27,93,3.4444444444444446,6,7.333333333333333,3.8260869565217392
22,86,4.136363636363637,8,4.666666666666667,4.2
25,75,3.04,5,4.176470588235294,3.380952380952381
23,79,2.869565217391304,5,4.133333333333334,3.263157894736842
23,79,3.5652173913043477,7,4.8,3.6
26,114,3.5,7,5.5,4.190476190476191
28,77,3.5,6,5.538461538461538,3.0
24,66,3.4583333333333335,6,3.8125,3.05
24,85,2.875,5,5.357142857142857,3.75
21,63,2.7142857142857144,5,3.933333333333333,3.2777777777777777
22,65,2.6363636363636362,5,3.8125,3.388888888888889
23,70,2.608695652173913,5,3.5,2.8
19,29,3.9473684210526314,6,4.5,1.588235294117647
24,74,2.4583333333333335,5,6.25,3.3333333333333335
25,119,3.72,7,6.0,4.571428571428571
26,84,3.0384615384615383,5,4.705882352941177,3.6363636363636362
23,78,2.782608695652174,5,4.733333333333333,3.736842105263158
20,51,2.85,5,3.1666666666666665,2.111111111111111
22,50,3.409090909090909,6,4.3,2.388888888888889
17,21,1.2941176470588236,2,4.5,1.8
21,56,2.857142857142857,5,4.636363636363637,3.1875
27,85,2.5555555555555554,5,5.4,3.5217391304347827
19,32,2.4210526315789473,5,3.142857142857143,1.5714285714285714
20,55,2.65,5,4.888888888888889,3.142857142857143
24,61,3.8333333333333335,6,4.75,2.7142857142857144
21,65,2.7142857142857144,5,4.066666666666666,3.388888888888889
22,53,2.772727272727273,4,4.083333333333333,2.7222222222222223
17,40,2.588235294117647,5,2.769230769230769,2.769230769230769
17,33,2.3529411764705883,4,3.0,1.5
18,50,2.7222222222222223,5,3.6153846153846154,3.1333333333333333
23,64,3.4347826086956523,6,3.769230769230769,2.45
19,29,3.9473684210526314,6,4.5,1.588235294117647
21,68,2.8095238095238093,5,4.266666666666667,3.5555555555555554
29,106,3.5172413793103448,6,5.9411764705882355,4.04
22,81,3.6363636363636362,7,5.285714285714286,3.8947368421052633
25,92,3.52,6,6.0,3.8181818181818183
26,84,3.0384615384615383,5,5.266666666666667,3.590909090909091
23,68,2.782608695652174,5,3.4,2.6842105263157894
22,68,2.6818181818181817,5,3.642857142857143,2.8333333333333335
25,75,3.04,5,4.117647058823529,3.3333333333333335
19,43,2.789473684210526,5,3.5,2.0588235294117645
20,30,4.05,6,4.666666666666667,1.5555555555555556
25,85,3.52,6,4.9375,3.761904761904762
29,133,3.206896551724138,6,5.818181818181818,5.12
19,29,3.9473684210526314,6,4.5,1.588235294117647
26,126,3.8076923076923075,7,5.95,5.409090909090909
23,65,2.9565217391304346,7,3.230769230769231,2.625
23,67,3.5217391304347827,6,3.9375,3.15
23,70,2.739130434782609,5,3.533333333333333,2.789473684210526
21,67,3.5238095238095237,7,3.2941176470588234,3.2941176470588234
19,28,4.052631578947368,6,4.333333333333333,1.5294117647058822
22,55,2.0454545454545454,4,5.0,2.6666666666666665
24,72,2.7083333333333335,5,4.785714285714286,3.35
19,28,4.052631578947368,6,4.333333333333333,1.5294117647058822
25,96,3.6,6,6.538461538461538,3.8636363636363638
24,73,2.7083333333333335,5,4.533333333333333,3.4
19,31,1.9473684210526316,4,3.0,1.6666666666666667
23,71,2.608695652173913,5,3.6875,2.95
19,43,2.736842105263158,5,3.1666666666666665,2.533333333333333
21,56,2.6666666666666665,5,3.066666666666667,2.5555555555555554
29,98,3.5517241379310347,6,4.166666666666667,3.0
20,35,3.1,5,4.285714285714286,1.6666666666666667
21,58,4.0,7,4.3076923076923075,2.9473684210526314
21,29,1.7142857142857142,4,3.0,1.5
24,84,2.9166666666666665,6,3.6842105263157894,3.3333333333333335
24,69,3.3333333333333335,6,3.9166666666666665,2.35
20,30,4.05,6,4.666666666666667,1.5555555555555556
24,79,3.6666666666666665,7,5.0,2.75
28,101,3.392857142857143,6,5.333333333333333,4.0
24,80,3.0833333333333335,6,3.6470588235294117,3.1
19,28,4.052631578947368,6,4.333333333333333,1.5294117647058822
23,88,2.782608695652174,5,5.25,4.2
22,61,2.8636363636363638,7,3.25,2.6
26,80,3.3076923076923075,6,4.6875,3.409090909090909
21,67,2.761904761904762,5,3.9285714285714284,3.235294117647059
19,29,4.052631578947368,6,4.5,1.588235294117647
24,52,3.3333333333333335,6,3.5555555555555554,1.6
28,112,3.7857142857142856,7,5.944444444444445,4.458333333333333
17,29,1.8823529411764706,4,3.3333333333333335,1.8181818181818181
21,61,3.4285714285714284,6,3.6153846153846154,2.473684210526316
18,51,2.9444444444444446,6,3.357142857142857,3.1333333333333333
28,102,4.0,7,5.0625,3.375
21,32,3.9523809523809526,6,5.0,1.5789473684210527
22,66,4.181818181818182,8,4.071428571428571,2.85
30,111,3.4,6,7.5,4.038461538461538
29,120,3.7586206896551726,6,6.0625,3.88
27,106,3.4814814814814814,7,4.35,3.782608695652174
22,77,3.0454545454545454,6,4.0625,3.611111111111111
20,32,3.95,6,5.0,1.6666666666666667
27,106,3.7037037037037037,7,4.647058823529412,3.590909090909091
25,81,3.8,6,5.066666666666666,3.4545454545454546
26,107,3.0,6,4.85,4.409090909090909
20,61,2.75,5,3.7333333333333334,3.2941176470588234
18,27,3.5555555555555554,5,5.0,1.5625
27,120,3.740740740740741,7,5.45,4.739130434782608
20,46,3.15,6,3.7,2.3125
23,63,3.4782608695652173,6,3.625,3.0526315789473686
19,31,3.9473684210526314,6,4.833333333333333,1.7058823529411764
21,62,3.1904761904761907,7,4.076923076923077,2.9444444444444446
27,85,3.111111111111111,5,6.153846153846154,3.4782608695652173
29,119,3.8275862068965516,7,5.7,4.56
19,33,2.1578947368421053,4,3.75,1.3636363636363635
21,67,2.5238095238095237,5,4.071428571428571,3.1666666666666665
19,31,3.9473684210526314,6,4.833333333333333,1.7058823529411764
27,92,3.4444444444444446,6,7.25,3.782608695652174
26,138,4.3076923076923075,8,5.409090909090909,5.173913043478261
20,32,4.05,6,5.0,1.6666666666666667
26,127,3.576923076923077,7,6.0,4.857142857142857
23,61,3.739130434782609,6,4.071428571428571,2.85
19,33,2.1578947368421053,4,3.4,1.5454545454545454
22,72,2.6363636363636362,5,3.6470588235294117,3.263157894736842
29,97,3.9655172413793105,7,5.0,3.4
20,32,4.05,6,5.0,1.6666666666666667
24,89,2.9166666666666665,6,5.0,4.25
27,92,3.4074074074074074,6,5.176470588235294,3.8260869565217392
26,109,3.5,7,4.55,4.136363636363637
20,61,2.65,5,3.8666666666666667,3.411764705882353
23,57,3.0869565217391304,5,3.8333333333333335,2.1904761904761907
28,95,3.857142857142857,7,4.823529411764706,3.4166666666666665
19,29,3.9473684210526314,6,4.5,1.588235294117647
20,58,3.6,7,3.5,3.111111111111111
27,91,3.3333333333333335,6,4.833333333333333,3.782608695652174
18,29,2.0,4,3.25,1.4444444444444444
21,61,2.619047619047619,5,3.8,3.3529411764705883
21,51,2.8095238095238093,5,3.357142857142857,2.764705882352941
22,58,3.5,6,3.857142857142857,2.8421052631578947
20,64,3.55,7,3.7857142857142856,3.3125
21,63,2.5238095238095237,5,3.9285714285714284,3.0555555555555554
29,113,4.0,7,5.388888888888889,3.88
19,29,3.9473684210526314,6,4.5,1.588235294117647
23,44,3.0434782608695654,5,3.5714285714285716,1.3888888888888888
28,91,3.2142857142857144,6,5.375,3.5833333333333335
19,30,1.9473684210526316,4,3.25,1.4444444444444444
22,64,2.727272727272727,5,4.0,3.3333333333333335
23,66,3.391304347826087,6,4.076923076923077,2.65
19,30,2.8947368421052633,5,4.0,1.6470588235294117
19,52,3.789473684210526,7,4.083333333333333,3.0625
28,91,3.25,6,5.375,3.5833333333333335
20,31,4.05,6,4.666666666666667,1.5555555555555556
27,116,4.2592592592592595,8,5.190476190476191,4.739130434782608
26,100,3.076923076923077,6,5.055555555555555,4.136363636363637
26,80,2.923076923076923,5,5.428571428571429,3.4545454545454546
20,30,4.05,6,4.666666666666667,1.5555555555555556
27,93,3.4444444444444446,6,7.333333333333333,3.8260869565217392
27,145,4.444444444444445,8,5.818181818181818,5.333333333333333
20,30,4.05,6,4.666666666666667,1.5555555555555556
26,99,3.3846153846153846,6,6.214285714285714,3.782608695652174
23,73,2.652173913043478,5,4.3125,3.6315789473684212
20,60,2.6,5,4.071428571428571,3.3529411764705883
22,58,3.4545454545454546,6,3.857142857142857,2.8421052631578947
23,81,3.0434782608695654,6,4.0588235294117645,3.6315789473684212
29,109,4.241379310344827,8,5.647058823529412,3.84
19,29,3.9473684210526314,6,4.5,1.588235294117647
14,20,1.6428571428571428,3,3.0,1.5
27,84,3.074074074074074,5,6.076923076923077,3.4347826086956523
24,73,2.7916666666666665,5,3.6666666666666665,2.75
19,37,2.3684210526315788,4,3.8,1.5833333333333333
27,94,4.0,7,4.9375,3.4347826086956523
19,29,3.9473684210526314,6,4.5,1.588235294117647
27,91,3.4444444444444446,6,7.166666666666667,3.739130434782609
24,73,3.0416666666666665,6,3.375,2.7
19,29,3.9473684210526314,6,4.5,1.588235294117647
22,56,4.090909090909091,8,3.75,2.25
28,110,3.8214285714285716,7,6.235294117647059,4.416666666666667
19,28,1.631578947368421,4,3.3333333333333335,1.4285714285714286
20,57,2.55,5,3.533333333333333,3.3125
28,108,3.892857142857143,7,5.176470588235294,3.6666666666666665
19,29,3.9473684210526314,6,4.5,1.588235294117647
27,93,3.4444444444444446,6,7.333333333333333,3.8260869565217392
25,75,2.64,5,3.2941176470588234,2.8
19,29,3.9473684210526314,6,4.5,1.588235294117647
27,93,3.4444444444444446,6,7.333333333333333,3.8260869565217392
28,96,3.3214285714285716,6,5.111111111111111,3.8333333333333335
23,68,2.8260869565217392,6,3.25,2.888888888888889
27,88,3.5185185185185186,6,4.0588235294117645,2.875
20,33,2.55,4,4.285714285714286,1.6666666666666667
21,61,3.6666666666666665,7,4.071428571428571,3.1666666666666665
28,91,3.25,6,5.3125,3.5416666666666665
19,29,3.9473684210526314,6,4.5,1.588235294117647
29,96,3.5172413793103448,6,7.0,3.64
16,20,1.5625,3,4.5,1.2857142857142858
16,20,1.5625,3,4.5,1.2857142857142858
27,126,3.814814814814815,7,5.8,5.043478260869565
23,67,3.782608695652174,6,4.571428571428571,3.2
20,50,3.25,6,3.4615384615384617,2.8125
18,42,2.611111111111111,5,2.7142857142857144,2.533333333333333
21,50,3.142857142857143,5,3.8333333333333335,2.7058823529411766
19,51,2.789473684210526,5,3.2857142857142856,3.066666666666667
15,25,2.066666666666667,4,2.6,1.4444444444444444
23,71,3.608695652173913,6,4.5,2.7
19,29,3.9473684210526314,6,4.5,1.588235294117647
25,62,3.88,6,5.181818181818182,2.590909090909091
26,94,3.269230769230769,7,4.111111111111111,3.3636363636363638
24,83,3.2083333333333335,7,3.888888888888889,3.5
19,29,3.9473684210526314,6,4.5,1.588235294117647
26,109,3.8076923076923075,7,6.125,4.260869565217392
23,68,2.652173913043478,5,3.9375,3.3157894736842106
19,35,2.263157894736842,4,3.8,1.7272727272727273
20,30,4.05,6,4.666666666666667,1.5555555555555556
29,108,3.5517241379310347,6,6.0588235294117645,4.12
23,71,2.782608695652174,5,3.0588235294117645,2.6
25,94,3.36,7,4.333333333333333,3.7142857142857144
16,35,2.5,5,2.5,2.5
31,129,4.064516129032258,7,5.526315789473684,3.888888888888889
19,29,3.9473684210526314,6,4.5,1.588235294117647
25,60,3.88,6,5.0,2.5
26,106,3.423076923076923,7,4.35,3.9545454545454546
23,74,2.869565217391304,6,3.7058823529411766,3.3157894736842106
28,87,3.4285714285714284,6,4.0625,2.7083333333333335
19,35,3.1052631578947367,5,4.285714285714286,1.7647058823529411
23,73,3.782608695652174,7,4.533333333333333,3.4
20,29,1.9,4,3.25,1.4444444444444444
22,77,2.6818181818181817,5,3.611111111111111,3.4210526315789473
20,34,3.95,6,4.833333333333333,1.6111111111111112
23,74,4.3478260869565215,8,4.5,3.0
29,99,3.5172413793103448,6,5.8125,3.72
22,80,3.1818181818181817,5,4.733333333333333,3.736842105263158
20,51,2.7,5,3.2142857142857144,2.8125
17,33,2.411764705882353,4,3.5,1.9090909090909092
20,33,3.95,6,5.166666666666667,1.7222222222222223
24,95,3.0,6,5.294117647058823,4.285714285714286
28,91,3.25,6,6.071428571428571,3.5416666666666665
27,91,3.2962962962962963,6,5.117647058823529,3.782608695652174
29,117,3.7586206896551726,7,5.65,4.52
23,72,2.782608695652174,6,4.3125,3.45
19,32,3.9473684210526314,6,5.0,1.7647058823529411
27,93,3.4444444444444446,6,6.769230769230769,3.8260869565217392
27,137,4.333333333333333,8,6.368421052631579,5.041666666666667
20,33,4.05,6,5.166666666666667,1.7222222222222223
22,72,2.8181818181818183,5,4.928571428571429,3.6315789473684212
22,55,2.6363636363636362,6,4.333333333333333,2.7857142857142856
29,100,3.1379310344827585,5,5.0,3.8
19,38,2.8947368421052633,5,4.285714285714286,1.7647058823529411
27,114,3.074074074074074,6,5.7894736842105265,4.782608695652174
29,103,3.3793103448275863,6,5.764705882352941,3.92
22,56,3.227272727272727,6,3.0714285714285716,2.15
21,39,2.3333333333333335,4,3.8,1.4615384615384615
22,79,3.6363636363636362,7,4.235294117647059,3.789473684210526
23,58,3.782608695652174,6,4.5,2.7
24,101,3.7083333333333335,7,4.666666666666667,4.2
25,100,3.24,6,4.7894736842105265,4.136363636363637
26,83,3.0384615384615383,5,5.2,3.5454545454545454
20,68,3.1,6,3.9285714285714284,3.4375
18,37,2.9444444444444446,5,2.8333333333333335,2.2666666666666666
26,84,3.8076923076923075,7,4.933333333333334,3.3636363636363638
19,29,3.9473684210526314,6,4.5,1.588235294117647
22,58,4.136363636363637,8,4.363636363636363,2.4
28,110,3.7857142857142856,7,5.578947368421052,4.416666666666667
22,76,2.909090909090909,6,4.5,3.789473684210526
25,74,3.44,6,4.142857142857143,2.5217391304347827
19,30,3.9473684210526314,6,4.666666666666667,1.6470588235294117
25,62,3.88,6,4.833333333333333,2.6363636363636362
19,29,3.9473684210526314,6,4.5,1.588235294117647
22,57,2.1363636363636362,4,4.3,2.8666666666666667
27,103,3.2962962962962963,6,4.8125,3.5
25,71,3.12,6,5.076923076923077,3.142857142857143
24,76,3.2083333333333335,7,4.055555555555555,3.4761904761904763
17,38,2.588235294117647,5,2.8333333333333335,2.6153846153846154
18,34,2.2222222222222223,4,3.6,1.6363636363636365
19,29,3.9473684210526314,6,4.5,1.588235294117647
22,55,2.5454545454545454,6,4.125,2.357142857142857
28,105,3.6785714285714284,7,5.315789473684211,4.208333333333333
23,87,2.8260869565217392,5,3.823529411764706,3.4210526315789473
18,47,2.4444444444444446,5,3.3846153846153846,2.933333333333333
26,82,3.769230769230769,7,5.384615384615385,3.1818181818181817
19,29,3.9473684210526314,6,4.5,1.588235294117647
24,54,3.8333333333333335,6,5.0,2.380952380952381
22,34,1.8181818181818181,4,3.25,1.4444444444444444
23,71,2.8260869565217392,6,3.2941176470588234,2.8
19,29,3.9473684210526314,6,4.5,1.588235294117647
15,20,1.6,3,2.6666666666666665,1.3333333333333333
22,57,2.772727272727273,6,3.6,2.4
23,68,3.4782608695652173,6,4.266666666666667,3.2
23,54,3.5217391304347827,6,4.636363636363637,2.55
19,53,2.473684210526316,5,3.2666666666666666,3.2666666666666666
22,74,2.909090909090909,6,3.9375,3.5
16,35,2.5,5,2.3846153846153846,2.5833333333333335
19,50,2.5789473684210527,5,3.909090909090909,2.8666666666666667
19,50,2.5789473684210527,5,3.909090909090909,2.8666666666666667
24,68,3.4583333333333335,6,3.923076923076923,2.4285714285714284
20,31,2.55,4,4.0,1.5555555555555556
21,54,4.285714285714286,8,4.181818181818182,2.4210526315789473
28,100,3.7857142857142856,7,5.277777777777778,3.9583333333333335
24,78,2.8333333333333335,5,3.8823529411764706,3.142857142857143
24,66,3.6666666666666665,7,3.7857142857142856,2.409090909090909
19,29,3.9473684210526314,6,4.5,1.588235294117647
21,69,2.7142857142857144,5,4.642857142857143,3.611111111111111
22,59,4.181818181818182,8,4.6,2.3
29,106,3.4482758620689653,6,5.05,4.04
19,29,3.9473684210526314,6,4.5,1.588235294117647
24,68,2.2916666666666665,4,4.454545454545454,2.7222222222222223
27,99,3.6666666666666665,6,4.352941176470588,3.217391304347826
26,81,3.0384615384615383,5,5.846153846153846,3.4545454545454546
23,69,2.9565217391304346,6,4.125,3.3
16,35,2.5,5,2.5833333333333335,2.5833333333333335
17,31,2.0588235294117645,4,3.2,1.7777777777777777
20,30,4.05,6,4.666666666666667,1.5555555555555556
22,64,2.727272727272727,5,4.454545454545454,3.0625
27,77,3.074074074074074,5,8.0,3.130434782608696
23,57,2.869565217391304,5,4.416666666666667,2.789473684210526
16,24,1.625,4,2.25,1.5
16,37,2.5,5,2.5384615384615383,2.5384615384615383
19,51,2.5789473684210527,5,4.0,2.933333333333333
24,56,3.5833333333333335,6,5.111111111111111,2.3
19,29,3.9473684210526314,6,4.5,1.588235294117647
22,57,2.8181818181818183,6,4.222222222222222,2.533333333333333
28,107,3.357142857142857,6,5.15,4.291666666666667
24,85,3.0,6,4.411764705882353,3.75
19,29,4.052631578947368,6,4.5,1.588235294117647
22,59,2.8181818181818183,6,4.625,2.466666666666667
27,96,3.6296296296296298,7,5.352941176470588,3.9565217391304346
24,70,2.5833333333333335,5,3.3333333333333335,2.6315789473684212
23,78,2.782608695652174,5,4.375,3.6842105263157894
21,58,2.7142857142857144,5,3.7857142857142856,3.1176470588235294
20,30,4.05,6,4.666666666666667,1.5555555555555556
22,58,2.8181818181818183,6,4.5,2.4
29,113,3.413793103448276,6,5.4,4.32
23,63,4.130434782608695,7,4.615384615384615,3.0
21,60,3.761904761904762,7,4.75,3.1666666666666665
17,36,2.6470588235294117,5,2.5833333333333335,2.3846153846153846
20,54,2.6,5,3.142857142857143,2.588235294117647
20,30,4.05,6,4.666666666666667,1.5555555555555556
23,61,4.217391304347826,8,4.0,2.2857142857142856
30,122,4.0,7,6.5,4.5
19,54,2.6315789473684212,5,3.125,3.125
24,65,3.2083333333333335,6,3.642857142857143,2.3181818181818183
19,28,4.052631578947368,6,4.333333333333333,1.5294117647058822
27,67,4.0,6,5.7272727272727275,2.625
20,31,1.75,4,3.0,1.5
20,34,3.1,5,5.0,1.6666666666666667
27,91,3.4074074074074074,6,6.538461538461538,3.6956521739130435
25,92,3.24,6,4.294117647058823,3.4761904761904763
22,66,2.6363636363636362,5,3.5,2.9473684210526314
20,30,4.05,6,4.666666666666667,1.5555555555555556
25,106,3.88,6,6.642857142857143,4.2272727272727275
25,83,3.0,5,5.133333333333334,3.6666666666666665
18,45,2.6666666666666665,5,2.857142857142857,2.6666666666666665
21,60,3.4285714285714284,6,3.8333333333333335,2.4210526315789473
21,59,3.0952380952380953,6,3.25,3.0588235294117645
19,29,4.052631578947368,6,4.5,1.588235294117647
26,138,3.8076923076923075,7,6.238095238095238,5.954545454545454
25,76,3.8,6,4.733333333333333,3.227272727272727
22,69,2.6818181818181817,5,3.533333333333333,2.789473684210526
23,74,2.652173913043478,5,3.6875,2.95
23,81,2.9565217391304346,6,4.117647058823529,3.6842105263157894
17,36,2.6470588235294117,5,2.5,2.3076923076923075
21,34,4.0476190476190474,6,5.333333333333333,1.6842105263157894
26,70,3.923076923076923,6,5.818181818181818,2.782608695652174
21,37,2.142857142857143,4,3.6,1.6363636363636365
23,81,2.608695652173913,5,3.7058823529411766,3.3157894736842106
24,74,2.8333333333333335,5,4.117647058823529,3.5
27,124,3.888888888888889,7,5.6,4.869565217391305
24,69,2.6666666666666665,5,3.823529411764706,3.25
19,30,3.9473684210526314,6,4.666666666666667,1.6470588235294117
15,21,1.6,3,3.6666666666666665,1.5714285714285714
25,73,3.16,5,4.6,3.2857142857142856
24,78,3.0,5,4.470588235294118,3.4545454545454546
19,52,2.526315789473684,5,3.2,3.2
19,40,3.0,6,3.0,1.9285714285714286
21,45,3.4285714285714284,6,3.909090909090909,2.263157894736842
18,26,1.4444444444444444,2,6.5,1.625
21,30,1.4285714285714286,2,7.0,1.5555555555555556
20,65,3.8,8,4.428571428571429,3.6470588235294117
22,67,3.6363636363636362,7,4.3076923076923075,3.111111111111111
17,48,4.0588235294117645,8,3.6666666666666665,2.933333333333333
21,78,4.285714285714286,8,4.222222222222222,4.0
20,44,1.9,3,5.0,2.5
23,83,3.347826086956522,5,5.833333333333333,3.6842105263157894
23,45,1.565217391304348,3,6.25,2.272727272727273
22,75,4.181818181818182,8,4.5625,3.65
22,51,1.9090909090909092,4,2.9,2.4166666666666665
23,44,2.217391304347826,4,5.8,2.230769230769231
18,29,1.9444444444444444,3,5.5,1.6923076923076923
22,57,4.136363636363637,7,5.0,2.75
20,34,2.05,4,3.0,1.5
20,30,4.05,6,4.666666666666667,1.5555555555555556
28,92,3.4642857142857144,6,5.5,3.6666666666666665
24,87,2.9583333333333335,6,4.611111111111111,3.9523809523809526
19,29,3.9473684210526314,6,4.5,1.588235294117647
22,56,2.5454545454545454,6,4.25,2.4285714285714284
26,87,3.8846153846153846,7,4.611111111111111,3.608695652173913
23,70,2.782608695652174,5,3.1875,2.55
19,29,3.9473684210526314,6,4.5,1.588235294117647
23,47,3.0434782608695654,5,3.5714285714285716,1.3888888888888888
26,86,3.1538461538461537,6,5.4,3.6818181818181817
21,66,2.4285714285714284,4,3.875,3.4444444444444446
20,31,4.05,6,4.833333333333333,1.6111111111111112
24,84,2.9583333333333335,6,6.0,3.3333333333333335
24,72,3.875,7,4.0,3.238095238095238
25,98,3.12,6,4.555555555555555,3.9047619047619047
22,77,3.0454545454545454,6,3.9411764705882355,3.7222222222222223
17,37,2.588235294117647,5,2.75,2.5384615384615383
16,27,2.3125,4,3.4,1.7
20,30,4.05,6,4.666666666666667,1.5555555555555556
24,82,2.4166666666666665,5,5.8,3.8666666666666667
24,119,3.7083333333333335,7,5.823529411764706,4.95
22,60,3.6818181818181817,6,3.8,3.0
20,58,2.75,5,3.6666666666666665,3.235294117647059
23,82,3.5217391304347827,7,5.214285714285714,3.65
24,115,3.7083333333333335,8,5.875,4.7
27,87,3.074074074074074,5,5.466666666666667,3.5652173913043477
19,30,1.9473684210526316,4,3.0,1.6666666666666667
19,42,2.789473684210526,5,2.909090909090909,1.8823529411764706
25,62,3.64,6,4.583333333333333,2.619047619047619
17,20,1.3529411764705883,2,4.0,1.3333333333333333
20,23,1.35,2,4.5,1.2857142857142858
20,49,3.45,6,5.0,2.6470588235294117
22,73,4.181818181818182,8,4.666666666666667,3.6842105263157894
20,41,1.65,4,3.6666666666666665,2.75
15,39,4.0,8,3.0,2.5384615384615383
21,78,4.333333333333333,8,4.6875,3.9473684210526314
21,67,3.0476190476190474,6,3.6666666666666665,3.235294117647059
23,89,4.173913043478261,8,5.0,4.25
24,40,1.7916666666666667,4,4.75,1.9
18,25,1.9444444444444444,3,4.25,1.3076923076923077
23,87,3.4782608695652173,7,4.555555555555555,4.1
27,94,3.4074074074074074,6,5.235294117647059,3.869565217391304
27,122,3.7037037037037037,7,5.045454545454546,4.826086956521739
19,30,3.9473684210526314,6,4.5,1.588235294117647
24,59,3.8333333333333335,6,4.583333333333333,2.619047619047619
25,93,3.48,7,4.625,3.5238095238095237
22,64,2.590909090909091,5,3.933333333333333,3.2777777777777777
20,30,4.05,6,4.666666666666667,1.5555555555555556
16,19,1.375,2,3.5,1.1666666666666667
27,83,3.074074074074074,6,6.0,3.391304347826087
19,42,2.5789473684210527,4,5.0,1.9230769230769231
20,58,2.6,5,3.857142857142857,3.176470588235294
22,78,2.9545454545454546,6,4.25,3.7777777777777777
16,35,2.5,5,2.5833333333333335,2.5833333333333335
19,65,3.0526315789473686,5,4.833333333333333,3.625
17,36,2.6470588235294117,5,2.6666666666666665,2.4615384615384617
15,24,2.2,4,3.0,1.6666666666666667
20,30,4.05,6,4.666666666666667,1.5555555555555556
27,95,3.4444444444444446,6,7.5,3.9130434782608696
27,126,4.333333333333333,8,5.15,4.291666666666667
19,29,3.9473684210526314,6,4.5,1.588235294117647
21,49,2.0,4,4.25,2.4285714285714284
27,108,3.7037037037037037,6,4.882352941176471,3.608695652173913
21,54,3.380952380952381,6,3.8461538461538463,2.7777777777777777
29,116,3.9655172413793105,7,5.380952380952381,4.346153846153846
16,35,2.5,5,2.5833333333333335,2.5833333333333335
20,30,4.05,6,4.666666666666667,1.5555555555555556
25,97,3.56,6,6.461538461538462,3.8181818181818183
23,70,2.652173913043478,5,4.0625,3.4210526315789473
20,59,2.75,5,3.6666666666666665,3.235294117647059
20,53,3.4,6,4.083333333333333,2.8823529411764706
21,69,3.5238095238095237,7,3.411764705882353,3.411764705882353
24,65,3.3333333333333335,6,3.9166666666666665,2.238095238095238
19,29,3.9473684210526314,6,4.5,1.588235294117647
25,95,3.48,7,4.5,4.285714285714286
26,104,3.5384615384615383,7,5.166666666666667,4.2272727272727275
28,137,4.071428571428571,8,5.7272727272727275,5.25
18,27,3.9444444444444446,6,4.166666666666667,1.5625
23,66,4.260869565217392,8,4.5,2.5714285714285716
29,99,3.5517241379310347,7,5.222222222222222,3.76
28,150,4.142857142857143,8,6.318181818181818,5.791666666666667
22,68,2.8181818181818183,6,2.823529411764706,2.6666666666666665
22,66,2.6363636363636362,5,3.4,2.6842105263157894
19,29,3.9473684210526314,6,4.5,1.588235294117647
25,116,3.76,7,5.875,4.476190476190476
25,77,3.12,5,4.235294117647059,3.4285714285714284
23,96,3.8260869565217392,7,4.722222222222222,4.25
18,41,2.611111111111111,5,2.8461538461538463,2.466666666666667
18,34,2.9444444444444446,5,4.333333333333333,1.625
27,126,3.259259259259259,6,5.809523809523809,5.083333333333333
24,82,4.0,8,4.615384615384615,2.857142857142857
24,78,2.8333333333333335,5,4.5625,3.65
19,29,4.052631578947368,6,4.5,1.588235294117647
26,116,3.769230769230769,7,6.0,4.434782608695652
25,82,3.04,5,5.066666666666666,3.619047619047619
20,59,3.05,6,3.7857142857142856,3.3125
16,26,2.125,4,2.8,1.5555555555555556
19,32,3.8421052631578947,6,5.0,1.7647058823529411
27,94,3.4814814814814814,6,6.285714285714286,3.8260869565217392
32,191,4.5,8,7.826086956521739,6.428571428571429
20,61,2.75,5,3.4375,3.235294117647059
20,33,3.95,6,5.166666666666667,1.7222222222222223
26,94,3.5,6,6.285714285714286,4.0
27,120,3.740740740740741,7,5.45,4.739130434782608
18,30,3.9444444444444446,6,4.666666666666667,1.75
26,94,3.576923076923077,6,5.6,3.652173913043478
26,76,3.230769230769231,5,4.8,3.272727272727273
16,27,2.125,4,3.5,1.75
22,58,3.4545454545454546,6,4.363636363636363,2.4
21,64,2.619047619047619,5,4.0,3.3333333333333335
20,32,4.05,6,5.0,1.6666666666666667
29,93,3.2758620689655173,6,5.5625,3.56
27,131,3.6296296296296298,7,5.090909090909091,4.869565217391305
26,96,3.3076923076923075,6,5.294117647058823,4.090909090909091
24,76,2.75,5,4.235294117647059,3.6
20,32,4.05,6,5.0,1.6666666666666667
28,85,3.25,6,6.230769230769231,3.375
18,45,3.4444444444444446,6,3.8181818181818183,2.625
22,58,3.590909090909091,6,4.153846153846154,2.8421052631578947
16,26,1.75,4,2.6,1.8571428571428572
21,63,2.4285714285714284,4,4.0,3.3333333333333335
29,96,3.8275862068965516,7,4.421052631578948,3.36
19,29,3.9473684210526314,6,4.5,1.588235294117647
27,133,3.962962962962963,8,6.294117647058823,4.6521739130434785
26,83,3.230769230769231,5,5.266666666666667,3.590909090909091
24,79,3.25,7,4.0,3.619047619047619
19,51,2.526315789473684,5,3.1333333333333333,3.1333333333333333
19,29,3.9473684210526314,6,4.5,1.588235294117647
27,96,3.4444444444444446,6,7.583333333333333,3.9565217391304346
20,32,2.05,4,3.5,1.4
22,66,2.727272727272727,5,4.133333333333334,3.4444444444444446
20,35,2.95,5,5.0,1.6666666666666667
17,43,3.764705882352941,7,3.4166666666666665,2.7333333333333334
22,58,3.1363636363636362,6,3.1666666666666665,2.235294117647059
27,105,3.4444444444444446,6,5.2631578947368425,4.3478260869565215
18,26,3.5555555555555554,5,4.8,1.5
22,60,2.8181818181818183,6,4.333333333333333,2.6
27,94,4.111111111111111,7,5.0,3.75
25,84,4.0,7,4.823529411764706,3.5652173913043477
25,59,3.28,6,4.230769230769231,2.619047619047619
16,31,2.25,4,3.2,1.6
17,31,2.6470588235294117,5,3.0,1.8
19,29,3.9473684210526314,6,4.5,1.588235294117647
27,91,3.4444444444444446,6,5.117647058823529,3.782608695652174
21,31,1.5714285714285714,4,2.75,1.5714285714285714
22,72,2.6363636363636362,5,4.3125,3.6315789473684212
28,91,3.8214285714285716,6,5.0588235294117645,3.5833333333333335
19,29,3.9473684210526314,6,4.5,1.588235294117647
22,73,2.6818181818181817,5,4.928571428571429,3.6315789473684212
27,107,3.259259259259259,6,4.764705882352941,3.6818181818181817
28,124,3.6785714285714284,7,5.571428571428571,4.875
21,62,2.7142857142857144,5,3.933333333333333,3.2777777777777777
21,57,2.857142857142857,5,3.5833333333333335,2.263157894736842
27,90,3.888888888888889,7,5.066666666666666,3.3043478260869565
19,29,3.9473684210526314,6,4.5,1.588235294117647
22,62,2.8181818181818183,6,4.454545454545454,2.5789473684210527
24,69,3.0,5,3.823529411764706,3.25
19,29,3.9473684210526314,6,4.5,1.588235294117647
22,71,2.8181818181818183,5,4.533333333333333,3.5789473684210527
30,92,3.2,5,6.285714285714286,3.3846153846153846
26,94,3.423076923076923,7,3.619047619047619,3.4545454545454546
24,86,3.125,6,4.055555555555555,3.65
20,38,2.9,5,3.4,2.125
15,29,2.1333333333333333,4,3.0,1.6666666666666667
18,38,2.9444444444444446,6,2.9166666666666665,2.1875
20,30,4.05,6,4.666666666666667,1.5555555555555556
27,92,3.4444444444444446,6,7.25,3.782608695652174
27,138,4.296296296296297,8,5.5,5.041666666666667
20,30,4.05,6,4.666666666666667,1.5555555555555556
28,95,3.5,6,5.352941176470588,3.7916666666666665
24,84,3.0,6,4.444444444444445,3.8095238095238093
26,74,3.423076923076923,6,4.384615384615385,2.590909090909091
20,33,2.55,4,3.75,1.6666666666666667
22,72,3.772727272727273,6,5.3076923076923075,3.6315789473684212
24,68,3.7083333333333335,6,4.571428571428571,3.0476190476190474
22,72,2.6818181818181817,5,3.1176470588235294,2.789473684210526
23,68,2.5652173913043477,5,4.571428571428571,3.3684210526315788
20,30,4.05,6,4.666666666666667,1.5555555555555556
26,117,3.8076923076923075,7,5.7894736842105265,5.0
31,149,4.0,7,5.916666666666667,5.2592592592592595
17,21,1.411764705882353,2,7.0,1.0
21,56,2.857142857142857,5,3.5833333333333335,2.263157894736842
19,28,4.052631578947368,6,4.333333333333333,1.5294117647058822
26,67,3.6923076923076925,6,5.636363636363637,2.8181818181818183
19,29,3.9473684210526314,6,4.5,1.588235294117647
27,134,4.0,8,5.7272727272727275,5.478260869565218
26,94,3.3076923076923075,5,5.625,4.090909090909091
19,31,1.9473684210526316,4,3.25,1.4444444444444444
19,39,2.4210526315789473,4,4.4,1.8333333333333333
17,42,2.5294117647058822,5,2.8461538461538463,2.8461538461538463
20,63,3.5,7,3.7857142857142856,3.3125
20,30,4.05,6,4.666666666666667,1.5555555555555556
27,97,3.5185185185185186,6,7.076923076923077,4.0
27,136,4.111111111111111,7,5.666666666666667,4.958333333333333
19,29,3.9473684210526314,6,4.5,1.588235294117647
22,56,2.772727272727273,6,4.25,2.2666666666666666
28,102,3.4642857142857144,6,5.157894736842105,4.083333333333333
22,73,2.727272727272727,5,3.75,3.3333333333333335
19,29,4.052631578947368,6,4.5,1.588235294117647
25,98,3.48,5,6.230769230769231,3.6818181818181817
26,85,2.6923076923076925,5,5.0,3.6363636363636362
21,72,3.5714285714285716,6,4.2,3.5
21,62,2.857142857142857,5,4.071428571428571,3.3529411764705883
18,56,3.0555555555555554,6,3.3846153846153846,3.142857142857143
18,43,2.7777777777777777,5,2.923076923076923,2.7142857142857144
30,121,3.8666666666666667,7,5.388888888888889,3.730769230769231
20,37,3.1,5,4.125,1.8333333333333333
21,78,3.6666666666666665,7,4.933333333333334,4.111111111111111
28,99,3.357142857142857,6,5.166666666666667,3.875
19,29,3.9473684210526314,6,4.5,1.588235294117647
15,20,1.6,3,3.0,1.5
27,119,3.8518518518518516,7,4.476190476190476,4.086956521739131
25,77,2.52,5,4.8,3.4285714285714284
22,72,2.6818181818181817,5,3.625,3.0526315789473686
20,52,2.8,5,4.2727272727272725,2.9375
17,38,2.6470588235294117,5,2.6153846153846154,2.4285714285714284
19,29,4.052631578947368,6,4.5,1.588235294117647
23,63,3.0,7,4.444444444444445,2.5
28,102,3.3214285714285716,6,5.388888888888889,4.041666666666667
22,74,2.6818181818181817,5,4.0,3.5555555555555554
20,31,3.95,6,4.833333333333333,1.6111111111111112
27,104,3.5555555555555554,6,6.533333333333333,4.260869565217392
23,74,3.3043478260869565,6,3.5294117647058822,2.857142857142857
20,37,2.35,4,3.8,1.5833333333333333
20,32,3.95,6,5.0,1.6666666666666667
26,131,3.8461538461538463,8,5.35,4.863636363636363
26,95,3.4615384615384617,6,5.625,4.090909090909091
18,45,2.611111111111111,5,2.7857142857142856,2.7857142857142856
31,141,4.129032258064516,7,5.571428571428571,4.333333333333333
21,33,4.0476190476190474,6,5.166666666666667,1.631578947368421
22,70,3.909090909090909,8,4.545454545454546,2.6315789473684212
24,74,2.8333333333333335,5,4.117647058823529,3.5
18,30,3.9444444444444446,6,4.666666666666667,1.75
23,61,3.391304347826087,7,3.923076923076923,2.8333333333333335
30,98,3.1333333333333333,5,4.947368421052632,3.6153846153846154
25,120,3.8,7,5.473684210526316,4.9523809523809526
20,33,4.05,6,5.166666666666667,1.7222222222222223
24,78,2.9583333333333335,6,5.8,3.411764705882353
30,96,3.3666666666666667,6,7.076923076923077,3.5384615384615383
24,100,3.5416666666666665,7,4.882352941176471,4.15
20,32,4.05,6,5.0,1.6666666666666667
26,96,3.769230769230769,6,6.538461538461538,3.6956521739130435
24,67,3.0,5,3.7058823529411766,3.15
27,106,3.5555555555555554,7,5.555555555555555,4.3478260869565215
24,72,2.7083333333333335,5,4.25,3.4
23,86,3.3043478260869565,7,4.352941176470588,3.8947368421052633
26,109,4.115384615384615,8,5.555555555555555,4.3478260869565215
22,52,3.5454545454545454,6,4.181818181818182,2.4210526315789473
21,38,3.0476190476190474,5,4.25,1.7894736842105263
25,70,3.56,6,5.363636363636363,2.6818181818181817
25,111,4.12,8,4.75,4.318181818181818
21,33,4.142857142857143,6,5.166666666666667,1.631578947368421
25,95,3.64,7,5.294117647058823,4.285714285714286
22,53,2.590909090909091,6,3.5,2.5
28,98,2.9642857142857144,5,5.222222222222222,3.9166666666666665
19,30,3.5789473684210527,5,5.6,1.6470588235294117
26,76,3.923076923076923,6,4.5,3.130434782608696
21,34,1.8571428571428572,4,2.8,1.5555555555555556
23,78,2.8260869565217392,6,3.611111111111111,3.25
19,29,3.9473684210526314,6,4.5,1.588235294117647
25,75,3.56,6,5.153846153846154,3.0454545454545454
20,31,4.05,6,4.833333333333333,1.6111111111111112
24,66,2.25,4,4.2727272727272725,2.764705882352941
26,78,2.8846153846153846,5,5.285714285714286,3.3636363636363638
20,30,4.05,6,4.666666666666667,1.5555555555555556
21,54,2.0952380952380953,4,5.142857142857143,3.0
25,120,3.72,7,6.625,5.0476190476190474
25,74,2.8,5,4.666666666666667,3.3333333333333335
23,65,3.608695652173913,6,4.066666666666666,3.05
22,68,2.772727272727273,5,4.6923076923076925,3.388888888888889
22,63,2.727272727272727,5,3.933333333333333,3.2777777777777777
22,68,2.6818181818181817,5,3.3529411764705883,3.0
29,104,3.9655172413793105,7,5.5,3.52
19,29,3.9473684210526314,6,4.5,1.588235294117647
22,59,4.136363636363637,8,4.545454545454546,2.5
22,60,3.090909090909091,7,3.9,2.4375
25,80,3.48,6,4.411764705882353,3.5714285714285716
23,82,3.0434782608695654,6,4.388888888888889,3.95
28,94,3.7857142857142856,6,6.333333333333333,3.1666666666666665
24,78,3.0,6,4.4375,3.55
20,30,4.05,6,4.666666666666667,1.5555555555555556
23,75,2.608695652173913,5,4.8,3.6
22,53,2.590909090909091,6,3.4444444444444446,2.2142857142857144
23,65,3.4782608695652173,6,4.357142857142857,3.05
22,74,2.8636363636363638,5,4.733333333333333,3.736842105263158
19,29,3.9473684210526314,6,4.5,1.588235294117647
22,70,2.8181818181818183,5,4.785714285714286,3.526315789473684
29,105,3.3793103448275863,6,5.2631578947368425,4.0
19,29,3.9473684210526314,6,4.5,1.588235294117647
24,86,3.5,7,4.315789473684211,4.1
24,94,3.5,7,5.5,4.4
24,88,3.5416666666666665,7,4.705882352941177,4.0
20,43,3.4,6,3.727272727272727,2.2777777777777777
17,23,1.4705882352941178,2,5.5,1.375
26,82,3.576923076923077,6,4.833333333333333,2.6363636363636362
22,82,3.8181818181818183,7,4.9375,4.157894736842105
28,95,3.357142857142857,6,5.055555555555555,3.7916666666666665
21,68,2.619047619047619,5,4.214285714285714,3.4705882352941178
19,34,3.473684210526316,5,3.857142857142857,1.588235294117647
23,64,2.4347826086956523,5,5.2,3.25
24,67,3.75,6,4.5,3.0
23,82,3.3043478260869565,7,4.0625,3.4210526315789473
18,23,1.5,3,3.6666666666666665,1.375
21,52,2.619047619047619,5,3.6153846153846154,2.764705882352941
18,37,2.7222222222222223,5,3.6666666666666665,2.357142857142857
15,28,2.1333333333333333,4,3.0,1.6666666666666667
24,76,3.5,6,5.583333333333333,3.35
21,58,2.6666666666666665,5,3.1875,2.8333333333333335
20,30,4.05,6,4.666666666666667,1.5555555555555556
25,82,3.52,6,5.0,3.5714285714285716
29,137,3.2758620689655173,6,6.045454545454546,5.115384615384615
21,57,3.1904761904761907,6,3.75,2.3684210526315788
28,95,3.3214285714285716,6,5.055555555555555,3.7916666666666665
19,51,4.105263157894737,8,3.769230769230769,2.8823529411764706
21,61,2.7142857142857144,5,3.8,3.1666666666666665
20,30,4.05,6,4.666666666666667,1.5555555555555556
25,106,4.0,8,4.9,4.666666666666667
26,100,3.076923076923077,6,4.7894736842105265,4.136363636363637
18,27,3.9444444444444446,6,4.166666666666667,1.5625
23,82,3.0434782608695654,5,4.588235294117647,3.9
23,67,4.260869565217392,8,3.857142857142857,2.5714285714285716
26,88,3.730769230769231,7,4.611111111111111,3.772727272727273
26,79,3.3461538461538463,6,4.6875,3.409090909090909
16,27,1.9375,4,3.0,1.5
31,112,3.935483870967742,7,5.470588235294118,3.4444444444444446
19,29,3.9473684210526314,6,4.5,1.588235294117647
25,83,3.12,7,4.333333333333333,3.0952380952380953
25,72,2.64,5,4.785714285714286,3.1904761904761907
24,74,3.2083333333333335,6,4.3125,3.45
16,29,2.25,4,3.5,1.4
19,40,3.1052631578947367,6,3.0833333333333335,2.176470588235294
20,30,4.05,6,4.666666666666667,1.5555555555555556
25,61,3.88,6,5.7,2.590909090909091
26,107,3.3846153846153846,6,4.45,4.045454545454546
25,77,3.04,5,4.4375,3.380952380952381
16,30,2.25,4,3.2,1.6
16,35,2.5,5,2.3076923076923075,2.5
31,125,3.5806451612903225,6,4.590909090909091,3.740740740740741
20,36,3.1,5,4.428571428571429,1.7222222222222223
21,75,3.6666666666666665,7,4.733333333333333,3.9444444444444446
24,79,4.083333333333333,8,4.384615384615385,2.7142857142857144
25,82,3.8,7,5.066666666666666,3.4545454545454546
22,74,2.727272727272727,6,4.0588235294117645,3.8333333333333335
19,29,4.052631578947368,6,4.5,1.588235294117647
26,136,4.0,8,6.0476190476190474,5.7727272727272725
23,62,3.1739130434782608,7,3.25,2.2941176470588234
26,85,2.730769230769231,5,4.9375,3.590909090909091
19,30,3.8421052631578947,6,4.666666666666667,1.6470588235294117
26,135,3.8461538461538463,7,6.0476190476190474,5.7727272727272725
23,69,3.391304347826087,7,3.5384615384615383,2.5555555555555554
25,85,2.88,5,4.647058823529412,3.761904761904762
22,78,3.409090909090909,7,3.7058823529411766,3.5
21,67,3.5238095238095237,7,3.235294117647059,3.235294117647059
19,32,3.8421052631578947,6,5.0,1.7647058823529411
26,144,4.038461538461538,8,6.136363636363637,6.136363636363637
27,114,3.185185185185185,6,5.7368421052631575,4.739130434782608
28,102,3.7857142857142856,7,5.705882352941177,4.041666666666667
22,79,3.5454545454545454,7,3.823529411764706,3.611111111111111
21,67,3.4761904761904763,7,3.3529411764705883,3.3529411764705883
26,92,3.0,6,4.944444444444445,3.869565217391304
21,59,4.333333333333333,8,5.4,2.8421052631578947
27,87,3.074074074074074,5,4.882352941176471,3.608695652173913
24,102,3.7083333333333335,7,5.375,4.3
22,62,2.727272727272727,5,3.8666666666666667,3.2222222222222223
21,33,4.142857142857143,6,5.166666666666667,1.631578947368421
22,71,2.4545454545454546,4,4.857142857142857,3.5789473684210527
22,56,2.8181818181818183,6,4.333333333333333,2.6
23,67,3.6956521739130435,6,4.2,3.15
23,79,2.8260869565217392,5,4.411764705882353,3.75
20,32,4.05,6,5.0,1.6666666666666667
22,63,2.272727272727273,4,4.8,3.0
27,84,3.074074074074074,5,6.076923076923077,3.4347826086956523
21,69,2.619047619047619,5,4.0625,3.611111111111111
22,55,2.909090909090909,5,3.909090909090909,2.15
19,30,3.9473684210526314,6,4.666666666666667,1.6470588235294117
27,96,3.4444444444444446,6,7.583333333333333,3.9565217391304346
25,116,4.16,8,4.714285714285714,4.5
20,31,4.05,6,4.833333333333333,1.6111111111111112
25,100,4.0,8,4.75,4.523809523809524
28,110,3.142857142857143,6,5.315789473684211,4.208333333333333
19,29,3.9473684210526314,6,4.5,1.588235294117647
24,44,1.5,3,5.25,2.1
27,91,3.4814814814814814,6,5.4375,3.782608695652174
22,70,2.6818181818181817,5,3.176470588235294,2.8421052631578947
20,30,4.05,6,4.666666666666667,1.5555555555555556
25,78,2.56,5,6.625,3.3125
24,70,3.9583333333333335,7,4.125,3.142857142857143
26,93,2.730769230769231,5,5.0588235294117645,3.909090909090909
21,68,2.619047619047619,5,4.0625,3.611111111111111
27,73,3.5185185185185186,6,4.2,2.739130434782609
20,36,2.95,5,4.125,1.8333333333333333
20,69,3.75,7,4.714285714285714,3.8823529411764706
28,100,3.75,7,5.647058823529412,4.0
19,32,1.9473684210526316,4,2.8,1.5555555555555556
17,26,2.6470588235294117,5,3.2,1.4545454545454546
22,66,2.6363636363636362,5,3.875,3.4444444444444446
25,73,3.68,7,4.285714285714286,2.857142857142857
20,30,4.05,6,4.666666666666667,1.5555555555555556
28,93,3.4642857142857144,6,8.0,3.6666666666666665
28,150,4.571428571428571,8,5.818181818181818,5.12
19,29,3.9473684210526314,6,4.5,1.588235294117647
27,96,3.4444444444444446,6,7.076923076923077,4.0
31,170,4.387096774193548,8,6.791666666666667,6.037037037037037
24,75,2.5833333333333335,5,3.4375,2.8947368421052633
23,76,2.782608695652174,5,4.466666666666667,3.526315789473684
22,65,2.6818181818181817,5,4.066666666666666,3.388888888888889
24,88,3.25,7,4.055555555555555,3.65
25,88,3.68,6,4.777777777777778,3.739130434782609
17,39,2.588235294117647,5,2.6923076923076925,2.6923076923076925
19,51,2.5789473684210527,5,4.0,2.933333333333333
29,109,4.0,7,5.294117647058823,3.6
19,29,3.9473684210526314,6,4.5,1.588235294117647
27,94,3.4444444444444446,6,7.416666666666667,3.869565217391304
31,168,4.387096774193548,8,6.708333333333333,5.962962962962963
23,58,2.5217391304347827,5,2.6666666666666665,2.2222222222222223
23,76,2.782608695652174,5,4.533333333333333,3.5789473684210527
22,65,2.6818181818181817,5,4.066666666666666,3.388888888888889
24,86,3.2916666666666665,7,4.117647058823529,3.5
25,92,3.68,6,5.0,3.9130434782608696
19,39,2.736842105263158,5,2.9166666666666665,2.3333333333333335
19,48,2.5789473684210527,5,4.1,2.7333333333333334
19,29,3.9473684210526314,6,4.5,1.588235294117647
24,52,3.8333333333333335,6,4.8,2.2857142857142856
25,86,3.16,6,3.9411764705882355,3.1904761904761907
22,65,2.6818181818181817,5,4.066666666666666,3.388888888888889
19,29,3.9473684210526314,6,4.5,1.588235294117647
15,21,1.6,3,3.0,1.5
22,51,2.272727272727273,4,4.833333333333333,2.0714285714285716
26,93,3.076923076923077,5,4.888888888888889,4.0
21,68,2.857142857142857,6,3.3125,3.1176470588235294
17,36,2.6470588235294117,5,2.6666666666666665,2.4615384615384617
17,51,2.6470588235294117,5,3.6363636363636362,3.076923076923077
18,35,3.0555555555555554,6,2.5833333333333335,2.2142857142857144
18,31,2.7222222222222223,5,3.0,1.4
30,123,3.566666666666667,7,4.9523809523809526,4.0
20,30,2.55,4,3.857142857142857,1.5
21,72,3.6666666666666665,7,4.533333333333333,3.7777777777777777
23,58,3.0,7,3.5,2.1875
24,73,3.6666666666666665,7,5.230769230769231,3.238095238095238
20,32,1.9,4,3.25,1.4444444444444444
20,31,4.05,6,4.833333333333333,1.6111111111111112
23,61,2.217391304347826,4,5.428571428571429,2.923076923076923
30,103,3.2333333333333334,5,7.0,3.769230769230769
28,93,3.0,5,5.866666666666666,3.6666666666666665
22,67,2.6818181818181817,5,3.1176470588235294,2.789473684210526
20,30,4.05,6,4.666666666666667,1.5555555555555556
28,100,3.4285714285714284,5,6.333333333333333,3.9583333333333335
22,73,2.9545454545454546,6,4.0588235294117645,3.6315789473684212
19,29,3.9473684210526314,6,4.5,1.588235294117647
22,53,4.136363636363637,8,3.5,2.1
30,124,4.0,7,6.611111111111111,4.576923076923077
22,74,2.9545454545454546,6,4.117647058823529,3.6842105263157894
24,70,3.4166666666666665,6,4.0,2.5454545454545454
20,30,4.05,6,4.666666666666667,1.5555555555555556
26,128,3.8076923076923075,7,6.0,5.454545454545454
31,156,4.290322580645161,8,6.7272727272727275,5.481481481481482
18,25,1.7222222222222223,4,2.75,1.2222222222222223
21,57,2.9047619047619047,5,3.909090909090909,2.263157894736842
19,28,4.052631578947368,6,4.333333333333333,1.5294117647058822
27,97,3.5185185185185186,6,6.5,3.9565217391304346
24,102,4.083333333333333,8,5.823529411764706,4.714285714285714
20,51,2.7,5,3.066666666666667,2.875
21,67,3.0,6,3.7857142857142856,3.1176470588235294
24,105,3.5416666666666665,7,4.75,4.523809523809524
27,109,3.5925925925925926,6,5.533333333333333,3.772727272727273
29,84,3.2758620689655173,5,7.090909090909091,3.12
21,58,3.4761904761904763,6,4.153846153846154,3.0
19,53,2.5789473684210527,5,3.5833333333333335,2.8666666666666667
18,48,2.611111111111111,5,2.8666666666666667,3.0714285714285716
17,39,2.588235294117647,5,2.6153846153846154,2.6153846153846154
22,64,2.6363636363636362,5,3.642857142857143,2.6842105263157894
19,29,3.9473684210526314,6,4.5,1.588235294117647
23,61,2.652173913043478,6,4.222222222222222,2.533333333333333
30,143,4.0,7,5.7272727272727275,4.846153846153846
25,79,2.64,5,4.625,3.5238095238095237
20,61,2.65,5,4.333333333333333,3.25
19,52,3.4210526315789473,6,3.5454545454545454,2.2941176470588234
26,74,3.4615384615384617,6,4.615384615384615,2.727272727272727
18,23,1.2777777777777777,2,4.0,1.6
22,69,3.272727272727273,6,4.769230769230769,3.6470588235294117
26,83,2.6538461538461537,5,4.8125,3.5
21,37,2.4285714285714284,5,4.0,1.6
22,76,2.9545454545454546,6,4.428571428571429,3.6470588235294117
26,77,3.923076923076923,6,5.142857142857143,3.130434782608696
21,70,2.7142857142857144,5,4.0,3.5555555555555554
25,82,3.28,6,4.8125,3.6666666666666665
17,39,2.588235294117647,5,2.5384615384615383,2.5384615384615383
21,60,2.619047619047619,6,3.857142857142857,3.176470588235294
24,71,3.4166666666666665,7,5.230769230769231,3.238095238095238
22,52,3.272727272727273,5,5.0,2.2222222222222223
21,36,2.4761904761904763,4,6.75,1.6875
18,33,2.611111111111111,5,3.25,2.0
22,65,3.727272727272727,7,4.6923076923076925,3.210526315789474
24,65,3.1666666666666665,6,3.75,3.0
21,67,2.619047619047619,5,4.2,3.5
22,58,3.5,6,3.6923076923076925,2.4
24,77,3.5,6,4.714285714285714,3.3
19,31,3.9473684210526314,6,4.833333333333333,1.7058823529411764
24,61,3.25,5,4.333333333333333,1.95
27,88,3.185185185185185,6,5.533333333333333,3.608695652173913
21,69,2.619047619047619,5,4.0625,3.611111111111111
24,68,3.5416666666666665,7,3.7333333333333334,2.5454545454545454
24,57,3.375,6,3.7857142857142856,2.65
17,33,2.2941176470588234,4,3.6,1.6363636363636365
16,30,2.5625,5,3.0,1.7142857142857142
23,69,3.608695652173913,6,4.285714285714286,3.0
20,30,4.05,6,4.666666666666667,1.5555555555555556
22,63,3.0,6,4.545454545454546,2.5
30,127,3.9,7,5.545454545454546,4.6923076923076925
21,67,2.5714285714285716,5,3.9375,3.5
19,29,3.9473684210526314,6,4.5,1.588235294117647
22,59,3.090909090909091,6,4.555555555555555,2.5625
27,101,4.111111111111111,7,5.388888888888889,4.041666666666667
27,92,3.3333333333333335,6,5.3125,3.6956521739130435
20,32,4.05,6,5.0,1.6666666666666667
26,126,3.769230769230769,8,5.315789473684211,4.590909090909091
26,76,2.8076923076923075,5,4.8,3.272727272727273
28,155,4.535714285714286,8,6.217391304347826,5.72
20,60,2.6,5,4.071428571428571,3.3529411764705883
20,30,4.05,6,4.666666666666667,1.5555555555555556
27,101,3.5185185185185186,6,5.5625,3.7083333333333335
25,80,2.76,5,5.066666666666666,3.619047619047619
20,30,4.05,6,4.666666666666667,1.5555555555555556
22,52,2.5454545454545454,6,4.125,2.357142857142857
29,98,3.0,5,5.529411764705882,3.76
25,96,3.28,6,4.277777777777778,3.6666666666666665
23,71,2.739130434782609,5,4.466666666666667,3.526315789473684
19,29,3.9473684210526314,6,4.5,1.588235294117647
22,52,2.227272727272727,4,4.444444444444445,2.5
25,74,2.8,5,5.0,3.3333333333333335
23,68,3.1739130434782608,6,4.333333333333333,2.4761904761904763
27,79,3.185185185185185,5,4.411764705882353,3.260869565217391
16,31,2.25,4,3.2,1.6
21,62,2.5238095238095237,5,3.9285714285714284,3.0555555555555554
29,101,3.8275862068965516,7,5.0588235294117645,3.44
19,29,3.9473684210526314,6,4.5,1.588235294117647
23,76,2.608695652173913,5,5.142857142857143,3.6
29,104,3.5172413793103448,6,6.6,3.96
20,33,2.5,4,4.428571428571429,1.7222222222222223
29,82,3.1379310344827585,5,6.0,3.12
19,54,4.368421052631579,8,4.25,3.0
23,72,3.739130434782609,7,4.333333333333333,3.25
25,76,3.0,5,6.454545454545454,3.380952380952381
25,95,3.6,7,5.176470588235294,4.190476190476191
18,27,1.6111111111111112,4,2.5,1.4285714285714286
21,61,2.5238095238095237,5,3.7142857142857144,2.888888888888889
20,30,4.05,6,4.666666666666667,1.5555555555555556
20,66,2.75,5,4.133333333333334,3.6470588235294117
22,58,2.6363636363636362,6,3.272727272727273,2.4
26,88,2.923076923076923,5,4.611111111111111,3.772727272727273
19,28,4.052631578947368,6,4.333333333333333,1.5294117647058822
27,110,3.5555555555555554,6,5.8125,3.875
24,75,2.5833333333333335,5,4.666666666666667,3.5
21,56,3.4285714285714284,6,4.0,2.888888888888889
17,28,1.7058823529411764,4,2.4,1.7142857142857142
18,32,2.7777777777777777,5,3.111111111111111,2.0
15,28,2.1333333333333333,4,2.8,1.5555555555555556
18,37,2.888888888888889,5,3.090909090909091,2.125
19,29,3.9473684210526314,6,4.5,1.588235294117647
27,92,3.4444444444444446,6,7.25,3.782608695652174
25,77,2.8,5,3.625,2.761904761904762
19,29,3.9473684210526314,6,4.5,1.588235294117647
25,90,3.52,6,5.133333333333334,3.5
25,84,3.0,5,5.642857142857143,3.761904761904762
23,70,2.782608695652174,5,3.533333333333333,2.789473684210526
21,57,3.4761904761904763,6,4.076923076923077,2.9444444444444446
21,68,2.9523809523809526,6,3.5625,3.3529411764705883
20,30,4.05,6,4.666666666666667,1.5555555555555556
27,92,3.4444444444444446,6,7.25,3.782608695652174
23,99,3.9565217391304346,7,4.315789473684211,4.1
19,29,3.9473684210526314,6,4.5,1.588235294117647
22,53,2.3181818181818183,5,5.166666666666667,2.3846153846153846
29,109,3.4482758620689653,6,5.526315789473684,4.2
24,85,2.9583333333333335,6,4.6875,3.75
19,29,4.052631578947368,6,4.5,1.588235294117647
26,122,3.8076923076923075,7,5.428571428571429,5.181818181818182
27,94,3.3333333333333335,6,5.294117647058823,3.9130434782608696
17,32,2.2941176470588234,5,2.5555555555555554,1.7692307692307692
19,37,2.3684210526315788,4,3.8,1.5833333333333333
21,62,2.619047619047619,5,4.153846153846154,3.176470588235294
20,30,4.05,6,4.666666666666667,1.5555555555555556
25,55,3.96,6,5.1,2.3181818181818183
20,29,1.45,3,3.3333333333333335,1.6666666666666667
22,64,2.6818181818181817,5,3.1875,2.6842105263157894
20,30,4.05,6,4.666666666666667,1.5555555555555556
24,87,2.875,5,5.533333333333333,3.9523809523809526
28,95,3.3214285714285716,6,5.625,3.75
22,64,3.0454545454545454,6,3.8125,3.210526315789474
17,41,2.588235294117647,5,2.769230769230769,2.769230769230769
16,28,2.25,4,3.2,1.6
20,56,2.65,5,4.0,3.0
24,62,3.3333333333333335,6,4.166666666666667,2.5
17,21,1.2941176470588236,2,4.0,1.6
21,26,1.2380952380952381,2,4.0,1.6
22,60,3.772727272727273,7,4.666666666666667,2.9473684210526314
22,59,2.090909090909091,4,3.3333333333333335,2.6666666666666665
20,70,3.85,7,4.571428571428571,3.764705882352941
23,90,3.260869565217391,7,5.071428571428571,3.9444444444444446
23,65,2.260869565217391,4,4.2,2.8
22,83,3.772727272727273,6,5.142857142857143,3.789473684210526
24,64,2.5,5,3.5,2.3333333333333335
24,109,4.041666666666667,8,5.421052631578948,4.904761904761905
24,41,1.7916666666666667,4,4.25,1.7
18,32,2.388888888888889,4,5.75,1.6428571428571428
26,64,3.5384615384615383,6,4.833333333333333,2.5217391304347827
19,31,3.9473684210526314,6,4.666666666666667,1.6470588235294117
20,60,2.65,5,5.111111111111111,3.2857142857142856
27,133,3.888888888888889,7,6.333333333333333,4.956521739130435
24,71,3.7916666666666665,6,4.714285714285714,3.142857142857143
22,60,3.227272727272727,6,3.6,3.0
19,33,3.8421052631578947,6,5.0,1.7647058823529411
24,95,2.625,5,5.5625,4.45
23,74,3.782608695652174,7,4.0,2.6
28,102,2.8214285714285716,5,5.0,3.9583333333333335
22,64,2.6363636363636362,5,3.8666666666666667,3.2222222222222223
24,74,2.8333333333333335,5,4.117647058823529,3.5
22,70,2.6363636363636362,5,4.1875,3.526315789473684
18,29,3.9444444444444446,6,4.5,1.6875
26,94,3.576923076923077,6,5.6,3.652173913043478
24,64,3.125,5,3.588235294117647,2.9047619047619047
19,31,3.9473684210526314,6,4.833333333333333,1.7058823529411764
26,95,3.5384615384615383,6,5.533333333333333,3.608695652173913
23,65,3.652173913043478,7,4.133333333333334,3.1
25,90,3.08,6,5.25,4.0
21,69,2.619047619047619,5,4.125,3.6666666666666665
22,67,2.590909090909091,5,3.9375,3.5
24,94,3.375,6,5.1875,4.15
20,32,4.05,6,5.0,1.6666666666666667
25,92,3.0,6,5.235294117647059,4.045454545454546
29,97,3.206896551724138,5,5.8125,3.72
21,37,3.0476190476190474,5,4.714285714285714,1.736842105263158
14,19,1.6428571428571428,3,2.25,1.5
27,87,3.074074074074074,5,5.857142857142857,3.5652173913043477
29,124,4.206896551724138,8,5.85,4.68
19,28,1.631578947368421,4,2.5,1.4285714285714286
21,66,2.619047619047619,5,3.9375,3.5
23,65,2.6956521739130435,5,4.066666666666666,3.210526315789474
18,36,2.388888888888889,4,3.5,1.75
22,57,3.5,6,3.7857142857142856,2.789473684210526
18,33,2.2222222222222223,4,3.6,1.6363636363636365
17,29,3.3529411764705883,6,3.8,1.3571428571428572
16,34,2.5,5,2.5,2.5
20,30,4.05,6,4.666666666666667,1.5555555555555556
25,89,3.44,6,5.266666666666667,3.590909090909091
22,57,2.8636363636363638,5,3.533333333333333,2.9444444444444446
19,29,3.9473684210526314,6,4.5,1.588235294117647
25,92,3.4,5,6.5,3.5454545454545454
24,62,2.9583333333333335,5,4.142857142857143,2.9
23,74,2.782608695652174,5,4.714285714285714,3.473684210526316
21,65,2.4285714285714284,4,3.875,3.4444444444444446
24,84,3.375,6,4.117647058823529,3.5
16,37,2.5,5,2.75,2.75
23,70,2.782608695652174,5,4.5,3.3157894736842106
23,70,2.782608695652174,5,4.5,3.3157894736842106
22,48,3.4545454545454546,6,4.4,2.4444444444444446
17,20,1.2941176470588236,2,4.0,1.6
20,23,1.3,2,4.5,1.5
20,48,3.4,6,4.777777777777778,2.5294117647058822
20,69,3.7,7,3.923076923076923,3.0
22,46,1.7272727272727273,3,4.142857142857143,2.0714285714285716
23,73,2.869565217391304,6,4.214285714285714,3.2777777777777777
23,37,1.3043478260869565,2,5.666666666666667,2.4285714285714284
22,83,4.045454545454546,8,5.0,4.2105263157894735
22,33,1.7272727272727273,4,3.6,2.0
19,27,2.0,3,5.0,1.4285714285714286
22,65,4.454545454545454,8,4.2,3.15
22,57,3.0454545454545454,7,2.9166666666666665,2.1875
25,69,3.04,5,3.611111111111111,3.0952380952380953
24,62,2.7916666666666665,5,5.125,2.2777777777777777
20,30,4.05,6,4.666666666666667,1.5555555555555556
26,113,3.769230769230769,7,5.888888888888889,4.818181818181818
23,63,2.9565217391304346,7,3.4166666666666665,2.5625
27,90,2.962962962962963,5,5.733333333333333,3.739130434782609
18,26,3.5555555555555554,5,4.8,1.5
22,56,2.8181818181818183,6,4.25,2.2666666666666666
26,90,3.8846153846153846,7,4.526315789473684,3.739130434782609
23,81,2.9130434782608696,6,4.277777777777778,3.85
24,67,3.125,5,4.0,2.3636363636363638
19,28,4.052631578947368,6,4.333333333333333,1.5294117647058822
25,67,3.88,6,5.25,2.8636363636363638
19,29,3.9473684210526314,6,4.5,1.588235294117647
24,73,2.5833333333333335,5,5.444444444444445,2.8823529411764706
23,67,3.6956521739130435,6,4.2,3.15
16,20,1.4375,2,7.0,1.0
18,46,2.611111111111111,5,3.230769230769231,3.0
19,29,3.9473684210526314,6,4.5,1.588235294117647
27,96,3.4444444444444446,6,7.0,3.9565217391304346
24,109,3.9583333333333335,7,4.65,4.428571428571429
19,29,3.9473684210526314,6,4.5,1.588235294117647
22,54,2.772727272727273,6,4.0,2.1333333333333333
28,100,3.0357142857142856,5,5.277777777777778,3.9583333333333335
25,87,3.2,6,4.533333333333333,3.238095238095238
19,28,4.052631578947368,6,4.333333333333333,1.5294117647058822
28,99,3.4642857142857144,6,6.714285714285714,3.9166666666666665
22,55,2.8636363636363638,5,3.5833333333333335,2.15
20,32,1.9,4,3.25,1.4444444444444444
25,65,3.48,6,3.857142857142857,2.5714285714285716
17,20,1.2941176470588236,2,4.0,1.6
21,24,1.2857142857142858,2,4.0,1.3333333333333333
19,54,3.6842105263157894,6,4.636363636363637,3.1875
21,53,1.9047619047619047,3,3.6,2.4
22,85,3.6363636363636362,7,4.25,3.5789473684210527
23,81,3.869565217391304,6,6.2727272727272725,3.45
23,58,2.347826086956522,5,3.1666666666666665,2.235294117647059
21,59,2.7142857142857144,5,3.9166666666666665,2.9375
23,33,1.6956521739130435,4,3.5,1.5555555555555556
18,25,1.8333333333333333,3,5.333333333333333,1.3333333333333333
22,68,4.2272727272727275,8,4.4,3.3
22,65,3.5454545454545454,7,3.909090909090909,2.388888888888889
27,107,3.4444444444444446,6,5.05,4.391304347826087
18,28,3.9444444444444446,6,4.166666666666667,1.5625
22,75,2.9545454545454546,6,4.5,3.789473684210526
24,50,3.125,5,4.0,1.4736842105263157
25,77,3.12,6,4.733333333333333,3.380952380952381
19,43,2.789473684210526,5,3.5,2.0588235294117645
26,95,3.076923076923077,6,4.722222222222222,3.8636363636363638
20,30,4.05,6,4.666666666666667,1.5555555555555556
24,51,3.25,5,3.4444444444444446,1.55
28,91,3.2142857142857144,6,5.666666666666667,3.5416666666666665
20,58,2.6,5,3.6,3.176470588235294
20,30,4.05,6,4.666666666666667,1.5555555555555556
24,89,3.0833333333333335,6,5.3125,4.0476190476190474
22,56,2.6363636363636362,6,3.7777777777777777,2.2666666666666666
25,78,3.84,7,4.933333333333334,3.3636363636363638
19,55,2.6842105263157894,5,3.0625,3.2666666666666666
20,45,3.45,6,3.727272727272727,2.2777777777777777
17,22,1.2941176470588236,2,4.0,1.6
21,25,1.2380952380952381,2,3.5,1.4
21,49,3.3333333333333335,6,4.888888888888889,2.4444444444444446
23,103,3.9130434782608696,8,5.117647058823529,4.35
23,56,1.826086956521739,4,3.5,2.5
26,112,3.923076923076923,7,5.647058823529412,4.363636363636363
23,52,1.8695652173913044,4,3.1,2.3846153846153846
26,120,4.230769230769231,8,5.7,4.956521739130435
25,41,1.76,4,5.333333333333333,1.6
18,34,1.8888888888888888,3,6.0,1.5
21,79,3.6666666666666665,7,4.6875,4.166666666666667
23,74,3.782608695652174,7,4.0,2.6
27,96,3.4074074074074074,6,4.684210526315789,3.869565217391304
27,142,3.8518518518518516,7,6.190476190476191,5.6521739130434785
27,115,4.074074074074074,7,5.352941176470588,3.9565217391304346
20,34,3.95,6,5.166666666666667,1.7222222222222223
28,104,3.4642857142857144,5,6.6,4.125
22,64,3.5454545454545454,6,4.357142857142857,3.210526315789474
21,61,3.0952380952380953,5,3.625,3.2222222222222223
22,50,3.5,6,4.5,2.3684210526315788
19,33,3.9473684210526314,6,5.166666666666667,1.8235294117647058
22,52,3.772727272727273,6,4.0,2.526315789473684
21,42,2.5714285714285716,4,4.6,1.6428571428571428
23,83,2.6956521739130435,5,4.0588235294117645,3.45
20,34,4.05,6,5.333333333333333,1.7777777777777777
24,83,2.9583333333333335,6,4.705882352941177,3.8095238095238093
22,55,2.8181818181818183,6,4.222222222222222,2.533333333333333
27,93,2.740740740740741,5,4.684210526315789,3.869565217391304
25,120,3.56,7,5.473684210526316,4.9523809523809526
22,64,2.6818181818181817,5,4.0,3.3333333333333335
27,120,4.37037037037037,8,5.55,4.625
25,77,3.12,6,4.8,3.4285714285714284
20,65,3.4,7,3.7857142857142856,3.3125
17,38,2.588235294117647,5,2.8333333333333335,2.6153846153846154
20,30,4.05,6,4.666666666666667,1.5555555555555556
24,74,2.4583333333333335,5,5.555555555555555,3.3333333333333335
28,101,3.357142857142857,6,5.388888888888889,4.041666666666667
23,84,3.3043478260869565,6,4.1875,3.526315789473684
21,59,2.6666666666666665,5,3.6666666666666665,3.235294117647059
29,98,3.8275862068965516,7,5.0588235294117645,3.44
19,29,3.9473684210526314,6,4.5,1.588235294117647
24,71,2.5416666666666665,5,5.875,2.9375
28,104,3.75,7,5.555555555555555,4.166666666666667
23,83,3.3043478260869565,6,4.125,3.473684210526316
22,67,2.6363636363636362,5,3.9375,3.5
23,61,3.391304347826087,6,3.923076923076923,2.55
19,29,3.9473684210526314,6,4.5,1.588235294117647
14,22,1.9285714285714286,3,3.0,1.5
22,60,3.6818181818181817,6,4.3076923076923075,2.9473684210526314
26,92,3.076923076923077,6,4.722222222222222,3.8636363636363638
22,74,2.6363636363636362,5,4.4375,3.736842105263158
21,34,3.0476190476190474,5,4.571428571428571,1.6842105263157894
29,101,3.3793103448275863,6,6.4,3.84
19,31,1.9473684210526316,4,3.25,1.4444444444444444
19,29,3.9473684210526314,6,4.5,1.588235294117647
23,48,3.0434782608695654,5,3.25,1.4444444444444444
28,96,3.2142857142857144,6,5.6875,3.7916666666666665
19,29,3.9473684210526314,6,4.5,1.588235294117647
22,55,4.181818181818182,8,4.2,2.1
26,82,3.923076923076923,7,5.2,3.391304347826087
24,84,2.875,6,4.2105263157894735,3.8095238095238093
23,69,2.5217391304347827,5,3.823529411764706,3.4210526315789473
22,78,3.590909090909091,7,3.9375,3.5
24,54,3.625,6,4.166666666666667,2.5
18,22,1.3333333333333333,2,5.0,1.6666666666666667
21,24,1.2857142857142858,2,4.5,1.5
18,47,3.7777777777777777,6,4.0,2.933333333333333
20,49,1.95,3,3.5,2.5
21,72,3.3333333333333335,6,4.5,3.176470588235294
23,82,3.5217391304347827,5,5.916666666666667,3.55
24,57,2.2916666666666665,4,3.6,2.1176470588235294
21,57,2.4761904761904763,5,4.090909090909091,3.0
21,29,1.7619047619047619,4,4.0,1.7777777777777777
20,31,1.95,3,5.5,1.5714285714285714
25,63,3.56,6,4.75,2.590909090909091
26,100,3.0,6,5.294117647058823,4.090909090909091
18,27,3.9444444444444446,6,4.166666666666667,1.5625
27,126,3.962962962962963,8,5.9,5.130434782608695
23,62,2.9565217391304346,7,3.4166666666666665,2.5625
27,90,2.962962962962963,5,5.666666666666667,3.6956521739130435
18,27,3.9444444444444446,6,4.166666666666667,1.5625
26,116,3.8076923076923075,7,6.055555555555555,4.954545454545454
27,85,3.074074074074074,5,5.714285714285714,3.4782608695652173
18,27,3.9444444444444446,6,4.166666666666667,1.5625
22,56,2.8181818181818183,6,4.25,2.2666666666666666
26,94,3.5,7,4.944444444444445,4.045454545454546
22,71,2.772727272727273,6,3.9411764705882355,3.526315789473684
19,28,4.052631578947368,6,4.333333333333333,1.5294117647058822
25,60,3.88,6,5.6,2.5454545454545454
19,29,3.9473684210526314,6,4.5,1.588235294117647
26,120,3.8076923076923075,7,5.65,5.136363636363637
22,59,2.8636363636363638,7,3.7,2.466666666666667
27,113,3.814814814814815,7,5.0,3.9130434782608696
23,70,2.652173913043478,5,4.0625,3.4210526315789473
20,43,2.75,5,3.3,1.8333333333333333
20,30,4.05,6,4.666666666666667,1.5555555555555556
25,65,3.88,6,5.545454545454546,2.772727272727273
27,109,3.1481481481481484,6,5.2631578947368425,4.3478260869565215
19,29,3.9473684210526314,6,4.5,1.588235294117647
26,123,3.8076923076923075,7,5.75,5.2272727272727275
22,58,2.8636363636363638,7,3.6,2.4
26,86,2.730769230769231,5,5.0625,3.6818181818181817
26,85,3.6538461538461537,6,5.5,3.5
26,93,2.8846153846153846,6,4.666666666666667,3.8181818181818183
18,27,3.9444444444444446,6,4.166666666666667,1.5625
26,107,3.5,7,5.0625,3.857142857142857
26,77,3.076923076923077,5,4.5,3.272727272727273
23,73,4.086956521739131,8,4.375,3.5
23,70,2.9130434782608696,5,5.0,3.4210526315789473
18,56,3.0555555555555554,6,3.6666666666666665,3.142857142857143
15,33,2.533333333333333,5,2.4166666666666665,2.4166666666666665
17,35,2.6470588235294117,5,2.5,2.3076923076923075
22,60,2.6363636363636362,5,3.4285714285714284,2.526315789473684
21,47,3.380952380952381,6,4.1,2.1578947368421053
17,21,1.2941176470588236,2,4.0,1.6
22,26,1.2272727272727273,2,4.0,1.6
20,47,3.4,6,5.25,2.4705882352941178
23,86,3.608695652173913,8,4.117647058823529,3.6842105263157894
22,52,1.7727272727272727,3,3.875,2.3846153846153846
26,111,3.8846153846153846,7,5.875,4.2727272727272725
23,43,1.5217391304347827,3,4.6,2.3
25,109,4.12,8,5.777777777777778,4.7272727272727275
24,37,1.7916666666666667,4,5.0,1.5
17,27,2.0588235294117645,4,4.5,1.6363636363636365
21,82,3.7142857142857144,7,4.9375,4.388888888888889
24,84,3.9583333333333335,8,4.6923076923076925,2.9047619047619047
25,77,2.68,5,4.733333333333333,3.380952380952381
18,29,3.9444444444444446,6,4.166666666666667,1.5625
22,67,4.2272727272727275,8,3.7333333333333334,2.8
27,95,4.074074074074074,7,5.294117647058823,3.75
27,116,3.111111111111111,6,5.25,4.565217391304348
25,83,3.64,7,4.6923076923076925,2.9047619047619047
19,29,3.9473684210526314,6,4.5,1.588235294117647
17,23,1.5294117647058822,3,3.0,1.2857142857142858
25,81,3.08,5,5.769230769230769,3.5714285714285716
22,64,2.8636363636363638,5,4.833333333333333,3.2222222222222223
22,70,2.727272727272727,5,3.4,2.6842105263157894
19,31,3.8421052631578947,6,4.833333333333333,1.7058823529411764
21,75,3.6666666666666665,7,4.8,4.0
32,199,4.4375,8,7.56,6.75
25,115,3.64,7,5.444444444444445,4.666666666666667
22,70,2.6363636363636362,5,4.0,3.5555555555555554
25,80,3.28,6,4.6875,3.5714285714285716
20,60,2.6,5,3.5714285714285716,3.125
29,114,4.103448275862069,7,5.111111111111111,3.68
23,46,3.9130434782608696,6,6.142857142857143,2.15
20,54,4.1,8,3.8461538461538463,2.7777777777777777
28,103,3.5714285714285716,7,5.2105263157894735,4.125
26,99,2.8846153846153846,6,4.523809523809524,4.318181818181818
24,74,4.333333333333333,7,4.846153846153846,2.8636363636363638
20,32,3.65,5,6.0,1.6666666666666667
22,80,2.909090909090909,6,4.75,4.0
22,57,2.8636363636363638,6,4.444444444444445,2.6666666666666665
30,101,3.1666666666666665,5,4.8,3.6923076923076925
19,30,3.5789473684210527,5,5.6,1.6470588235294117
21,58,2.7142857142857144,5,5.0,2.6470588235294117
28,90,3.142857142857143,5,5.375,3.5833333333333335
25,91,3.04,6,4.666666666666667,4.0
22,75,2.6363636363636362,5,4.4375,3.736842105263158
24,62,3.375,6,3.7142857142857144,2.6
19,29,3.9473684210526314,6,4.5,1.588235294117647
24,53,3.9166666666666665,6,4.083333333333333,2.3333333333333335
21,33,1.8571428571428572,4,3.25,1.4444444444444444
22,75,2.6818181818181817,5,3.588235294117647,3.210526315789474
19,29,3.9473684210526314,6,4.5,1.588235294117647
22,60,4.136363636363637,8,4.636363636363637,2.55
29,111,3.103448275862069,5,6.294117647058823,4.28
25,102,3.4,7,4.0,4.0
17,26,1.7058823529411764,4,2.6,1.8571428571428572
25,78,3.0,5,4.5625,3.4761904761904763
19,55,2.9473684210526314,5,4.0,3.0
17,37,2.588235294117647,5,2.75,2.5384615384615383
19,29,3.9473684210526314,6,4.5,1.588235294117647
22,72,2.5454545454545454,4,4.928571428571429,3.6315789473684212
29,98,3.310344827586207,6,5.529411764705882,3.76
19,29,3.9473684210526314,6,4.5,1.588235294117647
26,94,3.5384615384615383,6,5.714285714285714,3.4782608695652173
22,56,2.8636363636363638,5,3.466666666666667,2.888888888888889
20,31,4.05,6,4.833333333333333,1.6111111111111112
22,55,2.5454545454545454,6,4.25,2.4285714285714284
27,103,3.5185185185185186,7,5.105263157894737,4.217391304347826
29,127,3.896551724137931,7,5.409090909090909,4.76
22,69,2.772727272727273,5,4.461538461538462,3.2222222222222223
21,53,2.7142857142857144,5,3.5,2.8823529411764706
23,58,3.391304347826087,6,4.8,2.526315789473684
21,37,3.0476190476190474,5,4.25,1.7894736842105263
21,66,3.6666666666666665,6,5.7272727272727275,3.5
23,64,2.9565217391304346,5,4.0,3.1578947368421053
20,30,4.05,6,4.666666666666667,1.5555555555555556
21,58,2.3333333333333335,4,5.0,3.0
25,70,3.56,6,4.4,3.142857142857143
19,32,1.9473684210526316,4,2.8,1.5555555555555556
17,33,2.8823529411764706,6,3.375,2.076923076923077
24,80,3.3333333333333335,6,4.5625,3.65
17,38,2.5294117647058822,5,2.8333333333333335,2.6153846153846154
16,37,2.5,5,2.75,2.5384615384615383
19,29,3.9473684210526314,6,4.5,1.588235294117647
26,90,3.576923076923077,6,5.375,3.909090909090909
27,99,3.4444444444444446,7,4.944444444444445,3.869565217391304
19,29,3.9473684210526314,6,4.5,1.588235294117647
22,66,2.8181818181818183,5,4.5,3.3157894736842106
28,104,3.392857142857143,6,5.5,4.125
20,31,4.05,6,4.833333333333333,1.6111111111111112
15,19,1.5333333333333334,3,3.5,1.1666666666666667
29,145,3.8275862068965516,7,5.714285714285714,4.8
25,80,3.0,5,5.0,3.5714285714285716
23,73,2.782608695652174,5,4.642857142857143,3.4210526315789473
17,36,2.6470588235294117,5,2.6666666666666665,2.4615384615384617
20,30,4.05,6,4.666666666666667,1.5555555555555556
27,93,3.4814814814814814,6,6.769230769230769,3.8260869565217392
32,175,4.46875,8,6.916666666666667,5.928571428571429
23,63,2.782608695652174,5,3.066666666666667,2.4210526315789473
19,29,3.9473684210526314,6,4.5,1.588235294117647
26,123,3.8076923076923075,7,5.476190476190476,5.2272727272727275
25,88,3.16,6,4.9411764705882355,3.8181818181818183
25,77,3.0,5,6.0,3.4285714285714284
21,71,3.1904761904761907,5,4.2,3.5
20,49,2.7,5,3.3846153846153846,2.75
16,21,1.5,3,4.0,1.1428571428571428
19,48,2.8421052631578947,5,3.6,2.1176470588235294
19,49,2.5789473684210527,5,4.2,2.8
20,30,4.05,6,4.666666666666667,1.5555555555555556
26,119,4.115384615384615,8,5.55,5.045454545454546
22,66,3.727272727272727,7,4.357142857142857,3.210526315789474
28,91,3.857142857142857,7,4.5,3.0
20,36,3.1,5,3.875,1.7222222222222223
21,55,4.0,7,3.7857142857142856,2.789473684210526
25,110,4.2,8,5.0,4.090909090909091
24,89,3.0,6,4.421052631578948,4.0
25,79,2.68,5,4.933333333333334,3.5238095238095237
24,91,3.2916666666666665,6,4.866666666666666,3.65
19,28,4.052631578947368,6,4.333333333333333,1.5294117647058822
27,96,3.4444444444444446,6,7.0,3.9565217391304346
31,173,4.354838709677419,8,7.454545454545454,6.074074074074074
23,66,2.739130434782609,5,3.5,2.5789473684210527
19,28,4.052631578947368,6,4.333333333333333,1.5294117647058822
16,20,1.5,3,2.6666666666666665,1.1428571428571428
26,110,3.6538461538461537,6,5.375,3.909090909090909
25,72,3.0,5,4.466666666666667,3.1904761904761907
21,56,3.4285714285714284,6,4.0,2.888888888888889
18,46,2.5555555555555554,5,2.7333333333333334,2.9285714285714284
19,28,4.052631578947368,6,4.333333333333333,1.5294117647058822
16,20,1.375,2,3.5,1.1666666666666667
25,78,3.04,5,5.615384615384615,3.4761904761904763
23,67,2.9130434782608696,5,4.769230769230769,3.263157894736842
22,62,2.6818181818181817,5,3.2142857142857144,2.3684210526315788
19,28,4.052631578947368,6,4.333333333333333,1.5294117647058822
14,19,1.6428571428571428,3,2.6666666666666665,1.3333333333333333
24,67,3.0,7,3.5833333333333335,2.5294117647058822
26,86,2.6153846153846154,5,5.0625,3.6818181818181817
21,59,2.761904761904762,5,3.6,3.176470588235294
19,59,2.736842105263158,5,3.8333333333333335,3.066666666666667
26,72,3.769230769230769,7,4.5,2.8636363636363638
18,26,1.8888888888888888,4,2.6,1.3
20,52,3.25,7,4.0,3.142857142857143
25,113,3.6,6,5.055555555555555,4.333333333333333
23,71,3.8260869565217392,6,4.466666666666667,3.35
22,58,2.9545454545454546,5,3.3125,2.9444444444444446
20,35,3.5,5,3.875,1.7222222222222223
25,99,3.48,7,4.7,4.476190476190476
25,101,3.72,7,5.529411764705882,4.476190476190476
25,121,3.52,7,5.142857142857143,5.142857142857143
30,117,4.033333333333333,7,5.166666666666667,3.576923076923077
19,29,3.9473684210526314,6,4.5,1.588235294117647
25,138,3.8,7,6.190476190476191,6.190476190476191
27,107,3.6666666666666665,6,6.0,4.434782608695652
19,58,2.6315789473684212,5,3.466666666666667,3.25
20,34,3.95,6,5.166666666666667,1.7222222222222223
25,61,1.88,4,4.0,2.5714285714285716
27,87,3.111111111111111,5,5.785714285714286,3.5217391304347827
22,68,3.9545454545454546,7,3.8666666666666667,2.9
18,35,2.5,4,3.8,1.5833333333333333
28,76,3.392857142857143,6,3.7142857142857144,2.1666666666666665
23,46,3.9130434782608696,6,6.142857142857143,2.15
28,98,3.5,6,6.714285714285714,3.9166666666666665
28,155,4.392857142857143,8,6.5,5.72
19,35,3.9473684210526314,6,5.166666666666667,1.8235294117647058
23,78,3.0,6,4.6875,3.75
24,67,3.2916666666666665,7,4.166666666666667,2.7777777777777777
27,95,3.4814814814814814,6,4.7368421052631575,3.9130434782608696
25,80,2.96,6,4.5,3.4285714285714284
20,41,3.4,6,3.9,2.1666666666666665
18,26,1.4444444444444444,2,6.5,1.625
20,62,3.6,7,4.214285714285714,3.4705882352941178
24,79,3.875,7,4.6875,3.5714285714285716
23,95,3.3043478260869565,6,4.611111111111111,4.368421052631579
23,89,3.217391304347826,6,4.9375,4.157894736842105
19,30,2.526315789473684,4,3.5,1.5
24,83,2.9166666666666665,6,5.454545454545454,3.5294117647058822
28,106,3.392857142857143,6,5.611111111111111,4.208333333333333
23,82,3.347826086956522,6,3.8823529411764706,3.473684210526316
21,70,2.619047619047619,5,4.125,3.6666666666666665
23,64,3.1739130434782608,6,3.8461538461538463,2.380952380952381
20,32,3.65,5,5.8,1.6111111111111112
19,56,3.3157894736842106,7,4.076923076923077,3.3125
25,94,3.92,6,5.625,4.090909090909091
25,93,2.96,6,4.45,4.045454545454546
24,72,3.4583333333333335,6,4.0,2.3636363636363638
24,74,3.625,7,4.666666666666667,3.3333333333333335
18,30,2.111111111111111,4,3.2,1.6
23,54,3.217391304347826,6,4.166666666666667,2.6315789473684212
17,39,2.588235294117647,5,2.6923076923076925,2.6923076923076925
21,71,3.0476190476190474,6,3.588235294117647,3.588235294117647
31,126,4.064516129032258,7,6.055555555555555,4.037037037037037
19,29,3.9473684210526314,6,4.5,1.588235294117647
14,27,3.642857142857143,6,3.0,2.0
27,93,3.111111111111111,5,5.866666666666666,3.8260869565217392
24,82,2.875,5,5.142857142857143,3.6
22,62,2.727272727272727,5,3.8666666666666667,3.2222222222222223
23,59,4.043478260869565,7,4.3076923076923075,2.8
20,52,2.85,5,3.5454545454545454,2.1666666666666665
29,105,3.9310344827586206,7,4.944444444444445,3.56
19,29,3.9473684210526314,6,4.5,1.588235294117647
20,59,3.8,7,4.3076923076923075,3.2941176470588234
30,116,3.966666666666667,7,6.222222222222222,4.3076923076923075
16,21,1.75,4,3.0,1.7142857142857142
23,64,3.391304347826087,6,3.6923076923076925,2.2857142857142856
24,77,2.9583333333333335,5,4.235294117647059,3.6
22,74,2.909090909090909,6,3.7333333333333334,3.111111111111111
21,57,3.4761904761904763,6,3.533333333333333,2.9444444444444446
19,50,2.5789473684210527,5,4.2,2.8
28,99,3.7142857142857144,7,4.882352941176471,3.4583333333333335
19,29,3.9473684210526314,6,4.5,1.588235294117647
15,31,3.1333333333333333,5,3.857142857142857,2.25
22,50,2.590909090909091,5,3.5,1.75
26,90,3.4615384615384617,6,5.375,3.909090909090909
24,87,3.125,6,4.411764705882353,3.75
20,48,3.3,6,3.3333333333333335,2.5
20,52,3.45,6,3.769230769230769,2.8823529411764706
30,114,3.9,7,5.333333333333333,3.6923076923076925
19,29,2.473684210526316,4,3.857142857142857,1.588235294117647
19,52,4.052631578947368,7,4.166666666666667,2.9411764705882355
26,98,4.5,8,4.894736842105263,4.043478260869565
26,101,3.269230769230769,6,4.529411764705882,3.5
21,66,2.619047619047619,5,3.9375,3.5
22,66,2.6818181818181817,5,3.875,3.4444444444444446
23,82,3.260869565217391,6,4.466666666666667,3.526315789473684
27,89,4.0,7,5.285714285714286,3.217391304347826
19,29,3.9473684210526314,6,4.5,1.588235294117647
21,71,3.7142857142857144,7,4.857142857142857,3.7777777777777777
30,149,4.4,8,6.409090909090909,5.423076923076923
17,23,1.4705882352941178,3,3.3333333333333335,1.4285714285714286
23,59,3.652173913043478,6,3.9285714285714284,2.75
21,69,2.761904761904762,5,3.7857142857142856,3.1176470588235294
22,69,2.772727272727273,5,4.357142857142857,3.388888888888889
23,66,2.9565217391304346,5,4.357142857142857,3.210526315789474
23,67,4.0,8,4.266666666666667,3.2
20,30,4.05,6,4.666666666666667,1.5555555555555556
25,56,3.88,6,5.2,2.3636363636363638
20,30,1.75,4,3.6666666666666665,1.375
22,64,2.6818181818181817,5,3.125,2.6315789473684212
20,30,4.05,6,4.666666666666667,1.5555555555555556
21,71,2.7142857142857144,5,4.785714285714286,3.7222222222222223
22,52,2.5454545454545454,6,4.285714285714286,2.142857142857143
26,83,2.6923076923076925,5,4.588235294117647,3.5454545454545454
19,28,4.052631578947368,6,4.333333333333333,1.5294117647058822
27,103,3.6296296296296298,7,5.133333333333334,3.5
29,85,3.7586206896551726,6,6.153846153846154,3.2
26,100,2.923076923076923,6,4.894736842105263,4.2272727272727275
21,63,2.7142857142857144,5,3.933333333333333,3.2777777777777777
24,52,3.625,6,5.0,2.25
20,30,4.05,6,4.666666666666667,1.5555555555555556
26,112,3.8461538461538463,8,5.235294117647059,4.045454545454546
27,74,3.037037037037037,5,6.2727272727272725,3.0
21,63,2.7142857142857144,5,3.933333333333333,3.2777777777777777
20,30,4.05,6,4.666666666666667,1.5555555555555556
24,85,2.5833333333333335,4,5.4,3.857142857142857
22,59,2.6363636363636362,6,3.3636363636363638,2.466666666666667
29,105,3.0689655172413794,5,5.882352941176471,4.0
26,73,3.3846153846153846,6,4.857142857142857,3.090909090909091
20,56,2.9,6,3.5833333333333335,2.6875
19,28,4.052631578947368,6,4.333333333333333,1.5294117647058822
22,57,2.8181818181818183,6,4.375,2.3333333333333335
29,108,3.3793103448275863,6,5.722222222222222,4.12
23,70,3.4782608695652173,6,4.125,3.3
22,60,2.6818181818181817,5,3.142857142857143,2.3157894736842106
19,53,2.5789473684210527,5,4.0,2.933333333333333
20,30,4.05,6,4.666666666666667,1.5555555555555556
23,71,2.782608695652174,6,3.7857142857142856,2.789473684210526
25,79,2.56,5,4.5625,3.4761904761904763
20,35,3.1,5,5.0,1.6666666666666667
27,123,3.925925925925926,8,5.65,4.913043478260869
29,150,3.9655172413793105,7,6.090909090909091,5.36
26,81,2.5384615384615383,5,4.6875,3.409090909090909
24,73,2.7083333333333335,5,4.466666666666667,3.35
23,74,3.0869565217391304,6,3.9444444444444446,3.55
20,62,2.95,6,3.4,3.1875
19,45,2.789473684210526,5,3.3333333333333335,2.6666666666666665
21,32,3.9523809523809526,6,5.0,1.5789473684210527
15,22,1.7333333333333334,3,2.5,1.4285714285714286
28,93,3.1785714285714284,5,5.8,3.625
21,73,3.0476190476190474,5,4.266666666666667,3.5555555555555554
24,76,3.0,6,4.25,3.238095238095238
18,41,2.6666666666666665,5,2.6923076923076925,2.5
21,63,2.6666666666666665,5,3.533333333333333,2.9444444444444446
21,33,4.0476190476190474,6,5.166666666666667,1.631578947368421
22,85,3.3636363636363638,6,5.333333333333333,4.2105263157894735
24,69,3.2083333333333335,7,3.4615384615384617,2.5
28,101,2.8214285714285716,5,4.947368421052632,3.9166666666666665
24,69,3.375,6,4.571428571428571,3.2
20,64,3.55,7,3.7142857142857144,3.25
22,52,3.590909090909091,6,4.363636363636363,2.526315789473684
22,42,3.0454545454545454,5,4.857142857142857,1.7
20,52,3.3,7,3.9166666666666665,2.764705882352941
28,88,3.0714285714285716,5,5.1875,3.4583333333333335
22,74,2.6363636363636362,5,4.117647058823529,3.6842105263157894
30,99,3.933333333333333,6,5.866666666666666,3.259259259259259
26,95,3.3076923076923075,6,5.235294117647059,4.045454545454546
20,35,3.65,5,6.0,1.6666666666666667
24,57,3.8333333333333335,6,4.818181818181818,2.5238095238095237
26,126,3.6923076923076925,7,4.909090909090909,4.909090909090909
25,101,3.32,7,4.944444444444445,4.238095238095238
20,32,4.05,6,5.0,1.6666666666666667
26,105,3.3076923076923075,7,5.315789473684211,4.590909090909091
27,94,3.2222222222222223,5,5.294117647058823,3.9130434782608696
20,39,2.5,4,4.6,1.7692307692307692
26,87,3.230769230769231,7,4.2,3.652173913043478
20,31,3.65,5,5.8,1.6111111111111112
21,55,4.190476190476191,8,4.0,2.3157894736842106
28,111,3.8214285714285716,7,5.35,4.458333333333333
25,93,2.8,6,4.142857142857143,4.142857142857143
25,76,3.68,7,4.428571428571429,2.6956521739130435
20,32,4.05,6,5.0,1.6666666666666667
22,71,2.8181818181818183,5,4.857142857142857,3.5789473684210527
22,55,2.5454545454545454,6,4.25,2.4285714285714284
29,110,2.8275862068965516,5,5.578947368421052,4.24
20,31,4.05,6,4.833333333333333,1.6111111111111112
21,68,3.8095238095238093,7,4.642857142857143,3.611111111111111
27,102,3.3703703703703702,6,5.444444444444445,4.260869565217392
19,28,1.9473684210526316,4,3.25,1.4444444444444444
16,28,2.625,5,3.4285714285714284,1.7142857142857142
22,47,3.4545454545454546,6,4.3,2.388888888888889
17,21,1.3529411764705883,2,5.0,1.6666666666666667
22,26,1.2727272727272727,2,5.0,1.6666666666666667
21,68,3.9523809523809526,8,4.642857142857143,3.611111111111111
22,67,3.5454545454545454,7,4.153846153846154,3.0
19,56,4.315789473684211,8,3.5714285714285716,2.9411764705882355
22,78,4.409090909090909,8,4.75,3.8
20,39,1.45,3,6.25,3.125
24,89,3.4583333333333335,6,5.6923076923076925,3.7
23,41,1.3478260869565217,2,7.0,2.625
22,75,4.2272727272727275,8,4.294117647058823,3.65
21,42,1.6666666666666667,4,2.875,2.5555555555555554
23,36,1.826086956521739,4,4.75,1.9
18,30,2.0555555555555554,3,5.75,1.6428571428571428
21,57,3.1904761904761907,7,4.153846153846154,3.0
27,84,3.2222222222222223,6,5.642857142857143,3.4347826086956523
22,73,2.6363636363636362,5,4.3125,3.6315789473684212
31,105,3.838709677419355,6,6.133333333333334,3.4074074074074074
24,83,2.875,5,4.6875,3.75
19,29,3.9473684210526314,6,4.5,1.588235294117647
22,72,2.8181818181818183,5,4.533333333333333,3.5789473684210527
25,79,3.96,7,4.6875,3.409090909090909
25,94,3.4,7,4.333333333333333,4.136363636363637
21,63,2.5714285714285716,5,3.6875,3.4705882352941178
20,30,4.05,6,4.666666666666667,1.5555555555555556
24,107,3.6666666666666665,8,4.722222222222222,4.25
28,74,3.142857142857143,5,5.384615384615385,2.9166666666666665
20,51,3.45,6,3.6153846153846154,2.764705882352941
26,81,3.769230769230769,7,4.157894736842105,3.2916666666666665
17,39,2.588235294117647,5,2.6923076923076925,2.6923076923076925
20,30,4.05,6,4.666666666666667,1.5555555555555556
27,95,3.4444444444444446,6,7.5,3.9130434782608696
24,102,4.166666666666667,8,4.15,3.9523809523809526
20,30,4.05,6,4.666666666666667,1.5555555555555556
22,52,2.5454545454545454,6,4.285714285714286,2.142857142857143
28,105,3.357142857142857,6,5.05,4.208333333333333
20,61,3.15,6,3.7857142857142856,3.1176470588235294
23,55,3.4782608695652173,6,4.0,2.526315789473684
18,21,1.3333333333333333,2,4.5,1.5
22,25,1.3181818181818181,2,4.5,1.2857142857142858
20,47,3.35,6,5.25,2.4705882352941178
24,89,4.083333333333333,8,4.473684210526316,4.0476190476190474
20,42,1.75,4,3.6666666666666665,2.4444444444444446
15,40,4.466666666666667,8,3.090909090909091,2.4285714285714284
21,81,4.333333333333333,8,4.529411764705882,4.052631578947368
23,78,3.217391304347826,6,4.0,3.3684210526315788
25,104,4.16,8,5.2105263157894735,4.5
24,38,1.7916666666666667,4,4.25,1.7
18,26,1.9444444444444444,3,4.25,1.3076923076923077
19,57,3.789473684210526,7,4.083333333333333,3.0625
26,79,3.1538461538461537,6,5.214285714285714,3.3181818181818183
21,56,2.761904761904762,5,3.3846153846153846,2.3157894736842106
19,30,3.9473684210526314,6,4.5,1.588235294117647
22,56,3.5454545454545454,7,4.666666666666667,2.1
29,114,3.4482758620689653,6,5.4,4.32
29,152,4.310344827586207,8,6.086956521739131,5.6
23,73,2.6956521739130435,5,3.4,2.6842105263157894
21,63,2.6666666666666665,5,3.2666666666666666,2.7222222222222223
20,30,4.05,6,4.666666666666667,1.5555555555555556
26,77,3.576923076923077,6,4.6,3.0
19,29,4.052631578947368,6,4.5,1.588235294117647
16,20,1.375,2,3.5,1.1666666666666667
26,88,3.230769230769231,5,5.1875,3.772727272727273
28,103,3.8214285714285716,7,5.0,4.0
19,46,2.6842105263157894,5,3.1538461538461537,2.7333333333333334
18,27,3.9444444444444446,6,4.166666666666667,1.5625
24,56,3.875,6,4.7272727272727275,2.4761904761904763
20,30,4.05,6,4.666666666666667,1.5555555555555556
20,61,2.8,5,4.384615384615385,3.3529411764705883
22,54,2.590909090909091,6,4.0,2.2857142857142856
25,101,3.48,7,5.0,4.523809523809524
27,133,3.962962962962963,8,5.545454545454546,5.304347826086956
20,56,2.6,5,3.8333333333333335,2.875
20,55,3.45,6,3.8461538461538463,2.9411764705882355
16,28,2.25,4,3.5,1.4
21,59,2.6666666666666665,5,3.2666666666666666,2.7222222222222223
20,31,4.05,6,4.833333333333333,1.6111111111111112
24,66,2.4166666666666665,5,5.25,2.8
32,182,4.09375,7,6.92,6.178571428571429
22,78,3.227272727272727,6,4.066666666666666,3.388888888888889
22,77,2.8636363636363638,6,4.0,3.5555555555555554
21,65,2.857142857142857,5,4.214285714285714,3.4705882352941178
15,28,2.1333333333333333,4,3.0,1.6666666666666667
17,37,2.588235294117647,5,2.9,1.9333333333333333
19,47,2.5789473684210527,5,3.6363636363636362,2.6666666666666665
21,33,3.9523809523809526,6,5.166666666666667,1.631578947368421
27,105,3.5555555555555554,6,6.6,4.304347826086956
28,155,4.214285714285714,8,5.739130434782608,5.5
19,30,4.052631578947368,6,4.666666666666667,1.6470588235294117
25,148,3.8,7,7.0,6.666666666666667
29,103,3.896551724137931,7,6.0,3.84
22,68,3.5454545454545454,6,4.5,3.3157894736842106
19,32,3.8421052631578947,6,5.0,1.7647058823529411
27,96,3.6666666666666665,7,4.6,3.1363636363636362
30,100,3.3666666666666667,5,7.230769230769231,3.6153846153846154
23,97,3.652173913043478,7,4.444444444444445,4.2105263157894735
20,33,3.95,6,5.166666666666667,1.7222222222222223
25,66,3.88,6,5.166666666666667,2.8181818181818183
24,74,2.8333333333333335,5,4.117647058823529,3.5
23,71,3.0434782608695654,6,4.6,3.2857142857142856
22,62,3.1818181818181817,6,3.8666666666666667,3.2222222222222223
25,98,3.76,7,5.176470588235294,4.190476190476191
20,48,2.95,5,3.3846153846153846,2.588235294117647
23,78,2.6956521739130435,6,4.352941176470588,3.8947368421052633
22,62,3.3636363636363638,6,4.545454545454546,2.5
25,61,3.4,6,3.3529411764705883,2.7142857142857144
19,36,2.3157894736842106,4,3.6666666666666665,1.8333333333333333
16,31,2.375,5,3.375,2.076923076923077
20,32,4.05,6,5.0,1.6666666666666667
23,54,3.8260869565217392,6,4.166666666666667,2.5
23,77,2.782608695652174,5,3.8,2.85
21,81,3.619047619047619,7,4.388888888888889,4.157894736842105
22,60,3.590909090909091,6,3.7333333333333334,2.9473684210526314
18,30,2.0,4,3.2,1.7777777777777777
20,57,2.6,5,3.857142857142857,3.176470588235294
22,59,3.590909090909091,6,3.9285714285714284,2.8947368421052633
16,33,2.375,5,3.2857142857142856,1.7692307692307692
16,38,2.5,5,2.6153846153846154,2.8333333333333335
24,75,3.625,6,4.375,3.5
24,86,3.4166666666666665,6,4.388888888888889,3.95
19,47,2.5789473684210527,5,4.1,2.7333333333333334
19,29,3.9473684210526314,6,4.5,1.588235294117647
23,74,2.608695652173913,5,5.071428571428571,3.55
29,102,3.310344827586207,6,5.388888888888889,3.88
19,29,3.9473684210526314,6,4.5,1.588235294117647
27,128,3.925925925925926,8,5.666666666666667,4.434782608695652
26,77,3.230769230769231,5,4.866666666666666,3.3181818181818183
24,103,3.875,7,5.470588235294118,4.428571428571429
18,47,2.4444444444444446,5,2.8666666666666667,3.0714285714285716
23,56,3.5217391304347827,6,4.0,2.736842105263158
18,23,1.3333333333333333,2,5.5,1.8333333333333333
21,27,1.3333333333333333,2,6.0,1.7142857142857142
19,59,4.0,8,3.8,3.3529411764705883
19,38,1.8421052631578947,4,3.8333333333333335,2.5555555555555554
25,100,3.6,6,6.285714285714286,4.0
24,91,4.375,8,4.888888888888889,4.190476190476191
21,48,2.2857142857142856,4,3.875,2.3846153846153846
24,49,1.9166666666666667,4,3.857142857142857,1.9285714285714286
24,93,4.291666666666667,8,5.294117647058823,4.285714285714286
23,38,1.9565217391304348,4,5.5,2.0
20,32,2.15,3,6.5,1.625
21,72,3.6666666666666665,7,4.928571428571429,3.8333333333333335
27,132,3.6296296296296298,6,5.631578947368421,4.6521739130434785
31,141,3.935483870967742,7,6.090909090909091,4.962962962962963
21,60,2.4761904761904763,5,3.7333333333333334,3.2941176470588234
23,50,3.0,5,3.888888888888889,1.8421052631578947
19,29,3.9473684210526314,6,4.5,1.588235294117647
28,119,4.035714285714286,8,5.842105263157895,4.625
23,61,3.782608695652174,7,4.384615384615385,2.85
23,80,3.6956521739130435,7,4.333333333333333,3.7142857142857144
19,53,2.5789473684210527,5,3.5,3.2666666666666666
20,30,4.05,6,4.666666666666667,1.5555555555555556
26,98,3.6538461538461537,7,5.5,3.8260869565217392
24,73,2.7083333333333335,5,4.6,3.45
23,61,3.4782608695652173,6,3.8,2.85
18,32,2.111111111111111,4,3.2,1.6
23,70,2.782608695652174,5,4.2,3.3157894736842106
19,29,3.9473684210526314,6,4.5,1.588235294117647
22,73,2.6363636363636362,5,4.928571428571429,3.6315789473684212
28,97,3.25,6,5.411764705882353,3.8333333333333335
19,29,3.9473684210526314,6,4.5,1.588235294117647
25,113,3.64,7,5.294117647058823,4.285714285714286
27,89,3.2222222222222223,5,5.3125,3.6956521739130435
27,83,3.6666666666666665,6,4.2631578947368425,3.24
17,39,2.588235294117647,5,2.6923076923076925,2.6923076923076925
23,56,3.391304347826087,6,4.0,2.526315789473684
17,20,1.2941176470588236,2,4.0,1.6
20,22,1.3,2,4.0,1.3333333333333333
21,69,4.0,8,5.076923076923077,3.6666666666666665
23,69,3.3043478260869565,6,4.909090909090909,2.8421052631578947
21,65,3.238095238095238,7,4.071428571428571,3.3529411764705883
23,86,4.478260869565218,8,5.0625,3.857142857142857
21,41,1.5238095238095237,3,5.2,2.888888888888889
24,86,3.4583333333333335,6,5.0,3.5
23,39,1.391304347826087,3,4.5,2.25
22,85,4.2272727272727275,8,4.388888888888889,3.95
21,47,2.0952380952380953,4,2.888888888888889,2.1666666666666665
24,39,1.7916666666666667,4,4.5,1.8
18,30,2.0555555555555554,3,5.25,1.5
26,104,4.461538461538462,8,5.315789473684211,4.391304347826087
24,105,3.875,7,4.4,4.190476190476191
19,29,3.9473684210526314,6,4.5,1.588235294117647
23,73,2.869565217391304,5,4.928571428571429,3.45
22,56,2.590909090909091,6,3.7777777777777777,2.4285714285714284
24,69,3.7916666666666665,7,4.642857142857143,3.0952380952380953
21,67,2.4761904761904763,5,3.875,3.6470588235294117
18,27,3.9444444444444446,6,4.166666666666667,1.5625
22,73,2.6818181818181817,5,4.6,3.6315789473684212
22,53,2.590909090909091,6,3.875,2.2142857142857144
27,93,3.037037037037037,5,5.176470588235294,3.8260869565217392
25,96,3.16,6,4.529411764705882,3.6666666666666665
23,67,2.6956521739130435,5,3.875,3.263157894736842
26,86,3.6538461538461537,6,5.285714285714286,3.3636363636363638
24,82,2.7083333333333335,5,4.5,3.6
19,29,3.9473684210526314,6,4.5,1.588235294117647
24,51,3.3333333333333335,6,3.5555555555555554,1.6
27,87,3.185185185185185,6,5.785714285714286,3.5217391304347827
19,26,1.631578947368421,4,2.75,1.5714285714285714
19,48,2.6842105263157894,5,3.0714285714285716,2.8666666666666667
29,108,4.0,7,5.0588235294117645,3.44
20,30,4.05,6,4.666666666666667,1.5555555555555556
27,96,3.5185185185185186,6,6.428571428571429,3.9130434782608696
24,75,3.0833333333333335,6,3.6666666666666665,2.75
20,30,4.05,6,4.666666666666667,1.5555555555555556
25,121,3.8,8,5.5,4.714285714285714
26,86,3.1153846153846154,5,5.0625,3.6818181818181817
18,41,2.611111111111111,5,2.642857142857143,2.466666666666667
19,48,2.526315789473684,5,2.8666666666666667,2.8666666666666667
22,67,2.6818181818181817,5,4.0,3.111111111111111
16,35,2.5,5,2.3076923076923075,2.5
25,70,3.6,6,4.214285714285714,2.8095238095238093
17,22,1.2941176470588236,2,4.0,1.6
21,25,1.2380952380952381,2,3.5,1.4
21,54,3.3333333333333335,6,4.9,2.7222222222222223
25,100,4.04,8,4.75,4.318181818181818
22,63,2.409090909090909,4,4.1,2.5625
16,46,3.8125,7,3.4166666666666665,2.9285714285714284
25,104,4.2,8,5.157894736842105,4.454545454545454
23,96,3.9565217391304346,7,5.3125,4.25
26,121,4.3076923076923075,8,5.380952380952381,4.913043478260869
25,39,1.64,4,4.666666666666667,1.4
18,34,2.3333333333333335,4,5.0,1.5384615384615385
23,78,4.086956521739131,8,4.235294117647059,3.6
27,110,3.4074074074074074,6,5.315789473684211,4.391304347826087
22,69,3.3636363636363638,6,3.5625,2.85
18,29,3.9444444444444446,6,4.5,1.6875
20,60,3.65,7,3.8666666666666667,3.2222222222222223
22,51,3.5,6,4.6,2.4210526315789473
22,41,3.0454545454545454,5,4.25,1.7
18,46,3.888888888888889,6,4.0,2.75
21,60,3.9047619047619047,7,4.3076923076923075,3.111111111111111
24,85,3.25,6,4.8125,3.6666666666666665
22,57,3.0,6,4.25,2.55
23,53,3.130434782608696,5,3.5,2.5789473684210527
21,61,3.0952380952380953,6,4.0,3.2941176470588234
17,28,3.6470588235294117,5,4.8,1.6
27,93,3.8518518518518516,7,4.944444444444445,3.869565217391304
26,93,3.3076923076923075,6,4.9411764705882355,3.8181818181818183
20,32,4.05,6,5.0,1.6666666666666667
15,23,2.0,3,3.0,1.3333333333333333
22,54,2.590909090909091,6,3.5,2.5
22,63,3.5,6,3.933333333333333,3.1052631578947367
19,33,2.1578947368421053,4,3.4,1.5454545454545454
16,33,2.6875,6,2.875,1.7692307692307692
20,58,2.55,5,3.6,3.375
23,73,2.608695652173913,5,3.8125,3.05
20,31,4.05,6,4.833333333333333,1.6111111111111112
28,100,3.892857142857143,7,5.647058823529412,4.0
20,30,1.9,4,3.25,1.4444444444444444
22,75,2.6363636363636362,5,4.235294117647059,3.789473684210526
27,84,3.074074074074074,5,5.642857142857143,3.4347826086956523
19,29,3.9473684210526314,6,4.5,1.588235294117647
21,59,3.1904761904761907,7,3.9285714285714284,3.0555555555555554
32,208,4.46875,8,8.04,7.178571428571429
16,24,2.1875,5,2.6,1.4444444444444444
21,59,2.6666666666666665,5,3.6666666666666665,3.235294117647059
18,32,2.2222222222222223,4,3.4,1.5454545454545454
19,54,2.6315789473684212,5,3.923076923076923,3.1875
21,47,3.238095238095238,6,3.5,2.4705882352941178
20,58,2.85,5,3.533333333333333,3.3125
24,61,3.25,6,4.071428571428571,2.85
18,23,1.3333333333333333,2,5.5,1.8333333333333333
22,25,1.2727272727272727,2,4.5,1.5
22,58,3.3636363636363638,7,4.583333333333333,2.8947368421052633
22,53,1.8181818181818181,3,3.3636363636363638,2.466666666666667
20,69,3.6,6,4.615384615384615,3.75
22,83,3.3636363636363638,6,4.4,3.6666666666666665
21,52,2.3333333333333335,4,4.125,2.5384615384615383
21,71,3.1904761904761907,6,4.916666666666667,3.4705882352941178
23,58,2.391304347826087,5,3.3636363636363638,2.3125
24,98,4.083333333333333,8,5.222222222222222,4.476190476190476
22,37,1.8636363636363635,4,4.75,1.9
19,29,2.0,3,5.5,1.5714285714285714
21,57,3.1904761904761907,7,4.153846153846154,3.0
27,87,3.074074074074074,5,5.857142857142857,3.5652173913043477
25,85,3.68,7,4.882352941176471,3.608695652173913
20,53,2.7,5,3.5,3.0625
20,30,4.05,6,4.666666666666667,1.5555555555555556
23,59,3.5652173913043477,7,4.7,2.238095238095238
25,91,3.24,7,3.8823529411764706,3.3
27,85,3.074074074074074,5,5.333333333333333,3.4782608695652173
25,100,3.84,7,5.411764705882353,4.380952380952381
18,23,1.4444444444444444,2,5.5,1.375
19,45,2.8421052631578947,5,3.1818181818181817,2.0588235294117645
17,41,2.411764705882353,4,3.0833333333333335,2.642857142857143
19,29,3.9473684210526314,6,4.5,1.588235294117647
21,67,2.857142857142857,5,4.846153846153846,3.5
22,48,2.272727272727273,5,4.333333333333333,1.8571428571428572
25,81,2.68,5,4.470588235294118,3.619047619047619
25,86,2.96,6,4.647058823529412,3.761904761904762
24,74,2.5416666666666665,5,3.8333333333333335,3.45
20,30,4.05,6,4.666666666666667,1.5555555555555556
25,96,3.48,6,6.384615384615385,3.772727272727273
21,51,2.9523809523809526,5,3.8333333333333335,2.7058823529411766
22,69,2.909090909090909,6,4.076923076923077,2.9444444444444446
19,48,3.1578947368421053,5,4.4,2.75
16,18,1.5,3,4.0,1.1428571428571428
19,61,2.8421052631578947,6,3.4,3.4
16,36,2.5,5,2.4615384615384617,2.6666666666666665
19,49,2.5789473684210527,5,3.8181818181818183,2.8
25,62,3.64,6,4.583333333333333,2.619047619047619
18,24,1.7777777777777777,4,2.75,1.375
20,61,3.6,6,4.384615384615385,3.3529411764705883
26,82,3.1153846153846154,5,4.875,3.5454545454545454
22,63,3.6818181818181817,6,3.8666666666666667,3.0526315789473686
16,25,1.875,4,2.75,1.375
17,24,2.235294117647059,4,4.666666666666667,1.2727272727272727
20,53,3.45,6,3.769230769230769,2.8823529411764706
26,87,3.6538461538461537,6,4.857142857142857,3.090909090909091
20,57,2.7,5,4.083333333333333,3.0625
20,32,4.05,6,4.666666666666667,1.5555555555555556
25,117,3.8,8,5.105263157894737,4.619047619047619
24,80,2.9583333333333335,5,5.6923076923076925,3.7
29,110,4.137931034482759,8,5.095238095238095,4.115384615384615
16,35,2.5,5,2.3846153846153846,2.5833333333333335
17,25,1.8235294117647058,3,5.666666666666667,1.5454545454545454
22,79,3.8181818181818183,7,5.285714285714286,3.8947368421052633
24,74,3.5,6,4.0588235294117645,3.45
22,75,2.6818181818181817,5,3.75,3.1578947368421053
19,46,2.6842105263157894,5,2.9285714285714284,2.7333333333333334
20,30,4.05,6,4.666666666666667,1.5555555555555556
25,111,3.76,6,6.0625,4.409090909090909
25,79,2.88,5,4.933333333333334,3.5238095238095237
19,29,4.052631578947368,6,4.5,1.588235294117647
30,91,3.1666666666666665,5,6.142857142857143,3.3076923076923075
19,57,4.368421052631579,8,3.857142857142857,3.176470588235294
16,21,1.5,3,4.0,1.3333333333333333
22,69,3.727272727272727,7,4.0,2.6
23,62,3.4347826086956523,6,4.142857142857143,2.9
16,28,2.25,4,3.2,1.6
18,40,2.9444444444444446,6,3.5555555555555554,2.0
17,36,2.6470588235294117,5,2.5833333333333335,2.3846153846153846
20,30,3.95,6,4.666666666666667,1.5555555555555556
25,102,3.6,6,6.285714285714286,4.0
24,69,3.0833333333333335,6,3.764705882352941,3.2
19,29,4.052631578947368,6,4.5,1.588235294117647
26,140,3.8076923076923075,7,6.333333333333333,6.045454545454546
28,108,3.142857142857143,6,5.15,4.291666666666667
22,63,3.772727272727273,7,4.916666666666667,3.1052631578947367
21,69,2.6666666666666665,5,4.0,3.764705882352941
21,53,2.7142857142857144,5,3.4285714285714284,2.823529411764706
20,30,3.95,6,4.666666666666667,1.5555555555555556
23,68,4.260869565217392,8,3.7333333333333334,2.6666666666666665
30,126,4.0,7,6.722222222222222,4.653846153846154
22,71,2.9545454545454546,6,3.8823529411764706,3.473684210526316
24,75,3.875,7,4.285714285714286,2.727272727272727
20,33,3.95,6,5.166666666666667,1.7222222222222223
21,74,3.6666666666666665,7,4.375,3.888888888888889
27,128,3.925925925925926,7,5.666666666666667,4.434782608695652
24,78,3.75,6,4.5625,3.4761904761904763
18,37,2.5,4,3.8333333333333335,1.9166666666666667
23,66,3.217391304347826,6,4.066666666666666,3.210526315789474
20,57,3.0,6,3.642857142857143,3.1875
30,134,3.8,7,4.782608695652174,4.230769230769231
23,46,3.9130434782608696,6,6.142857142857143,2.15
20,54,4.1,8,3.8461538461538463,2.7777777777777777
28,104,2.892857142857143,5,5.555555555555555,4.166666666666667
27,130,3.7777777777777777,7,4.826086956521739,4.826086956521739
25,101,3.56,7,4.7894736842105265,4.333333333333333
22,51,3.409090909090909,6,4.2727272727272725,2.611111111111111
19,25,1.368421052631579,2,5.5,1.5714285714285714
20,70,3.55,7,4.466666666666667,3.9411764705882355
29,111,2.9655172413793105,5,5.578947368421052,4.24
22,44,2.8181818181818183,5,3.7142857142857144,1.625
23,82,2.8260869565217392,6,3.9444444444444446,3.55
20,37,2.9,5,3.7142857142857144,1.625
24,86,3.2083333333333335,7,5.333333333333333,3.5555555555555554
28,104,3.3214285714285716,6,5.2105263157894735,4.125
23,92,3.391304347826087,6,4.75,4.0
20,36,3.35,5,4.0,1.6470588235294117
24,91,3.9166666666666665,8,4.526315789473684,4.3
27,104,3.5925925925925926,7,5.5,4.304347826086956
26,107,3.3461538461538463,6,5.823529411764706,4.5
23,75,3.217391304347826,6,3.8666666666666667,3.0526315789473686
20,32,4.05,6,5.0,1.6666666666666667
22,47,1.6363636363636365,3,5.2,2.3636363636363638
23,63,3.869565217391304,7,4.214285714285714,2.95
30,133,3.8333333333333335,7,6.3,4.846153846153846
17,23,1.4705882352941178,2,5.0,1.25
19,47,2.8947368421052633,5,3.7,2.176470588235294
20,61,2.65,5,3.8666666666666667,3.411764705882353
21,57,2.761904761904762,5,3.7857142857142856,3.1176470588235294
20,63,3.4,7,4.0,3.25
19,29,3.9473684210526314,6,4.5,1.588235294117647
21,52,2.1904761904761907,4,4.333333333333333,2.6
25,74,3.12,6,3.6842105263157894,3.3333333333333335
19,29,3.9473684210526314,6,4.5,1.588235294117647
25,90,3.48,7,4.526315789473684,4.095238095238095
25,103,3.52,7,5.277777777777778,4.523809523809524
24,89,3.5833333333333335,7,4.5,4.05
20,57,2.75,5,3.1538461538461537,2.5625
19,29,3.9473684210526314,6,4.5,1.588235294117647
25,106,3.8,7,5.5,4.714285714285714
28,77,3.1785714285714284,5,5.615384615384615,3.0416666666666665
25,89,3.24,6,4.375,3.3333333333333335
23,94,4.260869565217392,8,5.411764705882353,4.380952380952381
20,55,3.4,6,3.923076923076923,3.0
16,31,2.25,4,3.4,1.7
17,40,2.411764705882353,4,3.0833333333333335,2.642857142857143
20,30,4.05,6,4.666666666666667,1.5555555555555556
22,53,2.5454545454545454,6,3.875,2.2142857142857144
29,114,3.2413793103448274,6,5.45,4.36
25,89,3.16,6,4.375,3.3333333333333335
23,67,2.739130434782609,5,4.2,3.3157894736842106
24,61,3.6666666666666665,6,4.454545454545454,2.3333333333333335
20,34,2.55,4,3.875,1.7222222222222223
21,68,3.6666666666666665,6,5.416666666666667,3.611111111111111
25,72,3.12,6,3.7777777777777777,3.238095238095238
20,30,4.05,6,4.666666666666667,1.5555555555555556
22,55,2.1818181818181817,4,5.0,2.5
26,85,3.0384615384615383,5,5.333333333333333,3.6363636363636362
21,52,2.8095238095238093,5,3.4285714285714284,2.823529411764706
20,30,4.05,6,4.666666666666667,1.5555555555555556
26,116,3.8076923076923075,7,6.055555555555555,4.954545454545454
23,60,2.652173913043478,6,3.7,2.3125
23,65,3.608695652173913,6,4.357142857142857,3.05
23,74,2.739130434782609,5,3.8666666666666667,3.0526315789473686
21,64,3.0476190476190474,6,3.375,3.176470588235294
20,30,4.05,6,4.666666666666667,1.5555555555555556
24,67,2.2916666666666665,5,5.375,3.0714285714285716
28,89,3.0714285714285716,5,5.3125,3.5416666666666665
21,70,2.761904761904762,5,4.4,3.6666666666666665
16,21,1.5,3,4.0,1.1428571428571428
21,53,2.9047619047619047,5,3.25,2.0526315789473686
19,28,4.052631578947368,6,4.333333333333333,1.5294117647058822
21,70,2.7142857142857144,5,4.714285714285714,3.6666666666666665
22,45,2.090909090909091,4,4.6,1.7692307692307692
28,104,2.857142857142857,5,5.5,4.125
20,30,4.05,6,4.666666666666667,1.5555555555555556
26,115,3.8076923076923075,7,5.7368421052631575,4.954545454545454
16,21,1.5,3,4.0,1.3333333333333333
30,134,4.0,7,5.45,4.1923076923076925
24,71,3.1666666666666665,5,4.785714285714286,3.35
27,87,3.8518518518518516,7,4.25,3.4
16,36,2.5,5,2.5833333333333335,2.5833333333333335
15,25,2.1333333333333333,4,3.0,1.6666666666666667
16,36,2.5,5,2.4615384615384617,2.6666666666666665
18,53,3.2777777777777777,6,3.6666666666666665,3.142857142857143
20,30,4.05,6,4.666666666666667,1.5555555555555556
22,68,2.9545454545454546,6,4.5,3.176470588235294
28,105,3.3214285714285716,6,4.647058823529412,3.2916666666666665
25,69,3.0,5,4.266666666666667,3.0476190476190474
23,76,2.782608695652174,5,4.3125,3.6315789473684212
23,64,2.652173913043478,5,3.933333333333333,3.1052631578947367
17,30,2.3529411764705883,4,3.0,1.6363636363636365
16,36,2.4375,4,3.0,2.5384615384615383
20,62,2.85,5,4.0,3.25
17,37,2.823529411764706,5,3.0,2.5384615384615383
25,66,3.48,6,3.9285714285714284,2.619047619047619
17,22,1.2941176470588236,2,4.5,1.8
21,77,3.6666666666666665,7,4.866666666666666,4.055555555555555
25,86,4.12,8,4.571428571428571,2.909090909090909
25,77,2.8,5,4.5,3.4285714285714284
18,31,2.8333333333333335,5,3.2857142857142856,1.5333333333333334
22,60,4.181818181818182,8,4.0,2.4
28,97,3.4285714285714284,6,5.055555555555555,3.7916666666666665
23,68,2.9130434782608696,6,3.2666666666666666,2.5789473684210527
25,95,2.92,6,4.666666666666667,4.0
20,60,2.6,5,4.0,3.2941176470588234
20,30,4.05,6,4.666666666666667,1.5555555555555556
29,111,3.5172413793103448,6,6.625,4.24
26,105,3.1153846153846154,6,4.947368421052632,4.2727272727272725
20,30,4.05,6,4.666666666666667,1.5555555555555556
22,83,3.1818181818181817,6,4.588235294117647,4.333333333333333
22,59,2.590909090909091,6,4.625,2.642857142857143
28,99,3.4642857142857144,6,4.7,3.9166666666666665
21,65,2.7142857142857144,5,4.230769230769231,3.235294117647059
26,85,3.6538461538461537,7,4.642857142857143,2.9545454545454546
19,28,4.052631578947368,6,4.333333333333333,1.5294117647058822
23,82,2.8260869565217392,5,5.2,3.9
22,61,2.6363636363636362,6,3.9,2.6
25,83,3.84,7,4.875,3.5454545454545454
22,69,2.9545454545454546,6,3.764705882352941,3.3684210526315788
26,90,3.8076923076923075,7,4.928571428571429,3.1363636363636362
21,33,3.9523809523809526,6,5.166666666666667,1.631578947368421
26,76,3.923076923076923,6,5.461538461538462,3.0869565217391304
25,95,3.08,6,4.5,4.090909090909091
21,34,3.9523809523809526,6,5.333333333333333,1.6842105263157894
27,158,4.0,8,6.565217391304348,6.565217391304348
28,96,3.1785714285714284,5,6.0,3.75
20,33,3.95,6,5.166666666666667,1.7222222222222223
27,130,4.0,8,5.857142857142857,5.3478260869565215
27,91,3.2962962962962963,6,5.117647058823529,3.782608695652174
19,34,4.052631578947368,6,5.333333333333333,1.8823529411764706
24,65,3.25,5,3.75,2.25
27,76,3.111111111111111,5,5.142857142857143,3.130434782608696
22,70,3.090909090909091,6,4.533333333333333,3.4
22,67,2.727272727272727,5,4.2,3.5
23,90,3.5217391304347827,6,5.266666666666667,4.157894736842105
20,35,2.8,5,4.0,1.6470588235294117
20,63,3.0,6,3.933333333333333,3.4705882352941178
27,73,3.2962962962962963,6,4.3125,3.0
23,62,2.869565217391304,5,3.8666666666666667,3.0526315789473686
22,77,3.0,6,4.466666666666667,3.7222222222222223
23,73,2.608695652173913,5,4.0,3.2
23,75,2.782608695652174,5,4.6,3.6315789473684212
20,32,4.05,6,5.0,1.6666666666666667
25,102,4.0,8,5.105263157894737,4.619047619047619
28,101,3.2142857142857144,6,5.0,3.9583333333333335
19,29,3.9473684210526314,6,4.5,1.588235294117647
21,64,3.7142857142857144,7,5.083333333333333,3.388888888888889
28,97,3.5357142857142856,6,5.470588235294118,3.875
19,28,1.9473684210526316,4,3.25,1.4444444444444444
22,69,2.6363636363636362,5,3.411764705882353,3.0526315789473686
20,31,4.05,6,4.833333333333333,1.6111111111111112
24,55,3.875,6,4.25,2.4285714285714284
21,30,1.8571428571428572,4,3.25,1.4444444444444444
26,97,3.0,6,5.111111111111111,4.181818181818182
22,62,2.727272727272727,5,4.0,2.6
26,82,2.730769230769231,5,4.588235294117647,3.5454545454545454
24,93,3.25,6,4.529411764705882,3.85
23,52,3.5217391304347827,6,4.363636363636363,2.526315789473684
18,23,1.3333333333333333,2,5.5,1.8333333333333333
20,23,1.3,2,4.5,1.5
20,68,3.55,6,4.923076923076923,3.764705882352941
23,44,1.565217391304348,3,4.333333333333333,2.3636363636363638
24,81,2.625,6,4.384615384615385,3.1666666666666665
21,69,4.0476190476190474,8,4.1875,3.526315789473684
21,38,1.5714285714285714,4,3.6,2.25
19,48,2.8947368421052633,5,6.666666666666667,2.6666666666666665
22,75,4.181818181818182,8,4.176470588235294,3.55
24,40,1.7916666666666667,4,4.4,2.2
18,27,1.9444444444444444,3,5.0,1.5384615384615385
28,91,3.6785714285714284,6,6.333333333333333,3.1666666666666665
21,79,3.6666666666666665,7,5.428571428571429,4.222222222222222
28,98,3.392857142857143,6,4.947368421052632,3.9166666666666665
23,75,2.9130434782608696,6,4.785714285714286,3.526315789473684
20,30,4.05,6,4.666666666666667,1.5555555555555556
23,55,3.782608695652174,6,4.636363636363637,2.55
19,29,3.9473684210526314,6,4.5,1.588235294117647
20,64,4.2,8,3.875,3.4444444444444446
26,83,3.269230769230769,6,4.647058823529412,3.590909090909091
24,97,3.4583333333333335,7,4.823529411764706,4.1
22,73,2.909090909090909,6,3.7058823529411766,3.5
18,47,3.4444444444444446,6,3.5833333333333335,2.8666666666666667
18,34,2.9444444444444446,5,2.727272727272727,2.142857142857143
15,27,2.1333333333333333,4,3.0,1.6666666666666667
30,122,4.0,7,6.235294117647059,4.076923076923077
19,29,3.9473684210526314,6,4.5,1.588235294117647
26,111,3.5384615384615383,7,5.473684210526316,4.7272727272727275
26,87,3.1538461538461537,5,4.882352941176471,3.772727272727273
25,87,3.08,6,4.6,3.2857142857142856
29,107,4.0344827586206895,7,5.5,3.52
20,34,2.5,4,4.0,1.5555555555555556
26,70,3.6923076923076925,7,4.214285714285714,2.5652173913043477
20,30,4.05,6,4.666666666666667,1.5555555555555556
24,44,1.375,2,6.666666666666667,2.2222222222222223
27,84,3.074074074074074,5,6.583333333333333,3.4347826086956523
20,30,4.05,6,4.666666666666667,1.5555555555555556
23,47,3.217391304347826,5,3.125,1.3157894736842106
27,85,3.074074074074074,5,5.714285714285714,3.4782608695652173
22,72,2.9545454545454546,6,4.0,3.5789473684210527
19,29,3.9473684210526314,6,4.5,1.588235294117647
25,119,3.76,8,4.8,4.571428571428571
26,81,3.0384615384615383,5,5.846153846153846,3.4545454545454546
26,84,3.6923076923076925,6,4.555555555555555,3.4166666666666665
17,39,2.588235294117647,5,2.6923076923076925,2.6923076923076925
20,30,4.05,6,4.666666666666667,1.5555555555555556
21,70,2.5714285714285716,5,4.4,3.6666666666666665
29,100,3.413793103448276,6,5.9375,3.8
20,30,4.05,6,4.666666666666667,1.5555555555555556
25,112,3.6,7,5.235294117647059,4.238095238095238
25,78,3.0,5,5.214285714285714,3.4761904761904763
22,64,2.8636363636363638,5,4.214285714285714,3.2777777777777777
22,62,2.9545454545454546,6,3.6875,3.1052631578947367
19,28,4.052631578947368,6,4.333333333333333,1.5294117647058822
27,91,3.5185185185185186,6,6.615384615384615,3.739130434782609
19,30,1.9473684210526316,4,3.25,1.4444444444444444
24,58,3.5833333333333335,6,4.166666666666667,2.5
17,19,1.2941176470588236,2,3.5,1.4
19,22,1.3157894736842106,2,4.0,1.3333333333333333
16,37,3.375,6,3.6666666666666665,2.5384615384615383
22,83,3.6363636363636362,8,3.8823529411764706,3.6666666666666665
24,93,4.25,8,4.944444444444445,4.238095238095238
21,70,3.5238095238095237,6,4.666666666666667,3.2941176470588234
17,44,3.6470588235294117,6,4.0,2.5714285714285716
23,65,2.9130434782608696,5,4.3,2.388888888888889
26,72,2.3846153846153846,4,4.181818181818182,2.5555555555555554
23,97,3.9130434782608696,8,5.055555555555555,4.55
25,39,1.76,4,5.0,1.5
17,27,1.9411764705882353,3,4.5,1.5
20,61,3.3,6,4.230769230769231,3.4375
31,165,4.290322580645161,8,6.458333333333333,5.7407407407407405
20,60,2.75,5,3.6666666666666665,3.235294117647059
26,94,3.923076923076923,7,4.866666666666666,3.3181818181818183
20,30,4.05,6,4.666666666666667,1.5555555555555556
25,64,3.88,6,4.615384615384615,2.727272727272727
26,107,3.076923076923077,6,5.157894736842105,4.454545454545454
20,30,4.05,6,4.666666666666667,1.5555555555555556
25,88,3.6,6,5.125,3.9047619047619047
29,137,3.2758620689655173,6,6.285714285714286,5.076923076923077
28,111,3.75,7,5.888888888888889,4.416666666666667
21,64,2.7142857142857144,5,4.153846153846154,3.176470588235294
28,107,4.142857142857143,7,5.375,3.5833333333333335
18,31,2.3333333333333335,4,5.25,1.6153846153846154
21,66,4.0476190476190474,7,4.923076923076923,3.3684210526315788
29,101,3.310344827586207,6,6.785714285714286,3.8
19,30,4.052631578947368,6,4.333333333333333,1.5294117647058822
16,22,1.75,3,2.75,1.375
25,77,3.84,6,4.8,3.272727272727273
19,34,2.4210526315789473,4,3.8,1.5833333333333333
19,39,2.5789473684210527,4,4.166666666666667,1.9230769230769231
23,71,2.9130434782608696,5,4.642857142857143,3.4210526315789473
17,40,2.7058823529411766,5,2.5,2.5
20,33,3.95,6,5.166666666666667,1.7222222222222223
26,118,4.0,7,6.176470588235294,4.565217391304348
27,91,3.185185185185185,5,5.375,3.739130434782609
22,79,2.6363636363636362,5,4.3125,3.8333333333333335
22,77,2.6363636363636362,5,4.25,3.7777777777777777
17,27,3.4705882352941178,5,5.0,1.6666666666666667
27,120,3.740740740740741,7,5.45,4.739130434782608
18,30,3.9444444444444446,6,4.666666666666667,1.75
23,76,2.9565217391304346,6,5.6,3.5
22,64,3.727272727272727,7,4.6923076923076925,3.210526315789474
22,74,2.6363636363636362,5,4.117647058823529,3.6842105263157894
24,72,4.208333333333333,8,4.357142857142857,2.772727272727273
22,66,2.6818181818181817,5,4.133333333333334,3.4444444444444446
23,91,3.347826086956522,6,5.642857142857143,4.157894736842105
28,95,3.75,6,5.6,3.5
23,77,2.782608695652174,5,4.666666666666667,3.6842105263157894
22,50,3.4545454545454546,6,4.181818181818182,2.5555555555555554
18,25,1.3888888888888888,2,6.0,1.7142857142857142
19,50,3.210526315789474,5,5.0,2.8125
29,102,3.413793103448276,6,5.388888888888889,3.88
25,77,3.0,5,5.142857142857143,3.4285714285714284
22,70,2.6363636363636362,5,3.5625,3.0
20,31,2.45,4,3.6666666666666665,1.5714285714285714
21,53,3.0476190476190474,5,4.9,2.7222222222222223
28,116,3.642857142857143,7,5.842105263157895,4.625
22,78,3.1818181818181817,6,3.875,3.4444444444444446
22,74,2.6818181818181817,5,3.75,3.1578947368421053
26,80,3.6923076923076925,7,4.4,3.0
19,29,3.9473684210526314,6,4.5,1.588235294117647
22,55,2.772727272727273,6,4.111111111111111,2.466666666666667
26,93,3.5384615384615383,7,5.176470588235294,4.0
22,55,2.8636363636363638,5,3.0,2.1
19,30,3.9473684210526314,6,4.666666666666667,1.6470588235294117
21,50,2.142857142857143,4,4.111111111111111,2.466666666666667
27,109,3.4074074074074074,6,4.882352941176471,3.608695652173913
24,70,3.0,5,4.4,3.3
16,24,2.0,5,2.6666666666666665,1.6
19,47,2.8421052631578947,5,3.6,2.1176470588235294
19,49,2.3684210526315788,4,3.4615384615384617,2.8125
19,29,3.9473684210526314,6,4.5,1.588235294117647
24,57,3.875,6,4.818181818181818,2.5238095238095237
21,34,1.8571428571428572,4,2.8,1.5555555555555556
22,71,2.6818181818181817,5,3.4705882352941178,3.1052631578947367
19,29,3.9473684210526314,6,4.5,1.588235294117647
16,18,1.3125,2,3.0,1.2
26,81,3.0384615384615383,5,6.333333333333333,3.4545454545454546
23,69,2.9130434782608696,5,4.923076923076923,3.3684210526315788
22,64,2.6818181818181817,5,3.4,2.6842105263157894
22,75,3.0454545454545454,6,3.9375,3.5
20,48,2.8,5,3.3846153846153846,2.75
20,30,4.05,6,4.666666666666667,1.5555555555555556
24,108,3.25,6,5.315789473684211,5.05
22,52,2.590909090909091,6,3.75,2.0
27,82,3.3333333333333335,6,4.333333333333333,3.391304347826087
18,32,2.111111111111111,4,3.2,1.6
17,39,2.588235294117647,5,2.6923076923076925,2.6923076923076925
21,59,2.619047619047619,5,4.333333333333333,3.0588235294117645
20,30,4.05,6,4.666666666666667,1.5555555555555556
24,82,2.8333333333333335,5,5.571428571428571,3.7142857142857144
22,51,2.5454545454545454,6,3.625,2.0714285714285716
27,90,2.814814814814815,5,4.777777777777778,3.739130434782609
20,30,4.05,6,4.666666666666667,1.5555555555555556
26,105,3.6153846153846154,7,5.5625,3.869565217391304
23,78,2.9130434782608696,5,4.866666666666666,3.8421052631578947
22,68,3.4545454545454546,6,4.5,3.5
16,26,1.75,4,2.75,1.5714285714285714
21,46,3.3333333333333335,6,4.222222222222222,2.0
18,26,1.5,2,7.0,1.5555555555555556
22,28,1.4090909090909092,2,6.0,1.3333333333333333
20,54,3.4,7,5.0,2.9411764705882355
19,70,4.2105263157894735,8,4.857142857142857,4.0
24,90,3.3333333333333335,5,6.25,3.75
19,65,3.6315789473684212,7,3.533333333333333,3.1176470588235294
20,75,4.25,8,4.5,4.0
24,74,2.8333333333333335,6,5.2,3.0588235294117645
24,38,1.2916666666666667,2,4.666666666666667,2.0
22,51,2.0,4,3.5555555555555554,2.4615384615384617
21,79,4.095238095238095,8,4.352941176470588,3.8947368421052633
24,40,1.7916666666666667,4,4.75,1.9
18,25,1.9444444444444444,3,4.75,1.4615384615384615
21,72,3.6666666666666665,7,4.533333333333333,3.7777777777777777
23,55,2.9565217391304346,7,3.3,2.0625
29,97,3.586206896551724,6,6.133333333333334,3.68
18,27,3.9444444444444446,6,4.166666666666667,1.5625
27,104,3.5555555555555554,6,5.933333333333334,3.7083333333333335
25,83,3.0,5,5.133333333333334,3.6666666666666665
22,67,2.8636363636363638,5,4.357142857142857,3.388888888888889
16,26,1.75,4,2.75,1.5714285714285714
20,48,3.3,5,4.111111111111111,2.0555555555555554
18,30,2.9444444444444446,5,4.0,1.4285714285714286
26,100,3.076923076923077,6,5.333333333333333,4.173913043478261
24,69,3.25,7,3.357142857142857,2.611111111111111
26,85,2.8461538461538463,5,5.333333333333333,3.6363636363636362
18,29,3.9444444444444446,6,4.166666666666667,1.5625
26,110,3.3461538461538463,6,6.0,4.636363636363637
30,146,3.8,7,6.571428571428571,5.3076923076923075
19,28,1.631578947368421,4,2.75,1.5714285714285714
23,54,3.4347826086956523,6,4.111111111111111,1.9473684210526316
20,30,4.05,6,4.666666666666667,1.5555555555555556
28,93,3.357142857142857,5,6.769230769230769,3.6666666666666665
21,69,2.761904761904762,5,4.333333333333333,3.611111111111111
19,28,4.052631578947368,6,4.333333333333333,1.5294117647058822
28,99,3.5,6,5.529411764705882,3.9166666666666665
27,106,3.1481481481481484,6,4.8,4.173913043478261
19,29,3.9473684210526314,6,4.5,1.588235294117647
24,50,3.25,5,3.2222222222222223,1.45
28,95,3.2857142857142856,6,5.933333333333334,3.7083333333333335
20,62,2.7,6,3.8666666666666667,3.411764705882353
19,29,3.9473684210526314,6,4.5,1.588235294117647
26,114,3.923076923076923,7,6.0,4.434782608695652
25,77,3.0,5,4.8,3.4285714285714284
21,62,2.857142857142857,5,4.0,3.2941176470588234
16,25,1.75,4,2.75,1.5714285714285714
20,62,3.3,7,3.25,3.25
17,32,2.764705882352941,5,3.375,2.076923076923077
17,42,2.823529411764706,6,3.0,2.4
18,41,2.8333333333333335,5,3.6666666666666665,2.0625
17,43,2.3529411764705883,4,2.923076923076923,2.923076923076923
19,29,3.9473684210526314,6,4.5,1.588235294117647
24,48,3.25,5,3.111111111111111,1.4
28,91,3.107142857142857,5,5.666666666666667,3.5416666666666665
21,54,3.4761904761904763,6,4.0,2.3157894736842106
23,56,3.260869565217391,6,4.5,2.3684210526315788
18,23,1.2777777777777777,2,4.0,1.6
22,27,1.2272727272727273,2,3.5,1.4
20,48,3.4,6,4.3,2.5294117647058822
22,67,3.227272727272727,5,4.8,2.6666666666666665
25,106,3.92,6,6.357142857142857,4.045454545454546
23,108,3.9565217391304346,8,5.5625,4.45
24,84,2.5416666666666665,5,3.588235294117647,3.388888888888889
21,72,3.380952380952381,6,4.6923076923076925,3.388888888888889
22,89,4.2272727272727275,8,3.8,3.8
24,75,2.5833333333333335,5,3.4,2.6842105263157894
24,111,4.041666666666667,8,5.421052631578948,4.904761904761905
23,56,3.260869565217391,6,3.7142857142857144,2.736842105263158
22,70,3.3181818181818183,6,4.266666666666667,3.3684210526315788
23,58,3.5217391304347827,6,4.5,2.7
21,39,3.0476190476190474,5,4.428571428571429,1.631578947368421
20,50,4.0,7,3.6923076923076925,2.6666666666666665
19,33,3.9473684210526314,6,4.833333333333333,1.7058823529411764
24,86,3.4583333333333335,6,5.066666666666666,3.619047619047619
26,84,2.769230769230769,5,4.705882352941177,3.6363636363636362
25,115,3.52,7,5.2631578947368425,4.761904761904762
17,27,1.8823529411764706,4,2.6,1.625
22,64,3.727272727272727,7,4.333333333333333,2.6
22,61,3.5,6,4.071428571428571,3.0
18,33,2.2222222222222223,4,3.8,1.7272727272727273
20,56,2.4,4,3.7857142857142856,3.1176470588235294
19,30,3.9473684210526314,6,4.666666666666667,1.6470588235294117
27,95,3.4444444444444446,6,7.5,3.9130434782608696
28,147,4.571428571428571,8,5.818181818181818,5.12
19,30,3.9473684210526314,6,4.666666666666667,1.6470588235294117
28,103,3.892857142857143,7,5.823529411764706,4.125
21,35,2.0476190476190474,4,3.0,1.3636363636363635
16,26,2.1875,5,2.8,1.5555555555555556
26,80,3.0384615384615383,5,5.428571428571429,3.4545454545454546
19,54,3.0526315789473686,5,4.0,3.0
23,64,4.0,8,4.6923076923076925,3.05
18,46,3.2222222222222223,5,4.3,2.8666666666666667
20,66,3.55,7,4.071428571428571,3.5625
18,43,3.1666666666666665,5,4.0,2.6666666666666665
22,55,3.0,6,4.545454545454546,2.5
22,78,3.0454545454545454,6,4.0588235294117645,3.8333333333333335
16,35,2.5,5,2.3846153846153846,2.5833333333333335
19,29,3.9473684210526314,6,4.5,1.588235294117647
21,50,3.4761904761904763,7,4.222222222222222,2.0
27,103,3.074074074074074,5,5.823529411764706,4.304347826086956
21,58,3.6666666666666665,7,4.230769230769231,3.0555555555555554
21,73,3.0952380952380953,6,3.75,3.5294117647058822
18,49,2.6666666666666665,5,3.5384615384615383,3.066666666666667
21,53,3.0,5,3.8181818181818183,2.210526315789474
21,48,3.380952380952381,6,3.6666666666666665,2.588235294117647
17,21,1.3529411764705883,2,4.5,1.5
21,25,1.3333333333333333,2,5.0,1.4285714285714286
21,66,3.619047619047619,7,4.5,3.5
23,84,4.086956521739131,8,4.470588235294118,3.8
18,59,4.0,8,4.384615384615385,3.5625
20,42,1.8,4,4.166666666666667,2.7777777777777777
23,44,1.7826086956521738,4,3.8333333333333335,1.9166666666666667
22,82,4.045454545454546,8,4.9375,4.157894736842105
23,36,1.826086956521739,4,4.75,1.9
21,32,2.0,3,6.0,1.6
21,56,3.5714285714285716,7,3.7857142857142856,2.789473684210526
26,84,2.730769230769231,5,5.0,3.6363636363636362
19,29,3.9473684210526314,6,4.5,1.588235294117647
29,115,3.9655172413793105,7,6.166666666666667,4.44
24,92,3.0,6,4.9411764705882355,4.2
20,30,4.05,6,4.666666666666667,1.5555555555555556
26,98,3.3846153846153846,6,6.214285714285714,3.782608695652174
22,55,2.909090909090909,5,3.923076923076923,2.8333333333333335
19,29,3.9473684210526314,6,4.5,1.588235294117647
25,71,2.48,5,5.75,2.875
23,68,3.8260869565217392,7,4.266666666666667,3.2
22,71,2.6818181818181817,5,4.0,3.5789473684210527
24,68,3.0833333333333335,5,4.076923076923077,2.409090909090909
19,51,2.526315789473684,5,3.6153846153846154,3.1333333333333333
20,59,2.95,6,3.5384615384615383,2.875
27,88,3.925925925925926,7,5.285714285714286,3.217391304347826
19,29,3.9473684210526314,6,4.5,1.588235294117647
26,115,3.8076923076923075,7,6.0,4.909090909090909
26,86,3.3846153846153846,5,5.466666666666667,3.727272727272727
25,89,3.08,6,4.4375,3.380952380952381
22,51,3.409090909090909,6,3.5454545454545454,2.0526315789473686
20,30,4.05,6,4.666666666666667,1.5555555555555556
23,55,3.739130434782609,6,4.636363636363637,2.55
21,33,1.8571428571428572,4,3.25,1.4444444444444444
22,61,2.6818181818181817,5,3.066666666666667,2.4210526315789473
27,84,3.814814814814815,7,4.857142857142857,2.9565217391304346
19,29,3.9473684210526314,6,4.5,1.588235294117647
26,113,3.730769230769231,7,5.684210526315789,4.909090909090909
26,78,3.0384615384615383,5,6.636363636363637,3.3181818181818183
24,70,2.9583333333333335,5,5.0,3.25
16,37,2.4375,4,2.75,2.5384615384615383
23,61,3.0434782608695654,5,3.8333333333333335,2.1904761904761907
18,27,3.9444444444444446,6,4.166666666666667,1.5625
22,75,2.6818181818181817,5,4.733333333333333,3.736842105263158
29,102,3.3448275862068964,6,5.388888888888889,3.88
19,29,3.9473684210526314,6,4.5,1.588235294117647
25,112,3.8,7,5.25,5.0
23,63,3.782608695652174,7,4.916666666666667,2.95
21,57,2.857142857142857,5,3.3125,3.1176470588235294
26,78,3.730769230769231,7,5.083333333333333,2.772727272727273
20,31,2.55,4,3.5,1.5555555555555556
24,63,3.4166666666666665,6,4.076923076923077,2.5238095238095237
22,36,2.227272727272727,4,4.0,1.3333333333333333
19,28,4.052631578947368,6,4.333333333333333,1.5294117647058822
14,20,1.6428571428571428,3,2.5,1.6666666666666667
26,83,3.0384615384615383,5,5.2,3.5454545454545454
27,133,3.8518518518518516,7,6.1,5.304347826086956
16,24,1.5625,4,2.0,1.3333333333333333
17,43,2.4705882352941178,5,3.0,2.7857142857142856
21,54,2.7142857142857144,5,3.2666666666666666,2.8823529411764706
17,32,2.411764705882353,4,3.1666666666666665,1.5833333333333333
22,60,3.4545454545454546,6,4.3076923076923075,2.9473684210526314
16,30,2.25,4,3.2,1.6
18,28,2.7777777777777777,5,4.5,1.3846153846153846
17,36,2.588235294117647,5,2.5833333333333335,2.3846153846153846
20,30,4.05,6,4.666666666666667,1.5555555555555556
25,121,3.88,7,5.7,5.428571428571429
27,84,3.074074074074074,5,6.5,3.391304347826087
21,71,3.0,5,4.2,3.5
16,35,2.5,5,2.5,2.5
19,46,3.4210526315789473,6,3.8,2.235294117647059
23,66,3.0434782608695654,5,3.6153846153846154,2.238095238095238
22,62,3.590909090909091,6,3.625,3.0526315789473686
17,46,2.411764705882353,5,2.9285714285714284,3.1538461538461537
20,30,4.05,6,4.666666666666667,1.5555555555555556
25,41,1.36,2,5.333333333333333,1.7777777777777777
26,80,3.0384615384615383,5,5.6923076923076925,3.3636363636363638
21,61,2.7142857142857144,5,3.8,3.1666666666666665
24,67,3.125,5,3.923076923076923,2.3181818181818183
21,33,3.9523809523809526,6,5.166666666666667,1.631578947368421
28,128,3.8214285714285716,7,5.05,4.391304347826087
28,94,3.1785714285714284,6,5.866666666666666,3.6666666666666665
25,98,2.96,6,4.944444444444445,4.238095238095238
23,66,2.652173913043478,5,4.0,3.1578947368421053
20,70,3.4,6,4.428571428571429,3.6470588235294117
22,71,3.0,6,4.2,3.3157894736842106
20,69,3.55,7,3.6875,3.6875
17,36,2.6470588235294117,5,2.5,2.3076923076923075
20,33,3.95,6,5.166666666666667,1.7222222222222223
25,99,3.64,7,4.75,4.318181818181818
27,91,3.2962962962962963,6,5.117647058823529,3.782608695652174
23,74,2.739130434782609,5,4.733333333333333,3.55
18,30,3.9444444444444446,6,4.666666666666667,1.75
21,55,2.619047619047619,5,5.625,2.8125
30,141,3.8666666666666667,7,6.181818181818182,5.230769230769231
23,80,2.5652173913043477,5,4.222222222222222,4.0
20,32,4.05,6,5.0,1.6666666666666667
28,95,3.5,6,7.583333333333333,3.7916666666666665
25,88,3.04,5,4.588235294117647,3.5454545454545454
26,70,3.1923076923076925,5,4.4,3.0
19,50,2.4210526315789473,5,3.5384615384615383,2.875
27,93,3.7777777777777777,7,4.555555555555555,3.5652173913043477
19,30,3.9473684210526314,6,4.666666666666667,1.6470588235294117
27,100,3.5185185185185186,6,5.4375,3.625
24,64,3.0,5,3.75,3.0
19,30,3.9473684210526314,6,4.666666666666667,1.6470588235294117
23,73,2.9130434782608696,6,5.2,3.25
29,106,3.310344827586207,6,5.315789473684211,4.04
24,87,3.4166666666666665,7,4.0588235294117645,3.45
22,76,2.5454545454545454,5,4.235294117647059,4.0
29,112,3.8275862068965516,7,5.833333333333333,4.2
17,33,2.2941176470588234,4,2.8333333333333335,1.5454545454545454
18,43,2.6666666666666665,5,3.0,2.7857142857142856
22,63,2.6363636363636362,5,4.3076923076923075,3.111111111111111
21,35,3.0476190476190474,5,4.714285714285714,1.736842105263158
18,47,4.0,7,3.75,2.8125
29,105,3.7586206896551726,7,5.315789473684211,4.04
24,96,3.2083333333333335,6,4.352941176470588,3.7
23,84,3.1739130434782608,7,4.294117647058823,3.8421052631578947
19,28,3.5789473684210527,5,5.2,1.5294117647058822
28,87,3.2142857142857144,5,6.384615384615385,3.4583333333333335
23,91,4.260869565217392,8,4.944444444444445,4.238095238095238
23,70,2.739130434782609,5,4.4,3.473684210526316
23,87,3.3043478260869565,6,4.4375,3.736842105263158
19,29,3.9473684210526314,6,4.5,1.588235294117647
24,55,3.875,6,4.636363636363637,2.4285714285714284
27,140,4.444444444444445,8,5.714285714285714,5.0
22,71,2.8181818181818183,5,4.0,3.5789473684210527
24,73,2.7083333333333335,5,4.3125,3.45
24,85,3.2083333333333335,6,4.928571428571429,3.45
19,29,3.9473684210526314,6,4.5,1.588235294117647
24,42,1.375,2,6.0,2.0
28,121,3.75,6,5.529411764705882,3.9166666666666665
26,77,3.9615384615384617,7,4.8,3.272727272727273
23,71,3.5217391304347827,6,4.714285714285714,3.473684210526316
22,62,3.9545454545454546,8,4.461538461538462,3.0526315789473686
25,56,3.64,6,4.333333333333333,2.4761904761904763
18,26,1.8888888888888888,4,2.6,1.3
22,63,3.727272727272727,7,4.615384615384615,3.0
29,104,2.689655172413793,4,5.882352941176471,4.0
25,83,2.76,5,3.764705882352941,3.0476190476190474
26,87,2.6923076923076925,5,4.555555555555555,3.727272727272727
20,40,3.4,5,3.4444444444444446,1.7222222222222223
15,18,1.6,3,3.0,1.5
26,84,2.730769230769231,5,4.9375,3.590909090909091
23,61,3.608695652173913,6,4.071428571428571,2.85
23,78,2.782608695652174,5,4.6,3.6315789473684212
17,40,2.5294117647058822,5,2.769230769230769,2.769230769230769
19,29,3.9473684210526314,6,4.5,1.588235294117647
25,92,3.48,6,5.785714285714286,3.6818181818181817
23,74,2.9130434782608696,5,4.6,3.6315789473684212
17,44,2.588235294117647,5,3.1,2.3846153846153846
16,36,2.5,5,2.5833333333333335,2.5833333333333335
19,29,3.9473684210526314,6,4.5,1.588235294117647
15,29,2.6,6,3.142857142857143,2.2
25,80,3.28,6,4.055555555555555,3.4761904761904763
19,46,2.473684210526316,5,3.5,2.8
23,71,2.782608695652174,5,4.2,3.3157894736842106
20,61,2.55,5,4.071428571428571,3.5625
21,46,2.9523809523809526,5,3.5,2.4705882352941178
18,47,3.5555555555555554,7,3.230769230769231,3.0
15,26,2.1333333333333333,4,2.8,1.5555555555555556
19,44,2.5789473684210527,5,3.3636363636363638,2.466666666666667
26,69,3.6538461538461537,6,3.7857142857142856,2.409090909090909
20,35,2.55,4,3.875,1.7222222222222223
21,70,3.6666666666666665,7,4.714285714285714,3.6666666666666665
24,73,3.7916666666666665,8,3.923076923076923,2.55
28,104,3.4642857142857144,6,4.95,4.125
26,112,3.8461538461538463,7,5.1,4.636363636363637
19,28,4.052631578947368,6,4.333333333333333,1.5294117647058822
27,77,3.740740740740741,6,5.538461538461538,3.130434782608696
23,75,3.0434782608695654,6,3.625,3.2222222222222223
22,75,2.909090909090909,6,4.4375,3.736842105263158
19,29,3.9473684210526314,6,4.5,1.588235294117647
29,99,3.5172413793103448,5,6.333333333333333,3.8
19,31,1.9473684210526316,4,3.25,1.4444444444444444
17,23,1.8823529411764706,4,3.25,1.4444444444444444
23,83,3.0434782608695654,6,4.375,3.6842105263157894
19,35,2.8947368421052633,5,3.1,2.066666666666667
15,27,2.1333333333333333,4,2.8,1.5555555555555556
16,35,2.5,5,2.3846153846153846,2.5833333333333335
18,47,2.611111111111111,5,2.857142857142857,2.6666666666666665
19,29,3.9473684210526314,6,4.5,1.588235294117647
21,70,2.761904761904762,5,4.4,3.6666666666666665
28,101,3.357142857142857,6,5.588235294117647,3.9583333333333335
20,30,4.05,6,4.666666666666667,1.5555555555555556
26,134,3.8076923076923075,7,6.0,5.7272727272727275
29,135,3.896551724137931,7,5.380952380952381,4.52
24,70,2.8333333333333335,5,4.642857142857143,3.25
20,51,2.65,5,3.2857142857142856,2.875
21,61,3.8095238095238093,7,4.833333333333333,3.2222222222222223
23,63,3.5217391304347827,6,3.6153846153846154,2.35
20,30,4.05,6,4.666666666666667,1.5555555555555556
25,89,3.56,6,5.466666666666667,3.9047619047619047
26,112,3.1538461538461537,6,5.684210526315789,4.695652173913044
28,108,3.7142857142857144,7,6.0588235294117645,4.291666666666667
21,67,2.7142857142857144,5,3.8,3.3529411764705883
20,30,4.05,6,4.666666666666667,1.5555555555555556
25,60,3.88,6,5.090909090909091,2.5454545454545454
19,28,4.052631578947368,6,4.333333333333333,1.5294117647058822
17,21,1.4705882352941178,3,2.6666666666666665,1.1428571428571428
25,81,3.08,5,5.769230769230769,3.5714285714285716
22,67,2.8636363636363638,5,4.6923076923076925,3.388888888888889
22,64,2.6818181818181817,5,3.5,2.5789473684210527
19,28,4.052631578947368,6,4.333333333333333,1.5294117647058822
26,43,1.3461538461538463,2,5.666666666666667,1.8888888888888888
30,153,3.8333333333333335,7,5.958333333333333,5.5
22,84,3.1818181818181817,7,4.0588235294117645,3.8333333333333335
18,35,2.5,4,4.4,1.8333333333333333
16,35,2.5,5,2.4166666666666665,2.4166666666666665
20,56,2.6,5,3.6923076923076925,3.0
19,48,2.5789473684210527,5,3.727272727272727,2.7333333333333334
31,112,3.870967741935484,7,4.4,3.259259259259259
19,32,3.1052631578947367,5,4.666666666666667,1.6470588235294117
22,68,3.8181818181818183,7,4.571428571428571,3.3684210526315788
21,33,1.8571428571428572,4,3.2,1.7777777777777777
22,77,2.6818181818181817,5,3.7058823529411766,3.3157894736842106
18,32,3.5555555555555554,5,5.2,1.625
27,91,3.2962962962962963,6,5.117647058823529,3.782608695652174
21,64,3.9047619047619047,7,4.230769230769231,2.8947368421052633
26,130,3.8846153846153846,7,4.954545454545454,4.954545454545454
22,59,3.090909090909091,5,3.5,2.9473684210526314
24,70,3.4583333333333335,6,4.285714285714286,3.0
20,33,2.95,5,4.285714285714286,1.6666666666666667
24,76,3.7083333333333335,6,4.642857142857143,3.0952380952380953
21,69,3.6666666666666665,7,4.714285714285714,3.6666666666666665
22,65,4.2272727272727275,8,4.0,2.8
29,102,3.586206896551724,6,6.0625,3.88
22,87,2.8636363636363638,5,4.8,4.0
27,82,3.074074074074074,5,4.529411764705882,3.347826086956522
19,31,3.9473684210526314,6,4.833333333333333,1.7058823529411764
16,22,1.5625,3,3.3333333333333335,1.4285714285714286
26,81,3.0384615384615383,5,6.333333333333333,3.4545454545454546
22,65,2.8636363636363638,5,5.0,3.3333333333333335
22,68,2.6363636363636362,5,3.3125,2.789473684210526
26,85,3.8076923076923075,7,5.066666666666666,3.4545454545454546
19,29,3.9473684210526314,6,4.5,1.588235294117647
26,99,3.423076923076923,6,6.214285714285714,3.782608695652174
26,83,2.9615384615384617,5,5.266666666666667,3.590909090909091
20,59,2.6,5,4.0,3.2941176470588234
24,70,3.3333333333333335,6,4.0,2.5454545454545454
25,61,3.32,6,4.071428571428571,2.7142857142857144
16,30,2.25,4,3.2,1.6
24,73,3.125,7,4.117647058823529,3.3333333333333335
21,56,2.619047619047619,5,4.25,3.0
25,84,3.52,6,4.928571428571429,3.2857142857142856
19,29,3.9473684210526314,6,4.5,1.588235294117647
21,68,2.6666666666666665,5,4.333333333333333,3.611111111111111
29,105,3.4482758620689653,6,5.882352941176471,4.0
19,29,3.9473684210526314,6,4.5,1.588235294117647
26,107,3.769230769230769,7,6.25,4.545454545454546
27,104,3.2222222222222223,6,5.9411764705882355,4.208333333333333
29,84,3.7586206896551726,6,6.153846153846154,3.2
22,58,3.409090909090909,6,4.153846153846154,2.8421052631578947
23,80,2.8260869565217392,5,4.0,3.3684210526315788
19,29,3.9473684210526314,6,4.5,1.588235294117647
27,94,3.4444444444444446,6,7.416666666666667,3.869565217391304
32,164,4.4375,8,6.826086956521739,5.607142857142857
23,62,2.5217391304347827,5,3.2142857142857144,2.6470588235294117
19,29,3.9473684210526314,6,4.5,1.588235294117647
26,91,3.423076923076923,5,6.583333333333333,3.4347826086956523
23,65,3.652173913043478,6,4.066666666666666,3.05
25,87,3.24,6,4.375,3.3333333333333335
21,70,2.9523809523809526,6,3.6,3.176470588235294
19,38,2.789473684210526,5,3.090909090909091,2.2666666666666666
17,40,3.3529411764705883,6,3.0,2.5714285714285716
18,34,2.2222222222222223,5,2.3,1.7692307692307692
16,35,2.5,5,2.3846153846153846,2.5833333333333335
24,73,3.4166666666666665,6,4.538461538461538,2.8095238095238093
21,33,2.5238095238095237,4,4.428571428571429,1.631578947368421
20,56,4.15,7,4.5,3.0
22,66,3.5454545454545454,7,3.6666666666666665,2.4444444444444446
27,84,3.3703703703703702,6,5.0,3.4782608695652173
15,19,1.8,4,2.75,1.5714285714285714
23,65,3.5217391304347827,7,3.923076923076923,2.4285714285714284
19,30,4.052631578947368,6,4.666666666666667,1.6470588235294117
27,97,3.4444444444444446,6,6.571428571428571,4.0
20,29,1.6,4,3.3333333333333335,1.4285714285714286
16,19,1.5625,3,3.3333333333333335,1.4285714285714286
22,63,2.727272727272727,5,3.933333333333333,3.2777777777777777
20,30,4.05,6,4.666666666666667,1.5555555555555556
22,64,2.727272727272727,5,4.636363636363637,3.1875
28,76,3.142857142857143,5,5.916666666666667,2.9583333333333335
24,86,3.2916666666666665,6,4.6,3.45
28,155,4.285714285714286,8,5.791666666666667,5.56
24,76,2.9583333333333335,5,4.733333333333333,3.55
17,50,2.6470588235294117,5,3.4545454545454546,2.923076923076923
20,65,3.5,6,4.384615384615385,3.3529411764705883
23,61,3.4782608695652173,6,5.090909090909091,2.9473684210526314
22,63,2.6363636363636362,5,3.466666666666667,2.736842105263158
29,109,4.0344827586206895,7,5.625,3.6
20,30,4.05,6,4.666666666666667,1.5555555555555556
25,115,3.52,7,5.411764705882353,4.380952380952381
25,72,2.8,5,4.785714285714286,3.1904761904761907
20,61,2.6,5,4.071428571428571,3.3529411764705883
19,29,3.9473684210526314,6,4.5,1.588235294117647
24,54,3.8333333333333335,6,5.0,2.380952380952381
26,107,3.3846153846153846,7,4.4,4.0
23,76,2.9130434782608696,6,3.8823529411764706,3.473684210526316
19,29,3.9473684210526314,6,4.5,1.588235294117647
20,62,2.75,5,4.461538461538462,3.411764705882353
22,54,2.590909090909091,6,4.0,2.2857142857142856
26,88,2.6923076923076925,5,4.611111111111111,3.772727272727273
19,28,4.052631578947368,6,4.333333333333333,1.5294117647058822
22,53,4.090909090909091,8,3.727272727272727,2.05
30,103,3.5,6,6.125,3.769230769230769
25,74,2.72,5,3.4375,2.75
23,83,3.1739130434782608,7,4.0,3.5789473684210527
23,65,2.608695652173913,5,3.3125,2.65
20,30,4.05,6,4.666666666666667,1.5555555555555556
26,129,3.8076923076923075,7,5.809523809523809,5.545454545454546
24,64,3.5416666666666665,6,4.538461538461538,2.95
21,58,2.857142857142857,5,3.3125,3.1176470588235294
20,30,4.05,6,4.666666666666667,1.5555555555555556
24,42,2.9166666666666665,5,4.4,1.2222222222222223
28,91,3.25,6,5.666666666666667,3.5416666666666665
29,96,3.5517241379310347,6,4.055555555555555,2.92
20,33,3.1,5,4.285714285714286,1.6666666666666667
25,65,3.72,7,4.153846153846154,2.4545454545454546
27,103,3.7777777777777777,7,5.125,3.5652173913043477
25,83,3.28,7,3.6470588235294117,2.9523809523809526
22,79,3.3636363636363638,7,4.125,3.6666666666666665
18,27,3.9444444444444446,6,4.166666666666667,1.5625
22,73,2.909090909090909,6,4.666666666666667,3.6842105263157894
30,93,3.2,5,6.214285714285714,3.3461538461538463
27,88,2.740740740740741,5,4.882352941176471,3.608695652173913
23,63,3.869565217391304,7,4.615384615384615,3.0
20,30,4.05,6,4.666666666666667,1.5555555555555556
26,111,4.0,7,6.0625,4.217391304347826
23,71,3.0,5,4.4,3.473684210526316
18,29,2.0,4,2.8,1.5555555555555556
16,36,2.5,5,2.5,2.5
18,27,3.9444444444444446,6,4.166666666666667,1.5625
27,97,3.5185185185185186,6,6.5,3.9565217391304346
22,62,3.3636363636363638,6,3.2666666666666666,2.45
20,30,1.9,4,3.25,1.4444444444444444
28,107,4.071428571428571,7,5.0588235294117645,3.5833333333333335
21,33,3.9523809523809526,6,5.166666666666667,1.631578947368421
25,57,1.84,4,4.0,2.1333333333333333
28,91,3.107142857142857,5,6.538461538461538,3.5416666666666665
25,106,2.96,6,5.388888888888889,4.619047619047619
23,85,4.086956521739131,8,4.875,3.9
21,60,2.857142857142857,5,3.9285714285714284,3.235294117647059
17,41,2.7058823529411766,5,2.5714285714285716,2.5714285714285716
17,36,2.6470588235294117,5,2.5,2.3076923076923075
17,26,3.4705882352941178,5,4.8,1.6
23,46,3.9130434782608696,6,6.142857142857143,2.15
25,95,3.28,7,5.055555555555555,4.333333333333333
21,59,3.7142857142857144,7,3.8333333333333335,2.5555555555555554
29,95,3.1379310344827585,5,5.055555555555555,3.64
23,69,2.6956521739130435,5,4.333333333333333,3.4210526315789473
19,31,3.5789473684210527,5,5.8,1.7058823529411764
24,82,2.9583333333333335,6,6.1,3.588235294117647
30,96,3.3666666666666667,6,7.0,3.5
24,96,3.5,7,5.266666666666667,3.95
19,31,3.9473684210526314,6,4.833333333333333,1.7058823529411764
25,92,3.72,6,6.153846153846154,3.6363636363636362
24,68,3.0,5,3.764705882352941,3.2
20,32,4.05,6,5.0,1.6666666666666667
22,57,4.090909090909091,8,3.6153846153846154,2.35
29,112,3.7586206896551726,7,5.684210526315789,4.32
26,124,4.423076923076923,8,5.6,4.869565217391305
21,63,2.619047619047619,5,3.933333333333333,3.4705882352941178
22,47,3.4545454545454546,6,4.3,2.388888888888889
18,23,1.3333333333333333,2,5.5,1.8333333333333333
20,25,1.3,2,5.5,1.8333333333333333
19,47,3.1578947368421053,6,4.888888888888889,2.75
18,60,4.0,8,4.461538461538462,3.625
22,76,3.272727272727273,5,6.5,3.611111111111111
19,65,3.6315789473684212,7,3.7333333333333334,3.2941176470588234
19,64,4.157894736842105,8,4.133333333333334,3.6470588235294117
23,69,2.260869565217391,5,5.333333333333333,3.2
24,41,1.3333333333333333,2,6.0,2.25
20,49,2.1,4,3.3333333333333335,2.5
21,69,4.0476190476190474,8,4.1875,3.526315789473684
23,38,1.826086956521739,4,4.75,1.9
20,31,2.15,3,6.5,1.625
21,65,3.9047619047619047,7,5.166666666666667,3.4444444444444446
27,84,3.074074074074074,5,6.076923076923077,3.4347826086956523
26,87,3.730769230769231,7,4.722222222222222,3.5416666666666665
19,50,2.789473684210526,5,3.2857142857142856,3.066666666666667
22,67,2.6363636363636362,5,3.5,2.9473684210526314
20,49,3.3,5,4.111111111111111,2.0555555555555554
18,33,3.2777777777777777,5,4.8,1.6
27,93,3.6296296296296298,6,5.176470588235294,3.8260869565217392
19,31,1.9473684210526316,4,3.25,1.4444444444444444
18,30,3.3333333333333335,5,4.8,1.6
17,23,1.5294117647058822,3,3.6666666666666665,1.5714285714285714
26,81,3.0384615384615383,5,6.333333333333333,3.4545454545454546
23,67,2.9130434782608696,5,5.166666666666667,3.263157894736842
23,68,2.608695652173913,5,3.375,2.7
20,30,4.05,6,4.666666666666667,1.5555555555555556
22,71,2.5,4,4.785714285714286,3.526315789473684
27,100,3.4444444444444446,6,5.588235294117647,4.130434782608695
23,79,3.0434782608695654,5,4.3125,3.45
18,44,2.611111111111111,5,2.857142857142857,2.857142857142857
22,50,3.5,6,3.9,2.0526315789473686
19,29,3.9473684210526314,6,4.5,1.588235294117647
27,117,3.7777777777777777,7,5.411764705882353,4.0
25,74,3.08,6,5.0,3.3333333333333335
20,60,2.6,5,4.071428571428571,3.3529411764705883
19,29,3.9473684210526314,6,4.5,1.588235294117647
22,58,2.590909090909091,6,4.0,2.5714285714285716
28,101,3.4642857142857144,6,5.388888888888889,4.041666666666667
21,73,2.857142857142857,5,4.2,3.5
19,28,4.052631578947368,6,4.333333333333333,1.5294117647058822
23,79,2.652173913043478,5,5.0,3.75
22,53,2.590909090909091,6,3.875,2.2142857142857144
24,69,3.5833333333333335,6,4.642857142857143,3.0952380952380953
21,65,2.761904761904762,5,4.428571428571429,3.4444444444444446
19,29,3.9473684210526314,6,4.5,1.588235294117647
26,105,3.730769230769231,7,5.6875,3.9565217391304346
25,82,3.0,5,5.133333333333334,3.6666666666666665
28,101,3.9642857142857144,7,4.714285714285714,3.8076923076923075
16,36,2.5,5,2.4615384615384617,2.6666666666666665
22,58,2.6363636363636362,5,3.1333333333333333,2.473684210526316
19,29,3.9473684210526314,6,4.5,1.588235294117647
27,111,3.6666666666666665,7,4.863636363636363,4.6521739130434785
25,96,3.6,7,4.9411764705882355,4.0
27,112,3.6666666666666665,7,5.15,4.478260869565218
20,31,4.05,6,4.833333333333333,1.6111111111111112
22,53,2.5454545454545454,6,3.875,2.2142857142857144
29,114,3.4482758620689653,6,5.238095238095238,4.4
20,62,2.5,5,3.5625,3.5625
24,60,3.0833333333333335,5,3.5384615384615383,2.090909090909091
20,54,2.7,5,3.5714285714285716,3.125
19,54,2.9473684210526314,6,3.727272727272727,2.7333333333333334
19,31,2.526315789473684,4,4.333333333333333,1.5294117647058822
23,87,3.9130434782608696,8,4.764705882352941,4.05
28,91,2.857142857142857,5,5.375,3.5833333333333335
21,72,3.0,5,4.2,3.5
22,67,2.8636363636363638,5,4.428571428571429,3.4444444444444446
27,87,3.5555555555555554,6,4.25,3.4
17,36,2.6470588235294117,5,2.6666666666666665,2.4615384615384617
20,30,4.05,6,4.666666666666667,1.5555555555555556
26,110,3.6923076923076925,7,4.7727272727272725,4.7727272727272725
24,93,3.5,7,5.0588235294117645,4.3
25,109,3.56,7,5.105263157894737,4.619047619047619
19,29,4.052631578947368,6,4.5,1.588235294117647
22,59,2.8636363636363638,6,4.625,2.466666666666667
29,107,3.1379310344827585,5,6.0,4.08
20,32,1.9,4,3.25,1.4444444444444444
17,24,1.8823529411764706,4,2.6,1.4444444444444444
20,51,2.65,5,3.066666666666667,2.875
25,61,3.64,6,4.5,2.142857142857143
20,29,4.15,6,4.5,1.5
26,71,3.6923076923076925,6,4.4,2.869565217391304
19,29,4.052631578947368,6,4.5,1.588235294117647
22,76,3.9545454545454546,8,5.214285714285714,3.8421052631578947
23,49,3.0434782608695654,5,3.2222222222222223,1.6111111111111112
29,89,3.2413793103448274,6,6.0,3.36
21,52,2.857142857142857,5,4.2,2.210526315789474
18,27,3.9444444444444446,6,4.166666666666667,1.5625
24,91,3.5,7,4.526315789473684,4.3
26,109,3.6153846153846154,7,5.421052631578948,4.681818181818182
26,122,3.923076923076923,8,5.238095238095238,5.0
18,28,3.9444444444444446,6,4.333333333333333,1.625
28,83,4.035714285714286,6,4.588235294117647,3.12
24,91,3.0833333333333335,6,4.526315789473684,4.095238095238095
19,28,4.052631578947368,6,4.333333333333333,1.5294117647058822
20,71,3.4,6,4.4,3.8823529411764706
22,61,2.8181818181818183,6,3.9,2.6
29,108,3.1379310344827585,5,6.0,4.08
19,30,3.8421052631578947,6,4.666666666666667,1.6470588235294117
25,85,3.48,7,5.454545454545454,3.0
28,107,3.7857142857142856,7,5.666666666666667,4.25
22,85,3.590909090909091,7,4.117647058823529,3.888888888888889
21,69,2.619047619047619,5,3.933333333333333,3.4705882352941178
20,58,2.75,5,3.533333333333333,3.1176470588235294
19,31,3.1052631578947367,5,4.5,1.588235294117647
21,84,3.8095238095238093,8,4.444444444444445,4.444444444444445
26,106,4.3076923076923075,8,4.95,4.5
27,136,3.740740740740741,7,5.857142857142857,5.3478260869565215
17,27,3.5294117647058822,5,4.8,1.6
22,64,3.5454545454545454,6,4.357142857142857,3.210526315789474
18,30,3.9444444444444446,6,4.666666666666667,1.75
20,53,2.55,4,5.375,2.6875
32,147,4.0625,7,6.5,5.107142857142857
18,47,2.6666666666666665,6,4.0,2.6666666666666665
18,41,2.111111111111111,4,5.0,2.6923076923076925
22,58,3.5454545454545454,6,3.857142857142857,2.8421052631578947
22,88,3.272727272727273,6,4.8125,4.277777777777778
22,71,2.6818181818181817,5,3.9375,3.3157894736842106
19,31,3.9473684210526314,6,4.833333333333333,1.7058823529411764
26,102,3.0,6,5.823529411764706,4.304347826086956
23,68,3.9565217391304346,7,4.266666666666667,3.2
22,76,3.272727272727273,6,4.055555555555555,3.8421052631578947
22,64,2.909090909090909,5,3.6875,3.2777777777777777
19,30,3.5789473684210527,5,5.6,1.6470588235294117
24,86,2.7916666666666665,5,5.533333333333333,3.9523809523809526
21,52,2.6666666666666665,6,3.888888888888889,2.5
28,104,2.8214285714285716,5,4.95,4.125
25,81,2.72,5,4.75,3.619047619047619
20,42,3.4,6,3.6363636363636362,2.2222222222222223
18,24,1.3888888888888888,2,6.0,1.7142857142857142
21,28,1.3333333333333333,2,6.0,1.7142857142857142
18,45,3.0555555555555554,6,4.666666666666667,2.8
18,58,4.0,8,4.3076923076923075,3.5
22,74,3.227272727272727,5,5.7272727272727275,3.5
19,66,3.5789473684210527,7,3.5625,3.3529411764705883
20,71,4.2,8,4.3125,3.8333333333333335
23,68,2.3043478260869565,5,5.222222222222222,2.9375
24,41,1.3333333333333333,2,6.0,2.25
20,48,2.15,4,3.3333333333333335,2.5
21,70,4.095238095238095,8,4.25,3.5789473684210527
23,45,1.9565217391304348,4,5.2,2.3636363636363638
18,28,2.0555555555555554,3,5.75,1.6428571428571428
22,58,4.318181818181818,8,4.666666666666667,2.8
24,67,3.0833333333333335,6,3.75,3.0
25,72,3.32,6,4.636363636363637,2.55
19,29,3.9473684210526314,6,4.5,1.588235294117647
24,80,3.0833333333333335,7,5.8,3.2222222222222223
29,108,3.413793103448276,6,5.722222222222222,4.12
25,91,3.28,6,4.235294117647059,3.4285714285714284
20,30,4.05,6,4.666666666666667,1.5555555555555556
26,62,3.1153846153846154,5,5.181818181818182,2.590909090909091
19,29,3.9473684210526314,6,4.5,1.588235294117647
22,73,2.8181818181818183,5,4.6,3.6315789473684212
29,147,4.413793103448276,8,6.086956521739131,5.6
25,88,3.24,6,4.0588235294117645,3.2857142857142856
22,73,2.6363636363636362,5,4.3125,3.6315789473684212
26,98,3.0384615384615383,6,4.473684210526316,3.8636363636363638
20,55,2.6,5,3.642857142857143,3.1875
29,102,4.0,7,5.0588235294117645,3.44
19,29,3.9473684210526314,6,4.5,1.588235294117647
24,53,3.8333333333333335,6,4.9,2.3333333333333335
28,103,3.4642857142857144,7,5.529411764705882,3.9166666666666665
19,29,3.9473684210526314,6,4.5,1.588235294117647
22,55,2.5454545454545454,6,4.714285714285714,2.357142857142857
30,110,3.1333333333333333,5,6.176470588235294,4.038461538461538
19,29,3.9473684210526314,6,4.5,1.588235294117647
22,75,2.5,4,5.071428571428571,3.736842105263158
24,72,3.9583333333333335,7,4.533333333333333,3.238095238095238
24,91,3.375,7,4.631578947368421,4.190476190476191
20,55,2.55,5,3.5714285714285716,3.125
22,64,2.6363636363636362,5,4.384615384615385,3.1666666666666665
19,29,3.9473684210526314,6,4.5,1.588235294117647
24,53,3.8333333333333335,6,4.9,2.3333333333333335
19,29,3.9473684210526314,6,4.5,1.588235294117647
21,57,2.3333333333333335,4,4.2,2.625
29,131,3.9310344827586206,7,5.636363636363637,4.96
19,60,4.157894736842105,8,3.8666666666666667,3.411764705882353
19,57,4.105263157894737,8,3.9285714285714284,3.235294117647059
19,50,3.3684210526315788,6,3.8333333333333335,2.875
18,57,3.0555555555555554,6,3.2857142857142856,3.2857142857142856
22,62,2.6363636363636362,5,3.533333333333333,2.789473684210526
25,58,3.4,6,4.181818181818182,2.1904761904761907
17,20,1.3529411764705883,2,4.0,1.3333333333333333
19,23,1.3157894736842106,2,4.5,1.5
16,32,3.5,5,4.833333333333333,2.0714285714285716
23,55,2.1739130434782608,5,4.0,2.5714285714285716
23,84,3.260869565217391,5,5.75,3.6315789473684212
23,82,3.0869565217391304,6,4.6923076923076925,3.388888888888889
22,59,2.4545454545454546,5,3.0,2.4705882352941178
19,57,3.1052631578947367,5,4.4,2.933333333333333
21,76,4.0476190476190474,8,3.3157894736842106,3.3157894736842106
23,47,1.9565217391304348,4,3.7142857142857144,2.0
24,100,4.083333333333333,8,5.588235294117647,4.523809523809524
24,39,1.7916666666666667,4,4.5,1.8
18,28,1.9444444444444444,3,5.0,1.5384615384615385
20,66,3.75,7,4.5,3.7058823529411766
27,84,3.074074074074074,5,6.0,3.391304347826087
22,79,2.9545454545454546,5,4.375,3.6842105263157894
17,39,2.5294117647058822,5,2.6153846153846154,2.6153846153846154
28,99,4.035714285714286,7,4.875,3.25
19,29,3.9473684210526314,6,4.5,1.588235294117647
15,20,1.5333333333333334,3,4.0,1.3333333333333333
26,84,3.0384615384615383,5,5.2,3.5454545454545454
21,73,3.0,5,4.266666666666667,3.5555555555555554
19,46,2.6842105263157894,5,2.9285714285714284,2.7333333333333334
28,100,4.0,7,5.333333333333333,3.3333333333333335
20,30,4.05,6,4.666666666666667,1.5555555555555556
27,105,3.4814814814814814,7,4.545454545454546,4.3478260869565215
23,86,3.347826086956522,7,4.875,4.105263157894737
25,114,3.44,7,5.1,4.857142857142857
20,30,4.05,6,4.666666666666667,1.5555555555555556
22,58,4.090909090909091,8,3.75,2.25
28,108,4.464285714285714,8,5.722222222222222,4.12
26,100,3.0,6,4.7368421052631575,4.090909090909091
22,67,4.090909090909091,8,4.133333333333334,3.263157894736842
23,62,3.4782608695652173,6,3.9166666666666665,2.35
20,30,4.05,6,4.666666666666667,1.5555555555555556
29,110,3.896551724137931,7,6.5625,4.2
28,99,3.7142857142857144,6,5.642857142857143,3.2916666666666665
18,28,3.9444444444444446,6,4.166666666666667,1.5625
25,88,3.64,7,4.923076923076923,3.0476190476190474
25,80,3.88,6,5.0,3.409090909090909
24,72,3.0416666666666665,5,4.466666666666667,3.35
17,42,2.7058823529411766,5,2.5714285714285716,2.5714285714285716
20,52,2.9,5,3.5,2.3333333333333335
29,112,4.0344827586206895,7,5.5625,3.56
20,31,4.05,6,4.833333333333333,1.6111111111111112
24,92,3.5,7,4.526315789473684,4.3
25,92,3.64,7,4.9411764705882355,4.0
26,128,3.576923076923077,7,5.571428571428571,5.318181818181818
20,33,3.95,6,5.166666666666667,1.7222222222222223
26,72,3.923076923076923,6,5.153846153846154,2.9130434782608696
25,113,3.72,7,4.947368421052632,4.476190476190476
24,73,2.7083333333333335,5,3.9411764705882355,3.35
21,37,3.9523809523809526,6,5.666666666666667,1.7894736842105263
23,87,3.5652173913043477,7,5.125,4.1
28,95,3.2857142857142856,6,5.933333333333334,3.7083333333333335
23,46,3.9130434782608696,6,6.142857142857143,2.15
20,54,4.1,8,3.8461538461538463,2.7777777777777777
22,60,3.772727272727273,7,4.181818181818182,2.4210526315789473
30,96,3.1333333333333333,5,5.111111111111111,3.5384615384615383
24,111,3.625,7,5.333333333333333,4.8
23,68,2.739130434782609,5,4.266666666666667,3.3684210526315788
27,125,4.444444444444445,8,6.157894736842105,4.875
25,78,3.08,5,5.214285714285714,3.4761904761904763
22,79,3.3636363636363638,6,4.714285714285714,3.6666666666666665
20,52,2.65,5,3.2,3.0
20,32,4.05,6,5.0,1.6666666666666667
25,107,3.76,7,5.05,4.809523809523809
22,53,2.590909090909091,6,3.888888888888889,2.5
28,106,3.4285714285714284,6,5.315789473684211,4.208333333333333
29,117,3.8620689655172415,7,5.0,4.4
21,71,2.6666666666666665,5,3.7857142857142856,3.1176470588235294
23,72,2.608695652173913,5,3.75,3.0
20,30,4.05,6,4.666666666666667,1.5555555555555556
23,73,4.217391304347826,7,4.176470588235294,3.380952380952381
21,31,4.142857142857143,6,4.833333333333333,1.5263157894736843
24,47,1.5,3,6.0,2.4
27,87,3.074074074074074,5,5.857142857142857,3.5652173913043477
28,124,3.7857142857142856,7,6.157894736842105,4.875
22,55,3.0,6,4.545454545454546,2.5
19,49,2.4210526315789473,5,3.4615384615384617,2.8125
20,43,3.5,6,4.1,2.2777777777777777
18,25,1.4444444444444444,2,6.5,1.625
19,46,3.4210526315789473,7,3.3076923076923075,2.5294117647058822
25,81,3.96,7,4.75,3.4545454545454546
21,49,3.380952380952381,7,3.75,2.5
20,34,3.35,5,3.857142857142857,1.588235294117647
22,55,3.4545454545454546,7,4.3,2.15
22,55,2.590909090909091,6,4.375,2.5
25,76,3.76,7,4.8,3.272727272727273
24,84,2.875,6,4.2105263157894735,3.8095238095238093
19,30,3.9473684210526314,6,4.666666666666667,1.6470588235294117
22,55,2.5454545454545454,6,4.125,2.357142857142857
26,84,3.8076923076923075,7,5.0,3.4782608695652173
22,52,3.590909090909091,7,4.083333333333333,2.5789473684210527
19,29,3.9473684210526314,6,4.5,1.588235294117647
26,98,3.3461538461538463,5,6.384615384615385,3.608695652173913
24,66,3.4583333333333335,6,3.8125,3.05
21,52,2.857142857142857,5,3.6923076923076925,2.823529411764706
24,72,3.5416666666666665,6,4.461538461538462,2.9
19,29,3.9473684210526314,6,4.5,1.588235294117647
26,77,3.576923076923077,6,5.461538461538462,3.0869565217391304
28,94,3.7142857142857144,6,6.153846153846154,3.3333333333333335
25,86,3.36,7,3.388888888888889,3.05
24,86,3.125,6,4.117647058823529,3.5
18,27,3.9444444444444446,6,4.166666666666667,1.5625
26,102,3.4615384615384617,7,5.066666666666666,3.619047619047619
28,90,3.1785714285714284,5,5.666666666666667,3.5416666666666665
27,122,3.8518518518518516,8,5.65,4.913043478260869
18,26,1.5555555555555556,4,2.25,1.5
22,65,2.5,5,3.6666666666666665,2.8947368421052633
21,69,2.4761904761904763,4,4.214285714285714,3.4705882352941178
18,40,2.7222222222222223,5,3.6,2.5714285714285716
19,29,3.9473684210526314,6,4.5,1.588235294117647
16,19,1.375,2,3.5,1.1666666666666667
25,76,3.0,5,6.454545454545454,3.380952380952381
20,30,4.05,6,4.666666666666667,1.5555555555555556
24,56,3.8333333333333335,6,4.7272727272727275,2.4761904761904763
24,72,3.0,6,4.615384615384615,2.727272727272727
25,72,3.0,5,5.153846153846154,3.1904761904761907
24,94,3.75,7,5.0588235294117645,4.3
17,40,2.6470588235294117,5,2.5714285714285716,2.5714285714285716
19,29,3.9473684210526314,6,4.5,1.588235294117647
23,53,2.3043478260869565,5,4.285714285714286,2.142857142857143
27,90,2.7037037037037037,5,4.777777777777778,3.739130434782609
24,80,3.125,6,4.428571428571429,3.1
24,60,3.4583333333333335,6,3.4615384615384617,2.25
19,35,2.473684210526316,4,3.5,1.6470588235294117
26,66,3.5384615384615383,6,4.583333333333333,2.391304347826087
24,85,3.0,6,4.2631578947368425,3.857142857142857
21,32,4.142857142857143,6,5.0,1.5789473684210527
25,110,3.8,7,5.421052631578948,4.904761904761905
23,63,2.9565217391304346,7,3.5,2.625
24,72,3.7083333333333335,7,4.857142857142857,3.238095238095238
23,71,2.8260869565217392,6,3.533333333333333,2.9444444444444446
21,70,3.3333333333333335,7,3.625,3.411764705882353
18,27,3.9444444444444446,6,4.166666666666667,1.5625
16,20,1.375,2,3.5,1.1666666666666667
25,76,3.0,5,6.454545454545454,3.380952380952381
18,27,3.9444444444444446,6,4.166666666666667,1.5625
22,59,2.8181818181818183,6,4.625,2.466666666666667
25,81,3.8,7,4.529411764705882,3.5
25,92,3.08,6,4.294117647058823,3.4761904761904763
22,62,2.6818181818181817,5,3.066666666666667,2.4210526315789473
20,30,4.05,6,4.666666666666667,1.5555555555555556
29,106,3.5517241379310347,6,5.9411764705882355,4.04
28,153,4.5,8,5.956521739130435,5.48
19,29,3.9473684210526314,6,4.5,1.588235294117647
20,71,3.75,7,4.533333333333333,4.0
26,74,3.8461538461538463,7,5.3076923076923075,3.1363636363636362
22,77,3.6818181818181817,6,4.533333333333333,3.5789473684210527
25,78,3.0,6,5.0,3.1818181818181817
20,45,2.8,5,3.6363636363636362,2.5
19,54,2.789473684210526,5,3.4285714285714284,3.2
18,27,3.9444444444444446,6,4.166666666666667,1.5625
18,24,1.5,3,3.3333333333333335,1.25
25,74,3.0,5,5.666666666666667,3.238095238095238
20,30,4.05,6,4.666666666666667,1.5555555555555556
23,66,4.217391304347826,8,3.7142857142857144,2.4761904761904763
30,123,3.966666666666667,7,6.555555555555555,4.538461538461538
22,70,2.8636363636363638,6,3.8823529411764706,3.473684210526316
24,72,3.4166666666666665,6,4.0,2.5454545454545454
25,86,3.36,6,4.444444444444445,3.8095238095238093
26,104,3.730769230769231,7,4.7,4.2727272727272725
17,39,2.6470588235294117,5,2.5,2.5
20,31,4.05,6,4.833333333333333,1.6111111111111112
23,56,2.6956521739130435,6,4.125,2.2
27,94,3.2962962962962963,6,5.5625,3.869565217391304
24,85,3.0833333333333335,6,4.466666666666667,3.35
26,72,3.8076923076923075,7,4.615384615384615,2.727272727272727
17,22,1.2941176470588236,2,4.0,1.6
21,26,1.2380952380952381,2,4.0,1.6
18,45,3.5,6,4.1,2.7333333333333334
23,70,3.3043478260869565,5,5.1,2.6842105263157894
25,102,3.92,6,5.866666666666666,4.0
24,111,3.8333333333333335,8,5.352941176470588,4.333333333333333
25,88,2.64,5,3.5555555555555554,3.2
20,70,3.3,6,4.285714285714286,3.5294117647058822
22,89,4.2272727272727275,8,3.8,3.8
24,70,2.4166666666666665,5,3.5384615384615383,2.4210526315789473
24,113,4.041666666666667,8,5.888888888888889,5.0476190476190474
26,48,2.1923076923076925,5,3.6666666666666665,1.4666666666666666
18,34,2.5555555555555554,4,5.75,1.6428571428571428
20,73,3.8,7,5.0,4.117647058823529
22,64,3.5454545454545454,6,4.357142857142857,3.210526315789474
22,68,2.909090909090909,6,4.4,3.3
22,65,2.6818181818181817,5,4.066666666666666,3.388888888888889
20,33,4.05,6,5.0,1.6666666666666667
23,73,3.6956521739130435,6,4.714285714285714,3.3
16,23,1.5625,3,4.333333333333333,1.8571428571428572
30,162,4.0,7,6.173913043478261,5.461538461538462
25,76,2.68,5,4.235294117647059,3.4285714285714284
22,62,2.6818181818181817,5,3.8666666666666667,3.2222222222222223
22,70,2.6363636363636362,5,3.75,3.1578947368421053
20,32,4.05,6,5.0,1.6666666666666667
26,112,3.8076923076923075,7,5.684210526315789,4.909090909090909
27,85,3.074074074074074,5,6.153846153846154,3.4782608695652173
19,31,3.9473684210526314,6,4.833333333333333,1.7058823529411764
22,57,4.090909090909091,8,3.9166666666666665,2.35
30,110,3.1333333333333333,5,6.235294117647059,4.076923076923077
26,103,3.423076923076923,7,4.421052631578948,3.8181818181818183
23,83,3.0434782608695654,6,4.235294117647059,3.789473684210526
20,32,4.05,6,5.0,1.6666666666666667
22,77,2.6363636363636362,5,5.214285714285714,4.055555555555555
29,102,3.3793103448275863,6,5.388888888888889,3.88
16,23,1.5,2,5.5,1.375
21,61,2.619047619047619,5,3.8,3.3529411764705883
21,65,2.619047619047619,5,3.875,3.4444444444444446
23,58,3.0869565217391304,5,3.8333333333333335,2.1904761904761907
19,50,2.6315789473684212,5,3.2857142857142856,3.066666666666667
20,65,3.05,6,4.076923076923077,3.3125
29,107,4.0,7,4.7368421052631575,3.6
21,34,3.0476190476190474,5,4.571428571428571,1.6842105263157894
21,66,3.619047619047619,7,4.5,3.5
22,57,3.0454545454545454,6,4.333333333333333,2.4375
23,66,3.6956521739130435,7,4.769230769230769,3.1
24,83,2.7916666666666665,5,4.444444444444445,3.8095238095238093
19,30,3.9473684210526314,6,4.666666666666667,1.6470588235294117
26,130,4.115384615384615,8,5.857142857142857,5.590909090909091
22,59,3.3636363636363638,6,4.153846153846154,2.8421052631578947
26,81,3.0384615384615383,5,5.428571428571429,3.4545454545454546
19,29,1.631578947368421,4,2.2,1.5714285714285714
19,29,3.9473684210526314,6,4.5,1.588235294117647
20,64,3.7,7,4.6923076923076925,3.588235294117647
31,157,4.387096774193548,8,6.25,5.555555555555555
20,31,1.75,4,3.0,1.5
22,73,2.6363636363636362,5,3.5294117647058822,3.1578947368421053
23,62,3.608695652173913,6,4.142857142857143,2.9
20,48,2.8,5,3.3846153846153846,2.75
19,28,4.052631578947368,6,4.333333333333333,1.5294117647058822
29,101,3.7586206896551726,7,5.705882352941177,3.88
26,98,3.230769230769231,6,4.5,4.090909090909091
19,29,3.9473684210526314,6,4.5,1.588235294117647
22,72,2.5,4,4.857142857142857,3.5789473684210527
22,51,2.3181818181818183,5,4.833333333333333,2.0714285714285716
26,90,2.6923076923076925,5,4.722222222222222,3.8636363636363638
20,30,4.05,6,4.666666666666667,1.5555555555555556
22,53,4.0,8,3.6363636363636362,2.0
29,106,3.2413793103448274,5,6.8,4.08
24,69,2.5416666666666665,5,3.2666666666666666,2.5789473684210527
24,74,2.625,5,3.4375,2.75
24,67,3.1666666666666665,5,4.5,3.15
16,28,1.9375,4,2.6,1.625
17,34,2.588235294117647,5,2.9,1.9333333333333333
23,87,3.5217391304347827,7,4.705882352941177,4.0
26,50,1.4615384615384615,3,6.25,2.272727272727273
24,60,3.8333333333333335,6,4.666666666666667,2.6666666666666665
23,63,3.0869565217391304,6,3.4705882352941178,3.1052631578947367
22,51,3.4545454545454546,6,4.3,2.388888888888889
17,20,1.2941176470588236,2,4.0,1.6
20,22,1.3,2,4.0,1.3333333333333333
20,52,3.4,7,4.8,2.823529411764706
20,74,4.25,8,5.142857142857143,4.0
24,89,3.3333333333333335,6,5.428571428571429,3.8
18,61,3.4444444444444446,7,3.5714285714285716,3.125
21,76,4.142857142857143,8,4.933333333333334,3.8947368421052633
23,65,2.1739130434782608,4,4.888888888888889,2.933333333333333
24,37,1.2916666666666667,2,5.0,2.142857142857143
22,47,1.8181818181818181,4,3.375,2.25
21,77,4.095238095238095,8,4.235294117647059,3.789473684210526
24,40,1.7916666666666667,4,4.75,1.9
18,25,1.9444444444444444,3,4.5,1.3846153846153846
26,74,3.769230769230769,6,5.25,2.739130434782609
27,96,3.6296296296296298,6,6.076923076923077,3.4347826086956523
24,80,3.4583333333333335,7,3.6875,2.95
23,79,2.9565217391304346,6,4.2,3.3157894736842106
18,27,3.9444444444444446,6,4.166666666666667,1.5625
26,114,3.730769230769231,7,6.117647058823529,4.7272727272727275
30,83,3.1666666666666665,5,6.5,3.0
27,88,2.8518518518518516,5,5.1875,3.608695652173913
18,27,3.9444444444444446,6,4.166666666666667,1.5625
21,72,2.6666666666666665,5,4.466666666666667,3.9411764705882355
22,53,2.590909090909091,6,3.875,2.2142857142857144
26,90,2.8076923076923075,5,5.3125,3.8636363636363638
23,74,2.608695652173913,5,4.3125,3.6315789473684212
19,28,4.052631578947368,6,4.333333333333333,1.5294117647058822
22,55,2.590909090909091,6,4.125,2.357142857142857
27,96,3.7777777777777777,7,4.7894736842105265,3.9565217391304346
20,30,1.75,4,3.0,1.5
17,27,2.176470588235294,5,2.25,1.5
26,82,3.6538461538461537,6,5.357142857142857,3.409090909090909
22,64,2.6363636363636362,5,3.533333333333333,2.789473684210526
19,28,4.052631578947368,6,4.333333333333333,1.5294117647058822
27,97,3.4444444444444446,6,7.0,3.9565217391304346
20,31,1.9,4,3.25,1.4444444444444444
20,30,4.05,6,4.666666666666667,1.5555555555555556
21,75,3.7142857142857144,7,4.8,4.0
31,168,4.419354838709677,8,6.666666666666667,5.925925925925926
19,28,1.631578947368421,4,2.75,1.5714285714285714
22,70,2.6363636363636362,5,3.5625,3.0
21,57,3.4761904761904763,6,4.076923076923077,2.9444444444444446
22,56,2.9545454545454546,5,3.642857142857143,2.8333333333333335
19,28,4.052631578947368,6,4.333333333333333,1.5294117647058822
26,90,3.8076923076923075,7,4.923076923076923,2.909090909090909
27,100,3.2962962962962963,6,5.277777777777778,4.130434782608695
22,76,3.227272727272727,7,3.75,3.3333333333333335
20,61,2.6,5,4.25,3.1875
19,59,2.5789473684210527,5,3.857142857142857,3.6
25,68,3.6,6,4.3076923076923075,2.6666666666666665
18,23,1.2777777777777777,2,4.0,1.6
20,25,1.25,2,3.5,1.4
21,50,3.2857142857142856,6,4.5,2.5
22,90,3.9545454545454546,8,4.388888888888889,4.157894736842105
23,80,3.6956521739130435,7,4.428571428571429,3.1
25,106,4.16,7,5.6875,4.136363636363637
24,54,1.6666666666666667,3,3.4444444444444446,2.3846153846153846
26,121,4.3076923076923075,8,6.052631578947368,5.0
25,47,2.2,5,4.4,1.6923076923076923
18,34,2.3333333333333335,4,5.0,1.5384615384615385
23,70,4.3478260869565215,8,4.125,3.142857142857143
24,89,3.9583333333333335,7,5.0625,3.857142857142857
24,102,3.4166666666666665,6,5.25,4.2
25,80,3.44,6,4.529411764705882,3.5
20,35,3.95,6,5.5,1.8333333333333333
21,56,2.8095238095238093,5,5.5,2.75
25,78,2.76,5,4.933333333333334,3.5238095238095237
28,135,3.8214285714285716,7,5.454545454545454,5.0
25,64,3.12,5,4.0,2.857142857142857
22,66,2.6363636363636362,5,5.0,3.3333333333333335
21,52,3.4761904761904763,6,4.3,2.263157894736842
28,97,3.75,6,5.533333333333333,3.4583333333333335
23,80,2.8260869565217392,6,3.9444444444444446,3.55
22,49,3.4545454545454546,6,4.090909090909091,2.5
18,25,1.3888888888888888,2,6.0,1.7142857142857142
20,51,3.6,7,3.4285714285714284,2.6666666666666665
22,65,3.727272727272727,7,4.0,3.1578947368421053
23,79,2.782608695652174,5,3.8125,3.05
21,34,2.6666666666666665,5,3.4285714285714284,1.6
24,67,4.291666666666667,7,4.538461538461538,2.6818181818181817
21,39,3.7142857142857144,5,4.571428571428571,1.6842105263157894
22,63,2.909090909090909,6,4.454545454545454,2.7222222222222223
26,83,2.9615384615384617,5,5.642857142857143,3.590909090909091
24,74,2.7083333333333335,5,4.666666666666667,3.5
19,38,2.4210526315789473,4,3.5,1.6153846153846154
19,29,3.9473684210526314,6,4.5,1.588235294117647
24,55,3.875,6,4.636363636363637,2.4285714285714284
21,34,2.0,4,3.5,1.4
24,64,3.0,5,3.75,3.0
19,29,3.9473684210526314,6,4.5,1.588235294117647
16,19,1.375,2,3.5,1.1666666666666667
25,75,3.0,5,6.363636363636363,3.3333333333333335
22,73,2.6363636363636362,5,3.4705882352941178,3.1052631578947367
19,29,3.9473684210526314,6,4.5,1.588235294117647
27,92,3.4444444444444446,6,7.25,3.782608695652174
24,102,4.0,8,4.3,4.095238095238095
20,31,4.05,6,4.833333333333333,1.6111111111111112
21,61,2.6666666666666665,5,4.3,2.8666666666666667
27,84,3.074074074074074,5,6.153846153846154,3.4782608695652173
22,57,2.8636363636363638,5,3.75,2.25
24,72,2.7083333333333335,5,3.7777777777777777,3.4
22,69,2.772727272727273,5,3.7857142857142856,2.9444444444444446
29,97,3.9655172413793105,7,4.764705882352941,3.24
19,29,3.9473684210526314,6,4.5,1.588235294117647
25,70,3.56,6,5.076923076923077,3.0
21,32,4.142857142857143,6,5.0,1.5789473684210527
22,54,4.090909090909091,8,3.8181818181818183,2.1
28,100,3.642857142857143,7,5.9375,3.9583333333333335
30,160,4.266666666666667,8,6.333333333333333,5.846153846153846
23,65,2.5217391304347827,5,3.0,2.4705882352941178
23,72,2.652173913043478,5,3.2941176470588234,2.8
18,26,2.388888888888889,4,4.0,1.5
20,51,3.45,7,3.6923076923076925,2.6666666666666665
28,106,4.107142857142857,7,5.666666666666667,4.08
24,80,3.875,7,4.333333333333333,3.5454545454545454
20,55,2.65,5,3.642857142857143,3.1875
20,31,4.05,6,4.666666666666667,1.5555555555555556
24,98,3.75,7,5.933333333333334,4.45
28,123,3.5357142857142856,7,5.2727272727272725,4.833333333333333
20,34,2.05,4,3.0,1.5
25,86,3.12,7,4.368421052631579,3.772727272727273
20,30,4.05,6,4.666666666666667,1.5555555555555556
20,66,2.75,5,4.2,3.7058823529411766
22,54,2.590909090909091,6,4.0,2.2857142857142856
26,87,2.769230769230769,5,5.1875,3.772727272727273
19,28,4.052631578947368,6,4.333333333333333,1.5294117647058822
26,116,3.8076923076923075,7,5.55,5.045454545454546
30,87,3.1333333333333333,5,6.3076923076923075,3.1538461538461537
21,55,3.380952380952381,6,4.25,2.8333333333333335
18,27,3.9444444444444446,6,4.166666666666667,1.5625
23,65,4.260869565217392,8,4.333333333333333,2.4761904761904763
28,111,3.8214285714285716,7,6.294117647058823,4.458333333333333
21,65,2.7142857142857144,5,3.8125,3.388888888888889
24,66,3.2916666666666665,6,4.0,2.3636363636363638
27,84,3.3703703703703702,6,4.444444444444445,3.4782608695652173
16,27,2.0625,4,3.25,1.4444444444444444
19,29,3.9473684210526314,6,4.5,1.588235294117647
21,68,2.5238095238095237,4,4.571428571428571,3.5555555555555554
23,55,2.347826086956522,5,4.0,2.1333333333333333
27,96,2.888888888888889,5,5.111111111111111,4.0
19,28,4.052631578947368,6,4.333333333333333,1.5294117647058822
30,85,3.2333333333333334,5,6.153846153846154,3.076923076923077
24,67,3.7083333333333335,6,4.5,3.0
22,71,2.909090909090909,6,3.6666666666666665,3.0555555555555554
20,56,2.75,5,3.466666666666667,3.0588235294117645
21,54,2.9047619047619047,5,3.4166666666666665,2.1578947368421053
20,30,4.05,6,4.666666666666667,1.5555555555555556
27,96,3.5185185185185186,6,7.0,3.9565217391304346
24,72,2.75,5,3.176470588235294,2.7
20,30,4.05,6,4.666666666666667,1.5555555555555556
29,83,3.206896551724138,5,6.5,3.12
26,91,3.1538461538461537,6,4.5,3.272727272727273
24,70,2.8333333333333335,5,4.333333333333333,3.25
18,30,2.7777777777777777,5,4.166666666666667,1.6666666666666667
26,72,3.5384615384615383,6,4.615384615384615,2.608695652173913
24,89,3.0,6,4.473684210526316,4.0476190476190474
19,29,4.052631578947368,6,4.5,1.588235294117647
25,124,3.8,7,6.157894736842105,5.571428571428571
23,64,2.9565217391304346,7,3.727272727272727,2.5625
27,97,3.4074074074074074,6,4.842105263157895,4.0
26,120,3.4615384615384617,6,5.142857142857143,4.909090909090909
21,56,2.3333333333333335,4,3.0,2.25
22,64,2.6818181818181817,5,3.4,2.6842105263157894
19,28,4.052631578947368,6,4.333333333333333,1.5294117647058822
21,73,2.761904761904762,5,4.6,3.8333333333333335
22,53,2.590909090909091,6,3.875,2.2142857142857144
28,99,3.107142857142857,5,5.875,3.9166666666666665
18,27,3.9444444444444446,6,4.166666666666667,1.5625
17,22,1.4705882352941178,3,2.6666666666666665,1.1428571428571428
25,79,3.04,5,6.083333333333333,3.4761904761904763
22,65,2.8636363636363638,5,4.538461538461538,3.2777777777777777
22,65,2.6818181818181817,5,3.2857142857142856,2.4210526315789473
18,27,3.9444444444444446,6,4.166666666666667,1.5625
26,136,3.8076923076923075,7,6.142857142857143,5.863636363636363
22,66,3.5,7,3.75,2.5
27,91,3.3703703703703702,6,4.777777777777778,3.739130434782609
22,65,3.8181818181818183,7,4.428571428571429,3.263157894736842
18,27,3.9444444444444446,6,4.166666666666667,1.5625
26,137,3.8076923076923075,7,6.142857142857143,5.863636363636363
27,88,3.1481481481481484,5,5.857142857142857,3.5652173913043477
19,30,3.8421052631578947,6,4.666666666666667,1.6470588235294117
22,66,3.8181818181818183,7,4.2727272727272725,2.473684210526316
28,110,4.214285714285714,8,5.25,4.375
27,113,4.222222222222222,8,5.7894736842105265,4.583333333333333
19,48,2.5789473684210527,5,3.5,2.8
19,32,3.8421052631578947,6,5.0,1.7647058823529411
27,162,4.0,8,6.608695652173913,6.608695652173913
22,80,4.090909090909091,8,4.25,3.4
24,86,3.9166666666666665,7,5.0,3.8095238095238093
24,92,3.25,7,4.111111111111111,3.7
20,67,3.45,7,3.4375,3.4375
23,46,3.9130434782608696,6,6.142857142857143,2.15
22,71,3.590909090909091,6,4.066666666666666,3.05
20,35,2.4,4,6.0,1.6
27,111,3.074074074074074,6,5.35,4.6521739130434785
22,65,3.8181818181818183,7,4.2727272727272725,2.473684210526316
24,72,3.8333333333333335,7,4.857142857142857,3.238095238095238
21,46,2.8095238095238093,4,4.333333333333333,1.625
21,64,2.8095238095238093,6,3.8125,3.388888888888889
19,31,3.5789473684210527,5,5.6,1.6470588235294117
26,100,3.6153846153846154,7,5.866666666666666,3.8260869565217392
24,66,3.0,5,3.6470588235294117,3.1
20,32,4.05,6,5.0,1.6666666666666667
15,19,1.4,2,4.0,1.3333333333333333
26,84,3.0384615384615383,5,6.076923076923077,3.590909090909091
22,68,2.8636363636363638,5,4.846153846153846,3.5
22,68,2.6818181818181817,5,3.25,2.736842105263158
19,29,3.9473684210526314,6,4.5,1.588235294117647
24,73,2.75,5,6.125,2.8823529411764706
24,74,4.041666666666667,7,4.375,3.3333333333333335
25,97,2.92,6,4.65,4.428571428571429
24,71,3.3333333333333335,6,3.857142857142857,2.4545454545454546
21,63,2.619047619047619,5,3.933333333333333,3.4705882352941178
21,69,3.5238095238095237,7,3.7333333333333334,3.2941176470588234
29,108,4.0,7,5.0,3.8
19,29,3.9473684210526314,6,4.5,1.588235294117647
24,71,3.5,6,5.153846153846154,3.1904761904761907
21,32,4.142857142857143,6,5.0,1.5789473684210527
25,61,3.88,6,4.071428571428571,2.590909090909091
24,88,3.0833333333333335,6,4.875,3.7142857142857144
20,31,4.05,6,4.833333333333333,1.6111111111111112
24,50,3.7916666666666665,6,4.6,2.1904761904761907
23,69,2.8260869565217392,6,4.142857142857143,2.9
26,111,3.230769230769231,6,5.052631578947368,4.363636363636363
18,44,2.611111111111111,5,3.076923076923077,2.857142857142857
19,29,3.9473684210526314,6,4.5,1.588235294117647
22,72,2.5,4,5.3076923076923075,3.6315789473684212
29,100,3.310344827586207,6,5.588235294117647,3.8
19,29,3.9473684210526314,6,4.5,1.588235294117647
26,100,3.5,6,6.285714285714286,3.8260869565217392
22,61,3.5,6,4.071428571428571,3.0
20,41,2.9,5,3.7,2.3125
16,29,2.25,4,3.75,1.5
17,40,2.411764705882353,4,3.0833333333333335,2.642857142857143
21,56,3.4285714285714284,6,4.0,2.888888888888889
17,30,2.823529411764706,5,2.888888888888889,2.0
15,26,2.1333333333333333,4,3.25,1.4444444444444444
20,30,4.05,6,4.666666666666667,1.5555555555555556
28,97,3.607142857142857,6,5.8125,3.875
23,77,3.0,6,4.352941176470588,3.7
21,48,3.4285714285714284,6,4.444444444444445,2.3529411764705883
18,22,1.3888888888888888,2,5.0,1.4285714285714286
21,25,1.3333333333333333,2,5.0,1.4285714285714286
16,35,3.3125,6,3.5555555555555554,2.2857142857142856
22,41,1.6818181818181819,3,3.5714285714285716,2.0833333333333335
19,45,2.210526315789474,4,4.0,2.3333333333333335
19,56,3.263157894736842,6,3.9166666666666665,3.357142857142857
22,87,3.6818181818181817,7,4.666666666666667,3.888888888888889
22,54,2.272727272727273,4,3.6666666666666665,2.357142857142857
21,75,3.4285714285714284,6,4.571428571428571,3.5555555555555554
23,56,2.391304347826087,5,3.090909090909091,2.125
23,88,4.173913043478261,8,5.0,4.25
23,39,1.826086956521739,4,4.75,1.9
18,25,2.0555555555555554,3,4.75,1.3571428571428572
21,74,3.6666666666666665,7,5.0,3.888888888888889
22,55,2.6363636363636362,6,3.090909090909091,2.2666666666666666
24,65,3.0,5,3.75,3.0
20,30,4.05,6,4.666666666666667,1.5555555555555556
24,66,2.2916666666666665,4,6.0,3.0
24,76,3.6666666666666665,7,4.733333333333333,3.55
24,87,2.9583333333333335,6,4.368421052631579,3.9523809523809526
24,71,3.4583333333333335,6,4.230769230769231,2.5
20,57,2.55,5,3.7142857142857144,3.25
20,61,3.35,7,4.0,3.0
20,43,3.35,5,4.625,2.0555555555555554
18,31,2.9444444444444446,5,4.0,1.4285714285714286
23,85,4.130434782608695,8,4.555555555555555,4.1
18,32,3.2222222222222223,5,4.0,1.6
20,67,4.2,8,4.0625,3.611111111111111
24,73,3.2083333333333335,6,4.857142857142857,3.4
24,84,2.9583333333333335,6,4.3125,3.45
21,67,3.238095238095238,7,3.2941176470588234,3.2941176470588234
17,41,3.3529411764705883,6,3.0833333333333335,2.642857142857143
17,32,2.823529411764706,5,3.111111111111111,2.1538461538461537
15,27,2.1333333333333333,4,3.5,1.5555555555555556
21,47,3.380952380952381,6,4.0,2.1052631578947367
18,31,2.9444444444444446,5,4.0,1.4285714285714286
23,67,3.652173913043478,8,3.8333333333333335,2.4210526315789473
26,86,2.6923076923076925,5,5.0625,3.6818181818181817
18,28,3.9444444444444446,6,4.166666666666667,1.5625
29,111,3.9655172413793105,7,6.235294117647059,4.24
25,92,3.0,6,4.555555555555555,3.9047619047619047
19,29,3.9473684210526314,6,4.5,1.588235294117647
25,62,3.88,6,5.181818181818182,2.590909090909091
18,27,3.9444444444444446,6,4.166666666666667,1.5625
26,122,3.8076923076923075,7,5.7,5.181818181818182
24,64,3.8333333333333335,6,4.538461538461538,2.8095238095238093
22,57,2.9545454545454546,5,4.0,2.888888888888889
23,69,3.0869565217391304,6,3.176470588235294,2.8421052631578947
17,50,2.823529411764706,5,3.3846153846153846,3.142857142857143
19,50,3.473684210526316,6,3.5384615384615383,2.875
22,62,2.9545454545454546,6,3.6875,3.1052631578947367
16,35,2.5,5,2.3076923076923075,2.5
18,54,3.2777777777777777,6,3.4615384615384617,3.2142857142857144
20,30,4.05,6,4.666666666666667,1.5555555555555556
28,99,3.5357142857142856,6,5.875,3.9166666666666665
20,34,2.25,4,3.2,1.3333333333333333
19,29,3.9473684210526314,6,4.5,1.588235294117647
20,59,3.3,6,4.7272727272727275,3.25
26,87,3.076923076923077,6,5.0625,3.6818181818181817
25,103,3.64,7,5.666666666666667,4.0476190476190474
18,31,2.0,4,2.4285714285714284,1.4166666666666667
21,57,3.380952380952381,6,4.076923076923077,2.9444444444444446
18,56,3.4444444444444446,6,4.166666666666667,3.3333333333333335
19,52,2.789473684210526,5,3.5384615384615383,3.066666666666667
27,80,3.7777777777777777,7,4.1875,2.9130434782608696
18,23,1.2777777777777777,2,4.0,1.6
20,25,1.25,2,4.0,1.6
21,70,3.380952380952381,6,4.923076923076923,3.764705882352941
21,78,3.8095238095238093,8,4.866666666666666,4.055555555555555
20,55,2.85,6,3.6153846153846154,3.1333333333333333
24,108,3.875,7,6.428571428571429,4.285714285714286
25,63,2.04,4,3.8,2.533333333333333
24,97,3.25,6,5.066666666666666,4.222222222222222
27,128,4.037037037037037,6,6.411764705882353,4.541666666666667
25,110,4.2,8,5.315789473684211,4.590909090909091
25,50,2.64,5,5.0,1.5625
18,33,2.5,4,5.5,1.5714285714285714
21,76,3.8095238095238093,8,4.4375,3.9444444444444446
23,46,3.9130434782608696,6,6.142857142857143,2.15
28,83,3.142857142857143,5,6.076923076923077,3.2916666666666665
30,174,4.1,7,6.565217391304348,5.8076923076923075
29,151,3.9310344827586206,7,6.045454545454546,5.32
26,84,3.6923076923076925,6,5.642857142857143,3.590909090909091
24,95,3.375,6,5.25,4.2
20,32,4.05,6,5.0,1.6666666666666667
27,92,3.814814814814815,7,5.176470588235294,3.8260869565217392
29,99,3.8275862068965516,6,5.466666666666667,3.28
20,33,3.65,5,5.8,1.6111111111111112
23,78,3.0,6,5.0,3.75
22,57,2.6363636363636362,6,4.444444444444445,2.857142857142857
27,99,2.925925925925926,5,5.222222222222222,4.086956521739131
19,30,3.5789473684210527,5,5.6,1.6470588235294117
22,61,2.409090909090909,5,4.9,3.0625
25,79,3.2,5,5.0,3.5714285714285716
25,98,3.28,7,4.882352941176471,3.9523809523809526
21,66,2.5238095238095237,4,4.071428571428571,3.3529411764705883
24,56,3.5416666666666665,6,4.7272727272727275,2.6
18,24,1.3888888888888888,2,6.0,1.7142857142857142
26,75,2.923076923076923,5,5.181818181818182,2.4782608695652173
20,35,2.95,5,3.25,1.625
14,22,2.142857142857143,4,2.8,1.5555555555555556
29,99,3.1724137931034484,5,5.222222222222222,3.76
23,75,3.0869565217391304,5,4.266666666666667,3.2
21,65,3.0,5,3.8,3.1666666666666665
19,46,3.3157894736842106,6,3.909090909090909,2.6875
18,37,2.7222222222222223,5,3.142857142857143,1.6923076923076923
21,62,2.5238095238095237,5,3.857142857142857,3.0
18,41,2.611111111111111,5,2.8461538461538463,2.642857142857143
21,64,2.5238095238095237,5,3.857142857142857,3.0
20,30,4.05,6,4.666666666666667,1.5555555555555556
22,69,2.4545454545454546,4,5.076923076923077,3.473684210526316
23,57,2.5652173913043477,6,3.4,2.2666666666666666
27,100,2.7037037037037037,5,5.052631578947368,4.173913043478261
20,30,4.05,6,4.666666666666667,1.5555555555555556
25,101,3.8,7,6.0,4.571428571428571
27,135,3.740740740740741,7,5.65,4.913043478260869
25,74,2.8,5,5.0,3.3333333333333335
23,67,2.6956521739130435,5,4.2,3.3157894736842106
26,86,3.8461538461538463,7,4.666666666666667,3.5
19,45,2.6842105263157894,5,3.1538461538461537,2.7333333333333334
19,49,2.5789473684210527,5,4.0,2.933333333333333
20,30,4.05,6,4.666666666666667,1.5555555555555556
26,113,3.8076923076923075,7,5.944444444444445,4.863636363636363
22,55,2.590909090909091,6,3.6666666666666665,2.357142857142857
26,93,3.3461538461538463,6,5.176470588235294,4.0
28,111,4.178571428571429,8,5.15,4.291666666666667
21,65,2.8095238095238093,6,3.066666666666667,2.7058823529411766
21,56,2.6666666666666665,5,3.066666666666667,2.5555555555555554
20,30,4.05,6,4.666666666666667,1.5555555555555556
22,59,2.5,5,4.4,2.4444444444444446
26,77,2.9615384615384617,5,5.214285714285714,3.3181818181818183
20,30,4.05,6,4.666666666666667,1.5555555555555556
15,19,1.5333333333333334,3,3.5,1.1666666666666667
31,155,4.032258064516129,7,6.166666666666667,5.481481481481482
21,64,2.7142857142857144,5,3.8125,3.388888888888889
20,30,4.05,6,4.666666666666667,1.5555555555555556
30,101,3.6333333333333333,6,7.384615384615385,3.6923076923076925
32,178,4.40625,8,7.125,6.107142857142857
20,58,2.6,5,3.375,3.176470588235294
19,29,3.9473684210526314,6,4.5,1.588235294117647
25,60,3.96,6,4.3076923076923075,2.5454545454545454
20,32,1.9,4,3.25,1.4444444444444444
22,66,2.6363636363636362,5,3.0588235294117645,2.736842105263158
20,31,2.55,4,3.857142857142857,1.5
28,120,4.071428571428571,8,5.947368421052632,4.708333333333333
30,88,3.1333333333333333,5,6.384615384615385,3.1923076923076925
22,58,3.3181818181818183,6,3.5384615384615383,2.3
26,79,2.730769230769231,5,5.0,3.409090909090909
22,65,2.6363636363636362,5,3.0588235294117645,2.736842105263158
20,30,4.05,6,4.666666666666667,1.5555555555555556
25,104,4.0,8,4.85,4.619047619047619
23,65,3.739130434782609,7,4.428571428571429,3.1
20,30,4.05,6,4.666666666666667,1.5555555555555556
25,53,3.92,6,4.9,2.227272727272727
16,19,1.375,2,3.5,1.1666666666666667
23,62,3.6956521739130435,6,4.142857142857143,2.9
20,42,2.75,4,3.8,2.375
16,26,1.9375,4,2.4,1.5
23,70,3.5652173913043477,6,4.5,2.7
19,29,3.9473684210526314,6,4.5,1.588235294117647
26,62,3.730769230769231,6,5.7,2.590909090909091
22,33,1.6818181818181819,4,3.0,1.5
22,63,2.6818181818181817,5,3.1333333333333333,2.473684210526316
19,29,3.9473684210526314,6,4.5,1.588235294117647
22,74,2.8636363636363638,5,4.666666666666667,3.6842105263157894
22,54,2.6363636363636362,6,3.5555555555555554,2.1333333333333333
25,77,3.88,7,5.214285714285714,3.3181818181818183
20,61,2.55,5,3.8,3.3529411764705883
18,27,3.9444444444444446,6,4.166666666666667,1.5625
26,87,3.9615384615384617,7,4.933333333333334,3.217391304347826
28,103,3.857142857142857,7,6.214285714285714,3.625
25,78,3.28,7,3.411764705882353,2.9
22,74,3.409090909090909,7,3.6875,3.2777777777777777
19,28,4.052631578947368,6,4.333333333333333,1.5294117647058822
22,60,2.727272727272727,5,4.7,2.9375
26,113,3.8076923076923075,7,5.933333333333334,4.045454545454546
25,74,3.0,5,5.75,3.2857142857142856
29,108,3.6551724137931036,6,5.0,4.038461538461538
17,36,2.6470588235294117,5,2.5833333333333335,2.3846153846153846
20,30,4.05,6,4.666666666666667,1.5555555555555556
25,109,4.0,8,5.05,4.809523809523809
22,65,4.090909090909091,8,4.769230769230769,3.263157894736842
24,72,2.9583333333333335,5,5.153846153846154,3.35
17,30,1.9411764705882353,4,2.6,1.4444444444444444
19,28,4.052631578947368,6,4.333333333333333,1.5294117647058822
24,87,3.2083333333333335,6,5.1875,3.9523809523809526
24,66,3.7916666666666665,7,3.230769230769231,2.1
26,86,2.730769230769231,5,4.5,3.6818181818181817
20,55,2.6,5,3.3333333333333335,3.125
30,114,3.7666666666666666,7,4.7368421052631575,3.4615384615384617
19,32,3.0526315789473686,5,4.666666666666667,1.6470588235294117
28,128,3.142857142857143,6,5.590909090909091,5.125
23,77,3.9565217391304346,8,4.3076923076923075,2.8
28,108,3.607142857142857,7,4.857142857142857,4.25
26,118,3.730769230769231,7,5.0476190476190474,4.818181818181818
16,22,1.625,3,4.666666666666667,1.5555555555555556
20,54,2.9,5,3.5,2.3333333333333335
20,31,3.95,6,4.833333333333333,1.6111111111111112
21,83,3.4285714285714284,6,5.2,4.333333333333333
23,73,3.5652173913043477,7,3.8461538461538463,2.6315789473684212
26,87,3.1153846153846154,6,4.294117647058823,3.3181818181818183
20,33,3.95,6,5.166666666666667,1.7222222222222223
26,135,4.115384615384615,8,5.6,5.090909090909091
27,96,3.6666666666666665,7,5.352941176470588,3.9565217391304346
19,55,2.736842105263158,5,3.5,3.0625
19,50,2.736842105263158,5,3.2857142857142856,2.875
26,92,3.0,6,4.944444444444445,3.869565217391304
25,58,3.32,6,3.857142857142857,2.5714285714285716
25,82,2.72,5,4.875,3.7142857142857144
23,78,2.652173913043478,5,4.625,3.8947368421052633
21,60,3.4761904761904763,6,4.3076923076923075,3.111111111111111
20,46,3.4,6,4.0,2.4444444444444446
19,27,1.4210526315789473,2,6.5,1.625
22,28,1.3181818181818181,2,5.5,1.5714285714285714
18,45,3.8333333333333335,6,4.2,2.625
23,59,2.652173913043478,5,3.0,2.4705882352941178
24,86,4.25,8,4.611111111111111,3.9523809523809526
20,41,1.8,4,3.8333333333333335,2.5555555555555554
19,46,2.8947368421052633,5,5.428571428571429,2.533333333333333
22,65,2.6363636363636362,5,4.7,2.764705882352941
24,77,3.3333333333333335,6,4.466666666666667,3.1904761904761907
23,74,3.217391304347826,6,4.571428571428571,3.2
22,80,3.9545454545454546,8,4.8125,4.052631578947368
24,44,2.1666666666666665,4,5.4,2.076923076923077
20,36,2.15,3,6.5,1.625
25,73,3.52,6,5.25,2.8636363636363638
21,33,4.142857142857143,6,5.166666666666667,1.631578947368421
23,81,2.9130434782608696,6,4.8125,3.85
29,103,3.3448275862068964,6,5.157894736842105,3.92
23,83,3.217391304347826,7,4.1875,3.526315789473684
22,69,2.6363636363636362,5,3.4375,2.8947368421052633
20,30,4.05,6,4.666666666666667,1.5555555555555556
22,54,2.5454545454545454,6,4.25,2.4285714285714284
26,92,3.3461538461538463,6,4.578947368421052,3.9545454545454546
20,63,2.9,5,3.857142857142857,3.176470588235294
19,31,3.9473684210526314,6,4.833333333333333,1.7058823529411764
20,67,2.6,5,4.5,3.7058823529411766
22,53,2.5454545454545454,6,3.875,2.2142857142857144
24,69,3.5416666666666665,6,4.642857142857143,3.0952380952380953
23,81,2.739130434782609,5,4.529411764705882,3.85
20,31,4.05,6,4.833333333333333,1.6111111111111112
24,89,3.5,7,4.421052631578948,4.2
25,104,3.6,7,5.166666666666667,4.428571428571429
26,103,3.576923076923077,7,4.75,4.318181818181818
21,60,2.9523809523809526,6,3.75,2.6470588235294117
19,29,3.9473684210526314,6,4.5,1.588235294117647
24,76,2.5833333333333335,5,6.5,3.25
25,74,3.12,6,4.3125,3.2857142857142856
23,78,2.782608695652174,6,4.111111111111111,3.7
25,71,3.12,5,4.153846153846154,2.347826086956522
20,58,2.55,5,3.857142857142857,3.375
19,52,2.8421052631578947,5,3.6363636363636362,2.6666666666666665
20,30,4.05,6,4.666666666666667,1.5555555555555556
21,48,3.4761904761904763,7,4.111111111111111,1.9473684210526316
25,75,4.0,7,4.733333333333333,3.227272727272727
25,95,3.16,6,4.823529411764706,3.9047619047619047
19,29,3.9473684210526314,6,4.5,1.588235294117647
25,60,3.88,6,4.666666666666667,2.5454545454545454
25,94,2.84,5,4.7368421052631575,4.090909090909091
19,29,3.9473684210526314,6,4.5,1.588235294117647
16,35,3.25,6,3.6666666666666665,2.357142857142857
28,97,3.0,5,6.2,3.875
20,33,1.9,4,3.0,1.6666666666666667
20,46,2.95,5,3.5,2.625
16,23,2.25,4,4.0,1.4545454545454546
16,37,2.5,5,2.5384615384615383,2.75
31,119,3.5161290322580645,6,5.052631578947368,3.5555555555555554
21,35,2.5238095238095237,4,4.0,1.6842105263157894
22,60,4.136363636363637,7,4.833333333333333,2.9
21,32,1.7142857142857142,4,3.0,1.5
23,76,2.8260869565217392,6,3.5555555555555554,3.2
19,29,3.9473684210526314,6,4.5,1.588235294117647
21,70,2.857142857142857,5,4.714285714285714,3.6666666666666665
23,57,2.739130434782609,6,4.25,2.2666666666666666
26,84,3.0384615384615383,6,5.266666666666667,3.590909090909091
22,77,2.8636363636363638,5,4.5625,3.8421052631578947
19,28,4.052631578947368,6,4.333333333333333,1.5294117647058822
24,92,3.5,7,4.4,4.4
24,97,3.5,7,5.0,4.5
27,120,3.5925925925925926,7,5.190476190476191,4.739130434782608
20,30,4.05,6,4.666666666666667,1.5555555555555556
25,101,3.44,7,4.875,3.9
26,80,3.0384615384615383,5,5.769230769230769,3.409090909090909
22,65,2.8636363636363638,5,4.285714285714286,3.3333333333333335
22,61,2.9545454545454546,6,3.8666666666666667,3.0526315789473686
25,79,3.56,6,5.3076923076923075,3.2857142857142856
22,62,2.6363636363636362,5,3.2666666666666666,2.5789473684210527
20,30,4.05,6,4.666666666666667,1.5555555555555556
23,59,2.391304347826087,5,4.5,2.5714285714285716
30,99,3.5,6,7.230769230769231,3.6153846153846154
23,62,2.782608695652174,5,3.4615384615384617,2.3684210526315788
20,30,4.05,6,4.666666666666667,1.5555555555555556
22,55,2.772727272727273,6,3.6666666666666665,2.2
28,97,3.4642857142857144,6,5.111111111111111,3.8333333333333335
20,65,3.15,6,3.9285714285714284,3.235294117647059
19,29,4.052631578947368,6,4.5,1.588235294117647
22,82,2.6363636363636362,5,4.529411764705882,4.277777777777778
23,53,2.739130434782609,6,3.75,2.0
28,99,3.4642857142857144,6,4.947368421052632,3.9166666666666665
20,62,2.75,5,4.545454545454546,3.125
19,28,4.052631578947368,6,4.333333333333333,1.5294117647058822
23,40,1.391304347826087,2,5.666666666666667,1.8888888888888888
23,60,3.782608695652174,6,4.666666666666667,2.8
22,59,2.9545454545454546,5,3.176470588235294,3.0
20,30,4.05,6,4.666666666666667,1.5555555555555556
29,104,3.5172413793103448,6,5.823529411764706,3.96
20,29,1.45,3,3.0,1.5
20,30,4.05,6,4.666666666666667,1.5555555555555556
18,43,2.7777777777777777,5,4.25,2.8333333333333335
25,56,3.92,6,4.636363636363637,2.3181818181818183
22,75,2.6818181818181817,5,3.6470588235294117,3.263157894736842
29,147,3.793103448275862,7,5.75,5.52
20,57,3.35,6,4.333333333333333,3.0588235294117645
26,73,3.8461538461538463,7,4.5,2.8636363636363638
17,22,1.2941176470588236,2,4.0,1.6
22,27,1.2272727272727273,2,4.0,1.6
22,71,3.772727272727273,7,4.466666666666667,3.526315789473684
23,97,4.130434782608695,8,4.833333333333333,4.35
19,66,3.8421052631578947,8,4.846153846153846,3.9375
21,50,2.2857142857142856,5,3.75,2.5
23,53,1.9565217391304348,4,3.1,2.2142857142857144
25,107,4.2,8,5.315789473684211,4.590909090909091
24,41,1.7916666666666667,4,4.25,1.7
18,32,2.4444444444444446,4,5.25,1.5
21,76,3.6666666666666665,7,4.8,4.0
24,89,4.25,8,4.4,3.0
27,102,3.4444444444444446,6,4.894736842105263,4.043478260869565
27,138,3.814814814814815,7,5.681818181818182,5.434782608695652
29,106,3.8620689655172415,7,6.428571428571429,3.6
22,87,3.5454545454545454,7,4.055555555555555,4.055555555555555
19,58,2.526315789473684,5,3.466666666666667,3.466666666666667
21,35,3.9523809523809526,6,5.333333333333333,1.6842105263157894
27,79,4.0,6,5.615384615384615,3.0416666666666665
18,29,3.9444444444444446,6,4.5,1.6875
23,46,3.9130434782608696,6,6.142857142857143,2.15
28,98,3.5,6,6.714285714285714,3.9166666666666665
21,63,3.619047619047619,7,4.538461538461538,3.2777777777777777
23,72,3.130434782608696,6,4.0588235294117645,3.45
20,38,2.95,5,4.428571428571429,1.7222222222222223
19,59,3.8421052631578947,7,4.071428571428571,3.3529411764705883
21,39,2.5714285714285716,4,4.4,1.5714285714285714
22,72,2.6818181818181817,5,3.8125,3.210526315789474
19,30,3.9473684210526314,6,4.666666666666667,1.6470588235294117
21,54,2.619047619047619,5,4.444444444444445,2.6666666666666665
25,75,3.0,5,4.733333333333333,3.380952380952381
17,22,1.411764705882353,2,4.5,1.2857142857142858
20,32,4.05,6,5.0,1.6666666666666667
26,94,2.923076923076923,6,5.352941176470588,3.9565217391304346
22,52,2.590909090909091,6,3.7777777777777777,2.4285714285714284
28,103,2.8214285714285716,5,5.444444444444445,4.083333333333333
25,81,2.64,5,4.8125,3.6666666666666665
20,32,4.05,6,5.0,1.6666666666666667
28,106,3.892857142857143,7,5.666666666666667,4.25
21,34,2.0476190476190474,4,2.8,1.2727272727272727
19,29,3.9473684210526314,6,4.5,1.588235294117647
22,54,2.8181818181818183,6,4.5,2.4
28,100,3.4642857142857144,6,4.8,4.0
25,85,3.04,6,4.8125,3.6666666666666665
20,32,4.05,6,5.0,1.6666666666666667
21,68,3.8095238095238093,7,4.642857142857143,3.611111111111111
24,47,2.9583333333333335,5,4.5,1.5
26,88,3.1538461538461537,6,5.1875,3.772727272727273
20,62,2.6,5,3.933333333333333,3.4705882352941178
21,65,2.4285714285714284,4,3.875,3.4444444444444446
21,50,2.8095238095238093,5,3.5384615384615383,2.7058823529411766
20,30,4.05,6,4.666666666666667,1.5555555555555556
28,84,3.1785714285714284,5,6.666666666666667,3.3333333333333335
21,36,2.1904761904761907,4,2.8333333333333335,1.4166666666666667
22,73,2.6363636363636362,5,4.375,3.6842105263157894
26,107,3.576923076923077,7,5.055555555555555,4.136363636363637
23,62,3.5652173913043477,6,3.8666666666666667,2.9
19,35,2.8421052631578947,5,3.1,2.066666666666667
20,66,2.9,6,3.2941176470588234,3.5
19,48,2.5789473684210527,5,4.1,2.7333333333333334
19,29,3.9473684210526314,6,4.5,1.588235294117647
23,76,2.652173913043478,5,4.866666666666666,3.65
28,96,3.5714285714285716,6,5.411764705882353,3.8333333333333335
25,100,3.32,7,4.15,3.9523809523809526
22,71,2.727272727272727,5,3.8125,3.388888888888889
20,34,3.0,5,4.571428571428571,1.7777777777777777
21,69,3.619047619047619,7,4.714285714285714,3.6666666666666665
23,61,2.652173913043478,6,4.222222222222222,2.533333333333333
27,100,3.4444444444444446,6,5.277777777777778,4.130434782608695
28,125,3.857142857142857,7,5.476190476190476,4.791666666666667
20,30,4.05,6,4.666666666666667,1.5555555555555556
22,53,2.5454545454545454,6,4.428571428571429,2.2142857142857144
25,84,3.84,7,5.0,3.6363636363636362
25,93,3.04,6,4.666666666666667,4.0
20,61,2.65,5,4.142857142857143,3.411764705882353
20,30,4.05,6,4.666666666666667,1.5555555555555556
22,55,2.5454545454545454,6,4.857142857142857,2.4285714285714284
26,95,3.576923076923077,7,5.294117647058823,4.090909090909091
22,52,2.8636363636363638,5,3.0833333333333335,1.85
25,78,2.64,5,3.4375,2.8947368421052633
26,86,3.6538461538461537,6,5.428571428571429,3.4545454545454546
21,59,2.6666666666666665,5,2.9375,2.611111111111111
19,28,4.052631578947368,6,4.333333333333333,1.5294117647058822
24,58,3.8333333333333335,6,4.5,2.5714285714285716
21,53,2.8095238095238093,5,3.230769230769231,2.210526315789474
24,76,3.9166666666666665,7,4.5,3.4285714285714284
21,51,3.0,5,3.6153846153846154,2.764705882352941
19,29,3.9473684210526314,6,4.5,1.588235294117647
22,75,2.6363636363636362,5,4.666666666666667,3.888888888888889
22,61,3.1818181818181817,6,4.181818181818182,2.3
27,92,2.6666666666666665,5,5.176470588235294,3.8260869565217392
25,88,3.24,7,3.888888888888889,3.3333333333333335
25,89,3.72,6,5.117647058823529,3.782608695652174
17,38,2.588235294117647,5,2.8333333333333335,2.6153846153846154
20,30,4.05,6,4.666666666666667,1.5555555555555556
21,51,3.4761904761904763,7,3.9,2.0526315789473686
30,122,3.933333333333333,7,6.555555555555555,4.538461538461538
19,27,1.4736842105263157,3,3.3333333333333335,1.6666666666666667
19,57,2.6842105263157894,5,3.7857142857142856,3.3125
18,44,2.611111111111111,5,3.076923076923077,2.857142857142857
19,56,3.526315789473684,7,3.75,3.0
19,49,2.5789473684210527,5,3.8181818181818183,2.8
25,59,3.6,6,4.25,2.4285714285714284
17,21,1.2941176470588236,2,4.5,1.8
19,22,1.263157894736842,2,4.0,1.6
19,62,4.0,8,3.933333333333333,3.4705882352941178
23,67,2.5652173913043477,5,4.6,3.066666666666667
23,44,1.5217391304347827,3,3.0,2.4
22,61,2.5,4,4.555555555555555,2.2777777777777777
21,67,3.5714285714285716,7,4.461538461538462,3.2222222222222223
23,35,1.826086956521739,4,5.0,1.5
18,30,2.0555555555555554,3,5.25,1.5
18,44,2.7777777777777777,5,4.125,2.75
25,68,3.68,6,4.846153846153846,3.0
22,86,3.272727272727273,6,4.5,4.0
22,67,2.6363636363636362,5,3.5,2.9473684210526314
23,70,2.9130434782608696,5,5.333333333333333,3.3684210526315788
17,31,2.2941176470588234,4,3.4,1.5454545454545454
28,101,4.0,7,4.9375,3.2916666666666665
20,30,4.05,6,4.666666666666667,1.5555555555555556
26,109,3.8846153846153846,7,6.0625,4.217391304347826
21,60,3.5238095238095237,6,4.3076923076923075,3.111111111111111
24,83,2.7916666666666665,5,4.933333333333334,3.7
20,59,2.6,5,3.9285714285714284,3.235294117647059
17,38,2.588235294117647,5,2.75,2.5384615384615383
20,67,3.5,7,3.9285714285714284,3.4375
23,64,3.4347826086956523,6,3.8333333333333335,2.3
17,29,2.411764705882353,4,5.25,1.6153846153846154
26,77,3.8076923076923075,7,4.6,3.0
19,30,4.052631578947368,6,4.333333333333333,1.5294117647058822
23,64,4.304347826086956,8,4.230769230769231,2.619047619047619
29,120,3.8620689655172415,7,6.052631578947368,4.6
24,78,3.2083333333333335,6,3.176470588235294,2.7
22,78,3.409090909090909,7,3.9375,3.5
18,28,3.9444444444444446,6,4.333333333333333,1.625
22,73,3.1818181818181817,7,4.142857142857143,3.0526315789473686
27,82,2.740740740740741,5,5.066666666666666,3.3043478260869565
19,29,4.052631578947368,6,4.5,1.588235294117647
14,20,1.6428571428571428,3,2.25,1.5
28,93,3.2142857142857144,5,5.4375,3.625
24,105,3.4166666666666665,6,4.833333333333333,4.35
22,90,3.3181818181818183,6,4.6875,4.166666666666667
20,53,2.65,5,3.357142857142857,2.9375
21,67,2.619047619047619,5,3.8666666666666667,3.411764705882353
24,85,4.25,8,5.125,3.9047619047619047
21,63,2.857142857142857,5,4.384615384615385,3.3529411764705883
17,34,2.3529411764705883,4,3.6666666666666665,2.0
19,58,2.5789473684210527,5,3.5714285714285716,3.3333333333333335
24,74,2.8333333333333335,5,4.117647058823529,3.5
18,30,3.9444444444444446,6,4.666666666666667,1.75
23,85,3.9130434782608696,8,4.5,4.05
27,107,3.5925925925925926,7,5.666666666666667,4.434782608695652
29,124,3.7586206896551726,7,5.363636363636363,4.72
19,33,3.9473684210526314,6,5.166666666666667,1.8235294117647058
16,41,3.0625,6,3.8,2.923076923076923
22,73,4.045454545454546,7,4.928571428571429,3.6315789473684212
25,93,3.0,6,4.238095238095238,4.045454545454546
28,91,3.0714285714285716,5,4.526315789473684,3.5833333333333335
26,87,3.6923076923076925,7,5.066666666666666,3.4545454545454546
20,33,2.95,5,4.285714285714286,1.6666666666666667
20,47,4.0,7,3.75,2.5
21,33,1.8571428571428572,4,3.25,1.4444444444444444
23,77,2.739130434782609,5,3.823529411764706,3.25
19,30,3.9473684210526314,6,4.666666666666667,1.6470588235294117
22,66,2.5454545454545454,5,5.3,3.3125
27,125,3.7037037037037037,6,5.882352941176471,4.3478260869565215
24,71,3.0416666666666665,5,4.466666666666667,3.35
18,27,1.8333333333333333,4,2.6,1.625
17,33,2.6470588235294117,5,3.125,1.6666666666666667
20,30,4.05,6,4.666666666666667,1.5555555555555556
25,92,3.44,7,4.4,4.190476190476191
25,107,3.52,7,5.5,4.714285714285714
25,94,3.56,7,4.526315789473684,4.095238095238095
21,33,4.142857142857143,6,5.166666666666667,1.631578947368421
24,76,2.7083333333333335,5,6.5,3.0588235294117645
28,119,3.75,7,5.75,3.8333333333333335
27,89,3.111111111111111,5,5.6,3.652173913043478
21,70,3.0,5,4.066666666666666,3.388888888888889
20,30,4.05,6,4.666666666666667,1.5555555555555556
24,57,3.8333333333333335,6,4.416666666666667,2.5238095238095237
19,29,3.9473684210526314,6,4.5,1.588235294117647
22,51,3.8181818181818183,8,3.9,2.0526315789473686
28,110,3.7857142857142856,7,5.888888888888889,4.416666666666667
25,98,3.2,6,4.222222222222222,3.619047619047619
22,69,2.6818181818181817,5,3.2941176470588234,2.9473684210526314
19,29,3.9473684210526314,6,4.5,1.588235294117647
19,54,3.1578947368421053,6,3.923076923076923,3.1875
27,103,4.222222222222222,7,5.5,4.125
22,73,2.9545454545454546,6,4.117647058823529,3.6842105263157894
24,76,2.7083333333333335,5,4.5,3.6
20,30,4.05,6,4.666666666666667,1.5555555555555556
22,74,2.6818181818181817,5,5.384615384615385,3.6842105263157894
29,105,3.4482758620689653,6,5.882352941176471,4.0
19,29,3.9473684210526314,6,4.5,1.588235294117647
24,57,3.8333333333333335,6,4.416666666666667,2.5238095238095237
19,29,3.9473684210526314,6,4.5,1.588235294117647
19,53,3.210526315789474,6,4.166666666666667,3.125
26,92,4.038461538461538,7,4.833333333333333,3.782608695652174
23,78,2.652173913043478,5,3.8421052631578947,3.65
20,55,2.4,5,3.8461538461538463,3.125
20,32,2.5,4,4.285714285714286,1.6666666666666667
19,61,3.736842105263158,7,4.142857142857143,3.625
30,100,3.3666666666666667,5,7.3076923076923075,3.6538461538461537
19,33,1.9473684210526316,4,3.0,1.6666666666666667
27,134,4.518518518518518,8,5.761904761904762,5.041666666666667
25,79,3.0,5,4.625,3.5238095238095237
20,62,3.35,7,3.5,3.0625
21,71,3.0,5,4.2,3.5
20,52,3.45,6,3.6923076923076925,2.823529411764706
22,56,3.0,6,4.25,2.55
20,65,3.3,7,3.4375,3.4375
16,33,2.5,5,2.4166666666666665,2.4166666666666665
20,30,4.05,6,4.666666666666667,1.5555555555555556
22,49,3.8636363636363638,6,4.5,2.3684210526315788
27,96,3.4444444444444446,7,5.117647058823529,3.782608695652174
19,29,3.9473684210526314,6,4.5,1.588235294117647
26,96,3.5384615384615383,6,6.5,4.136363636363637
24,87,3.0,6,4.368421052631579,3.9523809523809526
25,78,3.44,6,4.153846153846154,2.347826086956522
18,47,2.4444444444444446,5,3.3076923076923075,3.0714285714285716
19,53,2.9473684210526314,6,3.6363636363636362,2.6666666666666665
19,29,3.9473684210526314,6,4.5,1.588235294117647
22,54,2.5454545454545454,6,4.571428571428571,2.2857142857142856
26,91,3.3846153846153846,6,5.375,3.909090909090909
27,115,3.888888888888889,7,5.526315789473684,4.565217391304348
21,65,2.6666666666666665,5,4.416666666666667,3.1176470588235294
17,37,2.588235294117647,5,2.75,2.5384615384615383
20,51,2.85,5,3.5454545454545454,2.1666666666666665
25,85,3.28,6,4.388888888888889,3.761904761904762
17,45,2.4705882352941178,5,2.909090909090909,2.4615384615384617
20,52,2.7,5,3.0714285714285716,2.5294117647058822
18,28,4.055555555555555,6,4.333333333333333,1.625
20,59,3.7,7,4.0,3.2941176470588234
23,80,3.739130434782609,6,4.352941176470588,3.7
18,49,2.611111111111111,5,3.142857142857143,2.933333333333333
22,60,2.6363636363636362,5,3.5,3.111111111111111
19,50,2.5789473684210527,5,3.909090909090909,2.8666666666666667
26,66,3.6538461538461537,6,4.461538461538462,2.6363636363636362
17,23,1.3529411764705883,2,5.0,1.6666666666666667
22,64,4.318181818181818,8,4.214285714285714,2.95
27,89,3.3703703703703702,6,5.25,3.652173913043478
22,79,3.590909090909091,7,4.5,3.5
25,78,2.76,5,4.866666666666666,3.4761904761904763
18,30,2.8333333333333335,5,3.142857142857143,1.4666666666666666
14,17,1.6428571428571428,3,3.0,1.5
26,83,3.0384615384615383,5,4.8125,3.5
21,71,3.0,5,4.066666666666666,3.388888888888889
19,45,2.6842105263157894,5,3.076923076923077,2.6666666666666665
21,67,2.619047619047619,5,4.142857142857143,3.411764705882353
20,30,4.05,6,4.666666666666667,1.5555555555555556
24,91,3.5,7,4.526315789473684,4.3
25,95,3.68,7,5.176470588235294,4.190476190476191
26,116,3.576923076923077,7,4.9523809523809526,4.7272727272727275
20,55,2.95,6,3.0,2.4375
20,31,4.05,6,4.833333333333333,1.6111111111111112
24,70,2.7083333333333335,6,4.6,2.7058823529411766
26,81,3.9615384615384617,7,4.8125,3.347826086956522
22,75,2.6363636363636362,5,3.888888888888889,3.888888888888889
24,70,3.125,5,4.076923076923077,2.409090909090909
21,59,2.761904761904762,5,3.6,3.176470588235294
21,71,3.4285714285714284,7,3.8,3.3529411764705883
25,61,3.56,7,4.0,2.0952380952380953
20,31,4.05,6,4.833333333333333,1.6111111111111112
24,58,3.3333333333333335,6,3.25,1.95
30,94,3.2333333333333334,5,6.769230769230769,3.3846153846153846
25,113,4.2,8,5.7894736842105265,5.0
25,79,2.68,5,4.5625,3.4761904761904763
23,88,3.260869565217391,6,4.8,3.789473684210526
21,34,4.0476190476190474,6,5.333333333333333,1.6842105263157894
26,118,3.923076923076923,7,6.235294117647059,4.608695652173913
22,67,3.5454545454545454,6,4.428571428571429,3.263157894736842
23,74,3.0869565217391304,6,4.4375,3.55
17,41,2.4705882352941178,5,2.6923076923076925,2.6923076923076925
21,34,4.0476190476190474,6,5.333333333333333,1.6842105263157894
27,75,2.4814814814814814,5,4.363636363636363,2.526315789473684
29,84,3.0689655172413794,5,5.2,3.12
24,74,2.8333333333333335,5,4.117647058823529,3.5
24,67,2.75,5,4.2,3.15
21,51,3.238095238095238,6,3.6,2.1176470588235294
19,30,3.9473684210526314,6,4.666666666666667,1.6470588235294117
21,50,3.761904761904762,6,3.8333333333333335,2.5555555555555554
28,112,2.9642857142857144,6,4.909090909090909,4.5
19,31,3.9473684210526314,6,4.833333333333333,1.7058823529411764
14,29,3.2142857142857144,6,3.25,2.3636363636363638
28,97,3.5714285714285716,6,5.470588235294118,3.875
25,89,2.84,5,5.0625,3.857142857142857
23,67,3.6956521739130435,7,4.2,3.15
20,44,3.4,6,4.2,2.3333333333333335
18,25,1.3888888888888888,2,6.0,1.7142857142857142
23,29,1.3043478260869565,2,5.5,1.5714285714285714
14,31,4.142857142857143,7,3.5,2.1538461538461537
30,100,3.7,6,5.9375,3.6538461538461537
24,86,2.9166666666666665,6,3.75,3.5714285714285716
23,65,3.5652173913043477,6,4.066666666666666,3.05
18,35,2.2777777777777777,4,3.8,1.7272727272727273
22,75,2.5454545454545454,5,4.176470588235294,3.9444444444444446
21,36,2.6666666666666665,5,4.8,1.6
20,34,2.05,3,6.0,1.6
22,53,4.136363636363637,7,4.25,2.55
24,65,3.0833333333333335,6,3.8125,3.05
24,60,3.0,5,4.0,2.3157894736842106
19,30,3.9473684210526314,6,4.666666666666667,1.6470588235294117
26,106,3.923076923076923,8,5.611111111111111,4.590909090909091
28,99,3.4642857142857144,6,5.588235294117647,3.9583333333333335
25,101,3.48,7,5.1875,3.9523809523809526
26,76,3.730769230769231,7,4.642857142857143,2.9545454545454546
20,30,4.05,6,4.666666666666667,1.5555555555555556
27,85,3.2962962962962963,5,5.4,3.5217391304347827
21,34,2.0,4,3.5,1.4
20,32,4.05,6,5.0,1.6666666666666667
16,35,2.9375,6,3.75,2.727272727272727
28,101,3.5357142857142856,6,6.0625,4.041666666666667
22,69,2.727272727272727,5,5.083333333333333,3.388888888888889
23,63,3.608695652173913,6,4.214285714285714,2.95
19,29,3.9473684210526314,6,4.5,1.588235294117647
22,55,2.590909090909091,6,4.125,2.357142857142857
27,98,3.7777777777777777,7,4.65,4.043478260869565
24,76,3.7083333333333335,6,4.625,3.3636363636363638
17,41,2.588235294117647,5,2.8461538461538463,2.8461538461538463
19,29,3.9473684210526314,6,4.5,1.588235294117647
22,59,3.3181818181818183,6,4.230769230769231,2.8947368421052633
19,29,3.9473684210526314,6,4.5,1.588235294117647
27,95,3.4444444444444446,6,7.5,3.9130434782608696
25,128,4.0,8,5.190476190476191,4.954545454545454
20,61,2.6,5,4.142857142857143,3.411764705882353
21,60,2.619047619047619,5,3.7333333333333334,3.2941176470588234
19,46,2.8947368421052633,5,3.111111111111111,1.8666666666666667
19,29,3.9473684210526314,6,4.5,1.588235294117647
21,53,2.1904761904761907,4,4.333333333333333,2.6
25,75,2.84,5,5.071428571428571,3.380952380952381
24,73,2.7916666666666665,5,4.6,3.45
19,31,1.9473684210526316,4,3.0,1.6666666666666667
29,103,3.8275862068965516,7,5.0,3.4
19,28,2.473684210526316,4,3.5714285714285716,1.4705882352941178
18,41,2.7777777777777777,5,4.25,2.8333333333333335
24,74,3.0833333333333335,5,4.666666666666667,3.5
23,75,2.739130434782609,5,4.466666666666667,3.526315789473684
22,57,3.5,6,3.7857142857142856,2.789473684210526
19,29,3.9473684210526314,6,4.5,1.588235294117647
28,113,3.5714285714285716,7,5.0588235294117645,3.739130434782609
25,74,3.0,5,4.6,3.2857142857142856
19,34,2.1052631578947367,4,3.4,1.7
23,73,2.9130434782608696,5,4.857142857142857,3.5789473684210527
19,45,3.3157894736842106,6,3.3636363636363638,2.176470588235294
17,28,1.8823529411764706,4,2.6,1.625
19,41,2.789473684210526,5,3.0833333333333335,2.466666666666667
20,54,2.55,5,3.6153846153846154,2.764705882352941
19,29,3.9473684210526314,6,4.5,1.588235294117647
24,70,2.4166666666666665,5,5.111111111111111,3.066666666666667
30,96,3.5,6,7.0,3.5
22,62,3.3181818181818183,6,3.8333333333333335,2.5555555555555554
19,29,3.9473684210526314,6,4.5,1.588235294117647
16,20,1.375,2,3.5,1.1666666666666667
27,106,3.3333333333333335,6,5.0625,3.5217391304347827
23,63,3.782608695652174,6,4.214285714285714,2.95
25,96,3.84,6,5.222222222222222,4.086956521739131
17,36,2.6470588235294117,5,2.6666666666666665,2.4615384615384617
20,30,4.05,6,4.666666666666667,1.5555555555555556
15,19,1.5333333333333334,3,3.5,1.1666666666666667
28,93,3.5714285714285716,6,5.235294117647059,3.7083333333333335
21,63,2.7142857142857144,5,3.933333333333333,3.2777777777777777
24,63,3.25,6,4.214285714285714,2.95
21,54,4.142857142857143,8,3.7142857142857144,2.736842105263158
16,35,2.5,5,2.3846153846153846,2.5833333333333335
15,30,2.7333333333333334,5,2.5,1.8181818181818181
19,46,2.5789473684210527,5,3.5454545454545454,2.6
23,57,3.4782608695652173,6,3.9166666666666665,2.473684210526316
17,20,1.2941176470588236,2,4.0,1.6
21,24,1.2380952380952381,2,3.5,1.4
22,68,3.772727272727273,7,4.571428571428571,3.3684210526315788
23,84,4.130434782608695,8,4.470588235294118,3.8
19,67,4.052631578947368,8,4.5,3.7058823529411766
21,45,1.8571428571428572,4,4.0,2.5454545454545454
23,48,1.7391304347826086,4,2.888888888888889,2.1666666666666665
26,111,4.3076923076923075,8,5.25,4.565217391304348
24,36,1.7916666666666667,4,5.0,1.5
18,30,2.0,3,5.0,1.5384615384615385
22,60,4.136363636363637,7,4.666666666666667,2.8
22,76,3.090909090909091,5,4.466666666666667,3.526315789473684
25,77,3.0,5,4.733333333333333,3.380952380952381
17,27,2.0588235294117645,4,3.25,1.4444444444444444
18,30,2.0,4,3.5,1.75
20,30,4.05,6,4.666666666666667,1.5555555555555556
22,75,2.727272727272727,5,4.733333333333333,3.736842105263158
23,64,2.9130434782608696,7,3.5,2.625
26,84,2.769230769230769,5,4.647058823529412,3.590909090909091
21,71,3.0,5,4.2,3.5
19,28,4.052631578947368,6,4.333333333333333,1.5294117647058822
22,77,3.909090909090909,8,5.285714285714286,3.8947368421052633
24,50,3.125,5,3.75,1.5789473684210527
25,77,3.16,6,5.071428571428571,3.380952380952381
20,52,3.45,6,4.0,2.4444444444444446
20,31,3.95,6,4.833333333333333,1.6111111111111112
25,99,3.56,7,4.7,4.476190476190476
25,96,3.64,7,5.0,4.285714285714286
23,97,3.4782608695652173,7,4.777777777777778,4.526315789473684
20,33,3.95,6,5.166666666666667,1.7222222222222223
28,106,3.5714285714285716,6,7.142857142857143,4.166666666666667
20,37,2.5,4,3.6,1.3846153846153846
24,80,2.7083333333333335,5,4.111111111111111,3.7
20,33,3.95,6,5.166666666666667,1.7222222222222223
18,44,3.1666666666666665,5,4.1,2.7333333333333334
29,121,3.793103448275862,7,6.105263157894737,4.64
18,31,2.3333333333333335,4,4.25,1.5454545454545454
22,52,3.590909090909091,6,4.363636363636363,2.526315789473684
22,42,3.0454545454545454,5,4.857142857142857,1.7
22,63,4.045454545454546,7,4.285714285714286,3.0
20,36,4.05,6,5.5,1.8333333333333333
23,57,3.6956521739130435,6,4.416666666666667,2.65
25,97,3.16,6,4.888888888888889,4.0
20,36,4.05,6,5.333333333333333,1.7777777777777777
24,50,3.25,5,4.2727272727272725,2.238095238095238
28,145,4.428571428571429,8,5.857142857142857,4.92
24,112,3.5833333333333335,7,5.277777777777778,4.75
23,61,3.5652173913043477,6,3.8666666666666667,2.9
22,45,2.909090909090909,5,2.9285714285714284,2.2777777777777777
23,73,2.608695652173913,5,3.9375,3.15
29,108,3.9655172413793105,7,5.2105263157894735,3.96
20,32,4.05,6,5.0,1.6666666666666667
25,108,3.4,7,5.1,4.857142857142857
28,101,3.392857142857143,6,5.705882352941177,4.041666666666667
24,96,3.6666666666666665,7,4.333333333333333,3.9
27,87,3.8518518518518516,7,4.8125,3.347826086956522
20,32,2.95,5,4.285714285714286,1.6666666666666667
20,43,3.1,5,3.9,2.4375
29,100,3.3793103448275863,6,5.588235294117647,3.8
19,30,3.9473684210526314,6,4.666666666666667,1.6470588235294117
22,57,4.136363636363637,8,4.090909090909091,2.25
22,56,2.772727272727273,6,3.7,2.466666666666667
25,78,3.8,7,4.933333333333334,3.3636363636363638
23,81,2.8260869565217392,5,4.529411764705882,3.85
20,32,4.05,6,5.0,1.6666666666666667
24,87,3.5,7,4.611111111111111,4.15
24,94,3.4166666666666665,7,5.5,4.4
26,104,3.576923076923077,7,5.052631578947368,4.363636363636363
19,29,3.9473684210526314,6,4.5,1.588235294117647
15,20,1.6,3,3.0,1.5
23,63,3.652173913043478,6,4.214285714285714,2.95
19,32,1.9473684210526316,4,2.8,1.5555555555555556
27,88,3.925925925925926,7,5.2,3.391304347826087
19,29,3.9473684210526314,6,4.5,1.588235294117647
24,83,3.5,7,4.647058823529412,3.95
26,102,3.6538461538461537,7,5.388888888888889,4.409090909090909
27,113,3.5925925925925926,7,5.0,4.565217391304348
22,63,2.772727272727273,5,3.1333333333333333,2.611111111111111
23,76,2.782608695652174,5,4.533333333333333,3.5789473684210527
19,29,3.9473684210526314,6,4.5,1.588235294117647
22,54,4.090909090909091,8,3.8181818181818183,2.1
28,114,3.8214285714285716,7,6.111111111111111,4.583333333333333
26,98,2.8846153846153846,5,4.352941176470588,3.3636363636363638
23,78,2.9130434782608696,6,3.823529411764706,3.4210526315789473
19,29,3.9473684210526314,6,4.5,1.588235294117647
23,46,3.0434782608695654,5,3.4285714285714284,1.3333333333333333
28,89,3.107142857142857,5,5.6,3.5
20,61,2.65,5,4.142857142857143,3.411764705882353
20,30,4.05,6,4.666666666666667,1.5555555555555556
21,61,2.857142857142857,6,3.9166666666666665,2.611111111111111
25,77,2.84,5,5.214285714285714,3.4761904761904763
20,30,4.05,6,4.666666666666667,1.5555555555555556
30,87,3.2333333333333334,5,5.928571428571429,3.1923076923076925
21,34,2.0,4,3.5,1.4
21,67,2.6666666666666665,5,4.266666666666667,3.5555555555555554
26,106,3.4615384615384617,7,5.176470588235294,4.0
22,58,2.727272727272727,5,3.857142857142857,3.0
20,52,3.35,6,3.6923076923076925,2.823529411764706
16,38,2.5,5,2.6923076923076925,2.6923076923076925
16,36,2.5,5,2.4615384615384617,2.6666666666666665
19,49,2.5789473684210527,5,2.9285714285714284,2.5625
24,56,3.5416666666666665,6,4.6,2.3
17,21,1.3529411764705883,2,4.5,1.5
20,57,3.7,7,4.0,3.0588235294117645
28,90,3.2142857142857144,6,5.25,3.5
22,59,2.8636363636363638,5,3.2857142857142856,2.3
24,67,2.9166666666666665,5,4.4,2.3157894736842106
19,29,3.9473684210526314,6,4.5,1.588235294117647
23,60,4.260869565217392,8,4.166666666666667,2.380952380952381
23,60,3.0,7,4.111111111111111,2.3125
28,91,3.0357142857142856,5,6.214285714285714,3.625
25,89,3.16,6,4.375,3.3333333333333335
24,70,2.5833333333333335,5,4.333333333333333,3.25
26,85,3.6538461538461537,6,5.285714285714286,3.3636363636363638
24,88,2.9166666666666665,6,4.705882352941177,4.0
19,28,4.052631578947368,6,4.333333333333333,1.5294117647058822
25,93,3.48,6,5.857142857142857,3.727272727272727
22,58,2.9545454545454546,5,3.6,3.0
20,30,4.05,6,4.666666666666667,1.5555555555555556
23,61,4.217391304347826,8,4.363636363636363,2.2857142857142856
29,115,3.7586206896551726,7,5.7894736842105265,4.4
25,115,4.16,7,4.95,4.5
17,37,2.588235294117647,5,2.75,2.5384615384615383
20,42,3.3,5,4.625,2.0555555555555554
17,21,1.3529411764705883,2,4.5,1.5
21,26,1.3333333333333333,2,4.5,1.2857142857142858
20,54,3.5,6,4.545454545454546,3.125
24,43,1.5,3,4.6,2.3
26,110,4.269230769230769,8,5.3,4.608695652173913
22,47,1.8181818181818181,4,4.5,2.4545454545454546
20,49,2.55,5,4.333333333333333,2.7857142857142856
23,52,1.6956521739130435,3,4.285714285714286,2.5
22,71,3.3181818181818183,6,4.916666666666667,3.1052631578947367
22,75,3.8636363636363638,7,5.5,3.473684210526316
24,105,4.041666666666667,8,5.444444444444445,4.666666666666667
25,41,1.76,4,5.333333333333333,1.6
18,29,2.0555555555555554,3,5.0,1.4285714285714286
21,79,3.7142857142857144,7,4.75,4.222222222222222
24,77,3.8333333333333335,7,4.153846153846154,2.5714285714285716
26,77,2.730769230769231,5,4.8,3.272727272727273
19,29,3.9473684210526314,6,4.5,1.588235294117647
28,129,4.071428571428571,8,6.05,5.041666666666667
25,73,3.84,6,5.230769230769231,3.090909090909091
21,58,2.857142857142857,5,3.3125,3.1176470588235294
25,95,3.0,6,4.526315789473684,4.095238095238095
20,30,4.05,6,4.666666666666667,1.5555555555555556
25,100,3.56,7,4.75,4.523809523809524
24,88,3.5416666666666665,7,5.0625,4.05
24,106,3.4583333333333335,7,4.7,4.7
19,29,4.052631578947368,6,4.5,1.588235294117647
23,65,2.869565217391304,6,4.666666666666667,2.625
26,90,3.8846153846153846,7,4.722222222222222,3.6956521739130435
27,106,3.925925925925926,7,5.421052631578948,4.291666666666667
17,44,2.4705882352941178,5,2.923076923076923,2.923076923076923
19,30,4.052631578947368,6,4.666666666666667,1.6470588235294117
26,135,3.8076923076923075,7,6.0,5.7272727272727275
26,85,3.0384615384615383,5,5.266666666666667,3.590909090909091
21,75,3.0952380952380953,5,4.4,3.6666666666666665
17,41,2.4705882352941178,5,2.6923076923076925,2.6923076923076925
19,32,3.8421052631578947,6,5.0,1.7647058823529411
18,25,1.5,3,3.3333333333333335,1.25
25,77,3.0,5,5.916666666666667,3.380952380952381
22,67,2.8636363636363638,5,4.615384615384615,3.3333333333333335
21,66,2.761904761904762,5,3.7142857142857144,2.888888888888889
20,64,3.4,7,3.25,3.25
23,49,2.869565217391304,5,4.222222222222222,2.0
22,68,3.5,6,3.7142857142857144,2.6
21,36,4.142857142857143,6,5.5,1.736842105263158
22,62,3.5,7,4.25,2.8333333333333335
28,97,3.4285714285714284,6,5.75,3.8333333333333335
22,54,3.1818181818181817,6,4.166666666666667,2.6315789473684212
24,74,2.75,5,4.375,3.5
19,33,3.9473684210526314,6,5.166666666666667,1.8235294117647058
21,58,2.619047619047619,5,5.75,2.875
25,77,2.8,5,4.866666666666666,3.4761904761904763
23,80,2.782608695652174,6,4.470588235294118,3.8
24,87,2.7916666666666665,6,4.611111111111111,4.15
26,86,2.769230769230769,5,4.823529411764706,3.727272727272727
23,89,3.347826086956522,6,5.0,3.9473684210526314
22,47,3.4545454545454546,6,4.3,2.388888888888889
18,24,1.3333333333333333,2,5.5,1.8333333333333333
21,26,1.2857142857142858,2,5.0,1.6666666666666667
18,40,3.2222222222222223,6,3.1666666666666665,2.375
19,64,3.8421052631578947,8,4.6923076923076925,3.8125
22,61,2.409090909090909,5,4.666666666666667,2.625
23,77,3.5217391304347827,5,5.416666666666667,3.25
21,71,3.1904761904761907,6,4.0,3.2941176470588234
20,37,1.7,4,2.375,2.375
19,51,2.4210526315789473,4,5.0,2.6666666666666665
23,42,1.7391304347826086,4,4.4,2.0
23,84,4.173913043478261,8,4.764705882352941,4.05
23,43,2.217391304347826,4,5.4,2.076923076923077
21,33,2.0952380952380953,3,6.5,1.625
20,69,3.7,7,4.714285714285714,3.8823529411764706
28,101,3.75,7,5.705882352941177,4.041666666666667
23,86,2.869565217391304,5,4.733333333333333,3.736842105263158
21,75,2.7142857142857144,5,4.133333333333334,3.6470588235294117
21,54,3.4761904761904763,6,4.166666666666667,2.7777777777777777
21,56,3.0952380952380953,6,3.5,2.210526315789474
20,30,4.05,6,4.666666666666667,1.5555555555555556
17,45,3.411764705882353,6,4.666666666666667,3.0
27,99,3.259259259259259,6,5.277777777777778,4.130434782608695
23,71,2.9130434782608696,5,4.125,3.473684210526316
16,28,1.9375,4,2.6,1.625
23,69,2.608695652173913,5,3.75,3.0
19,44,2.736842105263158,5,3.076923076923077,2.6666666666666665
22,74,2.909090909090909,6,3.9375,3.5
20,65,3.05,6,3.7333333333333334,3.5
21,59,3.238095238095238,6,3.6,3.176470588235294
31,128,4.0,7,5.842105263157895,4.111111111111111
19,29,3.9473684210526314,6,4.5,1.588235294117647
16,19,1.375,2,3.5,1.1666666666666667
26,81,3.0384615384615383,5,6.333333333333333,3.4545454545454546
19,29,3.9473684210526314,6,4.5,1.588235294117647
23,54,3.9130434782608696,6,4.545454545454546,2.5
21,32,1.7142857142857142,4,3.0,1.5
22,60,2.6363636363636362,5,2.9375,2.473684210526316
19,29,3.9473684210526314,6,4.5,1.588235294117647
28,88,3.1785714285714284,5,5.928571428571429,3.4583333333333335
21,34,2.0,4,3.0,1.5
21,67,2.6666666666666665,5,4.266666666666667,3.5555555555555554
26,104,3.6153846153846154,7,5.176470588235294,4.0
23,64,2.739130434782609,5,4.0,3.1578947368421053
22,60,3.4545454545454546,6,4.0,2.9473684210526314
16,38,2.5,5,2.6923076923076925,2.6923076923076925
20,30,4.05,6,4.666666666666667,1.5555555555555556
26,102,3.5,6,6.285714285714286,3.8260869565217392
21,55,2.857142857142857,5,3.4,3.0
19,29,3.9473684210526314,6,4.5,1.588235294117647
23,62,4.217391304347826,8,4.083333333333333,2.3333333333333335
29,111,3.793103448275862,7,5.631578947368421,4.28
27,135,4.37037037037037,8,5.619047619047619,4.916666666666667
20,51,2.7,5,3.5384615384615383,2.875
19,35,2.526315789473684,4,4.0,1.6470588235294117
21,73,3.6666666666666665,7,4.6,3.8333333333333335
28,97,3.25,6,5.411764705882353,3.8333333333333335
19,29,3.9473684210526314,6,4.5,1.588235294117647
15,20,1.6,3,3.0,1.5
27,85,3.074074074074074,5,6.153846153846154,3.4782608695652173
21,70,3.0,5,4.0,3.3333333333333335
16,36,2.5,5,2.5833333333333335,2.5833333333333335
20,30,4.05,6,4.666666666666667,1.5555555555555556
23,83,2.5652173913043477,5,4.875,4.105263157894737
27,86,3.185185185185185,6,6.230769230769231,3.5217391304347827
19,29,3.9473684210526314,6,4.5,1.588235294117647
25,100,3.84,6,6.6923076923076925,3.9545454545454546
25,77,2.76,5,4.8,3.4285714285714284
19,28,4.052631578947368,6,4.333333333333333,1.5294117647058822
24,79,3.125,7,5.5,3.0555555555555554
29,103,3.4482758620689653,6,5.764705882352941,3.92
24,72,2.8333333333333335,5,3.6,2.7
21,63,2.7142857142857144,5,3.933333333333333,3.2777777777777777
22,57,2.9545454545454546,5,3.5,2.1
21,54,2.9047619047619047,5,3.230769230769231,2.210526315789474
26,72,3.3461538461538463,6,4.533333333333333,3.090909090909091
17,44,2.411764705882353,5,3.076923076923077,3.076923076923077
23,59,3.0434782608695654,5,3.8333333333333335,2.1904761904761907
24,60,3.5,6,4.333333333333333,2.6
17,22,1.3529411764705883,2,5.0,1.6666666666666667
20,25,1.3,2,4.5,1.5
17,38,3.5294117647058822,6,3.888888888888889,2.5
22,66,3.227272727272727,5,5.0,2.7777777777777777
23,93,3.4347826086956523,5,6.076923076923077,3.95
23,95,3.4347826086956523,6,4.75,3.8
22,60,2.409090909090909,4,3.1538461538461537,2.411764705882353
19,65,3.4210526315789473,5,4.7272727272727275,3.25
21,75,3.9523809523809526,7,3.2777777777777777,3.1052631578947367
24,59,2.0416666666666665,4,3.6,2.4
24,104,4.083333333333333,8,5.764705882352941,4.666666666666667
24,40,1.7916666666666667,4,4.25,1.7
18,31,2.0555555555555554,3,5.5,1.5714285714285714
24,84,4.0,7,4.705882352941177,3.8095238095238093
24,69,3.2083333333333335,6,4.181818181818182,2.3
19,29,3.9473684210526314,6,4.5,1.588235294117647
22,72,3.909090909090909,8,4.25,2.6842105263157894
26,104,3.576923076923077,7,4.9,4.454545454545454
20,44,3.3,5,4.571428571428571,1.7777777777777777
18,32,3.2222222222222223,5,4.4,1.4666666666666666
30,96,3.2,5,6.357142857142857,3.423076923076923
20,38,2.65,4,5.0,1.4285714285714286
22,70,2.727272727272727,5,4.0625,3.4210526315789473
25,115,3.64,7,5.882352941176471,4.761904761904762
25,80,2.64,5,4.5625,3.4761904761904763
21,61,3.4761904761904763,6,4.230769230769231,3.0555555555555554
18,46,2.5555555555555554,5,2.857142857142857,2.857142857142857
20,33,3.95,6,5.166666666666667,1.7222222222222223
23,71,3.782608695652174,7,4.545454545454546,2.5
28,107,3.0714285714285716,5,5.555555555555555,4.166666666666667
24,103,3.375,6,5.0,4.25
22,55,3.5,7,3.909090909090909,2.263157894736842
18,26,1.3333333333333333,2,4.0,1.3333333333333333
21,74,3.761904761904762,8,4.4,3.6666666666666665
24,83,3.9166666666666665,7,4.75,3.619047619047619
20,64,3.5,6,4.833333333333333,3.411764705882353
23,62,2.9130434782608696,6,3.3076923076923075,2.388888888888889
22,69,4.181818181818182,8,4.4,3.473684210526316
22,49,3.272727272727273,5,5.0,2.2222222222222223
20,33,2.55,4,6.5,1.625
21,52,4.095238095238095,7,4.166666666666667,2.6315789473684212
24,85,2.875,6,4.2631578947368425,3.857142857142857
19,33,3.9473684210526314,6,5.0,1.7647058823529411
26,128,3.6538461538461537,8,6.117647058823529,4.9523809523809526
22,58,3.590909090909091,6,4.153846153846154,2.8421052631578947
24,88,3.0416666666666665,6,5.0625,4.05
22,75,2.5454545454545454,5,4.4375,3.9444444444444446
24,66,3.5,6,4.384615384615385,2.85
19,30,3.9473684210526314,6,4.666666666666667,1.6470588235294117
22,71,2.6363636363636362,5,4.533333333333333,3.5789473684210527
22,55,3.0454545454545454,6,4.222222222222222,2.375
27,107,3.3703703703703702,6,5.666666666666667,4.434782608695652
29,124,4.0344827586206895,8,5.086956521739131,4.68
16,24,1.5625,3,4.333333333333333,1.625
20,53,2.9,5,3.909090909090909,2.388888888888889
20,32,4.05,6,5.0,1.6666666666666667
26,119,3.730769230769231,8,5.529411764705882,4.2727272727272725
28,89,3.142857142857143,5,5.6,3.5
19,31,1.9473684210526316,4,3.25,1.4444444444444444
17,32,2.823529411764706,6,2.75,1.5714285714285714
29,97,4.206896551724138,8,5.352941176470588,3.64
19,29,3.9473684210526314,6,4.5,1.588235294117647
27,94,3.4444444444444446,6,7.416666666666667,3.869565217391304
32,175,4.4375,8,7.0,6.0
24,74,2.9583333333333335,6,3.375,2.7
19,29,3.9473684210526314,6,4.5,1.588235294117647
16,34,2.4375,5,3.5714285714285716,2.0833333333333335
21,52,3.3333333333333335,6,3.6923076923076925,2.6666666666666665
23,86,3.130434782608696,6,3.888888888888889,3.6842105263157894
22,76,3.0,6,3.6470588235294117,3.4444444444444446
20,43,3.0,6,3.0,2.4375
15,29,2.2,4,3.2,1.7777777777777777
17,31,2.6470588235294117,5,3.111111111111111,1.8666666666666667
20,30,4.05,6,4.666666666666667,1.5555555555555556
23,47,3.0434782608695654,5,3.5714285714285716,1.3888888888888888
28,88,3.107142857142857,5,5.533333333333333,3.4583333333333335
21,67,2.761904761904762,5,4.571428571428571,3.5555555555555554
21,64,2.619047619047619,5,4.0,3.5294117647058822
25,75,2.84,5,4.533333333333333,3.238095238095238
20,30,4.05,6,4.666666666666667,1.5555555555555556
25,59,3.68,6,4.909090909090909,2.5714285714285716
16,22,1.5,2,5.0,1.25
25,88,3.24,6,4.0588235294117645,3.2857142857142856
20,55,2.6,5,3.4,3.1875
16,36,2.5,5,2.6666666666666665,2.6666666666666665
25,66,3.84,7,4.230769230769231,2.5
19,35,3.0,5,3.875,1.8235294117647058
21,57,4.0476190476190474,7,3.9285714285714284,2.8947368421052633
21,33,1.8571428571428572,4,3.25,1.4444444444444444
23,69,2.739130434782609,5,3.176470588235294,2.7
19,29,3.9473684210526314,6,4.5,1.588235294117647
22,69,2.8181818181818183,5,4.4,3.473684210526316
27,103,3.4444444444444446,6,5.823529411764706,4.304347826086956
23,80,3.130434782608696,6,4.375,3.5
20,56,2.6,5,3.466666666666667,3.25
19,29,3.9473684210526314,6,4.5,1.588235294117647
28,97,3.5,6,5.470588235294118,3.875
22,76,2.909090909090909,6,4.5,3.789473684210526
19,29,3.9473684210526314,6,4.5,1.588235294117647
28,97,3.5,6,5.8125,3.875
24,85,2.875,6,4.470588235294118,3.8
26,77,3.769230769230769,7,4.357142857142857,2.772727272727273
19,29,3.9473684210526314,6,4.5,1.588235294117647
22,59,4.136363636363637,8,4.083333333333333,2.45
22,60,2.6363636363636362,6,4.222222222222222,2.533333333333333
25,80,2.84,5,5.428571428571429,3.619047619047619
19,33,1.9473684210526316,4,3.0,1.6666666666666667
19,28,4.052631578947368,6,4.333333333333333,1.5294117647058822
26,118,3.5384615384615383,7,5.166666666666667,4.428571428571429
23,60,3.782608695652174,6,4.3076923076923075,2.8
18,25,1.4444444444444444,2,5.5,1.375
20,43,2.75,4,3.9,2.4375
15,28,2.1333333333333333,4,2.8,1.5555555555555556
18,39,2.9444444444444446,6,3.090909090909091,2.125
19,29,3.9473684210526314,6,4.5,1.588235294117647
22,59,4.363636363636363,8,4.0,2.4
25,73,3.96,7,4.6,3.1363636363636362
25,88,3.24,6,3.8333333333333335,3.2857142857142856
19,29,3.9473684210526314,6,4.5,1.588235294117647
29,106,3.8620689655172415,7,6.0,4.08
25,94,3.04,6,4.368421052631579,3.9523809523809526
19,29,3.9473684210526314,6,4.5,1.588235294117647
24,38,1.2916666666666667,2,4.666666666666667,2.0
26,80,3.076923076923077,5,5.769230769230769,3.409090909090909
19,30,1.7894736842105263,4,3.0,1.5
16,37,2.5,5,2.6666666666666665,2.6666666666666665
30,107,3.466666666666667,6,4.611111111111111,3.1923076923076925
20,35,3.1,5,4.0,1.7777777777777777
21,74,3.6666666666666665,7,4.733333333333333,3.9444444444444446
28,96,3.357142857142857,6,5.352941176470588,3.7916666666666665
20,30,4.05,6,4.666666666666667,1.5555555555555556
25,118,3.8,7,5.7894736842105265,5.238095238095238
27,112,3.740740740740741,7,5.473684210526316,4.333333333333333
22,55,2.8636363636363638,5,4.166666666666667,2.7777777777777777
23,79,3.1739130434782608,7,4.0,3.3684210526315788
16,36,2.5,5,2.3846153846153846,2.5833333333333335
19,28,4.052631578947368,6,4.333333333333333,1.5294117647058822
26,62,3.9615384615384617,6,5.8,2.5217391304347827
25,101,3.08,6,4.85,4.409090909090909
19,29,3.9473684210526314,6,4.5,1.588235294117647
26,128,3.8076923076923075,7,5.761904761904762,5.5
16,22,1.5,3,3.0,1.5
23,65,3.739130434782609,6,4.357142857142857,3.05
24,73,4.125,8,5.0,3.3333333333333335
18,40,2.6666666666666665,5,2.6923076923076925,2.5
20,56,2.6,5,4.083333333333333,3.0625
20,30,4.05,6,4.666666666666667,1.5555555555555556
26,63,3.9615384615384617,6,5.363636363636363,2.5652173913043477
20,30,1.9,4,3.5,1.5555555555555556
22,69,2.6818181818181817,5,3.3125,2.789473684210526
21,32,3.9523809523809526,6,5.0,1.5789473684210527
21,67,2.9523809523809526,6,4.909090909090909,3.375
28,85,3.142857142857143,5,6.076923076923077,3.2916666666666665
25,114,3.64,7,5.388888888888889,4.619047619047619
23,64,3.0869565217391304,5,4.214285714285714,3.1052631578947367
20,65,3.3,7,3.4375,3.4375
19,50,2.5789473684210527,5,3.5833333333333335,2.8666666666666667
20,32,3.95,6,5.0,1.6666666666666667
28,102,3.607142857142857,6,6.857142857142857,4.0
26,113,4.1923076923076925,8,5.7894736842105265,4.782608695652174
19,50,2.6842105263157894,5,3.142857142857143,2.933333333333333
21,79,3.4285714285714284,7,4.1875,3.9411764705882355
21,69,2.857142857142857,6,4.357142857142857,3.388888888888889
24,74,2.8333333333333335,5,4.117647058823529,3.5
21,57,3.5714285714285716,7,4.153846153846154,3.0
22,69,2.6363636363636362,5,4.4,3.473684210526316
23,67,4.173913043478261,7,4.538461538461538,2.8095238095238093
22,48,3.5,6,4.4,2.4444444444444446
19,26,1.368421052631579,2,5.5,1.5714285714285714
23,78,4.173913043478261,7,4.0625,3.0952380952380953
22,43,2.909090909090909,5,4.0,1.8823529411764706
21,60,2.857142857142857,6,4.454545454545454,3.0625
28,144,3.857142857142857,7,6.05,5.041666666666667
24,72,3.0416666666666665,5,4.533333333333333,3.4
22,72,2.3636363636363638,4,4.1875,3.7222222222222223
21,53,3.1904761904761907,6,3.909090909090909,2.263157894736842
19,49,2.789473684210526,5,3.2142857142857144,3.0
17,40,2.588235294117647,5,2.769230769230769,2.769230769230769
19,31,3.9473684210526314,6,4.833333333333333,1.7058823529411764
16,22,1.5625,3,3.3333333333333335,1.4285714285714286
26,81,3.0384615384615383,5,6.333333333333333,3.4545454545454546
20,30,4.05,6,4.666666666666667,1.5555555555555556
24,56,3.9166666666666665,6,4.333333333333333,2.4761904761904763
21,34,1.8571428571428572,4,2.8,1.5555555555555556
23,81,2.8260869565217392,6,3.7777777777777777,3.4
19,29,3.9473684210526314,6,4.5,1.588235294117647
16,19,1.3125,2,3.0,1.2
27,76,3.1481481481481484,5,5.538461538461538,3.130434782608696
23,75,2.782608695652174,6,4.235294117647059,3.6
19,29,3.9473684210526314,6,4.5,1.588235294117647
26,100,3.6153846153846154,6,5.4375,3.782608695652174
25,81,2.72,5,4.529411764705882,3.6666666666666665
19,29,3.9473684210526314,6,4.5,1.588235294117647
25,102,3.8,7,5.764705882352941,4.666666666666667
27,83,3.074074074074074,5,6.583333333333333,3.4347826086956523
22,77,2.9545454545454546,5,4.1875,3.526315789473684
18,47,2.5,5,3.0714285714285716,3.0714285714285716
20,30,4.05,6,4.666666666666667,1.5555555555555556
27,102,3.4444444444444446,6,5.0,3.409090909090909
27,73,3.111111111111111,5,5.3076923076923075,3.0
22,59,3.5454545454545454,7,4.230769230769231,2.8947368421052633
20,51,3.35,6,3.9166666666666665,2.764705882352941
23,75,2.782608695652174,5,4.857142857142857,3.5789473684210527
18,41,2.388888888888889,4,3.4545454545454546,2.533333333333333
22,57,3.5,7,3.75,2.3684210526315788
19,32,2.473684210526316,4,3.5,1.6470588235294117
26,64,3.6153846153846154,6,4.076923076923077,2.3043478260869565
21,33,4.142857142857143,6,5.166666666666667,1.631578947368421
14,20,1.6428571428571428,3,2.25,1.5
23,62,3.6956521739130435,6,4.142857142857143,2.9
25,92,3.52,7,4.625,3.5238095238095237
23,69,2.739130434782609,5,4.333333333333333,3.4210526315789473
20,30,4.05,6,4.666666666666667,1.5555555555555556
23,49,3.217391304347826,5,3.375,1.4210526315789473
27,88,3.074074074074074,5,5.533333333333333,3.608695652173913
21,67,2.4285714285714284,4,3.9375,3.5
19,29,3.9473684210526314,6,4.5,1.588235294117647
22,58,3.6818181818181817,7,4.6,2.3
22,55,2.772727272727273,6,4.125,2.2
25,75,3.76,7,5.071428571428571,3.227272727272727
20,62,2.55,5,3.933333333333333,3.4705882352941178
24,73,3.5,6,4.75,2.85
19,29,3.9473684210526314,6,4.5,1.588235294117647
25,110,3.8,7,5.421052631578948,4.904761904761905
27,85,3.074074074074074,5,6.153846153846154,3.4782608695652173
19,28,4.052631578947368,6,4.333333333333333,1.5294117647058822
28,88,3.357142857142857,5,6.0,3.5
21,69,2.7142857142857144,5,4.333333333333333,3.611111111111111
19,29,3.9473684210526314,6,4.5,1.588235294117647
21,62,2.5714285714285716,5,4.363636363636363,2.823529411764706
26,86,3.1923076923076925,6,5.785714285714286,3.6818181818181817
19,29,3.9473684210526314,6,4.5,1.588235294117647
22,55,4.090909090909091,8,3.6666666666666665,2.2
22,55,2.772727272727273,6,4.714285714285714,2.2
28,108,3.4285714285714284,6,5.15,4.291666666666667
24,70,2.6666666666666665,5,2.9375,2.473684210526316
16,36,2.5,5,2.6666666666666665,2.6666666666666665
19,50,2.5789473684210527,5,3.909090909090909,2.8666666666666667
21,57,2.9047619047619047,5,3.466666666666667,3.0588235294117645
18,53,2.8333333333333335,5,3.5384615384615383,3.066666666666667
16,33,2.5,5,2.4166666666666665,2.4166666666666665
18,28,4.055555555555555,6,4.333333333333333,1.625
24,71,2.4166666666666665,5,5.222222222222222,3.1333333333333333
29,100,3.413793103448276,6,5.588235294117647,3.8
26,80,3.1923076923076925,6,4.411764705882353,3.409090909090909
22,59,2.6363636363636362,5,3.4166666666666665,2.1578947368421053
25,60,3.6,6,4.545454545454546,2.380952380952381
17,20,1.3529411764705883,2,4.0,1.3333333333333333
21,25,1.3333333333333333,2,5.0,1.4285714285714286
19,45,3.473684210526316,6,5.714285714285714,2.5
21,76,3.7142857142857144,8,3.75,3.3333333333333335
22,45,1.5,2,4.333333333333333,2.3636363636363638
24,91,3.5833333333333335,7,5.769230769230769,3.9473684210526314
23,40,1.3043478260869565,2,6.0,2.5714285714285716
24,102,4.083333333333333,8,5.705882352941177,4.619047619047619
24,39,1.7916666666666667,4,4.5,1.8
17,28,1.9411764705882353,3,4.75,1.5833333333333333
21,59,4.333333333333333,8,4.071428571428571,3.0
22,67,3.5454545454545454,7,3.75,2.5
25,77,3.76,7,5.071428571428571,3.227272727272727
22,71,2.9545454545454546,6,4.125,3.473684210526316
18,27,3.9444444444444446,6,4.166666666666667,1.5625
26,121,3.8076923076923075,7,5.947368421052632,5.136363636363637
25,77,3.92,7,4.8,3.272727272727273
22,61,2.9545454545454546,5,3.7333333333333334,3.111111111111111
19,28,4.052631578947368,6,4.333333333333333,1.5294117647058822
24,92,3.5,7,4.578947368421052,4.35
23,87,3.391304347826087,7,4.705882352941177,4.2105263157894735
23,102,3.3043478260869565,7,4.7368421052631575,4.7368421052631575
19,29,4.052631578947368,6,4.5,1.588235294117647
21,70,2.761904761904762,5,4.642857142857143,3.611111111111111
28,97,3.4285714285714284,6,5.352941176470588,3.7916666666666665
20,31,4.05,6,4.833333333333333,1.6111111111111112
25,63,3.84,6,4.833333333333333,2.6363636363636362
19,28,4.052631578947368,6,4.333333333333333,1.5294117647058822
24,48,2.9166666666666665,5,4.166666666666667,1.3888888888888888
31,104,3.2580645161290325,5,7.0,3.6296296296296298
24,75,3.7083333333333335,6,4.666666666666667,3.3333333333333335
20,57,2.65,5,3.25,3.0588235294117645
28,109,3.7142857142857144,6,6.857142857142857,4.0
25,90,2.72,5,4.444444444444445,3.8095238095238093
19,30,4.052631578947368,6,4.666666666666667,1.6470588235294117
26,83,3.576923076923077,7,4.071428571428571,2.7142857142857144
28,98,3.1785714285714284,5,5.111111111111111,3.8333333333333335
22,69,3.0454545454545454,6,4.2,3.5
17,40,2.7058823529411766,5,2.5,2.5
21,49,3.4761904761904763,7,3.909090909090909,2.388888888888889
18,26,1.3333333333333333,2,4.5,1.5
22,31,1.2727272727272727,2,4.5,1.5
20,55,3.75,7,4.0,3.0588235294117645
19,61,4.052631578947368,8,4.071428571428571,3.3529411764705883
23,46,3.9130434782608696,6,6.142857142857143,2.15
28,120,3.5714285714285716,7,6.105263157894737,4.833333333333333
22,64,3.8181818181818183,7,4.0,2.736842105263158
27,79,3.074074074074074,5,4.6875,3.260869565217391
19,31,3.5789473684210527,5,5.8,1.7058823529411764
26,110,3.3461538461538463,7,5.526315789473684,4.7727272727272725
23,57,3.0,7,3.9,2.4375
21,58,3.5238095238095237,6,4.153846153846154,3.0
24,91,3.1666666666666665,6,4.411764705882353,3.75
22,74,2.909090909090909,6,4.0,3.5555555555555554
19,31,3.9473684210526314,6,4.833333333333333,1.7058823529411764
22,61,2.8636363636363638,6,4.3,2.8666666666666667
24,80,3.7083333333333335,6,4.470588235294118,3.619047619047619
22,67,4.045454545454546,8,4.0625,3.25
22,65,2.5,5,3.588235294117647,3.388888888888889
20,32,4.05,6,5.0,1.6666666666666667
25,91,3.2,5,6.166666666666667,3.5238095238095237
26,86,3.0,5,5.125,3.727272727272727
20,32,4.05,6,5.0,1.6666666666666667
26,64,3.9615384615384617,6,5.0,2.608695652173913
21,34,2.0,4,3.5,1.4
23,80,2.8260869565217392,6,3.7222222222222223,3.35
19,29,3.9473684210526314,6,4.5,1.588235294117647
26,99,3.4615384615384617,6,6.214285714285714,3.782608695652174
25,70,3.12,5,4.4,3.142857142857143
19,35,2.1578947368421053,4,3.4,1.5454545454545454
16,35,2.5,5,2.5833333333333335,2.5833333333333335
22,52,3.590909090909091,6,4.083333333333333,2.5789473684210527
18,21,1.3333333333333333,2,4.5,1.5
20,23,1.3,2,4.5,1.5
21,63,3.4761904761904763,6,4.285714285714286,3.3333333333333335
23,86,4.130434782608695,8,4.588235294117647,3.9
18,60,4.0,8,4.461538461538462,3.625
20,41,1.8,4,4.0,2.6666666666666665
23,42,1.6521739130434783,4,3.6666666666666665,2.0
23,81,4.130434782608695,8,4.588235294117647,3.9
22,38,2.0,4,5.75,2.090909090909091
21,32,2.0,3,6.0,1.6
20,55,4.25,8,3.7857142857142856,2.9444444444444446
22,58,2.8636363636363638,6,3.6,2.25
22,56,2.909090909090909,5,3.466666666666667,2.888888888888889
24,59,2.7916666666666665,5,4.875,2.1666666666666665
20,30,4.05,6,4.666666666666667,1.5555555555555556
25,94,3.16,6,5.294117647058823,4.090909090909091
22,57,2.8181818181818183,6,3.6,2.4
30,103,3.6666666666666665,6,6.125,3.769230769230769
20,39,2.3,4,4.0,1.6666666666666667
19,29,3.9473684210526314,6,4.5,1.588235294117647
24,85,2.625,5,5.125,3.9047619047619047
22,55,2.590909090909091,6,3.6666666666666665,2.357142857142857
29,97,3.6206896551724137,6,5.75,3.68
20,30,4.05,6,4.666666666666667,1.5555555555555556
27,102,3.5185185185185186,6,5.933333333333334,3.7083333333333335
22,59,3.5,6,3.9285714285714284,2.8947368421052633
20,44,2.9,5,4.0,2.5
22,63,2.6818181818181817,5,3.25,2.736842105263158
18,27,3.9444444444444446,6,4.166666666666667,1.5625
28,93,3.4285714285714284,5,5.5625,3.7083333333333335
24,87,3.0,6,4.588235294117647,3.9
19,29,3.9473684210526314,6,4.5,1.588235294117647
25,91,3.48,6,5.714285714285714,3.6363636363636362
23,64,2.9130434782608696,5,4.285714285714286,3.1578947368421053
18,29,1.6666666666666667,4,2.4,1.7142857142857142
16,34,2.5,5,2.5,2.5
19,29,3.9473684210526314,6,4.5,1.588235294117647
24,71,2.375,4,5.875,3.1333333333333333
27,104,3.7037037037037037,6,4.875,3.391304347826087
27,86,3.074074074074074,5,5.0625,3.5217391304347827
21,71,3.0,5,4.2,3.5
20,30,4.05,6,4.666666666666667,1.5555555555555556
23,54,3.739130434782609,6,4.545454545454546,2.5
26,110,3.3846153846153846,6,4.6,4.181818181818182
24,80,3.0416666666666665,6,3.7777777777777777,3.4
19,29,3.9473684210526314,6,4.5,1.588235294117647
21,70,2.5714285714285716,5,4.4,3.6666666666666665
22,47,2.1363636363636362,4,5.0,1.9230769230769231
24,78,2.5833333333333335,5,4.625,3.7
19,28,4.052631578947368,6,4.333333333333333,1.5294117647058822
22,56,4.090909090909091,8,3.5833333333333335,2.15
30,101,3.5,6,6.0,3.6923076923076925
25,76,2.76,5,3.5625,2.7142857142857144
23,81,3.1739130434782608,7,4.0625,3.4210526315789473
22,61,2.6363636363636362,5,3.2666666666666666,2.5789473684210527
30,109,3.8333333333333335,7,4.684210526315789,3.423076923076923
19,31,2.473684210526316,4,3.375,1.588235294117647
20,59,3.5,6,4.416666666666667,3.3125
25,72,3.12,6,4.0,3.238095238095238
19,30,3.9473684210526314,6,4.5,1.588235294117647
28,120,3.607142857142857,6,5.476190476190476,4.791666666666667
25,92,3.64,7,5.117647058823529,4.142857142857143
26,117,3.576923076923077,7,5.0,4.7727272727272725
21,57,2.761904761904762,5,3.0,2.2941176470588234
20,30,4.05,6,4.666666666666667,1.5555555555555556
23,67,3.130434782608696,7,4.4,2.588235294117647
28,106,3.8214285714285716,7,5.611111111111111,4.208333333333333
25,93,3.04,6,4.411764705882353,3.5714285714285716
21,70,3.0,5,4.066666666666666,3.388888888888889
20,30,4.05,6,4.666666666666667,1.5555555555555556
22,67,2.727272727272727,5,4.909090909090909,3.375
26,113,3.8076923076923075,7,5.5625,4.045454545454546
26,82,3.076923076923077,5,5.923076923076923,3.5
21,72,3.5714285714285716,6,4.2,3.5
17,36,2.7058823529411766,5,3.4444444444444446,2.3846153846153846
19,50,2.5789473684210527,5,4.1,2.7333333333333334
16,34,2.5,5,2.5,2.5
26,63,3.769230769230769,6,4.9,2.227272727272727
20,30,4.05,6,4.666666666666667,1.5555555555555556
21,54,3.238095238095238,5,4.7,2.611111111111111
27,118,3.814814814814815,7,5.166666666666667,4.043478260869565
26,81,3.0384615384615383,6,5.066666666666666,3.4545454545454546
21,73,3.5238095238095237,6,4.333333333333333,3.611111111111111
20,46,2.9,5,3.727272727272727,2.5625
18,47,3.0555555555555554,6,3.1538461538461537,2.9285714285714284
18,28,3.9444444444444446,6,4.333333333333333,1.625
28,104,3.4285714285714284,5,5.5,4.125
25,98,3.12,6,4.833333333333333,4.142857142857143
21,33,3.9523809523809526,6,5.166666666666667,1.631578947368421
27,100,3.5555555555555554,6,6.266666666666667,4.086956521739131
32,187,4.46875,8,7.333333333333333,6.285714285714286
20,63,2.6,5,3.3529411764705883,3.5625
23,103,3.9565217391304346,8,5.052631578947368,4.8
22,89,4.0,8,5.0588235294117645,4.526315789473684
26,92,3.3076923076923075,6,4.833333333333333,3.9545454545454546
19,48,2.6842105263157894,5,3.0,2.8
22,69,2.6363636363636362,5,3.5294117647058822,3.1578947368421053
26,78,3.8076923076923075,7,4.6923076923076925,2.772727272727273
18,27,1.3333333333333333,2,4.5,1.5
20,25,1.25,2,3.5,1.4
20,47,3.15,6,3.8,2.375
22,71,2.6363636363636362,5,4.25,3.5789473684210527
24,74,2.7916666666666665,5,4.117647058823529,3.5
19,43,2.8947368421052633,6,3.1,2.2142857142857144
22,68,2.6363636363636362,5,4.0625,3.4210526315789473
25,86,2.84,5,5.125,3.9047619047619047
20,32,4.05,6,5.0,1.6666666666666667
26,97,3.0,6,5.529411764705882,4.086956521739131
22,55,2.590909090909091,6,4.222222222222222,2.7142857142857144
28,89,3.0714285714285716,5,5.3125,3.5416666666666665
20,31,3.65,5,5.8,1.6111111111111112
29,94,3.8620689655172415,6,6.923076923076923,3.6
27,83,3.259259259259259,6,4.157894736842105,3.2916666666666665
26,76,3.076923076923077,5,4.5,3.272727272727273
20,41,3.35,5,4.333333333333333,2.1666666666666665
18,25,1.3888888888888888,2,6.0,1.7142857142857142
22,69,3.9545454545454546,8,4.4,3.473684210526316
24,56,2.9166666666666665,5,4.444444444444445,2.1052631578947367
19,29,3.9473684210526314,6,4.5,1.588235294117647
24,56,3.25,5,3.7777777777777777,1.7
27,87,3.074074074074074,5,5.857142857142857,3.5652173913043477
25,70,3.64,7,4.384615384615385,2.7142857142857144
19,29,3.9473684210526314,6,4.5,1.588235294117647
17,23,1.5294117647058822,3,3.3333333333333335,1.4285714285714286
26,82,3.0384615384615383,5,6.416666666666667,3.5
23,66,2.9130434782608696,5,4.6923076923076925,3.210526315789474
22,65,2.6363636363636362,5,3.0,2.6842105263157894
19,29,3.9473684210526314,6,4.5,1.588235294117647
19,52,3.1578947368421053,6,3.769230769230769,3.0625
24,75,3.9166666666666665,7,4.733333333333333,3.380952380952381
24,86,2.9583333333333335,6,4.315789473684211,3.9047619047619047
25,82,2.76,5,4.588235294117647,3.7142857142857144
23,65,3.5217391304347827,7,4.0,2.6
19,29,3.9473684210526314,6,4.5,1.588235294117647
24,55,3.25,5,3.2,1.6
28,80,2.642857142857143,4,5.428571428571429,3.1666666666666665
28,94,3.3214285714285716,6,5.0,3.75
19,50,2.4210526315789473,5,3.2857142857142856,2.875
23,59,3.0869565217391304,5,3.9166666666666665,2.238095238095238
21,57,2.7142857142857144,5,3.533333333333333,3.1176470588235294
20,62,3.1,6,4.166666666666667,3.125
20,30,4.05,6,4.666666666666667,1.5555555555555556
23,51,3.782608695652174,6,4.7,2.35
24,89,3.5833333333333335,7,3.9444444444444446,3.55
22,74,2.909090909090909,6,4.375,3.6842105263157894
19,29,3.9473684210526314,6,4.5,1.588235294117647
21,68,2.857142857142857,5,4.571428571428571,3.5555555555555554
22,54,2.5454545454545454,6,4.0,2.2857142857142856
26,104,3.576923076923077,7,5.2105263157894735,4.5
27,112,3.888888888888889,7,4.9523809523809526,4.521739130434782
19,29,3.9473684210526314,6,4.5,1.588235294117647
22,75,2.6818181818181817,5,5.071428571428571,3.736842105263158
23,53,2.3043478260869565,5,4.285714285714286,2.0
27,88,2.814814814814815,5,4.666666666666667,3.652173913043478
20,30,4.05,6,4.666666666666667,1.5555555555555556
22,53,4.090909090909091,8,3.727272727272727,2.05
28,100,3.642857142857143,7,5.9375,3.9583333333333335
23,59,2.3043478260869565,4,3.0,2.4705882352941178
23,73,2.782608695652174,5,4.333333333333333,3.4210526315789473
22,64,2.6363636363636362,5,4.0,3.3333333333333335
20,32,2.55,4,4.285714285714286,1.6666666666666667
20,49,2.9,6,4.333333333333333,2.6
29,106,3.4482758620689653,6,5.611111111111111,4.04
23,70,2.9130434782608696,5,3.533333333333333,2.789473684210526
20,30,4.05,6,4.666666666666667,1.5555555555555556
20,65,2.75,5,4.357142857142857,3.588235294117647
22,54,2.6363636363636362,6,3.5555555555555554,2.1333333333333333
29,94,3.3793103448275863,6,4.944444444444445,3.56
23,73,2.6956521739130435,5,4.428571428571429,3.263157894736842
18,27,3.9444444444444446,6,4.166666666666667,1.5625
21,58,2.7142857142857144,5,4.888888888888889,2.933333333333333
25,77,3.0,5,6.0,3.4285714285714284
22,66,2.8636363636363638,5,4.6923076923076925,3.388888888888889
17,46,2.588235294117647,5,3.3,2.5384615384615383
19,29,3.9473684210526314,6,4.5,1.588235294117647
24,71,2.4583333333333335,5,5.875,3.1333333333333333
32,175,4.375,8,6.72,6.0
25,80,3.0,6,4.133333333333334,2.9523809523809526
19,33,1.9473684210526316,4,3.0,1.6666666666666667
23,56,3.130434782608696,5,4.0,2.736842105263158
16,35,2.6875,5,2.3846153846153846,2.3846153846153846
24,91,3.75,7,4.882352941176471,4.15
17,48,3.1176470588235294,6,3.5454545454545454,3.0
16,35,2.5,5,2.5833333333333335,2.5833333333333335
19,29,3.9473684210526314,6,4.5,1.588235294117647
24,54,3.8333333333333335,6,5.0,2.380952380952381
20,31,1.75,4,3.0,1.5
22,65,2.6818181818181817,5,3.2,2.526315789473684
19,29,3.9473684210526314,6,4.5,1.588235294117647
26,109,3.8846153846153846,6,6.533333333333333,4.260869565217392
23,73,2.652173913043478,5,4.25,3.5789473684210527
23,62,3.3043478260869565,6,3.8,3.0
17,31,2.0588235294117645,4,3.0,1.6666666666666667
20,30,4.05,6,4.666666666666667,1.5555555555555556
24,54,3.875,6,4.545454545454546,2.380952380952381
26,103,3.730769230769231,7,4.421052631578948,3.8181818181818183
26,101,3.6923076923076925,7,4.555555555555555,3.727272727272727
22,59,3.5,6,3.9285714285714284,2.8947368421052633
19,46,2.789473684210526,5,3.230769230769231,2.8
25,62,3.4,6,3.7857142857142856,2.5238095238095237
17,21,1.2941176470588236,2,4.0,1.6
28,104,3.3214285714285716,6,5.444444444444445,4.083333333333333
26,121,4.384615384615385,8,5.045454545454546,4.826086956521739
20,43,3.2,5,3.3,1.9411764705882353
22,75,2.6818181818181817,5,4.733333333333333,3.736842105263158
22,61,2.8181818181818183,6,3.5454545454545454,2.6
25,94,3.56,7,4.631578947368421,4.190476190476191
26,117,3.423076923076923,7,4.9523809523809526,4.7272727272727275
19,28,4.052631578947368,6,4.333333333333333,1.5294117647058822
28,81,4.035714285714286,6,4.75,3.04
16,22,1.625,3,3.3333333333333335,1.4285714285714286
17,26,1.7647058823529411,4,2.8,1.75
21,62,2.857142857142857,5,4.3076923076923075,3.2941176470588234
23,89,3.391304347826087,6,4.647058823529412,4.157894736842105
16,28,2.0,4,3.0,1.3333333333333333
17,39,2.6470588235294117,5,2.4285714285714284,2.4285714285714284
26,93,3.6538461538461537,6,5.857142857142857,3.727272727272727
21,66,2.619047619047619,5,3.8666666666666667,3.411764705882353
19,54,2.6315789473684212,5,3.5,3.0625
21,34,3.9523809523809526,6,5.333333333333333,1.6842105263157894
28,110,3.5,6,6.176470588235294,4.375
22,76,3.0,6,4.117647058823529,3.6842105263157894
20,33,3.95,6,5.166666666666667,1.7222222222222223
27,162,4.0,8,6.6521739130434785,6.6521739130434785
23,70,3.608695652173913,7,3.6153846153846154,2.473684210526316
24,86,3.625,6,4.705882352941177,3.8095238095238093
20,69,3.05,5,4.285714285714286,3.5294117647058822
17,36,2.588235294117647,5,2.5833333333333335,2.3846153846153846
23,46,3.9130434782608696,6,6.142857142857143,2.15
28,98,3.5,6,6.714285714285714,3.9166666666666665
22,47,2.8636363636363638,5,3.857142857142857,1.588235294117647
19,33,3.5789473684210527,5,5.8,1.7058823529411764
23,65,3.347826086956522,6,4.25,2.8333333333333335
30,100,3.1666666666666665,5,5.333333333333333,3.6923076923076925
23,106,3.652173913043478,7,5.352941176470588,4.7894736842105265
23,58,3.4347826086956523,6,4.083333333333333,2.45
20,36,2.95,5,4.0,1.7777777777777777
20,47,3.25,5,4.666666666666667,2.4705882352941178
29,102,3.4482758620689653,6,5.705882352941177,3.88
20,33,4.05,6,4.833333333333333,1.6111111111111112
22,72,2.772727272727273,5,4.857142857142857,3.5789473684210527
29,109,3.4482758620689653,6,5.473684210526316,4.16
19,30,3.9473684210526314,6,4.666666666666667,1.6470588235294117
22,72,2.8181818181818183,5,4.857142857142857,3.5789473684210527
21,51,2.619047619047619,6,4.25,2.4285714285714284
29,92,3.0689655172413794,5,4.888888888888889,3.52
20,32,4.05,6,5.0,1.6666666666666667
24,74,2.75,5,5.555555555555555,2.9411764705882355
28,100,2.8214285714285716,5,5.333333333333333,4.0
22,59,3.4545454545454546,6,4.230769230769231,2.8947368421052633
25,81,2.84,5,4.866666666666666,3.4761904761904763
21,69,2.619047619047619,5,4.0625,3.611111111111111
25,73,3.68,7,4.5,3.0
19,29,3.9473684210526314,6,4.5,1.588235294117647
27,121,3.814814814814815,7,5.277777777777778,4.130434782608695
28,77,3.107142857142857,5,6.083333333333333,3.0416666666666665
22,87,4.2727272727272725,7,5.3125,4.25
23,69,2.739130434782609,5,4.333333333333333,3.4210526315789473
23,81,3.0434782608695654,6,4.0588235294117645,3.6315789473684212
19,29,3.9473684210526314,6,4.5,1.588235294117647
23,56,3.782608695652174,6,4.7272727272727275,2.6
21,33,1.8571428571428572,4,3.25,1.4444444444444444
22,72,2.6818181818181817,5,3.4705882352941178,3.1052631578947367
19,29,3.9473684210526314,6,4.5,1.588235294117647
24,47,1.4166666666666667,3,5.75,2.5555555555555554
27,85,3.111111111111111,5,6.230769230769231,3.5217391304347827
21,70,3.0,5,4.133333333333334,3.4444444444444446
19,37,2.8421052631578947,5,3.0,2.2
15,28,2.1333333333333333,4,2.8,1.5555555555555556
17,39,2.588235294117647,5,2.6923076923076925,2.6923076923076925
16,35,2.5,5,2.5833333333333335,2.5833333333333335
19,57,3.526315789473684,7,3.6923076923076925,3.2
31,112,3.6774193548387095,6,5.222222222222222,3.4814814814814814
21,35,3.0476190476190474,5,4.571428571428571,1.6842105263157894
20,63,3.75,7,4.615384615384615,3.5294117647058822
24,72,3.9583333333333335,7,4.0,3.238095238095238
24,95,3.5833333333333335,7,4.529411764705882,3.85
26,85,3.6923076923076925,6,4.705882352941177,3.6363636363636362
27,114,4.074074074074074,8,5.833333333333333,4.565217391304348
19,55,2.6315789473684212,5,4.0,2.933333333333333
18,40,2.6666666666666665,5,2.769230769230769,2.5714285714285716
19,29,3.9473684210526314,6,4.5,1.588235294117647
24,72,2.5833333333333335,5,6.0,3.0
32,172,4.40625,8,6.875,5.892857142857143
26,102,3.4615384615384617,7,4.526315789473684,3.909090909090909
21,70,3.0,6,4.066666666666666,3.588235294117647
20,30,4.05,6,4.666666666666667,1.5555555555555556
25,97,3.6,6,6.285714285714286,4.0
22,68,2.5454545454545454,5,4.0,3.5555555555555554
23,63,3.5652173913043477,6,3.933333333333333,2.95
21,63,2.6666666666666665,5,3.9285714285714284,3.235294117647059
24,88,3.75,7,5.0625,4.05
17,50,2.6470588235294117,5,3.8,2.923076923076923
16,34,2.5,5,2.5,2.5
19,29,3.9473684210526314,6,4.5,1.588235294117647
21,69,2.5238095238095237,4,4.642857142857143,3.611111111111111
28,95,3.25,6,5.294117647058823,3.75
19,29,3.9473684210526314,6,4.5,1.588235294117647
22,55,2.5454545454545454,6,4.714285714285714,2.357142857142857
29,104,3.103448275862069,5,5.823529411764706,3.96
24,75,2.6666666666666665,5,4.071428571428571,3.0
20,30,4.05,6,4.666666666666667,1.5555555555555556
25,98,3.56,6,5.666666666666667,3.8636363636363638
22,60,3.5,6,4.0,2.9473684210526314
20,43,2.9,5,3.5454545454545454,2.4375
21,59,2.7142857142857144,5,3.066666666666667,2.5555555555555554
16,35,2.5,5,2.5833333333333335,2.5833333333333335
15,27,2.1333333333333333,4,3.0,1.6666666666666667
19,48,2.8947368421052633,5,3.6,2.1176470588235294
18,38,2.7222222222222223,5,2.6153846153846154,2.4285714285714284
19,49,3.263157894736842,6,3.3846153846153846,2.933333333333333
19,52,2.736842105263158,5,3.0714285714285716,2.6875
30,116,3.566666666666667,6,5.277777777777778,3.6538461538461537
20,34,3.1,5,4.428571428571429,1.7222222222222223
20,60,3.5,6,4.666666666666667,3.2941176470588234
26,80,2.5,5,5.0,3.409090909090909
19,29,3.9473684210526314,6,4.5,1.588235294117647
25,103,3.64,6,6.133333333333334,4.181818181818182
25,71,3.52,6,4.4,3.142857142857143
23,77,2.782608695652174,5,3.5294117647058822,3.0
20,30,4.05,6,4.666666666666667,1.5555555555555556
25,62,3.72,6,5.181818181818182,2.7142857142857144
20,29,1.6,4,2.75,1.5714285714285714
22,70,2.6818181818181817,5,3.235294117647059,2.8947368421052633
19,29,3.9473684210526314,6,4.5,1.588235294117647
25,106,3.6,6,6.133333333333334,4.181818181818182
25,79,2.68,5,4.625,3.5238095238095237
25,96,3.68,7,5.0625,3.857142857142857
24,93,3.5833333333333335,7,4.647058823529412,3.95
20,51,2.85,5,3.2857142857142856,2.875
28,100,4.035714285714286,7,5.333333333333333,3.3333333333333335
20,30,4.05,6,4.666666666666667,1.5555555555555556
27,97,3.5185185185185186,6,7.076923076923077,4.0
24,80,3.2083333333333335,6,3.5294117647058822,3.0
21,32,3.9523809523809526,6,5.0,1.5789473684210527
16,20,1.5,3,2.6666666666666665,1.1428571428571428
25,79,3.04,5,5.6923076923076925,3.5238095238095237
19,28,4.052631578947368,6,4.333333333333333,1.5294117647058822
22,64,3.090909090909091,6,5.375,2.6875
26,97,3.9615384615384617,7,5.166666666666667,4.043478260869565
20,32,1.9,4,3.25,1.4444444444444444
17,29,2.1176470588235294,5,3.1666666666666665,1.7272727272727273
19,29,4.052631578947368,6,4.5,1.588235294117647
27,112,3.6296296296296298,7,4.863636363636363,4.6521739130434785
28,119,3.75,7,5.55,4.625
26,120,4.076923076923077,8,5.238095238095238,5.0
21,78,3.380952380952381,7,4.133333333333334,3.6470588235294117
20,60,2.65,5,3.8461538461538463,3.125
17,37,2.6470588235294117,5,2.3846153846153846,2.3846153846153846
20,63,3.4,7,3.25,3.25
28,108,4.071428571428571,8,4.7727272727272725,4.2
16,35,2.5,5,2.3076923076923075,2.5
19,49,2.5789473684210527,5,3.8181818181818183,2.8
28,84,3.7142857142857144,6,3.875,2.5833333333333335
19,32,3.1578947368421053,5,4.666666666666667,1.6470588235294117
21,76,3.5238095238095237,6,5.071428571428571,3.9444444444444446
23,46,3.9130434782608696,6,6.142857142857143,2.15
28,120,3.5714285714285716,7,6.105263157894737,4.833333333333333
23,74,3.260869565217391,6,4.538461538461538,2.8095238095238093
21,55,3.7142857142857144,6,4.0,2.888888888888889
20,45,2.65,4,5.0,2.142857142857143
25,57,3.12,5,3.7857142857142856,2.5238095238095237
17,40,2.588235294117647,5,2.769230769230769,2.769230769230769
22,73,2.727272727272727,5,3.9375,3.5
19,30,3.5789473684210527,5,5.6,1.6470588235294117
21,72,3.619047619047619,7,5.3076923076923075,3.8333333333333335
27,134,3.6666666666666665,7,6.0,4.909090909090909
26,84,3.0384615384615383,5,5.642857142857143,3.590909090909091
23,54,3.130434782608696,5,3.5714285714285716,2.6315789473684212
22,72,2.909090909090909,6,4.133333333333334,3.4444444444444446
23,76,3.347826086956522,6,4.6,3.6315789473684212
19,50,2.5789473684210527,5,4.3,2.8666666666666667
21,48,3.4285714285714284,6,4.181818181818182,2.4210526315789473
18,29,2.4444444444444446,4,3.8,1.4615384615384615
21,75,3.7142857142857144,7,5.142857142857143,4.0
28,102,3.392857142857143,6,5.764705882352941,4.083333333333333
23,86,3.608695652173913,7,4.666666666666667,3.6842105263157894
24,101,3.5833333333333335,7,5.25,4.2
21,55,3.5714285714285716,6,3.923076923076923,2.8333333333333335
20,49,2.9,5,3.9,2.1666666666666665
29,97,3.5172413793103448,6,4.444444444444445,3.2
19,29,3.9473684210526314,6,4.5,1.588235294117647
16,21,1.5625,3,3.0,1.2857142857142858
26,79,2.9615384615384617,5,5.6923076923076925,3.3636363636363638
22,73,2.6363636363636362,5,4.375,3.6842105263157894
19,29,3.9473684210526314,6,4.5,1.588235294117647
24,85,3.5,7,4.2631578947368425,4.05
25,100,3.52,7,5.529411764705882,4.476190476190476
27,113,3.5925925925925926,7,5.25,4.565217391304348
19,29,3.9473684210526314,6,4.5,1.588235294117647
22,53,2.5454545454545454,6,4.25,2.4285714285714284
29,114,3.1724137931034484,6,5.7894736842105265,4.4
20,41,2.5,4,4.4,1.6923076923076923
17,28,2.823529411764706,5,3.6,1.5
20,55,2.6,5,3.3333333333333335,3.125
28,92,3.5357142857142856,7,4.470588235294118,3.1666666666666665
19,31,2.8947368421052633,5,4.666666666666667,1.6470588235294117
22,55,4.136363636363637,7,4.416666666666667,2.65
21,33,1.8571428571428572,4,3.25,1.4444444444444444
23,79,2.8260869565217392,6,3.7222222222222223,3.35
19,29,3.9473684210526314,6,4.5,1.588235294117647
23,66,2.4782608695652173,5,4.5,3.0
25,82,3.2,5,5.2,3.7142857142857144
22,73,2.6818181818181817,5,3.4705882352941178,3.1052631578947367
19,29,3.9473684210526314,6,4.5,1.588235294117647
26,96,3.423076923076923,6,5.928571428571429,3.608695652173913
21,53,2.857142857142857,5,3.769230769230769,2.8823529411764706
19,29,3.9473684210526314,6,4.5,1.588235294117647
15,19,1.5333333333333334,3,3.5,1.1666666666666667
27,86,3.074074074074074,5,6.230769230769231,3.5217391304347827
28,126,4.178571428571429,8,6.2105263157894735,4.916666666666667
22,69,2.772727272727273,5,4.538461538461538,3.2777777777777777
23,55,3.130434782608696,5,3.923076923076923,2.6842105263157894
15,27,2.066666666666667,4,3.25,1.4444444444444444
19,29,3.9473684210526314,6,4.5,1.588235294117647
19,43,2.736842105263158,5,4.125,2.357142857142857
30,96,3.2666666666666666,5,5.75,3.5384615384615383
23,79,3.0434782608695654,6,4.285714285714286,3.1578947368421053
22,66,2.6363636363636362,5,3.3125,2.789473684210526
23,56,3.0,5,3.7142857142857144,2.736842105263158
15,28,2.1333333333333333,4,2.8,1.5555555555555556
17,44,3.2941176470588234,6,3.3333333333333335,2.857142857142857
15,27,2.1333333333333333,4,2.8,1.5555555555555556
19,48,2.5789473684210527,5,3.1538461538461537,2.5625
20,30,4.05,6,4.666666666666667,1.5555555555555556
15,21,1.6,3,3.0,1.5
28,90,3.1785714285714284,5,5.666666666666667,3.5416666666666665
21,73,3.1904761904761907,5,4.333333333333333,3.611111111111111
16,35,2.5,5,2.5833333333333335,2.5833333333333335
19,29,3.9473684210526314,6,4.5,1.588235294117647
22,51,2.5454545454545454,6,4.142857142857143,2.0714285714285716
29,104,3.4482758620689653,6,5.0,4.0
19,58,2.5789473684210527,5,3.6,3.375
23,61,3.130434782608696,5,3.6923076923076925,2.2857142857142856
19,51,2.6315789473684212,5,3.357142857142857,3.1333333333333333
19,57,3.0526315789473686,6,3.75,3.0
26,70,3.730769230769231,7,4.153846153846154,2.4545454545454546
20,34,2.55,4,3.75,1.6666666666666667
25,96,4.2,8,5.111111111111111,4.181818181818182
21,30,1.8571428571428572,4,3.25,1.4444444444444444
26,84,2.8461538461538463,5,5.266666666666667,3.590909090909091
27,96,3.925925925925926,7,5.2,3.391304347826087
19,29,3.9473684210526314,6,4.5,1.588235294117647
20,62,3.8,7,4.214285714285714,3.4705882352941178
24,76,3.625,6,4.5,3.4285714285714284
20,55,2.7,5,3.1875,3.0
21,58,2.5714285714285716,5,3.533333333333333,3.1176470588235294
28,102,3.7857142857142856,7,5.0625,3.375
20,30,4.05,6,4.666666666666667,1.5555555555555556
23,80,2.652173913043478,5,5.066666666666666,3.8
22,55,2.590909090909091,6,3.6666666666666665,2.357142857142857
25,79,3.92,7,5.357142857142857,3.409090909090909
21,71,2.761904761904762,5,4.4,3.6666666666666665
19,29,4.052631578947368,6,4.5,1.588235294117647
24,91,3.5,7,4.526315789473684,4.3
23,89,3.391304347826087,7,5.0,4.2105263157894735
26,119,3.576923076923077,7,5.095238095238095,4.863636363636363
20,30,4.05,6,4.666666666666667,1.5555555555555556
25,104,3.72,6,6.428571428571429,4.090909090909091
28,137,3.7857142857142856,7,6.45,5.375
24,84,2.75,5,4.933333333333334,3.7
19,56,2.6315789473684212,5,3.7142857142857144,3.25
20,30,4.05,6,4.666666666666667,1.5555555555555556
22,76,4.0,8,5.615384615384615,3.8421052631578947
28,110,3.642857142857143,6,5.833333333333333,4.375
23,81,2.6956521739130435,5,4.4375,3.736842105263158
22,73,2.6818181818181817,5,4.571428571428571,3.5555555555555554
29,108,4.103448275862069,7,5.375,3.44
20,30,4.05,6,4.666666666666667,1.5555555555555556
26,65,3.6923076923076925,6,5.0,2.727272727272727
20,29,1.75,4,3.0,1.5
22,69,2.6818181818181817,5,3.25,2.736842105263158
21,33,3.9523809523809526,6,5.166666666666667,1.631578947368421
24,88,3.1666666666666665,7,5.071428571428571,3.55
26,88,3.1153846153846154,6,5.125,3.727272727272727
20,31,3.95,6,4.833333333333333,1.6111111111111112
26,63,3.9615384615384617,6,4.833333333333333,2.5217391304347827
17,25,1.6470588235294117,3,3.0,1.5
20,52,4.0,7,3.5384615384615383,2.5555555555555554
25,107,3.44,6,4.95,4.714285714285714
20,54,3.35,6,4.083333333333333,2.8823529411764706
20,52,2.8,5,4.7,2.9375
16,33,2.3125,4,3.1666666666666665,1.9
15,31,2.533333333333333,5,2.25,2.25
29,120,3.7586206896551726,7,5.523809523809524,4.64
26,109,3.6923076923076925,6,5.105263157894737,4.409090909090909
24,79,2.8333333333333335,5,5.0,3.75
19,31,3.9473684210526314,6,4.833333333333333,1.7058823529411764
22,51,3.772727272727273,6,3.9166666666666665,2.473684210526316
21,38,2.5238095238095237,4,4.0,1.4285714285714286
22,76,2.6818181818181817,5,3.4210526315789473,3.4210526315789473
20,32,4.05,6,5.0,1.6666666666666667
24,79,2.9583333333333335,6,5.7,3.3529411764705883
28,141,3.892857142857143,7,6.388888888888889,4.791666666666667
26,74,3.1923076923076925,5,4.375,3.1818181818181817
18,44,2.611111111111111,5,2.857142857142857,2.857142857142857
18,34,2.3333333333333335,4,4.2,1.9090909090909092
22,68,2.5,5,4.285714285714286,3.1578947368421053
22,63,2.6363636363636362,5,4.538461538461538,3.2777777777777777
28,97,3.9642857142857144,7,5.0,3.5416666666666665
20,32,4.05,6,5.0,1.6666666666666667
24,81,2.7083333333333335,5,4.588235294117647,3.7142857142857144
22,56,2.8181818181818183,6,4.222222222222222,2.533333333333333
27,99,3.4074074074074074,6,5.529411764705882,4.086956521739131
29,117,3.9310344827586206,7,5.0,4.4
16,22,1.625,3,3.5,1.5555555555555556
20,49,2.9,5,3.9,2.1666666666666665
20,32,4.05,6,5.0,1.6666666666666667
22,57,2.3181818181818183,4,4.4,2.588235294117647
27,117,3.4444444444444446,6,5.352941176470588,3.9565217391304346
24,65,3.0416666666666665,5,4.066666666666666,3.05
22,67,2.6363636363636362,5,3.235294117647059,2.8947368421052633
16,36,2.5,5,2.6666666666666665,2.6666666666666665
20,30,4.05,6,4.666666666666667,1.5555555555555556
24,52,3.8333333333333335,6,4.8,2.2857142857142856
21,34,1.8571428571428572,4,2.8,1.5555555555555556
22,72,2.6818181818181817,5,3.5294117647058822,3.1578947368421053
21,35,3.0476190476190474,5,4.714285714285714,1.736842105263158
23,70,2.652173913043478,6,3.933333333333333,3.1052631578947367
26,112,3.5384615384615383,6,4.944444444444445,4.045454545454546
24,60,3.125,5,4.0,2.8
23,73,2.652173913043478,5,3.9375,3.15
18,42,2.6666666666666665,5,2.923076923076923,2.7142857142857144
16,28,2.25,4,3.0,1.6153846153846154
19,61,3.263157894736842,6,4.166666666666667,3.3333333333333335
21,58,3.4761904761904763,6,3.7857142857142856,3.1176470588235294
20,58,3.65,7,3.7857142857142856,3.3125
19,54,2.9473684210526314,5,3.357142857142857,2.9375
19,28,3.9473684210526314,6,4.333333333333333,1.5294117647058822
22,52,3.409090909090909,7,3.8,1.9
24,76,4.083333333333333,7,4.5,3.4285714285714284
20,33,1.9,4,2.8,1.5555555555555556
21,68,2.761904761904762,5,4.333333333333333,3.611111111111111
25,78,3.04,6,4.4375,3.380952380952381
20,34,3.1,5,4.571428571428571,1.7777777777777777
19,47,2.6842105263157894,5,4.375,2.5
28,108,4.035714285714286,7,5.421052631578948,4.291666666666667
23,76,3.3043478260869565,6,3.933333333333333,3.1052631578947367
19,29,3.9473684210526314,6,4.5,1.588235294117647
21,66,2.857142857142857,5,4.5,3.5
28,105,3.357142857142857,6,5.555555555555555,4.166666666666667
20,31,4.05,6,4.833333333333333,1.6111111111111112
26,115,3.769230769230769,7,5.944444444444445,4.863636363636363
29,134,3.7241379310344827,7,5.521739130434782,5.08
23,63,4.086956521739131,8,4.461538461538462,2.9
24,65,3.9583333333333335,7,4.615384615384615,2.857142857142857
22,78,2.8181818181818183,5,4.533333333333333,3.7777777777777777
19,44,2.6842105263157894,5,3.6363636363636362,2.6666666666666665
20,30,4.05,6,4.666666666666667,1.5555555555555556
22,77,2.6363636363636362,5,4.866666666666666,3.8421052631578947
22,48,2.272727272727273,5,4.333333333333333,1.8571428571428572
28,99,2.8214285714285716,5,4.947368421052632,3.9166666666666665
20,30,4.05,6,4.666666666666667,1.5555555555555556
20,52,2.65,5,4.333333333333333,2.7857142857142856
27,123,3.5925925925925926,7,6.352941176470588,4.695652173913044
21,55,3.5238095238095237,6,3.923076923076923,2.8333333333333335
17,21,1.411764705882353,2,7.0,1.0
16,36,2.5,5,2.6666666666666665,2.6666666666666665
19,51,2.5789473684210527,5,4.0,2.933333333333333
20,30,4.05,6,4.666666666666667,1.5555555555555556
24,54,3.875,6,5.0,2.380952380952381
26,105,3.0,6,4.809523809523809,4.590909090909091
19,29,3.9473684210526314,6,4.5,1.588235294117647
21,73,2.761904761904762,5,4.928571428571429,3.8333333333333335
22,52,2.5,6,4.285714285714286,2.142857142857143
25,82,2.68,5,4.529411764705882,3.6666666666666665
19,28,4.052631578947368,6,4.333333333333333,1.5294117647058822
22,79,2.772727272727273,5,5.0,3.9473684210526314
25,75,3.88,7,4.4375,3.227272727272727
23,68,3.0,6,4.0,2.857142857142857
25,86,3.0,6,4.0,3.4285714285714284
17,38,2.588235294117647,5,2.6153846153846154,2.6153846153846154
30,117,3.8333333333333335,7,5.555555555555555,3.8461538461538463
20,35,3.1,5,4.0,1.7777777777777777
21,74,3.7142857142857144,7,4.733333333333333,3.9444444444444446
24,94,4.166666666666667,8,4.944444444444445,4.45
27,130,3.925925925925926,8,5.318181818181818,5.086956521739131
20,31,4.05,6,4.666666666666667,1.5555555555555556
22,79,3.9545454545454546,8,4.75,4.0
23,43,2.869565217391304,5,4.2,1.2352941176470589
26,82,3.1923076923076925,6,5.133333333333334,3.5
21,52,2.8095238095238093,5,3.8181818181818183,2.210526315789474
20,31,4.05,6,4.833333333333333,1.6111111111111112
20,65,2.8,5,4.6923076923076925,3.588235294117647
22,56,2.6363636363636362,6,3.4,2.2666666666666666
28,94,3.0714285714285716,5,5.5625,3.7083333333333335
24,81,3.0833333333333335,6,4.5,3.15
23,67,2.739130434782609,5,3.875,3.263157894736842
18,27,3.9444444444444446,6,4.166666666666667,1.5625
23,61,4.217391304347826,8,4.083333333333333,2.3333333333333335
26,80,4.0,7,4.75,3.3043478260869565
20,31,1.9,4,3.25,1.4444444444444444
21,63,2.7142857142857144,5,3.933333333333333,3.2777777777777777
24,82,2.9166666666666665,6,4.411764705882353,3.75
20,30,4.05,6,4.666666666666667,1.5555555555555556
24,55,3.25,5,3.1818181818181817,1.75
28,95,3.2857142857142856,6,6.0,3.75
20,31,3.95,6,4.833333333333333,1.6111111111111112
16,32,2.8125,6,3.25,2.1666666666666665
26,124,3.6153846153846154,7,6.105263157894737,5.2727272727272725
18,31,2.0,4,3.0,1.6666666666666667
23,72,3.0869565217391304,6,4.3125,3.45
17,36,2.6470588235294117,5,2.5,2.3076923076923075
16,38,2.5,5,2.6153846153846154,2.6153846153846154
20,58,2.6,5,3.8461538461538463,3.125
21,33,3.9523809523809526,6,5.166666666666667,1.631578947368421
27,67,4.0,6,5.636363636363637,2.5833333333333335
26,110,3.076923076923077,6,4.7727272727272725,4.565217391304348
20,33,3.95,6,5.166666666666667,1.7222222222222223
24,104,3.5,6,5.823529411764706,4.714285714285714
23,67,3.0434782608695654,7,4.4,2.75
29,105,3.1379310344827585,5,5.5,3.96
27,120,3.740740740740741,7,5.45,4.739130434782608
23,47,3.130434782608696,5,3.3076923076923075,2.263157894736842
18,44,2.8333333333333335,5,2.857142857142857,2.857142857142857
25,108,4.36,8,5.473684210526316,4.7272727272727275
22,50,3.4545454545454546,6,4.181818181818182,2.5555555555555554
19,27,1.368421052631579,2,5.5,1.5714285714285714
22,29,1.3181818181818181,2,5.0,1.4285714285714286
14,29,3.642857142857143,5,3.7142857142857144,2.0
21,67,3.4285714285714284,6,5.0,3.235294117647059
23,86,3.4347826086956523,6,5.769230769230769,3.9473684210526314
23,83,3.0434782608695654,6,4.0625,3.25
22,60,2.409090909090909,4,3.0714285714285716,2.5294117647058822
20,67,3.05,5,4.818181818181818,3.3125
18,59,3.4444444444444446,7,3.642857142857143,3.1875
23,47,1.6956521739130435,4,4.166666666666667,2.0833333333333335
24,87,4.208333333333333,8,5.25,4.0
23,43,2.217391304347826,4,5.6,2.1538461538461537
19,34,2.1052631578947367,3,6.25,1.6666666666666667
25,74,3.56,6,5.0,2.9545454545454546
22,34,4.2272727272727275,6,5.333333333333333,1.6
25,103,3.68,7,5.277777777777778,4.523809523809524
28,87,3.642857142857143,6,5.857142857142857,3.4166666666666665
27,75,3.111111111111111,5,4.666666666666667,3.0434782608695654
19,29,3.9473684210526314,6,4.5,1.588235294117647
24,85,3.5,7,4.388888888888889,3.95
24,90,3.5,7,5.0,4.25
24,81,3.5416666666666665,7,4.0,3.6
20,32,4.05,6,5.0,1.6666666666666667
23,44,1.391304347826087,2,7.0,2.3333333333333335
27,84,3.074074074074074,5,6.076923076923077,3.4347826086956523
19,30,3.9473684210526314,6,4.666666666666667,1.6470588235294117
23,51,3.217391304347826,5,3.625,1.5263157894736843
27,88,3.185185185185185,6,5.928571428571429,3.608695652173913
21,66,2.4285714285714284,4,3.875,3.4444444444444446
20,31,4.05,6,4.833333333333333,1.6111111111111112
26,100,3.423076923076923,6,5.933333333333334,3.869565217391304
23,73,2.608695652173913,5,4.3125,3.6315789473684212
21,56,3.4285714285714284,6,4.0,2.888888888888889
19,31,1.7894736842105263,4,2.6,1.625
20,30,4.05,6,4.666666666666667,1.5555555555555556
22,71,2.4545454545454546,4,5.230769230769231,3.5789473684210527
29,98,3.2758620689655173,6,6.2,3.72
19,29,3.9473684210526314,6,4.5,1.588235294117647
21,60,2.6666666666666665,5,4.181818181818182,3.066666666666667
24,57,3.8333333333333335,6,4.416666666666667,2.5238095238095237
25,89,3.36,7,4.176470588235294,3.380952380952381
21,61,2.7142857142857144,5,3.8666666666666667,3.2222222222222223
20,30,4.05,6,4.666666666666667,1.5555555555555556
21,51,4.190476190476191,8,3.727272727272727,2.1578947368421053
29,117,3.793103448275862,7,6.277777777777778,4.52
22,75,2.9545454545454546,6,4.176470588235294,3.736842105263158
24,67,3.0416666666666665,5,3.923076923076923,2.3181818181818183
20,30,4.05,6,4.666666666666667,1.5555555555555556
22,54,2.5454545454545454,6,4.571428571428571,2.2857142857142856
30,111,3.1333333333333333,5,5.888888888888889,4.076923076923077
25,91,3.16,6,4.5,3.4285714285714284
29,97,3.9655172413793105,7,4.9375,3.16
19,30,2.473684210526316,4,3.375,1.588235294117647
23,79,4.304347826086956,8,4.75,3.8
24,79,3.125,6,4.066666666666666,3.05
19,30,3.9473684210526314,6,4.5,1.588235294117647
30,87,3.2333333333333334,5,6.3076923076923075,3.1538461538461537
26,101,3.4615384615384617,7,3.9523809523809526,3.772727272727273
25,98,2.92,6,5.055555555555555,4.333333333333333
25,75,2.88,5,5.0,3.3333333333333335
18,27,3.9444444444444446,6,4.166666666666667,1.5625
24,83,3.5,7,4.388888888888889,3.95
25,106,3.52,7,5.5,4.714285714285714
27,124,3.5925925925925926,7,5.136363636363637,4.913043478260869
18,27,3.9444444444444446,6,4.166666666666667,1.5625
26,113,3.769230769230769,7,5.933333333333334,4.045454545454546
25,80,3.24,5,5.066666666666666,3.619047619047619
23,69,2.9565217391304346,6,4.125,3.3
16,37,2.5,5,2.6666666666666665,2.6666666666666665
20,30,4.05,6,4.666666666666667,1.5555555555555556
24,50,3.375,6,3.857142857142857,1.35
28,86,3.107142857142857,5,6.230769230769231,3.375
21,69,2.619047619047619,6,4.0,3.764705882352941
20,30,4.05,6,4.666666666666667,1.5555555555555556
29,95,3.6206896551724137,6,6.923076923076923,3.6
25,122,4.04,7,4.857142857142857,4.636363636363637
19,28,4.052631578947368,6,4.333333333333333,1.5294117647058822
25,100,3.84,6,6.142857142857143,3.909090909090909
23,65,2.9565217391304346,5,3.8125,3.210526315789474
19,29,4.052631578947368,6,4.5,1.588235294117647
14,18,1.5714285714285714,3,3.5,1.1666666666666667
29,102,3.2413793103448274,5,5.705882352941177,3.88
21,73,3.5714285714285716,6,4.266666666666667,3.5555555555555554
23,72,3.9130434782608696,7,5.153846153846154,3.35
20,54,3.3,6,4.166666666666667,2.9411764705882355
16,28,2.25,4,3.0,1.5
18,43,2.7777777777777777,5,3.0,2.7857142857142856
26,76,3.8461538461538463,7,4.642857142857143,2.9545454545454546
17,22,1.3529411764705883,2,4.5,1.5
21,26,1.2857142857142858,2,4.5,1.5
21,64,3.4285714285714284,6,4.916666666666667,3.4705882352941178
19,60,4.052631578947368,8,4.0,3.2941176470588234
17,42,2.7058823529411766,6,3.3,3.0
23,90,3.4347826086956523,5,6.166666666666667,3.7
24,48,1.6666666666666667,3,3.7142857142857144,2.1666666666666665
23,67,2.4347826086956523,5,4.363636363636363,3.0
25,108,3.88,6,6.066666666666666,4.136363636363637
23,90,4.434782608695652,8,4.882352941176471,3.9523809523809526
24,37,1.7916666666666667,4,4.0,1.6
18,28,1.9444444444444444,3,4.75,1.4615384615384615
23,81,3.9130434782608696,7,5.428571428571429,3.8
25,80,3.12,5,4.6875,3.5714285714285716
20,60,2.6,5,3.923076923076923,3.1875
19,54,2.6315789473684212,5,3.5714285714285716,3.125
21,61,3.5238095238095237,6,4.3076923076923075,3.111111111111111
22,62,2.9545454545454546,6,3.6875,3.1052631578947367
16,36,2.5,5,2.3846153846153846,2.5833333333333335
20,31,4.05,6,4.833333333333333,1.6111111111111112
26,117,4.0,7,6.0588235294117645,4.478260869565218
24,73,2.625,5,4.466666666666667,3.35
20,31,3.95,6,4.833333333333333,1.6111111111111112
24,55,3.25,5,3.1818181818181817,1.75
28,97,3.3214285714285716,6,5.6875,3.7916666666666665
21,61,2.857142857142857,6,3.7333333333333334,3.111111111111111
24,70,3.4583333333333335,6,4.0,2.6
21,35,3.9523809523809526,6,5.333333333333333,1.6842105263157894
26,63,3.5384615384615383,6,4.615384615384615,2.608695652173913
21,37,4.0476190476190474,6,5.666666666666667,1.7894736842105263
25,138,3.8,7,6.55,6.238095238095238
23,78,3.5652173913043477,7,4.357142857142857,3.05
27,92,3.7037037037037037,7,5.666666666666667,3.6956521739130435
22,71,3.6363636363636362,6,4.714285714285714,3.473684210526316
22,72,3.0,6,4.3125,3.6315789473684212
27,91,3.2962962962962963,6,5.117647058823529,3.782608695652174
26,92,3.1153846153846154,6,4.888888888888889,4.0
23,74,2.782608695652174,6,4.176470588235294,3.55
19,31,3.9473684210526314,6,4.833333333333333,1.7058823529411764
26,108,3.423076923076923,7,5.777777777777778,4.7272727272727275
31,147,4.064516129032258,7,6.217391304347826,5.296296296296297
25,124,3.72,7,5.631578947368421,5.095238095238095
21,62,2.5238095238095237,5,3.625,3.411764705882353
25,76,3.68,7,4.4,3.142857142857143
19,30,3.9473684210526314,6,4.666666666666667,1.6470588235294117
24,83,2.9583333333333335,6,4.705882352941177,3.8095238095238093
22,62,3.5454545454545454,7,4.6,2.5555555555555554
29,95,3.1379310344827585,5,5.294117647058823,3.6
20,32,4.05,6,5.0,1.6666666666666667
16,21,1.5625,3,3.0,1.2857142857142858
26,83,3.0384615384615383,5,6.0,3.5454545454545454
22,67,2.6363636363636362,5,3.25,2.736842105263158
22,67,2.6363636363636362,5,3.176470588235294,2.8421052631578947
22,64,2.727272727272727,5,3.933333333333333,3.2777777777777777
23,71,2.782608695652174,5,4.266666666666667,3.3684210526315788
23,71,2.782608695652174,5,4.333333333333333,3.4210526315789473
21,34,3.0476190476190474,5,4.571428571428571,1.6842105263157894
22,72,4.136363636363637,8,4.6,3.6315789473684212
21,33,2.0,4,3.0,1.5
20,31,4.05,6,4.833333333333333,1.6111111111111112
22,56,4.090909090909091,8,4.090909090909091,2.25
23,55,2.869565217391304,6,3.7777777777777777,2.125
27,108,3.4444444444444446,6,5.15,4.478260869565218
22,73,2.909090909090909,5,3.875,3.263157894736842
20,31,4.05,6,4.833333333333333,1.6111111111111112
21,67,2.7142857142857144,5,4.5,3.5
23,59,2.5217391304347827,6,4.111111111111111,2.466666666666667
26,79,3.0384615384615383,5,5.0,3.409090909090909
27,91,3.2962962962962963,6,5.25,3.652173913043478
24,69,3.0,5,4.0625,3.25
19,29,3.9473684210526314,6,4.5,1.588235294117647
24,60,3.875,6,4.3076923076923075,2.6666666666666665
28,102,3.3214285714285716,6,5.444444444444445,4.083333333333333
19,58,2.9473684210526314,6,3.5384615384615383,3.066666666666667
20,57,2.6,5,4.454545454545454,3.0625
19,29,3.9473684210526314,6,4.5,1.588235294117647
24,56,3.625,6,4.636363636363637,2.55
27,109,3.1481481481481484,6,5.25,4.375
25,95,2.96,6,4.333333333333333,4.136363636363637
21,62,2.5238095238095237,5,4.142857142857143,3.411764705882353
19,34,1.9473684210526316,4,3.2,1.7777777777777777
21,65,2.5238095238095237,5,3.6,3.0
21,45,3.5238095238095237,6,4.3,2.263157894736842
18,32,2.611111111111111,4,3.5,1.5
15,34,3.1333333333333333,6,3.2,2.4615384615384617
28,103,3.3214285714285716,6,5.157894736842105,4.083333333333333
27,123,3.925925925925926,7,5.947368421052632,4.913043478260869
17,20,1.5294117647058822,3,4.5,1.2857142857142858
19,50,2.8421052631578947,5,3.7,2.176470588235294
19,51,2.5789473684210527,5,4.3,2.8666666666666667
22,62,3.5454545454545454,6,3.8666666666666667,3.0526315789473686
24,93,3.9166666666666665,7,4.666666666666667,4.0
18,37,2.7222222222222223,5,2.75,2.357142857142857
20,30,4.05,6,4.666666666666667,1.5555555555555556
25,96,3.52,6,5.466666666666667,3.727272727272727
21,53,2.857142857142857,5,3.769230769230769,2.8823529411764706
19,29,3.9473684210526314,6,4.5,1.588235294117647
20,50,2.65,5,4.5,2.5714285714285716
28,109,3.8214285714285716,7,5.1875,3.4583333333333335
21,54,3.4761904761904763,6,3.8461538461538463,2.7777777777777777
22,54,2.909090909090909,5,3.3333333333333335,2.7777777777777777
17,39,2.588235294117647,5,2.6923076923076925,2.6923076923076925
17,51,2.7058823529411766,5,3.6363636363636362,3.076923076923077
20,33,2.55,4,4.833333333333333,1.6111111111111112
22,76,3.772727272727273,6,5.916666666666667,3.736842105263158
23,64,3.608695652173913,6,4.0,3.0
22,54,2.909090909090909,5,3.5714285714285716,2.7777777777777777
19,29,3.9473684210526314,6,4.5,1.588235294117647
22,75,2.909090909090909,6,4.235294117647059,3.789473684210526
23,41,2.608695652173913,5,3.5,1.4
25,75,3.0,5,4.375,3.3333333333333335
20,50,2.9,5,3.25,2.1666666666666665
20,30,4.05,6,4.666666666666667,1.5555555555555556
28,101,3.5,6,5.705882352941177,4.041666666666667
27,131,4.62962962962963,8,5.523809523809524,4.833333333333333
20,30,4.05,6,4.666666666666667,1.5555555555555556
24,88,3.5,7,4.368421052631579,4.15
25,93,3.6,7,5.176470588235294,4.190476190476191
24,100,3.4583333333333335,7,4.944444444444445,4.45
19,28,4.052631578947368,6,4.333333333333333,1.5294117647058822
27,81,3.3333333333333335,6,3.9285714285714284,2.5
27,70,3.111111111111111,5,5.0,2.8260869565217392
21,71,3.1904761904761907,5,4.133333333333334,3.4444444444444446
20,52,3.3,6,4.0,2.823529411764706
17,30,2.823529411764706,5,2.888888888888889,2.0
15,26,1.9333333333333333,4,2.4,1.5
19,28,4.052631578947368,6,4.333333333333333,1.5294117647058822
26,112,3.730769230769231,7,5.421052631578948,4.681818181818182
22,63,3.727272727272727,7,4.0,3.1578947368421053
26,77,3.6923076923076925,6,5.461538461538462,3.227272727272727
18,27,1.6111111111111112,4,2.5,1.4285714285714286
20,30,4.05,6,4.666666666666667,1.5555555555555556
21,71,2.761904761904762,5,4.466666666666667,3.7222222222222223
24,68,3.75,7,3.3846153846153846,2.2
28,92,3.357142857142857,6,4.578947368421052,3.625
20,58,2.7,5,3.769230769230769,3.0625
19,28,4.052631578947368,6,4.333333333333333,1.5294117647058822
29,112,3.896551724137931,7,6.294117647058823,4.28
25,99,3.12,6,4.578947368421052,4.142857142857143
26,97,3.3846153846153846,7,4.157894736842105,3.590909090909091
21,60,3.4761904761904763,6,4.230769230769231,3.0555555555555554
16,30,2.25,4,3.2,1.6
19,53,2.5789473684210527,5,3.2142857142857144,2.8125
27,87,3.6666666666666665,6,4.533333333333333,2.8333333333333335
19,35,3.0526315789473686,5,3.75,1.7647058823529411
21,59,4.0476190476190474,7,4.230769230769231,2.8947368421052633
20,29,1.75,4,3.0,1.5
22,77,2.6818181818181817,5,3.7058823529411766,3.3157894736842106
19,34,3.5789473684210527,5,4.5,1.588235294117647
23,83,2.8260869565217392,5,5.266666666666667,3.95
22,71,3.772727272727273,7,3.769230769230769,2.5789473684210527
26,89,3.769230769230769,7,5.6,3.8181818181818183
22,71,2.9545454545454546,6,3.8823529411764706,3.473684210526316
19,29,4.052631578947368,6,4.5,1.588235294117647
25,105,3.52,6,5.2105263157894735,4.714285714285714
25,109,3.68,7,5.368421052631579,4.857142857142857
25,125,3.6,7,5.333333333333333,5.333333333333333
20,33,3.95,6,5.166666666666667,1.7222222222222223
23,68,4.260869565217392,8,4.0,2.6666666666666665
30,120,3.933333333333333,7,6.388888888888889,4.423076923076923
24,92,3.4166666666666665,7,3.789473684210526,3.6
21,70,3.5714285714285716,7,3.411764705882353,3.411764705882353
15,24,3.533333333333333,5,4.4,1.6923076923076923
22,75,4.090909090909091,7,4.0,3.2
21,58,3.380952380952381,6,4.230769230769231,3.0555555555555554
25,107,3.72,7,5.470588235294118,4.428571428571429
23,77,2.5652173913043477,5,4.5625,3.8421052631578947
19,31,3.9473684210526314,6,4.833333333333333,1.7058823529411764
21,57,2.619047619047619,5,5.5,2.75
26,84,2.923076923076923,5,5.0,3.6363636363636362
19,30,3.9473684210526314,6,4.666666666666667,1.6470588235294117
23,74,2.9565217391304346,6,5.4,3.375
28,140,3.9642857142857144,7,6.0,4.75
25,85,2.96,5,5.0625,3.857142857142857
24,72,2.7083333333333335,5,4.25,3.4
20,36,2.95,5,4.142857142857143,1.6111111111111112
21,60,4.0476190476190474,7,4.071428571428571,3.0
28,103,3.392857142857143,6,5.166666666666667,3.875
19,30,3.9473684210526314,6,4.666666666666667,1.6470588235294117
24,84,3.4166666666666665,6,5.538461538461538,3.4285714285714284
27,88,3.074074074074074,5,5.928571428571429,3.608695652173913
27,104,3.5555555555555554,6,5.705882352941177,4.217391304347826
18,29,1.8333333333333333,4,2.4,1.5
21,65,2.619047619047619,5,4.133333333333334,3.4444444444444446
21,52,3.4761904761904763,6,3.769230769230769,2.7222222222222223
18,31,2.9444444444444446,5,2.4545454545454546,1.9285714285714286
15,28,2.1333333333333333,4,3.2,1.7777777777777777
19,29,3.9473684210526314,6,4.5,1.588235294117647
21,53,3.5238095238095237,7,4.1,2.1578947368421053
29,106,3.9310344827586206,7,5.368421052631579,4.08
20,32,1.9,4,3.25,1.4444444444444444
23,72,2.608695652173913,5,3.8125,3.05
23,75,2.782608695652174,5,4.533333333333333,3.5789473684210527
22,51,3.590909090909091,6,5.111111111111111,2.4210526315789473
19,29,3.9473684210526314,6,4.5,1.588235294117647
21,56,2.8095238095238093,6,3.75,2.5
32,136,4.0625,7,6.190476190476191,4.642857142857143
22,70,2.6818181818181817,5,3.9411764705882355,3.526315789473684
20,30,4.05,6,4.666666666666667,1.5555555555555556
23,75,2.5217391304347827,4,4.8,3.6
23,57,3.0,7,3.7,2.3125
28,103,2.8214285714285716,5,5.5,4.125
20,34,1.95,4,2.5,1.5
20,30,4.05,6,4.666666666666667,1.5555555555555556
28,80,3.1785714285714284,5,6.909090909090909,3.1666666666666665
19,54,4.368421052631579,8,3.923076923076923,3.0
23,66,3.739130434782609,6,4.133333333333334,3.1
17,25,1.8235294117647058,4,2.75,1.375
20,57,2.4,4,3.6,3.176470588235294
22,79,3.0454545454545454,6,4.25,3.7777777777777777
20,47,2.8,5,3.5833333333333335,2.6875
20,30,4.05,6,4.666666666666667,1.5555555555555556
25,46,1.4,2,7.0,2.1
27,83,3.074074074074074,5,6.5,3.391304347826087
19,31,2.526315789473684,4,4.142857142857143,1.7058823529411764
21,57,4.0,7,3.9285714285714284,2.8947368421052633
25,96,3.24,6,4.111111111111111,3.5238095238095237
23,79,3.0,6,3.9411764705882355,3.526315789473684
19,29,3.9473684210526314,6,4.5,1.588235294117647
19,50,2.736842105263158,5,4.625,2.642857142857143
26,82,3.0384615384615383,5,5.923076923076923,3.5
24,54,2.8333333333333335,4,4.166666666666667,2.5
17,28,1.9411764705882353,4,2.8,1.5555555555555556
17,39,2.411764705882353,4,3.0,2.5714285714285716
22,66,2.772727272727273,5,4.538461538461538,3.2777777777777777
19,29,3.9473684210526314,6,4.5,1.588235294117647
26,91,3.423076923076923,6,7.166666666666667,3.909090909090909
25,121,4.12,8,5.25,4.7727272727272725
19,29,3.9473684210526314,6,4.5,1.588235294117647
25,101,3.52,6,6.071428571428571,3.8636363636363638
21,57,2.857142857142857,5,3.3125,3.1176470588235294
19,29,4.052631578947368,6,4.5,1.588235294117647
15,20,1.5333333333333334,3,4.0,1.3333333333333333
26,89,3.076923076923077,5,5.25,3.8181818181818183
21,75,3.5714285714285716,6,4.4,3.6666666666666665
21,71,3.5714285714285716,6,4.2,3.5
20,52,3.4,6,3.6923076923076925,2.823529411764706
16,28,2.25,4,3.0,1.5
18,48,2.611111111111111,5,2.9285714285714284,2.7333333333333334
25,58,3.64,6,4.153846153846154,2.5714285714285716
17,20,1.3529411764705883,2,4.0,1.3333333333333333
20,22,1.25,2,3.5,1.4
18,52,4.0,8,3.5714285714285716,3.125
24,70,2.5416666666666665,5,4.9,3.0625
23,43,1.4782608695652173,3,3.2857142857142856,2.3
23,71,2.5652173913043477,4,5.0,2.6315789473684212
22,73,3.727272727272727,7,5.166666666666667,3.263157894736842
23,37,1.826086956521739,4,4.25,1.7
19,31,2.0,3,5.25,1.5
21,74,3.6666666666666665,7,4.666666666666667,3.888888888888889
27,94,3.3333333333333335,6,5.235294117647059,3.869565217391304
19,29,3.9473684210526314,6,4.5,1.588235294117647
22,73,2.8181818181818183,5,4.6,3.6315789473684212
22,57,2.6363636363636362,6,3.6,2.4
27,88,2.962962962962963,5,5.533333333333333,3.608695652173913
18,27,3.9444444444444446,6,4.166666666666667,1.5625
26,125,3.8076923076923075,7,5.619047619047619,5.363636363636363
28,111,3.392857142857143,6,4.608695652173913,4.416666666666667
29,141,3.9310344827586206,7,5.409090909090909,4.76
25,90,3.04,6,4.222222222222222,3.619047619047619
19,51,3.4210526315789473,6,3.9166666666666665,2.9375
22,54,3.0,6,3.8461538461538463,2.5
20,60,2.95,6,3.3333333333333335,3.125
16,36,2.5,5,2.3846153846153846,2.5833333333333335
25,64,3.4,6,4.230769230769231,2.619047619047619
17,22,1.2941176470588236,2,4.0,1.6
21,25,1.2380952380952381,2,3.5,1.4
17,40,3.5294117647058822,6,4.25,2.4285714285714284
23,96,3.8260869565217392,8,4.75,3.8
25,101,4.04,8,4.8,4.363636363636363
23,76,3.5217391304347827,6,5.0,3.3333333333333335
19,49,3.736842105263158,6,4.2,2.625
23,72,2.9565217391304346,5,5.0,2.7777777777777777
24,82,2.9166666666666665,6,4.142857142857143,3.2222222222222223
25,112,4.2,8,5.473684210526316,4.7272727272727275
25,43,2.04,5,4.5,1.5
17,26,1.8235294117647058,3,5.666666666666667,1.5454545454545454
20,70,3.75,7,4.785714285714286,3.9411764705882355
27,83,3.074074074074074,5,6.416666666666667,3.347826086956522
21,76,3.380952380952381,6,4.533333333333333,3.7777777777777777
20,49,2.65,5,3.3846153846153846,2.75
27,102,4.074074074074074,7,5.333333333333333,3.4782608695652173
21,35,3.9523809523809526,6,5.333333333333333,1.6842105263157894
26,87,3.423076923076923,7,4.357142857142857,3.05
29,109,3.4827586206896552,6,5.421052631578948,4.12
25,103,3.4,7,4.882352941176471,3.9523809523809526
24,89,3.2916666666666665,7,4.529411764705882,3.85
21,61,3.0,6,4.230769230769231,3.235294117647059
19,55,3.473684210526316,6,4.2727272727272725,2.764705882352941
28,95,3.7857142857142856,7,5.2,3.25
16,24,2.125,4,3.25,1.625
26,92,3.0,6,4.944444444444445,3.869565217391304
26,70,3.076923076923077,5,4.4,3.0
21,53,3.0,6,3.4545454545454546,2.375
20,32,4.05,6,5.0,1.6666666666666667
15,27,2.2,4,3.2,1.6
22,65,3.727272727272727,7,4.6923076923076925,3.210526315789474
25,121,3.6,7,5.526315789473684,5.0
16,27,1.9375,4,3.0,1.875
21,55,3.380952380952381,6,3.923076923076923,2.8333333333333335
23,71,2.652173913043478,5,4.642857142857143,3.4210526315789473
23,75,2.782608695652174,5,4.6,3.6315789473684212
20,32,4.05,6,5.0,1.6666666666666667
27,92,3.4444444444444446,6,7.25,3.782608695652174
26,119,4.384615384615385,8,5.0476190476190474,4.608695652173913
19,30,3.9473684210526314,6,4.666666666666667,1.6470588235294117
23,56,3.8260869565217392,6,4.0,2.6
19,30,3.9473684210526314,6,4.666666666666667,1.6470588235294117
21,53,2.1904761904761907,4,4.333333333333333,2.6
27,84,3.074074074074074,5,5.714285714285714,3.4782608695652173
23,64,3.4782608695652173,6,4.0,3.0
21,60,2.5238095238095237,5,3.5625,3.1666666666666665
28,93,3.857142857142857,7,4.823529411764706,3.4166666666666665
19,29,3.9473684210526314,6,4.5,1.588235294117647
23,44,3.0434782608695654,5,3.2857142857142856,1.2777777777777777
27,86,3.074074074074074,5,5.857142857142857,3.5652173913043477
20,63,2.65,5,4.285714285714286,3.5294117647058822
19,29,3.9473684210526314,6,4.5,1.588235294117647
27,117,3.5925925925925926,7,5.294117647058823,4.090909090909091
26,82,3.269230769230769,5,5.2,3.5454545454545454
16,24,2.125,5,2.5714285714285716,1.6363636363636365
17,32,2.0588235294117645,5,2.857142857142857,1.8181818181818181
23,69,3.4782608695652173,6,5.166666666666667,3.263157894736842
22,70,2.6363636363636362,5,3.5294117647058822,3.1578947368421053
29,92,3.793103448275862,7,4.588235294117647,3.12
21,34,3.0476190476190474,5,4.428571428571429,1.631578947368421
19,54,3.789473684210526,7,4.25,3.1875
28,91,3.2142857142857144,6,5.375,3.5833333333333335
24,88,3.25,6,3.888888888888889,3.5
19,29,3.9473684210526314,6,4.5,1.588235294117647
22,76,2.8181818181818183,5,4.8,3.789473684210526
25,69,3.72,7,4.642857142857143,3.0952380952380953
16,21,1.625,3,3.3333333333333335,1.4285714285714286
23,83,3.347826086956522,7,4.444444444444445,4.0
24,86,3.0,6,4.166666666666667,3.75
18,44,2.611111111111111,5,3.076923076923077,2.857142857142857
28,102,3.9285714285714284,7,5.666666666666667,3.5416666666666665
19,29,3.9473684210526314,6,4.5,1.588235294117647
25,106,3.72,7,5.5,4.714285714285714
23,59,3.652173913043478,6,4.583333333333333,2.75
27,77,3.2222222222222223,5,4.5625,3.1739130434782608
23,76,2.9130434782608696,6,3.8125,3.210526315789474
29,110,4.206896551724138,8,5.352941176470588,3.64
19,29,3.9473684210526314,6,4.5,1.588235294117647
23,43,3.0434782608695654,5,3.6666666666666665,1.2222222222222223
27,88,3.074074074074074,5,5.533333333333333,3.608695652173913
24,79,2.7916666666666665,5,3.8125,3.05
19,29,3.9473684210526314,6,4.5,1.588235294117647
25,92,3.44,6,5.533333333333333,3.772727272727273
23,62,3.608695652173913,6,3.8666666666666667,2.9
24,81,2.875,5,4.933333333333334,3.7
20,61,2.6,5,4.142857142857143,3.411764705882353
23,64,3.4782608695652173,7,3.8461538461538463,2.5
19,29,3.9473684210526314,6,4.5,1.588235294117647
24,86,2.7916666666666665,5,4.882352941176471,3.9523809523809526
23,57,2.739130434782609,6,3.888888888888889,2.3333333333333335
25,84,2.68,5,5.0,3.8095238095238093
20,30,4.05,6,4.666666666666667,1.5555555555555556
20,63,4.2,8,3.8125,3.388888888888889
27,93,2.962962962962963,5,5.866666666666666,3.8260869565217392
26,97,3.3076923076923075,6,4.588235294117647,3.5454545454545454
20,47,2.8,5,3.5833333333333335,2.6875
20,30,4.05,6,4.666666666666667,1.5555555555555556
26,101,3.4615384615384617,7,4.6875,3.5714285714285716
24,61,3.8333333333333335,6,4.384615384615385,2.7142857142857144
21,66,2.7142857142857144,5,3.875,3.4444444444444446
23,76,2.782608695652174,5,4.666666666666667,3.6842105263157894
20,29,2.55,4,3.857142857142857,1.5
26,67,3.730769230769231,7,4.076923076923077,2.3043478260869565
20,29,1.9,4,3.25,1.4444444444444444
25,92,3.0,6,5.0,4.0476190476190474
21,70,2.761904761904762,5,4.4,3.6666666666666665
24,63,3.25,6,4.214285714285714,2.95
16,25,1.875,4,2.6,1.625
16,31,2.6875,5,3.142857142857143,1.6923076923076923
16,36,2.4375,4,2.75,2.5384615384615383
20,41,3.15,5,3.3636363636363638,2.3125
25,63,3.44,6,3.588235294117647,2.652173913043478
17,40,2.588235294117647,5,2.769230769230769,2.769230769230769
19,54,2.6315789473684212,5,3.2142857142857144,3.0
16,33,2.8125,5,2.6363636363636362,2.4166666666666665
19,29,3.9473684210526314,6,4.5,1.588235294117647
22,53,2.5454545454545454,6,4.428571428571429,2.2142857142857144
25,81,3.72,7,4.277777777777778,3.5
22,57,2.6818181818181817,5,3.272727272727273,2.0
19,29,4.052631578947368,6,4.5,1.588235294117647
17,29,2.5294117647058822,6,2.7142857142857144,1.5833333333333333
25,85,3.36,6,4.052631578947368,3.6666666666666665
20,44,2.75,4,4.0,2.5
15,33,2.3333333333333335,4,2.6363636363636362,2.4166666666666665
17,26,3.823529411764706,6,4.0,1.6
27,87,3.2962962962962963,5,6.3076923076923075,3.5652173913043477
22,74,2.8181818181818183,5,4.375,3.6842105263157894
24,57,3.5833333333333335,7,3.909090909090909,2.15
19,29,3.9473684210526314,6,4.5,1.588235294117647
20,62,2.95,5,4.461538461538462,3.411764705882353
22,58,2.6363636363636362,6,4.222222222222222,2.7142857142857144
28,102,3.357142857142857,6,6.466666666666667,4.041666666666667
24,92,3.3333333333333335,6,4.625,3.7
24,72,2.625,5,4.1875,3.35
19,29,4.052631578947368,6,4.5,1.588235294117647
22,79,2.6818181818181817,5,5.0,3.9473684210526314
22,61,2.8181818181818183,6,3.9,2.6
26,88,2.730769230769231,5,5.1875,3.772727272727273
21,62,2.857142857142857,5,3.25,3.0588235294117645
19,29,4.052631578947368,6,4.5,1.588235294117647
22,63,2.8636363636363638,6,5.125,2.7333333333333334
28,109,3.7857142857142856,7,5.421052631578948,4.291666666666667
25,70,3.36,6,5.0,3.0952380952380953
19,55,2.6315789473684212,5,3.6666666666666665,2.933333333333333
18,47,2.5555555555555554,5,2.8,3.0
20,32,3.95,6,5.0,1.6666666666666667
30,171,4.333333333333333,8,7.318181818181818,6.1923076923076925
25,99,2.96,6,4.944444444444445,4.238095238095238
29,101,3.7241379310344827,6,4.388888888888889,3.16
19,32,3.1052631578947367,5,4.666666666666667,1.6470588235294117
21,70,3.6666666666666665,7,4.1875,3.7222222222222223
29,110,3.5172413793103448,6,6.117647058823529,4.16
18,31,3.5555555555555554,5,5.2,1.625
24,74,2.8333333333333335,5,4.117647058823529,3.5
21,45,3.4285714285714284,5,4.777777777777778,2.263157894736842
20,28,1.4,2,6.5,1.625
22,31,1.4090909090909092,2,6.5,1.4444444444444444
16,38,3.0625,6,3.5,2.6923076923076925
17,58,4.0,8,4.3076923076923075,3.7333333333333334
22,74,3.272727272727273,6,5.416666666666667,3.611111111111111
19,56,3.5789473684210527,6,3.6923076923076925,2.823529411764706
18,64,4.0,8,4.428571428571429,3.875
24,80,2.6666666666666665,6,4.538461538461538,3.2777777777777777
22,36,1.3181818181818181,2,7.0,2.0
20,48,2.1,4,3.875,2.5833333333333335
21,68,4.0476190476190474,8,4.125,3.473684210526316
23,44,2.217391304347826,4,5.4,2.076923076923077
18,32,2.0555555555555554,3,5.75,1.6428571428571428
19,54,3.1578947368421053,6,3.9166666666666665,2.9375
28,73,3.3214285714285716,6,4.714285714285714,2.75
25,83,3.52,6,4.5,3.0
20,33,4.05,6,5.166666666666667,1.7222222222222223
25,106,3.76,7,5.444444444444445,4.666666666666667
26,94,3.3076923076923075,6,5.235294117647059,4.045454545454546
23,88,3.0434782608695654,6,4.5,3.789473684210526
27,83,3.925925925925926,7,5.0,3.0434782608695654
20,32,4.05,6,5.0,1.6666666666666667
18,40,2.9444444444444446,5,4.25,2.4285714285714284
29,102,3.689655172413793,7,5.705882352941177,3.88
24,58,2.2083333333333335,5,3.1818181818181817,2.0588235294117645
19,30,3.9473684210526314,6,4.666666666666667,1.6470588235294117
24,73,2.625,4,7.285714285714286,3.0
29,113,3.4482758620689653,6,5.684210526315789,4.32
25,90,3.28,6,4.176470588235294,3.380952380952381
25,74,2.84,6,4.4,3.0
22,54,3.0,5,3.5714285714285716,2.7777777777777777
22,63,2.6363636363636362,5,3.6,2.8421052631578947
23,70,3.5652173913043477,7,3.8,2.85
20,30,4.05,6,4.666666666666667,1.5555555555555556
21,50,2.4761904761904763,4,4.875,2.2941176470588234
30,131,4.366666666666666,8,5.636363636363637,4.769230769230769
21,67,2.5714285714285716,5,3.9375,3.5
19,29,3.9473684210526314,6,4.5,1.588235294117647
25,56,3.04,5,5.2,2.4761904761904763
28,104,3.4285714285714284,7,5.277777777777778,3.9583333333333335
24,79,3.4166666666666665,6,4.133333333333334,2.8181818181818183
23,64,3.5217391304347827,6,4.0,3.0
20,60,2.75,5,3.642857142857143,3.0
17,40,2.588235294117647,5,2.769230769230769,2.769230769230769
22,64,2.6818181818181817,5,3.1176470588235294,2.789473684210526
19,29,3.9473684210526314,6,4.5,1.588235294117647
23,74,2.5217391304347827,4,4.666666666666667,3.5
29,100,3.3448275862068964,6,5.0,3.8
19,29,3.9473684210526314,6,4.5,1.588235294117647
20,62,3.7,7,4.538461538461538,3.4705882352941178
28,111,3.75,7,5.944444444444445,4.458333333333333
25,85,2.88,5,4.352941176470588,3.5238095238095237
25,79,2.88,5,4.5,3.4285714285714284
22,50,3.4545454545454546,6,4.4,2.4444444444444446
18,22,1.3888888888888888,2,5.0,1.4285714285714286
21,24,1.3333333333333333,2,4.5,1.2857142857142858
14,25,3.357142857142857,5,3.8333333333333335,1.9166666666666667
22,52,2.3636363636363638,4,5.142857142857143,2.4
22,80,3.4545454545454546,5,5.583333333333333,3.526315789473684
22,72,3.3636363636363638,7,4.333333333333333,3.0588235294117645
23,63,2.391304347826087,4,3.066666666666667,2.5555555555555554
21,72,3.3333333333333335,6,5.181818181818182,3.3529411764705883
21,70,3.9523809523809526,7,3.2941176470588234,2.9473684210526314
23,42,1.9130434782608696,4,3.6666666666666665,1.6923076923076923
24,98,4.083333333333333,8,5.166666666666667,4.428571428571429
23,37,1.826086956521739,4,4.75,1.9
18,29,1.9444444444444444,3,5.0,1.5384615384615385
21,59,4.333333333333333,8,4.071428571428571,3.0
22,55,2.590909090909091,6,3.3,2.2
25,74,3.04,5,3.7058823529411766,3.0
24,73,3.2083333333333335,6,4.636363636363637,2.6842105263157894
20,30,4.05,6,4.666666666666667,1.5555555555555556
27,104,2.962962962962963,6,5.882352941176471,4.166666666666667
21,52,2.619047619047619,6,3.875,2.2142857142857144
27,90,2.962962962962963,5,5.666666666666667,3.6956521739130435
20,32,2.05,4,3.2,1.6
18,27,3.9444444444444446,6,4.166666666666667,1.5625
26,121,3.730769230769231,8,4.85,4.409090909090909
26,86,3.076923076923077,6,5.4,3.6818181818181817
21,60,2.7142857142857144,5,3.7333333333333334,3.111111111111111
26,81,3.6538461538461537,6,5.428571428571429,3.4545454545454546
24,83,2.7916666666666665,5,5.066666666666666,3.8
18,27,3.9444444444444446,6,4.166666666666667,1.5625
22,57,2.8181818181818183,6,4.375,2.3333333333333335
28,105,3.5357142857142856,7,5.2105263157894735,4.125
21,72,3.0,5,4.066666666666666,3.388888888888889
17,40,2.5294117647058822,5,2.6923076923076925,2.6923076923076925
19,28,4.052631578947368,6,4.333333333333333,1.5294117647058822
26,67,3.6923076923076925,6,5.636363636363637,2.8181818181818183
17,22,1.4705882352941178,2,4.5,1.125
21,56,3.5238095238095237,6,4.0,2.888888888888889
20,53,2.85,5,4.0,3.0
16,27,1.75,4,2.2,1.5714285714285714
25,60,3.64,6,4.3076923076923075,2.6666666666666665
18,28,2.111111111111111,4,3.0,1.5
20,70,3.75,7,4.785714285714286,3.9411764705882355
25,80,3.0,5,5.6923076923076925,3.5238095238095237
22,77,2.9545454545454546,5,4.125,3.473684210526316
17,36,2.6470588235294117,5,2.5833333333333335,2.3846153846153846
30,105,3.7,6,5.0625,3.1153846153846154
19,29,3.9473684210526314,6,4.5,1.588235294117647
26,134,3.8076923076923075,7,5.904761904761905,5.636363636363637
26,91,3.230769230769231,5,5.375,3.909090909090909
24,88,3.2083333333333335,6,4.176470588235294,3.55
23,92,3.4782608695652173,7,4.75,4.0
21,57,3.380952380952381,6,4.076923076923077,2.9444444444444446
19,48,2.8947368421052633,5,3.6,2.1176470588235294
30,117,3.9,7,4.894736842105263,3.576923076923077
19,29,3.9473684210526314,6,4.5,1.588235294117647
25,116,3.84,7,5.8125,4.428571428571429
25,79,2.72,5,4.866666666666666,3.4761904761904763
21,65,2.5238095238095237,5,4.0,3.5294117647058822
26,93,3.6538461538461537,6,5.857142857142857,3.727272727272727
24,82,2.875,5,4.625,3.7
21,34,3.9523809523809526,6,5.333333333333333,1.6842105263157894
26,70,3.9615384615384617,6,5.416666666666667,2.8260869565217392
22,69,4.045454545454546,7,3.5625,2.85
25,84,2.88,5,4.875,3.7142857142857144
22,64,3.227272727272727,6,3.2941176470588234,3.111111111111111
25,70,3.76,7,4.833333333333333,2.761904761904762
18,25,1.3333333333333333,2,4.5,1.5
21,28,1.2380952380952381,2,3.5,1.4
21,58,4.0,8,3.9285714285714284,3.0555555555555554
21,87,3.857142857142857,8,4.823529411764706,4.555555555555555
26,112,4.0,7,6.333333333333333,4.130434782608695
21,81,4.333333333333333,8,4.1875,3.526315789473684
20,34,1.6,3,5.0,1.8181818181818181
27,115,3.7037037037037037,7,5.25,4.565217391304348
25,80,3.92,7,4.470588235294118,3.619047619047619
25,78,3.68,6,4.625,3.5238095238095237
20,59,3.05,5,3.7857142857142856,3.1176470588235294
27,84,3.6296296296296298,6,4.933333333333334,3.217391304347826
25,82,2.72,5,4.75,3.619047619047619
20,32,4.05,6,5.0,1.6666666666666667
23,70,2.739130434782609,5,4.833333333333333,3.411764705882353
28,134,3.7857142857142856,7,6.473684210526316,5.125
23,61,3.652173913043478,6,3.8666666666666667,2.9
17,28,2.0588235294117645,4,2.8,1.5555555555555556
18,48,2.4444444444444446,5,2.933333333333333,3.142857142857143
22,58,3.5454545454545454,6,4.0,2.526315789473684
20,38,2.95,5,4.0,1.7777777777777777
22,54,4.136363636363637,7,4.7272727272727275,2.6
20,31,2.05,4,3.0,1.5
23,81,2.8260869565217392,6,3.888888888888889,3.5
19,30,3.9473684210526314,6,4.666666666666667,1.6470588235294117
26,132,3.8461538461538463,8,6.055555555555555,4.954545454545454
28,76,3.142857142857143,5,5.538461538461538,3.0
21,64,2.619047619047619,5,4.066666666666666,3.388888888888889
19,29,3.9473684210526314,6,4.5,1.588235294117647
17,42,3.411764705882353,6,4.333333333333333,2.7857142857142856
29,98,3.5172413793103448,6,5.529411764705882,3.76
23,64,3.4782608695652173,6,4.0,3.0
18,29,2.0,4,3.0,1.6666666666666667
17,30,3.3529411764705883,6,3.3333333333333335,1.4285714285714286
21,53,3.2857142857142856,6,4.083333333333333,2.7222222222222223
20,31,4.05,6,4.833333333333333,1.6111111111111112
22,70,2.5,4,4.785714285714286,3.526315789473684
24,73,3.9583333333333335,7,4.928571428571429,3.2857142857142856
23,84,3.217391304347826,7,4.05,4.05
20,56,2.55,5,3.466666666666667,3.25
19,29,3.9473684210526314,6,4.5,1.588235294117647
22,54,2.5454545454545454,6,4.0,2.2857142857142856
28,109,3.0714285714285716,5,5.526315789473684,4.375
25,92,3.16,6,4.294117647058823,3.4761904761904763
20,30,4.05,6,4.666666666666667,1.5555555555555556
26,116,3.8076923076923075,7,6.055555555555555,4.954545454545454
26,85,3.3076923076923075,5,5.4,3.6818181818181817
25,90,2.88,6,4.555555555555555,3.9047619047619047
21,64,2.5714285714285716,5,4.066666666666666,3.388888888888889
22,67,2.5454545454545454,5,3.9375,3.5
22,78,3.1818181818181817,6,4.571428571428571,3.5555555555555554
23,68,3.4782608695652173,6,5.0,3.1578947368421053
24,81,2.875,5,4.933333333333334,3.7
20,30,4.05,6,4.666666666666667,1.5555555555555556
28,111,3.642857142857143,7,5.1875,3.608695652173913
28,90,3.1785714285714284,5,6.071428571428571,3.5416666666666665
25,79,3.0,5,4.625,3.5238095238095237
20,62,2.95,5,3.7857142857142856,3.1176470588235294
24,60,3.5833333333333335,6,4.416666666666667,2.65
17,21,1.2941176470588236,2,4.5,1.8
21,25,1.3333333333333333,2,5.0,1.4285714285714286
21,63,3.4761904761904763,6,4.285714285714286,3.3333333333333335
22,79,4.181818181818182,8,4.176470588235294,3.736842105263158
18,61,4.0,8,4.538461538461538,3.6875
20,38,1.8,4,3.5,2.3333333333333335
23,44,1.9130434782608696,4,4.0,1.8461538461538463
24,98,4.083333333333333,8,5.222222222222222,4.476190476190476
23,36,1.826086956521739,4,4.75,1.9
19,27,2.0,3,5.0,1.4285714285714286
21,74,3.7142857142857144,7,4.733333333333333,3.9444444444444446
23,71,3.608695652173913,7,3.769230769230769,2.5789473684210527
24,71,3.7083333333333335,7,4.785714285714286,3.1904761904761907
24,88,3.125,6,4.5,3.6
22,70,3.090909090909091,6,3.5294117647058822,3.3333333333333335
19,29,3.9473684210526314,6,4.5,1.588235294117647
26,113,3.769230769230769,7,5.526315789473684,4.7727272727272725
21,62,3.5238095238095237,7,3.7857142857142856,2.789473684210526
28,96,3.3214285714285716,6,6.133333333333334,3.8333333333333335
24,73,2.5833333333333335,5,4.3125,3.45
20,61,2.6,5,4.071428571428571,3.3529411764705883
20,30,4.05,6,4.666666666666667,1.5555555555555556
19,53,3.3684210526315788,6,4.5,3.0
26,90,3.3846153846153846,6,5.0588235294117645,3.909090909090909
21,57,3.4761904761904763,6,4.076923076923077,2.9444444444444446
16,24,1.8125,4,2.5,1.4285714285714286
16,25,2.4375,4,5.333333333333333,1.3333333333333333
21,56,3.238095238095238,6,3.923076923076923,3.0
20,30,4.05,6,4.666666666666667,1.5555555555555556
21,58,2.7142857142857144,5,4.777777777777778,2.8666666666666667
27,113,3.7777777777777777,7,5.8,3.782608695652174
21,53,3.5238095238095237,6,3.769230769230769,2.7222222222222223
17,22,1.5294117647058822,3,4.0,1.0
17,42,2.4705882352941178,5,2.923076923076923,2.7142857142857144
18,32,2.888888888888889,5,3.111111111111111,2.0
19,47,2.5789473684210527,5,4.0,2.6666666666666665
16,34,2.5,5,2.3076923076923075,2.5
19,29,3.9473684210526314,6,4.5,1.588235294117647
22,52,2.5454545454545454,6,4.285714285714286,2.142857142857143
27,99,3.7037037037037037,7,5.166666666666667,4.043478260869565
21,55,2.9047619047619047,5,3.0,2.210526315789474
19,29,4.052631578947368,6,4.5,1.588235294117647
21,76,3.0,6,4.733333333333333,4.176470588235294
29,103,3.413793103448276,6,5.764705882352941,3.92
20,30,4.05,6,4.666666666666667,1.5555555555555556
23,75,3.217391304347826,7,4.615384615384615,3.0
27,103,3.7037037037037037,6,4.588235294117647,3.391304347826087
23,66,3.0434782608695654,5,4.357142857142857,3.210526315789474
22,71,2.772727272727273,5,3.111111111111111,2.9473684210526314
16,35,2.5,5,2.5,2.5
19,28,4.052631578947368,6,4.333333333333333,1.5294117647058822
27,91,3.2962962962962963,5,5.733333333333333,3.739130434782609
22,75,2.909090909090909,6,4.4375,3.736842105263158
20,43,3.35,5,4.625,2.0555555555555554
17,21,1.2941176470588236,2,4.0,1.6
21,25,1.2380952380952381,2,3.5,1.4
21,65,3.4285714285714284,6,5.0,3.5294117647058822
19,62,4.052631578947368,8,4.142857142857143,3.411764705882353
17,45,3.3529411764705883,7,3.3636363636363638,2.8461538461538463
23,98,3.4347826086956523,5,6.833333333333333,4.1
23,49,1.826086956521739,4,3.2222222222222223,2.4166666666666665
24,79,2.875,6,4.285714285714286,3.5294117647058822
26,110,3.9615384615384617,6,6.2,4.043478260869565
25,107,4.2,8,5.2105263157894735,4.5
25,43,1.88,4,4.5,1.6363636363636365
18,32,2.5,4,5.5,1.5714285714285714
21,85,3.761904761904762,7,5.125,4.555555555555555
23,77,3.869565217391304,8,4.230769230769231,2.75
27,88,2.740740740740741,5,5.125,3.5652173913043477
19,33,3.8421052631578947,6,5.0,1.7647058823529411
28,158,4.142857142857143,8,6.434782608695652,6.166666666666667
24,80,3.8333333333333335,7,4.071428571428571,2.7142857142857144
24,81,3.625,6,4.6875,3.5714285714285716
23,95,3.5652173913043477,7,4.105263157894737,4.105263157894737
21,73,3.4761904761904763,7,3.8125,3.588235294117647
22,64,3.5454545454545454,6,4.357142857142857,3.210526315789474
23,78,2.8260869565217392,6,4.166666666666667,3.75
18,30,3.9444444444444446,6,4.666666666666667,1.75
23,87,3.9130434782608696,8,4.611111111111111,4.15
27,109,3.6296296296296298,7,6.117647058823529,4.521739130434782
28,118,3.6785714285714284,7,5.333333333333333,4.666666666666667
19,33,3.9473684210526314,6,5.166666666666667,1.8235294117647058
26,138,3.8076923076923075,8,5.947368421052632,5.136363636363637
27,92,3.111111111111111,5,5.8,3.782608695652174
24,73,3.0416666666666665,5,5.230769230769231,3.4
24,75,3.375,7,3.789473684210526,3.4285714285714284
27,92,3.6666666666666665,6,5.5,3.347826086956522
22,69,2.6363636363636362,5,3.6875,3.1052631578947367
20,32,4.05,6,5.0,1.6666666666666667
24,74,2.4583333333333335,5,5.777777777777778,3.466666666666667
28,91,3.4285714285714284,6,6.615384615384615,3.5833333333333335
23,83,3.3043478260869565,6,3.9411764705882355,3.526315789473684
20,31,4.05,6,4.833333333333333,1.6111111111111112
22,56,2.8181818181818183,6,4.111111111111111,2.466666666666667
28,103,3.4642857142857144,6,4.95,4.125
21,67,3.0,5,3.8666666666666667,3.2222222222222223
20,32,4.05,6,5.0,1.6666666666666667
22,78,2.6818181818181817,5,5.285714285714286,3.8947368421052633
22,52,2.5454545454545454,6,4.0,2.2857142857142856
27,92,3.3703703703703702,6,4.631578947368421,3.8260869565217392
24,76,2.8333333333333335,5,4.25,3.4
20,31,4.05,6,4.833333333333333,1.6111111111111112
24,46,1.375,2,7.333333333333333,2.4444444444444446
23,57,3.6956521739130435,6,4.076923076923077,2.65
22,56,2.8636363636363638,5,3.466666666666667,2.888888888888889
20,30,4.05,6,4.666666666666667,1.5555555555555556
28,94,3.5714285714285716,6,5.294117647058823,3.75
20,30,1.6,4,2.75,1.5714285714285714
19,29,3.9473684210526314,6,4.5,1.588235294117647
16,35,2.75,5,4.0,2.5454545454545454
24,67,4.0,7,4.2,3.0
22,74,2.6818181818181817,5,3.588235294117647,3.210526315789474
28,115,3.75,7,5.142857142857143,4.5
21,56,3.4285714285714284,6,4.0,2.888888888888889
23,55,3.4347826086956523,6,4.2727272727272725,2.473684210526316
18,23,1.3333333333333333,2,5.5,1.8333333333333333
21,26,1.2857142857142858,2,5.5,1.8333333333333333
21,62,3.4285714285714284,6,4.214285714285714,3.2777777777777777
22,84,4.181818181818182,8,4.733333333333333,3.736842105263158
18,61,4.0,8,4.538461538461538,3.6875
19,35,1.6842105263157894,4,3.1666666666666665,2.375
23,44,2.0434782608695654,5,3.4285714285714284,1.8461538461538463
23,88,4.173913043478261,8,5.0,4.25
23,39,1.826086956521739,4,4.4,2.2
20,30,1.95,3,5.5,1.5714285714285714
21,71,3.6666666666666665,7,4.857142857142857,3.7777777777777777
24,70,3.125,6,3.6153846153846154,2.35
27,102,3.6296296296296298,7,4.85,4.217391304347826
28,127,3.892857142857143,7,5.523809523809524,4.833333333333333
27,93,3.740740740740741,6,5.066666666666666,3.3043478260869565
22,77,3.5,7,4.066666666666666,3.388888888888889
21,65,2.619047619047619,5,3.8125,3.388888888888889
20,30,4.05,6,4.666666666666667,1.5555555555555556
25,62,3.84,6,4.833333333333333,2.6363636363636362
19,29,3.9473684210526314,6,4.5,1.588235294117647
22,69,2.8181818181818183,5,4.642857142857143,3.4210526315789473
24,63,3.9583333333333335,7,4.214285714285714,2.8095238095238093
26,96,3.230769230769231,6,4.333333333333333,3.5454545454545454
23,74,2.869565217391304,6,3.764705882352941,3.3684210526315788
20,30,4.05,6,4.666666666666667,1.5555555555555556
24,64,2.25,4,5.714285714285714,2.857142857142857
28,99,3.2857142857142856,6,5.588235294117647,3.9583333333333335
24,91,3.25,7,4.411764705882353,3.75
23,72,2.869565217391304,6,3.6470588235294117,3.263157894736842
22,62,3.227272727272727,6,3.8,3.1666666666666665
18,42,3.388888888888889,6,3.1818181818181817,2.1875
23,57,3.391304347826087,6,3.727272727272727,2.1578947368421053
20,30,4.05,6,4.666666666666667,1.5555555555555556
22,59,2.8181818181818183,6,3.9,2.6
25,90,3.44,7,4.722222222222222,4.0476190476190474
22,63,2.590909090909091,5,3.1538461538461537,2.5625
22,60,2.6818181818181817,5,3.0714285714285716,2.263157894736842
20,30,4.05,6,4.666666666666667,1.5555555555555556
22,74,2.6363636363636362,5,4.666666666666667,3.6842105263157894
22,54,2.590909090909091,6,4.0,2.2857142857142856
27,92,2.814814814814815,5,5.117647058823529,3.782608695652174
23,68,2.652173913043478,5,3.9375,3.3157894736842106
19,28,4.052631578947368,6,4.333333333333333,1.5294117647058822
21,70,2.7142857142857144,5,4.714285714285714,3.6666666666666665
23,52,2.4782608695652173,6,3.625,2.0714285714285716
24,69,3.5833333333333335,6,4.333333333333333,3.0952380952380953
21,68,2.761904761904762,5,4.571428571428571,3.5555555555555554
19,28,4.052631578947368,6,4.333333333333333,1.5294117647058822
21,72,2.7142857142857144,5,4.857142857142857,3.7777777777777777
29,100,3.3793103448275863,6,5.0,3.8
19,28,4.052631578947368,6,4.333333333333333,1.5294117647058822
24,40,1.375,2,5.333333333333333,1.7777777777777777
27,107,3.7777777777777777,7,5.125,3.5652173913043477
24,69,3.0416666666666665,5,4.333333333333333,3.25
18,31,2.2222222222222223,4,3.2,1.4545454545454546
23,66,2.9565217391304346,5,4.5,3.15
26,70,3.3461538461538463,6,4.3076923076923075,2.5454545454545454
17,22,1.2941176470588236,2,4.5,1.8
20,54,3.9,7,4.363636363636363,2.6666666666666665
26,90,2.8076923076923075,5,4.666666666666667,3.8181818181818183
23,89,3.5217391304347827,7,4.5625,3.8421052631578947
23,70,2.6956521739130435,5,4.266666666666667,3.3684210526315788
18,31,2.611111111111111,4,3.5,1.5
15,18,1.6,3,3.0,1.5
26,81,3.0384615384615383,5,5.357142857142857,3.409090909090909
21,72,3.0,5,4.133333333333334,3.4444444444444446
20,54,2.65,5,3.2,3.0
21,65,2.619047619047619,5,4.0,3.2941176470588234
18,27,3.9444444444444446,6,4.166666666666667,1.5625
21,67,3.1904761904761907,6,4.666666666666667,3.5
25,67,3.92,6,5.636363636363637,2.8181818181818183
23,77,4.086956521739131,8,4.625,3.7
22,62,2.727272727272727,5,3.8666666666666667,3.0526315789473686
23,71,3.0869565217391304,5,4.4,3.473684210526316
19,51,2.5789473684210527,5,3.8181818181818183,2.8
18,50,2.6666666666666665,5,3.5384615384615383,3.066666666666667
23,62,3.347826086956522,6,3.8,3.0
26,63,3.6923076923076925,7,4.363636363636363,2.1818181818181817
20,32,4.05,6,5.0,1.6666666666666667
25,135,3.8,7,6.0476190476190474,6.0476190476190474
28,89,3.142857142857143,6,6.3076923076923075,3.4166666666666665
20,63,2.6,5,3.933333333333333,3.4705882352941178
21,34,4.0476190476190474,6,5.333333333333333,1.6842105263157894
25,102,3.56,7,4.85,4.619047619047619
27,115,3.6296296296296298,7,5.7368421052631575,4.739130434782608
27,150,4.074074074074074,8,6.0,6.0
21,79,3.3333333333333335,7,3.9375,3.7058823529411766
18,28,3.5555555555555554,5,5.2,1.625
25,89,3.04,6,5.3125,4.0476190476190474
18,31,3.9444444444444446,6,4.833333333333333,1.8125
24,70,3.3333333333333335,6,3.5714285714285716,2.5
27,88,3.074074074074074,5,5.6,3.652173913043478
19,33,3.5789473684210527,5,5.8,1.7058823529411764
26,139,3.8461538461538463,8,5.428571428571429,5.181818181818182
26,85,3.230769230769231,5,5.0625,3.6818181818181817
20,37,2.35,4,4.0,1.5384615384615385
25,83,3.12,7,4.0,3.6363636363636362
19,31,3.9473684210526314,6,4.833333333333333,1.7058823529411764
23,79,2.782608695652174,5,5.066666666666666,3.8
29,102,3.310344827586207,6,5.388888888888889,3.88
19,31,3.9473684210526314,6,4.833333333333333,1.7058823529411764
15,22,1.8666666666666667,3,2.75,1.375
27,87,3.074074074074074,5,5.857142857142857,3.5652173913043477
26,106,3.4615384615384617,7,4.684210526315789,4.045454545454546
25,79,3.64,6,4.625,3.5238095238095237
24,83,3.625,7,4.222222222222222,3.8
18,56,2.7222222222222223,5,3.6666666666666665,3.142857142857143
20,30,4.05,6,4.666666666666667,1.5555555555555556
15,35,2.8666666666666667,5,4.142857142857143,2.6363636363636362
28,76,3.2142857142857144,5,5.538461538461538,3.0
22,77,2.9545454545454546,6,4.294117647058823,3.8421052631578947
26,91,3.0384615384615383,5,4.777777777777778,3.909090909090909
22,74,3.3636363636363638,6,4.066666666666666,3.388888888888889
25,82,3.56,6,5.285714285714286,3.5238095238095237
23,75,2.782608695652174,5,4.6,3.6315789473684212
20,30,4.05,6,4.666666666666667,1.5555555555555556
22,52,2.5454545454545454,6,4.125,2.357142857142857
26,94,4.0,7,4.684210526315789,3.869565217391304
25,91,2.96,6,4.35,3.9545454545454546
28,89,3.7142857142857144,7,4.529411764705882,3.2083333333333335
19,31,2.4210526315789473,4,4.0,1.6470588235294117
21,55,4.0476190476190474,7,4.076923076923077,2.789473684210526
21,32,1.7142857142857142,4,3.0,1.5
23,77,2.8260869565217392,6,3.611111111111111,3.25
19,29,3.9473684210526314,6,4.5,1.588235294117647
17,46,3.823529411764706,7,3.6666666666666665,2.933333333333333
27,97,4.518518518518518,8,5.470588235294118,3.875
26,106,3.3076923076923075,6,4.421052631578948,3.8181818181818183
20,60,2.6,5,3.8,3.3529411764705883
20,55,2.55,5,3.642857142857143,3.1875
23,81,3.5217391304347827,7,4.1875,3.526315789473684
26,78,3.6538461538461537,6,5.285714285714286,3.3636363636363638
24,80,2.875,5,4.8,3.6
19,29,3.9473684210526314,6,4.5,1.588235294117647
24,47,1.4166666666666667,2,7.666666666666667,2.3
24,59,3.8333333333333335,6,4.230769230769231,2.619047619047619
16,21,1.5,2,4.5,1.125
17,22,1.4705882352941178,2,4.5,1.125
20,53,2.6,5,3.5,3.0625
22,72,3.1818181818181817,6,4.357142857142857,3.388888888888889
19,29,3.9473684210526314,6,4.5,1.588235294117647
21,50,3.5238095238095237,7,4.0,2.1052631578947367
27,86,4.037037037037037,7,4.555555555555555,3.4166666666666665
24,87,3.0416666666666665,6,4.411764705882353,3.75
19,29,3.9473684210526314,6,4.5,1.588235294117647
23,42,2.869565217391304,5,3.6666666666666665,1.2941176470588236
28,96,3.8214285714285716,6,5.6875,3.7916666666666665
19,54,2.4210526315789473,4,3.642857142857143,3.1875
20,30,4.05,6,4.666666666666667,1.5555555555555556
15,20,1.5333333333333334,3,4.0,1.3333333333333333
27,83,3.074074074074074,5,6.0,3.391304347826087
20,64,2.95,5,3.9285714285714284,3.235294117647059
17,37,2.6470588235294117,5,2.75,2.5384615384615383
20,30,4.05,6,4.666666666666667,1.5555555555555556
25,79,3.16,6,4.5,2.7
28,96,3.1785714285714284,5,4.6,2.875
27,87,3.7777777777777777,6,5.125,3.5652173913043477
20,66,2.95,5,4.071428571428571,3.3529411764705883
20,30,4.05,6,4.666666666666667,1.5555555555555556
26,124,3.8076923076923075,7,5.85,5.318181818181818
23,49,2.130434782608696,4,3.7142857142857144,1.8571428571428572
26,82,2.730769230769231,5,4.875,3.5454545454545454
22,60,3.4545454545454546,6,4.0,2.9473684210526314
16,35,2.4375,4,2.909090909090909,2.4615384615384617
20,51,2.85,5,3.4545454545454546,2.111111111111111
21,44,3.1904761904761907,6,3.6363636363636362,2.3529411764705883
15,29,2.1333333333333333,4,3.2,1.7777777777777777
16,32,2.6875,5,2.9,2.0714285714285716
26,67,3.6538461538461537,6,3.923076923076923,2.3181818181818183
20,34,2.55,4,3.75,1.6666666666666667
21,73,3.6666666666666665,7,4.928571428571429,3.8333333333333335
23,73,3.9130434782608696,8,4.0,2.6
26,84,2.769230769230769,5,4.9375,3.590909090909091
24,93,3.5416666666666665,7,5.0,3.75
23,71,2.652173913043478,5,4.125,3.473684210526316
20,30,4.05,6,4.666666666666667,1.5555555555555556
23,61,4.260869565217392,8,4.166666666666667,2.380952380952381
29,102,3.3448275862068964,6,6.466666666666667,3.88
25,88,3.08,6,4.6,3.2857142857142856
24,74,2.625,5,4.3125,3.45
20,30,4.05,6,4.666666666666667,1.5555555555555556
24,53,3.3333333333333335,6,3.1,1.55
28,92,3.142857142857143,5,5.8,3.625
19,29,1.631578947368421,4,2.75,1.5714285714285714
17,37,2.588235294117647,5,2.6666666666666665,2.4615384615384617
20,30,4.05,6,4.666666666666667,1.5555555555555556
24,79,3.125,7,5.5,3.0555555555555554
27,102,3.7037037037037037,7,5.388888888888889,4.217391304347826
19,30,1.7894736842105263,4,3.0,1.5
17,37,2.588235294117647,5,2.6666666666666665,2.4615384615384617
20,30,4.05,6,4.666666666666667,1.5555555555555556
23,72,2.782608695652174,6,4.3076923076923075,2.9473684210526314
30,150,4.133333333333334,8,6.173913043478261,5.461538461538462
21,60,2.7142857142857144,5,3.7333333333333334,3.111111111111111
20,30,4.05,6,4.666666666666667,1.5555555555555556
21,55,4.0476190476190474,7,3.923076923076923,2.6842105263157894
26,68,2.3846153846153846,5,3.0,2.1
24,69,3.7916666666666665,6,5.0,3.0952380952380953
20,68,2.95,5,4.214285714285714,3.4705882352941178
31,124,4.064516129032258,7,5.666666666666667,3.7777777777777777
19,28,4.052631578947368,6,4.333333333333333,1.5294117647058822
22,90,3.9545454545454546,8,4.666666666666667,4.421052631578948
25,75,3.96,7,4.4375,3.227272727272727
24,89,3.375,7,4.294117647058823,3.65
24,79,4.25,8,5.428571428571429,3.619047619047619
19,51,3.4210526315789473,6,3.6363636363636362,2.3529411764705883
30,113,3.933333333333333,7,4.944444444444445,3.423076923076923
21,33,3.9523809523809526,6,5.166666666666667,1.631578947368421
27,72,4.0,6,4.785714285714286,2.7916666666666665
20,35,2.35,4,3.8,1.5833333333333333
22,79,2.6818181818181817,5,3.9375,3.3157894736842106
20,32,3.95,6,5.0,1.6666666666666667
22,64,3.409090909090909,6,4.230769230769231,2.8947368421052633
26,141,4.0,8,5.666666666666667,5.409090909090909
26,98,2.9615384615384617,5,5.111111111111111,4.181818181818182
19,36,2.0526315789473686,5,2.7142857142857144,1.7272727272727273
27,91,3.2962962962962963,6,5.117647058823529,3.782608695652174
29,117,3.7586206896551726,7,5.65,4.52
25,99,3.64,7,5.176470588235294,4.190476190476191
23,78,3.0869565217391304,6,4.0,3.6
19,31,3.9473684210526314,6,4.833333333333333,1.7058823529411764
21,57,2.619047619047619,5,5.625,2.8125
25,84,2.92,5,4.9375,3.761904761904762
19,30,3.9473684210526314,6,4.666666666666667,1.6470588235294117
23,63,3.130434782608696,6,4.2727272727272725,2.764705882352941
27,99,3.4814814814814814,6,5.277777777777778,4.130434782608695
25,88,3.04,6,5.0,3.8095238095238093
20,31,3.65,5,5.8,1.6111111111111112
22,54,4.090909090909091,8,3.75,2.25
28,109,3.7142857142857144,7,5.526315789473684,4.375
26,123,4.423076923076923,8,5.6,4.869565217391305
23,64,3.0,5,3.75,3.1578947368421053
28,97,3.8214285714285716,7,5.0,3.5416666666666665
21,33,3.0476190476190474,5,4.428571428571429,1.631578947368421
26,87,3.3846153846153846,6,5.214285714285714,3.4761904761904763
22,61,4.136363636363637,7,4.916666666666667,2.95
23,58,3.0869565217391304,6,3.857142857142857,2.8421052631578947
24,66,3.4166666666666665,6,4.416666666666667,2.65
19,29,3.9473684210526314,6,4.5,1.588235294117647
22,60,2.8181818181818183,6,4.166666666666667,2.6315789473684212
25,68,3.08,6,3.764705882352941,3.0476190476190474
19,29,3.9473684210526314,6,4.5,1.588235294117647
16,19,1.375,2,3.5,1.1666666666666667
26,82,3.0384615384615383,5,5.923076923076923,3.5
17,24,1.5294117647058822,3,3.6666666666666665,1.375
24,81,2.6666666666666665,5,4.933333333333334,3.7
22,81,3.6363636363636362,7,5.285714285714286,3.8947368421052633
21,57,4.238095238095238,8,3.769230769230769,2.5789473684210527
29,102,3.3793103448275863,6,5.388888888888889,3.88
30,133,3.933333333333333,7,6.631578947368421,4.846153846153846
19,30,1.9473684210526316,4,3.0,1.3333333333333333
23,74,2.782608695652174,5,4.466666666666667,3.526315789473684
28,90,4.0,7,5.5,3.2083333333333335
27,82,3.5555555555555554,6,5.230769230769231,3.090909090909091
20,30,4.05,6,4.666666666666667,1.5555555555555556
16,30,2.625,5,3.0,1.8461538461538463
25,81,3.28,6,3.8947368421052633,3.5238095238095237
24,60,3.0,5,4.583333333333333,2.75
18,43,2.388888888888889,4,3.25,2.6
22,60,3.0,5,3.6153846153846154,2.35
18,27,3.9444444444444446,6,4.166666666666667,1.5625
24,62,2.7916666666666665,6,3.5454545454545454,2.2941176470588234
28,94,2.892857142857143,5,5.294117647058823,3.75
23,60,3.3043478260869565,6,3.8333333333333335,2.3
19,28,4.052631578947368,6,4.333333333333333,1.5294117647058822
23,57,3.782608695652174,6,4.818181818181818,2.65
23,35,1.9130434782608696,4,4.333333333333333,1.3
23,71,2.8260869565217392,6,3.3125,2.65
19,29,3.9473684210526314,6,4.5,1.588235294117647
25,107,3.8,7,5.555555555555555,4.761904761904762
21,64,4.190476190476191,8,3.9285714285714284,2.8947368421052633
27,87,3.074074074074074,5,6.3076923076923075,3.5652173913043477
25,75,2.76,5,3.2941176470588234,2.6666666666666665
20,58,2.55,5,3.6,3.375
20,30,4.05,6,4.666666666666667,1.5555555555555556
26,115,3.8076923076923075,7,5.684210526315789,4.909090909090909
27,83,3.074074074074074,5,6.5,3.391304347826087
20,30,4.05,6,4.666666666666667,1.5555555555555556
26,107,3.6538461538461537,7,5.533333333333333,3.772727272727273
26,78,3.0384615384615383,5,5.615384615384615,3.3181818181818183
24,95,3.75,7,5.4375,4.35
21,60,2.7142857142857144,5,2.9375,2.611111111111111
28,104,3.857142857142857,7,5.4375,3.625
20,31,2.55,4,4.142857142857143,1.6111111111111112
21,73,3.6666666666666665,7,4.666666666666667,3.888888888888889
23,63,3.4347826086956523,7,3.5,2.3333333333333335
24,69,3.625,7,5.0,3.0952380952380953
22,79,2.772727272727273,6,4.411764705882353,3.9473684210526314
24,76,3.5,6,4.538461538461538,2.95
20,30,4.05,6,4.666666666666667,1.5555555555555556
27,77,4.074074074074074,7,4.5625,3.0416666666666665
25,83,3.12,6,3.6470588235294117,3.1
24,85,3.125,6,4.0588235294117645,3.45
23,88,3.608695652173913,7,4.764705882352941,4.05
25,61,3.88,6,4.75,2.590909090909091
21,75,3.380952380952381,6,4.466666666666667,3.7222222222222223
22,60,3.3181818181818183,6,3.9285714285714284,3.0555555555555554
19,55,3.9473684210526314,7,3.7857142857142856,3.1176470588235294
17,41,2.588235294117647,5,2.769230769230769,2.769230769230769
22,64,2.6363636363636362,5,3.533333333333333,2.789473684210526
29,109,4.0,7,5.4375,3.48
19,29,3.9473684210526314,6,4.5,1.588235294117647
22,74,2.6818181818181817,5,4.666666666666667,3.6842105263157894
22,53,2.590909090909091,6,3.875,2.2142857142857144
25,81,2.68,5,4.75,3.619047619047619
19,28,4.052631578947368,6,4.333333333333333,1.5294117647058822
21,65,2.9047619047619047,6,4.909090909090909,3.375
26,110,3.6923076923076925,6,5.733333333333333,3.909090909090909
24,74,3.0416666666666665,5,4.6,3.45
16,36,2.5,5,2.5833333333333335,2.5833333333333335
19,52,2.5789473684210527,5,3.909090909090909,2.8666666666666667
19,56,2.3684210526315788,4,3.4,3.4
20,30,4.05,6,4.666666666666667,1.5555555555555556
25,118,3.76,7,5.588235294117647,4.523809523809524
26,83,2.923076923076923,5,5.2,3.5454545454545454
21,59,2.7142857142857144,5,3.6666666666666665,3.0555555555555554
19,28,4.052631578947368,6,4.333333333333333,1.5294117647058822
25,75,3.04,7,4.545454545454546,2.7777777777777777
24,72,3.9166666666666665,7,4.25,3.238095238095238
24,87,3.25,7,4.176470588235294,3.55
20,63,3.3,7,3.3125,3.3125
19,28,4.052631578947368,6,4.333333333333333,1.5294117647058822
22,78,2.6818181818181817,5,4.933333333333334,3.8947368421052633
22,55,2.6363636363636362,6,3.6666666666666665,2.2
27,90,2.814814814814815,5,4.722222222222222,3.6956521739130435
19,29,4.052631578947368,6,4.5,1.588235294117647
23,74,3.0869565217391304,7,3.7333333333333334,2.9473684210526314
25,88,3.08,5,5.466666666666667,3.9047619047619047
22,68,2.8636363636363638,5,4.769230769230769,3.4444444444444446
22,60,2.8636363636363638,6,3.8,3.0
27,85,3.5185185185185186,6,4.2,2.625
19,34,3.1052631578947367,5,4.285714285714286,1.7647058823529411
22,69,3.8181818181818183,7,4.266666666666667,3.3684210526315788
20,29,1.75,4,3.0,1.5
23,80,2.782608695652174,5,3.7058823529411766,3.15
25,87,3.68,7,4.642857142857143,3.0952380952380953
21,33,3.9523809523809526,6,5.166666666666667,1.631578947368421
27,71,3.962962962962963,6,5.5,2.75
29,134,3.5172413793103448,7,5.857142857142857,4.92
20,33,3.95,6,5.0,1.6666666666666667
22,75,4.0,8,4.071428571428571,3.0
30,123,3.433333333333333,6,6.444444444444445,4.461538461538462
20,34,3.95,6,5.166666666666667,1.7222222222222223
26,123,3.8461538461538463,7,6.105263157894737,5.2727272727272725
25,89,3.04,6,5.3125,4.0476190476190474
24,58,3.2083333333333335,5,3.857142857142857,2.7
20,44,2.95,6,3.75,2.0
16,33,3.0625,6,3.25,2.1666666666666665
18,46,2.5555555555555554,5,2.8,3.0
27,86,3.7777777777777777,7,4.647058823529412,3.4347826086956523
20,36,2.95,5,4.285714285714286,1.6666666666666667
21,65,3.619047619047619,7,4.428571428571429,3.4444444444444446
22,74,4.2272727272727275,8,4.461538461538462,2.9
25,69,3.04,5,3.7058823529411766,2.8636363636363638
21,33,4.142857142857143,6,5.166666666666667,1.631578947368421
24,78,2.9583333333333335,6,5.8,3.411764705882353
22,62,3.6818181818181817,7,4.461538461538462,3.0526315789473686
24,86,2.8333333333333335,5,4.555555555555555,3.9047619047619047
25,75,3.44,6,4.285714285714286,2.608695652173913
22,59,2.909090909090909,5,3.6666666666666665,3.0555555555555554
23,85,3.3043478260869565,6,4.666666666666667,3.6842105263157894
20,32,4.05,6,5.0,1.6666666666666667
22,54,3.4545454545454546,7,4.555555555555555,2.05
26,94,4.115384615384615,7,5.294117647058823,3.9130434782608696
27,98,3.4814814814814814,7,5.0588235294117645,3.739130434782609
19,29,3.9473684210526314,6,4.5,1.588235294117647
21,67,2.7142857142857144,5,4.923076923076923,3.5555555555555554
22,53,2.5454545454545454,6,4.125,2.357142857142857
27,99,2.7037037037037037,5,5.0,4.130434782608695
20,31,4.05,6,4.833333333333333,1.6111111111111112
19,43,2.9473684210526314,5,4.333333333333333,2.4375
31,156,4.483870967741935,8,6.863636363636363,5.592592592592593
26,97,3.5384615384615383,7,4.7,4.086956521739131
22,68,2.6363636363636362,5,4.266666666666667,3.5555555555555554
20,30,4.05,6,4.666666666666667,1.5555555555555556
27,95,3.4444444444444446,6,7.5,3.9130434782608696
28,138,4.571428571428571,8,5.409090909090909,4.76
20,30,4.05,6,4.666666666666667,1.5555555555555556
21,69,3.6666666666666665,6,5.076923076923077,3.6666666666666665
27,97,3.259259259259259,5,5.470588235294118,4.043478260869565
24,95,3.0833333333333335,6,4.823529411764706,4.1
21,55,3.380952380952381,6,3.923076923076923,2.8333333333333335
17,33,2.235294117647059,4,3.6,1.8
20,31,4.05,6,4.833333333333333,1.6111111111111112
25,59,3.68,6,5.0,2.619047619047619
21,35,2.0,4,3.0,1.5
22,72,2.6363636363636362,5,3.588235294117647,3.210526315789474
21,35,3.0476190476190474,5,4.714285714285714,1.736842105263158
21,56,4.0,7,4.153846153846154,2.8421052631578947
19,29,3.9473684210526314,6,4.5,1.588235294117647
21,61,2.619047619047619,5,5.222222222222222,3.1333333333333333
27,123,3.740740740740741,6,6.125,4.260869565217392
24,71,3.125,5,4.466666666666667,3.35
18,30,1.8333333333333333,4,2.6,1.625
17,31,3.1176470588235294,6,2.625,1.6153846153846154
17,38,2.6470588235294117,5,2.8333333333333335,2.6153846153846154
20,30,4.05,6,4.666666666666667,1.5555555555555556
26,90,3.423076923076923,6,7.083333333333333,3.8636363636363638
27,137,4.444444444444445,8,5.454545454545454,5.0
20,30,4.05,6,4.666666666666667,1.5555555555555556
19,53,2.736842105263158,5,5.0,2.857142857142857
26,81,3.0384615384615383,5,5.923076923076923,3.5
22,56,2.8636363636363638,5,4.0,2.2
23,73,2.652173913043478,5,4.0588235294117645,3.6315789473684212
21,65,2.9523809523809526,6,3.5714285714285716,2.9411764705882355
24,57,3.5,6,4.363636363636363,2.4
17,19,1.2941176470588236,2,3.5,1.4
19,21,1.263157894736842,2,3.5,1.4
20,71,3.55,6,5.153846153846154,3.9411764705882355
22,44,1.7272727272727273,3,4.0,2.3333333333333335
24,86,3.25,7,5.25,3.3157894736842106
21,81,4.380952380952381,8,4.875,4.105263157894737
21,39,1.5714285714285714,4,3.6,2.25
18,43,2.5555555555555554,5,5.833333333333333,2.6923076923076925
22,82,4.2272727272727275,8,4.222222222222222,3.8
24,39,1.7916666666666667,4,4.5,1.8
18,27,1.9444444444444444,3,4.75,1.4615384615384615
21,73,3.7142857142857144,7,4.666666666666667,3.888888888888889
26,86,3.1923076923076925,5,5.125,3.727272727272727
23,82,3.217391304347826,6,4.466666666666667,3.526315789473684
26,89,3.8076923076923075,7,4.466666666666667,3.0454545454545454
20,30,4.05,6,4.666666666666667,1.5555555555555556
24,60,3.875,7,4.3076923076923075,2.6666666666666665
25,97,3.72,7,4.388888888888889,3.761904761904762
25,77,2.68,5,4.8,3.4285714285714284
20,30,4.05,6,4.666666666666667,1.5555555555555556
23,44,2.869565217391304,5,3.6666666666666665,1.2941176470588236
28,93,3.2142857142857144,6,5.866666666666666,3.6666666666666665
20,61,2.65,5,4.071428571428571,3.3529411764705883
20,30,4.05,6,4.666666666666667,1.5555555555555556
25,99,3.56,7,4.7,4.476190476190476
25,91,3.64,7,4.777777777777778,4.095238095238095
24,101,3.5,7,5.0,4.5
20,31,4.05,6,4.833333333333333,1.6111111111111112
25,99,3.52,6,5.733333333333333,3.909090909090909
21,58,2.857142857142857,5,3.533333333333333,3.1176470588235294
19,29,4.052631578947368,6,4.5,1.588235294117647
24,65,2.7083333333333335,6,4.555555555555555,2.5625
23,67,3.739130434782609,6,4.2,3.15
23,80,2.6956521739130435,6,4.166666666666667,3.9473684210526314
23,65,2.9565217391304346,5,3.357142857142857,2.238095238095238
18,48,2.5555555555555554,5,3.0714285714285716,3.0714285714285716
19,59,3.210526315789474,6,3.9166666666666665,3.1333333333333333
20,44,3.35,6,3.5454545454545454,2.1666666666666665
17,21,1.2941176470588236,2,4.0,1.6
20,25,1.3,2,4.0,1.3333333333333333
17,41,3.3529411764705883,5,4.5,2.5714285714285716
23,88,3.608695652173913,8,4.117647058823529,3.6842105263157894
27,115,4.2592592592592595,8,5.190476190476191,4.541666666666667
21,67,2.9047619047619047,6,4.333333333333333,3.466666666666667
18,48,3.611111111111111,6,4.1,2.7333333333333334
23,66,2.8260869565217392,5,4.6,2.7058823529411766
25,80,2.68,5,4.583333333333333,3.235294117647059
25,114,4.2,8,5.526315789473684,4.7727272727272725
25,43,2.04,5,4.5,1.5
17,26,1.8235294117647058,3,5.666666666666667,1.5454545454545454
21,77,3.6666666666666665,7,4.866666666666666,4.055555555555555
23,68,3.782608695652174,7,4.181818181818182,2.3
24,75,3.0,5,3.8823529411764706,3.3
20,33,4.05,6,4.666666666666667,1.5555555555555556
27,117,3.962962962962963,7,6.4375,4.291666666666667
25,83,3.04,5,5.133333333333334,3.6666666666666665
21,60,2.7142857142857144,5,3.6666666666666665,3.0555555555555554
24,76,3.5,6,4.0,2.727272727272727
19,50,2.6842105263157894,5,3.142857142857143,2.933333333333333
21,78,3.5714285714285716,7,4.333333333333333,3.823529411764706
20,33,3.95,6,5.166666666666667,1.7222222222222223
23,69,4.260869565217392,8,4.3076923076923075,2.6666666666666665
27,95,4.037037037037037,7,5.5625,3.7083333333333335
27,119,3.2222222222222223,6,5.35,4.6521739130434785
21,35,4.0476190476190474,6,5.333333333333333,1.6842105263157894
25,62,3.88,6,5.181818181818182,2.590909090909091
27,91,3.2962962962962963,6,5.117647058823529,3.782608695652174
23,74,2.739130434782609,5,4.733333333333333,3.55
23,67,4.217391304347826,7,4.615384615384615,2.857142857142857
19,32,3.9473684210526314,6,5.0,1.7647058823529411
21,59,3.0476190476190474,6,4.9,2.7222222222222223
27,77,3.111111111111111,5,5.214285714285714,3.1739130434782608
20,33,4.05,6,5.166666666666667,1.7222222222222223
25,98,3.16,6,5.529411764705882,4.476190476190476
23,77,3.608695652173913,7,4.0,3.0
25,76,2.8,5,4.8,3.4285714285714284
20,49,3.05,5,3.5555555555555554,2.0
22,74,2.5454545454545454,5,4.375,3.888888888888889
19,31,3.9473684210526314,6,4.833333333333333,1.7058823529411764
27,103,3.6296296296296298,7,5.470588235294118,3.875
27,86,3.074074074074074,5,5.857142857142857,3.5652173913043477
23,77,2.782608695652174,5,4.928571428571429,3.6315789473684212
21,65,2.619047619047619,5,4.133333333333334,3.4444444444444446
20,30,4.05,6,4.666666666666667,1.5555555555555556
23,66,2.5652173913043477,5,4.5,2.6470588235294117
29,125,3.8620689655172415,7,5.764705882352941,3.92
25,77,2.8,5,4.5625,3.4761904761904763
17,26,1.7647058823529411,4,2.4,1.3333333333333333
21,46,3.0,5,3.230769230769231,2.4705882352941178
21,63,3.4285714285714284,6,3.8666666666666667,3.411764705882353
23,79,3.347826086956522,6,4.235294117647059,3.789473684210526
19,49,2.5789473684210527,5,4.1,2.7333333333333334
22,74,2.727272727272727,5,3.9375,3.5
18,39,2.8333333333333335,5,3.1818181818181817,2.5
23,53,3.4782608695652173,6,4.454545454545454,2.5789473684210527
18,24,1.3888888888888888,2,6.0,1.7142857142857142
21,26,1.2857142857142858,2,5.5,1.8333333333333333
19,60,4.0,8,4.142857142857143,3.411764705882353
23,78,2.5217391304347827,5,3.8,3.3529411764705883
24,46,1.7083333333333333,4,4.166666666666667,2.0833333333333335
22,74,2.909090909090909,5,3.7857142857142856,2.9444444444444446
20,60,2.75,6,4.153846153846154,3.375
22,38,2.0,4,5.75,2.090909090909091
20,34,2.05,3,6.25,1.6666666666666667
25,66,3.56,6,4.538461538461538,2.6818181818181817
25,91,2.96,6,4.882352941176471,3.9523809523809526
19,29,3.9473684210526314,6,4.5,1.588235294117647
23,78,2.8260869565217392,5,5.285714285714286,3.7
22,55,2.590909090909091,6,3.4,2.4285714285714284
30,104,3.6666666666666665,6,5.555555555555555,3.8461538461538463
24,92,3.25,6,4.6875,3.75
26,79,3.076923076923077,5,4.352941176470588,3.3636363636363638
19,29,3.9473684210526314,6,4.5,1.588235294117647
25,91,3.4,6,5.571428571428571,3.5454545454545454
26,85,3.0384615384615383,5,5.0,3.6363636363636362
21,60,2.9523809523809526,6,3.2142857142857144,2.6470588235294117
18,43,2.611111111111111,5,3.0,2.7857142857142856
20,30,4.05,6,4.666666666666667,1.5555555555555556
22,72,2.5,4,4.857142857142857,3.5789473684210527
29,103,3.413793103448276,6,5.764705882352941,3.92
27,78,3.3703703703703702,6,4.111111111111111,3.217391304347826
21,67,3.0952380952380953,6,3.176470588235294,3.176470588235294
20,44,3.4,6,3.8181818181818183,2.3333333333333335
18,30,2.388888888888889,4,3.4,1.4166666666666667
20,65,3.5,7,4.769230769230769,3.6470588235294117
28,103,3.5,6,5.823529411764706,4.125
19,31,2.1052631578947367,4,4.333333333333333,1.3
16,21,2.0625,4,3.0,1.2
19,47,2.6842105263157894,5,3.230769230769231,2.8
18,30,3.2222222222222223,5,3.4285714285714284,1.6
23,80,2.739130434782609,5,5.066666666666666,3.8
23,57,2.5652173913043477,6,3.7777777777777777,2.2666666666666666
26,101,3.3461538461538463,6,5.052631578947368,4.363636363636363
27,115,3.888888888888889,7,5.25,4.565217391304348
19,28,4.052631578947368,6,4.333333333333333,1.5294117647058822
24,44,1.4166666666666667,2,6.666666666666667,2.0
26,82,3.0384615384615383,5,5.923076923076923,3.5
25,90,3.0,6,4.555555555555555,3.9047619047619047
20,59,2.6,5,3.9285714285714284,3.235294117647059
20,30,4.05,6,4.666666666666667,1.5555555555555556
16,19,1.3125,2,3.0,1.2
25,82,3.16,5,4.875,3.7142857142857144
28,111,4.035714285714286,7,5.45,4.1923076923076925
16,36,2.5,5,2.4615384615384617,2.6666666666666665
20,30,4.05,6,4.666666666666667,1.5555555555555556
25,98,3.52,6,6.230769230769231,3.6818181818181817
22,67,2.590909090909091,5,3.875,3.4444444444444446
19,28,4.052631578947368,6,4.333333333333333,1.5294117647058822
20,52,2.65,5,4.75,2.7142857142857144
24,57,3.8333333333333335,6,4.416666666666667,2.5238095238095237
22,56,2.8636363636363638,5,3.7142857142857144,2.888888888888889
16,29,2.0625,4,2.8,1.5555555555555556
19,50,2.5789473684210527,5,3.909090909090909,2.8666666666666667
29,98,3.5517241379310347,6,4.277777777777778,3.08
19,32,2.473684210526316,4,3.375,1.588235294117647
22,62,3.8181818181818183,7,4.833333333333333,3.0526315789473686
27,83,2.5185185185185186,5,4.875,3.391304347826087
22,72,2.8181818181818183,5,4.25,3.5789473684210527
20,31,4.05,6,4.666666666666667,1.5555555555555556
26,105,3.730769230769231,7,5.875,4.086956521739131
26,86,2.923076923076923,5,5.4,3.6818181818181817
19,28,4.052631578947368,6,4.333333333333333,1.5294117647058822
27,117,3.7777777777777777,7,5.352941176470588,3.9565217391304346
27,88,3.074074074074074,6,5.533333333333333,3.608695652173913
22,75,3.272727272727273,5,4.466666666666667,3.526315789473684
19,47,2.6315789473684212,5,3.230769230769231,2.8
21,72,3.5714285714285716,6,4.266666666666667,3.5555555555555554
23,63,2.9130434782608696,6,4.384615384615385,2.85
18,39,2.6666666666666665,5,2.8333333333333335,2.4285714285714284
19,58,3.210526315789474,6,3.6923076923076925,3.2
18,27,3.9444444444444446,6,4.166666666666667,1.5625
23,86,2.782608695652174,5,4.823529411764706,4.1
23,60,2.6956521739130435,6,3.3636363636363638,2.3125
27,93,2.814814814814815,5,5.5,3.8260869565217392
22,61,2.727272727272727,5,3.7333333333333334,3.111111111111111
20,31,4.05,6,4.833333333333333,1.6111111111111112
23,65,4.260869565217392,8,4.076923076923077,2.5238095238095237
23,67,3.0869565217391304,6,4.0,2.588235294117647
25,80,3.84,7,4.75,3.4545454545454546
20,67,2.7,5,3.8125,3.8125
19,29,4.052631578947368,6,4.5,1.588235294117647
22,79,2.8181818181818183,5,5.0,3.9473684210526314
23,64,2.6956521739130435,6,3.727272727272727,2.5625
28,113,3.642857142857143,7,5.35,4.458333333333333
25,109,3.64,7,4.95,4.714285714285714
20,31,3.95,6,4.833333333333333,1.6111111111111112
22,66,3.8181818181818183,7,5.0,2.3684210526315788
24,85,3.7083333333333335,6,5.0,3.8095238095238093
26,103,3.0,6,4.894736842105263,4.2272727272727275
20,60,2.9,6,3.6666666666666665,3.235294117647059
21,34,4.0476190476190474,6,5.333333333333333,1.6842105263157894
22,75,2.9545454545454546,6,5.0,3.5294117647058822
26,129,3.8076923076923075,7,5.833333333333333,4.7727272727272725
26,81,3.076923076923077,5,5.769230769230769,3.409090909090909
24,74,2.8333333333333335,5,4.117647058823529,3.5
23,83,3.0434782608695654,6,4.111111111111111,3.7
21,46,3.4761904761904763,6,4.4,2.3157894736842106
20,28,1.4,2,6.0,1.5
20,57,4.1,8,3.9285714285714284,3.0555555555555554
22,73,4.181818181818182,8,4.071428571428571,2.85
27,83,3.037037037037037,5,4.875,3.391304347826087
24,106,3.5833333333333335,7,5.6875,4.55
23,67,2.739130434782609,5,4.2,3.3157894736842106
20,35,3.65,5,5.0,1.6666666666666667
28,104,3.892857142857143,7,5.882352941176471,4.166666666666667
27,96,3.4074074074074074,6,5.176470588235294,3.8260869565217392
19,31,3.9473684210526314,6,4.833333333333333,1.7058823529411764
20,49,2.95,5,5.0,2.6470588235294117
31,187,4.483870967741935,8,7.28,6.7407407407407405
16,23,1.75,4,2.4,1.7142857142857142
20,54,2.65,5,3.5714285714285716,3.125
18,36,2.3333333333333335,4,4.0,1.8181818181818181
21,62,2.761904761904762,6,4.142857142857143,3.2222222222222223
22,49,3.227272727272727,6,3.75,2.5
20,60,3.05,6,3.6666666666666665,3.4375
20,46,3.35,6,4.0,2.4444444444444446
18,24,1.3888888888888888,2,6.0,1.7142857142857142
20,26,1.35,2,6.0,1.7142857142857142
21,54,3.142857142857143,6,4.545454545454546,2.7777777777777777
20,46,2.15,4,3.3,2.357142857142857
20,67,3.6,6,4.833333333333333,3.625
21,73,3.0952380952380953,6,4.071428571428571,3.3529411764705883
22,54,2.3181818181818183,4,3.7777777777777777,2.4285714285714284
22,78,3.272727272727273,6,5.076923076923077,3.6666666666666665
24,54,2.125,5,3.875,2.066666666666667
23,86,4.173913043478261,8,5.1875,4.15
24,40,1.7916666666666667,4,4.6,2.3
20,31,2.05,3,6.0,1.6
20,52,3.4,6,3.5,2.7222222222222223
26,82,3.076923076923077,5,4.875,3.5454545454545454
23,87,3.3043478260869565,6,4.733333333333333,3.736842105263158
23,68,2.739130434782609,5,4.266666666666667,3.3684210526315788
27,93,3.7037037037037037,6,5.133333333333334,3.347826086956522
23,77,2.782608695652174,5,4.6,3.6315789473684212
19,29,3.9473684210526314,6,4.5,1.588235294117647
21,53,3.0,5,4.454545454545454,2.7222222222222223
32,204,4.5,8,7.88,7.035714285714286
17,21,1.5294117647058822,3,3.0,1.2857142857142858
22,64,2.6363636363636362,5,4.0,3.3333333333333335
18,34,2.2777777777777777,4,3.8,1.7272727272727273
19,55,2.6842105263157894,5,3.923076923076923,3.1875
21,45,3.142857142857143,6,3.4166666666666665,2.411764705882353
20,57,3.05,6,3.7142857142857144,3.25
28,106,4.0,7,5.866666666666666,3.6666666666666665
21,32,2.238095238095238,4,5.2,1.5294117647058822
22,80,3.9545454545454546,8,4.866666666666666,3.8421052631578947
26,81,3.230769230769231,6,4.75,3.4545454545454546
16,27,2.0625,4,2.857142857142857,1.6666666666666667
21,56,3.1904761904761907,6,3.8181818181818183,2.210526315789474
20,60,2.65,5,4.071428571428571,3.3529411764705883
19,29,3.9473684210526314,6,4.5,1.588235294117647
26,106,3.3076923076923075,7,5.2105263157894735,4.5
27,83,3.074074074074074,5,6.0,3.391304347826087
19,30,1.7894736842105263,4,2.6,1.625
20,30,4.05,6,4.666666666666667,1.5555555555555556
22,77,2.6818181818181817,5,4.866666666666666,3.8421052631578947
29,103,3.3448275862068964,6,5.764705882352941,3.92
20,30,4.05,6,4.666666666666667,1.5555555555555556
22,72,2.6818181818181817,5,4.857142857142857,3.5789473684210527
22,51,2.5,6,4.142857142857143,2.0714285714285716
25,82,2.68,5,4.588235294117647,3.7142857142857144
20,30,4.05,6,4.666666666666667,1.5555555555555556
27,98,3.5925925925925926,7,4.8,3.272727272727273
25,82,3.32,5,5.2,3.7142857142857144
18,27,1.8333333333333333,4,3.4,1.5454545454545454
21,56,2.857142857142857,5,3.727272727272727,2.1578947368421053
18,46,2.4444444444444446,5,3.230769230769231,2.8
20,30,4.05,6,4.666666666666667,1.5555555555555556
16,35,3.25,6,3.3,2.357142857142857
26,91,3.269230769230769,6,5.0588235294117645,3.909090909090909
16,26,1.75,4,2.75,1.5714285714285714
17,29,2.588235294117647,5,3.1666666666666665,1.4615384615384615
18,41,2.7222222222222223,5,2.769230769230769,2.5714285714285716
16,27,2.3125,4,3.2,1.6
16,38,2.4375,4,2.8333333333333335,2.6153846153846154
20,42,3.2,6,3.1666666666666665,2.375
19,50,3.1578947368421053,6,3.4615384615384617,3.0
24,81,3.5833333333333335,6,4.357142857142857,2.9047619047619047
19,33,2.473684210526316,4,3.5,1.6470588235294117
21,77,3.6666666666666665,7,4.866666666666666,4.055555555555555
24,75,4.083333333333333,8,4.416666666666667,2.5238095238095237
24,73,3.7083333333333335,7,5.230769230769231,3.238095238095238
22,74,2.8181818181818183,5,4.375,3.6842105263157894
19,29,3.9473684210526314,6,4.5,1.588235294117647
22,58,2.8181818181818183,6,4.5,2.4
28,99,3.857142857142857,7,5.529411764705882,3.9166666666666665
28,114,4.214285714285714,8,5.285714285714286,4.44
17,44,2.4705882352941178,5,3.0,3.0
19,28,4.052631578947368,6,4.333333333333333,1.5294117647058822
24,72,2.6666666666666665,6,4.153846153846154,2.8421052631578947
25,74,3.12,6,3.8333333333333335,3.2857142857142856
20,31,4.05,6,4.833333333333333,1.6111111111111112
25,94,3.56,5,6.416666666666667,3.5
23,65,3.652173913043478,6,4.357142857142857,3.05
25,96,3.6,7,4.588235294117647,3.7142857142857144
22,83,3.272727272727273,6,4.466666666666667,3.7222222222222223
19,42,2.789473684210526,5,4.111111111111111,2.466666666666667
17,45,3.176470588235294,6,3.6363636363636362,2.857142857142857
16,26,1.875,3,3.6,1.6363636363636365
16,35,2.5,5,2.3076923076923075,2.5
20,30,4.05,6,4.666666666666667,1.5555555555555556
25,102,3.52,6,6.071428571428571,3.8636363636363638
24,67,3.6666666666666665,6,4.2,3.0
23,71,2.652173913043478,5,3.533333333333333,2.65
16,35,2.5,5,2.5,2.5
19,28,4.052631578947368,6,4.333333333333333,1.5294117647058822
21,72,2.761904761904762,5,4.533333333333333,3.7777777777777777
23,61,2.6956521739130435,6,3.4545454545454546,2.375
25,76,2.96,5,4.0625,3.0952380952380953
20,31,3.95,6,4.833333333333333,1.6111111111111112
24,49,1.7083333333333333,4,3.125,2.0833333333333335
25,76,3.8,6,5.071428571428571,3.227272727272727
28,145,3.857142857142857,7,6.7,5.583333333333333
18,26,1.5555555555555556,3,4.333333333333333,1.4444444444444444
18,45,2.8333333333333335,5,3.090909090909091,2.125
17,41,2.6470588235294117,5,2.5714285714285716,2.5714285714285716
18,39,2.7222222222222223,5,2.5384615384615383,2.357142857142857
19,64,3.210526315789474,6,3.857142857142857,3.6
21,35,3.9523809523809526,6,5.5,1.736842105263158
25,115,3.96,7,6.125,4.454545454545454
26,84,3.230769230769231,5,4.9375,3.590909090909091
17,27,2.176470588235294,4,3.5,1.4
27,106,3.5925925925925926,7,5.5,4.304347826086956
23,64,2.6956521739130435,5,3.75,3.1578947368421053
21,58,3.380952380952381,6,4.230769230769231,3.0555555555555554
23,73,2.652173913043478,5,4.928571428571429,3.6315789473684212
21,60,2.7142857142857144,5,3.7333333333333334,3.2941176470588234
20,33,4.05,6,5.166666666666667,1.7222222222222223
22,60,3.090909090909091,6,4.5,2.8125
27,92,3.2962962962962963,6,4.888888888888889,3.8260869565217392
21,69,2.9047619047619047,5,4.357142857142857,3.388888888888889
20,32,4.05,6,5.0,1.6666666666666667
14,22,2.0714285714285716,3,3.0,1.3333333333333333
27,90,3.111111111111111,5,5.666666666666667,3.6956521739130435
21,66,3.0,5,3.933333333333333,3.2777777777777777
18,46,2.5555555555555554,5,3.0,3.0
20,31,4.05,6,4.833333333333333,1.6111111111111112
23,57,3.782608695652174,6,4.076923076923077,2.65
21,34,2.0,4,3.0,1.5
23,80,2.8260869565217392,6,3.7222222222222223,3.35
19,29,3.9473684210526314,6,4.5,1.588235294117647
26,96,3.3846153846153846,5,6.461538461538462,3.652173913043478
23,62,3.608695652173913,6,3.933333333333333,2.95
24,93,3.2916666666666665,6,4.222222222222222,3.8
23,93,3.1739130434782608,6,4.333333333333333,4.105263157894737
20,48,2.8,5,3.3846153846153846,2.75
19,29,3.9473684210526314,6,4.5,1.588235294117647
22,52,2.5454545454545454,6,4.125,2.357142857142857
28,103,2.7142857142857144,5,4.95,4.125
25,105,3.4,7,4.666666666666667,4.0
21,47,3.5714285714285716,6,3.909090909090909,2.263157894736842
27,69,3.037037037037037,6,5.444444444444445,2.45
18,24,1.3888888888888888,2,6.0,1.7142857142857142
21,28,1.4285714285714286,2,6.5,1.4444444444444444
21,65,3.619047619047619,7,4.428571428571429,3.4444444444444446
22,83,4.181818181818182,8,4.5625,3.8421052631578947
18,59,4.0,8,4.384615384615385,3.5625
19,35,1.6842105263157894,4,3.1666666666666665,2.375
23,41,1.5217391304347827,3,3.5,2.1
23,82,4.130434782608695,8,4.647058823529412,3.95
22,38,2.272727272727273,4,6.0,1.8461538461538463
19,29,2.1052631578947367,3,5.75,1.5333333333333334
16,39,3.25,5,5.0,2.6923076923076925
25,69,3.68,6,4.571428571428571,3.0476190476190474
22,73,2.6363636363636362,5,4.3125,3.6315789473684212
25,60,3.12,5,4.3076923076923075,2.6666666666666665
17,39,2.588235294117647,5,2.6923076923076925,2.6923076923076925
16,33,2.375,4,3.3333333333333335,1.8181818181818181
16,32,3.5625,6,3.125,1.7857142857142858
17,39,2.588235294117647,5,2.6923076923076925,2.6923076923076925
26,93,3.8076923076923075,7,5.0,3.409090909090909
19,29,3.9473684210526314,6,4.5,1.588235294117647
17,21,1.4705882352941178,3,2.6666666666666665,1.1428571428571428
25,80,3.0,5,5.357142857142857,3.5714285714285716
23,66,2.9130434782608696,5,4.6923076923076925,3.210526315789474
22,63,2.6818181818181817,5,2.9411764705882355,2.6315789473684212
20,30,4.05,6,4.666666666666667,1.5555555555555556
19,49,3.1052631578947367,6,3.5384615384615383,2.875
24,78,3.6666666666666665,6,4.625,3.5238095238095237
23,80,3.0434782608695654,6,4.222222222222222,3.8
24,69,3.0,5,3.8333333333333335,2.090909090909091
22,63,3.772727272727273,7,4.214285714285714,3.1052631578947367
20,67,3.55,7,3.6666666666666665,3.4375
21,46,2.9523809523809526,5,3.5,2.4705882352941178
15,27,2.1333333333333333,4,2.8,1.5555555555555556
18,46,3.5,6,3.5,2.8
31,124,4.161290322580645,8,5.684210526315789,4.0
19,29,3.9473684210526314,6,4.5,1.588235294117647
23,50,3.9130434782608696,6,4.6,2.3
22,34,1.8181818181818181,4,3.25,1.4444444444444444
22,58,2.6363636363636362,5,3.0,2.3684210526315788
19,29,3.9473684210526314,6,4.5,1.588235294117647
19,51,3.3684210526315788,6,4.5,3.0
25,61,3.88,6,5.181818181818182,2.590909090909091
22,64,3.772727272727273,7,4.0,3.1578947368421053
21,63,2.7142857142857144,5,3.933333333333333,3.2777777777777777
22,54,3.090909090909091,5,3.8461538461538463,2.7777777777777777
19,49,2.5789473684210527,5,4.2,2.8
18,46,2.4444444444444446,4,3.0,2.8
22,61,3.5,6,4.071428571428571,3.0
19,29,3.9473684210526314,6,4.5,1.588235294117647
22,75,2.8181818181818183,5,4.733333333333333,3.736842105263158
29,101,3.3448275862068964,6,5.333333333333333,3.84
26,81,3.269230769230769,6,4.470588235294118,3.4545454545454546
24,61,3.5,6,4.076923076923077,2.65
17,22,1.3529411764705883,2,5.0,1.6666666666666667
23,75,3.0,5,4.6923076923076925,3.210526315789474
20,49,3.6,6,3.909090909090909,2.5294117647058822
25,75,3.0,5,5.3076923076923075,3.2857142857142856
17,29,1.9411764705882353,4,2.8,1.5555555555555556
19,33,2.5789473684210527,4,4.4,1.4666666666666666
26,107,3.730769230769231,7,5.588235294117647,4.130434782608695
21,55,2.857142857142857,5,3.4,3.0
19,30,4.052631578947368,6,4.333333333333333,1.5294117647058822
25,119,3.88,8,5.157894736842105,4.666666666666667
25,84,3.12,5,4.647058823529412,3.761904761904762
25,112,3.92,7,5.315789473684211,4.590909090909091
16,36,2.5,5,2.5833333333333335,2.5833333333333335
29,109,4.0,7,5.4375,3.48
20,30,4.05,6,4.666666666666667,1.5555555555555556
19,40,2.789473684210526,5,3.875,2.3846153846153846
27,82,3.074074074074074,6,5.923076923076923,3.347826086956522
22,72,2.8181818181818183,5,4.25,3.5789473684210527
26,101,3.730769230769231,7,5.375,3.909090909090909
27,115,3.7037037037037037,7,5.095238095238095,4.6521739130434785
18,27,1.8888888888888888,3,4.0,1.0909090909090908
19,49,3.473684210526316,6,3.8,2.235294117647059
23,62,3.3043478260869565,6,3.8,3.0
20,58,3.15,6,3.466666666666667,3.25
19,28,4.052631578947368,6,4.333333333333333,1.5294117647058822
25,110,3.6,6,5.8125,4.2272727272727275
23,68,2.5652173913043477,5,4.2,3.3157894736842106
22,63,3.5,6,4.142857142857143,3.0526315789473686
16,30,2.25,4,3.2,1.6
19,51,2.5789473684210527,5,3.6666666666666665,2.933333333333333
21,32,3.9523809523809526,6,5.0,1.5789473684210527
23,78,3.0434782608695654,7,4.214285714285714,3.1052631578947367
30,160,4.133333333333334,8,6.333333333333333,5.846153846153846
21,66,2.6666666666666665,5,3.8125,3.588235294117647
20,31,3.95,6,4.833333333333333,1.6111111111111112
23,70,4.3478260869565215,8,4.538461538461538,2.8095238095238093
29,110,3.413793103448276,6,6.117647058823529,4.16
26,107,3.3461538461538463,7,4.45,4.045454545454546
22,73,2.9545454545454546,6,3.8125,3.388888888888889
32,138,4.15625,7,5.7,4.071428571428571
18,33,3.0,5,4.333333333333333,1.625
22,72,3.909090909090909,7,4.928571428571429,3.6315789473684212
24,88,4.333333333333333,8,5.076923076923077,3.0
25,90,3.92,7,4.882352941176471,3.772727272727273
20,63,3.05,6,3.625,3.411764705882353
23,56,3.260869565217391,6,3.7142857142857144,2.736842105263158
16,30,2.75,5,3.6666666666666665,2.0
22,46,3.1818181818181817,6,3.0,2.3333333333333335
23,68,3.217391304347826,6,4.5,3.3157894736842106
25,80,3.52,6,4.733333333333333,3.380952380952381
19,32,3.9473684210526314,6,5.0,1.7647058823529411
23,78,2.9565217391304346,6,4.625,3.7
22,61,3.590909090909091,7,4.6,2.5555555555555554
27,90,3.3333333333333335,6,4.473684210526316,3.6956521739130435
25,74,2.72,5,4.4,3.142857142857143
20,32,4.05,6,5.0,1.6666666666666667
28,107,3.892857142857143,7,5.666666666666667,4.25
26,91,3.3076923076923075,6,4.882352941176471,3.772727272727273
19,31,3.9473684210526314,6,4.833333333333333,1.7058823529411764
22,53,4.090909090909091,8,4.090909090909091,2.25
28,101,3.642857142857143,7,6.0,4.0
21,33,1.8571428571428572,4,3.25,1.4444444444444444
22,70,2.6363636363636362,5,3.411764705882353,3.0526315789473686
23,67,3.0,5,4.133333333333334,3.263157894736842
23,85,3.3043478260869565,6,4.866666666666666,3.8421052631578947
26,114,4.1923076923076925,8,5.25,4.565217391304348
27,95,3.740740740740741,7,5.5625,3.869565217391304
22,74,2.6363636363636362,5,3.9375,3.5
25,60,3.6,6,4.666666666666667,2.6666666666666665
18,23,1.3333333333333333,2,5.5,1.8333333333333333
21,26,1.2857142857142858,2,5.5,1.8333333333333333
17,36,3.176470588235294,6,3.4,2.2666666666666666
19,57,3.3684210526315788,7,4.153846153846154,3.375
24,74,2.4166666666666665,5,5.2,3.0588235294117645
24,86,3.3333333333333335,5,5.615384615384615,3.65
21,72,3.142857142857143,6,3.9285714285714284,3.235294117647059
21,46,2.2857142857142856,4,3.625,2.230769230769231
20,59,2.6,5,4.363636363636363,2.823529411764706
23,46,1.8695652173913044,4,4.166666666666667,2.0833333333333335
23,87,4.173913043478261,8,4.9411764705882355,4.2
24,42,2.3333333333333335,5,5.0,1.7857142857142858
18,28,2.0555555555555554,3,5.75,1.6428571428571428
22,72,3.8181818181818183,7,5.75,3.6315789473684212
26,84,3.1153846153846154,5,4.9375,3.590909090909091
22,67,2.6363636363636362,5,4.538461538461538,3.2777777777777777
21,62,2.5714285714285716,5,3.625,3.2222222222222223
22,57,3.3636363636363638,6,3.466666666666667,2.888888888888889
24,73,3.1666666666666665,7,4.375,3.3333333333333335
18,44,3.0555555555555554,6,3.076923076923077,2.857142857142857
20,30,4.05,6,4.666666666666667,1.5555555555555556
23,46,3.0434782608695654,5,3.857142857142857,1.5
27,86,3.185185185185185,6,5.4,3.5217391304347827
20,30,4.05,6,4.666666666666667,1.5555555555555556
26,104,3.5,6,6.0,3.9130434782608696
23,72,2.9130434782608696,5,4.785714285714286,3.526315789473684
22,62,2.8181818181818183,5,3.2857142857142856,2.5555555555555554
16,37,2.5,5,2.75,2.75
23,53,3.4347826086956523,6,4.1,2.1578947368421053
19,29,3.9473684210526314,6,4.5,1.588235294117647
27,67,3.6666666666666665,6,4.923076923076923,2.6666666666666665
20,30,4.05,6,4.666666666666667,1.5555555555555556
25,62,3.88,6,4.833333333333333,2.6363636363636362
24,86,3.2083333333333335,6,4.470588235294118,3.619047619047619
20,30,4.05,6,4.666666666666667,1.5555555555555556
23,45,3.0434782608695654,5,3.2857142857142856,1.2777777777777777
27,86,3.074074074074074,5,5.785714285714286,3.5217391304347827
21,67,2.619047619047619,5,3.9375,3.5
19,29,3.9473684210526314,6,4.5,1.588235294117647
22,61,3.8636363636363638,8,4.384615384615385,3.0
29,110,4.0,7,6.235294117647059,4.24
17,22,1.8823529411764706,4,3.6666666666666665,1.2222222222222223
20,41,2.95,5,3.0833333333333335,2.3125
20,56,3.0,6,3.5714285714285716,3.125
30,118,3.6333333333333333,6,5.470588235294118,3.576923076923077
19,30,2.473684210526316,4,3.7142857142857144,1.5294117647058822
19,54,3.8421052631578947,7,4.25,3.1875
28,86,3.25,6,5.714285714285714,3.3333333333333335
23,66,2.782608695652174,5,3.5,2.5789473684210527
20,31,4.05,6,4.666666666666667,1.5555555555555556
26,61,3.9615384615384617,6,4.75,2.4782608695652173
19,29,3.9473684210526314,6,4.5,1.588235294117647
25,100,3.84,6,6.285714285714286,4.0
30,152,3.8,7,6.0,5.538461538461538
23,80,2.782608695652174,5,4.4375,3.736842105263158
21,50,2.9047619047619047,5,3.75,2.6470588235294117
16,21,1.75,4,3.3333333333333335,1.25
17,32,2.7058823529411766,5,3.111111111111111,2.1538461538461537
17,42,3.0588235294117645,6,3.0833333333333335,2.8461538461538463
15,27,2.066666666666667,4,3.0,1.6666666666666667
30,114,4.166666666666667,8,6.125,3.769230769230769
19,29,3.9473684210526314,6,4.5,1.588235294117647
24,51,3.8333333333333335,6,4.7,2.238095238095238
26,97,3.1538461538461537,6,4.944444444444445,4.045454545454546
19,29,3.9473684210526314,6,4.5,1.588235294117647
26,71,3.576923076923077,6,4.714285714285714,2.869565217391304
19,28,4.052631578947368,6,4.333333333333333,1.5294117647058822
26,127,3.8461538461538463,7,6.2631578947368425,5.409090909090909
27,84,3.074074074074074,6,5.642857142857143,3.4347826086956523
26,82,2.730769230769231,5,5.133333333333334,3.5
21,72,3.1904761904761907,5,4.2,3.5
19,28,4.052631578947368,6,4.333333333333333,1.5294117647058822
21,70,2.5714285714285716,5,4.4,3.6666666666666665
28,97,3.357142857142857,6,5.352941176470588,3.7916666666666665
20,30,4.05,6,4.666666666666667,1.5555555555555556
23,71,2.8260869565217392,6,4.153846153846154,2.8421052631578947
26,85,3.0384615384615383,6,5.0,3.6363636363636362
22,54,3.3181818181818183,6,3.4545454545454546,2.0
17,32,2.411764705882353,4,3.7142857142857144,1.7333333333333334
21,65,3.4285714285714284,6,4.538461538461538,3.4705882352941178
31,161,4.387096774193548,8,6.6521739130434785,5.666666666666667
21,66,2.7142857142857144,5,3.75,3.3333333333333335
20,31,4.05,6,4.666666666666667,1.5555555555555556
27,96,3.5555555555555554,6,6.5,3.9565217391304346
20,29,1.75,4,3.0,1.5
23,70,2.5652173913043477,5,4.0625,3.4210526315789473
19,29,4.052631578947368,6,4.5,1.588235294117647
22,81,2.6818181818181817,5,4.75,4.222222222222222
22,61,2.8636363636363638,7,3.5454545454545454,2.6
27,90,3.740740740740741,7,5.3125,3.6956521739130435
20,64,2.75,5,3.4705882352941178,3.4705882352941178
20,31,3.95,6,4.833333333333333,1.6111111111111112
26,142,3.8076923076923075,7,6.380952380952381,6.090909090909091
17,24,1.588235294117647,3,2.75,1.5714285714285714
25,78,3.0,5,5.142857142857143,3.4285714285714284
20,74,3.2,6,4.066666666666666,3.8125
17,34,2.3529411764705883,4,3.6666666666666665,2.0
20,33,3.95,6,5.166666666666667,1.7222222222222223
26,100,3.076923076923077,6,5.588235294117647,4.130434782608695
28,94,3.2857142857142856,6,5.866666666666666,3.6666666666666665
20,33,3.95,6,5.166666666666667,1.7222222222222223
26,138,4.038461538461538,8,5.75,5.2272727272727275
27,101,3.6296296296296298,6,6.0,4.173913043478261
29,134,4.379310344827586,8,5.954545454545454,5.038461538461538
23,46,3.9130434782608696,6,6.142857142857143,2.15
21,53,2.619047619047619,5,4.625,2.642857142857143
21,61,3.761904761904762,7,4.384615384615385,3.1666666666666665
20,48,3.0,5,3.142857142857143,2.588235294117647
25,87,2.8,5,5.0625,3.857142857142857
20,34,2.95,5,4.428571428571429,1.7222222222222223
24,83,4.208333333333333,7,4.411764705882353,3.409090909090909
20,33,4.05,6,5.166666666666667,1.7222222222222223
21,47,3.761904761904762,8,3.3636363636363638,2.0555555555555554
28,105,3.7142857142857144,7,5.315789473684211,4.208333333333333
24,97,3.375,7,4.166666666666667,3.75
22,76,2.9545454545454546,6,4.125,3.6666666666666665
20,32,4.05,6,5.0,1.6666666666666667
22,46,1.5454545454545454,3,6.25,2.5
26,85,3.3076923076923075,6,5.0625,3.6818181818181817
25,86,2.84,5,4.9375,3.761904761904762
16,24,1.75,4,3.0,1.7142857142857142
20,49,2.9,5,3.9,2.1666666666666665
22,60,3.5,6,4.0,2.9473684210526314
21,73,3.5238095238095237,7,4.133333333333334,3.6470588235294117
18,37,2.2777777777777777,4,2.7777777777777777,1.7857142857142858
18,41,2.6666666666666665,5,2.8461538461538463,2.642857142857143
19,29,3.9473684210526314,6,4.5,1.588235294117647
21,67,2.7142857142857144,5,4.846153846153846,3.5
21,51,2.619047619047619,6,3.875,2.2142857142857144
28,104,2.75,5,5.555555555555555,4.166666666666667
23,69,2.6956521739130435,5,4.0625,3.4210526315789473
23,55,3.4782608695652173,6,4.636363636363637,2.6842105263157894
18,23,1.3333333333333333,2,5.5,1.8333333333333333
21,25,1.2857142857142858,2,5.0,1.6666666666666667
18,54,4.0,8,3.466666666666667,3.25
24,79,3.0,7,3.75,3.3333333333333335
23,43,1.5217391304347827,3,3.8333333333333335,2.090909090909091
22,62,2.5,5,3.6666666666666665,2.588235294117647
20,61,3.05,6,4.818181818181818,3.1176470588235294
23,36,1.826086956521739,4,4.75,1.9
19,30,2.1052631578947367,3,5.75,1.5333333333333334
21,69,3.6666666666666665,7,4.714285714285714,3.6666666666666665
22,57,2.6363636363636362,6,3.272727272727273,2.4
24,70,3.6666666666666665,7,5.076923076923077,3.142857142857143
23,76,2.739130434782609,5,4.235294117647059,3.6
29,100,3.8620689655172415,7,6.615384615384615,3.44
25,81,3.04,6,4.5625,3.4761904761904763
20,30,4.05,6,4.666666666666667,1.5555555555555556
27,103,3.5555555555555554,7,5.75,3.8333333333333335
21,53,2.857142857142857,5,3.769230769230769,2.8823529411764706
20,30,4.05,6,4.666666666666667,1.5555555555555556
23,47,3.0434782608695654,5,3.5714285714285716,1.3888888888888888
26,87,3.1538461538461537,6,5.125,3.727272727272727
22,53,2.8181818181818183,6,4.8,2.4
24,96,3.2916666666666665,7,4.823529411764706,4.1
19,43,2.789473684210526,5,3.25,2.6
19,29,3.9473684210526314,6,4.5,1.588235294117647
25,94,3.48,6,5.928571428571429,3.772727272727273
22,62,3.5,6,4.142857142857143,3.0526315789473686
24,82,2.875,5,5.0,3.75
21,64,2.4285714285714284,4,3.8125,3.388888888888889
17,38,2.588235294117647,5,2.8333333333333335,2.6153846153846154
19,57,3.0526315789473686,6,3.5384615384615383,3.066666666666667
21,48,3.4285714285714284,6,4.555555555555555,2.1578947368421053
17,21,1.411764705882353,2,4.5,1.2857142857142858
20,53,4.15,7,4.25,2.8333333333333335
23,62,3.217391304347826,7,3.5454545454545454,2.2941176470588234
25,75,3.84,7,5.071428571428571,3.227272727272727
21,72,2.7142857142857144,5,3.7058823529411766,3.5
21,35,3.761904761904762,5,5.6,1.4736842105263157
25,102,3.8,7,5.9375,4.523809523809524
22,56,2.590909090909091,6,3.4,2.4285714285714284
25,79,2.92,6,4.933333333333334,3.5238095238095237
22,73,3.0454545454545454,6,3.9285714285714284,3.0555555555555554
21,68,2.9523809523809526,6,3.3529411764705883,3.3529411764705883
19,28,4.052631578947368,6,4.333333333333333,1.5294117647058822
26,82,3.8461538461538463,7,4.866666666666666,3.1739130434782608
21,32,4.142857142857143,6,5.0,1.5789473684210527
21,37,1.380952380952381,2,5.333333333333333,2.0
27,84,3.074074074074074,5,6.583333333333333,3.4347826086956523
20,44,3.6,7,4.0,2.2222222222222223
18,30,2.4444444444444446,4,3.8,1.4615384615384615
26,115,3.8076923076923075,7,5.578947368421052,4.818181818181818
23,63,3.782608695652174,7,4.916666666666667,2.95
21,58,2.857142857142857,5,3.4,3.0
19,28,4.052631578947368,6,4.333333333333333,1.5294117647058822
23,59,4.217391304347826,8,4.7,2.238095238095238
23,56,2.739130434782609,6,4.125,2.2
26,82,3.0,6,4.8125,3.5
21,73,3.0,6,4.25,3.7777777777777777
23,59,3.260869565217391,6,3.9,1.95
18,27,3.9444444444444446,6,4.166666666666667,1.5625
22,62,4.136363636363637,8,3.923076923076923,2.55
23,59,3.0,7,4.0,2.25
26,82,3.6538461538461537,7,4.8125,3.5
22,74,2.9545454545454546,6,3.8823529411764706,3.473684210526316
19,29,3.9473684210526314,6,4.5,1.588235294117647
26,122,3.8076923076923075,7,5.476190476190476,5.2272727272727275
22,57,2.8636363636363638,7,3.1818181818181817,2.3333333333333335
24,75,3.7916666666666665,7,4.733333333333333,3.380952380952381
23,74,3.0,6,3.4375,2.8947368421052633
20,61,3.4,7,3.5,3.0625
19,28,4.052631578947368,6,4.333333333333333,1.5294117647058822
25,83,3.76,7,4.866666666666666,3.3181818181818183
20,31,4.05,6,4.833333333333333,1.6111111111111112
23,40,1.391304347826087,3,4.25,2.125
26,80,3.0384615384615383,5,6.166666666666667,3.3636363636363638
20,41,3.3,5,4.625,2.0555555555555554
17,22,1.3529411764705883,2,4.5,1.5
21,26,1.2857142857142858,2,4.5,1.5
17,40,3.3529411764705883,5,4.375,2.5
22,90,3.8636363636363638,8,4.294117647058823,3.8421052631578947
25,100,4.24,8,5.052631578947368,4.363636363636363
21,68,2.8095238095238093,6,4.5,3.857142857142857
20,52,3.15,5,4.4,2.588235294117647
23,68,2.782608695652174,5,4.6,2.7058823529411766
25,86,2.84,6,4.6923076923076925,3.388888888888889
25,108,4.2,8,5.05,4.590909090909091
26,43,1.8846153846153846,5,4.25,1.5454545454545454
18,32,2.5,4,5.5,1.5714285714285714
21,52,2.9047619047619047,5,4.555555555555555,2.5625
29,94,3.310344827586207,6,5.5,3.52
18,30,3.9444444444444446,6,4.333333333333333,1.625
26,130,4.1923076923076925,8,6.105263157894737,5.043478260869565
24,77,3.8333333333333335,7,4.5,3.4285714285714284
24,83,3.2083333333333335,6,4.444444444444445,3.8095238095238093
20,49,2.7,5,3.3076923076923075,2.6875
19,33,3.8421052631578947,6,5.0,1.7647058823529411
26,104,3.0,6,5.157894736842105,4.454545454545454
24,73,3.875,7,4.166666666666667,2.380952380952381
26,93,3.423076923076923,7,4.611111111111111,3.772727272727273
25,94,3.08,6,4.833333333333333,4.142857142857143
27,91,3.2962962962962963,6,5.117647058823529,3.782608695652174
23,67,3.4782608695652173,6,4.214285714285714,3.1052631578947367
19,35,3.8947368421052633,6,5.5,1.9411764705882353
21,68,4.142857142857143,7,4.333333333333333,3.4210526315789473
19,34,3.9473684210526314,6,5.333333333333333,1.8823529411764706
21,53,4.142857142857143,8,3.5384615384615383,2.4210526315789473
25,84,4.04,7,5.333333333333333,3.6363636363636362
25,114,3.64,7,4.8,4.571428571428571
24,112,3.5833333333333335,7,5.277777777777778,4.75
21,54,3.5238095238095237,6,3.8461538461538463,2.7777777777777777
19,38,2.263157894736842,4,4.0,1.6666666666666667
22,72,2.5454545454545454,5,4.25,3.7777777777777777
19,31,3.9473684210526314,6,4.833333333333333,1.7058823529411764
24,86,3.5,7,4.2631578947368425,4.05
25,104,3.4,7,5.157894736842105,4.666666666666667
26,91,3.6923076923076925,7,4.421052631578948,3.8181818181818183
23,66,3.4782608695652173,6,4.384615384615385,2.85
19,29,3.9473684210526314,6,4.5,1.588235294117647
22,65,4.181818181818182,7,4.428571428571429,3.1
21,32,4.142857142857143,6,5.0,1.5789473684210527
21,52,4.095238095238095,8,3.4166666666666665,2.1578947368421053
28,107,3.75,7,5.421052631578948,4.291666666666667
24,88,2.9583333333333335,6,3.5555555555555554,3.3684210526315788
23,79,2.9130434782608696,6,3.9411764705882355,3.526315789473684
19,31,3.9473684210526314,6,4.833333333333333,1.7058823529411764
24,53,3.25,5,3.75,1.5
27,86,3.074074074074074,5,5.785714285714286,3.5217391304347827
21,68,2.619047619047619,5,4.0,3.5555555555555554
19,29,3.9473684210526314,6,4.5,1.588235294117647
24,56,3.7916666666666665,6,4.333333333333333,2.4761904761904763
24,71,2.4166666666666665,5,3.6153846153846154,2.473684210526316
22,88,4.045454545454546,8,4.777777777777778,4.3
19,51,2.526315789473684,5,3.1333333333333333,3.1333333333333333
18,32,2.1666666666666665,4,3.6,1.8
18,45,2.388888888888889,4,3.5,2.8
26,94,3.5,6,5.4375,3.9545454545454546
19,56,3.4210526315789473,7,3.6153846153846154,3.1333333333333333
16,37,2.5,5,2.5384615384615383,2.75
18,31,2.9444444444444446,5,4.142857142857143,1.8125
25,93,3.44,6,5.466666666666667,3.727272727272727
23,57,2.9130434782608696,5,3.533333333333333,2.789473684210526
19,29,3.9473684210526314,6,4.5,1.588235294117647
22,42,1.4090909090909092,2,7.0,2.3333333333333335
27,94,3.3703703703703702,5,5.625,3.9130434782608696
25,94,3.08,6,5.0588235294117645,4.095238095238095
16,20,1.5625,3,3.0,1.2857142857142858
24,93,3.375,7,4.875,3.9
20,55,2.6,5,3.4,3.1875
20,59,2.6,5,4.0,3.2941176470588234
21,44,3.0,5,3.3333333333333335,2.3529411764705883
20,57,2.85,5,3.466666666666667,3.25
15,26,2.0,4,2.6,1.625
19,29,3.9473684210526314,6,4.5,1.588235294117647
24,103,3.25,6,5.052631578947368,4.8
27,82,3.074074074074074,5,6.416666666666667,3.347826086956522
20,30,4.05,6,4.666666666666667,1.5555555555555556
21,57,4.285714285714286,8,4.090909090909091,2.3684210526315788
30,105,3.2333333333333334,5,7.214285714285714,3.8846153846153846
22,67,3.8636363636363638,7,4.5,3.3157894736842106
24,82,3.2083333333333335,7,4.157894736842105,3.761904761904762
22,74,3.0,6,3.3333333333333335,3.3333333333333335
19,44,2.8421052631578947,5,3.3333333333333335,2.6666666666666665
24,52,3.4166666666666665,6,4.363636363636363,2.4
18,27,2.0555555555555554,4,3.5,1.5555555555555556
19,50,4.052631578947368,7,4.0,2.823529411764706
28,111,3.75,7,5.473684210526316,4.333333333333333
26,88,2.8076923076923075,5,3.875,2.9523809523809526
22,72,3.0454545454545454,6,3.625,3.2222222222222223
18,32,3.4444444444444446,5,3.7142857142857144,1.625
25,87,3.48,7,4.882352941176471,3.9523809523809526
22,81,3.227272727272727,7,4.6875,4.166666666666667
27,116,3.5925925925925926,7,5.25,4.565217391304348
18,28,4.055555555555555,6,4.333333333333333,1.625
25,110,3.48,7,5.4375,4.35
22,59,3.772727272727273,6,3.9285714285714284,2.8947368421052633
27,118,3.814814814814815,7,5.631578947368421,4.6521739130434785
18,23,1.4444444444444444,2,5.0,1.25
17,38,2.8823529411764706,5,3.625,1.9333333333333333
18,32,2.5,4,4.0,1.75
25,96,3.12,5,6.142857142857143,3.909090909090909
23,66,2.5652173913043477,5,4.428571428571429,3.263157894736842
19,29,3.9473684210526314,6,4.5,1.588235294117647
27,68,3.111111111111111,5,5.25,2.739130434782609
28,110,3.2857142857142856,6,5.611111111111111,4.208333333333333
26,98,3.423076923076923,7,4.315789473684211,3.727272727272727
21,60,2.4761904761904763,5,3.5,3.2941176470588234
17,41,2.5294117647058822,5,2.769230769230769,2.769230769230769
19,50,3.4210526315789473,6,3.9166666666666665,2.9375
28,92,4.071428571428571,7,5.642857142857143,3.2916666666666665
19,29,3.9473684210526314,6,4.5,1.588235294117647
24,70,3.125,7,4.6,2.5555555555555554
28,107,3.4285714285714284,6,5.1,4.25
24,73,2.75,5,3.6666666666666665,2.75
19,29,3.9473684210526314,6,4.5,1.588235294117647
25,73,3.72,7,4.5,2.8636363636363638
20,30,4.15,6,4.666666666666667,1.5555555555555556
26,74,3.923076923076923,6,4.117647058823529,3.0434782608695654
23,79,3.0869565217391304,5,4.3125,3.45
18,27,3.9444444444444446,6,4.166666666666667,1.5625
22,72,3.9545454545454546,8,4.3125,3.6315789473684212
27,90,2.962962962962963,5,5.666666666666667,3.6956521739130435
25,98,3.68,7,5.0,3.8095238095238093
22,58,2.9545454545454546,5,3.3125,2.9444444444444446
19,29,4.052631578947368,6,4.5,1.588235294117647
22,58,2.8181818181818183,6,4.5,2.4
30,114,3.3,5,6.75,4.153846153846154
23,69,3.4782608695652173,6,4.333333333333333,3.25
27,96,4.185185185185185,8,4.65,3.875
20,52,2.8,5,3.357142857142857,2.9375
20,45,3.55,7,3.8181818181818183,2.3333333333333335
17,22,1.3529411764705883,2,4.5,1.5
21,27,1.2857142857142858,2,4.5,1.5
21,69,3.857142857142857,8,4.125,3.6666666666666665
21,55,2.6666666666666665,5,3.7,2.466666666666667
24,91,3.9583333333333335,6,6.416666666666667,3.6666666666666665
26,119,4.230769230769231,8,5.65,4.913043478260869
22,62,2.727272727272727,5,3.8181818181818183,2.625
24,67,2.6666666666666665,5,3.3076923076923075,2.15
25,112,4.2,8,5.578947368421052,4.818181818181818
25,47,2.32,5,5.5,1.5714285714285714
18,32,2.5,4,5.5,1.5714285714285714
21,60,3.2857142857142856,5,4.454545454545454,2.7222222222222223
29,94,3.310344827586207,6,5.4375,3.48
19,34,3.8421052631578947,6,5.166666666666667,1.8235294117647058
28,157,4.142857142857143,8,6.391304347826087,6.125
29,159,4.0344827586206895,7,6.409090909090909,5.64
26,87,2.6538461538461537,5,5.0,3.6363636363636362
23,69,2.652173913043478,5,4.2,3.3157894736842106
27,91,3.2962962962962963,6,5.117647058823529,3.782608695652174
25,113,3.72,7,5.555555555555555,4.761904761904762
21,43,3.0952380952380953,5,4.125,1.736842105263158
25,98,3.6,7,5.055555555555555,4.136363636363637
22,55,3.0454545454545454,5,3.466666666666667,2.736842105263158
20,32,4.05,6,5.0,1.6666666666666667
25,86,3.4,5,6.25,3.409090909090909
23,64,3.652173913043478,7,4.066666666666666,3.05
25,92,3.08,6,5.0588235294117645,4.095238095238095
21,68,2.619047619047619,5,4.0625,3.611111111111111
23,70,2.608695652173913,5,4.125,3.473684210526316
24,93,3.375,6,5.125,4.1
20,32,4.05,6,5.0,1.6666666666666667
23,51,3.782608695652174,6,4.2727272727272725,2.35
21,34,2.0,4,3.0,1.5
23,80,2.8260869565217392,6,3.7777777777777777,3.4
19,29,3.9473684210526314,6,4.5,1.588235294117647
27,102,3.5555555555555554,6,5.75,3.8333333333333335
25,66,3.12,5,4.133333333333334,2.9523809523809526
23,75,2.652173913043478,5,4.785714285714286,3.526315789473684
21,66,2.5714285714285716,5,3.9375,3.5
26,108,3.3846153846153846,6,5.222222222222222,4.2727272727272725
17,42,2.5294117647058822,5,2.923076923076923,2.923076923076923
23,71,2.782608695652174,5,4.333333333333333,3.4210526315789473
23,70,2.782608695652174,5,4.571428571428571,3.3684210526315788
19,29,3.9473684210526314,6,4.5,1.588235294117647
24,47,3.75,6,4.4,2.0952380952380953
25,100,3.64,7,4.2631578947368425,3.857142857142857
22,70,2.6818181818181817,5,3.8823529411764706,3.6666666666666665
19,29,3.9473684210526314,6,4.5,1.588235294117647
24,49,3.8333333333333335,6,4.6,2.1904761904761907
26,109,3.269230769230769,6,4.45,4.045454545454546
21,69,3.0,5,4.066666666666666,3.388888888888889
21,60,3.0,6,4.0,3.2941176470588234
19,50,2.5789473684210527,5,4.3,2.8666666666666667
19,54,2.6315789473684212,5,3.642857142857143,3.1875
19,29,3.9473684210526314,6,4.5,1.588235294117647
24,82,2.9583333333333335,6,5.2727272727272725,3.2222222222222223
28,118,3.642857142857143,6,4.7894736842105265,3.7916666666666665
26,87,3.730769230769231,6,4.823529411764706,3.727272727272727
19,56,3.8421052631578947,7,3.857142857142857,3.176470588235294
17,38,2.6470588235294117,5,2.6153846153846154,2.6153846153846154
16,29,2.3125,4,3.4,1.7
20,30,4.05,6,4.666666666666667,1.5555555555555556
22,74,2.6363636363636362,5,5.071428571428571,3.736842105263158
29,104,4.0344827586206895,7,5.823529411764706,3.96
20,30,4.05,6,4.666666666666667,1.5555555555555556
25,45,1.4,2,6.666666666666667,2.0
27,72,3.1481481481481484,5,5.230769230769231,2.9565217391304346
22,55,3.5,6,3.642857142857143,2.6842105263157894
19,48,2.5789473684210527,5,3.2142857142857144,2.8125
21,51,2.9523809523809526,5,3.1666666666666665,2.0
22,51,3.4545454545454546,6,4.090909090909091,2.5
17,21,1.3529411764705883,2,4.5,1.5
20,24,1.35,2,5.0,1.4285714285714286
17,44,3.823529411764706,7,3.727272727272727,2.9285714285714284
21,51,1.9047619047619047,3,3.3636363636363638,2.466666666666667
22,77,3.1818181818181817,6,4.916666666666667,3.4705882352941178
23,80,3.652173913043478,6,4.933333333333334,3.7
23,56,2.347826086956522,4,3.7,2.176470588235294
20,56,2.8,5,4.5,2.6470588235294117
21,29,1.7619047619047619,4,3.5,1.5555555555555556
21,31,2.0,3,5.25,1.4
21,74,3.6666666666666665,7,5.071428571428571,3.9444444444444446
22,58,2.8181818181818183,7,2.8461538461538463,2.466666666666667
28,93,3.5714285714285716,6,5.5,3.6666666666666665
25,101,3.52,7,5.1875,3.9523809523809526
24,74,2.625,5,4.3125,3.45
27,90,3.6296296296296298,6,5.714285714285714,3.4782608695652173
25,83,2.88,5,4.933333333333334,3.5238095238095237
18,27,3.9444444444444446,6,4.166666666666667,1.5625
24,73,2.4166666666666665,5,5.444444444444445,3.2666666666666666
27,91,3.259259259259259,6,4.833333333333333,3.782608695652174
22,76,3.4545454545454546,7,4.066666666666666,3.388888888888889
19,46,2.736842105263158,5,3.1538461538461537,2.7333333333333334
20,30,4.05,6,4.666666666666667,1.5555555555555556
28,115,3.6785714285714284,7,5.866666666666666,3.8260869565217392
27,80,3.074074074074074,5,5.769230769230769,3.260869565217391
21,55,3.4761904761904763,6,3.923076923076923,2.8333333333333335
22,68,2.6818181818181817,5,3.125,2.6315789473684212
22,55,2.9545454545454546,5,3.642857142857143,2.8333333333333335
23,65,3.391304347826087,6,4.0,2.4
20,30,4.05,6,4.666666666666667,1.5555555555555556
25,57,3.92,6,5.3,2.409090909090909
20,30,1.75,4,3.0,1.5
22,67,2.6818181818181817,5,3.0588235294117645,2.736842105263158
19,29,3.9473684210526314,6,4.5,1.588235294117647
24,84,2.5416666666666665,5,4.9375,3.95
22,55,2.590909090909091,6,4.125,2.357142857142857
25,80,2.68,5,4.411764705882353,3.5714285714285716
25,88,3.08,6,4.6,3.2857142857142856
23,68,2.739130434782609,5,3.9375,3.3157894736842106
25,108,3.92,7,4.8,4.363636363636363
24,73,3.0,5,4.0,3.4
18,53,3.2777777777777777,6,3.5,3.0
16,36,2.5,5,2.5833333333333335,2.5833333333333335
31,122,3.935483870967742,7,5.444444444444445,3.6296296296296298
19,29,3.9473684210526314,6,4.5,1.588235294117647
16,20,1.5,3,2.6666666666666665,1.1428571428571428
25,77,3.0,5,6.454545454545454,3.380952380952381
23,68,2.9130434782608696,5,4.769230769230769,3.263157894736842
21,62,2.6666666666666665,5,3.4615384615384617,2.5
20,30,4.05,6,4.666666666666667,1.5555555555555556
21,54,3.0476190476190474,5,4.777777777777778,2.5294117647058822
26,96,3.6538461538461537,6,4.733333333333333,3.227272727272727
29,141,3.793103448275862,7,5.739130434782608,5.28
19,64,3.210526315789474,6,4.0,3.5
18,40,2.7222222222222223,5,3.5,2.5
18,48,3.0555555555555554,6,3.230769230769231,3.0
29,124,3.9310344827586206,7,5.368421052631579,4.08
20,30,4.05,6,4.666666666666667,1.5555555555555556
24,89,2.6666666666666665,5,5.25,4.2
24,71,3.5833333333333335,7,3.6153846153846154,2.35
27,91,2.814814814814815,5,4.777777777777778,3.739130434782609
19,29,4.052631578947368,6,4.5,1.588235294117647
24,54,3.3333333333333335,6,3.3,1.65
29,97,3.2758620689655173,6,6.066666666666666,3.64
22,61,3.9545454545454546,7,3.466666666666667,2.6
26,102,3.0,6,4.65,4.2272727272727275
25,64,3.44,6,4.0,2.4761904761904763
18,23,1.2777777777777777,2,4.0,1.6
21,27,1.2380952380952381,2,3.5,1.4
21,51,3.3333333333333335,6,4.6,2.5555555555555554
22,95,3.6818181818181817,8,4.588235294117647,4.333333333333333
24,68,1.9583333333333333,4,3.6666666666666665,2.933333333333333
25,109,4.16,7,5.9375,4.318181818181818
24,66,2.4583333333333335,4,3.3846153846153846,2.3157894736842106
25,116,4.16,8,6.111111111111111,5.0
22,64,3.5454545454545454,6,4.357142857142857,3.210526315789474
24,61,3.2083333333333335,5,4.071428571428571,2.85
24,80,2.7083333333333335,5,4.75,3.8
22,57,2.9545454545454546,5,3.533333333333333,2.9444444444444446
22,71,2.6818181818181817,5,3.764705882352941,3.3684210526315788
19,31,3.9473684210526314,6,4.833333333333333,1.7058823529411764
28,96,3.892857142857143,7,5.352941176470588,3.7916666666666665
21,40,2.761904761904762,5,3.8333333333333335,1.5333333333333334
19,30,3.9473684210526314,6,4.666666666666667,1.6470588235294117
29,89,3.8620689655172415,6,7.0,3.36
21,79,3.5714285714285716,7,4.529411764705882,4.052631578947368
24,75,2.75,5,4.375,3.5
23,96,3.347826086956522,6,4.882352941176471,4.368421052631579
20,49,2.8,5,3.0,2.8125
20,32,4.05,6,5.0,1.6666666666666667
22,77,2.6818181818181817,5,4.933333333333334,3.8947368421052633
29,102,3.310344827586207,6,5.388888888888889,3.88
22,58,2.8636363636363638,5,3.2857142857142856,2.3
20,33,1.9,4,2.8,1.5555555555555556
27,83,3.5925925925925926,7,4.0,3.130434782608696
20,32,2.95,5,4.285714285714286,1.6666666666666667
21,69,3.619047619047619,7,4.4,3.6666666666666665
22,53,2.590909090909091,6,3.888888888888889,2.5
26,79,2.9615384615384617,5,3.8333333333333335,3.1363636363636362
20,31,3.65,5,5.8,1.6111111111111112
20,59,3.6,7,3.5625,3.1666666666666665
26,75,3.1923076923076925,6,4.176470588235294,3.227272727272727
24,94,3.25,6,4.222222222222222,3.8
21,67,2.619047619047619,5,4.0,3.5555555555555554
29,123,3.8620689655172415,7,5.8,4.64
18,42,2.6666666666666665,5,3.1666666666666665,2.7142857142857144
21,61,2.619047619047619,5,4.416666666666667,3.1176470588235294
19,29,3.9473684210526314,6,4.5,1.588235294117647
26,106,3.730769230769231,7,6.1875,4.5
24,78,3.625,7,4.133333333333334,2.9523809523809526
25,78,3.64,6,5.615384615384615,3.4761904761904763
24,77,3.2083333333333335,7,4.111111111111111,3.5238095238095237
17,41,2.5294117647058822,5,2.8461538461538463,2.8461538461538463
20,30,4.05,6,4.666666666666667,1.5555555555555556
26,93,3.423076923076923,6,7.333333333333333,4.0
28,145,4.571428571428571,8,5.636363636363637,4.96
27,86,3.888888888888889,7,4.733333333333333,3.0869565217391304
19,29,3.9473684210526314,6,4.5,1.588235294117647
25,62,3.88,6,4.461538461538462,2.6363636363636362
21,33,1.8571428571428572,4,3.25,1.4444444444444444
22,68,2.6818181818181817,5,3.176470588235294,2.8421052631578947
19,29,3.9473684210526314,6,4.5,1.588235294117647
22,75,2.6363636363636362,5,4.733333333333333,3.736842105263158
23,57,2.5217391304347827,6,3.7777777777777777,2.4285714285714284
27,79,3.074074074074074,5,4.235294117647059,3.130434782608696
20,31,4.05,6,4.833333333333333,1.6111111111111112
21,52,2.142857142857143,4,4.222222222222222,2.533333333333333
26,81,3.0,5,5.5,3.5
23,66,3.608695652173913,6,4.133333333333334,3.1
26,106,3.8461538461538463,7,5.5,4.5
16,38,2.5,5,2.6923076923076925,2.6923076923076925
21,52,2.8095238095238093,5,3.4285714285714284,2.823529411764706
19,29,3.9473684210526314,6,4.5,1.588235294117647
26,110,3.6538461538461537,7,5.882352941176471,4.545454545454546
26,80,3.0384615384615383,5,5.769230769230769,3.409090909090909
25,96,3.8,7,5.235294117647059,4.238095238095238
19,26,1.5263157894736843,4,2.6666666666666665,1.1428571428571428
21,62,2.5238095238095237,5,3.466666666666667,2.888888888888889
16,34,2.5,5,2.5,2.5
20,57,2.55,5,3.1333333333333333,2.764705882352941
29,104,3.586206896551724,6,4.777777777777778,3.44
20,32,3.1,5,4.285714285714286,1.6666666666666667
21,67,3.4761904761904763,7,4.571428571428571,3.5555555555555554
28,94,2.892857142857143,5,5.235294117647059,3.7083333333333335
21,70,2.6666666666666665,5,4.4,3.6666666666666665
20,30,4.05,6,4.666666666666667,1.5555555555555556
23,46,3.0434782608695654,5,3.0,1.5
26,86,3.269230769230769,6,5.4,3.6818181818181817
20,64,2.55,5,4.0,3.5294117647058822
20,30,4.05,6,4.666666666666667,1.5555555555555556
25,108,3.8,7,5.666666666666667,4.857142857142857
27,85,3.074074074074074,5,6.153846153846154,3.4782608695652173
19,28,4.052631578947368,6,4.333333333333333,1.5294117647058822
24,42,1.375,2,6.0,2.0
28,77,3.0714285714285716,5,6.545454545454546,3.0
26,89,3.076923076923077,6,5.25,3.8181818181818183
24,65,4.041666666666667,7,5.083333333333333,2.9047619047619047
23,82,3.0,6,4.176470588235294,3.736842105263158
20,47,2.8,5,3.5833333333333335,2.6875
20,30,4.05,6,4.666666666666667,1.5555555555555556
24,56,3.875,6,5.2,2.4761904761904763
27,102,3.074074074074074,6,4.842105263157895,4.0
19,29,3.9473684210526314,6,4.5,1.588235294117647
21,72,2.761904761904762,5,4.857142857142857,3.7777777777777777
28,97,3.3214285714285716,6,6.133333333333334,3.8333333333333335
18,27,3.9444444444444446,6,4.166666666666667,1.5625
21,69,2.761904761904762,5,4.642857142857143,3.611111111111111
22,53,2.5454545454545454,6,4.428571428571429,2.2142857142857144
26,87,2.9615384615384617,5,5.466666666666667,3.727272727272727
21,63,2.5714285714285716,5,3.8666666666666667,3.411764705882353
19,28,4.052631578947368,6,4.333333333333333,1.5294117647058822
23,59,2.0869565217391304,4,4.555555555555555,2.7333333333333334
26,83,3.0,6,5.2,3.5454545454545454
26,99,3.423076923076923,7,4.315789473684211,3.727272727272727
20,60,2.8,5,4.153846153846154,3.375
15,27,2.0,4,2.8,1.75
17,38,2.588235294117647,5,3.1,2.066666666666667
19,48,2.5789473684210527,5,3.727272727272727,2.7333333333333334
31,122,3.870967741935484,7,4.666666666666667,3.6296296296296298
20,35,3.1,5,3.875,1.7222222222222223
22,73,3.772727272727273,6,5.3076923076923075,3.6315789473684212
25,73,3.04,6,3.9411764705882355,3.1904761904761907
29,119,3.5172413793103448,7,5.5,4.4
25,77,2.68,5,4.5,3.4285714285714284
22,72,2.9545454545454546,6,3.8125,3.388888888888889
24,96,3.9166666666666665,7,4.833333333333333,4.142857142857143
19,29,4.052631578947368,6,4.5,1.588235294117647
27,69,4.0,6,5.909090909090909,2.7083333333333335
23,80,3.1739130434782608,6,4.4375,3.55
19,28,4.052631578947368,6,4.333333333333333,1.5294117647058822
25,107,3.88,6,6.642857142857143,4.2272727272727275
25,86,3.04,5,5.333333333333333,3.8095238095238093
28,118,4.25,8,5.75,4.6
17,37,2.6470588235294117,5,2.5833333333333335,2.3846153846153846
22,68,2.6818181818181817,5,3.6666666666666665,2.8947368421052633
20,31,3.95,6,4.833333333333333,1.6111111111111112
22,80,2.8181818181818183,5,5.066666666666666,4.0
29,104,3.3793103448275863,6,5.764705882352941,3.92
20,32,3.95,6,5.0,1.6666666666666667
22,69,4.181818181818182,8,4.142857142857143,2.9
30,117,4.5,8,6.529411764705882,4.269230769230769
27,97,4.111111111111111,7,4.7894736842105265,3.9565217391304346
16,25,3.625,5,4.6,1.6428571428571428
26,92,3.0,6,4.944444444444445,3.869565217391304
24,75,4.125,7,5.0,2.9545454545454546
26,64,3.3461538461538463,6,4.0,2.727272727272727
25,78,2.8,5,4.8,3.4285714285714284
20,33,4.05,6,5.166666666666667,1.7222222222222223
14,23,2.2142857142857144,3,3.5,1.4
28,95,3.142857142857143,5,5.294117647058823,3.75
20,34,2.35,4,3.6,1.3846153846153846
22,75,2.727272727272727,5,4.235294117647059,3.789473684210526
25,109,3.72,7,5.647058823529412,4.571428571428571
26,85,3.6923076923076925,6,5.0,3.6363636363636362
25,73,3.48,6,5.071428571428571,3.0869565217391304
16,37,2.5,5,2.5384615384615383,2.75
20,63,3.4,7,4.153846153846154,3.375
22,62,2.6363636363636362,5,4.3076923076923075,3.111111111111111
19,46,2.8421052631578947,5,3.0,2.8
22,50,3.4545454545454546,6,4.181818181818182,2.5555555555555554
18,23,1.3333333333333333,2,5.5,1.8333333333333333
22,28,1.2727272727272727,2,5.5,1.8333333333333333
21,59,3.4761904761904763,6,4.0,3.111111111111111
22,80,4.136363636363637,8,4.375,3.6842105263157894
18,60,4.0,8,4.461538461538462,3.625
20,40,1.95,4,3.4285714285714284,2.4
23,44,1.7826086956521738,4,3.8333333333333335,1.9166666666666667
22,80,4.0,8,4.8125,4.052631578947368
23,40,2.217391304347826,4,6.5,2.0
21,34,2.238095238095238,4,5.4,1.588235294117647
21,75,3.9523809523809526,8,4.8,4.0
27,96,3.259259259259259,5,5.75,4.0
23,87,2.869565217391304,5,4.733333333333333,3.736842105263158
25,73,3.52,6,4.909090909090909,2.5714285714285716
20,30,4.05,6,4.666666666666667,1.5555555555555556
22,56,4.181818181818182,8,4.2727272727272725,2.35
23,62,3.217391304347826,7,3.5454545454545454,2.2941176470588234
25,78,3.88,7,4.933333333333334,3.3636363636363638
22,79,2.772727272727273,6,4.411764705882353,3.9473684210526314
20,30,4.05,6,4.666666666666667,1.5555555555555556
24,61,3.8333333333333335,6,4.384615384615385,2.7142857142857144
24,85,3.5,7,3.7222222222222223,3.35
23,68,2.9565217391304346,5,4.2,3.3157894736842106
19,29,3.9473684210526314,6,4.5,1.588235294117647
24,87,3.5,7,4.611111111111111,4.15
23,93,3.347826086956522,7,5.117647058823529,4.578947368421052
25,99,3.56,7,4.5,4.285714285714286
19,29,3.9473684210526314,6,4.5,1.588235294117647
20,64,2.6,5,4.285714285714286,3.5294117647058822
22,55,2.590909090909091,6,3.6666666666666665,2.357142857142857
25,76,3.68,6,4.235294117647059,3.272727272727273
22,77,2.772727272727273,6,4.294117647058823,3.8421052631578947
20,30,4.05,6,4.666666666666667,1.5555555555555556
27,96,3.4444444444444446,6,7.0,3.9565217391304346
25,113,4.08,8,4.476190476190476,4.2727272727272725
24,104,3.9166666666666665,7,4.4,4.190476190476191
22,64,2.727272727272727,5,4.0,3.3333333333333335
18,51,3.1666666666666665,6,4.0,2.857142857142857
20,30,4.05,6,4.666666666666667,1.5555555555555556
22,71,2.5,4,4.785714285714286,3.526315789473684
29,98,3.310344827586207,6,5.8125,3.72
20,30,4.05,6,4.666666666666667,1.5555555555555556
21,57,2.4761904761904763,4,4.555555555555555,2.5625
25,76,2.84,5,4.733333333333333,3.380952380952381
24,69,3.6666666666666665,6,4.333333333333333,3.0952380952380953
18,46,2.611111111111111,5,3.0,2.8
20,30,4.05,6,4.666666666666667,1.5555555555555556
25,95,3.52,6,6.3076923076923075,3.727272727272727
21,56,2.857142857142857,5,3.25,3.0588235294117645
20,30,4.05,6,4.666666666666667,1.5555555555555556
26,126,3.8076923076923075,7,5.666666666666667,5.409090909090909
26,83,3.076923076923077,6,5.571428571428571,3.5454545454545454
25,87,3.24,6,4.25,3.238095238095238
23,101,4.434782608695652,7,6.1875,4.714285714285714
19,51,3.263157894736842,6,3.9166666666666665,2.9375
16,28,2.25,4,3.0,1.5
15,32,2.466666666666667,4,2.6363636363636362,2.4166666666666665
20,44,3.35,6,4.222222222222222,2.111111111111111
17,20,1.3529411764705883,2,4.0,1.3333333333333333
20,23,1.3,2,4.0,1.3333333333333333
16,34,3.3125,6,3.4444444444444446,2.2142857142857144
22,41,1.6818181818181819,3,3.5714285714285716,2.0833333333333335
19,45,2.3684210526315788,4,3.625,2.230769230769231
19,62,3.526315789473684,6,4.25,3.4
23,89,3.260869565217391,6,3.9444444444444446,3.736842105263158
23,54,2.1739130434782608,4,3.6666666666666665,2.2
23,84,3.869565217391304,6,5.214285714285714,3.65
24,56,2.3333333333333335,5,3.090909090909091,2.125
24,103,4.083333333333333,8,5.444444444444445,4.666666666666667
24,39,1.7916666666666667,4,4.5,1.8
18,27,2.0555555555555554,3,4.75,1.3571428571428572
22,65,4.2272727272727275,8,4.2,3.15
24,65,3.125,7,3.5,2.3333333333333335
26,81,3.6153846153846154,7,5.066666666666666,3.4545454545454546
23,76,2.9130434782608696,6,4.0,3.6
20,30,4.05,6,4.666666666666667,1.5555555555555556
27,78,3.074074074074074,5,5.615384615384615,3.1739130434782608
23,81,3.0434782608695654,5,4.4375,3.55
20,30,4.05,6,4.666666666666667,1.5555555555555556
26,75,3.8076923076923075,7,4.6,3.0
24,70,3.1666666666666665,6,4.0,2.4
20,30,4.05,6,4.666666666666667,1.5555555555555556
24,116,3.6666666666666665,7,6.055555555555555,5.45
27,100,3.4074074074074074,6,5.588235294117647,4.130434782608695
24,89,3.0833333333333335,6,4.733333333333333,3.55
21,45,3.3333333333333335,6,3.888888888888889,1.8421052631578947
18,30,2.9444444444444446,5,4.0,1.4285714285714286
23,46,3.217391304347826,5,3.0,1.4210526315789473
24,71,4.0,7,4.785714285714286,3.1904761904761907
22,62,2.9545454545454546,5,3.6666666666666665,3.0555555555555554
24,76,3.4166666666666665,6,3.7857142857142856,2.65
19,28,4.052631578947368,6,4.333333333333333,1.5294117647058822
22,62,4.181818181818182,8,4.076923076923077,2.65
23,64,3.217391304347826,7,4.555555555555555,2.411764705882353
25,85,3.96,7,4.9375,3.590909090909091
23,78,2.869565217391304,6,4.0,3.789473684210526
19,29,4.052631578947368,6,4.5,1.588235294117647
27,84,4.0,6,4.9375,3.2916666666666665
25,109,3.72,7,4.55,4.333333333333333
23,70,2.652173913043478,5,4.266666666666667,3.3684210526315788
20,31,4.05,6,4.833333333333333,1.6111111111111112
25,97,3.48,7,4.842105263157895,4.380952380952381
25,103,3.64,7,5.388888888888889,4.619047619047619
27,134,3.814814814814815,7,5.590909090909091,5.3478260869565215
30,121,4.1,7,5.444444444444445,3.769230769230769
21,37,3.9523809523809526,6,5.666666666666667,1.7894736842105263
26,151,3.8076923076923075,7,6.714285714285714,6.409090909090909
27,108,3.6666666666666665,6,6.0,4.434782608695652
24,105,3.4166666666666665,6,4.944444444444445,4.45
22,54,3.6818181818181817,7,4.2727272727272725,2.473684210526316
18,32,2.4444444444444446,4,3.8,1.4615384615384615
23,46,3.9130434782608696,6,6.142857142857143,2.15
23,55,3.782608695652174,6,4.0,2.6
28,159,3.9285714285714284,7,6.0,5.75
25,74,2.8,5,4.117647058823529,3.3333333333333335
20,32,3.65,5,6.0,1.6666666666666667
24,54,3.8333333333333335,6,4.545454545454546,2.380952380952381
27,141,3.814814814814815,7,5.217391304347826,5.217391304347826
23,78,3.3043478260869565,6,4.176470588235294,3.55
26,81,3.0384615384615383,5,5.428571428571429,3.4545454545454546
23,70,2.652173913043478,5,4.5,3.3157894736842106
21,66,2.619047619047619,5,4.2,3.5
19,30,3.9473684210526314,6,4.666666666666667,1.6470588235294117
24,76,2.8333333333333335,6,4.909090909090909,3.176470588235294
28,131,3.6785714285714284,7,5.833333333333333,4.565217391304348
27,88,3.111111111111111,5,5.6,3.652173913043478
19,54,3.473684210526316,7,4.0,2.823529411764706
19,49,2.5789473684210527,5,3.0,3.0
18,32,2.2777777777777777,4,3.8,1.7272727272727273
20,32,4.05,6,5.0,1.6666666666666667
23,84,2.608695652173913,5,5.0,4.2105263157894735
29,104,3.3793103448275863,6,5.5,3.96
19,29,3.9473684210526314,6,4.5,1.588235294117647
24,46,1.375,2,7.333333333333333,2.4444444444444446
29,85,3.103448275862069,5,6.666666666666667,3.2
23,62,3.652173913043478,6,3.8666666666666667,2.9
21,65,2.7142857142857144,5,4.133333333333334,3.4444444444444446
23,60,3.130434782608696,6,3.6153846153846154,2.238095238095238
22,54,3.4545454545454546,6,4.166666666666667,2.7777777777777777
18,23,1.3333333333333333,2,5.5,1.8333333333333333
21,26,1.2857142857142858,2,5.5,1.8333333333333333
20,57,3.7,6,4.909090909090909,3.176470588235294
22,62,2.6363636363636362,4,4.363636363636363,2.6666666666666665
21,68,3.142857142857143,6,4.25,3.1875
22,74,3.409090909090909,5,5.666666666666667,3.5789473684210527
23,59,2.391304347826087,5,3.5454545454545454,2.2941176470588234
18,45,2.111111111111111,4,4.857142857142857,2.6153846153846154
21,30,1.7619047619047619,4,4.25,1.8888888888888888
20,33,2.05,3,6.0,1.6
21,70,3.6666666666666665,7,4.785714285714286,3.7222222222222223
23,61,2.739130434782609,6,3.25,2.4375
28,92,3.5,6,5.866666666666666,3.6666666666666665
25,103,3.56,7,5.0588235294117645,4.095238095238095
22,67,2.5454545454545454,5,4.2,3.5
28,94,3.6785714285714284,6,5.4375,3.625
24,83,2.875,5,4.6875,3.75
19,29,3.9473684210526314,6,4.5,1.588235294117647
25,89,2.88,6,6.4,3.5555555555555554
27,92,3.2962962962962963,6,4.888888888888889,3.8260869565217392
24,85,3.25,6,4.533333333333333,3.4
21,60,2.6666666666666665,5,3.7333333333333334,3.2941176470588234
20,30,4.05,6,4.666666666666667,1.5555555555555556
28,108,3.607142857142857,7,5.0,3.4782608695652173
27,73,3.1481481481481484,5,5.230769230769231,2.9565217391304346
23,63,3.608695652173913,6,3.933333333333333,2.95
22,69,2.6818181818181817,5,3.0,2.6842105263157894
20,48,2.8,5,3.3846153846153846,2.75
23,61,3.5217391304347827,7,4.2727272727272725,2.35
20,30,4.05,6,4.666666666666667,1.5555555555555556
25,61,3.92,6,5.181818181818182,2.590909090909091
21,32,1.8571428571428572,4,3.25,1.4444444444444444
22,66,2.6818181818181817,5,3.1176470588235294,2.789473684210526
19,29,3.9473684210526314,6,4.5,1.588235294117647
22,73,2.6363636363636362,5,4.928571428571429,3.6315789473684212
23,58,2.739130434782609,6,3.888888888888889,2.3333333333333335
26,87,2.6923076923076925,5,4.823529411764706,3.727272727272727
25,90,3.08,6,4.4375,3.380952380952381
22,64,2.6818181818181817,5,4.0,3.3333333333333335
25,111,3.92,7,4.9,4.454545454545454
25,77,3.04,5,4.235294117647059,3.4285714285714284
18,50,2.7777777777777777,5,3.1666666666666665,2.7142857142857144
16,35,2.5,5,2.5833333333333335,2.5833333333333335
30,114,3.933333333333333,7,5.8125,3.576923076923077
19,29,3.9473684210526314,6,4.5,1.588235294117647
16,19,1.375,2,3.5,1.1666666666666667
25,77,3.0,5,5.538461538461538,3.4285714285714284
23,66,2.9130434782608696,5,4.6923076923076925,3.210526315789474
21,57,2.6666666666666665,5,3.076923076923077,2.2222222222222223
19,29,3.9473684210526314,6,4.5,1.588235294117647
20,49,3.3,5,5.25,2.4705882352941178
27,101,3.6666666666666665,6,5.0,3.260869565217391
29,125,3.7241379310344827,7,5.086956521739131,4.68
19,62,2.8421052631578947,5,4.076923076923077,3.3125
19,42,2.789473684210526,5,3.8,2.533333333333333
18,46,3.0555555555555554,6,3.1538461538461537,2.9285714285714284
29,115,3.896551724137931,7,4.85,3.88
19,29,3.9473684210526314,6,4.5,1.588235294117647
24,85,2.9583333333333335,6,5.4,3.857142857142857
25,65,2.92,6,3.6363636363636362,2.2222222222222223
24,79,2.6666666666666665,5,4.411764705882353,3.75
20,30,4.05,6,4.666666666666667,1.5555555555555556
24,51,3.25,5,3.5,1.4
28,94,3.2142857142857144,6,5.933333333333334,3.7083333333333335
21,50,2.857142857142857,5,4.1,2.1578947368421053
26,98,3.0,6,5.0,4.090909090909091
24,53,3.25,6,4.555555555555555,2.05
17,22,1.2941176470588236,2,4.5,1.8
21,25,1.2380952380952381,2,4.0,1.6
21,50,3.2857142857142856,6,4.5,2.5
22,85,3.6363636363636362,8,4.117647058823529,3.888888888888889
21,45,1.7619047619047619,3,3.857142857142857,2.076923076923077
25,102,3.92,7,5.8,4.142857142857143
23,43,1.565217391304348,3,3.2857142857142856,2.3
25,105,4.12,8,5.555555555555555,4.545454545454546
24,38,1.7916666666666667,4,4.25,1.7
17,27,1.9411764705882353,3,4.5,1.5
21,60,4.333333333333333,8,3.8666666666666667,3.0526315789473686
23,73,3.8260869565217392,7,3.923076923076923,2.55
25,78,3.12,6,3.7222222222222223,3.1904761904761907
24,67,3.1666666666666665,6,4.090909090909091,2.25
18,28,3.9444444444444446,6,4.166666666666667,1.5625
25,89,3.56,6,5.466666666666667,3.9047619047619047
18,39,3.2222222222222223,7,3.3,2.357142857142857
21,59,3.4285714285714284,6,4.153846153846154,3.0
17,22,1.6470588235294117,4,2.5,1.4285714285714286
22,62,2.9545454545454546,6,3.6875,3.1052631578947367
29,106,3.689655172413793,7,5.0,3.2
19,29,3.9473684210526314,6,4.5,1.588235294117647
24,94,3.1666666666666665,7,5.5,3.85
26,78,3.076923076923077,5,5.538461538461538,3.272727272727273
22,59,2.9545454545454546,5,3.3125,2.9444444444444446
22,50,3.227272727272727,5,4.625,1.9473684210526316
19,34,3.1578947368421053,5,4.8,1.5
22,74,4.0,8,4.909090909090909,2.8421052631578947
27,100,3.7037037037037037,7,5.055555555555555,3.9565217391304346
21,48,3.2857142857142856,6,3.8,2.111111111111111
19,36,3.1578947368421053,5,3.5714285714285716,1.5625
23,90,3.5652173913043477,7,5.0,3.75
26,83,3.0384615384615383,5,5.428571428571429,3.4545454545454546
25,80,3.44,6,4.529411764705882,3.5
20,35,3.95,6,5.5,1.8333333333333333
24,92,4.083333333333333,8,4.631578947368421,4.190476190476191
27,108,3.5925925925925926,7,5.722222222222222,4.478260869565218
29,125,3.7586206896551726,7,5.666666666666667,4.76
19,34,3.9473684210526314,6,5.166666666666667,1.8235294117647058
26,138,3.8461538461538463,8,6.0,5.181818181818182
27,93,3.1481481481481484,5,5.866666666666666,3.8260869565217392
24,79,2.75,5,4.5,3.6
22,63,2.6818181818181817,5,3.933333333333333,3.2777777777777777
19,33,3.9473684210526314,6,5.166666666666667,1.8235294117647058
24,90,3.5,7,4.722222222222222,4.25
26,104,3.5,7,5.764705882352941,4.454545454545454
27,110,3.6666666666666665,7,5.15,4.478260869565218
23,83,3.3043478260869565,6,4.125,3.473684210526316
19,30,3.9473684210526314,6,4.666666666666667,1.6470588235294117
24,57,3.75,6,4.076923076923077,2.5238095238095237
24,98,3.7083333333333335,7,4.052631578947368,3.85
24,90,3.375,6,4.764705882352941,3.857142857142857
23,79,2.782608695652174,5,4.8,3.789473684210526
23,56,3.4347826086956523,6,4.083333333333333,2.5789473684210527
19,34,3.0,5,3.75,1.7647058823529411
24,68,4.291666666666667,7,4.2,2.8636363636363638
26,125,4.038461538461538,7,5.35,4.6521739130434785
20,32,4.05,6,5.0,1.6666666666666667
24,84,3.5,7,4.444444444444445,4.0
24,93,3.25,6,5.176470588235294,4.4
27,121,3.5925925925925926,7,5.380952380952381,4.913043478260869
20,32,4.05,6,5.0,1.6666666666666667
25,104,3.72,7,5.388888888888889,4.619047619047619
25,89,2.92,6,5.0,3.8636363636363638
27,129,3.6296296296296298,6,5.25,4.565217391304348
25,80,3.2,5,5.066666666666666,3.619047619047619
24,75,3.2083333333333335,7,4.0,3.4285714285714284
16,37,2.5,5,2.75,2.75
19,29,3.9473684210526314,6,4.5,1.588235294117647
27,105,3.5925925925925926,7,5.875,3.9166666666666665
22,65,2.5454545454545454,5,4.066666666666666,3.388888888888889
27,86,3.8518518518518516,7,5.214285714285714,3.1739130434782608
19,29,3.9473684210526314,6,4.5,1.588235294117647
25,91,3.48,7,4.833333333333333,4.142857142857143
24,97,3.4166666666666665,7,5.235294117647059,4.45
27,119,3.5185185185185186,7,5.6,4.869565217391305
19,29,3.9473684210526314,6,4.5,1.588235294117647
25,69,4.08,7,4.642857142857143,2.9545454545454546
24,75,3.0,6,3.5,3.111111111111111
24,73,2.7083333333333335,5,4.6,3.45
19,29,3.9473684210526314,6,4.5,1.588235294117647
23,45,3.0434782608695654,5,3.2857142857142856,1.2777777777777777
27,86,3.074074074074074,5,5.785714285714286,3.5217391304347827
20,30,4.05,6,4.666666666666667,1.5555555555555556
17,21,1.4705882352941178,3,2.6666666666666665,1.1428571428571428
25,75,3.0,5,4.733333333333333,3.380952380952381
19,37,2.4210526315789473,4,3.8,1.5833333333333333
20,58,2.6,5,3.9285714285714284,3.235294117647059
24,84,3.0416666666666665,6,4.055555555555555,3.65
16,36,2.5,5,2.6666666666666665,2.6666666666666665
17,50,3.1176470588235294,5,4.0,3.142857142857143
17,42,3.411764705882353,6,3.1666666666666665,2.7142857142857144
15,25,2.0,4,2.6,1.625
24,69,3.3333333333333335,6,4.25,2.4285714285714284
19,31,2.526315789473684,4,4.142857142857143,1.7058823529411764
22,60,4.136363636363637,7,4.833333333333333,2.9
21,31,1.7142857142857142,4,3.0,1.5
22,69,2.6818181818181817,5,3.2941176470588234,2.9473684210526314
19,29,3.9473684210526314,6,4.5,1.588235294117647
28,91,3.7857142857142856,7,5.8,3.625
27,134,4.407407407407407,8,5.619047619047619,4.916666666666667
19,29,3.9473684210526314,6,4.5,1.588235294117647
23,42,2.869565217391304,5,4.2,1.2352941176470589
28,90,3.2142857142857144,6,5.666666666666667,3.5416666666666665
19,28,4.052631578947368,6,4.333333333333333,1.5294117647058822
17,20,1.3529411764705883,2,3.5,1.1666666666666667
26,84,3.0384615384615383,5,4.647058823529412,3.590909090909091
19,36,2.263157894736842,4,3.6,1.6363636363636365
20,59,2.6,5,3.9285714285714284,3.235294117647059
23,82,3.0,6,4.176470588235294,3.736842105263158
16,36,2.5,5,2.6666666666666665,2.6666666666666665
18,56,3.111111111111111,5,4.545454545454546,3.3333333333333335
16,40,3.25,6,3.272727272727273,2.769230769230769
16,28,2.125,4,2.8,1.5555555555555556
31,122,4.064516129032258,7,6.176470588235294,3.888888888888889
19,29,3.9473684210526314,6,4.5,1.588235294117647
22,61,4.363636363636363,8,4.166666666666667,2.5
24,62,2.7916666666666665,6,4.222222222222222,2.375
26,77,3.0384615384615383,5,3.8333333333333335,3.1363636363636362
19,29,3.9473684210526314,6,4.5,1.588235294117647
21,75,2.6666666666666665,5,4.4375,4.176470588235294
23,53,2.4347826086956523,6,4.285714285714286,2.142857142857143
26,87,2.769230769230769,5,4.823529411764706,3.727272727272727
19,30,1.9473684210526316,4,3.0,1.6666666666666667
19,28,4.052631578947368,6,4.333333333333333,1.5294117647058822
24,50,3.3333333333333335,6,3.4444444444444446,1.55
26,78,3.0384615384615383,5,5.615384615384615,3.3181818181818183
19,28,4.052631578947368,6,4.333333333333333,1.5294117647058822
27,70,3.962962962962963,6,5.076923076923077,2.75
25,83,3.08,6,3.5,3.0
21,74,3.5714285714285716,6,4.333333333333333,3.611111111111111
23,76,2.782608695652174,5,4.6,3.6315789473684212
24,55,3.4583333333333335,6,4.090909090909091,2.25
17,21,1.2941176470588236,2,4.0,1.6
21,26,1.2380952380952381,2,4.0,1.6
17,38,3.3529411764705883,5,4.125,2.357142857142857
22,62,3.0,5,4.4,2.588235294117647
24,97,3.5,5,6.75,3.857142857142857
23,97,3.5217391304347827,7,5.0,3.75
22,61,2.3181818181818183,4,3.25,2.4375
19,64,3.1578947368421053,6,4.076923076923077,3.533333333333333
22,84,4.0,8,3.45,3.45
24,60,2.2083333333333335,4,3.7,2.3125
25,112,4.2,8,5.833333333333333,4.7727272727272725
25,42,1.76,4,4.25,1.7
17,29,2.411764705882353,4,5.25,1.6153846153846154
22,58,4.136363636363637,7,4.5,2.7
18,27,3.9444444444444446,6,4.166666666666667,1.5625
22,75,3.9545454545454546,8,4.5,2.8421052631578947
30,112,3.433333333333333,6,6.625,4.076923076923077
24,103,3.7083333333333335,7,5.0,4.25
23,68,3.608695652173913,6,4.2,3.15
23,78,3.5217391304347827,7,3.7058823529411766,3.3157894736842106
21,62,2.6666666666666665,5,3.7857142857142856,2.9444444444444446
30,124,4.1,7,6.0,3.923076923076923
20,33,3.95,6,5.166666666666667,1.7222222222222223
21,70,4.0,8,4.466666666666667,3.7222222222222223
25,87,3.84,6,4.764705882352941,3.6818181818181817
22,73,2.9545454545454546,6,3.7222222222222223,3.526315789473684
22,62,2.727272727272727,5,3.7333333333333334,3.111111111111111
21,47,3.238095238095238,6,3.888888888888889,1.9444444444444444
26,92,3.0,6,4.944444444444445,3.869565217391304
24,75,4.125,7,5.0,2.9545454545454546
22,64,3.5,6,4.285714285714286,3.1578947368421053
23,77,2.652173913043478,5,4.5625,3.8421052631578947
20,33,4.05,6,5.166666666666667,1.7222222222222223
23,57,3.8260869565217392,6,4.416666666666667,2.65
28,143,3.892857142857143,7,5.761904761904762,5.041666666666667
25,77,2.76,5,4.055555555555555,3.4761904761904763
20,32,4.05,6,5.0,1.6666666666666667
22,68,2.6818181818181817,5,4.909090909090909,3.375
26,82,3.0384615384615383,5,6.416666666666667,3.5
24,76,2.9583333333333335,5,5.461538461538462,3.55
21,72,3.1904761904761907,6,3.8666666666666667,3.411764705882353
20,30,4.05,6,4.666666666666667,1.5555555555555556
22,61,2.6363636363636362,5,3.8333333333333335,2.875
27,74,3.1481481481481484,5,4.928571428571429,3.0
23,76,2.782608695652174,6,4.294117647058823,3.65
25,67,3.12,5,4.2,3.0
19,50,2.4210526315789473,5,3.5384615384615383,2.875
22,47,3.1818181818181817,6,3.5833333333333335,2.388888888888889
20,60,3.55,7,3.6666666666666665,3.4375
16,30,2.5,5,2.4285714285714284,1.5454545454545454
16,36,2.625,5,2.4615384615384617,2.6666666666666665
20,59,3.1,6,3.3333333333333335,3.125
19,49,2.5789473684210527,5,3.8181818181818183,2.8
29,100,3.8620689655172415,7,4.578947368421052,3.48
19,29,3.9473684210526314,6,4.5,1.588235294117647
24,101,3.8333333333333335,7,5.222222222222222,4.7
24,73,3.6666666666666665,7,5.0,2.857142857142857
25,73,3.08,6,4.928571428571429,3.2857142857142856
22,57,3.590909090909091,6,4.076923076923077,2.789473684210526
24,76,3.2083333333333335,7,4.055555555555555,3.4761904761904763
19,29,3.9473684210526314,6,4.5,1.588235294117647
23,78,2.6956521739130435,5,4.6875,3.75
29,100,3.310344827586207,6,5.588235294117647,3.8
26,85,3.923076923076923,7,4.705882352941177,3.6363636363636362
22,54,3.5,6,4.777777777777778,2.263157894736842
21,35,3.0476190476190474,5,4.571428571428571,1.6842105263157894
19,58,3.6315789473684212,6,4.5,3.375
24,68,3.875,6,4.923076923076923,3.0476190476190474
16,19,1.5,3,4.0,1.1428571428571428
16,20,1.5625,3,3.0,1.2857142857142858
21,57,3.5714285714285716,6,4.076923076923077,2.9444444444444446
20,67,3.6,7,3.9285714285714284,3.4375
17,38,2.5294117647058822,5,2.6153846153846154,2.6153846153846154
21,49,3.4761904761904763,6,4.0,2.3157894736842106
18,31,2.7222222222222223,4,3.6666666666666665,1.5714285714285714
25,87,3.2,6,4.368421052631579,3.9523809523809526
26,103,3.6538461538461537,7,5.444444444444445,4.454545454545454
27,113,3.5925925925925926,7,5.05,4.391304347826087
19,31,3.9473684210526314,6,4.666666666666667,1.6470588235294117
25,63,3.88,6,4.538461538461538,2.6818181818181817
24,83,2.9583333333333335,6,4.0625,3.25
23,68,2.652173913043478,5,4.266666666666667,3.3684210526315788
19,29,3.9473684210526314,6,4.5,1.588235294117647
25,91,3.48,6,6.153846153846154,3.6363636363636362
23,61,3.608695652173913,6,3.8,2.85
22,70,2.8636363636363638,5,3.857142857142857,3.0
25,90,3.76,7,4.631578947368421,3.8260869565217392
16,35,2.5,5,2.5833333333333335,2.5833333333333335
22,72,2.6363636363636362,5,3.6470588235294117,3.4444444444444446
19,64,3.210526315789474,7,3.6,3.6
21,55,3.238095238095238,6,3.3333333333333335,2.9411764705882355
22,70,3.3636363636363638,6,4.2,3.5
19,47,2.5789473684210527,5,3.8,2.533333333333333
18,28,4.055555555555555,6,4.333333333333333,1.625
24,66,2.4166666666666665,5,4.666666666666667,2.8
29,107,3.4482758620689653,6,5.666666666666667,4.08
23,62,2.782608695652174,5,3.4615384615384617,2.3684210526315788
21,50,2.857142857142857,5,3.1538461538461537,2.1578947368421053
22,65,3.6818181818181817,6,4.066666666666666,3.210526315789474
20,57,2.95,6,3.0714285714285716,2.6875
22,61,2.6363636363636362,5,3.066666666666667,2.4210526315789473
25,61,3.6,6,4.076923076923077,2.5238095238095237
17,21,1.2941176470588236,2,4.5,1.8
21,24,1.2380952380952381,2,4.0,1.6
17,38,3.3529411764705883,5,4.125,2.357142857142857
23,61,2.739130434782609,5,4.777777777777778,2.6875
23,88,3.4347826086956523,5,6.166666666666667,3.7
24,86,3.25,7,4.923076923076923,3.3684210526315788
24,64,2.25,4,2.8,2.3333333333333335
20,66,3.2,6,4.909090909090909,3.375
21,73,4.142857142857143,8,3.3333333333333335,3.1578947368421053
24,56,2.0416666666666665,4,3.4,2.2666666666666666
25,108,4.2,8,5.666666666666667,4.636363636363637
24,39,1.7916666666666667,4,4.5,1.8
18,28,1.9444444444444444,3,5.0,1.5384615384615385
25,92,4.2,8,4.888888888888889,4.0
25,78,3.6,7,4.3076923076923075,2.6666666666666665
20,30,4.05,6,4.666666666666667,1.5555555555555556
21,63,2.9523809523809526,6,4.454545454545454,3.0625
25,63,3.68,6,4.461538461538462,2.761904761904762
23,84,3.5217391304347827,7,4.3125,3.6315789473684212
22,69,2.6363636363636362,5,3.375,2.8421052631578947
24,72,2.9583333333333335,5,5.076923076923077,3.3
17,30,2.1176470588235294,4,3.0,1.5
19,29,3.9473684210526314,6,4.5,1.588235294117647
25,95,3.56,6,6.0,3.8181818181818183
23,68,2.5217391304347827,5,4.2,3.3157894736842106
27,92,3.888888888888889,7,4.933333333333334,3.217391304347826
19,28,4.052631578947368,6,4.333333333333333,1.5294117647058822
21,76,3.7142857142857144,7,4.866666666666666,4.055555555555555
28,107,3.857142857142857,7,6.0,4.25
16,22,1.625,3,3.25,1.4444444444444444
19,35,2.4210526315789473,4,4.0,1.6666666666666667
23,61,3.0,5,4.0,2.9473684210526314
20,54,3.0,6,3.6923076923076925,3.0
20,60,2.95,6,3.5,3.0625
19,28,4.052631578947368,6,4.333333333333333,1.5294117647058822
22,64,3.0,5,5.1,3.0
27,122,3.888888888888889,7,5.333333333333333,4.173913043478261
26,85,3.076923076923077,6,4.9375,3.590909090909091
21,74,3.5238095238095237,6,4.4,3.6666666666666665
23,61,3.1739130434782608,5,4.3076923076923075,2.9473684210526314
19,53,2.789473684210526,5,3.6153846153846154,3.1333333333333333
24,76,3.5416666666666665,6,3.6666666666666665,2.619047619047619
21,32,3.9523809523809526,6,5.0,1.5789473684210527
26,72,3.6153846153846154,6,4.533333333333333,2.9565217391304346
20,31,4.05,6,4.833333333333333,1.6111111111111112
22,61,4.136363636363637,8,3.8461538461538463,2.5
29,116,3.7586206896551726,7,5.7894736842105265,4.4
29,170,4.310344827586207,8,6.826086956521739,6.28
23,78,2.739130434782609,5,3.2941176470588234,2.9473684210526314
22,72,2.6818181818181817,5,3.5625,3.0
21,35,3.9523809523809526,6,5.5,1.736842105263158
26,85,3.1923076923076925,7,4.538461538461538,3.1052631578947367
25,92,4.0,7,5.117647058823529,3.9545454545454546
26,81,3.269230769230769,6,4.470588235294118,3.4545454545454546
25,89,3.04,6,5.3125,4.0476190476190474
23,75,4.173913043478261,7,4.923076923076923,3.0476190476190474
19,31,3.9473684210526314,6,4.833333333333333,1.7058823529411764
23,59,3.782608695652174,6,4.230769230769231,2.75
19,33,3.9473684210526314,6,5.166666666666667,1.8235294117647058
23,87,3.0869565217391304,6,4.882352941176471,4.368421052631579
27,147,3.888888888888889,7,6.1,5.304347826086956
26,82,3.230769230769231,5,5.2,3.5454545454545454
22,59,3.5454545454545454,6,3.9285714285714284,2.8947368421052633
22,75,2.9545454545454546,6,4.266666666666667,3.5555555555555554
19,30,3.5789473684210527,5,5.6,1.6470588235294117
28,93,3.4642857142857144,6,7.333333333333333,3.6666666666666665
27,136,4.481481481481482,8,5.304347826086956,5.083333333333333
20,32,4.05,6,5.0,1.6666666666666667
22,54,2.590909090909091,6,4.375,2.5
26,90,3.3461538461538463,6,4.777777777777778,3.909090909090909
21,67,3.0,5,3.8666666666666667,3.2222222222222223
28,88,3.6785714285714284,7,4.529411764705882,3.2083333333333335
19,30,3.9473684210526314,6,4.666666666666667,1.6470588235294117
24,72,2.5416666666666665,5,6.0,3.0
30,97,3.466666666666667,6,6.133333333333334,3.5384615384615383
24,83,3.5,7,3.611111111111111,3.25
19,32,2.4210526315789473,4,4.666666666666667,1.6470588235294117
18,47,3.3333333333333335,7,3.142857142857143,2.75
27,91,2.5925925925925926,4,5.4375,3.782608695652174
29,98,3.7241379310344827,6,6.0,3.12
26,90,3.3076923076923075,6,4.555555555555555,3.727272727272727
20,32,4.05,6,5.0,1.6666666666666667
15,19,1.6,3,3.0,1.2857142857142858
28,86,3.107142857142857,5,5.857142857142857,3.4166666666666665
20,44,2.65,4,5.0,1.7857142857142858
21,64,2.619047619047619,5,4.066666666666666,3.388888888888889
24,93,2.9166666666666665,6,4.555555555555555,4.1
22,64,2.6818181818181817,5,4.0,3.3333333333333335
20,30,4.05,6,4.666666666666667,1.5555555555555556
25,58,3.92,6,4.909090909090909,2.4545454545454546
21,33,1.8571428571428572,4,3.25,1.4444444444444444
22,71,2.6363636363636362,5,3.4705882352941178,3.1052631578947367
19,29,3.9473684210526314,6,4.5,1.588235294117647
23,42,2.869565217391304,5,3.8333333333333335,1.3529411764705883
27,86,3.074074074074074,5,5.857142857142857,3.5652173913043477
19,57,2.4210526315789473,4,3.857142857142857,3.375
19,29,3.9473684210526314,6,4.5,1.588235294117647
24,75,3.0833333333333335,6,5.1,2.6842105263157894
28,80,3.392857142857143,6,5.428571428571429,3.1666666666666665
24,68,3.375,6,4.0,3.2
24,84,3.25,6,4.1875,3.35
28,136,4.321428571428571,8,5.636363636363637,4.96
25,94,3.6,7,5.117647058823529,4.142857142857143
20,66,3.05,6,3.2941176470588234,3.5
24,59,3.625,6,4.230769230769231,2.75
17,21,1.3529411764705883,2,4.5,1.5
20,24,1.35,2,5.0,1.4285714285714286
15,35,3.533333333333333,6,3.875,2.3846153846153846
21,78,3.6666666666666665,7,4.214285714285714,3.2777777777777777
22,80,4.181818181818182,8,4.529411764705882,4.052631578947368
21,48,1.9523809523809523,3,7.0,2.5
15,32,2.7333333333333334,6,3.5714285714285716,2.5
23,63,2.3043478260869565,4,4.3,2.5294117647058822
24,66,2.125,4,3.8181818181818183,2.4705882352941178
25,103,4.2,8,5.444444444444445,4.454545454545454
23,35,1.6956521739130435,4,4.0,1.7777777777777777
20,29,2.05,3,5.25,1.4
21,61,4.333333333333333,8,4.214285714285714,3.1052631578947367
22,60,3.0454545454545454,7,3.1666666666666665,2.375
25,81,3.92,7,5.5,3.5
22,77,2.727272727272727,5,4.5625,3.8421052631578947
20,43,3.3,5,4.75,2.111111111111111
18,28,2.3333333333333335,4,4.25,1.5454545454545454
26,79,3.8076923076923075,6,5.076923076923077,2.869565217391304
18,31,3.5555555555555554,5,5.2,1.625
26,114,3.8076923076923075,7,5.777777777777778,4.7272727272727275
24,68,3.0,6,5.25,3.15
24,68,3.0,5,3.9375,3.15
24,79,3.5,6,4.615384615384615,3.0
17,24,1.9411764705882353,3,4.0,1.3333333333333333
22,75,3.8181818181818183,7,5.461538461538462,3.736842105263158
24,69,3.0833333333333335,6,4.0,3.2
19,33,4.052631578947368,6,4.333333333333333,1.5294117647058822
23,70,2.9565217391304346,6,4.7,2.764705882352941
28,103,3.357142857142857,6,5.157894736842105,4.083333333333333
22,68,3.0454545454545454,6,4.2,3.5
17,45,2.6470588235294117,5,2.7857142857142856,2.7857142857142856
19,29,4.052631578947368,6,4.333333333333333,1.5294117647058822
25,103,3.64,6,6.066666666666666,4.136363636363637
21,53,2.857142857142857,5,3.769230769230769,2.8823529411764706
19,29,4.052631578947368,6,4.5,1.588235294117647
25,99,2.8,5,5.222222222222222,4.476190476190476
32,177,4.5,8,6.76,6.035714285714286
21,65,2.7142857142857144,5,3.8125,3.388888888888889
25,75,3.0,5,4.375,3.3333333333333335
21,61,2.857142857142857,6,3.2857142857142856,2.7058823529411766
21,48,3.4761904761904763,6,4.666666666666667,2.210526315789474
18,29,2.1666666666666665,4,3.2,1.4545454545454546
19,49,3.0,6,4.2,3.230769230769231
30,152,4.133333333333334,8,6.173913043478261,5.461538461538462
20,58,2.75,5,3.6,3.176470588235294
20,38,3.55,5,3.875,1.7222222222222223
22,78,2.6818181818181817,5,4.933333333333334,3.8947368421052633
22,58,2.8636363636363638,7,3.272727272727273,2.4
26,80,3.0384615384615383,5,4.111111111111111,3.3636363636363638
19,29,4.052631578947368,6,4.5,1.588235294117647
26,130,3.8076923076923075,7,5.857142857142857,5.590909090909091
22,67,3.909090909090909,7,3.9285714285714284,2.75
27,96,3.3703703703703702,6,5.055555555555555,3.9565217391304346
23,76,3.0,6,3.5,2.9473684210526314
23,70,2.6956521739130435,5,3.3125,2.65
19,28,4.052631578947368,6,4.333333333333333,1.5294117647058822
31,153,4.387096774193548,8,6.590909090909091,5.37037037037037
23,80,4.086956521739131,8,4.6875,3.75
28,91,4.071428571428571,7,5.538461538461538,3.0
19,28,4.052631578947368,6,4.333333333333333,1.5294117647058822
26,101,2.6923076923076925,5,5.647058823529412,4.363636363636363
27,128,3.8518518518518516,7,5.1,4.434782608695652
23,69,3.782608695652174,6,4.333333333333333,3.25
23,65,3.1739130434782608,6,4.285714285714286,3.1578947368421053
18,46,2.5555555555555554,5,2.7333333333333334,2.9285714285714284
20,57,3.0,6,3.923076923076923,3.1875
19,63,2.736842105263158,5,4.0,3.466666666666667
27,87,3.7777777777777777,7,4.333333333333333,2.8260869565217392
18,32,2.9444444444444446,5,3.7142857142857144,1.625
22,77,3.909090909090909,7,4.933333333333334,3.8947368421052633
24,88,4.375,8,5.153846153846154,3.0454545454545454
28,109,3.4642857142857144,6,5.315789473684211,4.208333333333333
20,37,3.95,6,5.166666666666667,1.7222222222222223
25,120,4.0,7,6.5625,4.7727272727272725
24,78,3.75,6,4.8,3.4285714285714284
24,89,3.4583333333333335,7,4.2,4.0
27,91,3.2962962962962963,6,5.117647058823529,3.782608695652174
29,117,3.7586206896551726,7,5.65,4.52
24,103,3.6666666666666665,7,5.176470588235294,4.4
19,31,3.9473684210526314,6,4.833333333333333,1.7058823529411764
22,58,4.136363636363637,8,3.857142857142857,2.7
30,98,3.2666666666666666,5,5.529411764705882,3.6153846153846154
27,136,3.7777777777777777,7,5.0,5.0
16,25,1.75,4,2.6,1.8571428571428572
26,85,3.0384615384615383,5,5.333333333333333,3.6363636363636362
20,60,3.05,5,3.857142857142857,3.176470588235294
16,35,2.625,5,2.5833333333333335,2.5833333333333335
20,32,4.05,6,5.0,1.6666666666666667
22,51,2.5454545454545454,6,4.125,2.357142857142857
29,99,3.1379310344827585,5,5.277777777777778,3.8
24,96,3.2083333333333335,6,4.588235294117647,3.9
22,63,2.6818181818181817,5,3.933333333333333,3.2777777777777777
28,93,3.857142857142857,7,4.823529411764706,3.4166666666666665
21,35,3.0476190476190474,5,4.714285714285714,1.736842105263158
21,45,4.095238095238095,7,3.5833333333333335,2.263157894736842
22,34,1.8181818181818181,4,3.25,1.4444444444444444
23,80,2.8260869565217392,6,3.7222222222222223,3.35
24,67,3.5,6,4.153846153846154,2.7
19,29,3.9473684210526314,6,4.5,1.588235294117647
22,61,2.8181818181818183,6,3.923076923076923,2.6842105263157894
25,67,3.08,6,3.7058823529411766,3.0
19,29,3.9473684210526314,6,4.5,1.588235294117647
23,50,3.739130434782609,6,4.2727272727272725,2.35
25,115,3.6,7,4.523809523809524,4.523809523809524
24,90,3.2083333333333335,7,4.388888888888889,3.95
19,29,3.9473684210526314,6,4.5,1.588235294117647
26,130,3.6153846153846154,8,5.25,5.0
26,86,3.269230769230769,5,5.466666666666667,3.727272727272727
25,84,3.36,7,4.2631578947368425,3.6818181818181817
20,54,2.55,5,3.3333333333333335,3.125
21,68,2.761904761904762,5,3.8666666666666667,3.411764705882353
17,27,2.8823529411764706,5,2.5555555555555554,1.7692307692307692
18,41,2.9444444444444446,5,3.7777777777777777,2.125
22,66,2.9545454545454546,5,3.8125,3.388888888888889
23,68,3.0,5,3.9375,3.3157894736842106
21,59,2.6666666666666665,5,3.1333333333333333,2.611111111111111
31,115,4.032258064516129,7,5.833333333333333,3.888888888888889
18,28,4.055555555555555,6,4.333333333333333,1.625
25,99,3.12,6,5.111111111111111,4.380952380952381
27,86,3.074074074074074,5,6.230769230769231,3.5217391304347827
20,59,3.05,5,3.642857142857143,3.0
19,50,2.473684210526316,5,3.066666666666667,3.066666666666667
20,30,4.05,6,4.666666666666667,1.5555555555555556
15,20,1.6,3,2.6666666666666665,1.3333333333333333
23,56,2.6956521739130435,6,3.6666666666666665,2.2
27,86,2.7037037037037037,5,5.125,3.5652173913043477
24,74,2.7916666666666665,5,4.375,3.5
21,67,2.8095238095238093,5,4.333333333333333,3.0588235294117645
20,30,4.05,6,4.666666666666667,1.5555555555555556
28,98,3.5714285714285716,6,5.529411764705882,3.9166666666666665
24,87,2.875,6,4.333333333333333,3.9
19,29,3.9473684210526314,6,4.5,1.588235294117647
23,76,2.782608695652174,5,4.8,3.6
29,99,3.3448275862068964,6,5.529411764705882,3.76
22,57,2.8636363636363638,5,3.2142857142857144,2.25
23,68,3.608695652173913,6,4.0,3.2
22,67,2.9545454545454546,6,3.4,2.8333333333333335
22,62,2.6363636363636362,5,3.0,2.526315789473684
25,61,3.6,6,4.545454545454546,2.380952380952381
17,21,1.3529411764705883,2,4.5,1.5
20,24,1.3,2,5.0,1.6666666666666667
20,49,3.4,6,4.888888888888889,2.588235294117647
22,78,3.909090909090909,8,3.5294117647058822,3.1578947368421053
21,54,2.619047619047619,5,3.8,2.375
25,88,3.24,7,4.533333333333333,3.4
23,38,1.3043478260869565,2,5.666666666666667,2.4285714285714284
24,96,4.208333333333333,8,5.111111111111111,4.380952380952381
24,40,1.7916666666666667,4,4.75,1.9
18,29,1.9444444444444444,3,5.5,1.6923076923076923
21,72,3.6666666666666665,7,4.857142857142857,3.7777777777777777
22,61,2.8636363636363638,7,3.076923076923077,2.6666666666666665
24,71,2.6666666666666665,5,4.125,3.3
21,55,2.857142857142857,5,3.5714285714285716,2.9411764705882355
29,99,3.8620689655172415,7,5.75,3.68
22,78,3.590909090909091,7,4.5,3.5
22,65,2.6363636363636362,5,3.5294117647058822,3.3333333333333335
19,29,3.9473684210526314,6,4.5,1.588235294117647
22,60,2.227272727272727,4,4.181818181818182,2.875
29,144,3.896551724137931,7,5.913043478260869,5.44
24,81,2.75,5,4.733333333333333,3.55
21,54,2.857142857142857,5,3.769230769230769,2.8823529411764706
20,30,4.05,6,4.666666666666667,1.5555555555555556
22,55,4.090909090909091,8,3.8181818181818183,2.1
29,110,3.793103448275862,7,5.526315789473684,4.2
21,66,2.6666666666666665,5,3.5294117647058822,3.3333333333333335
24,69,3.2916666666666665,6,3.857142857142857,2.4545454545454546
27,77,3.3333333333333335,6,4.5,3.130434782608696
16,28,2.25,4,3.5,1.4
23,68,3.5217391304347827,6,4.166666666666667,2.5
20,30,4.05,6,4.666666666666667,1.5555555555555556
24,92,3.5,7,4.578947368421052,4.35
22,82,3.227272727272727,7,4.6875,4.166666666666667
27,126,3.8518518518518516,8,5.2272727272727275,5.0
19,28,4.052631578947368,6,4.333333333333333,1.5294117647058822
22,57,4.090909090909091,8,3.75,2.25
29,103,3.3448275862068964,6,6.533333333333333,3.92
25,95,3.08,6,4.75,3.619047619047619
25,76,2.64,5,4.733333333333333,3.380952380952381
20,30,4.05,6,4.666666666666667,1.5555555555555556
24,79,2.8333333333333335,6,3.8125,3.05
24,69,2.625,5,4.571428571428571,3.2
24,86,2.8333333333333335,5,4.529411764705882,3.85
21,62,2.7142857142857144,5,3.8666666666666667,3.2222222222222223
20,30,4.05,6,4.666666666666667,1.5555555555555556
22,78,4.0,8,5.357142857142857,3.9473684210526314
26,52,2.923076923076923,5,3.75,1.5789473684210527
26,81,3.1538461538461537,6,5.0,3.409090909090909
19,30,2.526315789473684,5,3.1666666666666665,1.5833333333333333
22,61,3.090909090909091,6,3.8666666666666667,3.0526315789473686
19,30,3.8421052631578947,6,4.666666666666667,1.6470588235294117
26,125,3.9615384615384617,8,5.368421052631579,4.636363636363637
24,77,2.9583333333333335,5,5.071428571428571,3.55
23,93,3.6956521739130435,7,4.882352941176471,4.368421052631579
20,57,2.7,5,3.2666666666666666,2.8823529411764706
16,36,2.5,5,2.3076923076923075,2.5
17,53,3.1176470588235294,6,3.5833333333333335,3.3076923076923075
27,77,3.740740740740741,7,4.5,2.739130434782609
18,23,1.2777777777777777,2,4.0,1.6
21,28,1.2380952380952381,2,3.5,1.4
21,57,3.380952380952381,6,4.7272727272727275,2.888888888888889
30,110,3.4,6,6.4375,3.9615384615384617
23,84,3.347826086956522,6,3.9473684210526314,3.75
24,81,3.6666666666666665,6,4.933333333333334,3.5238095238095237
17,32,2.411764705882353,4,3.8,1.7272727272727273
23,46,3.9130434782608696,6,6.142857142857143,2.15
20,54,4.1,8,3.8461538461538463,2.7777777777777777
28,103,3.5714285714285716,7,5.2105263157894735,4.125
24,108,3.6666666666666665,7,5.0,4.5
24,90,3.5,7,4.444444444444445,4.0
20,31,3.65,5,5.8,1.6111111111111112
24,55,3.25,5,3.5,1.75
28,93,3.2142857142857144,6,5.866666666666666,3.6666666666666665
22,72,2.6363636363636362,5,4.0588235294117645,3.6315789473684212
23,54,3.4347826086956523,6,4.2727272727272725,2.473684210526316
19,30,3.9473684210526314,6,4.666666666666667,1.6470588235294117
24,90,3.8333333333333335,8,4.526315789473684,4.3
26,102,3.5,7,5.105263157894737,4.409090909090909
28,117,3.642857142857143,7,5.5,4.583333333333333
19,31,3.9473684210526314,6,4.833333333333333,1.7058823529411764
25,102,3.76,7,5.277777777777778,4.523809523809524
22,58,3.090909090909091,7,3.3333333333333335,2.5
23,64,3.5652173913043477,6,4.285714285714286,3.0
24,89,3.4166666666666665,7,4.0,3.6
22,72,2.772727272727273,5,3.875,3.4444444444444446
19,31,3.9473684210526314,6,4.833333333333333,1.7058823529411764
22,52,2.5454545454545454,6,4.25,2.4285714285714284
27,104,4.185185185185185,7,5.105263157894737,4.041666666666667
23,74,3.8260869565217392,7,4.5,3.4285714285714284
21,61,2.5238095238095237,5,3.8,3.3529411764705883
20,32,4.05,6,5.0,1.6666666666666667
22,70,2.8181818181818183,5,4.785714285714286,3.526315789473684
22,55,2.5454545454545454,6,4.125,2.357142857142857
29,110,3.0689655172413794,5,5.578947368421052,4.24
20,31,4.05,6,4.833333333333333,1.6111111111111112
27,105,3.5555555555555554,6,5.6875,3.7916666666666665
29,130,3.7241379310344827,7,5.590909090909091,4.92
23,74,2.652173913043478,5,4.4,3.473684210526316
21,66,2.5714285714285716,5,3.9375,3.5
22,62,3.5,6,4.142857142857143,3.0526315789473686
20,70,3.0,6,3.6666666666666665,3.4375
23,68,2.652173913043478,5,3.235294117647059,2.75
28,95,3.8214285714285716,7,4.882352941176471,3.4583333333333335
21,34,3.0476190476190474,5,4.428571428571429,1.631578947368421
25,91,4.2,8,4.888888888888889,4.0
24,83,3.25,6,4.0625,3.25
19,29,3.9473684210526314,6,4.5,1.588235294117647
28,85,3.1785714285714284,5,6.230769230769231,3.375
25,108,3.52,7,4.5,4.285714285714286
28,111,3.107142857142857,6,5.2,4.333333333333333
25,79,2.84,5,4.6875,3.5714285714285716
20,30,4.05,6,4.666666666666667,1.5555555555555556
24,89,3.5,7,4.473684210526316,4.25
22,83,3.227272727272727,7,4.8125,4.277777777777778
25,97,3.6,7,4.631578947368421,4.190476190476191
19,29,3.9473684210526314,6,4.5,1.588235294117647
16,20,1.5,3,2.6666666666666665,1.1428571428571428
26,80,3.0384615384615383,5,5.066666666666666,3.4545454545454546
22,71,2.727272727272727,5,4.1875,3.526315789473684
20,30,4.05,6,4.666666666666667,1.5555555555555556
24,49,2.9583333333333335,5,3.7142857142857144,1.4444444444444444
27,87,3.074074074074074,5,6.3076923076923075,3.5652173913043477
20,30,4.05,6,4.666666666666667,1.5555555555555556
22,64,2.772727272727273,6,3.8461538461538463,2.6315789473684212
25,76,2.84,5,5.142857142857143,3.4285714285714284
25,78,2.76,5,4.625,3.5238095238095237
27,122,4.111111111111111,7,5.7894736842105265,4.583333333333333
20,30,4.05,6,4.666666666666667,1.5555555555555556
27,92,3.4444444444444446,6,7.25,3.782608695652174
25,123,4.0,8,4.818181818181818,4.818181818181818
20,30,4.05,6,4.666666666666667,1.5555555555555556
21,51,3.0,5,4.3,2.5294117647058822
27,102,3.6666666666666665,6,4.470588235294118,3.3043478260869565
31,139,4.0,7,5.5,4.888888888888889
21,72,3.5714285714285716,6,4.2,3.5
19,40,2.789473684210526,5,3.6,2.4
18,48,3.0555555555555554,6,3.3076923076923075,3.0714285714285716
25,69,3.44,6,4.214285714285714,2.8095238095238093
17,20,1.3529411764705883,2,4.0,1.3333333333333333
20,24,1.3,2,4.5,1.5
20,55,3.4,7,5.0,2.9411764705882355
21,78,4.238095238095238,8,4.75,4.0
24,96,3.375,6,5.785714285714286,4.05
19,70,3.6315789473684212,7,3.8,3.3529411764705883
21,76,4.238095238095238,8,5.142857142857143,3.789473684210526
23,71,2.4347826086956523,5,5.333333333333333,3.2
24,43,1.5,3,4.75,1.9
23,59,2.391304347826087,5,3.6,2.4
22,83,4.2272727272727275,8,4.333333333333333,3.9
24,38,1.7916666666666667,4,4.25,1.7
19,31,2.1052631578947367,3,5.75,1.5333333333333334
21,74,3.6666666666666665,7,4.666666666666667,3.888888888888889
23,68,3.8260869565217392,7,3.8333333333333335,2.3
27,91,3.4814814814814814,6,5.733333333333333,3.739130434782609
19,44,3.0526315789473686,6,3.375,1.8
18,27,3.9444444444444446,6,4.166666666666667,1.5625
23,70,2.260869565217391,4,4.909090909090909,3.375
25,79,3.0,5,5.615384615384615,3.4761904761904763
19,52,2.4210526315789473,4,3.4285714285714284,3.0
22,58,3.1818181818181817,6,3.4615384615384617,2.25
24,77,3.4583333333333335,6,4.384615384615385,2.85
20,30,4.05,6,4.666666666666667,1.5555555555555556
27,96,3.4444444444444446,6,6.923076923076923,3.9130434782608696
24,73,3.0416666666666665,6,3.4375,2.75
20,30,4.05,6,4.666666666666667,1.5555555555555556
27,99,3.5555555555555554,6,6.642857142857143,4.043478260869565
20,31,1.75,4,3.0,1.5
25,76,2.68,5,4.4375,3.380952380952381
28,101,3.857142857142857,7,4.705882352941177,3.3333333333333335
20,30,4.05,6,4.666666666666667,1.5555555555555556
27,96,3.4814814814814814,6,6.923076923076923,3.9130434782608696
24,81,3.0833333333333335,6,3.9375,3.15
20,30,4.05,6,4.666666666666667,1.5555555555555556
25,59,3.92,6,5.0,2.5
20,32,1.9,4,3.25,1.4444444444444444
25,72,3.12,6,3.7222222222222223,3.1904761904761907
19,29,4.052631578947368,6,4.5,1.588235294117647
23,85,2.782608695652174,5,5.0,4.2105263157894735
23,56,2.652173913043478,6,4.714285714285714,2.2
27,91,3.4814814814814814,6,4.3,3.739130434782609
16,27,2.25,4,3.5,1.4
17,38,2.823529411764706,6,3.4444444444444446,2.066666666666667
20,31,3.95,6,4.833333333333333,1.6111111111111112
22,82,2.8181818181818183,5,5.2,4.105263157894737
24,65,2.75,6,3.727272727272727,2.411764705882353
25,101,3.56,7,5.277777777777778,4.523809523809524
26,113,3.6153846153846154,7,5.15,4.681818181818182
19,32,3.8421052631578947,6,5.0,1.7647058823529411
23,69,4.217391304347826,8,4.0,2.6666666666666665
29,123,3.793103448275862,7,6.2105263157894735,4.72
24,92,3.5,7,3.8421052631578947,3.65
17,42,2.7058823529411766,5,2.642857142857143,2.642857142857143
26,72,3.576923076923077,6,4.3076923076923075,2.5454545454545454
23,63,3.5652173913043477,6,5.363636363636363,2.95
21,29,1.3333333333333333,2,5.5,1.5714285714285714
23,36,1.434782608695652,2,8.5,1.7
18,52,4.0,8,3.5,3.0625
19,45,2.4210526315789473,4,4.0,2.2857142857142856
23,80,3.5217391304347827,6,6.090909090909091,3.35
22,68,3.6818181818181817,7,4.333333333333333,3.4210526315789473
20,45,1.95,4,3.857142857142857,2.7
23,44,1.8695652173913044,4,4.2,1.5
23,80,3.6956521739130435,7,4.8125,3.85
23,51,2.739130434782609,5,6.0,2.25
19,32,2.1052631578947367,3,6.0,1.6
22,57,4.136363636363637,7,4.583333333333333,2.75
20,41,2.65,4,4.4,1.5714285714285714
23,77,2.6956521739130435,5,3.764705882352941,3.2
20,31,4.05,6,4.833333333333333,1.6111111111111112
22,72,2.772727272727273,5,4.857142857142857,3.5789473684210527
21,54,2.6666666666666665,6,3.7777777777777777,2.4285714285714284
29,97,3.1379310344827585,5,5.411764705882353,3.68
19,30,3.9473684210526314,6,4.666666666666667,1.6470588235294117
27,126,3.6666666666666665,7,5.9411764705882355,4.590909090909091
23,61,3.652173913043478,6,3.8,2.85
25,97,3.44,7,4.388888888888889,3.761904761904762
22,66,2.6363636363636362,5,3.8125,3.388888888888889
23,74,2.782608695652174,5,4.785714285714286,3.526315789473684
20,60,2.6,5,4.071428571428571,3.3529411764705883
20,30,4.05,6,4.666666666666667,1.5555555555555556
20,60,2.4,4,4.666666666666667,3.2941176470588234
22,54,2.590909090909091,6,3.6666666666666665,2.357142857142857
25,79,3.68,6,4.411764705882353,3.409090909090909
23,85,2.8260869565217392,5,4.764705882352941,4.05
20,30,4.05,6,4.666666666666667,1.5555555555555556
28,86,3.1785714285714284,5,5.857142857142857,3.4166666666666665
30,97,4.033333333333333,7,6.538461538461538,3.269230769230769
27,97,2.740740740740741,5,5.166666666666667,4.043478260869565
22,79,3.227272727272727,6,4.2,3.5
20,30,4.05,6,4.666666666666667,1.5555555555555556
15,22,1.7333333333333334,3,2.75,1.5714285714285714
23,64,3.6956521739130435,6,4.285714285714286,3.0
21,71,3.0,5,4.133333333333334,3.4444444444444446
17,39,2.5294117647058822,5,2.6923076923076925,2.6923076923076925
20,30,4.05,6,4.666666666666667,1.5555555555555556
21,71,2.5714285714285716,5,4.533333333333333,3.7777777777777777
23,57,2.5217391304347827,6,3.7777777777777777,2.2666666666666666
25,82,2.64,5,4.875,3.7142857142857144
22,76,3.3181818181818183,6,4.0,3.3333333333333335
22,63,2.6363636363636362,5,3.933333333333333,3.2777777777777777
25,59,3.64,6,4.583333333333333,2.619047619047619
17,21,1.3529411764705883,2,4.5,1.5
21,24,1.3333333333333333,2,4.5,1.2857142857142858
20,62,3.75,7,4.916666666666667,3.4705882352941178
22,66,3.3636363636363638,6,4.7272727272727275,2.888888888888889
21,67,3.238095238095238,7,4.384615384615385,3.3529411764705883
23,82,4.434782608695652,8,4.9375,3.761904761904762
23,46,1.565217391304348,3,5.0,3.0
23,80,3.5217391304347827,5,6.0,3.3
23,41,1.4782608695652173,3,4.2,2.3333333333333335
22,81,4.2272727272727275,8,4.529411764705882,3.85
21,40,1.5714285714285714,4,3.8,2.375
23,37,1.826086956521739,4,4.5,1.8
18,27,2.0555555555555554,3,4.75,1.3571428571428572
19,59,2.8421052631578947,5,4.909090909090909,3.6
24,65,3.75,6,4.357142857142857,2.9047619047619047
20,59,2.6,5,3.9285714285714284,3.235294117647059
20,54,2.6,5,3.769230769230769,3.0625
26,90,3.730769230769231,7,4.928571428571429,3.1363636363636362
20,30,4.05,6,4.666666666666667,1.5555555555555556
26,66,3.576923076923077,6,4.5,2.739130434782609
21,31,4.142857142857143,6,4.833333333333333,1.5263157894736843
22,58,2.3181818181818183,4,4.666666666666667,2.625
26,79,3.1538461538461537,6,5.285714285714286,3.3636363636363638
27,105,3.074074074074074,6,4.85,4.217391304347826
24,71,2.7083333333333335,5,4.714285714285714,3.3
22,64,2.772727272727273,5,4.214285714285714,3.2777777777777777
17,23,1.588235294117647,4,3.0,1.2857142857142858
23,60,3.0434782608695654,5,3.6153846153846154,2.238095238095238
20,30,4.05,6,4.666666666666667,1.5555555555555556
25,96,3.48,7,4.55,4.333333333333333
22,77,3.227272727272727,7,5.0,3.888888888888889
24,98,3.4583333333333335,7,4.888888888888889,4.4
27,95,4.0,7,5.066666666666666,3.3043478260869565
19,29,3.9473684210526314,6,4.5,1.588235294117647
22,56,4.090909090909091,8,4.0,2.2
29,125,3.896551724137931,7,6.368421052631579,4.84
23,53,2.4347826086956523,5,2.727272727272727,1.875
26,77,3.0384615384615383,5,4.8,3.272727272727273
20,44,2.75,5,3.4,1.8888888888888888
19,28,4.052631578947368,6,4.333333333333333,1.5294117647058822
21,49,3.3333333333333335,6,4.090909090909091,2.5
26,95,3.3076923076923075,6,5.352941176470588,4.136363636363637
22,65,2.6818181818181817,5,3.0,2.3684210526315788
25,77,3.0,5,5.071428571428571,3.380952380952381
26,69,3.6538461538461537,6,4.285714285714286,2.727272727272727
17,21,1.3529411764705883,2,4.5,1.5
21,26,1.2857142857142858,2,4.5,1.5
20,63,4.0,8,4.214285714285714,3.2777777777777777
21,53,2.238095238095238,4,4.0,2.769230769230769
23,87,3.5652173913043477,6,6.0,3.6
26,116,4.230769230769231,8,5.5,4.782608695652174
21,51,2.238095238095238,4,4.0,2.2857142857142856
23,50,1.9130434782608696,4,3.375,2.076923076923077
25,108,4.2,8,5.368421052631579,4.636363636363637
24,40,1.7916666666666667,4,4.25,1.7
18,29,2.0555555555555554,3,5.0,1.4285714285714286
26,104,4.115384615384615,8,5.2631578947368425,4.3478260869565215
25,71,3.32,6,4.8,2.4
20,30,4.05,6,4.666666666666667,1.5555555555555556
22,64,4.181818181818182,8,3.533333333333333,2.65
29,117,3.8620689655172415,7,5.842105263157895,4.44
23,65,2.4782608695652173,5,3.230769230769231,2.210526315789474
26,82,3.1923076923076925,6,4.470588235294118,3.4545454545454546
22,64,2.909090909090909,5,3.3125,2.65
19,29,4.052631578947368,6,4.5,1.588235294117647
21,53,3.142857142857143,6,4.0,2.823529411764706
26,97,3.4615384615384617,6,5.411764705882353,4.181818181818182
22,69,2.6818181818181817,5,3.4,2.6842105263157894
23,68,2.9130434782608696,5,5.166666666666667,3.263157894736842
22,49,3.272727272727273,6,4.111111111111111,1.9473684210526316
18,31,2.5,4,4.0,1.4285714285714286
28,81,3.107142857142857,5,5.357142857142857,3.125
27,95,3.2962962962962963,6,4.578947368421052,3.782608695652174
25,90,3.6,6,4.714285714285714,3.142857142857143
20,34,3.95,6,5.166666666666667,1.7222222222222223
22,70,4.2272727272727275,8,4.357142857142857,3.05
29,128,3.8620689655172415,7,6.421052631578948,4.88
23,73,2.782608695652174,5,3.5714285714285716,2.5
25,80,3.16,6,4.5625,3.4761904761904763
19,48,3.4210526315789473,6,4.0,2.3529411764705883
24,96,3.5,6,5.125,3.727272727272727
24,68,2.6666666666666665,5,4.0,3.2
24,81,2.7083333333333335,6,4.277777777777778,3.85
19,30,3.9473684210526314,6,4.666666666666667,1.6470588235294117
27,92,3.4444444444444446,6,7.25,3.782608695652174
27,143,4.333333333333333,8,5.904761904761905,5.166666666666667
20,32,4.05,6,5.0,1.6666666666666667
24,83,3.5,6,4.866666666666666,3.4761904761904763
25,86,2.96,5,5.125,3.9047619047619047
22,46,3.4545454545454546,6,3.8181818181818183,2.3333333333333335
18,23,1.3333333333333333,2,5.0,1.6666666666666667
22,27,1.2727272727272727,2,5.0,1.6666666666666667
13,28,3.923076923076923,6,3.7142857142857144,2.1666666666666665
21,63,3.380952380952381,6,4.545454545454546,2.9411764705882355
22,73,3.227272727272727,5,6.1,3.388888888888889
22,68,2.6363636363636362,6,3.8461538461538463,3.125
22,56,2.272727272727273,4,2.642857142857143,2.3125
19,59,2.9473684210526314,5,4.6,3.2857142857142856
20,62,3.6,7,3.4375,3.0555555555555554
24,49,2.0416666666666665,5,3.857142857142857,1.9285714285714286
23,85,4.043478260869565,8,5.125,4.1
24,43,2.1666666666666665,4,5.4,2.076923076923077
19,29,2.1052631578947367,3,5.75,1.5333333333333334
20,54,4.25,8,3.7142857142857144,2.888888888888889
22,51,2.5,6,4.142857142857143,2.0714285714285716
25,74,3.04,5,3.6470588235294117,2.9523809523809526
24,71,3.25,6,4.5,2.8421052631578947
20,31,4.05,6,4.833333333333333,1.6111111111111112
26,97,3.1538461538461537,6,5.470588235294118,4.043478260869565
28,143,3.892857142857143,7,6.105263157894737,4.833333333333333
30,135,3.8,7,6.4,4.923076923076923
24,71,2.9583333333333335,5,4.4,3.3
22,58,3.590909090909091,6,4.181818181818182,2.4210526315789473
19,29,3.9473684210526314,6,4.5,1.588235294117647
22,61,3.090909090909091,6,3.909090909090909,2.5294117647058822
30,100,3.7,6,5.9375,3.6538461538461537
20,31,4.05,6,4.833333333333333,1.6111111111111112
26,94,3.3846153846153846,6,5.928571428571429,3.608695652173913
26,84,2.9615384615384617,5,5.642857142857143,3.590909090909091
23,63,3.5652173913043477,6,3.933333333333333,2.95
19,33,1.9473684210526316,4,3.0,1.6666666666666667
22,69,2.772727272727273,5,4.428571428571429,3.4444444444444446
19,29,3.9473684210526314,6,4.5,1.588235294117647
22,75,2.5,4,5.071428571428571,3.736842105263158
29,102,3.413793103448276,6,5.705882352941177,3.88
19,29,3.9473684210526314,6,4.5,1.588235294117647
26,96,3.423076923076923,6,5.928571428571429,3.608695652173913
23,63,3.608695652173913,6,3.933333333333333,2.95
23,77,3.217391304347826,7,4.111111111111111,3.7
17,40,2.588235294117647,5,2.769230769230769,2.769230769230769
19,29,3.9473684210526314,6,4.5,1.588235294117647
25,58,3.88,6,5.4,2.4545454545454546
19,29,3.9473684210526314,6,4.5,1.588235294117647
20,54,2.65,5,4.444444444444445,2.857142857142857
31,122,4.064516129032258,7,5.2272727272727275,4.2592592592592595
22,66,3.6818181818181817,7,4.066666666666666,3.210526315789474
22,66,3.727272727272727,7,4.133333333333334,3.1
21,54,2.5714285714285716,5,3.5714285714285716,2.9411764705882355
19,56,2.6315789473684212,5,4.0,3.25
19,29,3.9473684210526314,6,4.5,1.588235294117647
27,95,3.4444444444444446,6,7.5,3.9130434782608696
27,130,4.444444444444445,8,5.238095238095238,4.583333333333333
19,28,4.052631578947368,6,4.333333333333333,1.5294117647058822
22,76,2.6818181818181817,5,4.866666666666666,3.8421052631578947
22,52,2.5454545454545454,6,4.285714285714286,2.142857142857143
26,85,2.8846153846153846,5,4.5,3.6818181818181817
23,70,2.608695652173913,5,3.6666666666666665,3.473684210526316
22,51,3.409090909090909,6,4.0,2.4444444444444446
17,19,1.2941176470588236,2,3.5,1.4
21,24,1.2857142857142858,2,4.0,1.3333333333333333
21,64,3.619047619047619,7,4.357142857142857,3.388888888888889
26,85,3.923076923076923,7,5.0625,3.5217391304347827
27,77,3.3703703703703702,6,4.866666666666666,3.1739130434782608
22,73,3.409090909090909,7,3.4705882352941178,3.2777777777777777
20,57,3.15,6,3.7142857142857144,3.25
18,54,3.1666666666666665,6,3.0714285714285716,3.0714285714285716
23,36,1.826086956521739,4,4.5,1.8
18,28,2.0,3,4.75,1.4615384615384615
21,76,3.6666666666666665,7,4.866666666666666,4.055555555555555
24,82,3.75,7,4.428571428571429,2.9523809523809526
26,81,2.730769230769231,5,5.066666666666666,3.4545454545454546
20,30,4.05,6,4.666666666666667,1.5555555555555556
26,121,3.9615384615384617,8,5.947368421052632,5.136363636363637
23,62,3.782608695652174,7,4.461538461538462,2.9
22,57,2.9545454545454546,5,3.466666666666667,2.888888888888889
25,91,3.08,6,4.611111111111111,3.9523809523809526
19,29,3.9473684210526314,6,4.5,1.588235294117647
24,92,3.5,7,4.578947368421052,4.35
23,84,3.391304347826087,7,5.2,4.105263157894737
25,107,3.52,7,4.8,4.571428571428571
21,60,2.9047619047619047,6,3.0714285714285716,2.5294117647058822
20,30,4.05,6,4.666666666666667,1.5555555555555556
22,58,4.090909090909091,8,3.75,2.25
28,108,3.4285714285714284,6,5.722222222222222,4.291666666666667
24,73,2.75,5,3.4375,2.75
25,94,2.92,6,4.666666666666667,4.0
22,63,2.909090909090909,5,3.6666666666666665,2.3157894736842106
24,65,3.2916666666666665,6,4.285714285714286,3.0
20,54,3.4,6,4.636363636363637,3.0
20,30,4.05,6,4.666666666666667,1.5555555555555556
25,107,3.56,6,6.428571428571429,4.090909090909091
25,78,2.68,5,4.5625,3.4761904761904763
22,61,3.5,6,4.071428571428571,3.0
17,31,2.0588235294117645,4,3.0,1.6666666666666667
19,49,2.5789473684210527,5,3.8181818181818183,2.8
20,30,4.05,6,4.666666666666667,1.5555555555555556
23,83,2.652173913043478,5,5.266666666666667,3.95
28,95,3.3214285714285716,6,6.0,3.75
19,28,4.052631578947368,6,4.333333333333333,1.5294117647058822
25,113,3.88,6,6.125,4.454545454545454
22,63,3.5454545454545454,6,4.214285714285714,3.1052631578947367
23,74,3.0869565217391304,6,4.176470588235294,3.55
16,35,2.5,5,2.5,2.5
18,30,2.7777777777777777,5,3.8333333333333335,1.5333333333333334
26,85,4.0,7,5.266666666666667,3.4347826086956523
21,34,3.9523809523809526,6,5.0,1.5789473684210527
20,60,2.9,6,4.545454545454546,3.3333333333333335
31,152,4.258064516129032,8,6.545454545454546,5.333333333333333
23,77,4.086956521739131,8,4.352941176470588,3.7
23,81,4.304347826086956,8,5.066666666666666,3.8
23,68,2.5652173913043477,5,4.133333333333334,3.263157894736842
20,56,2.75,5,3.4,3.0
21,34,4.0476190476190474,6,5.333333333333333,1.6842105263157894
27,100,3.5555555555555554,6,6.714285714285714,4.086956521739131
28,162,4.392857142857143,8,6.260869565217392,6.0
20,36,3.95,6,5.5,1.8333333333333333
22,69,3.909090909090909,8,3.769230769230769,2.5789473684210527
31,107,3.3225806451612905,5,6.733333333333333,3.740740740740741
23,46,3.9130434782608696,6,6.142857142857143,2.15
28,120,3.5714285714285716,7,6.105263157894737,4.833333333333333
32,155,4.09375,7,6.291666666666667,5.392857142857143
21,56,3.2857142857142856,7,3.923076923076923,2.6842105263157894
22,70,2.6363636363636362,5,4.466666666666667,3.526315789473684
27,121,3.5185185185185186,7,5.45,4.739130434782608
21,58,2.619047619047619,5,3.6,3.176470588235294
23,64,3.5652173913043477,6,4.461538461538462,2.9
20,32,4.05,6,5.0,1.6666666666666667
22,50,3.727272727272727,6,3.8333333333333335,2.4210526315789473
28,108,3.5,6,5.315789473684211,4.208333333333333
19,30,3.9473684210526314,6,4.666666666666667,1.6470588235294117
23,65,3.130434782608696,6,4.8,2.823529411764706
31,106,3.7096774193548385,6,6.0,3.7777777777777777
20,31,3.65,5,5.8,1.6111111111111112
26,100,3.5384615384615383,6,6.285714285714286,3.8260869565217392
27,91,3.111111111111111,5,5.375,3.739130434782609
23,76,2.652173913043478,5,4.857142857142857,3.5789473684210527
21,69,2.619047619047619,5,4.0625,3.611111111111111
19,29,3.9473684210526314,6,4.5,1.588235294117647
26,128,3.8076923076923075,8,5.722222222222222,4.681818181818182
25,72,2.76,5,4.533333333333333,3.238095238095238
23,63,3.5652173913043477,6,3.933333333333333,2.95
21,72,3.2857142857142856,6,4.071428571428571,3.3529411764705883
18,34,2.2222222222222223,4,3.6,1.6363636363636365
19,47,2.6842105263157894,5,3.3076923076923075,2.8666666666666667
21,61,2.5238095238095237,5,3.7857142857142856,2.9444444444444446
22,75,2.772727272727273,5,4.333333333333333,3.611111111111111
19,42,2.8421052631578947,5,3.4545454545454546,2.533333333333333
19,29,3.9473684210526314,6,4.5,1.588235294117647
25,47,1.4,2,7.666666666666667,2.3
27,74,3.1481481481481484,5,5.0,3.0434782608695654
25,101,3.36,7,4.526315789473684,4.095238095238095
25,60,3.12,5,3.7333333333333334,2.6666666666666665
25,68,3.76,7,3.8823529411764706,2.869565217391304
16,36,2.5,5,2.4615384615384617,2.6666666666666665
19,56,3.0,6,3.5384615384615383,3.066666666666667
16,34,2.5,5,2.5,2.5
19,51,2.5789473684210527,5,3.0714285714285716,2.6875
23,49,3.347826086956522,6,4.3,2.263157894736842
17,21,1.2941176470588236,2,4.5,1.8
21,26,1.2857142857142858,2,5.5,1.8333333333333333
20,59,4.0,8,4.071428571428571,3.1666666666666665
20,48,2.7,5,3.8,2.375
24,70,2.5416666666666665,5,4.8,3.0
23,40,1.391304347826087,3,4.75,2.375
22,77,4.2272727272727275,8,4.6875,3.75
22,42,1.5909090909090908,4,4.4,2.4444444444444446
24,41,1.7916666666666667,4,4.0,2.0
21,32,2.238095238095238,4,5.0,1.4705882352941178
21,71,3.6666666666666665,7,4.857142857142857,3.7777777777777777
23,71,3.8260869565217392,7,3.769230769230769,2.45
29,98,3.586206896551724,6,6.266666666666667,3.76
20,30,4.05,6,4.666666666666667,1.5555555555555556
26,75,3.923076923076923,6,4.4375,3.0869565217391304
28,105,3.357142857142857,6,5.611111111111111,4.208333333333333
22,72,3.0454545454545454,6,4.0,3.111111111111111
20,30,4.05,6,4.666666666666667,1.5555555555555556
22,57,2.227272727272727,4,4.777777777777778,2.6875
27,113,3.7037037037037037,6,5.4375,3.782608695652174
25,73,2.84,5,4.857142857142857,3.238095238095238
23,62,3.608695652173913,6,3.8666666666666667,2.9
18,44,2.611111111111111,5,2.857142857142857,2.6666666666666665
22,59,2.9545454545454546,5,3.8333333333333335,2.3
18,43,2.6666666666666665,5,3.0,2.7857142857142856
20,54,2.7,5,3.9166666666666665,2.9375
19,29,3.9473684210526314,6,4.5,1.588235294117647
25,105,4.0,8,4.85,4.619047619047619
22,58,4.090909090909091,8,4.583333333333333,2.8947368421052633
25,73,3.0,5,5.666666666666667,3.238095238095238
19,28,1.7894736842105263,4,3.0,1.5
19,29,3.9473684210526314,6,4.5,1.588235294117647
25,95,3.84,7,4.35,4.142857142857143
26,101,3.076923076923077,6,4.894736842105263,4.2272727272727275
20,30,4.05,6,4.666666666666667,1.5555555555555556
23,58,2.4782608695652173,6,4.375,2.5
28,98,3.0714285714285716,5,6.2,3.875
24,89,3.2083333333333335,6,4.4375,3.55
24,74,2.7083333333333335,5,4.3125,3.45
19,28,4.052631578947368,6,4.333333333333333,1.5294117647058822
25,99,3.52,6,6.615384615384615,3.909090909090909
25,82,3.0,5,5.133333333333334,3.6666666666666665
22,70,2.772727272727273,5,4.357142857142857,3.388888888888889
18,47,2.4444444444444446,4,3.0714285714285716,2.8666666666666667
19,28,4.052631578947368,6,4.333333333333333,1.5294117647058822
26,126,3.8076923076923075,7,5.95,5.409090909090909
21,62,4.0,7,3.8461538461538463,2.6315789473684212
26,85,2.730769230769231,5,5.0,3.6363636363636362
23,67,2.652173913043478,5,3.9375,3.3157894736842106
17,40,2.411764705882353,4,3.0,2.5714285714285716
23,79,3.260869565217391,7,4.0,3.3684210526315788
19,44,2.789473684210526,5,3.3333333333333335,2.6666666666666665
25,67,3.56,6,4.230769230769231,2.619047619047619
17,21,1.2941176470588236,2,4.0,1.6
20,24,1.25,2,4.0,1.6
22,74,3.9545454545454546,8,4.733333333333333,3.736842105263158
23,74,3.4782608695652173,7,4.214285714285714,3.1052631578947367
23,76,4.043478260869565,8,4.466666666666667,3.35
22,93,4.409090909090909,8,5.4375,4.35
23,49,1.6956521739130435,4,3.6666666666666665,3.0
26,104,3.6538461538461537,6,6.071428571428571,3.6956521739130435
23,41,1.391304347826087,3,4.0,2.5
22,87,4.2727272727272725,8,4.444444444444445,4.0
23,54,2.0869565217391304,4,3.1,2.2142857142857144
24,37,1.7916666666666667,4,4.0,1.6
18,30,2.0555555555555554,3,5.25,1.5
22,57,4.136363636363637,7,4.416666666666667,2.65
28,114,3.107142857142857,6,4.9523809523809526,4.333333333333333
19,29,3.9473684210526314,6,4.5,1.588235294117647
29,110,3.896551724137931,7,6.5625,4.2
26,131,4.576923076923077,8,5.571428571428571,5.086956521739131
19,28,4.052631578947368,6,4.333333333333333,1.5294117647058822
27,100,3.4074074074074074,5,6.333333333333333,4.130434782608695
25,89,2.8,6,4.2,4.0
19,29,4.052631578947368,6,4.5,1.588235294117647
22,68,3.8181818181818183,7,5.111111111111111,2.4210526315789473
29,118,3.9655172413793105,7,5.380952380952381,4.52
23,75,2.782608695652174,5,3.176470588235294,2.7
19,29,4.052631578947368,6,4.5,1.588235294117647
25,123,3.88,8,5.2631578947368425,4.761904761904762
29,157,3.7586206896551726,7,6.681818181818182,5.88
18,34,2.2777777777777777,4,3.1666666666666665,1.7272727272727273
18,37,2.8333333333333335,6,3.4285714285714284,1.7142857142857142
23,75,2.782608695652174,5,4.1875,3.526315789473684
21,34,4.0476190476190474,6,5.333333333333333,1.6842105263157894
27,71,4.0,6,6.0,2.75
20,36,2.5,4,4.0,1.5384615384615385
22,78,2.6818181818181817,5,3.875,3.263157894736842
25,89,3.04,6,5.3125,4.0476190476190474
18,31,3.9444444444444446,6,4.833333333333333,1.8125
20,53,2.75,5,4.777777777777778,2.5294117647058822
28,93,3.1785714285714284,5,5.933333333333334,3.7083333333333335
23,76,2.652173913043478,5,4.666666666666667,3.6842105263157894
24,84,2.9583333333333335,6,4.875,3.9
28,80,3.9285714285714284,6,5.846153846153846,3.04
23,82,2.8260869565217392,6,3.9444444444444446,3.55
20,32,4.05,6,5.0,1.6666666666666667
21,59,4.190476190476191,8,3.923076923076923,2.6842105263157894
29,110,3.8620689655172415,7,5.578947368421052,4.24
25,94,2.88,6,4.5,4.285714285714286
25,70,3.48,6,4.142857142857143,2.5217391304347827
20,31,3.65,5,5.8,1.6111111111111112
22,59,2.6818181818181817,5,4.5,2.8125
25,74,2.76,5,4.6,3.2857142857142856
23,60,3.608695652173913,6,3.7333333333333334,2.8
24,88,3.3333333333333335,6,4.352941176470588,3.7
22,81,2.909090909090909,6,4.375,3.888888888888889
29,104,3.9655172413793105,7,4.842105263157895,3.68
20,35,2.95,5,4.0,1.7777777777777777
15,32,3.1333333333333333,6,3.3333333333333335,2.3076923076923075
22,66,3.727272727272727,7,4.133333333333334,3.263157894736842
23,87,3.1739130434782608,7,4.470588235294118,4.0
22,60,3.5,6,3.7333333333333334,2.9473684210526314
18,32,2.1666666666666665,4,3.6,1.8
17,27,2.823529411764706,5,4.25,1.4166666666666667
18,41,2.6666666666666665,5,3.0833333333333335,2.642857142857143
20,31,4.05,6,4.833333333333333,1.6111111111111112
26,92,3.423076923076923,6,7.25,3.9545454545454546
27,136,4.444444444444445,8,5.454545454545454,5.0
19,29,3.9473684210526314,6,4.5,1.588235294117647
15,32,3.1333333333333333,6,3.3333333333333335,2.3076923076923075
28,100,2.9285714285714284,5,5.052631578947368,4.0
19,36,2.4210526315789473,4,3.8,1.5833333333333333
23,55,3.260869565217391,6,3.642857142857143,2.6842105263157894
16,23,2.6875,5,4.0,1.4545454545454546
17,40,2.588235294117647,5,2.769230769230769,2.769230769230769
20,30,4.05,6,4.666666666666667,1.5555555555555556
18,23,1.5,3,3.0,1.125
26,79,3.0384615384615383,5,6.166666666666667,3.3636363636363638
24,85,3.2916666666666665,7,4.176470588235294,3.55
23,72,2.608695652173913,5,3.588235294117647,3.05
19,29,3.9473684210526314,6,4.5,1.588235294117647
28,93,3.5357142857142856,6,5.5625,3.7083333333333335
21,34,2.0,4,3.0,1.5
19,29,3.9473684210526314,6,4.5,1.588235294117647
23,44,2.869565217391304,5,3.6666666666666665,1.2941176470588236
27,81,3.1481481481481484,5,4.8125,3.347826086956522
25,79,3.0,5,4.6875,3.5714285714285716
23,72,2.608695652173913,5,3.6470588235294117,3.1
22,80,3.0,6,4.3125,3.8333333333333335
16,36,2.5,5,2.6666666666666665,2.6666666666666665
19,44,3.3157894736842106,6,3.3636363636363638,2.176470588235294
25,78,3.0,5,4.294117647058823,3.4761904761904763
18,50,3.0,6,2.7857142857142856,2.7857142857142856
22,61,2.9545454545454546,6,3.8666666666666667,3.0526315789473686
30,117,3.566666666666667,6,5.333333333333333,3.6923076923076925
20,30,2.55,4,4.0,1.5555555555555556
16,39,3.5625,6,4.375,2.6923076923076925
26,82,2.923076923076923,5,4.588235294117647,3.5454545454545454
21,54,3.1904761904761907,6,3.5833333333333335,2.263157894736842
23,81,3.0434782608695654,6,4.333333333333333,3.9
26,84,2.769230769230769,5,5.0,3.6363636363636362
21,69,3.4761904761904763,6,4.230769230769231,3.235294117647059
19,29,3.9473684210526314,6,4.5,1.588235294117647
24,54,3.875,6,5.0,2.380952380952381
20,30,1.75,4,3.0,1.5
22,67,2.6818181818181817,5,3.176470588235294,2.8421052631578947
19,29,3.9473684210526314,6,4.5,1.588235294117647
22,58,2.227272727272727,4,4.777777777777778,2.6875
26,112,3.6538461538461537,6,4.888888888888889,4.0
23,64,3.652173913043478,6,4.0,3.0
24,81,2.6666666666666665,5,4.866666666666666,3.65
24,79,2.6666666666666665,5,4.8,3.6
19,29,3.9473684210526314,6,4.5,1.588235294117647
24,52,3.875,6,4.8,2.2857142857142856
20,26,1.45,3,3.3333333333333335,1.6666666666666667
22,65,2.6818181818181817,5,3.1176470588235294,2.789473684210526
19,29,3.9473684210526314,6,4.5,1.588235294117647
25,60,3.64,6,5.0,2.619047619047619
26,115,3.3846153846153846,6,4.75,4.318181818181818
24,82,3.0833333333333335,6,3.9444444444444446,3.55
19,29,3.9473684210526314,6,4.5,1.588235294117647
22,74,2.8181818181818183,5,4.666666666666667,3.6842105263157894
23,57,2.391304347826087,5,4.857142857142857,2.4285714285714284
27,78,3.2962962962962963,6,4.352941176470588,3.217391304347826
17,25,1.8823529411764706,4,3.0,1.5
17,34,2.9411764705882355,6,2.8181818181818183,2.066666666666667
19,49,2.5789473684210527,5,3.8181818181818183,2.8
19,29,3.9473684210526314,6,4.5,1.588235294117647
22,78,2.772727272727273,5,4.933333333333334,3.8947368421052633
23,52,2.3043478260869565,5,4.142857142857143,2.0714285714285716
26,81,3.6153846153846154,7,5.428571428571429,3.4545454545454546
22,73,2.9545454545454546,6,4.0,3.5789473684210527
19,29,4.052631578947368,6,4.5,1.588235294117647
23,57,2.0,4,4.333333333333333,2.6
26,87,3.076923076923077,6,5.125,3.727272727272727
25,98,3.4,7,4.5,3.857142857142857
20,60,2.8,5,4.230769230769231,3.4375
16,29,2.25,4,3.2,1.6
17,38,2.8823529411764706,6,3.2,2.1333333333333333
19,32,3.0526315789473686,5,4.666666666666667,1.6470588235294117
22,81,3.6363636363636362,7,4.8125,4.052631578947368
28,94,3.2857142857142856,6,5.5625,3.7083333333333335
20,31,4.05,6,4.833333333333333,1.6111111111111112
22,67,3.590909090909091,7,5.111111111111111,2.5555555555555554
27,104,3.7037037037037037,7,4.9,4.260869565217392
27,143,4.037037037037037,8,5.909090909090909,5.6521739130434785
23,83,3.0,6,4.0625,3.4210526315789473
20,50,2.7,5,3.2142857142857144,2.8125
19,29,4.052631578947368,6,4.5,1.588235294117647
27,100,3.5555555555555554,6,6.266666666666667,4.086956521739131
24,83,3.0833333333333335,6,4.0625,3.25
20,31,4.05,6,4.833333333333333,1.6111111111111112
22,65,3.590909090909091,7,4.090909090909091,2.5
27,102,3.7037037037037037,7,5.647058823529412,4.173913043478261
29,154,4.241379310344827,8,6.454545454545454,5.68
20,60,2.6,5,3.8461538461538463,3.125
19,49,2.6842105263157894,5,3.142857142857143,2.933333333333333
22,61,3.0454545454545454,6,3.8666666666666667,3.0526315789473686
17,35,2.6470588235294117,5,2.5,2.3076923076923075
17,36,2.6470588235294117,5,2.3846153846153846,2.3846153846153846
20,59,3.65,7,4.666666666666667,3.2941176470588234
18,37,2.888888888888889,5,3.5555555555555554,2.2857142857142856
16,32,2.25,4,3.3333333333333335,2.0
17,41,2.823529411764706,6,3.090909090909091,2.2666666666666666
29,84,3.8620689655172415,7,4.571428571428571,2.56
24,96,3.5,6,5.125,3.727272727272727
24,68,2.6666666666666665,5,4.0,3.2
21,54,3.5714285714285716,7,3.923076923076923,2.8333333333333335
25,83,3.24,7,4.444444444444445,3.6363636363636362
24,70,3.4583333333333335,6,4.357142857142857,3.05
19,31,3.9473684210526314,6,4.833333333333333,1.7058823529411764
27,91,3.4444444444444446,6,7.166666666666667,3.739130434782609
23,95,3.652173913043478,7,4.9375,4.157894736842105
19,30,3.9473684210526314,6,4.666666666666667,1.6470588235294117
22,58,2.272727272727273,5,4.111111111111111,2.8461538461538463
27,87,3.074074074074074,5,5.857142857142857,3.5652173913043477
28,87,3.892857142857143,7,4.470588235294118,3.1666666666666665
19,30,3.9473684210526314,6,4.666666666666667,1.6470588235294117
28,92,3.5,6,7.909090909090909,3.625
24,91,3.2916666666666665,7,4.235294117647059,3.6
19,30,3.9473684210526314,6,4.666666666666667,1.6470588235294117
22,71,2.8181818181818183,5,4.857142857142857,3.5789473684210527
22,54,2.590909090909091,6,4.111111111111111,2.642857142857143
26,83,3.3461538461538463,6,4.157894736842105,3.590909090909091
18,32,2.2222222222222223,4,3.75,1.3636363636363635
23,66,3.0869565217391304,7,3.7058823529411766,3.15
20,32,4.05,6,5.0,1.6666666666666667
22,78,2.6818181818181817,5,4.933333333333334,3.8947368421052633
29,105,3.3793103448275863,6,5.555555555555555,4.0
20,31,4.05,6,4.833333333333333,1.6111111111111112
24,46,1.4166666666666667,3,5.75,2.5555555555555554
27,83,3.074074074074074,5,6.0,3.391304347826087
28,89,3.857142857142857,7,4.625,3.0833333333333335
20,32,2.95,5,4.285714285714286,1.6666666666666667
21,65,3.1904761904761907,7,4.769230769230769,3.4444444444444446
26,104,3.576923076923077,7,5.2105263157894735,4.5
27,119,3.6296296296296298,7,4.954545454545454,4.739130434782608
19,28,3.5789473684210527,5,5.2,1.5294117647058822
25,72,3.92,7,4.533333333333333,3.090909090909091
23,75,2.9130434782608696,6,3.7333333333333334,3.111111111111111
26,85,3.0,5,4.764705882352941,3.6818181818181817
20,30,4.05,6,4.666666666666667,1.5555555555555556
26,115,3.769230769230769,7,5.631578947368421,4.863636363636363
27,104,3.2222222222222223,6,5.555555555555555,4.166666666666667
26,85,3.6153846153846154,6,5.4,3.6818181818181817
25,90,3.2,7,4.166666666666667,3.5714285714285716
22,67,2.590909090909091,5,3.5,3.111111111111111
19,29,3.9473684210526314,6,4.5,1.588235294117647
15,21,1.6,3,3.0,1.5
27,122,3.5185185185185186,6,6.333333333333333,4.318181818181818
27,84,3.074074074074074,5,5.642857142857143,3.4347826086956523
23,75,2.782608695652174,5,4.533333333333333,3.5789473684210527
23,75,2.782608695652174,5,4.25,3.5789473684210527
23,54,3.0434782608695654,5,3.5714285714285716,2.6315789473684212
15,26,2.1333333333333333,4,3.25,1.4444444444444444
19,39,3.1052631578947367,6,2.769230769230769,2.1176470588235294
19,29,3.9473684210526314,6,4.5,1.588235294117647
27,95,3.5555555555555554,6,5.6875,3.9565217391304346
24,82,3.0,6,4.333333333333333,3.7142857142857144
22,47,3.4545454545454546,6,4.3,2.388888888888889
18,23,1.6111111111111112,3,3.3333333333333335,1.4285714285714286
21,77,3.7142857142857144,7,4.933333333333334,4.111111111111111
29,115,3.793103448275862,7,6.166666666666667,4.44
24,82,3.25,6,4.0,3.2
24,88,2.875,5,4.875,3.9
29,95,3.4827586206896552,6,4.294117647058823,2.92
19,29,3.9473684210526314,6,4.5,1.588235294117647
26,122,3.8846153846153846,8,5.823529411764706,4.5
28,73,3.107142857142857,5,6.181818181818182,2.8333333333333335
20,61,2.6,5,4.071428571428571,3.3529411764705883
27,90,3.7037037037037037,6,5.2,3.391304347826087
21,68,2.6666666666666665,5,4.266666666666667,3.5555555555555554
20,30,4.05,6,4.666666666666667,1.5555555555555556
26,61,3.1153846153846154,5,5.6,2.5454545454545454
26,100,3.230769230769231,6,4.1,3.727272727272727
26,76,3.0384615384615383,5,5.071428571428571,3.227272727272727
17,30,2.1176470588235294,4,3.0,1.5
16,36,2.5,5,2.4615384615384617,2.6666666666666665
25,61,3.52,6,3.5384615384615383,2.1904761904761907
20,35,2.55,4,4.0,1.7777777777777777
25,64,3.48,6,4.5,2.4545454545454546
20,30,4.05,6,4.666666666666667,1.5555555555555556
23,60,4.260869565217392,8,4.9,2.3333333333333335
29,114,3.7586206896551726,7,5.7368421052631575,4.36
24,81,2.7916666666666665,5,3.625,3.0526315789473686
23,75,3.4347826086956523,7,3.7058823529411766,3.3157894736842106
20,30,4.05,6,4.666666666666667,1.5555555555555556
23,46,3.0434782608695654,5,3.0,1.3333333333333333
27,88,3.185185185185185,6,5.928571428571429,3.608695652173913
20,60,2.7,6,3.7333333333333334,3.2941176470588234
20,30,4.05,6,4.666666666666667,1.5555555555555556
17,20,1.3529411764705883,2,3.5,1.1666666666666667
25,76,3.0,5,6.454545454545454,3.380952380952381
18,27,3.9444444444444446,6,4.166666666666667,1.5625
21,72,2.5714285714285716,5,4.533333333333333,3.7777777777777777
27,84,3.074074074074074,5,6.583333333333333,3.4347826086956523
23,92,3.652173913043478,7,4.611111111111111,4.15
26,49,1.5,3,4.6,2.090909090909091
24,65,3.5416666666666665,6,4.615384615384615,3.0
22,61,2.9545454545454546,5,3.2941176470588234,3.111111111111111
22,56,3.3636363636363638,6,3.8,2.0
20,30,4.05,6,4.666666666666667,1.5555555555555556
27,82,4.111111111111111,7,4.875,3.25
20,31,1.75,4,3.0,1.5
22,70,2.6818181818181817,5,3.176470588235294,2.8421052631578947
20,30,4.05,6,4.666666666666667,1.5555555555555556
30,88,3.2,5,6.384615384615385,3.1923076923076925
25,108,3.72,7,5.0,4.285714285714286
24,76,2.875,5,5.0,3.5
18,27,3.9444444444444446,6,4.166666666666667,1.5625
25,71,3.52,6,4.714285714285714,3.0
19,29,4.052631578947368,6,4.5,1.588235294117647
24,43,1.4166666666666667,3,4.75,2.111111111111111
27,88,3.1481481481481484,5,5.928571428571429,3.608695652173913
29,95,3.6206896551724137,6,4.4375,2.84
18,29,2.9444444444444446,5,4.166666666666667,1.5625
26,75,3.576923076923077,6,5.153846153846154,2.9130434782608696
26,101,3.0,6,4.75,4.318181818181818
19,29,4.052631578947368,6,4.5,1.588235294117647
25,125,3.8,7,6.2631578947368425,5.666666666666667
23,80,4.043478260869565,8,3.933333333333333,2.95
25,82,3.48,6,5.133333333333334,3.6666666666666665
23,84,3.4347826086956523,7,3.823529411764706,3.4210526315789473
20,67,3.4,7,3.4375,3.4375
19,31,3.8421052631578947,6,4.833333333333333,1.7058823529411764
23,80,3.0,7,4.428571428571429,3.263157894736842
26,86,3.1153846153846154,6,5.0,3.6363636363636362
19,32,3.8421052631578947,6,5.0,1.7647058823529411
23,71,4.304347826086956,8,4.285714285714286,2.857142857142857
24,82,3.875,7,4.833333333333333,2.761904761904762
26,102,3.923076923076923,7,5.333333333333333,4.173913043478261
21,70,3.0,6,3.7058823529411766,3.5
18,28,3.5555555555555554,5,5.2,1.625
20,61,4.4,8,4.909090909090909,3.0
22,49,3.5,6,4.4,2.3157894736842106
19,35,3.8947368421052633,6,5.5,1.9411764705882353
22,66,3.772727272727273,7,4.214285714285714,3.1052631578947367
28,91,3.392857142857143,6,6.142857142857143,3.5833333333333335
24,96,3.125,6,4.411764705882353,3.75
23,81,2.6956521739130435,5,3.7222222222222223,3.35
20,32,4.05,6,5.0,1.6666666666666667
21,69,2.7142857142857144,5,4.714285714285714,3.6666666666666665
22,56,3.0454545454545454,6,4.222222222222222,2.375
29,94,3.1379310344827585,5,5.294117647058823,3.6
25,77,3.0,5,4.055555555555555,3.4761904761904763
19,31,3.9473684210526314,6,4.833333333333333,1.7058823529411764
22,74,2.8181818181818183,5,5.0,3.6842105263157894
22,56,2.8181818181818183,6,4.222222222222222,2.533333333333333
24,70,3.875,7,4.714285714285714,3.142857142857143
24,85,2.8333333333333335,5,4.5,3.857142857142857
20,32,4.05,6,5.0,1.6666666666666667
22,74,2.6818181818181817,5,5.0,3.6842105263157894
29,108,3.4482758620689653,6,5.722222222222222,4.12
20,31,4.05,6,4.833333333333333,1.6111111111111112
24,48,1.5,3,6.25,2.5
27,117,3.4074074074074074,6,6.066666666666666,4.136363636363637
25,77,3.2,5,4.866666666666666,3.4761904761904763
18,34,2.2222222222222223,4,3.4,1.5454545454545454
24,71,3.0416666666666665,6,4.25,3.238095238095238
23,52,3.4782608695652173,6,4.8,2.526315789473684
18,23,1.3333333333333333,2,5.5,1.8333333333333333
20,55,3.5,7,3.7142857142857144,2.888888888888889
27,96,2.740740740740741,5,4.7894736842105265,3.9565217391304346
25,107,3.56,7,4.944444444444445,4.238095238095238
25,81,2.76,5,4.8125,3.6666666666666665
20,34,2.65,5,3.2857142857142856,1.5333333333333334
15,22,2.0,4,2.1666666666666665,1.625
29,98,3.1724137931034484,5,5.166666666666667,3.72
21,68,3.0,5,3.8,3.1666666666666665
22,67,2.6363636363636362,5,4.2,3.5
23,81,2.782608695652174,5,4.8,3.789473684210526
20,31,4.05,6,4.666666666666667,1.5555555555555556
19,50,3.3684210526315788,6,4.888888888888889,2.933333333333333
25,69,3.6,6,4.333333333333333,3.0952380952380953
21,58,3.619047619047619,7,4.416666666666667,2.9444444444444446
20,61,2.6,5,4.142857142857143,3.411764705882353
22,49,3.0454545454545454,5,3.4615384615384617,2.5
19,49,2.5789473684210527,5,4.1,2.7333333333333334
19,53,2.4210526315789473,4,3.5,3.0625
20,52,3.45,6,4.0,2.823529411764706
22,56,3.5,6,4.181818181818182,2.4210526315789473
19,29,3.9473684210526314,6,4.5,1.588235294117647
25,103,3.8,7,5.647058823529412,4.571428571428571
26,76,3.076923076923077,6,6.0,3.272727272727273
21,68,2.619047619047619,5,4.266666666666667,3.5555555555555554
19,29,3.9473684210526314,6,4.5,1.588235294117647
24,83,3.5,7,4.388888888888889,3.95
23,86,3.391304347826087,7,4.764705882352941,4.2631578947368425
25,101,3.44,7,4.947368421052632,4.476190476190476
21,57,2.761904761904762,6,3.3333333333333335,2.6666666666666665
19,29,3.9473684210526314,6,4.5,1.588235294117647
15,21,1.6,3,3.0,1.5
27,85,3.074074074074074,5,5.714285714285714,3.4782608695652173
26,106,3.8461538461538463,7,5.5,4.5
19,25,1.4736842105263157,4,2.3333333333333335,1.1666666666666667
19,57,2.6842105263157894,5,3.7857142857142856,3.3125
19,47,2.6315789473684212,5,3.0714285714285716,2.8666666666666667
18,38,2.6666666666666665,5,2.75,1.6923076923076923
20,52,3.4,6,4.0,2.823529411764706
16,31,2.25,4,3.4,1.7
17,27,2.588235294117647,5,4.25,1.3076923076923077
16,35,2.5,5,2.3846153846153846,2.5833333333333335
30,107,3.433333333333333,6,4.833333333333333,3.3461538461538463
19,29,3.9473684210526314,6,4.5,1.588235294117647
26,117,3.8076923076923075,7,5.7894736842105265,5.0
26,91,3.269230769230769,6,5.117647058823529,3.9545454545454546
24,77,3.0833333333333335,6,4.285714285714286,3.0
25,61,3.6,6,4.545454545454546,2.380952380952381
17,21,1.3529411764705883,2,4.5,1.5
21,78,3.6666666666666665,7,5.0,4.166666666666667
27,93,3.2222222222222223,5,5.5,3.8260869565217392
16,27,2.125,4,3.5,1.75
18,29,1.8888888888888888,4,3.25,1.4444444444444444
24,62,3.125,5,4.461538461538462,2.9
20,53,2.85,5,3.4285714285714284,3.0
19,53,2.9473684210526314,6,3.3333333333333335,2.6666666666666665
18,33,3.4444444444444446,5,3.25,1.625
21,63,3.2857142857142856,6,4.75,3.3529411764705883
25,66,3.88,6,5.166666666666667,2.8181818181818183
22,61,4.0,7,3.8,3.0
21,64,2.6666666666666665,5,3.933333333333333,3.4705882352941178
21,49,3.0,5,3.75,2.6470588235294117
19,48,2.5789473684210527,5,3.5454545454545454,2.6
18,50,2.388888888888889,4,3.2857142857142856,3.2857142857142856
22,59,3.409090909090909,6,3.6,3.0
30,113,4.166666666666667,8,5.555555555555555,3.8461538461538463
19,29,3.9473684210526314,6,4.5,1.588235294117647
24,92,3.5,7,4.35,4.35
23,85,3.391304347826087,7,4.875,4.105263157894737
25,108,3.56,7,5.105263157894737,4.619047619047619
20,31,4.05,6,4.833333333333333,1.6111111111111112
26,70,3.923076923076923,6,5.5,2.869565217391304
26,103,3.6538461538461537,7,4.611111111111111,3.772727272727273
25,78,2.68,5,4.294117647058823,3.4761904761904763
19,29,3.9473684210526314,6,4.5,1.588235294117647
22,57,2.772727272727273,6,4.375,2.3333333333333335
27,103,4.074074074074074,7,5.444444444444445,4.083333333333333
23,69,3.739130434782609,7,4.714285714285714,3.3
24,75,4.166666666666667,8,5.384615384615385,3.3333333333333335
19,45,2.789473684210526,5,4.0,2.6666666666666665
19,59,2.8421052631578947,6,3.2666666666666666,3.2666666666666666
15,31,2.6666666666666665,5,2.888888888888889,2.3636363636363638
20,30,4.05,6,4.666666666666667,1.5555555555555556
25,112,3.72,6,6.0,4.363636363636363
23,70,2.5652173913043477,5,4.266666666666667,3.3684210526315788
20,58,2.75,5,3.6,3.176470588235294
25,66,3.56,6,3.9285714285714284,2.619047619047619
17,22,1.2941176470588236,2,4.0,1.6
21,81,3.761904761904762,7,5.2,4.333333333333333
27,89,3.3703703703703702,6,4.666666666666667,3.652173913043478
22,85,3.590909090909091,7,4.117647058823529,3.888888888888889
25,79,3.56,6,4.153846153846154,2.5714285714285716
20,36,3.95,6,5.166666666666667,1.7222222222222223
25,98,3.12,6,5.470588235294118,4.2272727272727275
23,74,3.9565217391304346,7,4.153846153846154,2.7
27,94,3.4074074074074074,6,4.888888888888889,3.8260869565217392
22,74,2.9545454545454546,6,4.0,3.5555555555555554
20,34,3.95,6,5.166666666666667,1.7222222222222223
28,114,3.5,6,6.352941176470588,4.5
27,116,3.2222222222222223,6,5.25,4.565217391304348
18,30,3.9444444444444446,6,4.5,1.6875
