active_cells,active_edges,average_path_length,longest_path,average_branching_factor,average_merge_factor
22,41,3.409090909090909,6,5.428571428571429,2.0
28,68,3.2142857142857144,5,5.909090909090909,2.6
26,57,2.0384615384615383,4,4.375,2.5
22,51,2.590909090909091,5,4.0,1.8823529411764706
23,40,3.3043478260869565,6,6.166666666666667,1.85
23,75,4.173913043478261,8,3.9375,3.3157894736842106
28,82,3.2857142857142856,5,6.076923076923077,3.16
17,29,1.4705882352941178,3,2.3333333333333335,2.3333333333333335
13,19,1.4615384615384615,3,2.6666666666666665,2.0
22,60,2.727272727272727,5,3.4545454545454546,2.375
24,41,3.375,6,6.333333333333333,1.8095238095238095
25,85,3.4,6,5.142857142857143,3.4285714285714284
27,52,2.6296296296296298,5,6.0,2.0869565217391304
24,41,3.375,6,6.333333333333333,1.8095238095238095
23,71,4.173913043478261,8,3.6875,3.1052631578947367
28,53,3.0,6,4.083333333333333,2.0416666666666665
27,85,3.7777777777777777,7,5.4,3.375
18,29,1.5,3,2.6,1.8571428571428572
32,202,4.5,8,7.8,6.964285714285714
21,41,3.238095238095238,5,4.875,2.0526315789473686
19,46,2.6842105263157894,5,3.875,2.066666666666667
29,118,3.206896551724138,6,5.090909090909091,4.48
16,22,1.5,3,3.0,1.2857142857142858
16,23,1.5,3,3.0,1.2857142857142858
24,69,3.2083333333333335,5,5.0,3.0952380952380953
21,41,1.9523809523809523,3,5.25,1.75
22,39,2.8181818181818183,5,3.5,1.9444444444444444
23,60,3.391304347826087,6,3.642857142857143,2.6842105263157894
20,56,3.15,6,2.8461538461538463,2.3125
22,37,3.409090909090909,6,5.666666666666667,1.7894736842105263
26,114,3.6538461538461537,6,5.882352941176471,4.545454545454546
25,43,3.36,6,6.666666666666667,1.8181818181818181
26,62,3.1538461538461537,5,5.7,2.4782608695652173
23,77,3.130434782608696,6,3.8125,3.210526315789474
23,40,3.391304347826087,6,6.166666666666667,1.85
19,32,1.631578947368421,3,3.25,1.4444444444444444
25,43,2.64,4,6.5,1.8571428571428572
23,76,3.130434782608696,6,4.0,3.1578947368421053
21,34,2.761904761904762,5,3.0,1.7647058823529411
21,37,3.3333333333333335,6,5.666666666666667,1.8888888888888888
24,81,3.4166666666666665,6,5.153846153846154,3.35
25,43,2.68,4,6.5,1.8571428571428572
22,38,3.409090909090909,6,5.833333333333333,1.8421052631578947
19,43,1.7894736842105263,3,7.0,2.8
28,48,2.892857142857143,5,4.0,1.8333333333333333
25,44,3.04,6,3.6363636363636362,1.9047619047619047
18,29,1.5555555555555556,2,7.5,1.5
21,37,3.3333333333333335,6,5.666666666666667,1.8888888888888888
25,89,2.88,5,4.5,3.4285714285714284
24,80,3.4583333333333335,6,4.5625,3.4761904761904763
22,38,3.409090909090909,6,5.833333333333333,1.8421052631578947
27,108,3.7037037037037037,7,4.888888888888889,3.8260869565217392
26,47,2.6923076923076925,4,6.142857142857143,1.9545454545454546
18,27,1.5,3,2.75,1.5714285714285714
23,48,1.6956521739130435,3,4.166666666666667,2.0833333333333335
28,94,3.4285714285714284,6,6.6,2.75
22,31,3.0,5,4.0,1.4736842105263157
25,97,3.76,7,5.411764705882353,4.380952380952381
24,81,4.166666666666667,8,4.133333333333334,3.1
23,41,2.782608695652174,5,5.285714285714286,1.9473684210526316
25,89,3.48,7,5.466666666666667,3.9047619047619047
19,33,1.5263157894736843,2,8.5,1.7
19,51,2.736842105263158,5,2.8333333333333335,2.4285714285714284
21,35,3.4285714285714284,6,5.333333333333333,1.7777777777777777
28,78,2.9285714285714284,5,6.083333333333333,3.0416666666666665
26,55,1.9230769230769231,4,4.833333333333333,2.230769230769231
22,38,3.409090909090909,6,5.833333333333333,1.8421052631578947
15,32,3.7333333333333334,6,3.1666666666666665,1.4615384615384615
25,44,2.8,4,5.714285714285714,1.9047619047619047
24,82,3.25,6,3.5555555555555554,3.2
22,38,2.8181818181818183,5,3.3,1.8333333333333333
23,38,3.260869565217391,6,5.666666666666667,1.7894736842105263
19,29,1.4736842105263157,2,7.5,1.6666666666666667
25,62,3.12,5,4.583333333333333,2.5
18,26,1.3888888888888888,3,2.5,1.6666666666666667
26,80,3.423076923076923,6,3.875,2.8181818181818183
23,39,3.3043478260869565,6,5.833333333333333,1.8421052631578947
24,35,2.75,4,3.875,1.55
25,66,2.76,5,3.1538461538461537,2.1578947368421053
16,22,1.4375,2,4.0,1.1428571428571428
23,57,2.739130434782609,5,4.416666666666667,2.789473684210526
18,29,1.7222222222222223,3,3.25,1.4444444444444444
23,45,1.8695652173913044,3,5.5,1.8333333333333333
21,32,2.8095238095238093,5,3.111111111111111,1.6470588235294117
19,35,2.1578947368421053,4,3.0,1.6153846153846154
23,39,3.3043478260869565,6,5.833333333333333,1.8421052631578947
24,84,3.4166666666666665,6,4.466666666666667,3.35
25,43,2.68,4,6.5,1.8571428571428572
23,39,3.3043478260869565,6,5.833333333333333,1.8421052631578947
27,74,2.3333333333333335,5,3.0625,2.45
26,84,2.923076923076923,5,4.875,3.5454545454545454
19,35,1.5263157894736843,2,9.5,1.9
17,24,1.411764705882353,3,3.0,1.5
21,34,2.761904761904762,5,2.9,1.7058823529411764
13,19,1.5384615384615385,3,2.0,1.6
13,18,1.5384615384615385,3,1.75,1.4
28,91,3.357142857142857,6,6.3,2.625
21,29,3.0476190476190474,5,4.333333333333333,1.4444444444444444
25,86,3.64,7,5.4,3.857142857142857
22,73,3.8636363636363638,8,4.214285714285714,3.2777777777777777
30,101,3.066666666666667,5,5.9375,3.6538461538461537
20,39,1.9,3,4.75,1.7272727272727273
19,55,3.263157894736842,7,3.3333333333333335,2.6666666666666665
29,97,3.5172413793103448,6,6.8,2.72
23,39,3.3043478260869565,6,5.833333333333333,1.8421052631578947
27,65,3.111111111111111,5,5.0,2.608695652173913
28,81,3.25,5,4.714285714285714,2.869565217391304
24,41,3.2916666666666665,6,6.166666666666667,1.85
25,97,3.24,6,4.444444444444445,3.8095238095238093
24,43,2.6666666666666665,4,6.5,1.95
18,29,1.5555555555555556,3,2.6,1.8571428571428572
22,38,2.8181818181818183,5,3.3,1.8333333333333333
23,38,3.3043478260869565,6,5.666666666666667,1.7894736842105263
26,84,3.423076923076923,6,4.4,3.0
24,39,2.7916666666666665,4,4.25,1.7
22,66,2.909090909090909,5,4.357142857142857,3.388888888888889
13,21,1.6923076923076923,4,2.5,2.0
24,90,3.875,8,4.882352941176471,4.15
17,30,1.8235294117647058,3,2.5,1.6666666666666667
22,37,2.8181818181818183,5,3.2,1.7777777777777777
29,107,3.6206896551724137,6,6.583333333333333,3.16
23,40,3.3043478260869565,6,5.0,1.8421052631578947
26,113,3.6923076923076925,6,5.2105263157894735,4.5
24,43,3.3333333333333335,6,4.75,1.9
26,100,3.730769230769231,7,4.7,4.2727272727272725
28,111,3.4642857142857144,6,5.833333333333333,4.375
18,52,2.1666666666666665,5,3.6,3.6
18,44,2.111111111111111,4,2.8,2.8
26,82,3.576923076923077,6,4.388888888888889,3.4347826086956523
24,90,3.9166666666666665,8,4.625,3.7
23,38,3.347826086956522,6,5.833333333333333,1.75
25,83,2.72,5,3.823529411764706,2.9545454545454546
24,47,3.0416666666666665,5,4.5,2.0454545454545454
19,35,1.736842105263158,4,3.5,1.9090909090909092
25,52,3.04,6,4.083333333333333,2.227272727272727
24,64,2.5833333333333335,5,4.3,2.6875
22,49,2.1818181818181817,4,4.428571428571429,1.9375
23,40,3.3043478260869565,6,6.166666666666667,1.85
28,92,2.7857142857142856,5,5.0588235294117645,3.5833333333333335
19,32,1.631578947368421,3,4.5,1.6363636363636365
25,48,2.64,4,6.285714285714286,2.0952380952380953
22,55,2.590909090909091,5,3.888888888888889,2.3333333333333335
22,43,3.1363636363636362,5,5.0,2.1052631578947367
24,80,3.5416666666666665,6,5.133333333333334,3.6666666666666665
24,40,3.375,6,6.166666666666667,1.7619047619047619
25,88,3.0,5,4.8125,3.6666666666666665
25,49,2.72,4,6.428571428571429,2.142857142857143
13,20,1.6923076923076923,4,2.25,1.8
25,69,3.16,5,4.666666666666667,2.8
23,39,3.391304347826087,6,6.0,1.8
26,62,3.1153846153846154,5,5.7,2.4782608695652173
29,115,3.4482758620689653,7,5.190476190476191,4.36
13,19,1.4615384615384615,3,2.6666666666666665,2.0
19,29,1.5263157894736843,2,7.5,1.5
23,62,2.5652173913043477,4,4.384615384615385,2.85
23,44,1.8695652173913044,3,5.25,1.75
22,57,2.590909090909091,4,4.416666666666667,2.789473684210526
20,52,2.75,5,3.6923076923076925,3.0
24,83,3.375,6,4.470588235294118,3.8
13,17,1.3846153846153846,3,1.5,1.5
22,37,3.409090909090909,6,5.666666666666667,1.7894736842105263
15,31,3.533333333333333,6,2.5714285714285716,1.5
26,83,3.3461538461538463,6,3.75,2.727272727272727
26,67,3.230769230769231,5,5.636363636363637,2.6956521739130435
19,28,1.263157894736842,2,3.0,1.8
27,87,3.5555555555555554,6,6.6,2.869565217391304
23,40,3.391304347826087,6,6.166666666666667,1.85
27,108,3.740740740740741,7,5.055555555555555,3.9565217391304346
22,75,3.909090909090909,8,3.8,3.1666666666666665
28,53,2.8214285714285716,4,7.0,2.0416666666666665
12,20,1.75,4,2.5,2.0
22,37,2.8181818181818183,5,3.6666666666666665,1.8333333333333333
23,39,3.347826086956522,6,6.0,1.8
24,74,2.75,5,5.384615384615385,3.3333333333333335
26,58,2.1923076923076925,5,4.0,2.1333333333333333
16,22,1.4375,2,4.0,1.1428571428571428
19,35,1.4736842105263157,3,2.8333333333333335,2.125
25,90,2.96,6,4.368421052631579,3.9523809523809526
21,39,2.9047619047619047,6,3.1818181818181817,2.0588235294117645
22,60,2.590909090909091,5,3.9,2.6
22,45,1.9090909090909092,3,5.75,1.9166666666666667
21,37,2.8095238095238093,5,3.3,1.9411764705882353
21,30,3.0952380952380953,5,4.5,1.5
27,123,3.814814814814815,7,5.105263157894737,4.217391304347826
14,19,1.5,3,3.5,1.1666666666666667
23,39,3.391304347826087,6,6.0,1.8
23,66,3.0,5,4.083333333333333,2.5789473684210527
27,49,2.7777777777777777,4,5.625,1.9565217391304348
28,95,3.642857142857143,7,4.928571428571429,2.875
25,41,3.24,6,6.166666666666667,1.7619047619047619
26,104,3.6538461538461537,6,5.0,3.8636363636363638
23,39,3.391304347826087,6,6.0,1.8
19,31,1.5263157894736843,3,3.0,1.5
26,50,2.576923076923077,4,5.75,2.090909090909091
25,92,3.4,7,5.0,4.0476190476190474
18,28,1.6111111111111112,3,3.0,1.5
24,72,3.3333333333333335,6,3.3529411764705883,2.85
23,38,3.3043478260869565,6,5.666666666666667,1.7894736842105263
22,55,2.772727272727273,4,4.333333333333333,2.1666666666666665
25,44,2.8,4,5.714285714285714,1.9047619047619047
24,69,3.125,5,4.25,2.6842105263157894
23,39,3.3043478260869565,6,5.833333333333333,1.8421052631578947
20,60,3.5,8,4.0,3.0588235294117645
28,116,3.357142857142857,7,5.944444444444445,4.458333333333333
26,80,3.0,6,4.214285714285714,2.95
23,39,3.3043478260869565,6,5.833333333333333,1.8421052631578947
26,52,2.576923076923077,4,6.0,2.1818181818181817
25,89,3.12,5,4.3125,3.2857142857142856
22,64,2.8636363636363638,5,4.214285714285714,3.2777777777777777
22,60,3.0454545454545454,5,3.3076923076923075,2.5294117647058822
27,89,3.5555555555555554,6,4.846153846153846,2.739130434782609
23,38,3.260869565217391,6,5.666666666666667,1.7894736842105263
25,85,2.96,5,4.25,3.238095238095238
24,83,3.4583333333333335,7,4.625,3.5238095238095237
24,41,3.2916666666666665,6,6.166666666666667,1.85
19,28,1.5789473684210527,3,4.333333333333333,1.3
27,54,2.888888888888889,6,5.0,2.1739130434782608
18,30,1.7222222222222223,3,3.5,1.5555555555555556
25,71,3.0,5,4.25,2.6842105263157894
24,79,3.5833333333333335,7,4.5,3.6
23,59,2.5217391304347827,5,4.625,2.466666666666667
21,36,2.8095238095238093,5,3.1,1.8235294117647058
13,17,1.3846153846153846,3,1.5,1.5
21,31,3.0952380952380953,5,4.666666666666667,1.5555555555555556
25,87,3.64,7,5.466666666666667,3.9047619047619047
29,96,3.586206896551724,6,5.352941176470588,3.64
18,35,1.7777777777777777,4,3.1666666666666665,2.111111111111111
19,38,1.8421052631578947,4,2.625,2.3333333333333335
24,41,3.2083333333333335,6,5.142857142857143,1.8
24,37,2.75,4,4.0,1.6
26,92,3.0384615384615383,6,4.2,3.652173913043478
25,48,3.0,6,3.5833333333333335,2.0476190476190474
18,32,1.8333333333333333,4,2.2857142857142856,1.7777777777777777
23,39,3.3043478260869565,6,5.833333333333333,1.8421052631578947
25,56,3.04,5,5.666666666666667,2.4285714285714284
16,22,1.5625,3,3.3333333333333335,1.25
26,80,3.423076923076923,6,4.0,2.727272727272727
24,44,3.0416666666666665,6,3.5454545454545454,1.95
17,28,1.6470588235294117,3,3.25,1.625
23,38,3.3043478260869565,6,5.666666666666667,1.7894736842105263
26,102,2.769230769230769,5,4.368421052631579,3.772727272727273
25,85,3.52,6,3.823529411764706,3.0952380952380953
25,43,2.8,4,6.5,1.8571428571428572
22,53,2.6818181818181817,5,4.454545454545454,2.7222222222222223
18,32,1.7777777777777777,4,4.5,1.6363636363636365
26,87,3.4615384615384617,6,6.0,3.272727272727273
24,37,1.7916666666666667,3,5.666666666666667,1.5454545454545454
22,73,3.4545454545454546,7,4.6,3.6315789473684212
28,54,3.0714285714285716,6,4.363636363636363,2.0
19,48,2.263157894736842,4,3.4444444444444446,2.8181818181818183
23,40,3.0,6,3.1818181818181817,1.8421052631578947
21,44,2.9523809523809526,5,3.75,1.7647058823529411
24,58,2.5,4,4.25,1.8888888888888888
25,41,2.84,5,4.0,1.7142857142857142
27,78,3.2222222222222223,5,5.071428571428571,3.0869565217391304
13,21,1.6923076923076923,4,2.75,2.2
24,80,3.375,6,4.733333333333333,3.55
15,26,1.7333333333333334,4,2.3333333333333335,2.3333333333333335
23,57,3.0,5,4.5,2.7
21,50,2.6666666666666665,5,3.9166666666666665,2.611111111111111
23,77,3.3043478260869565,7,4.733333333333333,3.736842105263158
25,33,1.6,3,5.333333333333333,1.4545454545454546
21,39,2.142857142857143,4,4.6,1.7692307692307692
27,105,3.5185185185185186,7,5.555555555555555,4.3478260869565215
22,63,2.1818181818181817,5,4.666666666666667,2.8
20,63,3.2,7,4.0,3.5294117647058822
19,46,2.6315789473684212,5,4.375,2.3333333333333335
24,110,3.7916666666666665,8,5.25,5.25
20,56,3.45,7,4.818181818181818,3.1176470588235294
28,158,4.071428571428571,8,5.884615384615385,6.375
22,45,3.1363636363636362,5,5.125,2.1578947368421053
21,40,1.9047619047619047,4,5.0,2.272727272727273
27,78,2.962962962962963,5,6.166666666666667,3.0833333333333335
19,31,1.5263157894736843,2,8.5,1.7
22,59,2.590909090909091,5,4.1,2.7333333333333334
23,58,2.608695652173913,4,4.909090909090909,2.7
23,59,2.608695652173913,5,4.583333333333333,2.8947368421052633
16,28,1.8125,3,3.5,1.5555555555555556
22,38,3.409090909090909,6,5.833333333333333,1.8421052631578947
21,59,3.1904761904761907,6,4.230769230769231,3.0555555555555554
27,51,2.814814814814815,5,5.875,2.0434782608695654
18,28,1.5,3,2.4,1.7142857142857142
27,71,2.6296296296296298,5,5.333333333333333,2.6666666666666665
22,35,2.909090909090909,6,3.1,1.7222222222222223
22,57,2.409090909090909,5,4.75,2.7142857142857144
13,17,1.3846153846153846,3,1.5,1.5
24,66,3.0416666666666665,5,4.6923076923076925,3.05
23,60,2.6956521739130435,5,4.0,2.9473684210526314
27,90,3.5555555555555554,6,4.866666666666666,3.1739130434782608
25,42,3.24,6,6.333333333333333,1.8095238095238095
27,116,3.814814814814815,7,5.05,4.391304347826087
24,41,3.375,6,6.333333333333333,1.8095238095238095
23,77,3.8260869565217392,8,3.764705882352941,3.3684210526315788
27,86,3.6666666666666665,7,4.764705882352941,3.375
25,73,3.28,6,4.333333333333333,2.9545454545454546
21,34,2.9047619047619047,6,3.0,1.7647058823529411
21,36,3.4285714285714284,6,5.5,1.8333333333333333
25,45,2.64,4,5.125,1.9523809523809523
16,20,1.4375,2,4.0,1.1428571428571428
27,75,3.259259259259259,5,4.916666666666667,2.6818181818181817
24,40,2.875,5,3.6,1.8
23,71,3.130434782608696,6,3.642857142857143,2.8333333333333335
22,38,3.409090909090909,6,5.833333333333333,1.8421052631578947
25,88,4.0,8,4.0588235294117645,3.2857142857142856
29,57,3.0689655172413794,6,4.076923076923077,2.12
23,67,3.6956521739130435,7,4.428571428571429,3.1
18,29,1.6111111111111112,3,2.6,1.625
20,42,1.85,3,4.4,1.8333333333333333
21,30,3.0476190476190474,5,3.857142857142857,1.5
25,104,3.8,7,5.444444444444445,4.454545454545454
16,22,1.5,2,4.5,1.125
23,39,3.391304347826087,6,6.0,1.8
23,71,3.0434782608695654,5,4.571428571428571,3.2
27,53,3.0,6,4.9,2.130434782608696
21,70,2.619047619047619,5,4.846153846153846,3.7058823529411766
16,26,1.6875,3,3.0,1.5
22,38,3.409090909090909,6,5.833333333333333,1.8421052631578947
25,35,2.76,4,3.875,1.4761904761904763
26,70,2.8461538461538463,5,3.3846153846153846,2.2
26,81,3.4615384615384617,6,3.6470588235294117,2.8181818181818183
26,78,2.9615384615384617,5,5.214285714285714,3.3181818181818183
18,30,1.7222222222222223,3,3.25,1.4444444444444444
22,35,2.8181818181818183,5,3.4444444444444446,1.7222222222222223
21,37,3.3333333333333335,6,5.666666666666667,1.8888888888888888
25,54,3.04,5,6.125,2.3333333333333335
16,21,1.4375,2,7.0,1.0
16,21,1.4375,2,7.0,1.0
23,39,2.9130434782608696,5,3.7777777777777777,1.7894736842105263
23,44,1.8695652173913044,3,5.25,1.75
22,57,3.3181818181818183,6,3.6153846153846154,2.611111111111111
23,67,3.5652173913043477,6,4.6923076923076925,3.210526315789474
20,56,2.9,6,4.0,3.25
21,53,2.857142857142857,5,3.888888888888889,2.3333333333333335
23,39,3.3043478260869565,6,5.833333333333333,1.8421052631578947
24,87,3.4583333333333335,6,4.733333333333333,3.55
25,43,2.68,4,5.571428571428571,1.8571428571428572
23,39,3.3043478260869565,6,5.833333333333333,1.8421052631578947
21,55,3.0952380952380953,6,3.923076923076923,2.8333333333333335
27,89,3.4444444444444446,6,5.466666666666667,3.5652173913043477
24,69,3.375,6,4.0,3.2
23,49,1.7826086956521738,4,4.333333333333333,2.6
23,45,1.8695652173913044,3,5.5,1.8333333333333333
24,69,3.3333333333333335,6,4.2,3.15
25,88,3.36,6,5.5,3.142857142857143
21,29,3.0476190476190474,5,4.333333333333333,1.4444444444444444
25,90,3.64,6,4.722222222222222,3.8636363636363638
25,56,2.04,4,5.166666666666667,2.2142857142857144
22,56,1.9545454545454546,3,6.666666666666667,2.857142857142857
24,41,3.2916666666666665,6,6.166666666666667,1.85
14,26,2.4285714285714284,5,3.2,2.0
25,80,2.72,5,4.933333333333334,3.5238095238095237
23,50,2.0434782608695654,4,4.5,2.076923076923077
23,46,1.8695652173913044,3,5.75,1.9166666666666667
21,36,2.8095238095238093,5,3.1,1.8235294117647058
23,39,3.3043478260869565,6,5.833333333333333,1.8421052631578947
25,96,3.0,5,5.0,3.8095238095238093
27,83,3.4074074074074074,6,5.923076923076923,3.347826086956522
23,50,1.8695652173913044,4,4.5,2.4545454545454546
21,35,2.9047619047619047,6,3.0,1.7647058823529411
23,38,3.3043478260869565,6,5.666666666666667,1.7894736842105263
25,38,2.8,4,4.125,1.5714285714285714
25,98,3.72,7,5.0,4.090909090909091
25,49,3.08,6,3.6666666666666665,2.0952380952380953
13,19,1.6153846153846154,4,2.0,1.6
23,38,3.3043478260869565,6,5.666666666666667,1.7894736842105263
25,56,3.04,5,5.666666666666667,2.4285714285714284
18,34,1.8888888888888888,4,2.5714285714285716,2.0
23,43,3.0434782608695654,6,3.4545454545454546,2.0
23,38,3.3043478260869565,6,5.666666666666667,1.7894736842105263
26,106,3.6923076923076925,7,4.65,4.2272727272727275
28,108,3.357142857142857,6,6.0,4.25
27,74,2.6666666666666665,5,4.7272727272727275,2.888888888888889
24,63,2.375,5,4.875,2.6
22,37,2.8181818181818183,5,3.2,1.7777777777777777
13,20,1.6923076923076923,4,2.25,1.8
13,18,1.6153846153846154,3,2.3333333333333335,1.4
23,40,3.3043478260869565,6,5.142857142857143,1.894736842105263
25,52,2.64,4,5.333333333333333,2.2857142857142856
15,25,1.8,4,2.0,1.5
21,38,3.380952380952381,6,4.571428571428571,1.8823529411764706
23,77,4.086956521739131,8,3.3684210526315788,3.3684210526315788
27,51,3.074074074074074,6,4.181818181818182,2.0
18,40,2.3333333333333335,4,3.0,2.1818181818181817
22,41,3.272727272727273,6,5.333333333333333,1.7777777777777777
24,80,3.375,6,4.733333333333333,3.55
24,67,2.7083333333333335,5,5.666666666666667,2.8333333333333335
23,38,3.347826086956522,6,5.833333333333333,1.75
27,64,3.1481481481481484,5,6.777777777777778,2.5416666666666665
14,22,1.6428571428571428,4,2.75,2.2
25,43,3.36,6,6.666666666666667,1.8181818181818181
21,31,1.6666666666666667,3,3.75,1.1538461538461537
29,60,2.689655172413793,5,6.222222222222222,2.24
17,29,1.4705882352941178,3,2.3333333333333335,2.3333333333333335
22,38,3.3181818181818183,6,5.833333333333333,1.8421052631578947
27,65,3.1481481481481484,5,6.777777777777778,2.5416666666666665
14,22,1.6428571428571428,4,2.5,2.0
23,40,3.3043478260869565,6,6.166666666666667,1.85
24,79,3.0416666666666665,6,4.214285714285714,2.8095238095238093
27,54,2.6296296296296298,5,6.25,2.1739130434782608
24,82,3.1666666666666665,6,4.4,3.3
22,35,2.772727272727273,5,3.1,1.7222222222222223
26,88,3.4615384615384617,6,5.923076923076923,3.5
21,41,3.238095238095238,5,4.875,2.0526315789473686
25,88,3.6,6,5.0,3.8636363636363638
25,56,2.16,4,4.857142857142857,2.2666666666666666
21,48,2.142857142857143,4,4.428571428571429,2.3846153846153846
23,40,3.391304347826087,6,6.166666666666667,1.85
15,30,2.533333333333333,5,2.4285714285714284,1.7
25,43,2.68,4,6.5,1.8571428571428572
23,40,3.391304347826087,6,6.166666666666667,1.85
25,85,3.4,6,4.6,3.2857142857142856
26,51,2.6153846153846154,5,5.222222222222222,2.1363636363636362
24,41,3.375,6,6.333333333333333,1.8095238095238095
25,96,3.68,7,5.352941176470588,4.333333333333333
24,58,1.6666666666666667,3,3.0,3.0
25,76,2.92,5,5.538461538461538,3.272727272727273
19,30,1.5263157894736843,2,7.5,1.5
23,44,2.652173913043478,4,5.714285714285714,2.1052631578947367
18,27,1.2222222222222223,2,2.5,2.5
23,61,3.0,5,4.666666666666667,2.9473684210526314
27,94,3.5555555555555554,6,5.066666666666666,3.3043478260869565
24,40,3.25,6,6.0,1.8
25,67,2.96,5,6.2,2.8181818181818183
16,22,1.4375,2,4.0,1.1428571428571428
22,38,3.409090909090909,6,5.833333333333333,1.8421052631578947
18,47,2.5,5,4.25,2.4285714285714284
26,48,2.730769230769231,4,6.285714285714286,2.0
22,48,1.8636363636363635,3,4.833333333333333,2.230769230769231
22,38,3.409090909090909,6,5.833333333333333,1.8421052631578947
24,47,2.0,5,2.6363636363636362,2.230769230769231
25,38,2.8,4,4.25,1.619047619047619
23,58,2.391304347826087,5,4.375,2.3333333333333335
21,47,1.8571428571428572,3,4.0,2.1538461538461537
21,37,3.3333333333333335,6,5.666666666666667,1.8888888888888888
24,80,2.875,5,4.266666666666667,3.2
25,43,2.96,6,3.0,1.8571428571428572
21,37,3.3333333333333335,6,5.666666666666667,1.8888888888888888
27,62,2.4074074074074074,5,2.7333333333333334,2.1578947368421053
27,79,2.814814814814815,5,5.285714285714286,3.217391304347826
16,22,1.4375,2,4.0,1.1428571428571428
21,33,2.9047619047619047,6,2.9,1.7058823529411764
26,80,3.4615384615384617,6,6.0,3.272727272727273
22,28,1.5909090909090908,3,6.0,1.3333333333333333
21,26,1.5238095238095237,3,5.5,1.375
26,101,4.076923076923077,8,5.875,4.2727272727272725
23,71,2.782608695652174,6,3.4285714285714284,2.526315789473684
21,79,3.7142857142857144,8,4.411764705882353,4.166666666666667
19,53,2.8421052631578947,5,5.0,2.5
25,119,3.76,8,5.5,5.238095238095238
19,56,3.3157894736842106,7,4.7272727272727275,3.25
26,162,3.8846153846153846,8,6.291666666666667,6.863636363636363
21,29,3.0476190476190474,5,4.333333333333333,1.4444444444444444
25,81,3.64,7,5.133333333333334,3.6666666666666665
21,60,3.9047619047619047,8,3.4285714285714284,2.823529411764706
25,69,3.08,5,4.923076923076923,3.0476190476190474
21,53,2.7142857142857144,5,3.5,2.8
24,40,3.25,6,6.0,1.8
21,37,1.6666666666666667,3,3.2,1.6
25,44,2.68,4,6.666666666666667,1.9047619047619047
25,93,3.28,6,4.777777777777778,4.095238095238095
22,52,2.1818181818181817,5,3.75,2.3076923076923075
21,60,3.238095238095238,6,3.642857142857143,3.0
18,26,1.3888888888888888,3,2.5,1.6666666666666667
22,74,3.3636363636363638,6,3.9411764705882355,3.526315789473684
23,73,3.130434782608696,6,4.066666666666666,3.210526315789474
24,72,3.3333333333333335,6,4.466666666666667,3.35
22,57,2.5,5,3.888888888888889,2.5
26,94,3.576923076923077,6,6.363636363636363,3.1818181818181817
23,39,3.3043478260869565,6,5.833333333333333,1.8421052631578947
27,121,3.888888888888889,7,5.1,4.434782608695652
24,41,3.2916666666666665,6,6.166666666666667,1.85
19,31,1.5789473684210527,3,5.666666666666667,1.7
21,57,3.1904761904761907,6,2.857142857142857,2.3529411764705883
26,66,3.1538461538461537,5,5.083333333333333,2.772727272727273
22,75,3.3636363636363638,6,4.25,3.5789473684210527
23,62,3.217391304347826,7,3.7142857142857144,2.736842105263158
22,28,1.5909090909090908,3,6.0,1.3333333333333333
21,27,1.619047619047619,3,6.0,1.3333333333333333
16,37,1.9375,4,3.4444444444444446,2.5833333333333335
27,53,3.074074074074074,6,3.6923076923076925,2.0869565217391304
22,57,2.272727272727273,4,5.571428571428571,2.7857142857142856
25,75,3.52,6,4.666666666666667,3.3333333333333335
24,60,2.2083333333333335,4,5.142857142857143,2.5714285714285716
22,60,3.3636363636363638,6,3.8461538461538463,2.7777777777777777
28,209,4.107142857142857,8,7.038461538461538,7.625
22,30,2.9545454545454546,5,4.333333333333333,1.4444444444444444
28,146,4.321428571428571,8,5.739130434782608,5.28
16,22,1.5625,3,3.6666666666666665,1.375
23,39,3.3043478260869565,6,5.833333333333333,1.8421052631578947
26,102,3.1923076923076925,6,5.333333333333333,4.363636363636363
28,77,3.25,6,5.538461538461538,3.0
23,52,2.0434782608695654,4,4.833333333333333,2.230769230769231
25,70,3.44,6,4.142857142857143,2.761904761904762
27,108,3.5925925925925926,7,5.05,4.391304347826087
24,72,3.3333333333333335,6,4.466666666666667,3.35
24,80,3.25,6,4.769230769230769,3.1
22,26,1.5,3,4.5,1.125
22,26,1.5,3,4.5,1.125
26,123,4.076923076923077,8,5.75,5.2272727272727275
26,85,3.1538461538461537,6,4.285714285714286,2.727272727272727
22,95,3.772727272727273,8,4.578947368421052,4.578947368421052
19,52,2.8421052631578947,5,4.111111111111111,2.3125
24,134,3.75,8,5.809523809523809,6.1
21,72,3.3333333333333335,7,4.785714285714286,3.9411764705882355
26,180,3.8461538461538463,8,6.75,7.363636363636363
21,31,3.0952380952380953,5,4.5,1.5
29,152,4.344827586206897,8,6.173913043478261,5.68
16,25,1.875,4,2.3333333333333335,1.5555555555555556
24,44,3.4166666666666665,6,5.571428571428571,1.95
26,110,3.730769230769231,7,5.421052631578948,4.681818181818182
28,82,3.25,6,5.846153846153846,3.1666666666666665
24,61,2.2083333333333335,4,4.75,2.7142857142857144
31,153,4.290322580645161,8,6.434782608695652,5.481481481481482
27,75,3.037037037037037,5,5.142857142857143,3.0
23,66,3.347826086956522,6,4.0,2.9473684210526314
21,58,2.761904761904762,5,3.3333333333333335,2.5
24,39,3.3333333333333335,6,6.0,1.7142857142857142
22,73,4.045454545454546,8,3.7058823529411766,3.5
26,70,2.8461538461538463,5,4.466666666666667,2.9130434782608696
12,19,1.75,4,2.25,1.8
24,41,3.375,6,6.333333333333333,1.8095238095238095
19,35,1.631578947368421,3,5.0,1.8181818181818181
28,54,2.607142857142857,4,7.142857142857143,2.0833333333333335
23,56,2.608695652173913,5,4.333333333333333,2.736842105263158
18,32,1.8888888888888888,3,3.8,1.7272727272727273
23,40,3.3043478260869565,6,6.166666666666667,1.85
27,67,3.1481481481481484,5,6.3,2.625
18,30,1.4444444444444444,3,2.3333333333333335,2.3333333333333335
23,75,3.0869565217391304,6,3.933333333333333,3.1052631578947367
13,19,1.4615384615384615,3,2.6666666666666665,2.0
22,39,3.3181818181818183,6,6.0,1.894736842105263
25,61,2.88,5,5.181818181818182,2.590909090909091
26,58,2.1153846153846154,5,4.571428571428571,2.2857142857142856
24,41,3.375,6,6.333333333333333,1.8095238095238095
26,77,3.3076923076923075,7,3.625,2.6363636363636362
29,110,3.3793103448275863,7,5.2,4.16
13,20,1.6923076923076923,4,2.25,1.8
26,76,3.423076923076923,6,3.8125,2.772727272727273
22,70,3.3181818181818183,6,3.9375,3.3157894736842106
22,37,3.409090909090909,6,5.666666666666667,1.7894736842105263
15,31,3.533333333333333,6,2.5714285714285716,1.5
26,86,3.3461538461538463,6,3.9375,2.8636363636363638
22,39,1.4090909090909092,2,2.5714285714285716,2.0
26,46,2.769230769230769,4,7.0,1.9090909090909092
17,38,2.235294117647059,5,3.0,2.25
21,35,2.9047619047619047,6,3.1,1.8235294117647058
20,39,3.3,5,4.625,2.0555555555555554
26,116,3.8076923076923075,7,5.842105263157895,5.045454545454546
28,48,2.7857142857142856,4,6.285714285714286,1.8333333333333333
26,42,3.230769230769231,6,6.333333333333333,1.7272727272727273
25,85,3.4,6,4.857142857142857,3.238095238095238
23,80,4.0,8,3.4705882352941178,3.1052631578947367
25,41,2.84,5,3.3636363636363638,1.7619047619047619
23,40,3.391304347826087,6,6.166666666666667,1.85
14,26,2.357142857142857,5,2.3333333333333335,1.5555555555555556
24,81,3.5416666666666665,7,3.5294117647058822,3.1578947368421053
25,45,2.8,5,6.833333333333333,1.9523809523809523
18,29,1.5,3,2.4,1.7142857142857142
21,35,2.9047619047619047,6,3.1,1.8235294117647058
27,91,3.5555555555555554,6,5.583333333333333,2.9130434782608696
23,40,3.391304347826087,6,6.166666666666667,1.85
24,81,3.2916666666666665,5,4.333333333333333,3.25
25,96,4.08,8,4.05,3.857142857142857
26,74,3.3076923076923075,6,4.3125,3.0
24,63,2.9166666666666665,5,4.083333333333333,2.7222222222222223
22,38,3.409090909090909,6,5.833333333333333,1.8421052631578947
26,52,2.6153846153846154,5,5.333333333333333,2.1818181818181817
26,89,3.6153846153846154,8,4.8,3.4285714285714284
22,36,2.8181818181818183,5,3.5555555555555554,1.7777777777777777
18,31,1.8333333333333333,3,3.5,1.4
23,39,3.3043478260869565,6,5.833333333333333,1.8421052631578947
22,67,3.8636363636363638,7,3.3125,2.9444444444444446
27,79,2.814814814814815,5,4.625,3.217391304347826
12,19,1.75,4,2.25,1.8
23,39,3.3043478260869565,6,5.833333333333333,1.8421052631578947
27,114,3.740740740740741,7,5.222222222222222,4.086956521739131
29,75,3.1724137931034484,5,5.916666666666667,2.84
25,78,3.32,6,4.666666666666667,3.1818181818181817
22,37,2.8181818181818183,5,3.3,1.8333333333333333
21,68,4.190476190476191,8,4.642857142857143,3.611111111111111
27,117,3.740740740740741,7,5.444444444444445,4.260869565217392
27,53,2.814814814814815,5,6.125,2.130434782608696
18,27,1.5,3,2.75,1.5714285714285714
24,54,2.0416666666666665,4,5.0,2.3076923076923075
23,39,3.3043478260869565,6,5.833333333333333,1.8421052631578947
23,73,3.347826086956522,6,4.0,3.2
27,65,3.1481481481481484,5,5.0,2.608695652173913
13,21,1.6923076923076923,4,2.5,2.0
23,67,2.9130434782608696,5,4.428571428571429,3.263157894736842
13,18,1.3846153846153846,3,2.3333333333333335,1.75
23,39,3.3043478260869565,6,5.833333333333333,1.8421052631578947
22,67,4.2272727272727275,8,4.0,3.1578947368421053
25,44,2.72,4,6.666666666666667,1.9047619047619047
29,98,3.2413793103448274,6,4.3125,3.0
25,78,2.96,6,5.25,3.7058823529411766
22,45,1.8181818181818181,3,4.166666666666667,1.9230769230769231
26,86,3.423076923076923,6,5.454545454545454,2.727272727272727
21,30,3.0476190476190474,5,3.857142857142857,1.5
25,91,3.64,6,4.777777777777778,3.909090909090909
12,20,2.0,4,3.25,2.1666666666666665
24,41,3.2916666666666665,6,6.166666666666667,1.85
14,25,2.142857142857143,5,3.0,2.142857142857143
25,85,3.32,6,4.125,3.142857142857143
25,44,2.72,4,6.666666666666667,1.9047619047619047
21,47,2.6666666666666665,5,4.3,2.5294117647058822
18,30,1.7777777777777777,4,4.75,1.7272727272727273
23,69,3.130434782608696,5,4.846153846153846,3.3157894736842106
21,52,2.4285714285714284,5,3.875,2.2142857142857144
20,35,1.5,2,9.0,1.8
23,39,3.3043478260869565,6,5.833333333333333,1.8421052631578947
24,90,3.4166666666666665,6,5.214285714285714,3.65
25,45,2.72,4,5.857142857142857,1.9523809523809523
25,42,3.24,6,6.333333333333333,1.8095238095238095
24,76,3.4166666666666665,6,3.6875,2.95
25,41,2.8,4,4.0,1.7142857142857142
20,39,1.65,4,3.0,2.3333333333333335
22,65,2.8636363636363638,5,4.214285714285714,3.2777777777777777
20,36,2.9,6,2.8181818181818183,1.9375
23,73,3.391304347826087,7,4.333333333333333,3.25
21,42,2.9523809523809526,6,3.1818181818181817,2.0588235294117645
23,39,3.3043478260869565,6,5.833333333333333,1.8421052631578947
23,80,4.086956521739131,8,3.4210526315789473,3.4210526315789473
28,89,3.0357142857142856,5,5.928571428571429,3.4583333333333335
24,86,3.0416666666666665,6,4.0,3.3684210526315788
32,221,4.40625,8,8.347826086956522,6.857142857142857
24,41,3.2916666666666665,6,6.166666666666667,1.85
27,117,3.962962962962963,7,5.2631578947368425,4.3478260869565215
24,42,3.2916666666666665,6,5.428571428571429,1.9
23,64,3.0434782608695654,5,4.083333333333333,2.5789473684210527
23,47,2.5217391304347827,4,6.142857142857143,2.263157894736842
24,63,2.625,5,4.181818181818182,2.875
24,42,3.2916666666666665,6,5.428571428571429,1.9
27,107,3.4444444444444446,6,4.35,3.782608695652174
26,55,2.6923076923076925,5,5.1,2.3181818181818183
23,83,3.4782608695652173,7,5.066666666666666,4.0
21,54,2.2857142857142856,5,5.625,3.0
23,67,3.0869565217391304,5,4.416666666666667,2.9444444444444446
22,34,3.1818181818181817,5,4.285714285714286,1.5789473684210527
23,74,4.173913043478261,8,4.375,3.5
26,51,3.076923076923077,6,3.6666666666666665,2.0
23,65,3.1739130434782608,5,5.4,2.8421052631578947
22,41,3.409090909090909,6,5.428571428571429,2.0
17,32,1.7058823529411764,3,5.0,2.5
28,76,3.0714285714285716,5,5.615384615384615,2.92
13,22,1.6923076923076923,4,2.75,2.2
13,21,1.6923076923076923,4,2.5,2.0
24,41,3.375,6,6.333333333333333,1.8095238095238095
25,93,3.04,5,4.9411764705882355,4.0
26,54,3.076923076923077,6,4.25,2.217391304347826
29,95,3.6551724137931036,6,6.3076923076923075,3.28
24,41,3.375,6,6.333333333333333,1.8095238095238095
19,52,2.473684210526316,5,3.25,2.6
28,82,3.357142857142857,6,5.571428571428571,3.12
24,68,2.9583333333333335,5,5.4,2.8421052631578947
24,39,3.0416666666666665,6,3.5,1.75
27,97,3.5555555555555554,6,5.0625,3.5217391304347827
23,40,3.391304347826087,6,6.166666666666667,1.85
26,99,3.730769230769231,7,5.0588235294117645,3.909090909090909
27,46,2.888888888888889,5,3.5,1.826086956521739
24,41,3.375,6,6.333333333333333,1.8095238095238095
27,107,3.740740740740741,7,5.166666666666667,4.043478260869565
28,88,3.0,5,4.9411764705882355,3.36
18,32,1.4444444444444444,3,3.2,2.6666666666666665
17,28,1.3529411764705883,3,2.6,2.6
20,35,3.35,6,5.333333333333333,1.8823529411764706
19,53,3.0526315789473686,7,3.75,2.8125
28,51,2.9285714285714284,5,3.9166666666666665,1.9583333333333333
21,37,3.3333333333333335,6,5.666666666666667,1.8888888888888888
25,91,2.88,5,4.333333333333333,3.7142857142857144
26,73,3.230769230769231,5,5.3076923076923075,3.0
18,27,1.2777777777777777,2,2.75,2.2
18,27,1.2777777777777777,2,2.75,2.2
22,61,3.0,5,4.75,3.0
21,37,2.9047619047619047,6,3.0,1.9411764705882353
19,40,1.894736842105263,3,3.0,1.75
22,37,3.409090909090909,6,5.666666666666667,1.7894736842105263
25,48,2.64,4,5.5,2.0952380952380953
27,95,3.3333333333333335,7,5.642857142857143,3.761904761904762
21,44,1.8571428571428572,3,7.25,2.6363636363636362
28,110,3.357142857142857,7,5.421052631578948,4.291666666666667
24,63,2.5,5,3.9,2.4375
20,47,2.15,4,3.4444444444444446,2.2142857142857144
22,71,3.3636363636363638,6,4.4,3.473684210526316
20,65,3.25,6,3.8666666666666667,3.411764705882353
24,71,3.2916666666666665,7,5.333333333333333,3.2
21,32,1.6666666666666667,3,4.5,2.0
23,28,1.608695652173913,3,6.5,1.3
17,42,2.0,4,4.428571428571429,2.5833333333333335
21,65,2.3333333333333335,5,3.2142857142857144,2.6470588235294117
19,58,2.8421052631578947,6,3.7142857142857144,3.25
19,52,2.8947368421052633,6,3.6923076923076925,3.0
24,110,3.7083333333333335,8,5.777777777777778,5.2
21,63,3.4761904761904763,7,5.2727272727272725,3.2222222222222223
26,175,3.8846153846153846,8,6.875,7.5
21,29,3.0476190476190474,5,4.333333333333333,1.4444444444444444
24,69,3.7083333333333335,7,4.714285714285714,3.142857142857143
28,72,3.25,6,5.583333333333333,2.7916666666666665
13,21,1.6923076923076923,4,2.75,2.2
24,41,3.2916666666666665,6,6.166666666666667,1.85
25,36,2.8,4,3.875,1.4761904761904763
25,82,3.0,6,4.352941176470588,3.3636363636363638
22,39,3.0,6,3.4,1.8888888888888888
18,26,1.2777777777777777,2,2.5,2.0
20,35,3.35,6,5.333333333333333,1.8823529411764706
25,91,2.88,5,4.625,3.5238095238095237
26,67,3.1538461538461537,5,5.636363636363637,2.8181818181818183
23,60,2.608695652173913,5,4.5,2.6470588235294117
23,42,1.8695652173913044,3,4.75,1.5833333333333333
19,42,2.263157894736842,4,2.875,1.9166666666666667
22,37,3.3181818181818183,6,5.5,1.8333333333333333
21,36,1.7142857142857142,3,3.75,1.3636363636363635
20,40,1.85,4,2.4,2.1818181818181817
25,63,3.16,5,5.8,2.761904761904762
19,35,1.736842105263158,3,6.666666666666667,1.6666666666666667
20,31,1.55,2,7.5,1.3636363636363635
27,118,4.037037037037037,8,5.833333333333333,4.565217391304348
22,48,1.9545454545454546,4,3.625,2.0714285714285716
23,39,3.3043478260869565,6,5.833333333333333,1.8421052631578947
26,92,3.1153846153846154,5,6.461538461538462,3.8181818181818183
20,39,1.75,4,4.6,1.9166666666666667
23,39,3.3043478260869565,6,5.833333333333333,1.8421052631578947
14,31,3.642857142857143,6,3.3333333333333335,1.6666666666666667
25,44,2.68,4,5.571428571428571,1.8571428571428572
23,39,3.3043478260869565,6,5.833333333333333,1.8421052631578947
14,28,2.9285714285714284,5,3.4,1.7
29,119,3.5517241379310347,7,5.842105263157895,4.44
23,46,1.6956521739130435,3,5.0,2.0833333333333335
23,48,1.6956521739130435,3,4.5,2.25
22,36,3.0,6,2.8181818181818183,1.7222222222222223
22,66,2.8636363636363638,5,3.4615384615384617,2.6470588235294117
19,36,1.4210526315789473,3,2.4285714285714284,2.4285714285714284
21,68,3.2857142857142856,6,3.8125,3.388888888888889
24,63,3.3333333333333335,7,5.0,2.75
23,29,1.565217391304348,3,6.0,1.3333333333333333
22,26,1.4545454545454546,3,5.0,1.25
20,57,3.2,6,4.076923076923077,3.1176470588235294
24,103,3.9166666666666665,7,5.444444444444445,4.666666666666667
16,42,2.5625,6,3.0,3.0
23,106,3.739130434782609,8,4.95,5.2105263157894735
25,144,3.96,8,6.6,6.285714285714286
20,53,2.8,5,4.090909090909091,2.8125
24,121,3.75,8,5.65,5.65
23,99,4.043478260869565,8,4.476190476190476,4.7
29,236,4.172413793103448,8,7.703703703703703,8.32
21,29,3.0476190476190474,5,4.333333333333333,1.4444444444444444
18,30,1.4444444444444444,2,6.0,2.25
30,96,3.566666666666667,7,5.055555555555555,3.5
22,71,3.5454545454545454,6,5.7272727272727275,3.5
22,59,3.409090909090909,6,3.8333333333333335,2.5555555555555554
16,46,2.875,6,2.8333333333333335,2.8333333333333335
28,102,3.642857142857143,6,6.166666666666667,3.0833333333333335
23,40,3.3043478260869565,6,5.142857142857143,1.894736842105263
21,38,1.5714285714285714,3,7.0,1.9090909090909092
25,36,2.8,4,3.75,1.4285714285714286
23,65,2.6956521739130435,5,4.2,2.4705882352941178
26,75,3.423076923076923,6,3.7058823529411766,2.8636363636363638
19,36,1.631578947368421,4,2.5714285714285716,2.25
22,36,2.8181818181818183,5,3.0,1.6666666666666667
24,87,3.2916666666666665,6,4.5625,3.65
23,37,2.8260869565217392,5,3.2,1.6842105263157894
23,68,2.652173913043478,5,4.181818181818182,2.875
28,110,3.75,6,7.454545454545454,3.4166666666666665
23,42,3.3043478260869565,6,5.285714285714286,1.9473684210526316
23,67,3.0434782608695654,5,4.818181818181818,2.789473684210526
26,55,2.730769230769231,4,5.666666666666667,2.3181818181818183
27,110,3.8518518518518516,7,4.947368421052632,4.086956521739131
21,37,3.380952380952381,6,4.571428571428571,1.8823529411764706
26,118,3.6923076923076925,6,5.722222222222222,4.681818181818182
23,49,3.0434782608695654,6,4.181818181818182,2.3
15,25,1.8,4,2.6,2.1666666666666665
13,24,1.6153846153846154,4,2.6,2.6
20,39,3.6,6,5.142857142857143,2.0
26,82,3.1538461538461537,6,4.9375,3.4347826086956523
25,56,2.16,4,4.375,2.3333333333333335
22,56,2.5454545454545454,5,4.875,2.4375
24,41,3.375,6,6.333333333333333,1.8095238095238095
26,94,3.3076923076923075,5,4.764705882352941,3.6818181818181817
27,69,2.814814814814815,5,6.0,2.75
24,77,3.2083333333333335,6,4.133333333333334,3.1
22,37,2.8181818181818183,5,3.6666666666666665,1.8333333333333333
23,40,3.3043478260869565,6,6.166666666666667,1.85
25,89,3.44,6,5.285714285714286,3.5238095238095237
27,55,2.6296296296296298,5,5.666666666666667,2.217391304347826
24,41,3.375,6,6.333333333333333,1.8095238095238095
15,28,2.533333333333333,5,2.2857142857142856,1.6
18,31,1.6111111111111112,3,4.25,1.7
27,46,2.888888888888889,5,4.2,1.826086956521739
23,65,3.4347826086956523,6,5.083333333333333,3.05
17,39,2.823529411764706,7,3.3333333333333335,2.3076923076923075
22,39,3.3181818181818183,6,6.0,1.894736842105263
27,70,2.814814814814815,4,5.5,2.75
28,78,2.9642857142857144,5,5.0,2.619047619047619
23,40,3.391304347826087,6,6.166666666666667,1.85
26,86,3.076923076923077,5,5.857142857142857,3.5652173913043477
26,55,1.9230769230769231,4,4.833333333333333,2.230769230769231
31,204,4.387096774193548,8,8.041666666666666,7.148148148148148
22,39,3.3181818181818183,6,6.0,1.894736842105263
23,71,3.0869565217391304,5,4.642857142857143,3.25
25,51,2.6,5,5.875,2.238095238095238
22,76,3.090909090909091,6,4.928571428571429,3.8333333333333335
22,38,3.409090909090909,6,5.833333333333333,1.8421052631578947
22,71,3.272727272727273,6,3.2941176470588234,3.111111111111111
29,120,3.5517241379310347,7,5.7,4.56
20,54,2.35,5,5.0,3.0
22,39,3.3181818181818183,6,6.0,1.894736842105263
24,85,3.2916666666666665,5,4.6,3.45
24,81,3.5416666666666665,7,3.4705882352941178,3.1052631578947367
27,46,3.037037037037037,6,3.5,1.826086956521739
21,37,3.3333333333333335,6,5.666666666666667,1.8888888888888888
14,27,2.357142857142857,5,2.5,1.6666666666666667
26,45,2.769230769230769,4,6.833333333333333,1.8636363636363635
18,28,1.3888888888888888,3,2.4,2.0
23,37,2.8260869565217392,5,3.3,1.736842105263158
27,102,4.0,7,6.583333333333333,3.4347826086956523
23,33,2.9130434782608696,5,3.625,1.5263157894736843
24,68,3.7083333333333335,7,4.923076923076923,3.0476190476190474
22,74,4.045454545454546,8,3.625,3.2222222222222223
28,54,3.0714285714285716,6,4.166666666666667,2.0833333333333335
25,60,2.2,4,5.0,2.3333333333333335
22,38,3.409090909090909,6,5.833333333333333,1.8421052631578947
23,73,3.1739130434782608,5,4.714285714285714,3.3
28,52,2.9642857142857144,5,6.0,2.0
22,74,2.8636363636363638,6,4.785714285714286,3.7222222222222223
21,36,3.4285714285714284,6,5.5,1.8333333333333333
15,35,3.7333333333333334,6,3.2857142857142856,1.7692307692307692
25,84,3.52,7,3.388888888888889,3.05
25,46,2.76,5,6.833333333333333,1.9523809523809523
23,78,3.5217391304347827,7,4.733333333333333,3.736842105263158
17,29,1.411764705882353,3,2.6,2.1666666666666665
19,34,1.736842105263158,3,3.4,1.7
24,40,3.25,6,6.0,1.8
22,69,3.5454545454545454,7,4.266666666666667,3.3684210526315788
22,49,2.409090909090909,5,2.3846153846153846,2.066666666666667
27,76,2.7777777777777777,5,5.461538461538462,3.0869565217391304
22,53,2.1818181818181817,4,5.166666666666667,2.3846153846153846
19,32,1.4736842105263157,2,7.0,1.5555555555555556
22,38,3.227272727272727,6,5.666666666666667,1.8888888888888888
24,83,3.2916666666666665,5,4.4,3.3
24,73,3.625,7,3.0625,2.5789473684210527
27,47,3.074074074074074,6,3.5833333333333335,1.8695652173913044
23,39,3.3043478260869565,6,5.833333333333333,1.8421052631578947
20,31,1.45,2,7.5,1.6666666666666667
26,47,1.4230769230769231,3,2.3333333333333335,2.1
25,62,3.16,5,5.181818181818182,2.7142857142857144
13,19,1.6153846153846154,4,2.0,1.6
23,61,3.0869565217391304,5,3.75,2.5
21,36,2.8095238095238093,5,3.4444444444444446,1.8235294117647058
17,27,1.3529411764705883,2,2.5,1.6666666666666667
27,82,3.4444444444444446,6,6.636363636363637,3.1739130434782608
22,27,1.5,3,5.5,1.375
22,26,1.4545454545454546,3,4.5,1.125
17,40,2.0588235294117645,4,5.2,2.6
21,70,2.761904761904762,5,3.3333333333333335,2.7777777777777777
19,54,3.210526315789474,7,4.166666666666667,3.125
21,87,3.7142857142857144,8,4.555555555555555,4.555555555555555
18,47,2.7777777777777777,5,4.333333333333333,2.6
22,99,3.6818181818181817,8,5.055555555555555,5.055555555555555
25,146,3.96,8,6.380952380952381,6.380952380952381
21,81,3.619047619047619,8,4.470588235294118,4.222222222222222
20,47,2.45,4,4.714285714285714,2.2
28,207,4.071428571428571,8,7.115384615384615,7.708333333333333
21,29,3.0476190476190474,5,4.333333333333333,1.4444444444444444
21,67,2.6666666666666665,5,4.230769230769231,3.0555555555555554
26,46,3.0384615384615383,6,3.5,1.9090909090909092
19,30,1.5789473684210527,3,2.6,1.625
23,81,3.5652173913043477,7,4.111111111111111,3.7
23,39,3.3043478260869565,6,5.833333333333333,1.8421052631578947
26,106,3.730769230769231,7,5.222222222222222,4.2727272727272725
28,52,2.892857142857143,5,3.9166666666666665,1.9583333333333333
19,34,1.5263157894736843,4,2.8333333333333335,2.4285714285714284
19,38,1.631578947368421,3,2.857142857142857,2.2222222222222223
25,85,3.36,6,5.384615384615385,3.3333333333333335
21,26,1.5238095238095237,3,4.5,1.125
22,27,1.5454545454545454,3,5.0,1.1111111111111112
25,96,3.72,6,4.578947368421052,3.9545454545454546
19,54,2.6315789473684212,5,4.625,2.466666666666667
24,119,3.7916666666666665,8,5.45,5.45
23,90,3.4347826086956523,7,4.421052631578948,4.421052631578948
20,55,2.65,5,5.0,2.5
25,138,3.8,8,6.0476190476190474,6.0476190476190474
20,68,3.25,7,5.166666666666667,3.875
26,172,3.8461538461538463,8,6.625,7.2272727272727275
21,29,3.0476190476190474,5,4.333333333333333,1.4444444444444444
26,108,3.923076923076923,7,4.857142857142857,4.434782608695652
24,61,2.2916666666666665,4,5.571428571428571,2.6
22,55,2.227272727272727,4,5.428571428571429,2.7142857142857144
24,44,3.2916666666666665,6,5.571428571428571,1.95
26,107,3.1538461538461537,6,5.647058823529412,4.363636363636363
24,46,2.6666666666666665,4,7.0,2.1
13,22,1.6923076923076923,4,2.75,2.2
26,74,3.1923076923076925,5,4.615384615384615,2.857142857142857
22,40,3.3181818181818183,6,5.0,1.9444444444444444
24,52,2.125,4,4.666666666666667,1.8666666666666667
25,80,3.68,7,3.388888888888889,2.9047619047619047
24,79,3.5416666666666665,6,4.5,3.6
16,27,1.625,3,2.6,1.8571428571428572
24,49,2.75,4,6.571428571428571,2.1904761904761907
29,130,4.0,7,5.45,4.36
32,195,4.5,8,7.037037037037037,6.785714285714286
21,40,3.5714285714285716,6,5.428571428571429,2.0
25,103,3.6,8,5.444444444444445,4.666666666666667
23,82,4.086956521739131,8,3.764705882352941,3.3684210526315788
27,101,3.185185185185185,7,4.523809523809524,4.130434782608695
13,20,1.6923076923076923,4,2.25,1.8
24,41,3.375,6,6.333333333333333,1.8095238095238095
27,120,3.814814814814815,7,5.684210526315789,4.695652173913044
24,42,3.4166666666666665,6,6.5,1.8571428571428572
20,36,1.6,3,4.0,1.6
27,51,2.5925925925925926,4,6.714285714285714,2.0434782608695654
25,58,2.16,4,3.888888888888889,2.5
21,41,1.7619047619047619,3,5.25,2.1
21,32,2.761904761904762,5,3.111111111111111,1.6470588235294117
23,58,2.608695652173913,4,4.230769230769231,2.75
23,71,3.0869565217391304,6,4.5,3.15
22,38,2.8181818181818183,5,3.090909090909091,1.8888888888888888
21,36,3.3333333333333335,6,5.5,1.8333333333333333
19,55,3.263157894736842,7,4.363636363636363,3.0
26,94,3.5,7,4.684210526315789,3.869565217391304
24,41,3.375,6,6.333333333333333,1.8095238095238095
23,81,4.0,8,4.0,3.3684210526315788
24,63,2.9166666666666665,5,4.538461538461538,2.8095238095238093
24,72,3.1666666666666665,6,4.333333333333333,2.6
24,72,3.2083333333333335,6,6.4,3.2
23,28,1.608695652173913,3,6.5,1.3
21,26,1.5238095238095237,3,5.5,1.375
17,39,2.0,4,2.909090909090909,2.4615384615384617
20,65,2.75,5,3.923076923076923,3.0
21,80,3.5238095238095237,8,4.411764705882353,4.411764705882353
22,79,2.590909090909091,5,3.75,3.3333333333333335
20,81,3.35,7,4.277777777777778,4.529411764705882
16,38,2.6875,6,3.4,2.6153846153846154
18,55,3.3333333333333335,7,3.923076923076923,3.4
24,119,3.75,8,5.380952380952381,5.65
20,55,3.5,7,4.636363636363637,3.0
29,192,4.137931034482759,8,6.814814814814815,7.36
20,41,3.3,5,4.625,2.0555555555555554
17,36,2.0588235294117645,5,4.0,2.1818181818181817
24,43,2.7083333333333335,4,7.8,1.95
22,55,2.3636363636363638,5,4.0,2.5714285714285716
24,47,1.8333333333333333,3,5.75,1.9166666666666667
23,39,2.8260869565217392,5,3.4,1.7894736842105263
22,56,2.5454545454545454,4,4.25,2.6842105263157894
23,70,3.0869565217391304,6,4.428571428571429,3.1
21,36,2.761904761904762,5,2.8181818181818183,1.8235294117647058
13,17,1.3846153846153846,3,1.5,1.5
21,36,3.4285714285714284,6,5.5,1.8333333333333333
22,69,3.409090909090909,7,4.615384615384615,3.1578947368421053
24,86,3.6666666666666665,7,4.388888888888889,3.761904761904762
22,38,3.409090909090909,6,5.833333333333333,1.8421052631578947
25,85,2.84,5,4.1875,3.1904761904761907
26,46,2.9615384615384617,6,3.1538461538461537,1.8636363636363635
24,60,3.2916666666666665,6,6.25,2.380952380952381
23,34,2.1739130434782608,4,6.666666666666667,1.5384615384615385
22,65,2.727272727272727,5,4.066666666666666,3.210526315789474
28,56,2.6785714285714284,5,5.777777777777778,2.1666666666666665
24,70,2.9583333333333335,6,4.363636363636363,2.6666666666666665
22,39,3.409090909090909,6,5.666666666666667,1.7894736842105263
23,59,2.9130434782608696,6,3.0714285714285716,2.5294117647058822
28,88,3.0357142857142856,5,5.928571428571429,3.4583333333333335
17,36,2.176470588235294,5,3.25,2.3636363636363638
21,33,2.9047619047619047,6,2.9,1.7058823529411764
13,18,1.6153846153846154,4,1.4,1.4
22,36,3.3181818181818183,6,5.333333333333333,1.7777777777777777
22,64,3.1363636363636362,6,4.142857142857143,3.0526315789473686
26,44,2.8076923076923075,4,6.666666666666667,1.8181818181818181
16,24,1.4375,3,3.3333333333333335,1.6666666666666667
26,67,2.730769230769231,5,3.909090909090909,2.388888888888889
22,32,2.772727272727273,5,3.111111111111111,1.5555555555555556
23,63,2.652173913043478,5,4.555555555555555,2.5625
13,18,1.5384615384615385,3,2.3333333333333335,1.4
23,64,3.0,5,4.538461538461538,3.1052631578947367
23,56,2.739130434782609,5,4.25,2.6842105263157894
22,37,3.3181818181818183,6,5.333333333333333,1.7777777777777777
24,83,3.375,6,4.333333333333333,3.25
25,82,3.84,8,3.5294117647058822,3.0
26,73,3.5384615384615383,7,4.533333333333333,3.090909090909091
22,53,2.4545454545454546,5,3.6,2.5714285714285716
23,57,3.1739130434782608,7,4.363636363636363,2.526315789473684
23,29,1.565217391304348,3,6.0,1.3333333333333333
20,25,1.5,3,5.0,1.4285714285714286
18,53,3.2222222222222223,7,3.769230769230769,3.2666666666666666
23,96,3.608695652173913,7,4.944444444444445,4.684210526315789
21,66,2.5238095238095237,5,3.5384615384615383,2.7058823529411766
23,105,3.652173913043478,8,5.2105263157894735,5.2105263157894735
19,67,2.8421052631578947,6,3.857142857142857,3.375
20,50,2.65,5,4.875,2.4375
20,49,2.95,5,5.0,2.6470588235294117
24,116,3.7083333333333335,8,5.833333333333333,5.25
20,58,3.5,7,4.818181818181818,3.1176470588235294
26,171,3.8461538461538463,8,6.625,7.2272727272727275
22,30,2.9545454545454546,5,4.333333333333333,1.4444444444444444
26,107,3.730769230769231,7,5.555555555555555,4.545454545454546
24,88,3.4583333333333335,7,4.647058823529412,3.761904761904762
24,41,3.2916666666666665,6,6.166666666666667,1.85
28,111,3.7857142857142856,7,5.555555555555555,4.166666666666667
29,103,2.9655172413793105,5,5.333333333333333,3.84
21,45,1.7619047619047619,3,4.333333333333333,2.1666666666666665
24,64,2.75,5,3.75,3.0
23,71,3.608695652173913,7,3.7142857142857144,2.736842105263158
23,39,3.3043478260869565,6,5.833333333333333,1.8421052631578947
15,37,3.7333333333333334,6,3.25,2.0
27,69,3.2222222222222223,5,5.333333333333333,2.782608695652174
22,80,3.409090909090909,6,4.055555555555555,3.8421052631578947
12,19,1.75,4,2.25,1.8
28,104,4.142857142857143,7,6.333333333333333,3.1666666666666665
24,41,3.2916666666666665,6,6.166666666666667,1.85
24,83,3.375,6,4.857142857142857,3.4
24,87,4.25,8,3.888888888888889,3.5
28,112,3.4285714285714284,7,5.2,4.333333333333333
13,21,1.6923076923076923,4,2.5,2.0
22,38,3.3181818181818183,6,4.857142857142857,1.8888888888888888
15,34,3.7333333333333334,6,3.2857142857142856,1.7692307692307692
24,86,4.125,8,3.473684210526316,3.3
27,51,3.037037037037037,6,3.75,1.9565217391304348
23,41,3.3043478260869565,6,5.285714285714286,1.9473684210526316
21,42,1.9523809523809523,4,3.5,1.75
26,52,2.769230769230769,4,7.833333333333333,2.1363636363636362
23,62,2.347826086956522,4,5.571428571428571,2.7857142857142856
23,45,1.8695652173913044,3,5.0,2.0833333333333335
22,38,2.8181818181818183,5,3.2,1.7777777777777777
23,74,3.5652173913043477,6,5.230769230769231,3.5789473684210527
24,90,3.5416666666666665,7,5.125,3.9047619047619047
21,67,2.857142857142857,6,3.588235294117647,3.588235294117647
13,19,1.7692307692307692,4,1.6,1.3333333333333333
23,49,3.0434782608695654,6,4.181818181818182,2.3
22,39,3.3636363636363638,6,5.142857142857143,1.894736842105263
21,33,1.6666666666666667,3,4.0,1.4545454545454546
19,45,2.526315789473684,6,2.5454545454545454,2.3333333333333335
24,52,3.0833333333333335,6,4.166666666666667,2.272727272727273
13,20,1.6153846153846154,3,3.0,1.8
23,62,2.782608695652174,5,3.25,2.1666666666666665
24,41,3.375,6,6.333333333333333,1.8095238095238095
26,102,3.730769230769231,7,4.722222222222222,3.8636363636363638
28,79,3.25,5,5.357142857142857,3.0
24,68,2.9583333333333335,5,5.5,2.8947368421052633
24,46,3.0833333333333335,6,3.5,2.1
18,29,1.5,3,2.6,1.8571428571428572
23,39,3.3043478260869565,6,6.0,1.8
25,88,3.44,6,5.357142857142857,3.5714285714285716
25,92,4.2,8,4.176470588235294,3.380952380952381
26,82,3.4615384615384617,7,5.2,3.391304347826087
24,63,2.9583333333333335,5,4.166666666666667,2.7777777777777777
21,42,3.5714285714285716,6,5.0,2.1052631578947367
27,107,4.037037037037037,7,5.473684210526316,4.333333333333333
25,42,3.32,6,6.5,1.7727272727272727
24,64,2.875,5,3.769230769230769,2.45
26,53,2.730769230769231,4,6.125,2.227272727272727
20,50,2.15,4,5.857142857142857,2.7333333333333334
19,32,1.3157894736842106,2,3.75,2.5
22,36,2.8181818181818183,5,3.2,1.7777777777777777
23,39,3.347826086956522,6,6.0,1.8
21,68,3.0476190476190474,6,4.0,3.111111111111111
28,44,2.857142857142857,4,4.444444444444445,1.6666666666666667
25,79,3.52,6,5.285714285714286,3.3636363636363638
18,29,1.6666666666666667,3,5.0,1.3636363636363635
23,60,2.652173913043478,5,4.0,2.9473684210526314
17,29,1.411764705882353,3,2.4,2.0
23,61,3.130434782608696,5,5.090909090909091,2.9473684210526314
20,47,3.3,6,3.272727272727273,2.25
22,74,3.5,7,4.0588235294117645,3.6315789473684212
21,53,2.619047619047619,5,3.6666666666666665,2.357142857142857
27,93,3.5555555555555554,6,5.615384615384615,3.1739130434782608
22,38,3.409090909090909,6,5.833333333333333,1.8421052631578947
18,48,2.5,5,4.375,2.5
27,49,2.7777777777777777,4,6.428571428571429,1.9565217391304348
23,54,2.1739130434782608,4,4.428571428571429,2.3846153846153846
18,49,3.0555555555555554,6,3.4615384615384617,2.8125
23,68,3.4347826086956523,6,4.2,3.15
19,32,1.368421052631579,3,2.6,2.1666666666666665
20,41,2.45,5,4.111111111111111,2.3125
26,89,3.4615384615384617,6,4.666666666666667,3.1818181818181817
21,29,3.0476190476190474,5,4.333333333333333,1.4444444444444444
27,110,4.037037037037037,7,5.611111111111111,4.208333333333333
30,118,3.566666666666667,7,4.583333333333333,4.230769230769231
24,69,3.4166666666666665,6,4.3076923076923075,2.8
22,38,3.409090909090909,6,5.833333333333333,1.8421052631578947
26,51,2.576923076923077,4,5.875,2.1363636363636362
16,20,1.5,3,3.0,1.2857142857142858
22,38,3.409090909090909,6,5.833333333333333,1.8421052631578947
23,80,4.0,8,3.764705882352941,3.3684210526315788
27,82,2.8518518518518516,5,4.8125,3.347826086956522
12,20,1.75,4,2.5,2.0
23,39,3.3043478260869565,6,5.833333333333333,1.8421052631578947
19,31,1.5263157894736843,3,3.0,1.5
25,77,3.32,7,3.0,2.8421052631578947
26,71,3.1538461538461537,5,5.076923076923077,3.0
18,26,1.3888888888888888,3,2.5,1.6666666666666667
23,69,2.9565217391304346,5,4.5,3.3157894736842106
22,58,3.0454545454545454,5,3.8181818181818183,2.4705882352941178
20,62,3.25,6,4.230769230769231,3.235294117647059
27,93,3.5555555555555554,6,5.3076923076923075,3.0
22,38,3.409090909090909,6,5.833333333333333,1.8421052631578947
19,56,3.8421052631578947,8,3.923076923076923,3.1875
24,44,2.875,6,3.25,1.95
23,67,2.9130434782608696,5,4.769230769230769,3.263157894736842
22,55,2.227272727272727,4,5.5,2.5384615384615383
19,30,1.5263157894736843,2,7.0,1.4
23,39,3.3043478260869565,6,5.833333333333333,1.8421052631578947
24,80,3.375,6,4.5,3.15
24,75,3.9166666666666665,8,3.25,2.6
27,51,3.074074074074074,6,3.5384615384615383,2.0
24,57,2.0416666666666665,4,5.5,2.5384615384615383
23,39,3.3043478260869565,6,5.833333333333333,1.8421052631578947
28,65,3.107142857142857,5,6.0,2.5
19,35,1.631578947368421,3,6.666666666666667,1.8181818181818181
20,32,1.55,2,8.0,1.4545454545454546
22,40,2.590909090909091,4,5.833333333333333,1.9444444444444444
23,63,2.5217391304347827,4,4.384615384615385,3.0
21,55,2.5714285714285716,5,3.7777777777777777,2.4285714285714284
21,49,3.3333333333333335,6,3.5454545454545454,2.2941176470588234
21,43,2.8095238095238093,5,3.3636363636363638,2.176470588235294
19,37,2.1578947368421053,4,3.142857142857143,1.6923076923076923
23,35,3.1739130434782608,5,4.571428571428571,1.6
25,96,3.24,6,5.352941176470588,4.136363636363637
27,84,3.2962962962962963,6,5.642857142857143,3.4347826086956523
12,20,1.75,4,2.5,2.0
24,66,3.375,6,3.6,2.7
23,39,2.869565217391304,5,3.7777777777777777,1.7894736842105263
17,26,1.3529411764705883,2,3.0,1.5
23,38,3.3043478260869565,6,5.666666666666667,1.7894736842105263
24,46,2.7083333333333335,4,5.25,2.1
16,22,1.5,2,8.0,1.0
23,40,3.3043478260869565,6,5.833333333333333,1.8421052631578947
24,90,3.4583333333333335,6,4.8,3.6
23,82,4.130434782608695,8,3.5294117647058822,3.1578947368421053
27,87,3.4444444444444446,6,5.0,3.4782608695652173
12,21,1.75,4,2.75,2.2
23,39,3.3043478260869565,6,5.833333333333333,1.8421052631578947
27,90,2.7037037037037037,5,3.8333333333333335,3.1363636363636362
25,43,2.8,4,4.222222222222222,1.8095238095238095
13,22,1.6923076923076923,4,2.75,2.2
24,80,2.9583333333333335,5,5.214285714285714,3.65
20,38,1.55,2,10.5,1.9090909090909092
23,58,2.347826086956522,5,4.5,2.5714285714285716
29,112,4.310344827586207,7,6.071428571428571,3.4
23,39,3.3043478260869565,6,5.833333333333333,1.8421052631578947
26,105,3.3846153846153846,6,4.526315789473684,3.909090909090909
26,90,2.9615384615384617,5,5.1875,3.772727272727273
22,54,2.1818181818181817,4,5.0,2.5
23,40,3.3043478260869565,6,5.142857142857143,1.894736842105263
23,42,1.5217391304347827,3,5.5,2.0
26,85,3.4615384615384617,6,5.571428571428571,3.5454545454545454
25,92,3.52,7,4.666666666666667,3.8181818181818183
21,38,2.9047619047619047,6,2.909090909090909,1.8823529411764706
22,38,3.3181818181818183,6,4.714285714285714,1.8333333333333333
27,107,3.2222222222222223,6,6.25,4.3478260869565215
13,22,1.6923076923076923,4,3.0,2.4
30,100,4.066666666666666,7,5.833333333333333,2.6923076923076925
22,39,3.3181818181818183,6,4.857142857142857,1.8888888888888888
26,102,3.730769230769231,7,4.75,4.318181818181818
28,118,3.4285714285714284,6,6.166666666666667,4.625
25,65,3.0,5,4.454545454545454,2.5789473684210527
29,138,4.0344827586206895,8,6.380952380952381,5.36
21,38,3.142857142857143,5,4.375,1.9444444444444444
17,42,2.1176470588235294,5,3.4444444444444446,2.8181818181818183
28,52,2.75,5,6.125,1.96
23,54,2.217391304347826,4,5.0,2.3333333333333335
25,43,3.36,6,6.666666666666667,1.8181818181818181
15,31,2.8666666666666667,5,2.7142857142857144,1.5833333333333333
27,76,3.259259259259259,5,6.0,3.0
26,85,3.0384615384615383,6,5.133333333333334,3.347826086956522
20,39,2.85,5,3.6,2.1176470588235294
23,40,3.3043478260869565,6,6.166666666666667,1.85
24,72,3.2083333333333335,6,4.466666666666667,3.1904761904761907
25,52,2.8,5,6.0,2.2857142857142856
22,74,3.3636363636363638,7,4.466666666666667,3.7222222222222223
25,85,3.8,8,4.352941176470588,3.5238095238095237
24,41,3.375,6,6.333333333333333,1.8095238095238095
15,31,2.933333333333333,5,2.7142857142857144,1.7272727272727273
26,73,2.9615384615384617,5,5.75,3.0
18,32,1.6666666666666667,3,2.6666666666666665,2.0
23,63,3.0869565217391304,6,5.7,3.0
22,45,2.727272727272727,5,4.857142857142857,2.0
21,30,2.0476190476190474,4,5.666666666666667,1.3076923076923077
25,101,3.84,8,5.333333333333333,4.571428571428571
25,85,2.8,5,4.285714285714286,2.857142857142857
21,76,3.5714285714285716,7,4.5,4.0
19,52,2.9473684210526314,6,4.444444444444445,2.5
25,114,3.76,8,5.45,5.190476190476191
20,60,3.5,7,5.090909090909091,3.2941176470588234
27,158,3.962962962962963,8,6.04,6.565217391304348
21,40,3.238095238095238,5,4.75,2.0
27,108,3.925925925925926,7,5.0,4.375
22,53,2.1818181818181817,4,4.857142857142857,2.6153846153846154
21,54,2.2857142857142856,4,5.285714285714286,2.642857142857143
24,41,3.1666666666666665,6,6.166666666666667,1.85
23,71,3.130434782608696,5,4.571428571428571,3.2
25,48,2.92,6,5.5,2.0952380952380953
21,70,3.238095238095238,7,4.2,3.7058823529411766
24,77,3.2083333333333335,6,3.9285714285714284,2.75
23,40,3.391304347826087,6,6.166666666666667,1.85
14,27,2.357142857142857,5,2.2857142857142856,1.7777777777777777
27,75,2.925925925925926,5,5.461538461538462,2.9583333333333335
18,30,1.6666666666666667,3,2.3333333333333335,1.75
23,62,3.0434782608695654,5,6.111111111111111,2.8947368421052633
21,36,2.9047619047619047,5,6.5,1.625
23,72,3.130434782608696,5,4.642857142857143,3.25
23,44,2.6956521739130435,5,3.6363636363636362,2.1052631578947367
21,72,3.142857142857143,6,4.642857142857143,3.823529411764706
21,36,3.4285714285714284,6,5.5,1.8333333333333333
27,61,3.074074074074074,5,7.0,2.4347826086956523
18,28,1.3888888888888888,3,2.2,1.8333333333333333
22,39,3.0,6,3.1818181818181817,1.9444444444444444
21,37,3.3333333333333335,6,5.666666666666667,1.8888888888888888
27,113,3.7037037037037037,7,5.529411764705882,4.086956521739131
27,48,2.888888888888889,5,4.0,1.9130434782608696
20,34,1.3,2,3.5,2.3333333333333335
22,41,1.8181818181818181,3,4.75,1.7272727272727273
22,47,2.6363636363636362,5,4.777777777777778,2.388888888888889
21,55,3.1904761904761907,6,4.666666666666667,2.4705882352941178
21,34,2.8095238095238093,5,3.0,1.7647058823529411
26,75,3.4615384615384617,6,5.75,3.1363636363636362
22,28,1.5909090909090908,3,6.0,1.3333333333333333
25,104,3.8,7,5.764705882352941,4.666666666666667
17,27,1.411764705882353,3,2.75,1.8333333333333333
23,63,3.347826086956522,6,4.461538461538462,2.9
24,76,3.0,6,4.857142857142857,3.238095238095238
21,33,2.9047619047619047,6,3.111111111111111,1.6470588235294117
19,34,1.5263157894736843,3,2.5,1.875
21,37,3.380952380952381,6,5.333333333333333,1.7777777777777777
23,74,3.3043478260869565,6,4.785714285714286,3.35
25,48,2.92,6,5.5,2.0952380952380953
21,68,3.0476190476190474,6,4.357142857142857,3.588235294117647
25,42,3.24,6,6.166666666666667,1.7619047619047619
20,30,1.6,3,3.5,1.2727272727272727
25,74,3.6,7,4.25,3.090909090909091
16,24,1.4375,3,3.0,1.5
23,39,3.3043478260869565,6,5.833333333333333,1.8421052631578947
25,49,2.6,4,5.625,2.142857142857143
23,49,2.0434782608695654,4,5.2,2.0
28,96,3.642857142857143,6,5.230769230769231,2.8333333333333335
24,41,3.2916666666666665,6,6.166666666666667,1.85
25,50,2.6,4,5.75,2.1904761904761907
18,34,1.8333333333333333,4,2.5714285714285716,2.0
24,41,3.2916666666666665,6,6.166666666666667,1.85
25,54,3.04,5,6.125,2.3333333333333335
18,32,1.6666666666666667,4,2.2857142857142856,2.0
22,37,3.090909090909091,6,3.0,1.8333333333333333
23,39,3.3043478260869565,6,5.833333333333333,1.8421052631578947
23,71,3.130434782608696,5,4.923076923076923,3.2
27,57,2.6296296296296298,5,5.888888888888889,2.3043478260869565
21,68,3.0952380952380953,6,4.6923076923076925,3.588235294117647
23,39,3.3043478260869565,6,5.833333333333333,1.8421052631578947
26,58,3.1538461538461537,5,5.888888888888889,2.409090909090909
28,84,3.25,5,5.416666666666667,2.8260869565217392
24,41,3.2916666666666665,6,6.166666666666667,1.85
25,101,3.48,6,4.9411764705882355,4.0
24,79,4.166666666666667,8,3.8,2.85
25,49,3.08,6,3.6666666666666665,2.0952380952380953
24,41,3.2916666666666665,6,6.166666666666667,1.85
20,32,1.9,4,3.4,1.3076923076923077
26,75,3.1538461538461537,5,5.0,3.1818181818181817
18,31,1.8333333333333333,4,2.142857142857143,1.6666666666666667
25,75,3.16,5,4.666666666666667,2.8
22,58,3.1818181818181817,6,3.272727272727273,2.0
22,36,2.8181818181818183,5,3.1,1.7222222222222223
12,17,1.75,4,1.75,1.4
22,60,3.3181818181818183,6,4.083333333333333,2.7222222222222223
24,69,3.3333333333333335,7,4.142857142857143,2.9
21,27,1.619047619047619,3,5.5,1.2222222222222223
22,25,1.4090909090909092,3,4.0,1.1428571428571428
16,37,2.125,4,3.0,2.5
27,48,2.962962962962963,5,3.909090909090909,1.8695652173913044
25,75,2.64,5,6.0,3.0
25,75,3.48,6,5.384615384615385,3.3333333333333335
23,57,2.1739130434782608,4,5.0,2.6923076923076925
22,61,3.3636363636363638,6,3.923076923076923,2.8333333333333335
28,216,4.107142857142857,8,7.269230769230769,7.875
21,29,3.0476190476190474,5,4.333333333333333,1.4444444444444444
22,55,2.909090909090909,5,6.166666666666667,2.0555555555555554
27,95,2.814814814814815,5,5.625,3.9130434782608696
17,31,1.7647058823529411,4,2.6666666666666665,2.2857142857142856
31,97,3.4193548387096775,5,7.333333333333333,2.4444444444444446
24,44,3.2916666666666665,6,5.571428571428571,1.95
26,61,3.1538461538461537,5,5.090909090909091,2.5454545454545454
27,82,3.2222222222222223,5,4.785714285714286,3.0454545454545454
22,40,3.3181818181818183,6,5.0,1.9444444444444444
24,84,3.3333333333333335,6,4.5,3.6
23,79,4.130434782608695,8,3.4210526315789473,3.4210526315789473
26,51,3.076923076923077,6,3.6666666666666665,2.0
22,41,3.409090909090909,6,5.428571428571429,2.0
24,85,4.333333333333333,8,3.9473684210526314,3.75
25,60,2.88,5,5.181818181818182,2.590909090909091
24,78,3.125,6,4.266666666666667,3.0476190476190474
23,40,3.3043478260869565,6,6.166666666666667,1.85
16,37,2.4375,4,3.2,2.4615384615384617
24,51,2.625,4,6.714285714285714,2.35
23,75,3.3043478260869565,6,4.3125,3.45
20,58,3.25,7,3.7857142857142856,3.1176470588235294
22,52,2.909090909090909,5,4.625,2.0555555555555554
22,47,2.6363636363636362,5,5.166666666666667,1.9375
25,101,3.64,8,5.333333333333333,4.571428571428571
25,73,2.72,5,4.454545454545454,2.5789473684210527
23,84,3.347826086956522,7,4.05,4.05
19,44,2.4210526315789473,4,5.5,2.357142857142857
22,88,3.6818181818181817,8,4.882352941176471,4.611111111111111
20,57,3.5,7,4.909090909090909,3.176470588235294
28,172,4.071428571428571,8,6.423076923076923,6.958333333333333
21,43,3.238095238095238,5,4.75,2.0
27,106,4.2592592592592595,8,4.904761904761905,4.291666666666667
23,77,3.347826086956522,6,4.375,3.5
27,98,3.5555555555555554,6,6.333333333333333,3.3043478260869565
22,39,3.3181818181818183,6,6.0,1.894736842105263
24,56,3.125,5,5.1,2.4285714285714284
25,53,2.04,4,5.166666666666667,2.2142857142857144
21,58,2.4285714285714284,5,4.0,2.857142857142857
24,41,3.3333333333333335,6,6.333333333333333,1.8095238095238095
23,80,4.0,8,3.9411764705882355,3.526315789473684
29,56,3.0689655172413794,6,4.0,2.08
25,90,3.84,8,5.2,3.7142857142857144
18,32,1.4444444444444444,3,2.5,2.142857142857143
19,38,1.5263157894736843,3,2.375,2.375
20,35,3.35,6,5.333333333333333,1.8823529411764706
25,82,3.32,5,4.266666666666667,3.0476190476190474
25,64,3.24,5,5.363636363636363,2.6818181818181817
24,74,3.1666666666666665,5,4.384615384615385,2.85
22,35,2.772727272727273,5,3.1,1.7222222222222223
24,40,3.25,6,6.0,1.8
25,90,4.08,8,4.111111111111111,3.5238095238095237
29,56,3.0689655172413794,6,4.0,2.08
18,30,1.5,3,2.6,1.8571428571428572
28,90,3.4642857142857144,6,6.461538461538462,3.5
23,28,1.608695652173913,3,6.5,1.3
19,30,1.5263157894736843,3,4.666666666666667,2.0
19,51,3.0,6,3.6153846153846154,2.9375
28,162,4.214285714285714,8,6.125,6.125
21,79,3.5714285714285716,8,4.166666666666667,4.166666666666667
20,47,2.45,4,4.857142857142857,2.2666666666666666
16,36,2.5625,6,3.5555555555555554,2.4615384615384617
21,64,3.4761904761904763,8,4.615384615384615,3.3333333333333335
29,193,4.172413793103448,8,6.777777777777778,7.32
20,41,3.65,6,4.625,2.0555555555555554
25,94,3.92,7,5.666666666666667,3.8636363636363638
23,37,2.9130434782608696,6,3.0,1.736842105263158
22,38,3.409090909090909,6,5.833333333333333,1.8421052631578947
14,27,2.357142857142857,5,2.2857142857142856,1.7777777777777777
25,61,3.08,5,5.6,2.6666666666666665
21,71,3.2857142857142856,6,4.0,3.5555555555555554
12,19,1.75,4,2.25,1.8
23,39,3.3043478260869565,6,5.833333333333333,1.8421052631578947
14,27,2.357142857142857,5,2.142857142857143,1.6666666666666667
25,43,2.68,4,5.571428571428571,1.8571428571428572
27,95,3.5555555555555554,6,6.181818181818182,2.9565217391304346
22,38,3.409090909090909,6,5.833333333333333,1.8421052631578947
26,102,3.730769230769231,7,5.388888888888889,4.409090909090909
24,56,1.625,3,3.0833333333333335,2.8461538461538463
24,59,3.1666666666666665,5,4.5,2.5714285714285716
23,50,2.0434782608695654,4,5.4,2.076923076923077
24,67,3.0416666666666665,5,4.769230769230769,3.1
21,46,2.5714285714285716,5,3.8181818181818183,2.4705882352941178
24,66,3.2083333333333335,6,5.8,2.9
22,28,1.5909090909090908,3,6.0,1.3333333333333333
22,28,1.5909090909090908,3,6.0,1.3333333333333333
26,109,4.076923076923077,8,5.421052631578948,4.681818181818182
24,66,2.7916666666666665,6,3.230769230769231,2.1
22,90,3.772727272727273,8,4.473684210526316,4.473684210526316
19,54,2.9473684210526314,6,4.333333333333333,2.4375
24,129,3.7916666666666665,8,5.666666666666667,5.95
19,61,3.3684210526315788,7,4.583333333333333,3.4375
26,172,3.8461538461538463,8,6.625,7.2272727272727275
21,29,3.0476190476190474,5,4.333333333333333,1.4444444444444444
19,32,1.4736842105263157,2,6.333333333333333,2.111111111111111
28,88,3.642857142857143,7,5.1875,3.4583333333333335
23,65,3.0869565217391304,6,4.461538461538462,3.0526315789473686
21,53,2.857142857142857,5,3.727272727272727,2.5625
17,48,2.9411764705882355,6,2.8461538461538463,2.8461538461538463
27,94,3.5555555555555554,6,5.583333333333333,2.9130434782608696
23,39,3.3043478260869565,6,5.833333333333333,1.8421052631578947
24,84,4.041666666666667,8,3.888888888888889,3.5
28,52,3.0714285714285716,6,4.0,2.0
23,39,3.3043478260869565,6,5.833333333333333,1.8421052631578947
27,94,3.037037037037037,5,4.888888888888889,3.8260869565217392
12,19,1.75,4,2.25,1.8
23,39,3.3043478260869565,6,5.833333333333333,1.8421052631578947
22,38,1.5,3,5.0,2.0
24,43,2.6666666666666665,4,6.5,1.95
22,49,1.9090909090909092,4,4.5,2.4545454545454546
21,35,2.8095238095238093,5,3.0,1.7647058823529411
22,38,3.227272727272727,6,5.666666666666667,1.8888888888888888
26,99,2.9615384615384617,5,5.75,4.181818181818182
25,59,2.24,5,4.25,2.125
26,85,3.4615384615384617,6,3.888888888888889,3.1818181818181817
23,41,2.652173913043478,4,6.166666666666667,1.9473684210526316
23,39,3.3043478260869565,6,5.833333333333333,1.8421052631578947
24,83,3.4166666666666665,6,4.666666666666667,3.5
25,81,3.8,8,3.5294117647058822,3.0
25,46,3.04,6,3.727272727272727,1.9523809523809523
23,39,3.3043478260869565,6,5.833333333333333,1.8421052631578947
24,87,3.375,6,4.8,3.6
26,67,3.1538461538461537,5,5.636363636363637,2.8181818181818183
25,90,3.24,6,4.176470588235294,3.380952380952381
24,75,3.5416666666666665,6,5.230769230769231,3.4
24,60,2.2916666666666665,5,4.5,2.5714285714285716
20,36,1.55,2,9.5,1.7272727272727273
20,68,3.85,8,4.923076923076923,3.764705882352941
14,26,2.0714285714285716,4,3.75,2.142857142857143
24,47,1.9166666666666667,3,6.0,1.8461538461538463
25,70,3.04,6,3.2142857142857144,2.3684210526315788
24,47,2.7083333333333335,4,6.0,2.1
21,48,2.7142857142857144,5,4.4,2.588235294117647
18,36,1.6666666666666667,4,2.857142857142857,2.5
26,89,3.4615384615384617,6,4.411764705882353,3.409090909090909
23,30,1.434782608695652,3,4.0,1.1428571428571428
21,27,1.4285714285714286,3,4.0,1.1428571428571428
23,68,3.652173913043478,7,4.5,3.15
28,155,4.214285714285714,8,5.869565217391305,5.625
25,114,3.68,8,5.0,5.0
20,55,2.65,5,5.375,2.6875
22,41,3.409090909090909,6,5.428571428571429,2.0
26,104,3.3461538461538463,6,5.333333333333333,4.363636363636363
22,74,4.045454545454546,8,3.3529411764705883,3.1666666666666665
25,51,3.12,6,4.363636363636363,2.1818181818181817
21,41,3.0,5,3.9,2.0526315789473686
27,102,3.5555555555555554,6,5.875,4.086956521739131
24,41,3.375,6,6.333333333333333,1.8095238095238095
18,53,2.4444444444444446,5,3.3333333333333335,2.857142857142857
28,84,3.357142857142857,6,6.153846153846154,3.2
24,68,3.0833333333333335,5,5.0,2.8947368421052633
25,38,2.88,5,3.7777777777777777,1.619047619047619
27,101,3.962962962962963,7,5.5,3.8260869565217392
23,40,3.3043478260869565,6,6.166666666666667,1.85
26,83,3.730769230769231,7,5.571428571428571,3.5454545454545454
28,87,3.3214285714285716,6,4.4375,3.0869565217391304
28,116,3.75,7,4.6,3.8333333333333335
27,86,3.5185185185185186,6,6.3076923076923075,3.4166666666666665
12,19,1.75,4,2.25,1.8
24,41,3.375,6,6.333333333333333,1.8095238095238095
20,58,3.5,7,4.454545454545454,2.8823529411764706
28,109,3.392857142857143,7,5.421052631578948,4.291666666666667
18,29,1.4444444444444444,3,2.1666666666666665,2.1666666666666665
23,51,2.1739130434782608,4,4.428571428571429,2.2142857142857144
25,66,3.36,6,3.7333333333333334,2.6666666666666665
22,38,3.3181818181818183,6,5.833333333333333,1.8421052631578947
25,59,3.12,5,5.5,2.5
26,54,1.9230769230769231,4,4.833333333333333,2.230769230769231
22,56,2.272727272727273,4,4.0,2.4
23,40,3.391304347826087,6,6.166666666666667,1.85
27,77,2.4074074074074074,5,3.3529411764705883,2.85
22,59,2.727272727272727,6,2.7333333333333334,2.7333333333333334
27,75,3.0,5,5.916666666666667,2.9583333333333335
21,34,2.9047619047619047,6,3.0,1.7647058823529411
19,40,1.7894736842105263,3,3.5,1.9090909090909092
22,38,3.409090909090909,6,5.833333333333333,1.8421052631578947
25,57,3.12,5,4.818181818181818,2.409090909090909
29,122,3.5517241379310347,7,4.75,3.9583333333333335
25,79,3.56,6,5.6923076923076925,3.3636363636363638
21,69,3.2857142857142856,6,3.875,3.4444444444444446
24,82,3.1666666666666665,6,5.25,3.15
20,39,3.3,5,4.625,2.0555555555555554
26,97,3.8846153846153846,7,5.166666666666667,4.043478260869565
24,56,2.125,4,4.571428571428571,2.2857142857142856
22,53,2.6363636363636362,5,4.625,2.3125
23,40,3.391304347826087,6,6.166666666666667,1.85
27,119,3.888888888888889,7,5.1,4.434782608695652
24,41,3.375,6,6.333333333333333,1.8095238095238095
26,37,2.8076923076923075,4,4.125,1.5
18,45,2.5,5,3.7777777777777777,2.6153846153846154
19,33,1.631578947368421,3,4.5,1.6363636363636365
19,29,1.3157894736842106,2,3.0,2.0
22,38,2.8636363636363638,6,3.090909090909091,1.8888888888888888
13,18,1.5384615384615385,3,2.3333333333333335,1.4
13,17,1.4615384615384615,3,2.0,1.5
21,34,1.2857142857142858,2,3.25,2.1666666666666665
22,75,3.409090909090909,6,4.0,3.5789473684210527
23,39,3.3043478260869565,6,5.833333333333333,1.8421052631578947
25,55,3.12,5,5.0,2.272727272727273
24,87,3.1666666666666665,6,3.9444444444444446,3.55
23,39,3.3043478260869565,6,5.833333333333333,1.8421052631578947
19,28,1.5263157894736843,2,3.6666666666666665,1.1
27,52,2.814814814814815,5,5.333333333333333,2.0869565217391304
17,27,1.6470588235294117,3,3.0,1.5
20,53,2.15,4,5.5,2.933333333333333
24,75,3.625,6,5.0,3.5
19,35,1.736842105263158,3,3.6,1.8
22,38,3.409090909090909,6,5.833333333333333,1.8421052631578947
24,80,3.2916666666666665,5,4.2,3.15
25,44,2.72,4,5.714285714285714,1.9047619047619047
23,39,3.3043478260869565,6,5.833333333333333,1.8421052631578947
24,81,3.375,6,4.5,3.15
25,44,2.68,4,5.714285714285714,1.9047619047619047
25,87,3.36,6,5.642857142857143,3.761904761904762
23,44,1.8695652173913044,3,5.25,1.75
18,46,2.9444444444444446,6,2.8,2.0
24,40,3.25,6,6.0,1.8
26,72,2.8846153846153846,5,6.0,3.0
26,77,3.076923076923077,5,3.6666666666666665,2.619047619047619
27,77,3.185185185185185,6,5.0,2.1739130434782608
21,29,3.0476190476190474,5,4.333333333333333,1.4444444444444444
19,37,1.8421052631578947,4,3.5714285714285716,2.0833333333333335
25,59,2.96,6,3.6666666666666665,2.619047619047619
16,26,1.6875,3,4.0,1.5
24,47,3.25,6,5.142857142857143,1.8
27,104,3.259259259259259,6,5.705882352941177,4.217391304347826
26,74,3.076923076923077,5,5.0,2.619047619047619
24,41,3.2916666666666665,6,6.166666666666667,1.85
24,35,2.75,4,3.75,1.5
25,61,2.6,5,3.6,2.0
19,35,1.5263157894736843,2,9.5,1.9
22,39,2.8636363636363638,6,3.090909090909091,1.8888888888888888
22,62,2.6363636363636362,5,4.1,2.5625
20,36,1.9,3,3.6666666666666665,1.6923076923076923
22,36,2.8181818181818183,5,3.1,1.7222222222222223
17,28,1.6470588235294117,3,3.0,1.5
13,17,1.3846153846153846,3,1.5,1.5
23,39,3.3043478260869565,6,5.833333333333333,1.8421052631578947
21,43,2.0952380952380953,4,4.4,1.6923076923076923
25,77,3.68,7,3.1176470588235294,2.5238095238095237
26,46,2.769230769230769,4,7.0,1.9090909090909092
18,33,1.5,3,2.6666666666666665,2.2857142857142856
20,40,2.9,6,3.0,2.0625
17,28,1.7647058823529411,3,3.25,1.4444444444444444
28,99,3.5714285714285716,6,6.636363636363637,3.0416666666666665
23,39,3.3043478260869565,6,5.833333333333333,1.8421052631578947
19,30,1.5789473684210527,3,5.0,1.5
25,66,2.6,6,3.142857142857143,2.75
25,65,3.16,5,5.0,2.857142857142857
23,55,2.0869565217391304,4,4.571428571428571,2.4615384615384617
24,69,3.375,6,4.071428571428571,2.85
21,34,2.8095238095238093,5,3.2222222222222223,1.7058823529411764
24,70,3.375,6,3.625,2.9
19,55,3.3684210526315788,7,3.272727272727273,2.4
23,38,3.3043478260869565,6,5.666666666666667,1.7894736842105263
25,57,3.04,5,5.777777777777778,2.4761904761904763
26,60,2.076923076923077,4,4.857142857142857,2.4285714285714284
19,36,1.5263157894736843,2,9.5,1.9
22,39,2.8181818181818183,5,3.5555555555555554,1.7777777777777777
18,30,1.6666666666666667,3,2.3333333333333335,1.75
28,96,3.392857142857143,6,6.8,2.8333333333333335
21,30,3.0952380952380953,5,4.5,1.5
26,96,3.5,6,5.0,4.090909090909091
26,69,2.3846153846153846,4,6.142857142857143,2.6875
22,59,2.3636363636363638,4,5.5,3.142857142857143
23,40,3.347826086956522,6,5.0,1.8421052631578947
20,58,3.65,7,4.076923076923077,3.1176470588235294
25,46,2.92,6,3.6363636363636362,1.9047619047619047
26,77,3.1153846153846154,6,4.428571428571429,3.1
23,49,3.0434782608695654,6,4.181818181818182,2.3
15,25,1.8,4,2.6,2.1666666666666665
28,98,3.5357142857142856,6,6.5,3.7916666666666665
21,39,3.5714285714285716,6,5.285714285714286,1.9473684210526316
20,39,3.25,5,4.714285714285714,1.8333333333333333
18,36,1.8333333333333333,4,2.888888888888889,2.3636363636363638
22,65,3.5454545454545454,6,4.083333333333333,2.5789473684210527
25,111,3.28,7,4.7727272727272725,5.0
19,61,2.6842105263157894,5,3.909090909090909,2.6875
19,74,3.263157894736842,7,4.375,4.375
16,40,2.6875,6,3.7,2.8461538461538463
18,52,2.9444444444444446,6,3.5,3.2666666666666666
24,116,3.7916666666666665,8,5.045454545454546,5.55
20,52,3.4,7,4.454545454545454,2.8823529411764706
29,186,4.137931034482759,8,6.703703703703703,7.24
22,30,3.0,5,4.5,1.4210526315789473
25,79,3.04,6,4.6875,3.5714285714285716
21,61,3.5714285714285716,8,3.357142857142857,2.9375
26,53,2.730769230769231,4,7.0,2.227272727272727
25,43,3.32,6,6.666666666666667,1.8181818181818181
18,40,1.7777777777777777,3,6.5,2.888888888888889
25,71,3.16,5,4.0,2.6666666666666665
26,50,2.8076923076923075,5,6.571428571428571,2.090909090909091
25,73,3.08,6,4.545454545454546,2.6315789473684212
13,21,1.6923076923076923,4,2.5,2.0
24,41,3.3333333333333335,6,6.333333333333333,1.8095238095238095
23,62,2.9565217391304346,5,4.083333333333333,2.5789473684210527
27,54,2.5555555555555554,4,5.555555555555555,2.1739130434782608
23,65,3.0434782608695654,5,4.333333333333333,2.888888888888889
22,39,3.3181818181818183,6,6.0,1.894736842105263
28,108,3.75,7,4.473684210526316,3.5416666666666665
22,72,4.045454545454546,8,3.5625,3.1666666666666665
28,58,3.142857142857143,6,4.153846153846154,2.25
18,28,1.5,3,2.4,1.7142857142857142
23,36,2.8260869565217392,5,3.2,1.6842105263157894
21,37,3.3333333333333335,6,5.666666666666667,1.8888888888888888
25,58,3.12,5,4.818181818181818,2.409090909090909
25,42,3.24,6,6.333333333333333,1.8095238095238095
27,110,3.740740740740741,7,5.111111111111111,4.0
28,78,3.25,5,5.214285714285714,2.92
12,19,1.75,4,2.25,1.8
19,32,1.5263157894736843,2,8.5,1.7
22,38,3.409090909090909,6,5.833333333333333,1.8421052631578947
25,83,2.56,5,3.5555555555555554,3.2
26,50,2.576923076923077,4,5.75,2.090909090909091
21,32,2.9047619047619047,6,2.8,1.6470588235294117
13,19,1.6923076923076923,4,2.0,1.6
22,30,3.0,5,4.5,1.4210526315789473
27,111,3.740740740740741,7,5.055555555555555,3.9565217391304346
28,50,2.9642857142857144,5,3.8333333333333335,1.9166666666666667
25,83,3.68,6,5.571428571428571,3.5454545454545454
18,29,1.6111111111111112,3,2.6,1.625
22,38,3.409090909090909,6,5.833333333333333,1.8421052631578947
23,77,3.9565217391304346,8,3.9375,3.3157894736842106
27,77,3.4074074074074074,6,4.8,3.130434782608696
12,19,1.75,4,2.25,1.8
23,39,3.3043478260869565,6,5.833333333333333,1.8421052631578947
14,28,3.2142857142857144,6,2.6666666666666665,1.6
25,79,3.32,6,3.4375,2.619047619047619
26,79,2.769230769230769,5,5.285714285714286,3.3636363636363638
23,52,2.0434782608695654,4,4.833333333333333,2.230769230769231
19,34,1.4736842105263157,2,8.0,1.7777777777777777
24,62,3.3333333333333335,7,5.2727272727272725,2.9
21,32,2.238095238095238,4,6.333333333333333,1.4615384615384615
27,124,3.888888888888889,7,5.05,4.391304347826087
28,63,2.1785714285714284,4,5.0,2.1875
22,42,3.3636363636363638,6,5.0,1.8421052631578947
24,78,3.7916666666666665,7,3.6470588235294117,3.1
26,78,2.730769230769231,5,4.866666666666666,3.3181818181818183
12,19,1.75,4,2.25,1.8
23,39,3.3043478260869565,6,5.833333333333333,1.8421052631578947
25,86,3.32,5,4.4,3.142857142857143
27,68,3.1481481481481484,5,6.3,2.739130434782609
25,71,3.04,5,4.4,3.142857142857143
18,29,1.2777777777777777,2,3.0,2.4
25,74,3.44,7,5.416666666666667,3.0952380952380953
22,27,1.5,3,5.5,1.375
21,26,1.4761904761904763,3,5.0,1.25
18,49,2.888888888888889,6,2.8461538461538463,2.466666666666667
21,80,3.7142857142857144,8,4.166666666666667,4.166666666666667
23,107,3.608695652173913,8,4.95,5.2105263157894735
20,64,3.7,8,3.933333333333333,3.4705882352941178
21,82,3.7142857142857144,8,4.277777777777778,4.277777777777778
22,69,2.1818181818181817,4,5.333333333333333,3.2
25,129,3.76,8,6.157894736842105,5.571428571428571
20,49,2.45,4,4.375,2.3333333333333335
21,67,3.5238095238095237,7,4.133333333333334,3.4444444444444446
27,194,3.962962962962963,8,7.12,7.739130434782608
21,29,3.0476190476190474,5,4.333333333333333,1.4444444444444444
27,111,3.888888888888889,7,5.470588235294118,4.043478260869565
27,70,2.7037037037037037,5,4.4,2.3157894736842106
24,41,3.2916666666666665,6,6.166666666666667,1.85
22,74,4.181818181818182,8,3.588235294117647,3.388888888888889
27,83,2.8518518518518516,5,4.75,3.3043478260869565
12,20,1.75,4,2.5,2.0
23,39,3.3043478260869565,6,5.833333333333333,1.8421052631578947
24,82,3.375,6,4.785714285714286,3.35
26,46,2.769230769230769,4,7.0,1.9090909090909092
24,53,2.0,4,4.833333333333333,2.230769230769231
19,35,1.5263157894736843,2,9.5,1.9
24,84,3.25,6,4.8125,3.85
21,40,2.8095238095238093,5,3.0,1.9411764705882353
26,82,3.4615384615384617,6,5.076923076923077,3.0
22,25,1.4090909090909092,3,4.0,1.1428571428571428
21,25,1.5238095238095237,3,4.5,1.125
17,37,1.8235294117647058,3,4.0,2.3333333333333335
22,61,2.8636363636363638,6,3.727272727272727,2.2777777777777777
26,131,4.0,8,5.083333333333333,5.545454545454546
22,73,2.772727272727273,5,4.333333333333333,2.888888888888889
23,114,3.6956521739130435,8,5.3,5.578947368421052
16,42,2.625,6,2.923076923076923,2.923076923076923
19,63,3.6842105263157894,8,3.6875,3.6875
25,147,3.96,8,6.181818181818182,6.476190476190476
20,65,3.55,7,4.615384615384615,3.5294117647058822
27,200,3.962962962962963,8,7.12,7.739130434782608
22,30,2.9545454545454546,5,4.333333333333333,1.4444444444444444
25,90,3.64,7,5.0,4.0476190476190474
20,62,3.85,8,3.5714285714285716,3.125
25,49,2.72,4,6.428571428571429,2.142857142857143
12,21,1.75,4,3.0,2.4
22,37,2.8181818181818183,5,3.0,1.6666666666666667
22,39,3.3181818181818183,6,5.0,1.9444444444444444
24,83,3.2916666666666665,5,5.142857142857143,3.6
25,50,2.72,4,5.75,2.1904761904761907
24,61,2.25,4,4.875,2.7857142857142856
19,36,1.5263157894736843,2,7.0,2.1
25,96,3.48,7,4.684210526315789,4.238095238095238
21,41,2.8095238095238093,5,3.4,2.0
21,60,3.238095238095238,6,3.5384615384615383,2.7058823529411766
25,56,3.08,6,4.416666666666667,2.409090909090909
13,21,1.5384615384615385,3,2.5,2.0
23,50,3.130434782608696,6,3.9166666666666665,2.35
25,69,2.88,6,4.166666666666667,2.7777777777777777
25,73,3.4,6,4.0,3.0476190476190474
18,40,1.8333333333333333,4,3.0,2.6666666666666665
23,71,3.3043478260869565,6,4.125,3.3
26,86,3.4615384615384617,6,6.3076923076923075,3.727272727272727
22,57,2.9545454545454546,5,5.125,2.2777777777777777
30,154,4.233333333333333,8,6.7727272727272725,5.730769230769231
22,67,2.9545454545454546,6,3.4285714285714284,2.823529411764706
23,37,2.8260869565217392,5,3.3,1.736842105263158
24,41,3.375,6,6.333333333333333,1.8095238095238095
27,108,3.740740740740741,7,4.7894736842105265,3.9565217391304346
27,56,2.740740740740741,4,5.2,2.260869565217391
17,29,1.4705882352941178,3,2.3333333333333335,2.3333333333333335
12,19,1.75,4,2.25,1.8
27,72,3.2222222222222223,5,4.916666666666667,2.6818181818181817
24,41,3.375,6,6.333333333333333,1.8095238095238095
27,71,2.814814814814815,4,5.153846153846154,2.7916666666666665
13,21,1.6923076923076923,4,2.5,2.0
23,40,3.391304347826087,6,6.166666666666667,1.85
25,86,3.44,6,5.214285714285714,3.4761904761904763
24,88,3.9583333333333335,8,3.611111111111111,3.25
26,70,2.923076923076923,5,4.714285714285714,2.869565217391304
12,18,1.6666666666666667,4,2.0,1.6
27,93,3.5555555555555554,6,5.285714285714286,3.217391304347826
23,40,3.391304347826087,6,6.166666666666667,1.85
25,86,3.4,6,5.071428571428571,3.380952380952381
24,85,4.25,8,3.7222222222222223,3.35
25,79,3.44,7,4.933333333333334,3.3636363636363638
22,57,2.6363636363636362,5,3.909090909090909,2.8666666666666667
25,81,3.32,6,4.6923076923076925,2.9047619047619047
23,40,3.391304347826087,6,6.166666666666667,1.85
26,60,3.1153846153846154,5,4.666666666666667,2.4347826086956523
28,83,3.25,5,4.466666666666667,2.9130434782608696
25,42,3.24,6,6.333333333333333,1.8095238095238095
14,26,2.357142857142857,5,2.5,1.6666666666666667
27,51,2.5925925925925926,4,5.875,2.0434782608695654
23,40,3.391304347826087,6,6.166666666666667,1.85
15,34,3.533333333333333,6,3.142857142857143,1.8333333333333333
22,40,1.3636363636363635,2,3.1666666666666665,2.375
24,42,2.9166666666666665,6,3.4545454545454546,1.9
23,64,2.5652173913043477,5,4.1,2.5625
21,53,2.1904761904761907,4,3.5,2.3333333333333335
23,37,3.0,6,3.0,1.736842105263158
17,29,1.411764705882353,2,2.6,1.8571428571428572
21,37,3.3333333333333335,6,5.666666666666667,1.8888888888888888
27,103,3.7037037037037037,7,5.0,3.6956521739130435
27,68,3.2222222222222223,5,4.5,2.625
18,29,1.3888888888888888,3,2.4,2.0
23,52,2.0434782608695654,4,4.833333333333333,2.230769230769231
24,67,3.125,5,5.25,3.0
24,61,2.5,5,4.222222222222222,2.375
20,33,1.5,2,7.0,1.4
25,84,3.48,6,5.076923076923077,3.142857142857143
21,30,3.0476190476190474,5,3.857142857142857,1.5
24,84,2.9166666666666665,6,4.642857142857143,3.0952380952380953
22,41,2.590909090909091,5,4.111111111111111,2.0555555555555554
22,76,3.3636363636363638,7,4.928571428571429,3.8333333333333335
25,41,3.24,6,6.166666666666667,1.7619047619047619
27,65,3.259259259259259,6,6.0,2.608695652173913
19,30,1.4736842105263157,3,2.6,1.8571428571428572
24,43,3.0416666666666665,6,3.5454545454545454,1.95
23,39,3.3043478260869565,6,5.833333333333333,1.8421052631578947
26,71,3.269230769230769,6,3.466666666666667,2.3636363636363638
25,73,2.84,5,5.666666666666667,3.238095238095238
17,37,2.176470588235294,5,3.25,2.3636363636363638
21,35,2.9047619047619047,6,3.1,1.8235294117647058
23,39,3.3043478260869565,6,5.833333333333333,1.8421052631578947
25,89,3.48,6,4.733333333333333,3.380952380952381
25,44,2.72,4,5.714285714285714,1.9047619047619047
23,39,3.3043478260869565,6,5.833333333333333,1.8421052631578947
23,80,4.086956521739131,8,3.9375,3.3157894736842106
26,75,3.576923076923077,7,4.928571428571429,3.1363636363636362
26,85,3.3076923076923075,6,5.0,3.260869565217391
21,35,2.9047619047619047,6,3.1,1.8235294117647058
23,39,3.3043478260869565,6,5.833333333333333,1.8421052631578947
25,56,3.04,5,5.666666666666667,2.4285714285714284
23,39,3.3043478260869565,6,5.833333333333333,1.8421052631578947
24,90,3.4583333333333335,6,4.866666666666666,3.65
23,82,4.130434782608695,8,3.764705882352941,3.3684210526315788
25,76,2.68,5,4.733333333333333,3.380952380952381
23,50,2.0869565217391304,4,4.5,2.076923076923077
22,38,3.227272727272727,6,5.666666666666667,1.8888888888888888
25,56,3.04,5,5.666666666666667,2.4285714285714284
25,50,1.88,4,5.0,2.0833333333333335
22,46,1.8181818181818181,3,4.166666666666667,1.9230769230769231
22,38,3.227272727272727,6,5.666666666666667,1.8888888888888888
15,32,3.7333333333333334,6,3.3333333333333335,1.5384615384615385
27,55,1.5185185185185186,3,3.111111111111111,2.1538461538461537
24,43,2.875,6,3.25,1.95
23,67,2.6956521739130435,5,4.4,2.588235294117647
20,42,2.0,4,3.125,1.9230769230769231
21,33,2.761904761904762,5,2.9,1.7058823529411764
18,29,1.6111111111111112,3,3.0,1.5
22,38,3.227272727272727,6,5.666666666666667,1.8888888888888888
20,32,1.45,2,7.0,1.5555555555555556
26,78,2.8846153846153846,5,5.538461538461538,3.272727272727273
26,84,3.1923076923076925,5,4.066666666666666,2.9047619047619047
26,81,3.423076923076923,6,3.8125,2.772727272727273
24,68,3.3333333333333335,6,4.5,3.15
23,69,2.6956521739130435,5,4.181818181818182,2.875
23,46,1.8695652173913044,3,5.75,1.9166666666666667
21,38,2.8095238095238093,5,3.0,1.9411764705882353
26,77,3.4615384615384617,6,5.909090909090909,2.9545454545454546
21,24,1.4285714285714286,3,4.0,1.1428571428571428
22,24,1.3636363636363635,3,3.5,1.0
18,48,2.888888888888889,6,3.8181818181818183,2.8
23,98,3.8260869565217392,7,5.352941176470588,4.55
16,39,2.5,5,3.1818181818181817,2.6923076923076925
25,115,3.96,8,4.909090909090909,5.142857142857143
26,149,4.038461538461538,8,6.380952380952381,6.090909090909091
19,52,3.0,6,4.090909090909091,2.8125
26,138,3.923076923076923,8,5.608695652173913,5.863636363636363
24,104,4.208333333333333,8,4.666666666666667,4.666666666666667
29,229,4.172413793103448,8,7.481481481481482,8.08
22,30,2.9545454545454546,5,4.333333333333333,1.4444444444444444
28,123,4.035714285714286,7,5.095238095238095,4.458333333333333
28,84,3.2857142857142856,5,4.785714285714286,2.9130434782608696
24,44,3.2916666666666665,6,5.571428571428571,1.95
27,99,3.5185185185185186,6,4.157894736842105,3.4347826086956523
27,89,3.4074074074074074,6,5.928571428571429,3.608695652173913
18,40,1.8888888888888888,4,5.0,2.727272727272727
21,34,2.9047619047619047,6,2.9,1.7058823529411764
13,24,1.9230769230769231,4,3.25,2.1666666666666665
21,39,3.238095238095238,6,5.333333333333333,1.8823529411764706
24,80,3.375,6,4.733333333333333,3.55
21,39,2.9523809523809526,5,4.25,2.0
19,51,3.0,6,3.9166666666666665,2.9375
27,57,3.074074074074074,6,4.5,2.25
18,32,1.6111111111111112,3,6.0,2.0
30,110,3.433333333333333,7,6.0588235294117645,3.9615384615384617
24,57,2.25,4,4.5,2.5714285714285716
24,41,3.375,6,6.333333333333333,1.8095238095238095
25,88,3.44,6,5.066666666666666,3.619047619047619
27,55,2.6296296296296298,5,5.666666666666667,2.217391304347826
24,41,3.375,6,6.333333333333333,1.8095238095238095
25,85,3.32,5,4.866666666666666,3.4761904761904763
27,47,2.962962962962963,5,4.0,1.8333333333333333
20,39,1.45,3,4.2,2.625
19,31,1.368421052631579,3,2.6,2.1666666666666665
23,40,3.3043478260869565,6,6.166666666666667,1.85
24,83,2.8333333333333335,5,4.3125,3.45
26,49,2.9615384615384617,6,3.75,2.0454545454545454
22,39,3.3181818181818183,6,6.0,1.894736842105263
27,108,3.740740740740741,7,5.0,3.9130434782608696
22,73,4.0,8,3.5,3.111111111111111
28,90,3.3214285714285716,5,6.142857142857143,3.44
23,62,2.9565217391304346,5,4.2727272727272725,2.611111111111111
23,40,3.3043478260869565,6,6.166666666666667,1.85
26,115,3.6923076923076925,6,5.722222222222222,4.681818181818182
24,42,3.4166666666666665,6,6.5,1.8571428571428572
26,62,3.1538461538461537,5,5.181818181818182,2.4782608695652173
24,81,3.1666666666666665,6,3.6666666666666665,3.3
27,89,3.4074074074074074,6,6.5,2.8260869565217392
23,40,3.391304347826087,6,6.166666666666667,1.85
20,55,3.55,7,4.363636363636363,2.823529411764706
29,115,3.586206896551724,7,5.7368421052631575,4.36
26,77,3.1923076923076925,5,4.6923076923076925,2.9047619047619047
22,38,3.409090909090909,6,5.833333333333333,1.8421052631578947
15,30,2.533333333333333,5,2.4285714285714284,1.7
26,86,3.3461538461538463,6,4.125,3.0
26,47,2.769230769230769,4,6.142857142857143,1.9545454545454546
18,28,1.5555555555555556,2,7.0,1.4
19,29,1.5263157894736843,2,7.0,1.4
27,106,4.074074074074074,8,6.2,4.043478260869565
22,47,1.9545454545454546,4,3.857142857142857,1.9285714285714286
21,38,3.238095238095238,5,4.5,1.894736842105263
26,111,3.9615384615384617,7,5.631578947368421,4.6521739130434785
26,57,2.0384615384615383,4,4.428571428571429,2.2142857142857144
21,50,2.142857142857143,4,4.375,2.1875
21,37,3.3333333333333335,6,5.666666666666667,1.8888888888888888
26,61,2.3846153846153846,5,2.6666666666666665,2.1052631578947367
25,40,2.8,4,4.0,1.7142857142857142
16,22,1.4375,2,4.0,1.1428571428571428
26,70,3.1923076923076925,5,4.230769230769231,2.619047619047619
22,38,3.409090909090909,6,5.833333333333333,1.8421052631578947
24,82,2.8333333333333335,5,4.333333333333333,3.25
24,43,2.9583333333333335,6,3.25,1.95
21,37,3.3333333333333335,6,5.666666666666667,1.8888888888888888
24,80,3.2916666666666665,5,4.133333333333334,3.1
25,43,2.68,4,6.5,1.8571428571428572
22,38,3.409090909090909,6,5.833333333333333,1.8421052631578947
25,57,3.12,5,4.7272727272727275,2.3636363636363638
23,39,3.3043478260869565,6,5.833333333333333,1.8421052631578947
19,53,3.3157894736842106,7,4.2727272727272725,2.9375
25,45,2.72,4,6.833333333333333,1.9523809523809523
23,42,2.652173913043478,4,5.428571428571429,2.0
21,54,2.619047619047619,5,3.5454545454545454,2.6
18,29,1.2777777777777777,2,2.75,2.2
20,32,2.75,5,2.8,1.75
13,20,1.6153846153846154,4,1.5,1.8
13,17,1.3846153846153846,3,1.5,1.5
21,37,3.3333333333333335,6,5.666666666666667,1.8888888888888888
25,77,2.68,5,5.142857142857143,3.4285714285714284
27,59,2.1481481481481484,5,4.0,2.1333333333333333
19,55,3.3157894736842106,6,3.7142857142857144,3.25
26,94,3.269230769230769,7,5.117647058823529,3.9545454545454546
23,69,3.5652173913043477,6,4.5,3.3157894736842106
13,17,1.3846153846153846,3,1.5,1.5
23,65,3.0869565217391304,5,4.538461538461538,3.1052631578947367
21,53,3.5238095238095237,6,3.727272727272727,2.411764705882353
23,66,2.652173913043478,4,4.615384615384615,3.1578947368421053
21,57,2.857142857142857,5,3.7857142857142856,3.1176470588235294
22,58,3.1363636363636362,6,3.3333333333333335,2.5
25,80,3.48,6,4.916666666666667,2.8095238095238093
21,29,3.0476190476190474,5,4.333333333333333,1.4444444444444444
17,39,2.0,4,3.7142857142857144,2.1666666666666665
25,44,2.72,4,6.666666666666667,1.9047619047619047
23,49,1.7826086956521738,4,4.333333333333333,2.6
22,42,1.8181818181818181,3,5.25,1.9090909090909092
18,33,1.5555555555555556,3,2.6666666666666665,2.0
25,91,2.92,6,4.611111111111111,3.9523809523809526
21,41,1.9047619047619047,3,4.333333333333333,2.0
24,72,3.625,6,4.714285714285714,3.3
21,50,2.380952380952381,5,4.142857142857143,2.230769230769231
20,30,1.45,2,6.0,1.3333333333333333
23,40,3.3043478260869565,6,5.666666666666667,1.7894736842105263
25,72,3.6,6,6.181818181818182,3.238095238095238
21,54,2.3333333333333335,5,5.428571428571429,2.7142857142857144
26,95,3.3846153846153846,6,4.3125,3.2857142857142856
24,69,3.0833333333333335,6,4.266666666666667,3.2
21,71,3.3333333333333335,6,4.0,3.5555555555555554
32,240,4.5,8,8.48,7.571428571428571
24,41,3.2916666666666665,6,6.166666666666667,1.85
24,66,3.0416666666666665,5,4.166666666666667,2.5
25,52,2.64,4,6.0,2.2857142857142856
24,68,2.9583333333333335,5,4.416666666666667,2.9444444444444446
24,41,3.2916666666666665,6,6.166666666666667,1.85
23,76,3.347826086956522,6,4.928571428571429,3.45
26,52,3.076923076923077,6,3.9166666666666665,2.1363636363636362
26,71,3.076923076923077,5,4.818181818181818,2.5238095238095237
25,83,3.2,6,5.333333333333333,3.0476190476190474
27,103,4.037037037037037,8,4.882352941176471,3.608695652173913
23,28,1.565217391304348,3,5.0,1.1111111111111112
21,24,1.4285714285714286,3,4.0,1.1428571428571428
16,37,2.125,4,3.2222222222222223,2.4166666666666665
23,76,2.4347826086956523,6,3.6,3.176470588235294
22,99,3.4545454545454546,7,5.055555555555555,5.055555555555555
17,45,3.0588235294117645,7,3.727272727272727,2.9285714285714284
16,40,2.5625,6,3.0833333333333335,2.8461538461538463
19,68,3.789473684210526,8,4.214285714285714,3.6875
21,76,2.9523809523809526,6,3.9375,3.7058823529411766
21,68,3.4761904761904763,7,5.166666666666667,3.4444444444444446
27,203,3.962962962962963,8,7.24,7.869565217391305
21,29,3.0476190476190474,5,4.333333333333333,1.4444444444444444
26,120,3.8076923076923075,7,5.842105263157895,5.045454545454546
20,64,3.85,8,3.5,3.0625
26,44,3.0384615384615383,6,3.5454545454545454,1.7727272727272727
22,40,3.3181818181818183,6,5.0,1.9444444444444444
23,79,4.130434782608695,8,3.8333333333333335,3.6315789473684212
25,51,2.92,6,5.222222222222222,2.238095238095238
24,91,3.5416666666666665,7,4.666666666666667,4.2
16,30,2.1875,4,3.4,1.8888888888888888
17,41,2.235294117647059,5,3.2,2.909090909090909
21,40,3.4285714285714284,6,4.625,2.0555555555555554
26,96,3.3461538461538463,6,5.0,3.8636363636363638
28,51,2.75,5,6.0,1.92
23,40,3.3043478260869565,6,6.166666666666667,1.85
25,80,2.48,5,3.875,3.1
27,74,2.962962962962963,5,5.461538461538462,2.9583333333333335
24,57,2.2083333333333335,4,4.5,2.5714285714285716
23,37,2.8260869565217392,5,3.3,1.736842105263158
22,38,3.3181818181818183,6,5.833333333333333,1.8421052631578947
27,108,3.740740740740741,7,5.0,3.9130434782608696
28,82,3.0,5,4.9375,3.16
24,65,2.625,5,5.1,3.0
21,56,2.5238095238095237,5,2.769230769230769,2.5714285714285716
24,41,3.375,6,6.333333333333333,1.8095238095238095
25,93,2.84,5,4.647058823529412,3.761904761904762
27,49,3.0,6,3.75,1.9565217391304348
23,40,3.391304347826087,6,6.166666666666667,1.85
26,91,3.3076923076923075,5,4.75,3.4545454545454546
26,50,2.576923076923077,4,5.75,2.090909090909091
19,54,3.473684210526316,7,4.636363636363637,3.1875
27,73,2.111111111111111,5,3.769230769230769,2.8823529411764706
24,65,3.1666666666666665,5,5.454545454545454,2.857142857142857
23,76,3.260869565217391,6,4.176470588235294,3.55
26,86,3.4615384615384617,6,4.785714285714286,3.0454545454545454
23,35,2.9130434782608696,5,4.142857142857143,1.5263157894736843
27,92,4.0,7,4.888888888888889,3.6666666666666665
24,56,2.125,4,4.571428571428571,2.2857142857142856
22,52,1.9090909090909092,3,5.666666666666667,2.4285714285714284
24,41,3.375,6,6.333333333333333,1.8095238095238095
23,82,4.0,8,3.9411764705882355,3.526315789473684
27,83,3.5925925925925926,7,5.2,3.25
25,78,3.32,6,4.666666666666667,3.1818181818181817
21,37,2.9047619047619047,6,3.0,1.9411764705882353
22,38,3.409090909090909,6,5.833333333333333,1.8421052631578947
19,31,1.5789473684210527,3,5.333333333333333,1.6
21,47,2.0,5,2.3076923076923075,2.5
28,50,2.857142857142857,4,4.6,1.9166666666666667
19,29,1.5263157894736843,2,7.0,1.4
23,65,3.4347826086956523,6,4.615384615384615,3.0
18,29,1.5,3,2.6,1.8571428571428572
22,34,2.8181818181818183,5,3.3333333333333335,1.6666666666666667
19,36,1.894736842105263,3,3.8,1.5833333333333333
21,37,3.3333333333333335,6,5.666666666666667,1.8888888888888888
19,35,1.4736842105263157,2,9.0,2.0
20,42,1.95,5,2.272727272727273,2.272727272727273
26,43,2.8461538461538463,4,4.333333333333333,1.7727272727272727
23,65,3.4347826086956523,6,4.285714285714286,3.0
22,59,3.0454545454545454,5,3.5833333333333335,2.5294117647058822
21,37,3.3333333333333335,6,5.666666666666667,1.8888888888888888
15,29,2.533333333333333,5,2.2857142857142856,1.6
26,85,3.3461538461538463,6,3.8125,2.772727272727273
25,42,2.72,4,6.333333333333333,1.8095238095238095
18,27,1.3888888888888888,3,2.5,1.6666666666666667
22,36,2.8181818181818183,5,3.2,1.7777777777777777
21,37,3.3333333333333335,6,5.666666666666667,1.8888888888888888
25,44,2.64,4,5.0,1.9047619047619047
16,21,1.4375,2,7.0,1.0
23,39,3.3043478260869565,6,5.833333333333333,1.8421052631578947
27,107,3.740740740740741,7,4.944444444444445,3.869565217391304
27,47,2.888888888888889,5,3.5833333333333335,1.8695652173913044
23,47,1.6956521739130435,3,4.333333333333333,2.1666666666666665
23,44,1.6956521739130435,3,4.6,1.9166666666666667
24,72,2.9583333333333335,5,4.785714285714286,3.35
24,58,2.4166666666666665,5,4.25,2.2666666666666666
19,33,1.4736842105263157,2,8.5,1.8888888888888888
21,37,3.3333333333333335,6,5.666666666666667,1.8888888888888888
21,35,1.6666666666666667,4,3.5,1.5555555555555556
24,72,3.625,7,3.0,2.4
26,51,3.0384615384615383,6,3.8333333333333335,2.090909090909091
22,39,3.0,6,3.4,1.8888888888888888
17,26,1.6470588235294117,3,3.6666666666666665,1.375
28,95,3.357142857142857,6,6.7,2.7916666666666665
22,31,2.9545454545454546,5,3.857142857142857,1.5
20,51,2.7,5,3.357142857142857,2.764705882352941
29,124,3.5517241379310347,7,6.052631578947368,4.6
27,80,3.2222222222222223,5,4.571428571428571,2.909090909090909
23,39,3.3043478260869565,6,5.833333333333333,1.8421052631578947
15,34,3.7333333333333334,6,3.2857142857142856,1.7692307692307692
26,47,2.769230769230769,4,6.142857142857143,1.9545454545454546
23,39,3.3043478260869565,6,5.833333333333333,1.8421052631578947
26,87,3.1153846153846154,6,5.125,3.727272727272727
27,81,3.2222222222222223,5,4.833333333333333,2.6363636363636362
24,41,3.2916666666666665,6,6.166666666666667,1.85
25,86,3.16,6,5.714285714285714,3.8095238095238093
13,21,1.6923076923076923,4,2.75,2.2
30,89,3.3,5,6.555555555555555,2.269230769230769
24,41,3.2916666666666665,6,6.166666666666667,1.85
25,90,3.36,6,4.111111111111111,3.5238095238095237
24,86,3.4166666666666665,7,4.333333333333333,3.7142857142857144
24,41,3.2916666666666665,6,6.166666666666667,1.85
23,72,3.6956521739130435,7,3.2777777777777777,3.1052631578947367
27,78,3.5555555555555554,7,4.866666666666666,3.1739130434782608
12,21,1.75,4,2.75,2.2
25,72,3.16,5,4.384615384615385,2.85
22,35,2.772727272727273,5,3.1,1.7222222222222223
23,39,3.3043478260869565,6,5.833333333333333,1.8421052631578947
26,88,2.6923076923076925,5,3.8333333333333335,3.1363636363636362
26,45,2.769230769230769,4,8.2,1.8636363636363635
23,61,2.5217391304347827,5,4.5,3.0
19,49,2.5789473684210527,5,3.0,2.3076923076923075
23,39,3.3043478260869565,6,5.833333333333333,1.8421052631578947
19,36,1.9473684210526316,4,4.25,1.5454545454545454
26,66,3.076923076923077,5,5.083333333333333,2.772727272727273
19,35,1.631578947368421,4,2.5714285714285716,2.25
18,33,1.5,3,2.4285714285714284,2.4285714285714284
23,41,3.3043478260869565,6,5.833333333333333,1.8421052631578947
24,87,3.2916666666666665,6,4.117647058823529,3.5
24,44,2.9166666666666665,6,3.25,1.95
23,39,3.3043478260869565,6,5.833333333333333,1.8421052631578947
23,72,3.8260869565217392,7,3.411764705882353,3.0526315789473686
26,52,2.9615384615384617,6,3.6153846153846154,2.1363636363636362
23,61,2.4782608695652173,5,4.75,2.375
24,47,1.8333333333333333,3,5.75,1.9166666666666667
22,36,2.8181818181818183,5,3.1,1.7222222222222223
28,106,4.142857142857143,7,6.583333333333333,3.2916666666666665
21,30,3.0952380952380953,5,4.5,1.5
25,98,3.68,6,5.055555555555555,4.136363636363637
27,66,2.1481481481481484,4,5.571428571428571,2.6
22,57,2.3181818181818183,4,5.125,2.9285714285714284
23,40,3.3043478260869565,6,5.0,1.8421052631578947
25,94,3.52,6,5.0,3.8095238095238093
23,82,4.130434782608695,8,3.611111111111111,3.4210526315789473
25,46,3.0,6,3.4166666666666665,1.9523809523809523
19,42,2.210526315789474,4,2.7777777777777777,2.272727272727273
23,38,2.8260869565217392,5,3.3,1.736842105263158
15,24,1.8,4,2.2,1.375
23,56,2.739130434782609,5,4.545454545454546,2.6315789473684212
22,41,3.409090909090909,6,5.428571428571429,2.0
20,54,2.8,6,3.9166666666666665,2.9375
23,51,3.0434782608695654,5,4.9,2.3333333333333335
25,43,3.36,6,6.666666666666667,1.8181818181818181
27,101,3.1481481481481484,6,4.421052631578948,3.652173913043478
28,48,2.892857142857143,5,4.0,1.8333333333333333
23,40,1.7826086956521738,3,5.0,1.8181818181818181
26,45,2.923076923076923,6,3.4166666666666665,1.8636363636363635
24,68,3.1666666666666665,5,5.416666666666667,3.0952380952380953
25,71,2.72,5,4.923076923076923,2.909090909090909
22,36,2.8181818181818183,5,3.2,1.7777777777777777
19,35,1.894736842105263,3,3.1666666666666665,1.5833333333333333
21,41,3.2857142857142856,5,4.875,2.0526315789473686
21,44,2.1904761904761907,5,5.166666666666667,2.3846153846153846
26,72,3.0384615384615383,5,4.6,3.0
19,31,1.5263157894736843,2,8.0,1.6
23,56,2.4782608695652173,5,3.888888888888889,2.3333333333333335
24,61,2.6666666666666665,4,4.833333333333333,2.761904761904762
23,63,2.652173913043478,5,4.214285714285714,3.1052631578947367
15,27,1.7333333333333334,3,3.25,1.625
24,40,3.3333333333333335,6,6.166666666666667,1.7619047619047619
19,45,2.6315789473684212,5,3.0,2.625
26,76,3.1538461538461537,5,5.461538461538462,3.0869565217391304
19,31,1.5263157894736843,2,8.0,1.6
26,81,3.4615384615384617,6,3.611111111111111,2.9545454545454546
23,64,3.0434782608695654,5,4.538461538461538,2.95
13,19,1.5384615384615385,3,2.0,1.6
23,61,3.347826086956522,6,3.6153846153846154,2.473684210526316
23,72,3.4347826086956523,6,4.785714285714286,3.35
22,37,3.409090909090909,6,5.666666666666667,1.7894736842105263
24,81,2.875,5,4.266666666666667,3.2
24,69,3.25,5,5.818181818181818,3.0476190476190474
21,69,3.2857142857142856,6,3.875,3.4444444444444446
25,41,3.24,6,6.166666666666667,1.7619047619047619
21,57,3.0476190476190474,6,2.8666666666666667,2.6875
28,50,2.857142857142857,4,4.6,1.9166666666666667
24,77,3.0833333333333335,6,3.8,2.85
21,34,2.761904761904762,5,3.0,1.7647058823529411
22,66,3.0454545454545454,6,3.5714285714285716,2.7777777777777777
20,43,2.1,4,4.571428571428571,2.1333333333333333
21,35,2.761904761904762,5,3.1,1.8235294117647058
18,27,1.3333333333333333,2,2.5,1.6666666666666667
22,38,3.409090909090909,6,5.833333333333333,1.8421052631578947
24,78,2.9166666666666665,5,4.066666666666666,3.05
24,46,2.9166666666666665,6,3.5,2.1
30,100,3.7,7,6.454545454545454,2.9583333333333335
23,32,2.9130434782608696,5,4.0,1.4736842105263157
21,66,3.0476190476190474,6,4.153846153846154,3.0
27,49,2.888888888888889,5,3.75,1.9565217391304348
23,64,3.608695652173913,6,4.214285714285714,2.95
18,30,1.6111111111111112,3,2.8,1.75
22,38,3.409090909090909,6,5.833333333333333,1.8421052631578947
24,80,3.375,6,4.333333333333333,3.25
28,122,3.7857142857142856,7,5.5,4.125
27,49,2.888888888888889,5,3.75,1.9565217391304348
26,59,2.076923076923077,4,5.5,2.357142857142857
26,73,3.1923076923076925,5,4.384615384615385,2.7142857142857144
22,71,3.3636363636363638,6,4.0,3.3684210526315788
23,39,3.3043478260869565,6,5.833333333333333,1.8421052631578947
23,74,3.1739130434782608,5,4.785714285714286,3.35
27,49,2.962962962962963,6,3.75,1.9565217391304348
23,63,3.5652173913043477,7,3.8666666666666667,3.0526315789473686
18,29,1.3888888888888888,2,2.75,1.5714285714285714
12,16,1.4166666666666667,3,1.5,1.5
23,39,3.3043478260869565,6,5.833333333333333,1.8421052631578947
26,57,3.0384615384615383,5,5.777777777777778,2.3636363636363638
19,36,1.5263157894736843,2,9.5,1.9
22,50,2.6363636363636362,5,4.181818181818182,2.5555555555555554
27,85,3.5185185185185186,6,5.2727272727272725,2.5217391304347827
23,39,3.3043478260869565,6,5.833333333333333,1.8421052631578947
26,73,3.4615384615384617,6,6.181818181818182,3.090909090909091
26,55,1.9230769230769231,4,4.833333333333333,2.230769230769231
23,39,3.3043478260869565,6,5.833333333333333,1.8421052631578947
18,51,2.2222222222222223,4,4.75,2.7142857142857144
24,36,2.75,4,3.875,1.55
26,66,2.8076923076923075,5,3.3333333333333335,2.0
22,49,2.6363636363636362,5,4.5,2.5
23,66,3.4347826086956523,6,4.357142857142857,3.210526315789474
27,90,3.5925925925925926,6,4.642857142857143,2.8260869565217392
21,29,3.0476190476190474,5,4.333333333333333,1.4444444444444444
25,80,3.64,7,5.0,3.5714285714285716
21,60,3.9047619047619047,8,3.2142857142857144,2.6470588235294117
25,45,3.04,6,4.0,1.9047619047619047
18,29,1.5,3,2.6,1.8571428571428572
23,39,3.0,6,3.4,1.7894736842105263
23,39,3.3043478260869565,6,5.833333333333333,1.8421052631578947
27,115,3.740740740740741,7,5.666666666666667,4.434782608695652
28,53,2.9642857142857144,5,4.0,2.0
24,41,3.2916666666666665,6,6.166666666666667,1.85
27,111,3.740740740740741,7,5.444444444444445,4.260869565217392
28,53,2.9642857142857144,5,3.6923076923076925,2.0
19,31,1.4736842105263157,3,2.3333333333333335,2.0
28,54,3.0714285714285716,6,4.083333333333333,2.0416666666666665
23,39,3.3043478260869565,6,5.833333333333333,1.8421052631578947
27,80,3.3333333333333335,6,3.3529411764705883,2.4782608695652173
24,40,2.7083333333333335,4,6.0,1.8
20,43,1.75,3,4.166666666666667,2.272727272727273
19,35,1.5263157894736843,2,9.5,1.9
21,36,2.9047619047619047,6,3.1,1.8235294117647058
18,29,1.6111111111111112,3,2.6,1.625
13,17,1.3846153846153846,3,1.5,1.5
23,39,3.3043478260869565,6,5.833333333333333,1.8421052631578947
26,58,3.0384615384615383,5,6.625,2.409090909090909
26,81,3.4615384615384617,6,3.764705882352941,2.909090909090909
23,39,3.3043478260869565,6,5.833333333333333,1.8421052631578947
24,91,3.4583333333333335,6,4.6875,3.75
24,83,4.166666666666667,8,3.588235294117647,3.05
26,51,3.076923076923077,6,3.75,2.0454545454545454
23,39,3.3043478260869565,6,5.833333333333333,1.8421052631578947
18,41,1.8333333333333333,4,3.1,2.8181818181818183
25,44,2.88,5,3.5454545454545454,1.8571428571428572
19,35,1.631578947368421,3,7.0,1.9090909090909092
24,73,3.3333333333333335,6,4.4,3.3
13,21,1.6923076923076923,4,2.5,2.0
24,85,3.0,6,4.588235294117647,3.9
13,20,1.6923076923076923,4,1.8,1.8
26,85,3.4615384615384617,6,5.3076923076923075,3.1363636363636362
20,25,1.45,3,2.6666666666666665,1.3333333333333333
22,28,1.4545454545454546,3,2.5,1.4285714285714286
26,114,4.076923076923077,8,5.526315789473684,4.7727272727272725
27,92,2.925925925925926,6,3.8823529411764706,3.0
23,92,3.4782608695652173,8,4.421052631578948,4.421052631578948
19,54,2.9473684210526314,6,4.555555555555555,2.5625
24,136,3.75,8,5.904761904761905,6.2
22,85,3.409090909090909,7,5.266666666666667,4.388888888888889
26,179,3.8461538461538463,8,6.833333333333333,7.454545454545454
21,32,3.0952380952380953,5,4.5,1.5
27,101,3.740740740740741,6,6.0,3.9130434782608696
24,77,3.0416666666666665,6,4.111111111111111,3.5238095238095237
23,78,3.391304347826087,6,5.0,3.75
22,55,3.0,5,5.25,2.3333333333333335
24,79,3.625,7,4.933333333333334,3.5238095238095237
26,63,3.3076923076923075,6,4.357142857142857,2.5416666666666665
18,38,1.6666666666666667,4,3.5,3.0
22,38,1.8181818181818181,3,5.0,1.8181818181818181
23,59,2.652173913043478,5,3.9285714285714284,2.8947368421052633
25,79,2.92,5,4.125,3.142857142857143
21,43,2.9047619047619047,5,4.444444444444445,2.2222222222222223
24,70,3.2083333333333335,6,5.333333333333333,3.2
26,46,3.269230769230769,5,9.25,1.608695652173913
27,54,2.5925925925925926,4,6.25,2.1739130434782608
26,57,1.9615384615384615,4,4.125,2.5384615384615383
25,44,3.08,6,4.0,1.9047619047619047
24,43,3.375,6,6.333333333333333,1.8095238095238095
25,91,2.88,5,4.588235294117647,3.7142857142857144
27,50,3.0,6,3.8333333333333335,2.0
13,19,1.4615384615384615,3,2.6666666666666665,2.0
13,17,1.3846153846153846,3,2.0,1.5
23,40,3.391304347826087,6,6.166666666666667,1.85
26,81,2.730769230769231,4,5.5,3.347826086956522
13,20,1.6923076923076923,4,2.25,1.8
22,39,3.3181818181818183,6,6.0,1.894736842105263
26,76,3.1153846153846154,6,3.7333333333333334,2.5454545454545454
27,78,3.074074074074074,5,5.6923076923076925,3.0833333333333335
17,39,2.1176470588235294,4,4.0,2.5454545454545454
22,33,2.8181818181818183,5,2.9,1.6111111111111112
21,37,3.3333333333333335,6,5.666666666666667,1.8888888888888888
25,87,3.44,6,4.666666666666667,3.3333333333333335
26,46,2.730769230769231,4,6.0,1.9090909090909092
22,38,3.409090909090909,6,5.833333333333333,1.8421052631578947
21,61,3.1904761904761907,6,4.545454545454546,2.9411764705882355
27,51,2.925925925925926,6,3.6153846153846154,2.0434782608695654
21,37,3.3333333333333335,6,5.666666666666667,1.8888888888888888
23,73,3.0869565217391304,5,4.714285714285714,3.3
26,53,2.9615384615384617,6,5.444444444444445,2.227272727272727
22,77,3.090909090909091,6,5.0,3.888888888888889
17,29,1.6470588235294117,3,2.8,1.75
21,37,3.3333333333333335,6,5.666666666666667,1.8888888888888888
20,31,1.5,3,2.75,1.375
25,76,3.72,7,3.176470588235294,2.5714285714285716
26,50,2.9615384615384617,6,3.8333333333333335,2.090909090909091
24,41,3.0416666666666665,6,3.7,1.85
18,28,1.3888888888888888,2,2.75,1.5714285714285714
31,213,4.419354838709677,8,8.375,7.444444444444445
24,34,2.9166666666666665,5,4.285714285714286,1.5
16,36,2.4375,5,3.4285714285714284,2.0
25,45,2.72,4,6.833333333333333,1.9523809523809523
23,76,3.130434782608696,6,3.8125,3.210526315789474
22,34,2.772727272727273,5,3.0,1.6666666666666667
29,96,3.5172413793103448,6,6.363636363636363,2.8
22,38,3.409090909090909,6,5.833333333333333,1.8421052631578947
15,33,3.533333333333333,6,3.0,1.75
27,81,3.4074074074074074,6,5.428571428571429,3.3043478260869565
18,31,1.6111111111111112,3,2.8,1.75
28,95,3.357142857142857,6,6.7,2.7916666666666665
21,36,3.2857142857142856,6,5.5,1.8333333333333333
26,102,3.730769230769231,7,4.777777777777778,3.909090909090909
27,50,2.962962962962963,6,3.8333333333333335,2.0
22,38,3.409090909090909,6,5.833333333333333,1.8421052631578947
26,104,3.730769230769231,7,4.888888888888889,4.0
29,100,3.586206896551724,6,5.277777777777778,3.8
18,32,1.3888888888888888,3,3.0,2.5
19,31,1.3157894736842106,2,2.6,2.1666666666666665
23,39,3.3043478260869565,6,5.833333333333333,1.8421052631578947
19,55,3.3157894736842106,7,4.2727272727272725,2.9375
23,40,2.869565217391304,6,3.0,1.894736842105263
26,72,2.9615384615384617,6,4.0,2.526315789473684
26,72,2.9615384615384617,6,3.8461538461538463,2.6315789473684212
22,39,2.909090909090909,6,3.1818181818181817,1.9444444444444444
17,25,1.411764705882353,3,3.0,1.5
23,39,3.3043478260869565,6,5.833333333333333,1.8421052631578947
25,80,2.96,5,5.0,3.5714285714285716
26,70,2.923076923076923,6,3.8333333333333335,2.4210526315789473
23,39,3.3043478260869565,6,5.833333333333333,1.8421052631578947
24,74,3.1666666666666665,6,4.928571428571429,3.45
25,53,2.08,4,4.0,2.0
23,39,3.3043478260869565,6,5.833333333333333,1.8421052631578947
16,38,1.9375,4,3.2222222222222223,2.6363636363636362
26,88,3.076923076923077,6,5.1875,3.772727272727273
13,20,1.6923076923076923,4,2.5,2.0
23,67,3.260869565217391,6,4.357142857142857,3.210526315789474
26,80,3.4615384615384617,6,5.916666666666667,3.227272727272727
22,26,1.4545454545454546,3,4.5,1.125
21,24,1.4285714285714286,3,4.0,1.1428571428571428
18,46,2.888888888888889,6,3.8181818181818183,2.8
22,86,3.727272727272727,7,4.764705882352941,4.2631578947368425
16,41,2.5,5,3.272727272727273,2.769230769230769
23,106,3.6956521739130435,8,4.95,5.2105263157894735
25,142,3.96,8,6.25,5.9523809523809526
19,48,2.9473684210526314,6,4.0,2.5
24,116,3.7083333333333335,8,5.4,5.4
21,89,3.7142857142857144,8,4.666666666666667,4.666666666666667
29,227,4.172413793103448,8,7.37037037037037,7.96
21,29,3.0476190476190474,5,4.333333333333333,1.4444444444444444
27,118,3.925925925925926,7,4.809523809523809,4.391304347826087
24,41,3.2916666666666665,6,6.166666666666667,1.85
17,23,1.588235294117647,3,3.6666666666666665,1.2222222222222223
27,52,2.7777777777777777,4,6.0,2.0869565217391304
18,33,1.5555555555555556,4,2.8333333333333335,2.4285714285714284
19,35,1.7894736842105263,4,2.5714285714285716,2.0
21,45,2.5714285714285716,5,4.1,2.411764705882353
23,64,3.4782608695652173,6,4.0,2.526315789473684
23,39,3.3043478260869565,6,5.833333333333333,1.8421052631578947
23,72,3.0869565217391304,5,4.923076923076923,3.2
24,47,2.9166666666666665,6,6.0,2.1
21,74,3.142857142857143,6,4.785714285714286,3.9411764705882355
23,71,3.217391304347826,7,3.933333333333333,3.1052631578947367
22,27,1.5909090909090908,3,5.0,1.1111111111111112
21,25,1.5238095238095237,3,4.5,1.125
19,53,3.0,6,3.4615384615384617,2.8125
27,146,4.148148148148148,8,5.681818181818182,5.434782608695652
21,96,3.857142857142857,8,5.0,5.0
19,54,2.6315789473684212,5,4.625,2.466666666666667
18,48,2.7777777777777777,6,3.4615384615384617,3.0
19,71,3.789473684210526,8,4.133333333333334,3.875
20,60,2.8,6,3.923076923076923,3.0
20,59,2.85,6,3.923076923076923,3.0
21,69,3.3333333333333335,7,4.846153846153846,3.7058823529411766
24,157,3.75,8,6.590909090909091,7.25
21,31,3.0952380952380953,5,4.5,1.5
18,40,2.111111111111111,5,2.8,2.3333333333333335
28,79,3.25,6,5.615384615384615,3.0416666666666665
25,102,3.68,7,4.888888888888889,4.190476190476191
21,60,2.4285714285714284,5,4.545454545454546,3.125
23,75,3.5217391304347827,6,4.857142857142857,3.5789473684210527
21,50,2.7142857142857144,5,4.090909090909091,2.6470588235294117
23,49,3.0434782608695654,6,4.181818181818182,2.3
18,39,2.111111111111111,4,2.875,2.3
23,84,3.9565217391304346,8,5.615384615384615,3.8421052631578947
13,24,1.9230769230769231,4,3.25,2.1666666666666665
24,40,3.375,6,6.166666666666667,1.7619047619047619
20,38,1.75,3,3.2857142857142856,1.9166666666666667
26,47,2.6538461538461537,4,6.285714285714286,1.9130434782608696
30,107,3.5,6,4.9375,3.16
25,47,3.12,6,4.3,2.0476190476190474
18,32,1.6666666666666667,3,2.6666666666666665,2.0
13,19,1.6153846153846154,3,2.6666666666666665,1.6
26,96,3.4615384615384617,6,6.6923076923076925,3.9545454545454546
24,41,3.375,6,6.333333333333333,1.8095238095238095
21,63,3.5714285714285716,7,4.153846153846154,3.0
28,109,3.25,7,5.421052631578948,4.291666666666667
27,75,3.074074074074074,5,4.538461538461538,2.8095238095238093
24,41,3.375,6,6.333333333333333,1.8095238095238095
26,95,3.423076923076923,6,4.764705882352941,3.6818181818181817
25,97,4.2,8,4.166666666666667,3.5714285714285716
26,68,2.923076923076923,5,4.333333333333333,2.8260869565217392
12,18,1.5,3,2.6666666666666665,2.0
24,41,3.375,6,6.333333333333333,1.8095238095238095
15,34,3.2,6,2.75,2.0
29,119,3.6206896551724137,7,5.222222222222222,3.9166666666666665
26,78,3.0384615384615383,5,5.357142857142857,3.260869565217391
16,22,1.5,3,3.0,1.2857142857142858
23,60,2.739130434782609,5,4.5,2.6470588235294117
22,37,3.409090909090909,6,5.666666666666667,1.7894736842105263
19,51,3.0,7,3.8181818181818183,2.8
29,113,3.4827586206896552,7,5.35,4.28
13,20,1.6923076923076923,4,2.25,1.8
23,69,3.0434782608695654,5,4.923076923076923,3.2
22,60,2.5,5,3.9,2.7857142857142856
22,40,2.8181818181818183,5,3.272727272727273,2.0
13,17,1.3846153846153846,3,1.5,1.5
13,17,1.3846153846153846,3,1.5,1.5
24,37,3.125,5,4.857142857142857,1.619047619047619
27,127,3.814814814814815,7,5.368421052631579,4.434782608695652
24,41,3.375,6,6.333333333333333,1.8095238095238095
25,89,3.08,6,4.5,3.4285714285714284
29,112,3.5517241379310347,7,5.526315789473684,4.2
13,20,1.6923076923076923,4,2.25,1.8
26,73,3.1923076923076925,5,4.153846153846154,2.5714285714285716
22,38,3.409090909090909,6,5.833333333333333,1.8421052631578947
27,99,3.2222222222222223,6,5.75,4.0
25,54,1.92,4,4.142857142857143,2.230769230769231
23,39,3.0,6,3.1818181818181817,1.8421052631578947
22,72,3.3636363636363638,6,4.466666666666667,3.526315789473684
13,16,1.3076923076923077,3,1.6666666666666667,1.6666666666666667
20,58,3.2,6,3.642857142857143,3.0
22,37,3.409090909090909,6,5.666666666666667,1.7894736842105263
24,83,3.0416666666666665,6,4.466666666666667,3.35
24,63,3.25,5,4.833333333333333,2.761904761904762
17,36,2.0,4,3.0,2.1818181818181817
21,36,2.9047619047619047,6,2.909090909090909,1.8823529411764706
28,92,3.607142857142857,6,5.230769230769231,2.8333333333333335
23,39,3.3043478260869565,6,5.833333333333333,1.8421052631578947
25,73,3.16,6,3.7857142857142856,2.5238095238095237
26,48,2.8846153846153846,5,3.6666666666666665,2.0
13,19,1.6153846153846154,4,2.0,1.6
27,79,3.2222222222222223,5,4.538461538461538,2.6818181818181817
23,39,3.3043478260869565,6,5.833333333333333,1.8421052631578947
24,82,3.4583333333333335,6,4.533333333333333,3.4
24,40,2.7083333333333335,4,6.0,1.8
23,44,2.6956521739130435,5,5.714285714285714,2.1052631578947367
23,39,3.3043478260869565,6,5.833333333333333,1.8421052631578947
26,67,2.923076923076923,6,3.142857142857143,2.3157894736842106
25,73,2.88,5,4.857142857142857,3.238095238095238
19,34,1.5263157894736843,2,9.0,1.8
18,40,2.2777777777777777,4,3.6666666666666665,2.0
22,59,3.0454545454545454,5,3.6666666666666665,2.588235294117647
24,39,3.25,6,5.833333333333333,1.75
27,108,3.7037037037037037,7,5.5625,3.869565217391304
29,92,2.9655172413793105,5,4.833333333333333,3.48
23,51,2.0,4,4.666666666666667,2.3333333333333335
24,59,2.2916666666666665,5,4.375,2.5
25,72,3.12,5,4.785714285714286,3.1904761904761907
23,56,2.4782608695652173,5,3.7777777777777777,2.4285714285714284
20,31,1.55,3,4.333333333333333,1.3
21,30,3.0476190476190474,5,3.857142857142857,1.5
26,101,3.1153846153846154,6,5.333333333333333,4.363636363636363
25,72,3.36,6,4.785714285714286,3.1904761904761907
17,34,2.176470588235294,5,3.4285714285714284,2.1818181818181817
21,34,2.9047619047619047,6,3.0,1.7647058823529411
23,39,3.3043478260869565,6,5.833333333333333,1.8421052631578947
24,82,3.2916666666666665,5,4.4,3.3
25,91,4.12,8,4.117647058823529,3.3333333333333335
26,46,2.8461538461538463,5,3.3333333333333335,1.8181818181818181
23,39,3.3043478260869565,6,5.833333333333333,1.8421052631578947
19,29,1.4736842105263157,2,7.0,1.5555555555555556
22,52,2.3181818181818183,6,2.6153846153846154,2.6153846153846154
25,79,2.84,5,5.6923076923076925,3.5238095238095237
18,42,2.6666666666666665,6,3.6,2.4
21,36,2.9523809523809526,6,3.1,1.8235294117647058
23,38,3.3043478260869565,6,5.666666666666667,1.7894736842105263
25,73,3.24,6,3.6666666666666665,2.619047619047619
26,83,3.3846153846153846,6,5.2,3.5454545454545454
19,35,1.5263157894736843,2,9.5,1.9
19,42,2.263157894736842,4,2.875,1.9166666666666667
22,61,3.0454545454545454,5,3.75,2.6470588235294117
26,85,3.4615384615384617,6,6.636363636363637,3.3181818181818183
22,26,1.4545454545454546,3,3.0,1.2857142857142858
26,119,3.923076923076923,7,5.526315789473684,4.565217391304348
26,68,2.3461538461538463,4,6.0,2.625
24,43,2.9166666666666665,6,3.4545454545454546,1.9
23,44,2.869565217391304,5,3.625,1.5263157894736843
27,103,3.740740740740741,7,5.647058823529412,4.173913043478261
29,57,3.310344827586207,6,6.625,2.12
17,28,1.4705882352941178,3,2.1666666666666665,2.1666666666666665
21,49,2.0952380952380953,4,4.428571428571429,2.3846153846153846
23,41,3.260869565217391,6,5.0,1.8421052631578947
25,100,3.36,6,4.611111111111111,3.9523809523809526
24,42,2.6666666666666665,4,6.333333333333333,1.9
18,30,1.5555555555555556,3,2.3333333333333335,2.0
22,34,2.8181818181818183,5,2.9,1.6111111111111112
28,99,3.4642857142857144,6,7.1,2.9583333333333335
23,38,3.260869565217391,6,5.666666666666667,1.7894736842105263
27,121,3.925925925925926,7,5.0476190476190474,4.608695652173913
24,44,3.2916666666666665,6,5.571428571428571,1.95
20,39,1.9,4,3.8,1.7272727272727273
24,78,3.7916666666666665,7,3.210526315789474,3.05
29,92,3.5517241379310347,7,5.117647058823529,3.48
17,34,1.8823529411764706,4,3.1666666666666665,2.375
19,35,1.631578947368421,3,7.0,1.9090909090909092
22,36,2.8181818181818183,5,3.1,1.7222222222222223
21,38,3.380952380952381,6,4.714285714285714,1.9411764705882353
24,85,3.375,6,4.866666666666666,3.65
22,78,4.2727272727272725,8,3.4705882352941178,3.1052631578947367
22,41,3.409090909090909,6,5.428571428571429,2.0
19,43,2.9473684210526314,5,3.857142857142857,1.9285714285714286
27,70,3.2222222222222223,5,5.583333333333333,2.7916666666666665
27,89,3.074074074074074,6,4.9411764705882355,3.5
24,68,3.5,6,5.416666666666667,3.0952380952380953
20,33,1.55,2,9.0,1.6363636363636365
20,42,2.85,5,3.9,2.2941176470588234
27,96,3.6296296296296298,7,5.117647058823529,3.782608695652174
21,42,3.5714285714285716,6,5.0,2.1052631578947367
19,61,2.9473684210526314,6,3.466666666666667,3.25
26,63,2.3461538461538463,5,4.1,2.5625
24,63,2.7083333333333335,5,3.933333333333333,2.95
25,81,3.48,6,4.75,2.7142857142857144
23,39,3.391304347826087,6,6.0,1.8
25,84,3.4,6,5.214285714285714,3.4761904761904763
23,84,4.217391304347826,8,3.6666666666666665,3.473684210526316
25,67,2.84,5,4.266666666666667,2.909090909090909
23,58,2.3043478260869565,4,4.75,2.7142857142857144
21,36,2.9047619047619047,6,3.2,1.8823529411764706
23,39,3.391304347826087,6,6.0,1.8
27,55,2.5925925925925926,4,6.375,2.217391304347826
29,98,3.2758620689655173,6,4.666666666666667,3.0434782608695654
26,58,2.1923076923076925,4,4.25,2.2666666666666666
24,41,3.375,6,6.333333333333333,1.8095238095238095
25,87,2.88,5,4.411764705882353,3.5714285714285716
26,44,2.9615384615384617,6,3.3333333333333335,1.8181818181818181
23,70,3.4347826086956523,6,4.642857142857143,3.25
22,53,2.090909090909091,4,4.428571428571429,2.5833333333333335
22,56,2.5454545454545454,4,4.7272727272727275,2.736842105263158
21,51,2.380952380952381,5,4.0,2.4615384615384617
20,33,1.65,3,5.0,1.3636363636363635
27,100,4.037037037037037,7,5.6,3.652173913043478
22,38,3.409090909090909,6,5.833333333333333,1.8421052631578947
21,65,3.6666666666666665,7,4.230769230769231,3.0555555555555554
28,108,3.357142857142857,7,5.368421052631579,4.25
26,74,2.9615384615384617,6,4.142857142857143,2.9
23,40,3.391304347826087,6,6.166666666666667,1.85
26,106,3.730769230769231,7,4.944444444444445,4.045454545454546
27,53,2.740740740740741,4,6.125,2.130434782608696
30,128,3.7333333333333334,7,5.260869565217392,4.653846153846154
17,30,1.411764705882353,3,2.8,2.3333333333333335
19,36,1.8421052631578947,3,4.0,1.8181818181818181
13,17,1.3846153846153846,3,1.5,1.5
25,66,3.36,6,3.4375,2.619047619047619
22,38,3.409090909090909,6,5.833333333333333,1.8421052631578947
19,34,1.4736842105263157,2,8.0,1.7777777777777777
26,63,3.1538461538461537,5,4.916666666666667,2.6818181818181817
20,46,2.15,4,4.625,2.466666666666667
19,46,2.1052631578947367,4,3.7,2.642857142857143
18,29,1.2777777777777777,2,2.75,2.2
20,32,2.75,5,3.111111111111111,1.75
21,37,3.3333333333333335,6,5.666666666666667,1.8888888888888888
23,58,2.608695652173913,5,3.076923076923077,2.1052631578947367
26,75,2.923076923076923,5,5.384615384615385,3.1818181818181817
17,34,2.0588235294117645,4,2.875,1.9166666666666667
22,35,2.8181818181818183,5,3.1,1.7222222222222223
21,31,3.0952380952380953,5,4.0,1.5555555555555556
25,86,3.64,6,5.0625,3.6818181818181817
25,42,3.28,6,6.333333333333333,1.8095238095238095
25,87,3.4,6,4.666666666666667,3.3333333333333335
23,73,3.9565217391304346,8,3.533333333333333,2.789473684210526
26,77,2.8461538461538463,5,5.142857142857143,3.272727272727273
23,51,1.9130434782608696,4,4.0,2.5454545454545454
19,35,1.5263157894736843,2,8.5,1.7
23,39,3.3043478260869565,6,5.833333333333333,1.8421052631578947
24,85,2.9166666666666665,5,4.1875,3.35
24,41,2.6666666666666665,4,6.166666666666667,1.85
13,21,1.6923076923076923,4,2.5,2.0
26,72,3.0384615384615383,5,4.0,2.6
23,39,3.3043478260869565,6,5.833333333333333,1.8421052631578947
19,54,3.3684210526315788,7,4.083333333333333,3.0625
21,41,1.619047619047619,3,2.4,2.1818181818181817
27,103,3.4074074074074074,7,5.222222222222222,4.086956521739131
26,70,3.1153846153846154,6,3.8461538461538463,2.5
23,67,2.9130434782608696,5,4.428571428571429,3.263157894736842
13,16,1.3076923076923077,3,1.6666666666666667,1.6666666666666667
18,39,2.1666666666666665,4,3.0,1.9090909090909092
29,91,3.586206896551724,6,6.3,2.52
23,39,3.3043478260869565,6,5.833333333333333,1.8421052631578947
27,117,3.888888888888889,7,4.75,4.130434782608695
23,39,3.3043478260869565,6,5.833333333333333,1.8421052631578947
25,37,2.76,4,4.0,1.5238095238095237
26,70,2.8461538461538463,5,3.142857142857143,2.2
23,54,1.8695652173913044,3,4.428571428571429,2.2142857142857144
22,49,2.6363636363636362,5,4.5,2.5
26,90,3.5,6,4.25,3.090909090909091
24,79,3.2916666666666665,7,4.571428571428571,3.5555555555555554
19,34,1.736842105263158,3,4.25,1.7
23,39,3.3043478260869565,6,5.833333333333333,1.8421052631578947
24,85,3.375,6,4.6,3.45
25,88,4.08,8,3.8823529411764706,3.142857142857143
23,83,3.608695652173913,7,4.166666666666667,3.75
23,39,3.3043478260869565,6,5.833333333333333,1.8421052631578947
19,30,1.5789473684210527,3,5.333333333333333,1.6
29,121,3.6206896551724137,7,6.333333333333333,4.56
17,25,1.411764705882353,3,3.3333333333333335,1.6666666666666667
20,34,1.6,3,6.0,1.6363636363636365
24,42,2.7083333333333335,4,6.333333333333333,1.9
13,20,1.6153846153846154,4,2.25,1.8
21,40,2.8095238095238093,5,3.090909090909091,2.0
13,17,1.3846153846153846,3,1.5,1.5
24,38,3.0833333333333335,5,4.25,1.7
25,87,3.64,7,5.466666666666667,3.9047619047619047
29,100,2.9655172413793105,5,5.470588235294118,3.72
27,74,3.111111111111111,5,5.090909090909091,2.5454545454545454
19,56,3.1578947368421053,7,3.0,2.6
23,39,3.3043478260869565,6,5.833333333333333,1.8421052631578947
26,106,3.730769230769231,7,4.8,4.363636363636363
27,60,2.814814814814815,5,5.6,2.4347826086956523
17,26,1.411764705882353,3,2.75,1.8333333333333333
22,50,1.8636363636363635,3,5.0,2.3076923076923075
13,22,1.6923076923076923,4,2.75,2.2
24,41,3.2916666666666665,6,6.166666666666667,1.85
24,92,3.5,6,4.6875,3.75
24,88,4.25,8,3.7777777777777777,3.4
27,84,3.4074074074074074,6,5.642857142857143,3.4347826086956523
24,67,3.125,5,4.333333333333333,2.736842105263158
23,40,3.3043478260869565,6,5.142857142857143,1.894736842105263
24,94,3.4166666666666665,6,4.529411764705882,3.85
26,72,3.1538461538461537,5,5.153846153846154,3.0454545454545454
22,54,2.1363636363636362,4,4.857142857142857,2.4285714285714284
22,39,2.9545454545454546,6,3.4,1.8888888888888888
22,39,3.3181818181818183,6,5.0,1.9444444444444444
24,88,3.375,6,4.933333333333334,3.7
24,78,4.083333333333333,8,3.4705882352941178,2.95
25,46,3.0,6,3.4166666666666665,1.9523809523809523
25,97,3.4,6,4.470588235294118,3.619047619047619
21,38,3.238095238095238,6,5.333333333333333,1.8823529411764706
26,95,4.230769230769231,8,5.176470588235294,4.0
26,56,3.1538461538461537,6,4.818181818181818,2.3043478260869565
13,21,1.6153846153846154,4,2.5,2.0
23,46,2.9565217391304346,5,4.3,2.15
22,37,3.3181818181818183,6,5.666666666666667,1.7894736842105263
19,57,3.3684210526315788,7,3.8461538461538463,3.125
22,61,2.909090909090909,6,2.5625,2.5625
26,73,3.1923076923076925,5,5.75,3.0
25,81,3.08,6,4.866666666666666,3.3181818181818183
20,40,2.85,5,3.7,2.176470588235294
13,17,1.3846153846153846,3,1.5,1.5
25,42,3.32,6,6.5,1.7727272727272727
27,54,2.5925925925925926,4,6.25,2.1739130434782608
16,23,1.5,3,3.0,1.2857142857142858
24,41,3.375,6,6.333333333333333,1.8095238095238095
25,93,3.48,6,4.75,3.619047619047619
24,82,4.25,8,3.75,3.0
26,69,2.923076923076923,5,4.333333333333333,2.8260869565217392
23,56,2.3043478260869565,4,5.0,2.5
20,42,3.0,6,3.5454545454545454,2.2941176470588234
24,78,3.2916666666666665,7,5.538461538461538,3.6
23,29,1.608695652173913,3,6.5,1.3
21,36,1.619047619047619,3,4.75,2.111111111111111
19,52,3.0,6,3.6923076923076925,3.0
28,167,4.214285714285714,8,6.739130434782608,6.458333333333333
21,79,3.5238095238095237,8,3.9473684210526314,4.166666666666667
20,45,2.45,4,4.571428571428571,2.1333333333333333
16,37,2.5625,6,3.4,2.6153846153846154
20,61,3.5,8,4.833333333333333,3.411764705882353
29,194,4.172413793103448,8,6.888888888888889,7.44
22,30,3.0,5,4.5,1.4210526315789473
25,83,3.08,6,4.9375,3.761904761904762
21,62,3.5714285714285716,8,3.357142857142857,2.9375
23,80,3.391304347826087,6,4.294117647058823,3.65
28,102,3.357142857142857,6,7.0,3.2083333333333335
23,40,3.391304347826087,6,6.166666666666667,1.85
20,33,1.45,2,8.0,1.7777777777777777
28,53,2.892857142857143,5,3.769230769230769,2.0416666666666665
23,59,2.4347826086956523,5,4.222222222222222,2.375
26,74,3.423076923076923,6,4.133333333333334,2.8181818181818183
19,31,1.263157894736842,2,3.25,2.6
22,34,2.772727272727273,5,3.0,1.6666666666666667
23,72,3.130434782608696,6,4.0,3.1578947368421053
21,33,2.761904761904762,5,2.9,1.7058823529411764
22,63,2.727272727272727,5,4.0,2.75
29,122,4.379310344827586,8,5.9411764705882355,4.04
21,37,3.3333333333333335,6,5.666666666666667,1.8888888888888888
23,72,3.1739130434782608,5,4.642857142857143,3.25
25,50,2.92,6,5.111111111111111,2.1904761904761907
22,72,3.1818181818181817,7,4.642857142857143,3.611111111111111
22,38,3.409090909090909,6,5.833333333333333,1.8421052631578947
26,73,2.4615384615384617,5,3.176470588235294,2.8421052631578947
26,45,2.8076923076923075,5,6.833333333333333,1.8636363636363635
21,37,3.3333333333333335,6,5.666666666666667,1.8888888888888888
25,86,2.84,5,4.25,3.238095238095238
24,39,2.9166666666666665,6,2.9166666666666665,1.75
22,38,3.227272727272727,6,5.666666666666667,1.8888888888888888
25,66,2.24,4,3.2,2.6666666666666665
27,51,2.5925925925925926,4,5.875,2.0434782608695654
24,80,3.25,6,5.214285714285714,3.65
20,46,2.1,4,5.285714285714286,2.466666666666667
18,29,1.2777777777777777,2,3.0,2.4
21,36,2.8095238095238093,5,3.1,1.8235294117647058
21,37,3.3333333333333335,6,5.666666666666667,1.8888888888888888
27,107,3.7037037037037037,7,5.235294117647059,3.869565217391304
22,60,3.1818181818181817,6,3.0,2.5
25,43,2.68,4,6.5,1.8571428571428572
23,50,1.8695652173913044,4,4.5,2.4545454545454546
19,34,1.5263157894736843,2,9.0,1.8
27,86,3.5555555555555554,6,5.25,2.739130434782609
21,29,3.0476190476190474,5,4.333333333333333,1.4444444444444444
25,101,3.76,7,5.588235294117647,4.523809523809524
25,44,2.72,4,5.714285714285714,1.9047619047619047
23,39,3.3043478260869565,6,5.833333333333333,1.8421052631578947
15,31,3.533333333333333,6,3.1666666666666665,1.5833333333333333
26,83,3.3461538461538463,6,3.9375,2.8636363636363638
21,33,1.3333333333333333,2,2.0,2.0
25,77,2.72,5,5.142857142857143,3.4285714285714284
23,73,3.1739130434782608,6,4.642857142857143,3.25
20,34,2.9,6,2.9,1.8125
23,39,3.3043478260869565,6,5.833333333333333,1.8421052631578947
19,27,1.5789473684210527,2,4.0,1.0909090909090908
28,51,2.8214285714285716,4,6.714285714285714,1.9583333333333333
18,30,1.7222222222222223,3,2.8,1.5555555555555556
23,39,3.3043478260869565,6,5.833333333333333,1.8421052631578947
24,86,3.375,6,4.466666666666667,3.35
24,86,4.166666666666667,8,3.5555555555555554,3.2
26,76,3.5384615384615383,7,4.375,3.1818181818181817
23,58,2.391304347826087,5,4.0,2.857142857142857
23,39,3.3043478260869565,6,5.833333333333333,1.8421052631578947
26,108,3.730769230769231,7,5.111111111111111,4.181818181818182
23,77,3.9565217391304346,8,3.625,3.0526315789473686
31,101,3.096774193548387,6,5.333333333333333,3.5555555555555554
20,39,1.9,3,4.75,1.7272727272727273
18,50,2.9444444444444446,6,3.0,2.357142857142857
23,39,3.3043478260869565,6,5.833333333333333,1.8421052631578947
23,69,3.3043478260869565,6,3.533333333333333,2.789473684210526
26,45,2.8461538461538463,4,4.555555555555555,1.8636363636363635
13,21,1.6923076923076923,4,2.5,2.0
26,78,3.0,6,4.142857142857143,2.9
22,41,2.909090909090909,6,3.272727272727273,2.0
26,75,3.423076923076923,6,4.214285714285714,2.6818181818181817
20,53,2.85,6,3.3,2.2
23,38,3.3043478260869565,6,5.666666666666667,1.7894736842105263
25,86,2.72,5,5.714285714285714,3.8095238095238093
25,60,2.32,5,4.375,2.3333333333333335
23,39,3.3043478260869565,6,5.833333333333333,1.8421052631578947
25,93,3.24,6,4.470588235294118,3.619047619047619
24,87,3.5416666666666665,7,4.588235294117647,3.7142857142857144
23,39,3.3043478260869565,6,5.833333333333333,1.8421052631578947
20,38,1.75,3,4.5,1.8
23,76,3.6956521739130435,7,3.235294117647059,2.8947368421052633
26,45,2.769230769230769,4,6.833333333333333,1.8636363636363635
25,80,3.8,6,6.083333333333333,3.4761904761904763
21,43,1.9523809523809523,3,5.75,1.9166666666666667
21,39,2.9047619047619047,6,2.8333333333333335,2.0
29,196,4.275862068965517,8,7.521739130434782,6.92
21,31,3.0952380952380953,5,4.0,1.5555555555555556
27,126,3.888888888888889,7,4.904761904761905,4.478260869565218
23,40,3.3043478260869565,6,5.142857142857143,1.894736842105263
26,62,3.1538461538461537,5,5.181818181818182,2.590909090909091
26,121,4.0,7,5.1,4.636363636363637
23,42,3.3043478260869565,6,5.285714285714286,1.9473684210526316
23,70,3.0,5,4.818181818181818,2.789473684210526
25,48,2.72,4,6.285714285714286,2.0952380952380953
21,38,3.380952380952381,6,4.714285714285714,1.9411764705882353
23,78,3.9130434782608696,7,4.294117647058823,3.65
20,50,2.6,5,3.2,2.4615384615384617
26,82,3.576923076923077,6,4.388888888888889,3.4347826086956523
26,51,2.8461538461538463,4,6.0,2.0869565217391304
24,39,3.3333333333333335,6,6.0,1.7142857142857142
20,35,1.7,3,3.5,1.9090909090909092
28,69,3.25,5,5.5,2.64
17,29,1.4705882352941178,3,2.3333333333333335,2.3333333333333335
26,79,3.1923076923076925,5,4.923076923076923,3.0476190476190474
24,41,3.375,6,6.333333333333333,1.8095238095238095
26,101,3.730769230769231,7,4.666666666666667,3.8181818181818183
28,82,2.9285714285714284,5,4.647058823529412,3.16
25,70,2.4,4,5.555555555555555,3.125
21,53,2.380952380952381,4,3.2,2.2857142857142856
24,41,3.375,6,6.333333333333333,1.8095238095238095
23,77,4.173913043478261,8,3.9375,3.3157894736842106
28,53,3.0,6,4.083333333333333,2.0416666666666665
18,29,1.5,3,2.6,1.8571428571428572
28,92,3.5714285714285716,6,7.090909090909091,3.25
20,38,3.25,5,4.5,2.0
27,110,4.037037037037037,7,5.578947368421052,4.416666666666667
17,31,1.7058823529411764,3,2.6666666666666665,2.0
25,42,3.32,6,6.5,1.7727272727272727
28,41,2.857142857142857,4,4.625,1.5416666666666667
20,38,1.6,4,3.3333333333333335,2.5
13,20,1.6923076923076923,4,2.25,1.8
21,41,3.142857142857143,6,3.4545454545454546,2.111111111111111
22,38,3.409090909090909,6,5.833333333333333,1.8421052631578947
23,69,3.0434782608695654,5,4.428571428571429,3.1
26,51,2.9615384615384617,6,5.222222222222222,2.1363636363636362
23,80,3.217391304347826,7,4.866666666666666,3.8421052631578947
23,39,3.391304347826087,6,6.0,1.8
25,66,3.32,6,3.4285714285714284,2.2857142857142856
27,79,3.037037037037037,5,4.6875,3.125
17,38,2.0588235294117645,4,3.857142857142857,2.4545454545454546
21,35,2.9047619047619047,6,3.1,1.8235294117647058
21,37,3.3333333333333335,6,5.666666666666667,1.8888888888888888
22,59,2.8181818181818183,5,4.0,2.4444444444444446
27,48,2.740740740740741,4,6.285714285714286,1.9130434782608696
23,61,2.9130434782608696,5,4.5,2.5
22,38,3.409090909090909,6,5.833333333333333,1.8421052631578947
27,53,2.5925925925925926,4,6.125,2.130434782608696
16,23,1.5,3,3.0,1.2857142857142858
22,38,3.409090909090909,6,5.833333333333333,1.8421052631578947
25,90,3.12,6,4.5625,3.4761904761904763
23,80,3.391304347826087,6,4.294117647058823,3.65
23,40,3.391304347826087,6,6.166666666666667,1.85
22,33,1.4545454545454546,3,3.6666666666666665,1.375
24,41,2.625,4,6.166666666666667,1.85
23,75,3.0869565217391304,6,3.625,3.0526315789473686
19,31,1.5263157894736843,2,8.0,1.6
22,65,3.3636363636363638,6,4.615384615384615,3.1578947368421053
22,59,2.5,5,3.7,2.642857142857143
21,66,3.2857142857142856,6,3.6875,3.2777777777777777
26,78,3.4615384615384617,6,5.75,3.1363636363636362
22,28,1.5909090909090908,3,6.0,1.3333333333333333
21,26,1.5238095238095237,3,5.5,1.375
18,45,2.888888888888889,6,3.8181818181818183,2.8
21,73,3.5714285714285716,7,4.3125,3.8333333333333335
16,40,2.5,5,3.6,2.769230769230769
23,105,3.6956521739130435,8,4.95,5.2105263157894735
24,129,3.7916666666666665,8,6.1,6.1
19,47,2.9473684210526314,6,3.5454545454545454,2.4375
23,105,3.652173913043478,8,5.157894736842105,5.157894736842105
21,86,3.6666666666666665,8,4.315789473684211,4.555555555555555
29,212,4.172413793103448,8,7.296296296296297,7.88
21,29,3.0476190476190474,5,4.333333333333333,1.4444444444444444
25,88,3.2,6,5.1875,3.772727272727273
28,88,2.9642857142857144,5,5.533333333333333,3.4583333333333335
13,22,1.9230769230769231,4,3.0,2.0
24,67,3.375,6,3.6,2.7
23,66,3.260869565217391,6,4.066666666666666,3.210526315789474
17,40,2.823529411764706,7,2.9,2.230769230769231
20,35,2.75,5,2.8181818181818183,1.9375
23,39,3.3043478260869565,6,5.833333333333333,1.8421052631578947
24,85,3.0833333333333335,6,4.25,3.4
24,45,2.9583333333333335,6,3.3333333333333335,2.0
23,39,3.3043478260869565,6,5.833333333333333,1.8421052631578947
22,57,2.727272727272727,4,3.727272727272727,2.2777777777777777
26,45,2.769230769230769,4,6.833333333333333,1.8636363636363635
23,65,2.9565217391304346,5,4.181818181818182,2.5555555555555554
26,90,3.3461538461538463,6,6.4,2.909090909090909
23,39,3.3043478260869565,6,5.833333333333333,1.8421052631578947
27,117,3.888888888888889,7,4.95,4.304347826086956
23,39,3.3043478260869565,6,5.833333333333333,1.8421052631578947
14,31,3.2857142857142856,6,3.3333333333333335,1.8181818181818181
18,30,1.6111111111111112,3,5.333333333333333,1.6
23,34,2.8260869565217392,4,3.75,1.5789473684210527
25,66,3.16,5,5.545454545454546,2.9047619047619047
17,37,2.5294117647058822,6,2.6,2.0
22,37,3.3181818181818183,6,5.5,1.8333333333333333
21,60,3.238095238095238,6,4.333333333333333,3.0588235294117645
29,120,3.4827586206896552,7,5.894736842105263,4.48
26,80,2.9615384615384617,6,4.142857142857143,2.9
23,39,3.3043478260869565,6,5.833333333333333,1.8421052631578947
26,59,3.0384615384615383,5,6.0,2.4545454545454546
13,21,1.6923076923076923,4,2.5,2.0
23,39,3.3043478260869565,6,5.833333333333333,1.8421052631578947
27,122,3.888888888888889,7,5.05,4.391304347826087
23,39,3.3043478260869565,6,5.833333333333333,1.8421052631578947
19,33,2.0,4,3.1666666666666665,1.5833333333333333
30,107,3.8,6,5.882352941176471,3.8461538461538463
24,57,2.25,4,4.714285714285714,2.357142857142857
21,46,1.7619047619047619,3,4.5,2.25
25,81,3.4,7,4.857142857142857,3.238095238095238
22,25,1.4090909090909092,3,4.0,1.1428571428571428
25,92,3.64,7,5.117647058823529,4.142857142857143
20,55,3.6,7,3.1538461538461537,2.5625
28,57,3.142857142857143,6,4.333333333333333,2.1666666666666665
25,66,2.28,4,5.857142857142857,2.7333333333333334
23,46,1.8695652173913044,3,5.75,1.9166666666666667
23,37,2.8260869565217392,5,3.2,1.6842105263157894
22,40,2.772727272727273,5,3.25,1.5294117647058822
26,61,3.1153846153846154,5,5.090909090909091,2.5454545454545454
19,37,2.0526315789473686,4,2.5,2.0
22,35,2.772727272727273,5,3.0,1.6666666666666667
22,42,3.272727272727273,6,4.714285714285714,1.8333333333333333
23,78,3.1739130434782608,5,4.375,3.5
24,49,2.875,6,5.0,2.25
21,72,3.142857142857143,6,5.0,3.823529411764706
26,97,4.0,7,5.461538461538462,3.227272727272727
22,38,3.3181818181818183,6,4.857142857142857,1.8888888888888888
15,39,4.066666666666666,7,3.625,2.230769230769231
28,97,3.0714285714285716,5,5.055555555555555,3.7916666666666665
17,36,2.176470588235294,4,3.0,2.1
24,83,3.3333333333333335,7,4.785714285714286,3.35
23,44,2.652173913043478,4,3.7142857142857144,1.5294117647058822
27,115,3.740740740740741,7,5.190476190476191,4.739130434782608
22,73,4.045454545454546,8,3.388888888888889,3.388888888888889
28,86,3.357142857142857,6,4.9375,3.2916666666666665
26,95,4.230769230769231,8,5.176470588235294,4.0
26,56,3.1538461538461537,6,4.818181818181818,2.3043478260869565
23,58,3.0869565217391304,5,4.583333333333333,2.75
17,31,1.7058823529411764,3,2.6666666666666665,2.0
22,36,3.272727272727273,6,5.5,1.736842105263158
27,68,3.1481481481481484,5,7.111111111111111,2.6666666666666665
27,60,1.962962962962963,4,4.5,2.769230769230769
22,47,2.0454545454545454,3,5.6,1.8666666666666667
24,41,3.375,6,6.333333333333333,1.8095238095238095
27,54,2.5925925925925926,4,6.25,2.1739130434782608
27,56,1.8888888888888888,4,4.0,2.4615384615384617
19,39,1.631578947368421,4,3.142857142857143,2.75
23,70,3.260869565217391,6,3.823529411764706,3.25
24,41,3.375,6,6.333333333333333,1.8095238095238095
15,29,2.533333333333333,5,2.4285714285714284,1.7
27,52,2.5925925925925926,4,6.0,2.0869565217391304
24,55,2.125,4,4.571428571428571,2.4615384615384617
31,197,4.451612903225806,8,7.916666666666667,7.037037037037037
21,41,3.238095238095238,5,4.875,2.0526315789473686
29,142,4.0,7,5.590909090909091,4.92
15,19,1.6,3,3.0,1.2857142857142858
25,43,3.36,6,6.666666666666667,1.8181818181818181
26,115,3.6923076923076925,6,5.611111111111111,4.590909090909091
24,41,3.375,6,6.333333333333333,1.8095238095238095
25,86,2.88,5,4.235294117647059,3.4285714285714284
26,79,3.230769230769231,5,5.285714285714286,3.217391304347826
21,69,3.2857142857142856,6,3.875,3.4444444444444446
23,40,3.391304347826087,6,6.166666666666667,1.85
23,73,4.086956521739131,8,3.625,3.0526315789473686
26,75,3.576923076923077,7,4.733333333333333,3.0869565217391304
25,77,3.32,6,4.6,3.1363636363636362
21,37,2.9047619047619047,6,3.0,1.9411764705882353
22,38,3.409090909090909,6,5.833333333333333,1.8421052631578947
23,71,3.130434782608696,5,4.571428571428571,3.2
26,51,2.9615384615384617,6,5.875,2.1363636363636362
21,69,2.7142857142857144,5,4.428571428571429,3.6470588235294117
17,29,1.6470588235294117,3,2.6,1.625
24,40,3.25,6,6.0,1.8
26,73,2.5,5,3.176470588235294,2.8421052631578947
25,67,3.16,5,4.769230769230769,2.8181818181818183
24,88,3.2083333333333335,6,4.764705882352941,4.05
19,34,1.5263157894736843,2,9.0,1.8
19,45,2.1578947368421053,4,2.7,2.076923076923077
23,59,3.391304347826087,6,3.6923076923076925,2.526315789473684
23,39,2.869565217391304,5,3.888888888888889,1.8421052631578947
17,28,1.3529411764705883,2,2.2,1.8333333333333333
21,36,3.3333333333333335,6,5.5,1.8333333333333333
24,83,3.4166666666666665,6,4.466666666666667,3.35
25,41,2.68,4,6.166666666666667,1.7619047619047619
22,38,3.409090909090909,6,5.833333333333333,1.8421052631578947
24,84,2.9166666666666665,5,4.1875,3.35
24,82,3.5833333333333335,7,4.411764705882353,3.5714285714285716
22,38,3.409090909090909,6,5.833333333333333,1.8421052631578947
27,105,3.7037037037037037,7,4.777777777777778,3.739130434782609
29,99,3.586206896551724,6,5.529411764705882,3.76
16,22,1.4375,2,4.0,1.1428571428571428
22,37,2.8181818181818183,5,3.0,1.8333333333333333
26,87,3.4615384615384617,6,5.166666666666667,2.8181818181818183
21,30,3.0476190476190474,5,3.857142857142857,1.5
27,115,3.814814814814815,7,4.894736842105263,4.043478260869565
26,78,3.0,5,4.769230769230769,3.1
18,36,1.8333333333333333,4,3.3333333333333335,2.2222222222222223
19,39,1.5263157894736843,3,2.625,2.625
20,35,3.35,6,5.333333333333333,1.8823529411764706
24,64,3.1666666666666665,6,3.142857142857143,2.3157894736842106
26,39,2.8076923076923075,4,4.375,1.5909090909090908
24,64,3.5,6,4.916666666666667,2.95
25,73,3.32,6,4.642857142857143,2.9545454545454546
21,33,2.9047619047619047,6,2.9,1.7058823529411764
22,37,3.3181818181818183,6,5.5,1.8333333333333333
24,80,3.7083333333333335,7,3.5555555555555554,3.2
29,59,3.1379310344827585,6,4.230769230769231,2.2
18,28,1.3888888888888888,3,2.2,1.8333333333333333
22,38,3.227272727272727,6,5.666666666666667,1.8888888888888888
23,71,3.6956521739130435,7,3.4375,2.8947368421052633
25,49,2.64,5,5.5,2.0952380952380953
26,96,3.5,7,5.235294117647059,4.045454545454546
13,20,1.6923076923076923,4,2.25,1.8
21,38,2.9047619047619047,6,3.3,1.9411764705882353
13,18,1.6153846153846154,4,1.75,1.4
23,38,3.3043478260869565,6,5.666666666666667,1.7894736842105263
24,87,3.2916666666666665,5,4.533333333333333,3.4
25,96,4.28,8,3.8947368421052633,3.5238095238095237
20,31,1.3,2,3.0,2.0
26,46,2.9615384615384617,6,3.4166666666666665,1.8636363636363635
21,33,2.761904761904762,5,2.9,1.7058823529411764
23,39,3.3043478260869565,6,5.833333333333333,1.8421052631578947
25,48,2.6,4,5.5,2.0952380952380953
18,29,1.5,3,2.6,1.8571428571428572
23,39,3.3043478260869565,6,5.833333333333333,1.8421052631578947
21,34,1.619047619047619,3,4.0,1.3333333333333333
29,54,2.8620689655172415,4,6.25,2.0
23,81,3.5217391304347827,7,4.933333333333334,3.8947368421052633
16,27,1.8125,3,4.333333333333333,1.4444444444444444
23,40,3.3043478260869565,6,5.833333333333333,1.8421052631578947
25,56,3.04,5,5.666666666666667,2.4285714285714284
13,22,1.6923076923076923,4,2.75,2.2
24,41,3.2916666666666665,6,6.166666666666667,1.85
19,36,1.5789473684210527,3,5.0,2.0
24,43,2.6666666666666665,4,6.5,1.95
22,53,2.590909090909091,5,4.454545454545454,2.7222222222222223
19,37,1.8421052631578947,3,4.2,1.9090909090909092
27,99,3.5925925925925926,6,5.615384615384615,3.1739130434782608
21,29,3.0476190476190474,5,4.333333333333333,1.4444444444444444
25,84,3.64,7,5.266666666666667,3.761904761904762
29,104,3.586206896551724,6,5.705882352941177,3.88
26,69,3.076923076923077,5,4.909090909090909,2.5714285714285716
19,62,3.210526315789474,7,3.1333333333333333,3.1333333333333333
26,84,3.6923076923076925,6,5.2,3.5454545454545454
24,62,2.25,4,5.428571428571429,2.7142857142857144
23,39,3.3043478260869565,6,5.833333333333333,1.8421052631578947
24,82,3.5,6,3.6666666666666665,3.3
26,82,2.769230769230769,5,5.133333333333334,3.5
23,44,1.8695652173913044,3,5.5,1.8333333333333333
19,46,2.263157894736842,4,2.9,2.4166666666666665
23,39,3.3043478260869565,6,5.833333333333333,1.8421052631578947
18,39,1.8888888888888888,4,3.0,2.727272727272727
28,99,2.9285714285714284,5,5.111111111111111,3.8333333333333335
13,23,1.6923076923076923,4,3.0,2.4
23,68,3.260869565217391,6,4.846153846153846,3.3157894736842106
22,40,3.272727272727273,6,4.125,1.8333333333333333
27,115,3.740740740740741,7,5.3,4.608695652173913
27,76,3.259259259259259,6,4.733333333333333,3.0869565217391304
18,41,1.7777777777777777,4,3.125,3.125
19,45,2.1578947368421053,4,2.8,2.5454545454545454
13,22,1.6923076923076923,4,2.75,2.2
28,116,4.214285714285714,7,6.428571428571429,3.75
22,40,3.272727272727273,6,5.0,1.6666666666666667
26,95,4.230769230769231,8,5.176470588235294,4.0
18,39,1.9444444444444444,4,3.0,2.6666666666666665
26,50,3.1538461538461537,6,4.2727272727272725,2.0434782608695654
22,45,2.909090909090909,5,4.2,2.210526315789474
20,56,3.45,7,4.416666666666667,3.1176470588235294
27,83,3.037037037037037,5,5.333333333333333,3.3333333333333335
25,64,2.36,5,4.2,2.8
21,37,1.7619047619047619,3,4.75,1.9
23,64,3.0,6,3.4166666666666665,2.2777777777777777
24,41,3.375,6,6.333333333333333,1.8095238095238095
19,27,1.631578947368421,3,4.0,1.0909090909090908
27,55,2.7777777777777777,4,6.375,2.217391304347826
23,51,2.6956521739130435,5,4.2727272727272725,2.473684210526316
17,32,1.4705882352941178,3,2.8333333333333335,2.8333333333333335
21,61,3.2857142857142856,7,4.0,3.111111111111111
26,45,3.0384615384615383,5,8.75,1.6666666666666667
27,130,3.814814814814815,7,5.75,5.0
24,42,3.4166666666666665,6,6.5,1.8571428571428572
26,60,3.1538461538461537,5,4.666666666666667,2.4347826086956523
24,79,3.1666666666666665,5,3.875,3.1
25,42,3.32,6,6.5,1.7727272727272727
25,68,2.96,5,4.076923076923077,2.5238095238095237
26,51,2.730769230769231,4,5.875,2.1363636363636362
23,40,3.3043478260869565,6,6.166666666666667,1.85
20,65,3.4,7,4.0,3.2941176470588234
26,47,2.923076923076923,6,3.5833333333333335,1.9545454545454546
24,71,3.5,6,5.076923076923077,3.142857142857143
13,20,1.6923076923076923,4,2.25,1.8
23,64,3.3043478260869565,6,3.7142857142857144,2.736842105263158
25,81,3.4,7,6.25,3.5714285714285716
23,28,1.608695652173913,3,6.5,1.3
22,27,1.5454545454545454,3,6.0,1.3333333333333333
17,42,2.0588235294117645,4,4.125,2.75
21,72,2.6666666666666665,6,3.642857142857143,3.0
20,82,3.25,6,5.133333333333334,4.529411764705882
20,59,2.8,6,3.6666666666666665,3.235294117647059
24,105,3.7083333333333335,8,5.555555555555555,5.0
20,56,3.5,7,4.7272727272727275,3.0588235294117645
26,156,3.8846153846153846,8,6.166666666666667,6.7272727272727275
22,49,3.5,6,4.888888888888889,2.2
29,127,4.379310344827586,8,5.857142857142857,4.730769230769231
24,82,3.2083333333333335,6,4.176470588235294,3.55
24,41,3.3333333333333335,6,6.333333333333333,1.8095238095238095
27,125,3.962962962962963,7,5.095238095238095,4.6521739130434785
25,42,3.32,6,6.5,1.7727272727272727
20,58,3.35,7,4.454545454545454,2.8823529411764706
29,116,3.5517241379310347,7,5.7368421052631575,4.36
27,76,3.074074074074074,5,4.230769230769231,2.619047619047619
22,38,3.409090909090909,6,5.833333333333333,1.8421052631578947
24,80,3.4166666666666665,6,4.642857142857143,3.25
23,66,3.391304347826087,7,3.6923076923076925,2.823529411764706
19,27,1.263157894736842,2,2.5,2.0
23,35,2.8260869565217392,5,3.1,1.631578947368421
21,31,2.761904761904762,5,3.0,1.588235294117647
21,37,3.3333333333333335,6,5.666666666666667,1.8888888888888888
26,90,3.0,5,5.3125,3.8636363636363638
25,54,1.96,4,4.833333333333333,2.230769230769231
24,43,1.7916666666666667,3,4.75,1.5833333333333333
20,48,2.55,5,2.8,2.0
23,37,2.8260869565217392,5,3.2,1.6842105263157894
13,17,1.3846153846153846,3,1.5,1.5
24,64,3.3333333333333335,7,4.833333333333333,2.9
22,34,2.409090909090909,5,5.25,1.5
27,115,3.7037037037037037,7,5.705882352941177,4.217391304347826
24,77,4.166666666666667,8,3.4705882352941178,2.95
25,97,3.84,7,4.090909090909091,4.090909090909091
26,83,3.3461538461538463,6,5.7,2.590909090909091
21,37,3.4285714285714284,6,5.5,1.8333333333333333
24,87,3.375,6,4.666666666666667,3.5
23,77,4.130434782608695,8,3.75,3.1578947368421053
24,86,3.5416666666666665,7,4.277777777777778,3.6666666666666665
24,40,3.25,6,6.0,1.8
23,76,4.086956521739131,8,3.7058823529411766,3.3157894736842106
24,44,2.8333333333333335,5,5.571428571428571,1.95
17,25,1.5294117647058822,3,3.3333333333333335,1.4285714285714286
23,52,2.0434782608695654,4,4.833333333333333,2.230769230769231
23,39,3.3043478260869565,6,5.833333333333333,1.8421052631578947
28,88,2.9642857142857144,5,5.1875,3.4583333333333335
13,20,1.6923076923076923,4,2.25,1.8
23,39,3.3043478260869565,6,5.833333333333333,1.8421052631578947
25,56,3.04,5,5.666666666666667,2.4285714285714284
23,39,3.3043478260869565,6,5.833333333333333,1.8421052631578947
20,34,2.05,4,3.8,1.1875
26,65,2.769230769230769,5,4.066666666666666,2.772727272727273
22,49,2.6818181818181817,5,4.090909090909091,2.5
21,51,2.7142857142857144,5,3.3636363636363638,2.3125
26,86,3.3461538461538463,6,6.1,2.772727272727273
23,39,3.3043478260869565,6,5.833333333333333,1.8421052631578947
26,60,3.0384615384615383,5,5.5,2.5
25,50,1.96,4,5.0,1.9230769230769231
22,54,2.409090909090909,5,3.888888888888889,2.3333333333333335
21,30,3.0476190476190474,5,3.857142857142857,1.5
14,28,2.9285714285714284,5,3.6,1.8
26,45,2.769230769230769,4,6.833333333333333,1.8636363636363635
23,39,3.3043478260869565,6,5.833333333333333,1.8421052631578947
26,75,3.3846153846153846,6,3.5625,2.590909090909091
25,44,2.72,4,6.666666666666667,1.9047619047619047
22,50,2.090909090909091,4,4.666666666666667,2.1538461538461537
19,35,1.5263157894736843,2,9.5,1.9
23,40,3.3043478260869565,6,5.833333333333333,1.8421052631578947
26,60,3.0384615384615383,5,6.111111111111111,2.5
25,94,3.24,6,4.166666666666667,3.5714285714285716
23,39,3.3043478260869565,6,5.833333333333333,1.8421052631578947
27,121,3.888888888888889,7,5.1,4.434782608695652
24,41,3.2916666666666665,6,6.166666666666667,1.85
26,61,3.1538461538461537,5,5.090909090909091,2.5454545454545454
30,96,3.3666666666666667,6,4.8,2.88
24,41,3.2916666666666665,6,6.166666666666667,1.85
24,92,3.4583333333333335,6,4.6875,3.75
23,71,3.5652173913043477,8,3.1176470588235294,3.1176470588235294
26,48,3.0384615384615383,6,3.3076923076923075,1.9545454545454546
24,42,3.2916666666666665,6,5.428571428571429,1.9
26,86,3.5384615384615383,6,3.611111111111111,2.9545454545454546
25,45,2.84,5,3.6363636363636362,1.9047619047619047
24,72,3.5,6,4.466666666666667,3.35
13,19,1.6923076923076923,4,2.0,1.6
24,69,3.375,6,3.9285714285714284,2.75
26,86,3.4615384615384617,6,5.461538461538462,3.227272727272727
22,38,2.272727272727273,4,4.4,1.5714285714285714
23,66,3.3043478260869565,6,3.875,3.1
29,125,3.6551724137931036,7,6.555555555555555,4.72
27,83,3.4444444444444446,6,3.9411764705882355,2.9130434782608696
22,44,2.8636363636363638,5,3.875,1.7222222222222223
26,103,3.730769230769231,7,4.85,4.409090909090909
28,111,3.357142857142857,6,6.176470588235294,4.375
18,49,2.1666666666666665,4,3.6666666666666665,3.3
25,72,3.4,6,4.142857142857143,2.761904761904762
21,40,2.857142857142857,5,5.0,1.7647058823529411
26,82,3.576923076923077,6,4.388888888888889,3.4347826086956523
22,42,3.409090909090909,6,4.875,2.0526315789473686
25,46,2.68,5,6.142857142857143,1.9545454545454546
26,58,1.9615384615384615,4,4.375,2.6923076923076925
24,41,3.375,6,6.333333333333333,1.8095238095238095
27,106,3.259259259259259,6,5.333333333333333,4.173913043478261
25,51,3.04,6,4.0,2.1818181818181817
26,83,3.576923076923077,6,6.0,3.391304347826087
22,35,1.7727272727272727,3,4.5,1.6363636363636365
21,32,1.619047619047619,3,4.666666666666667,1.5555555555555556
19,57,3.0526315789473686,6,3.4285714285714284,3.0
22,78,3.409090909090909,7,3.8947368421052633,3.8947368421052633
23,96,3.5217391304347827,8,4.684210526315789,4.684210526315789
18,54,2.9444444444444446,6,3.4285714285714284,3.2
20,72,3.2,7,4.0588235294117645,4.0588235294117645
20,58,2.3,4,4.555555555555555,2.9285714285714284
22,84,3.6818181818181817,8,4.647058823529412,4.388888888888889
20,43,2.45,4,4.25,2.2666666666666666
20,59,3.4,7,4.666666666666667,3.2941176470588234
28,171,4.071428571428571,8,6.3076923076923075,6.833333333333333
22,42,3.1363636363636362,5,4.75,2.0
25,91,3.88,7,5.176470588235294,4.0
13,20,1.6923076923076923,4,2.5,2.0
13,19,1.6923076923076923,4,2.25,1.8
22,37,2.909090909090909,6,3.0,1.8333333333333333
13,21,1.9230769230769231,4,2.5,1.6666666666666667
23,39,3.347826086956522,6,6.0,1.8
24,57,3.125,5,5.2,2.4761904761904763
19,28,1.263157894736842,2,2.75,2.2
26,47,3.0384615384615383,6,3.5833333333333335,1.9545454545454546
22,39,3.3181818181818183,6,6.0,1.894736842105263
25,87,2.88,5,4.6875,3.5714285714285716
26,75,3.230769230769231,5,5.0,3.0434782608695654
22,40,1.6818181818181819,3,3.3333333333333335,1.8181818181818181
23,36,2.8260869565217392,5,3.2,1.6842105263157894
21,37,3.3333333333333335,6,5.666666666666667,1.8888888888888888
24,83,3.2916666666666665,5,4.533333333333333,3.4
25,42,2.68,4,6.333333333333333,1.8095238095238095
22,38,3.409090909090909,6,5.833333333333333,1.8421052631578947
19,53,3.3157894736842106,7,4.2727272727272725,2.9375
26,47,2.923076923076923,6,3.5833333333333335,1.9545454545454546
23,70,3.5652173913043477,6,5.0,3.25
18,27,1.3888888888888888,3,2.2,1.8333333333333333
27,100,3.925925925925926,7,6.0,3.391304347826087
23,40,3.391304347826087,6,6.166666666666667,1.85
25,58,3.12,5,4.818181818181818,2.409090909090909
26,54,1.9230769230769231,4,4.666666666666667,2.1538461538461537
22,50,1.8181818181818181,3,4.285714285714286,2.3076923076923075
22,38,3.409090909090909,6,5.833333333333333,1.8421052631578947
14,27,2.357142857142857,5,2.5,1.6666666666666667
25,43,2.72,4,6.5,1.8571428571428572
22,38,3.409090909090909,6,5.833333333333333,1.8421052631578947
25,55,3.12,5,4.545454545454546,2.272727272727273
18,27,1.3888888888888888,3,2.5,1.6666666666666667
22,39,3.0,6,3.1818181818181817,1.9444444444444444
21,37,3.3333333333333335,6,5.666666666666667,1.8888888888888888
23,72,3.0869565217391304,5,4.642857142857143,3.25
26,52,2.9615384615384617,6,4.8,2.1818181818181817
21,67,2.619047619047619,5,5.0,3.5294117647058822
23,62,3.0869565217391304,6,4.583333333333333,2.8947368421052633
22,28,1.5909090909090908,3,6.0,1.3333333333333333
21,26,1.5238095238095237,3,5.5,1.375
16,40,2.3125,4,3.5555555555555554,2.4615384615384617
19,59,2.5789473684210527,5,3.4166666666666665,2.5625
22,93,3.6363636363636362,8,4.578947368421052,4.833333333333333
22,76,2.4545454545454546,5,3.4375,3.0555555555555554
20,87,3.7,8,4.555555555555555,4.823529411764706
16,37,2.625,6,3.6666666666666665,2.5384615384615383
18,54,2.8333333333333335,6,3.8461538461538463,3.3333333333333335
25,132,3.8,8,6.2,5.904761904761905
20,58,3.5,7,4.909090909090909,3.176470588235294
28,200,4.071428571428571,8,6.923076923076923,7.5
22,30,2.9545454545454546,5,4.333333333333333,1.4444444444444444
25,82,3.64,7,5.133333333333334,3.6666666666666665
26,47,2.769230769230769,4,7.166666666666667,1.9545454545454546
25,86,3.2,5,4.533333333333333,3.238095238095238
21,33,2.761904761904762,5,2.8,1.6470588235294117
22,60,2.5454545454545454,5,4.0,2.6666666666666665
23,39,3.3043478260869565,6,5.833333333333333,1.8421052631578947
26,59,3.0384615384615383,5,6.0,2.4545454545454546
18,25,1.2777777777777777,2,3.0,1.8
23,41,3.0434782608695654,6,3.272727272727273,1.894736842105263
24,40,3.25,6,6.0,1.8
24,86,2.9166666666666665,5,4.666666666666667,3.5
26,63,3.1538461538461537,5,5.8,2.6363636363636362
22,45,1.7272727272727273,3,4.166666666666667,2.0833333333333335
22,35,2.8181818181818183,5,3.0,1.6666666666666667
23,39,3.3043478260869565,6,5.833333333333333,1.8421052631578947
24,81,3.2916666666666665,5,4.333333333333333,3.25
24,41,2.7083333333333335,4,6.166666666666667,1.85
23,39,3.3043478260869565,6,5.833333333333333,1.8421052631578947
19,55,3.789473684210526,8,4.083333333333333,3.0625
24,41,2.875,6,3.0,1.8
25,70,3.56,6,4.642857142857143,3.0952380952380953
18,26,1.3888888888888888,3,2.5,1.6666666666666667
29,98,4.068965517241379,7,6.2727272727272725,2.76
23,39,3.3043478260869565,6,5.833333333333333,1.8421052631578947
25,57,3.04,5,5.2,2.4761904761904763
26,54,1.9230769230769231,4,5.6,2.1538461538461537
22,53,1.9090909090909092,3,5.666666666666667,2.4285714285714284
23,39,3.3043478260869565,6,5.833333333333333,1.8421052631578947
14,31,3.642857142857143,6,3.3333333333333335,1.6666666666666667
26,52,2.6538461538461537,5,5.333333333333333,2.1818181818181817
24,41,3.2916666666666665,6,6.166666666666667,1.85
25,55,3.04,5,5.555555555555555,2.380952380952381
19,37,2.0526315789473686,4,2.5,2.0
23,41,3.0434782608695654,6,3.272727272727273,1.894736842105263
23,39,3.3043478260869565,6,5.833333333333333,1.8421052631578947
24,82,3.1666666666666665,5,5.357142857142857,3.5714285714285716
25,52,2.92,6,5.333333333333333,2.2857142857142856
21,71,3.0952380952380953,6,4.923076923076923,3.764705882352941
23,71,3.217391304347826,7,3.8666666666666667,3.0526315789473686
22,26,1.5,3,4.5,1.125
22,24,1.3636363636363635,3,3.5,1.0
18,53,2.888888888888889,6,3.230769230769231,2.8
22,93,3.772727272727273,8,4.421052631578948,4.421052631578948
23,112,3.6956521739130435,8,5.2631578947368425,5.2631578947368425
19,61,3.6842105263157894,8,3.7333333333333334,3.5
22,97,3.772727272727273,8,4.7894736842105265,4.7894736842105265
22,75,2.3636363636363638,4,5.4,3.6
25,149,3.76,8,6.318181818181818,6.619047619047619
20,50,2.5,4,4.75,2.533333333333333
22,82,3.3181818181818183,8,4.75,4.222222222222222
27,198,4.0,8,7.16,7.782608695652174
21,30,3.0476190476190474,5,4.333333333333333,1.4444444444444444
25,91,3.08,6,4.352941176470588,3.5238095238095237
25,50,2.68,4,6.571428571428571,2.1904761904761907
25,46,3.32,6,7.4,1.7619047619047619
24,49,2.75,4,6.571428571428571,2.1904761904761907
25,67,2.64,5,4.7,2.764705882352941
23,37,3.3043478260869565,6,5.666666666666667,1.7
26,95,3.3076923076923075,5,5.3125,3.8636363636363638
28,123,3.8214285714285716,7,5.1,4.25
28,53,2.9285714285714284,5,4.083333333333333,2.0416666666666665
25,62,2.24,4,5.0,2.6666666666666665
25,73,3.4,6,4.357142857142857,2.9047619047619047
23,71,3.3043478260869565,6,3.8823529411764706,3.3
24,41,3.375,6,6.333333333333333,1.8095238095238095
25,88,3.44,6,4.75,3.619047619047619
23,81,4.217391304347826,8,3.5294117647058822,3.1578947368421053
25,48,2.8,5,6.285714285714286,2.0952380952380953
22,77,2.909090909090909,6,4.117647058823529,3.888888888888889
12,18,1.5833333333333333,3,2.0,1.6
23,73,3.5217391304347827,6,5.666666666666667,3.4
23,53,2.217391304347826,4,4.571428571428571,2.4615384615384617
19,37,2.263157894736842,4,3.125,1.7857142857142858
21,37,3.3333333333333335,6,5.666666666666667,1.8888888888888888
19,35,1.6842105263157894,3,3.2,1.6
23,66,3.217391304347826,6,3.2666666666666666,2.5789473684210527
26,43,2.6923076923076925,4,6.5,1.7727272727272727
27,75,2.888888888888889,5,4.083333333333333,2.3333333333333335
25,59,2.32,5,4.0,2.4
13,20,1.5384615384615385,3,2.25,1.8
27,89,3.4814814814814814,6,6.384615384615385,3.608695652173913
23,28,1.608695652173913,3,6.5,1.3
21,25,1.5238095238095237,3,5.5,1.375
16,37,1.9375,4,3.625,2.6363636363636362
20,64,2.7,5,3.8461538461538463,2.9411764705882355
21,80,3.4761904761904763,8,4.411764705882353,4.411764705882353
22,79,2.590909090909091,5,3.625,3.2222222222222223
20,83,3.65,8,4.333333333333333,4.588235294117647
16,36,2.6875,6,3.2,2.4615384615384617
18,53,3.3333333333333335,7,3.8461538461538463,3.3333333333333335
25,115,3.76,8,5.5,5.238095238095238
20,57,3.5,7,4.818181818181818,3.1176470588235294
29,180,4.172413793103448,8,6.407407407407407,6.92
21,29,3.0476190476190474,5,4.333333333333333,1.4444444444444444
25,90,3.64,6,5.0588235294117645,3.909090909090909
23,55,2.1739130434782608,4,5.0,2.5
21,58,2.5714285714285716,5,4.444444444444445,2.6666666666666665
28,105,3.4642857142857144,6,7.7,3.2083333333333335
22,39,3.3181818181818183,6,6.0,1.894736842105263
18,26,1.5555555555555556,2,6.0,1.2
26,46,2.730769230769231,4,6.0,1.9090909090909092
18,32,1.7777777777777777,3,2.6666666666666665,1.7777777777777777
20,35,3.35,6,5.333333333333333,1.8823529411764706
24,86,3.4583333333333335,6,4.733333333333333,3.55
24,84,4.125,8,3.611111111111111,3.25
24,69,3.5416666666666665,7,4.2,3.0
21,52,2.5238095238095237,5,3.9,2.7857142857142856
22,38,3.409090909090909,6,5.833333333333333,1.8421052631578947
26,65,1.9230769230769231,4,3.5833333333333335,2.6875
25,43,2.72,4,6.5,1.8571428571428572
27,83,3.2222222222222223,6,4.461538461538462,2.6363636363636362
17,25,1.5294117647058822,3,3.3333333333333335,1.4285714285714286
22,72,3.3181818181818183,6,4.0625,3.4210526315789473
27,97,3.5555555555555554,6,5.071428571428571,3.0869565217391304
23,39,3.3043478260869565,6,5.833333333333333,1.8421052631578947
27,113,3.8518518518518516,7,4.85,4.217391304347826
26,81,3.0,5,4.571428571428571,3.2
18,37,1.8888888888888888,4,3.0,2.1
19,43,1.7894736842105263,3,2.6666666666666665,2.1818181818181817
21,36,3.238095238095238,6,5.333333333333333,1.8823529411764706
27,62,3.037037037037037,5,6.333333333333333,2.4782608695652173
13,20,1.6923076923076923,4,2.25,1.8
13,20,1.6923076923076923,4,2.25,1.8
26,94,3.4615384615384617,7,4.833333333333333,3.9545454545454546
17,26,1.6470588235294117,3,3.6666666666666665,1.375
21,34,2.761904761904762,5,2.9,1.7058823529411764
23,39,3.3043478260869565,6,5.833333333333333,1.8421052631578947
24,83,3.9166666666666665,8,3.7222222222222223,3.35
27,54,3.037037037037037,6,3.769230769230769,2.130434782608696
17,25,1.411764705882353,3,3.0,1.5
23,39,3.3043478260869565,6,5.833333333333333,1.8421052631578947
26,53,2.6538461538461537,5,5.444444444444445,2.227272727272727
16,22,1.4375,2,4.0,1.1428571428571428
22,34,3.0454545454545454,5,5.0,1.5789473684210527
21,66,3.619047619047619,7,4.133333333333334,3.4444444444444446
27,54,3.1481481481481484,6,4.166666666666667,2.1739130434782608
19,32,1.7894736842105263,4,2.5,1.6666666666666667
23,41,3.260869565217391,6,5.0,1.8421052631578947
27,111,3.7777777777777777,7,4.842105263157895,4.0
28,109,3.3214285714285716,6,5.722222222222222,4.291666666666667
22,45,1.6363636363636365,3,5.0,2.272727272727273
24,57,2.9166666666666665,6,3.3125,2.65
25,77,3.32,6,4.076923076923077,2.65
18,51,3.0,6,2.9166666666666665,2.5
24,57,2.875,6,3.7857142857142856,2.65
23,60,2.739130434782609,5,3.7333333333333334,2.9473684210526314
19,33,1.736842105263158,3,4.25,1.7
26,87,3.576923076923077,6,5.636363636363637,2.8181818181818183
23,39,3.3043478260869565,6,5.833333333333333,1.8421052631578947
19,56,3.6315789473684212,8,4.083333333333333,3.0625
24,42,2.875,6,3.1666666666666665,1.9
24,41,3.2916666666666665,6,6.166666666666667,1.85
25,82,3.08,6,5.846153846153846,3.619047619047619
27,79,2.962962962962963,5,5.181818181818182,2.7142857142857144
24,41,3.2916666666666665,6,6.166666666666667,1.85
24,91,3.4583333333333335,6,4.866666666666666,3.65
24,83,4.166666666666667,8,3.7058823529411766,3.15
27,80,3.5185185185185186,7,4.6875,3.260869565217391
24,60,2.7916666666666665,5,4.090909090909091,2.6470588235294117
23,39,3.3043478260869565,6,5.833333333333333,1.8421052631578947
14,26,2.142857142857143,5,3.0,2.142857142857143
24,83,4.166666666666667,8,3.4444444444444446,3.1
25,49,3.04,6,3.5833333333333335,2.0476190476190474
23,39,3.3043478260869565,6,5.833333333333333,1.8421052631578947
15,33,3.7333333333333334,6,3.5,1.6153846153846154
28,111,3.4642857142857144,7,5.421052631578948,4.291666666666667
19,37,1.894736842105263,4,2.5,2.2222222222222223
24,84,3.375,7,4.75,3.619047619047619
23,79,3.652173913043478,7,4.8,3.789473684210526
24,82,3.5833333333333335,7,4.933333333333334,3.5238095238095237
20,37,2.9,6,2.909090909090909,2.0
23,40,3.3043478260869565,6,5.833333333333333,1.8421052631578947
25,95,3.08,6,4.588235294117647,3.7142857142857144
25,45,3.04,6,3.3333333333333335,1.9047619047619047
29,98,4.0344827586206895,7,6.2727272727272725,2.76
21,31,3.0952380952380953,5,4.0,1.5555555555555556
27,124,3.8518518518518516,7,5.0476190476190474,4.608695652173913
26,69,2.576923076923077,5,4.4,2.4444444444444446
23,41,3.3043478260869565,6,4.5,1.894736842105263
26,62,3.1538461538461537,5,5.181818181818182,2.590909090909091
19,58,2.210526315789474,5,4.1,3.727272727272727
18,49,2.111111111111111,4,3.6666666666666665,3.3
21,41,3.1904761904761907,6,5.166666666666667,1.8235294117647058
17,34,2.3529411764705883,5,2.4,2.1818181818181817
22,42,3.409090909090909,6,4.875,2.0526315789473686
26,75,2.8846153846153846,5,4.375,3.0434782608695654
25,49,2.88,5,5.75,2.090909090909091
22,69,3.1363636363636362,7,3.9375,3.3157894736842106
26,45,3.3461538461538463,6,7.0,1.826086956521739
18,50,3.0555555555555554,6,3.8181818181818183,2.8
27,46,2.888888888888889,5,4.2,1.826086956521739
23,40,3.3043478260869565,6,6.166666666666667,1.85
22,73,3.3181818181818183,6,3.0526315789473686,3.2222222222222223
28,47,2.892857142857143,5,3.909090909090909,1.7916666666666667
23,76,3.0869565217391304,6,3.764705882352941,3.3684210526315788
22,32,2.772727272727273,5,2.8,1.5555555555555556
23,73,3.130434782608696,6,4.142857142857143,3.0526315789473686
20,49,2.05,3,5.571428571428571,2.6
22,34,2.772727272727273,5,3.0,1.6666666666666667
17,28,1.411764705882353,2,2.4,1.7142857142857142
27,111,4.037037037037037,8,6.125,4.260869565217392
22,46,2.0454545454545454,4,3.7142857142857144,1.7333333333333334
28,93,3.642857142857143,6,6.5,3.25
23,43,3.130434782608696,5,5.714285714285714,2.0
27,124,3.888888888888889,7,5.888888888888889,4.608695652173913
24,42,3.4166666666666665,6,6.5,1.8571428571428572
25,71,2.44,5,3.7857142857142856,2.789473684210526
25,65,2.52,4,6.1,2.772727272727273
22,49,1.8181818181818181,3,4.833333333333333,2.230769230769231
23,40,3.391304347826087,6,6.166666666666667,1.85
23,64,2.9565217391304346,5,4.083333333333333,2.5789473684210527
27,53,2.5555555555555554,4,6.125,2.130434782608696
23,62,3.0434782608695654,5,4.083333333333333,2.7222222222222223
22,39,3.3181818181818183,6,6.0,1.894736842105263
21,65,3.6666666666666665,7,4.230769230769231,3.0555555555555554
27,76,3.074074074074074,5,5.538461538461538,3.0
21,40,1.7619047619047619,3,3.5,1.75
21,37,3.3333333333333335,6,5.666666666666667,1.8888888888888888
23,72,3.0434782608695654,5,4.642857142857143,3.25
25,51,2.92,6,5.222222222222222,2.238095238095238
21,72,2.619047619047619,5,4.846153846153846,3.7058823529411766
23,40,3.391304347826087,6,6.166666666666667,1.85
25,88,3.08,6,4.375,3.3333333333333335
25,71,3.24,5,4.714285714285714,3.0
18,26,1.3888888888888888,3,2.5,1.6666666666666667
23,39,3.347826086956522,6,6.0,1.8
25,82,3.04,5,5.571428571428571,3.5454545454545454
27,76,2.7777777777777777,5,4.545454545454546,2.6315789473684212
22,38,3.409090909090909,6,5.833333333333333,1.8421052631578947
24,85,3.375,6,4.6,3.45
25,43,2.72,4,6.5,1.8571428571428572
23,40,3.391304347826087,6,6.166666666666667,1.85
24,80,3.2916666666666665,5,4.571428571428571,3.2
23,71,3.9565217391304346,8,3.5,2.5789473684210527
26,44,2.8461538461538463,5,3.3333333333333335,1.8181818181818181
21,37,3.3333333333333335,6,5.666666666666667,1.8888888888888888
24,82,3.2916666666666665,5,4.466666666666667,3.35
26,81,2.923076923076923,5,5.428571428571429,3.4545454545454546
25,80,3.24,6,3.933333333333333,2.8095238095238093
22,36,2.8181818181818183,5,3.2,1.7777777777777777
27,83,3.4814814814814814,6,5.6923076923076925,3.217391304347826
22,28,1.5909090909090908,3,6.0,1.3333333333333333
17,43,2.0,4,4.0,2.6666666666666665
24,43,2.6666666666666665,4,5.571428571428571,1.95
28,90,3.4642857142857144,6,5.636363636363637,2.5833333333333335
22,39,3.3181818181818183,6,5.5,1.8333333333333333
22,72,3.909090909090909,8,3.625,3.2222222222222223
23,43,2.782608695652174,5,5.571428571428571,2.0526315789473686
18,29,1.5555555555555556,2,8.0,1.6
21,36,3.4285714285714284,6,5.5,1.8333333333333333
25,86,2.96,5,4.0,3.238095238095238
24,37,2.9166666666666665,6,2.75,1.65
22,37,3.3181818181818183,6,5.5,1.8333333333333333
25,48,2.6,4,5.5,2.0952380952380953
25,85,3.0,6,4.166666666666667,3.409090909090909
23,38,2.8260869565217392,5,3.3,1.736842105263158
18,28,1.6111111111111112,3,3.0,1.5
23,39,3.3043478260869565,6,5.833333333333333,1.8421052631578947
24,36,2.75,4,3.875,1.55
26,88,3.1153846153846154,6,4.705882352941177,3.4782608695652173
23,42,3.0434782608695654,6,3.3636363636363638,1.9473684210526316
18,27,1.5,3,2.75,1.5714285714285714
22,76,3.409090909090909,6,3.8333333333333335,3.6315789473684212
23,39,3.3043478260869565,6,5.833333333333333,1.8421052631578947
19,45,1.736842105263158,3,6.0,3.0
25,38,2.8,4,4.125,1.5714285714285714
25,59,2.2,5,4.25,2.2666666666666666
24,61,2.4583333333333335,5,4.222222222222222,2.375
21,35,3.0476190476190474,6,2.8181818181818183,1.8235294117647058
19,33,1.4210526315789473,2,2.8,1.75
22,38,3.227272727272727,6,5.666666666666667,1.8888888888888888
24,81,3.7916666666666665,7,3.4705882352941178,2.95
23,39,2.739130434782609,5,5.833333333333333,1.8421052631578947
24,77,2.7916666666666665,5,4.5,3.0
20,33,2.9,6,2.8,1.75
26,80,3.5384615384615383,6,5.4,2.4545454545454546
21,30,3.0476190476190474,5,3.857142857142857,1.5
19,37,1.7894736842105263,4,3.5714285714285716,2.272727272727273
23,56,2.782608695652174,5,4.7272727272727275,2.736842105263158
17,30,1.8235294117647058,3,3.0,1.6666666666666667
24,45,3.2916666666666665,6,5.142857142857143,1.8
23,77,3.130434782608696,5,4.928571428571429,3.45
26,52,3.0,6,6.0,2.1818181818181817
21,72,3.0952380952380953,6,5.0,3.823529411764706
25,44,3.2,6,5.285714285714286,1.7619047619047619
15,41,4.066666666666666,7,3.4444444444444446,2.3846153846153846
23,79,3.782608695652174,8,3.3333333333333335,3.3333333333333335
25,74,3.44,7,4.3125,3.2857142857142856
18,32,1.5555555555555556,4,2.6666666666666665,2.2857142857142856
18,32,1.7222222222222223,4,2.6666666666666665,2.0
23,40,3.3043478260869565,6,5.833333333333333,1.8421052631578947
23,76,3.8260869565217392,7,3.5294117647058822,3.1578947368421053
24,46,2.875,5,5.714285714285714,2.0
19,34,1.7894736842105263,4,4.75,1.5833333333333333
23,40,3.3043478260869565,6,5.833333333333333,1.8421052631578947
26,107,3.730769230769231,7,4.619047619047619,4.409090909090909
28,115,3.3214285714285716,6,5.684210526315789,4.5
25,67,2.64,5,4.8,2.823529411764706
19,54,3.0,6,2.642857142857143,2.466666666666667
24,45,2.7083333333333335,4,5.857142857142857,2.05
23,89,3.391304347826087,7,4.823529411764706,4.315789473684211
22,63,3.3636363636363638,6,4.083333333333333,2.7222222222222223
21,36,3.380952380952381,6,4.571428571428571,1.8823529411764706
24,92,3.0416666666666665,5,4.6875,3.75
26,107,3.576923076923077,7,4.619047619047619,4.409090909090909
23,40,3.3043478260869565,6,5.142857142857143,1.894736842105263
21,44,2.0952380952380953,4,4.0,1.8461538461538463
29,125,3.6551724137931036,7,6.555555555555555,4.72
13,26,2.230769230769231,5,3.0,2.142857142857143
26,83,3.4615384615384617,6,3.7777777777777777,3.090909090909091
24,44,2.7083333333333335,4,6.333333333333333,1.9
31,153,4.290322580645161,8,6.434782608695652,5.481481481481482
27,75,3.037037037037037,5,5.142857142857143,3.0
18,42,1.8333333333333333,4,3.857142857142857,3.0
17,37,1.9411764705882353,4,3.2857142857142856,2.5555555555555554
22,38,3.3181818181818183,6,5.833333333333333,1.8421052631578947
19,40,2.1052631578947367,4,3.8333333333333335,2.090909090909091
26,50,2.6923076923076925,4,6.571428571428571,2.090909090909091
25,91,3.48,7,4.222222222222222,3.619047619047619
19,31,1.631578947368421,3,5.666666666666667,1.5454545454545454
26,51,2.769230769230769,4,6.714285714285714,2.1363636363636362
23,79,2.9565217391304346,6,4.5,3.789473684210526
22,54,2.5,5,3.4,2.4285714285714284
18,34,2.2777777777777777,4,3.2857142857142856,1.7692307692307692
23,40,3.3043478260869565,6,6.166666666666667,1.85
25,91,3.44,6,5.133333333333334,3.6666666666666665
24,87,4.25,8,3.473684210526316,3.3
26,65,2.8846153846153846,5,4.428571428571429,2.6956521739130435
12,20,1.6666666666666667,4,2.0,2.0
24,41,3.375,6,6.333333333333333,1.8095238095238095
15,29,2.533333333333333,5,2.4285714285714284,1.7
27,88,3.3703703703703702,6,4.533333333333333,2.9565217391304346
20,33,1.4,3,2.5,2.142857142857143
27,76,3.0,5,5.538461538461538,3.0
16,22,1.4375,2,4.0,1.1428571428571428
21,34,2.761904761904762,5,3.0,1.7647058823529411
31,202,4.451612903225806,8,8.125,7.222222222222222
21,41,3.238095238095238,5,4.875,2.0526315789473686
28,97,3.7857142857142856,6,7.0,3.7916666666666665
26,113,3.6923076923076925,7,5.4,4.909090909090909
25,69,2.92,5,5.0,2.9545454545454546
12,19,1.75,4,2.5,2.0
23,40,3.391304347826087,6,6.166666666666667,1.85
26,77,2.5,5,3.411764705882353,3.0526315789473686
28,44,2.857142857142857,4,5.0,1.6666666666666667
26,50,2.9615384615384617,6,3.8333333333333335,2.090909090909091
21,44,1.8571428571428572,3,4.166666666666667,1.9230769230769231
13,21,1.6153846153846154,4,2.0,2.0
24,41,3.2916666666666665,6,6.166666666666667,1.85
25,87,3.08,6,4.375,3.3333333333333335
29,102,3.3793103448275863,7,5.052631578947368,3.84
13,19,1.6153846153846154,4,2.0,1.6
26,75,3.1923076923076925,5,4.142857142857143,2.761904761904762
22,37,3.409090909090909,6,5.666666666666667,1.7894736842105263
27,105,3.7037037037037037,7,5.4375,3.782608695652174
29,95,3.2758620689655173,6,5.294117647058823,3.6
25,54,2.0,4,4.142857142857143,2.230769230769231
21,35,3.4285714285714284,6,5.333333333333333,1.7777777777777777
24,85,3.4166666666666665,6,4.6,3.45
24,81,4.166666666666667,8,3.588235294117647,3.05
25,47,3.04,6,3.5833333333333335,2.0476190476190474
22,38,3.409090909090909,6,5.833333333333333,1.8421052631578947
20,32,1.55,3,5.333333333333333,1.6
21,39,1.4761904761904763,2,2.4444444444444446,2.2
25,65,2.84,5,5.083333333333333,2.772727272727273
18,46,2.7222222222222223,6,3.7,2.466666666666667
23,38,2.8260869565217392,5,3.4,1.7894736842105263
26,95,3.4615384615384617,6,6.0,3.272727272727273
21,36,3.2857142857142856,6,5.5,1.8333333333333333
26,58,3.0384615384615383,5,5.888888888888889,2.409090909090909
26,55,1.9230769230769231,4,4.833333333333333,2.230769230769231
22,50,1.8636363636363635,3,4.833333333333333,2.230769230769231
23,39,3.3043478260869565,6,5.833333333333333,1.8421052631578947
23,76,4.086956521739131,8,3.6470588235294117,3.263157894736842
28,53,3.0714285714285716,6,4.083333333333333,2.0416666666666665
23,39,3.3043478260869565,6,5.833333333333333,1.8421052631578947
30,57,2.7333333333333334,5,6.625,2.0384615384615383
16,20,1.4375,2,4.0,1.1428571428571428
21,36,3.4285714285714284,6,5.5,1.8333333333333333
19,55,3.4210526315789473,7,4.363636363636363,3.0
26,47,2.769230769230769,4,6.142857142857143,1.9545454545454546
24,64,2.4583333333333335,5,4.5,3.0
18,43,2.2777777777777777,4,3.7142857142857144,2.3636363636363638
23,35,3.0,5,5.166666666666667,1.631578947368421
25,100,3.8,7,5.529411764705882,4.476190476190476
21,68,4.0,8,3.125,2.9411764705882355
25,75,3.44,7,4.3125,3.2857142857142856
22,58,2.772727272727273,5,4.090909090909091,2.8125
23,39,3.3043478260869565,6,5.833333333333333,1.8421052631578947
20,32,1.6,3,3.0,1.3333333333333333
27,65,3.1481481481481484,5,5.454545454545454,2.608695652173913
24,51,2.0,4,5.4,2.076923076923077
23,39,3.3043478260869565,6,5.833333333333333,1.8421052631578947
26,59,3.0384615384615383,5,6.0,2.4545454545454546
13,21,1.6923076923076923,4,2.5,2.0
13,21,1.6923076923076923,4,2.5,2.0
26,93,3.423076923076923,6,5.375,3.909090909090909
18,25,1.2777777777777777,2,3.0,1.8
21,38,2.8095238095238093,5,3.3,1.9411764705882353
23,38,3.3043478260869565,6,5.666666666666667,1.7894736842105263
24,81,2.875,5,4.266666666666667,3.2
25,92,3.56,7,4.368421052631579,3.772727272727273
23,39,3.3043478260869565,6,5.833333333333333,1.8421052631578947
26,65,2.3846153846153846,5,3.2142857142857144,2.5
26,64,3.1538461538461537,5,5.9,2.6818181818181817
25,87,3.36,6,5.0,3.8095238095238093
19,34,1.5263157894736843,2,9.0,1.8
17,37,2.0588235294117645,4,2.5,2.0
22,60,3.3636363636363638,6,3.6923076923076925,2.6666666666666665
21,38,2.8095238095238093,5,3.3,1.9411764705882353
18,29,1.6111111111111112,3,3.0,1.5
24,39,3.25,6,5.833333333333333,1.75
20,38,1.6,3,4.2,1.9090909090909092
21,58,3.0952380952380953,6,2.9285714285714284,2.5625
24,42,2.7916666666666665,4,4.111111111111111,1.85
24,68,3.3333333333333335,6,4.2,3.15
22,60,3.0454545454545454,5,3.6666666666666665,2.588235294117647
21,37,2.8095238095238093,5,3.1,1.8235294117647058
13,17,1.3846153846153846,3,1.5,1.5
23,60,3.347826086956522,6,3.2,2.526315789473684
23,38,3.3043478260869565,6,5.666666666666667,1.7894736842105263
25,97,2.64,5,4.157894736842105,3.761904761904762
26,49,2.769230769230769,4,6.285714285714286,2.0
30,120,3.8666666666666667,7,4.55,3.5
22,45,3.0,6,2.923076923076923,2.111111111111111
18,28,1.6111111111111112,3,3.0,1.5
23,36,3.0869565217391304,5,3.875,1.631578947368421
22,57,2.409090909090909,5,5.0,2.6666666666666665
21,71,3.8095238095238093,8,3.6666666666666665,3.235294117647059
28,92,3.642857142857143,7,5.117647058823529,3.625
18,35,1.8888888888888888,4,3.1666666666666665,2.111111111111111
19,39,1.894736842105263,4,2.75,2.2
23,43,3.260869565217391,6,4.5,1.894736842105263
23,77,4.130434782608695,8,3.4210526315789473,3.4210526315789473
29,88,3.6551724137931036,7,5.928571428571429,3.32
27,104,3.740740740740741,7,5.052631578947368,4.0
21,35,2.9047619047619047,6,2.727272727272727,1.7647058823529411
22,39,3.272727272727273,6,4.714285714285714,1.8333333333333333
25,97,2.88,5,4.705882352941177,3.8095238095238093
24,49,2.75,4,6.571428571428571,2.1904761904761907
25,67,2.64,5,4.7,2.764705882352941
20,41,2.3,4,5.6,2.3333333333333335
23,49,2.9565217391304346,5,4.6,2.3
23,39,3.260869565217391,6,6.0,1.8
25,91,3.4,6,5.4,3.857142857142857
23,83,4.217391304347826,8,3.7058823529411766,3.3157894736842106
27,81,3.4074074074074074,6,5.571428571428571,3.25
23,57,2.3043478260869565,4,4.625,2.642857142857143
23,40,3.3043478260869565,6,6.166666666666667,1.85
24,68,3.0416666666666665,5,3.857142857142857,2.7
27,48,2.888888888888889,5,4.0,1.9130434782608696
26,89,3.0384615384615383,6,5.4,3.5217391304347827
22,36,2.8181818181818183,5,3.2,1.7777777777777777
18,30,1.6111111111111112,3,2.8,1.75
27,95,3.5555555555555554,6,6.0,3.652173913043478
24,41,3.375,6,6.333333333333333,1.8095238095238095
21,36,1.7619047619047619,3,4.25,1.1333333333333333
28,55,2.8214285714285716,4,6.375,2.125
17,31,1.7058823529411764,3,2.6666666666666665,2.0
24,41,3.375,6,6.333333333333333,1.8095238095238095
24,65,2.9583333333333335,5,3.8461538461538463,2.5
27,46,2.888888888888889,5,4.666666666666667,1.826086956521739
24,76,2.9166666666666665,6,4.533333333333333,3.238095238095238
20,38,2.95,5,3.5,2.0588235294117645
18,30,1.6111111111111112,3,2.8,1.75
22,38,3.409090909090909,6,5.833333333333333,1.8421052631578947
25,90,3.44,6,4.866666666666666,3.4761904761904763
26,45,2.6923076923076925,4,6.833333333333333,1.8636363636363635
26,50,2.730769230769231,4,5.75,2.090909090909091
24,41,3.375,6,6.333333333333333,1.8095238095238095
27,66,2.5185185185185186,6,3.3076923076923075,2.388888888888889
24,66,3.1666666666666665,5,5.083333333333333,2.9047619047619047
23,62,3.0434782608695654,5,4.181818181818182,2.5555555555555554
22,36,2.8181818181818183,5,3.2,1.7777777777777777
25,76,3.4,7,5.833333333333333,3.3333333333333335
23,28,1.5217391304347827,3,6.0,1.3333333333333333
21,25,1.4761904761904763,3,5.0,1.25
18,52,2.4444444444444446,5,3.0,2.6
20,80,3.25,6,4.933333333333334,4.352941176470588
16,39,2.625,6,3.090909090909091,2.6153846153846154
19,62,3.3684210526315788,7,4.3076923076923075,3.5
20,47,2.85,5,4.111111111111111,2.176470588235294
22,90,3.3636363636363638,7,5.6,4.666666666666667
23,97,3.608695652173913,8,5.352941176470588,4.7894736842105265
20,57,3.5,7,4.818181818181818,3.1176470588235294
26,157,3.8846153846153846,8,6.208333333333333,6.7727272727272725
22,30,3.0,5,4.5,1.4210526315789473
27,101,4.0,7,5.105263157894737,4.041666666666667
27,81,3.4444444444444446,6,4.25,2.9565217391304346
24,41,3.3333333333333335,6,6.333333333333333,1.8095238095238095
27,64,2.925925925925926,6,3.0,2.3684210526315788
24,65,3.1666666666666665,5,4.916666666666667,2.8095238095238093
13,20,1.6923076923076923,4,2.25,1.8
22,57,3.0,5,3.6153846153846154,2.764705882352941
27,97,3.5555555555555554,6,6.545454545454546,3.130434782608696
23,39,3.3043478260869565,6,5.833333333333333,1.8421052631578947
24,81,3.375,6,4.785714285714286,3.35
24,80,4.125,8,3.8125,3.05
23,43,2.782608695652174,5,5.428571428571429,2.0
24,80,3.4583333333333335,7,4.866666666666666,3.65
19,32,1.4736842105263157,2,8.0,1.7777777777777777
18,47,2.6666666666666665,5,2.727272727272727,2.3076923076923075
21,36,3.4285714285714284,6,5.5,1.8333333333333333
26,56,2.269230769230769,5,3.0,2.25
24,42,2.7083333333333335,5,5.428571428571429,1.9
22,55,2.1818181818181817,4,4.714285714285714,2.5384615384615383
19,31,1.4736842105263157,2,7.5,1.6666666666666667
26,91,3.4615384615384617,6,5.3076923076923075,3.1363636363636362
23,39,3.3043478260869565,6,5.833333333333333,1.8421052631578947
25,46,2.68,4,6.0,2.0
28,117,3.607142857142857,7,5.238095238095238,4.583333333333333
18,29,1.6111111111111112,3,3.25,1.625
23,39,3.3043478260869565,6,5.833333333333333,1.8421052631578947
16,35,2.375,4,3.1,2.3846153846153846
25,71,3.16,5,5.416666666666667,3.0952380952380953
18,27,1.5,3,2.75,1.5714285714285714
17,25,1.411764705882353,3,3.0,1.5
22,66,2.8636363636363638,5,4.615384615384615,3.3333333333333335
22,57,2.4545454545454546,5,4.0,2.4
20,32,1.5,2,7.0,1.4
22,38,3.3181818181818183,6,5.5,1.8333333333333333
23,65,3.0,5,4.363636363636363,2.526315789473684
24,43,2.8333333333333335,5,5.571428571428571,1.95
23,60,2.739130434782609,5,3.4166666666666665,2.5625
22,37,2.8181818181818183,5,3.2,1.7777777777777777
13,17,1.3846153846153846,3,2.0,1.5
23,39,3.3043478260869565,6,5.833333333333333,1.8421052631578947
26,59,3.0384615384615383,5,6.0,2.4545454545454546
19,35,1.5263157894736843,2,9.5,1.9
18,26,1.3888888888888888,3,2.5,1.6666666666666667
21,33,2.761904761904762,5,2.8,1.6470588235294117
21,37,2.8095238095238093,5,3.1,1.8235294117647058
30,193,4.266666666666667,8,7.434782608695652,6.576923076923077
22,31,2.9545454545454546,5,3.857142857142857,1.5
26,101,3.8461538461538463,6,5.333333333333333,4.173913043478261
25,57,2.04,4,5.333333333333333,2.2857142857142856
22,53,1.9545454545454546,3,5.666666666666667,2.4285714285714284
24,41,3.2916666666666665,6,6.166666666666667,1.85
24,90,3.5,6,5.066666666666666,3.8
27,95,3.037037037037037,5,5.5625,3.869565217391304
25,89,3.24,6,3.9444444444444446,3.380952380952381
23,38,2.8260869565217392,5,3.3,1.736842105263158
23,39,3.3043478260869565,6,5.833333333333333,1.8421052631578947
25,80,3.08,6,5.214285714285714,3.4761904761904763
26,84,3.1538461538461537,6,3.75,2.857142857142857
23,39,3.3043478260869565,6,5.833333333333333,1.8421052631578947
23,75,3.0869565217391304,5,5.666666666666667,3.5789473684210527
13,22,1.6923076923076923,4,2.75,2.2
29,90,3.3793103448275863,5,6.777777777777778,2.44
24,41,3.2916666666666665,6,6.166666666666667,1.85
26,96,3.730769230769231,7,4.35,3.9545454545454546
22,67,3.8636363636363638,8,3.7857142857142856,2.9444444444444446
28,56,3.0714285714285716,6,4.25,2.125
24,63,2.3333333333333335,4,5.571428571428571,2.6
23,40,3.3043478260869565,6,5.142857142857143,1.894736842105263
24,90,3.9166666666666665,7,4.352941176470588,3.7
26,70,3.1538461538461537,5,5.416666666666667,2.9545454545454546
19,36,1.5263157894736843,2,10.0,2.0
23,72,3.0,5,5.583333333333333,3.526315789473684
22,53,2.1363636363636362,4,4.428571428571429,2.5833333333333335
20,40,1.7,3,5.75,1.9166666666666667
22,41,3.272727272727273,6,4.857142857142857,1.8888888888888888
27,122,3.740740740740741,7,5.238095238095238,4.782608695652174
28,83,3.3214285714285716,6,5.133333333333334,3.2083333333333335
16,32,1.875,4,3.0,2.25
21,38,3.380952380952381,6,4.571428571428571,1.8823529411764706
26,88,3.4615384615384617,6,5.0625,3.6818181818181817
26,88,3.230769230769231,6,4.2,3.652173913043478
15,26,1.8,4,2.8,2.3333333333333335
22,76,3.5454545454545454,7,3.5,3.111111111111111
26,90,3.3846153846153846,6,5.533333333333333,3.772727272727273
20,36,3.25,5,4.857142857142857,1.8888888888888888
26,95,4.0,7,5.75,4.0
24,55,2.2083333333333335,4,4.5,2.4
22,44,2.0,3,5.2,1.8571428571428572
24,41,3.375,6,6.333333333333333,1.8095238095238095
26,91,3.3076923076923075,5,4.764705882352941,3.6818181818181817
24,88,4.25,8,3.888888888888889,3.5
26,48,3.0384615384615383,6,4.0,2.0
23,56,2.217391304347826,4,4.625,2.642857142857143
23,40,3.3043478260869565,6,6.166666666666667,1.85
19,31,1.5789473684210527,3,4.0,1.6
28,113,3.392857142857143,7,5.35,4.458333333333333
18,30,1.4444444444444444,3,2.3333333333333335,2.3333333333333335
13,20,1.6923076923076923,4,2.25,1.8
26,92,3.269230769230769,6,5.0588235294117645,3.909090909090909
21,43,2.9047619047619047,5,4.444444444444445,2.2222222222222223
24,41,3.3333333333333335,6,6.333333333333333,1.8095238095238095
24,82,2.8333333333333335,5,4.466666666666667,3.35
26,48,2.9615384615384617,6,3.6666666666666665,2.0
22,39,3.3181818181818183,6,6.0,1.894736842105263
24,53,3.125,5,4.9,2.3333333333333335
14,21,1.6428571428571428,4,2.25,1.8
23,40,3.391304347826087,6,6.166666666666667,1.85
23,70,3.0434782608695654,5,4.571428571428571,3.2
24,50,2.6666666666666665,5,4.6,2.3
21,69,3.0952380952380953,6,4.769230769230769,3.6470588235294117
24,41,3.375,6,6.333333333333333,1.8095238095238095
27,82,2.5555555555555554,5,3.6470588235294117,2.9523809523809526
23,49,1.6956521739130435,3,2.5833333333333335,2.5833333333333335
25,70,3.16,5,4.714285714285714,3.0
29,95,3.1724137931034484,6,4.714285714285714,2.869565217391304
23,39,3.391304347826087,6,6.0,1.8
23,70,3.0434782608695654,5,4.5,3.15
25,53,2.92,6,5.444444444444445,2.3333333333333335
21,65,2.619047619047619,5,4.461538461538462,3.411764705882353
17,28,1.6470588235294117,3,2.6,1.625
22,38,3.409090909090909,6,5.833333333333333,1.8421052631578947
20,65,3.9,8,4.142857142857143,3.411764705882353
26,46,2.769230769230769,4,6.0,1.9090909090909092
28,89,3.107142857142857,6,4.6923076923076925,2.772727272727273
25,74,3.36,6,5.416666666666667,3.0952380952380953
21,32,1.6666666666666667,3,4.5,2.0
24,82,2.9166666666666665,6,4.1875,3.1904761904761907
22,42,2.5454545454545454,5,4.75,2.111111111111111
21,69,3.0952380952380953,6,4.769230769230769,3.6470588235294117
22,41,3.3636363636363638,6,4.857142857142857,1.7894736842105263
26,61,3.230769230769231,5,4.666666666666667,2.4347826086956523
18,27,1.3888888888888888,3,2.2,1.8333333333333333
23,37,3.0,6,3.0,1.736842105263158
22,38,3.409090909090909,6,5.833333333333333,1.8421052631578947
26,108,3.6923076923076925,7,5.411764705882353,4.181818181818182
27,49,2.888888888888889,5,3.75,1.9565217391304348
18,28,1.2777777777777777,2,3.0,2.4
23,41,1.826086956521739,3,4.5,1.5
22,50,2.6363636363636362,5,4.6,2.5555555555555554
22,60,3.1818181818181817,6,4.181818181818182,2.5555555555555554
21,34,2.8095238095238093,5,3.0,1.7647058823529411
23,39,3.3043478260869565,6,5.833333333333333,1.8421052631578947
26,58,3.0384615384615383,5,6.625,2.409090909090909
19,35,1.631578947368421,3,2.6666666666666665,1.7777777777777777
19,36,1.4736842105263157,3,2.4285714285714284,2.125
26,76,3.4615384615384617,6,5.833333333333333,3.1818181818181817
22,26,1.4545454545454546,3,5.0,1.25
21,25,1.4285714285714286,3,4.5,1.125
15,36,2.466666666666667,6,3.0,2.5
19,57,2.473684210526316,5,3.076923076923077,2.5
22,94,3.6363636363636362,8,4.631578947368421,4.888888888888889
22,77,2.772727272727273,6,3.7333333333333334,3.111111111111111
20,86,3.4,7,4.5,4.764705882352941
16,37,2.625,6,3.3,2.5384615384615383
18,55,3.0,7,3.642857142857143,3.4
25,134,3.8,8,6.1,5.809523809523809
21,68,3.4761904761904763,7,5.083333333333333,3.388888888888889
29,198,4.172413793103448,8,6.7407407407407405,7.28
21,29,3.0476190476190474,5,4.333333333333333,1.4444444444444444
21,45,2.5714285714285716,5,4.833333333333333,1.9333333333333333
22,66,3.090909090909091,7,3.6153846153846154,2.9375
22,37,3.0,6,3.2,1.7777777777777777
23,39,3.3043478260869565,6,5.833333333333333,1.8421052631578947
23,79,4.043478260869565,8,3.6666666666666665,3.473684210526316
26,72,3.5,7,5.076923076923077,3.0
23,58,2.5217391304347827,5,4.5,3.0
19,53,2.6315789473684212,6,3.0,2.769230769230769
23,39,3.3043478260869565,6,5.833333333333333,1.8421052631578947
19,32,1.5789473684210527,3,4.25,1.7
22,48,1.8181818181818181,4,2.5,2.5
26,47,2.8461538461538463,4,4.2,1.9090909090909092
24,79,2.9166666666666665,6,4.733333333333333,3.380952380952381
22,37,3.0,6,2.909090909090909,1.7777777777777777
22,60,2.5454545454545454,5,4.1,2.7333333333333334
24,65,3.4166666666666665,6,4.0,2.6
21,31,2.761904761904762,5,2.7,1.588235294117647
20,39,1.9,3,3.4285714285714284,1.8461538461538463
23,39,3.3043478260869565,6,5.833333333333333,1.8421052631578947
24,87,2.9166666666666665,5,4.666666666666667,3.5
25,45,2.88,6,3.076923076923077,1.9047619047619047
26,86,3.3846153846153846,6,5.3076923076923075,3.1363636363636362
24,36,1.9583333333333333,4,6.0,1.5
22,68,3.1363636363636362,6,4.2,3.3157894736842106
28,53,3.0714285714285716,6,4.0,2.0
18,40,2.1666666666666665,4,3.0,2.4
25,46,3.04,6,3.4166666666666665,1.9523809523809523
27,94,3.5185185185185186,6,6.090909090909091,2.9130434782608696
23,41,3.3043478260869565,6,5.833333333333333,1.8421052631578947
21,53,2.8095238095238093,5,6.0,2.1176470588235294
28,102,3.107142857142857,5,5.705882352941177,4.041666666666667
19,36,1.5263157894736843,2,10.0,2.0
25,64,2.36,5,4.875,2.6
23,70,3.5652173913043477,6,5.416666666666667,3.4210526315789473
22,55,2.6818181818181817,5,3.923076923076923,2.8333333333333335
16,29,1.875,3,3.2,1.7777777777777777
22,37,3.272727272727273,6,5.166666666666667,1.7222222222222223
26,114,3.8461538461538463,7,5.888888888888889,4.818181818181818
25,88,3.56,6,3.7777777777777777,3.238095238095238
25,70,3.08,5,4.642857142857143,3.0952380952380953
25,58,2.04,4,4.714285714285714,2.5384615384615383
24,75,3.6666666666666665,6,5.75,3.45
21,52,2.5714285714285716,5,4.0,2.823529411764706
26,89,3.4615384615384617,6,4.5,3.272727272727273
20,26,1.4,3,3.5,1.1666666666666667
26,141,3.8461538461538463,7,6.45,5.863636363636363
21,63,3.619047619047619,7,3.5,2.8823529411764706
25,80,3.64,6,4.866666666666666,3.4761904761904763
12,21,1.75,4,3.0,2.4
25,66,3.44,6,4.846153846153846,2.8636363636363638
26,65,2.3076923076923075,4,5.625,3.0
18,28,1.6666666666666667,3,3.25,1.3
22,48,2.9545454545454546,5,5.0,2.3684210526315788
22,37,3.272727272727273,6,5.666666666666667,1.7894736842105263
27,89,2.6666666666666665,5,3.9444444444444446,3.0869565217391304
23,69,3.217391304347826,6,3.0,2.6666666666666665
26,54,2.730769230769231,4,6.25,2.272727272727273
27,73,2.7777777777777777,5,4.7,2.35
12,19,1.6666666666666667,4,2.25,1.8
24,68,3.2083333333333335,5,5.0,3.0952380952380953
23,53,2.0869565217391304,4,4.125,2.75
22,36,2.8181818181818183,5,3.2,1.7777777777777777
13,19,1.3846153846153846,3,2.0,2.0
13,17,1.3846153846153846,3,1.5,1.5
24,41,3.375,6,6.333333333333333,1.8095238095238095
20,32,1.6,3,4.0,1.4545454545454546
24,48,2.625,4,6.285714285714286,2.2
13,21,1.6153846153846154,4,2.5,2.0
13,20,1.6153846153846154,4,2.25,1.8
23,37,2.8260869565217392,5,3.3,1.736842105263158
13,19,1.5384615384615385,3,2.0,1.6
13,19,1.5384615384615385,3,2.0,1.6
23,37,2.9130434782608696,6,3.0,1.736842105263158
13,17,1.3846153846153846,3,1.5,1.5
23,39,3.391304347826087,6,6.0,1.8
25,87,3.44,6,4.866666666666666,3.4761904761904763
26,95,4.153846153846154,8,4.176470588235294,3.227272727272727
28,56,3.107142857142857,6,4.333333333333333,2.1666666666666665
24,72,3.0,5,5.1,2.6842105263157894
23,62,3.0434782608695654,5,6.875,2.8947368421052633
23,31,2.0869565217391304,4,6.0,1.2
21,26,1.7142857142857142,3,6.5,1.3
25,84,3.72,6,4.705882352941177,3.6363636363636362
19,56,2.6842105263157894,5,4.875,2.6
22,87,3.5454545454545454,8,4.555555555555555,4.555555555555555
20,62,3.45,7,4.071428571428571,3.3529411764705883
20,47,2.85,5,4.5,2.1176470588235294
23,97,3.608695652173913,8,5.352941176470588,4.7894736842105265
20,57,3.5,7,4.818181818181818,3.1176470588235294
28,181,4.107142857142857,8,6.6923076923076925,7.25
20,40,3.3,5,4.625,2.0555555555555554
29,152,4.068965517241379,7,5.521739130434782,5.08
23,62,3.0869565217391304,5,4.166666666666667,2.7777777777777777
24,41,3.3333333333333335,6,6.333333333333333,1.8095238095238095
26,77,2.9615384615384617,5,5.142857142857143,3.130434782608696
13,21,1.6923076923076923,4,2.5,2.0
22,39,3.3181818181818183,6,6.0,1.894736842105263
24,84,3.375,6,4.6,3.45
24,78,4.041666666666667,8,3.5294117647058822,3.0
26,46,3.0384615384615383,6,3.8181818181818183,1.9090909090909092
21,37,3.3333333333333335,6,5.666666666666667,1.8888888888888888
19,55,3.6315789473684212,7,3.642857142857143,3.1875
28,103,3.3214285714285716,7,5.333333333333333,4.0
22,70,3.409090909090909,6,4.266666666666667,3.3684210526315788
18,29,1.2777777777777777,2,3.0,2.4
22,61,3.0454545454545454,5,5.090909090909091,3.111111111111111
19,41,2.8421052631578947,5,3.0,2.142857142857143
20,64,3.25,6,4.071428571428571,3.3529411764705883
23,38,3.260869565217391,6,5.666666666666667,1.7894736842105263
25,44,2.64,4,5.0,1.9047619047619047
28,111,4.071428571428571,8,5.529411764705882,3.9166666666666665
23,38,3.260869565217391,6,5.666666666666667,1.7894736842105263
24,86,3.4583333333333335,6,4.733333333333333,3.55
24,75,3.6666666666666665,8,3.6,2.8421052631578947
28,52,3.107142857142857,6,3.6153846153846154,1.9583333333333333
21,37,3.3333333333333335,6,5.666666666666667,1.8888888888888888
21,31,1.380952380952381,3,3.3333333333333335,1.4285714285714286
22,47,2.0,5,2.888888888888889,2.1666666666666665
25,75,2.92,5,5.0,3.3333333333333335
23,60,2.652173913043478,5,4.444444444444445,2.1052631578947367
24,72,3.4583333333333335,6,4.785714285714286,3.35
21,52,3.0476190476190474,5,3.4545454545454546,2.375
21,38,2.8095238095238093,5,3.3,1.9411764705882353
26,78,3.4615384615384617,6,5.75,3.1363636363636362
23,29,1.565217391304348,3,6.0,1.3333333333333333
21,26,1.4761904761904763,3,5.0,1.25
18,40,2.111111111111111,4,5.4,2.4545454545454546
21,68,2.7142857142857144,5,3.2,2.6666666666666665
17,42,2.764705882352941,6,3.0,2.5714285714285716
21,82,3.619047619047619,8,4.277777777777778,4.277777777777778
19,48,2.9473684210526314,6,3.727272727272727,2.5625
22,96,3.6363636363636362,8,4.888888888888889,4.888888888888889
25,147,3.96,8,6.428571428571429,6.428571428571429
22,82,3.8181818181818183,8,4.529411764705882,4.052631578947368
20,47,2.45,4,4.25,2.2666666666666666
28,199,4.071428571428571,8,7.076923076923077,7.666666666666667
21,29,3.0476190476190474,5,4.333333333333333,1.4444444444444444
25,84,3.64,7,5.266666666666667,3.761904761904762
20,59,3.85,8,3.2857142857142856,2.875
24,88,3.5416666666666665,7,4.647058823529412,3.761904761904762
21,29,3.0476190476190474,5,4.333333333333333,1.4444444444444444
19,49,1.894736842105263,4,3.4,2.6153846153846154
24,43,2.6666666666666665,4,7.8,1.95
21,53,2.380952380952381,5,4.1,3.1538461538461537
19,53,2.526315789473684,5,3.3636363636363638,2.8461538461538463
23,39,3.3043478260869565,6,5.833333333333333,1.8421052631578947
26,91,3.1153846153846154,6,5.375,3.909090909090909
26,72,2.923076923076923,5,4.909090909090909,2.7
23,39,3.3043478260869565,6,5.833333333333333,1.8421052631578947
23,67,3.0434782608695654,5,4.166666666666667,2.6315789473684212
26,49,2.769230769230769,4,5.625,2.0454545454545454
22,59,3.0,5,4.2727272727272725,2.764705882352941
23,39,3.3043478260869565,6,5.833333333333333,1.8421052631578947
24,83,3.4166666666666665,6,4.928571428571429,3.45
24,79,4.041666666666667,8,3.6875,2.95
26,50,3.076923076923077,6,3.75,2.0454545454545454
24,63,2.5,5,5.0,2.5
23,39,3.3043478260869565,6,5.833333333333333,1.8421052631578947
25,52,2.64,5,5.333333333333333,2.2857142857142856
27,106,3.5925925925925926,7,5.2105263157894735,4.304347826086956
18,30,1.6666666666666667,3,2.3333333333333335,1.75
23,39,3.3043478260869565,6,5.833333333333333,1.8421052631578947
23,35,2.739130434782609,4,3.75,1.5789473684210527
26,103,3.6538461538461537,7,5.277777777777778,4.130434782608695
24,44,3.0,6,3.25,1.95
19,46,2.1052631578947367,4,3.111111111111111,2.5454545454545454
24,73,3.6666666666666665,6,5.5,3.3
19,35,1.8421052631578947,3,4.0,1.8181818181818181
12,17,1.5,3,1.4,1.4
23,39,3.3043478260869565,6,5.0,1.8421052631578947
15,34,3.8,6,3.8333333333333335,1.7692307692307692
27,90,2.7777777777777777,5,5.1875,3.608695652173913
24,63,2.2916666666666665,5,4.875,2.7857142857142856
18,46,2.5,6,3.1818181818181817,2.5
24,84,3.3333333333333335,7,4.6,3.45
23,39,2.1739130434782608,4,4.75,1.4615384615384615
27,128,3.962962962962963,7,5.142857142857143,4.695652173913044
24,88,3.5,6,6.071428571428571,4.0476190476190474
21,43,2.3333333333333335,5,4.0,2.0
20,40,2.5,5,4.6,1.6428571428571428
24,83,3.1666666666666665,6,4.705882352941177,3.8095238095238093
19,45,2.4210526315789473,4,5.666666666666667,2.4285714285714284
23,99,3.130434782608696,7,4.380952380952381,4.842105263157895
20,61,3.05,6,4.666666666666667,3.2941176470588234
20,41,2.45,4,4.857142857142857,2.2666666666666666
22,86,3.3181818181818183,7,4.823529411764706,4.555555555555555
20,53,3.05,6,5.0,2.9411764705882355
27,150,4.037037037037037,8,5.84,6.3478260869565215
22,46,3.227272727272727,5,5.857142857142857,2.05
24,78,3.2916666666666665,6,4.285714285714286,2.857142857142857
21,48,2.4761904761904763,5,4.0,2.588235294117647
24,61,2.5833333333333335,5,4.555555555555555,2.5625
22,35,2.8181818181818183,5,3.4444444444444446,1.7222222222222223
27,106,4.074074074074074,8,5.222222222222222,4.086956521739131
23,40,3.391304347826087,6,6.166666666666667,1.85
25,89,3.2,6,4.705882352941177,3.8095238095238093
25,68,3.16,5,4.846153846153846,2.8636363636363638
23,52,2.0434782608695654,4,4.0,2.4615384615384617
27,106,3.4444444444444446,6,5.75,4.0
23,40,3.391304347826087,6,6.166666666666667,1.85
25,58,3.12,5,5.4,2.4545454545454546
21,41,1.5714285714285714,4,3.3333333333333335,2.5
19,38,1.736842105263158,4,2.7142857142857144,2.375
22,38,3.409090909090909,6,5.833333333333333,1.8421052631578947
25,81,2.76,5,5.5,3.5
23,42,1.5217391304347827,3,3.5,2.1
18,33,1.3888888888888888,3,2.5,2.5
22,34,2.772727272727273,5,3.0,1.6666666666666667
31,207,4.451612903225806,8,8.208333333333334,7.296296296296297
21,37,3.3333333333333335,6,5.666666666666667,1.8888888888888888
26,104,3.730769230769231,7,5.117647058823529,3.9545454545454546
23,81,3.8260869565217392,8,3.9375,3.3157894736842106
27,50,2.888888888888889,6,5.75,2.0
18,30,1.5555555555555556,3,2.1666666666666665,1.8571428571428572
22,38,2.909090909090909,6,3.090909090909091,1.8888888888888888
12,16,1.5,3,2.0,1.5
21,37,3.3333333333333335,6,5.666666666666667,1.8888888888888888
26,58,3.1153846153846154,5,4.818181818181818,2.3043478260869565
26,55,1.9230769230769231,4,4.833333333333333,2.230769230769231
21,48,1.8571428571428572,3,3.857142857142857,2.076923076923077
21,37,3.3333333333333335,6,5.666666666666667,1.8888888888888888
18,40,1.7777777777777777,3,6.25,2.7777777777777777
25,72,3.16,5,4.3076923076923075,2.6666666666666665
25,69,3.08,5,5.0,3.0952380952380953
25,74,3.28,6,4.714285714285714,3.0
21,34,2.9047619047619047,6,3.0,1.7647058823529411
13,17,1.3846153846153846,3,1.5,1.5
26,78,3.5,7,5.538461538461538,3.272727272727273
21,33,1.7619047619047619,3,4.75,1.9
21,26,1.619047619047619,3,6.0,1.3333333333333333
18,48,2.111111111111111,4,4.5,2.769230769230769
25,95,4.12,8,5.235294117647059,4.045454545454546
19,53,3.0,6,5.0,2.5
16,35,2.3125,5,3.2,2.4615384615384617
21,72,3.5714285714285716,8,4.0,3.7777777777777777
19,50,2.473684210526316,5,3.076923076923077,2.5
19,56,3.0,6,5.2,3.25
26,169,3.8846153846153846,8,6.625,7.2272727272727275
22,30,3.0,5,4.5,1.4210526315789473
29,120,4.0344827586206895,7,5.764705882352941,3.92
23,40,3.391304347826087,6,6.166666666666667,1.85
27,107,3.740740740740741,7,5.444444444444445,4.260869565217392
28,52,2.8214285714285716,5,6.0,2.0
26,96,3.6538461538461537,7,4.238095238095238,4.045454545454546
17,30,1.3529411764705883,3,3.0,3.0
20,40,1.75,3,3.8333333333333335,2.090909090909091
22,37,3.3181818181818183,6,5.5,1.8333333333333333
27,103,3.7037037037037037,7,5.176470588235294,3.8260869565217392
29,99,3.0344827586206895,6,4.947368421052632,3.76
26,67,2.3076923076923075,4,5.625,3.0
18,45,2.5,5,2.9,2.4166666666666665
23,39,3.3043478260869565,6,5.833333333333333,1.8421052631578947
14,28,3.2142857142857144,6,2.6666666666666665,1.6
28,107,3.4642857142857144,7,5.2631578947368425,4.166666666666667
23,44,1.8695652173913044,3,5.25,1.75
19,46,2.4210526315789473,5,2.8,2.3333333333333335
23,39,3.3043478260869565,6,5.833333333333333,1.8421052631578947
20,32,1.55,3,5.333333333333333,1.6
25,38,2.8,4,4.125,1.5714285714285714
18,24,1.2777777777777777,2,4.0,1.6
16,22,1.4375,2,4.0,1.1428571428571428
23,42,3.0434782608695654,6,3.3636363636363638,1.9473684210526316
23,45,1.8695652173913044,3,5.5,1.8333333333333333
24,66,3.4166666666666665,6,3.7142857142857144,2.6
23,70,3.5652173913043477,6,4.571428571428571,3.3684210526315788
22,53,2.6818181818181817,5,3.769230769230769,2.7222222222222223
22,54,2.8636363636363638,5,3.7777777777777777,2.125
23,39,3.3043478260869565,6,5.833333333333333,1.8421052631578947
22,39,1.4545454545454546,2,10.0,2.0
25,44,2.72,4,6.666666666666667,1.9047619047619047
24,75,3.4583333333333335,7,4.785714285714286,3.1904761904761907
20,35,2.9,6,2.8,1.75
17,27,1.6470588235294117,3,3.6666666666666665,1.375
22,66,2.727272727272727,5,4.090909090909091,2.8125
27,96,3.6666666666666665,6,6.545454545454546,3.130434782608696
23,39,3.3043478260869565,6,5.833333333333333,1.8421052631578947
15,35,3.8666666666666667,6,3.2857142857142856,1.7692307692307692
27,92,2.8518518518518516,5,5.0,3.6956521739130435
19,36,1.8421052631578947,4,2.375,2.111111111111111
28,84,3.107142857142857,6,5.6,2.4347826086956523
20,28,3.1,5,4.166666666666667,1.4705882352941178
26,116,3.8461538461538463,7,6.111111111111111,5.0
26,47,2.769230769230769,4,6.142857142857143,1.9545454545454546
24,41,3.2916666666666665,6,6.166666666666667,1.85
26,36,2.8076923076923075,4,3.875,1.4090909090909092
20,53,2.85,5,4.2,2.4705882352941178
21,42,1.8571428571428572,3,5.25,1.9090909090909092
23,40,3.0,6,3.1818181818181817,1.8421052631578947
19,37,1.7894736842105263,4,2.857142857142857,2.2222222222222223
23,42,3.260869565217391,6,5.0,1.8421052631578947
24,90,3.5,6,4.6875,3.75
22,71,3.909090909090909,8,3.3125,2.9444444444444446
25,43,3.04,6,3.4545454545454546,1.8095238095238095
23,39,3.3043478260869565,6,5.833333333333333,1.8421052631578947
22,41,1.5454545454545454,3,4.6,2.090909090909091
26,53,2.769230769230769,4,6.857142857142857,2.1818181818181817
18,41,1.7777777777777777,4,3.125,3.125
21,51,2.142857142857143,4,4.571428571428571,2.4615384615384617
22,36,2.8181818181818183,5,3.3333333333333335,1.6666666666666667
22,66,3.0,6,3.9166666666666665,2.764705882352941
21,37,3.3333333333333335,6,4.428571428571429,1.8235294117647058
25,58,3.04,5,5.3,2.5238095238095237
19,39,1.6842105263157894,3,4.6,2.090909090909091
25,50,3.08,6,3.909090909090909,2.0476190476190474
26,84,3.4615384615384617,6,6.090909090909091,3.0454545454545454
20,68,3.65,7,5.25,3.7058823529411766
20,65,3.35,7,4.615384615384615,3.5294117647058822
29,168,4.103448275862069,8,6.56,6.56
21,43,3.5714285714285716,6,4.75,2.0
25,88,3.24,6,5.0,3.8636363636363638
18,38,1.6666666666666667,4,3.6666666666666665,3.142857142857143
18,35,1.6666666666666667,4,2.7142857142857144,2.7142857142857144
24,41,3.375,6,6.333333333333333,1.8095238095238095
22,72,4.045454545454546,8,3.5625,3.1666666666666665
26,81,3.269230769230769,6,5.133333333333334,3.347826086956522
22,62,3.0,5,4.214285714285714,3.1052631578947367
17,31,1.4705882352941178,3,2.6666666666666665,2.6666666666666665
25,80,3.76,7,4.5,3.4285714285714284
23,40,3.3043478260869565,6,6.166666666666667,1.85
19,34,1.5263157894736843,2,6.333333333333333,1.9
21,51,2.5714285714285716,6,2.3333333333333335,2.6923076923076925
27,50,2.888888888888889,5,3.8333333333333335,2.0
23,66,3.5652173913043477,6,4.6923076923076925,3.05
22,59,3.0,5,3.9166666666666665,2.764705882352941
21,37,3.3333333333333335,6,5.666666666666667,1.8888888888888888
24,82,2.8333333333333335,5,4.375,3.5
24,76,3.1666666666666665,5,5.916666666666667,3.380952380952381
12,18,1.5,3,2.6666666666666665,2.0
25,68,3.16,5,4.153846153846154,2.7
22,35,2.8636363636363638,5,3.1,1.7222222222222223
18,31,1.6111111111111112,3,2.8,1.75
24,69,3.2083333333333335,6,5.636363636363637,3.1
21,36,3.0,5,6.75,1.6875
19,33,1.4736842105263157,2,8.5,1.8888888888888888
19,40,2.210526315789474,5,2.4,2.1818181818181817
25,76,3.24,5,5.538461538461538,3.272727272727273
24,73,3.2083333333333335,6,4.642857142857143,3.0952380952380953
21,36,2.9047619047619047,6,3.2,1.8823529411764706
21,36,3.4285714285714284,6,5.5,1.8333333333333333
15,32,2.533333333333333,5,2.7142857142857144,1.9
28,84,2.857142857142857,5,6.076923076923077,3.2916666666666665
18,30,1.5,3,2.6,1.8571428571428572
26,82,3.423076923076923,6,6.2,2.8181818181818183
23,40,3.391304347826087,6,6.166666666666667,1.85
24,79,4.083333333333333,8,4.0625,3.25
26,71,3.3461538461538463,6,4.4,2.869565217391304
23,69,3.0,6,4.333333333333333,3.25
17,29,1.2941176470588236,2,3.25,2.6
23,63,3.1739130434782608,7,4.3076923076923075,2.9473684210526314
21,36,2.9047619047619047,5,6.25,1.5625
27,129,3.925925925925926,7,5.3,4.608695652173913
24,41,3.375,6,6.333333333333333,1.8095238095238095
20,37,1.85,4,3.4,1.7
24,41,2.625,4,6.166666666666667,1.85
23,76,3.0869565217391304,6,3.6875,3.1052631578947367
21,34,2.761904761904762,5,3.0,1.7647058823529411
20,41,3.65,6,4.75,2.111111111111111
26,110,3.8076923076923075,7,5.777777777777778,4.7272727272727275
26,47,2.769230769230769,4,6.142857142857143,1.9545454545454546
22,38,3.409090909090909,6,5.833333333333333,1.8421052631578947
26,58,3.1153846153846154,5,4.818181818181818,2.3043478260869565
26,55,1.9230769230769231,4,4.833333333333333,2.230769230769231
13,20,1.6923076923076923,4,2.25,1.8
29,110,3.4482758620689653,6,5.0,3.4
23,41,2.9130434782608696,5,4.111111111111111,1.9473684210526316
18,27,1.3333333333333333,2,2.5,1.6666666666666667
23,39,3.3043478260869565,6,5.833333333333333,1.8421052631578947
24,84,3.375,6,4.857142857142857,3.4
25,88,4.12,8,3.7222222222222223,3.1904761904761907
23,77,3.3043478260869565,6,4.0588235294117645,3.45
23,39,3.3043478260869565,6,5.833333333333333,1.8421052631578947
20,57,3.95,8,4.166666666666667,2.9411764705882355
25,45,2.92,6,3.4166666666666665,1.9523809523809523
13,20,1.6923076923076923,4,2.25,1.8
26,77,3.1153846153846154,6,4.153846153846154,2.7
23,39,3.3043478260869565,6,5.833333333333333,1.8421052631578947
20,33,1.6,3,4.25,1.5454545454545454
27,54,1.6296296296296295,4,2.8,2.3333333333333335
22,36,2.772727272727273,5,3.1,1.7222222222222223
23,63,3.3043478260869565,6,4.142857142857143,3.0526315789473686
13,17,1.3846153846153846,3,1.5,1.5
22,74,2.6363636363636362,5,4.785714285714286,3.7222222222222223
16,25,1.375,2,3.0,1.5
21,40,2.8095238095238093,5,3.5,2.0588235294117645
29,98,3.5172413793103448,6,7.1,2.84
23,38,3.260869565217391,6,5.666666666666667,1.7894736842105263
22,69,3.5454545454545454,7,4.133333333333334,3.263157894736842
27,54,2.962962962962963,6,3.769230769230769,2.130434782608696
29,113,4.137931034482759,8,6.1875,3.96
26,80,3.1153846153846154,6,4.285714285714286,3.0
23,39,3.3043478260869565,6,5.833333333333333,1.8421052631578947
24,87,3.4583333333333335,6,4.6,3.45
25,44,2.68,4,5.714285714285714,1.9047619047619047
23,39,3.3043478260869565,6,5.833333333333333,1.8421052631578947
20,29,1.55,3,4.333333333333333,1.3
23,47,1.7391304347826086,4,3.5714285714285716,2.0833333333333335
24,88,3.5416666666666665,7,4.647058823529412,3.761904761904762
26,88,3.4615384615384617,6,5.636363636363637,2.8181818181818183
21,30,3.0476190476190474,5,3.857142857142857,1.5
25,102,3.8,7,5.647058823529412,4.571428571428571
27,50,2.814814814814815,5,5.75,2.0
24,41,3.2916666666666665,6,6.166666666666667,1.85
15,35,3.7333333333333334,6,3.125,1.9230769230769231
29,133,3.896551724137931,7,5.842105263157895,4.44
29,102,3.0689655172413794,5,5.588235294117647,3.8
26,94,3.3846153846153846,6,4.176470588235294,3.227272727272727
28,93,3.5714285714285716,6,5.909090909090909,2.7083333333333335
23,39,3.3043478260869565,6,5.833333333333333,1.8421052631578947
24,87,3.4166666666666665,6,5.214285714285714,3.65
26,44,2.730769230769231,4,6.666666666666667,1.8181818181818181
23,39,3.3043478260869565,6,5.833333333333333,1.8421052631578947
27,97,2.6666666666666665,5,3.619047619047619,3.3043478260869565
26,87,2.9615384615384617,5,5.0,3.6363636363636362
26,89,3.3846153846153846,6,5.266666666666667,3.4347826086956523
20,33,2.9,6,2.8,1.75
23,39,3.3043478260869565,6,5.833333333333333,1.8421052631578947
24,84,3.3333333333333335,6,5.5,3.85
26,61,2.1153846153846154,4,5.0,2.3333333333333335
26,77,3.1923076923076925,5,4.285714285714286,2.857142857142857
23,42,2.652173913043478,4,5.428571428571429,2.0
23,40,3.3043478260869565,6,5.142857142857143,1.894736842105263
24,90,3.5,6,5.214285714285714,3.65
23,74,4.130434782608695,8,3.2941176470588234,2.9473684210526314
27,51,3.074074074074074,6,3.8333333333333335,2.0
22,39,3.3181818181818183,6,5.0,1.9444444444444444
19,37,2.0526315789473686,5,3.5,1.9090909090909092
28,111,3.142857142857143,5,6.117647058823529,4.333333333333333
17,37,2.176470588235294,4,3.142857142857143,2.2
22,37,2.8181818181818183,5,3.1,1.7222222222222223
29,122,4.275862068965517,7,6.642857142857143,3.72
21,38,3.380952380952381,6,4.714285714285714,1.9411764705882353
24,87,3.375,6,4.625,3.7
24,41,2.7083333333333335,4,6.0,1.8
22,41,3.409090909090909,6,5.428571428571429,2.0
19,43,2.9473684210526314,5,3.857142857142857,1.9285714285714286
27,121,4.074074074074074,8,5.05,4.391304347826087
26,51,2.8461538461538463,4,6.0,2.0869565217391304
17,32,1.588235294117647,4,3.0,3.0
24,60,2.4583333333333335,5,4.444444444444445,2.6666666666666665
23,40,3.3043478260869565,6,6.166666666666667,1.85
25,85,3.32,5,4.866666666666666,3.4761904761904763
23,79,4.217391304347826,8,3.75,3.1578947368421053
27,82,3.2222222222222223,5,5.571428571428571,3.25
24,66,2.9166666666666665,5,4.076923076923077,2.9444444444444446
25,42,3.32,6,6.5,1.7727272727272727
25,89,3.0,5,4.705882352941177,3.8095238095238093
26,48,2.923076923076923,6,3.6666666666666665,2.0
27,75,2.925925925925926,5,4.75,2.85
24,41,3.375,6,6.333333333333333,1.8095238095238095
24,84,4.125,8,4.0,3.4
26,68,2.8461538461538463,5,4.923076923076923,2.782608695652174
24,71,2.9583333333333335,5,4.7272727272727275,2.736842105263158
25,88,3.36,6,6.083333333333333,3.4761904761904763
24,41,3.3333333333333335,6,6.333333333333333,1.8095238095238095
23,70,4.130434782608695,8,3.5294117647058822,3.1578947368421053
26,69,2.8076923076923075,5,4.333333333333333,2.8260869565217392
12,19,1.75,4,2.25,1.8
23,40,3.391304347826087,6,6.166666666666667,1.85
18,55,3.611111111111111,8,3.769230769230769,3.2666666666666666
26,48,2.769230769230769,4,7.333333333333333,2.0
19,33,1.4210526315789473,3,3.2,2.6666666666666665
21,42,1.8571428571428572,3,3.8333333333333335,1.7692307692307692
21,37,3.3333333333333335,6,5.666666666666667,1.8888888888888888
23,71,4.130434782608695,8,3.625,3.0526315789473686
28,55,2.9642857142857144,6,3.923076923076923,2.125
25,80,3.72,7,5.0,3.409090909090909
20,38,1.75,3,3.3333333333333335,1.8181818181818181
21,41,3.238095238095238,5,4.875,2.0526315789473686
27,94,3.7037037037037037,6,6.461538461538462,3.652173913043478
23,79,3.3043478260869565,6,4.5625,3.65
26,52,2.730769230769231,4,6.0,2.1818181818181817
25,74,3.32,6,4.714285714285714,3.0
21,33,2.761904761904762,5,3.2222222222222223,1.7058823529411764
21,36,3.4285714285714284,6,5.5,1.8333333333333333
24,81,3.4166666666666665,6,4.4,3.3
25,88,4.2,8,4.0,3.4285714285714284
26,48,3.0384615384615383,6,3.6666666666666665,2.0
22,38,3.409090909090909,6,5.833333333333333,1.8421052631578947
19,29,1.4210526315789473,3,3.3333333333333335,1.4285714285714286
26,45,2.769230769230769,4,6.833333333333333,1.8636363636363635
22,51,2.090909090909091,4,4.833333333333333,2.230769230769231
24,70,3.375,6,4.0,2.8
22,35,2.772727272727273,5,3.1,1.7222222222222223
23,70,2.782608695652174,5,3.769230769230769,2.8823529411764706
22,58,3.3181818181818183,6,3.769230769230769,2.7222222222222223
24,65,3.625,6,4.615384615384615,3.0
21,56,2.857142857142857,5,4.0,3.0588235294117645
22,77,3.409090909090909,7,4.666666666666667,3.888888888888889
13,17,1.3846153846153846,3,1.5,1.5
23,38,3.3043478260869565,6,5.666666666666667,1.7894736842105263
27,106,3.7037037037037037,7,5.117647058823529,3.782608695652174
28,73,3.1785714285714284,5,4.857142857142857,2.8333333333333335
25,83,2.92,6,5.0,3.409090909090909
22,37,2.8181818181818183,5,3.6666666666666665,1.8333333333333333
13,16,1.3076923076923077,3,1.6666666666666667,1.6666666666666667
24,39,3.25,6,5.833333333333333,1.75
24,85,3.9583333333333335,8,3.9411764705882355,3.35
29,58,3.0689655172413794,6,4.153846153846154,2.16
23,39,3.3043478260869565,6,5.833333333333333,1.8421052631578947
18,39,1.7777777777777777,3,4.8,2.6666666666666665
26,41,2.8461538461538463,4,4.111111111111111,1.6818181818181819
19,29,1.5263157894736843,2,7.0,1.4
25,79,3.36,6,4.071428571428571,2.7142857142857144
29,99,3.4482758620689653,6,7.0,2.8
23,39,3.3043478260869565,6,5.833333333333333,1.8421052631578947
25,54,3.04,5,5.444444444444445,2.3333333333333335
25,51,1.96,4,5.2,2.0
22,50,1.9090909090909092,3,4.142857142857143,2.0714285714285716
23,39,3.3043478260869565,6,5.833333333333333,1.8421052631578947
25,50,2.6,4,5.111111111111111,2.1904761904761907
25,68,3.44,6,4.846153846153846,3.0
18,28,1.6111111111111112,3,3.0,1.5
27,101,3.925925925925926,7,5.533333333333333,3.608695652173913
21,45,1.9523809523809523,4,3.5714285714285716,1.9230769230769231
21,29,3.0476190476190474,5,4.333333333333333,1.4444444444444444
21,66,3.0952380952380953,6,4.133333333333334,3.4444444444444446
30,101,3.1333333333333333,6,5.333333333333333,3.6923076923076925
24,76,2.9166666666666665,5,4.076923076923077,2.789473684210526
12,20,1.75,4,2.5,2.0
23,38,2.8260869565217392,5,3.3,1.736842105263158
19,33,1.4210526315789473,3,2.5,2.142857142857143
15,20,1.4666666666666666,2,7.0,1.0
23,39,3.3043478260869565,6,5.833333333333333,1.8421052631578947
26,111,3.730769230769231,7,5.529411764705882,4.2727272727272725
29,96,3.0,5,5.352941176470588,3.64
25,65,2.28,4,4.888888888888889,2.933333333333333
19,50,2.736842105263158,5,3.3,2.357142857142857
23,39,3.3043478260869565,6,5.833333333333333,1.8421052631578947
23,76,4.086956521739131,8,3.6470588235294117,3.263157894736842
27,81,3.4074074074074074,6,5.066666666666666,3.3043478260869565
12,20,1.75,4,2.5,2.0
23,39,3.3043478260869565,6,5.833333333333333,1.8421052631578947
20,37,1.55,3,5.0,2.0
25,47,2.72,4,7.166666666666667,2.0476190476190474
21,51,2.6666666666666665,5,4.6,2.7058823529411766
19,35,1.8421052631578947,3,3.8,1.7272727272727273
23,38,3.3043478260869565,6,5.666666666666667,1.7894736842105263
27,61,3.037037037037037,5,6.222222222222222,2.4347826086956523
18,27,1.3888888888888888,3,2.75,1.8333333333333333
25,97,3.24,6,4.333333333333333,3.7142857142857144
13,21,1.6923076923076923,4,2.5,2.0
23,39,3.3043478260869565,6,5.833333333333333,1.8421052631578947
25,81,3.08,6,5.357142857142857,3.5714285714285716
25,55,2.12,5,4.285714285714286,2.142857142857143
24,41,3.2916666666666665,6,6.166666666666667,1.85
25,86,3.56,6,4.3125,3.2857142857142856
29,127,3.6206896551724137,7,6.2631578947368425,4.76
13,22,1.6923076923076923,4,2.75,2.2
26,82,3.423076923076923,6,3.823529411764706,2.9545454545454546
22,78,3.409090909090909,6,3.736842105263158,3.736842105263158
23,38,3.3043478260869565,6,5.666666666666667,1.7894736842105263
15,35,3.8666666666666667,6,3.4285714285714284,1.8461538461538463
26,91,3.3461538461538463,6,4.0588235294117645,3.1363636363636362
23,46,1.8695652173913044,4,2.5,2.272727272727273
24,48,2.7083333333333335,4,6.142857142857143,2.15
17,40,2.0,4,4.142857142857143,2.6363636363636362
21,36,2.9047619047619047,6,2.8181818181818183,1.8235294117647058
21,32,3.0952380952380953,5,3.857142857142857,1.5
26,125,3.8461538461538463,7,6.105263157894737,5.2727272727272725
26,55,2.8076923076923075,5,5.1,2.3181818181818183
22,44,2.909090909090909,5,4.571428571428571,1.7777777777777777
22,41,3.409090909090909,6,5.428571428571429,2.0
26,104,3.3461538461538463,6,5.333333333333333,4.363636363636363
22,74,4.045454545454546,8,3.3529411764705883,3.1666666666666665
25,51,3.12,6,4.363636363636363,2.1818181818181817
21,41,3.0,5,3.9,2.0526315789473686
25,84,3.4,6,6.0,3.7142857142857144
22,45,2.727272727272727,5,4.142857142857143,1.7058823529411764
28,176,4.392857142857143,8,6.869565217391305,6.583333333333333
24,45,3.3333333333333335,6,6.166666666666667,1.7619047619047619
26,98,3.0384615384615383,6,4.944444444444445,4.045454545454546
29,114,3.1724137931034484,6,5.142857142857143,4.32
13,20,1.6923076923076923,4,2.25,1.8
27,76,3.4444444444444446,6,4.571428571428571,2.782608695652174
24,40,3.375,6,6.166666666666667,1.7619047619047619
27,54,2.5925925925925926,4,6.25,2.1739130434782608
19,46,2.1578947368421053,5,3.7,2.8461538461538463
23,38,2.8260869565217392,5,3.4,1.7894736842105263
22,67,3.272727272727273,6,3.875,3.263157894736842
32,205,4.5,8,7.92,7.071428571428571
23,40,3.391304347826087,6,6.166666666666667,1.85
24,77,4.083333333333333,8,4.0625,3.25
25,67,2.8,5,4.5,2.8636363636363638
12,19,1.75,4,2.25,1.8
22,39,3.3181818181818183,6,6.0,1.894736842105263
24,54,3.125,5,4.545454545454546,2.380952380952381
19,33,1.5263157894736843,3,2.2857142857142856,2.2857142857142856
26,72,3.076923076923077,6,4.0,2.8
22,39,3.3181818181818183,6,6.0,1.894736842105263
25,82,2.68,4,5.2,3.5454545454545454
13,20,1.6923076923076923,4,2.25,1.8
23,40,3.391304347826087,6,6.166666666666667,1.85
26,51,2.576923076923077,4,5.875,2.1363636363636362
16,23,1.5,3,3.0,1.2857142857142858
23,39,3.3043478260869565,6,5.833333333333333,1.8421052631578947
14,31,3.4285714285714284,6,2.857142857142857,1.8181818181818181
29,116,3.5172413793103448,7,5.5,4.4
23,40,1.7826086956521738,3,5.666666666666667,1.5454545454545454
20,48,2.55,5,2.9,2.0714285714285716
22,38,3.409090909090909,6,5.833333333333333,1.8421052631578947
20,34,1.7,3,4.5,1.5
24,42,2.625,4,6.333333333333333,1.9
32,125,3.90625,7,4.8,3.4285714285714284
22,39,2.8181818181818183,5,3.1818181818181817,1.9444444444444444
18,31,1.6111111111111112,3,2.8,1.75
28,100,4.071428571428571,7,6.818181818181818,3.125
20,39,3.3,5,4.625,2.0555555555555554
27,124,3.888888888888889,7,5.15,4.478260869565218
25,71,3.48,6,3.9285714285714284,2.619047619047619
23,39,3.391304347826087,6,6.0,1.8
27,113,3.740740740740741,7,5.222222222222222,4.086956521739131
27,52,2.7777777777777777,4,6.0,2.0869565217391304
29,124,3.7586206896551726,7,5.318181818181818,4.68
17,29,1.411764705882353,3,2.6,2.1666666666666665
19,38,1.8421052631578947,3,4.0,1.8181818181818181
22,38,3.409090909090909,6,5.833333333333333,1.8421052631578947
19,30,1.5263157894736843,3,2.75,1.375
25,43,2.64,4,5.571428571428571,1.8571428571428572
24,55,2.25,4,4.428571428571429,2.066666666666667
25,73,3.44,6,3.588235294117647,2.9047619047619047
18,28,1.3888888888888888,3,2.5,1.6666666666666667
23,41,2.652173913043478,4,5.285714285714286,1.9473684210526316
18,31,1.5,3,2.6,1.8571428571428572
23,39,3.3043478260869565,6,5.833333333333333,1.8421052631578947
25,86,3.12,6,4.3125,3.2857142857142856
24,84,3.5833333333333335,7,4.166666666666667,3.5714285714285716
23,39,3.3043478260869565,6,5.833333333333333,1.8421052631578947
26,66,2.3076923076923075,5,3.142857142857143,2.4444444444444446
25,64,3.24,5,4.214285714285714,2.6818181818181817
25,78,3.2,5,3.8666666666666667,2.761904761904762
25,84,3.24,6,6.0,3.789473684210526
13,19,1.6153846153846154,4,2.0,1.6
23,39,3.3043478260869565,6,5.833333333333333,1.8421052631578947
20,36,1.45,2,9.0,2.0
24,43,2.7083333333333335,4,6.5,1.95
22,43,1.8181818181818181,3,3.8333333333333335,1.7692307692307692
29,96,3.5172413793103448,6,6.090909090909091,2.68
23,39,3.3043478260869565,6,5.833333333333333,1.8421052631578947
20,52,2.95,5,5.0,2.0588235294117645
25,37,2.8,4,4.125,1.5714285714285714
26,80,3.269230769230769,6,4.0,2.857142857142857
24,41,2.9166666666666665,6,3.3636363636363638,1.85
20,58,2.95,6,4.083333333333333,2.8823529411764706
22,52,2.6363636363636362,5,4.363636363636363,2.6666666666666665
13,20,1.6923076923076923,4,2.25,1.8
27,90,3.5555555555555554,6,5.333333333333333,2.782608695652174
21,30,3.0476190476190474,5,3.857142857142857,1.5
26,67,3.076923076923077,5,4.769230769230769,2.8181818181818183
25,54,1.96,4,4.833333333333333,2.230769230769231
22,54,2.227272727272727,4,5.0,2.5
23,38,3.3043478260869565,6,5.666666666666667,1.7894736842105263
25,95,3.0,5,4.647058823529412,3.761904761904762
26,71,3.1538461538461537,5,5.076923076923077,3.0
17,35,2.0,4,3.0,2.1818181818181817
21,36,2.9047619047619047,6,2.8181818181818183,1.8235294117647058
23,39,3.3043478260869565,6,5.833333333333333,1.8421052631578947
26,58,3.0384615384615383,5,6.625,2.409090909090909
23,39,3.3043478260869565,6,5.833333333333333,1.8421052631578947
25,75,3.08,6,4.785714285714286,3.0454545454545454
28,79,3.25,6,5.6923076923076925,3.0833333333333335
12,21,1.75,4,2.75,2.2
13,21,1.6923076923076923,4,2.5,2.0
23,69,3.260869565217391,6,4.266666666666667,3.3684210526315788
19,32,1.4736842105263157,3,2.5,2.142857142857143
23,39,3.3043478260869565,6,5.833333333333333,1.8421052631578947
25,45,2.68,4,5.857142857142857,1.9523809523809523
16,22,1.5625,3,3.3333333333333335,1.25
23,40,3.3043478260869565,6,5.833333333333333,1.8421052631578947
23,73,4.043478260869565,8,3.5294117647058822,3.1578947368421053
28,98,3.0357142857142856,5,4.7894736842105265,3.7916666666666665
25,90,3.24,6,3.9411764705882355,3.1904761904761907
26,87,3.4615384615384617,6,5.833333333333333,3.1818181818181817
22,26,1.4545454545454546,3,3.0,1.2857142857142858
21,24,1.4285714285714286,3,4.0,1.1428571428571428
16,37,2.125,4,3.0,2.5
23,75,2.347826086956522,5,4.076923076923077,3.3125
22,94,3.772727272727273,8,4.578947368421052,4.578947368421052
19,49,3.263157894736842,7,4.090909090909091,2.8125
16,41,2.5625,6,2.923076923076923,2.923076923076923
19,66,3.789473684210526,8,4.285714285714286,3.75
21,74,2.9523809523809526,6,3.8125,3.588235294117647
22,83,3.3636363636363638,7,5.133333333333334,4.277777777777778
26,190,3.8846153846153846,8,7.208333333333333,7.863636363636363
22,32,3.0,5,4.5,1.5
22,52,2.727272727272727,5,6.166666666666667,2.176470588235294
25,50,2.72,4,6.571428571428571,2.1904761904761907
30,106,3.6333333333333333,7,5.066666666666666,2.923076923076923
22,40,3.3181818181818183,6,5.0,1.9444444444444444
14,33,3.7142857142857144,6,3.4285714285714284,2.0
21,72,3.0952380952380953,5,4.916666666666667,3.4705882352941178
25,49,2.8,4,6.571428571428571,2.090909090909091
26,79,2.730769230769231,5,4.933333333333334,3.217391304347826
20,43,2.85,5,4.0,2.3529411764705883
22,37,3.272727272727273,6,5.666666666666667,1.7894736842105263
17,41,2.4705882352941178,5,3.1666666666666665,2.7142857142857144
27,77,2.962962962962963,5,5.214285714285714,3.0416666666666665
25,80,3.68,6,5.066666666666666,3.4545454545454546
24,56,2.1666666666666665,4,4.25,2.6153846153846154
21,37,1.7619047619047619,3,5.25,2.1
24,72,3.375,6,4.785714285714286,3.1904761904761907
25,42,3.32,6,6.5,1.7727272727272727
24,79,2.8333333333333335,5,4.6,3.45
27,54,2.7777777777777777,4,6.25,2.1739130434782608
18,28,1.3888888888888888,3,2.4,2.0
23,38,2.8260869565217392,5,3.4,1.7894736842105263
21,43,3.5714285714285716,6,5.125,2.1578947368421053
26,116,3.730769230769231,7,5.842105263157895,5.045454545454546
25,88,4.04,8,3.764705882352941,3.0476190476190474
23,66,3.5217391304347827,6,5.166666666666667,3.1
24,59,2.25,4,4.625,2.642857142857143
24,40,3.375,6,6.166666666666667,1.7619047619047619
27,111,3.740740740740741,7,5.166666666666667,4.043478260869565
26,52,2.6923076923076925,4,5.333333333333333,2.1818181818181817
17,27,1.411764705882353,3,2.4,2.0
21,46,1.8571428571428572,3,4.5,2.076923076923077
13,20,1.6153846153846154,4,2.25,1.8
23,40,3.391304347826087,6,6.166666666666667,1.85
19,33,1.6842105263157894,3,2.8,1.4
26,61,3.1153846153846154,5,5.181818181818182,2.4782608695652173
23,52,2.0434782608695654,4,4.833333333333333,2.230769230769231
22,37,3.409090909090909,6,5.666666666666667,1.7894736842105263
27,106,3.7037037037037037,7,5.176470588235294,3.8260869565217392
29,94,3.0689655172413794,5,5.235294117647059,3.56
25,67,2.56,5,4.090909090909091,2.6470588235294117
25,54,1.96,4,4.833333333333333,2.230769230769231
22,38,2.8181818181818183,5,3.7777777777777777,1.8888888888888888
13,17,1.3846153846153846,3,1.5,1.5
13,17,1.3846153846153846,3,1.5,1.5
30,110,3.7333333333333334,6,6.846153846153846,3.423076923076923
22,38,3.409090909090909,6,5.833333333333333,1.8421052631578947
26,52,2.576923076923077,4,5.333333333333333,2.1818181818181817
18,31,1.6111111111111112,3,3.0,1.875
22,38,3.409090909090909,6,5.833333333333333,1.8421052631578947
23,71,3.0434782608695654,5,4.571428571428571,3.2
24,48,2.875,6,4.888888888888889,2.2
21,70,2.761904761904762,5,4.846153846153846,3.7058823529411766
18,31,1.7222222222222223,3,2.8,1.5555555555555556
22,38,3.409090909090909,6,5.833333333333333,1.8421052631578947
24,83,3.375,6,4.466666666666667,3.35
24,82,3.9166666666666665,8,3.75,3.0
23,42,2.739130434782609,5,6.166666666666667,1.9473684210526316
24,79,3.2083333333333335,6,5.538461538461538,3.6
19,32,1.5263157894736843,2,8.0,1.6
19,46,2.210526315789474,4,2.7,1.9285714285714286
22,56,3.0454545454545454,5,3.5,2.4705882352941178
12,16,1.4166666666666667,3,1.5,1.5
22,36,3.3636363636363638,6,5.5,1.736842105263158
19,31,1.631578947368421,3,3.0,1.3333333333333333
26,62,3.0384615384615383,5,4.384615384615385,2.590909090909091
25,61,2.36,5,3.272727272727273,2.25
23,38,3.3043478260869565,6,5.666666666666667,1.7894736842105263
21,37,1.4761904761904763,2,6.333333333333333,1.9
28,111,3.392857142857143,7,5.777777777777778,4.333333333333333
22,34,2.772727272727273,5,3.0,1.6666666666666667
13,19,1.6153846153846154,4,2.0,1.6
13,17,1.3846153846153846,3,2.0,1.5
26,80,3.423076923076923,6,6.545454545454546,3.272727272727273
22,27,1.5,3,5.5,1.375
20,25,1.45,3,4.5,1.2857142857142858
18,49,2.4444444444444446,4,4.111111111111111,2.466666666666667
21,60,2.0,4,3.25,2.6
19,62,2.789473684210526,6,3.2666666666666666,3.0625
22,75,2.8181818181818183,6,4.375,3.888888888888889
23,103,3.6956521739130435,8,5.875,4.947368421052632
20,63,3.5,7,4.75,3.3529411764705883
26,171,3.8846153846153846,8,6.625,7.2272727272727275
21,29,3.0476190476190474,5,4.333333333333333,1.4444444444444444
24,76,2.75,6,3.6666666666666665,2.8947368421052633
23,47,2.6956521739130435,5,4.3,2.263157894736842
22,74,3.3636363636363638,7,4.785714285714286,3.7222222222222223
23,58,2.3043478260869565,4,5.142857142857143,2.5714285714285716
19,33,1.5263157894736843,2,9.0,1.8
19,34,1.5263157894736843,3,2.4285714285714284,2.125
24,68,2.625,5,4.6923076923076925,3.05
22,53,2.5,5,4.125,2.357142857142857
20,29,1.45,2,6.0,1.3333333333333333
27,107,4.037037037037037,7,6.3076923076923075,3.5652173913043477
23,39,3.3043478260869565,6,5.833333333333333,1.8421052631578947
24,79,3.375,6,4.785714285714286,3.35
23,75,3.9565217391304346,8,3.5,2.9473684210526314
23,45,2.782608695652174,5,4.875,2.0526315789473686
22,73,3.1363636363636362,6,4.642857142857143,3.611111111111111
23,39,3.3043478260869565,6,5.833333333333333,1.8421052631578947
21,40,1.8571428571428572,4,3.8,1.7272727272727273
27,68,3.074074074074074,5,5.25,2.739130434782609
24,54,2.125,4,4.285714285714286,2.142857142857143
13,21,1.6923076923076923,4,2.5,2.0
25,73,3.36,6,4.0,3.0476190476190474
23,39,3.3043478260869565,6,5.833333333333333,1.8421052631578947
23,61,3.0,5,4.7,2.473684210526316
26,49,2.769230769230769,4,5.625,2.0454545454545454
24,68,3.1666666666666665,5,4.416666666666667,2.789473684210526
23,39,3.3043478260869565,6,5.833333333333333,1.8421052631578947
26,81,3.3461538461538463,6,3.5294117647058822,2.727272727272727
25,44,2.72,4,5.714285714285714,1.9047619047619047
25,83,3.56,7,5.285714285714286,3.3636363636363638
21,38,2.9047619047619047,6,3.1,1.8235294117647058
23,39,3.3043478260869565,6,5.833333333333333,1.8421052631578947
15,37,3.933333333333333,6,3.5714285714285716,1.9230769230769231
24,42,2.75,4,5.428571428571429,1.9
24,41,3.2916666666666665,6,6.166666666666667,1.85
27,94,2.6666666666666665,5,3.2857142857142856,3.0
25,38,2.8,4,4.125,1.5714285714285714
25,69,3.56,6,4.571428571428571,3.0476190476190474
17,28,1.588235294117647,3,2.6,1.8571428571428572
23,39,3.3043478260869565,6,5.833333333333333,1.8421052631578947
25,57,3.04,5,5.2,2.4761904761904763
13,22,1.6923076923076923,4,2.75,2.2
24,43,3.2916666666666665,6,5.571428571428571,1.95
27,133,3.962962962962963,7,5.181818181818182,4.956521739130435
25,93,3.36,6,5.285714285714286,3.5238095238095237
22,29,1.4545454545454546,3,2.5,1.4285714285714286
21,25,1.380952380952381,3,3.5,1.0
26,115,4.076923076923077,8,5.722222222222222,4.681818181818182
24,89,2.9166666666666665,6,4.125,3.473684210526316
23,94,3.5217391304347827,7,4.421052631578948,4.421052631578948
19,56,3.0,6,4.090909090909091,2.8125
22,41,3.409090909090909,6,5.428571428571429,2.0
26,95,3.730769230769231,7,5.235294117647059,4.045454545454546
27,54,2.740740740740741,5,5.666666666666667,2.125
27,102,3.2222222222222223,6,4.571428571428571,4.0
17,35,1.9411764705882353,4,3.0,2.625
20,40,2.0,3,4.6,1.7692307692307692
26,83,3.4615384615384617,6,6.076923076923077,3.590909090909091
24,31,1.5833333333333333,3,4.666666666666667,1.4
21,26,1.5238095238095237,3,5.5,1.375
16,35,1.8125,4,3.375,2.7
19,53,3.1578947368421053,6,3.9,2.4375
21,79,3.0476190476190474,7,4.5,4.235294117647059
21,72,2.8095238095238093,6,4.0,3.0588235294117645
20,78,3.65,8,4.111111111111111,4.352941176470588
16,38,2.6875,6,3.5,2.6923076923076925
17,48,2.764705882352941,6,3.4615384615384617,3.2142857142857144
22,92,3.3636363636363638,7,4.578947368421052,4.833333333333333
20,55,3.5,7,4.7272727272727275,3.0588235294117645
29,170,4.137931034482759,8,6.111111111111111,6.6
21,41,3.238095238095238,5,4.5,1.894736842105263
25,85,3.04,6,5.0625,3.857142857142857
22,66,3.590909090909091,8,3.642857142857143,3.0
23,75,3.4782608695652173,6,4.928571428571429,3.45
22,57,3.0,5,3.8333333333333335,2.7058823529411766
26,94,3.4615384615384617,6,6.083333333333333,3.3181818181818183
24,41,3.3333333333333335,6,6.333333333333333,1.8095238095238095
24,76,3.0833333333333335,5,4.6,3.2857142857142856
26,52,2.6153846153846154,5,6.0,2.1818181818181817
23,78,3.347826086956522,7,4.666666666666667,3.6842105263157894
24,40,3.3333333333333335,6,6.166666666666667,1.7619047619047619
24,83,2.875,5,4.533333333333333,3.4
26,49,2.9615384615384617,6,3.75,2.0454545454545454
23,70,3.5652173913043477,6,4.642857142857143,3.25
22,54,2.1818181818181817,4,4.714285714285714,2.5384615384615383
21,37,3.3333333333333335,6,5.666666666666667,1.8888888888888888
24,82,2.9166666666666665,5,4.3125,3.45
24,81,3.5416666666666665,7,4.352941176470588,3.5238095238095237
25,42,3.24,6,6.333333333333333,1.8095238095238095
19,31,1.6842105263157894,3,3.75,1.25
27,83,3.259259259259259,5,4.875,3.25
20,38,1.9,3,4.5,1.6363636363636365
22,34,2.8181818181818183,5,3.3333333333333335,1.6666666666666667
23,65,3.217391304347826,7,4.357142857142857,3.210526315789474
21,34,1.6666666666666667,3,4.5,2.0
22,27,1.6363636363636365,3,6.5,1.3
19,50,3.263157894736842,7,2.7857142857142856,2.4375
21,77,3.619047619047619,8,4.055555555555555,4.055555555555555
22,92,3.5454545454545454,8,5.0,4.722222222222222
19,62,3.1052631578947367,7,3.8,3.5625
21,76,3.5714285714285716,8,4.235294117647059,4.0
20,63,2.1,4,4.4,3.3846153846153846
24,107,3.7083333333333335,8,5.444444444444445,4.9
20,46,2.45,4,4.375,2.3333333333333335
21,64,3.3333333333333335,7,4.285714285714286,3.3333333333333335
27,174,4.0,8,6.56,7.130434782608695
21,29,3.0476190476190474,5,4.333333333333333,1.4444444444444444
25,76,3.0,6,5.142857142857143,3.4285714285714284
28,51,3.0714285714285716,6,3.9166666666666665,1.9583333333333333
19,34,1.368421052631579,3,3.2,2.6666666666666665
18,29,1.3888888888888888,3,2.6,2.1666666666666665
21,36,3.4285714285714284,6,5.5,1.8333333333333333
26,60,3.0384615384615383,5,5.5,2.5
29,88,2.9655172413793105,5,5.928571428571429,3.32
23,72,3.217391304347826,6,3.9285714285714284,2.8947368421052633
27,102,4.037037037037037,8,5.8,3.782608695652174
22,48,1.8181818181818181,3,4.666666666666667,2.1538461538461537
23,39,3.3043478260869565,6,5.833333333333333,1.8421052631578947
24,43,2.6666666666666665,4,4.875,1.95
16,20,1.4375,2,4.0,1.1428571428571428
23,39,3.3043478260869565,6,5.833333333333333,1.8421052631578947
14,30,3.4285714285714284,6,3.0,1.6363636363636365
29,115,3.5517241379310347,7,5.684210526315789,4.32
22,41,1.8181818181818181,3,4.75,1.7272727272727273
21,50,2.380952380952381,5,2.727272727272727,2.142857142857143
23,39,3.3043478260869565,6,5.833333333333333,1.8421052631578947
25,56,3.04,5,5.666666666666667,2.4285714285714284
23,39,3.3043478260869565,6,5.833333333333333,1.8421052631578947
23,74,3.0869565217391304,5,4.4,3.3
24,49,2.875,6,5.0,2.25
22,78,3.1363636363636362,6,5.071428571428571,3.9444444444444446
23,60,2.8260869565217392,5,4.111111111111111,2.176470588235294
19,34,1.631578947368421,3,6.0,1.6363636363636365
24,41,3.25,6,6.0,1.8
25,46,2.68,4,6.0,2.0
24,53,2.0,4,4.833333333333333,2.230769230769231
22,38,3.0,6,3.0,1.8333333333333333
25,71,3.36,6,4.5,3.0
22,26,1.4545454545454546,3,4.5,1.125
21,24,1.4285714285714286,3,4.0,1.1428571428571428
16,39,2.125,4,3.4444444444444446,2.5833333333333335
19,53,2.473684210526316,5,3.3636363636363638,2.3125
23,102,3.652173913043478,8,4.8,5.052631578947368
21,74,2.8095238095238093,6,3.857142857142857,3.176470588235294
21,97,3.7142857142857144,8,4.842105263157895,5.111111111111111
16,37,2.625,6,3.6666666666666665,2.5384615384615383
18,58,3.3333333333333335,7,3.857142857142857,3.6
25,147,3.8,8,6.428571428571429,6.428571428571429
20,64,3.5,7,4.461538461538462,3.411764705882353
28,201,4.071428571428571,8,7.0,7.583333333333333
22,30,2.9545454545454546,5,4.333333333333333,1.4444444444444444
23,76,3.0434782608695654,6,3.8666666666666667,2.9
26,49,2.730769230769231,4,5.625,2.0454545454545454
27,91,3.6666666666666665,7,4.875,3.391304347826087
29,95,3.413793103448276,6,6.0,2.64
23,39,3.3043478260869565,6,5.833333333333333,1.8421052631578947
21,66,4.095238095238095,8,4.3076923076923075,3.111111111111111
24,92,3.5416666666666665,7,4.2,4.0
23,39,3.3043478260869565,6,5.833333333333333,1.8421052631578947
21,53,2.761904761904762,5,5.142857142857143,2.1176470588235294
26,64,3.1538461538461537,5,4.916666666666667,2.6818181818181817
25,77,3.12,5,5.384615384615385,3.3333333333333335
24,61,2.25,4,5.285714285714286,2.642857142857143
22,59,3.3636363636363638,6,3.6923076923076925,2.6666666666666665
23,40,3.3043478260869565,6,5.142857142857143,1.894736842105263
21,60,2.5238095238095237,5,4.3,2.6875
25,35,2.8,4,3.75,1.4285714285714286
24,45,2.7083333333333335,4,5.857142857142857,2.05
16,28,1.75,3,2.8,1.75
19,37,1.631578947368421,3,7.0,1.9090909090909092
22,38,2.8181818181818183,5,3.5555555555555554,1.7777777777777777
29,115,4.275862068965517,7,6.615384615384615,3.44
23,43,3.3043478260869565,6,5.285714285714286,1.9473684210526316
27,128,3.8518518518518516,7,5.238095238095238,4.782608695652174
25,46,3.28,6,5.125,1.9523809523809523
26,61,3.1538461538461537,5,5.090909090909091,2.5454545454545454
26,123,3.8461538461538463,6,5.368421052631579,4.636363636363637
22,40,3.3181818181818183,6,5.0,1.9444444444444444
24,87,3.375,6,4.5,3.6
23,65,3.1739130434782608,5,5.4,2.8421052631578947
22,41,3.409090909090909,6,5.428571428571429,2.0
20,34,1.6,3,4.75,1.7272727272727273
27,50,2.7037037037037037,5,6.714285714285714,1.9583333333333333
28,98,3.5714285714285716,6,5.071428571428571,2.9583333333333335
26,55,1.9230769230769231,4,4.125,2.5384615384615383
27,98,3.5555555555555554,6,5.5,3.8260869565217392
21,41,3.142857142857143,5,4.75,2.111111111111111
23,73,3.1739130434782608,6,4.6,3.45
24,58,2.5833333333333335,5,4.5,2.7
17,28,1.4705882352941178,3,2.1666666666666665,2.1666666666666665
23,39,2.8260869565217392,5,3.5,1.8421052631578947
23,40,3.3043478260869565,6,6.166666666666667,1.85
17,47,3.411764705882353,7,3.3846153846153846,3.142857142857143
28,105,3.25,7,5.2105263157894735,4.125
24,77,3.5833333333333335,6,5.142857142857143,3.4285714285714284
22,52,2.5,4,4.9,2.5789473684210527
21,53,2.1904761904761907,4,4.25,2.8333333333333335
21,58,3.1904761904761907,6,3.6153846153846154,2.764705882352941
28,102,3.6785714285714284,6,5.866666666666666,3.6666666666666665
24,41,3.3333333333333335,6,6.333333333333333,1.8095238095238095
24,80,2.8333333333333335,5,4.4375,3.55
25,46,2.72,4,7.0,2.0
18,30,1.5555555555555556,3,2.3333333333333335,2.0
21,30,2.8095238095238093,5,2.6,1.5294117647058822
23,40,3.391304347826087,6,6.166666666666667,1.85
20,32,1.55,3,5.333333333333333,1.6
25,52,1.92,5,3.0,2.5
26,45,2.8846153846153846,5,4.1,1.8636363636363635
23,66,3.4347826086956523,6,4.428571428571429,3.1
12,15,1.3333333333333333,3,1.6666666666666667,1.6666666666666667
23,64,2.652173913043478,4,4.538461538461538,2.95
22,53,2.5,5,4.125,2.357142857142857
20,30,1.45,2,6.0,1.3333333333333333
27,103,4.037037037037037,7,5.733333333333333,3.739130434782609
22,38,3.409090909090909,6,5.833333333333333,1.8421052631578947
23,65,2.9565217391304346,5,4.083333333333333,2.5789473684210527
27,50,2.7777777777777777,4,5.75,2.0
18,32,1.7222222222222223,3,3.0,1.6666666666666667
21,37,3.3333333333333335,6,5.666666666666667,1.8888888888888888
25,88,2.88,5,4.235294117647059,3.4285714285714284
24,40,2.6666666666666665,4,7.2,1.8
18,29,1.5,3,2.6,1.8571428571428572
23,37,2.8260869565217392,5,3.3,1.736842105263158
22,38,3.409090909090909,6,5.833333333333333,1.8421052631578947
21,34,1.5714285714285714,3,3.25,1.4444444444444444
25,43,2.68,4,6.5,1.8571428571428572
24,85,3.125,6,3.7777777777777777,3.4
23,78,3.0869565217391304,6,3.8125,3.210526315789474
21,33,2.761904761904762,5,2.9,1.7058823529411764
22,62,2.9545454545454546,6,3.5833333333333335,2.5294117647058822
19,38,2.1578947368421053,4,3.142857142857143,1.6923076923076923
22,70,3.3636363636363638,6,4.333333333333333,3.4210526315789473
20,44,2.65,5,4.5,2.1176470588235294
17,29,1.411764705882353,3,2.4,2.0
21,39,2.8095238095238093,5,3.090909090909091,2.0
30,190,4.433333333333334,8,6.84,6.576923076923077
22,31,3.0454545454545454,5,4.666666666666667,1.4736842105263157
19,44,2.6315789473684212,5,3.3333333333333335,2.5
27,53,3.037037037037037,6,4.0,2.0869565217391304
19,36,1.4736842105263157,3,3.0,2.5714285714285716
22,63,2.8636363636363638,5,4.142857142857143,3.2222222222222223
17,34,2.176470588235294,5,3.2857142857142856,2.090909090909091
21,33,2.9047619047619047,6,2.9,1.7058823529411764
23,39,3.3043478260869565,6,5.833333333333333,1.8421052631578947
23,76,3.130434782608696,5,4.533333333333333,3.4
27,54,3.037037037037037,6,4.545454545454546,2.1739130434782608
21,67,3.0476190476190474,6,4.615384615384615,3.5294117647058822
23,39,3.3043478260869565,6,5.833333333333333,1.8421052631578947
25,87,3.12,6,4.3125,3.2857142857142856
24,44,2.9166666666666665,6,3.25,1.95
26,74,3.4615384615384617,6,5.3076923076923075,3.1363636363636362
22,49,1.9090909090909092,4,4.5,2.4545454545454546
23,39,3.3043478260869565,6,5.833333333333333,1.8421052631578947
24,83,3.4166666666666665,6,4.533333333333333,3.4
25,51,2.64,5,5.222222222222222,2.238095238095238
23,39,3.3043478260869565,6,5.833333333333333,1.8421052631578947
25,87,2.96,5,4.117647058823529,3.3333333333333335
26,73,3.1538461538461537,5,4.533333333333333,3.090909090909091
17,35,2.0,4,3.0,2.1818181818181817
20,33,2.9,6,2.9,1.8125
22,37,3.3181818181818183,6,5.5,1.8333333333333333
24,52,3.0,5,5.222222222222222,2.35
24,41,3.2916666666666665,6,6.166666666666667,1.85
20,30,1.55,3,5.0,1.5
27,111,3.1481481481481484,6,5.777777777777778,4.521739130434782
19,31,1.631578947368421,3,5.666666666666667,1.5454545454545454
19,29,1.5263157894736843,2,7.5,1.5
22,38,2.8636363636363638,6,3.0,1.8333333333333333
25,75,3.36,6,3.5,3.0
23,39,3.3043478260869565,6,5.833333333333333,1.8421052631578947
25,48,2.6,4,5.5,2.0952380952380953
16,20,1.5,2,8.0,1.0
23,40,3.3043478260869565,6,5.833333333333333,1.8421052631578947
25,91,3.24,6,4.111111111111111,3.5238095238095237
24,43,3.0416666666666665,6,3.1666666666666665,1.9
26,88,3.4615384615384617,6,6.083333333333333,3.3181818181818183
22,26,1.4545454545454546,3,4.5,1.125
21,23,1.380952380952381,3,3.5,1.0
15,35,2.2,4,3.2222222222222223,2.4166666666666665
21,67,3.0,6,3.5,2.7222222222222223
24,111,3.75,8,5.25,5.25
21,76,2.8095238095238093,6,3.7333333333333334,3.2941176470588234
23,106,3.5652173913043477,7,5.315789473684211,5.315789473684211
16,38,2.625,6,3.7777777777777777,2.6153846153846154
18,59,3.5,8,3.6666666666666665,3.6666666666666665
25,140,3.8,8,6.190476190476191,6.190476190476191
20,63,3.5,7,4.833333333333333,3.411764705882353
29,215,4.172413793103448,8,7.148148148148148,7.72
21,29,3.0476190476190474,5,4.333333333333333,1.4444444444444444
25,87,3.64,7,5.125,3.9047619047619047
20,58,3.85,8,3.2857142857142856,2.875
24,96,3.5,7,4.35,4.142857142857143
30,96,3.4,6,6.0,2.5384615384615383
23,40,3.3043478260869565,6,5.142857142857143,1.894736842105263
24,86,3.375,6,5.142857142857143,3.6
23,66,2.9565217391304346,6,3.066666666666667,2.875
28,109,3.4642857142857144,7,5.368421052631579,4.25
23,38,2.9565217391304346,6,3.0,1.736842105263158
27,100,3.3703703703703702,6,6.083333333333333,3.1739130434782608
22,42,3.3181818181818183,6,5.0,1.9444444444444444
24,82,4.25,8,3.65,3.65
27,53,3.074074074074074,6,4.0,2.0869565217391304
22,40,3.3181818181818183,6,5.0,1.9444444444444444
26,110,3.1538461538461537,6,5.277777777777778,4.318181818181818
25,45,3.04,6,3.3333333333333335,1.9047619047619047
26,81,3.5384615384615383,6,5.428571428571429,3.4545454545454546
23,57,2.1739130434782608,4,4.375,2.6923076923076925
21,60,3.238095238095238,6,3.5384615384615383,2.7058823529411766
25,56,3.08,6,4.416666666666667,2.409090909090909
24,40,3.375,6,6.166666666666667,1.7619047619047619
27,65,3.1481481481481484,5,6.888888888888889,2.5833333333333335
28,135,4.071428571428571,8,5.238095238095238,4.583333333333333
26,78,3.5384615384615383,6,6.25,3.260869565217391
23,72,3.4782608695652173,7,4.0,3.4
20,62,3.25,7,4.071428571428571,3.3529411764705883
23,28,1.6956521739130435,3,7.0,1.2727272727272727
25,100,3.2,7,5.0,4.523809523809524
27,49,2.888888888888889,5,3.75,1.9565217391304348
19,39,1.6842105263157894,4,3.142857142857143,2.75
18,37,1.7777777777777777,4,2.857142857142857,2.5
24,41,3.375,6,6.333333333333333,1.8095238095238095
25,85,2.88,5,4.352941176470588,3.5238095238095237
26,47,2.923076923076923,6,3.5833333333333335,1.9545454545454546
31,108,3.6774193548387095,6,9.0,3.3333333333333335
23,40,3.391304347826087,6,6.166666666666667,1.85
15,29,2.533333333333333,5,2.6666666666666665,1.6
28,117,3.607142857142857,7,5.222222222222222,4.086956521739131
27,50,2.962962962962963,6,3.8333333333333335,2.0
25,45,3.08,6,3.727272727272727,1.9523809523809523
27,73,3.4814814814814814,6,4.357142857142857,2.652173913043478
22,39,3.3181818181818183,6,6.0,1.894736842105263
20,58,2.9,6,3.4285714285714284,2.823529411764706
28,84,3.357142857142857,6,5.642857142857143,3.16
24,65,2.9583333333333335,5,5.0,2.6315789473684212
23,37,3.0,6,3.3,1.736842105263158
27,99,3.5555555555555554,6,6.583333333333333,3.4347826086956523
23,40,3.391304347826087,6,6.166666666666667,1.85
24,54,3.125,5,5.555555555555555,2.380952380952381
26,55,2.0,4,5.0,2.142857142857143
22,52,2.090909090909091,4,4.428571428571429,2.3846153846153846
23,40,3.217391304347826,6,6.0,1.894736842105263
24,82,3.4166666666666665,6,4.928571428571429,3.45
27,47,2.888888888888889,5,3.5833333333333335,1.8695652173913044
20,36,1.35,3,3.2,2.6666666666666665
19,33,1.3157894736842106,2,2.8,2.3333333333333335
21,37,3.3333333333333335,6,5.666666666666667,1.8888888888888888
25,86,3.08,6,4.375,3.3333333333333335
24,44,2.9583333333333335,6,3.3333333333333335,2.0
21,37,3.3333333333333335,6,5.666666666666667,1.8888888888888888
24,80,3.2916666666666665,5,4.2,3.15
23,55,1.7826086956521738,4,2.6923076923076925,2.9166666666666665
29,117,3.5172413793103448,7,5.842105263157895,4.44
19,32,1.263157894736842,2,3.25,2.6
21,72,3.2857142857142856,6,4.0625,3.611111111111111
21,37,3.3333333333333335,6,5.666666666666667,1.8888888888888888
24,81,3.375,6,4.333333333333333,3.25
25,42,2.68,4,6.333333333333333,1.8095238095238095
25,48,2.88,5,5.5,2.0952380952380953
26,77,3.423076923076923,6,5.2,2.3636363636363638
21,30,3.0476190476190474,5,3.857142857142857,1.5
19,58,3.1052631578947367,6,3.857142857142857,3.375
29,85,3.4482758620689653,6,5.333333333333333,3.076923076923077
12,20,1.75,4,2.75,2.2
25,72,3.36,6,4.285714285714286,2.857142857142857
23,40,3.391304347826087,6,6.166666666666667,1.85
24,86,3.375,6,4.666666666666667,3.5
23,80,4.217391304347826,8,3.388888888888889,3.210526315789474
23,43,2.782608695652174,5,4.875,2.0526315789473686
23,79,3.5217391304347827,7,4.8,3.789473684210526
24,40,3.25,6,6.0,1.8
19,56,3.789473684210526,8,4.083333333333333,3.0625
24,42,2.875,6,3.1666666666666665,1.9
23,63,2.869565217391304,6,3.4166666666666665,2.411764705882353
21,33,2.761904761904762,5,2.9,1.7058823529411764
19,35,1.368421052631579,2,3.2,2.2857142857142856
19,39,1.7894736842105263,3,3.5,1.9090909090909092
22,38,3.227272727272727,6,5.666666666666667,1.8888888888888888
26,56,3.0384615384615383,5,6.375,2.3181818181818183
23,39,3.3043478260869565,6,5.833333333333333,1.8421052631578947
20,31,1.65,2,5.0,1.1538461538461537
20,43,2.3,5,2.0,2.1666666666666665
25,48,2.96,6,3.6666666666666665,2.0952380952380953
13,20,1.6923076923076923,4,2.25,1.8
24,67,2.625,5,3.0714285714285716,2.388888888888889
22,36,2.8181818181818183,5,3.2,1.7777777777777777
18,29,1.6111111111111112,3,3.0,1.5
22,38,3.227272727272727,6,5.666666666666667,1.8888888888888888
20,39,1.55,2,7.0,1.9090909090909092
24,36,2.7916666666666665,4,3.875,1.55
23,60,2.391304347826087,5,3.7,2.3125
26,78,3.4615384615384617,6,3.588235294117647,2.772727272727273
19,31,1.263157894736842,2,3.0,2.4
20,30,2.8,5,2.6,1.625
26,86,3.5,6,4.066666666666666,2.772727272727273
22,52,2.6363636363636362,5,4.363636363636363,2.6666666666666665
22,60,3.0,6,4.181818181818182,2.5555555555555554
25,81,3.56,6,4.75,3.619047619047619
22,53,2.3181818181818183,5,4.428571428571429,2.3846153846153846
24,62,3.25,6,4.7272727272727275,2.6
22,28,1.5909090909090908,3,6.0,1.3333333333333333
21,48,2.142857142857143,4,5.666666666666667,2.6153846153846154
29,126,3.689655172413793,7,5.666666666666667,4.76
24,46,1.8333333333333333,3,5.5,1.8333333333333333
20,57,3.1,6,3.1666666666666665,2.533333333333333
23,44,2.9130434782608696,5,3.875,1.631578947368421
26,100,3.730769230769231,7,5.294117647058823,4.090909090909091
29,82,3.310344827586207,6,5.5,3.08
16,24,1.4375,3,3.3333333333333335,1.6666666666666667
25,48,3.24,6,5.428571428571429,1.8095238095238095
25,49,2.6,4,5.625,2.142857142857143
16,21,1.5625,3,3.3333333333333335,1.25
23,42,3.260869565217391,6,5.0,1.8421052631578947
27,113,3.740740740740741,7,5.368421052631579,4.434782608695652
21,66,3.9047619047619047,8,3.466666666666667,3.0588235294117645
30,107,3.7666666666666666,7,5.2631578947368425,3.8461538461538463
24,60,2.2916666666666665,4,5.125,2.9285714285714284
21,36,2.9047619047619047,6,2.8181818181818183,1.8235294117647058
23,39,3.3043478260869565,6,5.833333333333333,1.8421052631578947
25,59,3.04,5,4.909090909090909,2.5714285714285716
25,56,1.96,4,5.166666666666667,2.3846153846153846
22,52,1.9090909090909092,3,5.333333333333333,2.2857142857142856
23,39,3.3043478260869565,6,5.833333333333333,1.8421052631578947
24,93,3.9166666666666665,7,4.277777777777778,3.85
25,45,2.84,5,3.3333333333333335,1.9047619047619047
23,57,1.8695652173913044,3,4.5,2.5714285714285716
24,42,3.2916666666666665,6,5.428571428571429,1.9
26,105,3.730769230769231,7,4.571428571428571,4.363636363636363
28,107,2.857142857142857,5,5.368421052631579,4.25
26,71,2.4615384615384617,4,5.444444444444445,2.8823529411764706
19,56,3.0,6,3.0,2.6
26,84,3.1538461538461537,5,5.266666666666667,3.590909090909091
23,58,2.5652173913043477,5,4.625,2.466666666666667
21,36,3.380952380952381,6,4.571428571428571,1.8823529411764706
24,84,4.25,8,3.6842105263157894,3.5
25,52,3.08,6,3.75,2.142857142857143
30,121,3.6666666666666665,7,6.105263157894737,4.461538461538462
22,39,3.409090909090909,6,5.142857142857143,1.894736842105263
27,99,3.2962962962962963,6,4.842105263157895,3.8333333333333335
27,68,2.962962962962963,5,5.0,2.7083333333333335
13,21,1.6923076923076923,4,2.5,2.0
25,73,3.16,5,5.0,3.0
18,31,1.5555555555555556,3,2.5,2.142857142857143
23,38,2.8260869565217392,5,3.4,1.7894736842105263
13,17,1.3846153846153846,3,1.5,1.5
13,18,1.5384615384615385,3,1.75,1.4
24,41,3.375,6,6.333333333333333,1.8095238095238095
19,58,3.0526315789473686,6,4.083333333333333,3.0625
22,57,2.4545454545454546,5,2.533333333333333,2.7142857142857144
26,74,2.9615384615384617,5,5.384615384615385,3.0434782608695654
22,43,1.8181818181818181,3,4.8,1.8461538461538463
22,36,2.8181818181818183,5,3.2,1.7777777777777777
27,92,3.5555555555555554,6,5.333333333333333,3.4782608695652173
23,40,3.391304347826087,6,6.166666666666667,1.85
24,84,4.125,8,4.117647058823529,3.5
28,79,3.4285714285714284,6,5.0,3.0
23,62,3.0,5,4.166666666666667,2.7777777777777777
20,60,2.85,6,3.1538461538461537,2.7333333333333334
23,40,3.391304347826087,6,6.166666666666667,1.85
25,86,3.4,6,5.142857142857143,3.4285714285714284
25,92,4.2,8,4.235294117647059,3.4285714285714284
25,82,3.44,7,5.133333333333334,3.5
21,54,2.5238095238095237,5,4.2,3.0
23,40,3.391304347826087,6,6.166666666666667,1.85
28,69,3.2142857142857144,5,5.416666666666667,2.6
28,111,3.607142857142857,7,4.833333333333333,3.782608695652174
26,88,3.730769230769231,6,6.0,3.652173913043478
18,41,2.2777777777777777,5,3.3333333333333335,2.3076923076923075
21,39,2.9047619047619047,6,3.1818181818181817,2.0588235294117645
23,60,2.6956521739130435,5,4.75,2.375
25,90,3.4,7,5.428571428571429,4.0
19,35,1.736842105263158,3,3.6,1.8
22,37,3.409090909090909,6,5.666666666666667,1.7894736842105263
23,71,3.0434782608695654,5,4.5,3.15
27,58,3.0,6,5.4,2.347826086956522
21,67,2.7142857142857144,5,4.615384615384615,3.5294117647058822
21,61,3.2857142857142856,7,4.3076923076923075,3.111111111111111
21,35,1.9523809523809523,4,4.2,1.9090909090909092
22,27,1.7272727272727273,3,7.0,1.2727272727272727
19,50,3.0,6,3.8333333333333335,2.875
28,153,4.214285714285714,8,6.2727272727272725,5.75
21,82,3.619047619047619,8,4.333333333333333,4.333333333333333
19,50,2.4210526315789473,4,5.833333333333333,2.5
16,35,2.5625,6,3.2,2.4615384615384617
21,72,3.5238095238095237,8,4.25,3.7777777777777777
29,204,4.172413793103448,8,7.2592592592592595,7.84
21,29,3.0476190476190474,5,4.333333333333333,1.4444444444444444
27,100,4.0,7,5.647058823529412,4.0
23,80,3.391304347826087,6,4.5,3.6
27,95,3.3333333333333335,6,6.8,2.9565217391304346
23,40,3.391304347826087,6,6.166666666666667,1.85
20,62,3.7,8,4.25,3.1875
29,106,3.2413793103448274,6,5.2105263157894735,3.96
26,74,3.1923076923076925,5,4.615384615384615,2.857142857142857
24,41,3.2916666666666665,6,6.166666666666667,1.85
22,58,2.8181818181818183,5,3.727272727272727,2.2777777777777777
24,43,2.75,4,5.571428571428571,1.95
23,65,3.0869565217391304,5,4.25,2.8333333333333335
23,39,3.3043478260869565,6,5.833333333333333,1.8421052631578947
18,24,1.5,2,3.3333333333333335,1.1111111111111112
20,42,2.0,4,2.272727272727273,2.0833333333333335
29,88,3.0,5,5.533333333333333,3.32
19,32,1.4736842105263157,2,8.0,1.7777777777777777
18,37,1.6111111111111112,3,3.1666666666666665,2.111111111111111
22,56,3.0454545454545454,5,3.5833333333333335,2.5294117647058822
23,39,2.9130434782608696,5,3.7777777777777777,1.7894736842105263
20,37,2.0,4,3.0,1.6153846153846154
22,37,3.3181818181818183,6,5.5,1.8333333333333333
24,81,2.9166666666666665,5,4.266666666666667,3.2
23,42,2.9130434782608696,6,3.0833333333333335,1.9473684210526316
28,88,3.107142857142857,5,6.666666666666667,2.608695652173913
23,39,3.3043478260869565,6,5.833333333333333,1.8421052631578947
24,82,3.2916666666666665,5,4.266666666666667,3.2
26,99,4.230769230769231,8,4.1,3.727272727272727
27,52,3.074074074074074,6,3.6153846153846154,2.0434782608695654
19,31,1.4736842105263157,3,2.1666666666666665,1.8571428571428572
21,32,2.761904761904762,5,2.8,1.6470588235294117
16,21,1.4375,2,7.0,1.0
21,47,2.6666666666666665,5,3.909090909090909,2.5294117647058822
18,31,1.8333333333333333,3,3.5,1.4
20,35,2.75,5,3.0,1.875
23,39,3.3043478260869565,6,5.833333333333333,1.8421052631578947
27,123,3.888888888888889,7,4.809523809523809,4.391304347826087
26,82,3.1923076923076925,6,5.583333333333333,3.35
18,40,2.111111111111111,5,2.875,2.3
19,44,2.0,4,2.888888888888889,2.3636363636363638
23,39,3.3043478260869565,6,5.833333333333333,1.8421052631578947
14,33,3.7142857142857144,6,3.5,1.75
21,50,2.0,4,4.285714285714286,2.5
24,45,2.8333333333333335,5,3.076923076923077,2.0
23,41,2.9565217391304346,6,3.272727272727273,1.894736842105263
19,33,1.631578947368421,3,5.333333333333333,1.4545454545454546
23,39,3.3043478260869565,6,5.833333333333333,1.8421052631578947
25,56,3.04,5,5.666666666666667,2.4285714285714284
19,35,1.5263157894736843,2,10.0,2.0
24,74,3.3333333333333335,6,4.533333333333333,3.4
22,65,3.0454545454545454,5,4.833333333333333,3.2222222222222223
21,50,2.619047619047619,5,4.142857142857143,2.0714285714285716
26,80,3.4615384615384617,6,5.666666666666667,3.090909090909091
22,25,1.4090909090909092,3,4.0,1.1428571428571428
21,24,1.4285714285714286,3,4.0,1.1428571428571428
15,40,2.466666666666667,6,3.0,2.75
20,64,2.85,6,3.6923076923076925,2.823529411764706
24,116,3.7916666666666665,8,5.45,5.45
21,77,2.857142857142857,6,3.8,3.3529411764705883
23,107,3.608695652173913,7,5.368421052631579,5.368421052631579
16,39,2.625,6,3.0,2.769230769230769
17,52,3.4705882352941178,8,3.4285714285714284,3.4285714285714284
26,154,3.9615384615384617,8,6.809523809523809,6.5
20,63,3.5,7,4.833333333333333,3.411764705882353
29,220,4.172413793103448,8,7.37037037037037,7.96
22,30,2.9545454545454546,5,4.333333333333333,1.4444444444444444
26,93,3.3076923076923075,6,4.294117647058823,3.1739130434782608
25,74,3.08,5,5.153846153846154,3.1904761904761907
23,85,3.347826086956522,6,4.277777777777778,4.052631578947368
27,88,3.4444444444444446,6,5.083333333333333,2.652173913043478
24,44,3.2916666666666665,6,5.571428571428571,1.95
24,93,3.5,6,4.9375,3.95
23,80,4.130434782608695,8,3.611111111111111,3.4210526315789473
26,78,3.423076923076923,7,4.5625,3.3181818181818183
23,61,2.6956521739130435,5,4.363636363636363,3.0
21,37,3.380952380952381,6,4.714285714285714,1.9411764705882353
26,103,3.423076923076923,6,4.947368421052632,4.2727272727272725
24,45,2.8333333333333335,5,5.714285714285714,2.0
25,66,3.44,6,4.846153846153846,2.8636363636363638
26,65,2.3076923076923075,4,5.625,3.0
21,43,2.1904761904761907,4,4.5,1.8
25,42,3.32,6,6.5,1.7727272727272727
26,101,3.730769230769231,7,4.666666666666667,3.8181818181818183
28,78,3.2857142857142856,5,5.357142857142857,3.0
12,20,1.75,4,2.5,2.0
24,41,3.375,6,6.333333333333333,1.8095238095238095
14,23,2.2142857142857144,5,2.4,1.7142857142857142
28,107,3.142857142857143,6,5.1,4.08
24,68,3.0,5,5.0,3.0952380952380953
23,62,3.347826086956522,6,3.769230769230769,2.5789473684210527
24,58,2.625,5,4.153846153846154,2.7
18,30,1.6111111111111112,3,2.8,1.75
22,38,3.3181818181818183,6,5.833333333333333,1.8421052631578947
19,27,1.5263157894736843,3,2.75,1.2222222222222223
28,83,3.0714285714285716,5,5.333333333333333,3.2
17,29,1.6470588235294117,3,2.8,1.75
12,18,1.5833333333333333,3,2.0,1.6
26,69,3.1923076923076925,5,4.416666666666667,2.5238095238095237
26,86,3.3846153846153846,6,6.153846153846154,3.6363636363636362
23,28,1.608695652173913,3,6.5,1.3
21,36,1.619047619047619,3,4.75,2.111111111111111
28,113,4.214285714285714,8,5.684210526315789,4.5
23,74,2.260869565217391,5,4.25,3.1875
21,75,3.619047619047619,8,4.176470588235294,3.9444444444444446
19,46,2.736842105263158,6,4.375,2.3333333333333335
24,103,3.7083333333333335,8,5.444444444444445,4.9
20,54,3.4,7,4.545454545454546,2.9411764705882355
27,156,3.962962962962963,8,5.96,6.478260869565218
22,30,3.0,5,4.5,1.4210526315789473
26,100,3.8846153846153846,7,5.333333333333333,4.173913043478261
24,54,2.125,4,4.714285714285714,2.357142857142857
21,50,2.142857142857143,4,4.571428571428571,2.4615384615384617
23,39,3.347826086956522,6,6.0,1.8
27,118,3.888888888888889,7,5.421052631578948,4.478260869565218
25,43,3.36,6,6.666666666666667,1.8181818181818181
26,65,3.1538461538461537,5,4.916666666666667,2.5652173913043477
23,78,3.130434782608696,6,3.6470588235294117,3.263157894736842
21,37,3.3333333333333335,6,5.666666666666667,1.8888888888888888
25,45,2.64,4,5.125,1.9523809523809523
25,54,1.96,4,4.833333333333333,2.230769230769231
24,41,3.0416666666666665,6,3.3636363636363638,1.85
21,37,3.3333333333333335,6,5.666666666666667,1.8888888888888888
24,82,3.4166666666666665,6,4.6,3.45
24,77,3.375,7,3.4375,3.0555555555555554
25,67,3.44,7,4.428571428571429,2.9523809523809526
20,49,2.45,5,3.6,2.769230769230769
22,38,3.409090909090909,6,5.833333333333333,1.8421052631578947
25,52,1.72,4,2.4166666666666665,2.4166666666666665
23,42,2.739130434782609,5,6.333333333333333,2.0
24,68,2.75,5,4.285714285714286,2.857142857142857
21,33,2.9047619047619047,6,2.9,1.7058823529411764
20,35,3.35,6,5.333333333333333,1.8823529411764706
20,46,2.55,5,3.0,2.4705882352941178
27,88,3.4814814814814814,6,4.882352941176471,3.608695652173913
24,68,3.3333333333333335,6,4.5,3.15
22,48,1.8181818181818181,4,4.333333333333333,2.6
22,42,1.8181818181818181,3,5.0,1.8181818181818181
23,73,3.260869565217391,6,4.533333333333333,3.5789473684210527
21,36,3.4285714285714284,6,5.5,1.8333333333333333
24,84,2.9166666666666665,5,4.1875,3.35
26,44,2.769230769230769,4,6.666666666666667,1.8181818181818181
18,27,1.3888888888888888,3,2.5,1.6666666666666667
22,35,2.8181818181818183,5,3.1,1.7222222222222223
21,31,3.0476190476190474,5,4.0,1.5555555555555556
25,100,3.76,7,5.222222222222222,4.476190476190476
23,79,3.9130434782608696,8,3.411764705882353,3.0526315789473686
25,67,3.44,7,4.428571428571429,2.9523809523809526
23,54,2.1739130434782608,4,4.428571428571429,2.2142857142857144
23,39,3.3043478260869565,6,5.833333333333333,1.8421052631578947
28,121,3.7857142857142856,7,5.611111111111111,4.208333333333333
28,54,2.857142857142857,5,5.555555555555555,2.0833333333333335
18,26,1.3888888888888888,3,2.5,1.6666666666666667
21,41,1.7619047619047619,3,4.4,1.8333333333333333
13,21,1.6923076923076923,4,2.5,2.0
23,39,3.3043478260869565,6,5.833333333333333,1.8421052631578947
20,37,1.75,3,3.4,1.5454545454545454
27,65,3.037037037037037,5,5.0,2.608695652173913
24,54,2.1666666666666665,5,3.75,2.142857142857143
23,39,3.3043478260869565,6,5.833333333333333,1.8421052631578947
27,115,3.7037037037037037,7,5.647058823529412,4.173913043478261
29,91,3.6206896551724137,6,5.0,3.4
26,70,2.5,5,4.7,2.764705882352941
25,55,2.0,4,5.0,2.3076923076923075
22,34,2.8181818181818183,5,3.3333333333333335,1.6666666666666667
13,16,1.3076923076923077,3,1.6666666666666667,1.6666666666666667
13,16,1.3076923076923077,3,1.6666666666666667,1.6666666666666667
29,103,4.241379310344827,7,6.416666666666667,3.08
23,39,3.3043478260869565,6,5.833333333333333,1.8421052631578947
25,50,2.6,4,5.111111111111111,2.1904761904761907
19,34,1.7894736842105263,4,2.4285714285714284,1.8888888888888888
24,41,3.2916666666666665,6,6.166666666666667,1.85
24,79,3.0833333333333335,5,4.733333333333333,3.380952380952381
24,47,2.875,6,5.375,2.15
21,70,3.0952380952380953,6,4.846153846153846,3.7058823529411766
17,29,1.7647058823529411,3,3.5,1.5555555555555556
23,39,3.3043478260869565,6,5.833333333333333,1.8421052631578947
24,90,3.5,6,4.866666666666666,3.65
23,73,3.6956521739130435,8,3.1176470588235294,2.9444444444444446
24,51,2.8333333333333335,5,6.0,2.1
22,74,3.3636363636363638,7,5.153846153846154,3.7222222222222223
19,35,1.5263157894736843,2,9.5,1.9
17,50,2.9411764705882355,6,3.0,2.5384615384615383
23,61,3.0869565217391304,5,4.0,2.6666666666666665
13,20,1.6153846153846154,4,1.8,1.8
23,39,3.3043478260869565,6,5.833333333333333,1.8421052631578947
19,37,1.8421052631578947,4,3.6,1.8
26,68,3.0384615384615383,5,4.769230769230769,2.8181818181818183
25,68,2.48,5,3.5833333333333335,2.6875
23,38,3.3043478260869565,6,5.666666666666667,1.7894736842105263
23,45,1.565217391304348,3,3.5714285714285716,2.0833333333333335
28,119,3.4285714285714284,7,6.222222222222222,4.666666666666667
21,37,2.761904761904762,5,3.0,1.7647058823529411
13,21,1.6923076923076923,4,2.5,2.0
13,20,1.6923076923076923,4,2.25,1.8
27,88,3.5555555555555554,6,6.0,3.130434782608696
21,26,1.4761904761904763,3,3.0,1.2857142857142858
22,27,1.4545454545454546,3,3.0,1.2857142857142858
18,55,2.4444444444444446,5,3.8181818181818183,3.0
23,74,2.5217391304347827,6,3.7142857142857144,3.0588235294117645
21,80,3.9047619047619047,8,3.9411764705882355,3.7222222222222223
23,106,3.652173913043478,8,5.05,5.315789473684211
24,132,3.7916666666666665,8,5.809523809523809,6.1
22,87,3.409090909090909,7,5.4,4.5
26,183,3.8846153846153846,8,6.958333333333333,7.590909090909091
21,32,3.0952380952380953,5,4.5,1.5
24,99,3.625,7,5.1875,3.9523809523809526
21,60,3.238095238095238,6,3.5384615384615383,2.7058823529411766
23,69,3.3043478260869565,6,5.333333333333333,3.2
25,47,3.48,6,6.666666666666667,1.8181818181818181
26,49,2.6923076923076925,5,5.75,2.0
25,55,2.08,4,4.375,2.5
24,39,2.875,5,3.888888888888889,1.75
25,43,3.32,6,6.5,1.7727272727272727
26,105,3.730769230769231,7,4.631578947368421,4.0
27,58,2.6296296296296298,5,6.0,2.347826086956522
17,29,1.4705882352941178,3,2.3333333333333335,2.3333333333333335
23,48,1.9130434782608696,3,4.666666666666667,2.0
25,42,3.32,6,6.5,1.7727272727272727
25,91,3.0,5,5.125,3.9047619047619047
28,57,2.642857142857143,5,5.3,2.2083333333333335
18,30,1.5555555555555556,3,2.3333333333333335,2.0
23,37,2.8260869565217392,5,3.3,1.736842105263158
26,86,3.4615384615384617,6,6.666666666666667,3.6363636363636362
23,45,2.0869565217391304,4,3.5,2.0
26,127,3.8461538461538463,8,5.809523809523809,5.545454545454546
23,71,3.0869565217391304,6,3.923076923076923,2.8333333333333335
23,37,2.8260869565217392,5,3.3,1.736842105263158
22,67,3.272727272727273,6,4.133333333333334,3.263157894736842
24,41,3.375,6,6.333333333333333,1.8095238095238095
26,60,3.1538461538461537,5,5.6,2.4347826086956523
18,28,1.3888888888888888,3,2.4,2.0
23,35,2.8260869565217392,5,3.1,1.631578947368421
24,41,3.3333333333333335,6,6.333333333333333,1.8095238095238095
19,57,3.8421052631578947,8,3.923076923076923,3.1875
26,50,2.769230769230769,4,5.75,2.090909090909091
24,63,2.5833333333333335,5,4.5,2.8125
22,50,2.3181818181818183,4,2.9,2.0714285714285716
22,37,3.409090909090909,6,5.666666666666667,1.7894736842105263
26,72,2.9615384615384617,5,5.666666666666667,2.9565217391304346
25,54,1.96,4,4.833333333333333,2.230769230769231
22,38,3.409090909090909,6,5.833333333333333,1.8421052631578947
27,39,2.814814814814815,4,4.375,1.5217391304347827
28,84,2.9285714285714284,5,5.642857142857143,3.2916666666666665
23,61,2.8260869565217392,5,3.6666666666666665,2.4444444444444446
19,47,2.4210526315789473,5,2.6363636363636362,2.4166666666666665
22,35,2.8181818181818183,5,3.1,1.7222222222222223
18,30,1.3888888888888888,2,2.6,1.8571428571428572
27,114,4.074074074074074,8,6.25,4.3478260869565215
12,16,1.4166666666666667,3,1.5,1.5
22,38,3.409090909090909,6,5.833333333333333,1.8421052631578947
20,32,1.55,3,5.333333333333333,1.6
24,41,2.625,4,6.166666666666667,1.85
29,89,3.1724137931034484,6,4.615384615384615,2.608695652173913
22,38,2.8181818181818183,5,3.090909090909091,1.8888888888888888
18,31,1.6111111111111112,3,2.8,1.75
13,17,1.3846153846153846,3,1.5,1.5
26,86,3.3846153846153846,6,6.6,3.0
21,37,3.3333333333333335,6,5.666666666666667,1.8888888888888888
22,70,3.3181818181818183,6,4.133333333333334,3.263157894736842
29,110,3.1724137931034484,6,5.15,4.12
27,74,2.925925925925926,5,4.583333333333333,2.75
22,38,3.409090909090909,6,5.833333333333333,1.8421052631578947
24,83,3.375,6,4.466666666666667,3.35
24,80,3.9166666666666665,8,3.5294117647058822,3.0
27,75,2.7777777777777777,5,4.666666666666667,3.0434782608695654
12,18,1.6666666666666667,4,2.0,1.6
22,38,3.409090909090909,6,5.833333333333333,1.8421052631578947
15,29,2.533333333333333,5,2.6666666666666665,1.6
29,122,3.5517241379310347,7,5.0,3.9583333333333335
28,84,3.0,5,5.642857142857143,3.2916666666666665
15,21,1.4666666666666666,2,4.0,1.1428571428571428
25,67,2.76,5,4.363636363636363,2.526315789473684
22,38,3.409090909090909,6,5.833333333333333,1.8421052631578947
19,54,3.3157894736842106,7,4.2727272727272725,2.9375
29,115,3.4827586206896552,7,5.631578947368421,4.28
13,20,1.6923076923076923,4,2.25,1.8
23,68,2.9565217391304346,5,4.5,3.3157894736842106
22,56,2.4545454545454546,5,4.25,2.4285714285714284
21,39,2.8095238095238093,5,3.0,1.9411764705882353
13,18,1.4615384615384615,3,1.4,1.4
13,17,1.3846153846153846,3,1.5,1.5
24,36,3.0416666666666665,5,4.571428571428571,1.6
27,124,3.8518518518518516,7,5.157894736842105,4.260869565217392
24,40,3.2916666666666665,6,6.0,1.8
26,100,3.1153846153846154,6,4.611111111111111,3.772727272727273
29,113,3.4482758620689653,7,5.578947368421052,4.24
13,20,1.6923076923076923,4,2.25,1.8
25,73,3.12,6,3.533333333333333,2.65
23,39,3.3043478260869565,6,5.833333333333333,1.8421052631578947
26,91,3.1923076923076925,6,5.6,3.8181818181818183
25,49,1.8,4,4.8,2.1818181818181817
22,37,2.8636363636363638,6,3.0,1.8333333333333333
23,69,3.3043478260869565,6,4.266666666666667,3.3684210526315788
13,16,1.3076923076923077,3,1.6666666666666667,1.6666666666666667
20,65,3.25,6,3.625,3.411764705882353
23,38,3.3043478260869565,6,5.666666666666667,1.7894736842105263
24,82,2.9166666666666665,5,4.333333333333333,3.25
26,70,3.1538461538461537,5,4.642857142857143,2.9545454545454546
17,34,2.0,4,2.875,2.090909090909091
20,34,2.9,6,2.9,1.8125
28,96,3.607142857142857,6,5.833333333333333,2.9166666666666665
23,38,3.260869565217391,6,5.666666666666667,1.7894736842105263
25,81,3.52,6,3.7058823529411766,3.0
24,40,2.8333333333333335,5,4.0,1.8
13,21,1.6923076923076923,4,2.5,2.0
26,81,3.269230769230769,6,4.133333333333334,2.9523809523809526
23,39,3.3043478260869565,6,5.833333333333333,1.8421052631578947
24,91,3.5,6,4.6875,3.75
25,50,2.64,5,5.111111111111111,2.1904761904761907
23,46,2.739130434782609,5,6.0,2.210526315789474
22,37,3.3181818181818183,6,5.5,1.8333333333333333
26,77,3.3846153846153846,6,3.6666666666666665,2.5
27,82,3.4074074074074074,6,5.846153846153846,3.3043478260869565
19,35,1.5263157894736843,2,9.5,1.9
18,42,2.111111111111111,4,3.4285714285714284,2.4
22,62,3.0454545454545454,5,4.0,2.823529411764706
23,38,3.3043478260869565,6,5.666666666666667,1.7894736842105263
26,103,3.730769230769231,7,4.7368421052631575,4.090909090909091
28,108,2.9285714285714284,5,6.0588235294117645,4.291666666666667
23,61,2.3043478260869565,4,5.428571428571429,2.7142857142857144
23,59,2.1739130434782608,4,5.285714285714286,2.8461538461538463
25,76,3.16,6,4.733333333333333,3.380952380952381
22,55,2.6818181818181817,5,4.5,2.4
20,39,1.7,3,7.0,1.75
23,38,3.0869565217391304,5,3.6666666666666665,1.736842105263158
26,113,3.576923076923077,7,5.684210526315789,4.909090909090909
28,91,3.5714285714285716,6,6.142857142857143,3.5833333333333335
17,37,2.0,4,4.5,2.4545454545454546
22,39,2.9545454545454546,6,3.0,1.8333333333333333
22,37,3.3636363636363638,6,4.714285714285714,1.8333333333333333
24,88,3.375,6,5.0,3.75
23,77,4.130434782608695,8,3.388888888888889,3.210526315789474
27,55,3.074074074074074,6,4.0,2.0869565217391304
21,37,3.238095238095238,6,5.333333333333333,1.8823529411764706
15,28,2.066666666666667,5,2.5714285714285716,2.5714285714285716
24,75,2.6666666666666665,5,3.6,3.4285714285714284
21,40,3.2857142857142856,5,6.333333333333333,2.0
25,89,3.2,7,5.0,4.0476190476190474
21,69,3.9047619047619047,8,3.466666666666667,3.0588235294117645
25,76,3.52,6,5.615384615384615,3.3181818181818183
23,62,3.0434782608695654,5,4.25,2.8333333333333335
25,42,3.32,6,6.5,1.7727272727272727
24,68,3.0416666666666665,5,3.857142857142857,2.7
27,54,2.5555555555555554,4,6.25,2.1739130434782608
26,82,3.0384615384615383,6,4.75,2.85
25,42,3.32,6,6.5,1.7727272727272727
26,68,2.730769230769231,4,5.909090909090909,2.8260869565217392
13,21,1.6923076923076923,4,2.5,2.0
24,41,3.375,6,6.333333333333333,1.8095238095238095
26,72,3.3076923076923075,6,3.6,2.4545454545454546
26,91,3.6153846153846154,7,4.095238095238095,3.739130434782609
26,76,3.3076923076923075,6,5.615384615384615,3.1739130434782608
22,55,2.227272727272727,4,5.142857142857143,2.769230769230769
20,33,1.55,2,8.0,1.4545454545454546
24,40,3.3333333333333335,6,6.166666666666667,1.7619047619047619
26,67,2.730769230769231,4,5.7272727272727275,2.739130434782609
26,57,2.0,4,4.571428571428571,2.4615384615384617
23,39,3.391304347826087,6,6.0,1.8
24,72,3.0416666666666665,6,4.533333333333333,3.238095238095238
27,85,3.259259259259259,5,5.333333333333333,3.3333333333333335
18,28,1.3888888888888888,3,2.4,2.0
13,20,1.6923076923076923,4,2.25,1.8
23,37,2.9130434782608696,6,3.0,1.736842105263158
23,62,3.130434782608696,5,4.461538461538462,2.9
17,29,1.411764705882353,3,2.4,2.0
18,36,1.7777777777777777,4,2.5714285714285716,2.0
22,39,2.8181818181818183,5,3.1818181818181817,1.9444444444444444
13,16,1.2307692307692308,2,1.6666666666666667,1.6666666666666667
27,109,4.037037037037037,8,5.9375,4.130434782608695
22,38,3.409090909090909,6,5.833333333333333,1.8421052631578947
22,77,3.590909090909091,7,3.388888888888889,3.388888888888889
25,43,2.68,4,6.5,1.8571428571428572
25,81,3.24,5,5.428571428571429,3.4545454545454546
19,37,1.736842105263158,3,4.5,1.8
24,74,3.2083333333333335,6,6.0,3.3
21,35,1.6666666666666667,3,4.5,2.0
26,86,3.076923076923077,6,5.857142857142857,3.727272727272727
20,57,3.6,7,3.142857142857143,2.75
30,99,3.6,7,5.222222222222222,3.6153846153846154
22,56,3.0,5,3.6666666666666665,2.588235294117647
25,82,3.32,6,4.75,2.7142857142857144
23,40,3.391304347826087,6,6.166666666666667,1.85
23,80,3.9565217391304346,8,3.7777777777777777,3.5789473684210527
25,72,3.44,7,4.466666666666667,3.0454545454545454
25,78,2.84,5,4.666666666666667,3.1818181818181817
21,35,2.9047619047619047,6,2.8181818181818183,1.8235294117647058
21,36,3.4285714285714284,6,5.5,1.8333333333333333
27,129,3.925925925925926,7,5.3,4.608695652173913
23,39,3.391304347826087,6,6.0,1.8
19,31,1.631578947368421,3,3.0,1.3333333333333333
23,71,3.6956521739130435,7,3.375,2.8421052631578947
23,40,2.608695652173913,4,6.0,1.894736842105263
17,35,2.0,4,3.0,2.1818181818181817
21,34,2.9047619047619047,6,3.0,1.7647058823529411
19,36,1.736842105263158,3,4.25,1.7
23,39,3.3043478260869565,6,5.833333333333333,1.8421052631578947
23,72,3.0434782608695654,5,4.571428571428571,3.2
27,51,3.0,6,5.222222222222222,2.0434782608695654
21,71,2.761904761904762,5,4.571428571428571,3.764705882352941
24,41,3.2916666666666665,6,6.166666666666667,1.85
27,105,3.7037037037037037,7,5.0588235294117645,3.739130434782609
29,95,2.9655172413793105,5,5.0,3.6
26,66,2.423076923076923,4,5.5,2.75
19,48,2.5789473684210527,5,3.1,2.3846153846153846
24,40,3.25,6,6.0,1.8
25,56,3.04,5,5.666666666666667,2.4285714285714284
26,52,1.8461538461538463,4,5.2,2.1666666666666665
23,39,3.3043478260869565,6,5.833333333333333,1.8421052631578947
25,52,3.04,5,5.875,2.238095238095238
19,30,1.4736842105263157,3,2.1666666666666665,1.8571428571428572
19,36,1.5263157894736843,2,9.5,1.9
24,42,2.7083333333333335,4,6.333333333333333,1.9
13,20,1.6923076923076923,4,2.25,1.8
21,67,3.2857142857142856,6,3.75,3.3333333333333335
24,62,3.2916666666666665,7,4.909090909090909,2.7
22,28,1.5909090909090908,3,6.0,1.3333333333333333
22,27,1.5,3,5.5,1.375
26,103,4.076923076923077,8,5.705882352941177,4.409090909090909
23,74,2.608695652173913,6,3.7142857142857144,2.888888888888889
21,79,3.6666666666666665,8,4.111111111111111,4.111111111111111
19,52,3.0,6,4.875,2.4375
24,116,3.75,8,5.578947368421052,5.3
19,61,3.3684210526315788,7,4.583333333333333,3.4375
26,180,3.8846153846153846,8,6.916666666666667,7.545454545454546
22,30,2.9545454545454546,5,4.333333333333333,1.4444444444444444
17,39,2.0588235294117645,5,3.7142857142857144,2.3636363636363638
19,38,1.9473684210526316,4,2.625,2.1
26,49,3.0384615384615383,6,3.6666666666666665,2.0
25,92,3.44,6,4.588235294117647,3.7142857142857144
22,65,2.909090909090909,5,4.285714285714286,3.3333333333333335
22,53,2.6818181818181817,5,4.083333333333333,2.7222222222222223
27,96,3.5925925925925926,6,5.3076923076923075,3.0
23,39,3.3043478260869565,6,5.833333333333333,1.8421052631578947
26,80,3.8076923076923075,7,5.428571428571429,3.4545454545454546
26,90,3.269230769230769,6,4.25,3.238095238095238
27,83,2.814814814814815,5,5.428571428571429,3.3043478260869565
13,22,1.6923076923076923,4,2.75,2.2
23,39,3.3043478260869565,6,5.833333333333333,1.8421052631578947
18,38,1.7222222222222223,3,4.8,2.6666666666666665
25,77,3.04,5,4.666666666666667,2.6666666666666665
23,42,2.739130434782609,5,6.333333333333333,2.0
25,85,3.44,6,4.5,3.0
24,58,2.125,4,4.857142857142857,2.6153846153846154
23,39,3.3043478260869565,6,5.833333333333333,1.8421052631578947
26,103,3.1538461538461537,6,4.777777777777778,3.909090909090909
24,88,3.4583333333333335,7,4.705882352941177,3.8095238095238093
23,39,3.3043478260869565,6,5.833333333333333,1.8421052631578947
19,34,2.0,4,3.1666666666666665,1.5833333333333333
28,87,3.2857142857142856,6,5.125,3.4166666666666665
26,70,3.076923076923077,5,4.909090909090909,2.5714285714285716
20,51,2.9,6,3.0,2.2
22,39,2.8181818181818183,5,3.0,1.8333333333333333
18,30,1.5555555555555556,3,2.3333333333333335,2.0
22,38,3.3181818181818183,6,4.857142857142857,1.8888888888888888
23,75,4.086956521739131,8,3.4444444444444446,3.263157894736842
29,93,3.6206896551724137,7,4.888888888888889,3.52
24,64,2.7916666666666665,5,4.083333333333333,2.8823529411764706
18,51,3.2222222222222223,7,2.9166666666666665,2.5
21,36,3.380952380952381,6,4.571428571428571,1.8823529411764706
25,79,3.24,6,4.6923076923076925,2.9047619047619047
26,51,2.8076923076923075,5,5.222222222222222,2.1363636363636362
22,41,3.272727272727273,6,5.333333333333333,1.7777777777777777
25,66,3.44,6,4.846153846153846,2.8636363636363638
26,84,3.423076923076923,6,4.277777777777778,3.5
23,37,3.3043478260869565,6,5.666666666666667,1.7
27,79,2.8518518518518516,5,4.411764705882353,3.125
24,48,2.7916666666666665,5,5.625,2.142857142857143
24,80,3.1666666666666665,7,4.294117647058823,3.65
26,44,3.3076923076923075,6,6.833333333333333,1.7826086956521738
15,29,2.533333333333333,5,2.4285714285714284,1.7
23,75,3.652173913043478,7,3.3125,2.9444444444444446
27,82,3.4074074074074074,6,5.266666666666667,3.2916666666666665
19,40,1.6842105263157894,4,3.142857142857143,2.75
17,32,1.4705882352941178,3,2.5,2.5
21,36,3.3333333333333335,6,5.5,1.8333333333333333
21,63,3.5714285714285716,7,4.153846153846154,3.0
27,48,2.888888888888889,5,4.4,1.9130434782608696
24,41,3.375,6,6.333333333333333,1.8095238095238095
25,88,2.84,5,4.411764705882353,3.5714285714285716
24,76,3.3333333333333335,6,4.375,3.3333333333333335
24,41,3.375,6,6.333333333333333,1.8095238095238095
27,105,3.7037037037037037,7,5.0,3.6956521739130435
28,88,3.142857142857143,5,4.9411764705882355,3.36
16,21,1.4375,2,4.0,1.1428571428571428
21,39,2.9047619047619047,6,3.1818181818181817,2.0588235294117645
25,89,3.36,6,5.6923076923076925,3.5238095238095237
22,38,3.409090909090909,6,5.833333333333333,1.8421052631578947
23,70,3.0434782608695654,5,4.5,3.15
26,52,2.9615384615384617,6,5.333333333333333,2.1818181818181817
22,77,3.3636363636363638,7,4.666666666666667,3.888888888888889
17,32,1.8235294117647058,3,2.8333333333333335,1.8888888888888888
22,38,3.409090909090909,6,5.833333333333333,1.8421052631578947
26,75,2.5,5,3.2941176470588234,2.9473684210526314
26,45,2.8076923076923075,5,6.833333333333333,1.8636363636363635
27,84,3.259259259259259,6,4.461538461538462,2.6363636363636362
18,27,1.3888888888888888,3,2.2,1.8333333333333333
22,71,3.3636363636363638,6,4.0,3.3684210526315788
22,38,3.409090909090909,6,5.833333333333333,1.8421052631578947
25,80,3.68,7,5.357142857142857,3.5714285714285716
20,34,1.45,2,8.5,1.8888888888888888
19,35,1.736842105263158,4,2.25,1.8
26,49,2.9615384615384617,6,3.75,2.0454545454545454
23,41,2.9565217391304346,6,3.3636363636363638,1.9473684210526316
21,52,2.0,4,3.5555555555555554,2.2857142857142856
21,37,3.3333333333333335,6,5.666666666666667,1.8888888888888888
25,43,2.64,4,4.875,1.8571428571428572
26,59,2.1153846153846154,5,4.125,2.2
27,102,3.4444444444444446,6,7.7,3.347826086956522
24,34,2.9166666666666665,5,4.285714285714286,1.5
25,85,3.64,6,4.764705882352941,3.6818181818181817
26,55,1.8076923076923077,4,4.833333333333333,2.4166666666666665
22,54,1.9545454545454546,3,6.166666666666667,2.642857142857143
29,97,3.3448275862068964,6,6.8,2.72
22,39,3.3181818181818183,6,6.0,1.894736842105263
25,81,3.6,7,5.066666666666666,3.619047619047619
28,98,2.857142857142857,5,5.8125,3.875
20,37,1.4,3,3.6,2.5714285714285716
19,31,1.263157894736842,2,3.25,2.6
21,36,3.238095238095238,6,5.333333333333333,1.8823529411764706
24,77,3.1666666666666665,5,4.666666666666667,3.3333333333333335
28,53,3.0,6,5.444444444444445,2.0416666666666665
21,69,2.6666666666666665,5,4.769230769230769,3.6470588235294117
26,85,3.4615384615384617,6,4.214285714285714,2.6818181818181817
23,39,3.3043478260869565,6,5.833333333333333,1.8421052631578947
22,57,2.772727272727273,4,4.1,2.2777777777777777
27,76,2.8518518518518516,5,5.071428571428571,3.0869565217391304
19,37,1.7894736842105263,4,2.7142857142857144,2.111111111111111
19,40,1.5263157894736843,3,2.625,2.625
21,37,3.3333333333333335,6,5.666666666666667,1.8888888888888888
23,69,3.0434782608695654,5,4.428571428571429,3.1
23,44,2.9130434782608696,6,5.0,2.1052631578947367
21,68,3.0952380952380953,6,4.357142857142857,3.588235294117647
25,77,3.36,6,3.7142857142857144,2.4761904761904763
24,40,3.25,6,6.0,1.8
26,111,3.6923076923076925,6,5.235294117647059,4.045454545454546
23,39,3.3043478260869565,6,5.833333333333333,1.8421052631578947
27,107,3.7777777777777777,7,5.117647058823529,3.782608695652174
29,104,2.896551724137931,5,5.2105263157894735,3.96
19,37,1.5789473684210527,4,3.3333333333333335,2.5
19,37,1.7894736842105263,4,2.7142857142857144,2.111111111111111
23,39,3.3043478260869565,6,5.833333333333333,1.8421052631578947
25,89,3.08,6,4.235294117647059,3.4285714285714284
25,64,3.16,5,5.363636363636363,2.8095238095238093
19,30,1.4736842105263157,3,2.1666666666666665,1.8571428571428572
18,25,1.3333333333333333,2,4.5,1.5
21,69,3.2857142857142856,6,3.875,3.4444444444444446
23,39,3.3043478260869565,6,5.833333333333333,1.8421052631578947
24,80,3.1666666666666665,5,4.866666666666666,3.4761904761904763
25,48,2.92,6,5.5,2.0952380952380953
21,70,3.0476190476190474,6,4.846153846153846,3.7058823529411766
23,64,3.0869565217391304,6,5.4,2.8421052631578947
22,27,1.5909090909090908,3,5.5,1.2222222222222223
22,70,3.0454545454545454,6,3.857142857142857,2.8421052631578947
22,47,2.6818181818181817,5,3.909090909090909,2.388888888888889
20,55,3.5,7,3.6666666666666665,2.75
28,90,3.5,6,4.769230769230769,2.5833333333333335
23,38,3.3043478260869565,6,5.666666666666667,1.7894736842105263
19,59,2.473684210526316,5,3.3846153846153846,2.933333333333333
28,81,3.25,6,5.066666666666666,3.1666666666666665
25,70,3.16,5,4.666666666666667,2.8
22,35,2.8181818181818183,5,3.3333333333333335,1.6666666666666667
28,103,3.607142857142857,6,6.25,3.125
24,40,3.25,6,6.0,1.8
26,111,3.6923076923076925,6,5.529411764705882,4.2727272727272725
24,41,3.2916666666666665,6,6.166666666666667,1.85
26,60,3.1153846153846154,5,5.5,2.5
26,96,3.230769230769231,5,4.277777777777778,3.5
23,39,3.3043478260869565,6,5.833333333333333,1.8421052631578947
25,56,3.04,5,5.666666666666667,2.4285714285714284
24,41,3.2916666666666665,6,6.166666666666667,1.85
23,74,4.086956521739131,8,3.6470588235294117,3.263157894736842
28,122,3.607142857142857,7,5.75,4.791666666666667
14,22,1.6428571428571428,4,2.75,2.2
20,57,2.35,5,4.363636363636363,3.2
24,68,3.3333333333333335,6,4.846153846153846,3.15
22,52,2.0454545454545454,4,4.285714285714286,2.5
21,45,2.0,4,4.0,2.3333333333333335
23,39,3.3043478260869565,6,5.833333333333333,1.8421052631578947
19,40,2.210526315789474,5,3.2857142857142856,1.6428571428571428
28,54,2.857142857142857,5,5.555555555555555,2.0833333333333335
18,34,1.8333333333333333,4,2.25,2.0
21,37,3.380952380952381,6,4.714285714285714,1.9411764705882353
25,89,3.0,5,5.0,3.8095238095238093
27,58,3.037037037037037,6,5.4,2.347826086956522
22,78,3.409090909090909,7,5.461538461538462,3.9444444444444446
15,30,2.066666666666667,4,2.8333333333333335,2.125
21,37,3.3333333333333335,6,4.428571428571429,1.8235294117647058
24,84,3.375,6,4.666666666666667,3.5
29,132,3.6551724137931036,7,5.9523809523809526,5.0
17,35,2.2941176470588234,4,3.3333333333333335,2.0
24,80,3.375,6,4.733333333333333,3.55
26,88,3.4615384615384617,6,4.388888888888889,3.590909090909091
24,73,2.625,5,3.6842105263157894,3.3333333333333335
25,41,3.32,6,6.333333333333333,1.7272727272727273
25,86,3.32,5,5.0,3.5714285714285716
23,79,4.217391304347826,8,3.5,3.3157894736842106
25,48,2.72,5,4.888888888888889,2.0952380952380953
23,81,2.9130434782608696,6,4.352941176470588,3.8947368421052633
12,18,1.5833333333333333,3,2.0,1.6
23,68,3.4782608695652173,6,5.416666666666667,3.25
23,55,2.347826086956522,4,4.375,2.5
19,32,2.263157894736842,4,3.5,1.5
23,40,3.3043478260869565,6,6.166666666666667,1.85
19,36,1.8421052631578947,4,3.6,1.8
22,65,3.272727272727273,6,3.2,2.6666666666666665
26,44,2.6923076923076925,4,5.714285714285714,1.8181818181818181
29,82,2.8275862068965516,5,4.076923076923077,2.3043478260869565
27,63,2.259259259259259,5,3.9,2.6
13,21,1.5384615384615385,3,2.5,2.0
26,86,3.4615384615384617,6,6.153846153846154,3.6363636363636362
23,39,1.7391304347826086,3,4.6,2.090909090909091
22,27,1.6363636363636365,3,6.5,1.3
17,37,1.8823529411764706,4,3.625,2.6363636363636362
20,59,2.65,5,4.0,2.823529411764706
21,79,3.4761904761904763,8,4.5625,4.294117647058823
22,82,2.590909090909091,5,3.7058823529411766,3.5
20,81,3.65,8,4.277777777777778,4.529411764705882
16,34,2.5625,6,3.875,2.3846153846153846
18,49,2.888888888888889,6,3.5384615384615383,3.066666666666667
25,119,3.76,8,5.428571428571429,5.428571428571429
20,53,3.4,7,4.454545454545454,2.8823529411764706
29,183,4.172413793103448,8,6.518518518518518,7.04
22,30,3.0,5,4.5,1.4210526315789473
26,96,3.8846153846153846,7,5.166666666666667,4.043478260869565
23,51,2.0434782608695654,4,4.428571428571429,2.3846153846153846
21,50,2.2857142857142856,4,4.714285714285714,2.357142857142857
29,113,3.5517241379310347,6,8.5,3.4
25,42,3.24,6,6.333333333333333,1.8095238095238095
18,26,1.5555555555555556,3,4.0,1.3333333333333333
27,46,2.7777777777777777,4,7.0,1.826086956521739
17,31,1.8235294117647058,3,3.2,1.7777777777777777
22,38,3.409090909090909,6,5.833333333333333,1.8421052631578947
24,83,3.375,6,4.928571428571429,3.45
24,85,4.166666666666667,8,3.6666666666666665,3.3
26,73,3.423076923076923,7,4.25,3.090909090909091
21,49,2.5238095238095237,5,3.7,2.642857142857143
22,38,3.409090909090909,6,5.833333333333333,1.8421052631578947
25,64,1.96,4,3.909090909090909,2.6875
26,45,2.769230769230769,4,6.833333333333333,1.8636363636363635
26,77,3.1153846153846154,6,4.333333333333333,2.4761904761904763
18,27,1.3888888888888888,3,2.2,1.8333333333333333
22,72,3.3181818181818183,6,4.0625,3.4210526315789473
27,93,3.5555555555555554,6,5.3076923076923075,3.0
22,38,3.409090909090909,6,5.833333333333333,1.8421052631578947
27,117,3.8518518518518516,7,4.95,4.304347826086956
24,70,2.9166666666666665,5,5.0,3.0555555555555554
18,36,1.7777777777777777,4,3.3333333333333335,2.2222222222222223
18,37,1.7222222222222223,3,2.857142857142857,2.0
23,39,3.3043478260869565,6,5.833333333333333,1.8421052631578947
26,59,3.0384615384615383,5,6.0,2.4545454545454546
13,20,1.6923076923076923,4,2.25,1.8
13,21,1.6923076923076923,4,2.5,2.0
26,98,3.5384615384615383,7,5.055555555555555,4.136363636363637
18,29,1.6111111111111112,3,3.0,1.5
21,32,2.761904761904762,5,2.8,1.6470588235294117
23,39,3.3043478260869565,6,5.833333333333333,1.8421052631578947
24,81,3.7916666666666665,7,3.5555555555555554,3.2
27,51,3.037037037037037,6,3.6153846153846154,2.0434782608695654
18,27,1.3888888888888888,3,2.5,1.6666666666666667
22,38,3.227272727272727,6,5.666666666666667,1.8888888888888888
26,53,2.6538461538461537,5,5.444444444444445,2.227272727272727
16,21,1.4375,2,7.0,1.0
23,34,2.9565217391304346,5,4.285714285714286,1.5789473684210527
21,67,3.3333333333333335,7,4.2,3.5
28,56,3.142857142857143,6,4.25,2.125
19,31,1.736842105263158,4,2.3333333333333335,1.5555555555555556
23,41,3.3043478260869565,6,5.833333333333333,1.8421052631578947
26,109,3.730769230769231,7,4.5,4.090909090909091
29,101,3.586206896551724,6,5.588235294117647,3.8
22,45,1.5454545454545454,3,4.166666666666667,2.5
24,45,2.6666666666666665,4,5.125,2.05
25,81,3.52,6,4.0,2.6666666666666665
19,53,3.0526315789473686,6,3.0,2.4
24,57,2.875,6,3.7857142857142856,2.65
23,59,2.739130434782609,5,3.9285714285714284,2.8947368421052633
19,34,1.736842105263158,3,4.5,1.8
26,89,3.576923076923077,6,5.7272727272727275,2.8636363636363638
23,39,3.3043478260869565,6,5.833333333333333,1.8421052631578947
22,69,3.272727272727273,6,4.285714285714286,3.1578947368421053
24,42,2.875,6,3.1666666666666665,1.9
23,39,3.3043478260869565,6,5.833333333333333,1.8421052631578947
24,83,3.2916666666666665,6,5.5,3.85
27,75,2.925925925925926,5,4.909090909090909,2.7
24,41,3.2916666666666665,6,6.166666666666667,1.85
24,91,3.4583333333333335,6,4.8,3.6
23,73,3.9565217391304346,8,3.3125,2.789473684210526
25,73,3.44,7,4.466666666666667,3.1904761904761907
24,63,2.4583333333333335,5,4.6,3.066666666666667
24,41,3.2916666666666665,6,6.166666666666667,1.85
14,25,2.142857142857143,5,2.8,2.0
24,78,4.041666666666667,8,3.2941176470588234,2.8
28,57,3.0714285714285716,6,4.25,2.125
24,41,3.2916666666666665,6,6.166666666666667,1.85
15,35,3.8,6,3.8333333333333335,1.7692307692307692
28,113,3.4642857142857144,7,5.578947368421052,4.416666666666667
19,33,1.7894736842105263,4,2.2857142857142856,1.7777777777777777
25,85,3.48,7,4.8125,3.5
24,81,3.6666666666666665,6,5.214285714285714,3.65
24,81,3.625,7,4.866666666666666,3.4761904761904763
20,38,2.9,6,3.0,2.0625
23,39,3.3043478260869565,6,5.833333333333333,1.8421052631578947
25,93,3.48,7,4.222222222222222,3.619047619047619
25,44,3.04,6,3.25,1.8571428571428572
30,101,4.1,7,5.916666666666667,2.730769230769231
21,30,3.0952380952380953,5,4.5,1.5
27,123,3.8518518518518516,7,4.904761904761905,4.478260869565218
26,70,2.730769230769231,5,4.090909090909091,2.3684210526315788
23,41,3.3043478260869565,6,5.142857142857143,1.894736842105263
26,62,3.1538461538461537,5,5.181818181818182,2.590909090909091
19,53,2.1052631578947367,4,4.5,3.272727272727273
19,45,2.1578947368421053,4,3.111111111111111,2.5454545454545454
22,41,3.3181818181818183,6,5.0,1.9444444444444444
26,105,3.1538461538461537,6,4.888888888888889,4.0
25,97,3.4,7,4.4,4.190476190476191
22,38,3.3636363636363638,6,4.714285714285714,1.8333333333333333
25,90,3.52,6,4.055555555555555,3.4761904761904763
26,74,3.1923076923076925,6,4.6,3.1363636363636362
24,61,2.25,4,5.428571428571429,2.7142857142857144
24,106,3.9583333333333335,8,5.611111111111111,5.05
23,43,3.391304347826087,6,5.0,2.0
14,26,2.4285714285714284,5,3.0,1.875
26,54,2.9615384615384617,5,4.636363636363637,2.217391304347826
23,51,3.217391304347826,6,4.083333333333333,2.3333333333333335
24,67,3.2083333333333335,5,5.333333333333333,3.0476190476190474
23,57,2.739130434782609,5,4.333333333333333,2.4375
19,33,1.736842105263158,4,3.4,1.5454545454545454
22,37,3.272727272727273,6,5.666666666666667,1.7894736842105263
26,88,3.3846153846153846,5,5.846153846153846,3.4545454545454546
24,88,4.333333333333333,8,3.7777777777777777,3.4
26,66,2.8846153846153846,5,4.2,2.739130434782609
12,20,1.75,4,2.5,2.0
24,41,3.375,6,6.333333333333333,1.8095238095238095
19,35,1.5789473684210527,3,3.2,1.7777777777777777
28,75,3.25,5,5.916666666666667,2.84
23,74,3.130434782608696,6,4.214285714285714,3.1052631578947367
23,39,2.8260869565217392,5,3.5,1.8421052631578947
22,38,3.3181818181818183,6,5.833333333333333,1.8421052631578947
25,86,3.44,6,5.071428571428571,3.380952380952381
23,81,4.217391304347826,8,3.7058823529411766,3.3157894736842106
27,52,3.074074074074074,6,4.0,2.0869565217391304
25,56,2.0,4,4.857142857142857,2.6153846153846154
22,43,1.7727272727272727,3,5.25,1.9090909090909092
22,34,2.8636363636363638,5,3.0,1.6666666666666667
22,38,3.409090909090909,6,5.833333333333333,1.8421052631578947
20,34,1.75,3,4.0,1.1428571428571428
28,52,2.7857142857142856,4,6.0,2.0
17,29,1.6470588235294117,3,2.8,1.75
24,41,3.375,6,6.333333333333333,1.8095238095238095
24,73,2.6666666666666665,5,4.642857142857143,3.0952380952380953
28,53,2.9642857142857144,6,3.769230769230769,2.0416666666666665
18,28,1.5,3,2.4,1.7142857142857142
22,73,3.3636363636363638,6,3.8823529411764706,3.473684210526316
22,38,3.409090909090909,6,5.833333333333333,1.8421052631578947
15,39,3.8,7,3.25,2.1666666666666665
25,88,3.76,7,3.823529411764706,3.0952380952380953
25,73,3.24,5,5.230769230769231,3.090909090909091
22,66,2.9545454545454546,5,3.6923076923076925,2.6666666666666665
21,34,2.9047619047619047,6,3.0,1.7647058823529411
25,87,3.36,6,5.75,3.2857142857142856
21,40,3.238095238095238,5,4.75,2.0
28,115,4.107142857142857,7,5.285714285714286,4.44
26,58,2.0384615384615383,4,4.571428571428571,2.2857142857142856
23,58,2.130434782608696,4,5.428571428571429,2.375
22,38,3.409090909090909,6,5.833333333333333,1.8421052631578947
25,57,3.12,5,5.2,2.3636363636363638
16,21,1.4375,2,4.0,1.1428571428571428
25,76,3.44,6,4.357142857142857,2.9047619047619047
24,42,3.0416666666666665,6,3.4545454545454546,1.9
18,29,1.6111111111111112,3,2.6,1.625
21,37,3.3333333333333335,6,5.666666666666667,1.8888888888888888
24,83,2.9166666666666665,5,4.4,3.3
23,42,2.9130434782608696,6,3.1666666666666665,2.0
30,100,3.3333333333333335,5,7.777777777777778,2.6923076923076925
22,38,3.409090909090909,6,5.833333333333333,1.8421052631578947
26,105,3.6923076923076925,6,5.625,4.090909090909091
24,41,3.375,6,6.333333333333333,1.8095238095238095
19,40,1.736842105263158,3,6.25,2.5
25,80,3.16,5,4.071428571428571,2.7142857142857144
24,45,2.6666666666666665,5,5.125,2.05
27,90,3.2222222222222223,6,4.5,2.8636363636363638
27,82,3.4444444444444446,6,5.0,2.391304347826087
22,38,3.409090909090909,6,5.833333333333333,1.8421052631578947
24,84,3.4166666666666665,6,4.928571428571429,3.45
25,94,4.12,8,4.0,3.619047619047619
26,48,3.0384615384615383,6,3.6666666666666665,2.0
21,37,3.3333333333333335,6,5.666666666666667,1.8888888888888888
23,70,3.4782608695652173,7,3.375,2.8421052631578947
26,45,2.769230769230769,4,6.833333333333333,1.8636363636363635
23,75,3.130434782608696,6,4.857142857142857,3.5789473684210527
21,50,2.380952380952381,5,3.6,2.769230769230769
23,39,3.3043478260869565,6,5.833333333333333,1.8421052631578947
25,80,2.92,5,5.0,3.5714285714285716
13,21,1.6923076923076923,4,2.5,2.0
23,39,3.3043478260869565,6,5.833333333333333,1.8421052631578947
20,32,1.6,3,3.0,1.3333333333333333
25,42,2.68,4,6.333333333333333,1.8095238095238095
24,81,3.2083333333333335,6,4.0,3.2
24,72,3.5833333333333335,6,4.785714285714286,3.35
21,54,2.4285714285714284,5,3.6666666666666665,2.5384615384615383
20,35,1.5,2,8.5,1.7
26,78,3.4615384615384617,6,5.75,3.1363636363636362
22,27,1.5,3,5.0,1.25
21,48,2.3333333333333335,5,5.0,2.5
30,125,3.6666666666666665,7,6.157894736842105,4.5
22,39,1.8181818181818181,3,4.25,1.5454545454545454
20,51,2.7,6,2.8333333333333335,2.6153846153846154
23,41,2.782608695652174,5,3.857142857142857,1.5
25,57,3.04,5,5.2,2.4761904761904763
24,46,2.9166666666666665,5,4.125,1.65
25,90,2.88,5,4.352941176470588,3.5238095238095237
27,76,3.3333333333333335,6,5.461538461538462,3.0869565217391304
22,39,1.5454545454545454,3,5.0,2.0
23,39,3.3043478260869565,6,5.833333333333333,1.8421052631578947
24,85,3.25,6,4.0,3.4
27,76,3.1481481481481484,5,5.071428571428571,3.0869565217391304
19,29,1.368421052631579,3,3.0,2.0
17,23,1.2941176470588236,2,4.0,1.6
23,69,3.5217391304347827,6,4.769230769230769,3.263157894736842
24,81,3.5,6,4.866666666666666,3.65
20,34,1.5,2,8.5,1.7
20,42,2.9,6,3.1818181818181817,2.1875
23,38,3.3043478260869565,6,5.666666666666667,1.7894736842105263
23,64,3.0,5,4.363636363636363,2.526315789473684
24,46,2.9166666666666665,6,3.4166666666666665,2.05
25,86,3.16,6,5.2,3.5454545454545454
22,39,2.8181818181818183,5,3.2,1.7777777777777777
18,27,1.5,3,2.75,1.5714285714285714
23,39,3.3043478260869565,6,5.833333333333333,1.8421052631578947
26,113,3.6923076923076925,7,4.95,4.5
28,80,3.142857142857143,5,4.6875,3.125
12,20,1.75,4,2.5,2.0
23,39,3.3043478260869565,6,5.833333333333333,1.8421052631578947
22,63,3.8181818181818183,7,4.214285714285714,3.1052631578947367
25,44,2.84,5,3.5454545454545454,1.8571428571428572
16,24,1.5625,3,3.3333333333333335,1.25
23,59,2.739130434782609,5,4.153846153846154,2.8421052631578947
17,30,1.8235294117647058,3,3.0,1.6666666666666667
22,37,2.8181818181818183,5,3.1,1.7222222222222223
31,223,4.451612903225806,8,8.291666666666666,7.37037037037037
21,32,3.0952380952380953,5,4.0,1.5555555555555556
23,79,3.5652173913043477,7,4.866666666666666,3.65
30,92,3.3333333333333335,6,5.4375,3.3461538461538463
18,40,2.1666666666666665,4,3.0,2.4
18,41,1.8888888888888888,4,5.166666666666667,2.8181818181818183
30,109,4.133333333333334,7,6.583333333333333,3.0384615384615383
22,41,3.3181818181818183,6,5.5,1.8333333333333333
24,106,3.9583333333333335,8,5.611111111111111,5.05
23,43,3.391304347826087,6,5.0,2.0
28,109,3.142857142857143,6,5.1,4.25
26,70,3.1923076923076925,5,6.090909090909091,2.9130434782608696
24,73,3.2083333333333335,6,4.25,3.238095238095238
25,43,3.36,6,6.666666666666667,1.8181818181818181
15,30,2.533333333333333,5,2.5714285714285716,1.8
29,114,3.206896551724138,6,5.142857142857143,4.32
18,31,1.5555555555555556,3,2.5,2.142857142857143
21,41,2.857142857142857,5,3.8,2.111111111111111
20,42,1.9,4,2.875,2.3
22,66,3.3181818181818183,6,4.066666666666666,3.210526315789474
21,36,3.3333333333333335,6,5.5,1.8333333333333333
18,41,1.7777777777777777,3,6.5,2.888888888888889
28,44,2.892857142857143,5,4.444444444444445,1.6666666666666667
26,51,3.076923076923077,6,3.9166666666666665,2.1363636363636362
20,32,1.6,3,5.0,1.3636363636363635
23,40,3.391304347826087,6,6.166666666666667,1.85
25,87,3.0,5,4.8125,3.6666666666666665
27,74,3.037037037037037,5,5.384615384615385,2.9166666666666665
22,50,1.9545454545454546,4,4.833333333333333,2.6363636363636362
21,34,2.9047619047619047,6,3.0,1.7647058823529411
22,37,3.409090909090909,6,5.666666666666667,1.7894736842105263
27,52,2.5925925925925926,4,6.0,2.0869565217391304
26,73,3.3076923076923075,5,5.230769230769231,2.9565217391304346
24,68,3.375,6,4.153846153846154,2.7
20,53,2.7,5,3.0,2.2
26,88,3.4615384615384617,6,4.928571428571429,3.1363636363636362
22,32,3.0454545454545454,5,4.142857142857143,1.5263157894736843
27,127,3.8518518518518516,7,5.45,4.739130434782608
24,42,3.4166666666666665,6,6.5,1.8571428571428572
28,113,3.7857142857142856,7,5.411764705882353,3.8333333333333335
29,99,2.9655172413793105,5,5.222222222222222,3.76
18,33,1.7777777777777777,4,2.8333333333333335,2.125
17,30,1.411764705882353,3,2.8,2.3333333333333335
20,35,3.35,6,5.333333333333333,1.8823529411764706
19,54,2.8947368421052633,7,4.181818181818182,3.066666666666667
28,54,2.9642857142857144,6,3.8461538461538463,2.0833333333333335
22,38,3.409090909090909,6,5.833333333333333,1.8421052631578947
25,89,3.04,6,4.176470588235294,3.380952380952381
24,63,3.25,6,4.142857142857143,2.761904761904762
18,28,1.3888888888888888,3,2.4,2.0
18,27,1.2777777777777777,2,2.75,2.2
23,67,2.9130434782608696,5,4.428571428571429,3.263157894736842
21,37,2.9047619047619047,6,3.0,1.9411764705882353
19,37,1.8421052631578947,3,3.1666666666666665,1.7272727272727273
22,37,3.409090909090909,6,5.666666666666667,1.7894736842105263
24,80,3.2916666666666665,5,4.2,3.15
25,43,2.72,4,6.5,1.8571428571428572
22,38,3.409090909090909,6,5.833333333333333,1.8421052631578947
25,55,3.12,5,4.545454545454546,2.272727272727273
23,40,3.391304347826087,6,6.166666666666667,1.85
26,107,3.730769230769231,7,5.0,4.090909090909091
27,51,2.962962962962963,6,3.9166666666666665,2.0434782608695654
26,80,3.6153846153846154,6,5.769230769230769,3.260869565217391
18,31,1.3333333333333333,2,2.8,2.3333333333333335
22,59,3.3181818181818183,6,3.8333333333333335,2.5555555555555554
18,50,3.111111111111111,6,2.909090909090909,2.2857142857142856
21,65,3.2857142857142856,6,4.142857142857143,3.2222222222222223
24,39,3.25,6,5.833333333333333,1.75
27,104,3.7037037037037037,7,5.0,3.6956521739130435
29,95,3.0344827586206895,5,5.294117647058823,3.6
22,40,1.5454545454545454,3,3.8,1.9
24,44,2.7083333333333335,4,5.714285714285714,2.0
27,85,3.4074074074074074,6,4.461538461538462,2.5217391304347827
25,78,3.48,6,4.818181818181818,2.5238095238095237
21,30,3.0476190476190474,5,3.857142857142857,1.5
24,62,2.2916666666666665,4,3.8,2.111111111111111
16,29,1.875,3,3.75,1.6666666666666667
27,52,2.962962962962963,5,4.0,2.0869565217391304
23,39,3.3043478260869565,6,5.833333333333333,1.8421052631578947
25,89,3.48,6,4.933333333333334,3.5238095238095237
24,78,3.875,8,3.75,3.1578947368421053
19,30,1.4736842105263157,3,2.1666666666666665,1.8571428571428572
26,44,3.0384615384615383,6,3.3333333333333335,1.8181818181818181
22,34,2.772727272727273,5,3.3333333333333335,1.6666666666666667
22,38,3.227272727272727,6,5.666666666666667,1.8888888888888888
27,81,2.5185185185185186,5,3.588235294117647,2.9047619047619047
26,63,3.1538461538461537,5,5.8,2.6363636363636362
21,70,3.2857142857142856,6,3.7058823529411766,3.5
12,17,1.6666666666666667,4,1.75,1.4
23,39,3.3043478260869565,6,5.833333333333333,1.8421052631578947
20,32,1.55,3,5.333333333333333,1.6
25,60,3.0,5,5.0,2.619047619047619
13,21,1.6923076923076923,4,2.5,2.0
13,20,1.6923076923076923,4,2.25,1.8
30,105,4.166666666666667,7,7.0,2.9615384615384617
23,39,3.3043478260869565,6,5.833333333333333,1.8421052631578947
26,106,3.6923076923076925,7,5.470588235294118,4.2272727272727275
23,77,4.0,8,3.625,3.0526315789473686
30,106,3.8,7,5.611111111111111,3.8846153846153846
20,38,1.9,3,4.5,1.6363636363636365
18,49,3.0,6,3.3,2.357142857142857
23,39,3.3043478260869565,6,5.833333333333333,1.8421052631578947
24,79,4.25,8,3.611111111111111,3.25
28,77,3.392857142857143,6,5.142857142857143,3.0
25,66,2.84,5,4.454545454545454,2.7222222222222223
18,47,2.5,5,3.3333333333333335,2.5
23,39,3.3043478260869565,6,5.833333333333333,1.8421052631578947
27,64,3.111111111111111,5,4.916666666666667,2.5652173913043477
13,22,1.6923076923076923,4,2.75,2.2
24,41,3.2916666666666665,6,6.166666666666667,1.85
25,84,3.6,6,3.9411764705882355,3.1904761904761907
25,44,2.72,4,6.666666666666667,1.9047619047619047
23,56,2.130434782608696,4,4.714285714285714,2.5384615384615383
19,35,1.5263157894736843,2,9.5,1.9
23,39,3.260869565217391,6,5.666666666666667,1.7894736842105263
27,82,3.4444444444444446,6,3.588235294117647,2.652173913043478
25,44,2.72,4,6.666666666666667,1.9047619047619047
25,83,3.56,7,5.357142857142857,3.409090909090909
20,33,2.9,6,2.8,1.75
20,37,1.9,3,4.2,1.75
23,38,3.3043478260869565,6,5.666666666666667,1.7894736842105263
25,99,3.52,7,4.555555555555555,3.9047619047619047
24,44,3.0,6,3.25,1.95
23,36,3.0869565217391304,5,3.875,1.631578947368421
25,98,3.68,6,4.944444444444445,4.045454545454546
12,22,2.3333333333333335,5,3.0,2.142857142857143
25,46,3.28,6,4.875,1.8571428571428572
27,126,3.8518518518518516,7,5.0476190476190474,4.608695652173913
25,49,3.28,6,5.125,1.9523809523809523
24,77,4.208333333333333,8,3.4,3.4
25,67,3.2,6,4.769230769230769,2.9523809523809526
27,111,3.4074074074074074,6,5.15,4.291666666666667
21,36,2.9047619047619047,6,2.8181818181818183,1.8235294117647058
22,40,3.3181818181818183,6,4.714285714285714,1.8333333333333333
23,89,3.5652173913043477,7,4.0588235294117645,3.6315789473684212
26,46,2.769230769230769,4,6.833333333333333,1.8636363636363635
22,41,3.409090909090909,6,5.428571428571429,2.0
26,104,3.3461538461538463,6,5.333333333333333,4.363636363636363
21,47,2.3333333333333335,6,2.3333333333333335,2.3333333333333335
26,55,3.0,5,4.333333333333333,2.260869565217391
25,71,3.48,6,5.230769230769231,3.090909090909091
21,39,1.8095238095238095,3,4.2,1.75
24,41,3.375,6,6.333333333333333,1.8095238095238095
25,82,3.32,5,4.733333333333333,3.380952380952381
23,79,4.217391304347826,8,3.75,3.1578947368421053
25,49,3.12,6,4.181818181818182,2.090909090909091
24,41,3.375,6,6.333333333333333,1.8095238095238095
27,54,2.6296296296296298,5,6.25,2.1739130434782608
26,52,2.730769230769231,4,6.857142857142857,2.1818181818181817
18,40,3.2222222222222223,7,4.125,2.2
21,35,2.9047619047619047,6,3.1,1.8235294117647058
22,33,3.0454545454545454,5,4.285714285714286,1.5789473684210527
23,84,3.652173913043478,7,5.0,4.0
16,22,1.625,3,2.75,1.375
23,39,3.391304347826087,6,6.0,1.8
25,85,3.44,6,5.142857142857143,3.4285714285714284
23,76,4.173913043478261,8,3.5,2.9473684210526314
26,47,3.0384615384615383,6,3.909090909090909,1.9545454545454546
24,41,3.375,6,6.333333333333333,1.8095238095238095
14,26,2.357142857142857,5,2.3333333333333335,1.5555555555555556
24,59,3.1666666666666665,5,4.583333333333333,2.619047619047619
20,32,1.25,2,3.5,2.8
20,52,3.1,6,3.4166666666666665,2.5625
21,37,3.3333333333333335,6,5.666666666666667,1.8888888888888888
27,77,2.5185185185185186,5,3.5625,2.7142857142857144
28,40,2.857142857142857,4,4.5,1.5
25,48,2.92,6,3.6666666666666665,2.0952380952380953
19,32,1.631578947368421,3,5.666666666666667,1.5454545454545454
30,106,4.266666666666667,7,7.333333333333333,3.3846153846153846
23,34,2.9565217391304346,5,3.75,1.5789473684210527
25,95,3.76,7,5.294117647058823,4.285714285714286
27,54,2.6296296296296298,5,6.25,2.1739130434782608
24,41,3.375,6,6.333333333333333,1.8095238095238095
24,76,3.3333333333333335,6,3.8666666666666667,2.9
29,115,3.5172413793103448,7,6.055555555555555,4.36
22,49,1.9090909090909092,4,4.5,2.4545454545454546
22,38,3.409090909090909,6,5.833333333333333,1.8421052631578947
26,91,3.230769230769231,6,5.3125,3.8636363636363638
19,32,1.5263157894736843,2,8.5,1.7
24,43,2.625,4,6.5,1.95
23,54,2.0869565217391304,5,3.4444444444444446,2.3846153846153846
22,38,3.409090909090909,6,5.833333333333333,1.8421052631578947
24,82,3.375,6,4.857142857142857,3.4
23,72,3.9565217391304346,8,3.5,2.5789473684210527
26,47,3.0384615384615383,6,3.909090909090909,1.9545454545454546
21,37,3.3333333333333335,6,5.666666666666667,1.8888888888888888
15,28,2.533333333333333,5,2.5,1.5
26,87,3.6538461538461537,7,3.3157894736842106,3.0
26,73,3.269230769230769,5,5.230769230769231,2.9565217391304346
18,27,1.3888888888888888,3,2.5,1.6666666666666667
18,29,1.5555555555555556,2,7.5,1.5
21,37,3.3333333333333335,6,5.666666666666667,1.8888888888888888
27,105,3.7037037037037037,7,4.722222222222222,3.6956521739130435
27,76,3.111111111111111,5,5.142857142857143,3.0
26,55,1.9230769230769231,4,4.833333333333333,2.230769230769231
21,41,1.8095238095238095,3,5.0,1.6666666666666667
22,38,3.409090909090909,6,5.833333333333333,1.8421052631578947
25,48,2.68,4,4.888888888888889,2.0952380952380953
16,22,1.4375,2,4.0,1.1428571428571428
22,38,3.409090909090909,6,5.833333333333333,1.8421052631578947
24,83,3.4166666666666665,6,4.466666666666667,3.35
25,79,3.84,8,3.7333333333333334,2.8
26,45,3.0384615384615383,6,3.727272727272727,1.8636363636363635
21,37,3.3333333333333335,6,5.666666666666667,1.8888888888888888
22,56,2.772727272727273,4,4.0,2.2222222222222223
26,46,2.769230769230769,4,7.0,1.9090909090909092
18,27,1.5,3,2.75,1.5714285714285714
23,64,2.9130434782608696,5,3.8333333333333335,2.7058823529411766
20,48,2.5,5,2.8,2.1538461538461537
26,88,3.4615384615384617,6,5.25,2.8636363636363638
21,29,3.0476190476190474,5,4.333333333333333,1.4444444444444444
25,101,3.76,7,5.277777777777778,4.523809523809524
26,43,2.730769230769231,4,6.5,1.7727272727272727
23,39,3.3043478260869565,6,5.833333333333333,1.8421052631578947
27,75,2.4814814814814814,5,3.4,2.4285714285714284
25,44,2.68,4,5.714285714285714,1.9047619047619047
23,39,3.3043478260869565,6,5.833333333333333,1.8421052631578947
25,91,3.12,6,4.294117647058823,3.4761904761904763
26,45,3.0,6,3.6363636363636362,1.8181818181818181
22,38,3.227272727272727,6,5.666666666666667,1.8888888888888888
20,61,3.9,8,4.153846153846154,3.176470588235294
25,94,3.36,7,4.578947368421052,4.142857142857143
13,21,1.6923076923076923,4,2.5,2.0
23,71,3.4347826086956523,6,4.642857142857143,3.4210526315789473
21,49,2.0476190476190474,4,4.666666666666667,2.3333333333333335
21,34,2.9523809523809526,6,3.0,1.7647058823529411
13,17,1.3846153846153846,3,1.5,1.5
13,17,1.3846153846153846,3,1.5,1.5
23,39,3.3043478260869565,6,5.833333333333333,1.8421052631578947
25,82,3.16,6,5.428571428571429,3.619047619047619
25,54,2.08,4,4.833333333333333,2.0714285714285716
23,39,3.3043478260869565,6,5.833333333333333,1.8421052631578947
24,89,3.4583333333333335,6,4.733333333333333,3.55
25,86,4.28,8,3.588235294117647,2.9047619047619047
27,52,3.074074074074074,6,3.5384615384615383,2.0
23,39,3.3043478260869565,6,5.833333333333333,1.8421052631578947
25,81,3.16,6,4.5625,3.3181818181818183
27,54,2.888888888888889,5,3.769230769230769,2.130434782608696
27,89,3.074074074074074,5,6.0,3.652173913043478
23,59,2.1739130434782608,4,5.142857142857143,2.769230769230769
13,20,1.6923076923076923,4,2.25,1.8
23,38,3.3043478260869565,6,5.666666666666667,1.7894736842105263
25,50,2.6,4,5.111111111111111,2.1904761904761907
28,106,3.5714285714285716,7,5.666666666666667,3.8636363636363638
23,40,3.260869565217391,6,5.0,1.8421052631578947
24,90,3.4166666666666665,6,4.8,3.6
25,86,4.24,8,3.611111111111111,3.0952380952380953
27,51,3.037037037037037,6,3.8333333333333335,2.0
24,41,3.2916666666666665,6,6.166666666666667,1.85
24,37,2.7916666666666665,4,4.0,1.6
26,69,3.1538461538461537,5,4.923076923076923,2.909090909090909
18,29,1.5555555555555556,3,2.6,1.8571428571428572
27,81,3.4444444444444446,6,3.8823529411764706,2.869565217391304
21,59,3.4761904761904763,7,2.923076923076923,2.235294117647059
22,33,3.0,5,4.142857142857143,1.6111111111111112
25,89,3.64,7,5.25,4.0
22,70,3.8636363636363638,8,4.142857142857143,3.2222222222222223
28,54,3.0714285714285716,6,4.083333333333333,2.0416666666666665
26,67,2.3461538461538463,4,6.0,2.625
23,43,3.3043478260869565,6,4.625,1.9473684210526316
28,106,3.4285714285714284,6,5.9411764705882355,4.208333333333333
28,84,3.25,5,5.5,2.869565217391304
22,39,3.3181818181818183,6,4.857142857142857,1.8888888888888888
24,75,3.2083333333333335,6,4.857142857142857,3.4
15,28,2.066666666666667,5,2.5714285714285716,2.5714285714285716
26,59,3.0384615384615383,6,4.666666666666667,2.4347826086956523
23,39,3.3043478260869565,6,6.0,1.8
25,85,3.28,6,4.0,3.090909090909091
25,61,2.92,5,5.2727272727272725,2.6363636363636362
23,44,1.7826086956521738,3,4.8,1.8461538461538463
23,40,3.3043478260869565,6,6.166666666666667,1.85
24,78,3.5416666666666665,6,5.285714285714286,3.5238095238095237
27,57,1.962962962962963,4,4.125,2.357142857142857
25,74,3.4,6,4.428571428571429,2.9523809523809526
25,65,2.64,5,4.357142857142857,2.9047619047619047
23,57,2.4782608695652173,5,4.111111111111111,2.466666666666667
23,55,3.130434782608696,5,4.7272727272727275,2.6
22,59,2.590909090909091,5,4.230769230769231,3.0555555555555554
23,39,3.260869565217391,6,6.0,1.8
27,56,2.5925925925925926,4,6.5,2.260869565217391
19,29,1.5263157894736843,2,7.0,1.4
24,44,2.9583333333333335,6,3.6363636363636362,2.0
24,70,2.8333333333333335,5,4.083333333333333,2.7222222222222223
21,42,3.5714285714285716,6,5.0,2.1052631578947367
26,124,3.730769230769231,7,5.95,5.409090909090909
23,73,3.869565217391304,8,3.466666666666667,2.736842105263158
22,36,2.772727272727273,5,3.2,1.7777777777777777
24,41,3.375,6,6.333333333333333,1.8095238095238095
20,35,1.5,2,6.0,1.8
27,73,3.2962962962962963,5,5.230769230769231,2.8333333333333335
25,71,3.44,6,4.3076923076923075,2.6666666666666665
23,38,2.8260869565217392,5,3.4,1.7894736842105263
13,16,1.3076923076923077,3,1.6666666666666667,1.6666666666666667
23,40,3.391304347826087,6,6.166666666666667,1.85
27,56,2.5925925925925926,4,5.777777777777778,2.260869565217391
16,23,1.5,3,3.0,1.2857142857142858
23,39,3.391304347826087,6,6.0,1.8
25,93,3.2,6,5.0588235294117645,3.909090909090909
26,69,3.0,5,5.416666666666667,2.8260869565217392
18,28,1.2777777777777777,2,3.0,2.4
23,74,3.4347826086956523,6,4.6,3.45
20,49,2.3,5,3.75,2.5
27,103,4.037037037037037,7,5.375,3.739130434782609
20,35,3.35,6,5.333333333333333,1.8823529411764706
26,56,3.1153846153846154,5,5.1,2.217391304347826
26,55,1.9230769230769231,4,4.833333333333333,2.230769230769231
21,44,1.9047619047619047,3,5.2,2.0
28,102,4.071428571428571,7,6.583333333333333,3.2916666666666665
23,40,3.391304347826087,6,6.166666666666667,1.85
24,78,2.75,5,5.6923076923076925,3.5238095238095237
28,102,3.9642857142857144,8,5.8,3.625
23,40,3.391304347826087,6,6.166666666666667,1.85
25,89,3.32,5,4.4375,3.380952380952381
22,71,3.8181818181818183,8,3.533333333333333,2.9444444444444446
26,44,3.0384615384615383,6,3.6363636363636362,1.8181818181818181
21,37,3.3333333333333335,6,5.666666666666667,1.8888888888888888
27,77,2.3703703703703702,5,3.2941176470588234,2.8
26,43,2.8846153846153846,5,4.333333333333333,1.7727272727272727
25,72,3.52,6,4.785714285714286,3.0454545454545454
21,43,1.7619047619047619,3,3.8333333333333335,1.9166666666666667
21,36,3.238095238095238,6,5.333333333333333,1.8823529411764706
25,44,2.64,4,5.0,1.9047619047619047
16,20,1.4375,2,4.0,1.1428571428571428
24,41,3.2916666666666665,6,6.166666666666667,1.85
26,74,2.4615384615384617,5,3.176470588235294,2.8421052631578947
27,68,3.1481481481481484,5,6.3,2.739130434782609
18,26,1.3888888888888888,3,2.5,1.6666666666666667
17,42,2.823529411764706,6,3.1,2.2142857142857144
22,59,2.5,5,4.625,2.466666666666667
21,33,2.8095238095238093,5,2.9,1.7058823529411764
13,17,1.3846153846153846,3,1.5,1.5
13,17,1.3846153846153846,3,1.5,1.5
27,90,3.925925925925926,7,5.666666666666667,2.9565217391304346
21,29,3.0476190476190474,5,4.333333333333333,1.4444444444444444
25,98,3.8,7,5.411764705882353,4.380952380952381
22,78,4.0,8,4.0,3.5555555555555554
27,50,3.074074074074074,6,3.75,1.9565217391304348
23,39,3.3043478260869565,6,5.833333333333333,1.8421052631578947
25,88,2.96,5,4.235294117647059,3.4285714285714284
27,80,2.925925925925926,5,5.769230769230769,3.260869565217391
22,47,1.9090909090909092,4,5.0,2.272727272727273
24,72,3.125,6,4.785714285714286,3.35
13,20,1.6923076923076923,4,2.25,1.8
22,58,3.0454545454545454,5,3.6666666666666665,2.588235294117647
22,36,2.8181818181818183,5,3.5555555555555554,1.7777777777777777
18,27,1.3333333333333333,2,2.5,1.6666666666666667
13,17,1.3846153846153846,3,1.5,1.5
23,38,3.3043478260869565,6,5.666666666666667,1.7894736842105263
18,30,1.7222222222222223,2,4.666666666666667,1.0769230769230769
28,54,2.8214285714285716,4,6.25,2.0833333333333335
18,29,1.7222222222222223,3,3.25,1.4444444444444444
23,39,3.3043478260869565,6,5.833333333333333,1.8421052631578947
24,84,3.2916666666666665,5,4.4,3.3
26,94,4.230769230769231,8,3.6315789473684212,3.1363636363636362
26,48,3.0384615384615383,6,3.5,1.9090909090909092
23,39,3.3043478260869565,6,5.833333333333333,1.8421052631578947
19,31,1.5789473684210527,3,5.333333333333333,1.6
27,112,3.4074074074074074,7,5.777777777777778,4.521739130434782
18,26,1.3888888888888888,3,2.5,1.6666666666666667
20,33,1.55,2,8.0,1.4545454545454546
24,44,2.7083333333333335,4,6.666666666666667,2.0
13,20,1.6923076923076923,4,2.25,1.8
21,37,2.8095238095238093,5,3.2,1.8823529411764706
23,38,3.3043478260869565,6,5.666666666666667,1.7894736842105263
23,73,4.0,8,3.411764705882353,3.0526315789473686
31,145,3.774193548387097,7,5.826086956521739,4.962962962962963
18,27,1.5,3,2.75,1.5714285714285714
18,28,1.5,3,2.4,1.7142857142857142
23,66,2.9130434782608696,5,4.285714285714286,3.1578947368421053
21,39,2.9523809523809526,6,3.090909090909091,2.0
20,36,1.8,3,3.8,1.7272727272727273
23,39,3.3043478260869565,6,5.833333333333333,1.8421052631578947
24,87,3.375,6,4.533333333333333,3.4
25,89,4.12,8,3.6666666666666665,3.142857142857143
26,47,3.076923076923077,6,3.5,1.9090909090909092
24,66,2.5,5,5.25,2.625
23,46,1.8695652173913044,3,5.75,1.9166666666666667
22,39,2.8181818181818183,5,3.4,1.8888888888888888
21,32,3.0952380952380953,5,4.0,1.5555555555555556
26,108,3.6538461538461537,7,5.722222222222222,4.681818181818182
26,50,3.0384615384615383,6,3.75,2.0454545454545454
23,40,3.3043478260869565,6,5.0,1.8421052631578947
25,59,3.04,5,5.4,2.5714285714285716
25,60,2.16,4,5.0,2.3333333333333335
22,58,2.272727272727273,4,4.75,2.7142857142857144
23,40,3.3043478260869565,6,5.0,1.8421052631578947
24,89,3.4583333333333335,6,4.625,3.7
24,86,4.25,8,3.5789473684210527,3.4
24,93,3.4583333333333335,7,4.526315789473684,4.095238095238095
22,38,3.3636363636363638,6,4.857142857142857,1.8888888888888888
24,61,2.5,4,4.222222222222222,2.111111111111111
22,69,3.5454545454545454,6,3.466666666666667,2.736842105263158
21,60,3.238095238095238,6,3.5384615384615383,2.7058823529411766
22,42,3.409090909090909,6,4.875,2.0526315789473686
27,65,3.1481481481481484,5,6.888888888888889,2.5833333333333335
25,43,3.36,6,6.666666666666667,1.8181818181818181
19,53,2.789473684210526,5,3.8333333333333335,2.875
28,79,3.0714285714285716,5,5.846153846153846,3.04
25,73,2.84,5,4.583333333333333,3.0555555555555554
25,72,3.16,5,4.75,2.85
23,41,2.8260869565217392,5,3.3636363636363638,1.9473684210526316
17,29,1.6470588235294117,3,2.8,1.75
24,41,3.375,6,6.333333333333333,1.8095238095238095
15,33,2.6,5,3.3333333333333335,2.5
25,50,3.0,6,3.9166666666666665,2.1363636363636362
14,22,1.6428571428571428,4,2.5,2.0
27,78,3.2962962962962963,6,5.0,2.727272727272727
24,41,3.375,6,6.333333333333333,1.8095238095238095
27,53,2.5925925925925926,4,6.125,2.130434782608696
18,29,1.5,3,2.6,1.8571428571428572
24,41,3.375,6,6.333333333333333,1.8095238095238095
25,87,3.4,6,5.071428571428571,3.380952380952381
28,118,3.75,7,4.75,3.9583333333333335
28,55,2.7857142857142856,4,7.285714285714286,2.125
23,63,3.0434782608695654,5,6.875,2.8947368421052633
22,43,2.1363636363636362,4,4.833333333333333,2.0714285714285716
21,39,2.142857142857143,4,4.8,1.8461538461538463
19,50,3.0,6,3.5384615384615383,2.875
29,186,4.310344827586207,8,7.521739130434782,6.92
24,99,3.875,8,4.523809523809524,4.523809523809524
20,45,2.45,4,4.714285714285714,2.2
16,37,2.5625,6,3.3,2.5384615384615383
20,66,3.5,8,4.5,3.7058823529411766
29,199,4.172413793103448,8,7.074074074074074,7.64
22,31,3.0,5,4.5,1.4210526315789473
26,92,3.730769230769231,6,5.235294117647059,3.869565217391304
23,72,3.0,5,4.0,3.1578947368421053
23,40,3.260869565217391,6,6.166666666666667,1.85
27,118,3.888888888888889,7,5.2,4.521739130434782
26,44,3.269230769230769,6,6.666666666666667,1.8181818181818181
24,76,3.0833333333333335,5,4.6,3.2857142857142856
22,41,2.5454545454545454,5,4.111111111111111,2.0555555555555554
21,67,3.0952380952380953,6,4.615384615384615,3.5294117647058822
17,27,1.6470588235294117,3,3.0,1.5
23,39,3.347826086956522,6,6.0,1.8
19,54,3.473684210526316,7,4.454545454545454,3.0625
28,81,3.0,5,5.428571428571429,3.1666666666666665
18,28,1.5,3,2.4,1.7142857142857142
21,41,1.6666666666666667,3,3.142857142857143,2.2
23,64,3.391304347826087,7,5.2727272727272725,2.9
21,32,2.2857142857142856,4,6.666666666666667,1.5384615384615385
27,113,3.814814814814815,7,4.9,4.260869565217392
23,42,3.391304347826087,6,6.0,1.8
25,95,2.88,5,4.588235294117647,3.7142857142857144
25,43,2.92,6,3.25,1.8571428571428572
23,67,3.5652173913043477,6,4.6923076923076925,3.05
22,52,2.1363636363636362,4,5.0,2.3076923076923075
20,35,3.35,6,5.333333333333333,1.8823529411764706
25,82,3.36,5,4.714285714285714,3.142857142857143
25,43,2.68,4,5.571428571428571,1.8571428571428572
23,39,3.3043478260869565,6,5.833333333333333,1.8421052631578947
15,33,3.1333333333333333,5,2.857142857142857,1.8181818181818181
25,74,3.2,7,3.125,2.7777777777777777
26,73,2.8076923076923075,5,4.533333333333333,3.090909090909091
16,20,1.4375,2,7.0,1.0
23,58,2.9565217391304346,5,4.0,2.4444444444444446
23,39,3.3043478260869565,6,5.833333333333333,1.8421052631578947
24,82,2.9166666666666665,5,4.333333333333333,3.25
24,85,3.5416666666666665,7,4.470588235294118,3.619047619047619
22,38,3.409090909090909,6,5.833333333333333,1.8421052631578947
19,57,3.473684210526316,7,4.166666666666667,3.125
29,119,3.5172413793103448,7,5.842105263157895,4.44
13,19,1.6153846153846154,4,2.0,1.6
19,46,2.3157894736842106,5,3.0,2.25
27,86,3.259259259259259,6,6.0,2.608695652173913
21,29,3.0476190476190474,5,4.333333333333333,1.4444444444444444
25,94,3.64,6,4.944444444444445,4.045454545454546
26,54,1.9230769230769231,4,4.666666666666667,2.1538461538461537
23,61,2.0,3,5.857142857142857,2.7333333333333334
23,39,3.3043478260869565,6,5.833333333333333,1.8421052631578947
24,84,3.375,6,5.0,3.5
24,85,4.166666666666667,8,3.7222222222222223,3.35
26,43,3.0384615384615383,6,3.25,1.7727272727272727
22,56,2.227272727272727,4,5.666666666666667,2.4285714285714284
23,39,3.3043478260869565,6,5.833333333333333,1.8421052631578947
20,32,1.55,3,5.333333333333333,1.6
28,114,3.357142857142857,7,5.888888888888889,4.416666666666667
19,28,1.368421052631579,3,2.5,1.6666666666666667
13,20,1.6923076923076923,4,2.25,1.8
25,93,3.4,7,5.0588235294117645,4.095238095238095
21,38,2.8095238095238093,5,3.0,1.9411764705882353
22,37,3.227272727272727,6,5.5,1.8333333333333333
25,89,3.24,6,4.0,3.4285714285714284
23,40,2.9130434782608696,6,2.9166666666666665,1.8421052631578947
23,39,3.3043478260869565,6,5.833333333333333,1.8421052631578947
25,56,3.04,5,5.666666666666667,2.4285714285714284
13,21,1.6923076923076923,4,2.5,2.0
24,41,3.2916666666666665,6,6.166666666666667,1.85
23,72,3.130434782608696,5,4.642857142857143,3.25
24,49,3.0,6,5.0,2.25
21,74,3.142857142857143,6,5.076923076923077,3.8823529411764706
23,39,3.260869565217391,6,5.666666666666667,1.7894736842105263
27,86,2.7037037037037037,5,3.6666666666666665,2.869565217391304
22,59,3.1363636363636362,6,3.0,2.4705882352941178
26,74,3.076923076923077,5,5.3076923076923075,3.1363636363636362
29,115,3.4827586206896552,6,4.631578947368421,3.52
23,39,3.3043478260869565,6,5.833333333333333,1.8421052631578947
24,80,3.125,5,5.142857142857143,3.4285714285714284
23,44,2.869565217391304,6,5.714285714285714,2.1052631578947367
21,71,3.0952380952380953,6,4.923076923076923,3.764705882352941
18,31,1.7777777777777777,3,2.5,1.6666666666666667
23,40,3.3043478260869565,6,5.833333333333333,1.8421052631578947
22,66,3.8181818181818183,7,4.066666666666666,3.210526315789474
26,50,2.769230769230769,4,6.428571428571429,2.0454545454545454
29,120,3.793103448275862,7,4.947368421052632,3.76
26,85,3.4615384615384617,6,4.857142857142857,3.090909090909091
21,26,1.5714285714285714,3,3.3333333333333335,1.25
24,91,3.0416666666666665,6,4.75,3.619047619047619
23,52,2.782608695652174,5,4.363636363636363,2.526315789473684
21,74,3.0952380952380953,6,5.153846153846154,3.9411764705882355
24,47,2.875,5,3.7777777777777777,1.7
28,70,3.142857142857143,5,5.909090909090909,2.7083333333333335
18,38,2.1666666666666665,4,2.75,2.2
24,44,3.0416666666666665,6,3.4545454545454546,1.9
22,42,2.909090909090909,5,4.125,1.8333333333333333
27,109,3.740740740740741,7,5.2,4.521739130434782
25,47,3.0,5,3.8181818181818183,1.9090909090909092
18,46,2.0555555555555554,4,3.75,3.0
24,50,1.8333333333333333,3,5.4,2.25
23,42,2.739130434782609,4,6.166666666666667,1.9473684210526316
21,36,2.761904761904762,5,4.428571428571429,1.9375
21,38,2.761904761904762,5,4.428571428571429,1.9375
24,75,3.2916666666666665,6,4.5,3.4285714285714284
19,44,2.263157894736842,4,5.5,2.5384615384615383
23,98,3.130434782608696,7,4.55,4.7894736842105265
20,65,3.2,7,4.357142857142857,3.588235294117647
20,44,2.45,4,5.0,2.3333333333333335
22,88,3.3181818181818183,7,4.9411764705882355,4.666666666666667
20,54,3.4,7,4.636363636363637,3.0
28,165,4.071428571428571,8,6.153846153846154,6.666666666666667
21,43,3.238095238095238,5,4.75,2.0
29,149,4.172413793103448,7,5.608695652173913,5.16
15,21,1.5333333333333334,3,2.5,1.6666666666666667
24,41,3.375,6,6.333333333333333,1.8095238095238095
19,50,2.8947368421052633,7,3.6363636363636362,2.857142857142857
29,112,3.206896551724138,6,4.7727272727272725,4.2
27,75,3.2222222222222223,5,4.615384615384615,2.727272727272727
23,40,3.391304347826087,6,6.166666666666667,1.85
26,51,2.576923076923077,4,5.875,2.1363636363636362
24,52,2.0,4,5.0,2.3076923076923075
23,36,2.8260869565217392,5,3.2,1.6842105263157894
23,40,3.391304347826087,6,6.166666666666667,1.85
26,51,2.576923076923077,4,5.875,2.1363636363636362
16,24,1.5625,3,2.5,1.4285714285714286
23,39,3.391304347826087,6,6.0,1.8
23,79,3.9565217391304346,8,3.9375,3.3157894736842106
26,77,2.923076923076923,5,4.8,3.130434782608696
12,20,1.75,4,2.5,2.0
23,40,3.391304347826087,6,6.166666666666667,1.85
19,31,1.5789473684210527,3,5.333333333333333,1.6
24,43,2.625,4,6.5,1.95
22,41,1.8181818181818181,3,4.75,1.7272727272727273
17,42,2.9411764705882355,6,3.2,2.2857142857142856
22,36,2.8181818181818183,5,3.5555555555555554,1.7777777777777777
23,58,3.347826086956522,6,3.357142857142857,2.473684210526316
13,17,1.3846153846153846,3,1.5,1.5
22,38,3.409090909090909,6,5.833333333333333,1.8421052631578947
20,35,1.7,3,3.0,1.5
25,43,2.64,4,5.571428571428571,1.8571428571428572
26,89,3.3076923076923075,6,4.823529411764706,3.727272727272727
18,32,1.5,3,2.8,2.0
19,38,2.210526315789474,4,2.875,1.7692307692307692
22,38,3.409090909090909,6,5.833333333333333,1.8421052631578947
15,37,3.8666666666666667,7,3.0,2.0
18,30,1.6111111111111112,3,5.333333333333333,1.6
25,42,2.88,5,4.222222222222222,1.8095238095238095
24,63,3.3333333333333335,6,4.833333333333333,2.9
17,38,2.823529411764706,7,2.8,2.1538461538461537
26,89,3.8846153846153846,7,5.230769230769231,3.090909090909091
21,37,3.3333333333333335,6,5.666666666666667,1.8888888888888888
27,107,3.740740740740741,7,4.944444444444445,3.869565217391304
26,47,2.6923076923076925,4,6.142857142857143,1.9545454545454546
29,121,3.7586206896551726,7,5.181818181818182,4.56
18,35,1.6111111111111112,4,2.4285714285714284,2.4285714285714284
22,48,1.8636363636363635,3,4.333333333333333,2.0
21,36,3.4285714285714284,6,5.5,1.8333333333333333
26,72,2.8846153846153846,5,6.090909090909091,3.0454545454545454
26,69,2.9615384615384617,6,3.6153846153846154,2.35
23,39,3.3043478260869565,6,5.833333333333333,1.8421052631578947
22,58,2.8181818181818183,5,3.8181818181818183,2.3333333333333335
23,41,2.6956521739130435,4,5.285714285714286,1.9473684210526316
23,66,3.0869565217391304,5,4.0,2.6666666666666665
24,36,3.0416666666666665,5,4.571428571428571,1.6
14,30,3.642857142857143,6,3.1666666666666665,1.5833333333333333
26,68,3.1538461538461537,5,4.846153846153846,2.8636363636363638
22,75,3.272727272727273,6,4.1875,3.526315789473684
22,38,3.409090909090909,6,5.833333333333333,1.8421052631578947
22,75,3.8636363636363638,8,3.625,3.2222222222222223
27,52,3.074074074074074,6,4.0,2.0869565217391304
23,39,3.3043478260869565,6,5.833333333333333,1.8421052631578947
26,70,3.3461538461538463,6,3.2,2.1818181818181817
26,82,2.8846153846153846,5,5.5,3.5
21,34,2.9047619047619047,6,3.2222222222222223,1.7058823529411764
13,20,1.8461538461538463,4,2.25,1.5
23,59,3.4347826086956523,7,5.3,2.65
22,28,1.5909090909090908,3,6.0,1.3333333333333333
20,25,1.5,3,5.0,1.4285714285714286
18,41,2.111111111111111,4,4.666666666666667,2.5454545454545454
21,66,2.9047619047619047,6,3.2857142857142856,2.5555555555555554
17,42,2.764705882352941,6,3.0,2.5714285714285716
21,81,3.6666666666666665,8,4.222222222222222,4.222222222222222
19,50,2.9473684210526314,6,3.5,2.625
22,98,3.6818181818181817,8,5.0,5.0
25,146,3.96,8,6.380952380952381,6.380952380952381
22,88,3.6818181818181817,8,4.611111111111111,4.368421052631579
20,47,2.45,4,4.25,2.2666666666666666
28,198,4.071428571428571,8,7.038461538461538,7.625
21,29,3.0476190476190474,5,4.333333333333333,1.4444444444444444
26,102,3.8461538461538463,7,4.85,4.217391304347826
24,86,3.5416666666666665,7,4.588235294117647,3.7142857142857144
29,98,3.4827586206896552,6,6.2727272727272725,2.76
24,41,3.2916666666666665,6,6.166666666666667,1.85
26,52,2.576923076923077,4,6.0,2.1818181818181817
17,28,1.588235294117647,3,2.6,1.8571428571428572
23,39,3.3043478260869565,6,5.833333333333333,1.8421052631578947
24,75,3.0,5,4.785714285714286,3.1904761904761907
25,47,2.96,6,3.5,2.0
19,32,1.4736842105263157,3,2.142857142857143,2.142857142857143
24,89,3.5416666666666665,7,4.5,3.857142857142857
23,39,3.3043478260869565,6,5.833333333333333,1.8421052631578947
18,30,1.7222222222222223,3,4.0,1.3333333333333333
27,81,3.2962962962962963,6,5.428571428571429,3.3043478260869565
18,34,1.8333333333333333,4,2.5714285714285716,2.0
13,20,1.6923076923076923,4,2.25,1.8
21,34,2.8095238095238093,5,2.9,1.7058823529411764
19,38,1.6842105263157894,3,2.3333333333333335,2.1
20,64,3.25,6,4.071428571428571,3.3529411764705883
23,39,3.3043478260869565,6,5.833333333333333,1.8421052631578947
21,36,1.5714285714285714,3,6.0,1.6363636363636365
24,42,2.625,4,6.333333333333333,1.9
23,46,1.8695652173913044,3,5.75,1.9166666666666667
17,41,2.823529411764706,6,3.1,2.2142857142857144
21,35,2.8095238095238093,5,3.0,1.7647058823529411
24,65,3.375,6,3.6,2.7
22,36,3.272727272727273,6,5.333333333333333,1.7777777777777777
26,96,3.076923076923077,5,5.933333333333334,4.045454545454546
20,40,1.85,4,3.8333333333333335,1.7692307692307692
23,40,3.3043478260869565,6,5.833333333333333,1.8421052631578947
22,71,3.9545454545454546,8,3.3333333333333335,3.3333333333333335
28,94,3.0714285714285716,5,5.176470588235294,3.6666666666666665
12,22,1.75,4,3.0,2.4
23,43,3.3043478260869565,6,5.285714285714286,1.9473684210526316
23,88,3.9565217391304346,7,4.055555555555555,3.65
26,44,2.8461538461538463,5,3.25,1.7727272727272727
21,45,1.8571428571428572,4,3.5,2.1538461538461537
24,45,2.75,4,5.714285714285714,2.0
17,34,2.1176470588235294,4,2.7142857142857144,1.9
24,69,3.375,6,4.076923076923077,2.65
24,49,2.75,4,6.571428571428571,2.1904761904761907
27,117,3.962962962962963,7,5.842105263157895,4.826086956521739
24,41,3.375,6,6.333333333333333,1.8095238095238095
19,35,1.736842105263158,3,3.6666666666666665,2.0
21,61,3.0952380952380953,6,2.8666666666666667,2.6875
26,77,3.1923076923076925,5,6.083333333333333,3.1739130434782608
23,73,3.260869565217391,6,4.25,3.4
26,94,3.4615384615384617,6,5.3125,3.8636363636363638
21,42,3.5714285714285716,6,5.0,2.1052631578947367
27,82,3.259259259259259,5,5.642857142857143,3.2916666666666665
21,38,1.8571428571428572,3,5.0,1.8181818181818181
22,39,1.8181818181818181,3,5.0,1.8181818181818181
22,34,2.8181818181818183,5,3.3333333333333335,1.6666666666666667
19,30,1.631578947368421,3,5.0,1.3636363636363635
25,67,3.4,6,3.6875,2.8095238095238093
24,41,3.375,6,6.333333333333333,1.8095238095238095
24,85,4.125,8,4.1875,3.35
26,70,2.9615384615384617,5,4.785714285714286,2.9130434782608696
12,17,1.6666666666666667,4,1.75,1.4
24,41,3.375,6,6.333333333333333,1.8095238095238095
15,35,3.066666666666667,6,2.75,2.2
28,47,2.857142857142857,4,4.3,1.7916666666666667
18,28,1.3888888888888888,3,2.4,2.0
23,73,2.9565217391304346,6,4.0625,3.25
22,60,3.1818181818181817,5,4.666666666666667,2.9473684210526314
23,45,1.8695652173913044,3,5.5,1.8333333333333333
22,39,2.8181818181818183,5,3.1818181818181817,1.9444444444444444
26,80,3.4615384615384617,6,6.166666666666667,3.3636363636363638
23,30,1.6521739130434783,3,4.666666666666667,1.4
21,34,1.7142857142857142,3,5.0,2.0
19,51,3.0,6,3.6923076923076925,3.0
23,92,3.6956521739130435,7,4.631578947368421,4.4
16,41,2.5,5,3.0833333333333335,2.8461538461538463
27,132,4.111111111111111,8,5.521739130434782,5.521739130434782
27,159,4.074074074074074,8,6.909090909090909,6.608695652173913
20,45,2.5,4,6.166666666666667,2.466666666666667
26,134,3.8846153846153846,8,5.521739130434782,5.7727272727272725
25,107,4.12,8,4.681818181818182,4.681818181818182
29,207,4.172413793103448,8,7.296296296296297,7.88
21,41,3.238095238095238,5,4.875,2.0526315789473686
28,117,4.25,8,5.136363636363637,4.52
23,40,3.391304347826087,6,6.166666666666667,1.85
24,76,3.3333333333333335,5,5.076923076923077,3.3
23,82,4.217391304347826,8,3.611111111111111,3.4210526315789473
24,47,2.8333333333333335,5,5.375,2.15
23,74,3.1739130434782608,6,4.466666666666667,3.526315789473684
12,19,1.75,4,2.25,1.8
21,65,3.4285714285714284,6,4.285714285714286,3.3333333333333335
22,53,2.090909090909091,4,4.428571428571429,2.5833333333333335
19,36,2.0,4,2.875,1.9166666666666667
22,38,3.409090909090909,6,5.833333333333333,1.8421052631578947
24,78,3.375,6,4.714285714285714,3.3
25,90,4.08,8,3.8333333333333335,3.2857142857142856
24,71,3.5416666666666665,7,4.4,3.142857142857143
23,52,2.0,4,4.285714285714286,2.5
17,38,2.823529411764706,7,3.0,2.3076923076923075
12,16,1.4166666666666667,3,1.5,1.5
27,97,3.925925925925926,7,5.5,3.347826086956522
23,39,3.3043478260869565,6,5.833333333333333,1.8421052631578947
20,48,2.8,5,5.333333333333333,2.0
27,89,2.814814814814815,5,5.25,3.652173913043478
19,36,1.5263157894736843,2,9.0,1.8
24,51,1.8333333333333333,4,4.5,2.4545454545454546
24,67,3.0833333333333335,5,4.428571428571429,3.1
22,53,2.590909090909091,5,4.083333333333333,2.7222222222222223
17,29,1.7647058823529411,3,3.25,1.4444444444444444
21,35,3.4285714285714284,6,5.333333333333333,1.7777777777777777
18,46,2.2222222222222223,4,4.857142857142857,2.4285714285714284
20,39,1.95,4,2.875,1.9166666666666667
25,42,2.84,4,4.111111111111111,1.7619047619047619
24,89,3.0416666666666665,5,4.0,3.4
24,69,3.0,5,4.571428571428571,3.2
23,53,2.739130434782609,5,4.083333333333333,2.5789473684210527
26,75,3.4615384615384617,6,5.5,3.0
22,28,1.5909090909090908,3,6.0,1.3333333333333333
26,95,3.730769230769231,7,5.625,4.090909090909091
28,57,3.25,6,4.333333333333333,2.1666666666666665
18,33,1.3888888888888888,3,3.4,2.8333333333333335
22,41,1.8181818181818181,3,4.75,1.7272727272727273
22,50,2.6363636363636362,5,4.6,2.5555555555555554
22,62,3.1818181818181817,6,4.0,2.6666666666666665
22,36,2.8181818181818183,5,3.1,1.7222222222222223
26,93,3.576923076923077,6,5.666666666666667,3.090909090909091
23,38,3.260869565217391,6,5.666666666666667,1.7894736842105263
21,38,1.619047619047619,3,5.25,1.9090909090909092
23,40,2.652173913043478,4,6.0,1.894736842105263
22,52,2.6363636363636362,5,4.363636363636363,2.6666666666666665
19,35,1.8421052631578947,3,4.75,1.7272727272727273
23,39,3.3043478260869565,6,5.833333333333333,1.8421052631578947
17,39,2.0,4,3.375,2.25
26,68,3.076923076923077,5,4.846153846153846,2.8636363636363638
24,85,3.1666666666666665,6,4.0,3.4
20,50,2.2,4,4.555555555555555,2.7333333333333334
22,66,2.9545454545454546,5,4.214285714285714,3.2777777777777777
22,50,2.590909090909091,5,4.181818181818182,2.5555555555555554
26,84,3.4615384615384617,6,5.75,3.1363636363636362
22,26,1.4545454545454546,3,4.5,1.125
22,67,3.090909090909091,6,4.5,3.3157894736842106
27,111,3.6296296296296298,7,4.9523809523809526,4.521739130434782
25,69,3.4,6,4.0,2.6666666666666665
31,93,3.4193548387096775,6,6.2,2.2962962962962963
24,42,3.2916666666666665,6,5.428571428571429,1.9
18,33,1.6666666666666667,3,4.0,2.0
25,39,2.8,4,3.7777777777777777,1.619047619047619
22,57,2.409090909090909,5,4.375,2.3333333333333335
26,79,3.423076923076923,6,3.823529411764706,2.9545454545454546
19,34,1.368421052631579,3,3.4,2.8333333333333335
21,35,2.761904761904762,5,2.9,1.7058823529411764
23,39,3.3043478260869565,6,5.833333333333333,1.8421052631578947
15,35,3.8666666666666667,6,3.2857142857142856,1.7692307692307692
26,80,2.8076923076923075,5,4.866666666666666,3.3181818181818183
19,36,1.8421052631578947,4,2.375,2.111111111111111
30,105,4.2,7,6.818181818181818,2.8846153846153846
24,42,3.2916666666666665,6,6.166666666666667,1.85
25,99,3.36,6,4.611111111111111,3.9523809523809526
23,41,3.0,6,3.0,1.894736842105263
26,75,3.0384615384615383,5,4.666666666666667,2.8
23,70,2.9130434782608696,6,3.4285714285714284,2.823529411764706
26,84,3.6923076923076925,6,5.5,3.5
24,62,2.25,4,5.428571428571429,2.7142857142857144
18,46,2.5,6,3.5,2.5
12,19,1.75,4,2.25,1.8
23,41,3.3043478260869565,6,5.285714285714286,1.9473684210526316
24,84,3.0833333333333335,5,4.470588235294118,3.8
24,54,2.875,6,5.555555555555555,2.5
21,76,3.0476190476190474,6,4.928571428571429,4.0588235294117645
22,39,3.3636363636363638,6,4.714285714285714,1.8333333333333333
27,119,3.7037037037037037,7,5.095238095238095,4.6521739130434785
23,49,3.0434782608695654,6,4.181818181818182,2.3
27,91,3.4814814814814814,6,4.421052631578948,3.652173913043478
20,40,2.05,4,4.8,2.1818181818181817
24,78,3.625,7,3.857142857142857,2.7
24,41,3.375,6,6.333333333333333,1.8095238095238095
27,90,2.814814814814815,5,4.9411764705882355,3.652173913043478
14,21,1.6428571428571428,4,2.5,2.0
24,41,3.375,6,6.333333333333333,1.8095238095238095
26,66,2.769230769230769,4,5.7272727272727275,2.739130434782609
26,63,2.3461538461538463,5,3.6363636363636362,2.5
24,41,3.375,6,6.333333333333333,1.8095238095238095
20,28,1.55,3,4.0,1.2
28,110,2.857142857142857,6,5.2,4.333333333333333
22,36,2.8181818181818183,5,3.2,1.7777777777777777
17,29,1.4705882352941178,3,2.3333333333333335,2.3333333333333335
26,97,3.4615384615384617,6,6.0,4.090909090909091
23,40,3.391304347826087,6,6.166666666666667,1.85
26,63,3.1538461538461537,5,5.9,2.5652173913043477
26,54,2.0,4,5.166666666666667,2.2142857142857144
22,50,1.9545454545454546,3,4.428571428571429,2.2142857142857144
23,40,3.391304347826087,6,6.166666666666667,1.85
21,65,3.5714285714285716,7,4.230769230769231,3.0555555555555554
26,48,2.923076923076923,6,3.6666666666666665,2.0
22,39,3.3181818181818183,6,6.0,1.894736842105263
17,47,3.411764705882353,7,3.230769230769231,3.0
28,110,3.2142857142857144,6,5.421052631578948,4.291666666666667
23,63,3.130434782608696,6,4.461538461538462,2.9
20,39,1.9,3,4.75,1.7272727272727273
18,46,3.1666666666666665,7,3.5454545454545454,2.6
27,96,3.5555555555555554,6,5.266666666666667,3.4347826086956523
21,36,3.4285714285714284,6,5.5,1.8333333333333333
26,88,3.3461538461538463,5,5.142857142857143,3.272727272727273
25,93,4.08,8,4.0,3.619047619047619
25,46,2.76,5,7.0,2.0
24,85,3.2916666666666665,7,5.2,3.9
23,78,3.130434782608696,6,5.416666666666667,3.823529411764706
18,33,1.8888888888888888,3,3.2,1.6
25,65,3.16,5,4.25,2.55
22,38,3.409090909090909,6,5.833333333333333,1.8421052631578947
19,57,3.4210526315789473,7,4.454545454545454,3.0625
26,47,2.923076923076923,6,3.5833333333333335,1.9545454545454546
13,21,1.6923076923076923,4,2.5,2.0
27,78,3.1481481481481484,6,4.461538461538462,2.761904761904762
30,104,3.6,6,7.9,3.0384615384615383
24,35,2.9166666666666665,5,3.875,1.55
25,97,3.76,7,5.411764705882353,4.380952380952381
28,53,2.6785714285714284,5,6.125,2.0416666666666665
23,40,3.391304347826087,6,6.166666666666667,1.85
24,55,3.125,5,5.0,2.380952380952381
25,52,1.88,4,4.5,2.25
13,20,1.6923076923076923,4,2.25,1.8
30,129,3.466666666666667,6,5.2,4.0
25,43,2.92,5,3.9,1.8571428571428572
18,29,1.6111111111111112,3,3.0,1.5
22,38,3.409090909090909,6,5.833333333333333,1.8421052631578947
25,48,2.68,4,4.888888888888889,2.0952380952380953
27,79,3.2222222222222223,5,4.833333333333333,2.6363636363636362
22,64,3.5454545454545454,7,3.5,2.3333333333333335
23,37,2.8260869565217392,5,3.3,1.736842105263158
18,27,1.3333333333333333,2,2.5,1.6666666666666667
22,38,3.409090909090909,6,5.833333333333333,1.8421052631578947
21,70,3.4285714285714284,7,4.428571428571429,3.4444444444444446
28,111,3.3214285714285716,7,5.421052631578948,4.291666666666667
13,20,1.6923076923076923,4,2.25,1.8
23,65,2.9130434782608696,5,4.285714285714286,3.1578947368421053
22,56,2.4545454545454546,5,4.25,2.2666666666666666
21,34,2.8095238095238093,5,3.3333333333333335,1.7647058823529411
13,17,1.3846153846153846,3,1.5,1.5
13,17,1.3846153846153846,3,1.5,1.5
27,82,3.4814814814814814,6,6.083333333333333,3.1739130434782608
24,34,1.9583333333333333,4,6.0,1.5
21,50,2.619047619047619,5,5.666666666666667,2.125
23,75,3.739130434782609,7,3.176470588235294,2.8421052631578947
20,31,1.4,3,2.4,1.7142857142857142
29,111,3.4827586206896552,7,5.666666666666667,4.08
19,35,1.4736842105263157,2,8.5,1.8888888888888888
26,95,3.8461538461538463,7,5.785714285714286,3.6818181818181817
13,22,1.9230769230769231,4,2.75,1.8333333333333333
25,70,3.16,5,4.583333333333333,2.75
23,39,3.3043478260869565,6,5.833333333333333,1.8421052631578947
24,79,3.3333333333333335,5,4.642857142857143,3.25
26,88,4.1923076923076925,8,3.3157894736842106,2.8636363636363638
23,42,2.739130434782609,5,6.0,1.894736842105263
22,74,3.0454545454545454,6,4.4,3.6666666666666665
27,81,3.4444444444444446,6,3.857142857142857,2.347826086956522
23,39,3.3043478260869565,6,5.833333333333333,1.8421052631578947
25,89,2.88,5,4.5625,3.4761904761904763
26,70,3.1538461538461537,5,5.0,2.9545454545454546
19,33,1.368421052631579,3,3.0,2.5
22,60,2.909090909090909,5,4.230769230769231,3.0555555555555554
23,44,1.8695652173913044,3,5.25,1.75
20,38,2.9,6,3.0,2.0625
24,59,3.2916666666666665,7,5.0,2.5
21,27,1.619047619047619,3,6.0,1.3333333333333333
28,135,4.0,7,5.142857142857143,4.5
14,18,1.5714285714285714,3,2.6666666666666665,1.3333333333333333
24,47,3.2083333333333335,6,5.142857142857143,1.8
24,90,3.5,6,5.066666666666666,3.8
21,62,3.6666666666666665,8,3.357142857142857,2.764705882352941
23,47,2.782608695652174,5,5.125,2.1578947368421053
23,79,3.5217391304347827,7,4.8,3.789473684210526
25,43,3.24,6,6.166666666666667,1.7619047619047619
23,65,3.0,5,4.363636363636363,2.526315789473684
25,46,2.84,5,3.4166666666666665,1.9523809523809523
19,35,1.5263157894736843,2,9.5,1.9
19,35,1.5263157894736843,4,3.0,2.5714285714285716
22,37,2.8181818181818183,5,3.2,1.7777777777777777
23,45,1.8695652173913044,3,5.75,1.9166666666666667
23,65,3.347826086956522,6,3.857142857142857,2.8421052631578947
27,127,4.037037037037037,8,6.111111111111111,4.782608695652174
13,20,1.6153846153846154,4,1.8,1.8
25,73,3.4,6,3.875,2.9523809523809526
23,38,3.3043478260869565,6,5.666666666666667,1.7894736842105263
25,52,2.6,4,5.333333333333333,2.2857142857142856
17,30,1.7647058823529411,3,3.0,1.6666666666666667
24,40,3.2916666666666665,6,6.0,1.8
26,110,3.6153846153846154,7,4.7894736842105265,4.136363636363637
26,54,2.6538461538461537,5,5.444444444444445,2.227272727272727
13,22,1.6923076923076923,4,3.0,2.4
26,77,3.1923076923076925,5,4.6923076923076925,2.9047619047619047
23,40,3.3043478260869565,6,5.142857142857143,1.894736842105263
27,107,3.2222222222222223,6,5.882352941176471,4.3478260869565215
25,62,2.2,4,5.285714285714286,2.466666666666667
31,156,4.387096774193548,8,5.666666666666667,5.037037037037037
24,79,2.9583333333333335,5,4.933333333333334,3.7
17,39,1.7058823529411764,4,2.6666666666666665,3.0
18,46,2.0,5,2.727272727272727,3.0
22,60,2.5,4,4.416666666666667,2.9444444444444446
23,49,3.0434782608695654,6,4.181818181818182,2.3
25,93,3.76,7,4.578947368421052,3.9545454545454546
25,81,3.56,6,5.2,3.5454545454545454
23,46,2.3043478260869565,5,4.0,1.8666666666666667
21,35,1.9047619047619047,4,4.0,1.4545454545454546
19,56,3.0,6,3.642857142857143,3.1875
27,152,4.111111111111111,8,6.304347826086956,6.304347826086956
20,57,3.05,6,5.2,3.0588235294117645
20,41,2.45,4,4.125,2.2
18,41,2.2777777777777777,4,3.8,2.533333333333333
19,56,3.1578947368421053,6,4.0,3.25
20,56,2.95,5,5.555555555555555,2.9411764705882355
20,54,2.75,5,5.444444444444445,2.8823529411764706
20,53,3.05,6,5.0,2.9411764705882355
25,129,3.84,8,5.434782608695652,5.9523809523809526
22,32,3.0,5,4.666666666666667,1.4736842105263157
25,101,3.52,7,5.333333333333333,4.571428571428571
21,63,3.8095238095238093,8,3.6923076923076925,2.823529411764706
25,36,2.84,5,3.2,1.5238095238095237
22,55,2.409090909090909,5,4.111111111111111,2.466666666666667
24,41,3.3333333333333335,6,6.333333333333333,1.8095238095238095
25,84,3.4,6,5.0,3.3333333333333335
24,82,4.25,8,4.125,3.3
28,100,3.0714285714285716,6,4.65,3.875
12,19,1.75,4,2.25,1.8
25,82,3.36,7,5.428571428571429,3.619047619047619
26,43,2.576923076923077,5,7.5,1.6666666666666667
19,45,2.6315789473684212,5,3.230769230769231,2.625
28,81,3.357142857142857,6,5.066666666666666,3.04
18,29,1.5555555555555556,2,7.5,1.5
27,77,3.2222222222222223,5,4.846153846153846,2.8636363636363638
23,63,3.130434782608696,5,4.833333333333333,2.9
13,21,1.9230769230769231,4,2.5,1.6666666666666667
21,53,2.9523809523809526,5,3.5,2.625
22,63,3.1818181818181817,5,4.833333333333333,3.0526315789473686
22,38,3.409090909090909,6,5.833333333333333,1.8421052631578947
28,78,2.9285714285714284,5,5.214285714285714,3.0416666666666665
13,20,1.6923076923076923,4,2.25,1.8
23,40,3.391304347826087,6,6.166666666666667,1.85
14,27,2.5714285714285716,5,2.5,1.5
26,63,3.230769230769231,5,4.833333333333333,2.5217391304347827
16,22,1.4375,2,4.0,1.1428571428571428
22,36,2.8181818181818183,5,3.2,1.7777777777777777
27,104,3.5555555555555554,6,5.666666666666667,3.6956521739130435
23,40,3.391304347826087,6,6.166666666666667,1.85
24,83,3.2916666666666665,5,4.857142857142857,3.4
27,68,3.1481481481481484,5,5.7272727272727275,2.739130434782609
19,33,1.263157894736842,2,3.5,2.8
17,40,2.823529411764706,7,2.9,2.230769230769231
22,56,3.0454545454545454,5,4.636363636363637,2.6842105263157894
23,56,2.5217391304347827,5,4.375,2.3333333333333335
20,33,1.5,2,7.0,1.4
21,36,3.4285714285714284,6,5.5,1.8333333333333333
27,108,3.7037037037037037,7,5.235294117647059,3.869565217391304
29,97,3.0,5,5.352941176470588,3.64
25,61,2.28,4,4.333333333333333,2.6
19,47,2.5789473684210527,5,2.8,2.1538461538461537
21,36,3.4285714285714284,6,5.5,1.8333333333333333
24,85,3.4583333333333335,6,4.6,3.45
24,80,4.166666666666667,8,3.5294117647058822,3.0
27,50,3.074074074074074,6,3.8333333333333335,2.0
21,31,3.0476190476190474,5,4.0,1.5555555555555556
28,78,2.392857142857143,5,4.076923076923077,2.65
26,48,2.8846153846153846,5,3.6666666666666665,2.0
22,34,1.4545454545454546,3,3.0,1.5
25,48,3.08,6,3.5833333333333335,2.0476190476190474
22,64,2.8636363636363638,5,4.538461538461538,3.2777777777777777
23,67,3.0434782608695654,6,4.214285714285714,2.95
25,67,2.72,5,4.6923076923076925,2.9047619047619047
21,52,2.380952380952381,5,4.0,2.4615384615384617
19,31,1.5263157894736843,2,7.0,1.4
23,38,3.260869565217391,6,5.666666666666667,1.7894736842105263
19,29,1.6842105263157894,2,6.5,1.0
25,75,3.48,6,4.928571428571429,3.1363636363636362
23,57,2.9130434782608696,5,4.4,2.4444444444444446
18,43,2.5,5,2.7777777777777777,2.0833333333333335
23,41,2.9130434782608696,5,3.888888888888889,1.8421052631578947
17,26,1.411764705882353,2,3.3333333333333335,1.4285714285714286
23,39,3.3043478260869565,6,5.833333333333333,1.8421052631578947
24,46,2.7083333333333335,4,4.666666666666667,2.1
16,21,1.4375,2,7.0,1.0
23,39,3.3043478260869565,6,5.833333333333333,1.8421052631578947
25,56,3.0,5,5.555555555555555,2.380952380952381
24,41,3.2916666666666665,6,6.166666666666667,1.85
27,82,2.6666666666666665,5,3.6470588235294117,2.8181818181818183
24,39,2.875,5,3.4,1.7
22,39,1.7727272727272727,3,4.25,1.5454545454545454
22,39,3.0,6,3.090909090909091,1.8888888888888888
22,64,2.8636363636363638,5,4.461538461538462,3.2222222222222223
22,57,3.0454545454545454,5,3.5833333333333335,2.5294117647058822
15,18,1.4666666666666666,2,7.0,1.0
24,92,3.4583333333333335,7,4.9411764705882355,4.2
17,31,1.7058823529411764,4,2.6666666666666665,2.0
23,40,3.3043478260869565,6,5.833333333333333,1.8421052631578947
15,34,3.8,6,3.5,1.6153846153846154
24,41,2.7083333333333335,4,5.285714285714286,1.85
25,55,2.08,4,5.0,2.142857142857143
26,78,3.4615384615384617,6,5.833333333333333,3.1818181818181817
22,25,1.4090909090909092,3,4.0,1.1428571428571428
22,24,1.3636363636363635,3,3.5,1.0
22,69,2.590909090909091,5,3.7857142857142856,2.789473684210526
22,91,3.227272727272727,7,5.1875,4.611111111111111
16,42,2.625,6,3.0833333333333335,2.8461538461538463
19,65,3.0526315789473686,6,3.7857142857142856,3.3125
20,52,2.85,5,4.777777777777778,2.5294117647058822
22,98,3.409090909090909,7,5.6875,5.055555555555555
24,121,3.7083333333333335,8,5.5,5.5
20,62,3.5,7,4.75,3.3529411764705883
26,172,3.8461538461538463,8,6.625,7.2272727272727275
21,29,3.0476190476190474,5,4.333333333333333,1.4444444444444444
27,114,4.074074074074074,7,5.4,4.5
23,60,2.217391304347826,4,5.285714285714286,2.642857142857143
22,58,2.227272727272727,4,5.857142857142857,2.9285714285714284
24,42,3.2916666666666665,6,6.166666666666667,1.85
26,106,3.730769230769231,7,4.9,4.454545454545454
21,64,3.9047619047619047,8,3.5,2.8823529411764706
28,90,3.607142857142857,7,5.3125,3.5416666666666665
23,59,2.5217391304347827,5,4.5,3.0
23,41,3.3043478260869565,6,5.285714285714286,1.9473684210526316
26,56,2.6538461538461537,5,5.777777777777778,2.3636363636363638
16,23,1.625,3,2.4,1.5
23,42,3.3043478260869565,6,5.285714285714286,1.9473684210526316
23,76,4.086956521739131,8,3.611111111111111,3.4210526315789473
26,93,2.923076923076923,5,4.526315789473684,3.909090909090909
24,93,3.375,6,4.5625,3.65
23,82,3.217391304347826,7,4.125,3.473684210526316
22,29,1.5,3,4.5,1.125
22,29,1.5,3,4.5,1.125
26,95,3.3846153846153846,6,5.933333333333334,4.045454545454546
22,38,1.6818181818181819,3,4.5,1.8
20,36,1.95,4,4.25,1.5454545454545454
17,37,1.9411764705882353,4,3.857142857142857,2.4545454545454546
20,58,2.05,4,4.444444444444445,3.076923076923077
19,65,3.3157894736842106,7,4.133333333333334,3.875
19,59,3.1578947368421053,7,3.6,3.375
21,86,3.3333333333333335,7,4.555555555555555,4.823529411764706
20,54,3.4,7,4.636363636363637,3.0
27,142,4.037037037037037,8,5.52,6.0
22,45,3.5454545454545454,6,5.714285714285714,2.0
23,85,3.391304347826087,6,4.8125,3.85
26,87,3.6538461538461537,7,5.125,3.5652173913043477
18,31,1.5555555555555556,3,2.5,2.142857142857143
17,37,1.9411764705882353,4,4.5,2.7
26,95,3.4615384615384617,6,5.0625,3.6818181818181817
23,40,3.391304347826087,6,6.166666666666667,1.85
18,36,1.8333333333333333,4,4.166666666666667,2.272727272727273
27,44,2.888888888888889,5,4.0,1.7391304347826086
27,78,3.2222222222222223,5,4.769230769230769,2.8181818181818183
19,32,1.5263157894736843,3,2.142857142857143,2.142857142857143
27,101,3.4814814814814814,7,4.947368421052632,4.086956521739131
22,41,1.8181818181818181,3,5.0,1.8181818181818181
20,48,2.65,5,2.8,2.0
23,64,3.130434782608696,5,4.615384615384615,3.0
22,55,2.6818181818181817,5,3.923076923076923,2.8333333333333335
23,83,3.217391304347826,6,5.0,3.6842105263157894
21,36,3.4285714285714284,6,5.5,1.8333333333333333
14,27,2.5714285714285716,5,2.6666666666666665,1.6
21,72,3.9523809523809526,8,3.3125,3.1176470588235294
28,55,3.0714285714285716,6,3.923076923076923,2.125
22,38,3.409090909090909,6,5.833333333333333,1.8421052631578947
15,30,2.7333333333333334,5,2.5714285714285716,1.6363636363636365
24,68,3.1666666666666665,5,4.5,3.0
23,76,3.3043478260869565,6,4.3125,3.45
12,19,1.75,4,2.25,1.8
23,40,3.391304347826087,6,6.166666666666667,1.85
14,27,2.5714285714285716,5,2.6666666666666665,1.6
25,86,3.52,7,3.3684210526315788,3.2
28,52,3.0,6,4.0,2.0
27,107,4.037037037037037,8,5.8125,4.043478260869565
18,39,1.7777777777777777,4,3.0,2.3333333333333335
18,37,1.7777777777777777,4,2.7142857142857144,2.111111111111111
20,35,3.35,6,5.333333333333333,1.8823529411764706
15,31,3.6666666666666665,6,2.5714285714285716,1.5
26,40,2.8461538461538463,5,4.0,1.6363636363636365
26,47,2.9615384615384617,6,3.5833333333333335,1.9545454545454546
21,37,3.3333333333333335,6,5.666666666666667,1.8888888888888888
24,85,3.375,6,4.533333333333333,3.4
26,86,3.923076923076923,8,3.764705882352941,3.0476190476190474
28,55,3.0714285714285716,6,3.923076923076923,2.125
25,43,3.04,6,3.25,1.8571428571428572
21,30,3.0476190476190474,5,3.857142857142857,1.5
25,91,4.12,8,3.8947368421052633,3.5238095238095237
24,72,3.5416666666666665,7,4.466666666666667,3.1904761904761907
23,54,2.0869565217391304,4,4.428571428571429,2.3846153846153846
19,34,1.5263157894736843,2,8.5,1.7
25,95,4.0,8,6.230769230769231,3.857142857142857
21,47,1.8571428571428572,3,4.666666666666667,2.1538461538461537
23,39,3.3043478260869565,6,5.833333333333333,1.8421052631578947
18,26,1.5,2,5.0,1.1111111111111112
30,96,3.0,5,5.6875,3.5
18,31,1.7222222222222223,3,2.8,1.5555555555555556
13,21,1.6923076923076923,4,2.5,2.0
26,74,3.1923076923076925,5,4.230769230769231,2.619047619047619
26,80,3.3846153846153846,6,6.166666666666667,3.3636363636363638
22,28,1.5909090909090908,3,6.0,1.3333333333333333
21,25,1.4761904761904763,3,5.0,1.25
26,103,4.076923076923077,8,5.647058823529412,4.363636363636363
22,67,2.5,5,3.4615384615384617,2.5
21,80,3.7142857142857144,8,4.166666666666667,4.166666666666667
20,50,2.85,5,4.333333333333333,2.2941176470588234
24,110,3.7083333333333335,8,5.555555555555555,5.0
20,65,3.3,7,4.833333333333333,3.411764705882353
26,160,3.8461538461538463,8,6.208333333333333,6.7727272727272725
22,30,2.9545454545454546,5,4.333333333333333,1.4444444444444444
29,128,4.103448275862069,7,5.15,4.12
12,22,2.0,4,3.25,2.1666666666666665
24,41,3.2916666666666665,6,6.166666666666667,1.85
24,82,3.2916666666666665,5,4.928571428571429,3.45
25,91,4.28,8,4.111111111111111,3.5238095238095237
26,75,2.8076923076923075,5,4.666666666666667,3.1818181818181817
12,20,1.75,4,2.5,2.0
22,38,3.227272727272727,6,5.666666666666667,1.8888888888888888
23,77,3.3043478260869565,6,4.928571428571429,3.45
24,47,2.875,6,5.375,2.15
21,70,2.7142857142857144,5,4.846153846153846,3.7058823529411766
18,29,1.7222222222222223,3,3.25,1.4444444444444444
23,39,3.3043478260869565,6,5.833333333333333,1.8421052631578947
15,38,3.7333333333333334,6,3.125,1.9230769230769231
18,29,1.5,2,7.5,1.6666666666666667
26,42,2.8076923076923075,4,3.7,1.6818181818181819
22,39,2.8636363636363638,6,3.090909090909091,1.8888888888888888
21,47,1.8571428571428572,3,4.0,2.1538461538461537
23,71,3.5652173913043477,6,4.642857142857143,3.4210526315789473
22,58,2.4545454545454546,5,4.111111111111111,2.466666666666667
20,34,1.5,2,8.5,1.7
24,66,3.3333333333333335,7,4.75,2.85
22,35,2.3181818181818183,4,5.0,1.4285714285714286
23,63,3.0,5,4.363636363636363,2.526315789473684
25,75,3.08,5,4.928571428571429,3.2857142857142856
22,78,3.3181818181818183,6,4.176470588235294,3.736842105263158
25,84,3.36,6,4.214285714285714,2.8095238095238093
23,39,3.3043478260869565,6,5.833333333333333,1.8421052631578947
24,85,3.4166666666666665,6,4.8,3.6
24,85,4.166666666666667,8,3.4210526315789473,3.25
25,46,3.04,6,3.4166666666666665,1.9523809523809523
25,62,2.24,4,5.571428571428571,2.6
26,92,3.8846153846153846,7,5.076923076923077,3.0
23,39,3.3043478260869565,6,5.833333333333333,1.8421052631578947
22,39,1.4545454545454546,2,10.0,2.0
25,48,2.72,4,6.142857142857143,2.0476190476190474
22,53,2.6818181818181817,5,4.083333333333333,2.7222222222222223
19,34,1.8421052631578947,3,4.0,1.8181818181818181
22,35,3.272727272727273,6,5.166666666666667,1.7222222222222223
23,64,3.0,5,4.7,2.473684210526316
27,82,2.814814814814815,5,5.0,3.260869565217391
19,35,1.5263157894736843,2,9.5,1.9
18,48,2.7777777777777777,6,3.0,2.3076923076923075
24,67,3.4166666666666665,6,4.153846153846154,2.7
23,40,3.3043478260869565,6,5.142857142857143,1.894736842105263
26,54,2.576923076923077,4,6.125,2.227272727272727
27,118,3.7037037037037037,7,5.045454545454546,4.826086956521739
17,34,2.2941176470588234,4,3.1666666666666665,1.9
21,36,3.380952380952381,6,4.571428571428571,1.8823529411764706
22,47,1.7727272727272727,3,3.625,2.230769230769231
28,70,3.107142857142857,5,6.3,2.625
17,35,2.2941176470588234,4,3.3333333333333335,2.0
25,66,3.44,6,4.846153846153846,2.8636363636363638
26,65,2.3076923076923075,4,5.625,3.0
20,40,2.3,4,5.4,2.25
22,48,2.9545454545454546,5,5.0,2.3684210526315788
22,37,3.272727272727273,6,5.666666666666667,1.7894736842105263
27,55,2.5925925925925926,4,6.375,2.217391304347826
26,62,2.1923076923076925,5,4.333333333333333,2.7857142857142856
24,41,3.375,6,6.333333333333333,1.8095238095238095
24,71,2.7083333333333335,4,4.4,3.142857142857143
26,54,2.6153846153846154,5,6.25,2.272727272727273
21,70,2.8095238095238093,6,4.2,3.7058823529411766
17,31,1.7058823529411764,3,2.6666666666666665,2.0
23,40,3.3043478260869565,6,6.166666666666667,1.85
20,38,1.8,4,3.6,1.8
23,65,3.217391304347826,6,3.1333333333333333,2.611111111111111
26,70,3.230769230769231,5,5.076923076923077,2.869565217391304
16,21,1.4375,2,7.0,1.0
24,71,3.375,6,4.142857142857143,2.9
22,67,3.3181818181818183,6,3.875,3.263157894736842
23,39,3.391304347826087,6,6.0,1.8
27,105,3.740740740740741,7,4.833333333333333,3.782608695652174
28,86,2.9285714285714284,5,5.125,3.28
25,63,2.4,4,4.777777777777778,2.6875
19,49,2.5789473684210527,5,2.727272727272727,2.3076923076923075
24,41,2.875,5,3.7,1.85
18,30,1.6111111111111112,3,2.8,1.75
26,92,3.5384615384615383,7,6.0,3.9
21,41,1.8571428571428572,3,4.4,1.8333333333333333
23,38,3.391304347826087,6,5.833333333333333,1.75
23,70,4.0,7,3.2941176470588234,2.9473684210526314
27,78,2.814814814814815,5,4.625,3.217391304347826
21,42,1.6666666666666667,3,3.5,1.9090909090909092
21,36,2.9047619047619047,6,2.909090909090909,1.8823529411764706
24,65,3.1666666666666665,6,5.7,2.85
21,39,2.142857142857143,4,4.333333333333333,2.0
23,85,2.9130434782608696,6,4.25,3.4
27,49,2.962962962962963,5,4.090909090909091,1.9565217391304348
24,66,3.0,5,4.333333333333333,2.736842105263158
23,39,3.391304347826087,6,6.0,1.8
26,117,3.730769230769231,7,5.5,4.5
24,42,3.4166666666666665,6,6.5,1.8571428571428572
23,72,3.652173913043478,7,3.4705882352941178,3.1052631578947367
27,81,3.6666666666666665,7,4.470588235294118,3.1666666666666665
25,72,3.24,6,4.266666666666667,2.909090909090909
21,37,2.9047619047619047,6,3.0,1.9411764705882353
21,36,3.4285714285714284,6,5.5,1.8333333333333333
18,27,1.6666666666666667,2,4.333333333333333,1.0833333333333333
28,91,3.5714285714285716,6,5.733333333333333,3.44
20,38,1.9,3,4.5,1.6363636363636365
22,35,2.8181818181818183,5,3.1,1.7222222222222223
19,34,2.0526315789473686,4,3.3333333333333335,1.5384615384615385
21,37,3.3333333333333335,6,5.666666666666667,1.8888888888888888
27,72,2.814814814814815,5,5.583333333333333,2.9130434782608696
26,75,3.1538461538461537,6,3.6666666666666665,2.619047619047619
22,38,3.409090909090909,6,5.833333333333333,1.8421052631578947
27,106,3.7037037037037037,7,5.176470588235294,3.8260869565217392
29,92,2.9310344827586206,5,5.117647058823529,3.48
25,63,2.28,4,4.444444444444445,2.6666666666666665
19,49,2.789473684210526,5,3.1,2.2142857142857144
24,40,3.25,6,6.0,1.8
25,54,3.12,5,4.9,2.227272727272727
23,39,3.3043478260869565,6,5.833333333333333,1.8421052631578947
19,32,1.7894736842105263,4,3.25,1.4444444444444444
25,58,3.12,5,4.416666666666667,2.409090909090909
18,28,1.3888888888888888,3,2.4,2.0
22,53,1.9545454545454546,4,3.3,2.357142857142857
21,37,3.3333333333333335,6,5.666666666666667,1.8888888888888888
24,41,2.6666666666666665,4,5.285714285714286,1.85
16,20,1.4375,2,4.0,1.1428571428571428
23,39,3.3043478260869565,6,5.833333333333333,1.8421052631578947
24,83,3.375,6,4.466666666666667,3.35
26,47,2.8846153846153846,5,3.5833333333333335,1.9545454545454546
25,65,2.68,5,4.0,2.2222222222222223
27,85,3.4814814814814814,7,5.846153846153846,3.3043478260869565
22,26,1.4545454545454546,3,4.5,1.125
27,91,3.6666666666666665,6,5.2,3.391304347826087
28,127,4.178571428571429,8,5.95,4.958333333333333
28,84,2.8214285714285716,5,6.0,3.25
12,21,1.75,4,3.0,2.4
23,42,2.9130434782608696,5,3.625,1.5263157894736843
25,84,3.12,6,5.642857142857143,3.761904761904762
24,51,2.0,4,5.4,2.076923076923077
23,44,2.9130434782608696,5,4.0,1.6842105263157894
25,89,2.92,5,4.294117647058823,3.4761904761904763
24,88,3.5416666666666665,7,4.444444444444445,3.8095238095238093
23,39,3.3043478260869565,6,5.833333333333333,1.8421052631578947
23,75,3.739130434782609,7,3.388888888888889,3.210526315789474
29,57,3.0689655172413794,6,4.0,2.08
24,67,3.5416666666666665,7,4.769230769230769,3.1
21,40,1.7619047619047619,3,3.5,1.75
23,39,3.3043478260869565,6,5.833333333333333,1.8421052631578947
24,87,3.375,6,4.666666666666667,3.5
26,47,2.769230769230769,4,6.142857142857143,1.9545454545454546
24,41,3.2916666666666665,6,6.166666666666667,1.85
27,81,2.5925925925925926,5,3.210526315789474,2.772727272727273
26,53,2.6153846153846154,4,6.125,2.227272727272727
23,39,3.3043478260869565,6,5.833333333333333,1.8421052631578947
25,92,3.48,7,4.111111111111111,3.5238095238095237
23,84,3.3043478260869565,6,4.166666666666667,3.75
23,39,3.3043478260869565,6,5.833333333333333,1.8421052631578947
25,95,3.28,6,4.277777777777778,3.6666666666666665
27,80,3.1481481481481484,5,5.0,3.260869565217391
13,21,1.6923076923076923,4,2.5,2.0
25,72,3.16,5,4.384615384615385,2.85
22,37,2.8181818181818183,5,3.2,1.7777777777777777
18,28,1.6111111111111112,3,3.0,1.5
23,38,3.3043478260869565,6,5.666666666666667,1.7894736842105263
19,37,1.631578947368421,3,4.2,1.9090909090909092
25,46,2.72,4,6.833333333333333,1.9523809523809523
22,54,2.6363636363636362,5,4.545454545454546,2.7777777777777777
19,36,1.8421052631578947,3,4.0,1.8181818181818181
31,218,4.419354838709677,8,8.041666666666666,7.148148148148148
21,30,3.0476190476190474,5,3.857142857142857,1.5
27,124,3.962962962962963,7,5.0,4.565217391304348
24,41,3.2916666666666665,6,6.166666666666667,1.85
14,34,3.7142857142857144,6,3.125,2.0833333333333335
25,38,2.8,4,4.125,1.5714285714285714
25,46,2.92,6,3.4166666666666665,1.9523809523809523
24,44,3.2916666666666665,6,5.571428571428571,1.95
23,62,3.0,5,4.363636363636363,2.526315789473684
25,48,2.8,4,6.285714285714286,2.0952380952380953
22,40,3.3181818181818183,6,5.0,1.9444444444444444
23,87,3.869565217391304,7,3.8333333333333335,3.45
25,38,2.8,4,4.125,1.5714285714285714
25,68,3.36,6,4.846153846153846,3.0
13,23,1.6923076923076923,4,3.0,2.4
22,55,2.6818181818181817,5,4.25,2.8333333333333335
22,55,2.1363636363636362,4,4.25,2.8333333333333335
21,72,3.0952380952380953,5,4.916666666666667,3.4705882352941178
22,42,3.409090909090909,6,4.875,2.0526315789473686
26,61,3.1538461538461537,5,5.8,2.5217391304347827
24,41,3.3333333333333335,6,6.333333333333333,1.8095238095238095
26,99,3.730769230769231,7,4.631578947368421,4.0
28,89,3.142857142857143,5,5.0588235294117645,3.44
16,19,1.5,3,4.0,1.1428571428571428
22,37,2.8181818181818183,5,3.0,1.8333333333333333
24,41,3.375,6,6.333333333333333,1.8095238095238095
27,111,3.740740740740741,7,5.166666666666667,4.043478260869565
28,82,3.0357142857142856,5,4.647058823529412,3.16
25,72,2.76,5,5.0,2.8947368421052633
21,56,2.5714285714285716,5,2.769230769230769,2.4
23,39,3.3043478260869565,6,6.0,1.8
18,38,1.7777777777777777,3,6.0,2.6666666666666665
28,78,2.892857142857143,5,5.0,3.0
22,55,2.227272727272727,4,5.0,2.6923076923076925
21,51,2.1904761904761907,4,4.125,2.357142857142857
24,67,2.7916666666666665,5,4.7,2.611111111111111
21,41,2.9047619047619047,5,3.8,2.111111111111111
13,17,1.3846153846153846,3,1.5,1.5
13,17,1.3846153846153846,3,1.5,1.5
27,95,3.4444444444444446,6,7.454545454545454,3.5652173913043477
21,40,3.238095238095238,5,4.75,2.0
25,87,3.6,6,5.533333333333333,3.772727272727273
25,56,2.16,4,4.857142857142857,2.2666666666666666
22,57,2.772727272727273,5,4.875,2.2941176470588234
22,39,3.3181818181818183,6,6.0,1.894736842105263
25,93,3.44,6,4.9375,3.761904761904762
25,92,4.2,8,4.529411764705882,3.6666666666666665
27,104,3.3703703703703702,7,4.571428571428571,4.173913043478261
12,19,1.75,4,2.25,1.8
22,38,3.409090909090909,6,5.833333333333333,1.8421052631578947
27,117,3.814814814814815,7,5.1,4.434782608695652
24,74,2.9166666666666665,6,4.6923076923076925,3.388888888888889
19,39,1.7894736842105263,4,3.5,2.3333333333333335
18,33,1.4444444444444444,3,2.5,2.142857142857143
24,40,3.25,6,6.0,1.8
19,33,1.631578947368421,3,2.8,1.5555555555555556
27,103,3.3333333333333335,6,5.647058823529412,4.173913043478261
18,28,1.3888888888888888,3,2.4,2.0
23,77,3.608695652173913,7,4.857142857142857,3.4
22,38,3.409090909090909,6,5.833333333333333,1.8421052631578947
23,77,4.0,8,3.75,3.1578947368421053
28,55,2.9642857142857144,6,3.923076923076923,2.125
19,31,1.4210526315789473,3,2.6,1.8571428571428572
21,37,3.3333333333333335,6,5.666666666666667,1.8888888888888888
25,86,2.84,5,4.25,3.238095238095238
26,72,3.230769230769231,5,4.785714285714286,2.9130434782608696
22,44,1.7272727272727273,3,3.6666666666666665,1.8333333333333333
22,38,3.409090909090909,6,5.833333333333333,1.8421052631578947
25,56,3.12,5,4.636363636363637,2.3181818181818183
25,51,1.88,4,5.2,2.1666666666666665
21,50,1.9047619047619047,3,3.625,2.0714285714285716
22,38,3.409090909090909,6,5.833333333333333,1.8421052631578947
23,76,4.086956521739131,8,3.388888888888889,3.210526315789474
28,54,3.0714285714285716,6,4.166666666666667,2.0833333333333335
25,73,3.72,7,4.857142857142857,3.090909090909091
21,45,1.7619047619047619,3,4.0,2.0
12,16,1.4166666666666667,3,2.0,1.5
21,53,2.9523809523809526,5,3.4166666666666665,2.5625
18,26,1.2777777777777777,2,3.0,1.8
23,39,2.652173913043478,4,5.833333333333333,1.8421052631578947
22,62,2.590909090909091,5,4.1,2.7333333333333334
20,32,1.5,2,6.5,1.3
23,39,3.3043478260869565,6,5.833333333333333,1.8421052631578947
24,75,4.041666666666667,8,3.411764705882353,2.9
29,124,3.7241379310344827,7,4.791666666666667,4.6
24,72,2.4583333333333335,4,4.545454545454546,2.6315789473684212
22,39,2.6363636363636362,5,5.833333333333333,1.9444444444444444
23,76,3.0434782608695654,6,4.533333333333333,3.5789473684210527
16,25,1.6875,3,3.6666666666666665,1.375
26,76,3.3846153846153846,6,5.583333333333333,3.0454545454545454
23,29,1.565217391304348,3,6.0,1.3333333333333333
21,66,3.0952380952380953,6,3.875,3.4444444444444446
28,56,3.107142857142857,6,4.25,2.125
23,45,2.9130434782608696,5,4.125,1.736842105263158
24,86,3.375,6,4.666666666666667,3.5
22,72,3.8636363636363638,8,3.3529411764705883,3.1666666666666665
26,75,3.423076923076923,7,4.375,3.1818181818181817
21,54,2.5238095238095237,5,4.2,3.0
23,39,3.3043478260869565,6,5.833333333333333,1.8421052631578947
18,37,1.7222222222222223,3,5.75,2.5555555555555554
25,72,3.04,5,4.0,2.4761904761904763
21,44,2.619047619047619,5,3.4545454545454546,2.235294117647059
24,79,3.25,6,4.071428571428571,3.0
12,18,1.6666666666666667,4,2.0,1.6
23,39,3.3043478260869565,6,5.833333333333333,1.8421052631578947
21,66,3.9047619047619047,8,4.142857142857143,3.2222222222222223
24,42,2.875,6,3.1666666666666665,1.9
26,76,3.0,6,4.071428571428571,2.85
26,77,3.1153846153846154,6,4.0,3.0
23,40,2.9565217391304346,6,3.1818181818181817,1.8421052631578947
18,26,1.3888888888888888,3,2.5,1.6666666666666667
23,38,3.3043478260869565,6,5.666666666666667,1.7894736842105263
23,76,4.043478260869565,8,3.5294117647058822,3.1578947368421053
23,41,2.739130434782609,6,5.285714285714286,1.9473684210526316
26,92,3.3461538461538463,6,4.785714285714286,3.1904761904761907
23,38,3.3043478260869565,6,5.666666666666667,1.7894736842105263
24,85,3.375,6,4.733333333333333,3.55
27,58,2.6296296296296298,5,5.4,2.347826086956522
24,41,3.2916666666666665,6,6.166666666666667,1.85
24,89,3.4583333333333335,6,4.933333333333334,3.7
27,72,3.1481481481481484,5,5.153846153846154,2.9130434782608696
24,80,3.1666666666666665,5,4.285714285714286,3.0
21,35,2.8095238095238093,5,3.0,1.7647058823529411
23,39,3.3043478260869565,6,5.833333333333333,1.8421052631578947
27,63,3.037037037037037,5,5.8,2.5217391304347827
23,39,3.3043478260869565,6,5.833333333333333,1.8421052631578947
15,30,3.066666666666667,5,3.8,1.7272727272727273
24,83,4.208333333333333,8,3.6470588235294117,3.1
21,37,1.619047619047619,4,2.5714285714285716,2.25
23,37,3.0,6,3.2,1.6842105263157894
31,135,3.806451612903226,7,5.25,3.888888888888889
26,93,3.8461538461538463,7,5.583333333333333,3.0454545454545454
22,31,3.0,5,4.5,1.5
24,80,3.0833333333333335,6,4.0,3.0476190476190474
24,60,2.7083333333333335,5,3.7333333333333334,2.8
26,106,3.769230769230769,7,4.65,4.2272727272727275
23,44,3.260869565217391,6,4.5,1.894736842105263
25,86,3.44,6,4.0,3.238095238095238
26,44,2.8461538461538463,5,4.333333333333333,1.7727272727272727
26,81,3.4615384615384617,6,3.8823529411764706,3.0
22,39,3.3181818181818183,6,4.857142857142857,1.8888888888888888
23,74,4.043478260869565,8,3.5555555555555554,3.3684210526315788
27,86,2.962962962962963,5,5.0625,3.5217391304347827
26,102,3.5,6,4.705882352941177,3.6363636363636362
22,41,3.272727272727273,6,5.333333333333333,1.7777777777777777
25,86,3.4,6,4.823529411764706,3.727272727272727
26,68,2.9615384615384617,5,5.0,2.8260869565217392
23,57,2.391304347826087,5,4.111111111111111,2.642857142857143
20,40,2.2,4,4.333333333333333,1.7333333333333334
24,41,3.375,6,6.333333333333333,1.8095238095238095
26,92,3.423076923076923,6,4.9375,3.590909090909091
28,55,2.6785714285714284,5,6.375,2.125
24,41,3.375,6,6.333333333333333,1.8095238095238095
15,29,2.533333333333333,5,2.4285714285714284,1.7
26,69,2.923076923076923,5,5.5,2.869565217391304
24,57,2.125,4,4.5,2.769230769230769
17,40,2.2941176470588234,5,3.1,2.5833333333333335
23,62,3.3043478260869565,6,6.333333333333333,2.85
22,51,2.909090909090909,5,5.833333333333333,1.9444444444444444
21,41,2.238095238095238,5,4.5,1.9285714285714286
19,37,2.0,4,5.2,2.3636363636363638
24,76,3.1666666666666665,6,4.615384615384615,3.0
19,56,3.3157894736842106,7,3.2666666666666666,3.0625
23,92,3.869565217391304,8,4.4,4.4
19,42,2.473684210526316,4,5.666666666666667,2.4285714285714284
23,100,3.5217391304347827,8,4.65,4.894736842105263
27,135,4.037037037037037,8,5.909090909090909,5.6521739130434785
21,67,3.6666666666666665,8,4.923076923076923,3.5555555555555554
20,42,2.45,4,4.714285714285714,2.2
29,191,4.172413793103448,8,6.888888888888889,7.44
23,31,2.9130434782608696,5,4.5,1.4210526315789473
25,88,3.96,7,5.0,3.8636363636363638
23,40,3.391304347826087,6,6.166666666666667,1.85
19,29,1.4736842105263157,2,5.0,1.6666666666666667
24,43,2.625,4,6.5,1.95
18,42,2.0555555555555554,4,4.571428571428571,2.909090909090909
24,41,3.3333333333333335,6,6.333333333333333,1.8095238095238095
26,51,2.576923076923077,4,5.875,2.1363636363636362
27,96,3.888888888888889,8,5.4,3.5217391304347827
23,40,3.391304347826087,6,6.166666666666667,1.85
23,72,3.0434782608695654,5,4.642857142857143,3.25
24,50,2.875,6,5.111111111111111,2.3
22,76,3.090909090909091,6,4.6,3.8333333333333335
17,28,1.6470588235294117,3,2.6,1.625
21,37,3.3333333333333335,6,5.666666666666667,1.8888888888888888
24,81,3.375,6,4.533333333333333,3.4
24,81,3.9166666666666665,8,3.4705882352941178,2.95
19,27,1.263157894736842,2,2.5,2.0
22,40,2.6818181818181817,5,5.833333333333333,1.9444444444444444
22,65,3.409090909090909,7,4.0,3.3333333333333335
21,50,2.8095238095238093,5,3.6,2.25
26,93,3.4615384615384617,6,5.071428571428571,3.227272727272727
22,38,3.409090909090909,6,5.833333333333333,1.8421052631578947
23,72,3.0869565217391304,5,4.642857142857143,3.25
26,51,2.9615384615384617,6,5.222222222222222,2.1363636363636362
21,70,3.142857142857143,6,4.5,3.7058823529411766
22,38,3.409090909090909,6,5.833333333333333,1.8421052631578947
20,60,3.15,6,4.230769230769231,3.235294117647059
25,69,3.24,5,4.923076923076923,2.909090909090909
29,104,3.4482758620689653,7,4.470588235294118,3.3043478260869565
18,30,1.2777777777777777,2,3.25,2.6
24,66,3.0416666666666665,5,5.083333333333333,3.05
21,54,2.3333333333333335,5,4.25,2.6153846153846154
20,34,1.6,3,5.666666666666667,1.5454545454545454
25,85,3.48,6,4.6,3.2857142857142856
22,38,3.409090909090909,6,5.833333333333333,1.8421052631578947
20,61,3.1,6,4.230769230769231,3.235294117647059
21,38,1.380952380952381,2,3.0,2.25
23,63,3.4347826086956523,6,4.142857142857143,2.9
12,18,1.75,4,2.0,1.6
19,33,1.631578947368421,3,6.0,1.6363636363636365
20,41,2.15,4,3.0,1.9090909090909092
22,34,2.8181818181818183,5,3.0,1.6666666666666667
23,66,3.217391304347826,6,3.7142857142857144,2.736842105263158
22,50,2.6363636363636362,5,4.6,2.5555555555555554
22,78,3.3636363636363638,7,4.666666666666667,3.888888888888889
12,16,1.4166666666666667,3,1.5,1.5
26,87,3.576923076923077,6,5.166666666666667,2.8181818181818183
22,30,2.9545454545454546,5,4.333333333333333,1.4444444444444444
26,94,2.8461538461538463,5,5.5,4.0
26,56,2.0384615384615383,4,5.0,2.142857142857143
22,41,1.8181818181818181,3,4.75,1.7272727272727273
23,77,3.3043478260869565,6,3.6666666666666665,2.8947368421052633
25,76,3.52,6,4.666666666666667,3.3333333333333335
18,29,1.6111111111111112,3,3.0,1.5
22,64,2.909090909090909,5,4.214285714285714,3.2777777777777777
22,54,3.0454545454545454,5,3.4166666666666665,2.411764705882353
23,76,3.260869565217391,6,4.666666666666667,3.6842105263157894
21,47,3.0,6,4.875,2.1666666666666665
17,30,1.5294117647058822,3,2.8,2.0
21,38,2.8095238095238093,5,3.2,1.8823529411764706
23,38,3.3043478260869565,6,5.666666666666667,1.7894736842105263
26,78,2.6153846153846154,5,3.2222222222222223,2.761904761904762
24,41,2.7916666666666665,5,6.166666666666667,1.85
19,35,1.5263157894736843,2,9.5,1.9
23,58,3.0434782608695654,5,6.0,2.526315789473684
21,27,1.619047619047619,3,6.0,1.3333333333333333
19,22,1.4210526315789473,3,4.0,1.3333333333333333
17,42,2.9411764705882355,6,3.8,2.7142857142857144
24,50,2.625,5,5.75,2.3
25,73,3.64,7,4.25,3.238095238095238
20,56,2.9,5,3.909090909090909,2.8666666666666667
13,20,1.6923076923076923,4,2.75,2.2
30,115,3.6,6,5.444444444444445,3.769230769230769
24,71,3.375,6,4.333333333333333,3.25
25,76,3.28,6,4.928571428571429,3.2857142857142856
21,51,2.1904761904761907,4,4.285714285714286,2.5
28,215,4.071428571428571,8,7.52,7.833333333333333
20,28,3.1,5,4.166666666666667,1.4705882352941178
25,88,3.64,7,4.882352941176471,3.9523809523809526
29,59,2.7241379310344827,5,6.875,2.2
17,27,1.588235294117647,3,3.0,1.7142857142857142
17,34,1.7058823529411764,3,4.8,2.6666666666666665
24,41,3.2916666666666665,6,6.166666666666667,1.85
23,74,3.0869565217391304,5,4.466666666666667,3.35
23,46,2.9130434782608696,6,4.666666666666667,2.210526315789474
21,68,3.0952380952380953,6,4.6923076923076925,3.588235294117647
22,37,3.3181818181818183,6,5.5,1.8333333333333333
24,87,3.4166666666666665,6,4.933333333333334,3.7
22,68,3.6363636363636362,8,3.0588235294117645,3.0588235294117645
25,46,3.04,6,3.727272727272727,1.9523809523809523
23,58,2.260869565217391,4,5.428571428571429,2.7142857142857144
23,80,3.217391304347826,7,4.266666666666667,3.3684210526315788
23,27,1.434782608695652,3,3.0,1.2857142857142858
21,24,1.380952380952381,3,3.5,1.0
26,92,3.4615384615384617,6,4.764705882352941,3.6818181818181817
19,58,2.9473684210526314,6,4.1,2.5625
23,111,3.6956521739130435,8,5.0,5.2631578947368425
23,104,3.652173913043478,8,4.85,5.105263157894737
21,60,2.5714285714285716,5,5.111111111111111,2.875
25,143,3.8,8,6.0,6.285714285714286
21,80,3.238095238095238,7,5.285714285714286,4.352941176470588
24,146,3.625,7,6.045454545454546,6.65
26,95,4.230769230769231,8,5.176470588235294,4.0
26,56,3.1538461538461537,6,4.818181818181818,2.3043478260869565
25,72,3.48,6,5.3076923076923075,3.1363636363636362
17,29,1.4705882352941178,3,2.3333333333333335,2.3333333333333335
25,71,3.4,6,4.285714285714286,2.857142857142857
27,94,3.5555555555555554,6,6.461538461538462,3.652173913043478
20,37,3.25,5,5.0,1.9444444444444444
24,92,3.9166666666666665,7,5.25,4.0
17,32,1.7058823529411764,3,2.8333333333333335,2.125
24,41,3.375,6,6.333333333333333,1.8095238095238095
27,39,2.8518518518518516,4,4.375,1.5217391304347827
19,42,1.6842105263157894,4,3.5714285714285716,3.125
13,20,1.6923076923076923,4,2.25,1.8
24,41,3.0416666666666665,6,3.3636363636363638,1.85
23,40,3.3043478260869565,6,6.166666666666667,1.85
25,89,3.0,5,4.8125,3.6666666666666665
24,76,3.3333333333333335,7,3.9444444444444446,3.380952380952381
24,41,3.375,6,6.333333333333333,1.8095238095238095
24,82,4.125,8,3.8823529411764706,3.3
27,57,3.037037037037037,6,4.153846153846154,2.25
26,81,3.730769230769231,7,4.8125,3.347826086956522
18,30,1.6111111111111112,3,2.8,1.75
22,57,3.0,5,4.0,2.588235294117647
22,38,3.3181818181818183,6,5.833333333333333,1.8421052631578947
19,35,1.6842105263157894,3,4.0,1.6
25,44,2.68,4,6.666666666666667,1.9047619047619047
24,56,2.1666666666666665,4,4.571428571428571,2.2857142857142856
21,42,1.8571428571428572,3,5.25,1.9090909090909092
22,35,2.8181818181818183,5,3.4444444444444446,1.7222222222222223
22,66,3.3636363636363638,6,5.166666666666667,3.263157894736842
17,29,1.411764705882353,3,2.4,2.0
23,62,2.739130434782609,4,4.833333333333333,2.9
19,49,2.6842105263157894,5,3.875,2.3846153846153846
20,33,1.65,3,5.0,1.3636363636363635
22,38,3.409090909090909,6,5.833333333333333,1.8421052631578947
27,72,2.8518518518518516,5,5.583333333333333,2.9130434782608696
27,80,3.1481481481481484,6,4.230769230769231,2.5
25,42,3.24,6,6.333333333333333,1.8095238095238095
27,107,3.740740740740741,7,4.888888888888889,3.8260869565217392
28,89,3.0,5,5.3125,3.4
18,32,1.3333333333333333,2,3.75,2.5
19,35,1.5263157894736843,3,2.6666666666666665,2.0
22,38,3.409090909090909,6,5.833333333333333,1.8421052631578947
21,60,3.142857142857143,6,4.153846153846154,3.0
24,58,2.3333333333333335,5,2.466666666666667,2.466666666666667
24,43,2.9583333333333335,6,3.25,1.95
24,67,3.5,6,4.769230769230769,3.1
17,35,2.235294117647059,5,2.7777777777777777,2.0833333333333335
26,85,3.4615384615384617,6,4.923076923076923,2.909090909090909
20,38,3.3,5,4.5,2.0
27,111,4.037037037037037,7,5.631578947368421,4.458333333333333
25,57,2.08,4,4.571428571428571,2.2857142857142856
22,52,1.9545454545454546,3,5.666666666666667,2.4285714285714284
22,38,3.409090909090909,6,5.833333333333333,1.8421052631578947
23,73,3.217391304347826,6,3.3529411764705883,3.0
25,64,3.24,5,4.538461538461538,2.6818181818181817
24,64,2.7916666666666665,5,4.7,2.611111111111111
20,48,2.45,5,2.8,2.1538461538461537
21,34,2.761904761904762,5,3.3333333333333335,1.7647058823529411
17,28,1.6470588235294117,3,3.6666666666666665,1.375
22,38,3.409090909090909,6,5.833333333333333,1.8421052631578947
24,83,3.4166666666666665,6,4.466666666666667,3.35
25,94,4.12,8,3.9473684210526314,3.5714285714285716
24,66,3.4583333333333335,7,4.357142857142857,2.9047619047619047
24,50,1.9583333333333333,4,5.2,2.1666666666666665
23,39,3.3043478260869565,6,5.833333333333333,1.8421052631578947
26,87,2.730769230769231,5,5.466666666666667,3.727272727272727
26,67,2.6153846153846154,5,4.0,2.588235294117647
23,39,3.3043478260869565,6,5.833333333333333,1.8421052631578947
14,27,2.357142857142857,5,2.5,1.6666666666666667
25,83,3.68,7,3.3333333333333335,2.857142857142857
27,74,3.1481481481481484,5,4.6,3.0
19,32,1.263157894736842,2,3.25,2.6
19,36,1.5263157894736843,3,2.4285714285714284,2.125
25,84,3.48,6,4.923076923076923,3.0476190476190474
23,39,3.3043478260869565,6,5.833333333333333,1.8421052631578947
27,128,3.962962962962963,7,5.2,4.521739130434782
23,39,3.3043478260869565,6,5.833333333333333,1.8421052631578947
26,105,3.730769230769231,7,5.235294117647059,4.045454545454546
29,104,3.6206896551724137,6,5.5,3.96
18,35,1.7222222222222223,4,3.0,2.25
19,36,1.631578947368421,3,3.0,2.0
23,39,3.3043478260869565,6,5.833333333333333,1.8421052631578947
21,63,3.0952380952380953,6,4.25,3.1875
24,45,2.875,6,3.3333333333333335,2.0
22,38,3.227272727272727,6,5.666666666666667,1.8888888888888888
20,31,1.65,2,5.0,1.1538461538461537
22,63,3.3181818181818183,6,3.2142857142857144,2.5
25,47,2.92,6,3.230769230769231,2.0
23,39,2.9130434782608696,6,2.9166666666666665,1.8421052631578947
23,33,3.0434782608695654,5,4.142857142857143,1.5263157894736843
25,65,2.64,5,3.909090909090909,2.0476190476190474
26,94,3.0384615384615383,6,4.095238095238095,3.739130434782609
27,49,3.037037037037037,6,3.6666666666666665,1.9130434782608696
23,66,2.608695652173913,5,4.777777777777778,2.5294117647058822
22,38,3.3181818181818183,6,5.5,1.8333333333333333
24,87,3.4166666666666665,6,4.8,3.6
24,42,2.75,4,5.428571428571429,1.9
23,39,3.3043478260869565,6,5.833333333333333,1.8421052631578947
24,88,3.5,6,4.933333333333334,3.7
23,71,3.5217391304347827,8,3.0588235294117645,3.0588235294117645
28,58,3.0714285714285716,6,4.076923076923077,2.2083333333333335
24,41,3.2916666666666665,6,6.166666666666667,1.85
26,100,3.423076923076923,7,5.8125,4.2272727272727275
26,80,3.1538461538461537,6,4.214285714285714,2.8095238095238093
26,81,3.269230769230769,6,4.066666666666666,2.9047619047619047
22,40,2.909090909090909,6,3.1818181818181817,1.9444444444444444
18,26,1.3888888888888888,3,2.5,1.6666666666666667
24,86,3.2083333333333335,6,4.375,3.5
23,43,2.652173913043478,4,6.5,2.0526315789473686
13,17,1.3846153846153846,3,1.5,1.5
24,69,3.375,6,3.6666666666666665,2.75
30,108,4.233333333333333,7,6.583333333333333,3.0384615384615383
23,39,3.3043478260869565,6,5.833333333333333,1.8421052631578947
26,60,3.0384615384615383,5,6.111111111111111,2.5
13,21,1.6923076923076923,4,2.75,2.2
23,38,3.260869565217391,6,5.666666666666667,1.7894736842105263
26,114,3.6923076923076925,6,5.333333333333333,4.363636363636363
24,44,3.2916666666666665,6,5.571428571428571,1.95
19,36,1.8421052631578947,4,3.6666666666666665,2.0
27,96,3.4814814814814814,6,4.0,3.130434782608696
25,42,2.8,4,4.111111111111111,1.7619047619047619
24,71,3.4166666666666665,6,4.714285714285714,3.3
13,22,1.6923076923076923,4,2.75,2.2
22,36,2.8181818181818183,5,3.4444444444444446,1.7222222222222223
28,116,4.214285714285714,7,6.769230769230769,3.6666666666666665
22,40,3.3181818181818183,6,5.0,1.9444444444444444
25,85,2.96,5,5.5,3.6666666666666665
21,60,3.238095238095238,6,3.5384615384615383,2.7058823529411766
28,95,3.5357142857142856,6,4.421052631578948,3.5
25,83,3.56,6,5.333333333333333,3.6363636363636362
22,51,2.772727272727273,5,4.857142857142857,2.0
21,33,1.7619047619047619,4,3.75,1.5
24,90,4.041666666666667,8,4.833333333333333,4.142857142857143
19,41,2.4210526315789473,4,5.166666666666667,2.2142857142857144
22,87,3.090909090909091,7,4.2631578947368425,4.5
20,58,3.05,6,4.909090909090909,3.176470588235294
20,38,2.45,4,4.714285714285714,2.2
22,85,3.6363636363636362,8,5.0625,4.5
20,52,3.05,6,4.9,2.8823529411764706
27,151,4.037037037037037,8,5.88,6.391304347826087
22,43,3.1818181818181817,5,5.428571428571429,1.9
26,107,2.8846153846153846,6,5.421052631578948,4.681818181818182
24,74,3.875,8,4.0,2.8
22,68,3.4545454545454546,6,5.25,3.3157894736842106
23,63,3.260869565217391,6,3.7857142857142856,2.789473684210526
23,40,3.391304347826087,6,6.166666666666667,1.85
14,26,2.357142857142857,5,2.3333333333333335,1.5555555555555556
26,47,2.730769230769231,4,7.166666666666667,1.9545454545454546
18,27,1.3888888888888888,3,2.2,1.8333333333333333
26,72,3.1923076923076925,5,4.384615384615385,2.7142857142857144
22,39,3.3181818181818183,6,6.0,1.894736842105263
27,111,3.740740740740741,7,4.7894736842105265,3.9565217391304346
28,78,3.25,5,5.214285714285714,2.92
12,19,1.75,4,2.25,1.8
23,40,3.391304347826087,6,6.166666666666667,1.85
27,110,3.7037037037037037,7,5.411764705882353,4.0
27,46,2.888888888888889,5,3.5,1.826086956521739
18,30,1.3333333333333333,3,2.6,2.6
18,32,1.5,3,2.3333333333333335,2.0
20,35,3.35,6,5.333333333333333,1.8823529411764706
18,29,1.6666666666666667,2,4.333333333333333,1.0833333333333333
27,77,2.962962962962963,5,5.214285714285714,3.0416666666666665
12,20,1.75,4,2.5,2.0
20,51,2.55,5,2.6666666666666665,2.2857142857142856
25,44,2.92,5,4.0,1.9047619047619047
19,39,2.0526315789473686,4,2.625,1.6153846153846154
21,37,3.3333333333333335,6,5.666666666666667,1.8888888888888888
18,31,1.7777777777777777,3,3.75,1.1538461538461537
28,51,2.8214285714285716,4,6.714285714285714,1.9583333333333333
18,30,1.7222222222222223,3,2.8,1.5555555555555556
27,87,3.4814814814814814,6,5.785714285714286,3.5217391304347827
23,29,1.565217391304348,3,6.0,1.3333333333333333
20,33,1.6,3,4.0,2.0
18,51,2.5555555555555554,5,4.0,2.6666666666666665
21,75,3.6666666666666665,7,4.733333333333333,3.9444444444444446
19,50,2.8421052631578947,5,4.75,2.375
16,36,2.5,6,3.0,2.5384615384615383
20,67,3.65,8,3.9375,3.7058823529411766
20,53,2.5,5,3.6666666666666665,2.588235294117647
20,62,3.35,7,5.181818181818182,3.3529411764705883
26,169,3.8846153846153846,8,6.666666666666667,7.2727272727272725
21,29,3.0476190476190474,5,4.333333333333333,1.4444444444444444
24,71,3.7083333333333335,7,4.857142857142857,3.238095238095238
20,56,3.85,8,3.3076923076923075,2.6875
26,46,3.0384615384615383,6,3.8181818181818183,1.9090909090909092
23,57,2.3043478260869565,4,5.142857142857143,2.4
24,40,3.25,6,6.0,1.8
27,116,3.888888888888889,7,5.05,4.391304347826087
25,43,3.36,6,6.5,1.8571428571428572
27,113,3.740740740740741,7,5.388888888888889,4.217391304347826
28,50,2.8214285714285716,5,5.75,1.9166666666666667
18,26,1.3888888888888888,3,2.5,1.6666666666666667
25,47,3.08,6,3.8181818181818183,2.0
20,35,3.35,6,5.333333333333333,1.8823529411764706
25,81,2.92,5,5.066666666666666,3.619047619047619
26,76,3.1538461538461537,6,4.153846153846154,2.5714285714285716
23,39,3.3043478260869565,6,5.833333333333333,1.8421052631578947
24,53,3.0,5,6.0,2.4
27,83,3.185185185185185,6,3.875,2.8181818181818183
23,39,3.3043478260869565,6,5.833333333333333,1.8421052631578947
23,70,3.0434782608695654,5,4.846153846153846,3.15
24,49,2.875,6,5.0,2.25
21,72,3.5238095238095237,7,5.0,3.823529411764706
18,30,1.7222222222222223,3,2.8,1.5555555555555556
23,39,3.3043478260869565,6,5.833333333333333,1.8421052631578947
26,73,2.4615384615384617,5,3.375,2.8421052631578947
26,69,3.076923076923077,5,5.333333333333333,2.909090909090909
23,77,3.217391304347826,6,4.666666666666667,3.6842105263157894
19,33,1.5263157894736843,2,8.5,1.7
17,40,2.235294117647059,4,3.0,2.1818181818181817
22,56,3.3181818181818183,6,3.75,2.5
21,35,2.8095238095238093,5,3.0,1.7647058823529411
18,27,1.3333333333333333,2,2.5,1.6666666666666667
27,119,4.037037037037037,8,6.117647058823529,4.521739130434782
12,18,1.75,4,1.6,1.6
23,38,3.3043478260869565,6,5.666666666666667,1.7894736842105263
24,83,2.875,5,4.4,3.3
26,69,3.1538461538461537,5,5.333333333333333,2.909090909090909
18,27,1.3888888888888888,3,2.5,1.6666666666666667
17,26,1.411764705882353,3,2.5,1.6666666666666667
23,67,2.9130434782608696,5,4.357142857142857,3.210526315789474
24,75,3.375,6,4.375,3.5
20,34,1.5,2,8.0,1.6
20,44,3.2,7,3.3636363636363638,2.3125
25,68,3.4,7,4.538461538461538,2.8095238095238093
21,26,1.5714285714285714,3,5.5,1.2222222222222223
22,27,1.4545454545454546,3,5.0,1.25
25,96,3.92,7,5.294117647058823,4.090909090909091
19,53,2.3684210526315788,5,3.3333333333333335,2.5
20,67,3.55,7,4.357142857142857,3.588235294117647
20,52,2.85,5,4.555555555555555,2.411764705882353
19,46,2.8947368421052633,6,4.3,2.6875
21,70,3.5238095238095237,7,5.25,3.5
27,203,3.962962962962963,8,7.2,7.826086956521739
21,29,3.0476190476190474,5,4.333333333333333,1.4444444444444444
24,89,3.0,6,4.8,3.4285714285714284
23,47,2.6956521739130435,5,4.3,2.263157894736842
22,73,3.3636363636363638,7,4.714285714285714,3.6666666666666665
24,42,3.2916666666666665,6,6.166666666666667,1.85
22,43,1.9090909090909092,4,4.2,1.75
23,56,2.652173913043478,6,2.5714285714285716,2.4
24,58,3.3333333333333335,6,5.3,2.65
25,86,3.32,5,4.733333333333333,3.380952380952381
23,39,3.3043478260869565,6,5.833333333333333,1.8421052631578947
24,88,3.5,6,4.933333333333334,3.7
23,79,4.130434782608695,8,3.388888888888889,3.210526315789474
24,43,3.0,6,3.1666666666666665,1.9
13,20,1.6923076923076923,4,2.25,1.8
23,37,2.8260869565217392,5,3.2,1.6842105263157894
22,39,3.3181818181818183,6,5.0,1.9444444444444444
27,114,3.7037037037037037,7,5.0,4.565217391304348
27,57,3.185185185185185,6,6.625,2.3043478260869565
17,35,2.0,4,2.857142857142857,2.2222222222222223
22,57,2.1818181818181817,4,4.625,2.642857142857143
13,21,1.6923076923076923,4,2.5,2.0
21,72,3.0952380952380953,5,4.916666666666667,3.4705882352941178
23,65,2.260869565217391,4,5.0,3.0
23,80,3.3043478260869565,7,5.75,4.0588235294117645
23,52,2.5217391304347827,5,4.857142857142857,2.0
24,41,3.375,6,6.333333333333333,1.8095238095238095
17,45,2.588235294117647,5,3.9,2.7857142857142856
27,82,3.074074074074074,5,5.2,3.25
25,60,2.2,4,4.75,2.7142857142857144
19,36,1.8421052631578947,3,5.0,2.0
21,43,2.9047619047619047,5,4.444444444444445,2.2222222222222223
24,64,2.5833333333333335,5,4.0,2.75
24,64,3.375,6,3.6666666666666665,2.75
23,59,3.130434782608696,5,4.3076923076923075,2.8
23,62,2.652173913043478,5,4.142857142857143,3.0526315789473686
24,89,3.3333333333333335,6,4.444444444444445,4.0
25,42,3.32,6,6.5,1.7727272727272727
25,87,2.84,5,4.625,3.5238095238095237
24,79,3.4166666666666665,7,4.235294117647059,3.4285714285714284
24,41,3.375,6,6.333333333333333,1.8095238095238095
26,73,2.3846153846153846,5,3.6,2.8421052631578947
28,113,3.607142857142857,7,4.944444444444445,3.869565217391304
27,52,2.962962962962963,6,4.0,2.0869565217391304
19,33,1.368421052631579,3,3.2,2.6666666666666665
19,31,1.263157894736842,2,3.5,2.8
24,61,3.1666666666666665,5,4.75,2.7142857142857144
23,55,2.5217391304347827,5,4.5,2.4
20,29,1.65,3,6.0,1.0
20,35,3.35,6,5.333333333333333,1.8823529411764706
16,35,1.9375,4,3.375,2.4545454545454546
26,76,3.0384615384615383,5,4.8,3.130434782608696
13,21,1.6923076923076923,4,2.5,2.0
22,69,3.3636363636363638,6,4.571428571428571,3.3684210526315788
26,92,3.4615384615384617,6,5.846153846153846,3.4545454545454546
23,34,2.9565217391304346,5,3.75,1.5789473684210527
25,85,3.64,6,4.764705882352941,3.6818181818181817
25,55,2.0,4,5.0,2.3076923076923075
22,54,2.4545454545454546,5,4.5,2.4
25,42,3.24,6,6.333333333333333,1.8095238095238095
21,67,3.619047619047619,7,4.384615384615385,3.1666666666666665
26,46,2.769230769230769,4,6.0,1.9090909090909092
23,85,3.260869565217391,7,4.333333333333333,4.105263157894737
22,50,1.9090909090909092,4,4.666666666666667,2.5454545454545454
19,35,1.7894736842105263,3,4.2,1.9090909090909092
21,37,3.3333333333333335,6,5.666666666666667,1.8888888888888888
27,116,3.8518518518518516,7,5.05,4.391304347826087
23,39,3.391304347826087,6,6.0,1.8
27,62,3.074074074074074,5,6.333333333333333,2.4782608695652173
24,86,3.1666666666666665,6,4.117647058823529,3.5
22,38,3.409090909090909,6,5.833333333333333,1.8421052631578947
24,80,3.2916666666666665,5,4.266666666666667,3.2
25,43,2.68,4,5.571428571428571,1.8571428571428572
22,38,3.409090909090909,6,5.833333333333333,1.8421052631578947
16,37,1.9375,4,3.625,2.6363636363636362
24,61,3.0833333333333335,5,4.3076923076923075,2.6666666666666665
21,44,1.8571428571428572,3,5.2,2.0
25,90,3.4,6,5.1875,3.9523809523809526
24,72,3.4583333333333335,6,4.785714285714286,3.35
26,98,3.4615384615384617,6,5.769230769230769,3.409090909090909
22,37,3.3181818181818183,6,5.5,1.8333333333333333
25,83,3.36,5,5.071428571428571,3.380952380952381
25,91,4.12,8,4.0588235294117645,3.2857142857142856
24,42,3.0416666666666665,6,3.8,1.9
18,26,1.3888888888888888,3,2.5,1.6666666666666667
21,32,2.761904761904762,5,2.8,1.6470588235294117
21,36,3.238095238095238,6,5.333333333333333,1.8823529411764706
24,84,3.2916666666666665,5,4.6,3.45
25,42,2.68,4,5.428571428571429,1.8095238095238095
20,35,3.35,6,5.333333333333333,1.8823529411764706
25,73,2.92,6,4.0625,2.9545454545454546
29,89,3.0344827586206895,5,5.6,3.36
13,20,1.6153846153846154,4,2.25,1.8
24,75,3.0416666666666665,5,5.0,3.5
22,59,3.0454545454545454,5,3.5833333333333335,2.5294117647058822
21,30,2.857142857142857,5,4.333333333333333,1.5294117647058822
25,87,3.64,6,4.823529411764706,3.727272727272727
23,39,3.3043478260869565,6,5.833333333333333,1.8421052631578947
14,24,2.142857142857143,5,3.0,2.142857142857143
27,53,2.5925925925925926,4,6.125,2.130434782608696
25,51,1.96,4,5.2,2.0
23,39,3.3043478260869565,6,5.833333333333333,1.8421052631578947
25,50,2.6,4,5.75,2.1904761904761907
16,20,1.5,2,8.0,1.0
23,40,3.3043478260869565,6,5.833333333333333,1.8421052631578947
24,82,2.875,5,4.0625,3.25
28,85,3.607142857142857,6,6.0,3.25
23,48,1.8695652173913044,4,5.0,2.272727272727273
20,34,2.9,6,2.9,1.8125
28,106,4.142857142857143,7,6.153846153846154,3.3333333333333335
23,39,3.3043478260869565,6,5.833333333333333,1.8421052631578947
27,115,3.740740740740741,7,5.444444444444445,4.260869565217392
23,79,4.0,8,3.7058823529411766,3.3157894736842106
29,91,2.896551724137931,5,5.0588235294117645,3.44
20,39,1.9,3,4.75,1.7272727272727273
18,51,3.0,6,3.1818181818181817,2.5
23,39,3.3043478260869565,6,5.833333333333333,1.8421052631578947
24,66,3.25,6,3.5,2.45
26,45,2.769230769230769,4,6.833333333333333,1.8636363636363635
23,56,2.130434782608696,4,4.714285714285714,2.5384615384615383
19,34,1.5263157894736843,2,9.0,1.8
23,39,3.3043478260869565,6,5.833333333333333,1.8421052631578947
27,128,3.888888888888889,7,5.25,4.565217391304348
24,41,3.2916666666666665,6,6.166666666666667,1.85
22,69,3.590909090909091,7,3.2941176470588234,3.111111111111111
26,74,3.576923076923077,7,4.6,3.1363636363636362
27,94,3.5925925925925926,7,5.733333333333333,3.5833333333333335
21,36,2.9047619047619047,6,2.8181818181818183,1.8235294117647058
22,37,3.3181818181818183,6,5.5,1.8333333333333333
23,65,3.0,5,4.363636363636363,2.526315789473684
24,43,2.7916666666666665,5,5.571428571428571,1.95
23,63,3.0869565217391304,5,4.0,2.6666666666666665
23,39,3.3043478260869565,6,5.833333333333333,1.8421052631578947
16,39,3.9375,6,3.7142857142857144,1.8571428571428572
25,41,2.84,5,3.6,1.7142857142857142
23,41,2.869565217391304,6,3.272727272727273,1.894736842105263
23,65,2.739130434782609,5,4.888888888888889,2.588235294117647
26,92,3.5,7,5.133333333333334,3.5
21,26,1.5714285714285714,3,3.3333333333333335,1.25
21,26,1.4761904761904763,3,3.0,1.2857142857142858
16,37,2.125,4,3.0,2.5
23,70,3.130434782608696,6,3.8461538461538463,2.6315789473684212
26,129,4.038461538461538,8,5.318181818181818,5.318181818181818
21,81,2.857142857142857,6,3.875,3.6470588235294117
23,113,3.652173913043478,7,5.631578947368421,5.631578947368421
16,40,2.625,6,3.0833333333333335,2.8461538461538463
18,62,3.5555555555555554,8,3.8666666666666667,3.8666666666666667
24,139,3.7916666666666665,8,6.142857142857143,6.45
22,87,3.409090909090909,7,5.0625,4.5
25,162,3.84,8,6.3478260869565215,6.9523809523809526
22,41,3.409090909090909,6,5.428571428571429,2.0
21,48,2.3333333333333335,5,3.4444444444444446,2.066666666666667
18,45,2.8333333333333335,6,2.6363636363636362,2.230769230769231
26,56,3.0384615384615383,6,4.416666666666667,2.3043478260869565
26,76,3.423076923076923,6,4.571428571428571,2.909090909090909
27,100,3.4814814814814814,6,5.875,4.086956521739131
20,37,3.25,5,4.375,1.9444444444444444
30,149,4.1,7,6.45,4.961538461538462
25,43,3.36,6,6.666666666666667,1.8181818181818181
27,109,3.740740740740741,7,5.166666666666667,4.043478260869565
28,83,3.0357142857142856,5,4.705882352941177,3.2
19,35,1.6842105263157894,4,3.0,2.25
17,29,1.4705882352941178,3,2.3333333333333335,2.3333333333333335
21,36,3.3333333333333335,6,5.5,1.8333333333333333
20,58,3.5,7,4.454545454545454,2.8823529411764706
28,49,2.892857142857143,5,4.090909090909091,1.875
24,41,3.375,6,6.333333333333333,1.8095238095238095
26,92,2.8846153846153846,5,4.5,3.6818181818181817
26,73,3.230769230769231,5,5.3076923076923075,3.0
13,18,1.4615384615384615,3,2.3333333333333335,1.75
26,74,3.1923076923076925,5,4.615384615384615,2.857142857142857
23,37,2.8260869565217392,5,3.3,1.736842105263158
17,28,1.411764705882353,2,2.4,1.7142857142857142
21,37,3.3333333333333335,6,5.666666666666667,1.8888888888888888
26,52,2.576923076923077,4,6.0,2.1818181818181817
16,22,1.4375,2,4.0,1.1428571428571428
24,41,3.375,6,6.333333333333333,1.8095238095238095
27,110,3.740740740740741,7,5.111111111111111,4.0
24,79,4.125,8,3.8125,3.05
28,90,3.357142857142857,6,5.733333333333333,3.44
24,61,2.7916666666666665,5,4.181818181818182,2.7058823529411766
22,38,3.409090909090909,6,5.833333333333333,1.8421052631578947
27,73,3.0,5,6.2727272727272725,2.875
13,20,1.6923076923076923,4,2.25,1.8
22,38,3.409090909090909,6,5.833333333333333,1.8421052631578947
25,85,2.96,5,4.25,3.238095238095238
27,77,2.925925925925926,5,5.538461538461538,3.130434782608696
22,48,1.8181818181818181,4,4.333333333333333,2.6
21,35,2.9047619047619047,6,3.1,1.8235294117647058
20,35,3.35,6,5.333333333333333,1.8823529411764706
25,48,2.68,4,4.888888888888889,2.0952380952380953
29,118,3.7241379310344827,7,4.45,3.56
27,62,2.259259259259259,5,3.888888888888889,2.1875
31,224,4.451612903225806,8,8.583333333333334,7.62962962962963
24,35,2.9166666666666665,5,3.875,1.55
20,48,2.65,5,5.0,2.0
24,83,4.041666666666667,8,3.588235294117647,3.05
27,50,3.074074074074074,6,3.8333333333333335,2.0
23,40,3.391304347826087,6,6.166666666666667,1.85
24,76,2.6666666666666665,5,4.235294117647059,3.4285714285714284
13,20,1.6923076923076923,4,2.25,1.8
22,38,3.409090909090909,6,5.833333333333333,1.8421052631578947
25,88,2.96,5,4.176470588235294,3.380952380952381
24,79,3.5416666666666665,7,4.235294117647059,3.4285714285714284
22,38,3.409090909090909,6,5.833333333333333,1.8421052631578947
20,36,1.45,2,9.0,2.0
25,45,2.72,4,6.833333333333333,1.9523809523809523
22,41,2.590909090909091,4,6.166666666666667,2.0555555555555554
19,36,1.736842105263158,3,3.6,1.8
13,19,1.6153846153846154,4,2.0,1.6
29,101,3.689655172413793,6,6.25,3.0
23,39,3.3043478260869565,6,5.833333333333333,1.8421052631578947
24,82,2.875,5,4.333333333333333,3.25
24,81,3.5416666666666665,7,4.294117647058823,3.4761904761904763
23,39,3.3043478260869565,6,5.833333333333333,1.8421052631578947
19,30,1.5263157894736843,3,2.75,1.375
25,77,3.72,7,3.3529411764705883,2.7142857142857144
25,72,3.24,5,5.153846153846154,3.0454545454545454
25,70,3.16,5,4.416666666666667,2.65
24,65,3.125,5,4.25,2.6842105263157894
22,37,2.8181818181818183,5,3.3,1.8333333333333333
18,29,1.2777777777777777,2,2.75,2.2
13,17,1.3846153846153846,3,1.5,1.5
27,92,3.4444444444444446,6,6.8,2.9565217391304346
22,38,3.409090909090909,6,5.833333333333333,1.8421052631578947
15,38,3.7333333333333334,6,3.25,2.0
24,86,4.083333333333333,8,3.6666666666666665,3.3
27,53,3.074074074074074,6,4.083333333333333,2.130434782608696
23,39,3.3043478260869565,6,5.833333333333333,1.8421052631578947
26,90,3.1153846153846154,6,5.3125,3.8636363636363638
13,21,1.6923076923076923,4,2.5,2.0
23,39,3.3043478260869565,6,5.833333333333333,1.8421052631578947
24,82,2.9166666666666665,5,4.0625,3.25
24,87,3.4583333333333335,7,4.588235294117647,3.7142857142857144
23,39,3.3043478260869565,6,5.833333333333333,1.8421052631578947
23,71,3.6956521739130435,7,3.2222222222222223,3.0526315789473686
24,44,2.8333333333333335,5,5.714285714285714,2.0
23,81,3.5217391304347827,7,4.933333333333334,3.8947368421052633
12,19,1.75,4,2.25,1.8
21,32,2.9047619047619047,6,2.8,1.6470588235294117
27,92,3.5555555555555554,6,5.416666666666667,2.8260869565217392
21,29,3.0476190476190474,5,4.333333333333333,1.4444444444444444
26,93,3.1153846153846154,6,5.4375,3.9545454545454546
24,89,3.4583333333333335,7,4.705882352941177,3.8095238095238093
23,39,3.3043478260869565,6,5.833333333333333,1.8421052631578947
22,67,3.772727272727273,8,3.5,3.111111111111111
23,42,2.739130434782609,6,5.428571428571429,2.0
23,81,3.5217391304347827,7,4.933333333333334,3.8947368421052633
12,21,1.75,4,2.75,2.2
21,37,2.9047619047619047,6,3.2,1.8823529411764706
19,55,3.1578947368421053,6,3.0,2.6
21,52,2.6666666666666665,5,4.8,2.823529411764706
17,29,1.411764705882353,3,2.8,2.3333333333333335
19,35,1.8421052631578947,3,4.2,1.9090909090909092
23,39,3.3043478260869565,6,5.833333333333333,1.8421052631578947
15,40,4.066666666666666,7,3.625,2.230769230769231
25,82,3.28,5,4.133333333333334,2.9523809523809526
29,119,3.5517241379310347,7,5.894736842105263,4.48
15,21,1.4666666666666666,3,2.6666666666666665,1.3333333333333333
15,19,1.4666666666666666,2,7.0,1.0
30,107,4.166666666666667,7,6.416666666666667,2.9615384615384617
24,41,3.2916666666666665,6,6.166666666666667,1.85
25,98,3.36,6,4.764705882352941,3.857142857142857
25,96,3.32,7,4.526315789473684,4.095238095238095
23,39,3.3043478260869565,6,5.833333333333333,1.8421052631578947
22,46,2.4545454545454546,5,3.2222222222222223,1.6111111111111112
27,102,2.8518518518518516,5,5.588235294117647,4.130434782608695
21,39,2.9047619047619047,6,2.909090909090909,1.8823529411764706
19,45,2.1578947368421053,4,2.8,2.5454545454545454
20,45,2.05,4,3.5,2.3333333333333335
29,114,4.275862068965517,7,7.083333333333333,3.4
23,41,3.3043478260869565,6,5.285714285714286,1.9473684210526316
25,97,3.64,7,4.444444444444445,3.8095238095238093
25,98,3.4,7,4.238095238095238,4.238095238095238
21,37,3.380952380952381,6,4.571428571428571,1.8823529411764706
21,67,3.761904761904762,7,4.538461538461538,3.2777777777777777
27,76,3.2222222222222223,6,4.666666666666667,3.0434782608695654
17,37,2.2941176470588234,4,3.142857142857143,2.2
21,72,3.0952380952380953,5,4.916666666666667,3.4705882352941178
24,63,2.2083333333333335,4,5.0,2.6470588235294117
23,38,3.347826086956522,6,5.833333333333333,1.75
24,70,3.0416666666666665,5,4.0,2.8
26,48,2.6538461538461537,5,5.625,1.9565217391304348
24,70,3.0833333333333335,5,4.538461538461538,3.1052631578947367
24,41,3.375,6,6.333333333333333,1.8095238095238095
25,85,3.32,5,4.5625,3.4761904761904763
27,73,3.259259259259259,5,5.75,2.875
17,35,1.8235294117647058,3,3.5714285714285716,2.5
24,40,2.875,5,3.6,1.8
24,41,3.25,6,6.333333333333333,1.8095238095238095
23,73,4.130434782608695,8,3.6875,3.1052631578947367
28,53,2.9642857142857144,6,3.769230769230769,2.0416666666666665
18,31,1.5555555555555556,3,2.5,2.142857142857143
24,41,3.375,6,6.333333333333333,1.8095238095238095
26,78,3.3461538461538463,6,3.75,2.727272727272727
27,76,3.074074074074074,5,5.538461538461538,3.0
16,21,1.4375,2,7.0,1.0
20,42,3.0,6,3.5454545454545454,2.2941176470588234
25,85,3.4,7,6.076923076923077,3.761904761904762
24,39,2.5416666666666665,4,8.333333333333334,1.4705882352941178
27,129,3.888888888888889,7,5.428571428571429,4.956521739130435
13,20,1.6923076923076923,4,2.25,1.8
24,42,3.375,6,6.333333333333333,1.8095238095238095
23,64,2.9565217391304346,5,4.083333333333333,2.5789473684210527
26,49,2.730769230769231,4,6.428571428571429,2.0454545454545454
24,65,3.0833333333333335,5,4.25,2.6842105263157894
24,41,3.375,6,6.333333333333333,1.8095238095238095
25,87,3.44,6,5.142857142857143,3.4285714285714284
23,73,3.782608695652174,8,3.4,2.8333333333333335
25,71,2.92,5,4.785714285714286,3.0454545454545454
12,18,1.6666666666666667,4,2.0,1.6
22,38,3.409090909090909,6,5.833333333333333,1.8421052631578947
25,85,3.4,6,4.6,3.2857142857142856
23,46,1.608695652173913,3,2.1666666666666665,2.3636363636363638
29,115,3.586206896551724,7,5.7368421052631575,4.36
23,39,2.8260869565217392,5,3.1818181818181817,1.8421052631578947
24,69,3.2916666666666665,7,5.545454545454546,3.05
22,40,2.0,4,3.2857142857142856,1.9166666666666667
21,36,1.7142857142857142,3,5.0,2.0
25,95,3.76,7,5.235294117647059,4.045454545454546
22,69,2.590909090909091,5,4.7,2.764705882352941
25,137,3.8,8,6.142857142857143,6.142857142857143
19,53,3.1578947368421053,6,3.769230769230769,3.0625
20,61,2.9,6,4.636363636363637,3.0
29,195,4.172413793103448,8,6.851851851851852,7.4
22,30,3.0,5,4.5,1.4210526315789473
28,109,4.035714285714286,7,5.526315789473684,4.2
24,79,3.5416666666666665,7,4.4375,3.380952380952381
28,86,3.2142857142857144,6,5.8,2.4166666666666665
23,39,3.347826086956522,6,6.0,1.8
14,25,2.4285714285714284,5,3.0,1.875
25,70,2.4,4,5.0,3.0952380952380953
19,34,1.736842105263158,4,2.125,1.8888888888888888
26,80,3.3846153846153846,6,5.6923076923076925,3.3636363636363638
22,27,1.6818181818181819,3,6.5,1.3
20,26,1.7,3,6.0,1.3333333333333333
16,39,2.4375,5,3.3333333333333335,2.3076923076923075
22,62,2.409090909090909,5,3.076923076923077,2.3529411764705883
20,81,3.5,7,4.75,4.470588235294118
17,42,3.0588235294117645,7,3.5454545454545454,2.7857142857142856
16,39,2.5,5,3.6,2.769230769230769
19,65,3.210526315789474,7,4.0,3.5
21,70,2.8095238095238093,6,3.4375,3.235294117647059
20,59,3.5,7,4.5,3.176470588235294
27,181,3.962962962962963,8,6.76,7.3478260869565215
21,29,3.0476190476190474,5,4.333333333333333,1.4444444444444444
26,107,3.730769230769231,7,5.315789473684211,4.590909090909091
23,74,3.9130434782608696,8,3.235294117647059,2.8947368421052633
24,76,3.0416666666666665,6,4.25,3.4
12,18,1.75,4,2.25,1.8
23,39,3.3043478260869565,6,5.833333333333333,1.8421052631578947
23,74,3.652173913043478,7,4.1875,3.35
20,32,1.3,2,2.6,2.1666666666666665
26,93,3.3076923076923075,7,5.0,3.8636363636363638
21,34,2.761904761904762,5,2.9,1.7058823529411764
19,57,3.8421052631578947,8,4.909090909090909,3.375
26,42,2.8076923076923075,4,4.111111111111111,1.6818181818181819
24,84,3.4583333333333335,7,4.222222222222222,3.619047619047619
22,38,2.909090909090909,6,3.0,1.8333333333333333
22,45,1.8181818181818181,3,4.166666666666667,1.9230769230769231
23,40,3.3043478260869565,6,5.833333333333333,1.8421052631578947
23,80,4.086956521739131,8,3.6666666666666665,3.473684210526316
27,75,3.5925925925925926,7,5.0,3.0434782608695654
19,33,1.5263157894736843,2,8.5,1.7
23,39,3.3043478260869565,6,5.833333333333333,1.8421052631578947
26,100,3.6923076923076925,7,5.5,4.0
28,72,3.142857142857143,5,5.583333333333333,2.7916666666666665
12,20,1.75,4,2.5,2.0
23,39,3.3043478260869565,6,5.833333333333333,1.8421052631578947
24,79,4.125,8,3.823529411764706,3.25
30,95,3.6,6,4.631578947368421,3.3846153846153846
25,65,2.36,4,5.5,2.933333333333333
18,46,2.5,5,3.3333333333333335,2.5
21,33,2.761904761904762,5,2.9,1.7058823529411764
18,28,1.5,3,2.75,1.5714285714285714
23,39,3.3043478260869565,6,5.833333333333333,1.8421052631578947
19,56,3.8421052631578947,8,3.923076923076923,3.1875
22,55,2.8181818181818183,6,2.533333333333333,2.533333333333333
26,46,2.769230769230769,4,7.0,1.9090909090909092
23,88,3.4782608695652173,7,5.0,4.2105263157894735
19,35,1.5263157894736843,2,9.5,1.9
17,38,2.0588235294117645,4,3.0,2.1
22,57,3.0454545454545454,5,3.75,2.6470588235294117
23,38,3.3043478260869565,6,5.666666666666667,1.7894736842105263
26,103,3.730769230769231,7,5.055555555555555,4.136363636363637
29,105,3.6551724137931036,6,5.444444444444445,3.92
26,71,2.4615384615384617,4,5.444444444444445,2.8823529411764706
18,48,2.888888888888889,5,3.2,2.2857142857142856
23,38,3.3043478260869565,6,5.666666666666667,1.7894736842105263
19,38,1.9473684210526316,4,3.8,1.7272727272727273
25,79,3.84,7,3.1578947368421053,2.857142857142857
27,92,3.6666666666666665,6,5.3125,3.6956521739130435
19,43,2.0,4,3.25,2.6
20,37,1.8,3,3.8,1.7272727272727273
21,32,3.0952380952380953,5,4.0,1.5555555555555556
27,113,4.037037037037037,7,5.3,4.416666666666667
24,63,2.3333333333333335,4,5.571428571428571,2.6
22,55,2.227272727272727,4,4.625,2.642857142857143
23,45,3.260869565217391,6,4.5,1.894736842105263
23,78,4.086956521739131,8,3.4210526315789473,3.4210526315789473
27,53,3.074074074074074,6,4.0,2.0869565217391304
18,40,2.2777777777777777,4,3.0,2.1818181818181817
24,42,3.0416666666666665,6,3.3636363636363638,1.85
21,37,3.380952380952381,6,4.571428571428571,1.8823529411764706
27,118,3.7777777777777777,7,5.142857142857143,4.695652173913044
26,70,3.269230769230769,6,4.846153846153846,2.8636363636363638
31,153,4.290322580645161,8,6.434782608695652,5.481481481481482
27,75,3.037037037037037,5,5.142857142857143,3.0
24,62,2.4583333333333335,5,4.666666666666667,2.8
18,30,1.6666666666666667,3,3.2,1.6
27,91,3.5185185185185186,6,5.6,3.652173913043478
25,42,3.32,6,6.5,1.7727272727272727
15,29,2.533333333333333,5,2.8333333333333335,1.7
23,82,4.217391304347826,8,3.588235294117647,3.210526315789474
27,84,3.4074074074074074,6,5.785714285714286,3.375
18,35,1.5555555555555556,3,3.1666666666666665,2.7142857142857144
19,37,1.631578947368421,4,2.857142857142857,2.5
23,39,3.260869565217391,6,6.0,1.8
19,46,2.6315789473684212,5,3.230769230769231,2.625
27,74,2.8518518518518516,5,4.666666666666667,2.9166666666666665
23,68,3.391304347826087,6,4.923076923076923,3.2
24,56,2.1666666666666665,4,4.0,2.4615384615384617
23,43,1.8695652173913044,3,5.75,1.9166666666666667
24,76,3.4583333333333335,6,5.071428571428571,3.380952380952381
21,42,3.5714285714285716,6,5.0,2.1052631578947367
21,64,3.4285714285714284,7,4.214285714285714,3.2777777777777777
24,39,2.9583333333333335,6,3.1818181818181817,1.75
24,40,3.375,6,6.166666666666667,1.7619047619047619
19,57,3.1578947368421053,7,4.083333333333333,3.2666666666666666
20,35,1.45,3,2.125,2.4285714285714284
26,69,3.0384615384615383,5,5.416666666666667,2.8260869565217392
21,43,1.8571428571428572,3,4.0,1.8461538461538463
22,38,2.8181818181818183,5,3.4,1.8888888888888888
21,37,3.3333333333333335,6,5.666666666666667,1.8888888888888888
25,88,3.32,5,4.733333333333333,3.380952380952381
26,45,2.730769230769231,4,6.833333333333333,1.8636363636363635
24,41,3.375,6,6.333333333333333,1.8095238095238095
24,76,3.0833333333333335,5,4.6,3.2857142857142856
23,49,2.6956521739130435,5,4.090909090909091,2.3684210526315788
21,69,2.619047619047619,5,4.769230769230769,3.6470588235294117
25,86,3.36,6,4.333333333333333,3.0952380952380953
23,40,3.391304347826087,6,6.166666666666667,1.85
27,94,3.111111111111111,6,5.235294117647059,3.869565217391304
16,21,1.5,3,3.0,1.2857142857142858
23,40,3.391304347826087,6,6.166666666666667,1.85
23,70,3.0434782608695654,5,4.5,3.15
23,45,2.6956521739130435,5,4.555555555555555,2.1578947368421053
21,68,2.619047619047619,5,4.6923076923076925,3.588235294117647
25,42,3.32,6,6.5,1.7727272727272727
24,83,3.4166666666666665,6,4.928571428571429,3.45
24,75,3.625,7,3.6,2.8421052631578947
25,69,2.88,5,5.0,2.9545454545454546
12,19,1.6666666666666667,4,2.25,1.8
21,37,3.3333333333333335,6,5.666666666666667,1.8888888888888888
26,58,3.0384615384615383,5,5.888888888888889,2.409090909090909
13,21,1.6923076923076923,4,2.5,2.0
13,20,1.6923076923076923,4,2.25,1.8
26,93,3.423076923076923,7,4.777777777777778,3.909090909090909
17,26,1.411764705882353,2,3.3333333333333335,1.4285714285714286
22,67,3.3636363636363638,6,4.428571428571429,3.263157894736842
22,57,2.5,5,4.0,2.5714285714285716
23,46,1.8695652173913044,3,4.6,1.9166666666666667
21,38,2.8095238095238093,5,3.090909090909091,2.0
26,96,3.4615384615384617,6,6.0,3.5454545454545454
21,29,3.0476190476190474,5,4.333333333333333,1.4444444444444444
27,117,3.8518518518518516,7,4.947368421052632,4.086956521739131
16,22,1.75,4,3.3333333333333335,1.1111111111111112
25,42,3.28,6,6.333333333333333,1.8095238095238095
24,71,3.0833333333333335,5,4.333333333333333,2.6
25,47,2.76,4,5.375,2.0476190476190474
24,66,3.125,5,4.333333333333333,2.736842105263158
27,94,3.5185185185185186,6,5.583333333333333,2.9130434782608696
23,40,3.391304347826087,6,6.166666666666667,1.85
18,42,2.4444444444444446,5,4.666666666666667,2.1538461538461537
27,88,2.740740740740741,4,5.928571428571429,3.608695652173913
19,34,1.5263157894736843,2,9.0,1.8
25,64,2.56,5,3.0,2.2941176470588234
24,68,2.9583333333333335,5,4.5,3.15
22,56,2.6363636363636362,5,4.333333333333333,2.888888888888889
17,29,1.7647058823529411,3,3.25,1.4444444444444444
23,39,3.3043478260869565,6,5.833333333333333,1.8421052631578947
19,48,2.4210526315789473,5,4.375,2.5
21,48,2.6666666666666665,6,2.3846153846153846,2.2142857142857144
25,43,2.84,4,4.222222222222222,1.8095238095238095
24,89,3.0833333333333335,6,3.888888888888889,3.5
24,69,3.0,5,4.571428571428571,3.2
22,51,2.6363636363636362,5,4.2727272727272725,2.611111111111111
32,237,4.5,8,8.076923076923077,7.5
22,32,3.0,5,4.0,1.5555555555555556
25,92,3.64,6,5.117647058823529,3.9545454545454546
25,53,1.84,4,4.666666666666667,2.3333333333333335
22,52,1.9090909090909092,3,5.5,2.357142857142857
24,41,3.2916666666666665,6,6.166666666666667,1.85
14,30,3.642857142857143,6,3.3333333333333335,1.6666666666666667
27,52,2.5925925925925926,4,6.0,2.0869565217391304
28,85,3.357142857142857,6,5.7,2.375
24,41,3.2916666666666665,6,6.166666666666667,1.85
27,112,3.814814814814815,7,4.8,4.173913043478261
24,41,3.2916666666666665,6,6.166666666666667,1.85
26,105,3.3846153846153846,6,5.0,3.8636363636363638
25,61,3.16,5,5.6,2.6666666666666665
18,38,1.7777777777777777,3,5.4,2.7
23,37,2.8260869565217392,5,3.2,1.6842105263157894
23,39,3.3043478260869565,6,5.833333333333333,1.8421052631578947
25,96,3.28,6,4.705882352941177,3.8095238095238093
24,88,3.4583333333333335,7,4.9375,3.761904761904762
23,39,3.3043478260869565,6,5.833333333333333,1.8421052631578947
26,79,3.3846153846153846,6,3.8125,2.772727272727273
25,40,2.8,4,3.888888888888889,1.6666666666666667
24,69,3.5,6,4.266666666666667,3.2
25,79,3.44,6,5.071428571428571,3.227272727272727
20,36,2.9,6,2.8181818181818183,1.9375
27,99,3.5925925925925926,6,5.6923076923076925,3.217391304347826
23,39,3.3043478260869565,6,5.833333333333333,1.8421052631578947
25,57,3.04,5,5.2,2.4761904761904763
25,55,2.04,4,5.0,2.142857142857143
22,55,2.227272727272727,4,5.142857142857143,2.5714285714285716
24,41,3.2916666666666665,6,6.166666666666667,1.85
24,89,3.5,6,4.6875,3.75
24,86,4.166666666666667,8,3.4210526315789473,3.25
26,77,3.5384615384615383,7,4.176470588235294,3.227272727272727
23,61,2.3043478260869565,4,5.428571428571429,2.7142857142857144
17,43,2.5294117647058822,6,3.3,2.5384615384615383
23,39,3.3043478260869565,6,5.833333333333333,1.8421052631578947
24,85,3.0833333333333335,5,4.529411764705882,3.85
26,57,2.9615384615384617,6,5.3,2.409090909090909
21,74,3.142857142857143,6,5.153846153846154,3.9411764705882355
22,38,3.3181818181818183,6,4.857142857142857,1.8888888888888888
21,63,3.380952380952381,7,4.3076923076923075,3.111111111111111
26,53,2.769230769230769,4,6.125,2.227272727272727
26,69,2.769230769230769,5,4.333333333333333,2.888888888888889
18,52,2.9444444444444446,7,3.0,2.769230769230769
26,102,3.4615384615384617,6,4.882352941176471,3.772727272727273
23,32,1.4782608695652173,3,2.5,1.4285714285714286
24,49,2.75,4,6.571428571428571,2.1904761904761907
25,88,3.0,6,4.555555555555555,3.9047619047619047
17,31,1.588235294117647,3,2.6666666666666665,2.2857142857142856
28,96,3.5,6,6.846153846153846,3.7083333333333335
24,40,3.3333333333333335,6,6.166666666666667,1.7619047619047619
26,96,3.3076923076923075,5,5.0588235294117645,3.909090909090909
23,81,4.217391304347826,8,3.7058823529411766,3.3157894736842106
26,65,2.923076923076923,5,4.133333333333334,2.6956521739130435
12,19,1.75,4,2.25,1.8
24,41,3.375,6,6.333333333333333,1.8095238095238095
27,81,2.962962962962963,5,5.2,3.25
13,21,1.6923076923076923,4,2.5,2.0
23,40,3.3043478260869565,6,6.166666666666667,1.85
27,67,3.1481481481481484,5,6.3,2.625
24,41,3.375,6,6.333333333333333,1.8095238095238095
19,35,1.631578947368421,3,5.0,1.8181818181818181
26,76,2.9615384615384617,5,5.214285714285714,3.1739130434782608
16,23,1.5625,3,2.5,1.4285714285714286
24,69,3.4166666666666665,6,4.153846153846154,2.7
23,39,3.391304347826087,6,6.0,1.8
24,69,2.5,5,4.357142857142857,2.9047619047619047
27,51,2.962962962962963,6,3.9166666666666665,2.0434782608695654
18,28,1.3888888888888888,3,2.4,2.0
22,72,3.3181818181818183,6,3.8823529411764706,3.473684210526316
23,39,3.391304347826087,6,6.0,1.8
19,35,1.5263157894736843,2,6.333333333333333,1.9
22,51,2.3181818181818183,5,2.5384615384615383,2.5384615384615383
25,67,3.24,5,4.846153846153846,2.8636363636363638
24,63,2.9583333333333335,5,4.7,2.473684210526316
22,34,2.8181818181818183,5,3.0,1.6666666666666667
15,20,1.4666666666666666,2,7.0,1.0
24,82,3.0416666666666665,6,4.411764705882353,3.75
18,31,1.5,3,2.6,1.8571428571428572
25,83,3.48,6,5.5,3.142857142857143
22,38,3.409090909090909,6,5.833333333333333,1.8421052631578947
27,129,3.888888888888889,7,5.190476190476191,4.739130434782608
24,42,3.4166666666666665,6,6.5,1.8571428571428572
26,63,3.1538461538461537,5,4.833333333333333,2.5217391304347827
24,82,3.1666666666666665,5,3.764705882352941,3.2
21,42,3.5714285714285716,6,5.0,2.1052631578947367
14,21,1.6428571428571428,4,2.5,2.0
28,108,3.392857142857143,7,5.611111111111111,4.208333333333333
18,28,1.5,3,2.4,1.7142857142857142
22,37,3.0,6,3.0,1.8333333333333333
22,37,3.409090909090909,6,5.666666666666667,1.7894736842105263
24,42,2.6666666666666665,4,4.75,1.9
16,21,1.4375,2,4.0,1.1428571428571428
22,38,3.409090909090909,6,5.833333333333333,1.8421052631578947
26,84,3.1538461538461537,6,5.642857142857143,3.590909090909091
26,75,3.076923076923077,5,3.857142857142857,2.5714285714285716
26,76,3.3846153846153846,6,6.181818181818182,3.090909090909091
22,33,2.1818181818181817,4,6.333333333333333,1.4615384615384615
25,98,3.68,7,5.411764705882353,4.380952380952381
26,51,2.6153846153846154,5,5.222222222222222,2.1363636363636362
21,40,3.380952380952381,6,4.571428571428571,1.7777777777777777
25,36,2.8,4,4.0,1.5238095238095237
20,53,2.7,5,4.444444444444445,2.5
19,33,1.631578947368421,3,4.75,1.7272727272727273
19,26,1.263157894736842,2,3.0,1.8
22,39,2.909090909090909,6,3.1818181818181817,1.9444444444444444
13,18,1.5384615384615385,3,2.3333333333333335,1.4
13,18,1.5384615384615385,3,2.3333333333333335,1.4
23,42,3.3043478260869565,6,5.666666666666667,1.7894736842105263
24,81,3.375,6,4.4,3.3
24,71,3.6666666666666665,8,3.357142857142857,2.473684210526316
27,49,3.037037037037037,6,3.75,1.9565217391304348
22,38,3.409090909090909,6,5.833333333333333,1.8421052631578947
28,71,2.5357142857142856,5,3.8333333333333335,2.1904761904761907
26,72,2.8461538461538463,5,5.153846153846154,3.0454545454545454
17,34,2.0,4,3.8333333333333335,2.090909090909091
21,34,2.9047619047619047,6,3.0,1.7647058823529411
22,37,3.3181818181818183,6,5.5,1.8333333333333333
19,40,1.6842105263157894,3,5.0,2.5
26,76,2.8461538461538463,5,5.071428571428571,3.227272727272727
23,52,2.0434782608695654,4,4.833333333333333,2.230769230769231
22,45,1.8181818181818181,3,4.6,1.7692307692307692
23,60,2.4347826086956523,5,4.625,2.466666666666667
21,34,2.8095238095238093,5,3.0,1.7647058823529411
13,18,1.3846153846153846,3,1.5,1.5
13,19,1.3846153846153846,3,1.5,1.5
27,91,3.6666666666666665,6,6.181818181818182,2.9565217391304346
23,39,3.3043478260869565,6,5.833333333333333,1.8421052631578947
24,83,2.875,5,4.4,3.3
24,87,3.5,7,4.647058823529412,3.761904761904762
14,23,1.6428571428571428,4,2.75,2.2
21,33,3.0476190476190474,6,2.6363636363636362,1.7058823529411764
19,34,1.5263157894736843,3,3.0,1.875
16,21,1.4375,2,7.0,1.0
28,91,3.4285714285714284,6,5.818181818181818,2.6666666666666665
21,29,3.0476190476190474,5,4.333333333333333,1.4444444444444444
24,83,3.2916666666666665,5,4.533333333333333,3.4
24,88,4.166666666666667,8,4.0,3.6
24,70,3.625,7,4.0625,3.25
21,58,3.142857142857143,6,3.8333333333333335,2.7058823529411766
23,39,3.3043478260869565,6,5.833333333333333,1.8421052631578947
23,77,4.086956521739131,8,3.6470588235294117,3.263157894736842
27,83,3.5555555555555554,7,4.529411764705882,3.347826086956522
26,90,3.6153846153846154,7,5.125,3.5652173913043477
21,36,2.9047619047619047,6,2.8181818181818183,1.8235294117647058
24,40,3.25,6,6.0,1.8
19,58,3.8421052631578947,8,4.0,3.25
26,50,2.923076923076923,5,4.090909090909091,2.0454545454545454
22,37,2.909090909090909,6,2.909090909090909,1.7777777777777777
21,56,2.380952380952381,5,4.0,2.5714285714285716
22,38,3.227272727272727,6,5.666666666666667,1.8888888888888888
24,88,2.9166666666666665,5,4.4375,3.55
25,43,2.72,4,6.5,1.8571428571428572
18,28,1.5,3,3.0,1.7142857142857142
22,40,2.8181818181818183,5,3.3,1.8333333333333333
23,38,3.3043478260869565,6,5.666666666666667,1.7894736842105263
19,42,1.736842105263158,3,7.0,2.8
26,100,3.0384615384615383,5,5.222222222222222,4.2727272727272725
23,58,2.130434782608696,4,5.0,2.6923076923076925
21,44,1.8095238095238095,3,4.166666666666667,2.0833333333333335
19,40,1.894736842105263,4,3.2857142857142856,2.3
21,71,3.2857142857142856,6,3.764705882352941,3.5555555555555554
23,39,3.3043478260869565,6,5.833333333333333,1.8421052631578947
22,67,3.5,7,4.285714285714286,3.1578947368421053
25,42,2.8,4,3.7,1.7619047619047619
23,71,3.8260869565217392,8,3.2,2.526315789473684
24,46,2.7083333333333335,4,6.0,2.1
18,37,1.6666666666666667,4,2.625,2.625
18,36,1.8888888888888888,3,3.3333333333333335,2.0
24,82,3.6666666666666665,6,5.357142857142857,3.75
23,59,2.739130434782609,5,4.875,2.4375
19,39,1.7894736842105263,3,4.6,1.9166666666666667
21,37,3.380952380952381,6,4.571428571428571,1.8823529411764706
25,90,3.4,6,4.866666666666666,3.4761904761904763
23,49,3.0434782608695654,6,4.181818181818182,2.3
26,79,3.230769230769231,6,4.066666666666666,2.9047619047619047
26,78,3.3846153846153846,6,4.176470588235294,3.227272727272727
23,62,2.9565217391304346,5,4.538461538461538,2.95
21,48,2.619047619047619,5,3.75,2.5
22,67,2.9545454545454546,6,4.285714285714286,3.3333333333333335
13,20,1.5384615384615385,3,2.25,1.8
25,40,3.28,6,6.166666666666667,1.6818181818181819
26,98,3.730769230769231,7,4.764705882352941,3.6818181818181817
28,80,3.25,5,5.428571428571429,3.04
26,89,3.230769230769231,6,5.4,3.5217391304347827
21,37,2.761904761904762,5,3.0,1.9411764705882353
13,20,1.6153846153846154,4,1.8,1.8
23,38,3.260869565217391,6,5.833333333333333,1.75
23,74,4.130434782608695,8,3.75,3.1578947368421053
27,51,2.962962962962963,6,3.9166666666666665,2.0434782608695654
24,41,3.375,6,6.333333333333333,1.8095238095238095
19,45,1.894736842105263,3,6.0,2.727272727272727
28,43,2.857142857142857,4,4.875,1.625
19,31,1.5263157894736843,2,8.0,1.6
26,79,3.4615384615384617,6,3.611111111111111,2.9545454545454546
28,95,3.607142857142857,6,7.363636363636363,3.375
22,39,3.3181818181818183,6,6.0,1.894736842105263
25,58,3.16,5,4.909090909090909,2.4545454545454546
26,55,1.9230769230769231,4,4.833333333333333,2.230769230769231
22,56,2.5,5,3.7,2.466666666666667
23,40,3.391304347826087,6,6.166666666666667,1.85
27,53,2.5925925925925926,4,6.125,2.130434782608696
27,81,3.3333333333333335,5,5.923076923076923,3.2083333333333335
16,25,1.4375,3,2.75,1.8333333333333333
26,90,3.5384615384615383,7,5.357142857142857,3.75
21,42,1.8571428571428572,3,4.6,1.9166666666666667
23,34,3.0434782608695654,5,4.428571428571429,1.55
21,63,3.3333333333333335,6,4.214285714285714,3.2777777777777777
29,92,3.103448275862069,5,5.176470588235294,3.3846153846153846
24,72,2.9583333333333335,5,4.545454545454546,2.6315789473684212
12,19,1.75,4,2.25,1.8
23,39,2.8260869565217392,5,3.5,1.8421052631578947
17,28,1.2941176470588236,2,3.0,2.4
15,22,1.5333333333333334,3,3.0,1.2857142857142858
22,38,3.409090909090909,6,5.833333333333333,1.8421052631578947
27,106,3.740740740740741,7,4.888888888888889,3.8260869565217392
29,97,3.0689655172413794,5,5.411764705882353,3.68
25,62,2.4,4,4.555555555555555,2.5625
19,49,2.5789473684210527,5,2.8181818181818183,2.3846153846153846
22,37,3.409090909090909,6,5.666666666666667,1.7894736842105263
23,79,4.0,8,3.8125,3.210526315789474
25,70,2.8,5,4.714285714285714,3.0
12,17,1.6666666666666667,4,1.75,1.4
22,38,3.409090909090909,6,5.833333333333333,1.8421052631578947
18,33,1.5,2,9.0,2.0
25,44,2.72,4,5.714285714285714,1.9047619047619047
22,54,2.6363636363636362,5,5.0,2.7777777777777777
19,34,1.736842105263158,3,4.25,1.7
22,38,3.409090909090909,6,5.833333333333333,1.8421052631578947
26,58,3.1153846153846154,5,5.3,2.3043478260869565
17,25,1.411764705882353,3,2.5,1.6666666666666667
23,74,3.0434782608695654,6,4.071428571428571,3.0
13,17,1.3846153846153846,3,2.0,1.5
23,39,3.3043478260869565,6,5.833333333333333,1.8421052631578947
25,77,3.04,6,5.538461538461538,3.4285714285714284
26,54,2.076923076923077,5,4.666666666666667,2.0
23,39,3.3043478260869565,6,5.833333333333333,1.8421052631578947
25,62,2.56,5,3.0,2.1
29,117,3.5517241379310347,7,5.7368421052631575,4.36
13,19,1.6153846153846154,4,2.0,1.6
26,78,3.423076923076923,6,3.75,2.727272727272727
21,70,3.3333333333333335,6,3.7058823529411766,3.5
23,39,3.3043478260869565,6,5.833333333333333,1.8421052631578947
15,31,3.3333333333333335,6,2.5714285714285716,1.6363636363636365
24,74,3.2083333333333335,5,3.466666666666667,2.6
21,34,1.380952380952381,2,2.3333333333333335,1.75
26,45,2.769230769230769,4,6.833333333333333,1.8636363636363635
17,36,2.0588235294117645,4,2.7777777777777777,2.0833333333333335
21,34,2.9523809523809526,6,3.0,1.7647058823529411
23,35,3.0434782608695654,5,3.875,1.631578947368421
25,103,3.8,7,5.388888888888889,4.619047619047619
26,44,2.730769230769231,4,5.714285714285714,1.8181818181818181
23,39,3.3043478260869565,6,5.833333333333333,1.8421052631578947
24,86,3.375,6,4.928571428571429,3.45
25,84,4.12,8,4.0,3.0476190476190474
25,41,2.84,5,3.272727272727273,1.7142857142857142
23,39,3.3043478260869565,6,5.833333333333333,1.8421052631578947
15,30,2.7333333333333334,5,3.0,1.6363636363636365
25,84,3.72,7,3.5,3.15
24,42,2.75,5,6.333333333333333,1.9
18,26,1.3888888888888888,3,2.5,1.6666666666666667
23,40,2.8260869565217392,5,3.5,1.8421052631578947
29,98,3.6206896551724137,6,5.75,2.76
22,38,3.227272727272727,6,5.666666666666667,1.8888888888888888
24,87,3.2916666666666665,5,4.6,3.45
25,89,4.28,8,3.65,3.4761904761904763
27,83,3.5185185185185186,7,4.588235294117647,3.391304347826087
23,66,3.0434782608695654,5,4.25,2.8333333333333335
23,39,3.3043478260869565,6,5.833333333333333,1.8421052631578947
25,52,2.64,5,5.333333333333333,2.2857142857142856
26,91,3.8846153846153846,8,5.0,3.409090909090909
23,38,2.8260869565217392,5,3.4,1.7894736842105263
17,29,1.8823529411764706,3,4.666666666666667,1.4
23,39,3.3043478260869565,6,5.833333333333333,1.8421052631578947
23,74,4.043478260869565,8,3.588235294117647,3.210526315789474
28,90,3.5,6,4.722222222222222,3.5416666666666665
12,21,1.75,4,2.75,2.2
23,39,3.3043478260869565,6,5.833333333333333,1.8421052631578947
26,104,3.730769230769231,7,4.842105263157895,4.181818181818182
28,80,3.2857142857142856,6,5.357142857142857,3.125
28,102,3.6785714285714284,7,5.411764705882353,3.68
21,38,2.9047619047619047,6,3.0,1.9411764705882353
21,66,4.095238095238095,8,4.6923076923076925,3.388888888888889
28,130,3.857142857142857,7,5.571428571428571,4.875
27,51,2.8518518518518516,5,5.222222222222222,2.0434782608695654
18,30,1.5555555555555556,3,2.3333333333333335,2.0
23,61,2.3043478260869565,4,5.428571428571429,2.7142857142857144
23,41,3.3043478260869565,6,5.833333333333333,1.8421052631578947
22,66,3.8181818181818183,7,4.285714285714286,3.1578947368421053
28,73,3.142857142857143,5,5.230769230769231,2.8333333333333335
13,22,1.6923076923076923,4,2.75,2.2
24,78,3.625,6,5.071428571428571,3.55
13,21,1.6923076923076923,4,2.5,2.0
22,37,3.3181818181818183,6,4.714285714285714,1.8333333333333333
22,69,3.8636363636363638,7,4.066666666666666,3.210526315789474
25,52,2.72,4,6.857142857142857,2.2857142857142856
29,122,4.379310344827586,8,4.85,3.88
27,104,3.4814814814814814,7,5.533333333333333,3.9523809523809526
21,46,2.142857142857143,4,4.142857142857143,2.230769230769231
28,108,4.214285714285714,7,6.666666666666667,3.3333333333333335
21,33,3.0952380952380953,5,4.0,1.5555555555555556
26,92,3.5384615384615383,6,4.722222222222222,3.8636363636363638
26,82,3.576923076923077,6,4.388888888888889,3.4347826086956523
22,42,3.409090909090909,6,4.875,2.0526315789473686
26,94,3.3461538461538463,6,5.0,3.8636363636363638
23,77,4.217391304347826,8,3.5294117647058822,3.1578947368421053
24,51,3.2083333333333335,6,4.9,2.227272727272727
25,43,3.36,6,6.666666666666667,1.8181818181818181
24,73,2.5,5,4.642857142857143,3.0952380952380953
27,48,2.888888888888889,5,3.6666666666666665,1.9130434782608696
14,22,1.6428571428571428,4,2.5,2.0
13,21,1.6923076923076923,4,2.5,2.0
25,44,2.96,6,3.6363636363636362,1.9047619047619047
18,37,1.8888888888888888,4,2.5,2.2222222222222223
28,89,3.642857142857143,7,5.466666666666667,3.4166666666666665
21,41,3.238095238095238,5,4.875,2.0526315789473686
25,102,3.52,7,5.705882352941177,4.619047619047619
24,87,4.25,8,3.888888888888889,3.5
26,48,3.0384615384615383,6,3.6666666666666665,2.0
24,60,2.5416666666666665,5,4.1,2.411764705882353
24,41,3.375,6,6.333333333333333,1.8095238095238095
25,57,3.16,5,5.3,2.409090909090909
20,38,1.6,4,3.1666666666666665,2.375
19,36,1.5789473684210527,3,2.4285714285714284,2.125
22,38,3.409090909090909,6,5.833333333333333,1.8421052631578947
26,59,3.1538461538461537,5,5.5,2.391304347826087
16,23,1.5,3,3.0,1.2857142857142858
24,73,3.25,6,4.928571428571429,3.2857142857142856
17,29,1.6470588235294117,3,2.8,1.75
22,35,2.8181818181818183,5,3.4444444444444446,1.7222222222222223
23,39,3.391304347826087,6,6.0,1.8
27,105,3.740740740740741,7,4.833333333333333,3.782608695652174
29,88,2.9655172413793105,5,4.9411764705882355,3.36
26,66,2.3846153846153846,5,4.0,2.75
21,56,2.5714285714285716,5,2.769230769230769,2.4
23,38,3.347826086956522,6,5.833333333333333,1.75
24,82,2.9166666666666665,5,4.0625,3.25
26,47,2.923076923076923,6,3.5833333333333335,1.9545454545454546
30,197,4.266666666666667,8,8.363636363636363,7.076923076923077
25,42,3.24,6,6.333333333333333,1.8095238095238095
24,81,3.2916666666666665,5,4.4,3.3
24,87,4.125,8,4.055555555555555,3.65
26,48,3.0384615384615383,6,3.6666666666666665,2.0
22,39,3.3181818181818183,6,6.0,1.894736842105263
18,36,1.6111111111111112,3,5.25,2.625
25,71,2.88,5,5.153846153846154,3.0454545454545454
23,52,2.0434782608695654,4,4.833333333333333,2.230769230769231
19,33,1.4736842105263157,2,7.5,1.6666666666666667
27,102,3.925925925925926,7,6.285714285714286,3.8260869565217392
12,21,1.75,4,2.2,2.2
22,38,3.409090909090909,6,5.833333333333333,1.8421052631578947
15,31,2.533333333333333,5,2.5714285714285716,1.8
25,43,2.68,4,5.571428571428571,1.8571428571428572
24,53,2.0,4,4.833333333333333,2.230769230769231
26,89,3.4615384615384617,6,5.0,2.9545454545454546
21,37,3.3333333333333335,6,5.666666666666667,1.8888888888888888
19,33,1.7894736842105263,4,4.2,1.9090909090909092
28,43,2.892857142857143,5,4.333333333333333,1.625
18,30,1.6111111111111112,3,2.8,1.75
22,55,2.0454545454545454,4,4.25,2.2666666666666666
26,82,3.0384615384615383,5,5.133333333333334,3.5
24,62,2.75,5,4.875,2.2941176470588234
23,73,3.5652173913043477,6,4.533333333333333,3.4
23,59,2.5217391304347827,5,4.625,2.466666666666667
18,33,1.8333333333333333,3,3.6,1.6363636363636365
27,97,3.962962962962963,7,5.923076923076923,3.347826086956522
21,29,3.0476190476190474,5,4.333333333333333,1.4444444444444444
25,79,3.6,7,5.285714285714286,3.5238095238095237
29,96,2.9655172413793105,5,5.352941176470588,3.64
26,64,2.576923076923077,5,4.8,2.823529411764706
20,55,2.95,5,3.1666666666666665,2.375
23,39,3.3043478260869565,6,5.833333333333333,1.8421052631578947
22,71,3.909090909090909,8,3.75,3.3333333333333335
27,77,3.5555555555555554,7,4.8,3.130434782608696
23,75,3.0,6,4.375,3.6842105263157894
18,27,1.5,3,2.75,1.5714285714285714
22,38,3.409090909090909,6,5.833333333333333,1.8421052631578947
27,108,3.4444444444444446,7,5.9411764705882355,4.391304347826087
19,33,1.5263157894736843,2,9.0,1.8
21,70,4.0,8,4.785714285714286,3.7222222222222223
14,23,1.8571428571428572,4,3.25,2.1666666666666665
26,87,3.3461538461538463,6,4.0625,2.9545454545454546
26,64,3.1538461538461537,5,4.916666666666667,2.6818181818181817
19,27,1.3157894736842106,2,3.3333333333333335,1.6666666666666667
23,64,2.9130434782608696,5,4.142857142857143,3.0526315789473686
22,59,2.3636363636363638,5,3.7,2.642857142857143
20,32,1.5,2,7.5,1.5
27,96,4.037037037037037,7,6.083333333333333,3.1739130434782608
20,66,3.9,8,4.846153846153846,3.7058823529411766
21,60,3.9523809523809526,7,5.181818181818182,3.1666666666666665
24,85,3.25,5,4.266666666666667,3.2
24,91,4.166666666666667,8,3.888888888888889,3.5
25,49,3.08,6,3.6666666666666665,2.0952380952380953
25,59,2.4,5,4.375,2.1875
24,42,3.2916666666666665,6,6.166666666666667,1.85
26,68,3.0,6,3.2666666666666666,2.7222222222222223
25,76,2.92,5,5.384615384615385,3.3333333333333335
18,41,2.1666666666666665,5,3.75,2.5
20,33,2.9,6,3.111111111111111,1.75
23,39,3.3043478260869565,6,5.833333333333333,1.8421052631578947
22,76,3.772727272727273,7,3.8125,3.210526315789474
25,43,2.8,4,4.222222222222222,1.8095238095238095
25,48,3.0,6,3.5833333333333335,2.0476190476190474
22,46,1.8181818181818181,3,4.333333333333333,2.0
13,20,1.6923076923076923,4,2.25,1.8
29,109,4.172413793103448,7,6.833333333333333,3.28
23,39,3.3043478260869565,6,5.833333333333333,1.8421052631578947
23,61,3.0,5,4.7,2.473684210526316
26,46,2.769230769230769,4,6.0,1.9090909090909092
24,68,3.125,5,4.333333333333333,2.736842105263158
23,39,3.3043478260869565,6,5.833333333333333,1.8421052631578947
23,79,4.0,8,3.4210526315789473,3.4210526315789473
28,83,3.5714285714285716,7,4.588235294117647,3.25
23,78,3.0869565217391304,6,4.5,3.789473684210526
17,31,1.8235294117647058,3,2.6666666666666665,1.7777777777777777
26,93,3.5,6,5.153846153846154,3.0454545454545454
20,67,3.85,8,4.846153846153846,3.7058823529411766
23,80,4.217391304347826,8,5.066666666666666,3.8
20,27,1.9,3,7.0,1.2727272727272727
24,77,3.625,7,4.8,3.6
28,81,3.3214285714285716,6,5.846153846153846,3.1666666666666665
12,22,2.3333333333333335,5,3.0,2.142857142857143
25,52,3.12,5,4.5,1.7142857142857142
26,107,3.4615384615384617,6,5.111111111111111,4.181818181818182
23,80,4.130434782608695,8,3.823529411764706,3.4210526315789473
26,49,3.0384615384615383,6,3.6666666666666665,2.0
24,46,3.2916666666666665,6,4.875,1.95
18,39,2.6666666666666665,5,2.888888888888889,2.0
29,111,3.206896551724138,5,5.833333333333333,4.2
16,34,2.1875,4,3.3333333333333335,2.2222222222222223
19,38,2.210526315789474,4,4.833333333333333,2.4166666666666665
22,41,3.409090909090909,6,5.428571428571429,2.0
26,49,2.6923076923076925,5,5.75,2.0
18,23,1.5555555555555556,3,5.0,1.1111111111111112
24,41,3.375,6,6.333333333333333,1.8095238095238095
21,67,3.0952380952380953,6,4.214285714285714,3.2777777777777777
28,91,3.5,6,5.375,3.44
19,33,1.8421052631578947,4,3.3333333333333335,1.6666666666666667
19,31,1.4210526315789473,3,2.8,2.3333333333333335
21,43,2.9047619047619047,5,4.0,2.2222222222222223
13,17,1.3846153846153846,3,1.5,1.5
24,40,3.3333333333333335,6,6.166666666666667,1.7619047619047619
24,81,4.083333333333333,8,4.266666666666667,3.2
28,51,2.9642857142857144,6,3.6153846153846154,1.9583333333333333
25,77,3.6,6,5.214285714285714,3.3181818181818183
17,27,1.411764705882353,3,2.4,2.0
21,41,1.8571428571428572,3,3.6666666666666665,1.6923076923076923
23,40,3.391304347826087,6,6.166666666666667,1.85
25,89,3.4,6,4.866666666666666,3.4761904761904763
26,103,4.153846153846154,8,4.5,3.6818181818181817
28,54,3.107142857142857,6,4.166666666666667,2.0833333333333335
23,37,2.8260869565217392,5,3.3,1.736842105263158
23,65,3.0869565217391304,6,5.363636363636363,3.1052631578947367
22,41,2.090909090909091,4,4.5,1.9285714285714286
21,37,2.0,4,4.6,1.9166666666666667
18,37,1.9444444444444444,4,3.25,2.1666666666666665
20,58,2.45,4,4.4,2.75
22,77,2.6818181818181817,5,4.0,3.5555555555555554
18,39,2.2777777777777777,4,4.0,2.4
24,115,3.7083333333333335,8,5.7894736842105265,5.5
20,45,2.85,5,4.222222222222222,2.235294117647059
21,65,3.380952380952381,7,4.6923076923076925,3.388888888888889
20,43,2.85,5,4.111111111111111,2.176470588235294
18,40,2.2777777777777777,4,3.7,2.466666666666667
28,179,4.107142857142857,8,6.615384615384615,7.166666666666667
22,31,3.0,5,4.5,1.4210526315789473
25,93,3.64,6,4.684210526315789,4.045454545454546
25,42,3.24,6,6.333333333333333,1.8095238095238095
14,24,2.2142857142857144,5,2.8,2.0
26,75,2.8846153846153846,5,5.384615384615385,3.0434782608695654
23,52,2.0434782608695654,4,4.833333333333333,2.230769230769231
19,32,1.4736842105263157,2,8.0,1.7777777777777777
18,28,1.2777777777777777,2,3.0,2.4
22,36,2.8181818181818183,5,3.1,1.7222222222222223
21,37,3.3333333333333335,6,5.666666666666667,1.8888888888888888
24,80,3.375,6,4.4,3.3
25,89,4.08,8,3.823529411764706,3.0952380952380953
24,65,2.7916666666666665,5,5.0,2.857142857142857
23,53,2.0,4,4.285714285714286,2.5
18,29,1.5,2,7.0,1.5555555555555556
25,86,3.36,6,4.785714285714286,3.1904761904761907
21,37,3.3333333333333335,6,5.666666666666667,1.8888888888888888
26,60,3.1153846153846154,5,5.0,2.391304347826087
13,21,1.6923076923076923,4,2.5,2.0
22,38,3.409090909090909,6,5.833333333333333,1.8421052631578947
27,114,3.8518518518518516,7,4.95,4.304347826086956
24,42,3.4166666666666665,6,6.5,1.8571428571428572
27,62,3.2222222222222223,5,4.384615384615385,2.375
25,91,3.24,6,3.8421052631578947,3.4761904761904763
24,40,3.25,6,6.0,1.8
22,57,2.727272727272727,4,3.727272727272727,2.2777777777777777
26,47,2.769230769230769,4,6.142857142857143,1.9545454545454546
29,99,3.4482758620689653,6,4.8,2.88
27,88,3.5185185185185186,6,5.545454545454546,2.652173913043478
22,37,3.3181818181818183,6,5.5,1.8333333333333333
24,85,3.375,6,4.666666666666667,3.5
26,92,4.230769230769231,8,3.9473684210526314,3.409090909090909
24,70,3.4583333333333335,7,4.571428571428571,3.0476190476190474
22,60,2.9545454545454546,5,3.9166666666666665,2.764705882352941
23,39,3.3043478260869565,6,5.833333333333333,1.8421052631578947
27,113,3.740740740740741,7,5.277777777777778,4.130434782608695
27,54,2.7777777777777777,5,6.25,2.1739130434782608
25,53,1.92,4,4.666666666666667,2.3333333333333335
21,45,1.8095238095238095,3,4.333333333333333,2.1666666666666665
22,37,2.8181818181818183,5,2.909090909090909,1.7777777777777777
18,29,1.6111111111111112,3,3.0,1.5
13,17,1.4615384615384615,3,2.0,1.5
21,30,3.0476190476190474,5,3.857142857142857,1.5
26,110,3.8461538461538463,7,5.473684210526316,4.7272727272727275
26,46,2.769230769230769,4,7.0,1.9090909090909092
23,39,3.3043478260869565,6,5.833333333333333,1.8421052631578947
22,76,3.9545454545454546,8,3.5294117647058822,3.3333333333333335
28,58,3.142857142857143,6,4.333333333333333,2.1666666666666665
23,59,3.5652173913043477,7,4.153846153846154,2.8421052631578947
17,24,1.411764705882353,3,3.0,1.5
23,39,3.3043478260869565,6,5.833333333333333,1.8421052631578947
24,85,3.25,5,4.333333333333333,3.25
24,87,4.166666666666667,8,3.611111111111111,3.25
27,50,3.074074074074074,6,3.75,1.9565217391304348
23,34,2.8260869565217392,5,3.0,1.5789473684210527
23,39,3.3043478260869565,6,5.833333333333333,1.8421052631578947
15,34,2.7333333333333334,5,3.0,1.9090909090909092
19,31,1.5263157894736843,2,8.0,1.6
25,46,2.88,5,3.727272727272727,1.9523809523809523
24,70,3.4583333333333335,6,4.333333333333333,3.25
19,44,2.789473684210526,7,3.090909090909091,2.2666666666666666
23,39,3.3043478260869565,6,5.833333333333333,1.8421052631578947
25,50,2.6,4,5.111111111111111,2.1904761904761907
15,18,1.4666666666666666,2,7.0,1.0
23,40,3.3043478260869565,6,5.833333333333333,1.8421052631578947
24,80,3.0833333333333335,6,4.0625,3.0952380952380953
29,86,3.2413793103448274,5,6.230769230769231,3.24
18,31,1.6666666666666667,3,4.5,1.6363636363636365
19,35,1.631578947368421,4,2.5714285714285716,2.25
21,37,2.8095238095238093,5,3.0,1.7647058823529411
13,20,1.7692307692307692,4,1.8,1.5
26,84,3.5,7,4.866666666666666,3.3181818181818183
24,35,1.7916666666666667,3,8.0,1.4545454545454546
22,70,3.3181818181818183,6,4.333333333333333,3.4210526315789473
28,55,3.0714285714285716,6,4.166666666666667,2.0833333333333335
22,40,2.8636363636363638,5,3.857142857142857,1.5
27,108,3.4444444444444446,6,4.285714285714286,3.9130434782608696
26,52,2.6538461538461537,5,5.333333333333333,2.1818181818181817
21,37,2.9047619047619047,6,3.0,1.7647058823529411
13,22,1.6923076923076923,4,2.75,2.2
22,40,3.272727272727273,6,4.25,1.8888888888888888
22,72,3.909090909090909,8,3.210526315789474,3.388888888888889
27,54,3.074074074074074,6,4.0,2.0869565217391304
25,78,3.72,7,4.733333333333333,3.380952380952381
16,26,1.625,3,3.0,1.7142857142857142
22,37,3.272727272727273,6,4.571428571428571,1.7777777777777777
25,100,3.52,6,4.611111111111111,3.9523809523809526
25,46,3.04,6,3.3333333333333335,1.9047619047619047
28,107,3.4285714285714284,6,6.076923076923077,3.2916666666666665
21,34,3.0952380952380953,5,4.0,1.5555555555555556
26,99,3.5,6,5.111111111111111,4.181818181818182
28,70,2.3214285714285716,5,5.0,2.8125
21,56,2.380952380952381,4,6.0,3.230769230769231
23,49,3.0434782608695654,6,4.181818181818182,2.3
25,70,2.52,5,4.25,2.8333333333333335
23,38,3.347826086956522,6,5.833333333333333,1.75
26,93,3.3076923076923075,5,5.1875,3.772727272727273
26,46,2.6923076923076925,5,6.142857142857143,1.8695652173913044
25,43,3.36,6,6.666666666666667,1.8181818181818181
25,79,2.48,5,3.8125,3.05
27,55,2.5925925925925926,5,5.666666666666667,2.217391304347826
24,41,3.375,6,6.333333333333333,1.8095238095238095
15,31,2.6666666666666665,5,2.7142857142857144,1.7272727272727273
28,55,2.642857142857143,5,5.666666666666667,2.125
25,84,3.32,6,6.5,3.7142857142857144
22,38,1.9090909090909092,4,4.2,1.75
21,33,1.619047619047619,3,5.333333333333333,1.7777777777777777
19,35,2.0,4,5.0,2.272727272727273
22,62,2.727272727272727,5,4.2727272727272725,2.611111111111111
19,58,2.9473684210526314,6,3.1875,3.1875
23,89,3.391304347826087,7,4.095238095238095,4.3
20,52,2.8,6,3.6666666666666665,2.75
23,101,3.5217391304347827,8,4.947368421052632,4.947368421052632
27,147,4.037037037037037,8,5.916666666666667,6.173913043478261
21,68,3.6666666666666665,8,4.642857142857143,3.611111111111111
20,41,2.45,4,4.571428571428571,2.1333333333333333
29,187,4.137931034482759,8,6.7407407407407405,7.28
21,43,3.238095238095238,5,4.75,2.0
18,35,1.5555555555555556,3,5.75,2.5555555555555554
19,33,1.4210526315789473,3,3.2,2.6666666666666665
23,35,3.0,6,3.1,1.631578947368421
22,70,3.4545454545454546,6,5.0,3.4210526315789473
12,17,1.5,3,2.3333333333333335,1.75
23,36,2.8260869565217392,5,3.2,1.6842105263157894
23,39,3.347826086956522,6,6.0,1.8
23,71,3.130434782608696,5,4.571428571428571,3.2
25,51,2.92,6,5.222222222222222,2.238095238095238
21,68,2.6666666666666665,5,4.6923076923076925,3.588235294117647
24,82,3.2083333333333335,6,3.8125,3.05
23,40,3.391304347826087,6,6.166666666666667,1.85
15,34,3.7333333333333334,6,2.75,1.6923076923076923
27,80,2.925925925925926,5,5.769230769230769,3.260869565217391
17,29,1.6470588235294117,3,3.25,1.625
28,101,3.642857142857143,6,6.416666666666667,3.2083333333333335
19,36,3.3157894736842106,5,4.25,2.0
18,51,2.388888888888889,4,3.5833333333333335,2.8666666666666667
25,46,2.72,5,5.25,2.0
23,40,3.391304347826087,6,6.166666666666667,1.85
22,58,2.8181818181818183,5,3.8181818181818183,2.3333333333333335
26,48,2.730769230769231,4,5.5,2.0
23,62,3.0434782608695654,5,4.454545454545454,2.7222222222222223
22,38,3.409090909090909,6,5.833333333333333,1.8421052631578947
25,49,2.6,4,5.625,2.142857142857143
24,83,3.2083333333333335,6,3.6666666666666665,3.3
22,60,2.909090909090909,5,4.583333333333333,2.8947368421052633
21,54,2.9523809523809526,5,3.4166666666666665,2.5625
22,38,3.409090909090909,6,5.833333333333333,1.8421052631578947
24,83,3.2916666666666665,5,4.4,3.3
24,78,3.9166666666666665,8,3.4375,2.75
24,39,2.8333333333333335,5,3.1818181818181817,1.75
21,37,3.3333333333333335,6,5.666666666666667,1.8888888888888888
23,76,4.0,8,3.8125,3.210526315789474
29,57,3.0689655172413794,6,4.076923076923077,2.12
25,73,3.6,7,4.857142857142857,3.090909090909091
25,72,3.24,6,4.571428571428571,2.909090909090909
22,76,3.3181818181818183,6,4.0588235294117645,3.6315789473684212
21,36,3.4285714285714284,6,5.5,1.8333333333333333
25,48,2.68,4,5.5,2.0952380952380953
16,22,1.5625,3,3.3333333333333335,1.25
16,21,1.4375,2,4.0,1.1428571428571428
23,37,2.869565217391304,5,3.6666666666666665,1.736842105263158
18,29,1.7222222222222223,3,3.25,1.4444444444444444
23,39,3.3043478260869565,6,5.833333333333333,1.8421052631578947
25,48,2.68,4,4.888888888888889,2.0952380952380953
14,17,1.4285714285714286,2,6.0,1.0
23,39,3.3043478260869565,6,5.833333333333333,1.8421052631578947
24,76,3.0833333333333335,6,4.928571428571429,3.45
26,78,3.076923076923077,5,3.9285714285714284,2.619047619047619
31,206,4.419354838709677,8,8.363636363636363,6.814814814814815
22,31,3.0454545454545454,5,4.666666666666667,1.4736842105263157
26,100,3.6538461538461537,6,5.3125,3.8636363636363638
29,89,3.1379310344827585,6,4.714285714285714,2.869565217391304
24,41,3.2916666666666665,6,6.166666666666667,1.85
14,29,2.9285714285714284,5,3.6,1.8
25,36,2.8,4,3.875,1.4761904761904763
20,33,1.3,2,3.75,2.5
23,53,1.7826086956521738,3,4.571428571428571,2.4615384615384617
22,48,2.6363636363636362,5,4.888888888888889,2.4444444444444446
23,67,3.1739130434782608,5,4.0,2.736842105263158
23,39,3.3043478260869565,6,5.833333333333333,1.8421052631578947
25,82,2.96,6,4.5,3.272727272727273
28,102,3.7142857142857144,6,5.647058823529412,4.0
13,20,1.6923076923076923,4,2.25,1.8
24,75,3.625,6,4.928571428571429,3.45
22,59,3.0454545454545454,5,3.5833333333333335,2.5294117647058822
13,17,1.4615384615384615,3,2.0,1.5
23,39,3.3043478260869565,6,5.833333333333333,1.8421052631578947
15,39,3.8666666666666667,6,3.375,2.076923076923077
24,41,2.7083333333333335,4,6.166666666666667,1.85
18,27,1.5,3,2.75,1.5714285714285714
20,32,1.5,3,2.6,1.625
25,44,2.76,4,6.666666666666667,1.9047619047619047
24,71,3.4583333333333335,6,3.6923076923076925,2.4
27,84,3.3703703703703702,6,5.7,2.4782608695652173
24,41,3.2916666666666665,6,6.166666666666667,1.85
26,100,3.730769230769231,7,5.0,4.090909090909091
23,80,4.0,8,3.823529411764706,3.4210526315789473
28,57,3.142857142857143,6,4.333333333333333,2.1666666666666665
25,64,2.24,4,5.571428571428571,2.6
23,39,3.3043478260869565,6,5.833333333333333,1.8421052631578947
28,108,3.4285714285714284,6,6.3125,4.208333333333333
26,73,2.730769230769231,5,4.7272727272727275,2.888888888888889
24,41,3.2916666666666665,6,6.166666666666667,1.85
26,107,3.5,7,4.35,3.9545454545454546
25,52,2.64,5,5.222222222222222,2.238095238095238
23,64,2.5217391304347827,5,4.7,3.1333333333333333
21,55,2.8095238095238093,6,3.4,2.2666666666666666
28,95,4.071428571428571,7,6.090909090909091,2.7916666666666665
22,31,3.0,5,4.5,1.5
26,117,3.730769230769231,7,5.157894736842105,4.454545454545454
29,90,3.310344827586207,5,4.866666666666666,3.0416666666666665
24,43,3.2916666666666665,6,5.571428571428571,1.95
28,98,3.4285714285714284,6,5.8125,3.875
13,22,1.6923076923076923,4,3.0,2.4
24,44,3.2916666666666665,6,5.571428571428571,1.95
25,56,3.04,5,5.666666666666667,2.4285714285714284
23,42,3.347826086956522,6,4.625,1.9473684210526316
21,50,2.619047619047619,5,3.2222222222222223,1.8125
25,51,2.64,5,5.222222222222222,2.238095238095238
26,117,3.8076923076923075,7,4.9,4.454545454545454
14,22,1.6428571428571428,4,2.0,2.0
19,38,2.210526315789474,4,4.833333333333333,2.4166666666666665
22,41,3.409090909090909,6,5.428571428571429,2.0
22,78,4.045454545454546,8,3.9375,3.5
27,78,3.2222222222222223,5,5.769230769230769,3.125
26,81,2.6923076923076925,5,4.625,3.217391304347826
21,36,2.761904761904762,5,2.909090909090909,1.8823529411764706
25,42,3.32,6,6.5,1.7727272727272727
25,77,3.36,6,3.5294117647058822,2.857142857142857
26,53,2.730769230769231,4,6.125,2.227272727272727
21,48,2.4761904761904763,5,4.0,2.588235294117647
18,42,2.888888888888889,7,3.3,2.357142857142857
22,38,2.8181818181818183,5,3.4,1.8888888888888888
18,31,1.9444444444444444,3,4.25,1.5454545454545454
23,40,3.3043478260869565,6,6.166666666666667,1.85
19,30,1.736842105263158,3,4.666666666666667,1.0769230769230769
29,58,2.689655172413793,5,6.75,2.16
17,30,1.7058823529411764,3,2.5,1.875
32,213,4.5,8,7.923076923076923,7.357142857142857
20,38,3.25,5,4.5,2.0
29,141,4.0,7,5.545454545454546,4.88
25,43,3.36,6,6.666666666666667,1.8181818181818181
27,66,3.1481481481481484,5,5.545454545454546,2.5416666666666665
24,82,3.2083333333333335,6,3.8823529411764706,3.3
22,39,3.3181818181818183,6,6.0,1.894736842105263
23,71,3.0434782608695654,5,4.571428571428571,3.2
23,47,2.6956521739130435,5,4.777777777777778,2.263157894736842
21,68,3.0952380952380953,6,4.6923076923076925,3.588235294117647
17,29,1.6470588235294117,3,2.8,1.75
24,41,3.375,6,6.333333333333333,1.8095238095238095
23,66,2.9565217391304346,5,4.166666666666667,2.6315789473684212
28,45,2.857142857142857,4,5.125,1.7083333333333333
25,62,3.0,5,4.142857142857143,2.6363636363636362
19,32,1.5263157894736843,2,8.0,1.6
20,46,2.2,4,2.888888888888889,1.8571428571428572
20,44,2.1,4,5.0,2.3333333333333335
23,61,2.6956521739130435,5,4.071428571428571,3.0
22,75,2.909090909090909,6,4.857142857142857,3.7777777777777777
17,30,1.7647058823529411,3,2.8,1.5555555555555556
27,89,3.5555555555555554,6,5.3076923076923075,3.0
21,37,3.3333333333333335,6,5.666666666666667,1.8888888888888888
26,57,3.1153846153846154,5,5.2,2.260869565217391
26,56,2.0384615384615383,4,5.0,2.142857142857143
22,45,1.8181818181818181,3,4.333333333333333,2.0
21,37,3.3333333333333335,6,5.666666666666667,1.8888888888888888
26,103,3.730769230769231,7,4.777777777777778,3.909090909090909
27,72,3.259259259259259,5,4.785714285714286,2.7916666666666665
12,19,1.75,4,2.25,1.8
22,38,3.409090909090909,6,5.833333333333333,1.8421052631578947
14,26,2.357142857142857,5,2.3333333333333335,1.5555555555555556
29,114,3.2413793103448274,6,5.4,4.32
24,70,2.9166666666666665,5,5.0,3.25
23,62,3.391304347826087,6,3.6153846153846154,2.473684210526316
22,51,2.590909090909091,5,4.2727272727272725,2.611111111111111
16,26,1.6875,3,3.6666666666666665,1.375
22,37,3.409090909090909,6,5.666666666666667,1.7894736842105263
20,32,1.65,2,4.666666666666667,1.0769230769230769
30,98,3.1333333333333333,5,6.2,3.576923076923077
18,29,1.7222222222222223,3,3.25,1.4444444444444444
12,17,1.5833333333333333,3,2.3333333333333335,1.4
26,75,3.1923076923076925,5,3.9285714285714284,2.619047619047619
27,85,3.4814814814814814,6,6.416666666666667,3.347826086956522
22,27,1.5,3,5.5,1.375
22,27,1.5,3,5.5,1.375
26,102,4.076923076923077,8,5.9375,4.318181818181818
22,69,2.3181818181818183,5,3.6153846153846154,2.764705882352941
21,81,3.7142857142857144,8,4.470588235294118,4.222222222222222
19,50,2.8421052631578947,5,4.875,2.4375
24,111,3.7083333333333335,8,5.666666666666667,5.1
19,59,3.3684210526315788,7,4.5,3.375
26,163,3.8461538461538463,8,6.333333333333333,6.909090909090909
21,29,3.0476190476190474,5,4.333333333333333,1.4444444444444444
26,101,3.8846153846153846,7,4.85,4.217391304347826
23,53,2.0434782608695654,4,5.0,2.3076923076923075
22,55,2.272727272727273,4,5.428571428571429,2.7142857142857144
23,39,3.3043478260869565,6,5.833333333333333,1.8421052631578947
27,113,3.888888888888889,7,5.277777777777778,4.130434782608695
24,41,3.2916666666666665,6,6.166666666666667,1.85
26,59,3.1538461538461537,5,5.4,2.4545454545454546
24,86,3.1666666666666665,6,4.117647058823529,3.5
22,38,3.227272727272727,6,5.666666666666667,1.8888888888888888
25,44,2.64,4,5.714285714285714,1.9047619047619047
24,48,1.9166666666666667,4,4.8,2.0
22,41,2.909090909090909,6,3.272727272727273,2.0
21,36,3.238095238095238,6,5.333333333333333,1.8823529411764706
24,85,3.375,6,4.6,3.45
25,83,4.08,8,3.9375,3.0
25,71,3.44,7,4.642857142857143,3.0952380952380953
22,55,2.8181818181818183,5,3.727272727272727,2.5625
23,39,3.3043478260869565,6,5.833333333333333,1.8421052631578947
27,59,2.2222222222222223,5,3.0,2.25
24,43,2.75,5,6.5,1.95
25,74,3.28,6,4.714285714285714,3.0
20,34,2.9,6,2.9,1.8125
23,39,3.3043478260869565,6,5.833333333333333,1.8421052631578947
21,56,2.857142857142857,5,3.466666666666667,2.888888888888889
26,85,3.0,5,5.333333333333333,3.6363636363636362
24,72,3.4166666666666665,6,4.1875,3.35
23,49,1.8695652173913044,4,4.333333333333333,2.3636363636363638
23,45,1.8695652173913044,3,5.5,1.8333333333333333
23,74,3.260869565217391,6,4.533333333333333,3.5789473684210527
24,40,3.25,6,6.0,1.8
24,90,3.0833333333333335,6,4.5625,3.65
25,43,2.72,4,6.5,1.8571428571428572
18,29,1.5,3,2.6,1.8571428571428572
21,37,2.9523809523809526,6,3.1,1.8235294117647058
23,34,3.0434782608695654,5,4.142857142857143,1.5263157894736843
26,112,3.8461538461538463,7,5.833333333333333,4.7727272727272725
21,68,3.8095238095238093,8,3.466666666666667,3.0588235294117645
24,73,3.4583333333333335,7,4.1875,3.35
24,62,2.25,4,5.428571428571429,2.7142857142857144
23,40,3.3043478260869565,6,5.833333333333333,1.8421052631578947
26,106,3.730769230769231,7,4.8,4.363636363636363
28,58,3.25,6,6.0,2.25
17,28,1.4705882352941178,3,2.1666666666666665,2.1666666666666665
22,54,2.1363636363636362,4,4.857142857142857,2.4285714285714284
13,22,1.6923076923076923,4,2.75,2.2
23,39,3.3043478260869565,6,5.833333333333333,1.8421052631578947
21,43,1.9523809523809523,3,5.5,1.8333333333333333
27,72,3.037037037037037,5,4.785714285714286,2.9130434782608696
24,58,2.2083333333333335,4,5.0,2.5
22,40,3.272727272727273,6,4.125,1.8333333333333333
27,115,3.740740740740741,7,5.25,4.565217391304348
28,105,2.857142857142857,5,5.882352941176471,4.166666666666667
26,74,3.076923076923077,5,5.181818181818182,2.7142857142857144
25,66,2.36,4,6.0,2.8
21,65,2.5714285714285716,5,3.5294117647058822,3.5294117647058822
13,22,1.6923076923076923,4,2.2,2.2
13,22,1.6923076923076923,4,2.2,2.2
26,82,3.576923076923077,6,4.388888888888889,3.4347826086956523
22,42,3.409090909090909,6,4.875,2.0526315789473686
23,80,3.4347826086956523,6,3.9411764705882355,3.526315789473684
26,53,2.9615384615384617,5,4.545454545454546,2.1739130434782608
24,82,3.1666666666666665,6,4.866666666666666,3.65
23,37,2.8260869565217392,5,3.3,1.736842105263158
23,75,3.130434782608696,6,4.133333333333334,3.263157894736842
21,47,2.0952380952380953,4,4.5,2.4
22,34,2.772727272727273,5,3.0,1.6666666666666667
17,30,1.6470588235294117,3,3.0,1.875
23,62,3.0,5,4.916666666666667,2.95
24,57,2.5,5,3.6,2.4
19,25,1.4736842105263157,2,9.0,1.0
23,40,3.3043478260869565,6,6.166666666666667,1.85
23,73,4.173913043478261,8,3.5625,3.0
27,52,2.7777777777777777,4,6.857142857142857,2.0869565217391304
25,66,2.6,5,3.8181818181818183,2.3333333333333335
25,42,3.32,6,6.5,1.7727272727272727
27,127,3.814814814814815,7,5.7,4.956521739130435
24,42,3.4166666666666665,6,6.5,1.8571428571428572
19,37,1.9473684210526316,4,3.6,1.6363636363636365
22,66,3.227272727272727,6,3.5714285714285716,2.7777777777777777
26,81,3.0,5,5.5,3.347826086956522
21,33,2.761904761904762,5,2.9,1.7058823529411764
20,39,1.85,3,4.2,1.75
22,38,3.409090909090909,6,5.833333333333333,1.8421052631578947
25,47,2.64,4,6.142857142857143,2.0476190476190474
29,115,3.5172413793103448,7,5.35,4.28
25,72,3.44,6,4.153846153846154,2.5714285714285716
22,38,3.409090909090909,6,5.833333333333333,1.8421052631578947
25,93,3.48,6,5.066666666666666,3.619047619047619
23,73,3.608695652173913,8,3.7142857142857144,2.888888888888889
25,43,2.84,5,3.5454545454545454,1.8571428571428572
23,53,2.0869565217391304,4,5.0,2.3076923076923075
26,89,3.4615384615384617,6,5.0,3.1818181818181817
22,32,3.0454545454545454,5,4.142857142857143,1.5263157894736843
25,78,3.6,7,5.214285714285714,3.4761904761904763
29,101,3.586206896551724,6,5.333333333333333,3.84
19,33,1.368421052631579,3,3.2,2.6666666666666665
19,31,1.3157894736842106,2,2.8,2.3333333333333335
21,36,3.4285714285714284,6,5.5,1.8333333333333333
20,34,1.7,3,3.5,1.4
23,63,3.130434782608696,6,3.2142857142857144,2.5
25,88,3.48,6,4.5,3.6818181818181817
23,40,3.391304347826087,6,6.166666666666667,1.85
26,90,3.1923076923076925,6,5.733333333333333,3.739130434782609
28,77,2.8214285714285716,5,4.636363636363637,2.55
22,38,3.409090909090909,6,5.833333333333333,1.8421052631578947
26,52,2.576923076923077,4,6.0,2.1818181818181817
26,85,3.5,8,4.533333333333333,3.238095238095238
25,46,3.08,6,3.8181818181818183,2.0
18,30,1.7222222222222223,3,2.8,1.5555555555555556
22,38,3.409090909090909,6,5.833333333333333,1.8421052631578947
25,53,3.12,5,4.8,2.1818181818181817
19,35,1.5263157894736843,2,9.5,1.9
22,65,3.3636363636363638,6,4.285714285714286,3.1578947368421053
22,60,2.5,4,4.230769230769231,3.0555555555555554
21,55,2.5714285714285716,5,3.888888888888889,2.5
31,216,4.419354838709677,8,8.166666666666666,7.2592592592592595
23,38,3.260869565217391,6,5.666666666666667,1.7894736842105263
25,82,3.04,6,5.5,3.6666666666666665
26,77,3.076923076923077,6,4.0,2.8
23,39,3.3043478260869565,6,5.833333333333333,1.8421052631578947
25,80,2.92,5,5.357142857142857,3.5714285714285716
12,20,1.75,4,2.5,2.0
24,41,3.2916666666666665,6,6.166666666666667,1.85
24,52,3.125,5,4.7,2.238095238095238
22,38,3.409090909090909,6,5.833333333333333,1.8421052631578947
23,76,4.043478260869565,8,3.6470588235294117,3.263157894736842
26,81,2.769230769230769,5,4.75,3.4545454545454546
23,51,2.1739130434782608,4,4.666666666666667,2.0
22,61,2.8181818181818183,5,3.6666666666666665,2.75
23,34,3.0434782608695654,5,4.285714285714286,1.5789473684210527
25,99,3.8,7,5.470588235294118,4.428571428571429
22,70,3.9545454545454546,8,3.642857142857143,2.8333333333333335
26,79,3.423076923076923,7,4.352941176470588,3.3636363636363638
21,58,2.9047619047619047,5,4.090909090909091,2.8125
23,39,3.3043478260869565,6,5.833333333333333,1.8421052631578947
27,113,3.740740740740741,7,5.444444444444445,4.260869565217392
20,45,2.2,5,2.3333333333333335,2.3333333333333335
29,91,2.9310344827586206,5,6.142857142857143,3.44
24,55,2.125,4,4.428571428571429,2.2142857142857144
19,34,1.5263157894736843,2,9.0,1.8
13,20,1.6153846153846154,4,2.25,1.8
23,39,3.3043478260869565,6,5.833333333333333,1.8421052631578947
24,82,2.9166666666666665,5,4.0625,3.25
26,74,2.769230769230769,5,5.3076923076923075,3.1363636363636362
22,49,1.9090909090909092,4,4.5,2.4545454545454546
22,38,2.9545454545454546,6,3.3,1.8333333333333333
23,39,3.3043478260869565,6,5.833333333333333,1.8421052631578947
25,37,2.76,4,4.0,1.5238095238095237
25,93,3.68,7,4.722222222222222,3.8636363636363638
25,50,3.08,6,3.75,2.142857142857143
12,16,1.5,3,2.0,1.5
23,38,3.3043478260869565,6,5.666666666666667,1.7894736842105263
24,88,3.4166666666666665,6,4.666666666666667,3.5
24,41,2.7083333333333335,4,6.166666666666667,1.85
27,91,3.6296296296296298,7,6.0,3.272727272727273
26,78,3.1923076923076925,5,4.615384615384615,2.857142857142857
25,76,3.36,6,5.454545454545454,2.857142857142857
23,28,1.5217391304347827,3,3.3333333333333335,1.25
22,25,1.4090909090909092,3,4.0,1.1428571428571428
15,36,2.2,4,3.2222222222222223,2.4166666666666665
23,67,2.1739130434782608,5,3.75,2.8125
22,94,3.4545454545454546,7,4.833333333333333,4.833333333333333
17,44,3.0588235294117645,7,3.5454545454545454,2.7857142857142856
16,39,2.5625,6,3.0,2.769230769230769
19,65,3.3684210526315788,7,4.071428571428571,3.5625
21,75,2.9523809523809526,6,3.875,3.6470588235294117
22,75,3.3181818181818183,7,5.3076923076923075,3.8333333333333335
29,229,4.172413793103448,8,7.62962962962963,8.24
21,29,3.0476190476190474,5,4.333333333333333,1.4444444444444444
22,80,3.727272727272727,7,4.666666666666667,3.6842105263157894
27,52,3.074074074074074,6,3.9166666666666665,2.0434782608695654
26,72,3.5384615384615383,6,4.785714285714286,3.0454545454545454
18,30,1.7222222222222223,4,2.8,2.0
23,39,3.3043478260869565,6,5.833333333333333,1.8421052631578947
26,63,3.1538461538461537,5,5.2727272727272725,2.6363636363636362
24,44,3.2916666666666665,6,5.571428571428571,1.95
25,92,3.56,6,3.9473684210526314,3.5714285714285716
26,92,2.8846153846153846,5,5.733333333333333,3.909090909090909
24,67,2.8333333333333335,5,4.636363636363637,2.8333333333333335
25,73,3.4,6,4.384615384615385,2.7142857142857144
19,34,1.631578947368421,4,2.4285714285714284,2.125
22,35,2.8181818181818183,5,3.3333333333333335,1.6666666666666667
21,36,3.380952380952381,6,4.571428571428571,1.8823529411764706
18,41,3.0555555555555554,5,3.25,1.7333333333333334
28,119,3.642857142857143,7,6.529411764705882,4.625
21,60,3.238095238095238,6,3.5384615384615383,2.7058823529411766
25,68,3.48,6,5.416666666666667,2.9545454545454546
22,64,3.227272727272727,6,4.0,3.1578947368421053
26,43,3.3076923076923075,6,6.666666666666667,1.7391304347826086
26,86,3.3461538461538463,5,5.0,3.409090909090909
23,82,4.217391304347826,8,3.6666666666666665,3.473684210526316
25,54,3.12,6,4.636363636363637,2.3181818181818183
22,37,2.772727272727273,5,3.3,1.8333333333333333
27,99,3.5555555555555554,6,5.5,3.8260869565217392
23,40,3.3043478260869565,6,6.166666666666667,1.85
26,93,3.076923076923077,5,4.666666666666667,3.8181818181818183
28,54,2.607142857142857,4,6.25,2.0833333333333335
18,31,1.5555555555555556,3,2.5,2.142857142857143
23,68,3.5217391304347827,6,4.846153846153846,3.15
17,30,1.4705882352941178,3,2.3333333333333335,2.3333333333333335
24,59,2.6666666666666665,4,4.666666666666667,2.6666666666666665
19,47,2.6842105263157894,6,4.444444444444445,2.6666666666666665
21,39,2.9047619047619047,6,3.1818181818181817,2.0588235294117645
21,36,3.3333333333333335,6,5.5,1.8333333333333333
25,83,3.44,6,4.928571428571429,3.2857142857142856
23,79,4.217391304347826,8,3.5294117647058822,3.1578947368421053
27,53,3.074074074074074,6,4.083333333333333,2.130434782608696
24,69,3.125,5,5.0,2.5
27,88,3.4814814814814814,6,5.857142857142857,3.5652173913043477
23,44,2.0869565217391304,4,3.857142857142857,1.9285714285714286
23,28,1.608695652173913,3,6.5,1.3
19,49,3.0,6,3.8333333333333335,2.875
28,151,4.214285714285714,8,6.2272727272727275,5.708333333333333
19,60,3.1052631578947367,6,4.818181818181818,3.3125
20,48,2.45,4,4.857142857142857,2.2666666666666666
18,39,2.2777777777777777,4,3.272727272727273,2.4
19,60,3.3157894736842106,7,3.857142857142857,3.375
20,59,2.9,6,4.636363636363637,3.0
20,59,2.75,5,4.818181818181818,3.1176470588235294
20,57,3.5,7,4.818181818181818,3.1176470588235294
27,160,4.0,8,6.16,6.695652173913044
22,30,3.0,5,4.5,1.4210526315789473
25,102,3.76,7,5.388888888888889,4.619047619047619
21,68,3.857142857142857,8,3.176470588235294,3.176470588235294
25,38,2.84,5,3.4,1.619047619047619
22,54,2.409090909090909,5,4.5,2.4
22,38,3.409090909090909,6,5.833333333333333,1.8421052631578947
24,77,3.375,6,4.571428571428571,3.2
25,92,4.12,8,3.8947368421052633,3.5238095238095237
28,108,3.4285714285714284,7,4.95,4.125
13,20,1.6923076923076923,4,2.25,1.8
25,79,3.32,7,5.214285714285714,3.4761904761904763
22,37,2.6818181818181817,5,6.25,1.6666666666666667
19,47,2.6315789473684212,5,3.3076923076923075,2.6875
27,71,3.2962962962962963,5,5.076923076923077,2.75
18,29,1.5555555555555556,2,8.0,1.6
26,73,3.423076923076923,6,3.75,2.727272727272727
23,64,2.9130434782608696,5,4.214285714285714,3.1052631578947367
13,21,1.9230769230769231,4,2.5,1.6666666666666667
21,53,2.9523809523809526,5,3.230769230769231,2.625
22,64,3.227272727272727,5,4.461538461538462,3.0526315789473686
22,37,3.3181818181818183,6,5.5,1.8333333333333333
25,67,2.72,4,5.636363636363637,2.8181818181818183
12,19,1.75,4,2.25,1.8
23,39,3.3043478260869565,6,5.833333333333333,1.8421052631578947
14,29,3.4285714285714284,6,2.8333333333333335,1.5454545454545454
27,63,3.1481481481481484,5,5.8,2.5217391304347827
16,20,1.4375,2,4.0,1.1428571428571428
22,34,2.8181818181818183,5,3.0,1.6666666666666667
27,92,3.5555555555555554,6,5.666666666666667,2.9565217391304346
23,39,3.3043478260869565,6,5.833333333333333,1.8421052631578947
24,87,3.4583333333333335,6,4.733333333333333,3.55
25,62,3.16,5,4.666666666666667,2.5454545454545454
19,31,1.263157894736842,2,3.25,2.6
17,38,2.823529411764706,7,2.7,2.076923076923077
24,67,3.0833333333333335,6,4.769230769230769,3.1
22,55,2.5,5,4.375,2.5
20,33,1.55,2,7.0,1.2727272727272727
23,39,3.3043478260869565,6,5.833333333333333,1.8421052631578947
27,104,3.7037037037037037,7,5.0,3.6956521739130435
29,100,3.0344827586206895,6,4.947368421052632,3.76
26,63,2.3076923076923075,4,4.875,2.6
19,49,2.5789473684210527,5,3.3333333333333335,2.3076923076923075
23,39,3.3043478260869565,6,5.833333333333333,1.8421052631578947
24,86,3.375,6,4.6,3.45
25,84,4.08,8,3.75,2.857142857142857
27,51,3.074074074074074,6,3.8333333333333335,2.0
22,32,2.9545454545454546,5,4.0,1.5555555555555556
26,78,2.5,5,3.6666666666666665,2.75
27,51,2.888888888888889,5,3.5384615384615383,2.0
23,42,1.7391304347826086,3,4.75,1.7272727272727273
23,41,3.0,6,3.0,1.894736842105263
22,67,2.8636363636363638,5,4.6923076923076925,3.388888888888889
23,69,3.130434782608696,6,4.066666666666666,3.05
23,61,2.5217391304347827,4,4.666666666666667,2.9473684210526314
21,52,2.380952380952381,5,4.0,2.4615384615384617
20,30,1.45,2,6.5,1.4444444444444444
23,39,3.3043478260869565,6,5.833333333333333,1.8421052631578947
19,30,1.736842105263158,2,5.0,1.0714285714285714
28,96,3.6785714285714284,7,5.0,3.75
23,62,2.782608695652174,5,4.6,2.5555555555555554
18,42,2.5,5,2.6666666666666665,2.0
23,40,2.9130434782608696,5,3.7777777777777777,1.7894736842105263
17,26,1.6470588235294117,3,3.6666666666666665,1.375
24,40,3.25,6,6.0,1.8
26,54,2.576923076923077,4,5.555555555555555,2.272727272727273
16,21,1.5,2,4.5,1.125
24,42,3.2916666666666665,6,6.166666666666667,1.85
25,57,3.04,5,5.666666666666667,2.4285714285714284
24,42,3.2916666666666665,6,6.166666666666667,1.85
27,96,2.7777777777777777,5,3.8,3.3043478260869565
25,40,2.8,4,4.375,1.6666666666666667
22,43,1.8181818181818181,3,5.25,1.9090909090909092
22,40,3.0,6,3.0,1.8333333333333333
22,63,2.909090909090909,5,4.666666666666667,3.111111111111111
22,56,3.3636363636363638,6,3.3076923076923075,2.388888888888889
15,21,1.5333333333333334,3,4.0,1.1428571428571428
23,87,3.260869565217391,6,5.0,4.2105263157894735
18,38,1.8333333333333333,4,2.2,2.2
22,37,3.3181818181818183,6,5.333333333333333,1.7777777777777777
15,35,3.8666666666666667,6,3.4285714285714284,1.8461538461538463
25,47,2.72,4,6.0,2.0
25,63,2.2,4,5.428571428571429,2.7142857142857144
26,88,3.5,7,4.625,3.3636363636363638
21,26,1.4761904761904763,3,3.0,1.2857142857142858
21,26,1.380952380952381,3,3.5,1.0
20,57,2.6,6,3.142857142857143,2.75
23,114,3.608695652173913,7,6.0,5.368421052631579
16,43,2.625,6,3.25,3.0
19,68,3.5789473684210527,7,4.538461538461538,3.6875
21,56,2.8095238095238093,5,4.7,2.764705882352941
22,108,3.6363636363636362,8,5.444444444444445,5.444444444444445
25,138,3.8,8,6.190476190476191,6.190476190476191
24,98,3.9166666666666665,8,5.6875,4.55
26,70,3.0,6,4.1875,2.9130434782608696
23,58,2.739130434782609,5,4.666666666666667,2.625
18,42,2.0,4,3.857142857142857,2.7
24,71,3.5,7,3.9411764705882355,3.1904761904761907
23,85,3.9130434782608696,8,6.166666666666667,3.8947368421052633
24,41,3.375,6,6.333333333333333,1.8095238095238095
19,36,1.8421052631578947,4,3.0,1.8
27,76,3.1481481481481484,5,5.538461538461538,3.0
23,78,3.0,6,3.7777777777777777,3.5789473684210527
23,37,2.8260869565217392,5,3.3,1.736842105263158
25,42,3.32,6,6.5,1.7727272727272727
26,100,3.730769230769231,7,4.611111111111111,3.772727272727273
27,47,2.888888888888889,5,3.5833333333333335,1.8695652173913044
19,35,1.6842105263157894,4,3.0,2.25
18,35,1.7777777777777777,4,3.0,2.25
22,38,3.3181818181818183,6,5.833333333333333,1.8421052631578947
27,75,3.0,5,5.461538461538462,2.9583333333333335
25,56,2.04,4,4.571428571428571,2.4615384615384617
26,86,3.4615384615384617,6,6.153846153846154,3.6363636363636362
25,40,2.4,5,6.25,1.5625
19,40,2.0526315789473686,4,5.6,2.5454545454545454
26,81,3.1538461538461537,5,5.923076923076923,3.347826086956522
17,29,1.4705882352941178,3,2.3333333333333335,2.3333333333333335
28,88,3.25,6,6.2727272727272725,3.1363636363636362
23,42,3.391304347826087,6,6.166666666666667,1.85
27,79,3.1481481481481484,6,3.6875,2.5652173913043477
26,72,3.0384615384615383,5,5.230769230769231,2.9565217391304346
13,21,1.6923076923076923,4,2.5,2.0
25,68,3.16,5,4.25,2.55
23,40,3.391304347826087,6,6.166666666666667,1.85
25,84,3.44,6,4.928571428571429,3.2857142857142856
25,44,2.68,4,5.0,1.9047619047619047
23,40,3.391304347826087,6,6.166666666666667,1.85
25,87,2.88,5,4.0588235294117645,3.2857142857142856
25,38,2.84,5,3.4,1.619047619047619
31,214,4.451612903225806,8,8.416666666666666,7.481481481481482
23,33,3.0,5,4.285714285714286,1.5
27,111,3.888888888888889,7,4.75,4.130434782608695
24,41,3.375,6,6.333333333333333,1.8095238095238095
26,58,3.230769230769231,5,4.5,2.347826086956522
24,85,3.1666666666666665,6,3.888888888888889,3.5
22,38,3.409090909090909,6,5.833333333333333,1.8421052631578947
25,90,2.88,5,4.294117647058823,3.4761904761904763
24,85,3.625,7,4.333333333333333,3.7142857142857144
22,38,3.409090909090909,6,5.833333333333333,1.8421052631578947
19,28,1.631578947368421,2,4.333333333333333,1.0833333333333333
29,92,3.586206896551724,6,5.4375,3.3461538461538463
25,71,2.92,5,4.333333333333333,2.6
20,47,2.45,4,3.111111111111111,2.0
22,35,2.8181818181818183,5,3.4444444444444446,1.7222222222222223
18,29,1.3333333333333333,2,2.4,2.0
27,114,4.037037037037037,8,5.666666666666667,4.434782608695652
13,19,1.6923076923076923,4,1.6,1.6
22,38,3.409090909090909,6,5.833333333333333,1.8421052631578947
25,79,3.68,7,3.6470588235294117,2.9523809523809526
27,51,2.962962962962963,6,3.9166666666666665,2.0434782608695654
23,64,2.9565217391304346,5,4.285714285714286,3.0
18,31,1.7222222222222223,3,2.8,1.5555555555555556
23,39,3.3043478260869565,6,5.833333333333333,1.8421052631578947
25,56,3.12,5,4.25,2.3181818181818183
26,54,1.9230769230769231,4,4.666666666666667,2.1538461538461537
22,49,1.8181818181818181,3,4.5,2.076923076923077
21,37,3.3333333333333335,6,5.666666666666667,1.8888888888888888
25,51,2.6,4,5.875,2.238095238095238
27,55,1.8888888888888888,4,4.666666666666667,2.1538461538461537
19,35,1.4736842105263157,3,2.6666666666666665,2.0
21,68,3.2857142857142856,6,3.8125,3.388888888888889
23,39,3.3043478260869565,6,5.833333333333333,1.8421052631578947
15,33,3.3333333333333335,6,2.857142857142857,1.8181818181818181
24,41,2.625,4,6.166666666666667,1.85
25,53,1.88,4,4.666666666666667,2.3333333333333335
31,222,4.451612903225806,8,8.333333333333334,7.407407407407407
23,33,2.9565217391304346,5,4.142857142857143,1.5263157894736843
27,113,3.8518518518518516,7,4.65,4.043478260869565
17,26,1.588235294117647,3,3.6666666666666665,1.2222222222222223
23,39,3.3043478260869565,6,5.833333333333333,1.8421052631578947
27,108,3.8518518518518516,7,4.7894736842105265,3.9565217391304346
25,42,3.28,6,6.333333333333333,1.8095238095238095
25,97,3.28,6,4.5,3.857142857142857
27,71,3.1481481481481484,5,5.5,2.869565217391304
21,70,3.2857142857142856,6,3.9375,3.5
23,39,3.3043478260869565,6,5.833333333333333,1.8421052631578947
23,75,3.8260869565217392,7,3.4444444444444446,3.263157894736842
28,77,3.4642857142857144,7,5.538461538461538,3.0
26,86,3.423076923076923,6,5.2,3.391304347826087
21,35,2.9047619047619047,6,3.0,1.7647058823529411
23,39,3.3043478260869565,6,5.833333333333333,1.8421052631578947
23,82,3.347826086956522,6,4.933333333333334,3.7
26,52,2.9615384615384617,6,5.333333333333333,2.1818181818181817
21,71,2.7142857142857144,5,4.923076923076923,3.764705882352941
18,29,1.7222222222222223,3,3.25,1.4444444444444444
23,39,3.3043478260869565,6,5.833333333333333,1.8421052631578947
26,84,2.730769230769231,5,3.611111111111111,2.9545454545454546
26,64,3.1538461538461537,5,6.555555555555555,2.6818181818181817
23,84,3.1739130434782608,6,4.277777777777778,4.052631578947368
19,35,1.5263157894736843,2,9.5,1.9
18,45,2.388888888888889,5,3.0,2.25
22,60,3.3636363636363638,6,4.083333333333333,2.7222222222222223
21,39,2.8095238095238093,5,3.3,1.9411764705882353
16,26,1.6875,3,3.6666666666666665,1.375
23,39,3.3043478260869565,6,5.833333333333333,1.8421052631578947
24,87,3.5,6,4.866666666666666,3.65
24,43,2.75,4,5.571428571428571,1.95
23,39,3.3043478260869565,6,5.833333333333333,1.8421052631578947
24,87,3.25,6,4.117647058823529,3.5
25,97,3.64,7,4.578947368421052,3.9545454545454546
24,41,3.2916666666666665,6,6.166666666666667,1.85
26,105,3.6923076923076925,7,4.842105263157895,4.181818181818182
28,109,3.357142857142857,6,6.117647058823529,4.333333333333333
16,23,1.5625,3,3.3333333333333335,1.25
22,42,2.8181818181818183,5,2.9166666666666665,1.9444444444444444
28,102,3.642857142857143,6,6.166666666666667,3.0833333333333335
22,31,3.0,5,4.5,1.5
27,124,3.8518518518518516,7,5.2,4.521739130434782
27,89,3.259259259259259,6,5.75,3.2857142857142856
19,54,2.1578947368421053,4,4.111111111111111,3.3636363636363638
18,43,2.111111111111111,4,3.0,2.7
23,42,3.3043478260869565,6,5.142857142857143,1.894736842105263
22,84,3.5,7,3.823529411764706,3.611111111111111
25,42,2.84,5,4.111111111111111,1.7619047619047619
25,76,3.56,6,5.071428571428571,3.380952380952381
26,92,3.6923076923076925,7,5.25,3.652173913043478
21,37,2.9047619047619047,6,2.8181818181818183,1.8235294117647058
21,37,3.380952380952381,6,4.714285714285714,1.9411764705882353
23,79,4.086956521739131,8,3.7222222222222223,3.526315789473684
26,51,3.0384615384615383,6,3.75,2.0454545454545454
17,34,1.9411764705882353,4,2.7142857142857144,1.9
25,75,3.24,6,4.8,3.272727272727273
21,70,3.9047619047619047,8,3.8,3.3529411764705883
25,75,2.84,6,4.176470588235294,3.227272727272727
27,97,3.4444444444444446,6,5.352941176470588,3.9565217391304346
24,41,3.375,6,6.333333333333333,1.8095238095238095
27,107,3.814814814814815,7,4.842105263157895,4.0
23,78,4.217391304347826,8,3.764705882352941,3.3684210526315788
27,86,3.5555555555555554,6,5.928571428571429,3.4583333333333335
24,69,3.0833333333333335,5,4.3076923076923075,2.9473684210526314
27,96,3.5555555555555554,6,5.25,3.652173913043478
24,41,3.375,6,6.333333333333333,1.8095238095238095
27,72,2.7777777777777777,4,5.3076923076923075,2.875
24,73,2.9166666666666665,5,5.363636363636363,3.2777777777777777
24,41,3.375,6,6.333333333333333,1.8095238095238095
26,76,2.3846153846153846,5,3.411764705882353,2.9
28,43,2.857142857142857,4,4.875,1.625
24,79,2.6666666666666665,5,4.176470588235294,3.380952380952381
25,70,3.2,6,5.153846153846154,3.0454545454545454
18,36,1.7777777777777777,4,2.7142857142857144,2.375
23,81,3.217391304347826,7,5.75,4.0588235294117645
12,20,1.75,4,2.0,2.0
23,40,3.3043478260869565,6,6.166666666666667,1.85
23,64,2.9565217391304346,5,3.923076923076923,2.6842105263157894
26,72,3.1923076923076925,5,5.230769230769231,2.9565217391304346
24,74,3.1666666666666665,5,4.0,3.0
22,35,2.8181818181818183,5,3.1,1.7222222222222223
27,102,3.5925925925925926,7,5.0588235294117645,3.739130434782609
22,39,3.3181818181818183,6,6.0,1.894736842105263
25,92,3.44,6,4.875,3.7142857142857144
25,61,3.24,5,4.75,2.590909090909091
28,76,2.892857142857143,5,4.5,3.0
17,33,1.4705882352941178,3,2.6666666666666665,2.6666666666666665
21,50,2.5714285714285716,5,3.8333333333333335,2.7058823529411766
18,31,1.7222222222222223,3,2.8,1.5555555555555556
27,91,3.5185185185185186,6,5.214285714285714,3.1739130434782608
23,40,3.391304347826087,6,6.166666666666667,1.85
19,34,1.631578947368421,3,3.0,1.6666666666666667
27,68,3.185185185185185,5,5.25,2.625
19,37,1.631578947368421,4,2.5714285714285716,2.25
19,38,1.5263157894736843,3,2.375,2.375
27,105,4.037037037037037,8,6.133333333333334,4.0
13,22,1.6923076923076923,4,2.2,2.2
26,71,3.423076923076923,6,3.8666666666666667,2.6363636363636362
22,38,3.409090909090909,6,5.833333333333333,1.8421052631578947
25,88,3.48,6,4.8,3.4285714285714284
25,85,4.08,8,3.588235294117647,2.9047619047619047
23,42,2.782608695652174,5,5.428571428571429,2.0
24,86,3.5,7,4.9375,3.95
22,38,3.409090909090909,6,5.833333333333333,1.8421052631578947
24,81,3.375,6,4.642857142857143,3.25
24,81,4.125,8,3.933333333333333,2.95
26,74,2.923076923076923,5,5.0,3.0434782608695654
12,18,1.6666666666666667,4,2.0,1.6
22,54,3.272727272727273,7,4.8,2.526315789473684
22,27,1.6818181818181819,3,6.5,1.3
22,29,1.6818181818181819,3,7.0,1.4
18,52,3.2222222222222223,7,3.6923076923076925,3.2
21,83,3.7142857142857144,8,4.333333333333333,4.333333333333333
21,68,2.5238095238095237,5,3.9166666666666665,2.764705882352941
21,77,3.5238095238095237,8,4.5,4.235294117647059
19,65,3.1578947368421053,7,3.857142857142857,3.375
20,48,2.85,5,4.111111111111111,2.176470588235294
20,48,2.95,5,4.090909090909091,2.6470588235294117
24,111,3.7083333333333335,8,5.368421052631579,5.1
21,64,3.4285714285714284,7,4.916666666666667,3.2777777777777777
27,179,4.0,8,6.72,7.304347826086956
21,29,3.0476190476190474,5,4.333333333333333,1.4444444444444444
20,29,3.1,5,4.8,1.411764705882353
25,99,3.76,7,5.222222222222222,4.476190476190476
27,71,3.1481481481481484,5,5.5,2.869565217391304
25,72,3.0,5,4.466666666666667,3.1904761904761907
17,29,1.4705882352941178,3,2.3333333333333335,2.3333333333333335
19,39,2.4210526315789473,5,3.888888888888889,2.3333333333333335
17,27,1.6470588235294117,3,3.0,1.5
31,243,4.451612903225806,8,8.11111111111111,8.11111111111111
22,30,2.9545454545454546,5,4.333333333333333,1.4444444444444444
25,96,3.0,6,4.8,3.272727272727273
24,47,2.875,6,5.375,2.15
21,69,3.142857142857143,6,4.428571428571429,3.6470588235294117
23,39,3.3043478260869565,6,5.833333333333333,1.8421052631578947
21,64,3.4285714285714284,7,4.333333333333333,3.25
28,81,3.0,5,5.428571428571429,3.1666666666666665
21,45,1.7619047619047619,3,4.333333333333333,2.1666666666666665
23,39,3.3043478260869565,6,5.833333333333333,1.8421052631578947
25,92,3.08,6,4.352941176470588,3.5238095238095237
22,35,2.9545454545454546,6,2.5833333333333335,1.7222222222222223
23,39,3.3043478260869565,6,5.833333333333333,1.8421052631578947
25,95,2.92,5,4.588235294117647,3.7142857142857144
27,73,3.1481481481481484,5,5.230769230769231,2.9565217391304346
17,34,1.9411764705882353,4,3.2857142857142856,2.090909090909091
21,38,2.9047619047619047,6,3.0,1.9411764705882353
23,39,3.3043478260869565,6,5.833333333333333,1.8421052631578947
26,95,3.1153846153846154,6,5.294117647058823,4.090909090909091
27,79,3.111111111111111,5,5.181818181818182,2.590909090909091
23,39,3.3043478260869565,6,5.833333333333333,1.8421052631578947
25,51,2.6,4,5.222222222222222,2.238095238095238
19,32,1.631578947368421,4,2.142857142857143,1.875
23,52,1.6956521739130435,3,5.166666666666667,2.5833333333333335
23,42,2.9130434782608696,6,3.3636363636363638,1.9473684210526316
18,29,1.6111111111111112,3,2.6,1.625
19,37,1.631578947368421,3,2.7142857142857144,2.111111111111111
22,76,3.409090909090909,6,4.0588235294117645,3.6315789473684212
23,39,3.3043478260869565,6,5.833333333333333,1.8421052631578947
26,58,3.0384615384615383,5,6.625,2.409090909090909
25,56,2.08,4,5.166666666666667,2.2142857142857144
22,55,1.9090909090909092,3,5.833333333333333,2.5
23,39,3.3043478260869565,6,5.833333333333333,1.8421052631578947
26,99,3.730769230769231,7,5.117647058823529,3.9545454545454546
28,54,3.0714285714285716,6,4.454545454545454,2.0416666666666665
20,42,1.85,4,3.4285714285714284,2.1818181818181817
19,41,1.894736842105263,4,3.2857142857142856,2.3
28,109,4.214285714285714,7,6.916666666666667,3.4583333333333335
21,29,3.0476190476190474,5,4.333333333333333,1.4444444444444444
27,111,4.037037037037037,7,5.2,4.333333333333333
22,43,1.8181818181818181,3,5.25,1.9090909090909092
23,43,1.7826086956521738,3,5.25,1.9090909090909092
23,56,2.869565217391304,6,4.333333333333333,2.736842105263158
17,31,1.8235294117647058,3,2.6666666666666665,1.7777777777777777
21,48,2.142857142857143,4,4.571428571428571,2.4615384615384617
24,75,3.5833333333333335,6,4.666666666666667,3.5
21,57,2.5714285714285716,5,4.5,2.5714285714285716
20,40,1.6,3,5.75,2.090909090909091
21,41,3.3333333333333335,6,3.875,1.8235294117647058
24,91,3.5,6,4.8125,3.85
26,52,2.769230769230769,4,6.0,2.1818181818181817
21,37,3.380952380952381,6,4.571428571428571,1.8823529411764706
24,92,3.5,6,4.875,3.9
21,71,4.333333333333333,8,3.3125,2.9444444444444446
26,82,3.576923076923077,6,4.388888888888889,3.4347826086956523
24,90,3.9166666666666665,8,4.625,3.7
25,62,3.0,5,5.363636363636363,2.6818181818181817
22,55,2.272727272727273,4,4.5,2.769230769230769
26,92,3.4615384615384617,6,5.25,3.8181818181818183
25,42,3.32,6,6.5,1.7727272727272727
15,30,2.533333333333333,5,2.5714285714285716,1.8
27,69,2.8518518518518516,5,6.0,2.75
18,32,1.6666666666666667,3,2.6666666666666665,2.0
23,67,3.3043478260869565,6,6.2,3.1
22,53,3.1363636363636362,6,5.428571428571429,2.111111111111111
20,42,2.7,5,5.4,1.8
18,36,1.8333333333333333,4,2.888888888888889,2.3636363636363638
28,51,3.0714285714285716,6,3.9166666666666665,1.9583333333333333
23,53,2.1739130434782608,4,4.857142857142857,2.2666666666666666
24,75,3.5416666666666665,6,5.384615384615385,3.3333333333333335
23,56,2.3043478260869565,4,5.142857142857143,2.5714285714285716
22,63,3.3181818181818183,6,3.857142857142857,3.0
32,221,4.5,8,7.962962962962963,7.678571428571429
21,41,3.238095238095238,5,4.875,2.0526315789473686
21,68,3.4285714285714284,7,4.428571428571429,3.4444444444444446
23,36,2.9130434782608696,6,2.909090909090909,1.6842105263157894
22,75,3.0454545454545454,6,5.7272727272727275,3.9375
12,20,2.0,4,2.5,1.6666666666666667
23,40,3.391304347826087,6,6.166666666666667,1.85
27,115,3.740740740740741,7,5.052631578947368,4.173913043478261
28,93,3.0714285714285716,5,5.235294117647059,3.56
24,59,2.4583333333333335,4,5.0,2.8125
20,52,2.6,5,3.090909090909091,2.4285714285714284
24,69,3.2083333333333335,5,5.076923076923077,3.142857142857143
24,54,2.1666666666666665,4,4.428571428571429,2.3846153846153846
27,98,3.5555555555555554,6,5.333333333333333,3.4782608695652173
22,38,3.409090909090909,6,5.833333333333333,1.8421052631578947
14,27,2.357142857142857,5,2.5,1.6666666666666667
27,74,2.8518518518518516,5,5.384615384615385,2.9166666666666665
18,31,1.6111111111111112,3,3.0,1.875
29,101,3.6206896551724137,6,7.0,3.08
25,42,3.24,6,6.333333333333333,1.8095238095238095
21,64,3.6666666666666665,7,4.230769230769231,3.0555555555555554
29,112,3.2413793103448274,6,5.3,4.24
26,70,3.0384615384615383,5,4.583333333333333,2.75
23,40,3.391304347826087,6,6.166666666666667,1.85
22,58,2.8181818181818183,5,3.8181818181818183,2.3333333333333335
27,48,2.7777777777777777,4,6.285714285714286,1.9130434782608696
23,63,3.0434782608695654,5,4.454545454545454,2.7222222222222223
22,38,3.409090909090909,6,5.833333333333333,1.8421052631578947
24,85,3.375,6,4.666666666666667,3.5
25,44,2.72,4,5.714285714285714,1.9047619047619047
23,40,3.391304347826087,6,6.166666666666667,1.85
20,61,3.6,8,4.333333333333333,3.25
25,44,2.88,6,3.3333333333333335,1.9047619047619047
21,37,3.3333333333333335,6,5.666666666666667,1.8888888888888888
15,32,3.3333333333333335,6,2.7142857142857144,1.7272727272727273
18,30,1.6111111111111112,3,5.333333333333333,1.6
26,46,2.769230769230769,4,6.0,1.9090909090909092
17,40,2.0588235294117645,4,3.2222222222222223,2.4166666666666665
22,35,2.8181818181818183,5,3.1,1.7222222222222223
22,64,2.727272727272727,5,3.5833333333333335,2.6875
23,39,3.3043478260869565,6,5.833333333333333,1.8421052631578947
27,109,3.7037037037037037,7,5.352941176470588,3.9565217391304346
29,82,2.9310344827586206,5,5.5,3.08
27,72,2.5555555555555554,5,4.363636363636363,2.6666666666666665
19,50,2.9473684210526314,5,3.2,2.1333333333333333
24,76,3.625,6,5.071428571428571,3.380952380952381
17,29,1.2941176470588236,2,3.0,2.4
25,73,3.4,7,5.333333333333333,3.0476190476190474
22,28,1.5909090909090908,3,6.0,1.3333333333333333
21,25,1.4761904761904763,3,5.0,1.25
19,52,2.6842105263157894,5,3.909090909090909,2.6875
23,118,3.739130434782609,8,5.473684210526316,5.473684210526316
19,53,3.0,6,5.0,2.5
16,37,2.5625,6,2.909090909090909,2.4615384615384617
19,62,3.210526315789474,7,4.153846153846154,3.375
20,46,2.85,5,4.0,2.1176470588235294
22,88,3.3636363636363638,7,5.466666666666667,4.555555555555555
24,112,3.7083333333333335,8,5.882352941176471,5.0
20,60,3.5,7,4.909090909090909,3.176470588235294
26,167,3.8846153846153846,8,6.5,7.090909090909091
21,29,3.0476190476190474,5,4.333333333333333,1.4444444444444444
25,83,3.64,7,5.2,3.7142857142857144
22,66,3.5,8,3.642857142857143,3.0
24,63,3.4583333333333335,6,4.461538461538462,2.9
22,57,2.8181818181818183,5,3.75,2.8125
23,39,3.3043478260869565,6,5.833333333333333,1.8421052631578947
28,95,3.5714285714285716,6,5.5,3.6666666666666665
16,21,1.5,3,3.0,1.2857142857142858
23,39,3.3043478260869565,6,5.833333333333333,1.8421052631578947
26,59,3.0384615384615383,5,6.0,2.4545454545454546
23,39,3.3043478260869565,6,5.833333333333333,1.8421052631578947
26,99,2.923076923076923,5,4.882352941176471,3.772727272727273
27,75,3.1481481481481484,5,5.384615384615385,3.0434782608695654
22,47,1.9090909090909092,4,5.0,2.272727272727273
23,39,3.3043478260869565,6,5.833333333333333,1.8421052631578947
19,56,3.8421052631578947,8,3.923076923076923,3.1875
23,56,2.391304347826087,5,2.642857142857143,2.466666666666667
24,71,2.7083333333333335,5,5.076923076923077,3.3
22,51,2.090909090909091,4,4.833333333333333,2.230769230769231
19,35,1.5263157894736843,2,9.5,1.9
23,39,3.3043478260869565,6,5.833333333333333,1.8421052631578947
23,74,4.043478260869565,8,3.5,2.9473684210526314
28,88,3.5,6,4.823529411764706,3.4166666666666665
25,79,2.76,5,4.230769230769231,3.0555555555555554
23,39,3.3043478260869565,6,5.833333333333333,1.8421052631578947
26,61,3.1538461538461537,5,5.090909090909091,2.5454545454545454
23,39,3.3043478260869565,6,5.833333333333333,1.8421052631578947
23,78,4.086956521739131,8,3.5555555555555554,3.3684210526315788
29,131,3.7586206896551726,7,5.809523809523809,4.88
24,52,2.0,4,4.666666666666667,2.1538461538461537
21,47,1.7619047619047619,3,4.0,2.3333333333333335
19,31,1.4736842105263157,3,2.0,2.0
22,35,2.8181818181818183,5,3.0,1.6666666666666667
20,47,2.0,4,3.75,2.3076923076923075
23,38,3.3043478260869565,6,5.666666666666667,1.7894736842105263
20,32,1.55,3,5.333333333333333,1.6
24,41,2.75,4,6.166666666666667,1.85
24,89,3.5,7,4.555555555555555,4.1
22,59,2.409090909090909,5,4.625,2.642857142857143
21,44,2.0952380952380953,4,3.5,2.0
23,39,3.3043478260869565,6,5.0,1.8421052631578947
25,51,2.6,4,5.222222222222222,2.238095238095238
19,40,2.210526315789474,4,2.875,2.090909090909091
23,40,3.3043478260869565,6,5.0,1.8421052631578947
24,92,3.5,6,4.6875,3.75
28,132,3.857142857142857,7,5.409090909090909,4.958333333333333
28,58,2.857142857142857,5,6.0,2.25
26,102,4.038461538461538,8,5.428571428571429,3.4545454545454546
22,39,3.3181818181818183,6,4.857142857142857,1.8888888888888888
24,88,3.4583333333333335,6,4.933333333333334,3.7
26,95,4.230769230769231,8,5.176470588235294,4.0
26,56,3.1538461538461537,6,4.818181818181818,2.3043478260869565
22,44,2.909090909090909,5,4.1,2.1578947368421053
26,43,3.3076923076923075,6,6.666666666666667,1.7391304347826086
26,105,3.730769230769231,7,4.4,4.0
28,88,2.9285714285714284,5,5.3125,3.4
24,66,2.7916666666666665,5,5.3,2.9444444444444446
21,56,2.5714285714285716,5,3.3636363636363638,2.466666666666667
24,41,3.375,6,6.333333333333333,1.8095238095238095
26,89,3.3076923076923075,5,4.875,3.5454545454545454
23,83,4.217391304347826,8,3.611111111111111,3.4210526315789473
26,65,2.8846153846153846,5,4.428571428571429,2.6956521739130435
12,19,1.75,4,2.25,1.8
23,40,3.3043478260869565,6,6.166666666666667,1.85
15,28,2.533333333333333,5,2.2857142857142856,1.6
27,90,3.3703703703703702,6,4.533333333333333,2.9565217391304346
27,71,2.925925925925926,5,5.666666666666667,2.8333333333333335
20,41,1.9,3,5.25,1.9090909090909092
17,40,2.176470588235294,4,3.2222222222222223,2.4166666666666665
21,41,3.238095238095238,5,4.875,2.0526315789473686
27,113,3.925925925925926,7,5.190476190476191,4.541666666666667
24,58,2.25,4,5.142857142857143,2.5714285714285716
19,42,2.210526315789474,4,3.5,2.0
22,38,3.3181818181818183,6,5.833333333333333,1.8421052631578947
24,81,2.8333333333333335,5,4.25,3.4
26,78,3.230769230769231,5,5.615384615384615,3.1739130434782608
17,39,2.1176470588235294,4,3.5,2.5454545454545454
22,35,2.772727272727273,5,3.1,1.7222222222222223
23,39,3.391304347826087,6,6.0,1.8
25,89,3.44,6,4.866666666666666,3.4761904761904763
25,93,4.2,8,3.9473684210526314,3.5714285714285716
23,77,3.260869565217391,6,4.117647058823529,3.5
24,41,3.375,6,6.333333333333333,1.8095238095238095
27,110,3.740740740740741,7,4.684210526315789,3.869565217391304
27,50,2.888888888888889,5,3.8333333333333335,2.0
28,98,3.607142857142857,6,6.642857142857143,3.72
19,34,1.631578947368421,3,6.333333333333333,1.7272727272727273
22,58,2.6363636363636362,5,3.857142857142857,3.0
22,52,2.1363636363636362,4,4.285714285714286,2.5
20,35,3.35,6,5.333333333333333,1.8823529411764706
25,68,2.32,4,2.9411764705882355,2.7777777777777777
24,68,2.9583333333333335,6,2.9411764705882355,2.7777777777777777
26,44,2.769230769230769,4,6.666666666666667,1.8181818181818181
19,34,1.631578947368421,3,6.333333333333333,1.7272727272727273
27,84,3.4814814814814814,6,6.0,3.391304347826087
21,34,1.6666666666666667,3,4.5,2.0
23,28,1.5217391304347827,3,6.0,1.3333333333333333
25,88,3.28,6,4.764705882352941,3.6818181818181817
24,125,3.7916666666666665,8,5.9,5.9
22,75,2.590909090909091,5,3.6,3.0
20,69,3.5,8,3.823529411764706,3.823529411764706
20,48,2.85,5,4.111111111111111,2.176470588235294
18,40,2.2777777777777777,4,3.272727272727273,2.4
20,67,3.6,8,4.2,3.7058823529411766
26,174,3.8846153846153846,8,6.833333333333333,7.454545454545454
22,30,3.0,5,4.5,1.4210526315789473
21,58,2.8095238095238093,5,4.0,2.888888888888889
25,45,3.0,6,3.4166666666666665,1.9523809523809523
13,20,1.6923076923076923,4,2.5,2.0
23,42,3.0434782608695654,6,3.3636363636363638,1.9473684210526316
22,36,3.0,6,2.909090909090909,1.7777777777777777
23,45,1.8695652173913044,3,5.5,1.8333333333333333
21,61,3.1904761904761907,6,3.3846153846153846,2.75
21,37,3.3333333333333335,6,5.666666666666667,1.8888888888888888
23,74,3.3043478260869565,6,4.785714285714286,3.35
25,47,2.92,6,6.142857142857143,2.0476190476190474
21,68,2.7142857142857144,5,4.6923076923076925,3.588235294117647
25,83,3.36,6,4.142857142857143,2.761904761904762
23,39,3.3043478260869565,6,5.833333333333333,1.8421052631578947
18,25,1.6111111111111112,3,3.6666666666666665,1.1
29,86,3.6206896551724137,7,5.0625,3.24
24,64,3.4583333333333335,6,4.166666666666667,2.5
18,50,2.9444444444444446,6,2.8333333333333335,2.4285714285714284
22,37,2.8181818181818183,5,3.5555555555555554,1.7777777777777777
17,26,1.6470588235294117,3,3.6666666666666665,1.375
24,72,3.2916666666666665,7,5.7272727272727275,3.15
22,28,1.5909090909090908,3,6.0,1.3333333333333333
21,27,1.619047619047619,3,6.0,1.3333333333333333
16,39,2.4375,5,3.4444444444444446,2.3846153846153846
23,62,2.1739130434782608,5,3.25,2.2941176470588234
21,80,3.7142857142857144,8,4.352941176470588,4.111111111111111
18,46,2.8333333333333335,6,3.5,2.8
16,39,2.5,5,3.6,2.769230769230769
19,62,2.8421052631578947,6,3.9285714285714284,3.4375
21,73,3.0476190476190474,6,3.8125,3.588235294117647
22,73,3.227272727272727,7,5.583333333333333,3.7222222222222223
27,196,3.962962962962963,8,7.04,7.6521739130434785
21,29,3.0476190476190474,5,4.333333333333333,1.4444444444444444
23,82,3.5652173913043477,7,4.866666666666666,3.65
25,42,3.0,6,3.0833333333333335,1.7619047619047619
23,59,2.4782608695652173,5,4.875,2.4375
22,43,1.8181818181818181,3,5.25,1.9090909090909092
21,31,2.761904761904762,5,2.888888888888889,1.5294117647058822
23,64,3.130434782608696,6,4.818181818181818,2.789473684210526
23,39,2.869565217391304,5,6.25,1.4705882352941178
23,80,4.086956521739131,8,3.8823529411764706,3.473684210526316
27,77,3.5925925925925926,7,5.071428571428571,3.0869565217391304
23,52,2.0434782608695654,4,4.833333333333333,2.230769230769231
19,34,1.5263157894736843,2,9.5,1.9
22,39,3.3181818181818183,6,5.5,1.8333333333333333
23,65,3.0,5,4.9,2.5789473684210527
23,45,2.6956521739130435,5,5.714285714285714,2.1052631578947367
22,58,3.0,5,3.8333333333333335,2.7058823529411766
22,37,3.3181818181818183,6,5.5,1.8333333333333333
25,45,2.64,4,5.125,1.9523809523809523
26,55,1.9230769230769231,4,4.833333333333333,2.230769230769231
23,39,3.3043478260869565,6,5.833333333333333,1.8421052631578947
24,91,3.375,6,4.75,3.8
24,91,3.4583333333333335,7,4.368421052631579,3.9523809523809526
23,39,3.3043478260869565,6,5.833333333333333,1.8421052631578947
23,40,1.434782608695652,2,10.0,2.0
28,81,3.2142857142857144,5,5.428571428571429,3.1666666666666665
18,29,1.4444444444444444,3,2.1666666666666665,2.1666666666666665
24,88,3.1666666666666665,6,4.4375,3.55
22,36,2.8181818181818183,5,3.1,1.7222222222222223
21,62,2.8095238095238093,6,3.8181818181818183,2.8
24,68,3.375,6,3.7333333333333334,2.8
13,17,1.4615384615384615,3,2.0,1.5
26,90,3.4615384615384617,6,5.357142857142857,3.409090909090909
21,25,1.380952380952381,3,3.5,1.1666666666666667
21,25,1.4285714285714286,3,4.0,1.1428571428571428
26,99,3.3846153846153846,6,5.411764705882353,4.181818181818182
26,146,3.923076923076923,8,5.909090909090909,5.909090909090909
22,86,2.909090909090909,6,3.823529411764706,3.611111111111111
23,100,3.0869565217391304,7,4.428571428571429,4.894736842105263
21,59,2.8095238095238093,5,4.454545454545454,2.8823529411764706
19,50,2.4210526315789473,5,3.9166666666666665,2.9375
21,79,3.0,7,4.294117647058823,4.294117647058823
26,95,4.230769230769231,8,5.176470588235294,4.0
27,78,3.5555555555555554,6,5.357142857142857,3.125
24,70,3.375,6,4.214285714285714,2.95
25,42,3.32,6,6.5,1.7727272727272727
26,59,2.6923076923076925,4,5.090909090909091,2.4347826086956523
13,20,1.6923076923076923,4,2.5,2.0
24,41,3.375,6,6.333333333333333,1.8095238095238095
27,65,3.1481481481481484,5,6.777777777777778,2.5416666666666665
20,43,1.7,4,3.5714285714285716,2.7777777777777777
19,40,1.6842105263157894,4,3.2857142857142856,2.875
23,40,3.3043478260869565,6,6.166666666666667,1.85
26,67,2.769230769230769,4,5.333333333333333,2.782608695652174
26,58,2.0,4,4.25,2.6153846153846154
24,41,3.375,6,6.333333333333333,1.8095238095238095
26,59,3.1538461538461537,5,6.111111111111111,2.391304347826087
20,38,1.55,3,4.0,2.5
19,33,1.368421052631579,3,2.3333333333333335,2.3333333333333335
25,82,3.4,7,6.333333333333333,3.619047619047619
22,38,1.6818181818181819,3,5.0,2.0
22,37,1.6818181818181819,3,5.0,2.0
17,38,1.7647058823529411,4,3.0,3.0
20,60,2.75,5,4.083333333333333,2.8823529411764706
22,94,3.5,8,5.0588235294117645,4.777777777777778
22,77,2.6818181818181817,5,4.0,3.111111111111111
20,80,3.35,7,4.222222222222222,4.470588235294118
16,37,2.6875,6,3.4,2.6153846153846154
19,56,3.526315789473684,7,4.076923076923077,3.3125
26,129,3.9615384615384617,8,5.636363636363637,5.636363636363637
20,53,3.4,7,4.454545454545454,2.8823529411764706
29,188,4.137931034482759,8,6.666666666666667,7.2
22,30,3.0,5,4.5,1.4210526315789473
25,81,3.08,6,4.8125,3.6666666666666665
21,63,3.9047619047619047,8,3.5714285714285716,2.9411764705882355
24,85,3.5416666666666665,7,4.529411764705882,3.6666666666666665
30,104,3.466666666666667,6,7.6,2.923076923076923
23,40,3.391304347826087,6,6.166666666666667,1.85
24,85,3.375,6,4.733333333333333,3.55
23,79,4.0,8,3.823529411764706,3.4210526315789473
25,72,3.44,7,4.466666666666667,3.0454545454545454
21,52,2.5238095238095237,5,4.1,2.9285714285714284
22,38,3.409090909090909,6,5.833333333333333,1.8421052631578947
26,86,2.8076923076923075,5,5.0625,3.5217391304347827
13,20,1.6923076923076923,4,2.25,1.8
22,38,3.409090909090909,6,5.833333333333333,1.8421052631578947
23,60,2.8260869565217392,5,3.5833333333333335,2.263157894736842
26,44,2.730769230769231,4,6.666666666666667,1.8181818181818181
24,66,3.4166666666666665,6,3.923076923076923,2.55
21,54,2.7142857142857144,5,2.8333333333333335,2.2666666666666666
24,74,3.0833333333333335,6,4.928571428571429,3.45
24,58,2.6666666666666665,5,4.5,2.25
20,31,1.45,2,7.0,1.5555555555555556
32,227,4.5,8,8.833333333333334,7.571428571428571
21,37,3.3333333333333335,6,5.666666666666667,1.8888888888888888
18,28,1.6111111111111112,3,3.0,1.2
28,53,2.8214285714285716,4,6.125,2.0416666666666665
18,32,1.7777777777777777,3,2.6666666666666665,1.7777777777777777
22,37,3.3181818181818183,6,5.5,1.8333333333333333
27,120,3.888888888888889,7,5.0,4.3478260869565215
24,41,3.3333333333333335,6,6.166666666666667,1.85
25,85,3.4,6,4.533333333333333,3.238095238095238
25,38,2.84,5,3.7777777777777777,1.619047619047619
19,32,1.3157894736842106,2,3.25,2.1666666666666665
19,31,1.263157894736842,2,3.0,2.4
21,37,3.3333333333333335,6,5.666666666666667,1.8888888888888888
23,73,3.3043478260869565,6,4.714285714285714,3.3
26,52,2.9615384615384617,6,5.333333333333333,2.1818181818181817
21,71,2.7142857142857144,5,4.923076923076923,3.764705882352941
25,77,3.36,6,4.333333333333333,2.4761904761904763
23,39,3.3043478260869565,6,5.833333333333333,1.8421052631578947
17,24,1.588235294117647,3,3.6666666666666665,1.2222222222222223
29,83,3.586206896551724,7,5.2,3.12
24,67,3.4583333333333335,6,4.333333333333333,2.6
20,56,3.05,6,3.3636363636363638,2.3125
22,37,2.8181818181818183,5,3.2,1.7777777777777777
17,27,1.6470588235294117,3,3.6666666666666665,1.375
29,103,4.172413793103448,7,6.909090909090909,3.04
21,30,3.0476190476190474,5,3.857142857142857,1.5
27,118,3.888888888888889,7,5.052631578947368,4.173913043478261
25,42,3.28,6,6.333333333333333,1.8095238095238095
26,59,3.1538461538461537,5,5.4,2.4545454545454546
25,93,3.32,6,3.75,3.5714285714285716
23,39,3.3043478260869565,6,5.833333333333333,1.8421052631578947
25,53,3.04,5,6.0,2.2857142857142856
13,21,1.6923076923076923,4,2.5,2.0
23,39,3.3043478260869565,6,5.833333333333333,1.8421052631578947
20,32,1.55,3,5.333333333333333,1.6
25,37,2.8,4,3.6666666666666665,1.5714285714285714
19,28,1.368421052631579,3,2.75,1.8333333333333333
22,39,2.8636363636363638,6,3.090909090909091,1.8888888888888888
23,77,3.130434782608696,6,3.8125,3.210526315789474
20,33,1.55,2,8.5,1.5454545454545454
26,72,3.423076923076923,6,3.3529411764705883,2.590909090909091
23,41,2.652173913043478,4,6.166666666666667,1.9473684210526316
17,27,1.6470588235294117,3,3.0,1.5
22,72,3.409090909090909,6,3.823529411764706,3.4210526315789473
23,38,3.3043478260869565,6,5.666666666666667,1.7894736842105263
26,58,3.0384615384615383,5,6.625,2.409090909090909
13,21,1.6923076923076923,4,2.5,2.0
24,41,3.2916666666666665,6,6.166666666666667,1.85
15,38,3.7333333333333334,6,3.375,2.076923076923077
23,79,4.0,8,3.411764705882353,3.0526315789473686
27,57,3.074074074074074,6,4.0,2.260869565217391
24,41,3.2916666666666665,6,6.166666666666667,1.85
20,37,1.7,3,5.25,1.9090909090909092
21,61,3.3333333333333335,6,3.3846153846153846,2.4444444444444446
25,43,2.8,4,6.5,1.8571428571428572
23,88,3.6956521739130435,7,5.0625,4.2631578947368425
21,44,1.8095238095238095,3,4.166666666666667,2.0833333333333335
23,67,3.9565217391304346,7,5.333333333333333,3.2
25,95,3.2,6,4.277777777777778,3.6666666666666665
22,67,2.909090909090909,5,4.285714285714286,3.3333333333333335
22,58,2.409090909090909,5,4.5,2.5714285714285716
20,43,2.15,4,3.857142857142857,2.076923076923077
21,40,2.8095238095238093,5,3.0,1.9411764705882353
20,44,2.2,4,3.625,2.0714285714285716
29,97,3.3448275862068964,6,6.8,2.72
21,31,3.0952380952380953,5,4.5,1.5
29,130,4.413793103448276,8,5.761904761904762,4.653846153846154
25,66,2.4,4,5.857142857142857,2.5625
21,52,2.1904761904761907,4,5.428571428571429,2.923076923076923
23,41,3.3043478260869565,6,5.142857142857143,1.894736842105263
26,107,3.730769230769231,7,4.9,4.454545454545454
22,69,3.8636363636363638,8,3.8,3.1666666666666665
28,55,3.107142857142857,6,4.166666666666667,2.0833333333333335
19,44,2.263157894736842,4,3.0,2.4545454545454546
24,44,3.0416666666666665,6,3.5454545454545454,1.95
22,39,3.3181818181818183,6,4.857142857142857,1.8888888888888888
25,89,3.4,6,5.285714285714286,3.5238095238095237
23,49,3.0434782608695654,6,4.181818181818182,2.3
18,39,2.111111111111111,4,2.875,2.3
30,169,4.366666666666666,8,7.173913043478261,6.346153846153846
20,39,3.6,6,4.111111111111111,2.0555555555555554
24,78,3.375,6,4.125,3.142857142857143
24,62,2.625,5,3.8666666666666667,2.9
27,90,3.3333333333333335,6,4.923076923076923,2.909090909090909
25,42,3.32,6,6.5,1.7727272727272727
27,73,2.7777777777777777,4,5.384615384615385,2.9166666666666665
12,19,1.75,4,2.25,1.8
24,41,3.375,6,6.333333333333333,1.8095238095238095
25,83,3.4,6,5.071428571428571,3.380952380952381
24,90,4.166666666666667,8,4.176470588235294,3.55
26,46,3.0384615384615383,6,3.5,1.9090909090909092
23,40,3.3043478260869565,6,6.166666666666667,1.85
25,69,2.44,5,3.5714285714285716,2.6315789473684212
25,68,3.16,5,5.818181818181818,2.909090909090909
23,73,3.217391304347826,6,4.0,3.4
24,41,3.375,6,6.333333333333333,1.8095238095238095
27,110,3.740740740740741,7,5.111111111111111,4.0
27,48,2.888888888888889,5,3.6666666666666665,1.9130434782608696
24,41,3.375,6,6.333333333333333,1.8095238095238095
26,69,3.076923076923077,6,3.769230769230769,2.3333333333333335
25,45,2.72,4,6.833333333333333,1.9523809523809523
22,55,2.1818181818181817,4,4.714285714285714,2.5384615384615383
19,34,1.5263157894736843,2,9.0,1.8
22,38,3.409090909090909,6,5.833333333333333,1.8421052631578947
25,79,3.84,7,3.8125,2.9047619047619047
28,79,3.2857142857142856,5,5.357142857142857,3.0
26,82,2.8076923076923075,5,4.625,3.217391304347826
21,35,2.9047619047619047,6,2.8181818181818183,1.8235294117647058
22,38,3.409090909090909,6,5.833333333333333,1.8421052631578947
26,63,2.5384615384615383,5,2.8,2.1
26,48,2.769230769230769,4,6.285714285714286,2.0
21,46,2.5714285714285716,5,4.666666666666667,2.4705882352941178
17,40,2.823529411764706,7,3.0,2.3076923076923075
21,34,2.761904761904762,5,3.0,1.7647058823529411
19,33,1.736842105263158,3,3.6,1.8
22,38,3.409090909090909,6,5.833333333333333,1.8421052631578947
19,32,1.736842105263158,2,5.0,1.0714285714285714
29,52,2.8620689655172415,4,6.857142857142857,1.92
17,28,1.7647058823529411,3,3.25,1.4444444444444444
32,235,4.5,8,8.8,7.857142857142857
20,38,3.3,5,4.5,2.0
27,112,3.888888888888889,7,5.277777777777778,4.130434782608695
23,39,3.391304347826087,6,6.0,1.8
27,63,3.2222222222222223,5,4.461538461538462,2.4166666666666665
24,85,3.1666666666666665,6,3.8333333333333335,3.45
23,40,3.391304347826087,6,6.166666666666667,1.85
23,70,3.0434782608695654,5,4.5,3.15
23,44,2.6956521739130435,5,4.444444444444445,2.1052631578947367
21,67,2.619047619047619,5,4.615384615384615,3.5294117647058822
17,27,1.7647058823529411,3,4.0,1.3333333333333333
22,38,3.409090909090909,6,5.833333333333333,1.8421052631578947
22,56,2.772727272727273,4,4.0,2.2222222222222223
26,40,2.8076923076923075,4,4.5,1.6363636363636365
26,69,2.923076923076923,5,4.571428571428571,2.909090909090909
19,32,1.5263157894736843,2,7.0,1.4
18,40,2.3333333333333335,5,2.75,2.0
20,44,2.5,5,5.142857142857143,2.25
22,52,2.6818181818181817,5,4.0,2.6666666666666665
22,79,3.3636363636363638,7,5.142857142857143,4.0
17,28,1.4705882352941178,2,3.0,1.5
26,86,3.5384615384615383,6,5.818181818181818,2.909090909090909
23,39,3.3043478260869565,6,5.833333333333333,1.8421052631578947
26,59,3.0384615384615383,5,5.4,2.4545454545454546
26,57,2.0384615384615383,4,5.166666666666667,2.2142857142857144
23,54,1.9130434782608696,3,5.166666666666667,2.2142857142857144
23,39,3.3043478260869565,6,5.833333333333333,1.8421052631578947
26,106,3.730769230769231,7,4.944444444444445,4.045454545454546
29,74,3.1724137931034484,5,5.75,2.76
12,19,1.75,4,2.25,1.8
23,39,3.3043478260869565,6,5.833333333333333,1.8421052631578947
14,26,2.5,5,3.0,1.875
29,117,3.4827586206896552,7,5.7894736842105265,4.4
23,71,2.9130434782608696,5,5.0,3.4210526315789473
23,62,3.391304347826087,6,3.5384615384615383,2.4210526315789473
22,52,2.590909090909091,5,4.363636363636363,2.6666666666666665
17,28,1.6470588235294117,3,3.0,1.5
23,38,3.3043478260869565,6,5.666666666666667,1.7894736842105263
19,31,1.6842105263157894,2,4.666666666666667,1.0769230769230769
30,99,3.1666666666666665,5,6.266666666666667,3.6153846153846154
17,27,1.7647058823529411,3,4.0,1.3333333333333333
13,21,1.9230769230769231,4,2.5,1.6666666666666667
27,78,3.2222222222222223,5,3.8666666666666667,2.6363636363636362
27,83,3.4074074074074074,6,6.7272727272727275,3.217391304347826
21,25,1.5238095238095237,3,5.0,1.25
20,25,1.45,3,4.5,1.2857142857142858
26,104,4.076923076923077,8,5.705882352941177,4.409090909090909
23,68,2.0,4,4.090909090909091,2.8125
20,79,3.5,7,4.625,4.352941176470588
19,51,2.8421052631578947,5,4.875,2.4375
23,106,3.6956521739130435,8,5.388888888888889,5.105263157894737
19,60,3.3684210526315788,7,4.5,3.375
26,174,3.8461538461538463,8,6.625,7.2272727272727275
21,29,3.0476190476190474,5,4.333333333333333,1.4444444444444444
26,109,4.0,7,5.473684210526316,4.521739130434782
24,52,2.0833333333333335,4,4.666666666666667,2.0
22,51,1.9545454545454546,3,6.8,2.4285714285714284
24,41,3.2916666666666665,6,6.166666666666667,1.85
27,113,3.888888888888889,7,4.95,4.304347826086956
24,42,3.2916666666666665,6,6.166666666666667,1.85
26,59,3.1538461538461537,5,5.4,2.4545454545454546
25,95,3.24,6,4.5,3.857142857142857
22,38,3.227272727272727,6,5.666666666666667,1.8888888888888888
26,52,2.576923076923077,4,6.0,2.1818181818181817
25,51,1.96,4,4.333333333333333,2.0
23,40,3.0434782608695654,6,3.1818181818181817,1.8421052631578947
23,39,3.3043478260869565,6,5.833333333333333,1.8421052631578947
24,83,3.375,6,4.666666666666667,3.5
24,81,4.125,8,3.7058823529411766,3.15
25,73,3.44,7,4.533333333333333,3.238095238095238
23,61,3.0434782608695654,5,3.9166666666666665,2.611111111111111
23,39,3.3043478260869565,6,5.833333333333333,1.8421052631578947
27,82,3.4074074074074074,6,3.5294117647058822,2.608695652173913
23,41,2.608695652173913,4,7.4,1.9473684210526316
26,86,3.423076923076923,6,5.571428571428571,3.391304347826087
20,35,2.9,6,2.9,1.8125
23,40,3.3043478260869565,6,5.142857142857143,1.894736842105263
22,64,3.1818181818181817,6,3.5294117647058822,3.1578947368421053
27,90,3.4444444444444446,6,5.25,3.652173913043478
24,76,3.4166666666666665,6,4.733333333333333,3.55
23,57,2.1739130434782608,4,4.857142857142857,2.6153846153846154
23,45,1.8695652173913044,3,5.2,2.1666666666666665
23,72,3.3043478260869565,6,4.4,3.473684210526316
21,38,3.3333333333333335,6,4.571428571428571,1.8823529411764706
25,105,3.8,7,4.944444444444445,4.238095238095238
26,47,2.769230769230769,4,6.833333333333333,1.8636363636363635
26,82,3.576923076923077,6,4.388888888888889,3.4347826086956523
24,90,3.9166666666666665,8,4.625,3.7
23,46,2.6956521739130435,4,6.142857142857143,2.15
22,71,2.8636363636363638,6,4.0,3.5555555555555554
23,39,3.260869565217391,6,6.0,1.8
26,91,3.423076923076923,6,5.125,3.727272727272727
27,72,3.2222222222222223,5,6.2727272727272725,2.875
17,36,1.8235294117647058,4,4.333333333333333,2.888888888888889
23,38,2.8260869565217392,5,3.4,1.7894736842105263
13,19,1.5384615384615385,3,2.0,1.6
26,71,3.423076923076923,6,4.066666666666666,2.772727272727273
24,41,3.375,6,6.333333333333333,1.8095238095238095
21,36,1.7619047619047619,3,4.25,1.1333333333333333
22,67,3.409090909090909,6,3.2,2.6666666666666665
28,55,2.8214285714285716,4,6.375,2.125
24,75,3.1666666666666665,5,4.583333333333333,2.75
24,41,3.375,6,6.333333333333333,1.8095238095238095
24,80,2.8333333333333335,5,4.266666666666667,3.2
27,49,3.0,6,3.75,1.9565217391304348
27,90,3.4814814814814814,6,6.0,3.652173913043478
25,42,2.6,5,7.0,1.6470588235294117
24,69,3.7083333333333335,7,5.416666666666667,3.0952380952380953
23,73,4.217391304347826,8,4.0,3.1578947368421053
28,55,3.142857142857143,6,4.25,2.125
24,54,2.0416666666666665,4,5.0,2.3076923076923075
24,46,3.375,6,6.333333333333333,1.8095238095238095
25,88,3.44,6,4.933333333333334,3.5238095238095237
24,90,4.166666666666667,8,3.888888888888889,3.5
24,46,2.75,5,6.0,2.1
23,78,3.4347826086956523,7,4.4375,3.736842105263158
23,39,3.391304347826087,6,6.0,1.8
20,36,1.85,4,3.2,1.6
26,66,3.1923076923076925,5,5.083333333333333,2.652173913043478
23,74,3.130434782608696,6,4.384615384615385,3.0
21,32,2.761904761904762,5,3.111111111111111,1.6470588235294117
13,16,1.3076923076923077,3,1.6666666666666667,1.6666666666666667
25,71,3.4,6,3.625,2.761904761904762
24,39,3.25,6,5.833333333333333,1.75
19,31,1.6842105263157894,2,4.666666666666667,1.0769230769230769
28,91,3.107142857142857,5,5.375,3.44
18,31,1.7222222222222223,3,3.0,1.6666666666666667
13,20,1.6153846153846154,4,2.25,1.8
26,76,3.1923076923076925,5,4.071428571428571,2.7142857142857144
29,105,4.137931034482759,7,6.833333333333333,3.28
23,32,2.9130434782608696,5,4.0,1.4736842105263157
25,96,3.76,7,5.352941176470588,4.333333333333333
23,82,4.0,8,3.9375,3.3157894736842106
24,44,2.75,5,5.0,2.0
25,95,3.28,7,5.117647058823529,4.142857142857143
22,38,3.409090909090909,6,5.833333333333333,1.8421052631578947
15,36,3.8,6,3.4285714285714284,1.8461538461538463
26,81,3.3461538461538463,6,3.6875,2.6818181818181817
21,31,1.3333333333333333,2,2.75,1.5714285714285714
26,43,2.769230769230769,4,6.5,1.7727272727272727
17,37,2.0,4,3.25,2.3636363636363638
22,35,2.8181818181818183,5,3.1,1.7222222222222223
18,34,1.7777777777777777,3,4.0,1.6
13,17,1.3846153846153846,3,1.5,1.5
24,65,3.375,6,3.7142857142857144,2.6
23,39,3.3043478260869565,6,5.833333333333333,1.8421052631578947
24,81,3.0416666666666665,6,4.0,3.2
25,45,2.92,6,3.4166666666666665,1.9523809523809523
23,39,3.3043478260869565,6,5.833333333333333,1.8421052631578947
25,56,3.12,5,4.636363636363637,2.3181818181818183
26,51,1.7692307692307692,4,5.0,2.272727272727273
22,49,1.8181818181818181,3,4.5,2.076923076923077
22,37,3.409090909090909,6,5.666666666666667,1.7894736842105263
24,80,2.9166666666666665,5,4.2,3.15
25,67,3.24,5,5.166666666666667,2.8181818181818183
21,37,1.6666666666666667,3,3.6,1.6363636363636365
22,37,2.8181818181818183,5,3.3,1.8333333333333333
13,17,1.3846153846153846,3,2.0,1.5
23,66,3.347826086956522,6,3.7857142857142856,2.789473684210526
23,38,3.3043478260869565,6,5.666666666666667,1.7894736842105263
24,80,2.9166666666666665,5,4.2,3.15
28,107,3.5,7,5.157894736842105,4.083333333333333
22,39,1.8181818181818181,3,4.25,1.5454545454545454
19,46,2.473684210526316,5,2.7,2.076923076923077
23,38,3.3043478260869565,6,5.666666666666667,1.7894736842105263
25,48,2.68,4,5.5,2.0952380952380953
16,22,1.4375,2,4.0,1.1428571428571428
23,39,3.3043478260869565,6,5.833333333333333,1.8421052631578947
25,88,2.92,5,4.4375,3.380952380952381
25,44,2.96,6,3.3333333333333335,1.9047619047619047
29,89,3.2413793103448274,6,6.0,2.4
23,39,3.3043478260869565,6,5.833333333333333,1.8421052631578947
26,101,3.730769230769231,7,5.235294117647059,4.045454545454546
27,52,2.814814814814815,5,6.857142857142857,2.0869565217391304
30,127,3.9,7,5.173913043478261,4.576923076923077
18,35,1.7222222222222223,4,2.7142857142857144,2.375
21,43,1.9047619047619047,3,5.0,1.9230769230769231
13,20,1.6923076923076923,4,2.25,1.8
25,71,3.4,6,3.8,2.7142857142857144
23,39,3.3043478260869565,6,5.833333333333333,1.8421052631578947
20,38,1.6,3,4.2,1.9090909090909092
26,86,2.9615384615384617,5,4.764705882352941,3.6818181818181817
25,86,3.52,7,4.8125,3.5
21,34,2.8095238095238093,5,2.9,1.7058823529411764
23,39,3.3043478260869565,6,5.833333333333333,1.8421052631578947
25,91,3.24,6,4.352941176470588,3.5238095238095237
27,52,3.074074074074074,6,3.6153846153846154,2.0434782608695654
22,33,3.0,5,4.833333333333333,1.6111111111111112
25,84,3.64,7,5.266666666666667,3.761904761904762
27,74,3.2962962962962963,6,5.75,3.0
27,73,3.111111111111111,5,5.181818181818182,2.590909090909091
26,49,3.076923076923077,6,4.0,2.0
17,24,1.411764705882353,3,3.0,1.5
24,41,3.2916666666666665,6,6.166666666666667,1.85
26,105,3.730769230769231,7,4.8,4.363636363636363
28,107,2.9285714285714284,5,6.0,4.25
26,69,2.5,5,4.7,2.764705882352941
20,61,3.15,6,3.0714285714285716,2.6875
23,38,3.3043478260869565,6,5.666666666666667,1.7894736842105263
20,58,3.9,8,4.0,3.0588235294117645
25,42,2.84,5,3.7,1.7619047619047619
20,37,1.7,4,2.375,2.375
19,35,1.6842105263157894,4,2.25,2.25
22,70,3.409090909090909,6,4.5,3.5
21,39,2.9047619047619047,6,2.8333333333333335,2.0
13,18,1.5384615384615385,3,1.75,1.4
23,39,3.3043478260869565,6,5.0,1.8421052631578947
26,97,3.3076923076923075,6,6.133333333333334,4.181818181818182
25,64,2.28,4,5.571428571428571,2.6
27,110,3.925925925925926,7,5.5625,3.869565217391304
26,79,3.423076923076923,6,3.7058823529411766,2.8636363636363638
30,116,4.266666666666667,7,6.615384615384615,3.3076923076923075
23,41,3.3043478260869565,6,5.142857142857143,1.894736842105263
25,59,3.04,5,5.777777777777778,2.4761904761904763
22,41,3.409090909090909,6,5.428571428571429,2.0
25,76,3.2,5,4.125,3.142857142857143
25,48,2.8,4,7.5,2.0454545454545454
24,73,3.375,6,4.428571428571429,3.1
26,101,3.4615384615384617,6,5.9375,4.318181818181818
22,43,3.1363636363636362,5,5.0,2.1052631578947367
25,99,3.64,7,4.947368421052632,4.476190476190476
23,78,4.217391304347826,8,3.875,3.263157894736842
26,49,3.0384615384615383,6,3.75,2.0454545454545454
18,31,1.5555555555555556,3,2.5,2.142857142857143
24,37,2.8333333333333335,5,3.3,1.65
16,23,1.5625,3,3.0,1.2857142857142858
22,46,2.5454545454545454,4,6.0,2.3333333333333335
18,32,1.7777777777777777,3,2.6666666666666665,1.7777777777777777
22,36,2.8181818181818183,5,3.5555555555555554,1.7777777777777777
25,42,3.32,6,6.5,1.7727272727272727
26,62,3.1538461538461537,5,5.8,2.5217391304347827
24,41,3.375,6,6.333333333333333,1.8095238095238095
24,84,4.125,8,4.0588235294117645,3.45
27,58,3.185185185185185,6,4.583333333333333,2.2916666666666665
25,80,3.68,7,5.066666666666666,3.4545454545454546
17,29,1.3529411764705883,3,2.8,2.8
20,51,2.85,5,3.3333333333333335,2.6666666666666665
20,53,2.85,5,2.75,2.2
22,38,3.409090909090909,6,5.833333333333333,1.8421052631578947
25,84,3.4,6,4.928571428571429,3.2857142857142856
26,45,2.730769230769231,4,6.833333333333333,1.8636363636363635
24,41,3.375,6,6.333333333333333,1.8095238095238095
26,62,3.1538461538461537,5,5.2727272727272725,2.5217391304347827
18,32,1.3888888888888888,3,2.5,2.5
18,30,1.3888888888888888,3,2.4,2.0
22,38,3.409090909090909,6,5.833333333333333,1.8421052631578947
25,87,3.4,6,4.928571428571429,3.2857142857142856
26,90,4.115384615384615,8,4.1875,3.0454545454545454
24,73,3.4583333333333335,7,4.857142857142857,3.238095238095238
23,56,2.5217391304347827,5,4.2,2.8
22,38,3.409090909090909,6,5.833333333333333,1.8421052631578947
14,27,2.357142857142857,5,2.5,1.6666666666666667
25,84,3.52,7,3.388888888888889,3.05
24,41,2.7083333333333335,5,6.166666666666667,1.85
23,55,2.5217391304347827,5,4.1,2.7333333333333334
22,38,3.409090909090909,6,5.833333333333333,1.8421052631578947
26,60,3.1153846153846154,5,5.0,2.391304347826087
26,54,1.8461538461538463,4,4.666666666666667,2.3333333333333335
22,49,1.8636363636363635,3,3.857142857142857,1.9285714285714286
22,38,3.409090909090909,6,5.833333333333333,1.8421052631578947
24,81,2.9166666666666665,5,4.266666666666667,3.2
26,73,2.9615384615384617,5,5.75,3.0
13,17,1.3846153846153846,3,2.0,1.5
13,18,1.3846153846153846,3,2.3333333333333335,1.75
26,96,3.9615384615384617,7,6.3076923076923075,3.727272727272727
22,48,1.9545454545454546,4,3.7142857142857144,1.8571428571428572
27,85,3.4814814814814814,6,6.333333333333333,3.3043478260869565
22,27,1.5909090909090908,3,6.0,1.3333333333333333
21,26,1.5238095238095237,3,5.5,1.375
26,99,4.076923076923077,8,5.8125,4.2272727272727275
23,70,2.5217391304347827,5,3.357142857142857,2.473684210526316
21,75,3.619047619047619,8,3.9444444444444446,3.9444444444444446
19,54,3.0,6,4.555555555555555,2.5625
24,108,3.7083333333333335,8,5.555555555555555,5.0
19,60,3.3684210526315788,7,4.583333333333333,3.4375
26,166,3.8846153846153846,8,6.458333333333333,7.045454545454546
23,31,2.9130434782608696,5,4.5,1.4210526315789473
26,119,4.0,7,5.428571428571429,4.956521739130435
28,86,2.9642857142857144,6,5.8,2.6363636363636362
24,41,3.2916666666666665,6,6.166666666666667,1.85
14,26,2.5,5,2.6666666666666665,1.7777777777777777
26,75,2.730769230769231,5,5.384615384615385,3.1818181818181817
18,28,1.5,3,3.0,1.7142857142857142
30,101,3.533333333333333,6,7.1,2.730769230769231
24,41,3.2916666666666665,6,6.166666666666667,1.85
22,71,2.5454545454545454,5,4.153846153846154,2.8421052631578947
29,125,3.6206896551724137,7,6.105263157894737,4.64
23,40,1.7826086956521738,3,4.25,1.5454545454545454
21,33,2.761904761904762,5,2.8,1.6470588235294117
22,68,2.9545454545454546,6,3.6153846153846154,2.764705882352941
24,65,3.25,5,4.0,2.8
24,71,3.625,6,5.076923076923077,3.3
21,60,2.857142857142857,5,4.3076923076923075,3.2941176470588234
23,39,3.3043478260869565,6,5.833333333333333,1.8421052631578947
15,31,3.3333333333333335,6,2.5714285714285716,1.6363636363636365
24,45,1.5833333333333333,3,2.3,2.090909090909091
24,80,3.5,6,5.285714285714286,3.7
19,32,1.631578947368421,3,5.666666666666667,1.5454545454545454
19,32,1.631578947368421,3,5.333333333333333,1.4545454545454546
27,115,4.037037037037037,8,6.3125,4.391304347826087
21,40,1.8095238095238095,3,5.25,1.75
23,39,3.3043478260869565,6,5.833333333333333,1.8421052631578947
24,83,3.2916666666666665,6,4.1875,3.35
23,37,2.9130434782608696,6,2.75,1.736842105263158
23,39,3.3043478260869565,6,5.833333333333333,1.8421052631578947
28,80,3.2857142857142856,6,3.2777777777777777,2.4583333333333335
27,83,2.8518518518518516,5,5.5,3.347826086956522
17,32,1.8235294117647058,4,3.5,2.1
21,34,2.9523809523809526,6,2.9,1.7058823529411764
23,38,3.3043478260869565,6,5.666666666666667,1.7894736842105263
23,75,4.043478260869565,8,3.5294117647058822,3.1578947368421053
26,80,2.923076923076923,5,4.6875,3.409090909090909
12,20,1.75,4,2.5,2.0
23,39,3.3043478260869565,6,5.833333333333333,1.8421052631578947
20,35,1.45,2,9.0,2.0
21,51,2.5238095238095237,6,2.5,2.6923076923076925
24,43,2.8333333333333335,5,3.1666666666666665,1.9
22,76,3.409090909090909,6,3.8333333333333335,3.6315789473684212
20,47,2.4,5,3.0,2.076923076923077
22,49,2.6818181818181817,5,4.5,2.5
23,79,3.217391304347826,6,5.142857142857143,3.789473684210526
21,53,2.238095238095238,5,4.0,2.6666666666666665
18,31,1.7222222222222223,3,3.4,1.8888888888888888
25,88,3.48,6,5.416666666666667,3.0952380952380953
21,29,3.0476190476190474,5,4.333333333333333,1.4444444444444444
25,86,3.64,7,5.4,3.857142857142857
21,64,3.9047619047619047,8,3.642857142857143,3.0
30,106,3.1333333333333333,5,5.823529411764706,3.8076923076923075
21,43,1.9523809523809523,3,5.75,1.9166666666666667
18,52,3.2222222222222223,7,3.0,2.7857142857142856
23,39,3.3043478260869565,6,5.833333333333333,1.8421052631578947
23,78,3.6956521739130435,7,3.6470588235294117,3.263157894736842
29,130,3.6551724137931036,7,5.857142857142857,4.92
24,55,2.0,4,4.428571428571429,2.3846153846153846
13,23,1.6923076923076923,4,3.0,2.4
23,39,3.3043478260869565,6,5.0,1.8421052631578947
23,77,4.043478260869565,8,3.3684210526315788,3.3684210526315788
28,95,3.0714285714285716,5,5.5625,3.7083333333333335
26,102,3.5,6,5.0,3.6363636363636362
13,23,1.6923076923076923,4,3.0,2.4
23,39,2.8260869565217392,5,3.3,1.736842105263158
18,38,1.5555555555555556,3,2.75,2.75
26,95,4.230769230769231,8,5.176470588235294,4.0
26,56,3.1538461538461537,6,4.818181818181818,2.3043478260869565
23,39,3.3043478260869565,6,6.0,1.8
19,51,2.6842105263157894,5,3.5833333333333335,2.6875
25,50,3.04,5,4.8,2.0869565217391304
25,43,3.36,6,6.666666666666667,1.8181818181818181
19,37,1.8421052631578947,4,3.1666666666666665,1.9
28,107,2.9285714285714284,5,5.611111111111111,4.208333333333333
18,32,1.5555555555555556,3,2.2857142857142856,2.2857142857142856
13,21,1.6923076923076923,4,2.5,2.0
27,82,3.4814814814814814,6,3.7777777777777777,2.9565217391304346
28,94,3.607142857142857,6,6.916666666666667,3.4583333333333335
24,41,3.375,6,6.333333333333333,1.8095238095238095
26,69,2.9615384615384617,5,4.4,2.869565217391304
25,70,3.12,5,5.3,2.65
24,41,3.375,6,6.333333333333333,1.8095238095238095
25,75,2.72,5,5.142857142857143,3.272727272727273
13,20,1.6923076923076923,4,2.25,1.8
23,40,3.391304347826087,6,6.166666666666667,1.85
18,27,1.5555555555555556,3,2.75,1.2222222222222223
28,56,2.8214285714285716,4,6.5,2.1666666666666665
17,29,1.6470588235294117,3,2.8,1.75
22,38,3.409090909090909,6,5.833333333333333,1.8421052631578947
20,34,1.6,3,3.6,1.6363636363636365
24,46,2.625,4,7.0,2.1
20,34,1.3,2,4.0,2.6666666666666665
23,63,3.130434782608696,5,4.833333333333333,2.9
23,45,1.8695652173913044,3,5.5,1.8333333333333333
21,68,3.2857142857142856,6,3.8125,3.388888888888889
26,90,3.4615384615384617,6,4.933333333333334,3.3636363636363638
21,39,3.238095238095238,5,4.625,1.9473684210526316
20,37,1.85,4,3.5714285714285716,1.9230769230769231
26,70,3.0,6,3.8823529411764706,3.0
17,30,1.8235294117647058,3,3.0,1.6666666666666667
22,38,3.409090909090909,6,5.833333333333333,1.8421052631578947
14,34,3.642857142857143,6,2.875,1.9166666666666667
24,86,3.7916666666666665,7,4.0625,3.25
28,56,2.9642857142857144,6,4.0,2.1666666666666665
27,100,4.037037037037037,8,5.4375,3.782608695652174
13,21,1.6923076923076923,4,2.5,2.0
22,38,3.409090909090909,6,5.833333333333333,1.8421052631578947
22,58,2.8181818181818183,5,3.909090909090909,2.388888888888889
27,49,2.7777777777777777,4,5.625,1.9565217391304348
24,67,3.375,6,4.076923076923077,2.65
22,38,3.409090909090909,6,5.833333333333333,1.8421052631578947
17,23,1.4705882352941178,2,4.5,1.125
20,44,2.5,5,2.076923076923077,2.076923076923077
27,48,2.814814814814815,4,6.285714285714286,1.9130434782608696
27,84,3.2222222222222223,6,4.75,2.590909090909091
24,77,3.5833333333333335,6,5.142857142857143,3.4285714285714284
18,28,1.6111111111111112,3,3.0,1.5
19,38,1.8421052631578947,3,3.5,1.9090909090909092
27,96,3.5555555555555554,6,5.6923076923076925,3.217391304347826
22,38,3.409090909090909,6,5.833333333333333,1.8421052631578947
21,63,3.4761904761904763,7,4.416666666666667,2.9444444444444446
29,115,3.4827586206896552,7,5.684210526315789,4.32
27,74,3.074074074074074,5,4.384615384615385,2.7142857142857144
21,36,3.2857142857142856,6,5.5,1.8333333333333333
24,78,2.875,5,4.066666666666666,3.05
24,40,2.6666666666666665,4,7.2,1.8
22,40,1.7272727272727273,3,3.3333333333333335,1.6666666666666667
22,36,2.8181818181818183,5,3.2,1.7777777777777777
13,17,1.3846153846153846,3,2.0,1.5
26,71,3.423076923076923,6,3.6875,2.6818181818181817
23,38,3.3043478260869565,6,5.666666666666667,1.7894736842105263
27,61,3.037037037037037,5,6.222222222222222,2.4347826086956523
13,20,1.6923076923076923,4,2.25,1.8
22,38,3.409090909090909,6,5.833333333333333,1.8421052631578947
24,79,3.2916666666666665,5,4.357142857142857,3.05
25,89,4.12,8,3.7777777777777777,3.238095238095238
27,49,3.074074074074074,6,3.75,1.9565217391304348
23,39,3.3043478260869565,6,5.833333333333333,1.8421052631578947
26,63,2.076923076923077,4,3.230769230769231,2.3333333333333335
25,43,2.8,4,6.5,1.8571428571428572
24,75,3.25,6,4.714285714285714,3.142857142857143
20,35,2.9,6,3.0,1.875
26,95,3.4615384615384617,6,6.2727272727272725,3.1363636363636362
21,30,3.0476190476190474,5,3.857142857142857,1.5
19,44,2.263157894736842,4,5.8,2.230769230769231
23,79,4.086956521739131,8,3.588235294117647,3.210526315789474
27,50,3.037037037037037,6,3.8333333333333335,2.0
23,39,3.3043478260869565,6,5.833333333333333,1.8421052631578947
26,94,3.0384615384615383,5,5.117647058823529,3.9545454545454546
13,21,1.6923076923076923,4,2.75,2.2
23,39,3.3043478260869565,6,5.833333333333333,1.8421052631578947
23,63,3.0,5,4.6,2.4210526315789473
26,47,2.769230769230769,4,6.142857142857143,1.9545454545454546
23,66,3.0869565217391304,5,4.25,2.8333333333333335
23,39,3.3043478260869565,6,5.833333333333333,1.8421052631578947
23,74,4.043478260869565,8,3.588235294117647,3.210526315789474
24,46,2.8333333333333335,5,5.857142857142857,2.05
24,61,2.4583333333333335,5,4.5,3.0
27,83,3.5185185185185186,6,4.666666666666667,2.4347826086956523
24,41,3.2916666666666665,6,6.166666666666667,1.85
19,57,3.8421052631578947,8,4.0,3.25
29,119,3.2413793103448274,6,5.894736842105263,4.48
26,74,3.0384615384615383,5,4.75,2.85
23,39,3.3043478260869565,6,5.833333333333333,1.8421052631578947
24,89,3.4166666666666665,6,5.142857142857143,3.6
27,52,2.888888888888889,5,3.9166666666666665,2.0434782608695654
24,91,3.0833333333333335,6,4.352941176470588,3.7
19,31,1.5263157894736843,2,8.0,1.6
21,34,2.7142857142857144,5,2.9,1.7058823529411764
18,29,1.6111111111111112,3,2.6,1.625
24,69,3.375,6,4.571428571428571,3.2
22,59,3.3636363636363638,6,3.6153846153846154,2.611111111111111
21,38,2.8095238095238093,5,3.3,1.9411764705882353
23,38,3.3043478260869565,6,5.666666666666667,1.7894736842105263
26,61,3.0384615384615383,5,5.6,2.5454545454545454
13,21,1.6923076923076923,4,2.5,2.0
23,39,3.3043478260869565,6,5.833333333333333,1.8421052631578947
24,93,3.5,6,5.066666666666666,3.8
23,79,4.130434782608695,8,3.6875,3.1052631578947367
26,50,3.076923076923077,6,3.75,2.0454545454545454
23,39,3.3043478260869565,6,5.833333333333333,1.8421052631578947
24,92,3.4166666666666665,6,4.411764705882353,3.75
24,43,2.6666666666666665,4,6.5,1.95
18,29,1.5555555555555556,3,2.6,1.8571428571428572
22,56,2.3181818181818183,5,4.25,2.4285714285714284
28,96,3.392857142857143,6,6.8,2.8333333333333335
21,31,3.0952380952380953,5,4.0,1.5555555555555556
20,45,1.8,4,3.3,2.75
26,73,3.0384615384615383,6,4.3125,3.1363636363636362
16,31,2.0,4,2.5,2.5
22,44,3.3181818181818183,6,4.125,1.8333333333333333
22,48,1.7727272727272727,3,3.875,2.3846153846153846
27,71,3.1481481481481484,5,4.642857142857143,2.8260869565217392
26,74,3.423076923076923,6,3.75,2.727272727272727
23,65,3.1739130434782608,5,5.4,2.8421052631578947
22,41,3.409090909090909,6,5.428571428571429,2.0
27,100,3.814814814814815,7,5.176470588235294,3.8260869565217392
22,77,4.090909090909091,8,3.75,3.3333333333333335
24,53,3.2083333333333335,6,4.636363636363637,2.3181818181818183
25,60,2.24,4,4.875,2.6
23,40,3.3043478260869565,6,6.166666666666667,1.85
27,77,2.7777777777777777,4,4.625,3.0833333333333335
25,55,2.0,4,4.125,2.5384615384615383
23,40,3.3043478260869565,6,6.166666666666667,1.85
25,89,3.0,5,5.0,3.8095238095238093
29,113,3.3793103448275863,7,5.35,4.28
13,20,1.6923076923076923,4,2.25,1.8
23,62,3.0,5,4.916666666666667,2.95
22,41,1.9090909090909092,3,5.5,1.8333333333333333
24,40,3.375,6,6.166666666666667,1.7619047619047619
27,106,3.7037037037037037,7,5.176470588235294,3.8260869565217392
27,46,2.888888888888889,5,3.5,1.826086956521739
24,41,3.375,6,6.333333333333333,1.8095238095238095
23,73,4.130434782608695,8,3.588235294117647,3.210526315789474
29,88,3.413793103448276,6,5.6,3.230769230769231
25,79,2.84,5,4.733333333333333,3.227272727272727
21,36,2.9047619047619047,6,2.909090909090909,1.8823529411764706
21,36,3.3333333333333335,6,5.5,1.8333333333333333
15,31,2.533333333333333,5,2.5714285714285716,1.8
18,30,1.6111111111111112,3,5.333333333333333,1.6
27,48,2.888888888888889,5,4.0,1.9130434782608696
26,69,2.6923076923076925,5,3.2142857142857144,2.3684210526315788
26,78,3.423076923076923,6,4.0,2.909090909090909
21,37,3.3333333333333335,6,5.666666666666667,1.8888888888888888
24,57,3.125,5,4.818181818181818,2.5238095238095237
26,55,1.9230769230769231,4,4.833333333333333,2.230769230769231
22,38,3.409090909090909,6,5.833333333333333,1.8421052631578947
24,81,4.125,8,4.125,3.3
26,48,2.769230769230769,5,7.333333333333333,2.0
26,95,3.4615384615384617,7,5.5625,4.045454545454546
18,29,1.6111111111111112,3,3.0,1.5
26,83,3.4615384615384617,6,4.846153846153846,2.8636363636363638
22,32,3.0454545454545454,5,4.142857142857143,1.5263157894736843
24,86,3.0,6,4.785714285714286,3.1904761904761907
22,45,2.590909090909091,5,4.1,2.2777777777777777
24,88,3.2916666666666665,7,5.333333333333333,4.0
17,30,1.7058823529411764,3,2.5,1.875
22,38,3.409090909090909,6,5.833333333333333,1.8421052631578947
28,79,3.2857142857142856,6,3.5625,2.375
25,41,2.84,4,4.111111111111111,1.7619047619047619
22,40,1.7272727272727273,3,4.5,1.6363636363636365
26,75,3.1153846153846154,6,4.0,2.8
28,103,3.5714285714285716,7,5.052631578947368,4.0
18,29,1.6111111111111112,3,3.0,1.5
21,34,2.761904761904762,5,3.0,1.7647058823529411
21,37,3.3333333333333335,6,5.666666666666667,1.8888888888888888
15,31,3.3333333333333335,6,2.5714285714285716,1.6363636363636365
25,85,3.68,7,3.4444444444444446,2.9523809523809526
24,70,3.1666666666666665,5,5.0,3.0952380952380953
18,33,1.3888888888888888,2,3.0,2.142857142857143
18,31,1.5,3,2.6,1.8571428571428572
21,37,3.3333333333333335,6,5.666666666666667,1.8888888888888888
24,80,3.7916666666666665,7,3.6470588235294117,3.1
27,74,3.2962962962962963,6,4.6,3.0
25,79,3.08,6,4.733333333333333,3.227272727272727
21,36,2.9047619047619047,6,2.909090909090909,1.8823529411764706
23,39,3.3043478260869565,6,5.833333333333333,1.8421052631578947
24,63,3.125,6,3.3846153846153846,2.2
25,41,2.84,4,4.625,1.7619047619047619
25,75,2.92,5,4.666666666666667,3.3333333333333335
13,17,1.3846153846153846,3,1.5,1.5
23,76,2.782608695652174,5,4.3125,3.6315789473684212
18,31,1.7222222222222223,3,3.25,1.4444444444444444
21,37,2.8095238095238093,5,3.5555555555555554,1.8823529411764706
23,38,3.3043478260869565,6,5.666666666666667,1.7894736842105263
17,27,1.7058823529411764,2,6.0,1.0
28,53,2.8214285714285716,4,6.125,2.0416666666666665
18,30,1.7222222222222223,3,3.25,1.4444444444444444
23,39,3.3043478260869565,6,5.833333333333333,1.8421052631578947
25,55,3.04,5,5.0,2.380952380952381
13,21,1.6923076923076923,4,2.5,2.0
24,41,3.2916666666666665,6,6.166666666666667,1.85
24,82,3.25,6,4.0625,3.25
28,107,3.3214285714285716,6,5.2105263157894735,4.125
22,40,1.8181818181818181,3,4.5,1.6363636363636365
20,46,2.25,5,2.888888888888889,2.1666666666666665
27,79,3.4814814814814814,6,6.454545454545454,3.0869565217391304
21,26,1.5238095238095237,3,5.0,1.25
20,23,1.4,3,3.5,1.1666666666666667
21,64,2.5714285714285716,5,3.5384615384615383,2.5555555555555554
21,96,3.5238095238095237,7,5.6,4.666666666666667
16,41,2.625,6,3.090909090909091,2.6153846153846154
19,65,2.8947368421052633,6,3.9285714285714284,3.4375
20,49,2.85,5,4.222222222222222,2.235294117647059
22,94,3.409090909090909,7,5.866666666666666,4.888888888888889
24,119,3.7083333333333335,8,5.684210526315789,5.4
20,59,3.5,7,4.909090909090909,3.176470588235294
27,186,3.962962962962963,8,6.8,7.391304347826087
22,30,2.9545454545454546,5,4.333333333333333,1.4444444444444444
18,38,1.8333333333333333,4,3.7142857142857144,2.3636363636363638
23,51,2.3043478260869565,5,2.5833333333333335,2.3846153846153846
25,44,2.84,5,3.25,1.8571428571428572
19,33,1.631578947368421,3,4.75,1.7272727272727273
24,43,2.7083333333333335,4,6.5,1.95
13,21,1.6923076923076923,4,2.75,2.2
24,66,3.4166666666666665,6,3.6666666666666665,2.75
21,33,2.8095238095238093,5,3.111111111111111,1.6470588235294117
18,29,1.6111111111111112,3,2.6,1.625
23,53,2.869565217391304,6,4.9,2.5789473684210527
23,80,3.391304347826087,7,4.5625,3.8421052631578947
13,18,1.5384615384615385,3,1.75,1.4
23,39,3.3043478260869565,6,5.833333333333333,1.8421052631578947
25,58,3.04,5,5.2,2.4761904761904763
13,22,1.6923076923076923,4,2.75,2.2
13,22,1.6923076923076923,4,2.75,2.2
30,106,4.166666666666667,7,6.909090909090909,2.923076923076923
24,40,3.25,6,6.0,1.8
24,89,3.4166666666666665,6,4.866666666666666,3.65
23,80,4.130434782608695,8,3.263157894736842,3.263157894736842
27,83,3.5185185185185186,7,4.588235294117647,3.391304347826087
23,64,3.0434782608695654,5,4.25,2.8333333333333335
23,40,3.3043478260869565,6,5.142857142857143,1.894736842105263
24,73,3.0416666666666665,5,4.583333333333333,2.75
25,43,2.84,5,3.4545454545454546,1.8095238095238095
26,95,3.1538461538461537,6,5.117647058823529,3.782608695652174
23,39,2.8260869565217392,5,3.090909090909091,1.7894736842105263
17,31,1.7647058823529411,4,2.6666666666666665,2.0
22,41,3.3181818181818183,6,5.0,1.9444444444444444
24,93,3.9166666666666665,7,4.277777777777778,3.85
25,42,2.84,5,3.3636363636363638,1.7619047619047619
26,77,3.1538461538461537,5,5.142857142857143,3.272727272727273
19,37,1.9473684210526316,3,3.8333333333333335,2.090909090909091
23,49,3.0434782608695654,6,4.181818181818182,2.3
22,39,3.3636363636363638,6,5.142857142857143,1.894736842105263
28,108,3.2142857142857144,6,5.611111111111111,4.208333333333333
26,69,3.1923076923076925,5,6.0,2.869565217391304
22,49,2.0,4,4.428571428571429,2.2142857142857144
24,40,2.875,5,3.6,1.8
23,40,3.3043478260869565,6,6.166666666666667,1.85
25,82,3.32,5,5.0,3.3333333333333335
27,55,2.6296296296296298,5,5.666666666666667,2.217391304347826
23,40,3.3043478260869565,6,6.166666666666667,1.85
20,56,3.5,7,4.363636363636363,2.823529411764706
28,51,2.9642857142857144,6,3.6153846153846154,1.9583333333333333
23,67,3.347826086956522,6,5.25,3.15
18,29,1.3888888888888888,3,2.6,2.1666666666666665
27,94,3.5555555555555554,6,5.466666666666667,3.5652173913043477
23,40,3.391304347826087,6,6.166666666666667,1.85
25,57,3.16,5,5.3,2.409090909090909
26,57,2.0,4,4.25,2.4285714285714284
22,52,2.0454545454545454,4,4.125,2.2
22,39,3.3181818181818183,6,6.0,1.894736842105263
14,27,2.357142857142857,5,2.2857142857142856,1.7777777777777777
27,52,2.5925925925925926,4,6.0,2.0869565217391304
23,40,3.391304347826087,6,6.166666666666667,1.85
26,59,3.1538461538461537,5,5.5,2.391304347826087
18,28,1.3888888888888888,3,2.4,2.0
24,39,3.0416666666666665,6,3.5,1.75
23,40,3.391304347826087,6,6.166666666666667,1.85
23,71,3.0434782608695654,5,4.571428571428571,3.2
25,53,2.92,6,5.444444444444445,2.3333333333333335
22,75,3.0454545454545454,6,4.857142857142857,3.7777777777777777
23,67,3.1739130434782608,7,4.357142857142857,3.210526315789474
23,29,1.608695652173913,3,6.5,1.3
21,25,1.4761904761904763,3,5.0,1.25
17,37,2.0,4,3.0,2.3076923076923075
19,57,2.736842105263158,5,3.5833333333333335,2.6875
21,82,3.5238095238095237,8,4.529411764705882,4.529411764705882
22,80,2.8181818181818183,6,3.625,3.2222222222222223
20,84,3.4,7,4.388888888888889,4.647058823529412
16,38,2.625,6,3.4,2.6153846153846154
18,54,3.3333333333333335,7,4.166666666666667,3.3333333333333335
24,114,3.7083333333333335,8,5.684210526315789,5.4
20,57,3.5,7,4.818181818181818,3.1176470588235294
29,197,4.172413793103448,8,6.925925925925926,7.48
20,42,3.65,6,4.75,2.111111111111111
24,70,3.75,7,4.785714285714286,3.1904761904761907
26,46,2.6923076923076925,4,7.0,1.9090909090909092
25,85,3.24,6,4.25,3.238095238095238
23,35,2.8260869565217392,5,3.1,1.631578947368421
23,65,2.8260869565217392,6,3.6666666666666665,2.588235294117647
20,35,3.35,6,5.333333333333333,1.8823529411764706
26,60,3.1153846153846154,5,5.4,2.347826086956522
18,27,1.3888888888888888,3,2.2,1.8333333333333333
23,41,3.0434782608695654,6,3.3636363636363638,1.9473684210526316
21,37,3.3333333333333335,6,5.666666666666667,1.8888888888888888
25,85,2.88,5,4.375,3.3333333333333335
25,66,3.24,5,5.0,2.727272727272727
20,36,1.7,3,3.0,1.8
22,33,2.8181818181818183,5,2.9,1.6111111111111112
23,39,3.3043478260869565,6,5.833333333333333,1.8421052631578947
24,79,3.2916666666666665,5,4.2,3.15
24,40,2.7083333333333335,4,6.0,1.8
23,39,3.3043478260869565,6,5.833333333333333,1.8421052631578947
20,59,3.5,7,4.076923076923077,3.1176470588235294
24,41,2.875,6,3.0833333333333335,1.85
25,67,3.56,6,5.166666666666667,2.9523809523809526
18,27,1.3888888888888888,3,2.5,1.6666666666666667
27,95,3.5555555555555554,6,5.833333333333333,3.0434782608695654
21,37,3.3333333333333335,6,5.666666666666667,1.8888888888888888
26,58,3.0384615384615383,5,5.888888888888889,2.409090909090909
26,53,1.9230769230769231,4,5.4,2.076923076923077
22,51,1.8181818181818181,3,4.285714285714286,2.3076923076923075
23,39,3.3043478260869565,6,5.833333333333333,1.8421052631578947
14,27,2.357142857142857,5,2.5,1.6666666666666667
24,40,2.75,4,6.0,1.8
23,39,3.3043478260869565,6,5.833333333333333,1.8421052631578947
25,56,3.04,5,5.666666666666667,2.4285714285714284
19,31,1.631578947368421,4,2.0,1.75
22,39,3.0,6,3.090909090909091,1.8888888888888888
23,39,3.3043478260869565,6,5.833333333333333,1.8421052631578947
24,78,3.2916666666666665,6,5.071428571428571,3.380952380952381
25,51,2.92,6,5.222222222222222,2.238095238095238
21,68,2.619047619047619,5,5.083333333333333,3.588235294117647
23,62,3.1739130434782608,7,4.230769230769231,2.8947368421052633
22,27,1.5,3,5.0,1.25
21,26,1.4761904761904763,3,5.0,1.25
18,49,2.6666666666666665,6,2.923076923076923,2.7142857142857144
21,81,3.7142857142857144,8,4.222222222222222,4.222222222222222
23,107,3.652173913043478,8,5.2105263157894735,5.2105263157894735
19,63,3.6315789473684212,8,3.8666666666666667,3.625
21,81,3.619047619047619,8,4.222222222222222,4.222222222222222
22,67,2.272727272727273,4,4.6,3.066666666666667
25,134,3.76,8,5.809523809523809,5.809523809523809
20,46,2.45,4,4.714285714285714,2.2
21,68,3.4761904761904763,7,4.5,3.5
28,208,4.071428571428571,8,7.076923076923077,7.666666666666667
21,29,3.0476190476190474,5,4.333333333333333,1.4444444444444444
23,74,3.0434782608695654,6,3.5,2.8
23,42,2.608695652173913,4,6.333333333333333,2.0
23,39,3.3043478260869565,6,5.833333333333333,1.8421052631578947
16,41,3.875,6,3.625,2.0714285714285716
28,109,3.2142857142857144,6,5.368421052631579,4.25
21,40,1.8571428571428572,3,5.0,1.8181818181818181
23,69,3.0869565217391304,6,3.2666666666666666,2.7222222222222223
22,38,3.227272727272727,6,5.666666666666667,1.8888888888888888
18,44,2.5,5,3.25,2.6
24,67,3.3333333333333335,6,4.285714285714286,3.0
21,45,2.0,4,3.857142857142857,2.076923076923077
21,36,2.9523809523809526,6,2.9,1.7058823529411764
22,37,3.3181818181818183,6,5.5,1.8333333333333333
26,62,3.0384615384615383,5,5.7,2.590909090909091
13,21,1.6923076923076923,4,2.5,2.0
23,39,3.3043478260869565,6,5.833333333333333,1.8421052631578947
23,77,3.1739130434782608,5,4.375,3.5
24,51,2.875,6,5.222222222222222,2.35
21,70,3.142857142857143,6,4.846153846153846,3.7058823529411766
25,87,3.4,7,4.133333333333334,2.9523809523809526
23,39,3.3043478260869565,6,5.833333333333333,1.8421052631578947
27,104,3.185185185185185,6,5.388888888888889,4.217391304347826
16,26,2.0625,4,2.5,1.5
21,37,3.380952380952381,6,4.714285714285714,1.9411764705882353
26,105,3.423076923076923,6,4.631578947368421,4.0
26,48,3.0384615384615383,6,3.5,1.9090909090909092
22,40,3.3181818181818183,6,5.0,1.9444444444444444
24,88,3.1666666666666665,5,5.0,4.0
25,52,2.8,5,5.333333333333333,2.2857142857142856
23,83,3.5217391304347827,7,4.470588235294118,4.0
22,42,3.3636363636363638,6,4.375,1.9444444444444444
24,93,3.0833333333333335,5,4.75,3.8
21,60,3.238095238095238,6,3.5384615384615383,2.7058823529411766
25,56,3.08,6,4.416666666666667,2.409090909090909
24,40,3.375,6,6.166666666666667,1.7619047619047619
25,112,3.76,7,5.473684210526316,4.9523809523809526
22,68,2.8181818181818183,5,5.090909090909091,3.5
19,46,2.1052631578947367,4,4.142857142857143,2.6363636363636362
19,46,2.0526315789473686,4,3.625,2.6363636363636362
24,42,3.4166666666666665,6,6.5,1.8571428571428572
14,25,2.2142857142857144,5,2.6,1.8571428571428572
24,68,2.4583333333333335,6,3.8333333333333335,2.875
27,51,2.962962962962963,6,3.9166666666666665,2.0434782608695654
23,46,3.130434782608696,6,4.3,2.15
20,33,1.7,3,5.666666666666667,1.4166666666666667
23,39,3.3043478260869565,6,6.0,1.8
26,58,3.1538461538461537,5,6.0,2.347826086956522
18,29,1.5,2,7.5,1.6666666666666667
24,68,3.4583333333333335,6,5.818181818181818,3.0476190476190474
23,60,2.652173913043478,4,5.090909090909091,2.8
23,54,2.608695652173913,5,3.7777777777777777,2.2666666666666666
25,79,3.44,7,5.6923076923076925,3.5238095238095237
23,38,1.6521739130434783,3,4.2,2.1
22,28,1.6363636363636365,3,6.5,1.3
16,40,2.3125,4,3.2,2.4615384615384617
20,61,2.7,5,4.083333333333333,2.8823529411764706
21,81,3.4761904761904763,8,4.411764705882353,4.411764705882353
22,80,2.8181818181818183,6,4.0,3.3333333333333335
20,81,3.35,7,4.277777777777778,4.529411764705882
16,35,2.5625,6,3.5555555555555554,2.4615384615384617
18,51,2.9444444444444446,7,3.2,3.2
24,118,3.7083333333333335,8,5.65,5.65
20,54,3.45,7,4.545454545454546,2.9411764705882355
29,187,4.172413793103448,8,6.666666666666667,7.2
22,30,3.0,5,4.5,1.4210526315789473
24,81,3.375,6,4.066666666666666,2.9047619047619047
24,77,3.1666666666666665,5,5.071428571428571,3.380952380952381
22,76,3.3181818181818183,6,4.3125,3.6315789473684212
26,100,3.5,7,5.2,3.5454545454545454
25,42,3.24,6,6.333333333333333,1.8095238095238095
24,79,3.375,6,4.785714285714286,3.35
23,80,4.0,8,3.764705882352941,3.3684210526315788
25,67,3.44,7,4.133333333333334,2.8181818181818183
22,59,2.772727272727273,5,3.9166666666666665,2.9375
23,39,3.347826086956522,6,6.0,1.8
24,78,3.1666666666666665,5,4.733333333333333,3.380952380952381
25,51,2.92,6,5.222222222222222,2.238095238095238
21,69,2.6666666666666665,5,4.428571428571429,3.6470588235294117
21,36,3.4285714285714284,6,5.5,1.8333333333333333
15,34,3.533333333333333,6,3.0,1.75
24,74,3.5833333333333335,7,3.25,2.736842105263158
25,71,3.32,6,4.4,3.0
18,31,1.3888888888888888,2,2.8,2.0
18,33,1.5,3,2.5,2.142857142857143
21,37,3.3333333333333335,6,5.666666666666667,1.8888888888888888
22,56,2.772727272727273,4,4.2,2.3333333333333335
25,45,2.8,5,5.857142857142857,1.9523809523809523
23,59,3.0869565217391304,5,3.6666666666666665,2.4444444444444446
31,211,4.451612903225806,8,8.041666666666666,7.148148148148148
21,36,3.2857142857142856,6,5.5,1.8333333333333333
15,32,3.7333333333333334,6,3.3333333333333335,1.5384615384615385
26,81,2.769230769230769,5,5.066666666666666,3.4545454545454546
25,54,2.0,4,4.142857142857143,2.0714285714285716
23,43,1.8695652173913044,3,5.0,1.6666666666666667
21,33,2.761904761904762,5,2.9,1.7058823529411764
21,37,3.3333333333333335,6,5.666666666666667,1.8888888888888888
23,72,3.1739130434782608,5,4.642857142857143,3.25
26,52,2.9615384615384617,6,4.8,2.1818181818181817
21,70,2.7142857142857144,5,4.846153846153846,3.7058823529411766
20,35,3.35,6,5.333333333333333,1.8823529411764706
23,74,4.0,8,3.6875,3.1052631578947367
27,77,3.5555555555555554,7,5.142857142857143,3.130434782608696
26,81,2.8076923076923075,5,4.866666666666666,3.1739130434782608
21,33,2.9047619047619047,6,2.9,1.7058823529411764
24,40,3.25,6,6.0,1.8
22,71,3.5454545454545454,7,4.4,3.473684210526316
25,46,2.88,5,3.727272727272727,1.9523809523809523
19,35,1.5263157894736843,2,9.5,1.9
24,85,3.4166666666666665,7,4.588235294117647,3.9
21,52,2.2857142857142856,5,3.4444444444444446,2.2142857142857144
26,89,3.576923076923077,6,6.0,3.0
21,30,3.0476190476190474,5,3.857142857142857,1.5
22,65,3.227272727272727,6,4.214285714285714,3.1052631578947367
28,83,3.3214285714285716,6,5.2,3.25
25,85,3.6,7,4.529411764705882,3.5
21,34,2.9047619047619047,6,2.9,1.7058823529411764
23,39,3.3043478260869565,6,5.833333333333333,1.8421052631578947
26,60,3.0384615384615383,5,5.5,2.5
28,82,3.2857142857142856,6,4.4,2.869565217391304
23,39,3.3043478260869565,6,5.833333333333333,1.8421052631578947
23,75,3.130434782608696,5,4.533333333333333,3.4
24,49,2.875,6,5.0,2.25
21,72,3.0952380952380953,6,5.0,3.823529411764706
23,39,3.3043478260869565,6,5.833333333333333,1.8421052631578947
18,28,1.8333333333333333,4,3.0,1.25
26,68,3.0,6,4.0,2.909090909090909
16,26,1.6875,3,4.0,1.5
23,39,3.3043478260869565,6,5.833333333333333,1.8421052631578947
25,56,3.04,5,5.666666666666667,2.4285714285714284
24,41,3.2916666666666665,6,6.166666666666667,1.85
19,56,3.5789473684210527,8,3.923076923076923,3.1875
25,85,2.68,4,5.2,3.7142857142857144
25,77,3.16,5,4.583333333333333,2.75
26,81,3.1923076923076925,5,4.615384615384615,2.857142857142857
22,37,2.8181818181818183,5,3.2,1.7777777777777777
19,32,1.5789473684210527,3,2.8,1.75
22,38,3.227272727272727,6,5.666666666666667,1.8888888888888888
17,41,2.588235294117647,5,3.3636363636363638,2.642857142857143
22,41,2.909090909090909,6,3.1818181818181817,1.9444444444444444
13,20,1.6923076923076923,4,2.25,1.8
26,80,3.269230769230769,6,3.875,2.9523809523809526
23,40,3.3043478260869565,6,5.833333333333333,1.8421052631578947
24,45,2.7083333333333335,4,5.0,2.0
19,37,1.894736842105263,4,2.5,2.2222222222222223
23,38,3.260869565217391,6,5.5,1.736842105263158
24,91,3.5,6,4.5625,3.65
27,124,3.740740740740741,7,5.045454545454546,4.826086956521739
27,54,2.8518518518518516,5,6.25,2.1739130434782608
23,65,3.0434782608695654,5,5.333333333333333,2.526315789473684
21,28,1.6666666666666667,3,3.6666666666666665,1.2222222222222223
22,28,1.5454545454545454,3,3.3333333333333335,1.25
20,52,3.15,6,3.9166666666666665,2.764705882352941
27,134,4.111111111111111,8,5.428571428571429,4.956521739130435
25,102,3.72,7,4.571428571428571,4.571428571428571
19,53,2.6315789473684212,5,4.75,2.533333333333333
16,40,2.625,6,3.0,2.769230769230769
23,99,3.0869565217391304,7,4.6,4.842105263157895
28,213,4.071428571428571,8,7.3076923076923075,7.916666666666667
21,32,3.0952380952380953,5,4.5,1.5
26,97,3.5384615384615383,6,4.7894736842105265,4.136363636363637
18,57,3.611111111111111,8,3.642857142857143,3.4
25,80,2.84,6,3.85,3.5
19,39,2.210526315789474,4,5.4,2.4545454545454546
24,58,2.75,5,4.230769230769231,2.619047619047619
17,32,1.8235294117647058,3,3.0,2.0
24,75,3.5,6,5.0,3.3333333333333335
19,55,3.0,6,3.9166666666666665,2.9375
23,40,2.9130434782608696,5,4.571428571428571,1.6842105263157894
17,38,1.8823529411764706,4,3.0,2.727272727272727
27,55,2.740740740740741,4,6.375,2.217391304347826
26,93,3.1538461538461537,6,4.3,3.909090909090909
17,33,1.5294117647058822,4,2.5714285714285716,3.0
18,30,1.9444444444444444,3,4.5,1.6363636363636365
24,41,3.375,6,6.333333333333333,1.8095238095238095
23,65,2.9565217391304346,5,3.923076923076923,2.6842105263157894
27,52,2.7777777777777777,4,6.0,2.0869565217391304
23,63,3.0434782608695654,5,4.545454545454546,2.7777777777777777
24,41,3.375,6,6.333333333333333,1.8095238095238095
26,57,3.1538461538461537,5,5.3,2.3043478260869565
18,29,1.5,2,7.5,1.6666666666666667
22,66,3.3636363636363638,6,4.6923076923076925,3.210526315789474
23,59,2.608695652173913,4,4.909090909090909,2.7
20,49,2.55,5,4.0,2.4615384615384617
21,36,3.3333333333333335,6,5.5,1.8333333333333333
27,89,3.111111111111111,6,5.857142857142857,3.5652173913043477
26,56,2.0384615384615383,4,4.285714285714286,2.142857142857143
22,48,2.090909090909091,4,4.142857142857143,1.9333333333333333
26,48,2.769230769230769,4,6.285714285714286,2.0
31,193,4.451612903225806,8,7.625,6.777777777777778
23,40,3.391304347826087,6,6.166666666666667,1.85
26,84,3.076923076923077,6,5.266666666666667,3.590909090909091
27,80,3.0,6,4.142857142857143,2.761904761904762
22,39,3.3181818181818183,6,6.0,1.894736842105263
27,107,3.740740740740741,7,4.944444444444445,3.869565217391304
28,74,3.2857142857142856,5,5.3076923076923075,2.76
12,19,1.75,4,2.5,2.0
23,40,3.391304347826087,6,6.166666666666667,1.85
25,90,3.12,6,4.5625,3.4761904761904763
26,75,2.8846153846153846,5,5.0,3.1818181818181817
23,50,1.9565217391304348,5,3.857142857142857,2.4545454545454546
21,35,2.9047619047619047,6,3.1,1.8235294117647058
20,35,3.35,6,5.333333333333333,1.8823529411764706
26,57,3.1153846153846154,5,5.2,2.260869565217391
18,28,1.3888888888888888,3,2.4,2.0
26,81,3.269230769230769,6,3.8125,2.9047619047619047
28,96,4.071428571428571,7,6.545454545454546,3.0
24,34,2.9166666666666665,5,4.285714285714286,1.5
24,67,3.7083333333333335,7,4.846153846153846,3.0
21,64,3.9047619047619047,8,3.4285714285714284,2.823529411764706
28,54,3.0714285714285716,6,4.166666666666667,2.0833333333333335
26,57,1.9615384615384615,4,5.166666666666667,2.3846153846153846
21,36,3.4285714285714284,6,5.5,1.8333333333333333
26,109,3.6923076923076925,6,5.411764705882353,4.181818181818182
23,39,3.391304347826087,6,6.0,1.8
24,52,3.125,5,4.2727272727272725,2.238095238095238
19,32,1.4736842105263157,3,2.5,2.142857142857143
18,28,1.3888888888888888,3,3.0,2.0
21,61,3.0,5,4.384615384615385,3.1666666666666665
23,69,3.0869565217391304,6,4.066666666666666,3.05
21,35,2.761904761904762,5,2.8181818181818183,1.8235294117647058
19,34,1.8421052631578947,3,4.5,1.6363636363636365
23,39,3.3043478260869565,6,5.833333333333333,1.8421052631578947
25,54,3.0,5,6.125,2.3333333333333335
26,56,1.9230769230769231,4,5.0,2.3076923076923075
21,46,1.8571428571428572,3,5.0,1.9230769230769231
23,39,3.3043478260869565,6,5.833333333333333,1.8421052631578947
24,83,4.041666666666667,8,3.6666666666666665,3.3
29,55,3.0689655172413794,6,3.923076923076923,2.04
27,79,3.5925925925925926,7,4.625,3.217391304347826
17,25,1.5294117647058822,3,3.3333333333333335,1.4285714285714286
21,45,1.8571428571428572,3,4.8,1.8461538461538463
23,39,3.3043478260869565,6,5.833333333333333,1.8421052631578947
24,84,3.2916666666666665,5,4.333333333333333,3.25
26,94,4.230769230769231,8,3.6842105263157894,3.1818181818181817
27,50,3.037037037037037,6,3.5384615384615383,2.0
24,39,2.9583333333333335,6,3.1818181818181817,1.75
27,87,3.4444444444444446,6,6.0,2.608695652173913
23,39,3.3043478260869565,6,5.833333333333333,1.8421052631578947
24,85,3.2916666666666665,5,4.533333333333333,3.4
25,92,4.28,8,3.8947368421052633,3.5238095238095237
26,70,3.3076923076923075,6,4.4,3.0
23,61,2.6956521739130435,5,4.181818181818182,2.875
23,39,3.3043478260869565,6,5.833333333333333,1.8421052631578947
25,90,3.08,6,4.294117647058823,3.4761904761904763
26,70,3.1538461538461537,5,5.0,2.9545454545454546
22,42,1.7272727272727273,3,4.0,1.6666666666666667
22,37,2.8181818181818183,5,3.2,1.7777777777777777
23,39,3.3043478260869565,6,5.833333333333333,1.8421052631578947
19,35,1.4736842105263157,2,9.0,2.0
26,65,3.076923076923077,5,5.0,2.727272727272727
19,32,1.5263157894736843,2,8.5,1.7
21,34,2.761904761904762,5,2.9,1.7058823529411764
22,32,3.1363636363636362,5,4.142857142857143,1.5263157894736843
25,102,3.76,7,5.333333333333333,4.571428571428571
23,83,4.130434782608695,8,4.125,3.473684210526316
26,43,2.8846153846153846,5,3.4545454545454546,1.7272727272727273
23,39,3.3043478260869565,6,5.833333333333333,1.8421052631578947
20,31,1.55,3,5.333333333333333,1.6
27,90,3.5185185185185186,6,5.533333333333333,3.608695652173913
23,52,2.0434782608695654,4,4.833333333333333,2.230769230769231
23,40,2.8260869565217392,5,3.5,1.8421052631578947
23,39,3.3043478260869565,6,5.833333333333333,1.8421052631578947
25,55,3.04,5,6.25,2.380952380952381
25,58,2.16,4,5.5,2.2
22,51,1.8636363636363635,3,5.166666666666667,2.3846153846153846
23,39,3.3043478260869565,6,5.833333333333333,1.8421052631578947
26,78,3.3846153846153846,6,4.0,2.727272727272727
25,40,2.8,4,3.888888888888889,1.6666666666666667
27,82,3.111111111111111,6,4.428571428571429,2.9523809523809526
23,39,3.3043478260869565,6,5.833333333333333,1.8421052631578947
24,90,3.4583333333333335,6,4.5,3.6
25,92,4.24,8,3.526315789473684,3.1904761904761907
28,56,3.0714285714285716,6,3.923076923076923,2.125
25,42,2.84,5,3.7,1.7619047619047619
22,38,3.227272727272727,6,5.666666666666667,1.8888888888888888
25,51,2.64,5,5.222222222222222,2.238095238095238
28,122,3.642857142857143,7,5.75,4.791666666666667
25,74,3.44,6,4.142857142857143,2.761904761904762
26,90,3.4615384615384617,6,5.538461538461538,3.272727272727273
21,25,1.4761904761904763,3,3.0,1.2857142857142858
21,27,1.4761904761904763,3,3.0,1.2857142857142858
26,92,3.5,6,4.764705882352941,3.6818181818181817
22,77,2.6363636363636362,5,4.666666666666667,3.2941176470588234
24,128,3.7916666666666665,8,5.285714285714286,5.55
20,79,3.85,8,4.6,4.0588235294117645
21,69,2.857142857142857,6,4.428571428571429,3.6470588235294117
26,183,3.8846153846153846,8,6.958333333333333,7.590909090909091
22,34,3.0,5,4.0,1.5555555555555556
24,49,2.75,4,6.571428571428571,2.1904761904761907
24,65,2.625,5,4.357142857142857,3.05
17,38,2.235294117647059,5,3.2222222222222223,2.6363636363636362
21,69,3.2857142857142856,7,4.266666666666667,3.5555555555555554
22,58,2.8181818181818183,5,4.333333333333333,2.1666666666666665
20,68,3.2,6,4.066666666666666,3.588235294117647
24,65,2.625,5,3.8125,3.05
23,75,2.9565217391304346,6,4.583333333333333,3.0555555555555554
24,42,3.375,6,6.333333333333333,1.8095238095238095
26,86,3.0,6,3.888888888888889,3.1818181818181817
29,112,3.1724137931034484,6,5.0476190476190474,4.24
18,31,1.5555555555555556,3,2.5,2.142857142857143
14,21,1.6428571428571428,4,2.25,1.8
27,77,3.2222222222222223,5,5.0,2.9545454545454546
24,41,3.375,6,6.333333333333333,1.8095238095238095
24,72,3.0416666666666665,5,4.714285714285714,3.142857142857143
23,49,2.6956521739130435,5,4.5,2.3684210526315788
21,71,2.8095238095238093,6,4.266666666666667,3.764705882352941
25,86,3.36,6,4.5625,3.4761904761904763
24,41,3.375,6,6.333333333333333,1.8095238095238095
24,71,2.625,5,4.5,3.0
27,69,2.962962962962963,5,4.333333333333333,2.7083333333333335
18,36,1.7777777777777777,4,2.857142857142857,2.5
17,31,1.4705882352941178,3,2.5,2.5
22,62,3.1818181818181817,5,4.461538461538462,3.0526315789473686
22,55,2.5454545454545454,4,5.2,2.736842105263158
21,48,2.0952380952380953,4,3.75,2.727272727272727
12,16,1.4166666666666667,3,1.5,1.5
27,96,3.5555555555555554,6,5.4,3.5217391304347827
23,40,3.391304347826087,6,6.166666666666667,1.85
19,56,3.473684210526316,7,4.083333333333333,3.0625
22,58,2.8181818181818183,6,2.411764705882353,2.9285714285714284
27,79,3.111111111111111,5,5.769230769230769,3.125
22,51,1.9545454545454546,4,4.833333333333333,2.6363636363636362
19,31,1.4736842105263157,2,6.5,1.4444444444444444
22,38,3.409090909090909,6,5.833333333333333,1.8421052631578947
27,77,2.7037037037037037,4,5.538461538461538,3.130434782608696
28,78,2.8214285714285716,5,4.818181818181818,2.65
22,38,3.409090909090909,6,5.833333333333333,1.8421052631578947
19,31,1.6842105263157894,2,4.666666666666667,1.0769230769230769
20,45,2.6,5,2.3076923076923075,2.142857142857143
24,40,2.7083333333333335,5,6.0,1.8
25,72,3.0,5,4.25,2.55
22,38,3.409090909090909,6,5.833333333333333,1.8421052631578947
24,81,3.2916666666666665,5,4.333333333333333,3.25
24,76,3.8333333333333335,8,3.466666666666667,2.6
26,44,3.0384615384615383,6,3.6363636363636362,1.8181818181818181
21,37,3.3333333333333335,6,5.666666666666667,1.8888888888888888
26,64,2.1923076923076925,4,2.933333333333333,2.3157894736842106
21,44,1.9523809523809523,4,2.25,2.25
27,52,2.888888888888889,5,3.6923076923076925,2.0869565217391304
14,20,1.5714285714285714,4,2.0,1.6
14,19,1.5,3,2.3333333333333335,1.4
22,36,2.909090909090909,6,2.909090909090909,1.7777777777777777
17,27,1.5294117647058822,3,2.75,1.5714285714285714
29,100,4.0,7,6.416666666666667,3.08
21,30,3.0476190476190474,5,3.857142857142857,1.5
26,104,3.923076923076923,7,5.5,4.304347826086956
26,60,2.1153846153846154,4,4.857142857142857,2.2666666666666666
22,50,1.9545454545454546,3,6.2,2.2142857142857144
22,38,3.409090909090909,6,5.833333333333333,1.8421052631578947
15,34,3.0,6,2.75,2.0
27,41,2.8518518518518516,4,4.111111111111111,1.608695652173913
19,30,1.4736842105263157,3,2.4,1.7142857142857142
25,84,3.04,6,4.222222222222222,3.4545454545454546
22,34,2.772727272727273,5,3.0,1.6666666666666667
21,37,3.3333333333333335,6,5.666666666666667,1.8888888888888888
24,75,2.5,4,4.375,3.5
26,73,3.0,6,4.083333333333333,2.45
23,39,3.3043478260869565,6,5.833333333333333,1.8421052631578947
24,83,3.4583333333333335,6,4.4,3.3
24,81,3.9166666666666665,8,3.75,3.0
30,123,3.6666666666666665,7,5.285714285714286,4.269230769230769
13,20,1.6923076923076923,4,2.25,1.8
21,37,3.3333333333333335,6,5.666666666666667,1.8888888888888888
24,86,3.375,6,4.666666666666667,3.5
25,43,2.68,4,5.571428571428571,1.8571428571428572
23,39,3.3043478260869565,6,5.833333333333333,1.8421052631578947
25,86,2.92,5,4.0588235294117645,3.2857142857142856
24,38,2.8333333333333335,5,3.4,1.7
22,38,3.227272727272727,6,5.666666666666667,1.8888888888888888
24,82,3.2916666666666665,5,4.2,3.15
25,90,4.28,8,3.8333333333333335,3.2857142857142856
27,77,3.4444444444444446,7,4.5,3.130434782608696
24,63,2.4583333333333335,5,4.5,3.0
23,39,3.3043478260869565,6,5.833333333333333,1.8421052631578947
27,65,2.4814814814814814,5,3.230769230769231,2.210526315789474
25,43,2.72,4,6.5,1.8571428571428572
26,84,3.3846153846153846,6,5.285714285714286,3.217391304347826
21,33,2.9047619047619047,6,2.9,1.7058823529411764
23,39,3.3043478260869565,6,5.833333333333333,1.8421052631578947
23,70,3.0869565217391304,5,6.5,3.4210526315789473
26,81,2.9615384615384617,6,4.384615384615385,2.85
24,41,3.2916666666666665,6,6.166666666666667,1.85
23,64,3.0434782608695654,5,4.363636363636363,2.526315789473684
26,52,2.6153846153846154,4,5.333333333333333,2.1818181818181817
23,68,3.0869565217391304,5,4.083333333333333,2.7222222222222223
23,62,3.217391304347826,7,4.818181818181818,2.789473684210526
21,26,1.619047619047619,3,5.5,1.2222222222222223
25,107,3.8,7,5.315789473684211,4.809523809523809
21,68,3.8095238095238093,8,3.857142857142857,3.176470588235294
27,50,2.962962962962963,5,4.090909090909091,1.9565217391304348
19,31,1.4736842105263157,3,2.3333333333333335,2.0
24,40,2.8333333333333335,5,3.5,1.75
24,67,3.125,5,4.5,2.8421052631578947
23,68,3.4347826086956523,6,4.5,3.3157894736842106
18,39,2.8333333333333335,7,2.727272727272727,2.142857142857143
21,40,2.9047619047619047,6,2.9166666666666665,2.0588235294117645
23,39,3.3043478260869565,6,5.833333333333333,1.8421052631578947
24,79,3.3333333333333335,6,6.166666666666667,3.7
26,78,3.1153846153846154,6,4.0,2.6666666666666665
24,40,3.2916666666666665,6,6.0,1.8
24,89,3.5,6,4.5625,3.65
25,51,2.64,5,5.222222222222222,2.238095238095238
24,41,3.2916666666666665,6,6.166666666666667,1.85
23,76,3.130434782608696,5,4.3125,3.45
24,51,2.875,6,5.222222222222222,2.35
21,73,3.0952380952380953,6,5.076923076923077,3.8823529411764706
25,92,3.84,8,4.466666666666667,3.1904761904761907
22,37,3.272727272727273,6,4.714285714285714,1.8333333333333333
24,94,3.5,6,4.9375,3.95
22,58,2.772727272727273,6,2.7142857142857144,2.533333333333333
25,48,3.04,6,3.5833333333333335,2.0476190476190474
24,64,2.375,4,6.0,2.8
23,48,1.8695652173913044,3,5.2,2.1666666666666665
20,53,2.8,6,2.75,2.357142857142857
23,40,2.8260869565217392,5,3.4,1.7894736842105263
16,29,1.875,3,3.0,1.6666666666666667
22,41,3.409090909090909,6,5.428571428571429,2.0
28,68,3.2142857142857144,5,5.909090909090909,2.6
22,38,1.7272727272727273,3,4.2,2.1
22,40,1.9090909090909092,4,4.6,2.090909090909091
22,46,3.227272727272727,6,4.4,2.2
13,21,1.6923076923076923,4,2.5,2.0
13,21,1.5384615384615385,3,2.5,2.0
24,41,3.375,6,6.333333333333333,1.8095238095238095
27,65,3.1481481481481484,5,6.777777777777778,2.5416666666666665
26,57,1.9615384615384615,4,4.25,2.6153846153846154
22,52,2.1363636363636362,4,3.6666666666666665,2.0625
24,41,3.375,6,6.333333333333333,1.8095238095238095
21,31,1.619047619047619,3,4.333333333333333,1.0833333333333333
28,85,3.3214285714285716,5,5.333333333333333,3.2
25,82,3.08,6,4.933333333333334,3.3636363636363638
23,61,2.6956521739130435,5,4.071428571428571,3.0
24,77,3.0,6,4.375,3.5
18,30,1.7222222222222223,3,2.8,1.5555555555555556
23,39,3.391304347826087,6,6.0,1.8
25,53,3.12,5,5.444444444444445,2.227272727272727
13,20,1.6923076923076923,4,2.25,1.8
24,41,3.375,6,6.333333333333333,1.8095238095238095
26,91,3.3846153846153846,6,4.75,3.4545454545454546
24,82,4.0,8,3.4705882352941178,2.95
24,48,3.1666666666666665,6,4.090909090909091,2.142857142857143
23,40,3.391304347826087,6,6.166666666666667,1.85
22,62,3.090909090909091,6,2.9375,2.611111111111111
27,49,2.888888888888889,5,3.4615384615384617,1.9565217391304348
13,20,1.6923076923076923,4,2.25,1.8
27,81,3.1481481481481484,6,3.8666666666666667,2.761904761904762
30,189,4.333333333333333,8,7.869565217391305,6.961538461538462
22,45,3.227272727272727,5,4.777777777777778,2.15
27,108,4.0,7,5.2,4.333333333333333
24,53,2.0,4,4.833333333333333,2.230769230769231
21,47,1.8571428571428572,3,4.142857142857143,2.230769230769231
29,103,3.586206896551724,6,7.7,3.08
23,40,3.391304347826087,6,6.166666666666667,1.85
24,81,3.2916666666666665,5,4.857142857142857,3.4
26,50,2.6153846153846154,5,5.111111111111111,2.090909090909091
31,120,3.5806451612903225,6,5.277777777777778,3.5185185185185186
24,71,3.5833333333333335,6,5.5,3.142857142857143
18,27,1.5,3,2.75,1.5714285714285714
21,38,1.7142857142857142,3,3.8,1.7272727272727273
22,38,3.409090909090909,6,5.833333333333333,1.8421052631578947
24,81,3.375,6,4.4,3.3
25,88,4.12,8,3.7222222222222223,3.1904761904761907
26,46,3.0384615384615383,6,3.8181818181818183,1.9090909090909092
22,38,3.409090909090909,6,5.833333333333333,1.8421052631578947
28,41,2.857142857142857,4,4.625,1.5416666666666667
25,48,1.56,3,3.8333333333333335,1.9166666666666667
29,114,3.689655172413793,7,5.684210526315789,4.32
23,43,1.8695652173913044,3,5.0,1.6666666666666667
23,72,3.4347826086956523,6,4.466666666666667,3.35
22,56,3.3636363636363638,6,3.4615384615384617,2.5
23,68,3.130434782608696,5,4.5,3.3157894736842106
21,58,2.857142857142857,5,4.153846153846154,3.176470588235294
19,48,2.6842105263157894,5,3.75,2.3076923076923075
22,36,3.3636363636363638,6,5.5,1.736842105263158
25,47,2.68,4,5.375,2.0476190476190474
16,20,1.4375,2,7.0,1.0
22,38,3.409090909090909,6,5.833333333333333,1.8421052631578947
23,73,3.0869565217391304,5,4.642857142857143,3.25
23,48,2.782608695652174,6,4.888888888888889,2.3157894736842106
21,67,2.619047619047619,5,4.615384615384615,3.5294117647058822
17,27,1.6470588235294117,3,3.0,1.5
23,39,3.3043478260869565,6,5.833333333333333,1.8421052631578947
26,77,2.576923076923077,5,3.3529411764705883,2.85
24,63,3.1666666666666665,5,4.461538461538462,2.761904761904762
25,87,3.2,6,4.705882352941177,3.8095238095238093
19,33,1.5263157894736843,2,8.5,1.7
17,38,1.7058823529411764,3,2.625,2.1
20,52,2.85,5,3.4166666666666665,2.7333333333333334
21,38,2.8095238095238093,5,3.0,1.9411764705882353
18,29,1.6111111111111112,3,3.0,1.5
13,16,1.3076923076923077,3,1.6666666666666667,1.6666666666666667
29,100,4.0,7,6.7272727272727275,2.96
21,29,3.0476190476190474,5,4.333333333333333,1.4444444444444444
27,117,3.888888888888889,7,5.0,4.130434782608695
25,42,3.28,6,6.333333333333333,1.8095238095238095
24,84,4.125,8,3.5789473684210527,3.4
28,55,3.0714285714285716,6,3.923076923076923,2.125
19,33,1.7894736842105263,4,2.6666666666666665,1.7777777777777777
24,41,2.875,5,3.6,1.8
22,38,3.227272727272727,6,5.666666666666667,1.8888888888888888
21,65,4.095238095238095,8,4.071428571428571,3.1666666666666665
22,36,2.8636363636363638,5,2.909090909090909,1.7777777777777777
13,21,1.6923076923076923,4,2.5,2.0
26,79,3.1153846153846154,6,4.214285714285714,2.95
23,40,2.652173913043478,4,6.0,1.894736842105263
25,78,3.52,6,5.0,2.619047619047619
23,39,3.3043478260869565,6,5.833333333333333,1.8421052631578947
27,61,3.037037037037037,5,7.0,2.4347826086956523
24,41,3.2916666666666665,6,6.166666666666667,1.85
14,29,3.4285714285714284,6,3.0,1.6363636363636365
26,85,3.0,5,5.266666666666667,3.590909090909091
24,79,3.2083333333333335,6,3.6875,2.95
19,30,1.5789473684210527,2,7.5,1.3636363636363635
20,30,1.25,2,3.0,2.4
20,34,2.75,5,3.2222222222222223,1.8125
23,39,3.3043478260869565,6,5.833333333333333,1.8421052631578947
24,79,3.2083333333333335,6,6.083333333333333,3.65
26,57,2.0384615384615383,4,4.428571428571429,2.2142857142857144
13,22,1.6923076923076923,4,2.75,2.2
25,78,3.4,6,4.0,3.0476190476190474
18,25,1.2777777777777777,2,4.0,1.6
26,99,3.6153846153846154,7,5.111111111111111,4.181818181818182
22,61,3.227272727272727,6,3.75,2.5
21,41,2.8095238095238093,5,3.090909090909091,2.0
22,66,2.8636363636363638,6,3.75,2.8125
22,63,3.3181818181818183,6,3.923076923076923,2.8333333333333335
28,101,4.178571428571429,7,6.25,3.125
21,30,3.0952380952380953,5,4.5,1.5
27,103,3.814814814814815,6,5.105263157894737,4.041666666666667
25,63,2.28,4,5.428571428571429,2.533333333333333
22,56,2.3181818181818183,4,5.857142857142857,2.9285714285714284
23,39,3.3043478260869565,6,5.0,1.8421052631578947
24,90,3.5,6,5.066666666666666,3.8
23,81,4.130434782608695,8,3.4444444444444446,3.263157894736842
26,84,3.3846153846153846,6,4.9375,3.590909090909091
12,21,1.75,4,2.75,2.2
23,41,3.3043478260869565,6,5.285714285714286,1.9473684210526316
15,34,3.8,6,3.8333333333333335,1.7692307692307692
25,103,3.32,6,4.666666666666667,4.0
26,73,3.1538461538461537,5,4.857142857142857,3.090909090909091
19,43,2.0526315789473686,4,3.25,2.6
19,46,2.1578947368421053,4,2.9,2.6363636363636362
21,40,3.380952380952381,6,4.714285714285714,1.9411764705882353
21,41,1.7142857142857142,4,4.8,2.0
15,28,2.066666666666667,5,2.5714285714285716,2.5714285714285716
26,59,3.0384615384615383,6,4.666666666666667,2.4347826086956523
23,39,3.3043478260869565,6,6.0,1.8
26,101,3.730769230769231,7,4.777777777777778,3.909090909090909
28,74,2.75,4,4.733333333333333,2.84
25,71,2.88,5,4.833333333333333,3.0526315789473686
22,60,2.5,5,3.1666666666666665,2.533333333333333
24,41,3.375,6,6.333333333333333,1.8095238095238095
26,64,3.1538461538461537,5,6.666666666666667,2.608695652173913
24,41,3.375,6,6.333333333333333,1.8095238095238095
14,26,2.357142857142857,5,2.5,1.6666666666666667
18,41,1.8888888888888888,3,5.2,2.6
26,52,3.0384615384615383,6,4.083333333333333,2.130434782608696
24,64,2.9583333333333335,5,5.083333333333333,2.9047619047619047
23,56,2.3043478260869565,4,5.142857142857143,2.5714285714285716
23,40,3.3043478260869565,6,6.166666666666667,1.85
27,55,2.5925925925925926,4,6.375,2.217391304347826
16,24,1.5625,3,2.5,1.4285714285714286
24,41,3.375,6,6.333333333333333,1.8095238095238095
25,90,3.44,6,5.0,3.5714285714285716
22,72,4.0,8,3.4,2.8333333333333335
18,28,1.3888888888888888,3,2.4,2.0
26,44,3.0384615384615383,6,3.6363636363636362,1.8181818181818181
23,70,3.6956521739130435,7,4.714285714285714,3.3
19,37,1.736842105263158,3,3.8,1.9
23,69,3.1739130434782608,7,4.5,3.3157894736842106
23,43,2.0434782608695654,4,4.666666666666667,2.1538461538461537
29,136,4.413793103448276,8,5.909090909090909,5.0
28,99,3.5714285714285716,6,4.6875,3.125
25,81,3.72,6,5.846153846153846,3.4545454545454546
23,75,3.347826086956522,6,4.0588235294117645,3.45
26,92,3.4615384615384617,6,5.071428571428571,3.227272727272727
23,40,3.391304347826087,6,6.166666666666667,1.85
25,83,3.4,6,4.866666666666666,3.4761904761904763
23,80,4.0,8,3.611111111111111,3.4210526315789473
24,48,2.7916666666666665,5,4.888888888888889,2.2
23,78,3.4347826086956523,7,4.176470588235294,3.736842105263158
26,44,3.230769230769231,6,6.666666666666667,1.8181818181818181
22,69,3.272727272727273,6,3.176470588235294,3.0
26,65,3.230769230769231,5,5.454545454545454,2.608695652173913
19,34,1.5263157894736843,2,9.0,1.8
27,99,3.5925925925925926,7,5.571428571428571,3.391304347826087
23,40,3.391304347826087,6,6.166666666666667,1.85
24,83,3.4166666666666665,6,5.461538461538462,3.55
24,90,4.166666666666667,8,3.9444444444444446,3.55
23,42,2.739130434782609,5,6.333333333333333,2.0
24,84,3.2083333333333335,6,4.8125,3.85
22,38,3.409090909090909,6,5.833333333333333,1.8421052631578947
18,46,3.2777777777777777,6,3.230769230769231,2.8
28,104,3.2857142857142856,7,5.388888888888889,4.041666666666667
22,70,3.227272727272727,5,4.333333333333333,3.4210526315789473
22,49,1.9090909090909092,4,4.5,2.4545454545454546
21,55,3.1904761904761907,6,3.4615384615384617,2.6470588235294117
23,57,2.5652173913043477,5,4.076923076923077,2.789473684210526
21,49,2.9523809523809526,5,3.1666666666666665,2.375
20,63,3.25,6,4.3076923076923075,3.2941176470588234
26,86,3.576923076923077,6,4.923076923076923,2.909090909090909
22,37,3.3636363636363638,6,5.666666666666667,1.7894736842105263
24,84,3.375,6,5.0,3.5
24,83,4.166666666666667,8,3.5555555555555554,3.2
23,43,2.782608695652174,5,4.875,2.0526315789473686
24,83,3.5,7,4.75,3.8
24,40,3.25,6,6.0,1.8
23,71,3.260869565217391,6,3.6,2.8421052631578947
26,48,2.8846153846153846,5,3.6666666666666665,2.0
24,79,3.3333333333333335,7,3.933333333333333,2.95
22,58,2.3636363636363638,5,4.0,2.4
21,59,3.238095238095238,6,3.857142857142857,3.0
22,55,2.409090909090909,5,4.714285714285714,2.357142857142857
21,52,3.238095238095238,6,3.4166666666666665,2.411764705882353
26,86,3.423076923076923,6,5.7272727272727275,2.8636363636363638
21,29,3.0476190476190474,5,4.333333333333333,1.4444444444444444
27,120,4.037037037037037,7,5.578947368421052,4.416666666666667
19,42,2.1578947368421053,4,3.4285714285714284,2.1818181818181817
24,41,3.2916666666666665,6,6.166666666666667,1.85
27,113,3.8518518518518516,7,4.7,4.086956521739131
25,42,3.28,6,6.333333333333333,1.8095238095238095
14,29,2.9285714285714284,5,3.8,1.9
24,78,3.7916666666666665,8,3.1578947368421053,3.1578947368421053
28,85,3.642857142857143,7,4.705882352941177,3.3333333333333335
18,33,1.4444444444444444,3,3.0,2.142857142857143
19,37,1.4736842105263157,3,2.25,2.25
23,39,3.3043478260869565,6,5.833333333333333,1.8421052631578947
14,29,3.4285714285714284,6,2.8333333333333335,1.5454545454545454
26,44,2.769230769230769,4,6.666666666666667,1.8181818181818181
23,39,3.3043478260869565,6,5.833333333333333,1.8421052631578947
21,61,3.761904761904762,8,4.153846153846154,3.176470588235294
25,44,2.84,5,3.25,1.8571428571428572
22,67,3.8636363636363638,7,5.333333333333333,3.3684210526315788
25,92,3.12,6,4.352941176470588,3.5238095238095237
23,40,2.9130434782608696,6,2.9166666666666665,1.8421052631578947
26,77,3.0384615384615383,5,4.666666666666667,2.8
23,37,2.8260869565217392,5,3.2,1.6842105263157894
23,39,3.3043478260869565,6,5.833333333333333,1.8421052631578947
24,85,3.4166666666666665,6,4.533333333333333,3.4
24,86,4.166666666666667,8,3.764705882352941,3.2
25,49,3.08,6,3.6666666666666665,2.0952380952380953
22,34,2.772727272727273,5,3.0,1.6666666666666667
23,39,3.3043478260869565,6,5.833333333333333,1.8421052631578947
27,110,3.7037037037037037,7,5.388888888888889,4.217391304347826
29,99,3.6206896551724137,6,5.529411764705882,3.76
26,74,2.4615384615384617,4,5.555555555555555,2.9411764705882355
18,50,2.9444444444444446,6,3.090909090909091,2.4285714285714284
23,38,3.3043478260869565,6,5.666666666666667,1.7894736842105263
24,85,3.4583333333333335,6,4.733333333333333,3.55
24,89,4.25,8,3.8333333333333335,3.45
25,99,3.68,7,4.55,4.136363636363637
23,39,3.3043478260869565,6,5.833333333333333,1.8421052631578947
23,77,3.0869565217391304,5,4.6,3.45
28,91,3.6785714285714284,7,4.777777777777778,3.5833333333333335
17,28,1.5294117647058822,3,3.25,1.8571428571428572
22,51,1.8636363636363635,3,5.166666666666667,2.3846153846153846
21,32,3.0952380952380953,5,4.0,1.5555555555555556
27,110,4.037037037037037,7,5.315789473684211,4.208333333333333
12,23,2.3333333333333335,5,3.0,2.142857142857143
24,44,3.25,6,4.625,1.85
24,89,3.4166666666666665,6,5.0,3.75
23,79,4.130434782608695,8,3.6470588235294117,3.263157894736842
24,51,2.8333333333333335,5,5.222222222222222,2.35
22,78,3.3636363636363638,7,5.071428571428571,3.9444444444444446
22,39,3.272727272727273,6,4.857142857142857,1.8888888888888888
15,33,3.7333333333333334,6,3.6666666666666665,1.6923076923076923
22,77,4.181818181818182,8,3.5294117647058822,3.3333333333333335
28,85,3.607142857142857,7,5.0,3.3333333333333335
18,42,2.0555555555555554,4,2.888888888888889,2.6
22,64,3.0,5,4.0,3.0588235294117645
21,37,3.380952380952381,6,4.714285714285714,1.9411764705882353
24,83,3.375,6,4.928571428571429,3.45
25,66,3.44,6,4.846153846153846,2.8636363636363638
26,84,3.423076923076923,6,4.277777777777778,3.5
23,37,3.3043478260869565,6,5.666666666666667,1.7
18,41,2.5555555555555554,4,3.7142857142857144,2.0
28,68,3.2142857142857144,5,5.909090909090909,2.6
25,56,2.0,4,4.375,2.6923076923076925
24,41,3.375,6,6.333333333333333,1.8095238095238095
25,77,2.8,5,4.5,3.272727272727273
26,58,2.9615384615384617,6,5.4,2.4545454545454546
22,70,2.8181818181818183,6,4.2,3.5
26,44,3.3076923076923075,6,6.833333333333333,1.7826086956521738
26,60,3.1538461538461537,5,5.6,2.4347826086956523
14,21,1.6428571428571428,4,2.25,1.8
14,21,1.6428571428571428,4,2.25,1.8
29,108,3.4827586206896552,7,5.666666666666667,4.08
18,31,1.6111111111111112,3,2.8,1.75
21,34,2.761904761904762,5,3.0,1.7647058823529411
23,40,3.391304347826087,6,6.166666666666667,1.85
24,82,4.083333333333333,8,3.823529411764706,3.25
27,57,3.037037037037037,6,4.153846153846154,2.25
18,29,1.5,3,2.6,1.8571428571428572
23,63,3.3043478260869565,6,5.2727272727272725,2.9
22,39,2.0,4,4.0,1.8461538461538463
20,33,2.1,4,5.25,1.75
18,45,2.111111111111111,5,3.7777777777777777,2.8333333333333335
22,74,2.1818181818181817,4,4.333333333333333,3.466666666666667
19,61,3.210526315789474,7,4.0,3.5
21,67,2.9047619047619047,6,4.2,3.5
23,95,3.608695652173913,8,5.0,4.7368421052631575
20,56,3.5,7,4.7272727272727275,3.0588235294117645
28,176,4.071428571428571,8,6.538461538461538,7.083333333333333
21,41,3.238095238095238,5,4.875,2.0526315789473686
19,32,1.4736842105263157,2,6.333333333333333,2.111111111111111
29,97,3.2758620689655173,6,5.75,3.68
16,29,1.75,3,3.0,1.875
13,20,1.9230769230769231,4,2.5,1.6666666666666667
24,68,3.375,6,3.7333333333333334,2.8
30,106,3.7,6,8.1,3.1153846153846154
23,40,3.391304347826087,6,6.166666666666667,1.85
24,54,3.125,5,4.454545454545454,2.3333333333333335
13,19,1.6923076923076923,4,2.25,1.8
23,40,3.391304347826087,6,6.166666666666667,1.85
23,70,3.0434782608695654,5,4.5,3.15
23,43,2.6956521739130435,5,4.333333333333333,2.0526315789473686
21,69,3.0952380952380953,6,4.769230769230769,3.6470588235294117
22,38,3.409090909090909,6,5.833333333333333,1.8421052631578947
18,39,1.7222222222222223,3,6.0,2.6666666666666665
24,70,3.0416666666666665,5,4.0,2.6
24,46,2.75,5,5.25,2.1
24,70,3.125,6,4.9,2.5789473684210527
26,86,3.4615384615384617,6,5.0,2.727272727272727
22,38,3.409090909090909,6,5.833333333333333,1.8421052631578947
24,83,2.8333333333333335,5,4.533333333333333,3.4
24,79,3.5416666666666665,7,4.5,3.4285714285714284
22,38,3.409090909090909,6,5.833333333333333,1.8421052631578947
23,73,4.0,8,3.388888888888889,3.210526315789474
24,41,2.75,5,5.285714285714286,1.85
24,89,3.5,7,4.823529411764706,4.1
12,19,1.75,4,2.25,1.8
21,34,2.9047619047619047,6,3.0,1.7647058823529411
22,38,3.409090909090909,6,5.833333333333333,1.8421052631578947
27,112,3.7037037037037037,7,5.470588235294118,4.043478260869565
29,93,2.9655172413793105,5,5.176470588235294,3.52
27,69,2.5555555555555554,5,4.454545454545454,2.7222222222222223
19,48,2.736842105263158,5,3.3333333333333335,2.142857142857143
25,79,3.0,5,4.625,3.5238095238095237
24,60,2.5833333333333335,5,4.5,2.25
20,35,3.35,6,5.333333333333333,1.8823529411764706
24,84,3.4583333333333335,6,4.533333333333333,3.4
25,83,4.08,8,3.8125,2.9047619047619047
27,51,3.074074074074074,6,3.9166666666666665,2.0434782608695654
24,40,3.25,6,6.0,1.8
20,30,1.4,3,3.3333333333333335,1.4285714285714286
26,82,2.6923076923076925,4,5.133333333333334,3.5
25,69,3.08,6,3.466666666666667,2.6
22,77,3.409090909090909,6,4.117647058823529,3.6842105263157894
21,30,3.0476190476190474,5,4.5,1.5
27,121,3.888888888888889,7,4.75,4.130434782608695
12,22,2.0,4,3.0,2.0
24,41,3.2916666666666665,6,6.166666666666667,1.85
24,76,3.375,6,3.6875,2.95
26,82,2.6923076923076925,4,5.133333333333334,3.5
22,41,1.8181818181818181,3,4.75,1.7272727272727273
21,47,2.1904761904761907,4,3.857142857142857,2.25
19,35,1.4210526315789473,3,2.2857142857142856,2.2857142857142856
21,67,3.2857142857142856,6,3.75,3.3333333333333335
23,39,3.3043478260869565,6,5.833333333333333,1.8421052631578947
20,32,1.6,3,3.5,1.2727272727272727
29,127,3.586206896551724,7,6.0,4.8
18,30,1.6111111111111112,3,2.8,1.75
25,59,2.28,5,4.25,2.2666666666666666
23,68,3.0,5,4.5,3.3157894736842106
12,18,1.5833333333333333,3,2.0,1.6
18,43,2.3333333333333335,5,2.7777777777777777,2.272727272727273
21,38,2.8095238095238093,5,3.2,1.8823529411764706
18,34,1.8888888888888888,3,3.1666666666666665,1.7272727272727273
23,38,3.3043478260869565,6,5.666666666666667,1.7894736842105263
26,111,3.6923076923076925,7,5.470588235294118,4.2272727272727275
29,96,3.6206896551724137,6,5.625,3.6
27,73,2.5555555555555554,5,4.545454545454546,2.7777777777777777
18,50,2.7777777777777777,6,3.2,2.4615384615384617
23,39,3.3043478260869565,6,5.833333333333333,1.8421052631578947
20,31,1.55,3,5.0,1.5
25,68,2.76,6,3.066666666666667,2.7058823529411766
24,65,3.3333333333333335,6,4.615384615384615,3.0
22,63,3.0454545454545454,5,3.9166666666666665,2.764705882352941
21,37,2.8095238095238093,5,3.4444444444444446,1.8235294117647058
23,39,3.3043478260869565,6,5.833333333333333,1.8421052631578947
25,57,3.04,5,5.777777777777778,2.4761904761904763
25,58,2.16,4,5.5,2.2
22,53,2.1363636363636362,4,4.714285714285714,2.357142857142857
23,39,3.3043478260869565,6,5.833333333333333,1.8421052631578947
21,37,1.5238095238095237,3,6.333333333333333,1.9
24,45,2.6666666666666665,4,6.666666666666667,2.0
19,40,1.894736842105263,4,3.2857142857142856,2.5555555555555554
21,45,2.0952380952380953,4,3.857142857142857,2.076923076923077
26,98,3.4615384615384617,6,6.0,3.272727272727273
21,31,3.0952380952380953,5,4.0,1.5555555555555556
24,69,3.375,6,4.0625,3.0952380952380953
28,77,3.2142857142857144,6,4.8,3.0
13,20,1.6923076923076923,4,3.0,2.4
23,73,2.869565217391304,5,4.714285714285714,3.473684210526316
22,54,2.1363636363636362,4,4.571428571428571,2.6666666666666665
13,23,1.6923076923076923,4,3.0,2.4
21,36,3.380952380952381,6,4.571428571428571,1.8823529411764706
26,60,3.0384615384615383,5,6.111111111111111,2.5
25,66,2.32,4,5.25,2.8
20,45,2.2,4,4.428571428571429,2.5833333333333335
22,41,3.409090909090909,6,5.428571428571429,2.0
25,76,3.2,5,4.125,3.142857142857143
25,48,2.8,4,7.5,2.0454545454545454
24,73,3.375,6,4.428571428571429,3.1
23,40,3.3043478260869565,6,6.166666666666667,1.85
26,94,3.3076923076923075,5,5.125,3.727272727272727
23,81,4.217391304347826,8,3.588235294117647,3.210526315789474
27,52,3.111111111111111,6,4.363636363636363,2.0869565217391304
24,58,2.1666666666666665,4,4.625,2.642857142857143
23,40,3.3043478260869565,6,6.166666666666667,1.85
27,55,2.6296296296296298,5,5.666666666666667,2.217391304347826
31,121,3.6451612903225805,7,5.181818181818182,4.222222222222222
18,31,1.6666666666666667,3,2.5,1.875
23,40,3.3043478260869565,6,6.166666666666667,1.85
26,38,2.769230769230769,4,4.25,1.5454545454545454
25,92,3.52,6,4.777777777777778,3.909090909090909
26,47,3.0384615384615383,6,3.909090909090909,1.9545454545454546
19,39,1.894736842105263,4,2.625,2.3333333333333335
24,62,3.2083333333333335,5,5.363636363636363,2.8095238095238093
19,34,1.736842105263158,3,3.6,1.8
12,16,1.4166666666666667,3,1.5,1.5
22,38,3.409090909090909,6,5.833333333333333,1.8421052631578947
14,28,2.5714285714285716,5,2.6666666666666665,1.6
27,76,2.962962962962963,5,5.615384615384615,3.0416666666666665
24,59,2.2916666666666665,5,4.375,2.5
17,42,3.235294117647059,7,3.2,2.2857142857142856
23,64,3.391304347826087,7,5.363636363636363,2.95
22,37,2.772727272727273,5,6.25,1.5625
27,124,3.814814814814815,7,5.4,4.695652173913044
23,40,3.4347826086956523,6,6.166666666666667,1.85
17,25,1.588235294117647,3,4.0,1.3333333333333333
28,98,3.25,5,6.2,3.72
23,58,2.3043478260869565,4,5.0,2.5
20,37,1.75,3,4.2,1.9090909090909092
21,36,3.4285714285714284,6,5.5,1.8333333333333333
22,55,2.772727272727273,4,4.444444444444445,2.2222222222222223
26,47,2.730769230769231,4,6.142857142857143,1.9545454545454546
23,61,3.0434782608695654,5,4.0,2.6666666666666665
21,30,3.0476190476190474,5,3.857142857142857,1.5
25,83,3.2,6,4.647058823529412,3.590909090909091
23,80,3.3043478260869565,6,4.176470588235294,3.55
13,21,1.6923076923076923,4,2.5,2.0
22,34,2.772727272727273,5,3.0,1.6666666666666667
19,32,1.3157894736842106,2,2.6,2.1666666666666665
15,20,1.4666666666666666,2,7.0,1.0
22,38,3.409090909090909,6,5.833333333333333,1.8421052631578947
27,73,2.4074074074074074,5,3.0625,2.5789473684210527
27,77,2.8518518518518516,5,5.538461538461538,3.0
13,20,1.6923076923076923,4,2.25,1.8
20,32,1.6,3,5.333333333333333,1.4545454545454546
22,52,2.6363636363636362,5,4.0,2.6666666666666665
13,19,1.5384615384615385,3,2.0,1.6
22,37,2.8181818181818183,5,3.6666666666666665,1.8333333333333333
19,36,2.3684210526315788,5,2.75,1.5714285714285714
22,38,3.409090909090909,6,5.833333333333333,1.8421052631578947
24,82,3.4166666666666665,6,4.4,3.3
25,41,2.68,4,6.166666666666667,1.7619047619047619
22,38,3.409090909090909,6,5.833333333333333,1.8421052631578947
15,33,2.7333333333333334,5,3.0,1.9090909090909092
21,36,1.380952380952381,3,3.2,2.2857142857142856
23,41,2.869565217391304,6,3.0833333333333335,1.9473684210526316
23,40,3.0434782608695654,6,3.272727272727273,1.894736842105263
19,29,1.5789473684210527,2,7.0,1.2727272727272727
27,83,3.4814814814814814,6,6.416666666666667,3.347826086956522
22,27,1.5,3,5.5,1.375
21,25,1.4761904761904763,3,4.5,1.125
24,83,3.625,6,4.75,3.619047619047619
19,55,2.9473684210526314,6,4.875,2.4375
21,84,3.5714285714285716,8,4.588235294117647,4.588235294117647
20,63,3.45,7,4.071428571428571,3.3529411764705883
20,53,2.85,5,4.666666666666667,2.4705882352941178
24,112,3.75,8,5.666666666666667,5.1
19,55,3.3684210526315788,7,4.636363636363637,3.1875
27,185,4.0,8,6.96,7.565217391304348
21,29,3.0476190476190474,5,4.333333333333333,1.4444444444444444
23,68,3.0,6,3.3333333333333335,2.5
26,48,2.769230769230769,4,6.285714285714286,2.0
17,28,1.7647058823529411,3,4.333333333333333,1.4444444444444444
23,39,3.3043478260869565,6,5.833333333333333,1.8421052631578947
27,113,3.888888888888889,7,5.2105263157894735,4.304347826086956
26,75,2.6538461538461537,5,6.125,2.5789473684210527
24,41,3.2916666666666665,6,6.166666666666667,1.85
26,102,3.230769230769231,6,4.888888888888889,4.0
24,85,3.4583333333333335,7,4.588235294117647,3.7142857142857144
23,38,3.3043478260869565,6,6.8,1.7894736842105263
15,34,3.7333333333333334,6,3.142857142857143,1.6923076923076923
18,27,1.5,2,7.0,1.5555555555555556
27,84,3.5555555555555554,6,5.923076923076923,3.347826086956522
18,28,1.5,3,2.4,1.7142857142857142
22,64,2.8636363636363638,5,4.214285714285714,3.2777777777777777
22,60,3.0454545454545454,5,3.6666666666666665,2.588235294117647
13,17,1.3846153846153846,3,2.0,1.5
23,39,3.3043478260869565,6,5.833333333333333,1.8421052631578947
27,61,3.037037037037037,5,7.0,2.4347826086956523
18,27,1.3888888888888888,3,2.2,1.8333333333333333
22,36,3.0,6,2.8181818181818183,1.7222222222222223
23,39,3.3043478260869565,6,5.833333333333333,1.8421052631578947
23,63,3.0,5,4.6,2.4210526315789473
27,95,2.962962962962963,5,5.5,3.8260869565217392
25,84,3.2,5,4.266666666666667,3.0476190476190474
20,47,2.1,4,5.428571428571429,2.7142857142857144
19,29,1.263157894736842,2,3.0,2.4
21,36,2.8095238095238093,5,3.1,1.8235294117647058
26,83,3.4615384615384617,6,6.0,3.272727272727273
22,27,1.5,3,4.5,1.125
26,126,3.8461538461538463,7,5.95,5.409090909090909
22,69,3.8181818181818183,8,3.7857142857142856,2.9444444444444446
23,38,2.8260869565217392,5,3.2,1.6842105263157894
22,75,3.3181818181818183,6,4.0,3.5789473684210527
23,43,3.260869565217391,6,5.0,1.8421052631578947
19,32,1.9473684210526316,4,2.8333333333333335,1.4166666666666667
27,50,2.888888888888889,5,3.75,1.9565217391304348
19,38,1.6842105263157894,4,3.0,2.3333333333333335
19,41,1.894736842105263,4,3.0,2.4
22,41,3.272727272727273,6,4.714285714285714,1.8333333333333333
24,90,3.5,6,4.625,3.7
26,48,2.769230769230769,4,6.285714285714286,2.0
19,36,1.5263157894736843,2,10.0,2.0
22,40,2.8181818181818183,5,3.0,1.8333333333333333
23,64,3.0869565217391304,5,4.166666666666667,2.7777777777777777
20,59,3.4,7,3.0,2.4375
23,41,2.8260869565217392,5,3.4,1.7894736842105263
16,28,1.75,3,2.8,1.75
21,35,3.3333333333333335,6,4.428571428571429,1.8235294117647058
26,62,3.0384615384615383,5,6.222222222222222,2.5454545454545454
18,43,2.0555555555555554,4,3.375,2.7
19,48,2.1578947368421053,4,3.1,2.8181818181818183
26,90,3.576923076923077,6,5.076923076923077,3.0
22,41,3.409090909090909,6,5.428571428571429,2.0
27,96,3.074074074074074,5,5.055555555555555,3.7916666666666665
18,35,1.8333333333333333,4,3.5,1.9090909090909092
24,48,2.75,4,5.625,2.142857142857143
24,59,2.4583333333333335,5,3.9,2.6
25,43,3.36,6,6.666666666666667,1.8181818181818181
25,92,3.0,5,5.1875,3.9523809523809526
24,76,3.2916666666666665,7,4.176470588235294,3.380952380952381
24,41,3.375,6,6.333333333333333,1.8095238095238095
26,96,3.0,5,5.0588235294117645,3.909090909090909
28,74,3.0357142857142856,5,5.071428571428571,2.84
13,20,1.6923076923076923,4,2.25,1.8
22,34,2.8181818181818183,5,3.0,1.6666666666666667
17,29,1.6470588235294117,3,2.8,1.75
21,62,3.1904761904761907,6,3.8,3.1666666666666665
23,64,3.391304347826087,7,4.916666666666667,2.95
22,55,3.5454545454545454,6,4.777777777777778,2.15
17,42,2.176470588235294,5,4.714285714285714,2.75
24,61,2.75,5,3.8,2.85
26,93,3.4615384615384617,6,5.5,3.5
25,42,3.32,6,6.5,1.7727272727272727
18,34,1.6111111111111112,3,5.0,2.0
27,42,2.8518518518518516,4,4.75,1.6521739130434783
27,80,3.4444444444444446,6,4.333333333333333,2.8260869565217392
23,40,3.391304347826087,6,6.166666666666667,1.85
25,86,3.44,6,5.142857142857143,3.4285714285714284
25,96,4.16,8,4.055555555555555,3.4761904761904763
26,46,3.0384615384615383,6,3.8181818181818183,1.9090909090909092
24,37,2.8333333333333335,5,3.3,1.65
22,38,3.409090909090909,6,5.833333333333333,1.8421052631578947
20,34,1.45,2,9.0,2.0
26,46,2.769230769230769,4,7.0,1.9090909090909092
23,51,1.8695652173913044,4,4.666666666666667,2.5454545454545454
22,36,2.8181818181818183,5,3.2,1.7777777777777777
27,107,3.5555555555555554,6,5.933333333333334,3.869565217391304
21,37,3.3333333333333335,6,5.666666666666667,1.8888888888888888
26,115,3.6923076923076925,6,5.555555555555555,4.545454545454546
26,44,3.269230769230769,6,6.666666666666667,1.8181818181818181
14,29,2.7857142857142856,5,3.0,1.6363636363636365
26,65,3.230769230769231,5,5.0,2.608695652173913
23,73,3.347826086956522,6,4.125,3.3
26,84,3.4615384615384617,6,6.333333333333333,3.4545454545454546
23,28,1.608695652173913,3,6.5,1.3
20,33,1.55,3,5.333333333333333,2.0
14,33,2.142857142857143,5,3.0,2.7
19,65,2.6842105263157894,5,3.6923076923076925,3.0
21,82,3.5238095238095237,8,4.277777777777778,4.529411764705882
22,74,2.590909090909091,5,3.6,3.0
20,81,3.4,7,4.222222222222222,4.470588235294118
16,37,2.6875,6,3.6666666666666665,2.5384615384615383
18,55,3.3333333333333335,7,3.923076923076923,3.4
25,128,3.8,8,5.761904761904762,5.761904761904762
21,63,3.2857142857142856,7,4.833333333333333,3.411764705882353
29,203,4.172413793103448,8,7.111111111111111,7.68
21,29,3.0476190476190474,5,4.333333333333333,1.4444444444444444
23,74,3.5652173913043477,7,4.333333333333333,3.25
24,43,2.7083333333333335,5,6.5,1.95
23,64,2.9565217391304346,6,4.777777777777778,2.5294117647058822
25,42,3.24,6,6.333333333333333,1.8095238095238095
18,24,1.5555555555555556,3,3.6666666666666665,1.2222222222222223
28,89,3.4285714285714284,6,5.1875,3.32
18,27,1.5,3,2.75,1.5714285714285714
23,37,2.8260869565217392,5,3.2,1.6842105263157894
13,19,1.6923076923076923,4,2.0,1.6
23,39,3.3043478260869565,6,5.833333333333333,1.8421052631578947
24,85,2.9166666666666665,5,4.25,3.4
24,81,3.4583333333333335,7,4.352941176470588,3.5238095238095237
22,38,3.409090909090909,6,5.833333333333333,1.8421052631578947
20,56,2.65,6,3.142857142857143,2.75
27,75,3.259259259259259,6,5.0,3.0434782608695654
23,63,3.0869565217391304,5,4.0,2.6666666666666665
22,33,2.772727272727273,5,2.9,1.6111111111111112
24,64,3.3333333333333335,7,4.666666666666667,2.8
22,35,2.4545454545454546,4,5.25,1.4
25,81,3.6,7,5.066666666666666,3.619047619047619
23,78,4.0,8,3.7058823529411766,3.3157894736842106
27,74,3.2222222222222223,6,4.928571428571429,3.0
22,59,2.590909090909091,5,4.888888888888889,2.933333333333333
26,80,3.4615384615384617,6,4.909090909090909,2.4545454545454546
23,39,3.3043478260869565,6,5.833333333333333,1.8421052631578947
14,26,2.357142857142857,5,2.5,1.6666666666666667
27,121,3.740740740740741,7,5.473684210526316,4.521739130434782
27,53,2.962962962962963,6,4.0,2.0869565217391304
25,43,3.04,6,3.5454545454545454,1.8571428571428572
26,74,3.1923076923076925,5,4.538461538461538,2.8095238095238093
23,66,2.9565217391304346,5,4.6923076923076925,3.210526315789474
24,63,2.4166666666666665,5,4.875,2.6
20,34,1.5,2,8.5,1.7
26,91,3.576923076923077,6,5.666666666666667,3.090909090909091
23,39,3.3043478260869565,6,5.833333333333333,1.8421052631578947
27,63,3.037037037037037,5,5.8,2.5217391304347827
19,37,1.631578947368421,4,2.7142857142857144,2.375
19,39,1.8421052631578947,4,3.0,2.3333333333333335
23,39,3.3043478260869565,6,5.833333333333333,1.8421052631578947
26,59,3.0384615384615383,5,6.0,2.4545454545454546
25,90,3.24,6,4.235294117647059,3.4285714285714284
23,41,2.652173913043478,4,6.166666666666667,1.9473684210526316
18,29,1.6111111111111112,3,3.25,1.625
24,68,3.375,6,4.0,2.6
25,68,3.4,7,4.833333333333333,2.761904761904762
22,28,1.5909090909090908,3,6.0,1.3333333333333333
22,28,1.5909090909090908,3,6.0,1.3333333333333333
18,55,3.2222222222222223,7,3.8461538461538463,3.3333333333333335
22,102,3.772727272727273,8,4.6,4.842105263157895
21,73,2.761904761904762,5,4.416666666666667,3.1176470588235294
23,109,3.6956521739130435,8,5.368421052631579,5.368421052631579
19,66,2.8947368421052633,6,3.7857142857142856,3.3125
20,49,2.65,5,4.75,2.375
20,49,2.95,5,5.0,2.6470588235294117
24,123,3.7083333333333335,8,5.894736842105263,5.6
22,75,3.3181818181818183,7,5.3076923076923075,3.8333333333333335
26,176,3.8461538461538463,8,6.708333333333333,7.318181818181818
21,29,3.0476190476190474,5,4.333333333333333,1.4444444444444444
26,100,3.576923076923077,7,5.222222222222222,4.2727272727272725
26,81,3.0384615384615383,5,5.6923076923076925,3.3636363636363638
13,23,1.9230769230769231,4,3.25,2.1666666666666665
24,69,3.375,6,3.8666666666666667,2.9
19,32,1.5789473684210527,4,2.142857142857143,2.142857142857143
23,41,3.0434782608695654,6,3.272727272727273,1.894736842105263
13,20,1.6923076923076923,4,2.25,1.8
13,20,1.6923076923076923,4,2.25,1.8
30,105,3.6,6,6.818181818181818,2.8846153846153846
23,42,3.3043478260869565,6,5.285714285714286,1.9473684210526316
27,116,3.740740740740741,7,5.35,4.6521739130434785
22,73,3.8636363636363638,8,3.5294117647058822,3.3333333333333335
29,94,3.7241379310344827,7,5.235294117647059,3.56
23,60,2.6956521739130435,5,4.2727272727272725,2.9375
22,38,3.3181818181818183,6,5.5,1.8333333333333333
21,36,2.761904761904762,5,4.428571428571429,1.9375
19,54,3.0,6,3.769230769230769,3.0625
25,114,4.04,8,5.190476190476191,5.190476190476191
20,69,3.1,7,3.764705882352941,3.764705882352941
20,44,2.5,4,4.375,2.3333333333333335
16,39,2.5625,6,3.272727272727273,2.769230769230769
22,78,3.3636363636363638,7,4.166666666666667,3.9473684210526314
28,168,4.071428571428571,8,6.3076923076923075,6.833333333333333
20,39,3.25,5,4.25,1.8888888888888888
24,84,3.375,6,4.1875,3.1904761904761907
22,53,2.5,5,4.454545454545454,2.7222222222222223
26,82,3.6538461538461537,7,4.769230769230769,2.8181818181818183
24,41,3.375,6,6.333333333333333,1.8095238095238095
24,63,3.1666666666666665,6,3.2857142857142856,2.4210526315789473
27,48,2.888888888888889,5,3.6666666666666665,1.9130434782608696
27,76,3.2222222222222223,5,4.6923076923076925,2.772727272727273
23,40,3.391304347826087,6,6.166666666666667,1.85
24,80,3.0,5,4.666666666666667,3.5
26,46,2.923076923076923,6,3.5,1.9090909090909092
22,39,3.3181818181818183,6,6.0,1.894736842105263
15,34,3.2,6,2.625,1.9090909090909092
28,47,2.892857142857143,5,3.909090909090909,1.7916666666666667
25,42,3.04,6,3.4545454545454546,1.8095238095238095
21,37,3.3333333333333335,6,5.666666666666667,1.8888888888888888
24,74,2.5833333333333335,4,4.666666666666667,3.3333333333333335
16,22,1.5,3,3.0,1.2857142857142858
22,38,3.409090909090909,6,5.833333333333333,1.8421052631578947
26,103,3.6923076923076925,6,5.625,4.090909090909091
24,42,3.4166666666666665,6,6.5,1.8571428571428572
19,34,1.6842105263157894,3,3.75,1.5
28,76,3.25,5,5.461538461538462,2.84
23,58,2.4347826086956523,5,3.888888888888889,2.3333333333333335
22,38,3.409090909090909,6,5.833333333333333,1.8421052631578947
19,34,1.6842105263157894,3,3.75,1.5
25,44,2.64,4,6.666666666666667,1.9047619047619047
23,52,2.0434782608695654,4,4.833333333333333,2.230769230769231
13,20,1.6923076923076923,4,2.25,1.8
26,74,3.423076923076923,6,3.588235294117647,2.772727272727273
18,24,1.1666666666666667,2,2.3333333333333335,2.3333333333333335
26,94,3.3076923076923075,6,5.117647058823529,3.9545454545454546
22,36,2.8181818181818183,5,3.2,1.7777777777777777
22,38,3.409090909090909,6,5.833333333333333,1.8421052631578947
25,68,2.92,5,5.7272727272727275,2.8636363636363638
26,79,3.1153846153846154,6,3.625,2.761904761904762
31,197,4.354838709677419,8,8.272727272727273,6.7407407407407405
22,38,3.409090909090909,6,5.833333333333333,1.8421052631578947
27,86,3.925925925925926,7,5.857142857142857,3.5652173913043477
23,78,3.217391304347826,6,4.533333333333333,3.4
30,97,3.7,7,5.111111111111111,3.5384615384615383
21,36,1.7619047619047619,3,5.0,1.5
22,38,3.409090909090909,6,5.833333333333333,1.8421052631578947
24,82,3.1666666666666665,6,5.571428571428571,3.7142857142857144
20,54,2.15,4,5.0,3.0
22,65,3.3636363636363638,6,4.615384615384615,3.1578947368421053
23,64,3.391304347826087,6,3.6923076923076925,2.526315789473684
22,32,3.0454545454545454,5,4.142857142857143,1.5263157894736843
20,48,2.7,5,5.333333333333333,2.1333333333333333
27,77,2.888888888888889,5,5.538461538461538,3.0
25,82,3.24,6,4.0,3.0476190476190474
21,47,2.5238095238095237,5,3.909090909090909,2.5294117647058822
23,63,2.5652173913043477,4,4.461538461538462,3.0526315789473686
12,16,1.4166666666666667,3,2.0,1.5
28,96,3.642857142857143,6,5.3076923076923075,2.875
28,116,4.107142857142857,8,6.25,4.166666666666667
23,39,3.3043478260869565,6,5.833333333333333,1.8421052631578947
26,109,3.6923076923076925,6,5.176470588235294,4.0
24,41,3.375,6,6.333333333333333,1.8095238095238095
17,39,1.9411764705882353,3,5.0,2.5
24,67,3.0416666666666665,5,3.6923076923076925,2.4
25,59,2.96,6,3.6666666666666665,2.619047619047619
26,83,3.0384615384615383,6,4.538461538461538,2.95
22,37,3.3181818181818183,6,5.5,1.8333333333333333
24,81,3.2916666666666665,6,4.866666666666666,3.4761904761904763
27,51,3.0,6,5.222222222222222,2.0434782608695654
21,71,2.619047619047619,5,4.923076923076923,3.764705882352941
24,40,3.25,6,6.0,1.8
23,61,2.9130434782608696,5,4.4,2.3157894736842106
25,45,2.8,5,6.833333333333333,1.9523809523809523
23,64,2.9565217391304346,5,3.9166666666666665,2.611111111111111
27,93,3.5555555555555554,6,5.153846153846154,2.9130434782608696
23,39,3.3043478260869565,6,5.833333333333333,1.8421052631578947
27,80,3.7777777777777777,7,5.0,3.260869565217391
21,67,3.7142857142857144,8,3.4,3.0
25,81,2.76,5,5.066666666666666,3.619047619047619
20,39,1.9,3,4.75,1.7272727272727273
22,38,3.227272727272727,6,5.666666666666667,1.8888888888888888
25,37,2.8,4,4.0,1.5238095238095237
14,23,1.6428571428571428,4,2.75,2.2
26,82,3.269230769230769,6,4.066666666666666,2.9047619047619047
22,38,3.227272727272727,6,5.666666666666667,1.8888888888888888
20,48,2.85,5,5.166666666666667,1.9375
26,92,3.0,5,5.117647058823529,3.9545454545454546
18,33,1.5,2,9.0,2.0
22,38,2.8181818181818183,5,3.3,1.8333333333333333
23,70,3.608695652173913,6,4.923076923076923,3.3684210526315788
23,69,3.4347826086956523,6,4.571428571428571,3.3684210526315788
23,38,3.260869565217391,6,5.666666666666667,1.7894736842105263
24,87,3.4166666666666665,6,4.666666666666667,3.5
26,48,2.8846153846153846,5,3.909090909090909,1.9545454545454546
19,35,1.5263157894736843,4,2.8333333333333335,2.4285714285714284
19,36,1.631578947368421,3,2.5714285714285716,2.0
23,86,3.347826086956522,6,4.9375,4.157894736842105
13,17,1.3846153846153846,3,1.5,1.5
27,98,4.185185185185185,8,5.285714285714286,3.217391304347826
28,119,4.071428571428571,8,5.9411764705882355,4.208333333333333
23,39,3.3043478260869565,6,5.833333333333333,1.8421052631578947
27,122,3.8518518518518516,7,5.15,4.478260869565218
21,29,3.0476190476190474,5,4.333333333333333,1.4444444444444444
26,106,3.576923076923077,6,5.0588235294117645,3.909090909090909
23,59,2.652173913043478,5,3.1666666666666665,2.533333333333333
28,111,3.4642857142857144,7,5.473684210526316,4.333333333333333
13,23,1.9230769230769231,4,3.25,2.1666666666666665
27,80,3.2222222222222223,5,4.571428571428571,2.909090909090909
23,39,3.3043478260869565,6,5.833333333333333,1.8421052631578947
23,77,3.1739130434782608,5,4.375,3.5
24,53,2.875,6,5.444444444444445,2.45
21,73,3.238095238095238,6,5.076923076923077,3.8823529411764706
22,42,3.272727272727273,6,4.25,1.8888888888888888
24,68,3.0833333333333335,5,4.166666666666667,2.5
26,51,2.730769230769231,4,6.714285714285714,2.1363636363636362
23,65,3.0434782608695654,5,4.636363636363637,2.8333333333333335
30,109,3.6333333333333333,6,6.583333333333333,3.0384615384615383
23,42,3.3043478260869565,6,5.285714285714286,1.9473684210526316
28,97,3.9285714285714284,7,5.8,3.625
24,88,4.416666666666667,8,4.764705882352941,3.857142857142857
29,110,3.2413793103448274,5,5.777777777777778,4.16
22,50,1.9090909090909092,3,4.833333333333333,2.4166666666666665
23,43,2.8260869565217392,5,5.8,1.6111111111111112
23,49,3.0434782608695654,6,4.181818181818182,2.3
22,39,3.3636363636363638,6,5.142857142857143,1.894736842105263
14,25,2.2142857142857144,5,2.8,2.0
26,47,2.6923076923076925,5,6.285714285714286,1.9130434782608696
24,59,2.2916666666666665,5,3.9,2.7857142857142856
25,43,3.36,6,6.666666666666667,1.8181818181818181
25,85,3.32,5,4.5625,3.4761904761904763
23,81,4.217391304347826,8,3.588235294117647,3.210526315789474
28,87,3.5714285714285716,7,5.533333333333333,3.32
24,67,3.0833333333333335,5,4.153846153846154,2.8421052631578947
24,41,3.375,6,6.333333333333333,1.8095238095238095
15,29,2.533333333333333,5,2.4285714285714284,1.7
23,78,4.0,8,3.5625,3.0
28,53,3.0,6,4.083333333333333,2.0416666666666665
23,40,3.3043478260869565,6,6.166666666666667,1.85
26,75,2.5384615384615383,5,3.4375,2.75
26,68,2.8076923076923075,5,5.0,2.8260869565217392
22,47,1.8181818181818181,3,4.666666666666667,2.1538461538461537
22,39,3.3181818181818183,6,6.0,1.894736842105263
25,68,3.08,6,3.5714285714285716,2.380952380952381
27,73,3.0,5,5.3076923076923075,2.875
22,56,2.3181818181818183,4,4.333333333333333,2.7857142857142856
23,59,2.739130434782609,5,4.4,2.588235294117647
23,37,2.8260869565217392,5,3.3,1.736842105263158
18,31,1.6111111111111112,3,2.8,1.75
22,37,3.409090909090909,6,5.666666666666667,1.7894736842105263
24,83,4.083333333333333,8,3.7222222222222223,3.35
28,52,2.9642857142857144,6,3.6923076923076925,2.0
18,29,1.5,3,2.6,1.8571428571428572
25,42,2.88,5,3.4545454545454546,1.8095238095238095
28,96,3.5714285714285716,6,6.909090909090909,3.1666666666666665
21,41,3.238095238095238,5,4.875,2.0526315789473686
28,127,4.107142857142857,7,6.15,4.92
24,41,3.375,6,6.333333333333333,1.8095238095238095
19,31,1.736842105263158,3,3.75,1.1538461538461537
20,53,3.15,6,2.642857142857143,2.3125
27,47,2.8518518518518516,4,4.777777777777778,1.8695652173913044
22,40,1.8181818181818181,3,4.5,1.6363636363636365
17,44,2.823529411764706,6,3.3,2.357142857142857
19,31,1.263157894736842,2,3.0,2.4
22,36,2.8181818181818183,5,3.2,1.7777777777777777
20,45,2.15,4,2.9,2.0714285714285716
22,38,3.409090909090909,6,5.833333333333333,1.8421052631578947
27,105,3.7037037037037037,7,5.0588235294117645,3.739130434782609
23,75,3.9130434782608696,8,3.3529411764705883,3.0
27,53,3.074074074074074,6,4.083333333333333,2.130434782608696
19,32,1.3157894736842106,2,2.6,2.1666666666666665
20,34,1.6,3,5.666666666666667,1.5454545454545454
21,37,3.3333333333333335,6,5.666666666666667,1.8888888888888888
25,82,3.72,7,3.7058823529411766,3.0
26,78,3.6153846153846154,7,4.866666666666666,3.1739130434782608
19,32,1.5263157894736843,2,8.0,1.6
21,70,4.142857142857143,8,4.785714285714286,3.7222222222222223
21,66,3.380952380952381,7,4.230769230769231,3.0555555555555554
26,46,2.769230769230769,4,7.0,1.9090909090909092
18,29,1.5,3,2.6,1.8571428571428572
23,52,2.0434782608695654,4,4.833333333333333,2.230769230769231
20,63,4.1,8,4.615384615384615,3.5294117647058822
21,62,3.4761904761904763,6,5.363636363636363,3.2777777777777777
24,65,2.9583333333333335,5,4.2,2.1
24,48,2.5833333333333335,5,4.888888888888889,2.2
23,64,3.0869565217391304,5,4.083333333333333,2.7222222222222223
24,42,3.2916666666666665,6,6.166666666666667,1.85
23,77,3.8260869565217392,7,3.933333333333333,3.1052631578947367
24,51,2.625,5,5.75,2.3
23,51,2.0869565217391304,4,4.666666666666667,2.1538461538461537
22,45,2.6818181818181817,5,4.0,2.2222222222222223
22,71,2.8636363636363638,6,4.923076923076923,3.5555555555555554
17,28,1.7647058823529411,3,3.25,1.4444444444444444
24,85,3.4583333333333335,6,6.0,3.789473684210526
20,36,1.75,3,4.0,1.8181818181818181
23,38,3.3043478260869565,6,5.666666666666667,1.7894736842105263
27,109,3.7037037037037037,7,5.294117647058823,3.9130434782608696
29,91,2.9655172413793105,5,5.0,3.4
27,69,2.5555555555555554,5,4.5,2.5
19,46,2.5789473684210527,5,3.111111111111111,2.1538461538461537
22,32,3.0454545454545454,5,4.833333333333333,1.5263157894736843
26,92,3.730769230769231,6,4.777777777777778,3.739130434782609
25,42,3.28,6,6.333333333333333,1.8095238095238095
23,76,4.0,8,3.5,3.3157894736842106
30,124,3.6666666666666665,7,5.2727272727272725,4.461538461538462
24,74,3.125,5,4.7272727272727275,2.6
24,72,3.5,6,4.466666666666667,3.35
23,49,1.7826086956521738,4,4.333333333333333,2.6
23,39,3.3043478260869565,6,5.833333333333333,1.8421052631578947
15,33,3.7333333333333334,6,3.0,1.6153846153846154
24,78,3.7083333333333335,7,3.3529411764705883,2.85
27,75,3.5925925925925926,7,4.666666666666667,3.0434782608695654
19,35,1.7894736842105263,4,5.25,1.75
21,34,2.9047619047619047,6,3.0,1.7647058823529411
25,76,3.36,6,5.5,3.142857142857143
22,26,1.4545454545454546,3,4.5,1.125
21,24,1.4285714285714286,3,4.0,1.1428571428571428
25,89,3.72,6,5.0,3.6363636363636362
21,68,2.5714285714285716,5,4.8,3.0
24,130,3.7916666666666665,8,5.380952380952381,5.65
19,68,3.789473684210526,8,4.071428571428571,3.5625
20,58,2.8,6,3.769230769230769,2.8823529411764706
26,177,3.8846153846153846,8,6.666666666666667,7.2727272727272725
22,30,2.9545454545454546,5,4.333333333333333,1.4444444444444444
24,89,3.0833333333333335,6,4.8,3.4285714285714284
29,59,3.0689655172413794,6,4.153846153846154,2.16
12,20,1.75,4,3.0,2.4
29,100,3.5517241379310347,6,7.1,2.84
24,41,3.2916666666666665,6,6.166666666666667,1.85
16,36,2.1875,5,3.2857142857142856,2.090909090909091
26,65,3.1538461538461537,5,6.0,2.727272727272727
19,35,1.4210526315789473,3,3.6,2.5714285714285716
23,66,3.0869565217391304,5,5.363636363636363,3.1052631578947367
21,50,2.2857142857142856,5,5.125,2.5625
24,73,3.3333333333333335,6,4.533333333333333,3.4
21,52,2.380952380952381,5,3.875,2.3846153846153846
23,39,3.3043478260869565,6,5.833333333333333,1.8421052631578947
23,76,4.086956521739131,8,3.588235294117647,3.210526315789474
26,51,3.076923076923077,6,3.8333333333333335,2.090909090909091
19,35,1.736842105263158,4,2.25,2.25
23,39,3.3043478260869565,6,5.833333333333333,1.8421052631578947
15,35,3.7333333333333334,6,3.4285714285714284,1.8461538461538463
26,54,2.6923076923076925,5,5.555555555555555,2.272727272727273
24,57,2.0833333333333335,4,4.714285714285714,2.5384615384615383
25,94,3.4,7,5.133333333333334,3.6666666666666665
22,29,1.4545454545454546,3,3.0,1.2857142857142858
22,26,1.3636363636363635,3,3.5,1.0
17,43,2.5294117647058822,5,2.9166666666666665,2.5
23,87,3.0434782608695654,6,3.823529411764706,3.4210526315789473
23,105,3.652173913043478,8,4.9,5.157894736842105
19,55,3.6315789473684212,8,4.0,3.25
16,44,2.5625,6,2.7333333333333334,3.1538461538461537
26,95,4.230769230769231,8,5.176470588235294,4.0
27,73,3.0,5,5.384615384615385,2.9166666666666665
12,19,1.6666666666666667,4,2.5,2.0
25,42,3.32,6,6.5,1.7727272727272727
19,32,1.4736842105263157,2,8.5,1.8888888888888888
28,84,3.3214285714285716,5,6.153846153846154,3.2
19,41,1.6842105263157894,4,3.0,3.0
17,30,1.4705882352941178,3,2.5,2.5
23,70,3.391304347826087,6,4.642857142857143,3.25
23,58,2.5217391304347827,5,4.111111111111111,2.466666666666667
22,60,3.272727272727273,6,3.769230769230769,2.7222222222222223
25,42,3.32,6,6.5,1.7727272727272727
27,103,3.740740740740741,7,5.0,3.6956521739130435
23,80,4.0,8,3.7058823529411766,3.3157894736842106
27,75,2.925925925925926,5,5.142857142857143,3.0
19,36,1.8421052631578947,3,4.75,1.9
19,48,2.5789473684210527,5,2.9,2.230769230769231
24,41,3.375,6,6.333333333333333,1.8095238095238095
25,88,3.44,6,5.0,3.5714285714285716
25,91,4.2,8,4.235294117647059,3.4285714285714284
25,49,2.8,5,6.428571428571429,2.142857142857143
24,83,3.125,6,4.75,3.8
24,41,3.375,6,6.333333333333333,1.8095238095238095
15,31,2.933333333333333,5,2.7142857142857144,1.7272727272727273
27,46,2.925925925925926,5,3.8181818181818183,1.826086956521739
25,47,2.96,6,3.5833333333333335,2.0476190476190474
13,20,1.6153846153846154,4,1.8,1.8
26,74,3.423076923076923,6,3.8125,2.772727272727273
23,34,3.0434782608695654,5,4.428571428571429,1.55
25,76,3.04,6,5.142857142857143,3.4285714285714284
28,77,3.25,5,5.615384615384615,2.92
12,20,1.75,4,2.5,2.0
24,41,3.375,6,6.333333333333333,1.8095238095238095
27,93,2.740740740740741,5,5.5,3.8260869565217392
25,52,1.8,4,4.5,2.4545454545454546
23,40,3.391304347826087,6,6.166666666666667,1.85
25,89,3.44,6,4.933333333333334,3.5238095238095237
24,86,4.125,8,3.7777777777777777,3.4
26,48,3.0384615384615383,6,4.0,2.0
21,37,3.3333333333333335,6,5.666666666666667,1.8888888888888888
27,111,3.740740740740741,7,5.222222222222222,4.086956521739131
23,61,3.217391304347826,6,3.2857142857142856,2.5555555555555554
26,51,2.9615384615384617,6,3.9166666666666665,2.1363636363636362
22,38,1.8181818181818181,3,5.333333333333333,1.4545454545454546
17,37,2.0588235294117645,4,2.888888888888889,2.1666666666666665
30,113,3.6333333333333333,6,8.090909090909092,3.423076923076923
21,37,3.3333333333333335,6,5.666666666666667,1.8888888888888888
24,53,3.125,5,4.454545454545454,2.3333333333333335
26,55,1.9230769230769231,4,4.833333333333333,2.230769230769231
22,55,1.9090909090909092,3,4.857142857142857,2.4285714285714284
28,99,3.5714285714285716,6,7.4,3.0833333333333335
21,37,3.3333333333333335,6,5.666666666666667,1.8888888888888888
22,70,3.3636363636363638,6,4.2,3.3157894736842106
29,110,3.1724137931034484,6,5.2,4.16
27,78,3.111111111111111,6,4.133333333333334,2.9523809523809526
21,37,3.3333333333333335,6,5.666666666666667,1.8888888888888888
21,70,4.0,8,3.5,3.2941176470588234
28,52,3.107142857142857,6,3.6923076923076925,2.0
27,101,3.962962962962963,8,5.235294117647059,3.869565217391304
13,22,1.9230769230769231,4,2.75,1.8333333333333333
21,37,3.3333333333333335,6,5.666666666666667,1.8888888888888888
15,33,3.7333333333333334,6,2.857142857142857,1.5384615384615385
26,46,2.769230769230769,4,6.0,1.9090909090909092
24,78,3.1666666666666665,6,4.357142857142857,3.05
23,36,2.8260869565217392,5,3.2,1.6842105263157894
24,67,3.4166666666666665,6,3.4375,2.75
20,58,3.4,7,3.25,2.4375
23,68,3.0434782608695654,5,4.5,3.3157894736842106
23,62,2.869565217391304,5,4.0,2.3529411764705883
19,29,1.4736842105263157,2,6.0,1.3333333333333333
23,39,3.3043478260869565,6,5.833333333333333,1.8421052631578947
15,31,3.3333333333333335,6,2.5714285714285716,1.6363636363636365
25,84,3.32,6,3.8125,2.9047619047619047
24,62,3.25,5,4.75,2.7142857142857144
24,73,3.6666666666666665,7,4.857142857142857,3.4
23,55,2.4347826086956523,5,4.571428571428571,2.2857142857142856
24,86,3.25,6,5.538461538461538,4.0
19,36,1.7894736842105263,3,3.6,1.6363636363636365
21,32,3.0952380952380953,5,4.833333333333333,1.6111111111111112
25,82,3.64,7,5.133333333333334,3.6666666666666665
29,95,2.9655172413793105,5,5.294117647058823,3.6
25,64,2.4,4,5.111111111111111,2.875
19,49,2.6842105263157894,5,3.090909090909091,2.4285714285714284
23,39,3.3043478260869565,6,5.833333333333333,1.8421052631578947
20,35,1.45,2,9.0,2.0
20,38,1.7,3,2.2,2.0
26,81,2.9615384615384617,5,5.846153846153846,3.4545454545454546
21,37,2.9047619047619047,6,3.2,1.8823529411764706
15,18,1.4666666666666666,2,7.0,1.0
23,39,3.3043478260869565,6,5.833333333333333,1.8421052631578947
24,89,3.4583333333333335,6,4.8,3.6
25,86,4.08,8,3.764705882352941,3.0476190476190474
25,73,3.44,7,4.466666666666667,3.1904761904761907
23,61,2.739130434782609,5,3.75,2.8125
24,84,3.125,6,5.3076923076923075,3.8333333333333335
12,19,1.6666666666666667,4,2.25,1.8
23,39,3.3043478260869565,6,5.833333333333333,1.8421052631578947
22,68,4.2272727272727275,8,4.066666666666666,3.210526315789474
25,46,2.88,5,3.727272727272727,1.9523809523809523
24,73,3.4166666666666665,6,4.25,3.4
23,89,3.8260869565217392,8,5.125,4.315789473684211
22,58,3.3636363636363638,6,3.6153846153846154,2.611111111111111
20,65,3.25,6,3.625,3.411764705882353
25,100,3.88,7,5.4,3.857142857142857
13,19,1.7692307692307692,4,1.6,1.3333333333333333
23,38,3.3043478260869565,6,5.666666666666667,1.7894736842105263
20,41,2.15,4,4.2,1.6153846153846154
26,68,3.0384615384615383,5,4.846153846153846,2.8636363636363638
25,63,2.36,5,3.1666666666666665,2.375
17,37,2.235294117647059,5,3.0,2.25
21,36,2.8095238095238093,5,3.4444444444444446,1.8235294117647058
18,30,1.6111111111111112,3,2.6,1.625
30,111,4.2,7,6.384615384615385,3.1923076923076925
23,39,3.3043478260869565,6,5.833333333333333,1.8421052631578947
24,88,3.5,6,4.933333333333334,3.7
23,82,4.130434782608695,8,3.4444444444444446,3.263157894736842
23,47,2.8260869565217392,5,5.375,2.263157894736842
23,76,3.4782608695652173,7,4.6,3.6315789473684212
23,38,3.3043478260869565,6,5.666666666666667,1.7894736842105263
25,102,3.04,5,5.0,4.0476190476190474
27,80,2.814814814814815,5,5.769230769230769,3.260869565217391
19,34,1.5263157894736843,2,9.5,1.9
18,49,2.6666666666666665,5,2.909090909090909,2.4615384615384617
25,74,3.2,5,4.833333333333333,2.9
13,22,1.6923076923076923,4,2.75,2.2
27,81,3.3703703703703702,5,4.4,2.869565217391304
21,36,3.380952380952381,6,4.571428571428571,1.8823529411764706
21,45,2.380952380952381,4,4.333333333333333,1.7333333333333334
15,28,2.066666666666667,5,2.5714285714285716,2.5714285714285716
26,59,3.0384615384615383,6,4.666666666666667,2.4347826086956523
21,43,2.0952380952380953,4,3.7142857142857144,1.7333333333333334
25,41,3.32,6,6.333333333333333,1.7272727272727273
23,76,4.173913043478261,8,3.875,3.263157894736842
28,72,2.9642857142857144,5,4.3125,2.76
12,20,1.75,4,2.5,2.0
24,41,3.375,6,6.333333333333333,1.8095238095238095
27,42,2.925925925925926,4,4.875,1.625
28,83,3.3214285714285716,5,5.642857142857143,3.16
18,31,1.5555555555555556,3,2.5,2.142857142857143
26,95,3.4615384615384617,6,5.666666666666667,3.8636363636363638
23,40,3.3043478260869565,6,6.166666666666667,1.85
26,91,3.3076923076923075,5,4.8125,3.5
24,87,4.25,8,3.8333333333333335,3.45
27,81,3.5555555555555554,7,5.133333333333334,3.2083333333333335
22,58,2.772727272727273,5,3.8333333333333335,2.875
24,41,3.375,6,6.333333333333333,1.8095238095238095
24,65,3.0416666666666665,5,3.923076923076923,2.55
26,51,2.730769230769231,4,6.714285714285714,2.1363636363636362
25,79,3.28,6,5.090909090909091,2.8
24,41,3.375,6,6.333333333333333,1.8095238095238095
23,69,4.130434782608695,8,3.8,3.0
28,52,3.0,6,4.0,2.0
23,40,3.391304347826087,6,6.166666666666667,1.85
27,113,3.740740740740741,7,5.277777777777778,4.130434782608695
28,80,3.25,5,5.357142857142857,3.0
12,19,1.75,4,2.25,1.8
21,41,3.5714285714285716,6,4.875,2.0526315789473686
26,115,3.730769230769231,7,6.111111111111111,5.0
23,81,4.0,8,3.875,3.263157894736842
26,47,3.076923076923077,6,3.909090909090909,1.9545454545454546
22,37,3.409090909090909,6,5.666666666666667,1.7894736842105263
28,79,2.9285714285714284,5,6.166666666666667,3.0833333333333335
24,78,3.125,6,4.666666666666667,3.3333333333333335
22,74,3.3636363636363638,6,4.466666666666667,3.526315789473684
22,38,3.409090909090909,6,5.833333333333333,1.8421052631578947
27,107,3.7037037037037037,7,5.235294117647059,3.869565217391304
23,79,4.0,8,3.875,3.263157894736842
29,82,2.9655172413793105,5,5.571428571428571,3.0
20,38,1.9,3,4.5,1.6363636363636365
19,48,2.5789473684210527,5,2.727272727272727,2.3076923076923075
22,37,3.3636363636363638,6,5.666666666666667,1.7894736842105263
24,74,3.9583333333333335,8,3.75,3.0
27,81,3.5555555555555554,7,5.066666666666666,3.3043478260869565
21,46,1.6666666666666667,3,4.166666666666667,2.272727272727273
21,37,3.3333333333333335,6,5.666666666666667,1.8888888888888888
24,78,4.083333333333333,8,4.0,3.2
26,78,2.769230769230769,5,4.5625,3.3181818181818183
21,43,1.6666666666666667,3,3.6666666666666665,2.0
22,38,3.409090909090909,6,5.833333333333333,1.8421052631578947
25,86,2.96,5,4.25,3.238095238095238
23,82,3.391304347826087,6,4.055555555555555,3.65
22,38,3.409090909090909,6,5.833333333333333,1.8421052631578947
20,32,1.55,3,5.333333333333333,1.6
23,55,2.1739130434782608,5,3.0,3.0
26,77,2.730769230769231,5,5.142857142857143,3.272727272727273
22,49,2.090909090909091,4,5.4,2.076923076923077
22,39,1.8181818181818181,3,5.666666666666667,1.5454545454545454
22,36,2.8181818181818183,5,3.2,1.7777777777777777
17,32,1.5294117647058822,3,2.5,2.142857142857143
20,60,3.2,6,4.076923076923077,3.1176470588235294
23,38,3.3043478260869565,6,5.666666666666667,1.7894736842105263
24,80,3.375,6,4.266666666666667,3.2
25,58,2.0,4,2.8461538461538463,2.466666666666667
28,105,3.4642857142857144,7,4.85,4.041666666666667
23,50,1.8695652173913044,4,4.5,2.4545454545454546
17,38,2.1176470588235294,4,3.0,2.076923076923077
26,82,3.3076923076923075,6,5.9,2.6818181818181817
21,30,3.0476190476190474,5,3.857142857142857,1.5
25,89,3.64,6,4.9411764705882355,3.8181818181818183
27,57,1.8518518518518519,4,5.0,2.3076923076923075
22,56,1.9545454545454546,3,5.833333333333333,2.5
23,39,3.3043478260869565,6,5.833333333333333,1.8421052631578947
14,30,3.4285714285714284,6,3.1666666666666665,1.7272727272727273
29,119,3.5517241379310347,7,5.894736842105263,4.48
22,38,1.7272727272727273,3,4.0,1.6
17,39,2.823529411764706,6,2.8,2.0
27,102,4.037037037037037,8,6.214285714285714,3.782608695652174
22,49,1.8181818181818181,3,4.5,2.076923076923077
23,39,3.3043478260869565,6,5.833333333333333,1.8421052631578947
24,81,2.9166666666666665,5,4.266666666666667,3.2
24,89,3.5833333333333335,7,4.2631578947368425,3.857142857142857
24,41,3.2916666666666665,6,6.166666666666667,1.85
25,77,3.04,6,4.533333333333333,3.090909090909091
23,40,2.869565217391304,5,3.0,1.894736842105263
19,31,1.631578947368421,4,2.3333333333333335,1.75
24,49,1.5833333333333333,3,5.0,2.272727272727273
27,102,3.6296296296296298,7,5.277777777777778,4.130434782608695
18,29,1.6111111111111112,3,3.0,1.5
21,35,2.761904761904762,5,3.0,1.7647058823529411
23,38,3.3043478260869565,6,5.666666666666667,1.7894736842105263
25,47,2.68,4,6.142857142857143,2.0476190476190474
26,103,3.5,7,5.647058823529412,4.363636363636363
26,82,3.4615384615384617,6,3.9375,2.8636363636363638
23,38,3.3043478260869565,6,5.666666666666667,1.7894736842105263
25,50,2.6,4,5.111111111111111,2.1904761904761907
27,53,1.8888888888888888,4,5.2,2.0
27,102,3.962962962962963,7,5.466666666666667,3.5652173913043477
27,81,3.4444444444444446,6,3.8333333333333335,3.0
26,85,3.4615384615384617,6,6.181818181818182,3.090909090909091
23,36,2.130434782608696,4,6.333333333333333,1.4615384615384615
26,108,3.8076923076923075,7,5.666666666666667,4.636363636363637
23,85,4.130434782608695,8,3.526315789473684,3.526315789473684
23,44,2.782608695652174,5,5.428571428571429,2.0
23,78,3.260869565217391,6,4.733333333333333,3.736842105263158
23,41,3.217391304347826,6,4.857142857142857,1.7894736842105263
28,66,3.107142857142857,5,5.545454545454546,2.5416666666666665
26,79,3.423076923076923,6,3.5555555555555554,2.909090909090909
26,77,3.423076923076923,6,3.7058823529411766,2.8636363636363638
21,33,2.761904761904762,5,2.8,1.6470588235294117
23,73,3.0,6,3.642857142857143,2.8333333333333335
21,45,2.238095238095238,5,2.9,2.0714285714285716
27,123,3.925925925925926,7,6.3125,4.391304347826087
13,21,1.6923076923076923,4,2.5,2.0
26,76,3.423076923076923,6,3.8823529411764706,3.0
23,38,3.3043478260869565,6,5.666666666666667,1.7894736842105263
23,63,3.0434782608695654,5,4.636363636363637,2.6842105263157894
26,54,2.769230769230769,4,5.555555555555555,2.272727272727273
25,71,3.52,6,4.384615384615385,2.7142857142857144
26,92,3.5,7,6.083333333333333,3.3181818181818183
21,29,1.5714285714285714,3,3.3333333333333335,1.25
22,28,1.4090909090909092,3,4.0,1.1428571428571428
26,99,3.3846153846153846,6,5.625,4.090909090909091
26,139,3.923076923076923,8,5.545454545454546,5.545454545454546
21,79,2.9047619047619047,6,4.214285714285714,3.4705882352941178
23,98,3.4782608695652173,8,4.55,4.7894736842105265
20,52,2.9,5,5.5,2.588235294117647
23,49,3.0434782608695654,6,4.181818181818182,2.3
23,51,3.0434782608695654,6,4.363636363636363,2.4
26,72,3.423076923076923,6,4.0625,2.9545454545454546
25,41,3.32,6,6.333333333333333,1.7272727272727273
18,51,2.4444444444444446,5,3.3333333333333335,2.857142857142857
28,83,3.357142857142857,6,5.642857142857143,3.16
24,66,3.0833333333333335,5,4.818181818181818,2.789473684210526
21,51,2.238095238095238,4,3.3333333333333335,2.3076923076923075
25,76,3.6,6,5.916666666666667,3.227272727272727
17,28,1.411764705882353,3,2.6,2.1666666666666665
23,63,2.608695652173913,4,5.0,3.0
23,55,2.4347826086956523,5,3.7777777777777777,2.4285714285714284
24,70,3.1666666666666665,5,5.153846153846154,3.1904761904761907
26,93,3.923076923076923,7,5.125,3.727272727272727
24,41,3.375,6,6.333333333333333,1.8095238095238095
26,73,2.769230769230769,4,5.75,3.0
25,59,2.32,5,4.5,2.4
23,40,3.391304347826087,6,6.166666666666667,1.85
26,90,3.3846153846153846,6,4.6875,3.409090909090909
23,78,4.086956521739131,8,3.2222222222222223,3.0526315789473686
24,79,3.5,7,4.352941176470588,3.5238095238095237
24,41,3.375,6,6.333333333333333,1.8095238095238095
19,52,2.8947368421052633,8,3.5,3.230769230769231
26,47,2.923076923076923,6,3.5833333333333335,1.9545454545454546
23,50,1.6956521739130435,3,4.833333333333333,2.4166666666666665
31,212,4.451612903225806,8,8.541666666666666,7.592592592592593
22,32,3.0454545454545454,5,4.142857142857143,1.5263157894736843
25,88,3.64,6,5.25,3.8181818181818183
26,56,1.9615384615384615,4,4.285714285714286,2.3076923076923075
22,48,1.8636363636363635,3,4.833333333333333,2.230769230769231
23,40,3.391304347826087,6,6.166666666666667,1.85
25,85,3.44,6,5.214285714285714,3.4761904761904763
24,88,4.166666666666667,8,4.235294117647059,3.6
27,52,3.074074074074074,6,4.0,2.0869565217391304
17,26,1.411764705882353,3,2.75,1.8333333333333333
22,34,2.772727272727273,5,3.0,1.6666666666666667
16,22,1.4375,2,4.0,1.1428571428571428
22,53,2.6818181818181817,5,4.083333333333333,2.7222222222222223
18,31,1.7222222222222223,3,3.0,1.6666666666666667
21,34,2.761904761904762,5,3.3333333333333335,1.7647058823529411
28,103,3.642857142857143,6,5.857142857142857,3.4166666666666665
22,38,3.409090909090909,6,5.833333333333333,1.8421052631578947
14,26,2.357142857142857,5,2.3333333333333335,1.5555555555555556
28,46,2.892857142857143,5,4.2,1.75
26,79,3.1538461538461537,6,3.8666666666666667,2.761904761904762
26,79,3.269230769230769,6,4.066666666666666,2.9047619047619047
26,80,3.0,5,5.357142857142857,3.409090909090909
22,57,2.409090909090909,5,4.375,2.5
20,32,1.5,2,6.5,1.3
21,37,3.3333333333333335,6,5.666666666666667,1.8888888888888888
25,56,3.12,5,5.1,2.3181818181818183
19,35,1.4210526315789473,3,3.2,2.2857142857142856
18,32,1.5,3,2.8,2.0
21,37,3.3333333333333335,6,5.666666666666667,1.8888888888888888
24,81,3.375,6,4.571428571428571,3.2
24,81,3.9166666666666665,8,3.625,2.9
26,76,2.769230769230769,5,4.733333333333333,3.227272727272727
12,17,1.4166666666666667,3,2.3333333333333335,1.75
23,39,3.3043478260869565,6,5.833333333333333,1.8421052631578947
19,30,1.4210526315789473,3,2.75,1.5714285714285714
25,81,3.56,7,3.1666666666666665,2.85
26,68,3.1538461538461537,5,4.846153846153846,2.8636363636363638
23,66,3.0869565217391304,5,4.166666666666667,2.7777777777777777
22,37,3.409090909090909,6,5.666666666666667,1.7894736842105263
27,60,3.037037037037037,5,7.0,2.4347826086956523
13,21,1.6923076923076923,4,2.5,2.0
26,84,3.0384615384615383,5,5.266666666666667,3.590909090909091
20,37,1.8,3,4.5,1.6363636363636365
22,35,2.8181818181818183,5,3.1,1.7222222222222223
26,81,3.4615384615384617,6,4.833333333333333,2.6363636363636362
21,29,3.0476190476190474,5,4.333333333333333,1.4444444444444444
25,99,3.76,7,5.470588235294118,4.428571428571429
23,76,4.130434782608695,8,3.875,3.263157894736842
28,113,3.2857142857142856,6,5.1,4.25
12,20,1.75,4,2.75,2.2
23,39,3.3043478260869565,6,5.833333333333333,1.8421052631578947
26,85,2.730769230769231,5,5.0,3.6363636363636362
25,51,1.96,4,5.2,2.0
23,39,3.3043478260869565,6,5.833333333333333,1.8421052631578947
20,33,1.55,3,5.666666666666667,1.7
24,50,1.9166666666666667,5,2.5454545454545454,2.3333333333333335
24,60,3.3333333333333335,6,4.583333333333333,2.75
24,71,2.7083333333333335,5,5.0,3.25
20,47,2.05,4,4.5,2.4545454545454546
23,39,3.3043478260869565,6,5.833333333333333,1.8421052631578947
24,84,3.375,6,4.466666666666667,3.35
27,50,2.888888888888889,5,3.5384615384615383,2.0
19,27,1.3157894736842106,2,3.3333333333333335,1.6666666666666667
24,83,3.125,6,4.125,3.3
13,16,1.3076923076923077,3,1.6666666666666667,1.6666666666666667
31,205,4.387096774193548,8,8.476190476190476,6.592592592592593
23,39,3.3043478260869565,6,5.833333333333333,1.8421052631578947
23,71,3.0869565217391304,5,4.266666666666667,3.2
23,43,2.869565217391304,6,5.571428571428571,2.0526315789473686
21,71,3.0952380952380953,6,4.923076923076923,3.764705882352941
17,28,1.7647058823529411,3,4.333333333333333,1.4444444444444444
23,39,3.3043478260869565,6,5.833333333333333,1.8421052631578947
19,33,1.7894736842105263,3,4.0,1.1428571428571428
30,101,3.6,7,5.333333333333333,3.6923076923076925
25,69,3.16,5,4.416666666666667,2.65
18,50,2.7777777777777777,6,3.2,2.4615384615384617
23,41,2.9130434782608696,5,4.0,1.894736842105263
18,28,1.6111111111111112,3,3.0,1.5
23,39,3.3043478260869565,6,5.833333333333333,1.8421052631578947
23,77,4.043478260869565,8,3.263157894736842,3.263157894736842
28,83,3.642857142857143,7,4.875,3.25
24,63,2.625,5,4.181818181818182,2.875
18,49,3.0,6,3.4444444444444446,2.2142857142857144
23,39,3.3043478260869565,6,5.833333333333333,1.8421052631578947
20,40,2.0,4,4.0,1.6666666666666667
26,47,2.769230769230769,4,7.166666666666667,1.9545454545454546
24,66,2.5833333333333335,5,3.8181818181818183,2.625
13,21,1.6923076923076923,4,2.0,2.0
21,39,2.8095238095238093,5,3.3,1.9411764705882353
22,70,3.272727272727273,6,4.0,2.888888888888889
24,66,3.375,6,3.7333333333333334,2.8
20,33,2.75,5,3.111111111111111,1.75
20,40,2.35,4,3.25,1.7333333333333334
23,35,3.0869565217391304,5,3.875,1.631578947368421
26,113,3.8076923076923075,7,5.578947368421052,4.818181818181818
24,86,4.083333333333333,8,4.0588235294117645,3.45
27,92,3.740740740740741,7,5.375,3.739130434782609
23,65,3.0869565217391304,5,4.333333333333333,2.888888888888889
24,41,3.2916666666666665,6,5.285714285714286,1.85
26,95,3.1923076923076925,6,4.578947368421052,3.9545454545454546
25,55,2.88,6,5.1,2.4285714285714284
22,79,3.409090909090909,7,4.8,4.0
24,43,3.2083333333333335,6,5.833333333333333,1.75
22,41,3.409090909090909,6,5.428571428571429,2.0
19,43,2.9473684210526314,5,3.857142857142857,1.9285714285714286
17,30,1.7058823529411764,3,4.25,1.7
25,48,2.8,4,5.625,2.0454545454545454
23,61,3.0434782608695654,5,4.833333333333333,2.9
17,30,1.4705882352941178,3,2.5,2.5
21,45,2.9047619047619047,5,4.1,2.2777777777777777
19,33,1.8421052631578947,3,4.25,1.5454545454545454
23,39,3.260869565217391,6,6.0,1.8
27,106,3.740740740740741,7,4.631578947368421,3.8260869565217392
28,83,3.0,5,5.0,3.2
24,69,2.75,5,5.1,3.0
22,58,2.4545454545454546,5,2.769230769230769,2.5714285714285716
24,41,3.375,6,6.333333333333333,1.8095238095238095
25,89,3.48,6,4.8125,3.6666666666666665
23,85,4.217391304347826,8,3.611111111111111,3.4210526315789473
27,53,3.074074074074074,6,4.083333333333333,2.130434782608696
24,41,3.375,6,6.333333333333333,1.8095238095238095
15,30,2.533333333333333,5,2.4285714285714284,1.7
27,85,3.3703703703703702,6,4.5,2.739130434782609
25,68,3.16,5,4.923076923076923,2.909090909090909
19,32,1.5263157894736843,2,8.5,1.7
19,32,1.5263157894736843,2,8.5,1.7
22,36,2.8181818181818183,5,3.2,1.7777777777777777
18,29,1.5,3,2.6,1.8571428571428572
13,19,1.5384615384615385,3,2.0,1.6
28,101,3.642857142857143,6,5.866666666666666,3.6666666666666665
21,37,3.3333333333333335,6,5.666666666666667,1.8888888888888888
20,58,3.2,6,3.769230769230769,2.8823529411764706
27,48,2.888888888888889,5,3.6666666666666665,1.9130434782608696
18,28,1.4444444444444444,2,7.0,1.75
24,58,2.2916666666666665,5,3.888888888888889,2.3333333333333335
23,71,3.5652173913043477,6,4.714285714285714,3.3
26,81,3.5384615384615383,6,5.2727272727272725,2.6363636363636362
23,53,2.1739130434782608,4,5.0,2.3076923076923075
21,36,3.4285714285714284,6,5.5,1.8333333333333333
27,109,3.7037037037037037,7,5.352941176470588,3.9565217391304346
28,93,2.892857142857143,5,5.5,3.6666666666666665
25,63,2.4,4,4.666666666666667,2.625
19,47,2.5789473684210527,5,2.9,2.230769230769231
22,37,3.409090909090909,6,5.666666666666667,1.7894736842105263
24,83,3.4166666666666665,6,4.533333333333333,3.4
24,78,4.0,8,3.6875,2.95
25,44,2.88,5,3.6363636363636362,1.9047619047619047
24,36,2.9583333333333335,5,4.0,1.6
20,58,3.05,8,3.9166666666666665,3.357142857142857
26,47,2.769230769230769,4,6.142857142857143,1.9545454545454546
24,62,2.5833333333333335,5,4.6,2.875
13,20,1.6923076923076923,4,2.25,1.8
29,99,3.5517241379310347,6,7.3,2.92
23,40,3.391304347826087,6,6.166666666666667,1.85
15,33,3.7333333333333334,6,3.0,1.6153846153846154
28,118,3.607142857142857,7,5.222222222222222,4.086956521739131
23,64,3.4782608695652173,6,4.538461538461538,2.95
21,72,3.3333333333333335,6,3.823529411764706,3.611111111111111
21,37,2.9047619047619047,6,3.3,1.9411764705882353
18,33,1.7777777777777777,3,4.25,1.7
21,36,3.2857142857142856,6,5.5,1.8333333333333333
27,77,2.925925925925926,5,6.0,3.130434782608696
26,55,1.9230769230769231,4,4.833333333333333,2.230769230769231
21,37,3.3333333333333335,6,5.666666666666667,1.8888888888888888
24,85,3.4583333333333335,6,4.6,3.45
25,88,4.08,8,3.9411764705882355,3.1904761904761907
25,40,2.84,5,3.272727272727273,1.7142857142857142
22,38,3.227272727272727,6,5.666666666666667,1.8888888888888888
21,64,3.761904761904762,8,4.230769230769231,3.235294117647059
25,65,3.24,5,5.0,2.727272727272727
22,39,1.8181818181818181,3,4.25,1.5454545454545454
17,40,3.176470588235294,7,3.0,2.142857142857143
22,38,3.227272727272727,6,5.666666666666667,1.8888888888888888
26,56,3.0384615384615383,5,6.375,2.3181818181818183
25,54,1.96,4,4.833333333333333,2.230769230769231
21,45,1.8571428571428572,3,4.8,1.8461538461538463
23,39,3.3043478260869565,6,5.833333333333333,1.8421052631578947
14,27,2.357142857142857,5,2.5,1.6666666666666667
24,83,3.7916666666666665,7,3.6875,2.95
26,45,2.769230769230769,4,6.666666666666667,1.8181818181818181
24,81,3.25,6,5.285714285714286,3.7
18,32,1.5,3,3.0,2.142857142857143
19,36,1.736842105263158,3,3.6,1.8
21,36,2.8095238095238093,5,3.1,1.8235294117647058
18,30,1.7222222222222223,3,3.25,1.4444444444444444
22,62,3.8181818181818183,6,4.916666666666667,3.1052631578947367
14,25,2.4285714285714284,5,2.8,1.75
25,87,3.84,7,3.5,3.0
23,38,2.652173913043478,4,6.8,1.7894736842105263
22,57,2.8636363636363638,5,3.8181818181818183,2.625
23,65,3.130434782608696,5,4.166666666666667,2.7777777777777777
22,38,2.8181818181818183,5,3.3,1.8333333333333333
23,69,2.652173913043478,5,4.2727272727272725,2.9375
26,88,3.3461538461538463,6,6.2,2.8181818181818183
21,29,3.0476190476190474,5,4.333333333333333,1.4444444444444444
25,76,3.16,5,4.3076923076923075,2.6666666666666665
27,54,3.074074074074074,6,4.083333333333333,2.130434782608696
24,68,3.5,6,4.846153846153846,3.15
17,27,1.6470588235294117,3,4.0,1.5
20,67,4.0,8,4.846153846153846,3.7058823529411766
24,65,2.4583333333333335,5,4.3,2.6875
24,47,3.0,6,3.5,2.1
19,35,1.5263157894736843,2,9.5,1.9
19,35,1.5263157894736843,2,9.5,1.9
22,39,2.8181818181818183,5,3.4,1.8888888888888888
21,43,2.142857142857143,4,4.0,2.1538461538461537
23,39,3.3043478260869565,6,5.833333333333333,1.8421052631578947
22,73,3.909090909090909,7,4.0625,3.4210526315789473
24,45,2.875,5,3.6363636363636362,2.0
16,20,1.4375,2,4.0,1.1428571428571428
22,58,2.6818181818181817,5,4.416666666666667,2.9444444444444446
17,29,1.7647058823529411,3,3.5,1.5555555555555556
22,38,2.8181818181818183,5,3.3,1.8333333333333333
23,38,3.3043478260869565,6,5.666666666666667,1.7894736842105263
27,65,3.037037037037037,5,6.444444444444445,2.5217391304347827
25,56,1.96,4,5.166666666666667,2.3846153846153846
22,51,1.9545454545454546,3,5.333333333333333,2.2857142857142856
23,38,3.3043478260869565,6,5.666666666666667,1.7894736842105263
26,105,3.730769230769231,7,4.894736842105263,4.2272727272727275
28,109,2.9285714285714284,5,6.0588235294117645,4.291666666666667
26,73,2.4615384615384617,4,5.555555555555555,2.9411764705882355
19,53,3.0,6,3.1818181818181817,2.3333333333333335
27,90,3.5555555555555554,6,5.7272727272727275,2.739130434782609
24,42,3.2916666666666665,6,5.428571428571429,1.9
25,59,3.04,5,5.4,2.5714285714285716
24,43,3.2916666666666665,6,5.571428571428571,1.95
24,77,4.25,8,3.8333333333333335,3.45
27,78,3.185185185185185,5,5.615384615384615,3.1739130434782608
18,47,2.0555555555555554,4,3.4444444444444446,3.1
15,25,2.066666666666667,4,2.8,1.5555555555555556
20,63,3.8,8,4.538461538461538,3.4705882352941178
22,41,3.409090909090909,6,5.428571428571429,2.0
28,68,3.2142857142857144,5,5.909090909090909,2.6
26,57,2.0384615384615383,4,4.375,2.5
22,51,2.590909090909091,5,4.0,1.8823529411764706
23,40,3.3043478260869565,6,6.166666666666667,1.85
26,85,3.1538461538461537,6,4.705882352941177,3.4782608695652173
27,58,3.1481481481481484,6,4.583333333333333,2.2916666666666665
25,69,3.04,5,4.230769230769231,2.75
24,41,3.375,6,6.333333333333333,1.8095238095238095
25,77,3.16,6,4.5,3.272727272727273
24,48,2.6666666666666665,5,4.888888888888889,2.2
21,69,2.857142857142857,6,4.133333333333334,3.6470588235294117
23,40,3.3043478260869565,6,6.166666666666667,1.85
25,89,2.84,5,4.470588235294118,3.619047619047619
26,70,2.9615384615384617,5,4.466666666666667,2.9130434782608696
12,18,1.5,3,2.6666666666666665,2.0
13,17,1.3846153846153846,3,2.0,1.5
23,40,3.391304347826087,6,6.166666666666667,1.85
24,81,2.8333333333333335,5,4.3125,3.45
23,74,3.3043478260869565,6,3.7777777777777777,3.4
25,42,3.32,6,6.5,1.7727272727272727
15,38,3.466666666666667,6,3.0,2.25
27,47,2.888888888888889,5,4.3,1.8695652173913044
24,60,2.4583333333333335,5,3.9,2.4375
13,19,1.6153846153846154,3,2.6666666666666665,1.6
25,42,3.0,6,3.4545454545454546,1.8095238095238095
30,191,4.333333333333333,8,7.913043478260869,7.0
21,41,3.238095238095238,5,4.875,2.0526315789473686
27,122,3.888888888888889,7,5.368421052631579,4.434782608695652
24,41,3.375,6,6.333333333333333,1.8095238095238095
24,85,2.8333333333333335,5,4.4375,3.55
26,48,2.923076923076923,6,3.6666666666666665,2.0
23,68,3.4347826086956523,6,4.5,3.15
22,50,1.9090909090909092,4,4.666666666666667,2.5454545454545454
27,98,3.5555555555555554,6,5.428571428571429,3.3043478260869565
22,39,3.3181818181818183,6,6.0,1.894736842105263
22,61,3.227272727272727,6,4.75,3.0
28,56,2.6785714285714284,5,5.777777777777778,2.1666666666666665
18,32,1.6666666666666667,3,2.6666666666666665,2.0
26,71,3.0384615384615383,5,4.153846153846154,2.7
22,34,2.772727272727273,5,3.0,1.6666666666666667
22,58,2.409090909090909,5,3.9,2.6
13,17,1.3846153846153846,3,2.0,1.5
23,61,3.130434782608696,5,4.75,2.85
22,57,2.6818181818181817,5,4.076923076923077,2.9444444444444446
21,36,3.4285714285714284,6,5.5,1.8333333333333333
27,80,3.4814814814814814,6,5.769230769230769,3.260869565217391
13,20,1.6923076923076923,4,2.25,1.8
23,40,3.391304347826087,6,6.166666666666667,1.85
24,51,3.125,5,4.6,2.1904761904761907
16,22,1.4375,2,4.0,1.1428571428571428
24,42,3.0416666666666665,6,3.4545454545454546,1.9
23,75,3.608695652173913,6,4.666666666666667,3.5
17,28,1.6470588235294117,3,3.0,1.5
20,42,2.15,4,2.7,1.9285714285714286
22,38,3.409090909090909,6,5.833333333333333,1.8421052631578947
25,47,2.68,4,5.375,2.0476190476190474
16,21,1.4375,2,7.0,1.0
23,39,3.3043478260869565,6,5.833333333333333,1.8421052631578947
23,75,3.3043478260869565,6,4.857142857142857,3.4
24,48,2.875,6,4.888888888888889,2.2
21,68,2.6666666666666665,5,4.6923076923076925,3.588235294117647
23,66,3.1739130434782608,7,4.214285714285714,3.1052631578947367
22,28,1.5909090909090908,3,6.0,1.3333333333333333
20,24,1.45,3,4.5,1.2857142857142858
26,91,3.8076923076923075,7,6.0,3.8181818181818183
29,107,3.1724137931034484,6,4.857142857142857,4.08
21,48,1.9047619047619047,3,6.2,2.3846153846153846
23,50,2.782608695652174,5,4.181818181818182,2.4210526315789473
20,48,2.85,6,3.7777777777777777,2.2666666666666666
28,199,4.071428571428571,8,6.8076923076923075,7.375
20,28,3.1,5,4.166666666666667,1.4705882352941178
23,78,3.739130434782609,7,4.533333333333333,3.4
23,39,2.9130434782608696,6,3.090909090909091,1.7894736842105263
24,41,3.2916666666666665,6,6.166666666666667,1.85
24,86,3.2916666666666665,5,4.8,3.6
24,82,4.166666666666667,8,3.8333333333333335,3.45
25,69,3.44,7,4.571428571428571,3.0476190476190474
22,57,2.590909090909091,5,4.6,3.066666666666667
23,39,3.3043478260869565,6,5.833333333333333,1.8421052631578947
27,91,3.074074074074074,5,5.0588235294117645,3.739130434782609
12,20,1.75,4,2.5,2.0
23,39,3.3043478260869565,6,5.833333333333333,1.8421052631578947
20,36,1.45,2,9.0,2.0
25,81,3.4,6,5.846153846153846,3.619047619047619
22,45,1.7272727272727273,3,4.166666666666667,2.0833333333333335
22,43,1.6363636363636365,3,4.6,2.090909090909091
22,74,3.409090909090909,6,3.9411764705882355,3.526315789473684
23,39,3.3043478260869565,6,5.833333333333333,1.8421052631578947
24,85,3.4166666666666665,6,4.6,3.45
25,84,4.08,8,3.8125,2.9047619047619047
25,72,2.76,5,4.466666666666667,3.1904761904761907
23,55,2.217391304347826,4,4.571428571428571,2.2857142857142856
17,38,2.235294117647059,5,3.0,2.25
12,17,1.5,3,1.75,1.75
23,39,3.3043478260869565,6,5.833333333333333,1.8421052631578947
24,85,3.375,6,5.0,3.5
26,91,4.1923076923076925,8,3.823529411764706,2.9545454545454546
28,55,3.0714285714285716,6,3.8461538461538463,2.0833333333333335
23,39,3.3043478260869565,6,5.833333333333333,1.8421052631578947
26,100,3.730769230769231,7,5.176470588235294,4.0
27,61,3.1481481481481484,5,6.333333333333333,2.4782608695652173
18,31,1.5555555555555556,3,2.5,2.142857142857143
19,38,1.6842105263157894,4,2.857142857142857,2.2222222222222223
21,45,1.8095238095238095,3,4.333333333333333,2.1666666666666665
23,39,3.3043478260869565,6,5.833333333333333,1.8421052631578947
24,88,3.4583333333333335,6,4.866666666666666,3.65
29,125,3.5172413793103448,7,6.2105263157894735,4.72
19,35,1.736842105263158,4,2.25,2.25
25,60,2.28,5,4.375,2.3333333333333335
13,20,1.6923076923076923,4,2.25,1.8
23,39,3.3043478260869565,6,5.833333333333333,1.8421052631578947
23,82,3.782608695652174,7,3.6666666666666665,3.473684210526316
24,44,2.75,4,5.714285714285714,2.0
24,89,3.5,7,5.125,4.1
22,55,2.1818181818181817,4,4.714285714285714,2.5384615384615383
21,45,2.142857142857143,4,4.0,2.1538461538461537
26,86,3.4615384615384617,6,6.454545454545454,3.227272727272727
22,27,1.4545454545454546,3,2.5,1.4285714285714286
21,23,1.380952380952381,3,3.5,1.0
16,37,2.125,4,3.0,2.5
21,70,3.619047619047619,7,4.416666666666667,2.9444444444444446
26,123,4.0,8,5.045454545454546,5.045454545454546
22,86,2.909090909090909,6,3.8823529411764706,3.6666666666666665
23,120,3.652173913043478,7,5.842105263157895,5.842105263157895
16,41,2.6875,6,3.0833333333333335,2.8461538461538463
19,64,3.6315789473684212,8,4.285714285714286,3.75
24,136,3.7916666666666665,8,6.0476190476190474,6.35
26,95,3.3846153846153846,6,5.933333333333334,4.045454545454546
24,45,3.4583333333333335,6,5.125,1.9523809523809523
24,87,3.4583333333333335,7,4.555555555555555,4.1
23,79,4.217391304347826,8,3.7058823529411766,3.3157894736842106
25,56,3.24,6,4.909090909090909,2.347826086956522
25,43,3.36,6,6.666666666666667,1.8181818181818181
22,74,3.3181818181818183,6,3.2777777777777777,3.2777777777777777
27,52,2.962962962962963,5,3.769230769230769,2.0416666666666665
24,49,1.7083333333333333,3,4.666666666666667,2.1538461538461537
23,40,3.3043478260869565,6,6.166666666666667,1.85
20,34,1.55,3,4.5,1.8
25,56,2.24,6,3.0,2.2
24,64,3.1666666666666665,5,5.0,2.857142857142857
19,32,1.5263157894736843,2,8.5,1.7
23,82,2.869565217391304,6,4.411764705882353,3.9473684210526314
21,37,2.761904761904762,5,3.0,1.9411764705882353
22,38,3.3181818181818183,6,5.833333333333333,1.8421052631578947
23,81,3.6956521739130435,7,3.4210526315789473,3.4210526315789473
27,74,2.888888888888889,5,5.384615384615385,2.9166666666666665
22,44,1.8181818181818181,3,4.0,1.8461538461538463
24,41,3.3333333333333335,6,6.333333333333333,1.8095238095238095
23,70,3.0434782608695654,5,4.5,3.15
23,47,2.6956521739130435,5,4.3,2.263157894736842
22,75,3.0,6,4.857142857142857,3.7777777777777777
21,44,3.5714285714285716,6,5.125,2.1578947368421053
19,33,1.6842105263157894,3,4.4,2.0
24,54,2.7916666666666665,5,4.545454545454546,2.5
17,28,1.6470588235294117,3,2.6,1.625
24,40,3.375,6,6.166666666666667,1.7619047619047619
24,54,3.0416666666666665,6,3.1666666666666665,2.235294117647059
27,43,2.8518518518518516,4,4.875,1.6956521739130435
24,73,3.625,6,4.533333333333333,3.238095238095238
18,29,1.6111111111111112,3,3.0,1.5
22,56,2.227272727272727,4,5.0,2.6923076923076925
23,58,3.130434782608696,5,4.909090909090909,2.7
21,50,2.238095238095238,5,3.75,2.5
20,34,1.6,3,5.0,1.3636363636363635
24,39,3.25,6,5.833333333333333,1.75
24,83,3.0833333333333335,6,4.4,3.3
24,43,2.9166666666666665,6,3.25,1.95
22,37,3.409090909090909,6,5.666666666666667,1.7894736842105263
23,71,3.0434782608695654,5,4.571428571428571,3.2
26,52,3.0,6,5.333333333333333,2.1818181818181817
21,67,2.619047619047619,5,4.615384615384615,3.5294117647058822
18,30,1.7222222222222223,3,3.25,1.4444444444444444
22,38,3.409090909090909,6,5.833333333333333,1.8421052631578947
25,61,2.56,5,2.9285714285714284,2.05
24,64,3.1666666666666665,5,4.916666666666667,2.8095238095238093
22,53,2.1818181818181817,4,5.166666666666667,2.3846153846153846
19,33,1.5263157894736843,2,7.5,1.5
23,83,2.9565217391304346,6,4.75,4.0
23,74,3.4347826086956523,6,4.6,3.45
20,31,1.5,2,6.5,1.3
21,38,2.9047619047619047,6,3.090909090909091,2.0
22,53,3.272727272727273,7,4.8,2.526315789473684
21,26,1.7142857142857142,3,6.5,1.3
21,26,1.7142857142857142,3,6.5,1.3
16,40,2.4375,5,3.5555555555555554,2.4615384615384617
22,59,1.9545454545454546,4,3.8,2.533333333333333
19,66,3.3684210526315788,7,4.428571428571429,3.875
17,41,2.823529411764706,6,3.3636363636363638,2.642857142857143
16,41,2.5625,6,3.1666666666666665,2.923076923076923
19,60,3.210526315789474,7,3.9285714285714284,3.4375
21,75,2.857142857142857,6,3.6875,3.4705882352941178
21,63,3.4285714285714284,7,5.2727272727272725,3.2222222222222223
27,185,3.962962962962963,8,6.88,7.478260869565218
21,29,3.0476190476190474,5,4.333333333333333,1.4444444444444444
24,82,3.5416666666666665,7,4.866666666666666,3.4761904761904763
25,65,3.48,7,4.285714285714286,2.857142857142857
19,34,1.5263157894736843,2,9.5,1.9
18,52,3.6666666666666665,8,4.083333333333333,3.2666666666666666
14,22,1.6428571428571428,4,3.0,2.4
25,47,2.92,6,3.5,2.0
22,36,3.0,6,2.8181818181818183,1.7222222222222223
22,45,1.8636363636363635,3,5.2,2.0
30,112,3.7,6,6.833333333333333,3.1538461538461537
23,40,3.3043478260869565,6,5.833333333333333,1.8421052631578947
23,79,4.043478260869565,8,3.8823529411764706,3.473684210526316
28,56,3.0714285714285716,6,3.923076923076923,2.125
23,56,2.260869565217391,4,4.714285714285714,2.2
23,42,1.7826086956521738,3,4.75,1.5833333333333333
21,32,2.761904761904762,5,3.0,1.588235294117647
23,64,3.130434782608696,6,5.0,2.8947368421052633
21,27,1.7142857142857142,3,6.5,1.3
19,36,1.736842105263158,3,3.125,2.0833333333333335
28,56,3.142857142857143,6,4.25,2.125
25,74,3.48,6,4.5,3.0
22,43,1.8181818181818181,3,5.25,1.9090909090909092
20,52,2.8,6,2.9166666666666665,2.5
23,40,2.9130434782608696,5,4.5,1.5
26,97,3.269230769230769,6,5.5625,4.045454545454546
13,22,1.6923076923076923,4,2.75,2.2
23,44,3.260869565217391,6,5.0,1.8421052631578947
25,92,3.2,6,6.0,4.0
24,52,2.0,4,4.666666666666667,2.1538461538461537
23,39,3.3043478260869565,6,5.666666666666667,1.7894736842105263
20,34,1.85,4,3.0,1.2857142857142858
29,129,3.6551724137931036,7,6.368421052631579,4.84
24,42,3.0416666666666665,6,3.3636363636363638,1.85
19,36,1.7894736842105263,4,2.7142857142857144,2.111111111111111
28,92,3.4285714285714284,6,6.4,2.6666666666666665
23,40,3.3043478260869565,6,5.833333333333333,1.8421052631578947
26,62,3.1538461538461537,5,5.181818181818182,2.590909090909091
26,56,2.0,4,5.0,2.142857142857143
22,56,2.272727272727273,4,5.285714285714286,2.642857142857143
23,39,3.3043478260869565,6,5.833333333333333,1.8421052631578947
19,57,3.8421052631578947,8,4.0,3.25
23,40,2.869565217391304,6,2.9166666666666665,1.8421052631578947
23,39,3.3043478260869565,6,5.833333333333333,1.8421052631578947
19,57,3.3157894736842106,6,3.7142857142857144,3.25
28,116,3.357142857142857,7,6.0,4.5
24,75,2.9166666666666665,5,5.230769230769231,3.4
23,44,1.8695652173913044,3,5.75,1.9166666666666667
17,37,2.5294117647058822,6,2.8,2.1538461538461537
28,109,4.178571428571429,7,6.75,3.375
23,39,3.3043478260869565,6,5.833333333333333,1.8421052631578947
24,88,3.5,6,4.933333333333334,3.7
23,78,4.130434782608695,8,3.388888888888889,3.210526315789474
23,51,2.782608695652174,5,5.0,2.3684210526315788
23,82,3.4782608695652173,7,4.6875,3.9473684210526314
25,93,3.24,6,4.866666666666666,3.8421052631578947
18,36,2.2222222222222223,4,2.857142857142857,2.0
25,72,3.4,6,4.214285714285714,2.8095238095238093
21,36,3.380952380952381,6,4.571428571428571,1.8823529411764706
23,75,3.869565217391304,7,4.117647058823529,3.5
26,46,2.8461538461538463,5,3.6363636363636362,1.8181818181818181
13,24,2.0,5,2.6,2.1666666666666665
26,79,3.269230769230769,6,4.2,3.0
18,53,3.2222222222222223,7,3.4285714285714284,3.2
21,90,3.5238095238095237,8,4.9411764705882355,4.9411764705882355
20,55,3.05,6,5.0,2.9411764705882355
27,147,4.037037037037037,8,5.72,6.217391304347826
20,38,3.25,5,4.857142857142857,1.8888888888888888
18,40,2.111111111111111,5,3.625,2.4166666666666665
27,58,2.7777777777777777,4,6.75,2.347826086956522
23,81,3.260869565217391,6,4.733333333333333,3.736842105263158
23,40,2.8260869565217392,5,3.272727272727273,1.894736842105263
22,37,3.272727272727273,6,5.666666666666667,1.7894736842105263
27,55,2.5925925925925926,4,6.375,2.217391304347826
26,58,2.1923076923076925,4,3.888888888888889,2.3333333333333335
27,94,3.5555555555555554,6,5.125,3.5652173913043477
22,39,3.3181818181818183,6,6.0,1.894736842105263
26,108,3.576923076923077,6,5.705882352941177,4.409090909090909
24,42,3.4166666666666665,6,6.5,1.8571428571428572
14,26,2.357142857142857,5,2.5,1.6666666666666667
26,71,3.269230769230769,5,5.153846153846154,2.9130434782608696
23,74,3.3043478260869565,6,4.25,3.4
25,94,3.2,6,5.0625,3.857142857142857
24,41,3.3333333333333335,6,6.333333333333333,1.8095238095238095
27,65,3.1481481481481484,5,6.1,2.5416666666666665
26,53,1.9230769230769231,4,5.0,2.3076923076923075
21,52,2.380952380952381,5,4.375,2.5
22,39,3.3181818181818183,6,6.0,1.894736842105263
19,30,1.5789473684210527,3,3.5,1.4
27,87,3.037037037037037,5,5.466666666666667,3.4166666666666665
17,30,1.7058823529411764,3,2.5,1.875
12,19,1.75,4,2.25,1.8
25,70,3.16,5,4.5,2.7
22,38,3.409090909090909,6,5.833333333333333,1.8421052631578947
21,67,3.380952380952381,7,4.285714285714286,3.3333333333333335
26,47,2.923076923076923,6,3.5833333333333335,1.9545454545454546
19,32,1.4736842105263157,2,8.0,1.7777777777777777
23,64,3.0,5,5.0,3.0
23,57,2.347826086956522,5,4.25,2.4285714285714284
21,36,3.3333333333333335,6,5.5,1.8333333333333333
27,101,3.7037037037037037,7,4.882352941176471,3.608695652173913
29,95,2.896551724137931,5,5.294117647058823,3.6
25,64,2.4,4,4.666666666666667,2.625
19,48,2.5789473684210527,5,3.0,2.3076923076923075
22,38,3.409090909090909,6,5.833333333333333,1.8421052631578947
24,77,4.125,8,3.764705882352941,3.2
27,51,2.962962962962963,6,3.9166666666666665,2.0434782608695654
18,27,1.3888888888888888,3,2.5,1.6666666666666667
27,86,3.4814814814814814,6,6.0,3.391304347826087
24,29,1.5833333333333333,3,6.5,1.3
21,25,1.5238095238095237,3,5.5,1.375
24,71,3.8333333333333335,7,5.0,3.0952380952380953
28,100,3.0357142857142856,5,6.333333333333333,3.8
21,47,1.8095238095238095,3,4.833333333333333,2.230769230769231
23,57,2.739130434782609,5,3.7857142857142856,2.789473684210526
24,74,3.1666666666666665,6,4.333333333333333,2.888888888888889
28,192,4.071428571428571,8,6.846153846153846,7.416666666666667
21,29,3.0476190476190474,5,4.333333333333333,1.4444444444444444
19,40,2.1052631578947367,5,4.0,2.0
21,60,3.857142857142857,8,3.4615384615384617,2.6470588235294117
24,38,2.8333333333333335,5,3.4,1.7
24,41,3.2916666666666665,6,6.166666666666667,1.85
14,29,3.4285714285714284,6,2.5714285714285716,1.6363636363636365
24,80,3.75,7,3.7058823529411766,3.15
27,73,3.1481481481481484,5,4.857142857142857,2.9565217391304346
19,30,1.263157894736842,2,3.0,2.4
19,35,1.4210526315789473,3,2.2857142857142856,2.2857142857142856
21,36,3.238095238095238,6,5.333333333333333,1.8823529411764706
22,57,2.772727272727273,4,4.2,2.3333333333333335
25,44,2.72,4,6.666666666666667,1.9047619047619047
23,60,3.0869565217391304,5,3.8333333333333335,2.5555555555555554
26,81,3.4615384615384617,6,6.0,3.272727272727273
22,27,1.5,3,5.5,1.375
20,25,1.45,3,4.5,1.2857142857142858
17,41,2.0,4,3.2,2.4615384615384617
19,55,2.473684210526316,5,3.0833333333333335,2.3125
23,106,3.6956521739130435,8,5.0,5.2631578947368425
21,69,2.619047619047619,6,3.4285714285714284,2.823529411764706
22,97,3.5454545454545454,8,5.111111111111111,5.111111111111111
16,37,2.625,6,3.3,2.5384615384615383
18,56,3.3333333333333335,7,3.7142857142857144,3.466666666666667
25,136,3.8,8,6.25,5.9523809523809526
20,63,3.5,7,4.461538461538462,3.411764705882353
28,202,4.071428571428571,8,6.961538461538462,7.541666666666667
21,29,3.0476190476190474,5,4.333333333333333,1.4444444444444444
28,117,4.0,7,5.277777777777778,3.9583333333333335
25,43,3.36,6,6.5,1.8571428571428572
14,26,2.4285714285714284,5,3.2,2.0
26,62,3.076923076923077,5,6.333333333333333,2.590909090909091
22,76,3.409090909090909,6,4.3125,3.6315789473684212
23,39,3.3043478260869565,6,5.833333333333333,1.8421052631578947
15,32,3.533333333333333,6,3.1666666666666665,1.5833333333333333
25,87,3.96,8,3.6666666666666665,3.3
26,50,3.0384615384615383,6,3.75,2.0454545454545454
22,38,3.227272727272727,6,5.666666666666667,1.8888888888888888
15,32,3.7333333333333334,6,3.1666666666666665,1.4615384615384615
23,76,3.4782608695652173,7,3.3529411764705883,3.1666666666666665
28,80,3.607142857142857,7,5.0,3.125
19,31,1.3157894736842106,2,2.6,2.1666666666666665
19,37,1.5263157894736843,3,2.375,2.375
32,236,4.5,8,8.64,7.714285714285714
22,38,3.227272727272727,6,5.666666666666667,1.8888888888888888
27,64,3.1481481481481484,5,5.9,2.5652173913043477
25,53,1.96,4,4.666666666666667,2.1538461538461537
22,51,1.8636363636363635,3,5.166666666666667,2.3846153846153846
22,38,3.227272727272727,6,5.666666666666667,1.8888888888888888
20,41,2.05,4,3.2857142857142856,1.5333333333333334
28,86,3.0714285714285716,5,6.153846153846154,3.3333333333333335
18,34,1.8333333333333333,4,2.25,2.0
12,21,1.75,4,2.75,2.2
25,73,3.4,6,4.142857142857143,2.761904761904762
23,39,3.3043478260869565,6,5.833333333333333,1.8421052631578947
21,68,4.095238095238095,8,4.285714285714286,3.3333333333333335
23,40,2.869565217391304,6,2.9166666666666665,1.8421052631578947
19,36,1.5263157894736843,2,10.0,2.0
22,72,3.5,6,4.642857142857143,3.611111111111111
21,56,2.5714285714285716,5,4.5,2.5714285714285716
21,36,3.238095238095238,6,5.333333333333333,1.8823529411764706
26,111,3.730769230769231,7,4.666666666666667,4.454545454545454
28,86,2.9285714285714284,5,5.0,3.3333333333333335
27,73,2.6666666666666665,5,4.7272727272727275,2.888888888888889
18,54,3.2222222222222223,7,3.0833333333333335,2.642857142857143
21,36,3.380952380952381,6,4.571428571428571,1.8823529411764706
23,75,4.086956521739131,8,3.4444444444444446,3.263157894736842
29,56,2.9655172413793105,5,3.8461538461538463,2.0
18,40,2.2777777777777777,4,3.0,2.1818181818181817
27,107,3.4444444444444446,6,5.5,3.8260869565217392
22,29,1.5454545454545454,3,3.3333333333333335,1.25
21,26,1.4285714285714286,3,4.0,1.1428571428571428
21,70,3.142857142857143,6,3.933333333333333,3.2777777777777777
26,122,3.8846153846153846,8,4.739130434782608,4.954545454545454
21,60,3.238095238095238,6,3.5384615384615383,2.7058823529411766
26,51,2.8461538461538463,4,6.0,2.0869565217391304
25,73,3.4,6,4.357142857142857,2.9047619047619047
23,50,2.9565217391304346,5,4.7,2.35
13,22,1.6153846153846154,4,2.2,2.2
25,73,3.4,6,4.2,3.0
23,64,3.0434782608695654,5,4.6923076923076925,3.05
23,56,2.5652173913043477,5,4.111111111111111,2.466666666666667
18,25,1.5,2,5.0,1.1111111111111112
22,37,3.272727272727273,6,5.666666666666667,1.7894736842105263
27,55,2.5925925925925926,4,6.375,2.217391304347826
24,71,3.5,6,5.583333333333333,3.1904761904761907
23,65,3.347826086956522,6,3.7857142857142856,2.789473684210526
21,53,2.5714285714285716,5,2.909090909090909,2.2857142857142856
25,41,3.28,6,6.333333333333333,1.7272727272727273
27,56,2.5925925925925926,4,6.5,2.260869565217391
24,52,1.875,4,4.833333333333333,2.6363636363636362
24,41,3.375,6,6.333333333333333,1.8095238095238095
27,53,2.5925925925925926,4,6.125,2.130434782608696
25,71,3.28,5,5.583333333333333,3.0454545454545454
23,67,3.347826086956522,6,3.9285714285714284,2.8947368421052633
20,53,2.7,5,2.8333333333333335,2.2666666666666666
25,84,3.36,6,4.6,3.2857142857142856
21,41,3.238095238095238,5,4.875,2.0526315789473686
25,104,3.56,7,5.5,4.714285714285714
22,72,3.9545454545454546,8,3.6666666666666665,3.0555555555555554
23,72,3.739130434782609,7,4.785714285714286,3.35
22,58,3.272727272727273,6,3.9166666666666665,2.611111111111111
24,41,3.375,6,6.333333333333333,1.8095238095238095
27,76,3.0,5,5.538461538461538,3.0
26,55,1.9230769230769231,4,4.833333333333333,2.230769230769231
23,40,3.391304347826087,6,6.166666666666667,1.85
26,58,3.1153846153846154,5,5.4,2.347826086956522
25,42,3.28,6,6.333333333333333,1.8095238095238095
25,82,3.4,6,5.0,3.3333333333333335
28,120,3.7857142857142856,7,4.9,4.083333333333333
29,91,2.9655172413793105,5,5.375,3.44
23,53,2.0869565217391304,4,4.285714285714286,2.3076923076923075
17,33,2.176470588235294,5,3.2857142857142856,2.090909090909091
20,35,3.35,6,5.333333333333333,1.8823529411764706
14,26,2.357142857142857,5,2.3333333333333335,1.5555555555555556
25,84,3.68,7,3.388888888888889,2.9047619047619047
26,50,3.0384615384615383,6,3.8333333333333335,2.090909090909091
21,37,3.3333333333333335,6,5.666666666666667,1.8888888888888888
26,100,3.6923076923076925,7,4.823529411764706,3.727272727272727
26,48,2.6923076923076925,4,5.5,2.0
27,53,1.6296296296296295,4,4.333333333333333,2.6
20,35,3.35,6,5.333333333333333,1.8823529411764706
24,82,2.875,5,4.4,3.3
23,41,2.9130434782608696,6,3.0833333333333335,1.9473684210526316
21,37,3.3333333333333335,6,5.666666666666667,1.8888888888888888
24,82,3.4166666666666665,6,4.466666666666667,3.35
25,42,2.68,4,6.333333333333333,1.8095238095238095
21,37,3.3333333333333335,6,5.666666666666667,1.8888888888888888
23,76,4.086956521739131,8,3.6470588235294117,3.263157894736842
28,53,3.0,6,3.769230769230769,2.0416666666666665
17,26,1.411764705882353,3,2.75,1.8333333333333333
21,37,3.3333333333333335,6,5.666666666666667,1.8888888888888888
27,70,2.6666666666666665,5,3.4285714285714284,2.0869565217391304
26,44,2.769230769230769,4,5.714285714285714,1.8181818181818181
24,74,3.2083333333333335,6,4.714285714285714,3.142857142857143
21,34,2.9047619047619047,6,3.0,1.7647058823529411
26,79,3.4615384615384617,6,5.916666666666667,3.227272727272727
22,27,1.5,3,5.5,1.375
25,107,3.84,7,5.555555555555555,4.545454545454546
29,90,3.206896551724138,5,6.777777777777778,2.5416666666666665
23,40,3.391304347826087,6,6.166666666666667,1.85
23,71,3.0869565217391304,5,4.5,3.15
24,46,2.875,6,5.25,2.1
21,71,3.142857142857143,6,4.571428571428571,3.764705882352941
24,40,3.2916666666666665,6,6.0,1.8
26,59,3.1538461538461537,5,5.4,2.4545454545454546
18,27,1.3888888888888888,3,2.75,1.8333333333333333
23,42,3.0434782608695654,6,3.3636363636363638,1.9473684210526316
23,39,3.3043478260869565,6,5.833333333333333,1.8421052631578947
23,61,3.0,5,4.5,2.3684210526315788
25,44,2.8,4,5.714285714285714,1.9047619047619047
25,83,3.4,6,5.0,3.409090909090909
24,68,3.0416666666666665,5,5.25,3.15
21,42,1.9523809523809523,3,5.25,1.75
21,36,2.9047619047619047,6,2.909090909090909,1.8823529411764706
13,17,1.3846153846153846,3,1.5,1.5
23,60,3.1739130434782608,7,4.7272727272727275,2.736842105263158
22,38,2.727272727272727,4,4.333333333333333,1.5294117647058822
27,86,3.925925925925926,7,5.4,3.5217391304347827
26,87,3.3846153846153846,6,4.3125,3.1363636363636362
28,87,3.4642857142857144,6,5.857142857142857,3.4166666666666665
13,22,1.6923076923076923,4,2.75,2.2
23,40,3.3043478260869565,6,5.833333333333333,1.8421052631578947
25,54,3.04,5,6.125,2.3333333333333335
24,41,3.2916666666666665,6,6.166666666666667,1.85
26,100,3.730769230769231,7,5.235294117647059,4.045454545454546
29,60,2.7241379310344827,5,7.0,2.24
17,26,1.411764705882353,3,2.75,1.8333333333333333
19,36,1.4210526315789473,3,3.8,2.7142857142857144
22,46,1.8636363636363635,3,4.333333333333333,2.0
23,39,3.3043478260869565,6,5.833333333333333,1.8421052631578947
24,92,3.5,6,4.75,3.8
26,51,2.6923076923076925,5,5.875,2.1363636363636362
24,41,3.2916666666666665,6,6.166666666666667,1.85
15,30,3.066666666666667,5,3.8,1.7272727272727273
25,46,2.84,5,3.727272727272727,1.9523809523809523
24,43,2.9166666666666665,6,3.1666666666666665,1.9
29,105,4.103448275862069,7,5.846153846153846,3.04
21,30,3.0476190476190474,5,3.857142857142857,1.5
23,75,3.5217391304347827,7,4.6,3.45
27,54,2.6296296296296298,5,5.555555555555555,2.1739130434782608
26,107,3.730769230769231,7,5.055555555555555,4.136363636363637
23,39,3.3043478260869565,6,5.666666666666667,1.7894736842105263
25,87,3.28,5,4.4375,3.380952380952381
27,66,3.1481481481481484,5,5.545454545454546,2.652173913043478
26,103,3.6153846153846154,7,4.0476190476190474,3.8636363636363638
23,37,2.8260869565217392,5,3.2,1.6842105263157894
30,106,4.2,7,6.333333333333333,2.923076923076923
23,38,3.260869565217391,6,5.666666666666667,1.7894736842105263
26,102,3.730769230769231,7,4.75,4.318181818181818
23,78,4.0,8,3.7058823529411766,3.3157894736842106
28,54,3.0714285714285716,6,4.083333333333333,2.0416666666666665
26,68,2.3461538461538463,4,6.0,2.625
22,38,3.3181818181818183,6,4.857142857142857,1.8888888888888888
24,95,3.0,5,4.9375,3.95
26,47,3.0,6,3.5,1.9090909090909092
23,61,2.347826086956522,4,5.571428571428571,2.6
22,39,3.3181818181818183,6,5.0,1.9444444444444444
26,64,3.0384615384615383,5,5.363636363636363,2.6818181818181817
25,61,2.24,4,5.285714285714286,2.466666666666667
22,57,2.272727272727273,4,4.75,2.7142857142857144
21,40,3.238095238095238,6,5.333333333333333,1.8823529411764706
26,82,3.576923076923077,6,4.388888888888889,3.4347826086956523
15,24,1.6,4,2.4,2.4
29,138,4.206896551724138,8,5.75,4.6
26,72,3.5384615384615383,6,5.75,3.0
25,69,3.24,5,5.076923076923077,3.0
21,50,2.238095238095238,4,4.125,2.75
30,171,4.3,8,6.6,6.346153846153846
22,31,2.9545454545454546,5,3.857142857142857,1.5
20,55,3.25,6,3.923076923076923,3.0
26,56,3.1538461538461537,6,4.818181818181818,2.3043478260869565
27,76,3.074074074074074,5,5.615384615384615,3.0416666666666665
20,34,1.55,2,9.0,1.6363636363636365
21,52,2.380952380952381,4,3.5555555555555554,2.2857142857142856
27,100,3.5555555555555554,6,5.733333333333333,3.739130434782609
24,41,3.375,6,6.333333333333333,1.8095238095238095
26,99,3.1538461538461537,6,4.944444444444445,4.045454545454546
24,74,3.3333333333333335,7,4.3125,3.2857142857142856
24,41,3.375,6,6.333333333333333,1.8095238095238095
24,83,4.125,8,3.9411764705882355,3.35
27,58,3.185185185185185,6,4.583333333333333,2.2916666666666665
24,72,3.7083333333333335,7,4.857142857142857,3.238095238095238
18,29,1.5,3,2.6,1.8571428571428572
20,53,2.85,5,3.5,2.8
13,17,1.3846153846153846,3,2.0,1.5
24,67,3.2083333333333335,6,5.454545454545454,3.0
23,41,3.347826086956522,5,8.25,1.65
19,34,1.5789473684210527,3,3.75,1.6666666666666667
24,81,3.5833333333333335,7,3.75,3.0
28,54,3.0714285714285716,6,4.166666666666667,2.0833333333333335
25,42,3.08,6,3.8,1.8095238095238095
18,31,1.6111111111111112,3,2.8,1.75
19,35,1.4210526315789473,3,2.2857142857142856,2.2857142857142856
22,70,3.3181818181818183,6,3.9375,3.3157894736842106
27,100,3.5555555555555554,6,5.785714285714286,3.5217391304347827
22,38,3.409090909090909,6,5.833333333333333,1.8421052631578947
19,33,1.631578947368421,3,3.5,1.5555555555555556
24,81,3.7083333333333335,7,3.9375,3.15
28,56,2.9642857142857144,6,4.0,2.1666666666666665
25,45,3.04,6,3.4166666666666665,1.9523809523809523
18,31,1.6111111111111112,3,2.8,1.75
19,37,1.5263157894736843,3,2.25,2.25
22,68,3.272727272727273,6,3.8125,3.210526315789474
28,100,3.642857142857143,6,6.0,3.25
22,38,3.409090909090909,6,5.833333333333333,1.8421052631578947
26,95,2.8846153846153846,5,4.333333333333333,3.5454545454545454
24,79,3.5416666666666665,7,4.5,3.4285714285714284
23,40,3.391304347826087,6,6.166666666666667,1.85
24,82,4.083333333333333,8,3.7222222222222223,3.35
28,53,2.9642857142857144,6,3.769230769230769,2.0416666666666665
23,67,3.608695652173913,6,4.769230769230769,3.1
18,31,1.6111111111111112,3,2.8,1.75
22,56,3.0454545454545454,5,3.5,2.4705882352941178
13,18,1.3846153846153846,3,2.3333333333333335,1.75
25,67,3.2,6,6.444444444444445,2.761904761904762
22,28,1.8636363636363635,3,7.5,1.25
24,86,3.4583333333333335,6,4.875,3.7142857142857144
27,75,3.740740740740741,7,4.375,3.0434782608695654
18,31,1.6111111111111112,3,2.8,1.75
23,36,2.8260869565217392,5,3.2,1.6842105263157894
26,93,3.4615384615384617,6,5.583333333333333,3.0454545454545454
22,37,3.3636363636363638,6,5.666666666666667,1.7894736842105263
23,72,3.0434782608695654,5,4.571428571428571,3.2
28,86,3.5714285714285716,7,4.2631578947368425,3.375
18,32,1.6111111111111112,3,3.0,1.875
22,34,2.8181818181818183,5,3.3333333333333335,1.6666666666666667
23,58,3.0869565217391304,6,5.666666666666667,2.6842105263157894
22,40,3.3181818181818183,6,5.333333333333333,1.6842105263157894
25,97,3.76,7,5.352941176470588,4.333333333333333
26,64,3.1538461538461537,5,5.9,2.6818181818181817
17,32,1.6470588235294117,3,4.2,2.3333333333333335
22,36,2.909090909090909,6,2.909090909090909,1.7777777777777777
22,37,3.3181818181818183,6,5.5,1.8333333333333333
26,78,3.4615384615384617,6,6.083333333333333,3.3181818181818183
26,54,1.9230769230769231,4,4.666666666666667,2.1538461538461537
23,39,3.3043478260869565,6,5.833333333333333,1.8421052631578947
24,88,3.5,6,4.933333333333334,3.7
23,71,3.6956521739130435,8,3.466666666666667,2.888888888888889
27,45,3.037037037037037,6,3.4166666666666665,1.7826086956521738
23,39,3.3043478260869565,6,5.833333333333333,1.8421052631578947
24,86,3.2916666666666665,5,4.666666666666667,3.5
25,44,2.8,4,5.0,1.9047619047619047
18,28,1.5555555555555556,2,7.0,1.4
13,21,1.6923076923076923,4,2.5,2.0
23,60,3.1739130434782608,5,4.230769230769231,2.8947368421052633
24,72,3.2083333333333335,6,4.714285714285714,3.3
18,31,1.5,3,2.8,2.0
26,76,3.4615384615384617,6,5.583333333333333,3.0454545454545454
23,34,1.8695652173913044,4,5.666666666666667,1.5454545454545454
26,108,3.769230769230769,7,5.666666666666667,4.636363636363637
26,43,2.8461538461538463,5,3.5454545454545454,1.7727272727272727
26,63,2.4615384615384617,5,4.222222222222222,2.235294117647059
22,51,1.9545454545454546,3,5.333333333333333,2.2857142857142856
22,41,3.272727272727273,6,4.714285714285714,1.8333333333333333
24,88,3.5,6,5.285714285714286,3.7
26,47,2.769230769230769,4,5.375,1.9545454545454546
22,37,3.3181818181818183,6,5.5,1.8333333333333333
24,87,3.5,6,4.8,3.6
23,71,3.4347826086956523,8,3.125,2.9411764705882355
26,46,3.0384615384615383,6,3.6363636363636362,1.8181818181818181
22,33,2.909090909090909,5,4.166666666666667,1.3888888888888888
26,111,3.076923076923077,6,4.65,4.2272727272727275
27,85,3.6666666666666665,7,5.0,3.4782608695652173
12,21,1.75,4,2.75,2.2
24,66,3.125,5,4.5,2.8421052631578947
22,37,2.8181818181818183,5,3.2,1.7777777777777777
17,27,1.5294117647058822,3,3.0,1.7142857142857142
26,109,3.9615384615384617,8,5.111111111111111,4.181818181818182
13,20,1.6923076923076923,4,2.25,1.8
23,38,3.3043478260869565,6,5.666666666666667,1.7894736842105263
26,106,3.730769230769231,7,4.7,4.2727272727272725
24,81,3.9583333333333335,8,3.9375,3.15
30,101,3.033333333333333,5,5.647058823529412,3.6923076923076925
12,20,1.75,4,2.5,2.0
24,61,2.4583333333333335,5,4.4,2.933333333333333
19,34,1.5263157894736843,4,2.6666666666666665,2.2857142857142856
22,36,2.9545454545454546,6,3.1,1.7222222222222223
26,91,3.4615384615384617,6,5.538461538461538,3.272727272727273
23,35,1.9565217391304348,4,4.5,1.5
21,60,3.1904761904761907,6,3.7333333333333334,3.111111111111111
21,71,3.0,6,4.333333333333333,3.25
25,65,2.76,5,4.066666666666666,2.9047619047619047
26,93,3.8461538461538463,7,4.055555555555555,3.3181818181818183
28,107,4.214285714285714,7,6.076923076923077,3.2916666666666665
22,37,3.272727272727273,6,4.714285714285714,1.8333333333333333
24,90,3.5,6,5.133333333333334,3.85
28,95,3.107142857142857,5,5.235294117647059,3.7083333333333335
19,49,1.894736842105263,4,3.5555555555555554,3.5555555555555554
18,39,1.7222222222222223,4,2.875,2.875
23,49,3.0434782608695654,6,4.181818181818182,2.3
25,70,2.52,5,4.25,2.8333333333333335
31,175,4.451612903225806,8,7.125,6.333333333333333
20,38,3.6,6,4.5,2.0
17,30,1.8235294117647058,4,3.1666666666666665,1.9
20,42,2.1,4,2.6666666666666665,2.0
26,55,2.730769230769231,4,7.285714285714286,2.3181818181818183
20,36,1.8,3,4.75,1.9
22,35,2.8181818181818183,5,3.4444444444444446,1.7222222222222223
21,41,2.9047619047619047,5,4.222222222222222,2.111111111111111
19,37,1.9473684210526316,3,3.0,1.75
25,42,3.32,6,6.5,1.7727272727272727
26,65,2.730769230769231,4,5.166666666666667,2.6956521739130435
26,62,2.230769230769231,4,4.222222222222222,2.533333333333333
24,41,3.375,6,6.333333333333333,1.8095238095238095
19,30,1.5789473684210527,3,4.0,1.6
24,63,2.9166666666666665,6,2.75,2.75
26,70,3.230769230769231,5,5.076923076923077,2.869565217391304
22,42,1.8181818181818181,3,5.25,1.9090909090909092
23,63,3.391304347826087,6,3.8461538461538463,2.6315789473684212
23,60,3.130434782608696,5,4.384615384615385,2.85
12,16,1.4166666666666667,3,1.5,1.5
22,40,2.8181818181818183,5,3.272727272727273,2.0
21,37,3.3333333333333335,6,5.666666666666667,1.8888888888888888
27,101,3.7037037037037037,7,4.823529411764706,3.5652173913043477
28,91,3.142857142857143,5,5.4375,3.48
25,64,2.4,4,4.777777777777778,2.6875
19,48,2.5789473684210527,5,2.6363636363636362,2.230769230769231
24,40,3.375,6,6.166666666666667,1.7619047619047619
25,86,2.96,5,4.3125,3.2857142857142856
24,84,3.625,7,4.277777777777778,3.6666666666666665
23,40,3.391304347826087,6,6.166666666666667,1.85
23,72,3.0434782608695654,5,4.333333333333333,3.25
24,51,2.7916666666666665,5,4.2727272727272725,2.35
21,68,2.5714285714285716,5,4.6923076923076925,3.588235294117647
22,54,2.5,5,4.25,2.4285714285714284
20,33,1.55,2,8.0,1.4545454545454546
21,39,2.9047619047619047,6,3.1818181818181817,2.0588235294117645
18,30,1.4444444444444444,2,2.6,1.625
21,37,3.3333333333333335,6,5.666666666666667,1.8888888888888888
26,74,2.5,5,3.235294117647059,2.8947368421052633
25,63,3.24,5,5.2727272727272725,2.6363636363636362
23,79,3.130434782608696,6,4.5,3.789473684210526
19,30,1.4736842105263157,2,7.0,1.5555555555555556
18,41,1.7777777777777777,3,2.5555555555555554,2.090909090909091
22,56,3.3181818181818183,6,3.4615384615384617,2.5
22,38,2.8181818181818183,5,3.4,1.8888888888888888
18,28,1.3333333333333333,2,2.5,1.6666666666666667
28,98,3.4642857142857144,6,7.7,3.2083333333333335
20,38,3.3,5,4.5,2.0
19,43,2.4210526315789473,5,4.666666666666667,2.0
25,94,3.8,7,4.0,3.4285714285714284
27,51,3.074074074074074,6,3.9166666666666665,2.0434782608695654
26,98,3.9615384615384617,8,5.3125,3.8636363636363638
13,23,2.1538461538461537,4,3.25,1.8571428571428572
22,38,3.409090909090909,6,5.833333333333333,1.8421052631578947
25,53,3.04,5,6.0,2.2857142857142856
19,33,1.631578947368421,3,6.0,1.6363636363636365
26,82,3.4615384615384617,6,3.6315789473684212,3.1363636363636362
23,39,3.3043478260869565,6,5.833333333333333,1.8421052631578947
24,84,3.4166666666666665,6,4.928571428571429,3.45
25,42,2.68,4,6.333333333333333,1.8095238095238095
23,39,3.3043478260869565,6,5.833333333333333,1.8421052631578947
25,55,2.08,5,2.909090909090909,2.2857142857142856
24,43,2.8333333333333335,5,3.25,1.95
24,70,3.5,6,4.333333333333333,3.25
18,30,1.6111111111111112,3,2.6,1.625
22,59,2.4545454545454546,5,3.8,2.533333333333333
22,38,3.227272727272727,6,5.666666666666667,1.8888888888888888
26,57,3.0384615384615383,5,6.5,2.3636363636363638
25,53,1.96,4,5.6,2.1538461538461537
19,38,1.7894736842105263,3,4.2,1.9090909090909092
23,39,3.3043478260869565,6,5.833333333333333,1.8421052631578947
24,82,3.375,6,4.785714285714286,3.35
25,85,4.08,8,3.75,2.857142857142857
27,78,3.5925925925925926,7,4.8,3.130434782608696
23,50,1.9565217391304348,4,4.5,2.25
17,36,2.823529411764706,7,2.8,2.1538461538461537
16,22,1.4375,2,4.0,1.1428571428571428
24,78,3.2083333333333335,6,4.733333333333333,3.55
18,31,1.5,3,2.6,1.8571428571428572
23,39,3.3043478260869565,6,5.833333333333333,1.8421052631578947
21,36,1.7619047619047619,3,4.25,1.1333333333333333
28,53,2.857142857142857,5,5.444444444444445,2.0416666666666665
16,26,1.6875,3,4.0,1.5
23,39,3.3043478260869565,6,5.833333333333333,1.8421052631578947
21,36,1.4285714285714286,2,9.0,2.0
26,47,2.769230769230769,4,6.142857142857143,1.9545454545454546
22,51,2.590909090909091,5,4.2727272727272725,2.611111111111111
19,33,1.736842105263158,3,4.25,1.7
22,37,3.3181818181818183,6,5.5,1.8333333333333333
24,83,3.3333333333333335,5,4.785714285714286,3.35
29,119,3.5517241379310347,7,5.6,4.48
18,27,1.3888888888888888,3,2.75,1.8333333333333333
22,60,2.409090909090909,5,3.4545454545454546,2.533333333333333
13,20,1.6153846153846154,4,2.25,1.8
27,88,3.4814814814814814,7,6.0,3.391304347826087
23,27,1.434782608695652,3,4.5,1.125
21,52,2.142857142857143,4,6.166666666666667,2.8461538461538463
29,98,3.689655172413793,6,6.5,3.64
19,34,1.5263157894736843,2,9.5,1.9
24,58,2.125,4,4.857142857142857,2.6153846153846154
23,72,2.9565217391304346,5,4.642857142857143,3.4210526315789473
22,54,2.590909090909091,5,4.545454545454546,2.7777777777777777
16,26,1.8125,3,4.0,1.3333333333333333
23,45,2.9130434782608696,5,4.0,1.6842105263157894
18,40,1.7222222222222223,4,3.1,3.1
28,48,2.857142857142857,4,4.555555555555555,1.7083333333333333
25,77,3.36,6,4.214285714285714,2.8095238095238093
18,26,1.3888888888888888,3,2.5,1.6666666666666667
26,97,3.4615384615384617,7,5.235294117647059,4.045454545454546
23,44,1.8695652173913044,3,5.75,1.9166666666666667
18,42,2.1666666666666665,4,3.0,2.1818181818181817
25,81,3.76,6,5.214285714285714,3.4761904761904763
22,58,2.6818181818181817,5,4.5,3.0
26,89,3.576923076923077,6,5.7272727272727275,2.8636363636363638
23,38,3.260869565217391,6,5.666666666666667,1.7894736842105263
26,104,3.730769230769231,7,4.65,4.2272727272727275
29,108,3.7586206896551726,7,5.05,4.04
18,42,1.9444444444444444,4,3.7142857142857144,2.888888888888889
19,43,2.0526315789473686,4,3.25,2.6
23,41,3.3043478260869565,6,5.142857142857143,1.894736842105263
24,85,3.0833333333333335,5,4.470588235294118,3.8
26,58,2.9615384615384617,6,5.4,2.4545454545454546
21,73,2.857142857142857,5,4.714285714285714,3.8823529411764706
22,38,3.3181818181818183,6,4.714285714285714,1.8333333333333333
23,48,1.608695652173913,3,3.75,2.727272727272727
27,48,2.814814814814815,4,7.0,1.826086956521739
26,82,3.576923076923077,6,4.388888888888889,3.4347826086956523
22,84,3.8181818181818183,8,5.769230769230769,4.166666666666667
13,22,1.9230769230769231,4,3.0,2.0
25,42,3.36,6,6.5,1.7727272727272727
23,77,4.173913043478261,8,4.0,3.3684210526315788
27,51,2.962962962962963,6,3.9166666666666665,2.0434782608695654
24,41,3.375,6,6.333333333333333,1.8095238095238095
25,85,3.32,5,4.5625,3.4761904761904763
23,79,4.217391304347826,8,3.8125,3.210526315789474
26,81,3.3846153846153846,6,6.0,3.391304347826087
23,61,2.869565217391304,5,4.083333333333333,2.8823529411764706
25,42,3.32,6,6.5,1.7727272727272727
18,39,1.8888888888888888,3,5.0,2.5
25,74,3.12,5,4.071428571428571,2.7142857142857144
26,56,2.8076923076923075,5,5.777777777777778,2.3636363636363638
18,36,1.8888888888888888,3,5.0,2.0
17,44,2.9411764705882355,7,3.0,2.5384615384615383
12,19,1.5833333333333333,3,2.25,1.8
24,41,3.375,6,6.333333333333333,1.8095238095238095
25,58,3.12,5,5.4,2.4545454545454546
13,20,1.6923076923076923,4,2.25,1.8
24,41,3.375,6,6.333333333333333,1.8095238095238095
24,81,4.125,8,3.9411764705882355,3.35
28,53,3.0714285714285716,6,4.083333333333333,2.0416666666666665
23,40,3.391304347826087,6,6.166666666666667,1.85
27,112,3.740740740740741,7,5.222222222222222,4.086956521739131
26,53,2.6923076923076925,4,6.125,2.227272727272727
30,128,3.6666666666666665,7,5.217391304347826,4.615384615384615
17,30,1.4705882352941178,3,2.3333333333333335,2.3333333333333335
19,36,1.8421052631578947,3,3.8,1.7272727272727273
20,35,3.35,6,5.333333333333333,1.8823529411764706
20,59,3.1,6,4.7272727272727275,3.0588235294117645
27,50,2.962962962962963,6,3.8333333333333335,2.0
24,73,3.25,5,6.181818181818182,3.238095238095238
21,54,2.9523809523809526,5,3.4166666666666665,2.5625
22,38,3.409090909090909,6,5.833333333333333,1.8421052631578947
26,79,2.4615384615384617,5,3.411764705882353,3.0526315789473686
26,48,2.769230769230769,4,7.333333333333333,2.0
28,82,3.0357142857142856,6,4.230769230769231,2.619047619047619
24,54,2.1666666666666665,5,4.285714285714286,2.142857142857143
22,38,3.409090909090909,6,5.833333333333333,1.8421052631578947
24,81,3.4166666666666665,6,4.533333333333333,3.4
23,71,3.9565217391304346,8,3.533333333333333,2.789473684210526
26,44,3.0384615384615383,6,3.6363636363636362,1.8181818181818181
23,40,3.391304347826087,6,6.166666666666667,1.85
20,36,1.45,2,9.0,2.0
26,71,3.230769230769231,5,4.714285714285714,2.869565217391304
24,65,3.125,5,4.166666666666667,2.6315789473684212
23,37,2.8260869565217392,5,3.3,1.736842105263158
23,58,3.391304347826087,7,5.1,2.55
22,28,1.6818181818181819,3,6.5,1.3
20,30,1.65,3,5.666666666666667,1.8888888888888888
19,57,3.0,6,3.6923076923076925,3.0
24,130,3.7916666666666665,8,5.476190476190476,5.75
19,52,2.9473684210526314,6,4.75,2.375
16,38,2.625,6,3.090909090909091,2.6153846153846154
19,63,2.8421052631578947,6,4.0,3.25
20,47,2.85,5,4.111111111111111,2.176470588235294
22,92,3.3636363636363638,7,5.8,4.833333333333333
24,106,3.6666666666666665,8,5.5,4.95
20,57,3.5,7,4.818181818181818,3.1176470588235294
28,180,4.107142857142857,8,6.5,7.041666666666667
23,31,2.9130434782608696,5,4.5,1.4210526315789473
29,127,4.0344827586206895,7,5.611111111111111,4.04
12,21,2.0,4,3.0,2.0
25,42,3.24,6,6.333333333333333,1.8095238095238095
20,41,2.0,4,5.2,2.1666666666666665
26,78,2.730769230769231,4,5.615384615384615,3.3181818181818183
19,33,1.5263157894736843,2,9.0,1.8
22,60,2.5454545454545454,5,3.9,2.6
24,66,2.5416666666666665,4,4.357142857142857,3.05
22,51,2.590909090909091,5,4.2727272727272725,2.611111111111111
17,28,1.7647058823529411,3,3.25,1.4444444444444444
22,37,3.3181818181818183,6,5.5,1.8333333333333333
22,75,2.5454545454545454,5,4.461538461538462,3.0526315789473686
28,121,3.5714285714285716,7,5.65,4.708333333333333
23,40,1.7826086956521738,3,4.25,1.5454545454545454
22,38,3.0,6,3.0,1.8333333333333333
23,68,2.652173913043478,5,4.181818181818182,2.875
24,69,3.25,5,3.933333333333333,2.95
23,65,3.0,5,4.615384615384615,3.1578947368421053
22,54,2.6363636363636362,5,4.545454545454546,2.7777777777777777
24,41,3.25,6,6.0,1.8
27,113,3.7037037037037037,7,5.588235294117647,4.130434782608695
29,96,2.9655172413793105,5,5.235294117647059,3.56
26,65,2.3461538461538463,4,4.777777777777778,2.6875
19,47,2.5789473684210527,5,3.2222222222222223,2.230769230769231
27,88,3.111111111111111,5,5.466666666666667,3.5652173913043477
24,58,2.3333333333333335,5,4.25,2.4285714285714284
26,87,3.576923076923077,6,4.769230769230769,2.8181818181818183
23,39,3.3043478260869565,6,5.833333333333333,1.8421052631578947
14,28,2.7142857142857144,5,3.4,1.8888888888888888
27,84,2.8518518518518516,5,4.875,3.391304347826087
18,29,1.6111111111111112,3,3.25,1.625
24,64,3.25,6,4.818181818181818,2.65
22,28,1.5909090909090908,3,6.0,1.3333333333333333
20,25,1.5,3,5.0,1.4285714285714286
16,41,2.6875,6,3.3,2.5384615384615383
27,52,2.962962962962963,5,3.9166666666666665,2.0434782608695654
24,71,2.4166666666666665,4,6.5,3.0588235294117645
25,81,3.56,6,4.6875,3.5714285714285716
24,61,2.25,4,5.285714285714286,2.642857142857143
22,61,3.3636363636363638,6,3.923076923076923,2.8333333333333335
28,208,4.107142857142857,8,7.038461538461538,7.625
20,28,3.1,5,4.166666666666667,1.4705882352941178
25,95,3.88,7,5.125,3.727272727272727
25,42,2.88,5,3.0833333333333335,1.7619047619047619
25,86,3.16,6,5.230769230769231,3.5789473684210527
13,22,1.9230769230769231,4,3.0,2.0
24,41,3.2916666666666665,6,6.166666666666667,1.85
26,110,3.730769230769231,7,5.0,4.545454545454546
29,106,3.6551724137931036,7,5.2105263157894735,3.96
24,58,2.3333333333333335,4,4.666666666666667,2.8
19,59,3.0,6,3.3076923076923075,2.8666666666666667
25,76,3.0,5,5.071428571428571,3.380952380952381
23,56,2.217391304347826,4,4.857142857142857,2.6153846153846154
28,102,4.178571428571429,7,6.166666666666667,3.0833333333333335
23,40,3.3043478260869565,6,5.142857142857143,1.894736842105263
15,33,3.466666666666667,6,3.6666666666666665,1.8333333333333333
27,91,3.0,5,5.0588235294117645,3.739130434782609
19,41,2.1578947368421053,4,2.6666666666666665,2.1818181818181817
30,106,4.2,7,6.333333333333333,2.923076923076923
23,44,3.3043478260869565,6,5.285714285714286,1.9473684210526316
22,68,3.909090909090909,7,4.357142857142857,3.210526315789474
29,127,3.586206896551724,7,6.0,4.8
27,79,3.2222222222222223,5,4.5,2.8636363636363638
22,39,3.3181818181818183,6,4.857142857142857,1.8888888888888888
23,65,3.0,5,4.363636363636363,2.526315789473684
23,49,3.0434782608695654,6,4.181818181818182,2.3
27,91,3.4814814814814814,6,4.421052631578948,3.652173913043478
23,67,3.3043478260869565,6,6.2,3.1
26,47,3.3846153846153846,6,6.666666666666667,1.7391304347826086
28,69,3.2142857142857144,5,5.5,2.64
25,43,3.36,6,6.666666666666667,1.8181818181818181
24,70,2.5416666666666665,5,4.846153846153846,3.0
27,47,2.888888888888889,5,3.5833333333333335,1.8695652173913044
20,42,1.7,4,3.4285714285714284,2.6666666666666665
25,82,2.92,6,5.0,3.409090909090909
22,34,2.8181818181818183,5,3.0,1.6666666666666667
24,65,3.375,6,4.0,2.6
21,46,3.5714285714285716,6,4.555555555555555,2.1578947368421053
25,81,3.68,7,3.3529411764705883,2.7142857142857144
24,48,2.6666666666666665,4,6.285714285714286,2.2
12,17,1.5833333333333333,3,1.75,1.4
22,36,2.8181818181818183,5,3.5555555555555554,1.7777777777777777
24,67,3.2083333333333335,6,6.1,3.05
24,44,3.375,6,6.333333333333333,1.8095238095238095
25,53,3.12,5,5.444444444444445,2.227272727272727
25,42,3.32,6,6.5,1.7727272727272727
14,27,2.357142857142857,5,2.6666666666666665,1.7777777777777777
19,35,1.631578947368421,3,5.333333333333333,1.7777777777777777
26,71,3.230769230769231,5,5.153846153846154,2.9130434782608696
18,28,1.3888888888888888,3,2.4,2.0
20,34,1.3,2,3.75,2.5
21,33,2.761904761904762,5,3.625,1.7058823529411764
23,61,3.347826086956522,6,3.5714285714285716,2.6315789473684212
22,38,3.409090909090909,6,5.833333333333333,1.8421052631578947
19,39,2.0526315789473686,4,2.857142857142857,1.5384615384615385
25,57,2.08,4,3.1818181818181817,2.0588235294117645
25,44,2.68,4,6.666666666666667,1.9047619047619047
23,72,3.4347826086956523,6,4.466666666666667,3.35
18,46,2.8333333333333335,7,3.272727272727273,2.5714285714285716
23,61,3.0869565217391304,6,5.0,2.8947368421052633
21,36,2.9047619047619047,5,6.25,1.5625
26,58,3.1153846153846154,5,5.3,2.3043478260869565
27,57,1.9259259259259258,4,5.0,2.3076923076923075
22,49,1.8636363636363635,3,4.666666666666667,2.1538461538461537
22,38,3.409090909090909,6,5.833333333333333,1.8421052631578947
25,53,3.12,5,4.9,2.227272727272727
23,40,3.391304347826087,6,6.166666666666667,1.85
20,34,1.7,3,3.5,1.4
25,43,2.68,4,6.5,1.8571428571428572
19,33,1.631578947368421,3,4.5,1.6363636363636365
22,64,3.3636363636363638,6,4.538461538461538,3.1052631578947367
23,63,3.391304347826087,6,3.642857142857143,2.6842105263157894
22,67,3.1818181818181817,5,4.428571428571429,3.263157894736842
24,69,3.1666666666666665,5,4.571428571428571,3.2
21,55,2.9523809523809526,6,3.8,2.533333333333333
22,37,3.409090909090909,6,5.666666666666667,1.7894736842105263
24,77,4.125,8,3.6875,2.95
25,70,3.6,7,4.642857142857143,2.9545454545454546
25,60,2.64,5,4.6,2.7058823529411766
22,53,3.1818181818181817,6,5.222222222222222,2.473684210526316
21,34,2.6666666666666665,5,5.75,1.5333333333333334
27,121,4.074074074074074,7,5.947368421052632,4.708333333333333
26,67,2.5,5,4.555555555555555,2.2777777777777777
24,42,3.2916666666666665,6,6.166666666666667,1.85
27,110,3.888888888888889,7,5.529411764705882,4.086956521739131
21,30,3.0,5,4.166666666666667,1.3888888888888888
28,70,3.2142857142857144,5,5.909090909090909,2.7083333333333335
26,93,3.4615384615384617,6,4.222222222222222,3.4545454545454546
21,36,3.4285714285714284,6,5.5,1.8333333333333333
27,96,3.185185185185185,6,6.0,3.9130434782608696
25,52,1.96,4,5.4,2.076923076923077
22,50,1.8636363636363635,3,4.285714285714286,2.142857142857143
24,42,2.7083333333333335,4,5.428571428571429,1.9
22,51,2.090909090909091,4,4.833333333333333,2.230769230769231
22,37,2.8181818181818183,5,3.2,1.7777777777777777
24,64,3.1666666666666665,6,5.4,2.7
22,38,2.9545454545454546,5,5.2,1.5294117647058822
27,121,3.888888888888889,7,4.95,4.304347826086956
23,42,3.3043478260869565,6,5.142857142857143,1.894736842105263
25,58,3.08,5,5.3,2.5238095238095237
26,96,3.3076923076923075,6,3.9,3.5454545454545454
23,39,3.3043478260869565,6,5.833333333333333,1.8421052631578947
26,99,3.269230769230769,6,6.133333333333334,4.181818181818182
25,49,1.92,4,4.8,1.8461538461538463
22,46,1.8181818181818181,3,4.333333333333333,2.0
24,43,2.7083333333333335,4,5.571428571428571,1.95
22,52,2.272727272727273,5,4.285714285714286,2.142857142857143
21,38,2.8095238095238093,5,3.0,1.9411764705882353
24,63,3.1666666666666665,6,5.3,2.65
22,33,2.3181818181818183,4,5.0,1.4285714285714286
27,121,3.740740740740741,7,6.0,4.695652173913044
22,67,3.5454545454545454,8,3.5,2.8823529411764706
29,93,2.896551724137931,5,5.117647058823529,3.48
18,34,1.5555555555555556,4,2.8333333333333335,2.4285714285714284
21,33,2.9047619047619047,6,3.2222222222222223,1.7058823529411764
23,40,3.3043478260869565,6,5.833333333333333,1.8421052631578947
27,123,3.888888888888889,7,5.2631578947368425,4.3478260869565215
25,42,3.28,6,6.333333333333333,1.8095238095238095
19,29,1.5789473684210527,3,5.0,1.5
27,68,2.5555555555555554,6,3.8333333333333335,2.7058823529411766
26,68,3.1538461538461537,5,5.7272727272727275,2.8636363636363638
21,68,3.2857142857142856,6,4.066666666666666,3.388888888888889
23,39,3.3043478260869565,6,5.833333333333333,1.8421052631578947
24,88,3.5,6,5.285714285714286,3.7
24,73,3.5833333333333335,8,3.25,2.888888888888889
27,54,3.074074074074074,6,3.769230769230769,2.130434782608696
24,41,3.2916666666666665,6,6.166666666666667,1.85
22,38,1.5,3,6.333333333333333,1.9
26,47,2.769230769230769,4,6.142857142857143,1.9545454545454546
22,50,2.6818181818181817,5,4.6,2.5555555555555554
19,34,1.736842105263158,3,3.6,1.8
22,32,2.9545454545454546,5,3.857142857142857,1.5
22,74,3.9545454545454546,8,3.5,3.111111111111111
26,97,3.576923076923077,7,4.238095238095238,4.045454545454546
13,21,1.6923076923076923,4,2.75,2.2
21,60,3.142857142857143,7,4.25,3.0
24,71,3.5,6,5.0,3.25
22,50,1.9090909090909092,4,4.142857142857143,2.6363636363636362
19,35,1.8421052631578947,3,4.0,1.8181818181818181
23,37,3.260869565217391,6,5.5,1.736842105263158
25,59,3.04,5,4.909090909090909,2.5714285714285716
27,81,3.2222222222222223,5,4.571428571428571,2.909090909090909
23,39,3.3043478260869565,6,5.833333333333333,1.8421052631578947
23,80,4.086956521739131,8,3.473684210526316,3.473684210526316
25,50,2.64,5,5.111111111111111,2.1904761904761907
25,94,3.36,6,4.5,3.4285714285714284
21,39,2.9047619047619047,6,2.909090909090909,1.8823529411764706
28,109,4.214285714285714,7,6.230769230769231,3.375
22,37,3.272727272727273,6,4.714285714285714,1.8333333333333333
25,105,3.0,5,5.235294117647059,4.238095238095238
25,96,3.36,7,4.35,4.142857142857143
22,39,3.3181818181818183,6,4.857142857142857,1.8888888888888888
15,42,4.133333333333334,7,3.2,2.4615384615384617
29,138,4.0344827586206895,8,6.380952380952381,5.36
22,39,3.409090909090909,6,4.5,1.894736842105263
16,40,2.1875,5,3.3333333333333335,2.727272727272727
28,51,2.75,5,6.0,1.92
24,56,2.0416666666666665,4,5.142857142857143,2.4
25,43,3.36,6,6.666666666666667,1.8181818181818181
15,30,2.6666666666666665,5,2.5714285714285716,1.6363636363636365
27,50,2.962962962962963,5,3.9166666666666665,1.9583333333333333
24,60,2.4166666666666665,5,3.9,2.4375
23,54,2.0869565217391304,4,4.857142857142857,2.2666666666666666
21,45,3.5714285714285716,6,5.125,2.1578947368421053
25,100,3.84,7,6.0,4.285714285714286
27,59,3.1481481481481484,6,4.666666666666667,2.3333333333333335
23,75,3.130434782608696,6,4.0,3.3684210526315788
24,41,3.375,6,6.333333333333333,1.8095238095238095
20,33,1.45,2,8.5,1.8888888888888888
25,48,2.64,4,6.285714285714286,2.0952380952380953
23,60,2.652173913043478,5,4.3076923076923075,2.9473684210526314
19,35,1.8421052631578947,3,3.8,1.7272727272727273
20,35,3.35,6,5.333333333333333,1.8823529411764706
15,30,2.533333333333333,5,2.5714285714285716,1.8
23,81,4.0,8,3.4705882352941178,3.1052631578947367
27,73,2.962962962962963,5,4.3125,2.875
18,27,1.5555555555555556,2,6.5,1.3
20,31,1.6,3,5.0,1.3636363636363635
23,63,3.0869565217391304,5,4.461538461538462,2.9
22,49,2.1818181818181817,5,3.625,2.4166666666666665
20,30,1.5,2,6.5,1.3
22,66,3.1818181818181817,7,4.0,3.3333333333333335
22,39,3.3636363636363638,5,7.5,1.5789473684210527
19,46,2.6315789473684212,5,3.0714285714285716,2.6875
29,120,3.586206896551724,7,6.222222222222222,4.48
27,78,3.0,6,4.285714285714286,2.857142857142857
23,40,3.391304347826087,6,6.166666666666667,1.85
27,105,3.740740740740741,7,5.294117647058823,3.9130434782608696
24,81,4.166666666666667,8,3.9375,3.15
28,52,2.8214285714285716,4,6.857142857142857,2.0
26,43,3.230769230769231,6,6.5,1.7727272727272727
28,86,3.0357142857142856,5,5.4,3.24
12,19,1.75,4,2.25,1.8
23,40,3.391304347826087,6,6.166666666666667,1.85
23,72,3.8260869565217392,7,3.625,3.0526315789473686
28,56,2.9642857142857144,6,4.0,2.1666666666666665
19,28,1.263157894736842,2,2.75,2.2
23,37,2.8260869565217392,5,3.3,1.736842105263158
23,61,3.347826086956522,6,5.4,2.7
20,31,2.4,5,5.25,1.6153846153846154
25,92,3.12,6,4.625,3.5238095238095237
27,78,2.814814814814815,5,5.615384615384615,3.1739130434782608
21,48,1.9523809523809523,4,4.5,2.4545454545454546
21,35,2.9047619047619047,6,3.1,1.8235294117647058
20,35,3.35,6,5.333333333333333,1.8823529411764706
25,44,2.64,4,5.0,1.9047619047619047
19,35,1.6842105263157894,4,2.8333333333333335,2.125
22,46,1.8181818181818181,3,4.333333333333333,2.0
21,34,3.0,5,3.7142857142857144,1.4444444444444444
25,91,3.12,6,4.625,3.5238095238095237
24,64,3.25,5,5.363636363636363,2.8095238095238093
13,20,1.6923076923076923,4,2.25,1.8
25,71,3.16,5,4.583333333333333,2.75
23,37,2.8260869565217392,5,3.3,1.736842105263158
18,26,1.2777777777777777,2,2.25,1.8
23,38,3.3043478260869565,6,5.666666666666667,1.7894736842105263
21,64,2.6666666666666665,5,4.214285714285714,3.2777777777777777
26,82,3.076923076923077,6,5.5,3.5
25,58,2.2,4,4.714285714285714,2.357142857142857
22,42,1.8181818181818181,3,5.0,1.8181818181818181
22,34,2.8181818181818183,5,3.3333333333333335,1.6666666666666667
22,62,2.590909090909091,5,4.0,2.6666666666666665
22,57,3.3181818181818183,6,3.4615384615384617,2.5
24,66,3.0833333333333335,5,4.6923076923076925,3.05
23,58,2.739130434782609,5,4.153846153846154,2.8421052631578947
23,57,3.0434782608695654,5,5.555555555555555,2.6315789473684212
22,37,2.590909090909091,4,3.8333333333333335,1.4375
22,57,2.772727272727273,4,4.1,2.2777777777777777
26,46,2.769230769230769,4,6.0,1.9090909090909092
27,94,3.5185185185185186,6,4.3125,3.0
23,39,3.3043478260869565,6,5.833333333333333,1.8421052631578947
27,113,3.740740740740741,7,5.705882352941177,4.217391304347826
27,51,2.888888888888889,5,3.8333333333333335,2.0
23,39,3.3043478260869565,6,5.833333333333333,1.8421052631578947
25,56,3.04,5,5.666666666666667,2.4285714285714284
18,28,1.5,3,3.0,1.7142857142857142
24,40,3.0,6,3.272727272727273,1.8
22,38,3.227272727272727,6,5.666666666666667,1.8888888888888888
25,90,3.2,6,5.533333333333333,3.9523809523809526
25,53,2.08,4,4.666666666666667,2.0
21,47,1.8571428571428572,3,4.666666666666667,2.1538461538461537
24,43,2.7083333333333335,4,5.571428571428571,1.95
22,57,2.409090909090909,5,3.888888888888889,2.3333333333333335
21,39,2.8095238095238093,5,3.0,1.9411764705882353
23,39,3.3043478260869565,6,5.833333333333333,1.8421052631578947
24,53,3.0,5,6.0,2.4
25,57,2.08,4,5.333333333333333,2.2857142857142856
22,50,2.0,4,3.5555555555555554,2.2857142857142856
23,38,3.3043478260869565,6,5.666666666666667,1.7894736842105263
20,56,3.8,8,3.923076923076923,3.0
23,66,3.130434782608696,6,3.066666666666667,2.5555555555555554
25,44,2.8,4,6.666666666666667,1.9047619047619047
23,86,3.4782608695652173,7,4.588235294117647,4.105263157894737
20,36,1.55,2,9.5,1.7272727272727273
18,41,2.1666666666666665,4,2.875,2.090909090909091
22,59,3.0454545454545454,5,3.9166666666666665,2.764705882352941
23,38,3.3043478260869565,6,5.666666666666667,1.7894736842105263
24,85,3.375,6,4.666666666666667,3.5
26,44,2.730769230769231,4,6.666666666666667,1.8181818181818181
23,39,3.3043478260869565,6,5.833333333333333,1.8421052631578947
23,64,3.0,5,4.2727272727272725,2.473684210526316
25,47,2.88,5,5.25,2.0
23,62,3.0869565217391304,5,4.0,2.6666666666666665
21,59,3.0,5,3.4545454545454546,2.235294117647059
24,75,3.0416666666666665,5,5.230769230769231,3.4
21,54,2.761904761904762,5,3.888888888888889,2.3333333333333335
19,36,1.736842105263158,3,6.666666666666667,1.6666666666666667
26,88,3.5,7,5.428571428571429,3.4545454545454546
21,26,1.4285714285714286,3,2.6666666666666665,1.3333333333333333
21,24,1.380952380952381,3,3.5,1.0
20,60,2.7,5,4.333333333333333,3.0588235294117645
26,139,3.923076923076923,8,5.545454545454546,5.545454545454546
19,51,2.9473684210526314,6,4.1,2.5625
16,41,2.625,6,2.923076923076923,2.923076923076923
19,68,3.789473684210526,8,4.6923076923076925,3.8125
20,49,2.9,5,4.555555555555555,2.411764705882353
22,106,3.590909090909091,8,5.388888888888889,5.388888888888889
24,129,3.7083333333333335,8,5.95,5.95
22,82,3.3636363636363638,7,5.428571428571429,4.222222222222222
26,175,3.8846153846153846,8,6.833333333333333,7.454545454545454
22,33,3.0,5,4.5,1.5
24,80,3.375,6,4.733333333333333,3.55
20,46,2.5,5,4.25,2.6153846153846154
25,54,3.12,6,4.636363636363637,2.3181818181818183
13,23,1.5384615384615385,3,3.0,2.4
27,91,3.5555555555555554,6,7.0,3.652173913043478
21,39,3.142857142857143,5,4.5,2.0
23,65,3.6956521739130435,7,4.769230769230769,3.1
21,65,3.9047619047619047,8,3.5,2.8823529411764706
27,53,3.111111111111111,6,4.083333333333333,2.130434782608696
18,31,1.5555555555555556,3,2.5,2.142857142857143
24,37,2.8333333333333335,5,3.3,1.65
24,47,2.6666666666666665,4,6.142857142857143,2.15
15,22,1.6,3,3.0,1.2857142857142858
24,41,3.375,6,6.333333333333333,1.8095238095238095
27,122,3.740740740740741,7,5.190476190476191,4.739130434782608
25,43,3.36,6,6.666666666666667,1.8181818181818181
18,40,1.7777777777777777,3,6.5,2.888888888888889
25,70,3.16,5,4.3076923076923075,2.6666666666666665
26,52,2.730769230769231,4,6.857142857142857,2.1818181818181817
24,65,2.7083333333333335,6,4.2,2.4705882352941178
25,43,3.36,6,6.666666666666667,1.8181818181818181
14,26,2.357142857142857,5,2.5,1.6666666666666667
22,71,3.727272727272727,7,3.3125,2.9444444444444446
28,53,3.0714285714285716,6,4.083333333333333,2.0416666666666665
23,40,3.3043478260869565,6,6.166666666666667,1.85
26,84,2.769230769230769,4,5.714285714285714,3.4782608695652173
13,20,1.6923076923076923,4,2.25,1.8
22,39,3.3181818181818183,6,6.0,1.894736842105263
23,59,2.739130434782609,4,3.6666666666666665,2.3157894736842106
26,46,2.6923076923076925,4,6.0,1.9090909090909092
24,69,3.375,6,4.5,2.7
22,38,3.409090909090909,6,5.833333333333333,1.8421052631578947
26,73,2.9615384615384617,5,5.3076923076923075,3.0
19,34,1.5263157894736843,2,9.0,1.8
24,59,2.4166666666666665,5,3.888888888888889,2.1875
23,56,2.608695652173913,5,4.333333333333333,2.736842105263158
18,29,1.6111111111111112,3,2.6,1.625
22,73,3.3636363636363638,6,4.533333333333333,3.5789473684210527
22,59,2.5,5,3.8,2.7142857142857144
21,57,3.1904761904761907,6,3.6153846153846154,2.764705882352941
31,213,4.451612903225806,8,8.375,7.444444444444445
20,38,3.3,5,4.5,2.0
26,100,3.8846153846153846,7,5.647058823529412,4.173913043478261
23,43,1.7826086956521738,3,5.0,1.8181818181818181
22,43,1.8181818181818181,3,5.25,1.9090909090909092
22,34,2.772727272727273,5,3.0,1.6666666666666667
19,33,1.631578947368421,3,6.0,1.6363636363636365
26,79,3.4615384615384617,6,3.888888888888889,3.1818181818181817
22,38,3.409090909090909,6,5.833333333333333,1.8421052631578947
25,42,2.64,4,5.428571428571429,1.8095238095238095
16,21,1.4375,2,4.0,1.1428571428571428
22,38,3.409090909090909,6,5.833333333333333,1.8421052631578947
23,79,3.9130434782608696,8,3.8125,3.210526315789474
26,73,2.769230769230769,5,4.857142857142857,3.090909090909091
23,73,2.739130434782609,5,3.857142857142857,2.8421052631578947
28,89,3.4642857142857144,6,6.1,2.5416666666666665
23,39,3.3043478260869565,6,5.833333333333333,1.8421052631578947
26,53,2.6153846153846154,5,5.444444444444445,2.227272727272727
18,29,1.6111111111111112,3,3.25,1.625
23,39,3.3043478260869565,6,5.833333333333333,1.8421052631578947
24,35,2.75,4,3.875,1.55
20,37,1.6,4,2.5714285714285716,2.25
14,21,1.6428571428571428,4,2.25,1.8
22,38,2.909090909090909,6,3.090909090909091,1.8888888888888888
23,39,3.3043478260869565,6,5.833333333333333,1.8421052631578947
23,71,3.0869565217391304,5,4.571428571428571,3.2
27,54,3.037037037037037,6,5.0,2.1739130434782608
21,66,2.619047619047619,5,4.538461538461538,3.4705882352941178
23,39,3.3043478260869565,6,5.833333333333333,1.8421052631578947
26,68,2.6153846153846154,5,3.4285714285714284,2.4
26,45,2.8076923076923075,5,6.833333333333333,1.8636363636363635
23,39,3.3043478260869565,6,5.833333333333333,1.8421052631578947
26,98,3.4615384615384617,7,4.2105263157894735,3.6363636363636362
25,42,2.96,6,3.3636363636363638,1.7619047619047619
22,38,3.227272727272727,6,5.666666666666667,1.8888888888888888
26,107,3.730769230769231,7,4.944444444444445,4.045454545454546
23,63,3.1739130434782608,6,3.0,2.5
25,43,2.68,4,6.5,1.8571428571428572
23,50,2.0434782608695654,4,5.4,2.076923076923077
19,34,1.5263157894736843,2,9.0,1.8
31,215,4.451612903225806,8,7.958333333333333,7.074074074074074
21,30,3.0476190476190474,5,3.857142857142857,1.5
21,66,3.2857142857142856,6,4.461538461538462,3.2222222222222223
28,91,2.9642857142857144,5,4.777777777777778,3.5833333333333335
12,20,1.75,4,2.75,2.2
23,39,3.3043478260869565,6,5.833333333333333,1.8421052631578947
23,62,2.9130434782608696,5,4.5,2.3684210526315788
27,68,3.2222222222222223,5,6.3,2.739130434782609
25,86,3.2,5,4.4,3.142857142857143
22,32,2.8181818181818183,5,3.111111111111111,1.5555555555555556
23,39,3.3043478260869565,6,5.833333333333333,1.8421052631578947
25,84,3.04,6,6.076923076923077,3.761904761904762
12,20,1.75,4,2.5,2.0
24,41,3.2916666666666665,6,6.166666666666667,1.85
22,76,2.5454545454545454,5,4.133333333333334,3.263157894736842
26,85,3.0,6,5.333333333333333,3.6363636363636362
22,41,1.8181818181818181,3,4.75,1.7272727272727273
23,64,2.9565217391304346,5,4.916666666666667,3.1052631578947367
22,55,2.6363636363636362,5,4.636363636363637,2.8333333333333335
26,87,3.730769230769231,6,4.923076923076923,2.909090909090909
24,40,3.25,6,6.0,1.8
20,62,3.8,8,4.0,3.2941176470588234
26,48,2.769230769230769,4,6.285714285714286,2.0
18,30,1.5555555555555556,3,2.3333333333333335,2.0
22,52,2.0,4,5.0,2.5
23,39,3.3043478260869565,6,5.833333333333333,1.8421052631578947
25,89,3.16,6,5.857142857142857,3.9047619047619047
26,57,1.9615384615384615,4,5.166666666666667,2.3846153846153846
23,39,3.3043478260869565,6,5.833333333333333,1.8421052631578947
26,103,3.230769230769231,6,5.764705882352941,4.454545454545454
27,75,3.259259259259259,6,5.0,3.0434782608695654
26,56,1.9615384615384615,4,4.285714285714286,2.3076923076923075
25,71,3.4,6,4.0,2.6666666666666665
26,103,3.5,7,5.333333333333333,4.363636363636363
24,72,3.3333333333333335,6,4.466666666666667,3.35
26,85,3.4615384615384617,6,4.928571428571429,3.1363636363636362
21,26,1.5714285714285714,3,3.3333333333333335,1.25
21,26,1.4761904761904763,3,3.0,1.2857142857142858
19,52,3.1052631578947367,6,3.6923076923076925,3.0
24,96,3.875,7,4.631578947368421,4.190476190476191
16,41,2.5,5,2.8461538461538463,2.8461538461538463
26,123,4.038461538461538,8,5.2272727272727275,5.2272727272727275
26,152,3.923076923076923,8,6.0,6.2727272727272725
19,54,3.0,6,3.8333333333333335,2.875
28,160,4.142857142857143,8,5.6923076923076925,6.166666666666667
25,124,3.32,7,5.318181818181818,5.571428571428571
29,236,4.172413793103448,8,7.814814814814815,8.44
22,33,3.0,5,4.5,1.5
31,153,4.290322580645161,8,6.434782608695652,5.481481481481482
23,83,3.869565217391304,8,4.3125,3.6315789473684212
25,74,3.48,6,5.461538461538462,3.227272727272727
24,70,3.3333333333333335,6,4.214285714285714,2.95
23,72,3.347826086956522,6,5.583333333333333,3.35
27,49,3.4444444444444446,5,10.0,1.6666666666666667
19,54,3.3157894736842106,7,3.9166666666666665,2.9375
26,85,2.923076923076923,6,4.2105263157894735,3.4782608695652173
24,41,3.375,6,6.333333333333333,1.8095238095238095
26,65,3.1538461538461537,5,4.6923076923076925,2.652173913043478
25,55,1.96,4,4.125,2.5384615384615383
24,76,3.2916666666666665,6,3.9444444444444446,3.380952380952381
24,41,3.375,6,6.333333333333333,1.8095238095238095
27,53,2.5925925925925926,4,6.125,2.130434782608696
24,64,2.9166666666666665,5,5.0,2.7777777777777777
22,63,2.8181818181818183,5,3.4166666666666665,2.411764705882353
22,37,2.8181818181818183,5,3.6666666666666665,1.8333333333333333
18,30,1.6111111111111112,3,2.8,1.75
22,38,3.409090909090909,6,5.833333333333333,1.8421052631578947
23,74,4.130434782608695,8,3.5294117647058822,3.1578947368421053
26,46,2.769230769230769,5,6.0,1.9090909090909092
24,88,3.375,7,4.764705882352941,4.05
12,19,1.75,4,2.25,1.8
21,33,2.761904761904762,5,2.9,1.7058823529411764
22,37,3.409090909090909,6,5.666666666666667,1.7894736842105263
25,46,2.64,4,6.0,2.0
18,32,1.6111111111111112,3,3.0,1.875
23,40,3.391304347826087,6,6.166666666666667,1.85
19,31,1.5789473684210527,3,4.0,1.6
28,41,2.857142857142857,4,4.625,1.5416666666666667
19,29,1.368421052631579,3,2.4,2.0
14,21,1.6428571428571428,4,2.25,1.8
25,42,2.76,4,6.333333333333333,1.8095238095238095
22,61,2.590909090909091,5,3.9,2.6
24,66,3.2916666666666665,7,5.454545454545454,3.0
23,29,1.6956521739130435,3,7.0,1.2727272727272727
25,106,3.8,7,5.555555555555555,4.545454545454546
16,25,1.8125,4,2.4,1.3333333333333333
23,43,3.3043478260869565,6,5.0,1.75
26,61,3.1538461538461537,5,5.090909090909091,2.4347826086956523
27,56,1.8888888888888888,4,4.833333333333333,2.230769230769231
22,73,3.409090909090909,6,3.8823529411764706,3.473684210526316
23,39,3.391304347826087,6,6.0,1.8
24,86,3.4166666666666665,6,4.866666666666666,3.65
24,80,3.8333333333333335,8,3.625,2.9
25,70,2.84,5,4.714285714285714,3.0
23,52,2.0,4,4.142857142857143,2.4166666666666665
18,28,1.5,2,6.5,1.4444444444444444
22,38,3.409090909090909,6,5.833333333333333,1.8421052631578947
24,83,3.375,6,4.533333333333333,3.4
24,78,4.125,8,3.6666666666666665,2.75
28,53,3.0714285714285716,6,3.769230769230769,2.0416666666666665
22,38,3.409090909090909,6,5.833333333333333,1.8421052631578947
27,84,2.888888888888889,5,4.9375,3.4347826086956523
24,74,2.875,6,3.857142857142857,2.7
23,71,3.5652173913043477,6,4.714285714285714,3.3
20,29,1.4,2,5.5,1.375
22,37,2.8181818181818183,5,3.3,1.8333333333333333
23,39,3.3043478260869565,6,5.833333333333333,1.8421052631578947
24,83,3.375,6,4.466666666666667,3.35
27,48,2.888888888888889,5,3.6666666666666665,1.9130434782608696
19,30,1.263157894736842,2,2.75,2.2
19,32,1.3157894736842106,2,2.6,2.1666666666666665
21,37,3.3333333333333335,6,5.666666666666667,1.8888888888888888
25,85,3.08,6,4.0,3.238095238095238
26,50,2.9615384615384617,6,3.4615384615384617,2.0454545454545454
22,38,3.409090909090909,6,5.833333333333333,1.8421052631578947
24,82,3.2916666666666665,5,4.2,3.15
25,83,4.24,8,3.6875,2.8095238095238093
27,77,3.5925925925925926,7,4.8,3.130434782608696
23,59,2.391304347826087,5,3.9,2.7857142857142856
21,31,3.0476190476190474,5,4.0,1.5555555555555556
22,71,3.4545454545454546,7,4.0625,3.4210526315789473
26,73,3.576923076923077,7,4.857142857142857,2.9565217391304346
24,59,2.3333333333333335,4,4.777777777777778,2.8666666666666667
19,47,2.526315789473684,5,2.9,2.230769230769231
23,39,3.3043478260869565,6,5.833333333333333,1.8421052631578947
18,37,1.7222222222222223,3,4.8,2.6666666666666665
28,51,2.892857142857143,5,3.9166666666666665,1.9583333333333333
19,32,1.5263157894736843,2,8.5,1.7
26,76,3.269230769230769,6,3.8,2.7142857142857144
23,39,3.3043478260869565,6,5.833333333333333,1.8421052631578947
26,103,3.730769230769231,7,5.176470588235294,4.0
29,87,2.9655172413793105,5,5.125,3.28
26,69,2.3461538461538463,4,5.0,2.8125
19,47,2.5789473684210527,5,3.2222222222222223,2.230769230769231
23,39,3.3043478260869565,6,5.833333333333333,1.8421052631578947
24,88,3.4583333333333335,6,4.733333333333333,3.55
25,89,4.16,8,3.7777777777777777,3.238095238095238
25,96,3.68,7,4.631578947368421,4.0
23,39,3.3043478260869565,6,5.833333333333333,1.8421052631578947
23,69,3.3043478260869565,6,3.25,2.736842105263158
26,49,2.8846153846153846,5,3.75,2.0454545454545454
25,83,3.12,5,4.285714285714286,2.857142857142857
22,37,3.0,6,2.909090909090909,1.7777777777777777
23,70,3.0869565217391304,6,3.923076923076923,2.6842105263157894
20,53,2.15,4,4.666666666666667,2.8
18,28,1.5,3,2.75,1.5714285714285714
24,73,3.3333333333333335,6,4.533333333333333,3.4
21,56,2.380952380952381,5,3.6,2.5714285714285716
23,47,1.8695652173913044,3,4.8,2.0
21,44,2.8095238095238093,5,3.3636363636363638,2.176470588235294
26,83,3.4615384615384617,6,6.454545454545454,3.227272727272727
22,25,1.4090909090909092,3,4.0,1.1428571428571428
21,23,1.380952380952381,3,3.5,1.0
26,95,3.4615384615384617,7,5.0588235294117645,3.909090909090909
26,137,3.923076923076923,8,5.409090909090909,5.409090909090909
21,78,2.8095238095238093,6,3.8666666666666667,3.411764705882353
20,80,3.65,8,4.352941176470588,4.352941176470588
20,50,2.85,5,4.333333333333333,2.2941176470588234
19,48,2.4210526315789473,5,4.090909090909091,2.8125
20,69,3.65,8,4.5,3.7058823529411766
27,207,3.925925925925926,8,7.48,8.130434782608695
22,30,2.9545454545454546,5,4.333333333333333,1.4444444444444444
27,97,3.740740740740741,6,6.142857142857143,3.739130434782609
27,134,3.925925925925926,7,6.35,5.521739130434782
26,79,2.9615384615384617,5,5.538461538461538,3.272727272727273
12,21,1.75,4,3.0,2.4
24,42,3.2916666666666665,6,5.428571428571429,1.9
17,31,2.1176470588235294,5,2.375,1.7272727272727273
28,86,3.2142857142857144,6,5.0625,3.375
18,35,1.8888888888888888,4,2.375,2.111111111111111
23,42,3.3043478260869565,6,5.285714285714286,1.9473684210526316
25,51,2.64,5,5.222222222222222,2.238095238095238
15,25,2.066666666666667,4,2.5,1.6666666666666667
15,24,2.066666666666667,4,2.3333333333333335,1.5555555555555556
21,32,3.0952380952380953,5,4.5,1.5
28,105,3.6785714285714284,6,5.105263157894737,4.041666666666667
26,95,4.230769230769231,8,5.176470588235294,4.0
27,73,3.0,5,5.384615384615385,2.9166666666666665
12,19,1.6666666666666667,4,2.5,2.0
25,42,3.32,6,6.5,1.7727272727272727
27,92,2.6666666666666665,5,4.277777777777778,3.347826086956522
27,45,2.888888888888889,5,4.555555555555555,1.7826086956521738
14,22,1.6428571428571428,4,2.5,2.0
25,65,2.96,5,4.769230769230769,2.8181818181818183
18,28,1.5,2,4.333333333333333,1.4444444444444444
23,62,2.4782608695652173,5,4.3,2.8666666666666667
27,95,3.5925925925925926,7,5.117647058823529,3.782608695652174
24,41,3.375,6,6.333333333333333,1.8095238095238095
27,82,2.4814814814814814,5,3.5,2.8636363636363638
26,70,2.8461538461538463,5,5.5,2.869565217391304
22,44,1.8181818181818181,3,4.166666666666667,1.9230769230769231
24,41,3.375,6,6.333333333333333,1.8095238095238095
20,31,1.45,2,7.5,1.6666666666666667
27,78,3.037037037037037,5,5.6923076923076925,3.0833333333333335
24,76,3.125,6,4.533333333333333,3.238095238095238
20,43,3.0,6,4.0,2.3529411764705883
24,40,3.3333333333333335,6,6.166666666666667,1.7619047619047619
27,91,2.740740740740741,5,5.666666666666667,3.6956521739130435
13,21,1.6923076923076923,4,2.5,2.0
28,92,3.607142857142857,6,7.4,3.0833333333333335
22,39,3.3181818181818183,6,6.0,1.894736842105263
26,102,3.730769230769231,7,4.833333333333333,3.9545454545454546
28,88,3.0,5,5.25,3.36
26,71,2.730769230769231,5,5.2,2.888888888888889
20,52,2.6,5,2.8333333333333335,2.4285714285714284
21,41,3.238095238095238,5,4.875,2.0526315789473686
26,83,3.076923076923077,6,4.133333333333334,2.6956521739130435
25,80,3.24,6,5.428571428571429,3.4545454545454546
22,43,1.9090909090909092,3,5.25,1.75
20,52,2.55,5,2.75,2.357142857142857
22,37,3.409090909090909,6,5.666666666666667,1.7894736842105263
20,35,1.5,2,6.333333333333333,1.9
25,70,3.24,5,5.0,2.9545454545454546
18,27,1.3888888888888888,3,2.2,1.8333333333333333
23,70,3.130434782608696,6,4.076923076923077,2.789473684210526
21,33,2.761904761904762,5,2.9,1.7058823529411764
22,60,2.590909090909091,5,3.9,2.6
23,62,3.347826086956522,6,3.642857142857143,2.6842105263157894
13,16,1.3076923076923077,3,1.6666666666666667,1.6666666666666667
29,107,4.068965517241379,7,7.166666666666667,3.44
23,40,3.391304347826087,6,6.166666666666667,1.85
27,68,2.6666666666666665,5,3.1333333333333333,2.1363636363636362
27,81,3.0,5,5.428571428571429,3.3043478260869565
22,54,2.227272727272727,4,5.333333333333333,2.4615384615384617
21,35,2.761904761904762,5,3.1,1.8235294117647058
22,59,2.4545454545454546,5,4.0,2.6666666666666665
13,19,1.5384615384615385,3,2.0,1.6
28,101,4.107142857142857,7,6.153846153846154,3.3333333333333335
22,38,3.409090909090909,6,5.833333333333333,1.8421052631578947
15,32,3.533333333333333,6,2.857142857142857,1.6666666666666667
24,78,3.25,6,3.6875,2.95
29,119,3.5517241379310347,7,5.65,4.52
15,20,1.4666666666666666,2,7.0,1.0
16,21,1.4375,2,7.0,1.0
12,22,2.3333333333333335,5,2.4,1.7142857142857142
23,39,3.3043478260869565,6,5.833333333333333,1.8421052631578947
25,55,3.12,5,5.0,2.272727272727273
26,54,1.9230769230769231,4,4.666666666666667,2.1538461538461537
21,44,2.0,4,3.5714285714285716,1.7857142857142858
22,38,3.409090909090909,6,5.833333333333333,1.8421052631578947
22,59,2.8181818181818183,5,3.909090909090909,2.388888888888889
28,50,2.892857142857143,5,4.090909090909091,1.875
23,42,1.7826086956521738,3,4.75,1.7272727272727273
22,35,3.0,6,2.8181818181818183,1.7222222222222223
13,18,1.5384615384615385,3,1.75,1.4
13,17,1.3846153846153846,3,1.5,1.5
24,72,3.5,6,4.785714285714286,3.35
17,26,1.411764705882353,2,3.3333333333333335,1.4285714285714286
23,67,3.608695652173913,6,4.6923076923076925,3.210526315789474
20,39,2.9,6,3.090909090909091,2.125
12,15,1.25,2,1.6666666666666667,1.6666666666666667
25,84,3.48,6,5.636363636363637,2.9523809523809526
22,31,3.0454545454545454,5,4.666666666666667,1.4736842105263157
25,84,3.64,7,5.266666666666667,3.761904761904762
21,62,3.9047619047619047,8,3.5714285714285716,2.9411764705882355
29,95,3.0689655172413794,5,6.0,3.6
21,42,1.9523809523809523,3,5.25,1.75
19,51,3.0526315789473686,6,3.272727272727273,2.4
24,40,3.25,6,6.0,1.8
15,34,3.7333333333333334,6,3.142857142857143,1.6923076923076923
27,86,2.814814814814815,5,5.333333333333333,3.4782608695652173
25,52,1.96,4,5.4,2.076923076923077
22,40,1.8181818181818181,3,4.5,1.6363636363636365
21,37,2.8095238095238093,5,3.2,1.8823529411764706
23,39,3.3043478260869565,6,5.833333333333333,1.8421052631578947
23,77,4.086956521739131,8,3.6470588235294117,3.263157894736842
27,80,3.5555555555555554,7,4.933333333333334,3.217391304347826
25,83,3.64,7,5.0,3.409090909090909
21,35,2.9047619047619047,6,3.0,1.7647058823529411
23,39,3.3043478260869565,6,5.833333333333333,1.8421052631578947
15,35,3.7333333333333334,6,3.2857142857142856,1.7692307692307692
25,81,3.28,5,3.8666666666666667,2.761904761904762
26,52,2.8846153846153846,5,3.6153846153846154,2.1363636363636362
24,68,3.5,6,4.5,3.15
20,37,1.75,3,3.8,1.7272727272727273
20,37,2.9,6,2.909090909090909,2.0
20,37,1.85,3,3.8,1.5833333333333333
23,39,3.3043478260869565,6,5.833333333333333,1.8421052631578947
24,88,3.0833333333333335,6,4.4375,3.55
27,102,3.4074074074074074,7,5.222222222222222,4.086956521739131
23,44,1.8695652173913044,3,5.25,1.75
18,47,2.5555555555555554,5,2.9,2.230769230769231
26,87,3.3846153846153846,6,6.1,2.772727272727273
24,41,3.2916666666666665,6,6.166666666666667,1.85
15,36,4.0,7,3.25,2.0
26,52,2.6538461538461537,5,5.333333333333333,2.1818181818181817
28,88,3.4642857142857144,6,6.0,2.5
24,42,3.2916666666666665,6,6.166666666666667,1.85
25,50,2.64,5,5.111111111111111,2.1904761904761907
16,23,1.8125,4,2.4,1.3333333333333333
22,38,3.3181818181818183,6,5.5,1.8333333333333333
23,73,4.0,8,3.3684210526315788,3.3684210526315788
27,84,3.4444444444444446,6,4.529411764705882,3.347826086956522
12,21,2.0,4,3.0,2.0
23,41,3.3043478260869565,6,5.142857142857143,1.894736842105263
22,40,1.5454545454545454,3,4.6,2.090909090909091
27,50,2.888888888888889,5,4.0,1.9130434782608696
23,64,2.6956521739130435,5,5.125,2.411764705882353
27,80,3.4444444444444446,6,3.8823529411764706,2.869565217391304
19,41,1.894736842105263,4,3.0,2.6666666666666665
23,37,2.8260869565217392,5,3.1,1.631578947368421
22,67,3.0,6,4.454545454545454,2.8823529411764706
22,42,2.8181818181818183,5,3.1818181818181817,1.9444444444444444
13,21,1.7692307692307692,4,1.6666666666666667,1.6666666666666667
26,95,3.3846153846153846,6,5.933333333333334,4.045454545454546
22,38,1.6818181818181819,3,4.5,1.8
20,36,1.95,4,4.25,1.5454545454545454
17,37,1.9411764705882353,4,3.857142857142857,2.4545454545454546
21,74,3.2857142857142856,7,4.375,3.888888888888889
19,46,2.9473684210526314,6,4.333333333333333,2.4375
16,36,2.8125,6,3.0,2.5384615384615383
19,61,3.0526315789473686,7,3.8666666666666667,3.625
20,54,2.65,6,4.454545454545454,3.0625
20,54,3.05,6,5.1,3.0
26,138,3.923076923076923,8,5.583333333333333,6.090909090909091
22,45,3.5,6,5.428571428571429,1.9
20,45,1.95,4,4.857142857142857,2.6153846153846154
24,52,2.75,5,6.0,2.4
17,30,1.588235294117647,4,2.5,2.5
21,47,2.5714285714285716,5,3.909090909090909,2.5294117647058822
21,66,2.619047619047619,5,3.933333333333333,3.4705882352941178
18,31,1.7777777777777777,3,2.5,1.6666666666666667
21,37,3.3333333333333335,6,5.666666666666667,1.8888888888888888
20,36,1.8,4,3.6,1.8
25,46,2.68,4,7.0,2.0
23,79,3.130434782608696,6,3.875,3.263157894736842
22,34,2.772727272727273,5,3.0,1.6666666666666667
13,16,1.3076923076923077,3,1.6666666666666667,1.6666666666666667
21,37,3.3333333333333335,6,5.666666666666667,1.8888888888888888
24,83,3.375,6,4.533333333333333,3.4
25,43,2.68,4,6.5,1.8571428571428572
23,40,3.391304347826087,6,6.166666666666667,1.85
23,81,4.0,8,4.0,3.3684210526315788
25,70,2.84,5,4.4,3.0
24,70,2.9166666666666665,5,4.454545454545454,2.5789473684210527
27,89,3.5185185185185186,6,5.153846153846154,2.9130434782608696
22,38,3.409090909090909,6,5.833333333333333,1.8421052631578947
27,93,2.7777777777777777,5,5.176470588235294,3.8260869565217392
25,54,1.96,4,4.833333333333333,2.230769230769231
22,50,1.8181818181818181,3,5.0,2.3076923076923075
24,42,2.875,5,3.8,1.9
22,36,2.8181818181818183,5,3.5555555555555554,1.7777777777777777
19,36,2.0526315789473686,4,2.75,1.6923076923076923
31,210,4.419354838709677,8,8.695652173913043,7.407407407407407
21,37,3.3333333333333335,6,5.666666666666667,1.8888888888888888
23,69,3.0434782608695654,5,4.428571428571429,3.1
24,47,2.875,6,4.777777777777778,2.15
21,68,3.142857142857143,6,4.357142857142857,3.588235294117647
22,31,2.9545454545454546,5,3.857142857142857,1.5
23,74,3.9565217391304346,8,3.8125,3.210526315789474
27,83,3.5925925925925926,7,4.588235294117647,3.391304347826087
25,79,2.84,5,4.733333333333333,3.227272727272727
21,34,2.9047619047619047,6,3.0,1.7647058823529411
21,37,3.3333333333333335,6,5.666666666666667,1.8888888888888888
15,33,3.3333333333333335,6,2.857142857142857,1.8181818181818181
18,29,1.5,2,7.5,1.6666666666666667
26,44,2.769230769230769,4,6.666666666666667,1.8181818181818181
17,37,2.5294117647058822,6,2.6,2.0
21,36,2.9047619047619047,6,3.2,1.8823529411764706
22,63,2.590909090909091,5,4.2,2.8
21,36,3.238095238095238,6,5.333333333333333,1.8823529411764706
24,84,3.4583333333333335,6,4.533333333333333,3.4
24,49,1.5416666666666667,3,2.4545454545454546,2.4545454545454546
29,113,3.4827586206896552,7,5.578947368421052,4.24
21,33,2.761904761904762,5,2.9,1.7058823529411764
18,29,1.6111111111111112,3,3.0,1.5
23,39,3.3043478260869565,6,5.833333333333333,1.8421052631578947
24,80,3.375,6,4.333333333333333,3.25
25,89,4.08,8,3.7222222222222223,3.1904761904761907
27,77,3.4444444444444446,7,4.176470588235294,3.0869565217391304
23,52,1.9565217391304348,4,4.833333333333333,2.4166666666666665
21,37,3.3333333333333335,6,5.666666666666667,1.8888888888888888
24,79,3.1666666666666665,5,4.8,3.4285714285714284
25,48,2.92,6,5.5,2.0952380952380953
21,68,2.619047619047619,5,4.615384615384615,3.5294117647058822
24,39,3.25,6,5.833333333333333,1.75
19,31,1.5789473684210527,3,5.333333333333333,1.6
28,109,3.3214285714285716,7,5.555555555555555,4.166666666666667
17,25,1.411764705882353,3,3.0,1.5
19,31,1.5263157894736843,2,8.0,1.6
23,40,2.652173913043478,4,6.0,1.894736842105263
13,20,1.6923076923076923,4,2.25,1.8
21,36,2.8095238095238093,5,3.4444444444444446,1.8235294117647058
19,41,2.3684210526315788,5,2.5,1.7857142857142858
28,85,3.5,6,6.909090909090909,3.1666666666666665
23,28,1.4782608695652173,3,5.5,1.375
22,26,1.4545454545454546,3,4.5,1.125
18,42,2.111111111111111,4,5.4,2.4545454545454546
21,66,2.761904761904762,5,3.4285714285714284,2.6666666666666665
19,53,3.1578947368421053,7,4.454545454545454,3.0625
21,85,3.7142857142857144,8,4.444444444444445,4.444444444444445
18,47,2.7777777777777777,5,4.333333333333333,2.6
22,99,3.6818181818181817,8,5.055555555555555,5.055555555555555
25,146,3.96,8,6.428571428571429,6.428571428571429
21,80,3.619047619047619,8,4.6875,4.166666666666667
20,47,2.45,4,4.714285714285714,2.2
26,178,3.8461538461538463,8,6.875,7.5
21,29,3.0476190476190474,5,4.333333333333333,1.4444444444444444
24,90,3.0416666666666665,6,4.8,3.4285714285714284
23,46,2.6956521739130435,5,4.2,2.210526315789474
22,76,3.3636363636363638,7,4.928571428571429,3.8333333333333335
23,39,3.3043478260869565,6,5.833333333333333,1.8421052631578947
22,70,4.136363636363637,8,3.411764705882353,3.2222222222222223
27,81,3.5555555555555554,7,4.6875,3.260869565217391
26,90,3.4615384615384617,7,5.125,3.5652173913043477
21,37,2.9047619047619047,6,3.0,1.7647058823529411
23,39,3.3043478260869565,6,5.833333333333333,1.8421052631578947
24,83,3.2916666666666665,5,5.0,3.5
26,70,3.076923076923077,5,5.416666666666667,2.9545454545454546
17,32,1.6470588235294117,3,4.4,2.4444444444444446
20,34,2.9,6,2.9,1.8125
24,64,2.7083333333333335,5,5.125,2.411764705882353
23,39,3.3043478260869565,6,5.833333333333333,1.8421052631578947
25,89,3.24,6,5.928571428571429,3.9523809523809526
26,79,3.1153846153846154,6,3.6875,2.8095238095238093
23,39,3.3043478260869565,6,5.833333333333333,1.8421052631578947
26,102,3.730769230769231,7,4.894736842105263,4.2272727272727275
28,122,3.4285714285714284,6,6.052631578947368,4.791666666666667
12,21,1.75,4,2.75,2.2
24,42,2.875,5,3.3636363636363638,1.85
19,37,1.7894736842105263,4,2.857142857142857,2.2222222222222223
22,70,3.5,6,4.846153846153846,3.5
21,43,2.9047619047619047,6,3.0,2.1176470588235294
16,28,1.8125,3,3.5,1.5555555555555556
23,39,3.3043478260869565,6,5.0,1.8421052631578947
24,92,3.4583333333333335,6,4.6875,3.75
23,73,3.9130434782608696,8,3.4375,2.8947368421052633
26,78,3.5384615384615383,7,4.5625,3.3181818181818183
24,62,2.4166666666666665,4,5.714285714285714,2.6666666666666665
21,36,3.380952380952381,6,4.571428571428571,1.8823529411764706
27,136,3.962962962962963,7,5.409090909090909,5.173913043478261
22,42,3.272727272727273,6,4.714285714285714,1.8333333333333333
22,41,3.409090909090909,6,5.428571428571429,2.0
20,54,2.8,6,3.9166666666666665,2.9375
23,51,3.0434782608695654,5,4.9,2.3333333333333335
14,23,1.6428571428571428,4,2.75,2.2
22,44,3.1363636363636362,6,4.2,2.1
25,73,3.4,6,3.764705882352941,3.0476190476190474
24,41,3.375,6,6.333333333333333,1.8095238095238095
26,105,3.730769230769231,7,4.944444444444445,4.045454545454546
28,83,2.9642857142857144,5,5.0,3.2
24,68,2.8333333333333335,5,5.4,2.8421052631578947
22,57,2.4545454545454546,5,2.6923076923076925,2.5
25,42,3.32,6,6.5,1.7727272727272727
25,85,3.4,6,5.214285714285714,3.4761904761904763
24,88,4.166666666666667,8,4.3125,3.45
25,65,2.84,5,4.428571428571429,2.8181818181818183
21,37,2.9047619047619047,6,3.0,1.9411764705882353
25,74,3.2,6,5.076923076923077,3.0
21,37,2.761904761904762,5,3.0,1.9411764705882353
13,17,1.3846153846153846,3,1.5,1.5
25,96,3.48,6,5.666666666666667,4.0476190476190474
22,43,3.1363636363636362,5,5.714285714285714,2.1052631578947367
27,99,2.888888888888889,5,4.333333333333333,3.391304347826087
27,50,2.888888888888889,5,3.8333333333333335,2.0
13,21,1.9230769230769231,4,2.5,1.6666666666666667
22,41,1.6363636363636365,3,4.75,1.9
27,99,3.5925925925925926,7,4.842105263157895,4.0
23,39,2.8260869565217392,5,3.5,1.8421052631578947
23,39,3.391304347826087,6,6.0,1.8
25,92,3.44,6,4.875,3.7142857142857144
25,95,4.2,8,4.333333333333333,3.7142857142857144
24,80,3.5,7,4.166666666666667,3.5714285714285716
24,41,3.375,6,6.333333333333333,1.8095238095238095
25,90,3.08,6,4.5,3.4285714285714284
29,85,3.0344827586206895,5,5.714285714285714,3.2
13,19,1.6153846153846154,4,2.0,1.6
23,62,2.9130434782608696,5,3.75,2.6470588235294117
18,26,1.2222222222222223,2,2.6666666666666665,2.0
23,39,2.8260869565217392,5,3.5,1.8421052631578947
13,17,1.3846153846153846,3,1.5,1.5
13,17,1.3846153846153846,3,1.5,1.5
30,108,4.166666666666667,7,7.083333333333333,3.269230769230769
23,40,3.391304347826087,6,6.166666666666667,1.85
26,74,3.0,5,5.384615384615385,3.0434782608695654
16,22,1.4375,2,4.0,1.1428571428571428
23,40,3.391304347826087,6,6.166666666666667,1.85
24,79,3.2916666666666665,5,4.5,3.15
24,83,3.9166666666666665,8,3.5294117647058822,3.0
23,43,2.782608695652174,5,4.875,2.0526315789473686
23,79,3.5217391304347827,7,4.8,3.789473684210526
21,36,3.4285714285714284,6,5.5,1.8333333333333333
20,55,3.1,6,4.6,2.875
24,43,2.875,6,3.25,1.95
21,37,3.3333333333333335,6,5.666666666666667,1.8888888888888888
26,60,3.1153846153846154,5,4.583333333333333,2.391304347826087
22,38,3.409090909090909,6,5.833333333333333,1.8421052631578947
25,90,2.96,5,4.294117647058823,3.4761904761904763
26,71,3.230769230769231,5,5.076923076923077,2.869565217391304
22,46,1.8181818181818181,4,4.8,2.4
24,70,3.2083333333333335,6,6.2,3.1
22,27,1.5,3,5.5,1.375
18,36,1.7222222222222223,3,2.7777777777777777,2.272727272727273
27,52,2.962962962962963,6,3.6923076923076925,2.0869565217391304
25,76,3.68,7,3.736842105263158,3.380952380952381
17,27,1.6470588235294117,3,3.0,1.5
23,41,2.782608695652174,5,3.375,1.5
23,59,2.782608695652174,4,3.8181818181818183,2.210526315789474
27,47,2.7777777777777777,4,6.142857142857143,1.8695652173913044
25,68,3.2,5,4.416666666666667,2.65
27,90,3.5555555555555554,6,5.7272727272727275,2.739130434782609
23,39,3.3043478260869565,6,5.833333333333333,1.8421052631578947
15,30,3.533333333333333,6,3.0,1.5
28,126,3.7857142857142856,7,5.777777777777778,4.333333333333333
27,51,2.962962962962963,6,3.8333333333333335,2.0
25,47,3.08,6,3.8181818181818183,2.0
26,71,3.1923076923076925,5,4.384615384615385,2.7142857142857144
23,39,3.3043478260869565,6,5.833333333333333,1.8421052631578947
27,115,3.7037037037037037,7,5.764705882352941,4.260869565217392
27,48,2.888888888888889,5,3.6666666666666665,1.9130434782608696
26,65,2.3846153846153846,5,4.333333333333333,2.2941176470588234
24,42,1.7916666666666667,3,6.0,1.5
20,51,2.85,6,2.8181818181818183,2.2142857142857144
27,95,4.037037037037037,7,5.666666666666667,2.9565217391304346
23,39,3.3043478260869565,6,5.833333333333333,1.8421052631578947
24,85,3.4583333333333335,6,4.8,3.6
23,77,3.869565217391304,8,3.5625,3.0
25,48,3.04,6,3.6666666666666665,2.0952380952380953
22,79,3.409090909090909,6,4.176470588235294,3.736842105263158
23,39,3.3043478260869565,6,5.833333333333333,1.8421052631578947
16,35,3.75,6,3.5,1.5
24,74,3.375,7,3.3125,2.9444444444444446
27,79,3.5925925925925926,7,4.933333333333334,3.217391304347826
20,37,1.55,3,3.4,1.8888888888888888
18,37,1.5555555555555556,3,2.7142857142857144,2.375
23,39,3.3043478260869565,6,5.833333333333333,1.8421052631578947
23,63,3.0,5,4.7,2.473684210526316
23,42,2.739130434782609,5,5.428571428571429,2.0
23,62,3.0869565217391304,5,3.9166666666666665,2.611111111111111
23,39,3.3043478260869565,6,5.833333333333333,1.8421052631578947
24,90,3.5,6,4.866666666666666,3.65
26,44,2.730769230769231,4,6.666666666666667,1.8181818181818181
24,79,3.6666666666666665,7,4.8,3.6
21,39,1.8571428571428572,3,4.75,1.7272727272727273
18,51,3.0,6,3.3,2.357142857142857
22,33,3.1363636363636362,5,4.142857142857143,1.5263157894736843
26,90,3.3846153846153846,6,4.8125,3.5
23,77,4.0,8,4.066666666666666,3.210526315789474
26,48,3.0384615384615383,6,3.8181818181818183,1.9090909090909092
23,39,2.8260869565217392,5,3.4,1.7894736842105263
28,99,3.5714285714285716,6,5.916666666666667,2.9583333333333335
24,41,3.2916666666666665,6,6.166666666666667,1.85
20,66,2.5,5,3.642857142857143,3.1875
29,92,3.310344827586207,6,5.117647058823529,3.48
22,62,3.0,5,4.166666666666667,2.9411764705882355
22,37,2.8181818181818183,5,3.5555555555555554,1.7777777777777777
31,244,4.451612903225806,8,9.125,8.11111111111111
22,30,2.9545454545454546,5,4.333333333333333,1.4444444444444444
27,121,3.962962962962963,7,5.1,4.434782608695652
27,97,3.7037037037037037,6,4.75,3.3043478260869565
20,52,2.25,4,3.7777777777777777,2.8333333333333335
19,46,2.1578947368421053,4,3.2222222222222223,2.6363636363636362
23,40,3.3043478260869565,6,5.142857142857143,1.894736842105263
22,68,4.045454545454546,8,4.214285714285714,3.1052631578947367
29,120,3.5517241379310347,7,5.947368421052632,4.52
23,46,1.8695652173913044,3,6.0,2.0
18,44,2.111111111111111,4,4.125,2.5384615384615383
19,46,2.1578947368421053,4,2.9,2.6363636363636362
22,39,2.8181818181818183,5,3.2,1.7777777777777777
16,30,1.875,3,3.2,1.7777777777777777
20,78,3.6,7,4.6875,4.411764705882353
19,70,3.263157894736842,7,3.764705882352941,4.0
21,87,3.5238095238095237,8,4.882352941176471,4.882352941176471
20,54,3.4,7,4.636363636363637,3.0
27,145,4.037037037037037,8,5.64,6.130434782608695
23,35,2.9565217391304346,5,4.142857142857143,1.5263157894736843
30,141,4.1,7,6.833333333333333,4.730769230769231
25,42,3.32,6,6.5,1.7727272727272727
28,76,3.25,5,5.916666666666667,2.84
24,79,3.2083333333333335,6,4.3125,3.45
24,41,3.375,6,6.333333333333333,1.8095238095238095
20,30,1.6,3,3.25,1.1818181818181819
29,58,2.689655172413793,5,6.0,2.16
17,30,1.588235294117647,3,2.5,2.142857142857143
23,40,3.3043478260869565,6,6.166666666666667,1.85
25,90,3.4,6,4.866666666666666,3.4761904761904763
25,91,4.2,8,4.0,3.238095238095238
27,51,3.074074074074074,6,3.9166666666666665,2.0434782608695654
24,39,3.0,6,3.1818181818181817,1.75
21,37,3.3333333333333335,6,5.666666666666667,1.8888888888888888
15,30,2.533333333333333,5,2.4285714285714284,1.7
27,82,3.3703703703703702,6,4.75,2.4782608695652173
21,31,1.2857142857142858,2,2.4,2.0
24,66,3.1666666666666665,5,4.769230769230769,2.9523809523809526
24,60,3.2916666666666665,5,5.090909090909091,2.6666666666666665
20,35,1.5,2,9.0,1.8
17,34,1.588235294117647,3,2.8333333333333335,1.8888888888888888
20,47,2.95,5,3.5,2.3333333333333335
31,191,4.451612903225806,8,7.913043478260869,6.7407407407407405
22,38,3.409090909090909,6,5.833333333333333,1.8421052631578947
25,86,3.4,6,4.733333333333333,3.380952380952381
27,68,3.259259259259259,5,5.7272727272727275,2.625
17,37,1.7647058823529411,3,5.2,2.888888888888889
21,33,2.7142857142857144,5,3.2222222222222223,1.7058823529411764
21,37,3.3333333333333335,6,5.666666666666667,1.8888888888888888
25,87,3.48,6,5.071428571428571,3.380952380952381
24,91,3.9583333333333335,8,4.0,3.6
24,47,2.8333333333333335,5,6.0,2.1
25,89,3.48,7,5.466666666666667,3.9047619047619047
21,37,3.3333333333333335,6,5.666666666666667,1.8888888888888888
24,81,3.375,6,4.857142857142857,3.4
24,80,4.166666666666667,8,3.5294117647058822,3.0
27,52,3.074074074074074,6,4.0,2.0869565217391304
20,39,3.3,5,4.625,2.0555555555555554
20,56,2.8,7,4.090909090909091,3.2142857142857144
27,71,3.037037037037037,5,5.583333333333333,2.7916666666666665
19,36,1.5789473684210527,4,2.4285714285714284,2.4285714285714284
18,33,1.5,3,2.5,2.142857142857143
27,97,4.0,7,5.5,3.347826086956522
21,37,3.3333333333333335,6,5.666666666666667,1.8888888888888888
19,35,1.4736842105263157,2,9.0,2.0
24,67,2.7916666666666665,5,5.25,3.0
24,76,3.125,6,4.533333333333333,3.238095238095238
23,38,2.8260869565217392,5,3.4,1.7894736842105263
22,38,3.409090909090909,6,5.833333333333333,1.8421052631578947
24,81,2.9166666666666665,5,4.0,3.2
25,47,2.92,6,3.5833333333333335,2.0476190476190474
21,37,3.3333333333333335,6,5.666666666666667,1.8888888888888888
24,88,3.375,6,4.733333333333333,3.55
23,85,4.0,8,3.9411764705882355,3.526315789473684
24,83,3.5416666666666665,7,4.222222222222222,3.619047619047619
23,39,3.3043478260869565,6,5.833333333333333,1.8421052631578947
25,92,2.92,5,4.352941176470588,3.5238095238095237
24,42,2.9166666666666665,6,3.1666666666666665,1.9
26,68,2.4615384615384617,5,4.0,2.75
21,34,2.7142857142857144,5,3.0,1.7647058823529411
23,67,4.0,7,4.923076923076923,3.2
26,97,3.5,6,4.944444444444445,3.869565217391304
28,88,3.5714285714285716,7,4.611111111111111,3.4583333333333335
16,25,1.5625,3,3.3333333333333335,1.4285714285714286
22,49,1.8181818181818181,3,4.5,2.076923076923077
27,94,3.5555555555555554,6,6.181818181818182,2.9565217391304346
23,39,3.3043478260869565,6,5.833333333333333,1.8421052631578947
25,57,3.12,5,4.333333333333333,2.3636363636363638
26,52,1.9230769230769231,4,5.2,2.0
22,52,1.8636363636363635,3,5.166666666666667,2.3846153846153846
23,39,3.3043478260869565,6,5.833333333333333,1.8421052631578947
15,34,3.533333333333333,6,3.142857142857143,1.8333333333333333
18,30,1.6111111111111112,3,5.333333333333333,1.6
27,67,3.1481481481481484,5,5.636363636363637,2.6956521739130435
19,28,1.3157894736842106,2,3.3333333333333335,1.6666666666666667
21,32,2.761904761904762,5,3.0,1.588235294117647
23,39,3.3043478260869565,6,5.833333333333333,1.8421052631578947
23,63,3.0,5,4.6,2.4210526315789473
26,46,2.769230769230769,4,6.0,1.9090909090909092
23,59,3.0869565217391304,5,3.6666666666666665,2.4444444444444446
23,39,3.3043478260869565,6,5.833333333333333,1.8421052631578947
24,81,2.875,5,4.266666666666667,3.2
25,45,2.96,6,3.3333333333333335,1.9047619047619047
26,79,3.4615384615384617,6,6.2727272727272725,3.1363636363636362
23,27,1.4782608695652173,3,5.0,1.25
21,24,1.4285714285714286,3,4.0,1.1428571428571428
17,51,3.1176470588235294,7,3.8333333333333335,3.2857142857142856
22,88,3.727272727272727,7,4.764705882352941,4.2631578947368425
21,67,2.3333333333333335,4,5.222222222222222,2.9375
23,103,3.6956521739130435,8,5.105263157894737,5.105263157894737
19,67,3.210526315789474,7,3.642857142857143,3.1875
20,49,2.65,5,4.75,2.375
20,48,2.95,5,4.888888888888889,2.588235294117647
24,115,3.7083333333333335,8,5.833333333333333,5.25
20,62,3.5,7,4.666666666666667,3.2941176470588234
26,179,3.8846153846153846,8,6.833333333333333,7.454545454545454
21,29,3.0476190476190474,5,4.333333333333333,1.4444444444444444
17,39,2.0588235294117645,5,3.7142857142857144,2.3636363636363638
25,45,2.72,4,5.857142857142857,1.9523809523809523
20,44,2.1,4,4.142857142857143,2.4166666666666665
17,47,3.2941176470588234,7,3.727272727272727,2.9285714285714284
28,70,3.142857142857143,5,6.5,2.7083333333333335
19,60,3.8421052631578947,8,4.333333333333333,3.25
25,107,3.32,6,4.944444444444445,4.238095238095238
23,39,3.0434782608695654,6,3.090909090909091,1.7894736842105263
19,36,1.7894736842105263,4,2.111111111111111,2.375
22,43,1.8181818181818181,3,5.25,1.9090909090909092
22,76,3.1818181818181817,6,3.7777777777777777,3.7777777777777777
30,112,4.233333333333333,7,6.833333333333333,3.1538461538461537
24,44,3.2916666666666665,6,5.428571428571429,1.9
18,50,2.2777777777777777,5,3.5,2.6923076923076925
24,83,3.5416666666666665,6,3.9411764705882355,3.35
29,129,3.6206896551724137,7,6.1,4.88
26,107,3.6923076923076925,7,4.142857142857143,3.9545454545454546
23,77,3.4782608695652173,6,5.0,3.6842105263157894
22,59,2.6363636363636362,5,4.230769230769231,3.0555555555555554
23,68,3.0434782608695654,5,4.636363636363637,2.6842105263157894
24,44,2.5833333333333335,4,4.8,1.411764705882353
25,82,3.28,5,4.4375,3.380952380952381
23,82,4.130434782608695,8,3.5555555555555554,3.3684210526315788
24,45,3.0,6,3.4545454545454546,1.9
25,65,2.48,5,4.777777777777778,2.6875
23,49,3.0434782608695654,6,4.181818181818182,2.3
22,39,3.3636363636363638,6,5.142857142857143,1.894736842105263
21,33,1.6666666666666667,3,4.0,1.4545454545454546
28,75,3.0714285714285716,5,6.0,2.88
17,34,1.7647058823529411,3,2.7142857142857144,2.111111111111111
13,22,1.6923076923076923,4,2.75,2.2
26,75,3.1923076923076925,5,4.6923076923076925,2.9047619047619047
22,43,3.1363636363636362,5,5.0,2.1052631578947367
24,78,3.6666666666666665,6,5.357142857142857,3.5714285714285716
25,58,2.12,4,4.5,2.5714285714285716
22,52,2.227272727272727,4,4.714285714285714,2.2
25,42,3.32,6,6.5,1.7727272727272727
17,35,1.8235294117647058,4,3.125,2.5
24,76,3.4583333333333335,6,3.3529411764705883,2.85
27,55,2.7777777777777777,4,6.375,2.217391304347826
13,21,1.6923076923076923,4,2.5,2.0
19,29,1.5263157894736843,2,7.0,1.4
24,39,2.875,5,3.5,1.75
17,28,1.6470588235294117,3,2.6,1.625
25,48,2.76,4,7.333333333333333,2.0952380952380953
24,40,3.3333333333333335,6,6.166666666666667,1.7619047619047619
25,89,3.44,6,4.8,3.4285714285714284
23,70,3.9565217391304346,8,3.4285714285714284,2.526315789473684
27,51,3.111111111111111,6,4.2727272727272725,2.0434782608695654
23,39,3.391304347826087,6,6.0,1.8
19,30,1.5789473684210527,3,5.333333333333333,1.6
23,48,1.608695652173913,3,2.3333333333333335,2.5454545454545454
27,79,3.074074074074074,5,6.25,3.125
24,69,3.125,5,4.7,2.35
22,34,2.8181818181818183,5,3.3333333333333335,1.6666666666666667
21,37,3.3333333333333335,6,5.666666666666667,1.8888888888888888
26,71,2.230769230769231,4,3.25,2.736842105263158
28,114,3.1785714285714284,6,5.631578947368421,4.458333333333333
17,33,1.6470588235294117,3,4.2,2.3333333333333335
22,34,2.772727272727273,5,3.0,1.6666666666666667
29,96,3.5517241379310347,6,6.636363636363637,2.92
22,38,3.409090909090909,6,5.833333333333333,1.8421052631578947
21,65,4.095238095238095,8,4.3076923076923075,3.111111111111111
28,52,2.9642857142857144,6,3.6923076923076925,2.0
25,71,3.04,5,5.153846153846154,3.0454545454545454
22,55,2.1818181818181817,4,4.714285714285714,2.5384615384615383
19,31,1.4736842105263157,2,7.5,1.6666666666666667
22,38,3.409090909090909,6,5.833333333333333,1.8421052631578947
15,33,3.1333333333333333,5,2.857142857142857,1.8181818181818181
25,45,2.72,4,5.125,1.9523809523809523
22,38,3.409090909090909,6,5.833333333333333,1.8421052631578947
23,69,3.0869565217391304,6,3.533333333333333,2.9444444444444446
27,46,2.888888888888889,5,4.2,1.826086956521739
19,30,1.5263157894736843,2,7.5,1.5
27,92,3.259259259259259,6,5.0,3.6956521739130435
24,66,3.4166666666666665,6,3.5714285714285716,2.5
21,33,2.761904761904762,5,2.9,1.7058823529411764
19,39,2.0,4,3.3333333333333335,1.6666666666666667
20,36,3.3,5,4.25,1.8888888888888888
27,120,3.8518518518518516,7,5.0,4.130434782608695
26,66,2.576923076923077,5,5.0,2.3529411764705883
23,39,3.391304347826087,6,6.0,1.8
26,75,2.5,5,3.4375,2.8947368421052633
28,82,3.4285714285714284,6,5.5,3.2083333333333335
19,32,1.5263157894736843,2,8.0,1.6
23,53,2.1739130434782608,4,5.0,2.142857142857143
24,68,3.0416666666666665,5,5.25,3.15
22,58,3.0454545454545454,5,3.8181818181818183,2.4705882352941178
21,68,3.2857142857142856,6,3.8125,3.388888888888889
27,88,3.5555555555555554,6,5.7272727272727275,2.739130434782609
23,39,3.3043478260869565,6,5.833333333333333,1.8421052631578947
26,58,3.1153846153846154,5,5.3,2.3043478260869565
26,55,1.9230769230769231,4,4.833333333333333,2.230769230769231
22,46,1.8181818181818181,3,5.2,2.0
23,39,3.3043478260869565,6,5.833333333333333,1.8421052631578947
19,28,1.631578947368421,2,6.0,1.0
26,68,3.0,6,4.0,2.909090909090909
18,29,1.7222222222222223,3,3.25,1.4444444444444444
23,39,3.3043478260869565,6,5.833333333333333,1.8421052631578947
24,82,3.375,6,4.4,3.3
25,89,4.12,8,3.611111111111111,3.0952380952380953
26,51,3.076923076923077,6,3.8333333333333335,2.090909090909091
23,39,3.3043478260869565,6,5.833333333333333,1.8421052631578947
26,65,2.4615384615384617,5,3.5,2.210526315789474
27,77,2.925925925925926,5,5.538461538461538,3.130434782608696
20,45,2.05,4,5.142857142857143,2.5714285714285716
22,37,2.9545454545454546,6,3.2,1.7777777777777777
16,26,1.8125,3,4.0,1.3333333333333333
23,69,3.260869565217391,6,4.266666666666667,3.3684210526315788
18,31,1.5,3,2.8,2.0
22,38,3.227272727272727,6,5.666666666666667,1.8888888888888888
26,57,3.0384615384615383,5,6.5,2.3636363636363638
18,28,1.5,3,3.0,1.7142857142857142
26,73,3.269230769230769,6,3.466666666666667,2.4761904761904763
13,17,1.3846153846153846,3,2.0,1.5
22,32,2.9545454545454546,5,4.666666666666667,1.5555555555555556
25,84,3.64,7,5.266666666666667,3.761904761904762
28,111,3.357142857142857,6,6.176470588235294,4.375
26,71,2.3461538461538463,4,5.333333333333333,3.0
20,56,2.95,6,2.923076923076923,2.533333333333333
24,43,2.6666666666666665,4,4.875,1.95
23,86,3.391304347826087,7,5.266666666666667,4.157894736842105
21,56,2.9523809523809526,5,3.8181818181818183,2.625
23,38,3.3043478260869565,6,5.666666666666667,1.7894736842105263
24,52,3.0,5,5.111111111111111,2.3
25,42,3.24,6,6.333333333333333,1.8095238095238095
20,35,1.7,3,4.0,1.6666666666666667
26,60,3.0384615384615383,5,5.5,2.5
19,33,1.4736842105263157,3,2.2857142857142856,2.2857142857142856
23,66,3.260869565217391,6,4.357142857142857,3.210526315789474
19,31,1.3157894736842106,2,3.5,2.3333333333333335
18,32,1.5,3,2.6666666666666665,2.2857142857142856
20,41,2.9,6,3.090909090909091,2.125
18,38,1.7777777777777777,4,2.2,2.4444444444444446
29,110,3.6551724137931036,6,6.833333333333333,3.28
23,38,3.260869565217391,6,5.666666666666667,1.7894736842105263
24,90,3.5,6,4.6875,3.75
22,77,4.0,8,3.4705882352941178,3.2777777777777777
23,47,2.782608695652174,5,5.125,2.1578947368421053
12,20,1.75,4,2.75,2.2
21,34,2.9047619047619047,6,2.9,1.7058823529411764
23,38,3.260869565217391,6,5.666666666666667,1.7894736842105263
21,62,3.9523809523809526,8,4.0,3.111111111111111
24,44,2.9166666666666665,6,3.5454545454545454,1.95
24,75,3.4166666666666665,6,5.3076923076923075,3.45
23,59,2.1739130434782608,4,5.142857142857143,2.769230769230769
20,39,1.6,3,5.5,2.0
21,37,3.380952380952381,6,4.714285714285714,1.9411764705882353
26,62,3.0384615384615383,5,6.222222222222222,2.5454545454545454
19,47,2.1578947368421053,4,3.3333333333333335,2.727272727272727
19,48,2.1578947368421053,4,3.1,2.8181818181818183
21,40,3.380952380952381,6,4.714285714285714,1.9411764705882353
24,86,3.25,6,4.0588235294117645,3.45
26,82,3.576923076923077,6,4.388888888888889,3.4347826086956523
29,140,4.310344827586207,8,5.545454545454546,4.88
27,52,2.888888888888889,4,6.125,2.0416666666666665
20,61,3.25,7,4.3076923076923075,3.2941176470588234
23,55,2.9130434782608696,5,5.571428571428571,2.0526315789473686
23,32,1.8695652173913044,3,5.666666666666667,1.3076923076923077
19,49,2.9473684210526314,6,3.5384615384615383,2.875
26,126,4.1923076923076925,8,6.0,5.454545454545454
20,73,3.2,7,3.7777777777777777,4.0
20,42,2.45,4,4.714285714285714,2.2
16,38,2.625,6,3.5,2.6923076923076925
20,67,3.15,7,4.266666666666667,3.764705882352941
28,162,4.071428571428571,8,6.038461538461538,6.541666666666667
21,43,3.238095238095238,5,4.75,2.0
26,107,3.923076923076923,7,5.2,4.521739130434782
23,78,3.130434782608696,6,4.25,3.5789473684210527
24,42,3.25,6,6.5,1.8571428571428572
27,117,3.888888888888889,7,5.833333333333333,4.565217391304348
24,42,3.4166666666666665,6,6.5,1.8571428571428572
24,75,3.0833333333333335,5,4.857142857142857,3.238095238095238
22,47,2.5454545454545454,5,4.777777777777778,2.388888888888889
21,72,2.8095238095238093,6,4.333333333333333,3.823529411764706
17,28,1.6470588235294117,3,2.6,1.625
22,38,3.3181818181818183,6,5.833333333333333,1.8421052631578947
19,57,3.473684210526316,7,4.166666666666667,3.125
27,75,3.0,5,5.833333333333333,2.9166666666666665
18,29,1.5,3,2.6,1.8571428571428572
21,50,1.8571428571428572,3,4.428571428571429,2.3846153846153846
23,61,3.391304347826087,7,5.6,2.8
22,38,2.8181818181818183,5,6.5,1.625
27,120,3.814814814814815,7,5.25,4.565217391304348
24,43,3.4166666666666665,6,6.5,1.8571428571428572
25,90,2.88,5,4.294117647058823,3.4761904761904763
26,47,2.9615384615384617,6,3.5833333333333335,1.9545454545454546
23,70,3.5652173913043477,6,5.0,3.25
22,55,2.227272727272727,4,4.714285714285714,2.5384615384615383
22,38,3.409090909090909,6,5.833333333333333,1.8421052631578947
24,83,3.375,6,4.6,3.45
25,44,2.72,4,5.714285714285714,1.9047619047619047
22,38,3.409090909090909,6,5.833333333333333,1.8421052631578947
15,32,3.1333333333333333,5,2.7142857142857144,1.7272727272727273
26,84,3.6538461538461537,7,3.2777777777777777,2.8095238095238093
27,76,2.888888888888889,5,4.733333333333333,3.0869565217391304
16,22,1.4375,2,4.0,1.1428571428571428
23,56,2.5652173913043477,5,4.0,2.6666666666666665
22,38,3.409090909090909,6,5.833333333333333,1.8421052631578947
24,82,2.9166666666666665,5,4.0625,3.25
23,80,3.391304347826087,6,4.294117647058823,3.65
22,38,3.409090909090909,6,5.833333333333333,1.8421052631578947
19,55,3.4210526315789473,7,4.363636363636363,3.0
28,114,3.5357142857142856,7,5.631578947368421,4.458333333333333
13,20,1.6923076923076923,4,2.25,1.8
21,50,2.4285714285714284,5,2.9,2.230769230769231
28,102,3.4642857142857144,6,7.7,3.2083333333333335
21,29,3.0476190476190474,5,4.333333333333333,1.4444444444444444
25,88,3.64,6,4.666666666666667,3.8181818181818183
25,54,1.96,4,4.833333333333333,2.230769230769231
23,58,1.9565217391304348,3,5.428571428571429,2.533333333333333
23,39,3.3043478260869565,6,5.833333333333333,1.8421052631578947
24,82,3.375,6,4.928571428571429,3.45
24,87,4.166666666666667,8,3.888888888888889,3.5
28,52,3.0714285714285716,6,3.6923076923076925,2.0
25,57,2.04,4,5.333333333333333,2.2857142857142856
20,35,3.35,6,5.333333333333333,1.8823529411764706
19,31,1.5789473684210527,3,5.333333333333333,1.6
28,111,3.107142857142857,6,5.473684210526316,4.333333333333333
19,29,1.368421052631579,3,2.2,1.8333333333333333
13,19,1.6923076923076923,4,2.0,1.6
25,89,3.28,6,5.125,3.9047619047619047
22,35,2.8181818181818183,5,3.3333333333333335,1.6666666666666667
23,39,3.3043478260869565,6,5.833333333333333,1.8421052631578947
24,83,2.9166666666666665,5,4.125,3.3
24,44,2.9166666666666665,6,3.0,1.95
22,38,3.227272727272727,6,5.666666666666667,1.8888888888888888
25,55,3.04,5,5.555555555555555,2.380952380952381
14,21,1.6428571428571428,4,2.25,1.8
23,39,3.3043478260869565,6,5.833333333333333,1.8421052631578947
23,73,3.0869565217391304,5,4.4,3.3
26,51,3.0,6,5.875,2.1363636363636362
22,80,3.1363636363636362,6,5.214285714285714,4.055555555555555
23,39,3.3043478260869565,6,5.833333333333333,1.8421052631578947
25,63,2.24,4,3.0,2.5
21,47,2.4285714285714284,5,2.8181818181818183,2.2142857142857144
25,64,3.08,5,4.916666666666667,2.8095238095238093
29,102,3.1724137931034484,6,4.866666666666666,3.1739130434782608
23,39,3.3043478260869565,6,5.833333333333333,1.8421052631578947
23,71,3.130434782608696,5,4.923076923076923,3.2
25,49,2.92,6,6.285714285714286,2.0952380952380953
22,77,3.1363636363636362,6,5.0,3.888888888888889
18,29,1.7222222222222223,3,3.25,1.4444444444444444
23,40,3.3043478260869565,6,5.833333333333333,1.8421052631578947
19,58,3.8421052631578947,8,4.25,3.1875
27,46,2.814814814814815,4,7.0,1.826086956521739
28,105,3.7142857142857144,7,4.588235294117647,3.25
25,75,3.36,6,4.461538461538462,2.761904761904762
21,26,1.5238095238095237,3,5.0,1.25
24,90,2.9583333333333335,6,4.5,3.4285714285714284
22,45,2.590909090909091,5,4.555555555555555,2.2777777777777777
21,70,3.0952380952380953,6,4.846153846153846,3.7058823529411766
24,45,2.875,5,3.875,1.55
28,77,3.3214285714285716,6,5.538461538461538,3.0
18,34,1.9444444444444444,4,2.5714285714285716,2.0
24,43,3.0416666666666665,6,3.4545454545454546,1.9
22,39,2.909090909090909,5,4.428571428571429,1.7222222222222223
27,115,3.740740740740741,7,5.0,4.565217391304348
27,51,2.888888888888889,5,3.8333333333333335,2.0
19,38,1.5789473684210527,4,3.5,2.625
22,43,1.8181818181818181,3,5.25,1.9090909090909092
24,43,2.7083333333333335,4,6.5,1.95
22,64,3.3181818181818183,6,4.166666666666667,2.7777777777777777
21,35,2.8095238095238093,5,3.0,1.7647058823529411
23,39,3.3043478260869565,6,5.666666666666667,1.7894736842105263
25,56,3.04,5,5.666666666666667,2.4285714285714284
18,39,1.8888888888888888,4,3.8333333333333335,2.5555555555555554
19,44,2.1052631578947367,4,3.375,2.4545454545454546
26,90,3.4615384615384617,6,5.066666666666666,3.4545454545454546
20,25,1.45,3,2.6666666666666665,1.3333333333333333
21,24,1.380952380952381,3,3.5,1.0
17,38,2.0588235294117645,4,3.0,2.5
21,64,3.142857142857143,6,4.2727272727272725,2.611111111111111
26,130,4.038461538461538,8,5.363636363636363,5.363636363636363
21,79,2.857142857142857,6,3.933333333333333,3.4705882352941178
23,115,3.652173913043478,7,5.631578947368421,5.631578947368421
16,40,2.625,6,3.0833333333333335,2.8461538461538463
18,60,3.5555555555555554,8,4.3076923076923075,3.7333333333333334
25,144,3.96,8,6.090909090909091,6.380952380952381
22,87,3.409090909090909,7,5.0625,4.5
25,161,3.84,8,6.304347826086956,6.904761904761905
20,72,3.1,6,4.125,3.8823529411764706
24,61,2.7916666666666665,5,3.625,2.761904761904762
22,79,2.8636363636363638,6,4.0,4.0
17,33,1.8235294117647058,3,3.0,2.0
24,39,3.3333333333333335,6,6.0,1.7142857142857142
15,30,2.6666666666666665,5,2.5714285714285716,1.6363636363636365
23,83,4.217391304347826,8,3.588235294117647,3.210526315789474
26,69,2.9615384615384617,5,5.5,2.869565217391304
18,32,1.7777777777777777,4,3.8,1.7272727272727273
13,22,1.6923076923076923,4,2.2,2.2
24,41,3.375,6,6.333333333333333,1.8095238095238095
27,64,3.1481481481481484,5,6.0,2.5
17,29,1.4705882352941178,3,2.3333333333333335,2.3333333333333335
24,40,3.0416666666666665,6,3.6,1.8
24,41,3.375,6,6.333333333333333,1.8095238095238095
14,25,2.357142857142857,5,2.3333333333333335,1.5555555555555556
27,91,3.4074074074074074,6,4.6,3.0
26,69,3.230769230769231,5,5.909090909090909,2.8260869565217392
22,69,3.272727272727273,6,4.0,3.3684210526315788
23,73,3.260869565217391,7,5.636363636363637,3.6470588235294117
22,47,2.0,4,4.0,2.0
24,41,3.375,6,6.333333333333333,1.8095238095238095
27,66,3.1481481481481484,5,6.1,2.5416666666666665
27,80,3.4444444444444446,6,4.0,2.782608695652174
23,40,3.391304347826087,6,6.166666666666667,1.85
19,53,2.6842105263157894,5,4.0,3.0
27,48,2.888888888888889,5,4.0,1.9130434782608696
25,64,2.44,5,3.9,2.4375
24,71,3.125,5,5.583333333333333,3.1904761904761907
22,43,1.9090909090909092,3,5.25,1.75
22,38,2.8181818181818183,5,3.090909090909091,1.8888888888888888
27,102,4.111111111111111,8,5.375,3.739130434782609
22,38,3.409090909090909,6,5.833333333333333,1.8421052631578947
25,58,3.08,5,5.3,2.409090909090909
26,55,1.9230769230769231,4,4.833333333333333,2.230769230769231
23,52,2.1739130434782608,4,4.0,2.0
23,40,3.391304347826087,6,6.166666666666667,1.85
25,88,3.4,6,4.933333333333334,3.5238095238095237
24,79,3.6666666666666665,8,3.8,3.0
25,40,2.84,5,3.6,1.7142857142857142
22,38,3.409090909090909,6,5.833333333333333,1.8421052631578947
27,76,2.3333333333333335,4,3.6,2.7
29,124,3.6206896551724137,7,5.9,4.72
17,36,1.8235294117647058,3,4.166666666666667,2.5
22,35,2.772727272727273,5,3.1,1.7222222222222223
29,109,4.137931034482759,7,7.0,3.36
23,33,2.9130434782608696,5,3.625,1.5263157894736843
19,33,1.7894736842105263,4,4.2,1.9090909090909092
28,59,2.75,6,6.111111111111111,2.2916666666666665
17,28,1.6470588235294117,3,3.25,1.625
22,38,3.409090909090909,6,5.833333333333333,1.8421052631578947
20,32,1.55,3,5.333333333333333,1.6
21,51,2.8095238095238093,6,2.6923076923076925,2.3333333333333335
25,72,2.88,5,5.666666666666667,3.090909090909091
23,70,3.0434782608695654,6,4.428571428571429,3.1
22,64,3.272727272727273,5,4.214285714285714,3.1052631578947367
21,54,2.8095238095238093,5,3.5454545454545454,2.4375
21,34,2.9047619047619047,6,3.0,1.7647058823529411
23,39,3.3043478260869565,6,5.833333333333333,1.8421052631578947
19,56,3.6315789473684212,7,3.7142857142857144,3.25
28,108,3.3214285714285716,7,5.611111111111111,4.208333333333333
23,62,3.130434782608696,5,4.071428571428571,3.0
18,26,1.3888888888888888,3,2.5,1.6666666666666667
18,27,1.3888888888888888,3,2.5,1.6666666666666667
21,33,2.761904761904762,5,2.9,1.7058823529411764
19,32,1.3157894736842106,2,3.25,2.1666666666666665
20,35,3.35,6,5.333333333333333,1.8823529411764706
28,99,4.107142857142857,8,6.266666666666667,3.9166666666666665
27,88,3.3703703703703702,5,4.2,2.739130434782609
28,115,3.75,7,4.7368421052631575,3.75
28,88,2.892857142857143,5,4.882352941176471,3.4583333333333335
19,48,2.3157894736842106,4,5.571428571428571,2.7857142857142856
25,68,2.8,5,4.6,2.5555555555555554
23,39,3.3043478260869565,6,5.833333333333333,1.8421052631578947
23,73,3.0869565217391304,5,4.642857142857143,3.25
25,51,2.92,6,5.111111111111111,2.1904761904761907
22,75,3.0454545454545454,6,4.785714285714286,3.7222222222222223
17,28,1.7647058823529411,3,4.0,1.3333333333333333
23,39,3.3043478260869565,6,5.833333333333333,1.8421052631578947
26,84,2.6153846153846154,5,3.5555555555555554,3.0476190476190474
29,109,3.4482758620689653,7,5.368421052631579,4.08
17,33,1.6470588235294117,3,4.4,2.4444444444444446
21,36,2.761904761904762,5,3.1,1.8235294117647058
22,38,3.227272727272727,6,5.666666666666667,1.8888888888888888
25,54,3.04,5,5.444444444444445,2.3333333333333335
25,53,1.96,4,5.6,2.1538461538461537
22,47,1.8181818181818181,3,5.4,2.076923076923077
23,39,3.3043478260869565,6,5.833333333333333,1.8421052631578947
23,79,4.086956521739131,8,3.4210526315789473,3.4210526315789473
27,80,2.925925925925926,5,5.0,3.260869565217391
25,78,2.92,5,4.230769230769231,2.8947368421052633
26,80,3.423076923076923,6,4.909090909090909,2.4545454545454546
21,30,3.0476190476190474,5,3.857142857142857,1.5
20,62,3.35,6,4.461538461538462,3.411764705882353
28,81,3.5,7,5.428571428571429,3.1666666666666665
25,68,3.04,5,4.818181818181818,2.65
19,55,3.0526315789473686,6,3.0,2.6
23,39,3.3043478260869565,6,5.833333333333333,1.8421052631578947
19,29,1.5789473684210527,3,5.0,1.5
28,122,3.4642857142857144,7,6.388888888888889,4.791666666666667
20,59,3.0,6,4.166666666666667,3.125
19,33,1.5263157894736843,4,2.6666666666666665,2.2857142857142856
23,71,3.5652173913043477,6,5.0,3.4210526315789473
13,21,1.6923076923076923,4,2.0,2.0
18,43,2.1666666666666665,4,3.125,2.272727272727273
27,119,4.037037037037037,8,5.2631578947368425,4.3478260869565215
20,36,1.8,3,3.8,1.7272727272727273
23,38,3.3043478260869565,6,5.666666666666667,1.7894736842105263
26,59,3.0384615384615383,5,6.0,2.4545454545454546
25,56,1.96,4,5.166666666666667,2.3846153846153846
22,52,1.9090909090909092,3,5.333333333333333,2.2857142857142856
24,40,3.2916666666666665,6,6.0,1.8
20,33,1.55,3,5.666666666666667,1.7
23,74,3.391304347826087,6,3.411764705882353,3.0526315789473686
24,41,2.75,4,6.166666666666667,1.85
23,45,1.8695652173913044,3,5.75,1.9166666666666667
19,39,1.8421052631578947,4,2.75,2.4444444444444446
24,77,3.3333333333333335,6,4.733333333333333,3.55
23,67,3.0869565217391304,5,5.083333333333333,3.210526315789474
22,67,3.409090909090909,7,3.642857142857143,2.8333333333333335
27,121,3.925925925925926,7,5.823529411764706,4.304347826086956
20,36,1.9,3,4.0,1.6666666666666667
23,41,3.3043478260869565,6,5.142857142857143,1.894736842105263
26,88,3.230769230769231,6,5.857142857142857,3.727272727272727
27,88,3.4444444444444446,6,3.9411764705882355,2.9130434782608696
21,36,3.380952380952381,6,4.571428571428571,1.8823529411764706
26,55,2.576923076923077,4,5.555555555555555,2.272727272727273
20,40,1.85,4,6.25,2.0833333333333335
23,57,2.608695652173913,4,4.153846153846154,2.7
22,50,2.6818181818181817,5,3.9166666666666665,2.473684210526316
17,33,1.8235294117647058,3,3.0,2.0
32,185,4.4375,8,7.458333333333333,6.392857142857143
20,37,3.25,5,5.0,1.9444444444444444
27,110,3.925925925925926,7,5.631578947368421,4.458333333333333
25,56,2.08,4,4.375,2.5
21,43,2.0476190476190474,3,5.2,1.8571428571428572
27,96,3.5555555555555554,6,7.0,3.652173913043478
23,39,3.260869565217391,6,6.0,1.8
26,91,3.3076923076923075,5,4.705882352941177,3.6363636363636362
27,53,2.6296296296296298,5,5.444444444444445,2.130434782608696
23,40,3.3043478260869565,6,6.166666666666667,1.85
20,58,3.1,7,4.0,3.0
26,47,2.923076923076923,6,3.5833333333333335,1.9545454545454546
24,41,3.375,6,6.333333333333333,1.8095238095238095
23,62,2.869565217391304,5,3.75,2.3684210526315788
28,55,2.607142857142857,4,6.375,2.125
24,69,3.0833333333333335,5,4.583333333333333,2.8947368421052633
21,41,2.9047619047619047,5,4.222222222222222,2.111111111111111
20,39,1.9,3,4.4,1.8333333333333333
23,40,3.391304347826087,6,6.166666666666667,1.85
18,28,1.6666666666666667,3,3.25,1.1818181818181819
27,51,2.740740740740741,4,5.875,2.0434782608695654
18,31,1.7222222222222223,3,3.0,1.6666666666666667
22,38,3.409090909090909,6,5.833333333333333,1.8421052631578947
25,58,3.12,5,5.3,2.409090909090909
24,41,3.375,6,6.333333333333333,1.8095238095238095
25,92,2.88,5,4.75,3.619047619047619
27,45,3.074074074074074,6,3.4166666666666665,1.7826086956521738
18,27,1.2777777777777777,2,2.75,2.2
18,27,1.2777777777777777,2,2.75,2.2
22,74,3.3636363636363638,6,3.7222222222222223,3.526315789473684
22,38,3.409090909090909,6,5.833333333333333,1.8421052631578947
24,81,2.9166666666666665,5,4.0,3.2
25,70,3.24,5,5.0,2.9545454545454546
22,49,1.9090909090909092,4,4.5,2.4545454545454546
27,87,3.5555555555555554,6,5.153846153846154,2.9130434782608696
22,32,3.0454545454545454,5,4.142857142857143,1.5263157894736843
20,54,3.0,6,3.8461538461538463,2.9411764705882355
27,52,3.074074074074074,6,4.0,2.0869565217391304
26,97,3.9615384615384617,8,5.6,3.8181818181818183
18,35,1.7222222222222223,4,3.0,2.25
19,39,1.5263157894736843,3,2.5,2.5
22,38,3.409090909090909,6,5.833333333333333,1.8421052631578947
27,108,3.7037037037037037,7,4.526315789473684,3.739130434782609
26,49,2.6923076923076925,4,5.625,2.0454545454545454
25,49,2.72,4,5.625,2.142857142857143
22,37,3.409090909090909,6,5.666666666666667,1.7894736842105263
26,59,3.1153846153846154,5,5.4,2.347826086956522
23,40,3.391304347826087,6,6.166666666666667,1.85
24,86,3.4166666666666665,6,4.733333333333333,3.55
23,77,3.9565217391304346,8,3.5625,3.0
23,42,2.739130434782609,5,6.333333333333333,2.0
24,82,3.5,7,5.357142857142857,3.75
13,19,1.6923076923076923,4,2.0,1.6
23,65,3.4347826086956523,6,4.285714285714286,3.1578947368421053
22,50,2.1363636363636362,4,4.666666666666667,2.3333333333333335
19,39,2.0,4,2.875,1.7692307692307692
27,98,3.5555555555555554,6,5.0,3.260869565217391
22,38,3.409090909090909,6,5.833333333333333,1.8421052631578947
28,89,3.9285714285714284,7,5.6,3.5
18,31,1.7222222222222223,3,5.666666666666667,1.5454545454545454
23,39,2.652173913043478,4,5.833333333333333,1.8421052631578947
23,68,2.9130434782608696,5,4.5,3.3157894736842106
22,56,2.3181818181818183,5,4.25,2.6153846153846154
22,58,3.3636363636363638,6,3.6923076923076925,2.6666666666666665
21,37,3.3333333333333335,6,5.666666666666667,1.8888888888888888
24,81,3.2916666666666665,5,4.333333333333333,3.25
24,73,3.375,7,3.3333333333333335,2.7777777777777777
25,42,2.84,5,3.4545454545454546,1.8095238095238095
24,40,3.25,6,6.0,1.8
27,69,2.4074074074074074,5,3.0714285714285716,2.263157894736842
25,61,3.24,5,4.666666666666667,2.5454545454545454
21,70,3.2857142857142856,6,3.7058823529411766,3.5
24,40,3.25,6,6.0,1.8
26,51,2.576923076923077,4,5.875,2.1363636363636362
16,22,1.4375,2,4.0,1.1428571428571428
23,39,3.3043478260869565,6,5.833333333333333,1.8421052631578947
25,88,3.12,6,4.176470588235294,3.380952380952381
26,70,3.1538461538461537,5,5.416666666666667,2.9545454545454546
18,26,1.3888888888888888,3,2.5,1.6666666666666667
17,23,1.2941176470588236,2,4.0,1.6
22,63,2.8636363636363638,5,4.142857142857143,3.2222222222222223
24,75,3.5,6,4.928571428571429,3.45
20,32,1.5,2,7.0,1.4
20,42,2.9,6,3.272727272727273,2.25
26,86,3.576923076923077,6,5.333333333333333,2.909090909090909
21,29,3.0476190476190474,5,4.333333333333333,1.4444444444444444
25,92,3.76,7,5.117647058823529,3.9545454545454546
26,78,3.230769230769231,6,5.214285714285714,3.3181818181818183
17,36,2.0,4,3.25,2.3636363636363638
21,34,2.9047619047619047,6,2.9,1.7058823529411764
23,39,3.3043478260869565,6,5.833333333333333,1.8421052631578947
18,29,1.7777777777777777,4,3.0,1.3636363636363635
26,41,2.8461538461538463,4,4.625,1.6818181818181819
25,77,3.68,7,4.235294117647059,3.4285714285714284
12,21,2.0,4,2.75,1.8333333333333333
21,62,3.2857142857142856,6,4.0,2.823529411764706
12,17,1.6666666666666667,4,1.75,1.4
28,99,4.142857142857143,7,6.083333333333333,3.0416666666666665
24,41,3.2916666666666665,6,6.166666666666667,1.85
26,95,3.1923076923076925,6,6.0,4.090909090909091
25,55,2.12,4,4.285714285714286,2.142857142857143
25,87,3.52,7,4.647058823529412,3.590909090909091
24,71,3.125,6,4.714285714285714,3.3
22,60,3.0454545454545454,5,3.8333333333333335,2.7058823529411766
20,41,2.9,6,3.090909090909091,2.125
23,39,3.3043478260869565,6,5.833333333333333,1.8421052631578947
19,37,2.1052631578947367,4,2.857142857142857,1.3333333333333333
22,62,3.409090909090909,6,2.75,2.4444444444444446
28,88,3.0,5,6.230769230769231,3.375
21,35,2.9047619047619047,6,3.0,1.7647058823529411
22,59,2.409090909090909,5,4.75,2.7142857142857144
20,42,2.1,4,3.857142857142857,2.076923076923077
13,19,1.6923076923076923,4,2.0,1.6
29,110,4.275862068965517,7,6.916666666666667,3.32
23,39,3.3043478260869565,6,5.833333333333333,1.8421052631578947
26,63,3.0384615384615383,5,5.2727272727272725,2.6363636363636362
27,62,2.037037037037037,4,5.0,2.5
22,57,2.272727272727273,4,4.75,2.7142857142857144
23,40,3.3043478260869565,6,5.0,1.8421052631578947
20,40,1.8,3,3.8333333333333335,1.9166666666666667
22,81,3.590909090909091,6,3.823529411764706,3.4210526315789473
24,45,2.75,4,5.857142857142857,2.05
23,47,1.8695652173913044,3,6.25,2.0833333333333335
19,49,2.1578947368421053,4,3.2,2.909090909090909
24,72,3.3333333333333335,6,4.266666666666667,3.2
24,77,3.0416666666666665,6,4.111111111111111,3.5238095238095237
22,42,3.409090909090909,6,4.875,2.0526315789473686
26,90,2.6153846153846154,5,3.9473684210526314,3.409090909090909
27,68,3.259259259259259,5,6.5,2.7083333333333335
28,97,3.107142857142857,6,4.842105263157895,3.68
19,33,1.5263157894736843,2,6.0,1.8
20,49,2.5,5,2.9,2.230769230769231
24,65,3.375,6,4.153846153846154,2.7
24,41,2.875,5,3.7,1.85
17,30,1.6470588235294117,3,3.0,1.875
23,40,3.3043478260869565,6,6.166666666666667,1.85
26,99,3.6923076923076925,7,5.0625,3.6818181818181817
28,81,2.9285714285714284,5,4.875,3.12
24,66,2.4583333333333335,4,5.222222222222222,2.9375
20,54,2.6,5,2.6153846153846154,2.4285714285714284
24,40,3.375,6,6.166666666666667,1.7619047619047619
19,36,1.736842105263158,3,2.8333333333333335,1.7
27,52,2.5925925925925926,4,6.857142857142857,2.0869565217391304
24,59,2.375,5,4.111111111111111,2.466666666666667
13,21,1.6923076923076923,4,2.5,2.0
23,37,2.8260869565217392,5,3.3,1.736842105263158
23,65,2.782608695652174,5,3.8333333333333335,2.7058823529411766
23,59,3.347826086956522,6,3.5714285714285716,2.6315789473684212
27,86,3.4814814814814814,6,6.153846153846154,3.4782608695652173
23,38,1.7391304347826086,3,5.25,1.9090909090909092
23,29,1.608695652173913,3,6.5,1.3
26,101,4.0,8,5.333333333333333,4.363636363636363
23,78,2.391304347826087,5,3.9285714285714284,3.0555555555555554
21,72,3.619047619047619,8,4.25,3.7777777777777777
20,54,2.95,6,4.555555555555555,2.411764705882353
24,104,3.7083333333333335,8,5.2105263157894735,4.95
20,58,3.5,7,4.909090909090909,3.176470588235294
27,162,4.0,8,6.24,6.782608695652174
23,31,2.9130434782608696,5,4.5,1.4210526315789473
29,134,4.0344827586206895,7,5.6,4.48
26,44,3.3076923076923075,6,6.833333333333333,1.7826086956521738
25,87,3.32,5,4.6875,3.5714285714285716
23,75,4.043478260869565,8,3.388888888888889,3.210526315789474
25,77,3.52,7,5.142857142857143,3.272727272727273
23,53,2.130434782608696,4,4.571428571428571,2.4615384615384617
17,37,2.5294117647058822,6,2.8,2.1538461538461537
21,37,3.3333333333333335,6,5.666666666666667,1.8888888888888888
23,72,3.1739130434782608,5,4.642857142857143,3.25
25,47,2.92,6,5.375,2.0476190476190474
21,70,3.142857142857143,6,4.5,3.7058823529411766
25,85,3.36,6,4.066666666666666,2.9047619047619047
22,38,3.409090909090909,6,5.833333333333333,1.8421052631578947
15,33,3.533333333333333,6,3.0,1.75
27,82,2.740740740740741,5,5.133333333333334,3.347826086956522
18,30,1.6111111111111112,3,2.8,1.75
26,79,3.3846153846153846,6,6.083333333333333,3.3181818181818183
21,32,2.2857142857142856,4,6.666666666666667,1.5384615384615385
25,79,3.6,7,4.933333333333334,3.5238095238095237
21,67,3.9047619047619047,8,3.466666666666667,3.0588235294117645
27,52,3.074074074074074,6,4.0,2.0869565217391304
19,33,1.4736842105263157,3,2.2857142857142856,2.2857142857142856
24,40,3.0,6,3.272727272727273,1.8
20,36,3.35,6,5.333333333333333,1.8823529411764706
24,87,3.4166666666666665,6,4.866666666666666,3.65
23,77,3.9565217391304346,8,3.588235294117647,3.210526315789474
27,50,3.074074074074074,6,3.8333333333333335,2.0
23,53,2.0869565217391304,4,5.333333333333333,2.4615384615384617
21,36,3.238095238095238,6,5.333333333333333,1.8823529411764706
27,78,2.3703703703703702,5,3.3529411764705883,2.85
25,44,2.8,4,5.714285714285714,1.9047619047619047
23,39,3.3043478260869565,6,5.833333333333333,1.8421052631578947
24,78,3.1666666666666665,5,4.733333333333333,3.380952380952381
26,51,2.9615384615384617,6,5.222222222222222,2.1363636363636362
21,68,2.6666666666666665,5,4.6923076923076925,3.588235294117647
22,37,3.3181818181818183,6,5.5,1.8333333333333333
18,38,1.7777777777777777,3,5.0,2.7777777777777777
23,60,2.869565217391304,5,3.909090909090909,2.263157894736842
24,45,2.8333333333333335,5,5.125,2.05
23,62,2.8260869565217392,6,3.5,2.625
23,39,3.3043478260869565,6,5.833333333333333,1.8421052631578947
19,57,3.736842105263158,8,4.083333333333333,3.0625
24,43,2.875,6,3.25,1.95
14,21,1.6428571428571428,4,2.25,1.8
26,77,3.1153846153846154,6,4.142857142857143,2.9
20,29,2.95,5,4.333333333333333,1.5294117647058822
25,79,3.64,7,4.933333333333334,3.5238095238095237
26,49,2.9615384615384617,6,3.75,2.0454545454545454
24,43,3.2916666666666665,6,5.428571428571429,1.9
19,55,3.4210526315789473,7,4.454545454545454,3.0625
26,46,2.8846153846153846,5,3.727272727272727,1.8636363636363635
21,36,3.238095238095238,6,5.333333333333333,1.8823529411764706
25,55,3.04,5,6.25,2.380952380952381
16,22,1.5625,3,3.3333333333333335,1.25
16,21,1.5,2,4.5,1.125
24,70,3.0416666666666665,5,5.416666666666667,3.25
21,44,3.1904761904761907,7,3.0833333333333335,2.176470588235294
19,36,1.894736842105263,4,3.5,1.9090909090909092
22,37,3.3181818181818183,6,5.5,1.8333333333333333
25,56,3.0,5,6.375,2.4285714285714284
25,55,1.96,4,5.0,2.3076923076923075
21,47,1.9047619047619047,3,4.666666666666667,2.1538461538461537
23,39,3.3043478260869565,6,5.833333333333333,1.8421052631578947
15,34,3.7333333333333334,6,3.6666666666666665,1.6923076923076923
29,124,3.5517241379310347,7,6.444444444444445,4.64
23,44,1.7826086956521738,3,5.25,1.9090909090909092
22,55,2.4545454545454546,5,2.75,2.2
23,40,3.3043478260869565,6,5.833333333333333,1.8421052631578947
25,56,3.04,5,5.666666666666667,2.4285714285714284
13,22,1.6923076923076923,4,2.75,2.2
13,22,1.6923076923076923,4,2.75,2.2
26,99,3.576923076923077,7,5.111111111111111,4.181818181818182
17,25,1.411764705882353,3,2.5,1.6666666666666667
24,72,3.3333333333333335,6,4.714285714285714,3.3
22,61,2.4545454545454546,5,3.9,2.6
23,45,1.8695652173913044,3,4.8,2.0
21,40,2.8095238095238093,5,3.090909090909091,2.0
23,38,3.3043478260869565,6,5.666666666666667,1.7894736842105263
24,88,3.5,6,4.866666666666666,3.65
26,68,3.1538461538461537,5,5.7272727272727275,2.8636363636363638
27,90,3.259259259259259,6,5.666666666666667,3.4
22,34,2.8181818181818183,5,2.9,1.6111111111111112
24,70,3.125,6,5.333333333333333,2.526315789473684
21,33,3.0476190476190474,5,3.375,1.5
26,108,3.769230769230769,6,5.157894736842105,4.260869565217392
12,20,1.75,4,3.0,2.4
23,43,3.260869565217391,6,4.5,1.894736842105263
14,34,3.7142857142857144,6,3.4285714285714284,2.0
24,87,4.25,8,3.5789473684210527,3.4
28,85,3.642857142857143,7,4.705882352941177,3.3333333333333335
18,40,1.9444444444444444,4,3.4285714285714284,2.6666666666666665
19,45,2.1578947368421053,4,2.8,2.5454545454545454
21,38,3.3333333333333335,6,4.571428571428571,1.8823529411764706
25,111,3.6,7,4.666666666666667,4.666666666666667
23,49,3.0434782608695654,6,4.181818181818182,2.3
29,116,3.5517241379310347,6,6.166666666666667,4.44
21,38,3.2857142857142856,5,5.142857142857143,1.894736842105263
18,55,2.611111111111111,5,3.8461538461538463,3.3333333333333335
26,48,2.8461538461538463,4,7.5,1.9565217391304348
25,93,3.28,6,5.461538461538462,3.55
25,42,3.32,6,6.5,1.7727272727272727
25,86,3.32,5,4.75,3.619047619047619
23,78,4.217391304347826,8,3.875,3.263157894736842
24,52,2.75,5,6.0,2.4
22,75,2.909090909090909,6,4.0,3.7777777777777777
26,44,3.3076923076923075,6,6.833333333333333,1.7826086956521738
19,36,1.6842105263157894,3,3.4,1.7
28,77,3.2142857142857144,5,6.083333333333333,2.92
23,76,3.130434782608696,6,4.2,3.3157894736842106
22,34,2.772727272727273,5,3.0,1.6666666666666667
13,16,1.3076923076923077,3,1.6666666666666667,1.6666666666666667
26,74,3.423076923076923,6,3.823529411764706,2.9545454545454546
23,40,3.391304347826087,6,6.166666666666667,1.85
24,83,4.083333333333333,8,3.8333333333333335,3.45
27,51,2.962962962962963,6,3.9166666666666665,2.0434782608695654
18,29,1.5,3,2.6,1.8571428571428572
24,41,2.875,5,3.7,1.85
21,37,3.3333333333333335,6,5.666666666666667,1.8888888888888888
25,88,3.48,6,5.285714285714286,3.5238095238095237
26,101,4.153846153846154,8,4.5,3.6818181818181817
25,47,2.84,5,7.166666666666667,2.0476190476190474
25,95,3.28,7,5.176470588235294,4.190476190476191
25,43,3.36,6,6.666666666666667,1.8181818181818181
25,87,2.92,5,4.117647058823529,3.3333333333333335
26,77,3.230769230769231,5,5.214285714285714,3.1739130434782608
21,69,3.2857142857142856,6,3.875,3.4444444444444446
13,18,1.3846153846153846,3,2.3333333333333335,1.75
23,61,3.0869565217391304,5,3.9166666666666665,2.611111111111111
25,74,3.24,6,6.090909090909091,3.1904761904761907
23,28,1.608695652173913,3,6.5,1.3
21,26,1.5238095238095237,3,5.5,1.375
26,95,3.6923076923076925,7,4.722222222222222,3.6956521739130435
25,125,3.96,8,5.9,5.619047619047619
22,76,2.590909090909091,5,3.375,3.0
21,72,3.5238095238095237,8,3.7777777777777777,3.7777777777777777
20,47,2.85,5,4.0,2.1176470588235294
18,42,2.2777777777777777,4,3.25,2.6
21,70,3.5238095238095237,8,4.4,3.6666666666666665
29,193,4.172413793103448,8,6.814814814814815,7.36
20,39,3.3,5,4.5,2.0
21,58,3.0952380952380953,6,4.333333333333333,2.888888888888889
29,113,3.206896551724138,6,5.25,4.2
26,77,3.423076923076923,6,4.333333333333333,2.9545454545454546
22,37,3.3636363636363638,6,5.666666666666667,1.7894736842105263
24,76,3.2916666666666665,5,4.714285714285714,3.3
25,94,4.12,8,4.222222222222222,3.619047619047619
25,73,3.56,7,4.533333333333333,3.090909090909091
20,49,2.65,5,3.4545454545454546,2.7142857142857144
22,38,3.409090909090909,6,5.833333333333333,1.8421052631578947
27,111,3.888888888888889,7,5.647058823529412,4.173913043478261
24,40,3.2916666666666665,6,6.0,1.8
27,75,2.259259259259259,5,3.466666666666667,2.888888888888889
27,53,2.5925925925925926,4,6.125,2.130434782608696
25,42,3.24,6,6.333333333333333,1.8095238095238095
22,56,2.727272727272727,4,4.0,2.2222222222222223
26,47,2.769230769230769,4,5.375,1.9545454545454546
24,63,2.9583333333333335,5,3.9166666666666665,2.611111111111111
26,85,3.4615384615384617,6,6.333333333333333,3.4545454545454546
22,28,1.5909090909090908,3,6.0,1.3333333333333333
21,26,1.5238095238095237,3,5.5,1.375
15,40,2.466666666666667,6,3.3,2.75
22,61,2.0454545454545454,5,3.0,2.6
20,79,3.5,7,4.625,4.352941176470588
17,41,2.823529411764706,6,3.4545454545454546,2.7142857142857144
16,39,2.5,5,3.272727272727273,2.769230769230769
19,64,2.8421052631578947,6,3.9285714285714284,3.4375
21,73,2.857142857142857,6,3.8125,3.588235294117647
21,67,3.4285714285714284,7,4.6923076923076925,3.388888888888889
29,209,4.172413793103448,8,7.0,7.56
22,30,2.9545454545454546,5,4.333333333333333,1.4444444444444444
26,107,3.730769230769231,7,5.315789473684211,4.590909090909091
28,125,3.8214285714285716,7,6.277777777777778,4.708333333333333
26,49,2.9615384615384617,6,3.6666666666666665,2.0
19,34,1.368421052631579,3,3.2,2.6666666666666665
23,72,2.652173913043478,5,4.571428571428571,3.2
21,31,2.761904761904762,5,2.888888888888889,1.5294117647058822
23,39,3.3043478260869565,6,5.833333333333333,1.8421052631578947
23,72,3.0869565217391304,5,4.571428571428571,3.2
28,52,3.0714285714285716,6,3.9166666666666665,1.9583333333333333
23,57,3.5652173913043477,7,4.0,2.736842105263158
18,28,1.6111111111111112,3,3.0,1.5
23,39,3.3043478260869565,6,5.833333333333333,1.8421052631578947
14,28,2.9285714285714284,5,3.2,1.6
26,78,2.730769230769231,5,4.866666666666666,3.3181818181818183
25,56,2.12,4,4.428571428571429,2.066666666666667
23,46,1.8695652173913044,3,5.75,1.9166666666666667
21,35,2.8095238095238093,5,3.0,1.7647058823529411
28,104,3.642857142857143,6,6.076923076923077,3.2916666666666665
23,39,3.3043478260869565,6,5.833333333333333,1.8421052631578947
26,101,3.1538461538461537,6,6.0,4.363636363636363
27,90,3.1481481481481484,6,5.928571428571429,3.608695652173913
18,32,1.7777777777777777,3,2.6666666666666665,1.7777777777777777
25,71,3.44,6,4.714285714285714,3.142857142857143
22,53,2.1363636363636362,4,4.428571428571429,2.3846153846153846
21,45,1.9523809523809523,3,3.857142857142857,1.9285714285714286
24,76,3.3333333333333335,6,4.666666666666667,3.5
27,96,3.5925925925925926,6,5.916666666666667,3.0869565217391304
23,39,3.3043478260869565,6,5.833333333333333,1.8421052631578947
24,80,3.2916666666666665,5,4.333333333333333,3.25
26,114,3.730769230769231,7,5.05,4.590909090909091
28,54,3.0714285714285716,6,4.083333333333333,2.0416666666666665
19,35,1.5263157894736843,4,3.0,2.5714285714285716
24,82,3.375,7,4.933333333333334,3.5238095238095237
22,36,2.8181818181818183,5,3.1,1.7222222222222223
23,39,3.3043478260869565,6,5.833333333333333,1.8421052631578947
23,74,3.0869565217391304,5,4.785714285714286,3.35
27,51,3.074074074074074,6,4.181818181818182,2.0
23,65,3.5652173913043477,7,3.6875,3.1052631578947367
17,30,1.7058823529411764,3,3.0,1.875
23,40,3.3043478260869565,6,5.142857142857143,1.894736842105263
15,35,3.8666666666666667,6,3.4285714285714284,1.8461538461538463
26,88,2.9615384615384617,5,4.764705882352941,3.6818181818181817
24,63,2.25,4,5.571428571428571,2.7857142857142856
23,44,1.8695652173913044,3,5.75,1.9166666666666667
22,37,2.8181818181818183,5,3.0,1.6666666666666667
27,108,4.148148148148148,8,5.928571428571429,3.608695652173913
22,32,3.0,5,4.5,1.5
26,126,3.8076923076923075,7,6.157894736842105,5.318181818181818
21,71,3.8095238095238093,8,3.5625,3.3529411764705883
25,98,3.4,7,4.5,4.285714285714286
22,41,3.3636363636363638,6,4.857142857142857,1.8888888888888888
16,38,3.0,5,3.125,1.9230769230769231
26,95,3.3846153846153846,6,5.933333333333334,4.045454545454546
22,38,1.6818181818181819,3,4.5,1.8
20,36,1.95,4,4.25,1.5454545454545454
17,33,2.0,4,4.6,2.3
18,56,3.111111111111111,6,3.6153846153846154,3.1333333333333333
18,52,2.7777777777777777,6,3.2857142857142856,3.066666666666667
22,79,3.5,7,4.0,4.0
19,45,2.526315789473684,5,4.625,2.642857142857143
24,108,3.1666666666666665,7,5.05,5.05
25,125,4.0,8,5.761904761904762,5.761904761904762
21,69,3.619047619047619,8,4.4,3.6666666666666665
20,42,2.45,4,4.25,2.2666666666666666
27,148,4.037037037037037,8,5.76,6.260869565217392
21,41,3.238095238095238,5,5.142857142857143,1.894736842105263
23,73,3.652173913043478,7,4.666666666666667,3.5
27,82,3.074074074074074,5,5.133333333333334,3.2083333333333335
24,64,3.0,5,4.0,2.526315789473684
22,57,2.4545454545454546,5,3.0833333333333335,2.642857142857143
23,40,3.391304347826087,6,6.166666666666667,1.85
26,64,3.1153846153846154,5,5.9,2.5652173913043477
26,54,2.0,4,5.166666666666667,2.2142857142857144
23,40,3.391304347826087,6,6.166666666666667,1.85
27,41,2.8518518518518516,4,4.111111111111111,1.608695652173913
26,97,3.8076923076923075,7,4.181818181818182,4.0
24,38,3.125,6,3.4,1.7
23,40,3.391304347826087,6,6.166666666666667,1.85
25,47,2.68,4,6.142857142857143,2.0476190476190474
16,24,1.5625,3,2.5,1.4285714285714286
24,41,3.375,6,6.333333333333333,1.8095238095238095
20,35,1.5,2,6.333333333333333,1.9
20,43,2.1,5,2.1666666666666665,2.3636363636363638
27,49,2.888888888888889,5,3.75,1.9565217391304348
23,39,3.0,6,3.1818181818181817,1.8421052631578947
23,62,2.608695652173913,5,4.1,2.5625
21,37,3.3333333333333335,6,5.666666666666667,1.8888888888888888
27,73,2.888888888888889,5,5.666666666666667,2.9565217391304346
26,57,2.076923076923077,4,5.166666666666667,2.2142857142857144
27,99,4.037037037037037,8,6.071428571428571,3.6956521739130435
26,74,3.4615384615384617,6,3.7333333333333334,2.5454545454545454
26,82,3.4615384615384617,6,6.25,3.409090909090909
21,34,1.6666666666666667,3,4.5,2.0
20,33,1.6,3,4.25,2.125
25,95,3.76,7,5.235294117647059,4.045454545454546
19,55,2.6315789473684212,5,4.75,2.533333333333333
23,99,3.652173913043478,8,4.7,4.947368421052632
19,58,3.526315789473684,7,4.076923076923077,3.3125
20,51,2.65,5,4.875,2.4375
23,103,3.652173913043478,8,5.277777777777778,5.0
19,52,3.263157894736842,7,4.363636363636363,3.0
26,158,3.923076923076923,8,6.25,6.818181818181818
21,29,3.0476190476190474,5,4.333333333333333,1.4444444444444444
22,69,3.3636363636363638,6,4.285714285714286,3.1578947368421053
25,44,3.04,6,3.6363636363636362,1.9047619047619047
22,38,3.409090909090909,6,5.833333333333333,1.8421052631578947
25,86,2.88,5,4.5625,3.4761904761904763
26,71,2.923076923076923,5,5.076923076923077,3.0
12,18,1.75,4,2.0,1.6
13,18,1.4615384615384615,3,2.3333333333333335,1.75
22,34,2.8181818181818183,5,3.0,1.6666666666666667
13,16,1.3076923076923077,3,1.6666666666666667,1.6666666666666667
22,38,3.409090909090909,6,5.833333333333333,1.8421052631578947
22,57,2.9545454545454546,5,4.4,2.4444444444444446
26,45,2.769230769230769,4,6.833333333333333,1.8636363636363635
22,59,3.3181818181818183,6,3.8333333333333335,2.5555555555555554
23,39,3.3043478260869565,6,5.833333333333333,1.8421052631578947
24,85,2.9166666666666665,5,4.533333333333333,3.4
28,102,3.5714285714285716,7,5.588235294117647,3.9583333333333335
23,43,1.7826086956521738,3,5.0,1.8181818181818181
19,45,2.4210526315789473,5,2.6,2.1666666666666665
26,75,3.5,7,5.3076923076923075,3.1363636363636362
22,28,1.5909090909090908,3,6.0,1.3333333333333333
21,25,1.4761904761904763,3,5.0,1.25
19,46,2.3157894736842106,4,5.333333333333333,2.4615384615384617
21,68,2.9047619047619047,6,3.4285714285714284,2.6666666666666665
17,41,2.764705882352941,6,3.1818181818181817,2.5
21,82,3.7142857142857144,8,4.277777777777778,4.277777777777778
19,50,2.9473684210526314,6,3.5,2.625
23,105,3.6956521739130435,8,5.157894736842105,5.157894736842105
25,147,3.96,8,6.380952380952381,6.380952380952381
22,80,3.6818181818181817,8,4.222222222222222,4.0
20,49,2.45,4,4.25,2.2666666666666666
27,191,4.0,8,6.92,7.521739130434782
22,30,2.9545454545454546,5,4.333333333333333,1.4444444444444444
23,66,2.9565217391304346,6,3.4285714285714284,2.4
24,43,2.6666666666666665,4,6.5,1.95
26,91,3.3076923076923075,6,5.909090909090909,2.9545454545454546
24,41,3.2916666666666665,6,6.166666666666667,1.85
22,70,4.090909090909091,8,3.388888888888889,3.388888888888889
27,51,3.074074074074074,6,3.8333333333333335,2.0
22,38,3.227272727272727,6,5.666666666666667,1.8888888888888888
27,80,2.4074074074074074,5,3.3333333333333335,3.1578947368421053
27,47,2.814814814814815,4,7.166666666666667,1.8695652173913044
23,56,2.347826086956522,4,5.375,3.0714285714285716
20,56,2.8,6,3.25,2.7857142857142856
23,39,3.3043478260869565,6,5.833333333333333,1.8421052631578947
21,67,3.4285714285714284,7,4.066666666666666,3.388888888888889
27,103,3.4814814814814814,7,5.052631578947368,4.173913043478261
26,68,3.0384615384615383,5,4.333333333333333,2.6
23,39,3.3043478260869565,6,5.833333333333333,1.8421052631578947
25,95,3.0,5,5.0625,3.857142857142857
28,82,3.4642857142857144,6,5.769230769230769,3.125
13,19,1.6923076923076923,4,2.0,1.6
25,71,3.0,5,4.076923076923077,2.789473684210526
23,64,3.217391304347826,5,4.538461538461538,3.1052631578947367
17,41,2.5294117647058822,6,3.0,2.3076923076923075
20,36,2.9,6,2.8181818181818183,1.9375
23,39,3.3043478260869565,6,5.833333333333333,1.8421052631578947
24,86,3.375,6,4.928571428571429,3.45
25,87,4.12,8,3.6666666666666665,3.142857142857143
25,47,3.08,6,3.5,2.0
23,39,3.3043478260869565,6,5.833333333333333,1.8421052631578947
24,91,3.4583333333333335,6,4.6875,3.75
24,64,2.875,6,3.0,2.8125
29,119,3.5517241379310347,7,5.6,4.48
26,71,2.9615384615384617,6,4.230769230769231,2.8947368421052633
20,53,2.9,6,3.0,2.2
23,38,3.3043478260869565,6,5.666666666666667,1.7894736842105263
24,87,3.375,6,4.733333333333333,3.55
26,53,2.769230769230769,4,6.0,2.1818181818181817
27,78,3.111111111111111,5,4.615384615384615,2.857142857142857
25,77,3.56,6,5.142857142857143,3.4285714285714284
18,36,1.6666666666666667,4,2.5,2.5
18,41,1.9444444444444444,4,2.5,2.5
21,71,3.0952380952380953,6,3.7058823529411766,3.7058823529411766
26,103,3.5,7,4.722222222222222,3.8636363636363638
21,29,1.5238095238095237,3,3.0,1.2857142857142858
21,28,1.5238095238095237,3,4.5,1.125
19,55,2.736842105263158,6,3.8333333333333335,3.066666666666667
23,57,2.608695652173913,4,4.153846153846154,2.7
25,78,3.4,6,4.0,3.238095238095238
21,62,2.761904761904762,5,3.230769230769231,2.625
25,41,3.32,6,6.333333333333333,1.7272727272727273
27,79,2.814814814814815,5,4.352941176470588,3.0833333333333335
26,58,3.0,6,6.0,2.4545454545454546
23,77,3.0434782608695654,6,4.117647058823529,3.6842105263157894
26,44,3.3076923076923075,6,6.833333333333333,1.7826086956521738
19,56,3.5789473684210527,8,3.9166666666666665,3.1333333333333333
27,52,2.7777777777777777,4,6.857142857142857,2.0869565217391304
24,65,2.75,5,4.545454545454546,2.9411764705882355
22,56,2.3181818181818183,4,3.090909090909091,2.4285714285714284
25,79,3.32,6,6.083333333333333,3.4761904761904763
22,42,2.0,4,3.5714285714285716,1.9230769230769231
23,39,1.6521739130434783,3,4.6,2.3
19,60,3.3157894736842106,7,4.071428571428571,3.5625
21,77,3.8095238095238093,7,4.5625,4.055555555555555
21,66,2.4285714285714284,4,4.6,2.875
23,100,3.391304347826087,8,4.894736842105263,4.894736842105263
19,61,3.3684210526315788,7,3.857142857142857,3.375
20,43,2.65,5,4.0,2.25
20,50,2.95,5,4.181818181818182,2.7058823529411766
23,96,3.652173913043478,8,5.352941176470588,4.7894736842105265
20,53,3.4,7,4.454545454545454,2.8823529411764706
28,171,4.107142857142857,8,6.384615384615385,6.916666666666667
23,32,2.9130434782608696,5,4.0,1.4736842105263157
25,77,2.88,6,4.3076923076923075,2.6666666666666665
25,52,2.92,6,5.333333333333333,2.2857142857142856
22,75,3.3636363636363638,7,4.25,3.7777777777777777
24,41,3.3333333333333335,6,6.333333333333333,1.8095238095238095
26,97,2.9615384615384617,5,4.5,3.6818181818181817
27,82,3.259259259259259,5,5.066666666666666,3.1666666666666665
21,71,3.2857142857142856,6,4.0,3.5555555555555554
25,42,3.24,6,6.333333333333333,1.8095238095238095
19,34,1.4736842105263157,2,9.0,2.0
25,43,2.72,4,6.5,1.8571428571428572
22,38,3.409090909090909,6,5.833333333333333,1.8421052631578947
27,106,3.740740740740741,7,4.944444444444445,3.869565217391304
27,77,3.2222222222222223,5,5.142857142857143,3.0
17,28,1.2941176470588236,2,3.25,2.6
17,37,2.5294117647058822,6,2.888888888888889,2.0
27,96,4.0,7,5.5,3.347826086956522
22,38,3.409090909090909,6,5.833333333333333,1.8421052631578947
25,55,3.12,5,5.0,2.272727272727273
26,56,1.9230769230769231,4,5.0,2.3076923076923075
22,56,2.3636363636363638,5,4.375,2.5
22,38,3.409090909090909,6,5.833333333333333,1.8421052631578947
20,36,1.45,2,9.0,2.0
28,86,2.857142857142857,5,5.785714285714286,3.375
23,70,3.0434782608695654,6,4.428571428571429,3.1
21,33,2.761904761904762,5,2.9,1.7058823529411764
20,35,3.35,6,5.333333333333333,1.8823529411764706
24,81,2.9166666666666665,5,4.266666666666667,3.2
24,45,2.9583333333333335,6,3.4166666666666665,2.05
21,37,3.3333333333333335,6,5.666666666666667,1.8888888888888888
27,63,2.962962962962963,6,3.0,2.1
25,46,2.88,5,3.5,2.0
22,57,3.5,6,4.333333333333333,2.736842105263158
24,69,3.2083333333333335,6,4.357142857142857,2.9047619047619047
21,36,2.9047619047619047,6,3.1,1.8235294117647058
20,35,3.35,6,5.333333333333333,1.8823529411764706
25,54,3.04,5,6.125,2.3333333333333335
23,39,3.3043478260869565,6,5.833333333333333,1.8421052631578947
26,103,3.6923076923076925,7,5.375,3.909090909090909
21,66,3.9047619047619047,8,3.4285714285714284,2.823529411764706
29,95,3.0689655172413794,6,5.294117647058823,3.6
18,34,1.5555555555555556,4,2.8333333333333335,2.4285714285714284
21,33,2.9047619047619047,6,2.9,1.7058823529411764
30,192,4.466666666666667,8,7.208333333333333,6.653846153846154
21,30,3.0476190476190474,5,3.857142857142857,1.5
25,87,3.24,6,5.533333333333333,3.772727272727273
24,88,3.5416666666666665,7,4.444444444444445,3.8095238095238093
24,41,3.2916666666666665,6,6.166666666666667,1.85
23,58,2.608695652173913,6,3.25,2.4375
26,51,2.8846153846153846,5,3.5384615384615383,2.090909090909091
13,21,1.6923076923076923,4,2.5,2.0
14,22,1.6428571428571428,4,2.5,2.0
23,39,2.652173913043478,4,5.833333333333333,1.8421052631578947
22,56,2.227272727272727,4,4.857142857142857,2.6153846153846154
13,20,1.6923076923076923,4,2.25,1.8
23,39,3.3043478260869565,6,5.833333333333333,1.8421052631578947
24,81,2.9166666666666665,5,4.266666666666667,3.2
26,68,3.1538461538461537,5,4.846153846153846,2.8636363636363638
17,33,1.8823529411764706,4,3.142857142857143,2.0
20,34,2.9,6,2.9,1.8125
23,39,3.3043478260869565,6,5.833333333333333,1.8421052631578947
23,63,2.9565217391304346,5,4.6,2.4210526315789473
26,46,2.769230769230769,4,6.0,1.9090909090909092
23,39,3.3043478260869565,6,5.833333333333333,1.8421052631578947
25,92,3.24,6,4.411764705882353,3.5714285714285716
28,107,3.5,7,5.5,4.125
13,21,1.6923076923076923,4,2.5,2.0
26,78,2.923076923076923,5,4.8,3.272727272727273
21,42,1.9523809523809523,3,5.25,1.75
23,39,3.3043478260869565,6,5.833333333333333,1.8421052631578947
24,76,3.2916666666666665,6,5.071428571428571,3.55
26,53,1.9230769230769231,4,5.4,2.076923076923077
23,39,3.3043478260869565,6,5.833333333333333,1.8421052631578947
24,92,3.5,6,4.933333333333334,3.7
24,81,4.125,8,3.3333333333333335,3.0
19,31,1.368421052631579,3,2.6,2.1666666666666665
27,52,3.074074074074074,6,3.5384615384615383,2.0
22,37,2.8181818181818183,5,3.2,1.7777777777777777
22,38,3.227272727272727,6,5.666666666666667,1.8888888888888888
20,32,1.55,3,5.333333333333333,1.6
27,69,3.1481481481481484,5,4.923076923076923,2.782608695652174
17,27,1.411764705882353,3,3.0,2.0
27,82,3.2222222222222223,5,4.2,2.8636363636363638
13,20,1.6923076923076923,4,2.25,1.8
27,88,3.4444444444444446,6,6.7272727272727275,3.217391304347826
21,24,1.4285714285714286,3,4.0,1.1428571428571428
21,23,1.380952380952381,3,3.5,1.0
22,67,2.4545454545454546,5,3.6923076923076925,2.6666666666666665
22,97,3.227272727272727,7,5.25,4.666666666666667
16,47,2.625,6,3.076923076923077,3.076923076923077
19,69,3.5789473684210527,7,3.8,3.5625
20,52,2.85,5,4.555555555555555,2.411764705882353
22,101,3.409090909090909,7,5.411764705882353,5.111111111111111
24,126,3.75,8,5.8,5.8
22,75,3.3636363636363638,7,5.3076923076923075,3.8333333333333335
27,191,3.962962962962963,8,7.0,7.608695652173913
21,31,3.0952380952380953,5,4.5,1.5
26,96,3.4615384615384617,6,4.7368421052631575,4.090909090909091
18,45,2.3333333333333335,4,3.3333333333333335,2.727272727272727
25,45,3.0,6,3.3333333333333335,1.9047619047619047
21,38,3.380952380952381,6,4.714285714285714,1.9411764705882353
27,110,3.5925925925925926,6,5.315789473684211,4.391304347826087
23,44,2.782608695652174,5,5.571428571428571,2.0526315789473686
18,54,3.1666666666666665,6,3.6923076923076925,3.2
19,64,2.6842105263157894,5,3.8,3.8
19,63,3.263157894736842,7,3.75,3.75
19,59,3.1578947368421053,7,3.4375,3.4375
21,81,3.5714285714285716,8,4.529411764705882,4.529411764705882
20,56,3.5,7,4.818181818181818,3.1176470588235294
27,152,4.074074074074074,8,5.92,6.434782608695652
23,35,2.9565217391304346,5,4.142857142857143,1.5263157894736843
25,86,3.28,6,5.533333333333333,3.772727272727273
24,61,2.3333333333333335,4,5.25,2.8
21,53,2.5714285714285716,5,4.75,2.533333333333333
24,41,3.3333333333333335,6,6.333333333333333,1.8095238095238095
26,91,3.3846153846153846,6,5.266666666666667,3.590909090909091
24,86,4.25,8,3.8823529411764706,3.3
26,46,3.0384615384615383,6,3.8181818181818183,1.9090909090909092
18,28,1.3888888888888888,3,2.4,2.0
23,36,2.8260869565217392,5,3.2,1.6842105263157894
16,23,1.5,3,3.0,1.2857142857142858
22,52,2.6818181818181817,5,4.0,2.6666666666666665
17,29,1.7647058823529411,3,3.5,1.5555555555555556
21,35,2.761904761904762,5,3.1,1.8235294117647058
22,38,3.409090909090909,6,5.833333333333333,1.8421052631578947
27,89,3.814814814814815,7,5.6,3.652173913043478
27,91,3.4074074074074074,6,4.3125,3.0
26,70,2.9615384615384617,5,6.0,2.869565217391304
13,21,1.6923076923076923,4,2.5,2.0
24,41,3.3333333333333335,6,6.333333333333333,1.8095238095238095
19,34,1.6842105263157894,3,3.0,1.5
26,65,3.1153846153846154,5,5.0,2.608695652173913
18,32,1.3333333333333333,2,3.0,2.5
18,33,1.5,3,2.5,2.142857142857143
22,38,2.8181818181818183,5,3.4,1.8888888888888888
19,37,2.1578947368421053,4,2.875,1.7692307692307692
22,38,3.227272727272727,6,5.666666666666667,1.8888888888888888
25,56,3.12,5,5.1,2.3181818181818183
23,40,3.391304347826087,6,6.166666666666667,1.85
14,25,2.2142857142857144,5,2.8,2.0
28,50,2.892857142857143,5,4.181818181818182,1.9166666666666667
25,65,2.52,5,3.6363636363636362,2.3529411764705883
13,18,1.5384615384615385,3,2.3333333333333335,1.4
23,67,3.130434782608696,5,4.846153846153846,3.15
21,52,3.2857142857142856,7,4.888888888888889,2.4444444444444446
18,32,1.5,3,2.8,2.0
22,37,2.8181818181818183,5,3.3,1.8333333333333333
22,38,3.409090909090909,6,5.833333333333333,1.8421052631578947
24,77,3.2916666666666665,5,4.066666666666666,3.05
25,61,3.08,5,5.090909090909091,2.6666666666666665
19,33,1.3157894736842106,2,2.8,2.3333333333333335
22,35,2.8181818181818183,5,3.1,1.7222222222222223
31,197,4.451612903225806,8,7.5,6.666666666666667
22,38,3.409090909090909,6,5.833333333333333,1.8421052631578947
24,51,3.125,5,4.6,2.1904761904761907
26,57,1.9230769230769231,4,5.166666666666667,2.3846153846153846
22,50,1.8181818181818181,3,4.666666666666667,2.1538461538461537
22,38,3.409090909090909,6,5.833333333333333,1.8421052631578947
24,83,3.375,6,4.928571428571429,3.45
24,86,4.166666666666667,8,3.7058823529411766,3.15
23,65,2.782608695652174,5,4.6923076923076925,3.05
12,20,1.75,4,2.5,2.0
21,30,3.0476190476190474,5,3.857142857142857,1.5
21,32,1.4761904761904763,3,3.6666666666666665,1.375
29,117,3.2413793103448274,6,6.055555555555555,4.36
16,20,1.4375,2,7.0,1.0
15,20,1.4666666666666666,2,7.0,1.0
23,38,3.3043478260869565,6,5.666666666666667,1.7894736842105263
27,106,3.7037037037037037,7,5.5625,3.869565217391304
28,73,3.1785714285714284,5,5.230769230769231,2.8333333333333335
12,21,1.75,4,2.75,2.2
23,39,3.3043478260869565,6,5.833333333333333,1.8421052631578947
19,51,3.3157894736842106,7,4.090909090909091,2.8125
29,119,3.5172413793103448,7,5.7894736842105265,4.4
26,78,3.1153846153846154,6,4.538461538461538,2.95
23,39,3.3043478260869565,6,5.833333333333333,1.8421052631578947
24,81,3.2916666666666665,5,4.642857142857143,3.25
25,42,2.68,4,6.333333333333333,1.8095238095238095
24,40,3.25,6,6.0,1.8
19,42,1.736842105263158,3,5.4,2.7
25,74,2.92,5,3.769230769230769,2.3333333333333335
25,42,2.72,4,7.6,1.8095238095238095
20,39,1.9,3,4.75,1.7272727272727273
17,37,2.823529411764706,7,2.7,2.076923076923077
23,39,3.3043478260869565,6,5.833333333333333,1.8421052631578947
26,58,3.0384615384615383,5,5.3,2.409090909090909
26,83,3.269230769230769,6,4.2,3.0
23,39,3.3043478260869565,6,5.833333333333333,1.8421052631578947
23,72,3.0869565217391304,5,4.642857142857143,3.25
24,49,2.875,6,5.0,2.25
22,77,3.090909090909091,6,5.0,3.888888888888889
18,29,1.7222222222222223,3,3.25,1.4444444444444444
23,39,3.3043478260869565,6,5.833333333333333,1.8421052631578947
24,35,2.75,4,3.75,1.5
27,70,3.1481481481481484,5,5.909090909090909,2.8260869565217392
17,26,1.5294117647058822,3,3.6666666666666665,1.5714285714285714
29,92,3.5172413793103448,6,5.7272727272727275,2.52
24,41,3.2916666666666665,6,6.166666666666667,1.85
25,55,3.04,5,5.555555555555555,2.380952380952381
25,54,2.04,4,5.8,2.0714285714285716
22,52,1.9090909090909092,3,5.5,2.357142857142857
24,41,3.2916666666666665,6,6.166666666666667,1.85
21,61,3.857142857142857,8,4.0,3.111111111111111
26,54,2.9615384615384617,6,3.769230769230769,2.227272727272727
13,22,1.6923076923076923,4,2.75,2.2
24,43,3.0416666666666665,6,3.4545454545454546,1.9
21,34,2.761904761904762,5,2.9,1.7058823529411764
23,46,1.8695652173913044,3,5.75,1.9166666666666667
18,50,3.111111111111111,6,2.75,2.357142857142857
23,34,3.0869565217391304,5,4.285714285714286,1.5789473684210527
21,54,2.857142857142857,6,3.1818181818181817,2.1875
23,71,3.4347826086956523,6,4.642857142857143,3.4210526315789473
13,22,1.9230769230769231,4,2.75,1.8333333333333333
23,63,3.347826086956522,6,3.769230769230769,2.5789473684210527
23,39,2.869565217391304,5,3.7777777777777777,1.7894736842105263
22,69,2.8636363636363638,6,3.642857142857143,3.1875
24,76,3.6666666666666665,6,5.384615384615385,3.5
22,59,2.6818181818181817,5,3.5454545454545454,2.6
20,37,1.7,3,6.666666666666667,1.6666666666666667
26,93,3.4615384615384617,6,5.846153846153846,3.4545454545454546
24,35,1.7916666666666667,3,8.0,1.4545454545454546
25,84,3.08,6,4.117647058823529,3.1818181818181817
25,66,2.96,6,4.133333333333334,2.9523809523809526
26,108,3.769230769230769,7,4.7894736842105265,4.136363636363637
23,48,2.9130434782608696,5,3.888888888888889,1.8421052631578947
27,130,3.8518518518518516,7,5.190476190476191,4.739130434782608
23,49,2.9130434782608696,5,4.111111111111111,1.9473684210526316
20,60,3.65,7,4.230769230769231,3.235294117647059
26,47,2.8461538461538463,5,3.4166666666666665,1.8636363636363635
19,40,1.6842105263157894,3,4.333333333333333,2.3636363636363638
23,69,2.9130434782608696,5,4.133333333333334,3.263157894736842
26,82,3.576923076923077,6,4.388888888888889,3.4347826086956523
24,90,3.9166666666666665,8,4.625,3.7
24,48,2.9166666666666665,5,4.090909090909091,2.142857142857143
25,42,3.32,6,6.5,1.7727272727272727
26,95,3.1153846153846154,6,5.4375,3.9545454545454546
27,50,2.962962962962963,6,3.8333333333333335,2.0
26,78,3.576923076923077,6,5.769230769230769,3.260869565217391
23,57,2.3043478260869565,4,4.5,2.5714285714285716
22,37,2.8181818181818183,5,3.3,1.8333333333333333
13,19,1.5384615384615385,3,2.0,1.6
24,66,3.375,6,3.7333333333333334,2.8
24,40,3.375,6,6.166666666666667,1.7619047619047619
24,81,3.9583333333333335,7,3.8823529411764706,3.3
28,90,3.4285714285714284,6,5.375,3.44
20,50,2.15,4,5.125,2.7333333333333334
24,67,3.25,6,4.923076923076923,3.0476190476190474
21,47,2.619047619047619,5,3.7777777777777777,2.4285714285714284
24,76,3.2083333333333335,6,6.363636363636363,3.5
22,41,2.0,4,4.0,1.8461538461538463
24,78,3.7083333333333335,7,5.285714285714286,3.5238095238095237
21,62,3.5714285714285716,7,3.2857142857142856,2.7058823529411766
25,80,3.6,6,5.769230769230769,3.409090909090909
22,58,3.0,5,3.9166666666666665,2.764705882352941
24,41,3.375,6,6.333333333333333,1.8095238095238095
27,69,2.814814814814815,4,5.0,2.7083333333333335
12,19,1.75,4,2.25,1.8
23,40,3.391304347826087,6,6.166666666666667,1.85
25,89,3.44,6,4.933333333333334,3.5238095238095237
25,89,4.12,8,3.7777777777777777,3.238095238095238
26,46,3.0384615384615383,6,3.8181818181818183,1.9090909090909092
23,40,3.391304347826087,6,6.166666666666667,1.85
17,43,2.764705882352941,6,3.4545454545454546,2.7142857142857144
24,74,3.5833333333333335,6,4.928571428571429,3.2857142857142856
22,76,3.3181818181818183,6,4.0588235294117645,3.6315789473684212
22,37,3.409090909090909,6,5.666666666666667,1.7894736842105263
24,82,2.875,5,4.125,3.3
24,40,2.6666666666666665,4,6.0,1.8
18,28,1.5,3,2.4,1.7142857142857142
23,37,2.8260869565217392,5,3.3,1.736842105263158
20,35,3.35,6,5.333333333333333,1.8823529411764706
20,32,1.55,3,5.333333333333333,1.6
23,57,2.1739130434782608,4,2.533333333333333,2.533333333333333
25,44,2.88,5,4.0,1.9047619047619047
22,41,1.8636363636363635,3,4.75,1.5833333333333333
25,80,3.0,5,5.0,3.5714285714285716
22,51,2.590909090909091,5,4.7,2.611111111111111
22,77,3.3636363636363638,7,5.0,3.888888888888889
13,17,1.3846153846153846,3,1.5,1.5
22,37,3.409090909090909,6,5.666666666666667,1.7894736842105263
24,80,3.4166666666666665,6,4.266666666666667,3.2
24,78,4.125,8,3.9285714285714284,2.75
25,70,3.56,7,4.333333333333333,2.9545454545454546
22,49,1.9090909090909092,4,4.5,2.4545454545454546
22,38,3.409090909090909,6,5.833333333333333,1.8421052631578947
24,84,3.2916666666666665,5,4.533333333333333,3.4
25,86,4.08,8,3.875,2.9523809523809526
27,49,3.037037037037037,6,3.75,1.9565217391304348
21,37,3.3333333333333335,6,5.666666666666667,1.8888888888888888
27,66,2.185185185185185,5,3.4166666666666665,2.2777777777777777
25,68,3.08,5,4.846153846153846,3.0
18,28,1.5,3,2.75,1.5714285714285714
18,40,2.111111111111111,4,3.3333333333333335,2.142857142857143
26,87,3.423076923076923,6,5.0,2.9545454545454546
21,30,3.0476190476190474,5,3.857142857142857,1.5
20,49,2.7,5,3.4615384615384617,2.6470588235294117
28,52,2.892857142857143,5,3.6923076923076925,2.0
20,37,1.85,3,5.666666666666667,1.5454545454545454
23,60,3.4347826086956523,6,4.583333333333333,2.75
25,87,3.24,6,4.444444444444445,3.8095238095238093
13,21,1.6923076923076923,4,2.5,2.0
22,36,2.8181818181818183,5,3.5555555555555554,1.7777777777777777
23,38,3.3043478260869565,6,5.666666666666667,1.7894736842105263
24,80,3.9166666666666665,8,3.6666666666666665,3.3
26,73,2.8076923076923075,5,4.25,3.090909090909091
12,18,1.6666666666666667,4,2.0,1.6
23,39,3.3043478260869565,6,5.833333333333333,1.8421052631578947
19,31,1.6842105263157894,3,3.75,1.25
27,81,3.4074074074074074,6,5.846153846153846,3.3043478260869565
23,65,2.782608695652174,5,4.8,2.6666666666666665
20,51,2.5,5,2.8181818181818183,2.2142857142857144
22,35,2.8181818181818183,5,3.4444444444444446,1.7222222222222223
18,29,1.6111111111111112,3,3.0,1.5
13,17,1.3846153846153846,3,1.5,1.5
23,38,3.3043478260869565,6,5.666666666666667,1.7894736842105263
26,57,3.0384615384615383,5,6.5,2.3636363636363638
18,28,1.3888888888888888,3,2.2,1.8333333333333333
23,38,2.8260869565217392,5,3.3,1.736842105263158
23,39,3.3043478260869565,6,5.833333333333333,1.8421052631578947
24,83,2.9166666666666665,5,4.4,3.3
25,43,2.72,4,6.5,1.8571428571428572
18,28,1.5,3,2.4,1.7142857142857142
21,34,2.761904761904762,5,2.9,1.7058823529411764
23,39,3.3043478260869565,6,5.833333333333333,1.8421052631578947
19,56,3.6842105263157894,8,4.083333333333333,3.0625
24,42,2.8333333333333335,5,3.3636363636363638,1.85
24,62,3.3333333333333335,6,4.384615384615385,2.85
23,82,2.9565217391304346,6,4.6875,3.9473684210526314
22,57,3.0454545454545454,5,3.3846153846153846,2.588235294117647
23,68,3.130434782608696,5,4.769230769230769,3.263157894736842
15,20,1.4666666666666666,2,7.0,1.0
22,77,3.409090909090909,7,4.375,3.888888888888889
18,35,1.7777777777777777,4,2.7142857142857144,2.111111111111111
25,66,3.36,6,4.666666666666667,2.6666666666666665
21,25,1.4761904761904763,3,4.5,1.125
27,123,3.8518518518518516,7,5.894736842105263,4.869565217391305
18,34,1.8888888888888888,3,3.6,1.8
24,47,2.875,5,3.875,1.55
27,107,3.3333333333333335,6,5.882352941176471,4.3478260869565215
12,20,1.75,4,2.75,2.2
24,45,2.9166666666666665,5,5.142857142857143,1.8
24,89,3.4166666666666665,6,5.071428571428571,3.55
23,74,4.130434782608695,8,3.5,2.9473684210526314
26,49,3.076923076923077,6,3.6666666666666665,2.0
24,42,3.2916666666666665,6,6.166666666666667,1.85
26,63,3.1538461538461537,5,4.833333333333333,2.6363636363636362
24,58,1.7083333333333333,3,5.142857142857143,2.769230769230769
22,54,2.1363636363636362,4,4.25,2.4285714285714284
23,37,2.8260869565217392,5,3.2,1.6842105263157894
19,36,1.8421052631578947,4,2.375,2.111111111111111
22,38,3.3181818181818183,6,4.857142857142857,1.8888888888888888
22,68,4.090909090909091,8,4.2,3.3157894736842106
25,43,2.84,5,3.8,1.8095238095238095
26,84,3.269230769230769,6,4.266666666666667,3.0476190476190474
26,83,3.269230769230769,6,4.0625,3.0952380952380953
23,42,3.0434782608695654,6,3.3636363636363638,1.9473684210526316
17,28,1.588235294117647,3,2.6,1.8571428571428572
22,39,3.3181818181818183,6,4.857142857142857,1.8888888888888888
24,86,3.375,6,5.0,3.5
25,66,3.44,6,4.846153846153846,2.8636363636363638
29,136,4.413793103448276,8,5.523809523809524,4.64
25,72,3.48,6,5.75,3.1363636363636362
23,73,3.4782608695652173,7,4.3125,3.45
24,40,3.375,6,6.166666666666667,1.7619047619047619
18,30,1.8333333333333333,3,3.2,1.3333333333333333
19,49,3.0526315789473686,6,2.6666666666666665,2.2857142857142856
26,53,2.730769230769231,4,7.0,2.227272727272727
25,81,3.16,5,4.266666666666667,3.0476190476190474
23,40,3.3043478260869565,6,6.166666666666667,1.85
25,88,2.84,5,4.8125,3.6666666666666665
26,47,2.923076923076923,6,3.5833333333333335,1.9545454545454546
27,86,3.5555555555555554,6,6.7272727272727275,3.217391304347826
20,39,3.6,6,4.625,2.0555555555555554
27,97,3.6666666666666665,6,6.538461538461538,3.6956521739130435
25,112,3.8,8,5.631578947368421,5.095238095238095
25,70,2.96,5,5.153846153846154,3.0454545454545454
12,19,1.75,4,2.25,1.8
23,39,3.391304347826087,6,6.0,1.8
25,83,3.44,6,5.071428571428571,3.380952380952381
27,41,2.888888888888889,5,4.111111111111111,1.608695652173913
24,56,2.2083333333333335,4,5.0,2.3333333333333335
23,40,3.391304347826087,6,6.166666666666667,1.85
25,86,3.44,6,5.142857142857143,3.4285714285714284
26,51,2.6153846153846154,5,5.875,2.1363636363636362
23,40,3.391304347826087,6,6.166666666666667,1.85
26,52,2.576923076923077,4,6.0,2.1818181818181817
24,51,1.8333333333333333,4,4.5,2.4545454545454546
23,35,2.8260869565217392,5,3.4444444444444446,1.631578947368421
23,40,3.391304347826087,6,6.166666666666667,1.85
27,74,3.4444444444444446,6,6.2727272727272725,3.0
28,88,3.25,5,4.714285714285714,2.869565217391304
23,40,3.391304347826087,6,6.166666666666667,1.85
25,87,3.0,5,4.375,3.3333333333333335
25,71,3.24,5,5.153846153846154,3.0454545454545454
25,75,3.16,6,5.071428571428571,3.380952380952381
23,67,3.217391304347826,6,3.5714285714285716,2.6315789473684212
24,89,3.6666666666666665,6,6.5,3.9
19,38,1.736842105263158,3,3.1666666666666665,1.9
21,37,3.3333333333333335,6,5.666666666666667,1.8888888888888888
23,72,3.1739130434782608,5,4.642857142857143,3.25
26,52,2.9615384615384617,6,5.333333333333333,2.1818181818181817
21,71,2.619047619047619,5,4.846153846153846,3.7058823529411766
22,38,3.409090909090909,6,5.833333333333333,1.8421052631578947
24,83,3.4166666666666665,6,4.466666666666667,3.35
28,118,3.607142857142857,7,4.894736842105263,4.043478260869565
28,49,2.8214285714285716,4,6.428571428571429,1.875
21,36,3.4285714285714284,6,5.5,1.8333333333333333
26,53,2.576923076923077,4,6.125,2.227272727272727
29,109,3.6551724137931036,7,5.1,4.08
22,61,2.8636363636363638,5,4.6,2.7058823529411766
18,28,1.3888888888888888,3,2.2,1.8333333333333333
23,65,2.9130434782608696,5,4.285714285714286,3.1578947368421053
20,32,1.45,2,6.5,1.4444444444444444
17,34,1.588235294117647,3,2.8333333333333335,1.8888888888888888
22,54,3.0454545454545454,5,3.5833333333333335,2.5294117647058822
26,79,3.4615384615384617,6,5.833333333333333,3.1818181818181817
22,28,1.5909090909090908,3,6.0,1.3333333333333333
21,26,1.5238095238095237,3,5.5,1.375
18,46,2.888888888888889,6,3.8181818181818183,2.8
21,73,3.619047619047619,7,4.0588235294117645,3.8333333333333335
16,40,2.5,5,3.272727272727273,2.769230769230769
24,112,3.8333333333333335,8,5.0476190476190474,5.3
25,146,3.96,8,6.65,6.333333333333333
19,44,2.6842105263157894,5,5.142857142857143,2.4
22,95,3.590909090909091,8,4.631578947368421,4.888888888888889
21,86,3.5238095238095237,8,4.315789473684211,4.555555555555555
29,213,4.172413793103448,8,7.407407407407407,8.0
21,29,3.0476190476190474,5,4.333333333333333,1.4444444444444444
25,80,3.16,6,3.8,2.7142857142857144
24,42,2.6666666666666665,4,6.333333333333333,1.9
24,72,3.6666666666666665,7,4.538461538461538,2.95
28,100,3.5,6,5.538461538461538,3.0
23,39,3.3043478260869565,6,5.833333333333333,1.8421052631578947
27,93,3.5185185185185186,6,5.176470588235294,3.8260869565217392
26,62,2.423076923076923,5,4.0,2.1176470588235294
22,38,3.227272727272727,6,5.666666666666667,1.8888888888888888
22,39,1.4545454545454546,2,10.0,2.0
25,45,2.72,4,6.833333333333333,1.9523809523809523
22,49,2.590909090909091,5,5.0,2.5
19,35,1.736842105263158,3,3.8,1.9
22,37,3.3181818181818183,6,5.5,1.8333333333333333
15,34,3.7333333333333334,6,3.142857142857143,1.6923076923076923
25,61,3.08,5,5.6,2.6666666666666665
22,44,1.8181818181818181,3,4.8,1.8461538461538463
22,53,2.272727272727273,5,4.428571428571429,2.2142857142857144
21,36,2.8095238095238093,5,3.1,1.8235294117647058
13,16,1.3076923076923077,3,1.6666666666666667,1.6666666666666667
13,16,1.3076923076923077,3,1.6666666666666667,1.6666666666666667
28,104,4.142857142857143,7,6.583333333333333,3.2916666666666665
23,39,3.3043478260869565,6,5.833333333333333,1.8421052631578947
14,31,3.642857142857143,6,3.1666666666666665,1.5833333333333333
26,46,2.769230769230769,4,6.0,1.9090909090909092
24,55,2.0416666666666665,4,5.166666666666667,2.3846153846153846
23,39,3.3043478260869565,6,5.833333333333333,1.8421052631578947
18,42,1.8333333333333333,4,3.3333333333333335,2.727272727272727
26,41,2.8461538461538463,4,4.5,1.6363636363636365
25,76,3.36,6,4.357142857142857,2.9047619047619047
17,24,1.2941176470588236,2,3.0,1.8
26,101,3.576923076923077,7,5.222222222222222,4.2727272727272725
23,45,1.8695652173913044,3,5.5,1.8333333333333333
18,40,2.1666666666666665,4,2.75,2.0
24,71,3.1666666666666665,5,5.0,3.25
21,63,2.857142857142857,5,4.214285714285714,3.4705882352941178
26,85,3.576923076923077,6,4.916666666666667,2.6818181818181817
22,30,2.9545454545454546,5,4.333333333333333,1.4444444444444444
28,134,3.9642857142857144,7,5.35,4.458333333333333
24,42,3.2916666666666665,6,5.428571428571429,1.9
24,92,3.4583333333333335,6,5.133333333333334,3.85
22,72,3.9545454545454546,8,3.411764705882353,3.2222222222222223
26,77,2.8076923076923075,5,4.8,3.272727272727273
23,59,2.3043478260869565,4,5.142857142857143,2.5714285714285716
17,38,2.0,4,3.857142857142857,2.4545454545454546
23,39,3.3043478260869565,6,5.833333333333333,1.8421052631578947
24,85,3.375,6,4.733333333333333,3.55
23,77,4.130434782608695,8,3.411764705882353,3.0526315789473686
24,47,2.8333333333333335,5,6.0,2.1
23,79,3.5217391304347827,7,4.8,3.789473684210526
23,40,3.3043478260869565,6,5.142857142857143,1.894736842105263
23,83,4.086956521739131,8,3.5,3.6842105263157894
29,87,3.586206896551724,7,5.125,3.28
12,21,1.75,4,2.75,2.2
25,72,3.12,5,4.833333333333333,2.9
22,38,3.3636363636363638,6,4.857142857142857,1.8888888888888888
24,89,3.375,6,5.0,3.75
24,87,4.25,8,3.6315789473684212,3.45
27,53,3.037037037037037,6,3.9166666666666665,2.0434782608695654
21,38,3.238095238095238,6,5.333333333333333,1.8823529411764706
24,80,3.375,6,4.733333333333333,3.55
24,67,2.7083333333333335,5,5.666666666666667,2.8333333333333335
23,38,3.347826086956522,6,5.833333333333333,1.75
27,72,2.740740740740741,4,4.928571428571429,2.875
26,77,3.1923076923076925,5,5.25,3.0
25,43,3.36,6,6.666666666666667,1.8181818181818181
26,99,3.730769230769231,7,4.882352941176471,3.772727272727273
21,66,3.6666666666666665,7,3.125,2.9411764705882355
28,56,3.107142857142857,6,4.0,2.1666666666666665
18,31,1.5555555555555556,3,2.5,2.142857142857143
24,41,3.0416666666666665,6,3.7,1.85
24,41,3.25,6,6.333333333333333,1.8095238095238095
27,68,2.7777777777777777,4,5.416666666666667,2.7083333333333335
27,80,3.111111111111111,5,4.916666666666667,2.6818181818181817
23,40,3.3043478260869565,6,6.166666666666667,1.85
25,67,3.12,6,3.769230769230769,2.45
26,73,2.923076923076923,5,5.384615384615385,3.0434782608695654
21,36,2.9047619047619047,6,3.2,1.8823529411764706
13,17,1.3846153846153846,3,1.5,1.5
27,94,3.5555555555555554,6,5.4,3.5217391304347827
22,43,3.1363636363636362,5,5.714285714285714,2.1052631578947367
20,37,3.25,5,3.888888888888889,1.9444444444444444
17,38,1.8823529411764706,4,3.2222222222222223,2.6363636363636362
23,68,2.869565217391304,5,5.2,2.6
27,132,3.925925925925926,8,5.291666666666667,5.521739130434782
22,77,2.590909090909091,5,3.8,3.1666666666666665
20,86,3.65,8,4.555555555555555,4.823529411764706
16,40,2.625,6,3.272727272727273,2.769230769230769
19,58,2.9473684210526314,6,3.9285714285714284,3.4375
29,166,4.241379310344827,8,6.44,6.44
20,55,3.45,7,4.636363636363637,3.0
30,206,4.333333333333333,8,7.2592592592592595,7.538461538461538
22,30,3.0,5,4.5,1.4210526315789473
25,80,3.08,6,4.75,3.619047619047619
21,63,3.9047619047619047,8,3.642857142857143,3.0
28,52,2.8214285714285716,4,8.0,2.0
24,41,3.3333333333333335,6,6.333333333333333,1.8095238095238095
18,36,1.6111111111111112,3,5.5,2.75
25,72,3.16,5,4.3076923076923075,2.6666666666666665
23,40,2.6956521739130435,5,6.0,1.894736842105263
23,61,3.0434782608695654,6,4.666666666666667,2.4705882352941178
13,21,1.6923076923076923,4,2.5,2.0
23,39,3.347826086956522,6,6.0,1.8
22,53,2.772727272727273,4,4.555555555555555,2.2777777777777777
26,48,2.730769230769231,4,4.888888888888889,2.0
22,57,3.0,5,3.6666666666666665,2.588235294117647
21,37,3.3333333333333335,6,5.666666666666667,1.8888888888888888
27,115,3.7037037037037037,7,4.7,4.086956521739131
23,78,3.9565217391304346,8,3.5294117647058822,3.1578947368421053
27,51,3.074074074074074,6,3.9166666666666665,2.0434782608695654
18,27,1.3888888888888888,3,2.2,1.8333333333333333
22,34,2.772727272727273,5,3.0,1.6666666666666667
21,37,3.3333333333333335,6,5.666666666666667,1.8888888888888888
25,58,3.12,5,4.818181818181818,2.409090909090909
22,38,3.409090909090909,6,5.833333333333333,1.8421052631578947
27,111,3.7037037037037037,7,5.470588235294118,4.043478260869565
29,72,3.1379310344827585,5,5.153846153846154,2.68
13,20,1.6923076923076923,4,2.25,1.8
19,32,1.5263157894736843,2,8.5,1.7
23,39,3.3043478260869565,6,5.833333333333333,1.8421052631578947
26,73,2.4615384615384617,5,3.375,2.8421052631578947
26,45,2.769230769230769,4,6.833333333333333,1.8636363636363635
21,34,2.9047619047619047,6,3.0,1.7647058823529411
13,20,1.6923076923076923,4,2.25,1.8
21,29,3.0476190476190474,5,4.333333333333333,1.4444444444444444
27,114,3.740740740740741,7,5.5,4.304347826086956
28,53,3.0714285714285716,6,4.083333333333333,2.0416666666666665
24,77,3.6666666666666665,6,5.071428571428571,3.380952380952381
18,27,1.5,3,2.75,1.5714285714285714
23,39,3.3043478260869565,6,5.833333333333333,1.8421052631578947
22,73,3.909090909090909,8,3.75,3.3333333333333335
28,90,3.0,5,4.473684210526316,3.5416666666666665
12,19,1.75,4,2.25,1.8
23,39,3.3043478260869565,6,5.833333333333333,1.8421052631578947
14,29,3.4285714285714284,6,2.8333333333333335,1.5454545454545454
25,82,3.32,6,3.6875,2.8095238095238093
26,73,2.4615384615384617,4,4.857142857142857,3.090909090909091
23,51,2.0434782608695654,4,4.666666666666667,2.1538461538461537
19,34,1.4736842105263157,2,8.5,1.8888888888888888
24,61,3.3333333333333335,7,5.090909090909091,2.8
22,33,2.1818181818181817,4,6.333333333333333,1.4615384615384615
27,125,3.925925925925926,7,5.157894736842105,4.260869565217392
26,64,2.4615384615384617,5,4.75,2.235294117647059
23,44,3.217391304347826,6,4.714285714285714,1.736842105263158
23,76,3.8260869565217392,8,3.8125,3.210526315789474
24,69,2.3333333333333335,4,4.0,3.2
12,20,1.75,4,2.5,2.0
23,40,3.3043478260869565,6,5.833333333333333,1.8421052631578947
24,85,3.2916666666666665,5,4.333333333333333,3.25
26,64,3.076923076923077,5,5.9,2.6818181818181817
24,75,3.5833333333333335,6,4.928571428571429,3.45
19,34,1.5263157894736843,4,2.6666666666666665,2.2857142857142856
25,69,3.32,6,5.363636363636363,2.8095238095238093
22,25,1.4090909090909092,3,4.0,1.1428571428571428
22,24,1.3636363636363635,3,3.5,1.0
18,50,2.6666666666666665,6,2.923076923076923,2.7142857142857144
22,94,3.772727272727273,8,4.631578947368421,4.631578947368421
23,106,3.652173913043478,8,5.157894736842105,5.157894736842105
19,60,3.6842105263157894,8,3.4375,3.4375
21,80,3.7142857142857144,8,4.411764705882353,4.166666666666667
22,72,2.3181818181818183,4,5.1,3.4
25,131,3.76,8,6.2631578947368425,5.666666666666667
20,47,2.45,4,4.857142857142857,2.2666666666666666
21,71,3.5714285714285716,7,4.333333333333333,3.611111111111111
29,223,4.172413793103448,8,7.2592592592592595,7.84
21,29,3.0476190476190474,5,4.333333333333333,1.4444444444444444
27,120,3.962962962962963,7,4.9523809523809526,4.521739130434782
26,70,2.6153846153846154,5,3.75,2.5
23,39,3.3043478260869565,6,5.833333333333333,1.8421052631578947
23,79,4.130434782608695,8,3.8333333333333335,3.6315789473684212
26,76,2.769230769230769,5,4.6,3.1363636363636362
12,21,1.75,4,2.75,2.2
23,39,3.3043478260869565,6,5.833333333333333,1.8421052631578947
24,86,3.375,6,5.071428571428571,3.55
26,48,2.769230769230769,4,7.333333333333333,2.0
23,55,2.130434782608696,4,4.714285714285714,2.5384615384615383
19,36,1.5263157894736843,2,10.0,2.0
24,85,3.25,6,4.875,3.9
22,40,2.8181818181818183,5,2.8333333333333335,1.8888888888888888
25,88,3.36,6,5.0,3.3333333333333335
21,28,1.4761904761904763,3,4.0,1.1428571428571428
21,28,1.5238095238095237,3,4.5,1.125
16,37,1.8125,4,2.9,2.9
24,76,3.2083333333333335,5,4.583333333333333,2.619047619047619
27,148,4.148148148148148,8,6.136363636363637,5.869565217391305
24,90,2.7083333333333335,5,4.785714285714286,3.526315789473684
24,132,3.75,8,5.761904761904762,6.05
16,40,2.625,6,3.0833333333333335,2.8461538461538463
23,49,3.0434782608695654,6,4.181818181818182,2.3
15,25,1.8,4,2.6,2.1666666666666665
13,24,1.6153846153846154,4,2.6,2.6
25,41,3.32,6,6.333333333333333,1.7272727272727273
18,39,2.2222222222222223,4,3.4285714285714284,2.0
27,56,2.6296296296296298,5,5.777777777777778,2.260869565217391
21,38,1.7619047619047619,3,5.0,2.0
17,38,2.2941176470588234,5,3.3333333333333335,2.5
27,93,3.5555555555555554,6,5.928571428571429,3.608695652173913
24,41,3.375,6,6.333333333333333,1.8095238095238095
15,32,3.533333333333333,6,2.857142857142857,1.6666666666666667
27,54,2.6296296296296298,5,5.555555555555555,2.1739130434782608
24,41,3.375,6,6.333333333333333,1.8095238095238095
18,47,2.388888888888889,5,3.0,2.5714285714285716
28,80,3.357142857142857,6,5.428571428571429,3.04
25,70,3.04,5,4.909090909090909,2.7
24,40,3.0416666666666665,6,3.6,1.8
24,41,3.375,6,6.333333333333333,1.8095238095238095
27,110,3.740740740740741,7,5.111111111111111,4.0
28,84,3.0,5,5.0625,3.24
17,29,1.3529411764705883,3,2.8,2.8
17,29,1.3529411764705883,3,2.8,2.8
20,35,3.35,6,5.333333333333333,1.8823529411764706
19,54,3.3157894736842106,7,4.2727272727272725,2.9375
25,52,3.04,6,3.769230769230769,2.227272727272727
23,40,3.391304347826087,6,6.166666666666667,1.85
26,91,2.8846153846153846,5,4.111111111111111,3.3636363636363638
24,81,3.5416666666666665,7,4.352941176470588,3.5238095238095237
24,41,3.375,6,6.333333333333333,1.8095238095238095
24,82,4.125,8,4.1875,3.35
28,54,2.9642857142857144,6,3.8461538461538463,2.0833333333333335
23,55,2.217391304347826,5,3.5555555555555554,2.2857142857142856
25,81,3.32,7,5.357142857142857,3.5714285714285716
24,31,1.5833333333333333,3,4.666666666666667,1.4
20,33,1.55,3,5.333333333333333,2.0
18,46,3.2777777777777777,7,3.0833333333333335,2.466666666666667
21,79,3.619047619047619,8,4.166666666666667,4.166666666666667
22,90,3.5454545454545454,8,4.882352941176471,4.611111111111111
20,63,3.3,7,3.8,3.3529411764705883
21,77,3.5714285714285716,8,4.055555555555555,4.055555555555555
21,67,2.1904761904761907,4,4.8,3.4285714285714284
24,112,3.7083333333333335,8,5.722222222222222,5.15
20,47,2.45,4,4.25,2.2666666666666666
21,65,3.4285714285714284,7,4.357142857142857,3.388888888888889
28,182,4.107142857142857,8,6.615384615384615,7.166666666666667
20,39,3.3,5,4.5,2.0
25,81,3.16,6,4.0,2.727272727272727
24,45,2.625,4,5.125,2.05
24,41,3.3333333333333335,6,6.333333333333333,1.8095238095238095
19,34,1.7894736842105263,4,3.0,1.6666666666666667
25,42,2.64,4,6.333333333333333,1.8095238095238095
22,41,1.8181818181818181,3,4.75,1.7272727272727273
17,41,3.176470588235294,7,3.1,2.2142857142857144
20,35,3.35,6,5.333333333333333,1.8823529411764706
25,47,2.64,4,4.777777777777778,2.0476190476190474
16,21,1.4375,2,4.0,1.1428571428571428
21,36,3.4285714285714284,6,5.5,1.8333333333333333
25,86,2.92,5,4.3125,3.2857142857142856
28,77,2.9642857142857144,5,5.538461538461538,3.0
22,49,1.9090909090909092,4,4.5,2.4545454545454546
21,35,2.9047619047619047,6,2.8181818181818183,1.8235294117647058
27,94,3.5185185185185186,6,6.2727272727272725,3.0
22,38,3.3181818181818183,6,5.5,1.8333333333333333
25,88,3.36,6,5.0625,3.6818181818181817
26,49,2.9615384615384617,6,5.625,2.0454545454545454
22,73,3.3636363636363638,7,4.714285714285714,3.6666666666666665
21,36,3.4285714285714284,6,5.5,1.8333333333333333
22,37,1.5,3,3.75,1.875
23,53,2.6956521739130435,5,2.6923076923076925,2.1875
25,42,2.68,4,5.428571428571429,1.8095238095238095
29,97,3.4482758620689653,6,4.6,2.76
23,38,3.260869565217391,6,5.666666666666667,1.7894736842105263
24,84,3.4166666666666665,6,4.533333333333333,3.4
24,41,2.7083333333333335,4,5.285714285714286,1.85
23,41,2.6956521739130435,5,6.166666666666667,1.9473684210526316
24,40,3.25,6,6.0,1.8
25,57,2.44,6,3.0,2.4
26,78,2.9615384615384617,5,5.142857142857143,3.272727272727273
17,35,2.176470588235294,5,3.125,2.272727272727273
21,34,2.9523809523809526,6,2.9,1.7058823529411764
23,39,3.3043478260869565,6,5.833333333333333,1.8421052631578947
24,52,3.0,5,5.875,2.35
23,39,3.3043478260869565,6,5.833333333333333,1.8421052631578947
19,36,1.7894736842105263,3,3.4,1.5454545454545454
21,57,3.3333333333333335,6,2.857142857142857,2.3529411764705883
26,59,3.076923076923077,5,4.909090909090909,2.4545454545454546
24,80,3.3333333333333335,7,4.8,3.4285714285714284
21,35,2.8095238095238093,5,3.0,1.7647058823529411
21,61,2.8095238095238093,6,3.727272727272727,2.7333333333333334
26,81,3.5,7,5.615384615384615,3.3181818181818183
24,28,1.4166666666666667,3,4.5,1.125
21,25,1.4761904761904763,3,4.5,1.125
15,36,2.0,4,3.75,2.727272727272727
19,56,2.5789473684210527,5,3.4166666666666665,2.5625
23,105,3.739130434782609,8,4.95,5.2105263157894735
22,80,2.8181818181818183,6,4.214285714285714,3.2777777777777777
23,106,3.608695652173913,8,5.05,5.315789473684211
16,38,2.625,6,3.4,2.6153846153846154
18,59,3.5555555555555554,8,3.6666666666666665,3.6666666666666665
24,122,3.75,8,5.380952380952381,5.65
20,64,3.5,7,4.538461538461538,3.4705882352941178
29,208,4.172413793103448,8,7.0,7.56
21,29,3.0476190476190474,5,4.333333333333333,1.4444444444444444
23,79,3.0434782608695654,6,3.8125,3.05
25,68,3.08,5,5.25,3.0
21,74,3.2857142857142856,6,4.1875,3.7222222222222223
27,95,3.5555555555555554,6,5.666666666666667,2.9565217391304346
24,41,3.2916666666666665,6,6.166666666666667,1.85
21,46,2.5714285714285716,5,3.5714285714285716,1.5625
24,43,2.6666666666666665,4,6.5,1.95
24,86,3.1666666666666665,6,4.733333333333333,3.55
21,35,2.761904761904762,5,2.8,1.6470588235294117
29,110,3.689655172413793,6,6.75,3.24
23,39,3.3043478260869565,6,5.833333333333333,1.8421052631578947
21,71,2.9523809523809526,6,3.8666666666666667,3.2222222222222223
27,72,3.259259259259259,6,4.785714285714286,2.9130434782608696
27,77,3.4444444444444446,6,4.2,2.739130434782609
23,39,3.0,6,3.2,1.6842105263157894
29,112,4.206896551724138,7,6.916666666666667,3.32
22,38,3.3181818181818183,6,4.857142857142857,1.8888888888888888
20,48,2.65,5,3.111111111111111,1.75
25,51,2.72,4,7.666666666666667,2.1904761904761907
25,102,3.6,7,4.526315789473684,4.095238095238095
23,39,2.8260869565217392,5,3.3,1.736842105263158
31,125,3.7096774193548385,6,6.714285714285714,3.4814814814814814
21,40,3.380952380952381,6,4.714285714285714,1.9411764705882353
25,93,3.4,6,4.9411764705882355,4.0
25,48,2.88,5,6.0,2.0
25,66,3.44,6,4.846153846153846,2.8636363636363638
24,75,3.5,7,4.0,3.4285714285714284
19,49,2.263157894736842,4,5.0,2.857142857142857
23,50,2.9565217391304346,5,4.7,2.35
24,63,3.375,6,5.0,2.857142857142857
18,31,1.5555555555555556,3,2.5,2.142857142857143
21,44,2.0476190476190474,3,6.5,1.8571428571428572
27,95,3.5555555555555554,6,6.071428571428571,3.6956521739130435
24,40,3.3333333333333335,6,6.166666666666667,1.7619047619047619
26,90,3.3076923076923075,5,4.9375,3.590909090909091
24,89,4.25,8,3.9444444444444446,3.55
23,76,3.3043478260869565,6,3.9444444444444446,3.55
24,41,3.375,6,6.333333333333333,1.8095238095238095
24,72,2.6666666666666665,6,3.6,3.176470588235294
24,47,2.75,5,6.142857142857143,2.15
25,77,3.32,6,4.6,3.1363636363636362
21,36,2.9047619047619047,6,3.2,1.8823529411764706
23,39,3.391304347826087,6,6.0,1.8
26,77,2.576923076923077,5,3.4705882352941178,2.8095238095238093
25,41,2.68,4,6.166666666666667,1.7619047619047619
24,62,2.5833333333333335,5,4.8,3.0
21,56,2.8095238095238093,5,3.272727272727273,2.25
23,40,3.391304347826087,6,6.166666666666667,1.85
18,27,1.5555555555555556,3,2.75,1.2222222222222223
20,51,3.0,6,2.5714285714285716,2.4
27,48,2.888888888888889,5,4.0,1.9130434782608696
25,47,3.08,6,3.909090909090909,2.0476190476190474
19,49,3.1578947368421053,6,4.0,2.588235294117647
23,38,2.8260869565217392,5,3.4,1.7894736842105263
25,80,3.32,6,6.7272727272727275,3.5238095238095237
23,29,1.608695652173913,3,6.5,1.3
22,26,1.5454545454545454,3,5.5,1.2222222222222223
17,43,2.0588235294117645,4,4.125,2.75
21,73,2.6666666666666665,6,3.7857142857142856,3.1176470588235294
19,60,2.8947368421052633,6,3.857142857142857,3.375
20,59,2.9,6,3.9285714285714284,3.235294117647059
24,107,3.7083333333333335,8,5.611111111111111,5.05
20,57,3.5,7,4.818181818181818,3.1176470588235294
26,153,3.8846153846153846,8,6.041666666666667,6.590909090909091
20,42,3.65,6,4.75,2.111111111111111
22,68,3.1818181818181817,6,4.0,3.1578947368421053
29,107,3.1379310344827585,6,4.95,3.96
25,69,3.12,5,4.3076923076923075,2.8
22,38,3.409090909090909,6,5.833333333333333,1.8421052631578947
24,84,3.4166666666666665,6,5.142857142857143,3.6
24,88,3.9166666666666665,8,4.0588235294117645,3.45
26,79,2.8846153846153846,5,4.933333333333334,3.3636363636363638
23,53,1.9565217391304348,4,4.285714285714286,2.727272727272727
21,35,2.9047619047619047,6,2.8181818181818183,1.8235294117647058
21,37,3.3333333333333335,6,5.666666666666667,1.8888888888888888
28,70,2.25,5,3.5,2.7222222222222223
26,44,2.769230769230769,4,6.666666666666667,1.8181818181818181
23,55,2.5217391304347827,5,4.0,2.6666666666666665
19,50,2.6842105263157894,5,3.2,2.2857142857142856
22,38,3.409090909090909,6,5.833333333333333,1.8421052631578947
19,26,1.5263157894736843,2,3.6666666666666665,1.1
19,46,2.6842105263157894,5,3.2,2.2857142857142856
25,95,3.6,6,4.631578947368421,4.0
25,80,3.36,7,4.933333333333334,3.5238095238095237
22,28,1.5909090909090908,3,6.0,1.3333333333333333
19,41,2.0,4,4.666666666666667,2.5454545454545454
18,49,2.888888888888889,6,3.1666666666666665,2.533333333333333
29,93,3.0689655172413794,5,5.176470588235294,3.52
19,36,1.7894736842105263,4,5.25,1.75
18,31,1.5555555555555556,2,8.5,1.7
22,35,2.772727272727273,5,3.3333333333333335,1.6666666666666667
18,30,1.7222222222222223,3,2.8,1.5555555555555556
30,115,4.233333333333333,7,7.333333333333333,3.3846153846153846
23,42,3.3043478260869565,6,5.666666666666667,1.7894736842105263
15,34,3.533333333333333,6,3.142857142857143,1.8333333333333333
25,77,3.28,5,3.7333333333333334,2.6666666666666665
26,63,3.1538461538461537,5,5.8,2.6363636363636362
23,51,2.0434782608695654,4,4.666666666666667,2.1538461538461537
22,52,1.9545454545454546,3,5.0,2.3333333333333335
23,39,3.3043478260869565,6,5.833333333333333,1.8421052631578947
19,55,3.4210526315789473,7,4.2727272727272725,2.9375
26,64,3.1538461538461537,5,4.916666666666667,2.6818181818181817
23,44,1.8695652173913044,3,5.25,1.75
17,39,2.823529411764706,7,2.9,2.230769230769231
31,227,4.451612903225806,8,8.666666666666666,7.703703703703703
22,38,3.227272727272727,6,5.666666666666667,1.8888888888888888
27,88,3.925925925925926,7,4.9411764705882355,3.652173913043478
26,91,3.3461538461538463,6,4.25,3.090909090909091
28,81,2.8214285714285716,5,5.428571428571429,3.1666666666666665
12,21,1.75,4,2.75,2.2
22,38,3.227272727272727,6,5.666666666666667,1.8888888888888888
26,59,3.0384615384615383,5,6.0,2.4545454545454546
19,34,1.5263157894736843,2,9.5,1.9
24,42,3.0416666666666665,6,3.3636363636363638,1.85
22,38,3.227272727272727,6,5.666666666666667,1.8888888888888888
24,89,3.5,6,4.866666666666666,3.65
26,97,4.230769230769231,8,3.8947368421052633,3.3636363636363638
25,68,3.44,7,4.5,3.0
22,61,2.772727272727273,5,3.9166666666666665,2.9375
23,39,3.3043478260869565,6,5.833333333333333,1.8421052631578947
23,61,2.782608695652174,4,4.0,2.3157894736842106
24,43,2.75,5,5.571428571428571,1.95
23,84,3.1739130434782608,6,5.133333333333334,4.052631578947368
17,27,1.6470588235294117,3,4.0,1.5
24,74,3.6666666666666665,6,5.583333333333333,3.35
13,17,1.3846153846153846,3,1.5,1.5
18,46,2.611111111111111,6,3.111111111111111,2.3333333333333335
22,40,2.8181818181818183,5,3.0,1.8333333333333333
22,59,3.3181818181818183,6,3.6923076923076925,2.6666666666666665
19,52,3.3684210526315788,7,3.0,2.2
26,81,3.4615384615384617,6,6.090909090909091,3.0454545454545454
22,25,1.4090909090909092,3,4.0,1.1428571428571428
21,23,1.380952380952381,3,3.5,1.0
26,111,4.115384615384615,8,5.421052631578948,4.681818181818182
23,76,2.8260869565217392,6,3.6,2.8421052631578947
22,92,3.772727272727273,8,4.473684210526316,4.473684210526316
19,54,3.0,6,4.555555555555555,2.5625
24,121,3.7083333333333335,8,5.7894736842105265,5.5
20,62,3.5,7,4.75,3.3529411764705883
26,187,3.8846153846153846,8,7.125,7.7727272727272725
22,30,2.9545454545454546,5,4.333333333333333,1.4444444444444444
22,65,3.0,5,3.75,3.1578947368421053
29,119,3.2413793103448274,6,5.894736842105263,4.48
26,80,3.269230769230769,6,4.333333333333333,3.0952380952380953
24,42,3.25,6,5.428571428571429,1.9
24,83,3.0833333333333335,5,4.352941176470588,3.7
24,54,2.875,6,5.555555555555555,2.5
21,76,3.380952380952381,7,5.3076923076923075,4.0588235294117645
21,59,2.9523809523809526,5,4.181818181818182,2.875
19,58,3.4210526315789473,7,3.0714285714285716,2.8666666666666667
21,36,3.3333333333333335,6,4.571428571428571,1.8823529411764706
29,90,3.6206896551724137,6,6.916666666666667,3.32
26,65,2.3076923076923075,5,4.444444444444445,2.6666666666666665
23,57,2.608695652173913,4,4.153846153846154,2.7
25,68,2.96,5,5.0,2.6315789473684212
32,182,4.4375,8,7.08,6.321428571428571
20,38,3.6,6,5.142857142857143,2.0
18,50,2.388888888888889,4,3.6363636363636362,2.6666666666666665
25,54,2.72,5,6.25,2.380952380952381
24,41,3.375,6,6.333333333333333,1.8095238095238095
25,76,2.8,5,4.4375,3.227272727272727
23,53,2.6956521739130435,5,4.454545454545454,2.5789473684210527
21,71,2.9047619047619047,6,4.266666666666667,3.764705882352941
25,42,3.32,6,6.5,1.7727272727272727
23,65,2.9565217391304346,5,4.166666666666667,2.6315789473684212
25,48,2.68,4,6.285714285714286,2.0952380952380953
24,66,3.125,5,4.333333333333333,2.736842105263158
23,40,3.3043478260869565,6,6.166666666666667,1.85
23,77,4.130434782608695,8,3.8125,3.210526315789474
29,57,3.0689655172413794,6,4.076923076923077,2.12
26,84,3.6923076923076925,7,5.333333333333333,3.4782608695652173
17,28,1.5294117647058822,3,2.6,1.8571428571428572
23,40,3.3043478260869565,6,6.166666666666667,1.85
24,81,4.083333333333333,8,4.0625,3.25
26,69,2.8076923076923075,5,4.714285714285714,2.869565217391304
24,72,3.125,6,3.7142857142857144,2.6
22,58,3.1818181818181817,6,5.2,2.736842105263158
22,37,2.8181818181818183,5,6.5,1.625
24,79,3.0416666666666665,6,4.785714285714286,3.1904761904761907
23,46,2.6956521739130435,5,4.666666666666667,2.210526315789474
23,81,3.347826086956522,7,4.625,3.8947368421052633
24,41,3.375,6,6.333333333333333,1.8095238095238095
25,91,3.08,6,4.352941176470588,3.5238095238095237
26,78,3.230769230769231,5,5.6923076923076925,3.217391304347826
18,27,1.2777777777777777,2,2.75,2.2
23,40,3.391304347826087,6,6.166666666666667,1.85
26,50,2.576923076923077,4,5.75,2.090909090909091
28,114,3.5714285714285716,7,5.35,4.458333333333333
18,30,1.6111111111111112,3,2.8,1.75
23,40,3.391304347826087,6,6.166666666666667,1.85
27,66,3.185185185185185,6,3.0,2.142857142857143
25,68,3.24,5,4.846153846153846,2.8636363636363638
20,52,2.8,5,5.375,2.5294117647058822
22,50,2.590909090909091,5,4.181818181818182,2.5555555555555554
23,80,3.0434782608695654,6,4.5625,3.8421052631578947
18,31,1.7222222222222223,3,2.8,1.5555555555555556
31,217,4.451612903225806,8,8.291666666666666,7.37037037037037
23,40,3.391304347826087,6,6.166666666666667,1.85
19,41,1.736842105263158,3,5.0,2.7777777777777777
26,46,2.8846153846153846,5,3.8181818181818183,1.9090909090909092
23,42,3.0,6,3.1666666666666665,2.0
19,32,1.5263157894736843,2,8.5,1.7
21,37,3.3333333333333335,6,5.666666666666667,1.8888888888888888
23,71,3.0434782608695654,5,4.571428571428571,3.2
26,52,2.9615384615384617,6,4.8,2.1818181818181817
21,67,2.6666666666666665,5,4.615384615384615,3.5294117647058822
17,28,1.7647058823529411,3,4.0,1.3333333333333333
21,30,3.0476190476190474,5,3.857142857142857,1.5
21,36,1.6666666666666667,3,3.0,1.5
26,65,3.1538461538461537,5,5.0,2.727272727272727
20,58,3.0,6,4.545454545454546,2.9411764705882355
24,72,2.9583333333333335,5,4.785714285714286,3.35
22,54,2.3181818181818183,5,4.0,2.4615384615384617
13,17,1.3846153846153846,3,1.5,1.5
31,219,4.387096774193548,8,8.954545454545455,7.296296296296297
23,39,3.3043478260869565,6,5.833333333333333,1.8421052631578947
23,73,3.1739130434782608,5,4.714285714285714,3.3
25,50,2.92,6,5.111111111111111,2.1904761904761907
22,71,3.3636363636363638,7,4.571428571428571,3.5555555555555554
23,39,3.3043478260869565,6,5.833333333333333,1.8421052631578947
26,65,2.3076923076923075,5,2.7058823529411766,2.5555555555555554
24,42,2.7916666666666665,5,6.333333333333333,1.9
22,38,3.227272727272727,6,5.666666666666667,1.8888888888888888
25,54,3.04,5,5.444444444444445,2.3333333333333335
13,20,1.6923076923076923,4,2.5,2.0
14,23,1.6428571428571428,4,2.75,2.2
23,63,2.9130434782608696,5,4.461538461538462,3.0526315789473686
13,20,1.8461538461538463,4,2.25,1.5
23,64,3.347826086956522,6,3.5714285714285716,2.6315789473684212
23,39,3.3043478260869565,6,5.833333333333333,1.8421052631578947
24,81,3.2916666666666665,5,4.571428571428571,3.2
26,94,4.230769230769231,8,3.6842105263157894,3.1818181818181817
26,48,3.0384615384615383,6,3.6666666666666665,2.0
23,39,3.3043478260869565,6,5.833333333333333,1.8421052631578947
15,35,3.3333333333333335,5,3.142857142857143,1.8333333333333333
24,78,3.2083333333333335,5,3.8,2.85
25,44,2.8,4,5.714285714285714,1.9047619047619047
17,26,1.411764705882353,3,2.5,1.6666666666666667
23,76,3.130434782608696,6,3.8666666666666667,3.0526315789473686
27,82,3.4814814814814814,6,6.636363636363637,3.1739130434782608
22,27,1.5909090909090908,3,5.5,1.2222222222222223
21,24,1.4285714285714286,3,4.0,1.1428571428571428
18,47,2.2777777777777777,4,4.0,2.5714285714285716
21,87,3.5714285714285716,7,5.642857142857143,4.388888888888889
19,53,3.0,6,5.0,2.5
16,36,2.5625,6,3.0,2.5384615384615383
20,71,3.5,7,4.714285714285714,3.8823529411764706
19,53,2.473684210526316,5,3.0714285714285716,2.6875
21,77,3.1904761904761907,7,4.666666666666667,4.117647058823529
26,183,3.8846153846153846,8,6.958333333333333,7.590909090909091
21,29,3.0476190476190474,5,4.333333333333333,1.4444444444444444
23,75,3.0869565217391304,6,3.8,2.85
25,70,3.08,5,5.416666666666667,3.0952380952380953
21,74,3.2857142857142856,6,4.466666666666667,3.7222222222222223
26,96,3.4615384615384617,6,5.0,3.1818181818181817
23,38,3.260869565217391,6,5.666666666666667,1.7894736842105263
21,34,1.4285714285714286,2,9.0,2.0
24,43,2.7083333333333335,4,6.5,1.95
20,43,2.5,5,4.333333333333333,2.4375
19,34,1.8421052631578947,3,4.2,1.9090909090909092
27,96,3.5555555555555554,6,5.3076923076923075,3.0
23,38,3.260869565217391,6,5.666666666666667,1.7894736842105263
22,71,4.136363636363637,8,4.357142857142857,3.210526315789474
23,40,2.869565217391304,6,2.9166666666666665,1.8421052631578947
23,40,3.3043478260869565,6,5.833333333333333,1.8421052631578947
20,32,1.55,3,4.25,1.7
28,69,3.142857142857143,5,5.818181818181818,2.6666666666666665
26,73,3.1923076923076925,5,4.538461538461538,2.8095238095238093
22,69,3.3636363636363638,6,4.428571428571429,3.4444444444444446
20,42,2.9,6,2.9166666666666665,2.1875
21,56,2.5714285714285716,5,4.5,2.5714285714285716
23,65,3.391304347826087,6,3.857142857142857,2.8421052631578947
26,95,3.4615384615384617,6,5.2,3.5454545454545454
22,28,1.5454545454545454,3,3.3333333333333335,1.25
21,28,1.5714285714285714,3,3.3333333333333335,1.25
21,57,3.5238095238095237,7,4.416666666666667,2.9444444444444446
25,54,2.72,5,5.0,2.380952380952381
23,69,3.4347826086956523,6,4.571428571428571,3.3684210526315788
22,65,3.3181818181818183,6,3.9285714285714284,3.0555555555555554
13,22,1.6923076923076923,4,3.0,2.4
27,91,3.6666666666666665,6,4.823529411764706,3.5652173913043477
24,80,3.375,6,4.733333333333333,3.55
25,55,3.0,6,4.333333333333333,2.3636363636363638
22,37,3.272727272727273,6,5.666666666666667,1.7894736842105263
26,97,3.3076923076923075,6,5.176470588235294,3.8260869565217392
26,65,2.8846153846153846,5,5.636363636363637,2.6956521739130435
24,61,2.25,4,5.0,2.857142857142857
21,43,2.9047619047619047,5,4.0,2.2222222222222223
27,96,3.5555555555555554,6,5.5,3.8260869565217392
24,40,3.3333333333333335,6,6.166666666666667,1.7619047619047619
26,61,3.1538461538461537,5,5.7,2.4782608695652173
26,57,2.0,4,4.25,2.4285714285714284
22,50,2.090909090909091,3,4.571428571428571,2.0
23,40,3.3043478260869565,6,6.166666666666667,1.85
26,93,3.423076923076923,6,4.9375,3.590909090909091
23,81,4.217391304347826,8,3.8125,3.210526315789474
26,48,3.0384615384615383,6,4.0,2.0
18,28,1.3888888888888888,3,2.4,2.0
24,41,3.0,6,3.3636363636363638,1.85
22,39,3.3181818181818183,6,6.0,1.894736842105263
24,51,3.125,5,5.222222222222222,2.238095238095238
26,54,1.9230769230769231,4,5.0,2.3076923076923075
24,41,3.375,6,6.333333333333333,1.8095238095238095
27,41,2.8518518518518516,4,4.625,1.608695652173913
26,63,2.423076923076923,5,4.0,2.3529411764705883
22,56,2.0454545454545454,4,4.0,2.4
27,91,3.4814814814814814,6,6.538461538461538,3.6956521739130435
23,28,1.608695652173913,3,6.5,1.3
20,33,1.65,3,5.666666666666667,1.8888888888888888
19,53,3.0,6,3.6923076923076925,3.0
23,90,3.4782608695652173,6,5.0588235294117645,4.3
16,38,2.5,5,3.4,2.6153846153846154
26,122,3.9615384615384617,8,5.043478260869565,5.2727272727272725
25,138,3.96,8,6.190476190476191,6.190476190476191
20,43,2.5,4,5.833333333333333,2.3333333333333335
22,96,3.5454545454545454,8,4.944444444444445,4.944444444444445
23,94,3.4347826086956523,7,4.285714285714286,4.5
29,212,4.172413793103448,8,7.518518518518518,8.12
22,30,3.0,5,4.5,1.4210526315789473
24,81,3.3333333333333335,6,3.933333333333333,2.8095238095238093
27,50,2.7777777777777777,4,7.666666666666667,2.0
26,80,3.6923076923076925,7,5.25,2.8636363636363638
26,99,3.423076923076923,6,5.615384615384615,3.3181818181818183
24,41,3.3333333333333335,6,6.333333333333333,1.8095238095238095
21,64,3.5714285714285716,7,4.153846153846154,3.0
24,88,3.5833333333333335,7,4.05,3.857142857142857
22,38,3.409090909090909,6,5.833333333333333,1.8421052631578947
25,90,3.16,6,4.470588235294118,3.619047619047619
23,78,3.347826086956522,6,4.176470588235294,3.55
23,40,3.391304347826087,6,6.166666666666667,1.85
23,77,4.0,8,3.875,3.263157894736842
23,40,2.652173913043478,5,6.0,1.894736842105263
19,30,1.263157894736842,2,3.0,2.4
24,62,3.5833333333333335,6,4.75,2.85
19,34,1.736842105263158,3,3.6,1.8
22,74,3.590909090909091,6,4.533333333333333,3.5789473684210527
21,58,2.857142857142857,6,4.0,2.588235294117647
21,35,2.8095238095238093,5,2.8181818181818183,1.8235294117647058
26,92,3.576923076923077,6,5.142857142857143,3.272727272727273
23,39,3.3043478260869565,6,5.833333333333333,1.8421052631578947
22,74,3.909090909090909,8,3.7058823529411766,3.5
28,53,3.0714285714285716,6,4.083333333333333,2.0416666666666665
19,32,1.631578947368421,3,2.8,1.5555555555555556
24,41,3.0833333333333335,6,3.3636363636363638,1.85
21,37,3.3333333333333335,6,5.666666666666667,1.8888888888888888
19,31,1.5789473684210527,3,3.0,1.3333333333333333
25,42,2.68,4,6.333333333333333,1.8095238095238095
23,74,3.130434782608696,6,4.461538461538462,3.0526315789473686
21,32,2.761904761904762,5,2.8,1.6470588235294117
13,17,1.3846153846153846,3,1.5,1.5
23,39,3.3043478260869565,6,5.833333333333333,1.8421052631578947
20,63,2.85,6,3.6,3.176470588235294
27,74,3.259259259259259,6,4.928571428571429,3.0
26,76,3.1923076923076925,5,4.461538461538462,2.761904761904762
21,48,2.1904761904761907,4,3.0,2.076923076923077
24,64,3.3333333333333335,6,4.538461538461538,2.95
18,27,1.3888888888888888,3,2.5,1.6666666666666667
23,64,2.5652173913043477,4,4.214285714285714,3.1052631578947367
21,56,2.5714285714285716,5,4.0,2.5714285714285716
24,77,3.3333333333333335,6,4.8,3.6
23,55,3.0434782608695654,5,5.333333333333333,2.526315789473684
21,27,1.7142857142857142,3,6.5,1.3
20,24,1.55,3,5.0,1.25
18,45,2.6666666666666665,6,2.6153846153846154,2.4285714285714284
21,77,3.619047619047619,8,4.0,4.0
23,107,3.652173913043478,8,5.2105263157894735,5.2105263157894735
19,62,3.1578947368421053,7,3.7333333333333334,3.5
21,84,3.7142857142857144,8,4.388888888888889,4.388888888888889
22,70,2.272727272727273,4,6.125,3.2666666666666666
25,132,3.76,8,6.0,5.714285714285714
20,48,2.45,4,4.857142857142857,2.2666666666666666
21,68,3.5238095238095237,7,4.5,3.5
26,178,3.8461538461538463,8,6.791666666666667,7.409090909090909
21,29,3.0476190476190474,5,4.333333333333333,1.4444444444444444
25,84,3.64,7,5.266666666666667,3.761904761904762
20,59,3.85,8,3.357142857142857,2.9375
26,73,3.1153846153846154,5,5.230769230769231,3.090909090909091
23,60,2.6956521739130435,5,4.2727272727272725,2.9375
23,39,3.3043478260869565,6,5.833333333333333,1.8421052631578947
28,92,3.5714285714285716,6,5.666666666666667,3.5416666666666665
12,20,1.75,4,2.75,2.2
25,42,3.24,6,6.333333333333333,1.8095238095238095
23,73,3.130434782608696,5,4.642857142857143,3.25
24,49,2.875,6,5.625,2.25
21,68,3.0952380952380953,6,4.6923076923076925,3.588235294117647
17,30,1.8235294117647058,3,3.0,1.6666666666666667
23,39,3.3043478260869565,6,5.833333333333333,1.8421052631578947
27,108,3.740740740740741,7,5.444444444444445,4.260869565217392
29,109,4.0344827586206895,8,5.1,4.08
18,35,1.7222222222222223,4,3.1666666666666665,2.375
19,40,1.894736842105263,4,2.875,2.3
28,115,4.25,8,5.933333333333334,3.7083333333333335
23,39,3.3043478260869565,6,5.833333333333333,1.8421052631578947
14,31,3.642857142857143,6,3.5,1.75
28,95,3.0357142857142856,5,5.176470588235294,3.6666666666666665
18,38,2.2222222222222223,4,3.142857142857143,2.0
30,107,4.2,7,6.416666666666667,2.9615384615384617
23,40,3.3043478260869565,6,5.833333333333333,1.8421052631578947
24,89,3.4166666666666665,6,4.866666666666666,3.65
24,88,4.25,8,3.736842105263158,3.55
26,78,3.5384615384615383,7,4.294117647058823,3.3181818181818183
25,69,2.96,5,4.583333333333333,2.8947368421052633
23,41,3.3043478260869565,6,5.285714285714286,1.9473684210526316
26,99,3.3846153846153846,6,5.055555555555555,4.136363636363637
24,54,2.875,6,5.555555555555555,2.5
21,75,3.0476190476190474,6,4.857142857142857,4.0
22,39,3.3636363636363638,6,4.857142857142857,1.8888888888888888
15,35,3.8666666666666667,6,3.4285714285714284,1.8461538461538463
25,50,2.96,6,3.5833333333333335,2.0476190476190474
