active_cells,active_edges,average_path_length,longest_path,average_branching_factor,average_merge_factor
8,10,3.25,5,1.8,1.2857142857142858
8,8,2.625,4,2.3333333333333335,1.0
7,8,1.8571428571428572,3,2.5,1.25
8,9,1.375,2,3.0,1.0
9,10,2.888888888888889,5,1.6,1.1428571428571428
8,10,2.75,4,2.25,1.2857142857142858
8,9,2.625,4,2.3333333333333335,1.0
6,7,1.5,3,1.5,1.5
6,7,1.5,3,1.0,1.0
8,11,2.0,3,3.0,1.2
9,9,2.888888888888889,5,1.75,1.0
7,8,2.7142857142857144,4,1.75,1.1666666666666667
8,8,2.125,3,2.0,1.0
9,10,2.888888888888889,5,1.6,1.1428571428571428
8,10,2.75,4,2.25,1.2857142857142858
8,10,2.75,5,1.8,1.2857142857142858
8,8,2.25,4,2.0,1.0
6,7,1.5,3,1.5,1.5
12,35,2.75,5,2.9,2.9
9,11,2.6666666666666665,4,2.25,1.125
13,27,2.5384615384615383,4,3.2857142857142856,2.090909090909091
8,12,2.875,5,1.5,1.2857142857142858
9,11,1.7777777777777777,3,2.5,1.0
9,12,1.7777777777777777,3,2.5,1.0
8,9,2.5,4,2.0,1.1428571428571428
8,9,1.875,3,2.0,1.0
8,11,2.75,5,1.8,1.2857142857142858
7,8,1.8571428571428572,3,2.0,1.0
7,8,1.7142857142857142,3,2.0,1.0
9,11,3.2222222222222223,5,1.8,1.125
14,32,2.9285714285714284,5,3.0,2.5
9,11,3.2222222222222223,5,1.8,1.125
8,8,2.625,4,2.3333333333333335,1.0
8,9,2.25,4,1.75,1.1666666666666667
9,9,3.2222222222222223,5,2.0,1.0
8,13,3.125,5,1.8333333333333333,1.5714285714285714
8,10,2.875,5,1.6,1.1428571428571428
8,9,2.25,4,1.75,1.1666666666666667
8,10,2.75,5,1.8,1.2857142857142858
9,9,3.2222222222222223,5,2.0,1.0
7,7,2.7142857142857144,4,1.5,1.0
8,8,2.125,3,2.0,1.0
9,10,3.2222222222222223,5,2.0,1.0
8,11,1.875,4,2.0,1.5
8,10,2.75,5,1.8,1.2857142857142858
8,10,2.75,5,1.8,1.2857142857142858
9,12,1.4444444444444444,2,2.5,1.25
9,9,3.2222222222222223,5,2.0,1.0
8,10,2.75,5,1.8,1.2857142857142858
8,10,2.5,4,2.0,1.1428571428571428
9,10,3.2222222222222223,5,1.8,1.125
7,8,2.4285714285714284,4,1.4,1.1666666666666667
8,10,2.875,5,1.6,1.1428571428571428
6,6,1.3333333333333333,2,2.0,1.0
7,8,1.4285714285714286,2,3.0,1.0
8,11,2.75,5,2.0,1.1428571428571428
9,11,2.6666666666666665,4,2.25,1.125
14,37,2.9285714285714284,5,3.3,2.75
7,10,2.857142857142857,5,1.8,1.5
8,8,2.125,3,2.0,1.0
7,9,2.142857142857143,4,1.5,1.2
9,9,1.7777777777777777,3,2.5,1.0
7,8,1.8571428571428572,3,2.5,1.25
9,10,3.2222222222222223,5,2.0,1.0
8,8,2.5,4,2.3333333333333335,1.0
7,8,1.8571428571428572,3,2.5,1.25
9,9,3.2222222222222223,5,2.0,1.0
6,7,2.0,4,1.0,1.0
8,8,2.125,3,2.0,1.0
8,9,2.25,4,1.75,1.1666666666666667
8,10,2.75,5,1.8,1.2857142857142858
9,9,3.2222222222222223,5,2.0,1.0
9,10,1.6666666666666667,3,2.5,1.0
8,8,2.625,4,2.3333333333333335,1.0
6,6,1.3333333333333333,2,2.0,1.0
7,8,1.8571428571428572,3,2.0,1.0
9,10,3.2222222222222223,5,2.0,1.0
8,10,2.75,5,1.8,1.2857142857142858
7,9,1.8571428571428572,3,2.5,1.25
9,13,1.5555555555555556,3,2.5,1.25
8,10,2.875,5,1.6,1.1428571428571428
6,6,1.3333333333333333,2,2.0,1.0
8,11,1.625,3,2.0,1.3333333333333333
8,10,2.75,5,1.8,1.2857142857142858
7,9,1.4285714285714286,2,3.0,1.0
9,9,3.2222222222222223,5,2.0,1.0
7,8,2.7142857142857144,4,1.5,1.0
8,8,2.125,3,2.0,1.0
9,10,3.2222222222222223,5,2.0,1.0
8,11,2.25,4,1.6,1.3333333333333333
8,9,2.5,4,2.0,1.1428571428571428
9,10,1.7777777777777777,3,2.5,1.0
6,6,1.3333333333333333,2,2.0,1.0
8,10,2.75,5,1.8,1.2857142857142858
6,8,1.5,3,1.5,1.5
6,9,1.5,3,1.5,1.5
11,28,2.727272727272727,5,2.625,2.625
9,11,2.3333333333333335,4,2.0,1.1428571428571428
14,32,2.7142857142857144,5,2.8,2.3333333333333335
7,11,2.857142857142857,5,1.8,1.5
8,9,2.5,4,2.0,1.1428571428571428
7,12,2.0,3,3.0,1.5
7,8,1.8571428571428572,3,2.5,1.25
8,11,2.25,4,1.6,1.3333333333333333
9,11,3.2222222222222223,5,1.8,1.125
8,8,2.625,4,2.3333333333333335,1.0
7,9,1.8571428571428572,3,2.5,1.25
9,10,3.2222222222222223,5,1.8,1.125
8,10,2.75,5,1.6,1.1428571428571428
8,10,2.875,5,1.6,1.1428571428571428
6,7,1.6666666666666667,3,1.5,1.0
8,10,2.75,5,1.8,1.2857142857142858
9,9,3.2222222222222223,5,2.0,1.0
7,8,2.142857142857143,4,1.5,1.2
8,10,2.75,5,1.8,1.2857142857142858
8,9,2.5,4,2.0,1.1428571428571428
6,7,1.5,3,1.0,1.0
8,11,2.375,4,1.6,1.3333333333333333
6,7,1.5,3,1.5,1.5
8,10,2.75,5,1.8,1.2857142857142858
8,12,2.75,5,1.8,1.2857142857142858
9,10,3.2222222222222223,5,1.8,1.125
13,34,2.923076923076923,5,3.3333333333333335,2.727272727272727
9,10,3.2222222222222223,5,1.8,1.125
7,10,3.0,5,1.8,1.5
8,9,2.5,4,2.0,1.1428571428571428
7,8,1.7142857142857142,3,2.0,1.0
7,8,1.7142857142857142,3,2.0,1.0
8,11,2.375,4,2.0,1.3333333333333333
8,8,2.25,4,2.0,1.0
8,9,3.125,5,1.6,1.1428571428571428
8,11,2.25,4,1.6,1.3333333333333333
8,10,2.75,5,1.8,1.2857142857142858
9,13,1.4444444444444444,2,3.0,1.5
8,10,2.75,5,1.8,1.2857142857142858
7,8,1.8571428571428572,3,2.5,1.25
8,10,1.375,2,3.0,1.0
9,9,2.888888888888889,5,1.75,1.0
8,11,2.875,5,1.5,1.2857142857142858
9,11,1.4444444444444444,2,2.5,1.25
8,9,2.875,5,1.6,1.1428571428571428
7,8,1.8571428571428572,3,2.5,1.25
10,11,2.3,4,1.8,1.125
13,29,2.6923076923076925,5,2.7,2.4545454545454546
9,11,3.2222222222222223,5,1.8,1.125
8,10,2.75,5,1.8,1.2857142857142858
8,9,2.875,5,1.6,1.1428571428571428
6,6,1.5,3,1.0,1.0
7,8,1.8571428571428572,3,2.0,1.0
9,11,3.2222222222222223,5,1.8,1.125
8,8,2.625,4,2.3333333333333335,1.0
8,13,2.875,5,1.6666666666666667,1.4285714285714286
6,6,1.5,3,1.0,1.0
9,11,1.4444444444444444,2,2.5,1.25
8,9,2.5,4,2.0,1.1428571428571428
8,12,1.875,3,2.5,1.25
8,9,2.5,4,2.0,1.1428571428571428
8,10,2.875,5,1.6,1.1428571428571428
8,12,2.375,4,1.5,1.5
6,8,1.5,3,1.0,1.0
9,11,3.2222222222222223,5,1.8,1.125
6,8,2.0,4,1.0,1.0
7,8,2.2857142857142856,4,1.6666666666666667,1.0
8,8,2.25,4,2.0,1.0
6,7,1.5,3,1.5,1.5
8,11,2.25,4,1.75,1.1666666666666667
9,9,2.888888888888889,5,1.75,1.0
7,8,2.4285714285714284,4,1.4,1.1666666666666667
7,10,2.857142857142857,5,1.8,1.5
8,9,2.375,4,1.75,1.1666666666666667
6,7,1.5,3,1.0,1.0
8,11,2.75,5,1.8,1.2857142857142858
9,11,3.2222222222222223,5,1.8,1.125
8,8,2.5,4,2.3333333333333335,1.0
7,8,1.8571428571428572,3,2.5,1.25
9,11,1.3333333333333333,2,3.0,1.0
7,8,1.4285714285714286,2,3.0,1.0
8,12,2.375,4,1.5,1.5
8,10,2.75,5,1.8,1.2857142857142858
7,9,1.8571428571428572,3,2.5,1.25
8,11,1.375,3,1.5,1.5
8,10,2.75,5,1.8,1.2857142857142858
10,12,2.3,4,1.8,1.125
13,32,2.769230769230769,5,2.9,2.6363636363636362
9,12,1.4444444444444444,2,4.0,1.0
9,10,3.2222222222222223,5,1.8,1.125
7,9,2.7142857142857144,4,1.75,1.1666666666666667
8,8,2.125,3,2.0,1.0
7,9,1.7142857142857142,3,2.0,1.0
9,10,3.2222222222222223,5,2.0,1.0
14,32,2.7857142857142856,5,3.75,2.5
9,10,3.2222222222222223,5,2.0,1.0
8,15,3.25,5,2.0,1.7142857142857142
8,11,2.875,5,1.8,1.2857142857142858
8,13,2.875,5,1.6666666666666667,1.4285714285714286
6,6,1.3333333333333333,2,2.0,1.0
7,8,1.8571428571428572,3,2.0,1.0
9,9,3.2222222222222223,5,2.0,1.0
7,10,2.7142857142857144,4,1.75,1.1666666666666667
8,8,2.125,3,2.0,1.0
7,8,1.8571428571428572,3,2.0,1.0
9,10,3.2222222222222223,5,2.0,1.0
11,21,2.4545454545454546,4,2.7142857142857144,2.111111111111111
8,11,2.875,5,1.5,1.2857142857142858
7,8,1.8571428571428572,3,2.0,1.0
9,9,3.2222222222222223,5,2.0,1.0
8,9,2.875,5,1.6,1.1428571428571428
8,12,2.75,5,2.0,1.4285714285714286
8,9,2.5,4,2.0,1.1428571428571428
7,8,1.8571428571428572,3,2.0,1.0
8,12,2.75,5,1.8,1.2857142857142858
9,9,3.2222222222222223,5,2.0,1.0
8,9,2.75,5,1.6,1.1428571428571428
8,10,2.5,4,2.0,1.1428571428571428
9,9,3.2222222222222223,5,2.0,1.0
9,10,1.7777777777777777,3,3.0,1.2
8,10,2.875,5,1.6,1.1428571428571428
6,7,1.6666666666666667,3,1.5,1.0
7,8,1.8571428571428572,3,2.0,1.0
8,12,2.375,4,1.5,1.5
7,9,1.8571428571428572,3,2.5,1.25
8,10,2.75,5,1.8,1.2857142857142858
6,9,1.5,3,1.5,1.5
9,10,2.3333333333333335,4,2.0,1.1428571428571428
13,29,2.769230769230769,5,2.7777777777777777,2.272727272727273
8,8,2.5,4,2.3333333333333335,1.0
7,8,1.7142857142857142,3,2.0,1.0
7,8,1.4285714285714286,2,3.0,1.0
9,9,3.2222222222222223,5,2.0,1.0
8,10,2.75,5,1.8,1.2857142857142858
9,15,3.111111111111111,5,2.4,1.5
8,10,2.75,5,1.8,1.2857142857142858
6,6,1.3333333333333333,2,2.0,1.0
9,9,3.2222222222222223,5,2.0,1.0
8,8,2.625,4,2.3333333333333335,1.0
9,12,1.7777777777777777,3,3.0,1.2
7,8,1.8571428571428572,3,2.0,1.0
8,11,2.75,5,1.8,1.2857142857142858
6,6,1.3333333333333333,2,2.0,1.0
9,10,3.2222222222222223,5,1.8,1.125
8,11,2.25,4,1.6,1.3333333333333333
6,8,1.8333333333333333,3,2.0,1.3333333333333333
8,9,2.375,4,1.75,1.1666666666666667
8,9,2.375,4,1.75,1.1666666666666667
9,10,1.4444444444444444,2,4.0,1.0
12,33,2.75,6,2.888888888888889,2.888888888888889
9,9,1.7777777777777777,3,2.0,1.0
14,33,2.7142857142857144,5,2.8181818181818183,2.5833333333333335
8,10,2.75,5,1.8,1.2857142857142858
6,8,1.8333333333333333,3,2.0,1.3333333333333333
8,10,2.75,5,1.8,1.2857142857142858
9,11,3.2222222222222223,5,1.8,1.125
8,15,3.25,5,2.2,1.5714285714285714
7,10,2.857142857142857,4,2.25,1.5
8,8,2.25,4,2.0,1.0
6,7,1.5,3,1.0,1.0
8,10,2.125,4,2.3333333333333335,1.4
7,11,1.7142857142857142,3,2.5,1.6666666666666667
8,9,2.5,4,2.0,1.1428571428571428
8,9,2.125,3,2.3333333333333335,1.1666666666666667
15,46,2.8666666666666667,5,4.3,3.5833333333333335
10,14,1.7,3,2.5,1.0
9,11,1.5555555555555556,3,2.0,1.0
14,31,3.0,6,2.6363636363636362,2.4166666666666665
13,22,1.6153846153846154,3,3.25,1.8571428571428572
14,27,2.7857142857142856,5,2.7777777777777777,2.0833333333333335
13,22,2.230769230769231,4,3.4,1.8888888888888888
15,28,2.6666666666666665,5,2.888888888888889,2.0
15,27,2.6,5,3.5714285714285716,1.9230769230769231
16,43,3.375,6,3.272727272727273,2.5714285714285716
8,11,2.75,4,1.8,1.2857142857142858
13,26,2.3846153846153846,4,3.0,2.1818181818181817
8,9,2.5,4,2.0,1.1428571428571428
9,11,1.7777777777777777,3,2.0,1.2
7,8,1.8571428571428572,3,2.5,1.25
8,9,2.5,4,2.0,1.1428571428571428
8,9,2.375,4,1.75,1.1666666666666667
6,7,1.3333333333333333,2,2.0,1.0
9,10,3.2222222222222223,5,2.0,1.0
14,32,2.2857142857142856,4,2.727272727272727,2.5
8,9,2.375,4,1.75,1.1666666666666667
6,8,1.8333333333333333,3,2.0,1.3333333333333333
7,8,1.8571428571428572,3,2.0,1.0
8,10,2.75,5,1.8,1.2857142857142858
7,9,1.8571428571428572,3,2.5,1.25
6,7,1.1666666666666667,2,1.0,1.0
8,9,2.5,4,2.0,1.1428571428571428
8,10,3.0,5,1.6,1.3333333333333333
8,13,2.5,4,1.6666666666666667,1.4285714285714286
9,9,3.2222222222222223,5,2.0,1.0
12,25,2.5833333333333335,5,2.5555555555555554,2.3
9,9,3.2222222222222223,5,2.0,1.0
8,9,2.75,4,2.6666666666666665,1.1428571428571428
8,8,2.25,4,2.0,1.0
9,18,3.2222222222222223,6,2.0,1.75
8,9,2.25,4,1.4,1.1666666666666667
9,10,3.2222222222222223,5,2.0,1.0
8,10,2.875,5,1.6,1.1428571428571428
9,10,1.5555555555555556,3,1.6666666666666667,1.25
7,7,1.8571428571428572,3,2.0,1.0
8,10,2.75,5,1.8,1.2857142857142858
7,8,1.8571428571428572,3,2.5,1.25
9,10,3.2222222222222223,5,2.0,1.0
8,9,2.75,4,2.6666666666666665,1.1428571428571428
8,10,2.75,5,1.8,1.2857142857142858
8,8,2.25,4,2.0,1.0
6,6,1.3333333333333333,2,2.0,1.0
7,7,1.2857142857142858,2,2.0,1.0
9,12,2.6666666666666665,4,2.25,1.125
14,29,3.0,5,3.0,2.25
9,12,1.5555555555555556,3,2.5,1.25
9,10,3.2222222222222223,5,2.0,1.0
8,10,2.5,4,2.0,1.1428571428571428
8,9,2.625,4,1.75,1.1666666666666667
7,9,1.8571428571428572,3,1.6666666666666667,1.0
6,6,1.3333333333333333,2,2.0,1.0
9,10,3.2222222222222223,5,2.0,1.0
8,10,2.75,5,1.8,1.2857142857142858
7,9,1.8571428571428572,3,2.5,1.25
7,8,1.8571428571428572,3,2.0,1.0
8,9,2.5,4,2.0,1.1428571428571428
6,7,1.3333333333333333,2,2.0,1.0
8,10,2.75,5,1.8,1.2857142857142858
9,10,3.2222222222222223,5,2.0,1.0
8,8,2.625,4,2.3333333333333335,1.0
9,12,1.5555555555555556,3,2.5,1.25
9,11,1.5555555555555556,3,2.5,1.25
8,10,2.75,5,1.8,1.2857142857142858
8,12,1.875,3,2.5,1.25
7,8,1.8571428571428572,3,2.0,1.0
8,9,2.5,4,2.0,1.1428571428571428
8,10,3.0,5,1.6,1.3333333333333333
7,8,1.8571428571428572,3,2.5,1.25
9,9,3.2222222222222223,5,2.0,1.0
7,8,2.7142857142857144,4,1.5,1.0
8,9,2.625,4,1.75,1.1666666666666667
9,10,3.2222222222222223,5,2.0,1.0
14,31,2.7142857142857144,5,2.6363636363636362,2.4166666666666665
8,9,2.5,4,2.0,1.1428571428571428
8,8,2.625,4,2.3333333333333335,1.0
7,8,1.8571428571428572,3,2.5,1.25
8,13,1.875,3,3.0,1.5
8,9,2.625,4,2.3333333333333335,1.0
12,29,2.6666666666666665,5,2.857142857142857,2.5
9,12,2.6666666666666665,4,2.25,1.125
13,31,2.923076923076923,5,2.6363636363636362,2.6363636363636362
7,9,2.2857142857142856,4,2.0,1.2
7,8,1.4285714285714286,2,3.0,1.0
9,9,3.2222222222222223,5,2.0,1.0
6,8,2.5,4,1.3333333333333333,1.0
8,9,2.5,4,2.0,1.1428571428571428
7,8,1.8571428571428572,3,2.5,1.25
8,12,1.875,3,2.5,1.25
8,11,2.75,5,1.8,1.2857142857142858
9,10,3.2222222222222223,5,2.0,1.0
8,9,2.75,5,1.6,1.1428571428571428
8,9,2.5,4,2.0,1.1428571428571428
7,8,1.8571428571428572,3,2.5,1.25
8,10,2.75,5,1.8,1.2857142857142858
9,9,3.2222222222222223,5,2.0,1.0
8,10,2.75,5,1.8,1.2857142857142858
8,10,2.5,4,2.0,1.1428571428571428
8,10,2.75,5,1.8,1.2857142857142858
7,9,1.4285714285714286,3,1.0,1.0
9,9,3.2222222222222223,5,2.0,1.0
8,8,2.625,4,2.3333333333333335,1.0
6,7,1.5,3,1.5,1.5
8,10,2.75,5,1.8,1.2857142857142858
9,9,3.2222222222222223,5,2.0,1.0
7,10,3.0,5,1.8,1.5
8,9,2.5,4,2.0,1.1428571428571428
7,9,1.8571428571428572,3,2.5,1.25
7,8,1.8571428571428572,3,2.5,1.25
8,10,2.75,5,1.8,1.2857142857142858
7,9,1.4285714285714286,3,1.0,1.0
7,9,1.4285714285714286,3,1.0,1.0
9,9,3.2222222222222223,5,2.0,1.0
8,10,2.875,5,1.6,1.1428571428571428
9,13,1.7777777777777777,3,2.3333333333333335,1.4
9,10,3.2222222222222223,5,1.8,1.125
7,10,2.857142857142857,5,1.8,1.5
7,11,2.857142857142857,4,2.25,1.5
6,8,1.8333333333333333,3,2.0,1.3333333333333333
9,9,2.888888888888889,5,1.75,1.0
8,10,2.125,4,2.3333333333333335,1.4
8,9,1.375,2,3.0,1.0
8,9,3.125,5,1.6,1.1428571428571428
8,8,2.625,4,2.3333333333333335,1.0
6,6,1.5,3,1.0,1.0
9,10,2.888888888888889,5,1.6,1.1428571428571428
9,11,1.7777777777777777,3,2.5,1.0
8,9,2.875,5,1.75,1.0
6,8,1.8333333333333333,3,2.0,1.3333333333333333
9,10,2.888888888888889,5,1.6,1.1428571428571428
8,8,2.625,4,2.3333333333333335,1.0
6,6,1.5,3,1.0,1.0
9,11,3.2222222222222223,5,1.8,1.125
12,25,2.3333333333333335,4,2.25,1.8
8,9,2.375,4,1.75,1.1666666666666667
8,9,2.25,4,1.75,1.1666666666666667
8,10,2.75,5,1.8,1.2857142857142858
11,26,2.4545454545454546,5,2.7142857142857144,2.7142857142857144
9,12,2.6666666666666665,4,2.0,1.25
13,27,2.6923076923076925,5,2.7777777777777777,2.272727272727273
7,8,1.8571428571428572,3,2.5,1.25
7,8,1.4285714285714286,2,3.0,1.0
9,10,3.2222222222222223,5,1.8,1.125
6,8,2.6666666666666665,5,1.0,1.0
8,8,2.125,3,2.0,1.0
9,11,3.2222222222222223,5,1.8,1.125
7,7,2.7142857142857144,4,1.5,1.0
8,8,2.125,3,2.0,1.0
9,11,3.2222222222222223,5,1.8,1.125
13,28,2.6153846153846154,4,3.125,2.272727272727273
6,9,2.3333333333333335,4,1.6666666666666667,1.25
8,9,2.5,4,2.0,1.1428571428571428
9,12,1.5555555555555556,3,2.0,1.5
8,9,2.875,5,1.6,1.1428571428571428
7,8,1.4285714285714286,2,3.0,1.0
8,9,2.5,4,2.0,1.1428571428571428
8,12,2.75,5,1.8,1.2857142857142858
9,11,3.2222222222222223,5,1.8,1.125
8,9,2.5,4,2.0,1.1428571428571428
9,11,1.5555555555555556,3,2.5,1.25
9,10,3.2222222222222223,5,1.8,1.125
14,31,2.7857142857142856,5,3.0,2.25
8,8,2.375,4,2.0,1.0
7,7,1.4285714285714286,2,3.0,1.0
9,10,3.2222222222222223,5,1.8,1.125
7,9,2.4285714285714284,4,1.4,1.1666666666666667
8,10,2.75,5,1.8,1.2857142857142858
7,8,1.8571428571428572,3,2.5,1.25
7,8,1.2857142857142858,2,2.0,1.0
9,11,3.2222222222222223,5,1.8,1.125
8,9,2.75,5,1.6,1.1428571428571428
8,10,2.75,5,1.8,1.2857142857142858
9,9,3.2222222222222223,5,2.0,1.0
7,9,2.4285714285714284,4,1.4,1.1666666666666667
8,9,2.5,4,2.0,1.1428571428571428
9,13,1.5555555555555556,3,2.5,1.25
8,10,2.75,5,1.8,1.2857142857142858
11,27,2.909090909090909,6,2.4444444444444446,2.75
10,12,1.5,3,2.0,1.0
9,11,1.5555555555555556,3,2.0,1.0
14,34,3.0,6,3.2222222222222223,2.4166666666666665
14,17,1.6428571428571428,3,2.5,1.25
14,30,2.857142857142857,5,3.111111111111111,2.3333333333333335
13,22,2.769230769230769,5,3.1666666666666665,1.7272727272727273
14,24,2.4285714285714284,4,3.6666666666666665,1.8333333333333333
14,25,2.5,4,3.2857142857142856,1.9166666666666667
16,45,3.4375,6,3.25,2.7857142857142856
9,11,2.6666666666666665,4,2.25,1.125
13,28,2.6923076923076925,5,2.888888888888889,2.3636363636363638
7,11,2.857142857142857,5,1.8,1.5
8,9,2.625,4,2.3333333333333335,1.0
7,7,1.8571428571428572,3,2.0,1.0
9,10,3.2222222222222223,5,1.8,1.125
8,13,2.875,5,1.8333333333333333,1.8333333333333333
8,10,2.875,5,1.6,1.1428571428571428
7,9,2.142857142857143,4,1.5,1.2
7,8,1.8571428571428572,3,2.5,1.25
7,8,1.8571428571428572,3,2.0,1.0
6,7,1.3333333333333333,2,2.0,1.0
8,9,2.5,4,2.0,1.1428571428571428
8,9,2.25,4,1.75,1.1666666666666667
8,8,2.625,4,2.3333333333333335,1.0
7,9,1.8571428571428572,3,2.5,1.25
8,11,2.25,4,1.75,1.1666666666666667
9,9,3.2222222222222223,5,2.0,1.0
12,27,2.9166666666666665,5,3.125,2.5
9,9,3.2222222222222223,5,2.0,1.0
9,11,1.8888888888888888,3,2.0,1.0
6,7,2.1666666666666665,4,1.3333333333333333,1.0
8,8,2.625,4,2.3333333333333335,1.0
8,10,2.5,4,2.0,1.1428571428571428
10,22,2.4,5,1.8888888888888888,2.4285714285714284
10,12,1.5,3,2.0,1.0
9,11,1.5555555555555556,3,2.0,1.0
14,24,1.7857142857142858,3,2.5714285714285716,2.0
7,9,2.7142857142857144,5,1.6,1.3333333333333333
7,8,1.4285714285714286,2,3.0,1.0
8,9,2.625,4,2.3333333333333335,1.0
7,8,1.8571428571428572,3,2.5,1.25
7,8,1.8571428571428572,3,2.0,1.0
14,44,3.2857142857142856,7,3.7,3.3636363636363638
9,11,2.3333333333333335,4,2.0,1.1428571428571428
11,21,2.727272727272727,5,3.1666666666666665,2.111111111111111
9,13,1.5555555555555556,3,2.5,1.25
9,9,3.2222222222222223,5,2.0,1.0
14,27,2.4285714285714284,4,2.5,2.0833333333333335
8,8,2.625,4,2.3333333333333335,1.0
7,8,1.8571428571428572,3,2.5,1.25
7,9,1.8571428571428572,3,2.5,1.25
8,12,2.375,4,1.5,1.5
8,8,2.625,4,2.3333333333333335,1.0
12,34,2.3333333333333335,5,2.6,3.25
10,13,1.6,3,2.0,1.0
9,11,1.5555555555555556,3,2.0,1.0
16,44,3.375,6,3.888888888888889,2.5
14,23,1.6428571428571428,3,3.2,2.0
14,31,2.857142857142857,5,3.25,2.1666666666666665
13,24,2.230769230769231,4,3.3333333333333335,2.2222222222222223
14,33,2.9285714285714284,5,2.9,2.4166666666666665
14,28,2.5714285714285716,4,3.25,2.1666666666666665
15,43,3.066666666666667,5,3.0833333333333335,2.8461538461538463
10,13,2.2,4,2.0,1.1428571428571428
15,33,3.066666666666667,5,3.3333333333333335,2.3076923076923075
9,11,1.7777777777777777,3,2.0,1.2
9,10,3.2222222222222223,5,1.8,1.125
15,31,3.0,5,2.9,2.230769230769231
8,8,2.625,4,2.3333333333333335,1.0
7,8,1.8571428571428572,3,2.5,1.25
8,14,3.125,5,2.0,1.7142857142857142
8,9,2.5,4,2.0,1.1428571428571428
7,8,1.8571428571428572,3,2.5,1.25
8,9,1.875,3,2.5,1.0
9,10,2.888888888888889,5,1.6,1.1428571428571428
8,9,2.75,4,2.6666666666666665,1.1428571428571428
8,9,2.5,4,2.0,1.1428571428571428
6,6,1.5,3,1.0,1.0
9,10,2.888888888888889,5,1.6,1.1428571428571428
9,10,1.7777777777777777,3,2.0,1.2
8,9,2.375,4,1.75,1.1666666666666667
8,10,3.0,5,1.6,1.3333333333333333
7,7,1.4285714285714286,2,3.0,1.0
9,9,2.888888888888889,5,1.75,1.0
8,8,2.625,4,2.3333333333333335,1.0
6,7,1.5,3,1.5,1.5
8,9,2.25,4,1.75,1.1666666666666667
6,7,1.5,3,1.0,1.0
9,11,3.2222222222222223,5,1.8,1.125
8,8,2.5,4,2.3333333333333335,1.0
7,8,1.8571428571428572,3,2.5,1.25
9,11,3.2222222222222223,5,1.8,1.125
7,9,2.4285714285714284,4,1.4,1.1666666666666667
8,12,2.875,5,1.6666666666666667,1.4285714285714286
6,7,1.5,3,1.0,1.0
7,8,1.8571428571428572,3,2.0,1.0
9,10,2.4444444444444446,4,2.25,1.125
9,10,3.2222222222222223,5,2.0,1.0
6,10,3.1666666666666665,5,1.25,1.0
7,9,2.7142857142857144,4,1.5,1.0
6,6,1.3333333333333333,2,2.0,1.0
8,8,2.125,3,2.0,1.0
9,10,1.2222222222222223,2,1.5,1.5
8,11,2.75,5,1.8,1.2857142857142858
10,11,2.3,4,1.8,1.125
14,34,2.857142857142857,5,3.1,2.5833333333333335
8,8,2.125,3,2.0,1.0
9,11,3.2222222222222223,5,1.8,1.125
7,8,2.7142857142857144,4,1.5,1.0
7,10,2.857142857142857,5,1.8,1.5
8,10,2.75,5,1.8,1.2857142857142858
9,9,2.888888888888889,5,1.75,1.0
6,7,2.0,4,1.0,1.0
8,9,2.75,4,2.6666666666666665,1.1428571428571428
8,8,2.125,3,2.0,1.0
6,6,1.3333333333333333,2,2.0,1.0
8,9,2.25,4,1.4,1.1666666666666667
8,10,2.25,4,1.75,1.1666666666666667
9,10,3.2222222222222223,5,2.0,1.0
7,7,2.7142857142857144,4,1.5,1.0
8,9,2.75,4,2.6666666666666665,1.1428571428571428
8,8,2.25,4,2.0,1.0
7,8,1.8571428571428572,3,2.0,1.0
9,10,3.2222222222222223,5,2.0,1.0
8,9,2.875,5,1.75,1.0
13,33,3.0,5,3.111111111111111,2.8
8,10,2.75,5,1.8,1.2857142857142858
6,6,1.3333333333333333,2,2.0,1.0
9,9,3.2222222222222223,5,2.0,1.0
8,10,2.75,4,2.6666666666666665,1.1428571428571428
8,9,2.5,4,2.0,1.1428571428571428
6,7,1.5,3,1.0,1.0
9,10,3.2222222222222223,5,2.0,1.0
8,11,2.5,4,2.0,1.4285714285714286
8,9,2.625,4,2.3333333333333335,1.0
9,15,3.111111111111111,5,2.2,1.375
8,9,2.25,4,1.4,1.1666666666666667
13,36,3.1538461538461537,6,3.3,3.0
7,8,2.4285714285714284,4,1.4,1.1666666666666667
8,9,2.375,4,1.75,1.1666666666666667
6,6,1.3333333333333333,2,2.0,1.0
7,8,1.8571428571428572,3,2.5,1.25
9,10,3.2222222222222223,5,2.0,1.0
12,23,2.5833333333333335,4,3.0,2.1
8,8,2.625,4,2.3333333333333335,1.0
6,7,1.5,3,1.0,1.0
8,9,2.5,4,2.0,1.1428571428571428
6,7,1.5,3,1.0,1.0
9,10,3.2222222222222223,5,2.0,1.0
12,23,2.5833333333333335,4,3.0,2.1
8,9,2.875,5,1.6,1.1428571428571428
7,7,1.7142857142857142,3,2.0,1.0
13,33,3.1538461538461537,6,2.7,2.7
7,8,1.4285714285714286,2,3.0,1.0
8,12,2.75,5,2.0,1.1428571428571428
9,12,2.6666666666666665,4,2.0,1.25
13,31,2.8461538461538463,5,3.2222222222222223,2.6363636363636362
6,6,2.0,4,1.0,1.0
9,9,3.2222222222222223,5,2.0,1.0
6,7,2.0,4,1.0,1.0
7,8,2.7142857142857144,4,1.5,1.0
8,8,2.125,3,2.0,1.0
8,8,2.125,3,2.0,1.0
9,9,1.4444444444444444,2,4.0,1.0
8,9,2.5,4,2.0,1.1428571428571428
7,8,1.8571428571428572,3,2.5,1.25
9,10,1.2222222222222223,2,2.0,1.0
9,11,3.2222222222222223,5,1.8,1.125
7,8,2.7142857142857144,4,1.5,1.0
8,8,2.125,3,2.0,1.0
9,10,3.2222222222222223,5,2.0,1.0
6,7,2.3333333333333335,4,1.6666666666666667,1.25
8,10,2.75,5,1.8,1.2857142857142858
7,9,1.4285714285714286,2,3.0,1.0
8,9,2.5,4,2.0,1.1428571428571428
8,10,2.75,5,1.8,1.2857142857142858
9,16,3.111111111111111,5,2.4,1.5
8,10,2.75,5,1.8,1.2857142857142858
9,9,3.2222222222222223,5,2.0,1.0
7,10,2.857142857142857,5,1.8,1.5
8,10,2.5,4,2.0,1.1428571428571428
8,10,2.25,4,1.75,1.1666666666666667
13,37,2.923076923076923,5,3.1,2.8181818181818183
9,9,3.2222222222222223,5,2.0,1.0
13,33,2.8461538461538463,5,3.2222222222222223,2.6363636363636362
9,9,3.2222222222222223,5,2.0,1.0
7,9,2.7142857142857144,4,1.75,1.1666666666666667
8,8,2.125,3,2.0,1.0
7,9,1.8571428571428572,3,2.5,1.25
9,10,3.2222222222222223,5,1.8,1.125
8,11,2.25,4,1.6,1.3333333333333333
8,8,2.125,3,2.0,1.0
7,9,2.142857142857143,4,1.5,1.2
11,19,2.0,3,3.75,2.142857142857143
7,9,1.8571428571428572,3,2.5,1.25
10,12,2.3,4,1.8,1.125
14,34,2.7857142857142856,5,2.909090909090909,2.6666666666666665
7,12,3.142857142857143,5,2.0,1.6666666666666667
8,10,1.875,3,1.6666666666666667,1.0
8,9,3.125,5,1.6,1.1428571428571428
9,12,1.6666666666666667,3,2.0,1.5
8,9,2.5,4,2.0,1.1428571428571428
6,6,1.5,3,1.0,1.0
7,8,1.4285714285714286,3,1.0,1.0
9,10,2.888888888888889,5,1.6,1.1428571428571428
8,11,2.75,5,1.8,1.2857142857142858
8,10,2.75,5,1.8,1.2857142857142858
8,12,2.25,4,1.5,1.5
9,11,3.2222222222222223,5,1.8,1.125
12,26,2.25,4,2.4444444444444446,2.2
8,8,2.625,4,2.3333333333333335,1.0
7,7,1.8571428571428572,3,2.0,1.0
8,11,2.75,5,1.8,1.2857142857142858
8,12,2.25,4,1.5,1.5
9,9,3.2222222222222223,5,2.0,1.0
8,12,3.125,5,2.2,1.5714285714285714
8,10,2.75,5,1.8,1.2857142857142858
9,10,3.2222222222222223,5,1.8,1.125
8,12,3.125,5,2.2,1.5714285714285714
8,8,2.5,4,2.3333333333333335,1.0
7,8,1.4285714285714286,2,3.0,1.0
7,8,1.4285714285714286,2,3.0,1.0
9,10,3.2222222222222223,5,2.0,1.0
10,19,2.5,4,2.4285714285714284,2.125
8,10,2.75,5,1.8,1.2857142857142858
9,9,3.2222222222222223,5,2.0,1.0
8,9,2.75,5,1.6,1.1428571428571428
8,8,2.625,4,2.3333333333333335,1.0
6,7,1.5,3,1.5,1.5
6,7,1.5,3,1.5,1.5
8,9,2.5,4,2.0,1.1428571428571428
8,10,2.75,5,1.8,1.2857142857142858
7,7,1.2857142857142858,2,2.0,1.0
9,10,3.2222222222222223,5,2.0,1.0
8,9,2.875,5,1.6,1.1428571428571428
14,37,3.0714285714285716,5,4.0,2.909090909090909
13,28,2.6153846153846154,5,2.6666666666666665,2.1818181818181817
8,13,2.875,5,1.6666666666666667,1.4285714285714286
7,9,1.8571428571428572,3,2.5,1.25
7,8,1.4285714285714286,2,3.0,1.0
8,9,2.625,4,2.3333333333333335,1.0
8,11,2.5,4,2.0,1.1428571428571428
11,27,2.8181818181818183,6,2.3333333333333335,2.625
10,12,1.5,3,2.0,1.0
9,11,1.5555555555555556,3,2.0,1.0
15,25,1.7333333333333334,4,2.8333333333333335,2.125
13,18,1.6923076923076923,3,3.0,1.5
13,26,2.076923076923077,4,2.375,2.111111111111111
13,24,2.3076923076923075,4,2.625,1.9090909090909092
14,26,2.4285714285714284,4,3.4285714285714284,2.0
14,23,2.357142857142857,4,3.5,1.75
15,44,3.066666666666667,5,3.0,2.769230769230769
9,11,2.6666666666666665,4,2.0,1.25
13,28,2.6923076923076925,5,3.25,2.3636363636363638
8,8,2.625,4,2.3333333333333335,1.0
6,6,1.5,3,1.0,1.0
9,9,3.2222222222222223,5,2.0,1.0
8,10,2.75,5,1.8,1.2857142857142858
9,15,3.111111111111111,5,2.4,1.5
8,10,2.75,5,1.8,1.2857142857142858
6,7,1.3333333333333333,2,2.0,1.0
9,9,3.2222222222222223,5,2.0,1.0
8,9,2.75,5,1.6,1.1428571428571428
8,8,2.625,4,2.3333333333333335,1.0
7,8,1.8571428571428572,3,2.0,1.0
8,12,1.875,3,2.5,1.25
7,9,1.8571428571428572,3,2.5,1.25
9,9,3.2222222222222223,5,2.0,1.0
8,15,3.25,5,1.8333333333333333,1.5714285714285714
7,11,1.7142857142857142,3,1.6666666666666667,1.25
8,9,2.625,4,2.3333333333333335,1.0
9,12,1.4444444444444444,2,4.0,1.0
9,12,1.4444444444444444,2,4.0,1.0
12,29,2.5833333333333335,5,2.4,3.0
7,8,1.4285714285714286,2,3.0,1.0
9,9,3.2222222222222223,5,2.0,1.0
8,10,2.875,5,1.6,1.1428571428571428
9,10,1.4444444444444444,2,4.0,1.0
9,9,3.2222222222222223,5,2.0,1.0
6,7,2.0,4,1.0,1.0
8,8,2.125,3,2.0,1.0
9,10,3.2222222222222223,5,2.0,1.0
6,7,2.0,4,1.0,1.0
8,13,2.875,5,1.6666666666666667,1.4285714285714286
7,7,1.4285714285714286,2,3.0,1.0
7,7,1.4285714285714286,2,3.0,1.0
8,10,2.75,5,1.8,1.2857142857142858
7,9,1.8571428571428572,3,2.5,1.25
7,9,1.4285714285714286,2,3.0,1.0
8,10,2.5,4,2.0,1.1428571428571428
10,22,2.4,5,2.0,2.5714285714285716
10,12,1.5,3,2.0,1.0
9,11,1.5555555555555556,3,2.0,1.0
14,27,2.2857142857142856,5,2.625,2.1
14,29,2.142857142857143,4,4.6,2.5555555555555554
13,23,1.9230769230769231,4,2.375,2.111111111111111
15,46,3.1333333333333333,5,3.727272727272727,3.1538461538461537
14,34,2.142857142857143,4,3.0,3.0
13,26,2.3076923076923075,4,2.875,2.090909090909091
15,46,3.2,6,3.230769230769231,3.230769230769231
13,27,2.6923076923076925,5,2.5,2.272727272727273
14,40,3.0,5,3.0,2.75
9,13,2.6666666666666665,4,2.0,1.25
14,26,2.5,4,2.0,1.6666666666666667
8,8,2.625,4,2.3333333333333335,1.0
8,9,2.5,4,2.0,1.1428571428571428
7,8,1.8571428571428572,3,2.0,1.0
7,8,1.8571428571428572,3,2.5,1.25
8,12,2.25,4,1.5,1.5
9,10,3.2222222222222223,5,1.8,1.125
9,9,1.7777777777777777,3,2.5,1.0
8,10,2.75,5,1.8,1.2857142857142858
7,8,1.8571428571428572,3,2.5,1.25
7,9,1.8571428571428572,3,2.5,1.25
7,8,1.4285714285714286,2,3.0,1.0
8,10,2.75,5,1.8,1.2857142857142858
8,10,2.25,4,1.75,1.1666666666666667
8,10,2.75,5,1.8,1.2857142857142858
7,9,1.8571428571428572,3,2.5,1.25
8,13,2.75,5,1.6666666666666667,1.4285714285714286
9,9,3.2222222222222223,5,2.0,1.0
7,9,2.7142857142857144,4,1.75,1.1666666666666667
8,9,2.375,4,1.75,1.1666666666666667
7,8,1.7142857142857142,3,2.0,1.0
9,10,3.2222222222222223,5,1.8,1.125
13,32,2.8461538461538463,5,3.111111111111111,2.5454545454545454
8,11,2.75,5,1.6666666666666667,1.4285714285714286
7,10,1.7142857142857142,3,2.0,1.3333333333333333
7,10,1.7142857142857142,3,2.0,1.3333333333333333
9,12,2.6666666666666665,4,2.0,1.25
13,27,2.6153846153846154,5,2.5,2.272727272727273
7,8,1.8571428571428572,3,2.5,1.25
7,8,1.4285714285714286,2,3.0,1.0
9,11,3.2222222222222223,5,1.8,1.125
7,8,2.7142857142857144,4,1.75,1.1666666666666667
8,9,2.5,4,2.0,1.1428571428571428
8,9,2.25,4,1.75,1.1666666666666667
8,10,2.75,5,1.8,1.2857142857142858
9,11,3.2222222222222223,5,1.8,1.125
7,8,2.7142857142857144,4,1.75,1.1666666666666667
8,8,2.125,3,2.0,1.0
9,11,3.2222222222222223,5,1.8,1.125
6,7,2.0,4,1.0,1.0
9,11,1.5555555555555556,3,2.0,1.5
8,10,2.75,5,1.8,1.2857142857142858
8,8,2.625,4,2.3333333333333335,1.0
9,11,1.4444444444444444,3,1.3333333333333333,1.3333333333333333
9,11,3.2222222222222223,5,1.8,1.125
8,8,2.5,4,2.3333333333333335,1.0
7,8,1.8571428571428572,3,2.0,1.0
9,11,3.2222222222222223,5,1.8,1.125
8,8,2.5,4,2.3333333333333335,1.0
7,9,2.2857142857142856,4,2.0,1.2
12,36,3.0833333333333335,6,3.0,3.0
9,10,3.2222222222222223,5,2.0,1.0
9,10,2.4444444444444446,4,2.25,1.125
8,8,2.125,3,2.0,1.0
7,9,1.8571428571428572,3,1.6666666666666667,1.0
9,9,3.2222222222222223,5,2.0,1.0
6,8,2.8333333333333335,4,1.5,1.2
8,13,2.875,5,1.6666666666666667,1.4285714285714286
9,15,1.7777777777777777,3,2.75,2.2
9,9,3.2222222222222223,5,2.0,1.0
7,8,2.7142857142857144,4,1.5,1.0
7,10,2.2857142857142856,4,1.75,1.4
8,11,2.75,5,1.8,1.2857142857142858
9,11,3.2222222222222223,5,1.8,1.125
6,8,2.0,4,1.0,1.0
8,8,2.125,3,2.0,1.0
6,6,1.3333333333333333,2,2.0,1.0
8,11,2.75,5,1.8,1.2857142857142858
8,10,2.25,4,1.75,1.1666666666666667
10,12,2.9,5,2.0,1.1111111111111112
14,30,2.7142857142857144,5,3.0,2.25
7,10,2.857142857142857,5,1.8,1.5
8,10,2.75,5,1.8,1.2857142857142858
7,8,1.8571428571428572,3,2.5,1.25
9,11,3.2222222222222223,5,1.8,1.125
8,10,2.5,4,2.0,1.1428571428571428
8,8,2.125,3,2.0,1.0
7,9,1.8571428571428572,3,1.6666666666666667,1.0
9,10,3.2222222222222223,5,2.0,1.0
6,7,2.0,4,1.0,1.0
8,9,2.75,4,2.6666666666666665,1.1428571428571428
8,9,2.375,4,1.75,1.1666666666666667
7,10,2.142857142857143,4,1.5,1.2
7,8,1.4285714285714286,2,3.0,1.0
7,8,1.4285714285714286,2,3.0,1.0
9,10,3.2222222222222223,5,2.0,1.0
12,23,2.5833333333333335,4,3.0,2.1
6,7,1.6666666666666667,3,1.5,1.0
8,9,2.5,4,2.0,1.1428571428571428
7,9,1.8571428571428572,3,2.5,1.25
10,12,1.2,2,2.0,1.0
9,10,3.2222222222222223,5,2.0,1.0
7,8,2.7142857142857144,4,1.5,1.0
7,10,2.2857142857142856,4,1.75,1.4
8,10,2.75,5,1.8,1.2857142857142858
9,10,3.2222222222222223,5,2.0,1.0
9,11,1.6666666666666667,3,2.5,1.0
7,9,2.142857142857143,4,1.5,1.2
8,8,2.625,4,2.3333333333333335,1.0
6,7,1.5,3,1.0,1.0
7,8,1.8571428571428572,3,2.0,1.0
8,11,2.75,5,1.8,1.2857142857142858
6,7,1.3333333333333333,2,2.0,1.0
11,25,2.8181818181818183,6,2.5,2.5
10,12,1.5,3,2.0,1.0
9,11,1.5555555555555556,3,2.0,1.0
15,26,1.7333333333333334,3,3.6,2.25
14,29,1.7857142857142858,3,3.6,2.25
14,28,2.642857142857143,5,2.75,2.0
14,31,2.857142857142857,5,3.25,2.1666666666666665
13,27,2.076923076923077,3,3.142857142857143,2.2
15,45,3.2,6,3.1538461538461537,3.1538461538461537
14,33,2.642857142857143,5,2.8,2.5454545454545454
14,32,2.857142857142857,5,2.727272727272727,2.5
13,23,2.769230769230769,5,3.3333333333333335,1.8181818181818181
15,46,3.066666666666667,5,3.25,3.0
9,12,2.6666666666666665,4,2.25,1.125
13,27,2.3076923076923075,4,2.875,2.090909090909091
8,10,2.75,5,1.8,1.2857142857142858
6,7,1.5,3,1.5,1.5
8,10,2.5,4,2.0,1.1428571428571428
9,9,3.2222222222222223,5,2.0,1.0
7,9,2.4285714285714284,4,1.6,1.3333333333333333
8,10,2.75,5,1.8,1.2857142857142858
7,8,1.4285714285714286,2,3.0,1.0
7,9,1.4285714285714286,2,3.0,1.0
11,30,2.8181818181818183,6,2.3,2.875
11,14,1.6363636363636365,3,2.5,1.0
9,11,1.5555555555555556,3,2.0,1.0
14,29,2.142857142857143,4,4.6,2.5555555555555554
14,24,2.142857142857143,4,3.6,2.0
14,44,3.2142857142857144,6,3.6363636363636362,3.3333333333333335
14,31,2.7857142857142856,5,2.8,2.3333333333333335
13,26,2.4615384615384617,4,3.6666666666666665,2.2
15,35,2.8,5,2.909090909090909,2.4615384615384617
15,30,2.7333333333333334,5,3.111111111111111,2.1538461538461537
15,43,3.066666666666667,5,3.0833333333333335,2.8461538461538463
9,11,2.2222222222222223,4,1.75,1.1666666666666667
13,29,2.769230769230769,5,3.0,2.4545454545454546
7,8,1.8571428571428572,3,2.5,1.25
7,8,1.4285714285714286,2,3.0,1.0
8,8,3.125,5,1.75,1.0
8,10,2.75,5,1.8,1.2857142857142858
8,9,2.875,5,1.6,1.1428571428571428
6,7,1.5,3,1.0,1.0
7,9,1.8571428571428572,3,2.5,1.25
9,10,3.2222222222222223,5,1.8,1.125
8,14,2.875,5,1.8333333333333333,1.8333333333333333
7,9,2.7142857142857144,4,1.75,1.1666666666666667
8,9,2.5,4,2.0,1.1428571428571428
6,7,1.5,3,1.5,1.5
8,9,2.875,5,1.6,1.1428571428571428
8,13,2.75,5,2.25,1.5
14,43,2.9285714285714284,5,4.0,3.3333333333333335
9,11,2.6666666666666665,4,2.25,1.125
15,35,2.7333333333333334,5,3.0,2.5384615384615383
8,10,2.75,4,2.6666666666666665,1.1428571428571428
8,12,2.25,4,1.3333333333333333,1.3333333333333333
6,6,1.5,3,1.0,1.0
9,10,2.888888888888889,5,1.6,1.1428571428571428
15,35,2.8666666666666667,5,3.0,2.5384615384615383
9,10,2.888888888888889,5,1.6,1.1428571428571428
8,11,2.75,5,1.5,1.5
8,9,2.375,4,1.75,1.1666666666666667
7,8,1.8571428571428572,3,2.5,1.25
8,10,1.875,3,2.0,1.0
8,10,2.75,5,1.8,1.2857142857142858
8,9,2.5,4,2.0,1.1428571428571428
9,16,3.111111111111111,5,2.4,1.5
8,11,2.75,5,1.8,1.2857142857142858
9,10,2.888888888888889,5,1.6,1.1428571428571428
11,21,2.6363636363636362,4,2.7142857142857144,2.111111111111111
8,9,2.5,4,2.0,1.1428571428571428
9,11,3.2222222222222223,5,1.8,1.125
8,9,2.75,4,2.6666666666666665,1.1428571428571428
8,9,2.5,4,2.0,1.1428571428571428
8,9,2.25,4,1.75,1.1666666666666667
12,28,2.6666666666666665,6,2.5555555555555554,2.5555555555555554
10,12,1.5,3,2.0,1.0
9,11,1.5555555555555556,3,2.0,1.0
14,23,1.6428571428571428,3,2.8333333333333335,2.125
14,24,1.7857142857142858,4,2.5,1.875
14,37,2.9285714285714284,5,3.1,2.5833333333333335
13,28,2.230769230769231,5,2.2,2.2
13,24,2.6153846153846154,5,3.0,1.9090909090909092
13,26,2.769230769230769,6,2.875,2.090909090909091
14,26,2.7857142857142856,5,3.0,2.0
14,29,2.7142857142857144,5,3.25,2.1666666666666665
14,26,2.357142857142857,4,3.0,2.0
15,44,3.1333333333333333,5,3.272727272727273,2.769230769230769
9,12,2.6666666666666665,4,2.0,1.25
15,32,3.0,5,3.0,2.3076923076923075
8,10,2.875,5,1.6,1.1428571428571428
7,8,1.8571428571428572,3,2.5,1.25
8,10,1.625,3,1.5,1.0
8,10,2.75,5,1.8,1.2857142857142858
8,9,2.5,4,2.0,1.1428571428571428
9,16,3.111111111111111,5,2.4,1.5
8,10,2.75,5,1.8,1.2857142857142858
6,7,1.1666666666666667,2,1.0,1.0
9,9,3.2222222222222223,5,2.0,1.0
11,21,2.6363636363636362,4,2.7142857142857144,2.111111111111111
8,9,2.5,4,2.0,1.1428571428571428
9,9,3.2222222222222223,5,2.0,1.0
8,10,2.75,5,1.8,1.2857142857142858
8,10,2.75,5,1.8,1.2857142857142858
11,27,2.909090909090909,6,2.4444444444444446,2.75
9,9,1.7777777777777777,3,2.0,1.0
14,31,2.2857142857142856,4,2.6363636363636362,2.4166666666666665
8,10,2.875,5,1.6,1.1428571428571428
7,7,1.7142857142857142,3,2.0,1.0
9,9,2.888888888888889,5,1.75,1.0
7,9,2.4285714285714284,4,1.4,1.1666666666666667
8,9,2.5,4,2.0,1.1428571428571428
9,10,1.4444444444444444,3,1.5,1.0
8,10,2.75,5,1.8,1.2857142857142858
6,8,1.5,3,1.0,1.0
9,10,3.2222222222222223,5,2.0,1.0
14,30,2.2857142857142856,4,2.5454545454545454,2.3333333333333335
8,8,2.375,4,2.0,1.0
6,7,1.6666666666666667,3,1.5,1.0
7,8,1.8571428571428572,3,2.0,1.0
8,10,2.75,5,1.8,1.2857142857142858
7,9,1.8571428571428572,3,2.5,1.25
7,8,1.1428571428571428,2,1.0,1.0
8,9,2.5,4,2.0,1.1428571428571428
8,10,3.0,5,1.6,1.3333333333333333
9,9,3.2222222222222223,5,2.0,1.0
7,8,2.7142857142857144,4,1.5,1.0
7,10,2.2857142857142856,4,1.75,1.4
8,8,2.25,4,2.0,1.0
7,8,1.8571428571428572,3,2.0,1.0
10,20,2.0,4,1.875,2.5
10,12,1.5,3,2.0,1.0
9,11,1.5555555555555556,3,2.0,1.0
14,25,2.0714285714285716,4,3.1666666666666665,1.9
14,28,2.357142857142857,4,3.6666666666666665,2.2
14,21,1.6428571428571428,3,3.5,1.75
15,47,3.066666666666667,5,3.5833333333333335,3.3076923076923075
14,30,2.0,4,2.6666666666666665,2.6666666666666665
13,24,2.769230769230769,5,3.5,1.9090909090909092
13,25,2.6153846153846154,5,2.5555555555555554,2.090909090909091
14,26,2.5,4,4.0,2.0
14,26,2.5714285714285716,5,3.0,2.0
15,43,3.1333333333333333,5,3.272727272727273,2.769230769230769
10,13,2.9,5,2.2,1.2222222222222223
14,27,2.4285714285714284,4,2.5,2.0833333333333335
8,10,2.5,4,2.0,1.1428571428571428
8,9,3.125,5,1.6,1.1428571428571428
7,9,2.4285714285714284,4,1.6,1.3333333333333333
8,9,2.5,4,2.0,1.1428571428571428
7,8,1.4285714285714286,2,3.0,1.0
8,9,2.375,4,1.75,1.1666666666666667
7,9,1.7142857142857142,3,2.0,1.0
9,9,3.2222222222222223,5,2.0,1.0
6,7,2.0,4,1.0,1.0
8,9,2.625,4,2.3333333333333335,1.0
8,10,2.5,4,2.0,1.1428571428571428
6,7,1.5,3,1.0,1.0
8,12,2.25,4,1.6,1.3333333333333333
9,9,3.2222222222222223,5,2.0,1.0
7,9,2.7142857142857144,4,1.75,1.1666666666666667
7,9,2.2857142857142856,4,1.75,1.4
8,11,2.0,4,1.5,1.2
6,6,1.5,3,1.0,1.0
9,10,3.2222222222222223,5,2.0,1.0
6,7,2.0,4,1.0,1.0
8,10,2.75,4,2.6666666666666665,1.1428571428571428
8,10,2.75,5,1.8,1.2857142857142858
9,10,3.2222222222222223,5,2.0,1.0
8,14,2.875,5,1.6666666666666667,1.6666666666666667
8,9,2.375,4,1.75,1.1666666666666667
7,8,1.8571428571428572,3,2.5,1.25
8,12,1.875,3,2.5,1.25
8,11,2.75,5,1.8,1.2857142857142858
8,9,2.5,4,2.0,1.1428571428571428
9,17,3.111111111111111,5,2.1666666666666665,1.625
7,8,2.2857142857142856,3,2.0,1.0
6,8,1.5,3,1.5,1.5
8,11,2.75,5,1.6666666666666667,1.4285714285714286
8,9,3.125,5,1.6,1.1428571428571428
9,11,1.7777777777777777,3,2.5,1.0
6,8,1.8333333333333333,3,2.0,1.3333333333333333
8,10,2.75,5,1.8,1.2857142857142858
7,9,1.4285714285714286,3,1.5,1.5
8,9,1.875,3,2.5,1.0
9,10,2.888888888888889,5,1.6,1.1428571428571428
8,12,3.125,5,2.2,1.5714285714285714
8,8,2.625,4,2.3333333333333335,1.0
7,7,1.8571428571428572,3,2.0,1.0
8,11,2.75,5,1.8,1.2857142857142858
6,7,1.5,3,1.5,1.5
9,11,3.2222222222222223,5,1.8,1.125
7,7,2.7142857142857144,4,1.5,1.0
8,9,2.75,4,2.6666666666666665,1.1428571428571428
8,8,2.25,4,2.0,1.0
7,8,1.8571428571428572,3,2.0,1.0
9,12,2.6666666666666665,4,2.0,1.25
13,27,2.6923076923076925,5,2.7777777777777777,2.272727272727273
9,11,3.2222222222222223,5,1.8,1.125
8,11,2.875,4,2.25,1.2857142857142858
8,9,2.875,5,1.75,1.0
9,15,1.7777777777777777,3,2.75,2.2
7,8,1.4285714285714286,2,3.0,1.0
8,10,2.75,5,1.8,1.2857142857142858
9,10,3.2222222222222223,5,2.0,1.0
15,24,2.0,3,4.25,1.7
8,10,2.75,5,1.8,1.2857142857142858
8,9,2.625,4,2.3333333333333335,1.0
9,12,1.4444444444444444,2,4.0,1.0
8,10,2.875,5,1.6,1.1428571428571428
7,9,1.4285714285714286,2,3.0,1.0
8,9,2.5,4,2.0,1.1428571428571428
7,8,1.8571428571428572,3,2.0,1.0
8,8,2.625,4,2.3333333333333335,1.0
7,9,1.8571428571428572,3,2.5,1.25
8,11,2.25,4,1.75,1.1666666666666667
9,10,3.2222222222222223,5,2.0,1.0
14,30,2.4285714285714284,4,2.888888888888889,2.1666666666666665
8,10,2.875,5,1.6,1.1428571428571428
7,8,1.8571428571428572,3,2.5,1.25
13,26,2.3076923076923075,4,3.0,1.9090909090909092
8,9,2.625,4,2.3333333333333335,1.0
7,9,1.4285714285714286,2,3.0,1.0
8,9,2.375,4,1.75,1.1666666666666667
8,10,2.25,4,1.75,1.1666666666666667
10,13,2.9,5,2.2,1.2222222222222223
14,28,2.9285714285714284,5,2.888888888888889,2.1666666666666665
8,13,2.875,5,1.6666666666666667,1.4285714285714286
7,8,1.8571428571428572,3,2.0,1.0
9,10,3.2222222222222223,5,1.8,1.125
8,9,2.875,5,1.6,1.1428571428571428
9,10,1.5555555555555556,3,2.5,1.25
9,9,3.2222222222222223,5,2.0,1.0
7,10,2.857142857142857,5,1.8,1.5
8,9,2.5,4,2.0,1.1428571428571428
6,6,1.5,3,1.0,1.0
9,10,3.2222222222222223,5,2.0,1.0
8,15,3.25,5,2.0,1.7142857142857142
8,10,2.75,4,2.6666666666666665,1.1428571428571428
8,8,2.25,4,2.0,1.0
6,6,1.3333333333333333,2,2.0,1.0
8,9,2.5,4,2.0,1.1428571428571428
7,8,1.8571428571428572,3,2.0,1.0
8,11,2.5,4,2.0,1.1428571428571428
8,11,2.25,4,1.75,1.1666666666666667
9,10,3.2222222222222223,5,2.0,1.0
10,19,2.5,4,2.4285714285714284,2.125
8,10,2.75,5,1.8,1.2857142857142858
8,9,2.5,4,2.0,1.1428571428571428
7,9,1.8571428571428572,3,2.5,1.25
10,11,1.2,2,2.0,1.0
9,9,3.2222222222222223,5,2.0,1.0
7,8,2.7142857142857144,4,1.5,1.0
7,10,2.2857142857142856,4,1.75,1.4
8,10,2.75,5,1.8,1.2857142857142858
7,9,1.8571428571428572,3,2.5,1.25
9,9,2.888888888888889,5,1.75,1.0
8,8,2.625,4,2.3333333333333335,1.0
9,10,1.4444444444444444,2,4.0,1.0
9,10,1.4444444444444444,2,4.0,1.0
8,10,2.875,5,1.6,1.1428571428571428
8,9,2.5,4,2.0,1.1428571428571428
7,9,1.8571428571428572,3,2.5,1.25
7,8,1.8571428571428572,3,2.0,1.0
8,10,2.75,5,1.8,1.2857142857142858
7,8,1.4285714285714286,2,3.0,1.0
9,11,2.6666666666666665,4,2.25,1.125
13,24,2.3076923076923075,4,2.2,2.0
8,8,2.625,4,2.3333333333333335,1.0
6,8,2.0,4,1.0,1.0
7,8,1.8571428571428572,3,2.0,1.0
8,10,2.75,5,1.8,1.2857142857142858
6,7,1.3333333333333333,2,2.0,1.0
9,9,3.2222222222222223,5,2.0,1.0
8,9,2.875,5,1.6,1.1428571428571428
9,11,1.5555555555555556,3,2.5,1.25
9,9,3.2222222222222223,5,2.0,1.0
7,8,2.7142857142857144,4,1.5,1.0
7,12,2.857142857142857,5,1.8,1.5
8,9,2.5,4,2.0,1.1428571428571428
6,7,1.5,3,1.0,1.0
9,10,3.2222222222222223,5,2.0,1.0
8,11,2.25,4,1.6,1.3333333333333333
8,10,2.75,5,1.8,1.2857142857142858
6,7,1.5,3,1.0,1.0
8,9,2.5,4,2.0,1.1428571428571428
9,13,1.7777777777777777,3,3.0,1.2
7,9,1.8571428571428572,3,2.5,1.25
8,11,2.25,4,1.6,1.3333333333333333
9,10,3.2222222222222223,5,1.8,1.125
8,11,2.25,4,1.6,1.3333333333333333
8,9,2.5,4,2.0,1.1428571428571428
7,8,1.4285714285714286,2,3.0,1.0
9,9,3.2222222222222223,5,2.0,1.0
9,9,1.7777777777777777,3,2.5,1.0
8,9,2.5,4,2.0,1.1428571428571428
9,16,3.111111111111111,5,2.4,1.5
8,11,2.75,5,1.8,1.2857142857142858
9,9,3.2222222222222223,5,2.0,1.0
8,11,2.875,5,1.8,1.2857142857142858
6,6,1.5,3,1.0,1.0
8,12,2.25,4,1.6,1.3333333333333333
9,10,3.2222222222222223,5,1.8,1.125
7,9,2.857142857142857,5,1.6,1.3333333333333333
8,9,2.5,4,2.0,1.1428571428571428
7,8,1.8571428571428572,3,2.5,1.25
13,27,2.6153846153846154,4,2.7777777777777777,2.272727272727273
9,10,2.3333333333333335,4,2.0,1.1428571428571428
13,23,1.6153846153846154,3,2.8,2.0
8,9,2.375,4,1.75,1.1666666666666667
7,10,2.142857142857143,4,2.0,1.5
8,8,3.125,5,1.75,1.0
6,7,2.0,4,1.0,1.0
8,9,2.625,4,2.3333333333333335,1.0
10,20,3.1,5,2.2857142857142856,1.7777777777777777
8,9,2.25,4,1.4,1.1666666666666667
9,9,2.888888888888889,5,1.75,1.0
8,10,2.5,4,2.0,1.1428571428571428
8,9,2.625,4,1.75,1.1666666666666667
8,10,1.75,3,1.6666666666666667,1.0
8,12,2.25,4,1.5,1.5
9,10,3.2222222222222223,5,2.0,1.0
6,7,2.0,4,1.0,1.0
8,9,2.5,4,2.0,1.1428571428571428
6,7,1.5,3,1.5,1.5
12,27,2.4166666666666665,5,2.875,2.5555555555555554
10,12,1.9,3,3.0,1.0
10,10,1.5,3,2.0,1.0
15,36,3.0,6,3.0,2.5384615384615383
14,22,1.6428571428571428,3,3.25,1.625
14,28,2.7857142857142856,5,2.888888888888889,2.1666666666666665
14,22,2.2857142857142856,4,3.6,1.8
14,24,2.4285714285714284,4,3.6666666666666665,1.8333333333333333
13,25,2.230769230769231,4,2.875,2.090909090909091
15,43,3.3333333333333335,6,3.1818181818181817,2.6923076923076925
9,11,2.6666666666666665,4,2.0,1.25
13,28,2.6923076923076925,5,2.6,2.3636363636363638
7,8,1.8571428571428572,3,2.5,1.25
7,8,1.4285714285714286,2,3.0,1.0
9,9,3.2222222222222223,5,2.0,1.0
8,9,2.5,4,2.0,1.1428571428571428
8,9,2.625,4,1.75,1.1666666666666667
7,9,1.8571428571428572,3,1.6666666666666667,1.0
8,11,2.25,4,1.6,1.3333333333333333
9,9,3.2222222222222223,5,2.0,1.0
6,7,2.0,4,1.0,1.0
8,9,2.5,4,2.0,1.1428571428571428
6,6,1.3333333333333333,2,2.0,1.0
12,30,2.75,6,3.0,2.6666666666666665
9,12,2.888888888888889,5,1.75,1.0
8,9,2.5,4,2.0,1.1428571428571428
8,9,2.625,4,1.75,1.1666666666666667
7,9,1.8571428571428572,3,1.6666666666666667,1.0
9,10,3.2222222222222223,5,2.0,1.0
8,8,2.625,4,2.3333333333333335,1.0
6,6,1.3333333333333333,2,2.0,1.0
8,10,2.75,5,1.8,1.2857142857142858
9,10,3.2222222222222223,5,2.0,1.0
8,11,2.5,4,2.0,1.4285714285714286
8,10,2.75,5,1.8,1.2857142857142858
7,8,1.4285714285714286,2,3.0,1.0
8,10,1.625,3,1.5,1.0
8,10,3.0,5,1.6,1.3333333333333333
8,9,2.25,4,1.75,1.1666666666666667
8,10,2.75,5,1.8,1.2857142857142858
11,26,2.8181818181818183,6,2.4444444444444446,2.75
10,12,1.5,3,2.0,1.0
14,37,2.9285714285714284,5,3.3,2.75
6,7,1.5,3,1.5,1.5
8,9,2.625,4,2.3333333333333335,1.0
9,17,3.111111111111111,5,2.1666666666666665,1.625
7,8,2.142857142857143,4,1.5,1.2
7,9,1.2857142857142858,2,2.0,1.0
8,11,3.0,4,1.75,1.0
8,9,2.5,4,2.0,1.1428571428571428
8,9,2.625,4,1.75,1.1666666666666667
7,9,1.8571428571428572,3,1.6666666666666667,1.0
9,10,3.2222222222222223,5,2.0,1.0
9,11,1.7777777777777777,3,3.0,1.2
8,9,2.625,4,2.3333333333333335,1.0
6,6,1.3333333333333333,2,2.0,1.0
9,10,3.2222222222222223,5,2.0,1.0
8,11,3.625,6,1.5,1.2857142857142858
7,8,1.8571428571428572,3,2.5,1.25
8,10,2.25,4,1.75,1.1666666666666667
9,9,3.2222222222222223,5,2.0,1.0
8,9,2.875,5,1.6,1.1428571428571428
6,8,1.8333333333333333,3,2.0,1.3333333333333333
9,9,3.2222222222222223,5,2.0,1.0
8,8,2.625,4,2.3333333333333335,1.0
6,7,1.5,3,1.5,1.5
8,10,2.75,5,1.8,1.2857142857142858
9,9,3.2222222222222223,5,2.0,1.0
8,9,2.5,4,2.0,1.1428571428571428
8,9,2.625,4,1.75,1.1666666666666667
7,9,1.8571428571428572,3,1.6666666666666667,1.0
9,9,3.2222222222222223,5,2.0,1.0
8,8,2.625,4,2.3333333333333335,1.0
7,8,1.8571428571428572,3,2.0,1.0
9,9,3.2222222222222223,5,2.0,1.0
7,8,2.7142857142857144,4,1.5,1.0
7,9,2.2857142857142856,4,1.75,1.4
8,10,2.75,5,1.8,1.2857142857142858
9,11,3.2222222222222223,5,1.8,1.125
9,11,1.7777777777777777,3,3.0,1.2
8,9,2.625,4,2.3333333333333335,1.0
6,7,1.5,3,1.5,1.5
7,8,1.8571428571428572,3,2.0,1.0
7,9,1.8571428571428572,3,2.5,1.25
8,9,2.25,4,1.4,1.1666666666666667
6,8,1.5,3,1.0,1.0
7,8,1.8571428571428572,3,2.0,1.0
11,27,2.8181818181818183,6,2.3333333333333335,2.625
10,12,1.5,3,2.0,1.0
9,11,1.5555555555555556,3,2.0,1.0
14,23,1.6428571428571428,3,2.8333333333333335,2.125
7,10,2.7142857142857144,5,1.6,1.3333333333333333
8,9,1.375,2,3.0,1.0
8,9,2.625,4,2.3333333333333335,1.0
7,8,1.8571428571428572,3,2.5,1.25
7,9,1.8571428571428572,3,2.5,1.25
15,50,3.8,7,3.5,3.230769230769231
9,11,2.3333333333333335,4,2.0,1.1428571428571428
12,24,2.6666666666666665,5,2.75,2.2
8,9,2.5,4,2.0,1.1428571428571428
6,7,1.5,3,1.5,1.5
8,12,2.25,4,1.6,1.3333333333333333
8,8,3.125,5,1.75,1.0
8,8,2.625,4,2.3333333333333335,1.0
7,9,1.8571428571428572,3,2.5,1.25
9,10,3.2222222222222223,5,1.8,1.125
7,9,2.7142857142857144,4,1.75,1.1666666666666667
7,9,2.2857142857142856,4,1.75,1.4
7,11,3.0,4,2.25,1.5
8,10,3.25,5,1.8,1.2857142857142858
8,8,2.625,4,2.3333333333333335,1.0
8,9,2.5,4,2.0,1.1428571428571428
8,11,2.25,4,1.6,1.3333333333333333
9,11,3.2222222222222223,5,1.8,1.125
16,33,3.125,6,3.875,2.2142857142857144
8,10,2.875,5,1.6,1.1428571428571428
8,10,2.5,4,2.0,1.1428571428571428
13,34,3.0,5,3.3333333333333335,2.727272727272727
10,12,1.7,3,2.5,1.0
9,10,1.5555555555555556,3,2.0,1.0
15,36,3.1333333333333333,6,3.0,2.5384615384615383
13,22,1.6153846153846154,3,3.25,1.8571428571428572
14,28,2.7857142857142856,5,2.888888888888889,2.1666666666666665
13,22,2.3846153846153846,4,3.8,1.9
13,22,2.4615384615384617,5,2.857142857142857,1.8181818181818181
14,24,2.4285714285714284,5,3.6666666666666665,1.8333333333333333
15,41,3.3333333333333335,6,3.1818181818181817,2.6923076923076925
8,11,2.875,5,1.6666666666666667,1.4285714285714286
13,29,2.6923076923076925,5,3.0,2.4545454545454546
8,11,2.5,4,2.0,1.1428571428571428
8,12,2.25,4,1.5,1.5
9,9,3.2222222222222223,5,2.0,1.0
8,8,2.625,4,2.3333333333333335,1.0
7,8,1.8571428571428572,3,2.5,1.25
7,8,1.4285714285714286,2,3.0,1.0
9,9,3.2222222222222223,5,2.0,1.0
8,9,2.75,4,2.6666666666666665,1.1428571428571428
8,10,2.75,5,1.8,1.2857142857142858
13,31,2.769230769230769,5,2.7777777777777777,2.7777777777777777
7,9,1.4285714285714286,2,3.0,1.0
7,8,1.2857142857142858,2,2.0,1.0
9,10,3.2222222222222223,5,2.0,1.0
7,8,2.7142857142857144,4,1.5,1.0
8,9,2.625,4,2.3333333333333335,1.0
8,9,2.25,4,1.75,1.1666666666666667
8,10,2.5,4,1.6,1.1428571428571428
9,10,3.2222222222222223,5,2.0,1.0
8,10,2.75,4,2.6666666666666665,1.1428571428571428
8,10,2.75,5,1.8,1.2857142857142858
6,6,1.3333333333333333,2,2.0,1.0
11,27,2.909090909090909,6,2.4444444444444446,2.75
9,10,1.5555555555555556,3,2.0,1.0
9,10,1.5555555555555556,3,2.0,1.0
14,24,1.7857142857142858,4,3.0,2.25
14,28,1.9285714285714286,4,2.75,2.4444444444444446
14,29,2.7857142857142856,5,3.0,2.0
13,22,2.4615384615384617,4,3.8,1.9
13,27,2.769230769230769,6,2.875,2.090909090909091
13,27,2.6153846153846154,5,2.5,2.272727272727273
14,42,3.0,5,2.8333333333333335,2.8333333333333335
9,11,2.6666666666666665,4,2.25,1.125
13,25,2.230769230769231,4,3.2857142857142856,2.090909090909091
8,10,2.75,5,1.8,1.2857142857142858
9,9,3.2222222222222223,5,2.0,1.0
6,6,1.5,3,1.0,1.0
8,8,2.625,4,2.3333333333333335,1.0
8,10,2.5,4,2.0,1.1428571428571428
6,8,1.5,3,1.0,1.0
9,9,3.2222222222222223,5,2.0,1.0
6,7,1.5,3,1.0,1.0
8,9,2.625,4,1.75,1.1666666666666667
8,10,2.25,4,1.75,1.1666666666666667
9,10,3.2222222222222223,5,2.0,1.0
12,30,2.75,5,2.888888888888889,2.6
6,8,1.8333333333333333,3,2.0,1.3333333333333333
8,9,2.625,4,2.3333333333333335,1.0
7,9,1.8571428571428572,3,2.5,1.25
8,9,2.5,4,2.0,1.1428571428571428
8,10,3.0,5,1.6,1.3333333333333333
11,29,2.8181818181818183,6,2.2,2.75
11,13,1.4545454545454546,3,2.0,1.0
9,11,1.5555555555555556,3,2.0,1.0
14,35,2.9285714285714284,6,3.3333333333333335,2.5
14,18,1.6428571428571428,3,2.75,1.375
14,29,2.7857142857142856,5,3.0,2.25
13,22,2.4615384615384617,4,3.8,1.9
14,26,2.4285714285714284,4,3.0,2.0
14,25,2.5,4,3.2857142857142856,1.9166666666666667
15,46,3.066666666666667,5,3.1666666666666665,2.923076923076923
9,11,2.3333333333333335,4,2.0,1.1428571428571428
15,24,2.066666666666667,4,1.8888888888888888,1.5454545454545454
8,9,2.625,4,2.3333333333333335,1.0
8,9,2.5,4,2.0,1.1428571428571428
7,8,1.8571428571428572,3,2.0,1.0
7,8,1.8571428571428572,3,2.5,1.25
8,13,2.25,4,1.5,1.5
9,10,3.2222222222222223,5,1.8,1.125
8,9,2.75,4,2.6666666666666665,1.1428571428571428
8,10,2.75,5,1.8,1.2857142857142858
9,9,3.2222222222222223,5,2.0,1.0
8,8,2.5,4,2.3333333333333335,1.0
6,6,1.5,3,1.0,1.0
9,9,3.2222222222222223,5,2.0,1.0
9,9,1.7777777777777777,3,2.5,1.0
8,9,2.375,4,1.75,1.1666666666666667
7,8,1.8571428571428572,3,2.5,1.25
8,10,2.75,5,1.8,1.2857142857142858
9,9,3.2222222222222223,5,2.0,1.0
8,11,2.875,5,1.5,1.2857142857142858
7,8,1.8571428571428572,3,2.5,1.25
7,9,1.8571428571428572,3,2.5,1.25
8,9,2.625,4,1.75,1.1666666666666667
9,9,3.2222222222222223,5,2.0,1.0
7,9,2.7142857142857144,4,1.75,1.1666666666666667
7,9,2.2857142857142856,4,1.75,1.4
8,10,2.75,5,1.8,1.2857142857142858
9,11,3.2222222222222223,5,1.8,1.125
7,9,2.7142857142857144,4,1.75,1.1666666666666667
8,9,2.625,4,2.3333333333333335,1.0
8,9,2.25,4,1.75,1.1666666666666667
8,9,2.5,4,2.0,1.1428571428571428
7,8,1.8571428571428572,3,2.5,1.25
9,11,1.3333333333333333,2,3.0,1.0
12,32,2.9166666666666665,6,2.9,2.9
6,7,1.5,3,1.0,1.0
8,13,1.875,3,3.0,1.5
7,9,1.8571428571428572,3,2.5,1.25
8,9,2.375,4,1.75,1.1666666666666667
8,9,2.375,4,1.75,1.1666666666666667
7,9,1.4285714285714286,2,3.0,1.0
12,34,2.75,6,2.888888888888889,2.888888888888889
10,14,1.7,3,2.5,1.0
9,12,1.5555555555555556,3,2.0,1.0
14,28,2.2857142857142856,5,2.4444444444444446,2.2
14,35,2.142857142857143,4,3.375,3.0
14,30,2.857142857142857,5,3.4285714285714284,2.0
13,24,2.230769230769231,4,3.8,2.111111111111111
8,10,3.25,5,1.8,1.2857142857142858
8,9,2.75,4,2.0,1.1428571428571428
8,10,2.75,4,2.6666666666666665,1.1428571428571428
8,10,2.75,5,1.8,1.2857142857142858
8,10,2.75,5,1.8,1.2857142857142858
8,13,2.75,5,1.6666666666666667,1.4285714285714286
9,9,2.888888888888889,5,1.75,1.0
12,27,2.3333333333333335,4,2.5555555555555554,2.3
8,8,2.625,4,2.3333333333333335,1.0
7,8,1.8571428571428572,3,2.0,1.0
8,11,2.75,5,1.8,1.2857142857142858
8,12,2.25,4,1.5,1.5
9,10,3.2222222222222223,5,2.0,1.0
18,52,3.388888888888889,6,3.5,3.2666666666666666
7,8,2.2857142857142856,4,1.5,1.2
7,11,3.0,5,1.8,1.5
8,9,2.625,4,2.3333333333333335,1.0
6,6,1.5,3,1.0,1.0
9,11,3.2222222222222223,5,1.8,1.125
11,21,2.6363636363636362,4,2.7142857142857144,2.111111111111111
8,11,2.875,5,1.5,1.2857142857142858
6,7,1.5,3,1.5,1.5
7,8,1.8571428571428572,3,2.5,1.25
7,8,1.8571428571428572,3,2.0,1.0
9,11,3.2222222222222223,5,1.8,1.125
8,8,2.625,4,2.3333333333333335,1.0
7,8,1.8571428571428572,3,2.5,1.25
7,9,1.4285714285714286,2,3.0,1.0
9,10,3.2222222222222223,5,2.0,1.0
8,11,2.0,4,1.4,1.4
6,9,2.3333333333333335,4,1.6666666666666667,1.25
8,9,2.5,4,2.0,1.1428571428571428
8,11,2.75,5,1.8,1.2857142857142858
7,8,1.2857142857142858,2,2.0,1.0
9,10,3.2222222222222223,5,2.0,1.0
8,8,2.625,4,2.3333333333333335,1.0
7,7,1.7142857142857142,3,2.0,1.0
8,9,2.625,4,2.3333333333333335,1.0
8,11,2.5,4,2.0,1.1428571428571428
12,29,2.6666666666666665,5,2.857142857142857,2.5
9,11,2.6666666666666665,4,2.25,1.125
13,30,2.923076923076923,5,2.8,2.5454545454545454
7,8,1.8571428571428572,3,2.5,1.25
7,8,1.4285714285714286,2,3.0,1.0
9,10,3.2222222222222223,5,1.8,1.125
14,33,3.0,5,3.1,2.5833333333333335
9,9,3.2222222222222223,5,2.0,1.0
8,10,2.75,5,1.8,1.2857142857142858
11,24,2.4545454545454546,5,2.5,2.2222222222222223
9,9,1.4444444444444444,2,4.0,1.0
6,6,1.3333333333333333,2,2.0,1.0
8,10,2.75,5,1.8,1.2857142857142858
6,8,1.5,3,1.0,1.0
6,8,1.5,3,1.0,1.0
7,9,1.4285714285714286,2,3.0,1.0
9,10,2.4444444444444446,4,2.25,1.125
9,10,3.2222222222222223,5,2.0,1.0
8,8,2.625,4,2.3333333333333335,1.0
8,9,2.25,4,1.75,1.1666666666666667
9,9,3.2222222222222223,5,2.0,1.0
9,12,1.7777777777777777,3,3.0,1.2
8,9,2.875,5,1.75,1.0
6,7,1.6666666666666667,3,1.5,1.0
11,18,1.9090909090909092,3,3.5,2.0
8,9,2.5,4,2.0,1.1428571428571428
7,8,1.4285714285714286,2,3.0,1.0
9,9,3.2222222222222223,5,2.0,1.0
7,8,2.7142857142857144,4,1.5,1.0
8,8,2.125,3,2.0,1.0
9,10,3.2222222222222223,5,2.0,1.0
7,8,2.7142857142857144,4,1.5,1.0
8,8,2.125,3,2.0,1.0
7,9,2.142857142857143,4,1.5,1.2
7,12,2.0,3,3.0,1.5
7,9,1.8571428571428572,3,2.5,1.25
9,10,3.2222222222222223,5,2.0,1.0
8,9,2.5,4,2.0,1.1428571428571428
7,8,1.8571428571428572,3,2.0,1.0
8,11,2.25,4,1.75,1.1666666666666667
9,12,2.6666666666666665,4,2.0,1.25
14,23,2.4285714285714284,4,2.0,1.5
7,9,2.857142857142857,5,1.4,1.1666666666666667
6,8,1.8333333333333333,3,2.0,1.3333333333333333
9,9,3.2222222222222223,5,2.0,1.0
8,9,2.5,4,2.0,1.1428571428571428
7,8,2.2857142857142856,4,1.6666666666666667,1.0
9,9,3.2222222222222223,5,2.0,1.0
8,10,2.75,5,1.8,1.2857142857142858
7,8,1.8571428571428572,3,2.5,1.25
9,12,1.5555555555555556,3,2.0,1.0
8,10,2.75,5,1.8,1.2857142857142858
7,8,1.8571428571428572,3,2.5,1.25
7,9,1.4285714285714286,2,3.0,1.0
8,10,2.75,5,1.8,1.2857142857142858
6,7,1.3333333333333333,2,2.0,1.0
6,7,1.1666666666666667,2,1.0,1.0
9,9,3.2222222222222223,5,2.0,1.0
8,16,2.875,5,1.8333333333333333,1.8333333333333333
7,11,2.857142857142857,5,1.6,1.3333333333333333
8,9,2.375,4,1.75,1.1666666666666667
7,10,1.7142857142857142,3,2.0,1.0
8,10,2.5,4,1.6,1.1428571428571428
6,7,1.5,3,1.5,1.5
8,11,2.75,5,2.0,1.1428571428571428
9,9,3.2222222222222223,5,2.0,1.0
9,11,1.6666666666666667,3,2.5,1.0
7,9,2.142857142857143,4,1.5,1.2
8,8,2.625,4,2.3333333333333335,1.0
7,9,1.8571428571428572,3,2.5,1.25
7,9,1.8571428571428572,3,2.5,1.25
8,10,2.75,5,1.8,1.2857142857142858
7,9,1.8571428571428572,3,2.5,1.25
7,9,1.8571428571428572,3,2.5,1.25
9,9,3.2222222222222223,5,2.0,1.0
8,8,2.625,4,2.3333333333333335,1.0
7,9,1.8571428571428572,3,2.5,1.25
9,12,1.3333333333333333,2,3.0,1.0
8,10,2.75,5,1.8,1.2857142857142858
6,7,1.5,3,1.5,1.5
11,28,2.727272727272727,5,2.625,2.625
9,11,2.3333333333333335,4,2.3333333333333335,1.0
13,34,2.8461538461538463,5,3.1,2.8181818181818183
7,8,1.8571428571428572,3,2.5,1.25
7,8,1.4285714285714286,2,3.0,1.0
8,9,3.125,5,1.6,1.1428571428571428
11,24,2.909090909090909,5,2.75,2.4444444444444446
7,8,2.857142857142857,4,1.75,1.1666666666666667
7,9,1.8571428571428572,3,2.5,1.25
8,11,2.75,5,1.6666666666666667,1.4285714285714286
7,10,1.7142857142857142,3,2.0,1.3333333333333333
8,14,2.75,5,1.8333333333333333,1.5714285714285714
9,11,2.6666666666666665,4,2.25,1.125
10,13,2.3,4,2.25,1.2857142857142858
14,23,1.5714285714285714,3,2.8,2.0
15,24,1.5333333333333334,3,2.75,1.5714285714285714
14,35,3.142857142857143,6,3.1,2.5833333333333335
12,22,1.8333333333333333,3,2.5,1.875
12,22,2.25,4,3.0,1.8
12,22,2.25,4,2.857142857142857,2.0
14,26,2.7857142857142856,5,3.0,2.0
14,26,2.642857142857143,5,2.75,1.8333333333333333
14,28,2.357142857142857,4,2.888888888888889,2.1666666666666665
15,43,3.3333333333333335,6,3.0833333333333335,2.8461538461538463
9,11,2.6666666666666665,4,2.0,1.25
12,26,2.5833333333333335,5,2.6666666666666665,2.4
8,10,2.75,4,2.6666666666666665,1.1428571428571428
8,9,2.375,4,1.75,1.1666666666666667
9,10,3.2222222222222223,5,2.0,1.0
8,10,1.75,3,1.6666666666666667,1.25
8,11,2.875,4,2.25,1.2857142857142858
8,9,2.375,4,1.75,1.1666666666666667
7,9,1.7142857142857142,3,2.0,1.0
6,7,1.5,3,1.0,1.0
9,10,3.2222222222222223,5,2.0,1.0
8,10,2.875,4,2.25,1.2857142857142858
8,9,2.375,4,1.75,1.1666666666666667
7,8,1.8571428571428572,3,2.0,1.0
9,11,3.2222222222222223,5,1.8,1.125
7,10,3.0,5,1.8,1.5
7,10,2.857142857142857,5,1.8,1.5
8,10,2.75,5,1.8,1.2857142857142858
6,7,1.5,3,1.5,1.5
8,10,2.75,5,1.8,1.2857142857142858
9,9,2.888888888888889,5,1.75,1.0
8,8,2.625,4,2.3333333333333335,1.0
9,11,3.2222222222222223,5,1.8,1.125
8,11,2.5,4,2.0,1.4285714285714286
8,8,2.625,4,2.3333333333333335,1.0
6,6,1.5,3,1.0,1.0
9,11,1.5555555555555556,3,2.0,1.5
9,10,3.2222222222222223,5,2.0,1.0
8,12,2.0,4,1.4,1.4
8,9,2.875,5,1.75,1.0
8,10,2.75,5,1.8,1.2857142857142858
6,7,1.5,3,1.0,1.0
10,13,2.3,4,1.8,1.125
7,9,2.4285714285714284,4,1.6,1.3333333333333333
8,10,2.75,5,1.8,1.2857142857142858
8,9,2.625,4,2.3333333333333335,1.0
6,6,1.3333333333333333,2,2.0,1.0
9,10,3.2222222222222223,5,2.0,1.0
8,9,2.75,4,2.6666666666666665,1.1428571428571428
8,9,2.5,4,2.0,1.1428571428571428
6,7,1.5,3,1.0,1.0
9,10,3.2222222222222223,5,2.0,1.0
6,7,2.0,4,1.0,1.0
7,8,2.2857142857142856,4,1.6666666666666667,1.0
8,9,2.5,4,2.0,1.1428571428571428
7,9,1.8571428571428572,3,2.5,1.25
10,12,1.3,2,1.5,1.0
11,26,2.8181818181818183,6,2.3333333333333335,2.625
9,9,1.7777777777777777,3,2.0,1.0
13,31,2.923076923076923,5,3.111111111111111,2.5454545454545454
7,9,1.8571428571428572,3,2.5,1.25
9,10,2.888888888888889,5,1.75,1.0
8,9,2.75,4,2.6666666666666665,1.1428571428571428
8,10,2.5,4,2.0,1.1428571428571428
6,7,1.5,3,1.0,1.0
9,9,2.888888888888889,5,1.75,1.0
7,8,2.7142857142857144,4,1.5,1.0
8,9,2.625,4,2.3333333333333335,1.0
8,9,2.5,4,2.0,1.1428571428571428
7,8,1.4285714285714286,2,3.0,1.0
11,27,2.8181818181818183,6,2.3333333333333335,2.625
10,12,1.5,3,2.0,1.0
9,11,1.5555555555555556,3,2.0,1.0
14,25,1.7142857142857142,3,3.6,2.25
14,29,2.142857142857143,4,4.6,2.5555555555555554
14,41,2.9285714285714284,5,3.4,2.8333333333333335
13,26,2.3076923076923075,4,3.0,1.9090909090909092
14,33,2.9285714285714284,5,3.375,2.25
13,25,2.230769230769231,5,1.9090909090909092,2.1
14,32,2.7857142857142856,5,2.8,2.3333333333333335
13,24,2.769230769230769,5,3.5,1.9090909090909092
13,28,2.6153846153846154,5,2.3636363636363638,2.3636363636363638
15,44,3.066666666666667,5,3.0,2.769230769230769
9,13,2.6666666666666665,4,2.0,1.25
13,27,2.769230769230769,5,3.125,2.272727272727273
7,8,1.8571428571428572,3,2.5,1.25
9,9,3.2222222222222223,5,2.0,1.0
7,10,2.857142857142857,5,1.8,1.5
8,10,2.5,4,2.0,1.1428571428571428
6,7,1.5,3,1.0,1.0
9,9,3.2222222222222223,5,2.0,1.0
7,8,2.7142857142857144,4,1.5,1.0
8,8,2.125,3,2.0,1.0
7,8,1.8571428571428572,3,2.5,1.25
9,13,1.5555555555555556,3,2.5,1.25
8,13,2.375,4,1.5,1.5
7,8,2.142857142857143,4,1.5,1.2
12,34,2.75,6,2.888888888888889,2.888888888888889
11,14,1.6363636363636365,3,2.5,1.0
8,10,1.5,3,1.5,1.0
15,24,1.6,3,2.8333333333333335,2.125
14,26,1.7857142857142858,4,2.8333333333333335,2.125
14,41,2.9285714285714284,5,3.4,2.8333333333333335
13,26,2.0,4,2.5,2.2222222222222223
13,25,2.3076923076923075,4,3.8,1.9
13,28,2.769230769230769,6,2.7777777777777777,2.272727272727273
13,28,2.6153846153846154,5,2.6,2.3636363636363638
15,36,2.8,5,3.0,2.5384615384615383
14,31,2.7857142857142856,5,2.9,2.4166666666666665
15,42,3.066666666666667,5,3.0,2.769230769230769
8,10,2.375,4,1.75,1.1666666666666667
13,33,2.769230769230769,5,2.9,2.6363636363636362
7,9,2.2857142857142856,4,1.75,1.4
8,9,2.375,4,1.75,1.1666666666666667
6,6,1.5,3,1.0,1.0
8,9,2.25,4,1.4,1.1666666666666667
9,10,3.2222222222222223,5,1.8,1.125
7,8,2.7142857142857144,4,1.75,1.1666666666666667
8,8,2.125,3,2.0,1.0
7,8,1.8571428571428572,3,2.5,1.25
9,12,1.5555555555555556,3,2.5,1.25
7,9,2.142857142857143,4,1.5,1.2
7,11,2.5714285714285716,4,1.8,1.8
7,9,2.0,4,1.6666666666666667,1.25
8,10,2.75,5,1.8,1.2857142857142858
7,9,1.4285714285714286,3,1.5,1.5
8,10,2.75,5,1.8,1.2857142857142858
7,8,1.8571428571428572,3,2.5,1.25
7,9,1.8571428571428572,3,2.5,1.25
7,9,1.4285714285714286,2,3.0,1.0
9,11,2.4444444444444446,4,2.25,1.125
13,32,2.6923076923076925,5,3.2222222222222223,2.9
10,12,1.7,3,2.5,1.0
15,39,2.8,5,3.3636363636363638,2.8461538461538463
7,10,2.857142857142857,5,1.6,1.3333333333333333
8,10,2.75,5,1.8,1.2857142857142858
9,10,2.888888888888889,5,1.75,1.0
7,10,3.0,5,1.8,1.5
8,10,3.0,5,1.6,1.3333333333333333
6,7,1.5,3,1.5,1.5
6,6,1.5,3,1.0,1.0
7,9,1.8571428571428572,3,2.5,1.25
9,9,2.888888888888889,5,1.75,1.0
8,8,2.5,4,2.3333333333333335,1.0
6,6,1.5,3,1.0,1.0
9,11,3.2222222222222223,5,1.8,1.125
7,7,2.7142857142857144,4,1.5,1.0
8,9,2.75,4,2.6666666666666665,1.1428571428571428
8,9,2.5,4,2.0,1.1428571428571428
6,7,1.5,3,1.0,1.0
8,11,2.25,4,1.6,1.3333333333333333
9,9,2.888888888888889,5,1.75,1.0
7,7,2.7142857142857144,4,1.5,1.0
8,9,2.75,4,2.6666666666666665,1.1428571428571428
8,8,2.25,4,2.0,1.0
7,8,1.8571428571428572,3,2.0,1.0
8,11,2.25,4,1.75,1.1666666666666667
9,10,3.2222222222222223,5,2.0,1.0
8,8,2.625,4,2.3333333333333335,1.0
7,8,1.8571428571428572,3,2.0,1.0
9,10,3.2222222222222223,5,2.0,1.0
6,6,1.5,3,1.0,1.0
8,8,2.125,3,2.0,1.0
9,10,3.2222222222222223,5,2.0,1.0
6,7,2.0,4,1.0,1.0
7,8,1.4285714285714286,2,3.0,1.0
8,10,2.75,5,1.8,1.2857142857142858
7,9,1.8571428571428572,3,2.5,1.25
7,8,1.2857142857142858,2,2.0,1.0
8,10,2.75,5,1.8,1.2857142857142858
6,7,1.3333333333333333,2,2.0,1.0
9,10,3.2222222222222223,5,2.0,1.0
8,11,2.5,4,2.0,1.4285714285714286
8,8,2.625,4,2.3333333333333335,1.0
6,6,1.3333333333333333,2,2.0,1.0
7,9,1.8571428571428572,3,2.5,1.25
8,9,2.5,4,2.0,1.1428571428571428
7,9,1.8571428571428572,3,2.5,1.25
9,10,1.1111111111111112,2,1.0,1.0
8,10,2.25,4,1.75,1.1666666666666667
9,11,2.6666666666666665,4,2.25,1.125
14,30,2.5714285714285716,4,2.7777777777777777,2.0833333333333335
7,7,2.0,3,1.6666666666666667,1.0
7,9,1.8571428571428572,3,1.6666666666666667,1.0
9,9,3.2222222222222223,5,2.0,1.0
8,8,2.625,4,2.3333333333333335,1.0
6,6,1.3333333333333333,2,2.0,1.0
8,10,2.75,5,1.8,1.2857142857142858
9,9,3.2222222222222223,5,2.0,1.0
7,9,2.4285714285714284,4,1.4,1.1666666666666667
8,9,2.5,4,2.0,1.1428571428571428
9,10,1.2222222222222223,2,1.5,1.5
8,10,2.75,5,1.8,1.2857142857142858
9,9,3.2222222222222223,5,2.0,1.0
7,8,2.7142857142857144,4,1.5,1.0
8,8,2.125,3,2.0,1.0
9,9,3.2222222222222223,5,2.0,1.0
7,10,2.857142857142857,5,1.8,1.5
8,8,2.25,4,2.0,1.0
9,14,2.6666666666666665,5,2.0,1.4285714285714286
7,8,2.142857142857143,4,1.5,1.2
9,10,3.2222222222222223,5,2.0,1.0
8,8,2.625,4,2.3333333333333335,1.0
9,9,3.2222222222222223,5,2.0,1.0
7,7,2.7142857142857144,4,1.5,1.0
7,9,2.2857142857142856,4,1.75,1.4
8,9,2.5,4,2.0,1.1428571428571428
7,8,1.8571428571428572,3,2.5,1.25
9,10,3.2222222222222223,5,2.0,1.0
8,8,2.625,4,2.3333333333333335,1.0
7,8,1.8571428571428572,3,2.5,1.25
7,8,1.4285714285714286,2,3.0,1.0
9,9,3.2222222222222223,5,2.0,1.0
6,8,2.0,4,1.0,1.0
7,10,2.142857142857143,4,1.5,1.2
8,10,2.75,5,1.8,1.2857142857142858
7,9,1.8571428571428572,3,2.5,1.25
7,9,1.4285714285714286,2,3.0,1.0
8,10,2.75,5,1.8,1.2857142857142858
6,8,1.3333333333333333,2,2.0,1.0
9,10,3.2222222222222223,5,2.0,1.0
9,10,1.4444444444444444,2,4.0,1.0
8,9,2.5,4,2.0,1.1428571428571428
7,9,1.8571428571428572,3,2.5,1.25
7,9,1.8571428571428572,3,2.5,1.25
8,8,2.625,4,2.3333333333333335,1.0
7,9,1.8571428571428572,3,2.5,1.25
8,11,1.5,3,2.0,1.3333333333333333
8,10,2.5,4,1.6,1.1428571428571428
11,27,2.8181818181818183,6,2.3333333333333335,2.625
10,12,1.5,3,2.0,1.0
9,10,1.3333333333333333,2,3.0,1.0
14,25,2.0,4,3.1666666666666665,2.111111111111111
14,26,2.0714285714285716,4,4.0,2.2222222222222223
13,24,1.9230769230769231,4,2.375,2.111111111111111
15,39,3.066666666666667,5,3.4,2.6153846153846154
14,34,2.142857142857143,4,3.0,3.0
13,27,2.3076923076923075,4,3.2857142857142856,2.3
15,45,3.2,6,3.1538461538461537,3.1538461538461537
14,29,2.857142857142857,5,2.888888888888889,2.1666666666666665
15,43,3.066666666666667,5,3.0,2.769230769230769
9,12,2.6666666666666665,4,2.25,1.125
13,30,2.8461538461538463,5,3.375,2.4545454545454546
7,9,1.8571428571428572,3,2.5,1.25
9,10,3.2222222222222223,5,1.8,1.125
7,10,2.142857142857143,4,1.5,1.2
8,9,2.5,4,2.0,1.1428571428571428
9,12,1.6666666666666667,3,1.6666666666666667,1.25
7,12,3.142857142857143,5,2.0,1.6666666666666667
6,7,1.5,3,1.0,1.0
9,10,3.2222222222222223,5,2.0,1.0
8,10,2.125,4,2.3333333333333335,1.4
9,12,2.4444444444444446,4,2.25,1.2857142857142858
14,34,2.7142857142857144,5,2.7,2.25
8,10,2.75,5,1.8,1.2857142857142858
9,11,1.7777777777777777,3,2.0,1.2
8,12,2.375,4,1.5,1.5
7,8,1.8571428571428572,3,2.5,1.25
9,10,2.888888888888889,5,1.6,1.1428571428571428
7,7,2.7142857142857144,4,1.5,1.0
8,8,2.125,3,2.0,1.0
9,10,2.888888888888889,5,1.6,1.1428571428571428
7,7,2.7142857142857144,4,1.5,1.0
8,10,2.75,5,1.8,1.2857142857142858
7,8,1.7142857142857142,3,2.0,1.0
7,9,1.4285714285714286,2,3.0,1.0
9,9,2.888888888888889,5,1.75,1.0
8,10,2.75,5,1.8,1.2857142857142858
8,10,2.75,5,1.8,1.2857142857142858
9,11,3.2222222222222223,5,1.8,1.125
7,10,3.0,5,1.8,1.5
7,10,2.857142857142857,5,1.8,1.5
8,9,2.625,4,2.3333333333333335,1.0
7,8,1.8571428571428572,3,2.0,1.0
9,11,3.2222222222222223,5,1.8,1.125
15,33,2.8666666666666667,6,3.4444444444444446,2.3846153846153846
9,11,3.2222222222222223,5,1.8,1.125
8,8,2.625,4,2.3333333333333335,1.0
8,9,2.25,4,1.75,1.1666666666666667
8,10,2.25,4,1.75,1.1666666666666667
9,10,3.2222222222222223,5,1.8,1.125
10,19,2.5,4,2.4285714285714284,2.125
8,10,2.875,5,1.5,1.2857142857142858
7,7,1.8571428571428572,3,2.0,1.0
9,10,3.2222222222222223,5,1.8,1.125
6,6,1.5,3,1.0,1.0
7,7,2.2857142857142856,4,1.6666666666666667,1.0
8,8,2.125,3,2.0,1.0
9,11,1.5555555555555556,3,2.0,1.5
9,11,1.4444444444444444,2,2.5,1.25
13,35,3.0,6,3.0,3.0
8,9,1.375,2,3.0,1.0
9,11,2.6666666666666665,4,2.25,1.125
14,35,3.2142857142857144,6,3.0,2.75
7,8,1.8571428571428572,3,2.5,1.25
7,8,1.4285714285714286,2,3.0,1.0
9,11,3.2222222222222223,5,1.8,1.125
7,10,2.4285714285714284,4,1.4,1.1666666666666667
8,10,2.75,5,1.8,1.2857142857142858
9,10,1.2222222222222223,2,2.0,1.0
7,8,1.8571428571428572,3,2.0,1.0
9,11,3.2222222222222223,5,1.8,1.125
8,9,2.75,5,1.6,1.1428571428571428
8,10,2.75,5,1.8,1.2857142857142858
9,9,3.2222222222222223,5,2.0,1.0
7,8,2.7142857142857144,4,1.5,1.0
8,8,2.125,3,2.0,1.0
9,10,3.2222222222222223,5,2.0,1.0
8,8,2.625,4,2.3333333333333335,1.0
9,10,3.2222222222222223,5,2.0,1.0
10,19,2.5,4,2.4285714285714284,2.125
8,9,2.875,5,1.6,1.1428571428571428
8,10,2.875,5,1.6,1.1428571428571428
7,8,1.8571428571428572,3,2.0,1.0
7,9,1.4285714285714286,2,3.0,1.0
8,10,2.75,5,1.8,1.2857142857142858
6,8,1.5,3,1.0,1.0
6,8,1.5,3,1.0,1.0
9,9,3.2222222222222223,5,2.0,1.0
8,9,2.5,4,2.0,1.1428571428571428
7,8,1.8571428571428572,3,2.5,1.25
16,43,3.6875,7,3.727272727272727,2.9285714285714284
8,11,2.875,5,1.5,1.2857142857142858
8,9,2.5,4,2.0,1.1428571428571428
6,7,1.5,3,1.0,1.0
8,9,2.5,4,2.0,1.1428571428571428
7,8,1.8571428571428572,3,2.0,1.0
8,8,2.5,4,1.75,1.0
8,9,2.875,5,1.6,1.1428571428571428
7,9,1.8571428571428572,3,2.5,1.25
8,11,2.75,5,2.0,1.1428571428571428
9,11,2.6666666666666665,4,2.25,1.125
15,33,3.0,5,3.0,2.076923076923077
7,9,2.857142857142857,5,1.4,1.1666666666666667
7,8,1.8571428571428572,3,2.5,1.25
7,10,2.0,3,2.0,1.0
7,8,1.4285714285714286,2,3.0,1.0
8,13,2.875,5,1.6666666666666667,1.4285714285714286
7,8,1.4285714285714286,2,3.0,1.0
8,9,2.5,4,2.0,1.1428571428571428
7,9,1.8571428571428572,3,2.5,1.25
9,11,1.2222222222222223,2,2.0,1.0
9,9,3.2222222222222223,5,2.0,1.0
15,45,3.2666666666666666,6,3.0,3.5
12,24,2.6666666666666665,5,2.75,2.2
7,10,2.2857142857142856,4,1.5,1.2
8,8,2.25,4,2.0,1.0
8,11,2.5,4,2.0,1.1428571428571428
12,32,3.3333333333333335,6,3.2222222222222223,2.9
9,9,3.2222222222222223,5,2.0,1.0
7,9,2.7142857142857144,4,1.75,1.1666666666666667
8,8,2.125,3,2.0,1.0
7,9,1.8571428571428572,3,2.5,1.25
9,9,3.2222222222222223,5,2.0,1.0
8,10,2.5,4,2.0,1.1428571428571428
8,10,2.75,5,1.8,1.2857142857142858
7,8,1.8571428571428572,3,2.0,1.0
11,29,2.909090909090909,6,2.4444444444444446,2.75
13,38,2.6923076923076925,5,3.2222222222222223,3.2222222222222223
10,12,1.5,3,2.0,1.0
9,11,1.5555555555555556,3,2.0,1.0
15,23,1.6,3,3.2,2.0
14,23,1.7857142857142858,4,2.6666666666666665,2.0
13,29,2.6153846153846154,5,2.7777777777777777,2.272727272727273
13,29,2.6153846153846154,5,2.7777777777777777,2.272727272727273
13,21,2.0,3,3.0,1.8
13,29,2.3076923076923075,4,3.0,2.4
13,28,2.6153846153846154,5,2.5,2.272727272727273
14,24,2.5,4,3.142857142857143,1.8333333333333333
15,44,3.066666666666667,5,3.0833333333333335,2.8461538461538463
9,13,2.6666666666666665,4,2.0,1.25
13,34,2.8461538461538463,5,3.3333333333333335,2.727272727272727
7,9,2.2857142857142856,4,1.75,1.4
8,10,2.75,5,1.6,1.1428571428571428
9,10,3.2222222222222223,5,1.8,1.125
7,11,2.857142857142857,5,1.8,1.5
8,9,2.375,4,1.75,1.1666666666666667
7,9,2.142857142857143,4,1.5,1.2
6,8,1.8333333333333333,3,2.0,1.3333333333333333
9,13,1.6666666666666667,3,2.0,1.5
8,9,3.125,5,1.6,1.1428571428571428
7,8,2.7142857142857144,4,1.75,1.1666666666666667
8,8,2.125,3,2.0,1.0
9,10,2.888888888888889,5,1.6,1.1428571428571428
8,13,2.25,4,1.6,1.3333333333333333
8,9,2.5,4,2.0,1.1428571428571428
7,8,1.8571428571428572,3,2.5,1.25
8,10,2.75,5,1.8,1.2857142857142858
9,10,2.888888888888889,5,1.6,1.1428571428571428
8,12,3.125,5,2.2,1.5714285714285714
8,9,2.5,4,2.0,1.1428571428571428
7,7,1.8571428571428572,3,2.0,1.0
7,8,1.8571428571428572,3,2.5,1.25
9,11,3.2222222222222223,5,1.8,1.125
8,10,2.75,5,1.8,1.2857142857142858
8,10,2.75,5,1.8,1.2857142857142858
9,10,3.2222222222222223,5,2.0,1.0
7,7,2.7142857142857144,4,1.5,1.0
8,8,2.125,3,2.0,1.0
12,34,2.9166666666666665,6,3.0,3.0
8,12,2.25,4,1.6,1.3333333333333333
8,9,2.625,4,2.3333333333333335,1.0
9,10,2.4444444444444446,4,2.25,1.125
8,11,2.25,4,1.75,1.1666666666666667
9,10,2.3333333333333335,4,2.0,1.1428571428571428
13,30,2.923076923076923,5,2.8,2.5454545454545454
7,8,1.8571428571428572,3,2.5,1.25
7,8,1.4285714285714286,2,3.0,1.0
9,10,3.2222222222222223,5,2.0,1.0
8,9,2.75,4,2.6666666666666665,1.1428571428571428
8,8,2.25,4,2.0,1.0
9,16,3.111111111111111,5,2.4,1.5
8,9,2.25,4,1.4,1.1666666666666667
9,10,3.2222222222222223,5,2.0,1.0
9,11,1.5555555555555556,3,2.0,1.5
6,7,1.5,3,1.5,1.5
8,10,2.75,5,1.8,1.2857142857142858
9,11,1.3333333333333333,2,3.0,1.0
8,8,2.625,4,2.3333333333333335,1.0
6,7,1.3333333333333333,2,2.0,1.0
8,10,2.75,5,1.8,1.2857142857142858
7,8,1.2857142857142858,2,2.0,1.0
9,10,3.2222222222222223,5,2.0,1.0
9,10,1.7777777777777777,3,2.5,1.0
6,6,1.3333333333333333,2,2.0,1.0
8,10,2.75,5,1.8,1.2857142857142858
8,9,2.625,4,2.3333333333333335,1.0
7,8,1.8571428571428572,3,2.0,1.0
9,11,3.2222222222222223,5,1.8,1.125
6,10,2.5,4,1.6666666666666667,1.25
7,9,2.7142857142857144,4,1.5,1.0
8,8,2.125,3,2.0,1.0
6,6,1.3333333333333333,2,2.0,1.0
8,10,2.75,5,1.8,1.2857142857142858
9,9,2.888888888888889,5,1.75,1.0
8,9,2.875,5,1.75,1.0
9,11,1.5555555555555556,3,2.5,1.25
9,10,3.2222222222222223,5,2.0,1.0
7,8,2.4285714285714284,4,1.4,1.1666666666666667
8,10,2.75,5,1.8,1.2857142857142858
7,8,1.4285714285714286,2,3.0,1.0
7,8,1.4285714285714286,2,3.0,1.0
8,9,2.5,4,2.0,1.1428571428571428
7,9,1.8571428571428572,3,2.5,1.25
10,11,1.2,2,2.0,1.0
9,10,3.2222222222222223,5,2.0,1.0
8,15,3.25,5,1.8333333333333333,1.5714285714285714
7,11,2.857142857142857,5,1.8,1.5
8,10,2.75,5,1.8,1.2857142857142858
8,10,2.5,4,1.6,1.1428571428571428
6,7,1.3333333333333333,2,2.0,1.0
11,26,2.4545454545454546,5,2.7142857142857144,2.7142857142857144
9,10,2.3333333333333335,4,2.0,1.1428571428571428
14,28,2.7857142857142856,5,2.6,2.1666666666666665
8,11,2.875,5,1.5,1.2857142857142858
7,8,1.8571428571428572,3,2.0,1.0
9,9,3.2222222222222223,5,2.0,1.0
6,7,2.0,4,1.0,1.0
8,8,2.125,3,2.0,1.0
9,9,3.2222222222222223,5,2.0,1.0
8,8,2.5,4,2.3333333333333335,1.0
7,7,1.8571428571428572,3,2.0,1.0
9,10,3.2222222222222223,5,2.0,1.0
8,8,2.5,4,2.3333333333333335,1.0
6,6,1.5,3,1.0,1.0
8,11,2.25,4,1.6,1.3333333333333333
9,10,3.2222222222222223,5,1.8,1.125
8,9,2.75,5,1.6,1.1428571428571428
9,11,2.4444444444444446,4,2.25,1.125
9,9,3.2222222222222223,5,2.0,1.0
7,10,2.857142857142857,5,1.8,1.5
8,8,2.25,4,2.0,1.0
6,6,1.5,3,1.0,1.0
7,8,1.8571428571428572,3,2.0,1.0
8,9,2.25,4,1.4,1.1666666666666667
9,9,3.2222222222222223,5,2.0,1.0
8,11,2.0,4,1.4,1.4
8,9,2.375,4,1.75,1.1666666666666667
7,8,1.8571428571428572,3,2.0,1.0
7,9,1.8571428571428572,3,2.5,1.25
9,10,3.2222222222222223,5,2.0,1.0
8,15,2.875,5,1.8333333333333333,1.8333333333333333
8,8,2.625,4,2.3333333333333335,1.0
7,8,1.4285714285714286,2,3.0,1.0
7,9,1.4285714285714286,2,3.0,1.0
9,10,3.2222222222222223,5,2.0,1.0
8,11,2.75,5,1.8,1.2857142857142858
8,10,2.75,5,1.8,1.2857142857142858
9,9,3.2222222222222223,5,2.0,1.0
8,9,2.75,4,2.6666666666666665,1.1428571428571428
8,10,2.75,5,1.8,1.2857142857142858
7,8,1.8571428571428572,3,2.5,1.25
8,11,1.625,3,2.0,1.3333333333333333
8,11,2.75,5,1.8,1.2857142857142858
8,11,2.25,4,1.6,1.3333333333333333
9,11,2.3333333333333335,4,2.0,1.1428571428571428
13,32,2.769230769230769,5,2.9,2.6363636363636362
7,8,1.8571428571428572,3,2.5,1.25
7,8,1.4285714285714286,2,3.0,1.0
9,10,3.2222222222222223,5,2.0,1.0
7,9,2.7142857142857144,4,1.75,1.1666666666666667
7,8,2.2857142857142856,4,2.0,1.2
7,12,3.0,4,2.5,1.6666666666666667
6,7,1.5,3,1.5,1.5
7,11,3.0,4,2.25,1.5
9,14,1.5555555555555556,3,2.0,1.5
8,9,2.375,4,1.75,1.1666666666666667
8,10,3.25,5,1.8,1.2857142857142858
13,26,2.5384615384615383,4,2.6666666666666665,2.1818181818181817
8,10,2.75,5,1.8,1.2857142857142858
9,11,3.2222222222222223,5,1.8,1.125
8,15,2.625,5,1.5,1.5
8,10,2.75,5,1.8,1.2857142857142858
8,13,2.25,4,2.3333333333333335,1.4
8,10,2.75,5,1.8,1.2857142857142858
8,9,2.5,4,2.0,1.1428571428571428
9,17,3.111111111111111,5,2.1666666666666665,1.625
8,11,2.75,5,1.8,1.2857142857142858
7,8,1.4285714285714286,2,3.0,1.0
10,12,2.9,5,2.0,1.1111111111111112
13,26,2.5384615384615383,5,2.5555555555555554,2.090909090909091
8,8,2.5,4,2.3333333333333335,1.0
9,10,1.7777777777777777,3,2.0,1.2
7,8,1.8571428571428572,3,2.5,1.25
8,9,2.5,4,2.0,1.1428571428571428
8,9,2.375,4,1.75,1.1666666666666667
6,7,1.5,3,1.5,1.5
9,9,2.888888888888889,5,1.75,1.0
14,28,2.7857142857142856,5,2.6,2.1666666666666665
8,8,2.625,4,2.3333333333333335,1.0
9,12,1.5555555555555556,3,2.0,1.5
7,8,1.8571428571428572,3,2.0,1.0
8,9,2.5,4,2.0,1.1428571428571428
6,8,1.5,3,1.5,1.5
7,8,1.8571428571428572,3,2.0,1.0
8,8,2.625,4,2.3333333333333335,1.0
9,11,3.2222222222222223,5,1.8,1.125
8,10,2.75,5,1.8,1.2857142857142858
8,8,2.625,4,2.3333333333333335,1.0
8,10,2.5,4,2.0,1.1428571428571428
9,11,3.2222222222222223,5,1.8,1.125
6,7,2.1666666666666665,4,1.3333333333333333,1.0
8,10,2.75,5,1.8,1.2857142857142858
8,9,2.25,4,1.75,1.1666666666666667
8,10,2.75,5,1.8,1.2857142857142858
8,9,2.25,4,1.75,1.1666666666666667
12,19,1.8333333333333333,3,3.5,2.0
8,10,2.75,5,1.8,1.2857142857142858
6,7,1.3333333333333333,2,2.0,1.0
9,10,3.2222222222222223,5,2.0,1.0
8,10,2.75,5,1.8,1.2857142857142858
8,10,2.75,5,1.8,1.2857142857142858
8,12,2.75,5,1.8,1.2857142857142858
9,11,2.6666666666666665,4,2.25,1.125
14,21,1.9285714285714286,3,5.0,1.875
8,10,2.75,5,1.8,1.2857142857142858
8,9,2.625,4,2.3333333333333335,1.0
6,6,1.3333333333333333,2,2.0,1.0
9,10,2.888888888888889,5,1.6,1.1428571428571428
7,8,2.7142857142857144,4,1.5,1.0
7,9,2.4285714285714284,4,1.4,1.1666666666666667
8,10,2.75,5,1.8,1.2857142857142858
7,8,1.8571428571428572,3,2.5,1.25
7,8,1.8571428571428572,3,2.0,1.0
8,10,2.5,4,2.0,1.1428571428571428
9,11,3.2222222222222223,5,1.8,1.125
8,10,2.5,4,2.0,1.1428571428571428
8,10,2.75,5,1.8,1.2857142857142858
8,8,2.25,4,2.0,1.0
6,7,1.3333333333333333,2,2.0,1.0
7,9,1.4285714285714286,3,1.0,1.0
9,10,3.2222222222222223,5,2.0,1.0
8,8,2.625,4,2.3333333333333335,1.0
9,10,1.7777777777777777,3,2.5,1.0
8,9,2.375,4,1.75,1.1666666666666667
8,10,2.25,4,1.75,1.1666666666666667
9,9,3.2222222222222223,5,2.0,1.0
8,9,2.5,4,2.0,1.1428571428571428
7,8,1.8571428571428572,3,2.5,1.25
9,9,3.2222222222222223,5,2.0,1.0
15,30,2.466666666666667,4,2.7777777777777777,1.9230769230769231
8,10,2.75,5,1.8,1.2857142857142858
7,8,1.8571428571428572,3,2.5,1.25
8,9,2.375,4,1.75,1.1666666666666667
8,9,2.625,4,2.3333333333333335,1.0
8,12,2.25,4,1.5,1.5
9,12,2.6666666666666665,4,2.0,1.25
12,27,2.8333333333333335,6,2.5555555555555554,2.3
7,11,2.857142857142857,5,1.8,1.5
8,10,2.75,5,1.8,1.2857142857142858
6,6,1.3333333333333333,2,2.0,1.0
8,10,2.75,5,1.8,1.2857142857142858
9,9,3.2222222222222223,5,2.0,1.0
7,9,2.4285714285714284,4,1.6,1.3333333333333333
8,10,2.75,5,1.8,1.2857142857142858
9,10,3.2222222222222223,5,1.8,1.125
7,9,2.4285714285714284,4,1.6,1.3333333333333333
8,10,2.75,5,1.8,1.2857142857142858
6,6,1.3333333333333333,2,2.0,1.0
8,10,2.75,5,1.8,1.2857142857142858
9,9,3.2222222222222223,5,2.0,1.0
7,8,2.142857142857143,4,1.5,1.2
8,10,2.875,5,1.6,1.1428571428571428
7,8,1.4285714285714286,2,3.0,1.0
9,11,1.7777777777777777,3,2.5,1.0
8,11,2.75,5,1.8,1.2857142857142858
6,7,1.3333333333333333,2,2.0,1.0
7,9,1.4285714285714286,3,1.0,1.0
9,9,3.2222222222222223,5,2.0,1.0
8,8,2.625,4,2.3333333333333335,1.0
7,8,1.8571428571428572,3,2.0,1.0
9,10,3.2222222222222223,5,1.8,1.125
7,8,2.7142857142857144,4,1.5,1.0
7,10,2.2857142857142856,4,1.75,1.4
8,10,2.75,5,1.8,1.2857142857142858
9,10,3.2222222222222223,5,2.0,1.0
14,28,2.4285714285714284,4,3.125,2.0833333333333335
8,10,2.75,5,1.8,1.2857142857142858
9,9,1.7777777777777777,3,2.5,1.0
8,8,2.625,4,2.3333333333333335,1.0
6,7,1.5,3,1.0,1.0
8,13,2.375,4,1.5,1.5
6,7,1.5,3,1.0,1.0
12,34,2.75,6,2.888888888888889,2.888888888888889
11,13,1.2727272727272727,2,3.0,1.0
9,11,1.3333333333333333,2,3.0,1.0
14,36,3.0,6,3.4444444444444446,2.5833333333333335
14,25,1.7857142857142858,4,2.8333333333333335,2.125
14,34,2.9285714285714284,5,3.5,2.3333333333333335
13,26,2.4615384615384617,4,3.6666666666666665,2.2
15,39,3.1333333333333333,6,2.909090909090909,2.4615384615384617
14,29,2.5714285714285716,4,3.25,2.1666666666666665
15,44,3.066666666666667,5,3.1666666666666665,2.923076923076923
9,12,2.3333333333333335,4,2.0,1.1428571428571428
16,47,3.8125,7,3.3636363636363638,2.8461538461538463
9,10,2.4444444444444446,4,2.25,1.125
16,49,2.8125,5,4.181818181818182,3.5384615384615383
10,12,1.7,3,2.5,1.0
15,42,2.933333333333333,6,3.076923076923077,3.076923076923077
8,10,2.75,5,1.8,1.2857142857142858
7,8,1.4285714285714286,2,3.0,1.0
8,10,1.875,3,2.0,1.0
8,10,3.0,5,1.6,1.3333333333333333
8,10,2.25,4,1.75,1.1666666666666667
8,10,2.75,5,1.8,1.2857142857142858
14,39,2.857142857142857,5,3.6,3.272727272727273
9,12,2.7777777777777777,4,1.75,1.0
8,10,2.875,5,1.6,1.1428571428571428
7,9,2.2857142857142856,4,2.0,1.2
8,10,2.75,5,1.8,1.2857142857142858
9,9,2.888888888888889,5,1.75,1.0
8,10,2.75,5,1.8,1.2857142857142858
8,10,2.75,5,1.8,1.2857142857142858
6,7,1.5,3,1.0,1.0
6,8,1.5,3,1.5,1.5
9,9,2.888888888888889,5,1.75,1.0
8,8,2.5,4,2.3333333333333335,1.0
6,7,1.5,3,1.0,1.0
9,11,3.2222222222222223,5,1.8,1.125
7,9,2.4285714285714284,4,1.4,1.1666666666666667
8,9,2.5,4,2.0,1.1428571428571428
9,11,1.4444444444444444,3,1.3333333333333333,1.3333333333333333
8,10,2.75,5,1.8,1.2857142857142858
9,10,3.2222222222222223,5,2.0,1.0
7,8,2.7142857142857144,4,1.5,1.0
8,8,2.125,3,2.0,1.0
9,11,3.2222222222222223,5,1.8,1.125
11,21,2.6363636363636362,4,2.7142857142857144,2.111111111111111
8,10,2.75,5,1.8,1.2857142857142858
9,10,3.2222222222222223,5,2.0,1.0
9,10,2.4444444444444446,4,2.25,1.125
8,9,2.125,3,2.0,1.0
7,9,1.8571428571428572,3,1.6666666666666667,1.0
6,6,1.3333333333333333,2,2.0,1.0
9,10,3.2222222222222223,5,2.0,1.0
8,14,3.125,5,1.8333333333333333,1.5714285714285714
7,11,2.857142857142857,5,1.8,1.5
8,10,2.75,5,1.8,1.2857142857142858
8,9,2.25,4,1.4,1.1666666666666667
6,6,1.3333333333333333,2,2.0,1.0
13,39,3.230769230769231,6,3.090909090909091,3.090909090909091
9,11,2.6666666666666665,4,2.25,1.125
14,32,2.857142857142857,5,2.7,2.25
8,8,2.375,4,2.0,1.0
8,11,2.625,4,2.25,1.2857142857142858
8,10,2.75,5,1.8,1.2857142857142858
8,11,2.75,5,2.0,1.1428571428571428
9,9,3.2222222222222223,5,2.0,1.0
6,8,2.0,4,1.0,1.0
8,9,2.5,4,2.0,1.1428571428571428
6,6,1.3333333333333333,2,2.0,1.0
11,28,2.4545454545454546,5,2.5,2.857142857142857
9,10,3.2222222222222223,5,2.0,1.0
7,9,2.4285714285714284,4,1.6,1.3333333333333333
8,10,2.75,5,1.8,1.2857142857142858
9,10,3.2222222222222223,5,2.0,1.0
7,8,2.4285714285714284,4,1.4,1.1666666666666667
8,9,2.5,4,2.0,1.1428571428571428
7,8,1.7142857142857142,3,2.0,1.0
7,8,1.4285714285714286,2,3.0,1.0
9,10,3.2222222222222223,5,2.0,1.0
11,21,2.4545454545454546,4,2.7142857142857144,2.111111111111111
8,10,2.75,5,1.8,1.2857142857142858
7,8,1.8571428571428572,3,2.0,1.0
7,8,1.8571428571428572,3,2.0,1.0
8,10,2.75,5,1.8,1.2857142857142858
6,7,1.3333333333333333,2,2.0,1.0
9,10,3.2222222222222223,5,2.0,1.0
8,8,2.5,4,2.3333333333333335,1.0
7,8,1.8571428571428572,3,2.0,1.0
9,10,3.2222222222222223,5,2.0,1.0
8,9,2.5,4,2.0,1.1428571428571428
7,9,1.8571428571428572,3,2.5,1.25
9,9,3.2222222222222223,5,2.0,1.0
14,27,2.4285714285714284,4,3.125,2.0833333333333335
8,9,2.5,4,2.0,1.1428571428571428
6,7,1.5,3,1.0,1.0
8,8,2.625,4,2.3333333333333335,1.0
11,27,2.3636363636363638,5,2.2222222222222223,2.857142857142857
11,13,1.4545454545454546,3,2.0,1.0
9,11,1.5555555555555556,3,2.0,1.0
14,24,1.7857142857142858,4,3.0,2.25
14,26,2.0714285714285716,4,4.0,2.2222222222222223
13,24,1.9230769230769231,4,2.375,2.111111111111111
14,39,2.9285714285714284,5,2.909090909090909,2.6666666666666665
14,32,2.0714285714285716,4,2.7777777777777777,2.7777777777777777
13,24,2.076923076923077,3,2.857142857142857,2.0
15,44,3.2,6,3.076923076923077,3.076923076923077
14,28,2.7857142857142856,5,2.6,2.1666666666666665
14,42,3.0,5,3.1818181818181817,2.9166666666666665
9,13,2.6666666666666665,4,2.0,1.25
13,27,2.769230769230769,5,3.0,2.1818181818181817
9,10,3.2222222222222223,5,1.8,1.125
9,11,1.7777777777777777,3,3.0,1.2
8,9,2.875,5,1.75,1.0
7,8,1.7142857142857142,3,2.0,1.0
7,8,1.4285714285714286,2,3.0,1.0
8,10,2.875,5,1.6,1.1428571428571428
7,8,1.7142857142857142,3,2.0,1.0
9,10,3.2222222222222223,5,1.8,1.125
8,10,2.5,4,2.0,1.1428571428571428
8,8,2.125,3,2.0,1.0
7,9,1.8571428571428572,3,1.6666666666666667,1.0
12,33,2.3333333333333335,5,2.7777777777777777,3.125
9,11,1.4444444444444444,3,1.5,1.0
8,10,1.5,3,1.5,1.0
14,28,2.2857142857142856,5,2.4444444444444446,2.2
15,33,2.0,4,3.4285714285714284,2.6666666666666665
14,28,2.5,5,2.5555555555555554,2.090909090909091
13,25,2.230769230769231,4,4.0,2.2222222222222223
13,26,2.076923076923077,4,2.625,2.1
14,32,2.5,5,2.6,2.3636363636363638
14,25,2.5,4,3.6666666666666665,1.8333333333333333
14,24,2.5,4,3.6666666666666665,1.8333333333333333
14,25,2.5,4,3.2857142857142856,1.9166666666666667
15,39,3.066666666666667,5,3.1818181818181817,2.6923076923076925
9,11,2.2222222222222223,4,1.75,1.1666666666666667
15,32,2.933333333333333,5,3.111111111111111,2.1538461538461537
8,8,2.625,4,2.3333333333333335,1.0
7,7,2.142857142857143,4,1.6666666666666667,1.0
9,15,1.7777777777777777,3,2.75,2.2
8,9,2.5,4,2.0,1.1428571428571428
8,10,2.375,4,1.75,1.1666666666666667
8,11,2.75,5,1.6666666666666667,1.4285714285714286
7,10,1.7142857142857142,3,2.5,1.6666666666666667
15,49,2.8666666666666667,6,3.5,3.8181818181818183
6,8,1.5,3,1.5,1.5
9,11,3.2222222222222223,5,1.8,1.125
9,12,1.5555555555555556,3,2.3333333333333335,1.75
8,9,2.875,5,1.6,1.1428571428571428
7,10,1.8571428571428572,3,2.5,1.25
8,10,2.75,5,1.8,1.2857142857142858
6,7,1.5,3,1.5,1.5
7,9,1.4285714285714286,3,1.0,1.0
11,27,2.4545454545454546,5,2.5,2.857142857142857
9,11,3.2222222222222223,5,1.8,1.125
11,21,2.6363636363636362,4,2.7142857142857144,2.111111111111111
8,10,2.875,5,1.5,1.2857142857142858
7,8,1.8571428571428572,3,2.0,1.0
9,11,3.2222222222222223,5,1.8,1.125
7,7,2.7142857142857144,4,1.5,1.0
8,10,2.75,4,2.6666666666666665,1.1428571428571428
8,9,2.5,4,2.0,1.1428571428571428
6,7,1.5,3,1.0,1.0
9,10,2.888888888888889,5,1.6,1.1428571428571428
6,8,2.5,4,1.3333333333333333,1.0
7,9,2.4285714285714284,4,1.4,1.1666666666666667
8,9,2.5,4,2.0,1.1428571428571428
9,12,1.5555555555555556,3,2.5,1.25
7,7,1.8571428571428572,3,2.0,1.0
9,10,2.888888888888889,5,1.6,1.1428571428571428
11,21,2.6363636363636362,4,2.7142857142857144,2.111111111111111
8,11,2.875,5,1.5,1.2857142857142858
6,7,1.5,3,1.0,1.0
8,9,2.5,4,2.0,1.1428571428571428
7,8,1.8571428571428572,3,2.5,1.25
8,10,2.75,5,1.8,1.2857142857142858
6,7,1.1666666666666667,2,1.0,1.0
6,7,1.1666666666666667,2,1.0,1.0
9,12,2.6666666666666665,4,2.0,1.25
13,30,2.6923076923076925,5,2.7,2.4545454545454546
9,11,3.2222222222222223,5,1.8,1.125
8,9,2.75,5,1.6,1.1428571428571428
8,11,2.875,5,1.5,1.2857142857142858
6,7,1.5,3,1.0,1.0
7,8,1.8571428571428572,3,2.0,1.0
9,11,3.2222222222222223,5,1.8,1.125
8,10,2.875,5,1.6,1.1428571428571428
7,8,1.8571428571428572,3,2.5,1.25
8,10,2.75,5,1.8,1.2857142857142858
8,9,2.625,4,2.3333333333333335,1.0
6,8,1.5,3,1.0,1.0
8,9,2.5,4,2.0,1.1428571428571428
9,10,3.2222222222222223,5,1.8,1.125
8,9,2.75,5,1.6,1.1428571428571428
8,8,2.625,4,2.3333333333333335,1.0
9,10,1.2222222222222223,2,1.5,1.5
8,10,2.75,5,1.8,1.2857142857142858
8,10,2.25,4,1.75,1.1666666666666667
9,9,3.2222222222222223,5,2.0,1.0
7,10,2.4285714285714284,4,1.4,1.1666666666666667
8,10,2.75,5,1.8,1.2857142857142858
6,9,1.5,3,1.5,1.5
7,8,1.8571428571428572,3,2.0,1.0
9,11,3.2222222222222223,5,1.8,1.125
7,8,2.7142857142857144,4,1.5,1.0
8,8,2.125,3,2.0,1.0
8,8,2.125,3,2.0,1.0
9,10,3.2222222222222223,5,2.0,1.0
7,9,2.142857142857143,4,1.5,1.2
8,9,2.5,4,2.0,1.1428571428571428
9,10,1.7777777777777777,3,2.5,1.0
7,9,1.8571428571428572,3,2.5,1.25
7,8,1.8571428571428572,3,2.0,1.0
9,9,3.2222222222222223,5,2.0,1.0
7,9,2.4285714285714284,4,1.6,1.3333333333333333
8,9,2.5,4,2.0,1.1428571428571428
7,8,1.8571428571428572,3,2.5,1.25
7,9,1.8571428571428572,3,2.5,1.25
8,9,2.5,4,2.0,1.1428571428571428
7,9,1.8571428571428572,3,2.5,1.25
9,10,1.1111111111111112,2,1.0,1.0
9,10,2.3333333333333335,4,2.0,1.1428571428571428
13,24,2.3076923076923075,4,2.2,2.0
8,8,2.625,4,2.3333333333333335,1.0
9,11,1.4444444444444444,3,1.3333333333333333,1.3333333333333333
8,11,2.75,5,1.8,1.2857142857142858
9,9,3.2222222222222223,5,2.0,1.0
7,8,2.7142857142857144,4,1.5,1.0
7,9,2.2857142857142856,4,2.0,1.2
8,10,2.75,5,1.8,1.2857142857142858
9,11,3.2222222222222223,5,1.8,1.125
9,10,1.4444444444444444,2,4.0,1.0
6,7,1.6666666666666667,3,1.5,1.0
8,9,2.5,4,2.0,1.1428571428571428
12,23,2.1666666666666665,4,3.1666666666666665,1.9
8,10,2.75,5,1.8,1.2857142857142858
9,9,3.2222222222222223,5,2.0,1.0
7,9,2.4285714285714284,4,1.4,1.1666666666666667
8,9,2.5,4,2.0,1.1428571428571428
9,12,1.7777777777777777,3,2.5,1.0
7,9,1.8571428571428572,3,2.5,1.25
7,8,1.8571428571428572,3,2.0,1.0
11,27,2.3636363636363638,5,2.2222222222222223,2.857142857142857
10,12,1.5,3,2.0,1.0
14,29,3.0,5,3.0,2.25
7,9,2.2857142857142856,4,2.0,1.2
8,10,2.75,5,1.8,1.2857142857142858
9,12,2.888888888888889,5,1.6,1.1428571428571428
7,10,3.0,5,1.8,1.5
8,9,2.375,4,1.75,1.1666666666666667
6,8,1.8333333333333333,3,2.0,1.3333333333333333
7,8,1.4285714285714286,2,3.0,1.0
9,11,3.2222222222222223,5,1.8,1.125
8,9,2.75,5,1.6,1.1428571428571428
8,9,2.875,5,1.6,1.1428571428571428
6,8,1.8333333333333333,3,2.0,1.3333333333333333
8,10,2.75,5,1.8,1.2857142857142858
11,28,2.727272727272727,5,2.625,2.625
9,9,3.2222222222222223,5,2.0,1.0
13,32,2.8461538461538463,5,3.5,2.5454545454545454
9,10,3.2222222222222223,5,1.8,1.125
8,15,3.25,5,2.0,1.7142857142857142
7,10,2.857142857142857,5,1.8,1.5
8,8,2.25,4,2.0,1.0
6,7,1.5,3,1.5,1.5
9,11,1.7777777777777777,3,2.5,1.0
8,9,2.25,4,1.4,1.1666666666666667
9,10,3.2222222222222223,5,1.8,1.125
7,9,2.7142857142857144,4,1.75,1.1666666666666667
7,10,2.2857142857142856,4,1.75,1.4
8,10,3.25,5,1.8,1.2857142857142858
7,10,2.142857142857143,4,2.0,1.5
8,8,2.625,4,2.3333333333333335,1.0
9,17,3.111111111111111,5,2.1666666666666665,1.625
8,9,2.625,4,2.3333333333333335,1.0
9,12,1.7777777777777777,3,2.3333333333333335,1.4
8,9,2.25,4,1.4,1.1666666666666667
8,13,2.25,4,1.5,1.5
10,13,2.9,5,2.2,1.2222222222222223
12,26,2.3333333333333335,4,2.6666666666666665,2.4
7,9,2.2857142857142856,4,2.0,1.2
8,8,2.125,3,2.0,1.0
7,10,1.8571428571428572,3,2.5,1.25
9,11,3.2222222222222223,5,1.8,1.125
7,7,2.7142857142857144,4,1.5,1.0
8,9,2.75,4,2.6666666666666665,1.1428571428571428
8,9,2.5,4,2.0,1.1428571428571428
7,8,1.8571428571428572,3,2.5,1.25
8,10,2.5,4,1.6,1.1428571428571428
9,10,2.888888888888889,5,1.6,1.1428571428571428
8,10,2.875,5,1.6,1.1428571428571428
7,7,1.7142857142857142,3,2.0,1.0
7,9,2.2857142857142856,4,2.0,1.2
9,10,3.2222222222222223,5,2.0,1.0
8,10,2.75,5,1.8,1.2857142857142858
8,10,2.75,5,1.8,1.2857142857142858
8,8,2.625,4,2.3333333333333335,1.0
7,8,1.8571428571428572,3,2.5,1.25
8,9,2.5,4,2.0,1.1428571428571428
7,8,1.8571428571428572,3,2.5,1.25
9,10,1.1111111111111112,2,1.0,1.0
8,10,2.25,4,1.75,1.1666666666666667
9,11,3.2222222222222223,5,1.8,1.125
10,19,2.5,4,2.4285714285714284,2.125
8,10,2.875,5,1.6,1.1428571428571428
7,8,1.8571428571428572,3,2.0,1.0
9,9,3.2222222222222223,5,2.0,1.0
7,8,2.4285714285714284,4,1.4,1.1666666666666667
8,10,2.875,5,1.6,1.1428571428571428
8,13,2.875,5,1.6666666666666667,1.4285714285714286
7,8,1.4285714285714286,2,3.0,1.0
7,8,1.4285714285714286,2,3.0,1.0
6,8,1.5,3,1.0,1.0
7,8,1.8571428571428572,3,2.0,1.0
9,10,3.2222222222222223,5,1.8,1.125
9,11,1.7777777777777777,3,2.5,1.0
8,8,2.625,4,2.3333333333333335,1.0
9,14,1.7777777777777777,3,3.3333333333333335,2.0
9,15,1.7777777777777777,3,2.75,2.2
7,9,1.4285714285714286,2,3.0,1.0
8,10,2.75,5,1.8,1.2857142857142858
9,9,3.2222222222222223,5,2.0,1.0
7,11,2.4285714285714284,4,1.4,1.1666666666666667
8,9,2.5,4,2.0,1.1428571428571428
9,9,1.2222222222222223,2,2.0,1.0
8,10,2.75,5,1.8,1.2857142857142858
10,11,2.3,4,1.8,1.125
13,32,3.0,5,3.0,2.727272727272727
9,11,3.2222222222222223,5,1.8,1.125
7,8,2.7142857142857144,4,1.5,1.0
7,12,2.857142857142857,5,1.8,1.5
8,11,2.5,4,1.8,1.2857142857142858
7,9,1.8571428571428572,3,2.5,1.25
9,12,1.3333333333333333,2,2.0,1.3333333333333333
9,9,2.888888888888889,5,1.75,1.0
8,10,2.75,5,1.8,1.2857142857142858
8,9,2.875,5,1.6,1.1428571428571428
6,7,1.5,3,1.0,1.0
7,8,1.8571428571428572,3,2.0,1.0
9,10,3.2222222222222223,5,2.0,1.0
11,21,2.6363636363636362,4,2.7142857142857144,2.111111111111111
6,7,1.6666666666666667,3,1.5,1.0
8,12,2.875,5,1.6666666666666667,1.4285714285714286
7,9,1.8571428571428572,3,2.5,1.25
8,9,2.5,4,2.0,1.1428571428571428
6,9,1.5,3,1.5,1.5
7,9,1.8571428571428572,3,2.5,1.25
8,11,2.75,5,2.0,1.1428571428571428
9,10,3.2222222222222223,5,2.0,1.0
12,24,2.8333333333333335,5,2.4444444444444446,2.2
9,9,3.2222222222222223,5,2.0,1.0
8,10,2.75,5,1.8,1.2857142857142858
7,8,1.8571428571428572,3,2.5,1.25
7,8,1.4285714285714286,2,3.0,1.0
8,9,2.375,4,1.75,1.1666666666666667
7,9,1.7142857142857142,3,2.0,1.0
12,29,2.9166666666666665,5,3.0,2.6666666666666665
7,8,1.4285714285714286,2,3.0,1.0
9,9,3.2222222222222223,5,2.0,1.0
7,8,2.7142857142857144,4,1.5,1.0
7,10,2.2857142857142856,4,1.75,1.4
8,10,2.5,4,2.0,1.1428571428571428
9,10,3.2222222222222223,5,2.0,1.0
9,10,1.6666666666666667,3,2.5,1.0
8,11,2.875,5,1.5,1.2857142857142858
6,6,1.3333333333333333,2,2.0,1.0
9,12,1.4444444444444444,2,4.0,1.0
8,9,2.875,5,1.6,1.1428571428571428
6,7,1.5,3,1.0,1.0
8,10,2.75,5,1.8,1.2857142857142858
6,8,1.5,3,1.0,1.0
9,13,2.6666666666666665,4,2.25,1.125
13,33,2.923076923076923,6,2.8,2.5454545454545454
8,8,2.5,4,2.3333333333333335,1.0
7,8,1.8571428571428572,3,2.0,1.0
7,8,1.8571428571428572,3,2.5,1.25
9,11,3.2222222222222223,5,1.8,1.125
7,9,2.4285714285714284,4,1.6,1.3333333333333333
8,8,2.125,3,2.0,1.0
6,7,1.5,3,1.5,1.5
7,8,1.4285714285714286,2,3.0,1.0
6,6,1.5,3,1.0,1.0
9,9,3.2222222222222223,5,2.0,1.0
7,9,2.7142857142857144,4,1.75,1.1666666666666667
7,9,2.2857142857142856,4,1.75,1.4
8,8,2.25,4,2.0,1.0
7,9,1.8571428571428572,3,2.5,1.25
9,11,3.2222222222222223,5,1.8,1.125
8,10,2.75,5,1.6,1.1428571428571428
8,8,2.625,4,2.3333333333333335,1.0
7,8,1.4285714285714286,2,3.0,1.0
8,11,2.75,5,1.8,1.2857142857142858
9,9,3.2222222222222223,5,2.0,1.0
7,9,2.7142857142857144,4,1.75,1.1666666666666667
7,9,2.2857142857142856,4,1.75,1.4
7,12,3.142857142857143,5,2.0,1.6666666666666667
8,11,2.25,4,1.6,1.3333333333333333
9,9,2.888888888888889,5,1.75,1.0
8,8,2.25,4,2.0,1.0
8,10,2.75,5,1.8,1.2857142857142858
7,9,1.7142857142857142,3,1.5,1.0
8,10,2.75,5,1.8,1.2857142857142858
9,10,3.2222222222222223,5,2.0,1.0
11,21,2.6363636363636362,4,2.7142857142857144,2.111111111111111
6,8,1.8333333333333333,3,2.0,1.3333333333333333
8,8,2.625,4,2.3333333333333335,1.0
10,19,3.1,5,2.2857142857142856,1.7777777777777777
8,10,2.75,5,1.8,1.2857142857142858
6,9,1.5,3,1.5,1.5
9,11,3.2222222222222223,5,1.8,1.125
8,9,2.875,5,1.6,1.1428571428571428
9,12,1.5555555555555556,3,2.0,1.0
9,11,3.2222222222222223,5,1.8,1.125
7,7,2.7142857142857144,4,1.5,1.0
8,9,2.75,4,2.6666666666666665,1.1428571428571428
8,9,2.5,4,2.0,1.1428571428571428
7,8,1.8571428571428572,3,2.5,1.25
8,9,2.25,4,1.4,1.1666666666666667
12,31,2.75,6,2.7777777777777777,2.7777777777777777
10,11,1.5,3,2.0,1.0
9,11,1.5555555555555556,3,2.0,1.0
14,24,1.7857142857142858,4,3.0,2.25
14,31,2.0,4,2.7777777777777777,2.7777777777777777
14,30,2.7857142857142856,5,2.6,2.1666666666666665
13,22,2.4615384615384617,4,3.8,1.9
13,25,2.769230769230769,6,2.875,2.090909090909091
13,25,2.230769230769231,4,2.5555555555555554,2.090909090909091
15,44,3.1333333333333333,5,3.0,2.769230769230769
9,11,2.6666666666666665,4,2.0,1.25
12,21,2.25,4,3.1666666666666665,1.9
7,9,2.2857142857142856,4,1.75,1.4
8,10,2.5,4,2.0,1.1428571428571428
8,11,2.75,5,2.0,1.1428571428571428
9,10,3.2222222222222223,5,2.0,1.0
9,9,1.7777777777777777,3,2.5,1.0
8,10,2.75,5,1.8,1.2857142857142858
7,8,1.8571428571428572,3,2.5,1.25
7,8,1.8571428571428572,3,2.0,1.0
7,8,1.4285714285714286,2,3.0,1.0
8,10,2.75,5,1.8,1.2857142857142858
8,9,2.25,4,1.75,1.1666666666666667
8,10,2.75,5,1.8,1.2857142857142858
7,9,1.8571428571428572,3,2.5,1.25
8,12,2.75,5,1.8,1.2857142857142858
9,10,3.2222222222222223,5,2.0,1.0
8,9,2.5,4,2.0,1.1428571428571428
8,8,2.125,3,2.0,1.0
7,9,1.8571428571428572,3,1.6666666666666667,1.0
9,9,3.2222222222222223,5,2.0,1.0
8,13,2.5,4,1.8,1.2857142857142858
8,9,2.375,4,1.75,1.1666666666666667
9,9,3.2222222222222223,5,2.0,1.0
8,10,2.75,5,1.8,1.2857142857142858
8,10,2.75,5,1.8,1.2857142857142858
9,9,3.2222222222222223,5,2.0,1.0
8,11,2.0,4,1.4,1.4
8,10,2.875,5,1.6,1.1428571428571428
7,9,2.142857142857143,4,1.5,1.2
9,14,1.7777777777777777,3,3.3333333333333335,2.0
7,8,1.4285714285714286,2,3.0,1.0
8,10,2.75,5,1.8,1.2857142857142858
9,9,3.2222222222222223,5,2.0,1.0
7,9,2.4285714285714284,4,1.4,1.1666666666666667
6,8,1.8333333333333333,3,2.0,1.3333333333333333
8,9,2.375,4,1.75,1.1666666666666667
7,8,1.8571428571428572,3,2.5,1.25
9,10,1.2222222222222223,2,2.0,1.0
8,11,2.75,5,2.0,1.1428571428571428
9,10,2.3333333333333335,4,2.0,1.1428571428571428
14,39,2.9285714285714284,5,3.5,2.9166666666666665
8,8,2.125,3,2.0,1.0
9,9,3.2222222222222223,5,2.0,1.0
6,8,2.5,4,1.3333333333333333,1.0
7,8,2.7142857142857144,4,1.5,1.0
6,6,1.3333333333333333,2,2.0,1.0
8,9,2.5,4,2.0,1.1428571428571428
9,15,3.111111111111111,5,2.2,1.375
8,11,2.75,5,1.8,1.2857142857142858
9,10,3.2222222222222223,5,2.0,1.0
9,11,1.7777777777777777,3,3.0,1.2
8,9,2.375,4,1.75,1.1666666666666667
6,7,1.6666666666666667,3,1.5,1.0
9,10,3.2222222222222223,5,2.0,1.0
7,8,2.7142857142857144,4,1.5,1.0
7,9,2.7142857142857144,4,1.75,1.1666666666666667
8,8,2.25,4,2.0,1.0
7,8,1.8571428571428572,3,2.0,1.0
9,11,3.2222222222222223,5,1.8,1.125
7,9,2.4285714285714284,4,1.6,1.3333333333333333
7,10,2.857142857142857,5,1.8,1.5
8,9,2.5,4,2.0,1.1428571428571428
7,10,2.0,3,2.0,1.0
7,9,1.8571428571428572,3,2.5,1.25
9,10,3.2222222222222223,5,2.0,1.0
6,8,2.3333333333333335,4,1.6666666666666667,1.25
8,10,2.75,5,1.8,1.2857142857142858
6,7,1.5,3,1.0,1.0
7,8,1.8571428571428572,3,2.0,1.0
8,10,2.75,5,1.8,1.2857142857142858
7,9,1.8571428571428572,3,2.5,1.25
7,9,1.8571428571428572,3,2.5,1.25
9,10,3.2222222222222223,5,2.0,1.0
8,8,2.5,4,2.3333333333333335,1.0
7,9,1.8571428571428572,3,2.5,1.25
9,10,3.2222222222222223,5,2.0,1.0
8,10,2.75,5,1.6,1.1428571428571428
8,10,2.5,4,2.0,1.1428571428571428
9,9,3.2222222222222223,5,2.0,1.0
8,14,3.25,5,2.2,1.5714285714285714
7,12,2.857142857142857,5,1.8,1.5
8,9,2.375,4,1.75,1.1666666666666667
8,9,2.5,4,2.0,1.1428571428571428
7,11,2.0,3,2.5,1.25
7,7,2.0,3,1.6666666666666667,1.0
13,38,3.3846153846153846,6,3.4,3.090909090909091
9,11,2.3333333333333335,4,2.0,1.1428571428571428
14,39,2.857142857142857,5,3.5,2.9166666666666665
9,10,3.2222222222222223,5,1.8,1.125
8,8,2.625,4,2.3333333333333335,1.0
8,11,2.25,4,1.6,1.3333333333333333
9,9,3.2222222222222223,5,2.0,1.0
7,9,2.7142857142857144,4,1.75,1.1666666666666667
8,8,2.125,3,2.0,1.0
9,9,3.2222222222222223,5,2.0,1.0
11,24,2.909090909090909,5,2.75,2.4444444444444446
6,7,1.8333333333333333,3,2.0,1.3333333333333333
8,11,2.375,4,2.0,1.3333333333333333
8,8,2.125,3,2.0,1.0
9,11,3.2222222222222223,5,1.8,1.125
9,13,1.7777777777777777,3,2.6666666666666665,1.6
8,8,2.625,4,2.3333333333333335,1.0
6,7,1.5,3,1.5,1.5
7,9,1.8571428571428572,3,2.5,1.25
9,10,2.888888888888889,5,1.6,1.1428571428571428
8,12,3.125,5,2.2,1.5714285714285714
8,9,2.5,4,2.0,1.1428571428571428
7,7,1.8571428571428572,3,2.0,1.0
7,8,1.8571428571428572,3,2.5,1.25
9,10,2.888888888888889,5,1.6,1.1428571428571428
8,9,2.75,4,2.6666666666666665,1.1428571428571428
8,10,2.75,5,1.8,1.2857142857142858
6,7,1.5,3,1.5,1.5
8,10,2.25,4,1.75,1.1666666666666667
9,11,2.6666666666666665,4,2.25,1.125
14,28,2.857142857142857,5,2.7777777777777777,2.0833333333333335
6,8,1.8333333333333333,3,2.0,1.3333333333333333
9,10,3.2222222222222223,5,2.0,1.0
8,10,2.75,5,1.8,1.2857142857142858
7,9,1.7142857142857142,3,1.6666666666666667,1.25
6,8,1.5,3,1.0,1.0
8,10,2.75,5,1.8,1.2857142857142858
9,9,2.888888888888889,5,1.75,1.0
9,10,2.4444444444444446,4,2.25,1.125
8,8,2.125,3,2.0,1.0
8,10,1.75,3,1.6666666666666667,1.0
9,10,3.2222222222222223,5,2.0,1.0
7,9,2.4285714285714284,4,1.4,1.1666666666666667
8,9,2.5,4,2.0,1.1428571428571428
9,11,1.4444444444444444,3,1.3333333333333333,1.3333333333333333
8,10,2.75,5,1.8,1.2857142857142858
9,10,3.2222222222222223,5,2.0,1.0
8,11,2.875,4,2.25,1.2857142857142858
8,9,2.125,3,2.0,1.0
7,8,1.8571428571428572,3,2.0,1.0
9,10,3.2222222222222223,5,2.0,1.0
8,10,2.875,5,1.6,1.1428571428571428
9,12,1.7777777777777777,3,3.0,1.2
9,10,3.2222222222222223,5,2.0,1.0
8,10,2.75,5,1.8,1.2857142857142858
9,11,2.4444444444444446,4,2.25,1.125
9,9,3.2222222222222223,5,2.0,1.0
8,14,3.125,5,1.8333333333333333,1.5714285714285714
8,10,2.875,5,1.6,1.1428571428571428
8,9,2.25,4,1.75,1.1666666666666667
9,10,1.4444444444444444,2,4.0,1.0
8,8,2.625,4,2.3333333333333335,1.0
7,8,1.8571428571428572,3,2.5,1.25
8,8,2.5,4,2.3333333333333335,1.0
11,25,2.8181818181818183,6,2.5,2.5
10,12,1.5,3,2.0,1.0
9,11,1.5555555555555556,3,2.0,1.0
14,23,1.6428571428571428,3,3.4,2.125
14,26,2.0714285714285716,4,4.0,2.2222222222222223
13,22,1.8461538461538463,3,2.5714285714285716,2.0
14,39,2.9285714285714284,5,3.0,2.75
14,32,2.0714285714285716,4,2.888888888888889,2.888888888888889
13,26,2.3076923076923075,4,2.875,2.090909090909091
15,42,3.1333333333333333,6,3.0,3.0
13,28,2.6153846153846154,5,2.3636363636363638,2.3636363636363638
14,43,3.0,5,3.0,3.0
9,12,2.6666666666666665,4,2.0,1.25
15,26,2.533333333333333,4,2.6666666666666665,1.8461538461538463
8,9,2.5,4,2.0,1.1428571428571428
6,6,1.5,3,1.0,1.0
7,8,1.8571428571428572,3,2.0,1.0
8,8,2.625,4,2.3333333333333335,1.0
9,11,1.4444444444444444,3,1.3333333333333333,1.3333333333333333
8,11,2.75,5,1.8,1.2857142857142858
9,9,3.2222222222222223,5,2.0,1.0
8,9,2.75,5,1.6,1.1428571428571428
8,10,2.75,5,1.8,1.2857142857142858
9,9,3.2222222222222223,5,2.0,1.0
7,9,2.7142857142857144,4,1.75,1.1666666666666667
8,9,2.375,4,1.75,1.1666666666666667
7,8,1.8571428571428572,3,2.0,1.0
12,29,2.6666666666666665,5,2.857142857142857,2.5
9,10,3.2222222222222223,5,2.0,1.0
12,25,2.6666666666666665,5,2.5555555555555554,2.3
9,10,3.2222222222222223,5,2.0,1.0
6,8,2.5,4,1.3333333333333333,1.0
9,9,1.4444444444444444,2,4.0,1.0
8,10,2.75,5,1.8,1.2857142857142858
8,8,2.625,4,2.3333333333333335,1.0
9,11,1.4444444444444444,3,1.3333333333333333,1.3333333333333333
9,10,3.2222222222222223,5,2.0,1.0
10,19,2.5,4,2.4285714285714284,2.125
8,11,2.875,5,1.5,1.2857142857142858
7,8,1.8571428571428572,3,2.0,1.0
9,9,3.2222222222222223,5,2.0,1.0
8,8,2.625,4,2.3333333333333335,1.0
6,7,1.5,3,1.0,1.0
9,9,3.2222222222222223,5,2.0,1.0
13,27,2.769230769230769,5,2.7777777777777777,2.272727272727273
9,11,3.2222222222222223,5,1.8,1.125
9,10,1.7777777777777777,3,3.0,1.2
8,9,2.5,4,2.0,1.1428571428571428
7,8,1.8571428571428572,3,2.5,1.25
7,8,1.4285714285714286,2,3.0,1.0
11,27,2.3636363636363638,5,2.2222222222222223,2.857142857142857
10,12,1.5,3,2.0,1.0
15,40,3.3333333333333335,6,3.1818181818181817,2.6923076923076925
7,11,2.857142857142857,5,1.8,1.5
8,10,2.75,5,1.8,1.2857142857142858
7,8,1.8571428571428572,3,2.5,1.25
8,12,1.875,3,2.5,1.25
8,9,2.25,4,1.4,1.1666666666666667
8,11,3.125,5,1.6,1.1428571428571428
8,8,2.625,4,2.3333333333333335,1.0
6,7,1.5,3,1.5,1.5
8,10,2.75,5,1.8,1.2857142857142858
9,11,3.2222222222222223,5,1.8,1.125
8,10,2.5,4,2.0,1.1428571428571428
8,8,2.125,3,2.0,1.0
7,9,1.8571428571428572,3,1.6666666666666667,1.0
8,13,2.25,4,1.5,1.5
9,10,3.2222222222222223,5,1.8,1.125
6,8,2.5,4,1.3333333333333333,1.0
8,9,2.5,4,2.0,1.1428571428571428
6,8,1.8333333333333333,3,2.0,1.3333333333333333
11,29,2.909090909090909,6,2.4444444444444446,2.75
9,10,2.111111111111111,4,1.6666666666666667,1.0
7,10,3.0,5,1.8,1.5
7,11,2.857142857142857,5,1.8,1.5
8,8,2.25,4,2.0,1.0
8,8,2.25,4,2.0,1.0
8,10,2.75,5,1.8,1.2857142857142858
8,8,2.5,4,1.75,1.0
6,7,1.5,3,1.5,1.5
9,9,2.888888888888889,5,1.75,1.0
8,8,2.625,4,2.3333333333333335,1.0
7,8,1.8571428571428572,3,2.5,1.25
7,8,1.4285714285714286,2,3.0,1.0
9,10,3.2222222222222223,5,2.0,1.0
8,9,2.875,5,1.6,1.1428571428571428
7,8,1.8571428571428572,3,2.5,1.25
7,9,1.7142857142857142,3,2.0,1.0
9,10,2.4444444444444446,4,2.25,1.125
9,10,3.2222222222222223,5,2.0,1.0
6,8,2.0,4,1.0,1.0
8,8,2.125,3,2.0,1.0
7,8,1.8571428571428572,3,2.5,1.25
12,36,3.0833333333333335,6,3.3333333333333335,3.0
9,11,2.6666666666666665,4,2.25,1.125
15,37,2.8666666666666667,5,3.1818181818181817,2.6923076923076925
9,12,1.5555555555555556,3,2.0,1.0
9,10,3.2222222222222223,5,2.0,1.0
15,37,2.8666666666666667,5,3.1818181818181817,2.6923076923076925
9,10,3.2222222222222223,5,2.0,1.0
8,10,2.75,5,1.8,1.2857142857142858
8,8,2.625,4,2.3333333333333335,1.0
8,10,2.5,4,2.0,1.1428571428571428
9,10,3.2222222222222223,5,2.0,1.0
8,9,2.75,4,2.6666666666666665,1.1428571428571428
8,8,2.25,4,2.0,1.0
9,16,3.111111111111111,5,2.4,1.5
8,9,2.25,4,1.4,1.1666666666666667
9,10,3.2222222222222223,5,2.0,1.0
8,10,2.5,4,2.0,1.1428571428571428
8,9,2.625,4,1.75,1.1666666666666667
7,9,1.8571428571428572,3,1.6666666666666667,1.0
6,7,1.5,3,1.5,1.5
9,10,3.2222222222222223,5,2.0,1.0
8,12,2.25,4,1.6,1.3333333333333333
8,9,2.625,4,2.3333333333333335,1.0
7,9,2.142857142857143,4,1.5,1.2
9,9,1.7777777777777777,3,2.5,1.0
7,9,1.8571428571428572,3,2.5,1.25
7,8,1.8571428571428572,3,2.0,1.0
8,10,2.75,5,1.8,1.2857142857142858
6,7,1.3333333333333333,2,2.0,1.0
9,9,3.2222222222222223,5,2.0,1.0
7,8,2.7142857142857144,4,1.5,1.0
8,8,2.125,3,2.0,1.0
9,10,3.2222222222222223,5,2.0,1.0
8,10,2.75,5,1.8,1.2857142857142858
8,9,2.5,4,2.0,1.1428571428571428
9,9,3.2222222222222223,5,2.0,1.0
7,9,2.4285714285714284,4,1.6,1.3333333333333333
8,9,2.5,4,2.0,1.1428571428571428
9,11,1.5555555555555556,3,2.5,1.25
8,11,2.75,5,1.8,1.2857142857142858
8,10,2.25,4,1.75,1.1666666666666667
9,12,2.6666666666666665,4,2.0,1.25
14,33,2.857142857142857,5,3.1,2.5833333333333335
13,38,3.0,5,3.4444444444444446,3.1
7,9,1.7142857142857142,3,2.0,1.0
7,8,1.4285714285714286,2,3.0,1.0
9,9,3.2222222222222223,5,2.0,1.0
7,9,2.142857142857143,4,1.5,1.2
8,10,2.75,5,1.8,1.2857142857142858
8,9,2.625,4,2.3333333333333335,1.0
9,16,3.111111111111111,5,2.4,1.5
7,8,2.142857142857143,4,1.5,1.2
9,9,3.2222222222222223,5,2.0,1.0
7,10,2.857142857142857,5,1.8,1.5
8,10,2.75,5,1.8,1.2857142857142858
6,6,1.3333333333333333,2,2.0,1.0
9,10,3.2222222222222223,5,2.0,1.0
8,9,2.75,4,2.6666666666666665,1.1428571428571428
8,10,3.0,5,1.6,1.3333333333333333
8,10,2.0,4,1.5,1.2
6,7,1.5,3,1.0,1.0
8,9,2.25,4,1.4,1.1666666666666667
6,7,1.5,3,1.0,1.0
9,9,3.2222222222222223,5,2.0,1.0
7,8,2.7142857142857144,4,1.5,1.0
7,9,2.2857142857142856,4,2.0,1.2
6,6,1.3333333333333333,2,2.0,1.0
8,10,2.75,5,1.8,1.2857142857142858
8,11,2.75,5,1.8,1.2857142857142858
9,10,3.2222222222222223,5,2.0,1.0
8,9,2.875,5,1.75,1.0
6,8,1.8333333333333333,3,2.0,1.3333333333333333
9,9,3.2222222222222223,5,2.0,1.0
9,12,1.7777777777777777,3,3.0,1.2
8,10,2.875,5,1.6,1.1428571428571428
8,12,2.375,4,1.5,1.5
6,6,1.3333333333333333,2,2.0,1.0
9,9,3.2222222222222223,5,2.0,1.0
8,8,2.625,4,2.3333333333333335,1.0
6,7,1.5,3,1.0,1.0
9,9,3.2222222222222223,5,2.0,1.0
9,9,1.7777777777777777,3,2.5,1.0
8,10,2.875,5,1.6,1.1428571428571428
8,9,2.375,4,1.75,1.1666666666666667
7,7,1.4285714285714286,2,3.0,1.0
8,12,2.75,5,1.8,1.2857142857142858
9,12,2.6666666666666665,4,2.25,1.125
13,30,2.769230769230769,5,2.888888888888889,2.3636363636363638
8,9,2.5,4,2.0,1.1428571428571428
7,8,2.0,3,1.6666666666666667,1.0
7,8,1.8571428571428572,3,2.5,1.25
8,9,2.5,4,2.0,1.1428571428571428
7,8,1.8571428571428572,3,2.5,1.25
9,9,3.2222222222222223,5,2.0,1.0
6,9,2.3333333333333335,4,1.6666666666666667,1.25
8,9,2.5,4,2.0,1.1428571428571428
8,11,1.875,3,2.0,1.0
7,9,1.8571428571428572,3,2.5,1.25
9,9,3.2222222222222223,5,2.0,1.0
14,28,2.4285714285714284,4,3.125,2.0833333333333335
8,9,2.5,4,2.0,1.1428571428571428
6,7,2.0,4,1.0,1.0
8,8,2.625,4,2.3333333333333335,1.0
9,9,3.2222222222222223,5,2.0,1.0
7,10,3.0,5,1.8,1.5
8,9,2.625,4,2.3333333333333335,1.0
7,8,1.7142857142857142,3,2.0,1.0
7,8,1.4285714285714286,2,3.0,1.0
6,7,1.5,3,1.0,1.0
8,11,2.25,4,1.6,1.3333333333333333
9,10,3.2222222222222223,5,2.0,1.0
8,8,2.25,4,2.0,1.0
7,10,1.7142857142857142,3,2.5,1.6666666666666667
8,10,2.75,5,1.8,1.2857142857142858
8,10,2.75,5,1.8,1.2857142857142858
15,38,3.2666666666666666,6,3.090909090909091,2.6153846153846154
8,9,2.5,4,2.0,1.1428571428571428
7,8,1.8571428571428572,3,2.5,1.25
8,12,1.875,3,2.5,1.25
8,9,1.875,3,2.5,1.0
9,9,2.888888888888889,5,1.75,1.0
9,11,1.7777777777777777,3,2.5,1.0
8,9,2.875,5,1.75,1.0
8,8,2.125,3,2.0,1.0
7,8,1.7142857142857142,3,2.0,1.0
12,29,2.9166666666666665,6,3.125,2.7777777777777777
9,11,2.4444444444444446,4,2.0,1.0
14,35,2.857142857142857,5,3.3,2.75
9,9,2.888888888888889,5,1.75,1.0
8,8,2.625,4,2.3333333333333335,1.0
8,9,2.25,4,1.75,1.1666666666666667
9,10,3.2222222222222223,5,2.0,1.0
8,10,2.875,4,2.25,1.2857142857142858
8,8,2.125,3,2.0,1.0
9,10,3.2222222222222223,5,2.0,1.0
11,22,2.727272727272727,5,2.5,2.2222222222222223
8,10,2.75,5,1.8,1.2857142857142858
8,8,2.625,4,2.3333333333333335,1.0
6,7,1.5,3,1.0,1.0
7,9,1.8571428571428572,3,2.5,1.25
12,29,2.6666666666666665,6,2.5555555555555554,2.5555555555555554
10,12,1.5,3,2.0,1.0
9,10,1.5555555555555556,3,2.0,1.0
15,27,1.7333333333333334,4,2.5714285714285716,2.25
13,18,1.6923076923076923,3,2.6,1.625
13,25,2.3076923076923075,4,3.8,1.9
13,23,2.3076923076923075,4,2.857142857142857,1.8181818181818181
14,22,2.4285714285714284,4,4.0,1.6666666666666667
13,24,2.230769230769231,4,2.75,2.0
15,45,3.066666666666667,5,3.0833333333333335,2.8461538461538463
9,12,2.6666666666666665,4,2.0,1.25
13,29,2.6923076923076925,5,2.7,2.4545454545454546
8,9,2.25,4,1.75,1.1666666666666667
9,9,3.2222222222222223,5,2.0,1.0
13,28,2.769230769230769,5,3.25,2.3636363636363638
9,10,3.2222222222222223,5,1.8,1.125
10,19,2.5,4,2.4285714285714284,2.125
8,11,2.875,5,1.5,1.2857142857142858
7,7,1.8571428571428572,3,2.0,1.0
9,9,3.2222222222222223,5,2.0,1.0
7,7,2.7142857142857144,4,1.5,1.0
7,11,2.857142857142857,5,1.8,1.5
6,6,1.3333333333333333,2,2.0,1.0
8,10,2.75,5,1.8,1.2857142857142858
8,10,2.75,5,1.8,1.2857142857142858
9,10,3.2222222222222223,5,2.0,1.0
8,8,2.5,4,2.3333333333333335,1.0
7,9,1.8571428571428572,3,2.5,1.25
8,11,1.625,3,2.0,1.3333333333333333
7,9,1.8571428571428572,3,2.5,1.25
8,10,2.75,5,1.8,1.2857142857142858
6,7,1.1666666666666667,2,1.0,1.0
10,21,2.4,5,1.8888888888888888,2.4285714285714284
9,9,1.7777777777777777,3,2.0,1.0
7,10,2.4285714285714284,4,1.6,1.3333333333333333
7,10,2.857142857142857,5,1.8,1.5
8,10,2.5,4,2.0,1.1428571428571428
8,10,2.25,4,1.75,1.1666666666666667
9,9,2.888888888888889,5,1.75,1.0
7,8,2.7142857142857144,4,1.5,1.0
7,10,2.857142857142857,5,1.8,1.5
8,10,2.5,4,2.0,1.1428571428571428
9,9,2.888888888888889,5,1.75,1.0
7,11,2.857142857142857,5,1.8,1.5
8,9,2.375,4,1.75,1.1666666666666667
6,7,1.6666666666666667,3,1.5,1.0
7,9,1.8571428571428572,3,2.5,1.25
9,9,2.888888888888889,5,1.75,1.0
8,8,2.5,4,2.3333333333333335,1.0
6,7,1.5,3,1.0,1.0
9,10,3.2222222222222223,5,2.0,1.0
8,8,2.625,4,2.3333333333333335,1.0
9,10,3.2222222222222223,5,2.0,1.0
9,10,1.7777777777777777,3,3.0,1.2
8,9,2.375,4,1.75,1.1666666666666667
8,9,2.375,4,1.75,1.1666666666666667
7,8,1.8571428571428572,3,2.0,1.0
12,29,2.6666666666666665,5,2.625,2.625
9,10,3.2222222222222223,5,2.0,1.0
8,8,2.625,4,2.3333333333333335,1.0
7,8,1.8571428571428572,3,2.5,1.25
7,8,1.4285714285714286,2,3.0,1.0
9,11,2.3333333333333335,4,2.0,1.1428571428571428
6,8,2.5,4,1.3333333333333333,1.0
8,8,2.125,3,2.0,1.0
9,9,3.2222222222222223,5,2.0,1.0
7,8,2.142857142857143,4,1.5,1.2
8,8,2.375,4,2.0,1.0
7,8,1.8571428571428572,3,2.5,1.25
9,13,1.5555555555555556,3,2.5,1.25
9,10,3.2222222222222223,5,2.0,1.0
8,8,2.625,4,2.3333333333333335,1.0
8,9,2.25,4,1.75,1.1666666666666667
9,9,3.2222222222222223,5,2.0,1.0
12,29,2.6666666666666665,5,2.7777777777777777,2.5
9,10,3.2222222222222223,5,1.8,1.125
8,8,2.625,4,2.3333333333333335,1.0
7,9,1.8571428571428572,3,2.5,1.25
9,10,3.2222222222222223,5,1.8,1.125
7,9,2.7142857142857144,4,1.75,1.1666666666666667
7,9,2.7142857142857144,4,1.75,1.1666666666666667
8,10,2.75,5,1.8,1.2857142857142858
9,11,3.2222222222222223,5,1.8,1.125
7,8,2.142857142857143,4,1.5,1.2
8,10,2.75,5,1.8,1.2857142857142858
8,9,2.625,4,2.3333333333333335,1.0
6,7,1.5,3,1.0,1.0
7,9,1.8571428571428572,3,2.5,1.25
12,33,2.75,6,2.888888888888889,2.888888888888889
9,9,1.7777777777777777,3,2.0,1.0
15,33,2.8666666666666667,5,2.727272727272727,2.3076923076923075
8,13,2.875,5,1.6666666666666667,1.4285714285714286
7,9,1.8571428571428572,3,2.5,1.25
9,11,3.2222222222222223,5,1.8,1.125
7,10,3.0,5,1.8,1.5
8,9,2.5,4,2.0,1.1428571428571428
7,9,1.7142857142857142,3,1.6666666666666667,1.25
7,9,1.8571428571428572,3,2.5,1.25
9,9,2.888888888888889,5,1.75,1.0
8,11,2.375,4,2.0,1.3333333333333333
8,9,3.125,5,1.6,1.1428571428571428
8,9,2.875,5,1.6,1.1428571428571428
7,8,1.8571428571428572,3,2.5,1.25
9,10,2.888888888888889,5,1.6,1.1428571428571428
8,11,2.75,5,1.6666666666666667,1.4285714285714286
8,10,2.75,5,1.8,1.2857142857142858
14,37,2.5714285714285716,5,3.4,3.090909090909091
11,13,1.4545454545454546,3,2.0,1.0
9,11,1.5555555555555556,3,2.0,1.0
13,23,1.8461538461538463,4,3.0,1.875
14,27,2.5,5,3.5,1.9090909090909092
16,45,3.3125,6,3.3333333333333335,2.857142857142857
14,30,2.7142857142857144,5,3.0,2.0
14,29,2.7857142857142856,5,2.7777777777777777,2.0833333333333335
13,26,2.230769230769231,4,2.5,1.8181818181818181
15,26,2.6,5,3.4285714285714284,1.8461538461538463
14,27,2.9285714285714284,5,3.8333333333333335,1.9166666666666667
13,27,2.230769230769231,4,2.5,2.272727272727273
15,42,3.3333333333333335,6,3.0,2.769230769230769
8,10,2.75,4,1.8,1.2857142857142858
12,24,2.5833333333333335,5,2.75,2.2
6,6,1.5,3,1.0,1.0
6,8,1.5,3,1.0,1.0
8,10,2.75,5,1.8,1.2857142857142858
6,8,1.5,3,1.0,1.0
9,10,3.2222222222222223,5,1.8,1.125
8,8,2.625,4,2.3333333333333335,1.0
6,7,1.5,3,1.5,1.5
8,10,2.75,5,1.8,1.2857142857142858
9,10,3.2222222222222223,5,1.8,1.125
8,10,2.75,5,1.8,1.2857142857142858
8,8,2.625,4,2.3333333333333335,1.0
7,8,1.4285714285714286,2,3.0,1.0
8,10,2.75,5,1.8,1.2857142857142858
9,9,3.2222222222222223,5,2.0,1.0
7,8,2.7142857142857144,4,1.5,1.0
8,8,2.125,3,2.0,1.0
9,10,3.2222222222222223,5,2.0,1.0
10,19,2.5,4,2.4285714285714284,2.125
8,10,2.75,5,1.8,1.2857142857142858
8,8,2.625,4,2.3333333333333335,1.0
6,7,1.5,3,1.5,1.5
8,10,2.25,4,1.75,1.1666666666666667
9,11,3.2222222222222223,5,1.8,1.125
8,8,2.625,4,2.3333333333333335,1.0
7,9,1.8571428571428572,3,2.5,1.25
7,8,1.4285714285714286,2,3.0,1.0
9,10,3.2222222222222223,5,2.0,1.0
6,7,1.5,3,1.0,1.0
8,8,2.125,3,2.0,1.0
9,11,3.2222222222222223,5,1.8,1.125
8,8,2.625,4,2.3333333333333335,1.0
6,7,1.5,3,1.5,1.5
8,10,2.75,5,1.8,1.2857142857142858
9,10,3.2222222222222223,5,2.0,1.0
9,10,2.4444444444444446,4,2.25,1.125
8,8,2.125,3,2.0,1.0
7,9,1.8571428571428572,3,1.6666666666666667,1.0
11,28,2.909090909090909,6,2.4444444444444446,2.75
10,12,1.5,3,2.0,1.0
9,11,1.5555555555555556,3,2.0,1.0
14,23,1.6428571428571428,3,2.8333333333333335,2.125
14,26,1.7857142857142858,4,2.8333333333333335,2.125
15,41,3.066666666666667,5,3.4,2.6153846153846154
13,25,2.230769230769231,5,1.8181818181818181,2.0
13,25,2.6153846153846154,5,3.0,1.9090909090909092
13,25,2.5384615384615383,5,2.75,2.0
13,27,2.6153846153846154,5,2.7777777777777777,2.272727272727273
14,31,2.7857142857142856,5,3.0,2.25
14,30,2.7857142857142856,5,2.8,2.3333333333333335
14,41,3.0,5,3.1818181818181817,2.9166666666666665
9,12,2.6666666666666665,4,2.0,1.25
13,29,2.6923076923076925,5,2.888888888888889,2.3636363636363638
8,9,2.375,4,1.75,1.1666666666666667
8,9,2.25,4,1.75,1.1666666666666667
8,10,2.75,5,1.8,1.2857142857142858
7,8,1.8571428571428572,3,2.5,1.25
9,9,3.2222222222222223,5,2.0,1.0
8,8,2.625,4,2.3333333333333335,1.0
6,6,1.3333333333333333,2,2.0,1.0
8,10,2.75,5,1.8,1.2857142857142858
9,9,3.2222222222222223,5,2.0,1.0
8,10,2.75,5,1.8,1.2857142857142858
8,8,2.625,4,2.3333333333333335,1.0
7,8,1.4285714285714286,2,3.0,1.0
8,10,2.75,5,1.8,1.2857142857142858
9,10,3.2222222222222223,5,1.8,1.125
7,8,2.7142857142857144,4,1.5,1.0
8,8,2.125,3,2.0,1.0
9,9,3.2222222222222223,5,2.0,1.0
10,19,2.5,4,2.4285714285714284,2.125
8,10,2.75,5,1.8,1.2857142857142858
8,8,2.625,4,2.3333333333333335,1.0
6,7,1.5,3,1.5,1.5
8,10,2.25,4,1.75,1.1666666666666667
9,9,3.2222222222222223,5,2.0,1.0
8,8,2.625,4,2.3333333333333335,1.0
7,9,1.8571428571428572,3,2.5,1.25
7,8,1.4285714285714286,2,3.0,1.0
9,9,3.2222222222222223,5,2.0,1.0
6,8,2.0,4,1.0,1.0
8,8,2.125,3,2.0,1.0
9,10,3.2222222222222223,5,2.0,1.0
8,8,2.625,4,2.3333333333333335,1.0
6,8,1.8333333333333333,3,2.0,1.3333333333333333
8,10,2.75,5,1.8,1.2857142857142858
9,11,3.2222222222222223,5,1.8,1.125
8,10,2.5,4,2.0,1.1428571428571428
8,8,2.125,3,2.0,1.0
7,9,1.8571428571428572,3,1.6666666666666667,1.0
11,29,2.8181818181818183,6,2.2,2.75
10,12,1.5,3,2.0,1.0
9,11,1.5555555555555556,3,2.0,1.0
14,26,2.0714285714285716,4,3.3333333333333335,2.0
14,29,2.142857142857143,4,4.4,2.4444444444444446
15,46,3.1333333333333333,5,3.8,2.923076923076923
14,31,2.7142857142857144,5,2.888888888888889,2.1666666666666665
14,32,2.857142857142857,5,2.888888888888889,2.1666666666666665
13,27,2.3076923076923075,5,2.090909090909091,2.3
15,35,3.1333333333333333,6,3.2,2.4615384615384617
14,28,2.9285714285714284,5,3.4285714285714284,2.0
15,32,3.0,6,2.727272727272727,2.3076923076923075
15,43,3.066666666666667,5,3.3636363636363638,2.8461538461538463
9,11,2.3333333333333335,4,2.0,1.1428571428571428
15,33,3.066666666666667,5,3.7142857142857144,2.0
7,7,2.0,3,1.6666666666666667,1.0
9,10,3.2222222222222223,5,2.0,1.0
8,9,2.875,5,1.6,1.1428571428571428
8,10,2.125,4,2.3333333333333335,1.4
9,11,3.2222222222222223,5,1.8,1.125
7,8,2.7142857142857144,4,1.75,1.1666666666666667
8,13,3.125,5,2.2,1.5714285714285714
8,10,2.75,5,1.8,1.2857142857142858
7,8,1.8571428571428572,3,2.5,1.25
7,8,1.8571428571428572,3,2.0,1.0
8,10,2.5,4,2.0,1.1428571428571428
9,9,2.888888888888889,5,1.75,1.0
7,7,2.7142857142857144,4,1.5,1.0
8,9,2.75,4,2.6666666666666665,1.1428571428571428
8,9,2.625,4,1.75,1.1666666666666667
8,10,1.75,3,1.6666666666666667,1.0
6,7,1.5,3,1.0,1.0
8,8,2.25,4,2.0,1.0
7,8,1.8571428571428572,3,2.5,1.25
7,9,1.4285714285714286,2,3.0,1.0
9,10,3.2222222222222223,5,2.0,1.0
8,15,3.125,5,1.8333333333333333,1.5714285714285714
6,8,1.8333333333333333,3,2.0,1.3333333333333333
8,9,2.375,4,1.75,1.1666666666666667
7,9,1.7142857142857142,3,2.0,1.0
7,8,1.8571428571428572,3,2.5,1.25
6,8,1.5,3,1.0,1.0
12,27,2.6666666666666665,6,2.5555555555555554,2.5555555555555554
10,10,1.5,3,2.0,1.0
9,10,1.5555555555555556,3,2.0,1.0
15,24,1.6,3,2.8333333333333335,2.125
14,25,1.7857142857142858,4,2.6666666666666665,2.0
14,37,2.9285714285714284,5,2.909090909090909,2.6666666666666665
13,26,2.076923076923077,4,2.2222222222222223,2.0
13,24,2.3076923076923075,4,3.8,1.9
13,26,2.769230769230769,6,3.0,2.1818181818181817
14,26,2.7857142857142856,5,3.0,2.0
14,28,2.642857142857143,5,3.125,2.0833333333333335
14,27,2.357142857142857,4,3.125,2.0833333333333335
15,46,3.1333333333333333,5,3.25,3.0
9,11,2.6666666666666665,4,2.0,1.25
13,28,2.6923076923076925,5,2.6,2.3636363636363638
7,8,1.8571428571428572,3,2.5,1.25
7,8,1.4285714285714286,2,3.0,1.0
8,12,2.25,4,1.6,1.3333333333333333
8,8,3.125,5,1.75,1.0
9,12,1.7777777777777777,3,3.0,1.2
8,9,2.875,5,1.75,1.0
6,6,1.3333333333333333,2,2.0,1.0
9,9,3.2222222222222223,5,2.0,1.0
7,7,2.7142857142857144,4,1.5,1.0
7,10,2.857142857142857,5,1.8,1.5
8,8,2.25,4,2.0,1.0
7,8,1.8571428571428572,3,2.0,1.0
9,10,3.2222222222222223,5,2.0,1.0
8,12,2.25,4,1.6,1.3333333333333333
8,9,2.375,4,1.75,1.1666666666666667
7,8,1.7142857142857142,3,2.0,1.0
6,6,1.3333333333333333,2,2.0,1.0
8,10,2.5,4,2.0,1.1428571428571428
8,11,2.75,5,2.0,1.1428571428571428
9,10,3.2222222222222223,5,2.0,1.0
12,25,2.6666666666666665,5,2.5555555555555554,2.3
12,29,2.9166666666666665,5,3.0,2.6666666666666665
7,9,1.7142857142857142,3,2.0,1.0
7,9,1.4285714285714286,2,3.0,1.0
9,10,3.2222222222222223,5,2.0,1.0
8,8,2.625,4,2.3333333333333335,1.0
6,7,1.5,3,1.0,1.0
6,7,1.5,3,1.0,1.0
8,12,2.375,4,1.5,1.5
6,6,1.3333333333333333,2,2.0,1.0
8,10,2.75,5,1.8,1.2857142857142858
9,10,3.2222222222222223,5,2.0,1.0
8,10,2.75,4,2.6666666666666665,1.1428571428571428
8,10,2.75,5,1.8,1.2857142857142858
6,6,1.3333333333333333,2,2.0,1.0
9,9,2.888888888888889,5,1.75,1.0
8,9,2.375,4,1.75,1.1666666666666667
9,12,1.5555555555555556,3,2.5,1.25
9,11,2.3333333333333335,4,2.0,1.1428571428571428
14,33,2.7142857142857144,5,2.8181818181818183,2.5833333333333335
8,10,2.75,5,1.8,1.2857142857142858
6,6,1.3333333333333333,2,2.0,1.0
9,9,3.2222222222222223,5,2.0,1.0
7,9,2.4285714285714284,4,1.6,1.3333333333333333
8,9,2.5,4,2.0,1.1428571428571428
7,7,1.4285714285714286,2,3.0,1.0
8,9,2.375,4,1.75,1.1666666666666667
7,9,1.7142857142857142,3,2.0,1.0
7,8,1.8571428571428572,3,2.5,1.25
8,8,2.125,3,2.0,1.0
8,10,3.0,5,1.6,1.3333333333333333
7,7,1.4285714285714286,2,3.0,1.0
8,13,2.75,5,1.6666666666666667,1.4285714285714286
9,9,3.2222222222222223,5,2.0,1.0
10,19,2.5,4,2.4285714285714284,2.125
8,10,2.75,5,1.8,1.2857142857142858
9,9,3.2222222222222223,5,2.0,1.0
8,8,2.5,4,2.3333333333333335,1.0
7,8,1.8571428571428572,3,2.0,1.0
9,9,3.2222222222222223,5,2.0,1.0
7,8,2.7142857142857144,4,1.75,1.1666666666666667
7,9,2.2857142857142856,4,1.75,1.4
8,8,2.25,4,2.0,1.0
7,8,1.8571428571428572,3,2.0,1.0
9,10,3.2222222222222223,5,2.0,1.0
6,7,2.0,4,1.0,1.0
8,10,2.75,4,2.6666666666666665,1.1428571428571428
8,10,2.75,5,1.8,1.2857142857142858
9,9,2.888888888888889,5,1.75,1.0
6,7,2.0,4,1.0,1.0
8,12,2.875,5,1.8,1.2857142857142858
6,7,1.5,3,1.5,1.5
9,15,3.111111111111111,5,2.4,1.5
8,9,2.5,4,2.0,1.1428571428571428
9,16,3.111111111111111,5,2.4,1.5
7,10,2.857142857142857,5,2.0,1.6
9,10,3.2222222222222223,5,2.0,1.0
8,11,2.75,5,1.8,1.2857142857142858
8,10,2.75,5,1.8,1.2857142857142858
8,12,2.75,5,1.8,1.2857142857142858
9,11,2.3333333333333335,4,2.0,1.1428571428571428
14,38,2.857142857142857,5,3.4,2.8333333333333335
7,8,1.8571428571428572,3,2.5,1.25
9,10,3.2222222222222223,5,1.8,1.125
8,8,2.625,4,2.3333333333333335,1.0
7,8,1.7142857142857142,3,2.0,1.0
7,9,1.7142857142857142,3,2.0,1.0
9,10,3.2222222222222223,5,2.0,1.0
9,13,2.111111111111111,4,2.0,1.6
8,9,3.125,5,1.6,1.1428571428571428
8,9,2.5,4,2.0,1.1428571428571428
8,9,2.625,4,1.75,1.1666666666666667
8,11,2.25,4,1.4,1.1666666666666667
9,9,2.888888888888889,5,1.75,1.0
11,21,2.6363636363636362,4,2.7142857142857144,2.111111111111111
8,10,2.75,5,1.8,1.2857142857142858
9,10,3.2222222222222223,5,2.0,1.0
6,7,2.3333333333333335,4,1.6666666666666667,1.25
8,10,2.75,5,1.8,1.2857142857142858
8,12,2.75,5,2.0,1.4285714285714286
8,10,2.75,5,1.8,1.2857142857142858
8,10,2.25,4,1.75,1.1666666666666667
11,17,1.8181818181818181,3,3.6666666666666665,1.8333333333333333
8,10,2.75,5,1.8,1.2857142857142858
6,7,1.3333333333333333,2,2.0,1.0
13,33,2.6923076923076925,5,2.9,3.2222222222222223
8,10,1.375,2,3.0,1.0
8,12,2.75,5,1.8,1.2857142857142858
9,12,2.6666666666666665,4,2.0,1.25
13,29,2.6923076923076925,5,2.7,2.4545454545454546
9,11,3.2222222222222223,5,1.8,1.125
8,13,2.5,4,1.8,1.2857142857142858
8,8,2.5,4,2.3333333333333335,1.0
7,8,1.4285714285714286,2,3.0,1.0
9,10,3.2222222222222223,5,2.0,1.0
8,12,2.875,4,2.25,1.2857142857142858
8,8,2.125,3,2.0,1.0
7,8,1.8571428571428572,3,2.0,1.0
9,11,3.2222222222222223,5,1.8,1.125
10,19,2.5,4,2.4285714285714284,2.125
8,9,2.5,4,2.0,1.1428571428571428
7,8,1.4285714285714286,2,3.0,1.0
9,10,3.2222222222222223,5,2.0,1.0
9,10,2.4444444444444446,4,2.25,1.125
8,9,2.125,3,2.0,1.0
7,9,1.8571428571428572,3,1.6666666666666667,1.0
9,10,3.2222222222222223,5,2.0,1.0
8,10,2.75,5,1.8,1.2857142857142858
8,8,2.625,4,2.3333333333333335,1.0
6,6,1.3333333333333333,2,2.0,1.0
9,10,3.2222222222222223,5,2.0,1.0
8,8,2.5,4,2.3333333333333335,1.0
7,8,1.8571428571428572,3,2.0,1.0
9,10,3.2222222222222223,5,1.8,1.125
7,8,2.7142857142857144,4,1.5,1.0
8,8,2.125,3,2.0,1.0
9,10,3.2222222222222223,5,2.0,1.0
7,8,2.7142857142857144,4,1.5,1.0
7,10,2.7142857142857144,4,1.75,1.1666666666666667
8,11,2.75,5,1.8,1.2857142857142858
9,9,2.888888888888889,5,1.75,1.0
7,8,2.7142857142857144,4,1.5,1.0
8,9,2.5,4,2.0,1.1428571428571428
8,9,2.25,4,1.75,1.1666666666666667
8,10,2.5,4,1.6,1.1428571428571428
11,26,2.8181818181818183,6,2.3333333333333335,2.625
10,12,1.5,3,2.0,1.0
14,25,1.7857142857142858,3,2.8333333333333335,1.8888888888888888
7,8,2.2857142857142856,4,1.5,1.2
8,13,2.25,4,1.6,1.3333333333333333
8,9,3.125,5,1.75,1.0
7,10,2.857142857142857,5,1.8,1.5
8,9,2.375,4,1.75,1.1666666666666667
9,9,1.4444444444444444,2,4.0,1.0
9,9,2.888888888888889,5,1.75,1.0
8,9,2.75,5,1.6,1.1428571428571428
8,10,2.75,5,1.8,1.2857142857142858
9,10,3.2222222222222223,5,2.0,1.0
8,9,2.875,5,1.6,1.1428571428571428
9,16,3.111111111111111,5,2.1666666666666665,1.625
8,10,2.75,5,1.8,1.2857142857142858
6,6,1.3333333333333333,2,2.0,1.0
9,10,3.2222222222222223,5,2.0,1.0
8,10,2.75,5,1.8,1.2857142857142858
9,15,3.111111111111111,5,2.4,1.5
8,10,2.75,5,1.8,1.2857142857142858
6,6,1.3333333333333333,2,2.0,1.0
9,10,2.4444444444444446,4,2.25,1.125
9,10,3.2222222222222223,5,2.0,1.0
9,13,1.7777777777777777,4,1.5,1.5
8,10,2.75,5,1.8,1.2857142857142858
7,9,1.8571428571428572,3,2.5,1.25
7,9,1.8571428571428572,3,2.5,1.25
8,10,2.75,5,1.8,1.2857142857142858
7,9,1.4285714285714286,2,3.0,1.0
9,10,3.2222222222222223,5,2.0,1.0
7,11,2.857142857142857,5,1.8,1.5
8,9,2.375,4,1.75,1.1666666666666667
8,9,2.25,4,1.75,1.1666666666666667
8,10,2.75,5,1.8,1.2857142857142858
8,12,2.75,5,1.8,1.2857142857142858
9,11,2.3333333333333335,4,2.0,1.1428571428571428
14,25,2.4285714285714284,4,2.111111111111111,1.5833333333333333
7,8,2.857142857142857,5,1.5,1.0
6,8,1.8333333333333333,3,2.0,1.3333333333333333
8,9,3.125,5,1.6,1.1428571428571428
8,10,2.5,4,2.0,1.1428571428571428
8,8,2.125,3,2.0,1.0
7,9,1.8571428571428572,3,1.6666666666666667,1.0
9,9,3.2222222222222223,5,2.0,1.0
6,8,2.5,4,1.3333333333333333,1.0
7,11,2.857142857142857,5,1.8,1.5
8,8,2.25,4,2.0,1.0
7,8,1.4285714285714286,2,3.0,1.0
7,9,1.4285714285714286,2,3.0,1.0
9,9,3.2222222222222223,5,2.0,1.0
8,10,2.75,4,2.6666666666666665,1.1428571428571428
8,9,2.375,4,1.75,1.1666666666666667
9,10,1.4444444444444444,2,4.0,1.0
9,9,3.2222222222222223,5,2.0,1.0
7,9,2.4285714285714284,4,1.6,1.3333333333333333
8,9,2.5,4,2.0,1.1428571428571428
7,9,1.8571428571428572,3,2.5,1.25
7,8,1.8571428571428572,3,2.5,1.25
8,8,2.125,3,2.0,1.0
8,12,2.25,4,1.3333333333333333,1.3333333333333333
7,9,1.8571428571428572,3,2.5,1.25
9,10,3.2222222222222223,5,1.8,1.125
8,11,2.75,5,1.8,1.2857142857142858
8,10,2.5,4,2.0,1.1428571428571428
9,9,3.2222222222222223,5,2.0,1.0
8,15,2.875,5,1.8333333333333333,1.8333333333333333
8,13,2.875,5,1.6666666666666667,1.4285714285714286
6,7,2.0,4,1.0,1.0
7,9,1.8571428571428572,3,2.5,1.25
8,8,2.125,3,2.0,1.0
8,14,3.125,5,2.0,1.7142857142857142
8,9,2.5,4,2.0,1.1428571428571428
7,9,1.7142857142857142,3,2.0,1.0
7,9,1.4285714285714286,2,3.0,1.0
9,11,3.2222222222222223,5,1.8,1.125
8,12,2.75,5,1.6666666666666667,1.6666666666666667
8,9,2.375,4,1.75,1.1666666666666667
8,10,2.25,4,1.75,1.1666666666666667
9,13,1.4444444444444444,2,3.0,1.5
8,9,2.875,5,1.6,1.1428571428571428
8,11,2.25,4,1.3333333333333333,1.3333333333333333
7,8,1.8571428571428572,3,2.5,1.25
8,9,1.375,2,3.0,1.0
9,10,3.2222222222222223,5,2.0,1.0
7,8,2.7142857142857144,4,1.5,1.0
8,10,2.75,4,2.6666666666666665,1.1428571428571428
8,9,2.5,4,2.0,1.1428571428571428
6,7,1.5,3,1.0,1.0
9,10,2.888888888888889,5,1.6,1.1428571428571428
6,8,2.0,4,1.0,1.0
7,8,2.2857142857142856,4,1.6666666666666667,1.0
6,6,1.3333333333333333,2,2.0,1.0
8,9,2.5,4,2.0,1.1428571428571428
9,10,1.2222222222222223,2,2.0,1.0
8,9,2.25,4,1.4,1.1666666666666667
12,37,3.0833333333333335,6,3.1,3.1
9,11,2.6666666666666665,4,2.0,1.25
16,42,3.375,6,3.8,2.923076923076923
13,31,2.6153846153846154,4,3.111111111111111,2.5454545454545454
8,9,2.5,4,2.0,1.1428571428571428
6,7,1.5,3,1.0,1.0
9,11,3.2222222222222223,5,1.8,1.125
8,12,2.25,4,1.6,1.3333333333333333
8,10,2.75,5,1.8,1.2857142857142858
8,10,2.75,5,1.8,1.2857142857142858
7,8,1.4285714285714286,2,3.0,1.0
6,8,1.5,3,1.0,1.0
9,11,3.2222222222222223,5,1.8,1.125
8,10,2.75,5,1.8,1.2857142857142858
8,13,2.875,5,1.6666666666666667,1.4285714285714286
6,7,1.5,3,1.0,1.0
7,8,1.8571428571428572,3,2.0,1.0
9,10,3.2222222222222223,5,2.0,1.0
8,11,2.5,4,2.0,1.4285714285714286
8,8,2.5,4,2.3333333333333335,1.0
7,8,1.8571428571428572,3,2.5,1.25
9,9,3.2222222222222223,5,2.0,1.0
7,7,2.7142857142857144,4,1.5,1.0
7,11,2.857142857142857,5,1.8,1.5
8,10,2.75,5,1.8,1.2857142857142858
9,11,3.2222222222222223,5,1.8,1.125
9,10,1.4444444444444444,2,2.5,1.25
6,6,1.3333333333333333,2,2.0,1.0
8,9,2.5,4,2.0,1.1428571428571428
13,25,2.1538461538461537,4,3.5,1.9090909090909092
8,10,2.75,5,1.8,1.2857142857142858
11,27,2.4545454545454546,5,2.7142857142857144,2.7142857142857144
9,11,3.2222222222222223,5,1.8,1.125
8,8,2.625,4,2.3333333333333335,1.0
7,9,1.8571428571428572,3,2.5,1.25
7,8,1.4285714285714286,2,3.0,1.0
9,10,3.2222222222222223,5,2.0,1.0
8,9,2.75,4,2.6666666666666665,1.1428571428571428
8,10,2.75,5,1.8,1.2857142857142858
9,10,3.2222222222222223,5,2.0,1.0
8,9,2.875,5,1.75,1.0
9,10,1.5555555555555556,3,2.5,1.25
9,9,3.2222222222222223,5,2.0,1.0
10,18,2.4,4,2.2857142857142856,2.0
8,9,2.875,5,1.6,1.1428571428571428
7,8,1.8571428571428572,3,2.0,1.0
7,9,1.8571428571428572,3,2.5,1.25
9,10,2.3333333333333335,4,2.0,1.1428571428571428
13,35,2.8461538461538463,5,3.4444444444444446,2.8181818181818183
7,11,2.857142857142857,5,1.8,1.5
8,8,2.25,4,2.0,1.0
7,7,1.8571428571428572,3,2.0,1.0
9,10,3.2222222222222223,5,2.0,1.0
8,13,2.75,5,1.6666666666666667,1.6666666666666667
8,8,2.625,4,2.3333333333333335,1.0
7,8,1.8571428571428572,3,2.5,1.25
9,11,3.2222222222222223,5,1.8,1.125
8,8,2.625,4,2.3333333333333335,1.0
6,7,1.5,3,1.0,1.0
6,7,1.5,3,1.0,1.0
8,12,2.375,4,1.5,1.5
6,6,1.3333333333333333,2,2.0,1.0
8,10,2.75,5,1.8,1.2857142857142858
9,11,3.2222222222222223,5,1.8,1.125
8,10,2.75,5,1.8,1.2857142857142858
9,11,2.4444444444444446,4,2.25,1.125
9,9,3.2222222222222223,5,2.0,1.0
8,11,2.0,4,1.4,1.4
8,9,2.625,4,2.3333333333333335,1.0
7,9,2.142857142857143,4,1.5,1.2
9,11,1.7777777777777777,3,2.5,1.0
7,9,1.8571428571428572,3,2.5,1.25
7,8,1.8571428571428572,3,2.0,1.0
8,10,2.5,4,1.6,1.1428571428571428
6,7,1.3333333333333333,2,2.0,1.0
9,9,3.2222222222222223,5,2.0,1.0
9,10,1.7777777777777777,3,2.5,1.0
6,7,1.5,3,1.5,1.5
8,10,2.75,5,1.8,1.2857142857142858
8,9,2.625,4,2.3333333333333335,1.0
7,8,1.8571428571428572,3,2.0,1.0
8,10,2.5,4,1.6,1.1428571428571428
7,10,1.4285714285714286,3,1.5,1.5
7,9,1.8571428571428572,3,2.5,1.25
9,9,3.2222222222222223,5,2.0,1.0
8,11,2.25,4,1.6,1.3333333333333333
8,9,2.375,4,1.75,1.1666666666666667
7,8,1.7142857142857142,3,2.0,1.0
7,10,2.7142857142857144,5,1.6,1.3333333333333333
6,7,1.5,3,1.5,1.5
9,12,2.3333333333333335,4,2.0,1.1428571428571428
13,27,2.6153846153846154,5,2.6666666666666665,2.1818181818181817
7,11,2.857142857142857,5,1.8,1.5
8,8,2.25,4,2.0,1.0
7,9,1.4285714285714286,2,3.0,1.0
7,9,1.4285714285714286,2,3.0,1.0
9,10,3.2222222222222223,5,1.8,1.125
7,11,2.857142857142857,5,1.8,1.5
8,8,2.25,4,2.0,1.0
9,17,3.111111111111111,5,2.1666666666666665,1.625
7,11,2.5714285714285716,4,1.8,1.8
9,10,3.2222222222222223,5,1.8,1.125
8,10,2.75,5,1.6,1.1428571428571428
8,9,2.875,5,1.6,1.1428571428571428
8,10,2.125,4,2.3333333333333335,1.4
8,11,1.875,3,3.0,1.5
8,10,2.75,5,1.8,1.2857142857142858
9,10,2.888888888888889,5,1.6,1.1428571428571428
7,8,2.7142857142857144,4,1.75,1.1666666666666667
8,10,2.75,4,2.6666666666666665,1.1428571428571428
8,8,2.25,4,2.0,1.0
7,8,1.8571428571428572,3,2.5,1.25
9,9,2.888888888888889,5,1.75,1.0
8,11,2.875,4,2.25,1.2857142857142858
8,10,2.75,5,1.8,1.2857142857142858
9,16,3.111111111111111,5,2.1666666666666665,1.625
8,11,2.75,5,1.8,1.2857142857142858
6,8,1.5,3,1.5,1.5
8,11,2.25,4,1.75,1.1666666666666667
9,10,3.2222222222222223,5,2.0,1.0
9,12,1.7777777777777777,3,2.5,1.0
8,9,2.875,5,1.75,1.0
6,8,1.8333333333333333,3,2.0,1.3333333333333333
9,10,3.2222222222222223,5,2.0,1.0
8,10,2.875,4,2.25,1.2857142857142858
8,10,2.75,5,1.8,1.2857142857142858
9,14,3.0,5,2.2,1.375
8,10,2.75,5,1.8,1.2857142857142858
6,6,1.3333333333333333,2,2.0,1.0
9,10,3.2222222222222223,5,2.0,1.0
7,9,2.7142857142857144,4,1.75,1.1666666666666667
8,8,2.125,3,2.0,1.0
8,8,2.125,3,2.0,1.0
9,11,3.2222222222222223,5,1.8,1.125
7,9,2.4285714285714284,4,1.4,1.1666666666666667
8,9,2.625,4,2.3333333333333335,1.0
7,8,1.8571428571428572,3,2.0,1.0
8,9,2.25,4,1.4,1.1666666666666667
11,26,2.727272727272727,6,2.3333333333333335,2.625
10,12,1.5,3,2.0,1.0
9,11,1.5555555555555556,3,2.0,1.0
14,23,1.5,2,7.0,2.0
13,24,2.076923076923077,4,3.4,1.8888888888888888
13,27,2.5384615384615383,6,2.75,2.2
13,24,2.0,4,2.4285714285714284,1.8888888888888888
13,27,2.8461538461538463,5,3.4285714285714284,2.1818181818181817
14,31,2.9285714285714284,5,3.111111111111111,2.3333333333333335
14,22,2.4285714285714284,4,4.0,1.6666666666666667
14,21,2.357142857142857,4,3.8,1.5833333333333333
16,44,3.1875,5,3.1666666666666665,2.7142857142857144
9,11,2.6666666666666665,4,2.0,1.25
12,25,2.5833333333333335,5,2.5555555555555554,2.3
7,7,1.8571428571428572,3,2.0,1.0
9,9,3.2222222222222223,5,2.0,1.0
7,9,2.4285714285714284,4,1.4,1.1666666666666667
8,8,2.625,4,2.3333333333333335,1.0
6,7,1.5,3,1.0,1.0
7,9,1.8571428571428572,3,2.5,1.25
8,11,2.25,4,1.75,1.1666666666666667
9,9,3.2222222222222223,5,2.0,1.0
7,8,2.7142857142857144,4,1.5,1.0
7,12,2.857142857142857,5,1.8,1.5
8,8,2.125,3,2.0,1.0
7,9,1.8571428571428572,3,1.6666666666666667,1.0
9,10,1.7777777777777777,3,2.5,1.0
7,9,1.8571428571428572,3,2.5,1.25
9,10,3.2222222222222223,5,2.0,1.0
7,10,2.4285714285714284,4,1.4,1.1666666666666667
8,8,2.375,4,2.0,1.0
7,8,1.8571428571428572,3,2.5,1.25
9,11,1.3333333333333333,2,1.5,1.0
8,10,2.25,4,1.75,1.1666666666666667
9,9,3.2222222222222223,5,2.0,1.0
8,9,2.875,5,1.6,1.1428571428571428
8,13,2.875,5,1.6666666666666667,1.4285714285714286
6,6,1.3333333333333333,2,2.0,1.0
9,9,3.2222222222222223,5,2.0,1.0
14,34,2.2857142857142856,4,3.3333333333333335,2.727272727272727
8,8,2.625,4,2.3333333333333335,1.0
6,6,1.3333333333333333,2,2.0,1.0
6,6,1.3333333333333333,2,2.0,1.0
8,9,2.5,4,2.0,1.1428571428571428
7,9,1.8571428571428572,3,2.5,1.25
10,12,1.2,2,2.0,1.0
9,10,3.2222222222222223,5,2.0,1.0
7,10,2.7142857142857144,4,1.75,1.1666666666666667
8,8,2.125,3,2.0,1.0
7,8,1.8571428571428572,3,2.0,1.0
8,10,2.75,5,1.8,1.2857142857142858
6,9,1.5,3,1.5,1.5
9,10,3.2222222222222223,5,2.0,1.0
8,8,2.625,4,2.3333333333333335,1.0
9,11,1.7777777777777777,3,2.5,1.0
6,6,1.3333333333333333,2,2.0,1.0
8,10,2.75,5,1.8,1.2857142857142858
8,10,2.75,5,1.8,1.2857142857142858
11,30,3.272727272727273,6,2.5,2.7777777777777777
9,11,2.6666666666666665,4,2.25,1.125
14,34,2.9285714285714284,5,3.5555555555555554,2.6666666666666665
7,9,1.8571428571428572,3,2.5,1.25
7,8,1.4285714285714286,2,3.0,1.0
9,9,3.2222222222222223,5,2.0,1.0
7,8,2.7142857142857144,4,1.5,1.0
8,9,2.5,4,2.0,1.1428571428571428
8,10,2.25,4,1.6,1.3333333333333333
8,10,2.75,5,1.8,1.2857142857142858
9,9,3.2222222222222223,5,2.0,1.0
8,8,2.5,4,2.3333333333333335,1.0
7,9,1.8571428571428572,3,2.5,1.25
9,9,3.2222222222222223,5,2.0,1.0
8,8,2.5,4,2.3333333333333335,1.0
6,7,1.5,3,1.0,1.0
8,10,2.25,4,1.75,1.1666666666666667
9,10,3.2222222222222223,5,1.8,1.125
8,11,2.5,4,2.0,1.4285714285714286
7,11,2.857142857142857,5,1.8,1.5
8,10,2.75,5,1.8,1.2857142857142858
7,8,1.8571428571428572,3,2.5,1.25
9,9,3.2222222222222223,5,2.0,1.0
6,6,2.1666666666666665,4,1.3333333333333333,1.0
8,9,2.625,4,2.3333333333333335,1.0
9,13,1.7777777777777777,3,3.0,1.2
8,9,2.5,4,2.0,1.1428571428571428
7,8,1.8571428571428572,3,2.5,1.25
10,12,1.3,2,3.0,1.0
9,10,3.2222222222222223,5,2.0,1.0
7,10,3.0,5,1.8,1.5
8,9,2.625,4,2.3333333333333335,1.0
6,8,1.8333333333333333,3,2.0,1.3333333333333333
9,10,3.2222222222222223,5,1.8,1.125
8,8,2.5,4,2.3333333333333335,1.0
8,11,2.75,5,1.5,1.2857142857142858
7,8,1.7142857142857142,3,1.5,1.0
8,9,2.25,4,2.0,1.0
15,48,2.8666666666666667,6,3.909090909090909,3.5833333333333335
9,10,2.3333333333333335,4,2.0,1.1428571428571428
13,29,2.6923076923076925,5,2.7,2.4545454545454546
7,8,1.8571428571428572,3,2.5,1.25
7,8,1.4285714285714286,2,3.0,1.0
8,9,3.125,5,1.6,1.1428571428571428
7,7,2.7142857142857144,4,1.5,1.0
8,9,2.75,4,2.6666666666666665,1.1428571428571428
8,10,2.75,5,1.8,1.2857142857142858
7,8,1.8571428571428572,3,2.5,1.25
9,9,2.888888888888889,5,1.75,1.0
9,11,1.5555555555555556,3,2.0,1.5
8,11,2.875,5,1.5,1.2857142857142858
6,7,1.5,3,1.5,1.5
7,9,1.4285714285714286,3,1.0,1.0
8,13,2.875,5,1.6666666666666667,1.4285714285714286
8,10,2.75,5,1.8,1.2857142857142858
9,10,3.2222222222222223,5,2.0,1.0
8,10,2.75,5,1.8,1.2857142857142858
8,10,2.75,5,1.8,1.2857142857142858
9,10,3.2222222222222223,5,1.8,1.125
8,8,2.625,4,2.3333333333333335,1.0
6,7,1.5,3,1.0,1.0
9,11,3.2222222222222223,5,1.8,1.125
9,10,2.4444444444444446,4,2.25,1.125
8,8,2.125,3,2.0,1.0
7,9,1.8571428571428572,3,1.6666666666666667,1.0
9,11,3.2222222222222223,5,1.8,1.125
8,11,2.25,4,1.6,1.3333333333333333
6,7,1.6666666666666667,3,1.5,1.0
8,9,2.625,4,2.3333333333333335,1.0
7,9,1.7142857142857142,3,2.0,1.0
9,10,3.2222222222222223,5,2.0,1.0
8,9,2.5,4,2.0,1.1428571428571428
8,9,2.125,3,2.0,1.0
7,9,1.8571428571428572,3,1.6666666666666667,1.0
6,6,1.3333333333333333,2,2.0,1.0
9,10,3.2222222222222223,5,2.0,1.0
12,23,2.5833333333333335,4,3.0,2.1
8,9,2.875,5,1.6,1.1428571428571428
7,9,1.7142857142857142,3,2.0,1.0
11,27,2.909090909090909,6,2.4444444444444446,2.75
9,11,1.5555555555555556,3,2.0,1.0
14,28,2.357142857142857,4,2.625,1.9090909090909092
7,7,2.0,3,1.6666666666666667,1.0
7,9,1.8571428571428572,3,1.6666666666666667,1.0
8,10,3.125,5,1.6,1.1428571428571428
8,9,2.625,4,2.3333333333333335,1.0
6,7,1.5,3,1.5,1.5
8,11,2.75,5,1.8,1.2857142857142858
9,9,2.888888888888889,5,1.75,1.0
8,11,2.5,4,2.0,1.4285714285714286
8,10,2.75,5,1.8,1.2857142857142858
7,8,1.4285714285714286,2,3.0,1.0
8,10,1.625,3,1.5,1.0
8,9,2.375,4,1.75,1.1666666666666667
8,9,2.25,4,1.75,1.1666666666666667
8,10,2.75,5,1.8,1.2857142857142858
9,10,3.2222222222222223,5,2.0,1.0
8,8,2.625,4,2.3333333333333335,1.0
7,9,1.4285714285714286,2,3.0,1.0
7,9,1.4285714285714286,2,3.0,1.0
11,27,2.8181818181818183,6,2.4444444444444446,2.75
10,12,1.5,3,2.0,1.0
9,11,1.5555555555555556,3,2.0,1.0
14,23,1.6428571428571428,3,2.8333333333333335,2.125
14,27,1.7857142857142858,4,2.8333333333333335,2.125
15,44,3.1333333333333333,5,3.7,2.8461538461538463
13,26,2.230769230769231,5,1.9090909090909092,2.1
13,24,2.3076923076923075,4,3.8,1.9
13,28,2.769230769230769,6,3.0,2.1818181818181817
13,25,2.6153846153846154,5,2.875,2.090909090909091
14,31,2.7857142857142856,5,3.375,2.25
14,29,2.7857142857142856,5,3.0,2.25
14,42,3.0,5,3.272727272727273,3.0
9,13,2.6666666666666665,4,2.0,1.25
12,24,2.6666666666666665,5,2.75,2.2
7,10,2.2857142857142856,4,1.75,1.4
8,11,2.75,5,1.8,1.2857142857142858
9,10,3.2222222222222223,5,2.0,1.0
8,9,2.75,4,2.6666666666666665,1.1428571428571428
8,8,2.25,4,2.0,1.0
7,8,1.8571428571428572,3,2.0,1.0
7,9,1.8571428571428572,3,2.5,1.25
9,10,3.2222222222222223,5,1.8,1.125
9,10,1.6666666666666667,3,2.5,1.0
6,8,2.1666666666666665,4,1.3333333333333333,1.0
8,10,2.75,5,1.8,1.2857142857142858
9,15,3.111111111111111,5,2.4,1.5
8,10,2.75,5,1.8,1.2857142857142858
7,9,1.8571428571428572,3,2.5,1.25
7,8,1.8571428571428572,3,2.0,1.0
8,10,2.75,5,1.8,1.2857142857142858
7,9,1.2857142857142858,2,2.0,1.0
9,10,3.2222222222222223,5,1.8,1.125
8,10,2.75,5,1.8,1.2857142857142858
8,10,2.75,5,1.8,1.2857142857142858
11,27,2.8181818181818183,6,2.3333333333333335,2.625
9,10,1.7777777777777777,3,2.0,1.0
14,32,2.7142857142857144,5,2.727272727272727,2.5
8,10,2.75,5,1.8,1.2857142857142858
6,7,1.5,3,1.5,1.5
8,10,2.75,5,1.8,1.2857142857142858
8,11,2.25,4,1.6,1.3333333333333333
9,11,3.2222222222222223,5,1.8,1.125
13,26,2.5384615384615383,4,2.875,2.090909090909091
8,8,2.5,4,2.3333333333333335,1.0
9,9,1.7777777777777777,3,2.5,1.0
7,9,1.8571428571428572,3,2.5,1.25
8,9,2.5,4,2.0,1.1428571428571428
8,9,2.375,4,1.75,1.1666666666666667
6,7,1.5,3,1.5,1.5
9,10,3.2222222222222223,5,1.8,1.125
13,34,2.6923076923076925,4,3.75,2.727272727272727
6,9,2.3333333333333335,4,1.6666666666666667,1.25
8,9,2.625,4,2.3333333333333335,1.0
7,9,1.8571428571428572,3,2.5,1.25
8,9,2.5,4,2.0,1.1428571428571428
8,9,2.375,4,1.75,1.1666666666666667
12,34,2.75,6,2.888888888888889,2.888888888888889
10,12,1.3,2,3.0,1.0
14,40,2.9285714285714284,5,3.6,3.0
7,10,2.2857142857142856,4,1.75,1.4
8,11,2.5,4,1.8,1.2857142857142858
6,7,1.5,3,1.0,1.0
8,8,2.625,4,2.3333333333333335,1.0
8,10,2.125,4,2.3333333333333335,1.4
9,13,1.4444444444444444,2,2.5,1.25
8,10,2.75,5,1.8,1.2857142857142858
9,10,2.888888888888889,5,1.6,1.1428571428571428
8,12,1.75,3,1.5,1.2
6,7,1.5,3,1.5,1.5
8,10,2.875,5,1.6,1.1428571428571428
7,10,1.8571428571428572,3,2.5,1.25
6,7,1.5,3,1.0,1.0
8,9,2.5,4,2.0,1.1428571428571428
7,8,1.8571428571428572,3,2.5,1.25
8,10,2.75,5,1.8,1.2857142857142858
6,8,1.5,3,1.0,1.0
6,8,1.5,3,1.0,1.0
9,10,2.888888888888889,5,1.6,1.1428571428571428
9,12,1.5555555555555556,3,2.0,1.5
8,9,2.875,5,1.6,1.1428571428571428
6,7,1.5,3,1.0,1.0
6,8,1.5,3,1.5,1.5
8,10,2.75,5,1.8,1.2857142857142858
7,10,1.4285714285714286,3,1.5,1.5
7,10,1.4285714285714286,3,1.5,1.5
8,10,2.75,5,1.8,1.2857142857142858
6,9,1.5,3,1.5,1.5
9,11,3.2222222222222223,5,1.8,1.125
7,9,2.7142857142857144,4,1.75,1.1666666666666667
8,10,2.75,4,2.6666666666666665,1.1428571428571428
8,10,2.75,5,1.8,1.2857142857142858
8,9,2.25,4,1.75,1.1666666666666667
11,26,2.909090909090909,6,2.4444444444444446,2.75
10,11,1.9,3,3.0,1.0
9,9,1.5555555555555556,3,2.0,1.0
14,28,2.7857142857142856,5,3.6666666666666665,1.8333333333333333
14,24,2.357142857142857,4,3.8,1.9
15,37,3.3333333333333335,6,2.9166666666666665,2.6923076923076925
14,28,2.7857142857142856,5,3.25,2.1666666666666665
14,23,2.9285714285714284,5,3.5,1.75
14,23,2.642857142857143,5,3.0,1.75
14,27,2.357142857142857,4,3.125,2.0833333333333335
15,40,3.4,6,3.272727272727273,2.769230769230769
9,11,3.0,5,2.0,1.25
12,25,2.6666666666666665,5,2.875,2.3
7,8,1.8571428571428572,3,2.0,1.0
9,10,3.2222222222222223,5,1.8,1.125
8,8,2.5,4,2.3333333333333335,1.0
6,6,1.5,3,1.0,1.0
9,9,3.2222222222222223,5,2.0,1.0
7,8,2.7142857142857144,4,1.5,1.0
8,9,2.75,4,2.6666666666666665,1.1428571428571428
8,10,2.75,5,1.8,1.2857142857142858
9,11,3.2222222222222223,5,1.8,1.125
15,36,3.066666666666667,5,3.4,2.6153846153846154
8,11,2.875,5,1.5,1.2857142857142858
8,8,2.625,4,2.3333333333333335,1.0
7,8,1.4285714285714286,2,3.0,1.0
8,9,2.5,4,2.0,1.1428571428571428
7,8,1.8571428571428572,3,2.0,1.0
8,10,2.5,4,2.0,1.1428571428571428
9,10,3.2222222222222223,5,2.0,1.0
8,9,2.875,5,1.6,1.1428571428571428
13,32,3.076923076923077,5,2.888888888888889,2.6
9,9,3.2222222222222223,5,2.0,1.0
7,8,2.7142857142857144,4,1.5,1.0
7,12,2.857142857142857,5,1.8,1.5
8,10,2.75,5,1.8,1.2857142857142858
9,10,3.2222222222222223,5,2.0,1.0
8,15,3.125,5,1.8333333333333333,1.5714285714285714
7,11,2.142857142857143,4,1.5,1.2
8,9,2.5,4,2.0,1.1428571428571428
8,9,2.25,4,1.75,1.1666666666666667
8,9,2.625,4,2.3333333333333335,1.0
7,8,1.8571428571428572,3,2.0,1.0
8,11,2.75,5,1.8,1.2857142857142858
11,27,2.8181818181818183,6,2.3333333333333335,2.625
10,12,1.5,3,2.0,1.0
9,11,1.5555555555555556,3,2.0,1.0
14,24,1.8571428571428572,3,3.0,2.0
14,26,1.7857142857142858,4,2.8333333333333335,2.125
13,24,2.1538461538461537,4,2.857142857142857,2.0
14,30,2.7857142857142856,5,3.25,2.1666666666666665
13,26,2.3076923076923075,4,2.875,2.090909090909091
15,43,3.1333333333333333,6,3.0,3.0
14,35,2.5714285714285716,5,2.727272727272727,2.727272727272727
14,29,2.7857142857142856,5,2.4545454545454546,2.25
13,23,2.769230769230769,5,3.3333333333333335,1.8181818181818181
14,41,3.0,5,3.1818181818181817,2.9166666666666665
9,12,2.6666666666666665,4,2.0,1.25
13,31,2.769230769230769,5,2.9,2.6363636363636362
7,9,2.2857142857142856,4,1.75,1.4
8,10,2.5,4,2.0,1.1428571428571428
9,12,2.2222222222222223,4,1.75,1.1666666666666667
15,24,1.7333333333333334,3,4.0,1.7777777777777777
8,9,2.375,4,1.75,1.1666666666666667
7,8,1.8571428571428572,3,2.0,1.0
7,9,1.8571428571428572,3,2.5,1.25
9,10,3.2222222222222223,5,2.0,1.0
8,8,2.5,4,2.3333333333333335,1.0
7,8,1.8571428571428572,3,2.0,1.0
9,9,3.2222222222222223,5,2.0,1.0
7,9,2.7142857142857144,4,1.75,1.1666666666666667
8,9,2.375,4,1.75,1.1666666666666667
7,9,1.8571428571428572,3,2.5,1.25
9,9,3.2222222222222223,5,2.0,1.0
7,9,2.7142857142857144,4,1.75,1.1666666666666667
7,10,2.7142857142857144,4,1.75,1.1666666666666667
8,10,2.75,5,1.8,1.2857142857142858
7,9,1.8571428571428572,3,2.5,1.25
9,10,3.2222222222222223,5,2.0,1.0
8,9,2.875,5,1.75,1.0
8,13,2.875,5,1.6666666666666667,1.4285714285714286
6,7,1.5,3,1.5,1.5
9,9,3.2222222222222223,5,2.0,1.0
8,10,2.75,5,1.8,1.2857142857142858
8,10,2.5,4,2.0,1.1428571428571428
7,10,2.857142857142857,4,2.25,1.5
7,9,1.4285714285714286,2,3.0,1.0
8,9,2.5,4,2.0,1.1428571428571428
7,8,1.4285714285714286,2,3.0,1.0
7,10,1.4285714285714286,3,1.5,1.5
9,9,3.2222222222222223,5,2.0,1.0
6,9,2.5,4,1.3333333333333333,1.0
8,9,2.5,4,2.0,1.1428571428571428
7,8,1.8571428571428572,3,2.5,1.25
9,10,1.2222222222222223,2,1.5,1.5
12,34,2.75,6,2.888888888888889,2.888888888888889
9,10,2.111111111111111,4,1.6666666666666667,1.0
13,34,2.6153846153846154,4,3.3333333333333335,2.727272727272727
16,48,2.8125,5,4.090909090909091,3.4615384615384617
10,14,2.0,4,2.3333333333333335,1.1666666666666667
9,11,1.7777777777777777,3,2.5,1.0
16,33,3.0,5,3.5714285714285716,1.7857142857142858
13,22,1.7692307692307692,3,4.666666666666667,2.0
15,35,3.2,6,2.75,2.5384615384615383
14,29,2.357142857142857,4,3.0,2.25
13,22,2.230769230769231,4,3.4,1.8888888888888888
14,24,2.642857142857143,5,2.75,1.8333333333333333
14,28,2.357142857142857,4,2.888888888888889,2.1666666666666665
15,40,3.3333333333333335,6,2.9166666666666665,2.6923076923076925
8,10,2.75,4,1.8,1.2857142857142858
15,30,3.0,5,3.2857142857142856,1.7692307692307692
8,10,3.0,5,1.6,1.3333333333333333
7,8,1.8571428571428572,3,2.5,1.25
8,10,2.75,5,1.8,1.2857142857142858
8,12,2.625,4,1.8,1.2857142857142858
9,9,3.2222222222222223,5,2.0,1.0
8,9,2.75,5,1.6,1.1428571428571428
8,8,2.625,4,2.3333333333333335,1.0
7,8,1.8571428571428572,3,2.5,1.25
11,26,2.4545454545454546,5,2.5,2.857142857142857
9,11,3.2222222222222223,5,1.8,1.125
8,8,2.625,4,2.3333333333333335,1.0
7,8,1.4285714285714286,2,3.0,1.0
7,9,1.4285714285714286,2,3.0,1.0
9,10,3.2222222222222223,5,2.0,1.0
8,9,2.5,4,2.0,1.1428571428571428
7,8,1.4285714285714286,2,3.0,1.0
7,9,1.4285714285714286,2,3.0,1.0
8,10,2.75,5,1.8,1.2857142857142858
10,25,2.8,5,2.2222222222222223,2.5
9,10,3.2222222222222223,5,2.0,1.0
7,9,2.4285714285714284,4,1.6,1.3333333333333333
7,10,2.857142857142857,5,1.8,1.5
8,9,2.375,4,1.75,1.1666666666666667
6,7,1.5,3,1.5,1.5
8,10,2.75,5,1.8,1.2857142857142858
7,10,1.4285714285714286,3,1.5,1.5
9,10,3.2222222222222223,5,2.0,1.0
8,8,2.625,4,2.3333333333333335,1.0
7,8,1.8571428571428572,3,2.5,1.25
7,9,1.4285714285714286,2,3.0,1.0
9,10,3.2222222222222223,5,2.0,1.0
9,12,1.7777777777777777,4,1.25,1.25
7,10,2.7142857142857144,4,1.75,1.1666666666666667
8,8,2.25,4,2.0,1.0
9,14,3.0,5,2.2,1.375
8,9,2.25,4,1.4,1.1666666666666667
7,10,1.4285714285714286,3,1.5,1.5
11,27,2.909090909090909,6,2.4444444444444446,2.75
10,10,1.5,3,2.0,1.0
9,10,1.5555555555555556,3,2.0,1.0
15,27,1.7333333333333334,4,2.8333333333333335,2.125
14,26,2.2142857142857144,4,3.5,2.1
13,23,2.4615384615384617,4,3.8,1.9
13,24,2.4615384615384617,5,2.75,2.0
13,25,2.6153846153846154,5,2.5555555555555554,2.090909090909091
13,25,2.3076923076923075,4,3.0,1.6363636363636365
14,25,2.5,4,3.2857142857142856,1.9166666666666667
15,44,3.066666666666667,5,3.0,2.769230769230769
9,12,2.6666666666666665,4,2.0,1.25
13,28,2.769230769230769,5,3.25,2.3636363636363638
9,9,3.2222222222222223,5,2.0,1.0
7,9,2.4285714285714284,4,1.6,1.3333333333333333
8,10,2.875,5,1.6,1.1428571428571428
7,9,2.142857142857143,4,1.5,1.2
7,8,1.4285714285714286,2,3.0,1.0
7,8,1.4285714285714286,2,3.0,1.0
9,9,3.2222222222222223,5,2.0,1.0
7,9,2.4285714285714284,4,1.6,1.3333333333333333
8,9,2.5,4,2.0,1.1428571428571428
7,8,1.8571428571428572,3,2.0,1.0
7,9,1.8571428571428572,3,2.5,1.25
9,9,3.2222222222222223,5,2.0,1.0
6,7,2.0,4,1.0,1.0
8,13,2.875,5,1.6666666666666667,1.4285714285714286
8,11,1.875,3,2.0,1.0
7,9,1.8571428571428572,3,2.5,1.25
9,11,3.2222222222222223,5,1.8,1.125
9,10,1.6666666666666667,3,2.5,1.0
8,10,2.75,5,1.8,1.2857142857142858
6,6,1.3333333333333333,2,2.0,1.0
9,12,1.3333333333333333,2,2.0,1.3333333333333333
8,10,2.75,5,1.8,1.2857142857142858
8,12,1.875,3,2.5,1.25
7,8,1.8571428571428572,3,2.0,1.0
8,9,2.5,4,2.0,1.1428571428571428
8,9,2.375,4,1.75,1.1666666666666667
7,9,1.8571428571428572,3,2.5,1.25
9,9,3.2222222222222223,5,2.0,1.0
9,11,1.7777777777777777,3,2.5,1.0
8,10,2.875,5,1.6,1.1428571428571428
9,15,3.111111111111111,5,2.2,1.375
8,10,2.75,5,1.8,1.2857142857142858
6,6,1.3333333333333333,2,2.0,1.0
7,9,1.8571428571428572,3,2.5,1.25
8,11,2.75,5,2.0,1.1428571428571428
9,10,3.2222222222222223,5,2.0,1.0
6,9,2.5,4,1.3333333333333333,1.0
8,9,2.5,4,2.0,1.1428571428571428
6,6,1.3333333333333333,2,2.0,1.0
8,11,2.25,4,1.75,1.1666666666666667
9,10,2.3333333333333335,4,2.0,1.1428571428571428
14,38,2.857142857142857,5,3.4,2.8333333333333335
8,8,2.125,3,2.0,1.0
9,11,3.2222222222222223,5,1.8,1.125
8,10,2.75,5,1.8,1.2857142857142858
11,25,2.4545454545454546,5,2.3333333333333335,2.3333333333333335
8,12,2.25,4,1.5,1.2
8,10,2.75,5,1.8,1.2857142857142858
7,9,1.4285714285714286,2,3.0,1.0
9,10,3.2222222222222223,5,2.0,1.0
7,8,2.7142857142857144,4,1.5,1.0
7,9,2.2857142857142856,4,1.75,1.4
7,12,3.0,4,2.5,1.6666666666666667
9,11,3.2222222222222223,5,1.8,1.125
9,9,1.7777777777777777,3,2.5,1.0
8,9,2.375,4,1.75,1.1666666666666667
7,10,1.7142857142857142,3,2.0,1.0
7,8,1.4285714285714286,2,3.0,1.0
8,10,2.75,5,1.8,1.2857142857142858
7,9,1.8571428571428572,3,2.5,1.25
9,11,3.2222222222222223,5,1.8,1.125
8,8,2.625,4,2.3333333333333335,1.0
9,11,1.7777777777777777,3,2.5,1.0
7,11,3.0,5,1.8,1.5
11,29,2.909090909090909,6,2.4444444444444446,2.75
13,26,2.8461538461538463,5,2.4444444444444446,2.0
13,21,2.3846153846153846,4,3.4,1.5454545454545454
16,49,3.375,6,3.4166666666666665,2.9285714285714284
9,12,2.6666666666666665,4,2.0,1.25
13,27,2.6153846153846154,5,2.5,2.272727272727273
7,9,1.7142857142857142,3,2.0,1.0
7,9,1.4285714285714286,2,3.0,1.0
9,10,3.2222222222222223,5,2.0,1.0
8,9,2.75,4,2.6666666666666665,1.1428571428571428
8,8,2.25,4,2.0,1.0
8,10,2.5,4,2.0,1.1428571428571428
7,9,1.4285714285714286,2,3.0,1.0
8,12,2.25,4,1.5,1.5
9,10,3.2222222222222223,5,2.0,1.0
9,10,1.7777777777777777,3,2.0,1.2
6,8,1.8333333333333333,3,2.0,1.3333333333333333
8,10,2.75,5,1.8,1.2857142857142858
8,9,2.625,4,2.3333333333333335,1.0
7,8,1.8571428571428572,3,2.0,1.0
9,10,2.888888888888889,5,1.6,1.1428571428571428
8,9,2.75,5,1.6,1.1428571428571428
8,8,2.625,4,2.3333333333333335,1.0
6,7,1.5,3,1.0,1.0
7,8,1.8571428571428572,3,2.0,1.0
8,11,2.75,5,1.8,1.2857142857142858
6,7,1.3333333333333333,2,2.0,1.0
11,25,2.8181818181818183,6,2.3333333333333335,2.625
9,10,2.111111111111111,4,1.6666666666666667,1.0
9,9,1.7777777777777777,3,2.5,1.0
6,7,1.5,3,1.5,1.5
8,9,2.625,4,2.3333333333333335,1.0
9,16,3.111111111111111,5,2.4,1.5
8,9,2.25,4,1.4,1.1666666666666667
9,9,2.888888888888889,5,1.75,1.0
6,8,1.5,3,1.5,1.5
8,9,2.5,4,2.0,1.1428571428571428
6,7,1.5,3,1.5,1.5
8,10,2.25,4,1.75,1.1666666666666667
9,9,2.888888888888889,5,1.75,1.0
7,10,2.857142857142857,5,1.8,1.5
8,8,2.25,4,2.0,1.0
8,11,2.5,4,1.8,1.2857142857142858
7,9,1.4285714285714286,2,3.0,1.0
11,28,2.909090909090909,6,2.4444444444444446,2.75
9,12,2.888888888888889,5,1.75,1.0
13,30,2.923076923076923,5,3.111111111111111,2.5454545454545454
9,10,3.2222222222222223,5,2.0,1.0
8,14,3.25,5,2.0,1.7142857142857142
8,10,2.875,5,1.6,1.1428571428571428
8,9,2.25,4,1.75,1.1666666666666667
8,10,2.75,5,1.8,1.2857142857142858
9,12,2.6666666666666665,4,2.25,1.125
14,36,2.857142857142857,5,3.2,2.6666666666666665
8,8,2.125,3,2.0,1.0
9,10,3.2222222222222223,5,2.0,1.0
8,8,2.625,4,2.3333333333333335,1.0
7,8,1.8571428571428572,3,2.5,1.25
6,7,1.5,3,1.0,1.0
7,8,1.7142857142857142,3,2.0,1.0
8,10,2.75,5,1.8,1.2857142857142858
6,6,1.1666666666666667,2,1.0,1.0
9,10,3.2222222222222223,5,2.0,1.0
7,8,2.7142857142857144,4,1.5,1.0
7,11,2.857142857142857,5,1.8,1.5
8,10,2.5,4,2.0,1.1428571428571428
9,9,2.888888888888889,5,1.75,1.0
12,23,2.5833333333333335,4,3.0,2.1
8,10,2.75,5,1.8,1.2857142857142858
6,7,1.5,3,1.0,1.0
7,8,1.8571428571428572,3,2.0,1.0
9,10,3.2222222222222223,5,2.0,1.0
9,10,1.6666666666666667,3,2.5,1.0
7,9,2.142857142857143,4,1.5,1.2
8,10,2.75,5,1.8,1.2857142857142858
8,9,2.625,4,2.3333333333333335,1.0
6,7,1.5,3,1.0,1.0
8,13,2.375,4,1.5,1.5
6,6,1.3333333333333333,2,2.0,1.0
8,11,2.75,5,1.8,1.2857142857142858
11,28,2.727272727272727,5,2.625,2.625
9,10,3.2222222222222223,5,2.0,1.0
10,19,2.5,4,2.4285714285714284,2.125
8,10,2.75,5,1.8,1.2857142857142858
13,32,3.1538461538461537,6,2.6,2.6
7,8,1.8571428571428572,3,2.0,1.0
9,9,3.2222222222222223,5,2.0,1.0
7,8,2.7142857142857144,4,1.5,1.0
8,8,2.125,3,2.0,1.0
9,9,3.2222222222222223,5,2.0,1.0
9,11,1.7777777777777777,3,3.0,1.2
7,10,2.142857142857143,4,1.5,1.2
8,10,2.5,4,2.0,1.1428571428571428
8,11,2.75,5,2.0,1.1428571428571428
9,11,2.3333333333333335,4,2.0,1.1428571428571428
14,39,2.9285714285714284,5,3.5,2.9166666666666665
8,8,2.125,3,2.0,1.0
9,10,3.2222222222222223,5,1.8,1.125
6,7,2.5,4,1.3333333333333333,1.0
7,9,2.4285714285714284,4,1.6,1.3333333333333333
8,9,2.5,4,2.0,1.1428571428571428
8,10,2.25,4,1.75,1.1666666666666667
8,10,2.25,4,1.75,1.1666666666666667
9,9,3.2222222222222223,5,2.0,1.0
7,7,2.7142857142857144,4,1.5,1.0
8,8,2.125,3,2.0,1.0
9,9,3.2222222222222223,5,2.0,1.0
8,12,2.25,4,1.6,1.3333333333333333
8,9,2.5,4,2.0,1.1428571428571428
9,16,3.111111111111111,5,2.0,1.5
7,8,2.142857142857143,4,1.5,1.2
9,9,3.2222222222222223,5,2.0,1.0
8,8,2.5,4,2.3333333333333335,1.0
7,9,2.2857142857142856,4,2.0,1.2
7,9,1.8571428571428572,3,2.5,1.25
8,8,2.125,3,2.0,1.0
9,9,3.2222222222222223,5,2.0,1.0
7,9,2.7142857142857144,4,1.75,1.1666666666666667
7,10,2.2857142857142856,4,1.75,1.4
8,10,2.75,5,1.8,1.2857142857142858
9,11,3.2222222222222223,5,1.8,1.125
9,12,1.7777777777777777,3,2.3333333333333335,1.4
8,9,2.5,4,2.0,1.1428571428571428
6,8,1.8333333333333333,3,2.0,1.3333333333333333
8,10,2.75,5,1.8,1.2857142857142858
8,11,2.25,4,1.6,1.3333333333333333
9,10,3.2222222222222223,5,1.8,1.125
7,8,2.7142857142857144,4,1.75,1.1666666666666667
8,8,2.125,3,2.0,1.0
8,10,3.25,5,1.8,1.2857142857142858
7,10,2.142857142857143,4,2.0,1.5
8,13,3.125,5,2.2,1.5714285714285714
8,8,2.125,3,2.0,1.0
7,8,1.7142857142857142,3,2.0,1.0
7,8,1.8571428571428572,3,2.5,1.25
9,9,2.888888888888889,5,1.75,1.0
7,7,2.7142857142857144,4,1.5,1.0
8,9,2.75,4,2.6666666666666665,1.1428571428571428
8,8,2.25,4,2.0,1.0
7,8,1.8571428571428572,3,2.0,1.0
9,10,2.888888888888889,5,1.6,1.1428571428571428
8,9,2.75,5,1.6,1.1428571428571428
8,10,2.75,5,1.8,1.2857142857142858
7,8,1.8571428571428572,3,2.0,1.0
9,11,3.2222222222222223,5,1.8,1.125
8,9,2.75,4,2.6666666666666665,1.1428571428571428
8,9,2.5,4,2.0,1.1428571428571428
8,10,2.25,4,1.75,1.1666666666666667
11,25,2.4545454545454546,5,2.7142857142857144,2.7142857142857144
9,10,3.2222222222222223,5,2.0,1.0
8,9,2.75,4,2.6666666666666665,1.1428571428571428
8,9,2.5,4,2.0,1.1428571428571428
6,6,1.5,3,1.0,1.0
9,10,2.888888888888889,5,1.6,1.1428571428571428
11,22,2.727272727272727,5,2.5,2.2222222222222223
8,9,2.875,5,1.6,1.1428571428571428
7,9,1.7142857142857142,3,2.0,1.0
8,9,1.375,2,3.0,1.0
9,11,3.2222222222222223,5,1.8,1.125
8,9,2.75,4,2.6666666666666665,1.1428571428571428
8,10,2.75,5,1.8,1.2857142857142858
8,8,2.25,4,2.0,1.0
7,8,1.4285714285714286,2,3.0,1.0
9,11,2.6666666666666665,4,2.25,1.125
16,44,3.375,6,3.9,3.0
14,31,2.857142857142857,5,2.7,2.25
8,10,2.875,5,1.6,1.1428571428571428
9,16,3.111111111111111,5,2.4,1.5
8,11,2.75,5,1.8,1.2857142857142858
9,10,3.2222222222222223,5,1.8,1.125
7,7,2.7142857142857144,4,1.5,1.0
7,10,2.857142857142857,5,1.6,1.3333333333333333
8,10,2.75,5,1.8,1.2857142857142858
9,11,3.2222222222222223,5,1.8,1.125
8,13,2.75,5,1.6666666666666667,1.6666666666666667
8,9,2.375,4,1.75,1.1666666666666667
7,8,1.8571428571428572,3,2.5,1.25
7,8,1.8571428571428572,3,2.0,1.0
8,10,2.75,5,1.8,1.2857142857142858
7,8,1.8571428571428572,3,2.5,1.25
7,8,1.8571428571428572,3,2.0,1.0
8,9,2.5,4,2.0,1.1428571428571428
8,9,2.375,4,1.75,1.1666666666666667
8,13,2.375,4,1.5,1.5
6,8,1.5,3,1.0,1.0
9,9,3.2222222222222223,5,2.0,1.0
7,8,2.4285714285714284,4,1.4,1.1666666666666667
8,8,2.625,4,2.3333333333333335,1.0
9,17,3.2222222222222223,6,2.1666666666666665,1.625
8,9,2.25,4,1.4,1.1666666666666667
6,8,1.5,3,1.0,1.0
9,9,3.2222222222222223,5,2.0,1.0
8,9,2.75,4,2.6666666666666665,1.1428571428571428
8,10,2.75,5,1.8,1.2857142857142858
9,10,3.2222222222222223,5,2.0,1.0
9,13,1.7777777777777777,4,1.5,1.5
8,10,2.75,5,1.8,1.2857142857142858
9,13,1.5555555555555556,3,2.5,1.25
7,8,1.8571428571428572,3,2.0,1.0
8,10,2.25,4,1.75,1.1666666666666667
9,10,3.2222222222222223,5,2.0,1.0
8,8,2.625,4,2.3333333333333335,1.0
7,8,1.8571428571428572,3,2.5,1.25
7,8,1.4285714285714286,2,3.0,1.0
9,10,3.2222222222222223,5,2.0,1.0
8,9,2.875,5,1.6,1.1428571428571428
8,8,2.625,4,2.3333333333333335,1.0
6,7,1.5,3,1.5,1.5
14,36,2.7857142857142856,5,3.3333333333333335,3.0
7,8,1.4285714285714286,2,3.0,1.0
9,11,2.6666666666666665,4,2.25,1.125
14,31,2.357142857142857,4,2.6363636363636362,2.4166666666666665
8,9,2.5,4,2.0,1.1428571428571428
8,9,2.25,4,1.75,1.1666666666666667
6,7,1.5,3,1.0,1.0
8,10,2.75,5,1.8,1.2857142857142858
7,8,1.4285714285714286,2,3.0,1.0
9,10,1.2222222222222223,2,2.0,1.0
9,10,3.2222222222222223,5,1.8,1.125
7,9,2.4285714285714284,4,1.6,1.3333333333333333
8,9,2.5,4,2.0,1.1428571428571428
7,8,1.8571428571428572,3,2.0,1.0
7,9,1.8571428571428572,3,2.5,1.25
9,9,3.2222222222222223,5,2.0,1.0
7,11,2.857142857142857,5,1.8,1.5
8,9,2.5,4,2.0,1.1428571428571428
6,7,1.5,3,1.0,1.0
9,10,3.2222222222222223,5,2.0,1.0
9,9,1.7777777777777777,3,2.5,1.0
8,9,2.375,4,1.75,1.1666666666666667
8,9,2.375,4,1.75,1.1666666666666667
7,7,1.4285714285714286,2,3.0,1.0
9,9,3.2222222222222223,5,2.0,1.0
8,8,2.625,4,2.3333333333333335,1.0
6,7,1.5,3,1.5,1.5
8,11,2.25,4,1.6,1.3333333333333333
6,7,1.5,3,1.0,1.0
9,10,3.2222222222222223,5,2.0,1.0
8,8,2.5,4,2.3333333333333335,1.0
7,8,1.8571428571428572,3,2.5,1.25
9,10,3.2222222222222223,5,1.8,1.125
7,9,2.4285714285714284,4,1.4,1.1666666666666667
8,13,2.875,5,1.6666666666666667,1.4285714285714286
6,7,1.5,3,1.0,1.0
7,9,1.8571428571428572,3,2.5,1.25
8,10,2.5,4,2.0,1.1428571428571428
9,10,3.2222222222222223,5,1.8,1.125
6,10,2.5,4,1.6666666666666667,1.25
7,9,2.2857142857142856,4,2.0,1.2
6,7,1.5,3,1.5,1.5
8,9,2.375,4,1.75,1.1666666666666667
9,11,1.2222222222222223,2,2.0,2.0
8,9,2.25,4,1.4,1.1666666666666667
10,12,2.3,4,2.0,1.0
14,38,2.857142857142857,5,3.4,2.8333333333333335
8,8,2.125,3,2.0,1.0
9,10,3.2222222222222223,5,2.0,1.0
8,10,3.25,5,1.8,1.2857142857142858
8,9,2.75,4,2.0,1.1428571428571428
8,10,2.75,4,2.6666666666666665,1.1428571428571428
8,10,2.75,5,1.8,1.2857142857142858
8,10,2.75,5,1.8,1.2857142857142858
14,37,2.5714285714285716,5,3.4,3.090909090909091
10,13,1.5,3,2.0,1.0
13,30,2.6153846153846154,5,2.5454545454545454,2.5454545454545454
8,9,2.875,5,1.5,1.0
8,11,2.75,5,1.6666666666666667,1.4285714285714286
8,13,2.875,5,1.6666666666666667,1.4285714285714286
6,6,1.5,3,1.0,1.0
7,8,1.8571428571428572,3,2.0,1.0
9,10,2.888888888888889,5,1.6,1.1428571428571428
8,9,2.875,5,1.6,1.1428571428571428
9,15,1.7777777777777777,3,2.75,2.2
8,10,2.75,5,1.8,1.2857142857142858
8,9,2.5,4,2.0,1.1428571428571428
14,41,2.9285714285714284,5,3.0,3.0
9,10,3.2222222222222223,5,2.0,1.0
8,9,2.75,4,2.6666666666666665,1.1428571428571428
8,9,2.5,4,2.0,1.1428571428571428
6,7,1.5,3,1.0,1.0
9,10,3.2222222222222223,5,2.0,1.0
8,8,2.625,4,2.3333333333333335,1.0
6,7,1.5,3,1.5,1.5
7,9,1.8571428571428572,3,2.5,1.25
9,10,3.2222222222222223,5,2.0,1.0
8,8,2.5,4,2.3333333333333335,1.0
6,7,1.5,3,1.0,1.0
9,11,3.2222222222222223,5,1.8,1.125
8,10,2.875,5,1.6,1.1428571428571428
9,10,1.7777777777777777,3,2.5,1.0
9,11,3.2222222222222223,5,1.8,1.125
6,7,2.0,4,1.0,1.0
8,12,2.375,4,1.5,1.5
8,11,1.875,3,2.0,1.0
7,8,1.8571428571428572,3,2.5,1.25
9,9,2.888888888888889,5,1.75,1.0
9,11,1.7777777777777777,3,3.0,1.2
8,9,2.875,5,1.6,1.1428571428571428
7,7,1.7142857142857142,3,2.0,1.0
8,10,2.75,5,1.8,1.2857142857142858
6,6,1.3333333333333333,2,2.0,1.0
8,11,2.75,5,2.0,1.1428571428571428
9,10,2.3333333333333335,4,2.0,1.1428571428571428
14,32,2.9285714285714284,5,3.0,2.5
7,7,1.8571428571428572,3,2.0,1.0
9,11,3.2222222222222223,5,1.8,1.125
7,9,2.4285714285714284,4,1.6,1.3333333333333333
8,9,2.875,5,1.75,1.0
7,10,2.7142857142857144,5,1.75,1.1666666666666667
7,8,1.4285714285714286,2,3.0,1.0
7,8,1.4285714285714286,2,3.0,1.0
9,9,3.2222222222222223,5,2.0,1.0
8,14,3.125,5,1.6666666666666667,1.4285714285714286
8,10,2.875,5,1.6,1.1428571428571428
7,8,1.8571428571428572,3,2.5,1.25
7,8,1.8571428571428572,3,2.0,1.0
6,6,1.3333333333333333,2,2.0,1.0
8,9,2.375,4,1.75,1.1666666666666667
7,9,1.4285714285714286,2,3.0,1.0
9,10,3.2222222222222223,5,2.0,1.0
8,9,2.75,5,1.6,1.1428571428571428
8,9,2.5,4,2.0,1.1428571428571428
9,9,3.2222222222222223,5,2.0,1.0
8,13,2.5,4,1.8,1.2857142857142858
8,8,2.625,4,2.3333333333333335,1.0
7,7,2.142857142857143,4,1.6666666666666667,1.0
14,37,2.7857142857142856,5,3.1,3.1
6,7,1.5,3,1.0,1.0
9,9,3.2222222222222223,5,2.0,1.0
9,10,1.7777777777777777,3,2.5,1.0
8,10,2.875,5,1.6,1.1428571428571428
7,7,1.4285714285714286,2,3.0,1.0
8,11,2.75,5,2.0,1.1428571428571428
9,9,3.2222222222222223,5,2.0,1.0
12,22,2.3333333333333335,4,2.7142857142857144,1.9
8,10,2.75,5,1.8,1.2857142857142858
7,8,1.8571428571428572,3,2.0,1.0
8,10,2.75,5,1.8,1.2857142857142858
10,17,1.8,3,3.25,2.1666666666666665
8,10,2.875,5,1.6,1.1428571428571428
6,7,1.5,3,1.0,1.0
8,10,2.25,4,1.75,1.1666666666666667
9,10,2.3333333333333335,4,2.0,1.1428571428571428
8,8,2.625,4,2.3333333333333335,1.0
7,8,1.8571428571428572,3,2.5,1.25
7,8,1.4285714285714286,2,3.0,1.0
8,8,3.125,5,1.75,1.0
8,10,2.75,5,1.8,1.2857142857142858
8,8,2.625,4,2.3333333333333335,1.0
9,11,1.4444444444444444,3,1.3333333333333333,1.3333333333333333
8,11,2.75,5,1.8,1.2857142857142858
9,9,3.2222222222222223,5,2.0,1.0
8,8,2.625,4,2.3333333333333335,1.0
9,9,3.2222222222222223,5,2.0,1.0
10,17,3.4,6,2.3333333333333335,1.5555555555555556
8,8,2.625,4,2.3333333333333335,1.0
6,7,1.5,3,1.0,1.0
6,7,1.5,3,1.0,1.0
8,9,2.625,4,2.3333333333333335,1.0
7,9,1.4285714285714286,2,3.0,1.0
9,9,3.2222222222222223,5,2.0,1.0
8,9,2.875,5,1.6,1.1428571428571428
9,11,1.5555555555555556,3,2.5,1.25
9,10,3.2222222222222223,5,1.8,1.125
8,9,2.75,4,2.6666666666666665,1.1428571428571428
8,10,2.5,4,2.0,1.1428571428571428
8,9,2.25,4,1.75,1.1666666666666667
11,26,2.3636363636363638,5,2.2222222222222223,2.857142857142857
10,13,1.5,3,2.0,1.0
9,11,1.5555555555555556,3,2.0,1.0
14,23,1.6428571428571428,3,2.8333333333333335,2.125
14,25,1.7857142857142858,4,2.8333333333333335,2.125
15,32,3.0,6,2.9,2.230769230769231
13,29,2.6153846153846154,5,2.7777777777777777,2.272727272727273
13,20,2.0,3,3.4,1.7
13,27,2.076923076923077,4,2.75,2.4444444444444446
13,27,2.4615384615384617,5,2.4,2.1818181818181817
14,26,2.5,4,3.4285714285714284,2.0
15,43,3.066666666666667,5,3.0833333333333335,2.8461538461538463
9,13,2.6666666666666665,4,2.0,1.25
13,28,2.6923076923076925,5,2.888888888888889,2.3636363636363638
7,8,2.2857142857142856,4,1.5,1.2
8,12,2.25,4,1.6,1.3333333333333333
9,10,3.2222222222222223,5,1.8,1.125
6,8,2.5,4,1.3333333333333333,1.0
8,10,1.875,3,1.75,1.4
8,9,2.875,5,1.75,1.0
9,17,3.111111111111111,5,2.1666666666666665,1.625
8,11,2.75,5,1.8,1.2857142857142858
9,11,3.2222222222222223,5,1.8,1.125
13,27,2.3076923076923075,4,2.6666666666666665,2.1818181818181817
8,9,2.5,4,2.0,1.1428571428571428
8,8,2.625,4,2.3333333333333335,1.0
7,8,1.8571428571428572,3,2.5,1.25
8,11,1.875,3,2.5,1.25
8,9,2.625,4,2.3333333333333335,1.0
9,10,2.888888888888889,5,1.6,1.1428571428571428
8,10,2.75,5,1.8,1.2857142857142858
8,10,2.875,5,1.6,1.1428571428571428
6,7,1.5,3,1.5,1.5
8,10,2.75,5,1.8,1.2857142857142858
10,12,2.3,4,1.8,1.125
15,36,2.8,5,3.3,2.5384615384615383
7,11,2.857142857142857,5,1.8,1.5
8,9,2.625,4,2.3333333333333335,1.0
7,8,1.8571428571428572,3,2.5,1.25
9,11,3.2222222222222223,5,1.8,1.125
8,11,2.5,4,2.0,1.4285714285714286
8,9,2.875,5,1.75,1.0
6,7,1.5,3,1.5,1.5
7,8,1.4285714285714286,2,3.0,1.0
7,9,1.4285714285714286,3,1.0,1.0
9,9,2.888888888888889,5,1.75,1.0
8,15,2.75,5,1.6666666666666667,1.6666666666666667
8,8,2.625,4,2.3333333333333335,1.0
7,9,1.8571428571428572,3,2.5,1.25
9,10,2.888888888888889,5,1.6,1.1428571428571428
8,11,2.5,4,2.0,1.4285714285714286
8,8,2.5,4,2.3333333333333335,1.0
7,8,1.8571428571428572,3,2.0,1.0
7,8,1.8571428571428572,3,2.5,1.25
8,10,2.75,5,1.8,1.2857142857142858
7,9,1.4285714285714286,3,1.0,1.0
7,8,1.1428571428571428,2,1.0,1.0
8,10,2.25,4,1.75,1.1666666666666667
9,11,3.2222222222222223,5,1.8,1.125
8,9,2.875,5,1.6,1.1428571428571428
6,6,1.3333333333333333,2,2.0,1.0
9,10,3.2222222222222223,5,2.0,1.0
9,10,2.4444444444444446,4,2.25,1.125
8,8,2.125,3,2.0,1.0
7,9,1.8571428571428572,3,1.6666666666666667,1.0
6,6,1.3333333333333333,2,2.0,1.0
9,9,3.2222222222222223,5,2.0,1.0
7,8,2.7142857142857144,4,1.5,1.0
7,12,2.857142857142857,5,1.8,1.5
8,8,2.125,3,2.0,1.0
7,9,1.8571428571428572,3,1.6666666666666667,1.0
9,11,1.7777777777777777,3,2.5,1.0
7,9,1.8571428571428572,3,2.5,1.25
7,8,1.8571428571428572,3,2.0,1.0
6,8,1.5,3,1.0,1.0
9,9,3.2222222222222223,5,2.0,1.0
8,16,3.25,5,2.0,1.7142857142857142
8,8,2.625,4,2.3333333333333335,1.0
7,9,1.8571428571428572,3,2.5,1.25
9,10,3.2222222222222223,5,2.0,1.0
9,10,1.7777777777777777,3,2.5,1.0
8,11,2.875,5,1.5,1.2857142857142858
8,10,2.75,5,1.8,1.2857142857142858
6,7,1.5,3,1.0,1.0
6,8,1.5,3,1.0,1.0
11,26,2.8181818181818183,6,2.3333333333333335,2.625
9,11,1.5555555555555556,3,2.0,1.0
9,11,1.5555555555555556,3,2.0,1.0
15,28,1.7333333333333334,4,2.5714285714285716,2.25
13,18,1.6923076923076923,3,3.0,1.5
13,28,2.076923076923077,4,2.625,2.3333333333333335
13,23,2.3846153846153846,4,2.857142857142857,1.8181818181818181
14,28,2.5714285714285716,4,3.5714285714285716,2.0833333333333335
14,24,2.357142857142857,4,3.6666666666666665,1.8333333333333333
15,45,3.066666666666667,5,3.1666666666666665,2.923076923076923
9,12,2.6666666666666665,4,2.0,1.25
12,18,2.5,4,2.6666666666666665,1.6
8,8,2.125,3,2.0,1.0
7,9,1.8571428571428572,3,1.6666666666666667,1.0
7,8,1.8571428571428572,3,2.5,1.25
9,12,1.5555555555555556,3,2.0,1.0
7,8,1.4285714285714286,2,3.0,1.0
8,9,2.5,4,2.0,1.1428571428571428
7,8,1.8571428571428572,3,2.5,1.25
9,10,1.2222222222222223,2,2.0,1.0
8,11,2.25,4,1.6,1.3333333333333333
9,9,3.2222222222222223,5,2.0,1.0
7,8,2.7142857142857144,4,1.5,1.0
7,9,2.2857142857142856,4,2.0,1.2
8,8,2.125,3,2.0,1.0
7,9,1.8571428571428572,3,1.6666666666666667,1.0
9,9,3.2222222222222223,5,2.0,1.0
8,15,3.25,5,2.0,1.7142857142857142
8,8,2.625,4,2.3333333333333335,1.0
7,8,1.8571428571428572,3,2.5,1.25
6,7,1.5,3,1.0,1.0
7,8,1.8571428571428572,3,2.0,1.0
9,9,3.2222222222222223,5,2.0,1.0
8,12,2.875,4,2.25,1.2857142857142858
8,9,2.375,4,1.75,1.1666666666666667
7,9,1.8571428571428572,3,2.5,1.25
9,9,3.2222222222222223,5,2.0,1.0
7,9,2.4285714285714284,4,1.4,1.1666666666666667
8,8,2.375,4,2.0,1.0
9,16,3.111111111111111,5,2.0,1.5
8,10,2.75,5,1.8,1.2857142857142858
9,9,3.2222222222222223,5,2.0,1.0
6,8,2.5,4,1.3333333333333333,1.0
8,9,2.375,4,1.75,1.1666666666666667
9,10,3.2222222222222223,5,2.0,1.0
8,12,2.25,4,1.5,1.5
8,10,2.75,5,1.8,1.2857142857142858
8,9,2.625,4,2.3333333333333335,1.0
6,7,1.5,3,1.5,1.5
9,10,3.2222222222222223,5,2.0,1.0
8,8,2.625,4,2.3333333333333335,1.0
6,7,1.5,3,1.0,1.0
9,10,3.2222222222222223,5,1.8,1.125
13,32,2.769230769230769,5,2.8,2.5454545454545454
12,33,2.3333333333333335,5,2.7777777777777777,3.125
10,13,1.5,3,2.0,1.0
9,11,1.3333333333333333,2,3.0,1.0
15,37,3.2666666666666666,6,3.5555555555555554,2.4615384615384617
14,26,1.7857142857142858,4,2.8333333333333335,2.125
15,32,3.0,5,3.857142857142857,2.076923076923077
13,25,2.230769230769231,4,3.5,2.3333333333333335
8,10,3.25,5,1.8,1.2857142857142858
8,12,3.125,5,2.2,1.5714285714285714
8,9,2.875,5,1.75,1.0
8,12,2.375,4,1.5,1.5
7,9,1.7142857142857142,3,2.0,1.0
8,9,1.375,2,3.0,1.0
13,34,2.6923076923076925,6,2.8181818181818183,3.1
10,12,1.5,3,2.0,1.0
9,11,1.5555555555555556,3,2.0,1.0
14,22,1.5714285714285714,3,2.8,2.0
13,21,1.6153846153846154,3,2.75,1.5714285714285714
14,37,2.9285714285714284,5,2.8181818181818183,2.5833333333333335
12,23,1.8333333333333333,3,2.2857142857142856,2.0
12,21,2.0,3,4.0,1.7777777777777777
12,23,2.4166666666666665,5,3.0,2.1
13,24,2.6153846153846154,5,2.75,2.0
15,26,2.6,5,3.0,1.8461538461538463
13,24,2.230769230769231,4,2.75,2.0
15,43,3.066666666666667,5,3.0833333333333335,2.8461538461538463
9,12,2.6666666666666665,4,2.0,1.25
12,24,2.3333333333333335,4,2.4444444444444446,2.2
8,10,2.75,4,2.6666666666666665,1.1428571428571428
8,8,2.25,4,2.0,1.0
7,8,1.8571428571428572,3,2.0,1.0
8,12,2.25,4,1.5,1.5
8,8,3.125,5,1.75,1.0
8,10,2.5,4,2.0,1.1428571428571428
8,9,2.625,4,1.75,1.1666666666666667
8,10,1.75,3,1.6666666666666667,1.0
9,9,3.2222222222222223,5,2.0,1.0
8,10,2.75,5,1.8,1.2857142857142858
8,10,2.75,5,1.8,1.2857142857142858
8,8,2.625,4,2.3333333333333335,1.0
7,8,1.8571428571428572,3,2.5,1.25
9,10,3.2222222222222223,5,2.0,1.0
8,10,2.75,5,1.8,1.2857142857142858
8,9,2.5,4,2.3333333333333335,1.0
9,11,3.2222222222222223,5,1.8,1.125
9,11,1.7777777777777777,3,2.5,1.0
8,8,2.625,4,2.3333333333333335,1.0
8,12,2.25,4,1.6666666666666667,1.0
8,10,2.5,4,1.6,1.1428571428571428
11,24,2.3636363636363638,5,2.2222222222222223,2.5
9,11,1.5555555555555556,3,2.0,1.0
9,10,1.5555555555555556,3,2.0,1.0
14,26,2.0714285714285716,4,3.3333333333333335,2.0
14,30,2.857142857142857,5,3.4285714285714284,2.0
14,39,3.0714285714285716,6,3.0,2.75
13,29,2.4615384615384617,5,2.6666666666666665,2.1818181818181817
14,31,2.857142857142857,5,3.375,2.25
13,25,2.3846153846153846,5,2.3333333333333335,1.9090909090909092
14,32,2.7857142857142856,5,2.8,2.3333333333333335
13,25,2.769230769230769,5,3.6666666666666665,2.0
13,27,2.230769230769231,4,2.5,2.272727272727273
14,42,3.0,5,3.1818181818181817,2.9166666666666665
9,12,2.6666666666666665,4,2.0,1.25
13,29,2.6923076923076925,5,3.0,2.4545454545454546
8,10,2.75,5,1.8,1.2857142857142858
7,8,1.4285714285714286,2,3.0,1.0
7,9,1.2857142857142858,2,2.0,1.0
9,9,3.2222222222222223,5,2.0,1.0
8,8,2.625,4,2.3333333333333335,1.0
8,9,2.5,4,2.0,1.1428571428571428
8,9,2.25,4,1.75,1.1666666666666667
14,36,2.7857142857142856,5,3.3333333333333335,3.0
7,8,1.4285714285714286,2,3.0,1.0
9,9,3.2222222222222223,5,2.0,1.0
8,9,2.875,5,1.6,1.1428571428571428
9,12,1.5555555555555556,3,2.5,1.25
9,9,3.2222222222222223,5,2.0,1.0
6,8,2.0,4,1.0,1.0
8,13,2.875,5,1.6666666666666667,1.4285714285714286
8,11,1.875,3,2.0,1.0
7,9,1.8571428571428572,3,2.5,1.25
9,11,3.2222222222222223,5,1.8,1.125
8,8,2.625,4,2.3333333333333335,1.0
9,9,3.2222222222222223,5,2.0,1.0
8,10,2.5,4,2.0,1.1428571428571428
8,8,2.125,3,2.0,1.0
7,9,1.8571428571428572,3,1.6666666666666667,1.0
7,8,1.8571428571428572,3,2.5,1.25
9,13,1.5555555555555556,3,2.5,1.25
9,10,3.2222222222222223,5,2.0,1.0
8,10,2.875,5,1.6,1.1428571428571428
7,8,1.8571428571428572,3,2.5,1.25
8,10,2.75,5,1.8,1.2857142857142858
11,27,2.8181818181818183,6,2.3333333333333335,2.625
10,12,1.5,3,2.0,1.0
9,11,1.5555555555555556,3,2.0,1.0
14,23,1.6428571428571428,3,2.8333333333333335,2.125
14,26,1.7857142857142858,4,2.8333333333333335,2.125
14,38,2.7142857142857144,5,3.4444444444444446,2.8181818181818183
13,24,2.076923076923077,4,2.111111111111111,1.9
13,23,2.3076923076923075,4,3.8,1.9
13,27,2.769230769230769,6,2.875,2.090909090909091
13,27,2.6153846153846154,5,2.7777777777777777,2.272727272727273
14,35,2.857142857142857,5,3.0,2.5
14,30,2.7857142857142856,5,2.8,2.3333333333333335
15,44,3.066666666666667,5,3.0833333333333335,2.8461538461538463
9,13,2.6666666666666665,4,2.0,1.25
15,30,3.066666666666667,5,3.8333333333333335,1.7692307692307692
7,8,2.2857142857142856,4,1.5,1.2
7,9,1.8571428571428572,3,2.5,1.25
8,14,2.75,5,1.8333333333333333,1.5714285714285714
9,10,3.2222222222222223,5,1.8,1.125
10,19,2.5,4,2.4285714285714284,2.125
8,10,2.5,4,2.0,1.1428571428571428
9,10,3.2222222222222223,5,1.8,1.125
13,26,2.6153846153846154,5,2.6666666666666665,2.1818181818181817
8,8,2.625,4,2.3333333333333335,1.0
8,9,2.5,4,2.0,1.1428571428571428
7,8,1.8571428571428572,3,2.5,1.25
7,9,1.8571428571428572,3,2.5,1.25
9,9,3.2222222222222223,5,2.0,1.0
14,32,2.7857142857142856,5,3.111111111111111,2.3333333333333335
7,8,2.857142857142857,4,1.75,1.1666666666666667
8,9,2.375,4,1.75,1.1666666666666667
6,7,1.5,3,1.5,1.5
9,13,1.5555555555555556,3,2.5,1.25
8,10,2.75,5,1.8,1.2857142857142858
8,11,2.25,4,1.6,1.3333333333333333
9,10,3.2222222222222223,5,1.8,1.125
14,39,2.857142857142857,5,3.5,2.9166666666666665
9,10,3.2222222222222223,5,1.8,1.125
8,8,2.625,4,2.3333333333333335,1.0
8,9,2.25,4,1.75,1.1666666666666667
9,10,3.2222222222222223,5,1.8,1.125
7,9,2.7142857142857144,4,1.75,1.1666666666666667
8,10,1.875,3,1.6666666666666667,1.0
8,9,3.125,5,1.6,1.1428571428571428
9,10,1.7777777777777777,3,2.0,1.2
8,9,2.375,4,1.75,1.1666666666666667
7,9,1.8571428571428572,3,2.5,1.25
7,8,1.8571428571428572,3,2.5,1.25
8,13,2.75,5,1.6666666666666667,1.4285714285714286
9,11,2.6666666666666665,4,2.25,1.125
12,22,2.3333333333333335,4,2.2222222222222223,2.0
8,11,2.875,5,1.8,1.2857142857142858
6,8,1.8333333333333333,3,2.0,1.3333333333333333
8,10,2.75,5,1.8,1.2857142857142858
9,11,3.2222222222222223,5,1.8,1.125
15,38,3.3333333333333335,6,3.5,2.6923076923076925
8,11,2.875,5,1.5,1.2857142857142858
8,8,2.625,4,2.3333333333333335,1.0
8,9,2.5,4,2.0,1.1428571428571428
7,8,1.8571428571428572,3,2.5,1.25
7,8,1.8571428571428572,3,2.0,1.0
8,11,2.75,5,2.0,1.1428571428571428
9,9,2.888888888888889,5,1.75,1.0
8,9,2.75,5,1.6,1.1428571428571428
8,9,2.875,5,1.6,1.1428571428571428
6,7,1.5,3,1.5,1.5
8,10,2.75,5,1.8,1.2857142857142858
9,9,2.888888888888889,5,1.75,1.0
9,12,1.5555555555555556,3,2.0,1.5
7,10,2.142857142857143,4,1.5,1.2
8,10,2.75,5,1.8,1.2857142857142858
8,8,2.625,4,2.3333333333333335,1.0
6,8,1.5,3,1.0,1.0
8,9,2.5,4,2.0,1.1428571428571428
7,9,1.8571428571428572,3,2.5,1.25
9,11,1.2222222222222223,2,2.0,1.0
8,10,2.25,4,1.75,1.1666666666666667
9,10,3.2222222222222223,5,2.0,1.0
7,9,2.7142857142857144,4,1.75,1.1666666666666667
8,8,2.125,3,2.0,1.0
6,6,1.3333333333333333,2,2.0,1.0
9,10,3.2222222222222223,5,2.0,1.0
8,9,2.75,5,1.6,1.1428571428571428
8,9,2.875,5,1.6,1.1428571428571428
6,7,1.6666666666666667,3,1.5,1.0
8,10,2.75,5,1.8,1.2857142857142858
9,11,3.2222222222222223,5,1.8,1.125
8,16,3.25,5,2.0,1.7142857142857142
8,10,2.875,5,1.6,1.1428571428571428
8,9,2.25,4,1.75,1.1666666666666667
8,9,2.25,4,1.75,1.1666666666666667
8,10,2.75,5,1.8,1.2857142857142858
7,9,1.8571428571428572,3,2.5,1.25
7,8,1.2857142857142858,2,2.0,1.0
8,8,2.625,4,2.3333333333333335,1.0
10,16,1.8,3,4.0,2.0
7,9,1.4285714285714286,2,3.0,1.0
8,10,2.75,5,1.8,1.2857142857142858
11,28,2.909090909090909,5,2.6666666666666665,2.6666666666666665
9,12,2.6666666666666665,4,2.0,1.25
14,29,2.7857142857142856,5,2.7,2.25
8,10,2.75,5,1.8,1.2857142857142858
7,9,1.4285714285714286,2,3.0,1.0
8,9,2.5,4,2.0,1.1428571428571428
9,9,1.2222222222222223,2,2.0,1.0
8,10,2.75,5,1.8,1.2857142857142858
9,9,3.2222222222222223,5,2.0,1.0
9,10,2.4444444444444446,4,2.25,1.125
8,9,2.125,3,2.0,1.0
7,9,1.8571428571428572,3,1.6666666666666667,1.0
9,9,3.2222222222222223,5,2.0,1.0
8,9,2.75,5,1.6,1.1428571428571428
8,10,2.75,5,1.8,1.2857142857142858
8,9,2.625,4,2.3333333333333335,1.0
7,8,1.8571428571428572,3,2.5,1.25
9,9,3.2222222222222223,5,2.0,1.0
7,8,2.7142857142857144,4,1.5,1.0
8,8,2.125,3,2.0,1.0
9,10,3.2222222222222223,5,2.0,1.0
8,10,2.75,5,1.8,1.2857142857142858
8,8,2.625,4,2.3333333333333335,1.0
9,12,1.6666666666666667,3,1.6666666666666667,1.25
8,10,2.5,4,1.6,1.1428571428571428
9,9,3.2222222222222223,5,2.0,1.0
8,8,2.625,4,2.3333333333333335,1.0
9,9,3.2222222222222223,5,2.0,1.0
9,10,1.6666666666666667,3,2.5,1.0
8,11,2.875,5,1.5,1.2857142857142858
9,9,1.4444444444444444,2,4.0,1.0
9,9,1.4444444444444444,2,4.0,1.0
8,10,2.75,5,1.8,1.2857142857142858
7,8,1.8571428571428572,3,2.0,1.0
9,9,3.2222222222222223,5,2.0,1.0
8,9,2.875,5,1.6,1.1428571428571428
9,10,1.5555555555555556,3,2.5,1.25
9,9,3.2222222222222223,5,2.0,1.0
8,9,2.75,5,1.6,1.1428571428571428
8,10,2.75,5,1.8,1.2857142857142858
11,27,2.8181818181818183,6,2.3333333333333335,2.625
10,12,1.5,3,2.0,1.0
9,11,1.5555555555555556,3,2.0,1.0
14,23,1.6428571428571428,3,2.8333333333333335,2.125
14,26,1.7857142857142858,4,2.8333333333333335,2.125
14,41,2.7857142857142856,5,3.7777777777777777,3.090909090909091
13,22,1.8461538461538463,3,2.4285714285714284,1.8888888888888888
13,25,2.3076923076923075,4,3.8,1.9
13,28,2.769230769230769,6,3.0,2.1818181818181817
13,27,2.6153846153846154,5,2.7777777777777777,2.272727272727273
14,37,2.857142857142857,5,2.6666666666666665,2.6666666666666665
14,30,2.7857142857142856,5,2.8,2.3333333333333335
15,45,3.4,6,3.1666666666666665,2.923076923076923
9,12,2.6666666666666665,4,2.0,1.25
13,31,2.769230769230769,5,2.8,2.5454545454545454
7,10,2.857142857142857,5,1.6,1.3333333333333333
8,10,2.5,4,2.0,1.1428571428571428
8,12,2.75,5,1.8,1.2857142857142858
9,10,3.2222222222222223,5,1.8,1.125
7,8,2.7142857142857144,4,1.75,1.1666666666666667
6,7,1.5,3,1.5,1.5
8,13,2.375,4,1.5,1.5
8,11,2.75,5,1.8,1.2857142857142858
11,28,2.727272727272727,5,2.625,2.625
9,10,3.2222222222222223,5,2.0,1.0
7,10,2.857142857142857,5,1.8,1.5
8,10,2.75,5,1.8,1.2857142857142858
9,11,3.2222222222222223,5,1.8,1.125
8,10,2.75,5,1.6,1.1428571428571428
7,8,2.857142857142857,4,1.75,1.1666666666666667
8,9,2.625,4,2.3333333333333335,1.0
7,8,1.8571428571428572,3,2.5,1.25
7,9,2.0,4,1.6666666666666667,1.25
8,10,2.75,5,1.8,1.2857142857142858
9,11,3.2222222222222223,5,1.8,1.125
8,8,2.625,4,2.3333333333333335,1.0
7,9,2.0,4,2.0,1.5
8,8,2.625,4,2.3333333333333335,1.0
8,11,2.5,4,2.0,1.1428571428571428
14,39,2.857142857142857,5,3.6,3.272727272727273
10,12,1.7,3,2.5,1.0
15,37,2.8,5,3.1818181818181817,2.6923076923076925
8,10,2.75,5,1.8,1.2857142857142858
7,8,1.4285714285714286,2,3.0,1.0
7,9,1.4285714285714286,2,3.0,1.0
9,10,2.888888888888889,5,1.75,1.0
8,10,2.75,5,1.8,1.2857142857142858
8,10,2.75,5,1.8,1.2857142857142858
8,11,2.75,5,2.0,1.1428571428571428
9,11,3.2222222222222223,5,1.8,1.125
6,10,3.1666666666666665,5,1.25,1.0
7,11,3.0,5,1.8,1.5
8,10,2.75,5,1.8,1.2857142857142858
8,10,2.75,5,1.8,1.2857142857142858
7,8,1.8571428571428572,3,2.0,1.0
9,11,3.2222222222222223,5,1.8,1.125
13,29,2.6153846153846154,5,2.7777777777777777,2.272727272727273
8,8,2.625,4,2.3333333333333335,1.0
7,8,1.8571428571428572,3,2.0,1.0
8,11,2.75,5,1.8,1.2857142857142858
8,11,2.25,4,1.6,1.3333333333333333
9,10,3.2222222222222223,5,1.8,1.125
8,8,2.625,4,2.3333333333333335,1.0
7,8,1.8571428571428572,3,2.5,1.25
7,8,1.4285714285714286,2,3.0,1.0
9,9,3.2222222222222223,5,2.0,1.0
7,8,2.7142857142857144,4,1.5,1.0
8,10,2.75,5,1.8,1.2857142857142858
7,9,1.4285714285714286,2,3.0,1.0
7,9,1.4285714285714286,2,3.0,1.0
9,10,3.2222222222222223,5,2.0,1.0
8,9,2.75,5,1.6,1.1428571428571428
8,10,2.75,5,1.8,1.2857142857142858
9,9,3.2222222222222223,5,2.0,1.0
7,8,2.7142857142857144,4,1.5,1.0
6,8,2.1666666666666665,4,1.3333333333333333,1.0
8,13,2.875,5,1.6666666666666667,1.4285714285714286
7,9,1.4285714285714286,2,3.0,1.0
9,10,2.4444444444444446,4,2.25,1.125
9,11,3.2222222222222223,5,1.8,1.125
7,8,2.7142857142857144,4,1.5,1.0
8,8,2.125,3,2.0,1.0
8,8,2.125,3,2.0,1.0
8,10,2.25,4,1.75,1.1666666666666667
9,11,2.6666666666666665,4,2.25,1.125
14,31,2.7142857142857144,5,2.6363636363636362,2.4166666666666665
8,9,2.625,4,2.3333333333333335,1.0
6,7,1.5,3,1.0,1.0
7,8,1.8571428571428572,3,2.0,1.0
9,10,3.2222222222222223,5,1.8,1.125
7,8,2.7142857142857144,4,1.5,1.0
7,11,2.7142857142857144,4,2.0,1.3333333333333333
8,8,2.125,3,2.0,1.0
7,9,1.8571428571428572,3,1.6666666666666667,1.0
9,9,3.2222222222222223,5,2.0,1.0
11,21,2.6363636363636362,4,2.7142857142857144,2.111111111111111
8,10,2.75,5,1.8,1.2857142857142858
7,9,1.8571428571428572,3,2.5,1.25
8,11,2.75,5,1.8,1.2857142857142858
7,9,1.4285714285714286,2,3.0,1.0
7,8,1.4285714285714286,2,3.0,1.0
9,9,3.2222222222222223,5,2.0,1.0
8,8,2.625,4,2.3333333333333335,1.0
9,9,3.2222222222222223,5,2.0,1.0
9,11,1.7777777777777777,3,3.0,1.2
6,7,2.1666666666666665,4,1.3333333333333333,1.0
8,10,2.75,5,1.8,1.2857142857142858
6,7,1.5,3,1.0,1.0
7,9,1.8571428571428572,3,2.5,1.25
8,11,2.75,5,1.8,1.2857142857142858
6,7,1.3333333333333333,2,2.0,1.0
9,10,3.2222222222222223,5,2.0,1.0
9,10,1.7777777777777777,3,2.5,1.0
8,10,2.75,5,1.8,1.2857142857142858
7,9,1.8571428571428572,3,2.5,1.25
7,8,1.8571428571428572,3,2.0,1.0
7,9,1.4285714285714286,2,3.0,1.0
8,10,2.75,5,1.8,1.2857142857142858
7,9,1.7142857142857142,3,2.0,1.0
8,9,2.375,4,1.75,1.1666666666666667
8,10,2.25,4,1.75,1.1666666666666667
8,9,2.625,4,2.3333333333333335,1.0
7,9,1.8571428571428572,3,2.5,1.25
10,21,2.4,5,1.8888888888888888,2.4285714285714284
10,12,1.5,3,2.0,1.0
15,34,2.933333333333333,5,3.0,2.076923076923077
7,9,2.142857142857143,4,1.5,1.2
7,10,2.0,3,2.0,1.0
7,9,1.8571428571428572,3,2.5,1.25
9,11,2.4444444444444446,4,2.0,1.0
7,10,3.0,5,1.8,1.5
8,8,2.625,4,2.3333333333333335,1.0
6,7,1.5,3,1.5,1.5
9,9,2.888888888888889,5,1.75,1.0
8,10,2.875,5,1.6,1.1428571428571428
9,11,1.5555555555555556,3,2.5,1.25
9,11,3.2222222222222223,5,1.8,1.125
7,9,2.4285714285714284,4,1.6,1.3333333333333333
7,10,2.857142857142857,5,1.8,1.5
8,9,2.5,4,2.0,1.1428571428571428
7,9,1.8571428571428572,3,2.5,1.25
8,9,2.25,4,1.4,1.1666666666666667
9,11,3.2222222222222223,5,1.8,1.125
8,8,2.625,4,2.3333333333333335,1.0
7,8,1.8571428571428572,3,2.5,1.25
7,8,1.4285714285714286,2,3.0,1.0
9,9,3.2222222222222223,5,2.0,1.0
6,7,2.3333333333333335,4,1.6666666666666667,1.25
8,10,2.75,5,1.8,1.2857142857142858
7,8,1.4285714285714286,2,3.0,1.0
9,9,3.2222222222222223,5,2.0,1.0
7,10,3.0,5,1.8,1.5
8,9,2.5,4,2.0,1.1428571428571428
7,9,1.8571428571428572,3,2.5,1.25
7,8,1.8571428571428572,3,2.5,1.25
8,9,2.5,4,2.0,1.1428571428571428
7,8,1.8571428571428572,3,2.5,1.25
9,9,3.2222222222222223,5,2.0,1.0
7,11,2.857142857142857,5,1.8,1.5
7,12,3.2857142857142856,5,2.0,1.6666666666666667
8,11,2.75,5,2.0,1.4285714285714286
8,10,3.25,5,1.8,1.2857142857142858
8,11,2.75,5,2.0,1.4285714285714286
8,9,2.5,4,2.0,1.1428571428571428
6,6,1.5,3,1.0,1.0
7,9,1.8571428571428572,3,2.5,1.25
6,7,1.5,3,1.5,1.5
8,10,2.75,5,1.8,1.2857142857142858
6,9,1.5,3,1.5,1.5
7,10,1.4285714285714286,3,1.5,1.5
9,10,2.888888888888889,5,1.6,1.1428571428571428
11,21,2.6363636363636362,4,2.7142857142857144,2.111111111111111
6,8,1.8333333333333333,3,2.0,1.3333333333333333
8,9,2.5,4,2.0,1.1428571428571428
7,8,1.4285714285714286,2,3.0,1.0
8,10,2.75,5,1.8,1.2857142857142858
8,10,2.25,4,1.75,1.1666666666666667
9,10,3.2222222222222223,5,2.0,1.0
8,9,2.75,4,2.6666666666666665,1.1428571428571428
8,8,2.25,4,2.0,1.0
7,8,1.8571428571428572,3,2.0,1.0
7,9,1.8571428571428572,3,2.5,1.25
9,11,3.2222222222222223,5,1.8,1.125
7,7,2.7142857142857144,4,1.5,1.0
8,10,2.75,4,2.6666666666666665,1.1428571428571428
8,8,2.25,4,2.0,1.0
7,8,1.8571428571428572,3,2.0,1.0
9,9,2.888888888888889,5,1.75,1.0
8,8,2.625,4,2.3333333333333335,1.0
7,8,1.8571428571428572,3,2.5,1.25
8,9,2.625,4,2.3333333333333335,1.0
9,11,1.4444444444444444,3,1.3333333333333333,1.3333333333333333
8,9,2.25,4,1.4,1.1666666666666667
7,9,1.8571428571428572,3,2.5,1.25
14,33,2.2142857142857144,4,3.7142857142857144,3.25
7,8,1.2857142857142858,2,2.0,1.0
9,10,3.2222222222222223,5,2.0,1.0
8,10,2.5,4,2.0,1.1428571428571428
8,8,2.125,3,2.0,1.0
7,9,1.8571428571428572,3,1.6666666666666667,1.0
11,28,2.909090909090909,6,2.3,2.875
10,12,1.7,3,2.5,1.0
9,10,1.5555555555555556,3,2.0,1.0
14,24,1.7857142857142858,4,3.0,2.25
14,30,2.0714285714285716,4,3.0,2.6666666666666665
14,31,2.7857142857142856,5,2.888888888888889,2.1666666666666665
13,22,2.769230769230769,5,3.1666666666666665,1.7272727272727273
13,25,2.769230769230769,6,2.875,2.090909090909091
13,26,2.230769230769231,4,2.6666666666666665,2.1818181818181817
15,43,3.1333333333333333,5,3.272727272727273,2.769230769230769
10,12,2.9,5,2.2,1.2222222222222223
12,25,2.5833333333333335,5,2.5555555555555554,2.3
8,10,2.5,4,2.0,1.1428571428571428
8,11,2.25,4,1.75,1.1666666666666667
9,9,3.2222222222222223,5,2.0,1.0
10,19,2.5,4,2.4285714285714284,2.125
8,11,2.875,5,1.5,1.2857142857142858
7,8,1.8571428571428572,3,2.0,1.0
9,9,3.2222222222222223,5,2.0,1.0
7,9,2.7142857142857144,4,1.75,1.1666666666666667
8,9,2.375,4,1.75,1.1666666666666667
7,8,1.8571428571428572,3,2.0,1.0
9,9,3.2222222222222223,5,2.0,1.0
9,12,1.7777777777777777,3,3.0,1.2
6,8,2.1666666666666665,4,1.3333333333333333,1.0
8,9,2.5,4,2.0,1.1428571428571428
9,12,1.7777777777777777,3,2.5,1.0
7,9,1.8571428571428572,3,2.5,1.25
7,8,1.8571428571428572,3,2.0,1.0
8,10,2.75,5,1.8,1.2857142857142858
7,8,1.4285714285714286,2,3.0,1.0
9,9,3.2222222222222223,5,2.0,1.0
8,10,2.75,5,1.8,1.2857142857142858
8,10,2.75,5,1.8,1.2857142857142858
11,29,2.909090909090909,6,2.75,2.75
9,10,3.2222222222222223,5,2.0,1.0
7,8,2.7142857142857144,4,1.5,1.0
7,10,2.857142857142857,5,1.8,1.5
8,10,2.75,5,1.8,1.2857142857142858
6,6,1.3333333333333333,2,2.0,1.0
8,10,2.75,5,1.8,1.2857142857142858
9,11,1.3333333333333333,2,3.0,1.0
8,9,2.375,4,1.75,1.1666666666666667
6,6,1.3333333333333333,2,2.0,1.0
8,10,2.75,5,1.8,1.2857142857142858
9,10,3.2222222222222223,5,2.0,1.0
12,24,2.8333333333333335,5,2.75,2.2
13,35,3.0,5,3.2222222222222223,2.9
7,10,1.7142857142857142,3,2.0,1.0
7,9,1.4285714285714286,2,3.0,1.0
9,9,3.2222222222222223,5,2.0,1.0
6,10,2.5,4,1.6666666666666667,1.25
7,12,2.142857142857143,4,1.5,1.2
8,10,2.75,5,1.8,1.2857142857142858
8,10,2.75,5,1.8,1.2857142857142858
9,12,1.4444444444444444,2,4.0,1.0
9,9,3.2222222222222223,5,2.0,1.0
8,8,2.625,4,2.3333333333333335,1.0
9,10,1.7777777777777777,3,2.5,1.0
8,9,2.625,4,2.3333333333333335,1.0
8,9,2.5,4,2.0,1.1428571428571428
7,8,1.8571428571428572,3,2.5,1.25
11,27,2.8181818181818183,6,2.3333333333333335,2.625
10,12,1.5,3,2.0,1.0
9,11,1.5555555555555556,3,2.0,1.0
14,23,1.6428571428571428,3,2.8333333333333335,2.125
14,26,1.7857142857142858,4,2.8333333333333335,2.125
15,41,3.066666666666667,5,3.4,2.6153846153846154
13,26,2.0,4,2.3333333333333335,2.3333333333333335
13,24,2.3076923076923075,4,3.8,1.9
13,26,2.769230769230769,6,2.875,2.090909090909091
14,29,2.7142857142857144,5,2.7,2.25
15,36,3.1333333333333333,6,3.0,2.5384615384615383
14,30,2.7857142857142856,5,2.8,2.3333333333333335
16,46,3.1875,5,3.25,2.7857142857142856
8,12,2.75,4,1.8,1.2857142857142858
15,33,3.066666666666667,5,3.7142857142857144,2.0
8,9,2.625,4,2.3333333333333335,1.0
8,11,2.5,4,2.0,1.1428571428571428
8,14,2.25,4,1.5,1.5
9,9,3.2222222222222223,5,2.0,1.0
7,9,2.7142857142857144,4,1.75,1.1666666666666667
7,8,2.2857142857142856,4,2.0,1.2
8,8,2.25,4,2.0,1.0
7,9,1.8571428571428572,3,2.5,1.25
9,9,3.2222222222222223,5,2.0,1.0
8,10,2.5,4,2.0,1.1428571428571428
8,8,2.125,3,2.0,1.0
8,8,2.625,4,2.3333333333333335,1.0
8,10,2.125,4,2.3333333333333335,1.4
8,10,1.5,3,2.0,1.3333333333333333
9,11,3.2222222222222223,5,1.8,1.125
8,12,3.125,5,2.2,1.5714285714285714
8,8,2.625,4,2.3333333333333335,1.0
6,6,1.5,3,1.0,1.0
9,10,2.888888888888889,5,1.6,1.1428571428571428
6,6,1.5,3,1.0,1.0
8,13,2.875,5,1.6666666666666667,1.4285714285714286
8,9,2.5,4,2.0,1.1428571428571428
7,8,1.8571428571428572,3,2.0,1.0
8,8,2.125,3,2.0,1.0
6,7,1.5,3,1.5,1.5
9,10,2.888888888888889,5,1.6,1.1428571428571428
9,11,1.5555555555555556,3,2.0,1.0
8,9,2.5,4,2.0,1.1428571428571428
6,7,1.5,3,1.5,1.5
7,9,1.4285714285714286,3,1.0,1.0
7,8,1.8571428571428572,3,2.0,1.0
12,31,2.6666666666666665,6,2.5,2.7777777777777777
10,11,1.5,3,2.0,1.0
9,10,1.5555555555555556,3,2.0,1.0
15,32,3.1333333333333333,6,2.9,2.230769230769231
14,22,1.6428571428571428,3,3.25,1.625
14,28,2.7857142857142856,5,2.888888888888889,2.1666666666666665
14,23,2.357142857142857,4,3.8,1.9
15,24,2.6,5,3.6666666666666665,1.6923076923076923
15,27,2.6,5,3.5714285714285716,1.9230769230769231
15,41,3.066666666666667,5,3.090909090909091,2.6153846153846154
9,11,2.6666666666666665,4,2.0,1.25
13,29,2.6923076923076925,5,2.7,2.4545454545454546
7,8,1.8571428571428572,3,2.5,1.25
7,9,1.4285714285714286,2,3.0,1.0
9,9,3.2222222222222223,5,2.0,1.0
12,25,2.5833333333333335,5,2.5555555555555554,2.3
9,9,3.2222222222222223,5,2.0,1.0
8,8,2.625,4,2.3333333333333335,1.0
8,9,2.25,4,1.75,1.1666666666666667
9,9,3.2222222222222223,5,2.0,1.0
8,9,2.875,5,1.6,1.1428571428571428
7,8,1.8571428571428572,3,2.5,1.25
8,10,2.75,5,1.8,1.2857142857142858
9,9,3.2222222222222223,5,2.0,1.0
7,8,2.7142857142857144,4,1.5,1.0
7,11,2.857142857142857,5,1.8,1.5
8,8,2.25,4,2.0,1.0
7,8,1.8571428571428572,3,2.0,1.0
9,11,3.2222222222222223,5,1.8,1.125
7,10,2.4285714285714284,4,1.4,1.1666666666666667
8,9,2.375,4,1.75,1.1666666666666667
9,15,3.111111111111111,5,2.2,1.375
8,11,2.75,5,1.8,1.2857142857142858
9,10,3.2222222222222223,5,2.0,1.0
14,31,2.7142857142857144,5,2.6363636363636362,2.4166666666666665
8,9,2.5,4,2.0,1.1428571428571428
8,8,2.625,4,2.3333333333333335,1.0
7,9,1.8571428571428572,3,2.5,1.25
8,11,1.625,3,2.0,1.3333333333333333
8,9,2.625,4,2.3333333333333335,1.0
9,11,3.2222222222222223,5,1.8,1.125
8,10,2.75,5,1.8,1.2857142857142858
8,9,2.875,5,1.6,1.1428571428571428
6,6,1.3333333333333333,2,2.0,1.0
8,10,2.75,5,1.8,1.2857142857142858
9,11,2.3333333333333335,4,2.0,1.1428571428571428
14,36,2.857142857142857,5,3.2,2.6666666666666665
7,12,2.857142857142857,5,1.8,1.5
8,8,2.25,4,2.0,1.0
7,8,1.8571428571428572,3,2.5,1.25
9,10,3.2222222222222223,5,2.0,1.0
7,10,2.4285714285714284,4,1.6,1.3333333333333333
8,10,2.875,5,1.6,1.1428571428571428
6,6,1.3333333333333333,2,2.0,1.0
7,8,1.4285714285714286,2,3.0,1.0
6,8,1.5,3,1.0,1.0
9,10,3.2222222222222223,5,2.0,1.0
8,15,2.875,5,1.8333333333333333,1.8333333333333333
8,8,2.625,4,2.3333333333333335,1.0
7,9,1.8571428571428572,3,2.5,1.25
9,11,3.2222222222222223,5,1.8,1.125
7,8,2.4285714285714284,4,1.4,1.1666666666666667
8,9,2.5,4,2.0,1.1428571428571428
7,8,1.8571428571428572,3,2.0,1.0
7,9,1.8571428571428572,3,2.5,1.25
8,10,2.75,5,1.8,1.2857142857142858
6,8,1.5,3,1.0,1.0
7,9,1.4285714285714286,3,1.0,1.0
8,10,2.25,4,1.75,1.1666666666666667
9,9,3.2222222222222223,5,2.0,1.0
8,9,2.875,5,1.6,1.1428571428571428
6,6,1.3333333333333333,2,2.0,1.0
9,9,3.2222222222222223,5,2.0,1.0
8,10,2.5,4,2.0,1.1428571428571428
8,9,2.125,3,2.0,1.0
7,9,1.8571428571428572,3,1.6666666666666667,1.0
6,7,1.5,3,1.5,1.5
9,10,3.2222222222222223,5,1.8,1.125
7,8,2.7142857142857144,4,1.5,1.0
7,10,2.2857142857142856,4,1.75,1.4
8,8,2.125,3,2.0,1.0
7,9,1.8571428571428572,3,1.6666666666666667,1.0
9,12,1.7777777777777777,3,2.5,1.0
7,9,1.8571428571428572,3,2.5,1.25
7,8,1.8571428571428572,3,2.0,1.0
6,7,1.5,3,1.0,1.0
9,10,3.2222222222222223,5,1.8,1.125
8,15,3.25,5,2.2,1.5714285714285714
8,8,2.625,4,2.3333333333333335,1.0
7,9,1.8571428571428572,3,2.5,1.25
9,10,3.2222222222222223,5,1.8,1.125
9,10,1.7777777777777777,3,2.5,1.0
8,10,2.875,5,1.6,1.1428571428571428
8,10,2.75,5,1.8,1.2857142857142858
6,7,1.5,3,1.0,1.0
6,8,1.5,3,1.5,1.5
11,27,2.8181818181818183,6,2.3333333333333335,2.625
10,12,1.3,2,3.0,1.0
9,10,1.3333333333333333,2,3.0,1.0
15,28,1.7333333333333334,4,3.0,2.25
14,24,1.7857142857142858,4,2.8333333333333335,2.125
14,30,2.0,4,2.75,2.4444444444444446
14,29,2.5714285714285716,5,2.3636363636363638,2.1666666666666665
14,35,2.9285714285714284,5,2.9,2.4166666666666665
14,29,2.5714285714285716,4,3.25,2.1666666666666665
15,43,3.066666666666667,5,3.3636363636363638,2.8461538461538463
9,13,2.6666666666666665,4,2.25,1.125
14,27,2.857142857142857,5,2.5,2.0833333333333335
7,9,2.0,4,1.6666666666666667,1.25
15,42,2.933333333333333,5,4.0,3.076923076923077
9,10,2.888888888888889,5,1.75,1.0
8,8,2.125,3,2.0,1.0
7,8,1.8571428571428572,3,2.5,1.25
8,10,2.75,5,1.8,1.2857142857142858
9,9,2.888888888888889,5,1.75,1.0
7,10,3.0,5,1.8,1.5
8,8,2.125,3,2.0,1.0
6,7,1.5,3,1.5,1.5
7,8,1.4285714285714286,2,3.0,1.0
9,9,2.888888888888889,5,1.75,1.0
8,9,2.75,5,1.6,1.1428571428571428
8,10,2.875,5,1.6,1.1428571428571428
6,8,1.8333333333333333,3,2.0,1.3333333333333333
8,10,2.75,5,1.8,1.2857142857142858
12,27,2.6666666666666665,6,2.6666666666666665,2.6666666666666665
10,11,1.5,3,2.0,1.0
15,38,2.8,5,3.1818181818181817,2.6923076923076925
7,10,2.857142857142857,5,1.8,1.5
8,10,2.75,5,1.8,1.2857142857142858
8,9,2.5,4,2.0,1.1428571428571428
8,9,3.125,5,1.6,1.1428571428571428
8,8,2.625,4,2.3333333333333335,1.0
6,7,1.5,3,1.5,1.5
8,10,2.75,5,1.8,1.2857142857142858
9,9,2.888888888888889,5,1.75,1.0
10,19,2.5,4,2.4285714285714284,2.125
8,9,2.875,5,1.6,1.1428571428571428
7,8,1.8571428571428572,3,2.0,1.0
7,9,1.8571428571428572,3,2.5,1.25
9,11,3.2222222222222223,5,1.8,1.125
8,9,2.5,4,2.0,1.1428571428571428
7,8,1.8571428571428572,3,2.5,1.25
9,10,3.2222222222222223,5,2.0,1.0
8,10,2.75,5,1.8,1.2857142857142858
8,9,2.5,4,2.0,1.1428571428571428
7,8,1.8571428571428572,3,2.0,1.0
7,9,1.8571428571428572,3,2.5,1.25
8,10,2.75,5,1.8,1.2857142857142858
6,7,1.3333333333333333,2,2.0,1.0
13,34,2.6153846153846154,5,2.9,3.2222222222222223
6,7,1.1666666666666667,2,1.0,1.0
9,10,3.2222222222222223,5,2.0,1.0
9,11,1.4444444444444444,2,4.0,1.0
8,9,2.875,5,1.6,1.1428571428571428
7,7,1.7142857142857142,3,2.0,1.0
8,10,2.75,5,1.8,1.2857142857142858
6,6,1.3333333333333333,2,2.0,1.0
7,9,1.4285714285714286,3,1.0,1.0
11,26,2.4545454545454546,5,2.5,2.857142857142857
9,9,2.888888888888889,5,1.75,1.0
11,21,2.4545454545454546,4,2.7142857142857144,2.111111111111111
8,11,2.875,5,1.5,1.2857142857142858
7,8,1.8571428571428572,3,2.0,1.0
9,10,3.2222222222222223,5,2.0,1.0
7,8,2.7142857142857144,4,1.5,1.0
7,10,2.2857142857142856,4,1.75,1.4
8,9,2.5,4,2.0,1.1428571428571428
6,7,1.5,3,1.0,1.0
9,9,2.888888888888889,5,1.75,1.0
6,8,2.0,4,1.0,1.0
7,9,2.4285714285714284,4,1.4,1.1666666666666667
8,9,2.5,4,2.0,1.1428571428571428
9,12,1.5555555555555556,3,2.5,1.25
7,8,1.8571428571428572,3,2.0,1.0
9,10,3.2222222222222223,5,2.0,1.0
11,21,2.6363636363636362,4,2.7142857142857144,2.111111111111111
8,11,2.875,5,1.5,1.2857142857142858
6,7,1.5,3,1.0,1.0
8,9,2.5,4,2.0,1.1428571428571428
7,8,1.8571428571428572,3,2.5,1.25
8,10,2.75,5,1.8,1.2857142857142858
7,8,1.1428571428571428,2,1.0,1.0
7,8,1.1428571428571428,2,1.0,1.0
9,11,2.3333333333333335,4,2.0,1.1428571428571428
13,32,2.769230769230769,5,2.9,2.6363636363636362
9,10,3.2222222222222223,5,2.0,1.0
8,10,2.75,5,1.8,1.2857142857142858
8,12,2.875,5,1.5,1.2857142857142858
6,7,1.5,3,1.0,1.0
7,8,1.8571428571428572,3,2.0,1.0
9,9,3.2222222222222223,5,2.0,1.0
8,10,2.875,5,1.6,1.1428571428571428
7,9,1.8571428571428572,3,2.5,1.25
8,10,2.75,5,1.8,1.2857142857142858
8,9,2.625,4,2.3333333333333335,1.0
6,7,1.5,3,1.0,1.0
8,10,2.5,4,2.0,1.1428571428571428
9,10,3.2222222222222223,5,1.8,1.125
8,10,2.75,5,1.8,1.2857142857142858
8,8,2.625,4,2.3333333333333335,1.0
9,11,1.4444444444444444,3,1.3333333333333333,1.3333333333333333
8,11,2.75,5,1.8,1.2857142857142858
8,10,2.25,4,1.75,1.1666666666666667
9,9,3.2222222222222223,5,2.0,1.0
7,10,2.4285714285714284,4,1.4,1.1666666666666667
8,10,2.75,5,1.8,1.2857142857142858
6,7,1.5,3,1.0,1.0
7,8,1.8571428571428572,3,2.0,1.0
9,10,3.2222222222222223,5,1.8,1.125
7,9,2.7142857142857144,4,1.75,1.1666666666666667
8,8,2.125,3,2.0,1.0
8,8,2.125,3,2.0,1.0
9,9,3.2222222222222223,5,2.0,1.0
7,8,2.142857142857143,4,1.5,1.2
8,9,2.5,4,2.0,1.1428571428571428
9,9,1.7777777777777777,3,2.5,1.0
7,9,1.8571428571428572,3,2.5,1.25
7,9,1.8571428571428572,3,2.5,1.25
9,10,3.2222222222222223,5,1.8,1.125
7,11,3.0,5,1.8,1.5
8,9,2.5,4,2.0,1.1428571428571428
7,8,1.8571428571428572,3,2.5,1.25
7,8,1.8571428571428572,3,2.5,1.25
8,9,2.5,4,2.0,1.1428571428571428
7,8,1.8571428571428572,3,2.5,1.25
9,11,1.2222222222222223,2,2.0,1.0
9,13,2.6666666666666665,4,2.25,1.125
13,26,2.6153846153846154,5,2.4,2.1818181818181817
8,9,2.625,4,2.3333333333333335,1.0
9,13,1.6666666666666667,3,2.0,1.5
7,8,2.142857142857143,4,1.5,1.2
9,10,3.2222222222222223,5,1.8,1.125
7,9,2.7142857142857144,4,1.75,1.1666666666666667
7,9,2.2857142857142856,4,1.75,1.4
7,12,3.142857142857143,5,2.0,1.6666666666666667
9,10,3.2222222222222223,5,2.0,1.0
7,9,1.7142857142857142,3,2.5,1.6666666666666667
8,9,2.5,4,2.0,1.1428571428571428
9,12,2.7777777777777777,4,2.5,1.25
15,37,2.7333333333333334,5,3.1818181818181817,2.6923076923076925
7,8,2.2857142857142856,4,2.0,1.2
8,8,2.25,4,2.0,1.0
7,8,1.8571428571428572,3,2.0,1.0
9,10,2.888888888888889,5,1.6,1.1428571428571428
8,11,2.875,4,2.25,1.2857142857142858
8,9,2.625,4,1.75,1.1666666666666667
7,10,1.8571428571428572,3,2.5,1.25
9,10,3.2222222222222223,5,2.0,1.0
8,8,2.5,4,2.3333333333333335,1.0
6,6,1.5,3,1.0,1.0
9,11,3.2222222222222223,5,1.8,1.125
7,8,2.142857142857143,4,1.5,1.2
9,10,2.4444444444444446,4,2.25,1.125
8,9,2.5,4,2.0,1.1428571428571428
7,8,1.8571428571428572,3,2.5,1.25
9,11,1.2222222222222223,2,2.0,1.0
9,9,2.888888888888889,5,1.75,1.0
8,8,2.5,4,2.3333333333333335,1.0
7,8,1.8571428571428572,3,2.5,1.25
9,10,3.2222222222222223,5,2.0,1.0
13,25,2.3076923076923075,4,2.3,2.090909090909091
8,8,2.625,4,2.3333333333333335,1.0
6,8,1.8333333333333333,3,2.0,1.3333333333333333
6,8,1.5,3,1.5,1.5
8,10,2.75,5,1.8,1.2857142857142858
8,9,2.5,4,2.0,1.1428571428571428
7,9,1.4285714285714286,2,3.0,1.0
7,9,1.2857142857142858,2,2.0,1.0
8,10,2.75,5,1.8,1.2857142857142858
7,7,1.0,1,0.0,0.0
13,30,2.769230769230769,5,3.0,2.6666666666666665
9,9,3.2222222222222223,5,2.0,1.0
6,9,2.3333333333333335,4,1.6666666666666667,1.25
8,9,2.375,4,1.75,1.1666666666666667
8,9,2.625,4,2.3333333333333335,1.0
7,9,1.4285714285714286,2,3.0,1.0
11,26,2.8181818181818183,6,2.3333333333333335,2.625
10,12,1.5,3,2.0,1.0
13,29,3.0,6,2.6,2.3636363636363638
7,10,2.857142857142857,5,1.8,1.5
8,8,2.25,4,2.0,1.0
7,8,1.8571428571428572,3,2.0,1.0
8,11,2.25,4,1.75,1.1666666666666667
9,11,3.2222222222222223,5,1.8,1.125
8,9,2.75,4,2.6666666666666665,1.1428571428571428
8,8,2.25,4,2.0,1.0
9,18,3.2222222222222223,6,2.0,1.75
8,9,2.25,4,1.4,1.1666666666666667
9,10,3.2222222222222223,5,2.0,1.0
14,33,3.142857142857143,6,3.1,2.5833333333333335
9,10,3.2222222222222223,5,2.0,1.0
8,14,3.25,5,2.0,1.7142857142857142
7,10,2.857142857142857,5,1.8,1.5
8,9,2.375,4,1.75,1.1666666666666667
9,10,1.4444444444444444,3,1.5,1.0
8,9,2.25,4,1.4,1.1666666666666667
7,8,1.4285714285714286,2,3.0,1.0
9,10,3.2222222222222223,5,2.0,1.0
8,10,2.5,4,2.0,1.1428571428571428
8,9,2.125,3,2.0,1.0
7,9,1.8571428571428572,3,1.6666666666666667,1.0
9,10,3.2222222222222223,5,2.0,1.0
7,9,2.4285714285714284,4,1.6,1.3333333333333333
8,9,2.5,4,2.0,1.1428571428571428
7,8,1.8571428571428572,3,2.0,1.0
7,9,1.8571428571428572,3,2.5,1.25
9,10,3.2222222222222223,5,2.0,1.0
8,8,2.625,4,2.3333333333333335,1.0
7,8,1.8571428571428572,3,2.5,1.25
9,9,3.2222222222222223,5,2.0,1.0
8,8,2.625,4,2.3333333333333335,1.0
6,7,1.5,3,1.5,1.5
9,12,1.7777777777777777,3,2.5,1.0
8,9,2.375,4,1.75,1.1666666666666667
6,7,1.5,3,1.0,1.0
8,9,2.5,4,2.0,1.1428571428571428
10,21,2.4,5,1.8888888888888888,2.4285714285714284
10,12,1.5,3,2.0,1.0
9,11,1.5555555555555556,3,2.0,1.0
14,37,3.0,6,3.5555555555555554,2.6666666666666665
14,20,1.6428571428571428,3,3.25,1.625
14,31,2.9285714285714284,5,3.625,2.4166666666666665
13,21,2.4615384615384617,4,3.6,1.8
14,27,2.5714285714285716,4,3.125,2.0833333333333335
14,25,2.5,4,3.2857142857142856,1.9166666666666667
15,44,3.066666666666667,5,3.0833333333333335,2.8461538461538463
9,13,2.6666666666666665,4,2.0,1.25
14,29,2.4285714285714284,4,2.75,1.8333333333333333
6,7,1.5,3,1.5,1.5
8,10,2.75,5,1.8,1.2857142857142858
8,10,2.25,4,1.6,1.3333333333333333
8,9,2.5,4,2.0,1.1428571428571428
8,11,3.625,6,1.5,1.2857142857142858
8,12,2.25,4,1.5,1.5
9,9,3.2222222222222223,5,2.0,1.0
16,44,3.375,6,3.4166666666666665,3.1538461538461537
7,11,2.857142857142857,5,1.6,1.3333333333333333
8,9,2.5,4,2.0,1.1428571428571428
6,7,1.5,3,1.0,1.0
9,9,3.2222222222222223,5,2.0,1.0
8,11,1.75,3,2.0,1.5
7,9,2.2857142857142856,4,2.0,1.2
8,9,2.375,4,1.75,1.1666666666666667
7,9,1.7142857142857142,3,2.0,1.0
7,8,1.8571428571428572,3,2.5,1.25
9,9,3.2222222222222223,5,2.0,1.0
8,9,2.75,5,1.6,1.1428571428571428
8,10,2.5,4,2.0,1.1428571428571428
9,9,3.2222222222222223,5,2.0,1.0
9,11,1.7777777777777777,3,3.0,1.2
8,8,2.625,4,2.3333333333333335,1.0
7,9,1.8571428571428572,3,2.5,1.25
7,9,1.8571428571428572,3,2.5,1.25
8,11,2.75,5,1.8,1.2857142857142858
6,7,1.5,3,1.5,1.5
9,10,3.2222222222222223,5,1.8,1.125
7,10,2.857142857142857,5,1.8,1.5
8,8,2.25,4,2.0,1.0
7,9,1.8571428571428572,3,2.5,1.25
7,9,1.8571428571428572,3,2.5,1.25
9,11,3.2222222222222223,5,1.8,1.125
7,8,2.2857142857142856,4,2.0,1.2
8,10,2.375,4,1.75,1.1666666666666667
9,9,2.888888888888889,5,1.75,1.0
8,8,2.625,4,2.3333333333333335,1.0
7,8,1.8571428571428572,3,2.5,1.25
9,11,3.2222222222222223,5,1.8,1.125
8,10,2.5,4,2.0,1.1428571428571428
8,9,2.625,4,1.75,1.1666666666666667
8,11,2.0,3,1.5,1.0
9,9,2.888888888888889,5,1.75,1.0
6,7,2.0,4,1.0,1.0
8,9,2.75,4,2.6666666666666665,1.1428571428571428
8,8,2.25,4,2.0,1.0
7,8,1.4285714285714286,2,3.0,1.0
7,9,1.4285714285714286,2,3.0,1.0
9,9,2.888888888888889,5,1.75,1.0
11,21,2.6363636363636362,4,2.7142857142857144,2.111111111111111
8,10,2.75,5,1.8,1.2857142857142858
9,10,3.2222222222222223,5,2.0,1.0
8,10,2.75,5,1.8,1.2857142857142858
9,10,2.4444444444444446,4,2.25,1.125
9,11,3.2222222222222223,5,1.8,1.125
8,11,2.5,4,2.0,1.4285714285714286
8,9,2.5,4,2.0,1.1428571428571428
9,12,1.5555555555555556,3,2.5,1.25
8,11,2.75,5,1.8,1.2857142857142858
11,25,2.4545454545454546,5,2.7142857142857144,2.7142857142857144
9,10,3.2222222222222223,5,2.0,1.0
8,10,2.5,4,2.0,1.1428571428571428
8,9,2.625,4,1.75,1.1666666666666667
7,9,1.8571428571428572,3,1.6666666666666667,1.0
6,6,1.3333333333333333,2,2.0,1.0
9,9,3.2222222222222223,5,2.0,1.0
8,12,2.25,4,1.6,1.3333333333333333
8,8,2.125,3,2.0,1.0
7,8,1.7142857142857142,3,2.0,1.0
6,7,1.5,3,1.5,1.5
8,9,2.5,4,2.0,1.1428571428571428
9,10,3.2222222222222223,5,2.0,1.0
15,40,3.3333333333333335,6,3.3636363636363638,3.0833333333333335
9,10,1.7777777777777777,3,2.5,1.0
6,6,1.3333333333333333,2,2.0,1.0
8,10,2.75,5,1.8,1.2857142857142858
8,10,2.75,5,1.8,1.2857142857142858
7,8,1.4285714285714286,2,3.0,1.0
9,10,3.2222222222222223,5,2.0,1.0
8,10,3.625,6,1.5,1.2857142857142858
7,10,2.2857142857142856,4,2.0,1.2
11,26,2.4545454545454546,5,2.7142857142857144,2.7142857142857144
10,12,2.9,5,2.0,1.1111111111111112
14,33,2.9285714285714284,5,3.4444444444444446,2.5833333333333335
7,8,1.8571428571428572,3,2.5,1.25
7,8,1.4285714285714286,2,3.0,1.0
8,10,2.25,4,1.75,1.1666666666666667
9,9,3.2222222222222223,5,2.0,1.0
12,27,2.5833333333333335,5,2.875,2.3
8,8,2.5,4,2.3333333333333335,1.0
7,8,1.7142857142857142,3,2.0,1.0
7,8,1.4285714285714286,2,3.0,1.0
9,9,3.2222222222222223,5,2.0,1.0
9,11,2.4444444444444446,4,2.25,1.125
8,8,2.125,3,2.0,1.0
7,9,1.8571428571428572,3,1.6666666666666667,1.0
8,11,2.25,4,1.6,1.3333333333333333
9,9,3.2222222222222223,5,2.0,1.0
7,9,2.7142857142857144,4,1.75,1.1666666666666667
8,9,2.5,4,2.0,1.1428571428571428
7,9,1.4285714285714286,2,3.0,1.0
7,9,1.2857142857142858,2,2.0,1.0
9,10,3.2222222222222223,5,2.0,1.0
8,9,2.5,4,2.0,1.1428571428571428
8,9,2.125,3,2.0,1.0
7,9,1.8571428571428572,3,1.6666666666666667,1.0
8,10,2.25,4,1.75,1.1666666666666667
9,9,3.2222222222222223,5,2.0,1.0
12,26,2.6666666666666665,5,2.6666666666666665,2.4
9,9,3.2222222222222223,5,2.0,1.0
7,9,2.4285714285714284,4,1.6,1.3333333333333333
8,9,2.5,4,2.0,1.1428571428571428
7,8,1.7142857142857142,3,2.0,1.0
7,8,1.4285714285714286,2,3.0,1.0
9,9,3.2222222222222223,5,2.0,1.0
8,9,2.75,5,1.6,1.1428571428571428
8,8,2.625,4,2.3333333333333335,1.0
6,6,1.3333333333333333,2,2.0,1.0
6,6,1.3333333333333333,2,2.0,1.0
8,9,2.5,4,2.3333333333333335,1.0
9,10,3.2222222222222223,5,2.0,1.0
8,9,2.5,4,2.0,1.1428571428571428
8,10,2.625,4,1.75,1.1666666666666667
7,9,1.8571428571428572,3,1.6666666666666667,1.0
11,27,2.3636363636363638,5,2.2222222222222223,2.857142857142857
10,12,1.5,3,2.0,1.0
15,22,1.8666666666666667,3,5.0,1.875
7,7,2.0,3,1.6666666666666667,1.0
8,9,1.625,3,2.0,1.0
8,12,2.25,4,1.5,1.5
8,8,3.125,5,1.75,1.0
14,31,2.857142857142857,6,2.9,2.4166666666666665
8,8,2.625,4,2.3333333333333335,1.0
7,8,1.8571428571428572,3,2.0,1.0
8,11,2.75,5,1.8,1.2857142857142858
8,13,2.25,4,1.5,1.5
9,9,3.2222222222222223,5,2.0,1.0
14,34,2.857142857142857,5,3.2,2.6666666666666665
9,10,3.2222222222222223,5,2.0,1.0
8,8,2.625,4,2.3333333333333335,1.0
8,9,2.25,4,1.75,1.1666666666666667
9,9,3.2222222222222223,5,2.0,1.0
8,8,2.625,4,2.3333333333333335,1.0
9,9,3.2222222222222223,5,2.0,1.0
8,9,2.75,4,2.6666666666666665,1.1428571428571428
8,12,2.375,4,1.5,1.5
6,6,1.5,3,1.0,1.0
11,18,1.9090909090909092,3,3.5,2.0
8,9,2.625,4,2.3333333333333335,1.0
7,8,1.8571428571428572,3,2.5,1.25
7,8,1.4285714285714286,2,3.0,1.0
9,9,3.2222222222222223,5,2.0,1.0
9,11,1.7777777777777777,3,3.0,1.2
8,10,3.0,5,1.6,1.3333333333333333
6,8,1.8333333333333333,3,2.0,1.3333333333333333
9,10,3.2222222222222223,5,1.8,1.125
8,10,2.5,4,2.0,1.1428571428571428
8,8,2.125,3,2.0,1.0
7,9,1.8571428571428572,3,1.6666666666666667,1.0
6,8,1.8333333333333333,3,2.0,1.3333333333333333
9,9,3.2222222222222223,5,2.0,1.0
7,9,2.7142857142857144,4,1.75,1.1666666666666667
8,13,2.375,4,1.5,1.5
6,8,1.8333333333333333,3,2.0,1.3333333333333333
8,10,2.125,4,2.3333333333333335,1.4
7,8,1.8571428571428572,3,2.5,1.25
8,10,2.5,4,2.0,1.1428571428571428
9,9,2.888888888888889,5,1.75,1.0
7,8,2.7142857142857144,4,1.75,1.1666666666666667
8,9,2.75,4,2.6666666666666665,1.1428571428571428
8,9,2.625,4,1.75,1.1666666666666667
8,11,2.0,4,1.5,1.2
6,7,1.5,3,1.0,1.0
8,8,2.25,4,2.0,1.0
7,8,1.8571428571428572,3,2.5,1.25
7,8,1.4285714285714286,2,3.0,1.0
9,9,2.888888888888889,5,1.75,1.0
8,12,2.75,5,1.6666666666666667,1.6666666666666667
6,8,1.8333333333333333,3,2.0,1.3333333333333333
8,10,3.0,5,1.6,1.3333333333333333
7,9,1.7142857142857142,3,2.0,1.0
7,8,1.8571428571428572,3,2.5,1.25
7,9,1.4285714285714286,3,1.0,1.0
12,29,2.6666666666666665,6,2.5,2.7777777777777777
10,11,1.5,3,2.0,1.0
10,11,1.5,3,2.0,1.0
15,24,1.6,3,2.8333333333333335,2.125
14,25,1.7857142857142858,4,2.6666666666666665,2.0
14,36,2.9285714285714284,5,2.8181818181818183,2.5833333333333335
13,24,1.8461538461538463,3,2.5714285714285716,2.0
13,24,2.3076923076923075,4,3.8,1.9
13,26,2.769230769230769,6,3.0,2.1818181818181817
14,26,2.7857142857142856,5,3.0,2.0
14,29,2.7142857142857144,5,3.125,2.0833333333333335
14,27,2.357142857142857,4,3.125,2.0833333333333335
14,44,3.0,5,3.1666666666666665,3.1666666666666665
9,11,2.6666666666666665,4,2.0,1.25
13,28,2.6923076923076925,5,2.6,2.3636363636363638
7,8,1.8571428571428572,3,2.5,1.25
7,8,1.4285714285714286,2,3.0,1.0
8,11,2.25,4,1.75,1.1666666666666667
9,9,3.2222222222222223,5,2.0,1.0
9,12,1.7777777777777777,3,2.0,1.2
8,10,2.875,5,1.6,1.1428571428571428
6,6,1.3333333333333333,2,2.0,1.0
9,9,3.2222222222222223,5,2.0,1.0
7,7,2.7142857142857144,4,1.5,1.0
8,9,2.75,4,2.6666666666666665,1.1428571428571428
8,8,2.25,4,2.0,1.0
7,8,1.8571428571428572,3,2.0,1.0
9,10,3.2222222222222223,5,2.0,1.0
8,11,2.0,4,1.4,1.4
8,9,2.375,4,1.75,1.1666666666666667
7,8,1.7142857142857142,3,2.0,1.0
6,6,1.3333333333333333,2,2.0,1.0
8,9,2.5,4,2.0,1.1428571428571428
8,11,2.75,5,2.0,1.1428571428571428
9,10,3.2222222222222223,5,2.0,1.0
12,26,2.6666666666666665,5,2.6666666666666665,2.4
14,37,3.0714285714285716,5,3.4444444444444446,2.8181818181818183
7,8,1.4285714285714286,2,3.0,1.0
7,8,1.2857142857142858,2,2.0,1.0
9,10,3.2222222222222223,5,2.0,1.0
8,8,2.625,4,2.3333333333333335,1.0
6,7,1.5,3,1.0,1.0
6,7,1.5,3,1.0,1.0
8,12,2.375,4,1.5,1.5
6,6,1.3333333333333333,2,2.0,1.0
8,10,2.75,5,1.8,1.2857142857142858
9,10,3.2222222222222223,5,2.0,1.0
8,10,2.75,4,2.6666666666666665,1.1428571428571428
8,10,2.75,5,1.8,1.2857142857142858
6,6,1.3333333333333333,2,2.0,1.0
9,9,2.888888888888889,5,1.75,1.0
8,9,2.375,4,1.75,1.1666666666666667
9,12,1.7777777777777777,3,3.0,1.2
9,11,2.3333333333333335,4,2.0,1.1428571428571428
14,32,2.7142857142857144,5,2.727272727272727,2.5
8,10,2.75,5,1.8,1.2857142857142858
6,7,1.5,3,1.5,1.5
9,10,3.2222222222222223,5,2.0,1.0
7,9,2.4285714285714284,4,1.6,1.3333333333333333
8,9,2.5,4,2.0,1.1428571428571428
7,7,1.4285714285714286,2,3.0,1.0
8,9,2.375,4,1.75,1.1666666666666667
7,8,1.7142857142857142,3,2.0,1.0
7,8,1.8571428571428572,3,2.5,1.25
8,9,2.625,4,1.75,1.1666666666666667
8,10,3.0,5,1.6,1.3333333333333333
7,7,1.4285714285714286,2,3.0,1.0
8,12,2.75,5,1.8,1.2857142857142858
9,9,3.2222222222222223,5,2.0,1.0
11,21,2.4545454545454546,4,2.7142857142857144,2.111111111111111
8,10,2.75,5,1.8,1.2857142857142858
9,9,3.2222222222222223,5,2.0,1.0
8,8,2.5,4,2.3333333333333335,1.0
7,8,1.8571428571428572,3,2.0,1.0
9,9,3.2222222222222223,5,2.0,1.0
7,7,2.7142857142857144,4,1.5,1.0
7,9,2.2857142857142856,4,1.75,1.4
8,8,2.25,4,2.0,1.0
7,8,1.8571428571428572,3,2.0,1.0
9,10,3.2222222222222223,5,2.0,1.0
6,7,2.0,4,1.0,1.0
8,10,2.75,4,2.6666666666666665,1.1428571428571428
8,11,2.75,5,1.8,1.2857142857142858
9,9,2.888888888888889,5,1.75,1.0
6,7,2.0,4,1.0,1.0
8,12,2.875,5,1.8,1.2857142857142858
6,7,1.5,3,1.5,1.5
9,15,3.111111111111111,5,2.4,1.5
8,9,2.5,4,2.0,1.1428571428571428
9,15,3.111111111111111,5,2.2,1.375
8,9,2.25,4,1.4,1.1666666666666667
9,9,3.2222222222222223,5,2.0,1.0
8,10,2.75,5,1.6,1.1428571428571428
7,11,3.0,4,2.5,1.6666666666666667
8,12,2.25,4,1.6,1.3333333333333333
9,11,2.3333333333333335,4,2.0,1.1428571428571428
14,37,2.857142857142857,5,3.3,2.75
7,9,2.2857142857142856,4,2.0,1.2
9,9,3.2222222222222223,5,2.0,1.0
8,8,2.625,4,2.3333333333333335,1.0
7,8,1.7142857142857142,3,2.0,1.0
7,8,1.4285714285714286,2,3.0,1.0
9,9,3.2222222222222223,5,2.0,1.0
8,11,2.75,5,1.8,1.2857142857142858
8,10,2.5,4,2.0,1.1428571428571428
9,10,3.2222222222222223,5,1.8,1.125
7,9,2.4285714285714284,4,1.4,1.1666666666666667
8,9,2.625,4,2.3333333333333335,1.0
7,8,1.8571428571428572,3,2.5,1.25
15,35,3.3333333333333335,6,3.3,2.5384615384615383
8,9,3.125,5,1.6,1.1428571428571428
6,7,2.0,4,1.0,1.0
8,10,2.75,5,1.8,1.2857142857142858
8,10,2.75,5,1.8,1.2857142857142858
8,9,2.5,4,2.0,1.1428571428571428
7,8,1.8571428571428572,3,2.5,1.25
9,12,1.4444444444444444,2,4.0,1.0
9,9,2.888888888888889,5,1.75,1.0
7,8,2.7142857142857144,4,1.75,1.1666666666666667
8,9,2.75,4,2.6666666666666665,1.1428571428571428
8,9,2.5,4,2.0,1.1428571428571428
6,7,1.5,3,1.0,1.0
9,9,2.888888888888889,5,1.75,1.0
8,12,2.75,5,1.6666666666666667,1.6666666666666667
8,9,2.625,4,2.3333333333333335,1.0
8,9,2.25,4,1.75,1.1666666666666667
8,11,2.75,5,1.8,1.2857142857142858
9,11,3.2222222222222223,5,1.8,1.125
7,8,2.7142857142857144,4,1.75,1.1666666666666667
8,9,2.75,4,2.6666666666666665,1.1428571428571428
8,10,2.75,5,1.8,1.2857142857142858
7,8,1.8571428571428572,3,2.5,1.25
8,12,1.625,3,2.5,1.6666666666666667
8,10,2.5,4,1.6,1.1428571428571428
9,9,2.888888888888889,5,1.75,1.0
9,11,1.7777777777777777,3,2.5,1.0
8,9,2.875,5,1.75,1.0
6,8,1.8333333333333333,3,2.0,1.3333333333333333
9,11,3.2222222222222223,5,1.8,1.125
10,18,3.4,6,2.142857142857143,1.6666666666666667
8,10,2.75,5,1.8,1.2857142857142858
6,6,1.3333333333333333,2,2.0,1.0
9,10,2.4444444444444446,4,2.25,1.125
9,10,3.2222222222222223,5,2.0,1.0
6,9,2.6666666666666665,5,1.0,1.0
8,10,2.75,4,2.6666666666666665,1.1428571428571428
8,8,2.25,4,2.0,1.0
8,9,2.25,4,1.75,1.1666666666666667
8,9,2.25,4,1.4,1.1666666666666667
11,27,2.4545454545454546,5,2.7142857142857144,2.7142857142857144
9,11,2.6666666666666665,4,2.25,1.125
13,30,2.923076923076923,5,2.8,2.5454545454545454
7,8,1.8571428571428572,3,2.5,1.25
7,8,1.4285714285714286,2,3.0,1.0
9,10,3.2222222222222223,5,1.8,1.125
8,8,2.625,4,2.3333333333333335,1.0
9,11,1.5555555555555556,3,2.5,1.25
7,8,1.8571428571428572,3,2.0,1.0
8,10,2.75,5,1.8,1.2857142857142858
6,6,1.3333333333333333,2,2.0,1.0
9,9,3.2222222222222223,5,2.0,1.0
8,9,2.75,5,1.6,1.1428571428571428
8,10,2.75,5,1.8,1.2857142857142858
8,11,2.75,5,2.0,1.1428571428571428
9,9,3.2222222222222223,5,2.0,1.0
13,25,2.769230769230769,5,2.875,2.090909090909091
9,9,3.2222222222222223,5,2.0,1.0
8,11,1.875,4,2.0,1.5
7,10,2.7142857142857144,4,1.75,1.1666666666666667
8,9,2.375,4,1.75,1.1666666666666667
7,8,1.7142857142857142,3,2.0,1.0
8,11,2.75,5,2.0,1.1428571428571428
9,10,3.2222222222222223,5,2.0,1.0
7,7,2.7142857142857144,4,1.5,1.0
7,10,2.857142857142857,5,1.8,1.5
8,10,2.75,5,1.8,1.2857142857142858
9,10,3.2222222222222223,5,2.0,1.0
6,7,2.1666666666666665,4,1.3333333333333333,1.0
8,9,2.375,4,1.75,1.1666666666666667
8,11,2.25,4,1.4,1.1666666666666667
7,8,1.8571428571428572,3,2.0,1.0
9,9,3.2222222222222223,5,2.0,1.0
8,8,2.5,4,2.3333333333333335,1.0
6,7,1.5,3,1.0,1.0
9,10,3.2222222222222223,5,2.0,1.0
8,15,3.125,5,1.8333333333333333,1.5714285714285714
8,9,2.375,4,1.75,1.1666666666666667
8,9,2.25,4,1.75,1.1666666666666667
8,9,2.5,4,2.0,1.1428571428571428
7,9,1.8571428571428572,3,2.5,1.25
10,11,1.2,2,2.0,1.0
11,27,2.8181818181818183,6,2.3333333333333335,2.625
9,11,1.5555555555555556,3,2.0,1.0
14,30,2.5714285714285716,4,3.0,2.0
7,10,2.7142857142857144,5,1.75,1.1666666666666667
8,10,1.875,3,2.0,1.0
7,9,1.8571428571428572,3,2.5,1.25
9,9,1.7777777777777777,3,2.0,1.0
8,8,2.625,4,2.3333333333333335,1.0
8,11,2.875,5,1.5,1.0
8,9,2.75,5,1.6,1.1428571428571428
8,8,2.625,4,2.3333333333333335,1.0
7,7,1.4285714285714286,2,3.0,1.0
9,10,3.2222222222222223,5,2.0,1.0
8,10,2.75,5,1.8,1.2857142857142858
8,8,2.625,4,2.3333333333333335,1.0
6,7,1.5,3,1.5,1.5
6,7,1.5,3,1.5,1.5
8,9,2.5,4,2.0,1.1428571428571428
8,8,2.625,4,2.3333333333333335,1.0
9,12,1.5555555555555556,3,2.0,1.0
8,10,2.5,4,1.6,1.1428571428571428
9,10,3.2222222222222223,5,2.0,1.0
7,10,2.7142857142857144,4,1.75,1.1666666666666667
8,10,2.75,5,1.8,1.2857142857142858
9,16,3.111111111111111,5,2.1666666666666665,1.625
8,10,2.75,5,1.8,1.2857142857142858
6,7,1.3333333333333333,2,2.0,1.0
9,10,3.2222222222222223,5,2.0,1.0
7,10,2.4285714285714284,4,1.6,1.3333333333333333
8,9,2.625,4,2.3333333333333335,1.0
6,7,1.5,3,1.0,1.0
9,10,3.2222222222222223,5,1.8,1.125
11,22,2.5454545454545454,4,2.857142857142857,2.2222222222222223
7,8,2.857142857142857,4,1.75,1.1666666666666667
9,12,1.5555555555555556,3,2.5,1.25
8,9,2.375,4,1.75,1.1666666666666667
6,7,1.5,3,1.5,1.5
8,11,2.75,5,1.8,1.2857142857142858
13,39,3.230769230769231,6,3.4,3.090909090909091
9,11,2.3333333333333335,4,2.0,1.1428571428571428
14,34,2.7857142857142856,5,2.909090909090909,2.6666666666666665
8,9,2.625,4,2.3333333333333335,1.0
6,8,1.8333333333333333,3,2.0,1.3333333333333333
9,11,1.4444444444444444,3,1.3333333333333333,1.3333333333333333
8,12,2.25,4,1.6,1.3333333333333333
9,10,3.2222222222222223,5,2.0,1.0
15,35,3.3333333333333335,6,3.3,2.5384615384615383
8,9,3.125,5,1.6,1.1428571428571428
8,12,2.75,5,2.0,1.4285714285714286
8,8,2.625,4,2.3333333333333335,1.0
8,11,2.5,4,2.0,1.1428571428571428
9,9,2.888888888888889,5,1.75,1.0
6,6,1.5,3,1.0,1.0
8,12,2.375,4,1.5,1.5
6,7,1.5,3,1.5,1.5
8,10,2.75,5,1.8,1.2857142857142858
7,9,1.4285714285714286,2,3.0,1.0
8,10,2.5,4,2.0,1.1428571428571428
9,10,3.2222222222222223,5,2.0,1.0
9,11,1.6666666666666667,3,1.6666666666666667,1.25
8,10,2.75,5,1.8,1.2857142857142858
8,10,2.75,5,1.8,1.2857142857142858
9,11,1.3333333333333333,2,3.0,1.0
9,10,3.2222222222222223,5,2.0,1.0
8,11,2.75,5,1.8,1.2857142857142858
8,9,2.5,4,2.0,1.1428571428571428
7,9,1.8571428571428572,3,2.5,1.25
8,10,2.75,5,1.8,1.2857142857142858
9,9,3.2222222222222223,5,2.0,1.0
8,9,2.875,5,1.6,1.1428571428571428
8,8,2.625,4,2.3333333333333335,1.0
7,8,1.8571428571428572,3,2.0,1.0
7,9,1.8571428571428572,3,2.5,1.25
8,13,2.25,4,1.5,1.5
9,11,2.6666666666666665,4,2.0,1.25
14,34,2.857142857142857,5,3.1,2.5833333333333335
9,10,3.2222222222222223,5,1.8,1.125
7,10,3.0,5,1.8,1.5
8,9,2.5,4,2.0,1.1428571428571428
7,8,1.4285714285714286,2,3.0,1.0
7,8,1.2857142857142858,2,2.0,1.0
9,9,3.2222222222222223,5,2.0,1.0
10,19,2.5,4,2.4285714285714284,2.125
8,10,2.75,5,1.8,1.2857142857142858
9,9,3.2222222222222223,5,2.0,1.0
8,10,2.75,5,1.8,1.2857142857142858
8,8,2.625,4,2.3333333333333335,1.0
6,6,1.3333333333333333,2,2.0,1.0
6,6,1.3333333333333333,2,2.0,1.0
8,9,2.5,4,2.0,1.1428571428571428
8,10,2.75,5,1.8,1.2857142857142858
7,9,1.4285714285714286,2,3.0,1.0
9,10,3.2222222222222223,5,2.0,1.0
7,8,2.7142857142857144,4,1.5,1.0
8,8,2.125,3,2.0,1.0
9,10,3.2222222222222223,5,2.0,1.0
8,8,2.625,4,2.3333333333333335,1.0
9,9,3.2222222222222223,5,2.0,1.0
7,9,2.4285714285714284,4,1.6,1.3333333333333333
8,10,2.75,5,1.8,1.2857142857142858
8,9,2.625,4,2.3333333333333335,1.0
7,8,1.4285714285714286,2,3.0,1.0
7,8,1.8571428571428572,3,2.0,1.0
7,10,1.8571428571428572,3,2.5,1.25
8,10,2.5,4,2.0,1.1428571428571428
9,9,3.2222222222222223,5,2.0,1.0
7,10,2.4285714285714284,4,1.6,1.3333333333333333
8,9,2.5,4,2.0,1.1428571428571428
7,8,1.4285714285714286,2,3.0,1.0
8,9,2.375,4,1.75,1.1666666666666667
7,9,1.7142857142857142,3,2.0,1.0
8,13,2.75,5,1.6666666666666667,1.4285714285714286
9,11,2.6666666666666665,4,2.0,1.25
15,35,2.466666666666667,4,3.125,2.0833333333333335
6,8,1.8333333333333333,3,2.0,1.3333333333333333
8,10,2.75,5,1.8,1.2857142857142858
9,9,3.2222222222222223,5,2.0,1.0
7,8,2.7142857142857144,4,1.5,1.0
7,9,2.2857142857142856,4,1.75,1.4
6,6,1.3333333333333333,2,2.0,1.0
8,10,2.75,5,1.8,1.2857142857142858
8,9,2.25,4,1.4,1.1666666666666667
9,10,3.2222222222222223,5,2.0,1.0
8,11,2.0,4,1.4,1.4
8,9,2.625,4,2.3333333333333335,1.0
8,9,2.5,4,2.0,1.1428571428571428
6,7,1.5,3,1.0,1.0
9,10,3.2222222222222223,5,2.0,1.0
9,11,1.6666666666666667,3,2.5,1.0
8,8,2.625,4,2.3333333333333335,1.0
6,7,1.5,3,1.0,1.0
6,7,1.5,3,1.0,1.0
8,10,2.25,4,1.75,1.1666666666666667
9,9,3.2222222222222223,5,2.0,1.0
8,11,2.5,4,2.0,1.4285714285714286
7,11,2.857142857142857,5,1.8,1.5
8,9,2.5,4,2.0,1.1428571428571428
8,12,1.875,3,2.5,1.25
7,9,1.8571428571428572,3,2.5,1.25
9,10,3.2222222222222223,5,2.0,1.0
7,11,2.857142857142857,5,1.8,1.5
8,8,2.25,4,2.0,1.0
7,8,1.8571428571428572,3,2.0,1.0
7,9,1.8571428571428572,3,2.5,1.25
9,10,3.2222222222222223,5,2.0,1.0
8,8,2.625,4,2.3333333333333335,1.0
6,7,1.5,3,1.0,1.0
9,10,3.2222222222222223,5,2.0,1.0
7,8,2.142857142857143,4,1.5,1.2
8,8,2.375,4,2.0,1.0
7,8,1.8571428571428572,3,2.5,1.25
9,13,1.5555555555555556,3,2.5,1.25
9,10,3.2222222222222223,5,2.0,1.0
7,9,2.4285714285714284,4,1.4,1.1666666666666667
8,8,2.375,4,2.0,1.0
9,14,2.6666666666666665,5,2.0,1.4285714285714286
8,10,2.5,4,1.6,1.1428571428571428
7,8,1.4285714285714286,2,3.0,1.0
9,9,3.2222222222222223,5,2.0,1.0
8,11,2.75,5,1.8,1.2857142857142858
8,10,2.75,5,1.8,1.2857142857142858
9,12,2.3333333333333335,4,2.0,1.1428571428571428
14,37,2.9285714285714284,5,3.4,2.8333333333333335
6,6,2.0,4,1.0,1.0
9,11,3.2222222222222223,5,1.8,1.125
14,38,2.857142857142857,5,3.4,2.8333333333333335
9,11,3.2222222222222223,5,1.8,1.125
7,10,2.857142857142857,5,1.8,1.5
8,9,2.625,4,2.3333333333333335,1.0
9,17,3.111111111111111,5,2.1666666666666665,1.625
8,9,2.25,4,1.4,1.1666666666666667
9,11,3.2222222222222223,5,1.8,1.125
7,9,1.7142857142857142,3,1.6666666666666667,1.25
8,9,2.375,4,1.75,1.1666666666666667
8,10,3.25,5,1.8,1.2857142857142858
8,9,2.75,4,2.0,1.1428571428571428
6,8,1.8333333333333333,3,2.0,1.3333333333333333
8,10,2.75,5,1.8,1.2857142857142858
8,9,2.625,4,2.3333333333333335,1.0
7,8,1.4285714285714286,2,3.0,1.0
9,10,2.888888888888889,5,1.6,1.1428571428571428
7,8,2.7142857142857144,4,1.75,1.1666666666666667
8,10,2.75,4,2.25,1.2857142857142858
8,10,2.75,5,1.8,1.2857142857142858
9,9,2.888888888888889,5,1.75,1.0
8,8,2.125,3,2.0,1.0
8,8,2.125,3,2.0,1.0
15,34,2.7333333333333334,5,3.75,2.3076923076923075
8,10,2.5,4,1.6,1.1428571428571428
10,13,2.3,4,1.8,1.125
13,27,2.6923076923076925,5,2.5,2.272727272727273
9,10,1.5555555555555556,3,2.0,1.0
9,11,3.2222222222222223,5,1.8,1.125
7,7,2.7142857142857144,4,1.5,1.0
7,11,2.857142857142857,5,1.8,1.5
8,10,2.75,5,1.8,1.2857142857142858
9,11,3.2222222222222223,5,1.8,1.125
6,7,2.0,4,1.0,1.0
8,9,2.625,4,2.3333333333333335,1.0
7,8,1.4285714285714286,2,3.0,1.0
7,8,1.8571428571428572,3,2.0,1.0
9,10,3.2222222222222223,5,2.0,1.0
8,12,2.0,4,1.4,1.4
8,10,2.75,5,1.8,1.2857142857142858
8,10,2.75,5,1.8,1.2857142857142858
9,12,1.3333333333333333,2,2.0,1.3333333333333333
8,12,2.75,5,1.8,1.2857142857142858
9,12,2.6666666666666665,4,2.0,1.25
14,34,2.7857142857142856,5,3.1,2.5833333333333335
8,8,2.125,3,2.0,1.0
9,9,3.2222222222222223,5,2.0,1.0
6,7,2.5,4,1.25,1.0
8,11,2.875,5,1.5,1.2857142857142858
7,8,1.8571428571428572,3,2.5,1.25
9,10,3.2222222222222223,5,2.0,1.0
8,10,2.875,5,1.5,1.2857142857142858
9,10,1.4444444444444444,2,2.5,1.25
8,9,2.875,5,1.6,1.1428571428571428
7,8,1.8571428571428572,3,2.5,1.25
9,9,3.2222222222222223,5,2.0,1.0
7,8,2.7142857142857144,4,1.5,1.0
7,9,2.2857142857142856,4,1.75,1.4
8,11,2.75,5,1.8,1.2857142857142858
9,11,3.2222222222222223,5,1.8,1.125
6,7,2.0,4,1.0,1.0
7,11,2.857142857142857,5,1.8,1.5
8,8,2.25,4,2.0,1.0
6,6,1.3333333333333333,2,2.0,1.0
9,12,1.4444444444444444,2,4.0,1.0
9,10,3.2222222222222223,5,2.0,1.0
7,8,2.4285714285714284,4,1.4,1.1666666666666667
8,9,2.5,4,2.0,1.1428571428571428
7,8,1.8571428571428572,3,2.5,1.25
7,7,1.2857142857142858,2,2.0,1.0
9,10,3.2222222222222223,5,2.0,1.0
8,9,2.875,5,1.6,1.1428571428571428
9,11,1.5555555555555556,3,2.5,1.25
9,9,3.2222222222222223,5,2.0,1.0
7,8,2.7142857142857144,4,1.5,1.0
7,9,2.2857142857142856,4,1.75,1.4
8,10,2.75,5,1.8,1.2857142857142858
9,10,3.2222222222222223,5,2.0,1.0
7,9,2.7142857142857144,4,1.75,1.1666666666666667
8,9,2.375,4,1.75,1.1666666666666667
6,6,1.3333333333333333,2,2.0,1.0
7,8,1.8571428571428572,3,2.0,1.0
7,9,1.8571428571428572,3,2.5,1.25
8,10,2.25,4,1.75,1.1666666666666667
9,10,2.3333333333333335,4,2.0,1.1428571428571428
14,38,2.9285714285714284,5,3.4,2.8333333333333335
8,8,2.125,3,2.0,1.0
9,9,3.2222222222222223,5,2.0,1.0
8,11,2.25,4,1.6,1.3333333333333333
8,9,2.875,5,1.75,1.0
9,9,3.2222222222222223,5,2.0,1.0
8,9,2.75,5,1.6,1.1428571428571428
8,10,2.75,5,1.8,1.2857142857142858
9,9,3.2222222222222223,5,2.0,1.0
10,19,2.5,4,2.4285714285714284,2.125
8,11,2.875,5,1.5,1.2857142857142858
6,6,1.5,3,1.0,1.0
8,9,2.5,4,2.0,1.1428571428571428
7,8,1.8571428571428572,3,2.5,1.25
8,10,2.75,5,1.8,1.2857142857142858
6,8,1.5,3,1.0,1.0
6,7,1.1666666666666667,2,1.0,1.0
9,9,3.2222222222222223,5,2.0,1.0
8,8,2.5,4,2.3333333333333335,1.0
7,9,2.2857142857142856,4,2.0,1.2
9,9,3.2222222222222223,5,2.0,1.0
7,8,2.7142857142857144,4,1.5,1.0
7,10,2.2857142857142856,4,1.75,1.4
8,10,2.75,5,1.8,1.2857142857142858
9,10,3.2222222222222223,5,2.0,1.0
10,17,3.4,6,2.3333333333333335,1.5555555555555556
8,10,2.75,5,1.8,1.2857142857142858
8,9,2.5,4,2.0,1.1428571428571428
7,9,1.8571428571428572,3,2.5,1.25
7,9,1.4285714285714286,3,1.0,1.0
9,9,3.2222222222222223,5,2.0,1.0
8,9,2.875,5,1.6,1.1428571428571428
13,34,3.1538461538461537,6,2.8,2.8
9,9,3.2222222222222223,5,2.0,1.0
7,7,2.7142857142857144,4,1.5,1.0
7,9,2.2857142857142856,4,1.75,1.4
8,10,2.75,5,1.8,1.2857142857142858
9,10,3.2222222222222223,5,2.0,1.0
8,10,2.75,5,1.8,1.2857142857142858
8,9,2.625,4,2.3333333333333335,1.0
6,7,1.5,3,1.5,1.5
7,9,1.8571428571428572,3,2.5,1.25
7,9,1.8571428571428572,3,2.5,1.25
9,12,2.3333333333333335,4,2.0,1.1428571428571428
13,30,2.769230769230769,5,2.888888888888889,2.3636363636363638
7,9,2.2857142857142856,4,1.75,1.4
8,10,2.75,5,1.8,1.2857142857142858
7,8,1.8571428571428572,3,2.5,1.25
9,11,3.2222222222222223,5,1.8,1.125
8,8,2.5,4,2.3333333333333335,1.0
7,9,1.8571428571428572,3,2.5,1.25
9,10,3.2222222222222223,5,1.8,1.125
8,8,2.5,4,2.3333333333333335,1.0
7,9,1.7142857142857142,3,2.5,1.6666666666666667
8,10,2.75,5,1.8,1.2857142857142858
9,11,3.2222222222222223,5,1.8,1.125
8,14,2.25,4,1.6,1.3333333333333333
8,9,2.5,4,2.0,1.1428571428571428
7,8,1.4285714285714286,2,3.0,1.0
9,10,3.2222222222222223,5,2.0,1.0
14,31,2.7857142857142856,5,3.2222222222222223,2.4166666666666665
7,8,1.8571428571428572,3,2.5,1.25
7,8,1.8571428571428572,3,2.0,1.0
8,8,2.125,3,2.0,1.0
7,8,1.8571428571428572,3,2.5,1.25
8,9,2.5,4,2.0,1.1428571428571428
8,8,2.125,3,2.0,1.0
9,11,3.2222222222222223,5,1.8,1.125
8,9,2.875,5,1.6,1.1428571428571428
9,11,1.5555555555555556,3,2.5,1.25
8,10,2.75,5,1.8,1.2857142857142858
7,8,1.8571428571428572,3,2.5,1.25
10,11,2.3,4,1.8,1.125
14,33,2.7857142857142856,5,3.0,2.5
7,11,2.857142857142857,5,1.8,1.5
8,10,2.75,5,1.8,1.2857142857142858
9,11,3.2222222222222223,5,1.8,1.125
9,11,1.7777777777777777,3,2.0,1.2
8,8,2.625,4,2.3333333333333335,1.0
7,8,1.8571428571428572,3,2.0,1.0
8,11,2.75,5,1.8,1.2857142857142858
6,7,1.5,3,1.0,1.0
9,11,3.2222222222222223,5,1.8,1.125
8,9,2.875,5,1.6,1.1428571428571428
9,9,1.5555555555555556,3,2.0,1.0
9,11,3.2222222222222223,5,1.8,1.125
13,25,2.3076923076923075,4,2.3,2.090909090909091
8,9,2.5,4,2.0,1.1428571428571428
7,9,1.7142857142857142,3,2.0,1.0
8,8,2.625,4,2.3333333333333335,1.0
7,9,1.8571428571428572,3,2.5,1.25
8,11,2.25,4,1.6,1.3333333333333333
9,9,3.2222222222222223,5,2.0,1.0
8,8,2.625,4,2.3333333333333335,1.0
7,8,1.8571428571428572,3,2.5,1.25
7,8,1.4285714285714286,2,3.0,1.0
8,11,2.25,4,1.75,1.1666666666666667
9,9,3.2222222222222223,5,2.0,1.0
8,8,2.5,4,2.3333333333333335,1.0
12,28,2.5833333333333335,5,2.875,2.875
9,9,3.2222222222222223,5,2.0,1.0
7,7,2.7142857142857144,4,1.5,1.0
7,10,2.857142857142857,5,1.8,1.5
8,10,2.75,5,1.8,1.2857142857142858
9,11,3.2222222222222223,5,1.8,1.125
8,11,2.0,4,1.4,1.4
8,10,2.75,5,1.8,1.2857142857142858
8,9,2.625,4,2.3333333333333335,1.0
7,8,1.4285714285714286,2,3.0,1.0
9,10,3.2222222222222223,5,2.0,1.0
8,9,2.875,5,1.75,1.0
9,10,1.5555555555555556,3,2.5,1.25
9,9,3.2222222222222223,5,2.0,1.0
8,11,2.25,4,1.6,1.3333333333333333
8,9,2.625,4,2.3333333333333335,1.0
6,6,1.3333333333333333,2,2.0,1.0
9,10,1.4444444444444444,3,1.5,1.0
7,10,1.8571428571428572,3,2.5,1.25
8,10,2.75,5,1.8,1.2857142857142858
7,8,1.1428571428571428,2,1.0,1.0
7,8,1.1428571428571428,2,1.0,1.0
8,11,2.75,5,2.0,1.1428571428571428
9,10,2.3333333333333335,4,2.0,1.1428571428571428
14,38,2.9285714285714284,5,3.4,2.8333333333333335
7,10,2.857142857142857,5,1.8,1.5
8,10,2.75,5,1.8,1.2857142857142858
9,10,3.2222222222222223,5,2.0,1.0
8,9,2.75,5,1.6,1.1428571428571428
8,9,2.5,4,2.0,1.1428571428571428
7,8,1.8571428571428572,3,2.5,1.25
8,9,2.5,4,2.0,1.1428571428571428
6,8,1.5,3,1.0,1.0
7,8,1.8571428571428572,3,2.0,1.0
8,10,2.75,5,1.8,1.2857142857142858
6,7,1.3333333333333333,2,2.0,1.0
6,7,1.1666666666666667,2,1.0,1.0
9,9,3.2222222222222223,5,2.0,1.0
9,13,1.7777777777777777,3,3.0,1.2
8,10,2.875,5,1.6,1.1428571428571428
6,7,1.6666666666666667,3,1.5,1.0
9,10,3.2222222222222223,5,1.8,1.125
7,8,2.7142857142857144,4,1.5,1.0
7,10,2.2857142857142856,4,1.75,1.4
8,10,2.75,5,1.8,1.2857142857142858
9,10,3.2222222222222223,5,2.0,1.0
9,10,1.6666666666666667,3,2.5,1.0
8,10,2.875,5,1.6,1.1428571428571428
6,6,1.3333333333333333,2,2.0,1.0
9,11,1.4444444444444444,2,4.0,1.0
8,10,2.875,5,1.6,1.1428571428571428
6,7,1.5,3,1.0,1.0
8,10,2.75,5,1.8,1.2857142857142858
9,9,3.2222222222222223,5,2.0,1.0
8,9,2.75,4,2.6666666666666665,1.1428571428571428
8,13,2.375,4,1.5,1.5
6,7,1.5,3,1.5,1.5
6,6,1.3333333333333333,2,2.0,1.0
8,9,2.5,4,2.0,1.1428571428571428
8,11,2.75,5,1.8,1.2857142857142858
7,9,1.4285714285714286,2,3.0,1.0
9,9,3.2222222222222223,5,2.0,1.0
7,9,2.7142857142857144,4,1.75,1.1666666666666667
7,10,2.2857142857142856,4,1.75,1.4
8,11,2.75,5,1.8,1.2857142857142858
7,9,1.8571428571428572,3,2.5,1.25
8,11,1.5,3,2.0,1.3333333333333333
8,9,2.25,4,1.4,1.1666666666666667
9,12,2.6666666666666665,4,2.0,1.0
13,26,2.6153846153846154,5,2.4,2.1818181818181817
8,10,2.75,5,1.8,1.2857142857142858
9,10,3.2222222222222223,5,1.8,1.125
8,8,2.625,4,2.3333333333333335,1.0
7,9,1.8571428571428572,3,2.5,1.25
7,8,1.4285714285714286,2,3.0,1.0
9,10,3.2222222222222223,5,1.8,1.125
7,9,2.7142857142857144,4,1.75,1.1666666666666667
7,9,2.2857142857142856,4,1.75,1.4
8,10,2.5,4,2.0,1.1428571428571428
9,11,3.2222222222222223,5,1.8,1.125
8,16,2.875,5,1.8333333333333333,1.8333333333333333
6,9,2.3333333333333335,4,1.6666666666666667,1.25
7,9,2.0,4,1.6666666666666667,1.25
8,9,3.125,5,1.6,1.1428571428571428
8,8,2.625,4,2.3333333333333335,1.0
9,11,3.2222222222222223,5,1.8,1.125
12,23,2.5833333333333335,4,2.625,2.1
8,9,2.5,4,2.0,1.1428571428571428
7,8,1.8571428571428572,3,2.5,1.25
7,8,1.8571428571428572,3,2.0,1.0
8,10,2.75,5,1.8,1.2857142857142858
6,8,1.5,3,1.5,1.5
9,10,2.888888888888889,5,1.6,1.1428571428571428
15,30,2.6666666666666665,4,4.0,2.1538461538461537
8,10,2.75,5,1.8,1.2857142857142858
6,8,1.5,3,1.5,1.5
7,9,1.8571428571428572,3,2.5,1.25
9,10,2.888888888888889,5,1.6,1.1428571428571428
8,9,2.875,5,1.6,1.1428571428571428
6,8,1.8333333333333333,3,2.0,1.3333333333333333
9,11,3.2222222222222223,5,1.8,1.125
7,8,2.7142857142857144,4,1.75,1.1666666666666667
7,9,2.4285714285714284,4,1.4,1.1666666666666667
8,8,2.125,3,2.0,1.0
11,28,2.909090909090909,6,2.4444444444444446,2.75
10,13,1.9,3,3.0,1.0
9,10,1.5555555555555556,3,2.0,1.0
14,23,1.7857142857142858,4,2.8333333333333335,2.125
14,29,2.0,4,2.875,2.5555555555555554
14,30,2.7857142857142856,5,2.7,2.25
13,22,2.4615384615384617,4,3.8,1.9
13,28,2.769230769230769,6,2.6666666666666665,2.1818181818181817
13,26,2.230769230769231,4,2.6666666666666665,2.1818181818181817
15,44,3.1333333333333333,5,3.0,2.769230769230769
9,11,2.6666666666666665,4,2.0,1.25
12,24,2.5833333333333335,5,2.75,2.2
8,9,2.25,4,1.75,1.1666666666666667
9,9,3.2222222222222223,5,2.0,1.0
13,24,2.6923076923076925,5,2.75,2.0
9,10,3.2222222222222223,5,1.8,1.125
8,10,2.5,4,2.0,1.1428571428571428
8,8,2.125,3,2.0,1.0
7,9,1.8571428571428572,3,1.6666666666666667,1.0
6,6,1.3333333333333333,2,2.0,1.0
9,10,3.2222222222222223,5,2.0,1.0
10,19,2.5,4,2.4285714285714284,2.125
8,9,2.5,4,2.0,1.1428571428571428
6,6,1.3333333333333333,2,2.0,1.0
7,8,1.4285714285714286,2,3.0,1.0
11,25,2.8181818181818183,6,2.3333333333333335,2.625
9,9,1.7777777777777777,3,2.0,1.0
12,25,2.6666666666666665,5,2.5555555555555554,2.3
9,10,2.888888888888889,5,1.6,1.1428571428571428
8,10,2.75,5,1.8,1.2857142857142858
8,10,2.75,5,1.8,1.2857142857142858
8,8,2.625,4,2.3333333333333335,1.0
7,8,1.8571428571428572,3,2.5,1.25
9,9,2.888888888888889,5,1.75,1.0
7,8,2.7142857142857144,4,1.5,1.0
8,8,2.125,3,2.0,1.0
9,10,3.2222222222222223,5,2.0,1.0
6,8,2.0,4,1.0,1.0
7,11,2.7142857142857144,4,2.0,1.3333333333333333
8,9,2.5,4,2.0,1.1428571428571428
9,12,1.4444444444444444,2,4.0,1.0
7,8,1.8571428571428572,3,2.0,1.0
9,11,3.2222222222222223,5,1.8,1.125
8,10,2.75,5,1.8,1.2857142857142858
8,10,2.5,4,2.0,1.1428571428571428
9,10,3.2222222222222223,5,2.0,1.0
10,19,2.5,4,2.4285714285714284,2.125
8,11,2.875,5,1.5,1.2857142857142858
6,7,1.5,3,1.0,1.0
7,9,1.8571428571428572,3,2.5,1.25
11,27,2.4545454545454546,5,2.5,2.857142857142857
9,11,2.3333333333333335,4,2.0,1.1428571428571428
14,34,2.9285714285714284,5,3.5555555555555554,2.6666666666666665
7,8,1.8571428571428572,3,2.5,1.25
7,8,1.4285714285714286,2,3.0,1.0
9,10,3.2222222222222223,5,2.0,1.0
7,8,2.7142857142857144,4,1.5,1.0
7,11,2.857142857142857,5,1.8,1.5
8,10,2.75,5,1.8,1.2857142857142858
7,9,1.8571428571428572,3,2.5,1.25
9,9,2.888888888888889,5,1.75,1.0
9,10,1.4444444444444444,2,4.0,1.0
8,10,2.875,5,1.6,1.1428571428571428
6,6,1.3333333333333333,2,2.0,1.0
6,8,1.5,3,1.5,1.5
8,13,2.875,5,1.6666666666666667,1.4285714285714286
8,10,2.75,5,1.8,1.2857142857142858
9,10,3.2222222222222223,5,2.0,1.0
8,10,2.75,5,1.8,1.2857142857142858
8,10,2.75,5,1.8,1.2857142857142858
9,9,3.2222222222222223,5,2.0,1.0
8,8,2.625,4,2.3333333333333335,1.0
6,7,1.5,3,1.0,1.0
9,9,3.2222222222222223,5,2.0,1.0
8,10,2.5,4,2.0,1.1428571428571428
8,8,2.125,3,2.0,1.0
7,9,1.8571428571428572,3,1.6666666666666667,1.0
9,10,3.2222222222222223,5,2.0,1.0
8,11,2.25,4,1.6,1.3333333333333333
6,8,2.1666666666666665,4,1.3333333333333333,1.0
8,8,2.25,4,2.0,1.0
7,9,1.7142857142857142,3,2.0,1.0
9,10,3.2222222222222223,5,1.8,1.125
8,10,2.5,4,2.0,1.1428571428571428
8,9,2.125,3,2.0,1.0
7,9,1.8571428571428572,3,1.6666666666666667,1.0
6,7,1.5,3,1.5,1.5
9,9,3.2222222222222223,5,2.0,1.0
12,25,2.6666666666666665,4,3.2857142857142856,2.3
8,9,2.875,5,1.6,1.1428571428571428
7,8,1.7142857142857142,3,2.0,1.0
12,33,2.75,6,2.888888888888889,2.888888888888889
10,13,1.5,3,2.0,1.0
15,33,3.0,5,2.8,2.1538461538461537
8,8,2.125,3,2.0,1.0
7,9,1.8571428571428572,3,1.6666666666666667,1.0
9,10,2.888888888888889,5,1.75,1.0
8,8,2.625,4,2.3333333333333335,1.0
6,8,1.8333333333333333,3,2.0,1.3333333333333333
8,11,2.75,5,1.8,1.2857142857142858
9,11,3.2222222222222223,5,1.8,1.125
7,10,3.0,5,1.8,1.5
8,10,2.75,5,1.8,1.2857142857142858
7,8,1.7142857142857142,3,2.0,1.0
7,11,2.0,3,2.5,1.25
8,9,2.375,4,1.75,1.1666666666666667
10,13,2.3,4,2.25,1.2857142857142858
9,9,1.7777777777777777,3,2.5,1.0
14,31,2.7857142857142856,5,2.7777777777777777,2.0833333333333335
13,26,1.7692307692307692,3,4.666666666666667,2.0
15,33,3.1333333333333333,6,2.5833333333333335,2.3846153846153846
14,30,2.357142857142857,4,3.111111111111111,2.3333333333333335
13,22,2.230769230769231,4,3.4,1.8888888888888888
14,25,2.642857142857143,5,2.875,1.9166666666666667
14,27,2.357142857142857,4,3.125,2.0833333333333335
16,41,3.5,6,3.1666666666666665,2.7142857142857144
8,11,2.75,4,1.8,1.2857142857142858
13,28,2.769230769230769,5,3.25,2.3636363636363638
9,12,1.5555555555555556,3,1.6666666666666667,1.25
9,11,3.2222222222222223,5,1.8,1.125
10,19,2.5,4,2.4285714285714284,2.125
8,11,2.875,5,1.5,1.2857142857142858
7,8,1.8571428571428572,3,2.0,1.0
9,9,3.2222222222222223,5,2.0,1.0
8,9,2.875,5,1.6,1.1428571428571428
7,9,2.2857142857142856,4,2.0,1.2
8,10,2.75,5,1.8,1.2857142857142858
9,9,3.2222222222222223,5,2.0,1.0
8,9,2.875,5,1.6,1.1428571428571428
9,12,1.5555555555555556,3,1.6666666666666667,1.25
9,10,3.2222222222222223,5,2.0,1.0
8,9,2.75,4,2.6666666666666665,1.1428571428571428
8,9,2.5,4,2.0,1.1428571428571428
6,7,1.5,3,1.0,1.0
9,10,3.2222222222222223,5,2.0,1.0
9,12,1.7777777777777777,3,2.3333333333333335,1.4
8,9,2.875,5,1.6,1.1428571428571428
8,10,1.875,3,2.0,1.0
9,12,1.7777777777777777,4,1.25,1.25
8,10,2.75,5,1.8,1.2857142857142858
7,8,1.8571428571428572,3,2.0,1.0
7,8,1.1428571428571428,2,1.0,1.0
9,9,2.888888888888889,5,1.75,1.0
8,14,3.125,5,1.6666666666666667,1.4285714285714286
8,10,2.875,5,1.6,1.1428571428571428
8,13,2.875,5,1.6666666666666667,1.4285714285714286
7,10,1.7142857142857142,3,2.0,1.0
7,8,1.4285714285714286,2,3.0,1.0
9,10,3.2222222222222223,5,2.0,1.0
6,10,2.5,4,1.6666666666666667,1.25
9,12,1.7777777777777777,3,3.0,1.2
8,10,2.75,5,1.8,1.2857142857142858
8,8,2.625,4,2.3333333333333335,1.0
9,10,1.2222222222222223,2,1.5,1.5
8,10,2.25,4,1.75,1.1666666666666667
9,10,3.2222222222222223,5,2.0,1.0
7,9,2.4285714285714284,4,1.6,1.3333333333333333
8,10,2.875,5,1.6,1.1428571428571428
8,12,2.375,4,1.5,1.5
7,8,1.4285714285714286,2,3.0,1.0
7,8,1.4285714285714286,2,3.0,1.0
9,9,3.2222222222222223,5,2.0,1.0
8,9,2.5,4,2.0,1.1428571428571428
7,8,1.8571428571428572,3,2.0,1.0
9,9,3.2222222222222223,5,2.0,1.0
7,10,2.7142857142857144,4,1.75,1.1666666666666667
8,9,2.375,4,1.75,1.1666666666666667
7,8,1.8571428571428572,3,2.0,1.0
9,10,2.3333333333333335,4,2.0,1.1428571428571428
6,7,2.5,4,1.3333333333333333,1.0
8,9,2.625,4,2.3333333333333335,1.0
8,10,2.5,4,2.0,1.1428571428571428
9,10,3.2222222222222223,5,2.0,1.0
8,9,2.75,4,2.6666666666666665,1.1428571428571428
8,10,2.75,5,1.8,1.2857142857142858
9,10,3.2222222222222223,5,2.0,1.0
7,9,2.142857142857143,4,1.5,1.2
8,9,2.5,4,2.0,1.1428571428571428
8,10,2.5,4,1.6,1.1428571428571428
7,8,1.4285714285714286,3,1.0,1.0
10,21,2.4,5,1.8888888888888888,2.4285714285714284
9,11,1.5555555555555556,3,2.0,1.0
9,11,1.5555555555555556,3,2.0,1.0
15,25,1.7333333333333334,3,3.0,2.0
14,27,1.7142857142857142,3,4.0,2.0
13,25,2.1538461538461537,4,2.857142857142857,2.0
14,31,2.857142857142857,5,3.375,2.25
13,27,2.3076923076923075,4,2.875,2.090909090909091
14,43,3.2142857142857144,6,3.25,3.25
14,34,2.642857142857143,5,2.9,2.6363636363636362
14,30,2.857142857142857,5,2.5454545454545454,2.3333333333333335
13,23,2.769230769230769,5,3.3333333333333335,1.8181818181818181
14,42,3.0,5,3.1818181818181817,2.9166666666666665
9,12,2.6666666666666665,4,2.0,1.25
14,32,2.857142857142857,5,3.3333333333333335,2.5
8,10,2.5,4,2.0,1.1428571428571428
8,13,2.25,4,1.6,1.3333333333333333
9,9,3.2222222222222223,5,2.0,1.0
8,10,2.875,5,1.6,1.1428571428571428
6,6,1.3333333333333333,2,2.0,1.0
9,9,3.2222222222222223,5,2.0,1.0
10,17,3.4,6,2.3333333333333335,1.5555555555555556
8,10,2.75,5,1.8,1.2857142857142858
6,7,1.5,3,1.5,1.5
9,11,2.4444444444444446,4,2.25,1.125
9,9,3.2222222222222223,5,2.0,1.0
9,13,1.7777777777777777,3,3.0,1.2
8,8,2.625,4,2.3333333333333335,1.0
7,9,1.4285714285714286,2,3.0,1.0
6,7,1.5,3,1.0,1.0
8,10,2.75,5,1.8,1.2857142857142858
7,9,1.4285714285714286,2,3.0,1.0
8,10,2.5,4,2.0,1.1428571428571428
9,9,3.2222222222222223,5,2.0,1.0
9,12,1.7777777777777777,3,3.0,1.2
8,9,2.875,5,1.6,1.1428571428571428
8,14,2.25,4,2.3333333333333335,1.4
9,12,1.6666666666666667,3,1.6666666666666667,1.25
7,10,3.2857142857142856,5,1.8,1.5
7,9,1.8571428571428572,3,2.5,1.25
9,9,3.2222222222222223,5,2.0,1.0
8,10,2.875,5,1.6,1.1428571428571428
9,11,1.5555555555555556,3,2.5,1.25
9,9,3.2222222222222223,5,2.0,1.0
7,10,2.857142857142857,5,1.8,1.5
8,9,2.5,4,2.0,1.1428571428571428
6,7,1.5,3,1.0,1.0
9,11,3.2222222222222223,5,1.8,1.125
6,8,2.3333333333333335,4,1.6666666666666667,1.25
7,8,2.857142857142857,4,1.75,1.1666666666666667
9,11,1.5555555555555556,3,2.0,1.5
8,9,2.375,4,1.75,1.1666666666666667
6,8,1.8333333333333333,3,2.0,1.3333333333333333
7,9,1.8571428571428572,3,2.5,1.25
8,9,2.875,5,1.6,1.1428571428571428
16,53,2.75,5,4.545454545454546,3.8461538461538463
8,9,3.125,5,1.6,1.1428571428571428
9,11,1.5555555555555556,3,2.0,1.5
6,8,1.8333333333333333,3,2.0,1.3333333333333333
8,8,2.625,4,2.3333333333333335,1.0
8,10,2.5,4,2.0,1.1428571428571428
8,12,2.25,4,1.5,1.5
9,11,2.6666666666666665,4,2.25,1.125
8,8,2.625,4,2.3333333333333335,1.0
8,9,2.25,4,1.6666666666666667,1.0
8,9,1.875,3,2.0,1.0
8,10,2.75,5,1.8,1.2857142857142858
9,11,1.3333333333333333,2,3.0,1.0
7,8,1.8571428571428572,3,2.0,1.0
9,11,3.2222222222222223,5,1.8,1.125
8,9,2.75,4,2.6666666666666665,1.1428571428571428
8,9,2.5,4,2.0,1.1428571428571428
6,8,1.5,3,1.5,1.5
9,11,3.2222222222222223,5,1.8,1.125
6,9,2.5,4,1.3333333333333333,1.0
8,10,2.75,5,1.8,1.2857142857142858
6,6,1.3333333333333333,2,2.0,1.0
9,14,3.0,5,2.2,1.375
8,9,2.5,4,2.0,1.1428571428571428
8,12,1.875,3,2.5,1.25
8,9,2.25,4,1.4,1.1666666666666667
11,25,2.727272727272727,6,2.3333333333333335,2.625
10,12,1.5,3,2.0,1.0
9,10,1.5555555555555556,3,2.0,1.0
14,24,1.7857142857142858,4,3.0,2.25
14,27,2.5,5,3.0,1.9090909090909092
13,23,1.9230769230769231,4,2.375,2.111111111111111
14,35,3.142857142857143,6,2.75,2.75
14,31,2.142857142857143,4,2.888888888888889,2.6
14,27,2.4285714285714284,4,2.875,1.9166666666666667
14,37,3.142857142857143,6,2.8333333333333335,2.8333333333333335
13,28,2.6153846153846154,5,2.3636363636363638,2.3636363636363638
15,46,3.1333333333333333,5,3.3636363636363638,2.8461538461538463
9,11,2.6666666666666665,4,2.0,1.25
13,29,2.6923076923076925,5,2.7,2.4545454545454546
9,9,3.2222222222222223,5,2.0,1.0
7,7,2.7142857142857144,4,1.5,1.0
7,11,2.857142857142857,5,1.8,1.5
8,8,2.125,3,2.0,1.0
8,11,2.0,4,1.5,1.2
6,7,1.5,3,1.0,1.0
8,8,2.25,4,2.0,1.0
7,8,1.8571428571428572,3,2.5,1.25
7,9,1.4285714285714286,2,3.0,1.0
9,10,3.2222222222222223,5,1.8,1.125
7,8,2.7142857142857144,4,1.5,1.0
8,10,2.75,4,2.6666666666666665,1.1428571428571428
8,8,2.25,4,2.0,1.0
7,9,1.8571428571428572,3,2.5,1.25
9,10,1.2222222222222223,2,1.5,1.5
7,8,1.1428571428571428,2,1.0,1.0
8,11,2.25,4,1.75,1.1666666666666667
9,10,3.2222222222222223,5,2.0,1.0
12,21,2.3333333333333335,4,2.7142857142857144,1.9
8,8,2.5,4,2.3333333333333335,1.0
9,11,1.7777777777777777,3,2.5,1.0
7,9,1.8571428571428572,3,2.5,1.25
8,9,2.5,4,2.0,1.1428571428571428
8,9,2.375,4,1.75,1.1666666666666667
6,6,1.3333333333333333,2,2.0,1.0
9,10,3.2222222222222223,5,2.0,1.0
14,29,2.4285714285714284,4,3.0,2.0
6,8,1.8333333333333333,3,2.0,1.3333333333333333
8,10,2.75,5,1.8,1.2857142857142858
8,9,2.25,4,1.75,1.1666666666666667
8,9,2.5,4,2.0,1.1428571428571428
8,10,2.875,5,1.6,1.1428571428571428
11,27,2.8181818181818183,6,2.3333333333333335,2.625
10,12,1.5,3,2.0,1.0
14,33,3.2142857142857144,6,2.9,2.4166666666666665
7,9,2.7142857142857144,5,1.6,1.3333333333333333
7,7,1.4285714285714286,2,3.0,1.0
8,11,1.875,3,2.0,1.0
8,10,2.875,5,1.6,1.1428571428571428
8,9,2.25,4,1.75,1.1666666666666667
8,10,2.75,5,1.8,1.2857142857142858
8,11,2.75,5,2.0,1.1428571428571428
9,10,3.2222222222222223,5,2.0,1.0
9,9,1.7777777777777777,3,2.5,1.0
8,10,2.875,5,1.6,1.1428571428571428
8,9,2.375,4,1.75,1.1666666666666667
7,7,1.4285714285714286,2,3.0,1.0
9,9,3.2222222222222223,5,2.0,1.0
13,30,2.6923076923076925,5,2.6,2.3636363636363638
8,8,2.625,4,2.3333333333333335,1.0
7,7,2.142857142857143,4,1.6666666666666667,1.0
9,15,1.7777777777777777,3,2.75,2.2
8,9,2.5,4,2.0,1.1428571428571428
8,11,2.875,5,1.8,1.2857142857142858
11,30,2.8181818181818183,6,2.3,2.875
11,13,1.4545454545454546,3,2.0,1.0
14,31,2.4285714285714284,4,2.5,2.0833333333333335
8,13,2.875,5,1.6666666666666667,1.4285714285714286
7,8,1.8571428571428572,3,2.0,1.0
8,12,2.25,4,1.6,1.3333333333333333
8,8,3.125,5,1.75,1.0
9,9,1.7777777777777777,3,2.5,1.0
8,10,2.75,5,1.8,1.2857142857142858
7,8,1.8571428571428572,3,2.5,1.25
7,9,1.8571428571428572,3,2.5,1.25
7,9,1.4285714285714286,2,3.0,1.0
8,10,2.75,5,1.8,1.2857142857142858
9,9,2.888888888888889,5,1.75,1.0
6,9,2.5,4,1.3333333333333333,1.0
8,9,2.5,4,2.0,1.1428571428571428
6,7,1.5,3,1.5,1.5
8,10,2.25,4,1.75,1.1666666666666667
9,10,3.2222222222222223,5,1.8,1.125
8,9,2.75,5,1.6,1.1428571428571428
7,8,2.857142857142857,4,1.75,1.1666666666666667
7,9,1.8571428571428572,3,2.5,1.25
7,9,1.8571428571428572,3,2.5,1.25
8,9,2.5,4,2.0,1.1428571428571428
7,9,1.8571428571428572,3,2.5,1.25
9,10,1.2222222222222223,2,1.5,1.5
7,9,1.4285714285714286,3,1.0,1.0
9,10,3.2222222222222223,5,1.8,1.125
8,10,2.5,4,2.0,1.1428571428571428
8,8,2.125,3,2.0,1.0
7,9,1.8571428571428572,3,1.6666666666666667,1.0
9,10,3.2222222222222223,5,1.8,1.125
7,10,2.4285714285714284,4,1.6,1.3333333333333333
8,11,2.75,5,1.6666666666666667,1.4285714285714286
7,9,1.8571428571428572,3,2.5,1.25
8,12,2.25,4,2.3333333333333335,1.4
8,10,2.0,3,3.0,1.2
9,10,2.888888888888889,5,1.6,1.1428571428571428
8,10,2.875,5,1.6,1.1428571428571428
6,6,1.5,3,1.0,1.0
9,11,3.2222222222222223,5,1.8,1.125
8,8,2.5,4,2.3333333333333335,1.0
7,8,1.8571428571428572,3,2.5,1.25
9,9,2.888888888888889,5,1.75,1.0
9,10,1.7777777777777777,3,2.5,1.0
8,10,2.875,5,1.5,1.2857142857142858
8,10,2.75,5,1.8,1.2857142857142858
7,8,1.4285714285714286,2,3.0,1.0
11,26,2.4545454545454546,5,2.5,2.857142857142857
9,10,3.2222222222222223,5,2.0,1.0
8,8,2.625,4,2.3333333333333335,1.0
7,8,1.8571428571428572,3,2.5,1.25
7,8,1.4285714285714286,2,3.0,1.0
9,10,3.2222222222222223,5,2.0,1.0
11,21,2.6363636363636362,4,2.7142857142857144,2.111111111111111
8,10,2.75,5,1.8,1.2857142857142858
9,10,3.2222222222222223,5,1.8,1.125
15,36,3.066666666666667,5,3.4,2.6153846153846154
8,10,2.875,5,1.5,1.2857142857142858
8,9,2.5,4,2.0,1.1428571428571428
8,11,1.875,3,2.0,1.0
9,11,1.4444444444444444,3,1.3333333333333333,1.3333333333333333
8,11,2.75,5,2.0,1.1428571428571428
9,10,2.888888888888889,5,1.6,1.1428571428571428
7,7,2.7142857142857144,4,1.5,1.0
7,10,2.857142857142857,5,1.8,1.5
8,8,2.125,3,2.0,1.0
8,10,1.75,3,1.6666666666666667,1.0
12,28,2.25,4,3.142857142857143,3.142857142857143
6,7,1.5,3,1.5,1.5
7,8,1.8571428571428572,3,2.0,1.0
9,10,3.2222222222222223,5,2.0,1.0
10,19,2.5,4,2.4285714285714284,2.125
8,10,2.75,5,1.8,1.2857142857142858
6,7,1.5,3,1.0,1.0
7,8,1.8571428571428572,3,2.0,1.0
8,10,2.25,4,1.75,1.1666666666666667
9,11,2.6666666666666665,4,2.25,1.125
13,32,2.6923076923076925,4,3.2222222222222223,2.6363636363636362
8,8,2.125,3,2.0,1.0
9,10,3.2222222222222223,5,1.8,1.125
8,8,2.625,4,2.3333333333333335,1.0
7,8,1.8571428571428572,3,2.5,1.25
6,6,1.5,3,1.0,1.0
7,9,1.8571428571428572,3,1.6666666666666667,1.0
8,10,2.75,5,1.8,1.2857142857142858
6,7,1.3333333333333333,2,2.0,1.0
9,10,3.2222222222222223,5,2.0,1.0
8,9,2.875,5,1.6,1.1428571428571428
7,8,1.8571428571428572,3,2.0,1.0
7,9,1.8571428571428572,3,2.5,1.25
8,10,2.75,5,1.8,1.2857142857142858
6,7,1.3333333333333333,2,2.0,1.0
9,10,3.2222222222222223,5,2.0,1.0
11,21,2.4545454545454546,4,2.7142857142857144,2.111111111111111
8,11,2.875,5,1.5,1.2857142857142858
6,7,1.5,3,1.0,1.0
8,9,2.5,4,2.0,1.1428571428571428
7,9,1.8571428571428572,3,2.5,1.25
8,10,2.75,5,1.8,1.2857142857142858
7,8,1.1428571428571428,2,1.0,1.0
6,7,1.1666666666666667,2,1.0,1.0
11,25,2.8181818181818183,6,2.5,2.5
9,10,1.7777777777777777,3,2.0,1.0
12,25,2.5,4,2.857142857142857,2.0
7,9,2.2857142857142856,4,1.75,1.4
6,6,1.3333333333333333,2,2.0,1.0
8,13,2.375,4,1.5,1.5
9,12,1.7777777777777777,3,2.5,1.0
12,30,2.5833333333333335,5,3.0,3.0
6,7,1.5,3,1.0,1.0
7,8,1.8571428571428572,3,2.0,1.0
9,10,2.888888888888889,5,1.6,1.1428571428571428
7,8,2.7142857142857144,4,1.5,1.0
7,10,2.2857142857142856,4,1.75,1.4
8,8,2.125,3,2.0,1.0
7,10,2.142857142857143,4,1.5,1.2
8,11,2.25,4,1.6,1.3333333333333333
9,9,3.2222222222222223,5,2.0,1.0
8,10,2.75,5,1.8,1.2857142857142858
8,8,2.625,4,2.3333333333333335,1.0
7,8,1.4285714285714286,2,3.0,1.0
8,9,2.5,4,2.0,1.1428571428571428
8,12,1.875,3,2.5,1.25
8,11,2.75,5,1.8,1.2857142857142858
10,22,2.4,5,2.0,2.5714285714285716
10,12,1.5,3,2.0,1.0
13,36,2.769230769230769,5,3.1,2.8181818181818183
9,13,1.5555555555555556,3,2.5,1.25
7,7,3.142857142857143,5,1.5,1.0
7,8,2.7142857142857144,4,1.5,1.0
7,9,2.2857142857142856,4,1.75,1.4
8,8,2.125,3,2.0,1.0
7,9,1.8571428571428572,3,1.6666666666666667,1.0
9,10,3.2222222222222223,5,2.0,1.0
7,9,2.7142857142857144,4,1.75,1.1666666666666667
8,10,2.75,5,1.8,1.2857142857142858
9,11,1.7777777777777777,3,2.5,1.0
7,9,1.4285714285714286,2,3.0,1.0
8,10,2.75,5,1.8,1.2857142857142858
8,12,1.875,3,2.5,1.25
7,9,1.8571428571428572,3,2.5,1.25
14,38,2.7857142857142856,5,3.4444444444444446,3.1
6,8,1.5,3,1.0,1.0
7,9,1.8571428571428572,3,2.5,1.25
9,10,3.2222222222222223,5,1.8,1.125
8,9,2.875,5,1.6,1.1428571428571428
6,8,1.8333333333333333,3,2.0,1.3333333333333333
9,9,3.2222222222222223,5,2.0,1.0
8,13,2.5,4,1.6666666666666667,1.4285714285714286
8,9,2.375,4,1.75,1.1666666666666667
6,8,2.0,4,1.0,1.0
7,9,1.8571428571428572,3,2.5,1.25
9,9,3.2222222222222223,5,2.0,1.0
8,10,2.875,5,1.6,1.1428571428571428
7,8,1.8571428571428572,3,2.5,1.25
7,8,1.7142857142857142,3,2.0,1.0
8,9,2.5,4,2.0,1.1428571428571428
7,9,1.7142857142857142,3,2.0,1.0
7,9,1.4285714285714286,2,3.0,1.0
8,9,2.5,4,2.0,1.1428571428571428
8,11,2.75,5,1.6666666666666667,1.4285714285714286
8,11,2.75,5,1.8,1.2857142857142858
17,59,2.764705882352941,5,4.666666666666667,4.0
10,12,1.7,3,2.5,1.0
10,12,1.7,3,2.5,1.0
14,23,1.6428571428571428,3,2.6666666666666665,2.0
14,30,2.0,4,2.6666666666666665,2.6666666666666665
14,29,2.7857142857142856,5,3.125,2.0833333333333335
13,25,2.3846153846153846,4,3.8,2.111111111111111
12,21,2.0,3,3.2,1.7777777777777777
14,27,2.357142857142857,4,2.5555555555555554,1.9166666666666667
14,26,2.4285714285714284,4,3.5,1.75
14,24,2.4285714285714284,4,3.5,1.75
14,23,2.357142857142857,4,3.5,1.75
15,38,3.066666666666667,5,2.8333333333333335,2.6153846153846154
10,13,2.9,5,2.2,1.2222222222222223
13,25,2.769230769230769,5,2.5555555555555554,2.090909090909091
8,9,2.375,4,2.3333333333333335,1.1666666666666667
8,10,2.75,5,1.8,1.2857142857142858
7,8,1.8571428571428572,3,2.5,1.25
9,10,3.2222222222222223,5,2.0,1.0
7,9,2.7142857142857144,4,1.75,1.1666666666666667
8,9,2.75,4,2.6666666666666665,1.1428571428571428
8,12,2.25,4,1.3333333333333333,1.3333333333333333
6,7,1.5,3,1.0,1.0
12,27,2.6666666666666665,6,2.5555555555555554,2.5555555555555554
9,9,1.7777777777777777,3,2.0,1.0
15,34,2.8666666666666667,5,2.8181818181818183,2.3846153846153846
8,8,2.625,4,2.3333333333333335,1.0
9,11,1.5555555555555556,3,2.0,1.5
7,8,1.8571428571428572,3,2.0,1.0
8,9,2.5,4,2.0,1.1428571428571428
6,8,1.5,3,1.0,1.0
7,8,1.8571428571428572,3,2.0,1.0
8,9,2.625,4,2.3333333333333335,1.0
9,9,2.888888888888889,5,1.75,1.0
8,9,2.5,4,2.0,1.1428571428571428
6,7,1.5,3,1.0,1.0
9,9,2.888888888888889,5,1.75,1.0
6,8,2.0,4,1.0,1.0
8,9,2.625,4,2.3333333333333335,1.0
9,11,1.7777777777777777,3,2.5,1.0
8,9,2.25,4,1.4,1.1666666666666667
8,10,2.25,4,1.75,1.1666666666666667
9,11,3.2222222222222223,5,1.8,1.125
7,7,2.7142857142857144,4,1.5,1.0
8,9,2.625,4,2.3333333333333335,1.0
7,8,1.4285714285714286,2,3.0,1.0
9,10,1.4444444444444444,3,1.5,1.0
8,9,2.5,4,2.0,1.1428571428571428
7,9,1.8571428571428572,3,2.5,1.25
10,11,1.2,2,2.0,1.0
9,10,3.2222222222222223,5,2.0,1.0
8,11,2.5,4,2.0,1.4285714285714286
8,9,2.5,4,2.0,1.1428571428571428
7,8,1.8571428571428572,3,2.0,1.0
7,9,1.8571428571428572,3,2.5,1.25
9,11,3.2222222222222223,5,1.8,1.125
7,8,2.7142857142857144,4,1.5,1.0
7,12,2.857142857142857,5,1.8,1.5
8,10,2.75,5,1.8,1.2857142857142858
9,11,2.6666666666666665,4,2.0,1.0
7,11,2.4285714285714284,4,1.4,1.1666666666666667
8,10,2.75,5,1.8,1.2857142857142858
8,13,2.25,4,2.0,1.2
8,11,2.75,5,1.8,1.2857142857142858
8,9,2.5,4,2.0,1.1428571428571428
9,16,3.111111111111111,5,2.4,1.5
8,9,2.5,4,2.0,1.1428571428571428
7,9,1.8571428571428572,3,2.5,1.25
10,12,1.2,2,2.0,1.0
9,10,3.2222222222222223,5,2.0,1.0
9,12,1.7777777777777777,3,3.0,1.2
8,9,2.625,4,2.3333333333333335,1.0
7,8,1.8571428571428572,3,2.0,1.0
7,9,1.8571428571428572,3,2.5,1.25
8,9,2.25,4,1.4,1.1666666666666667
6,7,1.3333333333333333,2,2.0,1.0
9,10,3.2222222222222223,5,2.0,1.0
8,9,2.875,5,1.6,1.1428571428571428
9,12,1.5555555555555556,3,2.5,1.25
9,10,3.2222222222222223,5,2.0,1.0
8,8,2.625,4,2.3333333333333335,1.0
9,9,3.2222222222222223,5,2.0,1.0
8,10,2.0,4,1.4,1.4
8,10,2.75,5,1.8,1.2857142857142858
8,14,2.25,4,2.3333333333333335,1.4
8,10,2.75,5,1.8,1.2857142857142858
8,9,2.5,4,2.0,1.1428571428571428
7,8,1.8571428571428572,3,2.0,1.0
9,12,1.4444444444444444,2,4.0,1.0
8,12,2.375,4,1.5,1.5
7,9,1.4285714285714286,2,3.0,1.0
9,9,3.2222222222222223,5,2.0,1.0
6,8,2.0,4,1.0,1.0
8,8,2.125,3,2.0,1.0
7,9,1.8571428571428572,3,2.5,1.25
11,27,2.8181818181818183,6,2.3333333333333335,2.625
10,12,1.5,3,2.0,1.0
9,11,1.5555555555555556,3,2.0,1.0
15,23,1.4666666666666666,2,6.5,1.8571428571428572
13,23,1.8461538461538463,4,3.4,2.125
13,29,2.5384615384615383,6,2.5555555555555554,2.3
13,24,1.8461538461538463,4,2.8333333333333335,2.125
13,23,2.4615384615384617,4,3.3333333333333335,2.0
14,39,3.142857142857143,6,3.1818181818181817,2.9166666666666665
14,31,2.642857142857143,4,3.25,2.1666666666666665
14,25,2.5,4,3.2857142857142856,1.9166666666666667
15,42,3.066666666666667,5,3.1818181818181817,2.6923076923076925
9,13,2.6666666666666665,4,2.0,1.25
14,36,2.7142857142857144,5,2.8333333333333335,2.8333333333333335
7,8,1.8571428571428572,3,2.5,1.25
7,8,1.4285714285714286,2,3.0,1.0
9,9,3.2222222222222223,5,2.0,1.0
7,9,2.4285714285714284,4,1.6,1.3333333333333333
7,9,2.2857142857142856,4,1.75,1.4
8,9,2.625,4,2.3333333333333335,1.0
7,9,1.8571428571428572,3,2.5,1.25
9,9,3.2222222222222223,5,2.0,1.0
8,10,2.875,5,1.6,1.1428571428571428
9,12,1.7777777777777777,3,2.3333333333333335,1.4
9,10,3.2222222222222223,5,1.8,1.125
7,10,2.857142857142857,5,1.8,1.5
8,9,2.5,4,2.0,1.1428571428571428
8,10,2.25,4,1.75,1.1666666666666667
11,29,2.909090909090909,6,2.4444444444444446,2.75
10,13,1.6,3,2.0,1.0
8,10,1.5,3,1.5,1.0
17,59,2.764705882352941,5,4.666666666666667,4.0
10,12,1.7,3,2.5,1.0
9,11,1.7777777777777777,3,2.5,1.0
14,24,1.5714285714285714,3,3.25,1.8571428571428572
13,22,1.6153846153846154,3,3.0,1.7142857142857142
12,23,2.0,3,2.5714285714285716,2.0
12,21,2.3333333333333335,4,2.5714285714285716,1.8
13,24,2.4615384615384617,5,3.0,1.9090909090909092
13,23,2.230769230769231,4,3.0,1.9090909090909092
15,40,3.0,5,2.8333333333333335,2.6153846153846154
9,12,2.6666666666666665,4,2.0,1.25
15,35,2.2666666666666666,4,2.75,2.5384615384615383
8,8,2.625,4,2.3333333333333335,1.0
6,7,1.5,3,1.5,1.5
9,11,1.4444444444444444,3,1.3333333333333333,1.3333333333333333
8,12,2.25,4,1.5,1.5
8,8,3.125,5,1.75,1.0
12,24,2.3333333333333335,4,2.3333333333333335,2.1
8,10,2.75,5,1.8,1.2857142857142858
7,8,1.8571428571428572,3,2.0,1.0
6,8,1.5,3,1.5,1.5
8,12,2.375,4,1.5,1.5
8,12,1.875,3,2.5,1.25
7,9,1.8571428571428572,3,2.5,1.25
8,9,2.5,4,2.0,1.1428571428571428
8,9,2.375,4,1.75,1.1666666666666667
11,26,2.4545454545454546,5,2.7142857142857144,2.7142857142857144
9,9,2.888888888888889,5,1.75,1.0
6,7,1.5,3,1.0,1.0
8,11,2.75,4,2.6666666666666665,1.1428571428571428
8,10,2.75,5,1.8,1.2857142857142858
9,10,2.888888888888889,5,1.6,1.1428571428571428
6,7,1.5,3,1.0,1.0
8,9,2.625,4,2.3333333333333335,1.0
8,10,2.5,4,2.0,1.1428571428571428
6,7,1.5,3,1.0,1.0
9,9,2.888888888888889,5,1.75,1.0
6,7,1.5,3,1.0,1.0
8,11,2.75,4,2.6666666666666665,1.1428571428571428
8,10,2.75,5,1.8,1.2857142857142858
13,31,2.769230769230769,5,2.7777777777777777,2.7777777777777777
7,9,1.4285714285714286,2,3.0,1.0
7,10,1.4285714285714286,2,3.0,1.0
9,9,2.888888888888889,5,1.75,1.0
6,10,2.5,4,1.6666666666666667,1.25
8,10,2.75,5,1.8,1.2857142857142858
8,10,2.75,5,1.8,1.2857142857142858
9,10,3.2222222222222223,5,2.0,1.0
7,8,2.7142857142857144,4,1.5,1.0
8,11,2.75,4,2.6666666666666665,1.1428571428571428
8,10,2.75,5,1.8,1.2857142857142858
8,10,2.5,4,1.6,1.1428571428571428
9,12,2.6666666666666665,4,2.25,1.125
7,10,2.857142857142857,5,1.8,1.5
8,8,2.25,4,2.0,1.0
7,9,1.8571428571428572,3,2.5,1.25
9,12,1.3333333333333333,2,2.0,1.3333333333333333
14,36,2.5714285714285716,5,3.5,3.111111111111111
7,8,1.4285714285714286,2,3.0,1.0
9,10,3.2222222222222223,5,2.0,1.0
9,13,1.7777777777777777,3,3.0,1.2
8,9,2.5,4,2.0,1.1428571428571428
6,6,1.3333333333333333,2,2.0,1.0
7,9,1.4285714285714286,3,1.5,1.5
7,8,1.8571428571428572,3,2.0,1.0
11,27,2.909090909090909,6,2.4444444444444446,2.75
9,10,1.5555555555555556,3,2.0,1.0
9,11,1.5555555555555556,3,2.0,1.0
15,38,3.2,6,3.6666666666666665,2.5384615384615383
14,19,1.6428571428571428,3,3.0,1.5
14,31,2.857142857142857,5,3.2222222222222223,2.4166666666666665
13,23,2.769230769230769,5,3.3333333333333335,1.8181818181818181
14,23,2.4285714285714284,4,4.2,1.75
14,25,2.5,4,3.2857142857142856,1.9166666666666667
15,44,3.066666666666667,5,3.0,2.769230769230769
9,13,2.6666666666666665,4,2.0,1.25
13,28,2.769230769230769,5,3.25,2.3636363636363638
6,6,1.5,3,1.0,1.0
9,9,3.2222222222222223,5,2.0,1.0
7,7,2.7142857142857144,4,1.5,1.0
7,9,2.7142857142857144,4,1.75,1.1666666666666667
8,9,2.5,4,2.0,1.1428571428571428
6,7,1.5,3,1.0,1.0
9,10,3.2222222222222223,5,2.0,1.0
8,10,2.5,4,2.0,1.1428571428571428
8,8,2.125,3,2.0,1.0
7,9,1.8571428571428572,3,1.6666666666666667,1.0
6,6,1.3333333333333333,2,2.0,1.0
9,9,3.2222222222222223,5,2.0,1.0
6,10,3.1666666666666665,5,1.25,1.0
9,11,1.4444444444444444,2,2.5,1.25
8,10,2.75,5,1.8,1.2857142857142858
8,10,2.75,5,1.8,1.2857142857142858
7,8,1.4285714285714286,2,3.0,1.0
8,9,2.5,4,2.0,1.1428571428571428
7,9,1.8571428571428572,3,2.5,1.25
9,10,1.2222222222222223,2,2.0,1.0
11,28,2.909090909090909,6,2.4444444444444446,2.75
9,9,1.7777777777777777,3,2.0,1.0
7,10,2.7142857142857144,4,1.75,1.1666666666666667
8,9,2.625,4,2.3333333333333335,1.0
8,10,2.5,4,2.0,1.1428571428571428
8,12,2.25,4,1.6,1.3333333333333333
9,10,3.2222222222222223,5,2.0,1.0
7,9,2.7142857142857144,4,1.75,1.1666666666666667
7,12,2.857142857142857,5,1.8,1.5
8,10,2.75,5,1.8,1.2857142857142858
7,9,1.8571428571428572,3,2.5,1.25
8,11,2.25,4,1.75,1.1666666666666667
9,9,2.888888888888889,5,1.75,1.0
9,11,1.7777777777777777,3,2.5,1.0
8,10,2.875,5,1.6,1.1428571428571428
8,9,2.375,4,1.75,1.1666666666666667
7,7,1.4285714285714286,2,3.0,1.0
9,9,3.2222222222222223,5,2.0,1.0
7,9,2.7142857142857144,4,1.75,1.1666666666666667
8,9,2.5,4,2.0,1.1428571428571428
9,13,1.5555555555555556,3,2.5,1.25
7,9,1.8571428571428572,3,2.5,1.25
7,9,1.8571428571428572,3,2.5,1.25
9,10,3.2222222222222223,5,2.0,1.0
8,9,2.875,5,1.75,1.0
8,12,2.375,4,1.5,1.5
6,8,1.8333333333333333,3,2.0,1.3333333333333333
9,9,3.2222222222222223,5,2.0,1.0
9,12,1.7777777777777777,3,2.3333333333333335,1.4
8,8,2.625,4,2.3333333333333335,1.0
6,8,1.8333333333333333,3,2.0,1.3333333333333333
8,8,2.625,4,2.3333333333333335,1.0
8,10,2.125,4,2.3333333333333335,1.4
8,11,1.875,3,3.0,1.5
8,10,2.75,5,1.8,1.2857142857142858
9,10,2.888888888888889,5,1.6,1.1428571428571428
8,9,2.875,5,1.6,1.1428571428571428
7,8,1.8571428571428572,3,2.5,1.25
9,9,2.888888888888889,5,1.75,1.0
9,11,2.4444444444444446,4,2.25,1.125
8,9,2.625,4,1.75,1.1666666666666667
7,9,1.8571428571428572,3,1.6666666666666667,1.0
6,7,1.5,3,1.5,1.5
9,10,3.2222222222222223,5,2.0,1.0
8,12,2.75,5,1.6666666666666667,1.6666666666666667
6,8,1.8333333333333333,3,2.0,1.3333333333333333
8,8,2.625,4,2.3333333333333335,1.0
9,11,1.3333333333333333,2,3.0,1.0
7,8,1.8571428571428572,3,2.0,1.0
9,11,2.4444444444444446,4,2.25,1.125
9,10,2.888888888888889,5,1.6,1.1428571428571428
7,9,2.4285714285714284,4,1.6,1.3333333333333333
8,9,2.5,4,2.0,1.1428571428571428
7,8,1.8571428571428572,3,2.0,1.0
7,8,1.8571428571428572,3,2.5,1.25
8,10,2.75,5,1.8,1.2857142857142858
6,7,1.3333333333333333,2,2.0,1.0
14,35,2.7857142857142856,5,3.2222222222222223,2.9
7,7,1.2857142857142858,2,2.0,1.0
9,10,3.2222222222222223,5,2.0,1.0
8,9,2.75,4,2.6666666666666665,1.1428571428571428
8,9,2.5,4,2.0,1.1428571428571428
7,8,1.4285714285714286,2,3.0,1.0
8,9,2.25,4,1.4,1.1666666666666667
11,27,2.909090909090909,6,2.4444444444444446,2.75
9,11,2.0,3,3.0,1.0
15,34,2.6666666666666665,4,3.0,2.076923076923077
7,9,2.7142857142857144,5,1.4,1.1666666666666667
7,8,1.8571428571428572,3,2.0,1.0
8,8,3.125,5,1.75,1.0
13,31,2.769230769230769,5,2.9,2.6363636363636362
9,10,2.888888888888889,5,1.6,1.1428571428571428
8,9,2.75,4,2.6666666666666665,1.1428571428571428
8,8,2.25,4,2.0,1.0
9,19,3.2222222222222223,6,1.875,1.875
8,9,2.25,4,1.4,1.1666666666666667
9,11,3.2222222222222223,5,1.8,1.125
9,11,1.7777777777777777,3,2.0,1.2
8,9,2.625,4,2.3333333333333335,1.0
8,10,1.875,3,2.0,1.0
8,9,2.25,4,1.4,1.1666666666666667
7,8,1.4285714285714286,2,3.0,1.0
9,9,3.2222222222222223,5,2.0,1.0
8,8,2.5,4,2.3333333333333335,1.0
7,8,1.8571428571428572,3,2.0,1.0
9,9,3.2222222222222223,5,2.0,1.0
7,9,2.4285714285714284,4,1.6,1.3333333333333333
8,9,2.5,4,2.0,1.1428571428571428
7,8,1.8571428571428572,3,2.0,1.0
7,9,1.8571428571428572,3,2.5,1.25
9,10,3.2222222222222223,5,2.0,1.0
8,8,2.625,4,2.3333333333333335,1.0
9,9,3.2222222222222223,5,2.0,1.0
8,15,3.25,5,2.0,1.7142857142857142
8,8,2.625,4,2.3333333333333335,1.0
6,6,1.3333333333333333,2,2.0,1.0
7,8,1.4285714285714286,2,3.0,1.0
9,10,3.2222222222222223,5,2.0,1.0
8,9,2.875,5,1.6,1.1428571428571428
9,11,1.7777777777777777,3,3.0,1.2
9,9,3.2222222222222223,5,2.0,1.0
7,7,2.7142857142857144,4,1.5,1.0
8,10,2.75,5,1.8,1.2857142857142858
7,8,1.8571428571428572,3,2.5,1.25
11,26,2.8181818181818183,6,2.5,2.5
9,11,1.5555555555555556,3,2.0,1.0
15,39,3.466666666666667,6,3.3333333333333335,2.5
14,39,2.9285714285714284,5,3.5,2.9166666666666665
8,9,2.5,4,2.0,1.1428571428571428
6,6,1.5,3,1.0,1.0
8,10,2.625,4,2.0,1.0
8,8,2.5,4,2.3333333333333335,1.0
7,8,1.8571428571428572,3,2.5,1.25
9,9,2.888888888888889,5,1.75,1.0
8,10,2.75,5,1.8,1.2857142857142858
8,10,2.5,4,2.0,1.1428571428571428
9,10,3.2222222222222223,5,2.0,1.0
8,9,2.75,4,2.6666666666666665,1.1428571428571428
8,10,2.75,5,1.8,1.2857142857142858
8,8,2.25,4,2.0,1.0
7,8,1.4285714285714286,2,3.0,1.0
9,10,3.2222222222222223,5,2.0,1.0
7,8,2.7142857142857144,4,1.5,1.0
8,8,2.125,3,2.0,1.0
9,10,3.2222222222222223,5,2.0,1.0
8,11,2.25,4,1.6,1.3333333333333333
8,9,2.375,4,1.75,1.1666666666666667
9,10,3.2222222222222223,5,2.0,1.0
8,9,2.75,5,1.6,1.1428571428571428
8,10,2.5,4,2.0,1.1428571428571428
9,9,3.2222222222222223,5,2.0,1.0
8,9,2.75,5,1.6,1.1428571428571428
8,8,2.625,4,2.3333333333333335,1.0
6,7,1.5,3,1.0,1.0
7,8,1.8571428571428572,3,2.0,1.0
8,10,2.75,5,1.8,1.2857142857142858
6,7,1.5,3,1.5,1.5
9,10,3.2222222222222223,5,1.8,1.125
9,10,1.7777777777777777,3,2.5,1.0
8,10,2.875,5,1.6,1.1428571428571428
8,9,2.375,4,1.75,1.1666666666666667
7,8,1.7142857142857142,3,2.0,1.0
13,38,3.230769230769231,6,3.3,3.0
9,11,2.3333333333333335,4,2.0,1.1428571428571428
13,32,2.8461538461538463,5,3.5,2.5454545454545454
9,9,3.2222222222222223,5,2.0,1.0
6,7,2.5,4,1.3333333333333333,1.0
8,10,2.75,5,1.8,1.2857142857142858
8,10,2.75,5,1.8,1.2857142857142858
9,9,3.2222222222222223,5,2.0,1.0
7,9,2.7142857142857144,4,1.75,1.1666666666666667
8,9,2.375,4,1.75,1.1666666666666667
9,9,3.2222222222222223,5,2.0,1.0
6,7,2.3333333333333335,4,1.6666666666666667,1.25
7,8,2.857142857142857,4,1.75,1.1666666666666667
8,8,2.25,4,2.0,1.0
6,7,1.5,3,1.0,1.0
8,9,2.375,4,1.75,1.1666666666666667
7,8,1.8571428571428572,3,2.5,1.25
8,10,1.875,3,1.75,1.4
8,9,3.125,5,1.6,1.1428571428571428
8,8,2.625,4,2.3333333333333335,1.0
9,11,3.2222222222222223,5,1.8,1.125
8,12,3.125,5,2.2,1.5714285714285714
8,9,2.5,4,2.0,1.1428571428571428
9,11,1.5555555555555556,3,2.0,1.0
8,10,2.75,5,1.8,1.2857142857142858
9,11,3.2222222222222223,5,1.8,1.125
8,12,3.125,5,2.2,1.5714285714285714
8,9,2.5,4,2.0,1.1428571428571428
7,7,1.8571428571428572,3,2.0,1.0
7,8,1.8571428571428572,3,2.5,1.25
9,11,3.2222222222222223,5,1.8,1.125
9,12,1.6666666666666667,3,2.0,1.5
8,9,2.5,4,2.0,1.1428571428571428
7,8,1.8571428571428572,3,2.5,1.25
7,8,1.4285714285714286,2,3.0,1.0
7,8,1.8571428571428572,3,2.5,1.25
8,10,2.75,5,1.8,1.2857142857142858
7,8,1.1428571428571428,2,1.0,1.0
7,8,1.1428571428571428,2,1.0,1.0
11,26,2.4545454545454546,5,2.7142857142857144,2.7142857142857144
9,12,2.6666666666666665,4,2.0,1.25
13,29,2.923076923076923,5,2.7,2.4545454545454546
7,8,1.8571428571428572,3,2.5,1.25
7,8,1.4285714285714286,2,3.0,1.0
9,10,3.2222222222222223,5,2.0,1.0
7,8,2.7142857142857144,4,1.5,1.0
7,10,2.857142857142857,5,1.8,1.5
8,13,2.375,4,1.5,1.5
6,7,1.5,3,1.0,1.0
9,11,3.2222222222222223,5,1.8,1.125
14,31,3.0,5,3.2222222222222223,2.4166666666666665
14,40,3.142857142857143,5,3.5555555555555554,2.909090909090909
7,9,1.7142857142857142,3,2.0,1.0
7,9,1.4285714285714286,2,3.0,1.0
9,10,3.2222222222222223,5,2.0,1.0
8,14,3.125,5,1.6666666666666667,1.4285714285714286
8,10,2.875,5,1.6,1.1428571428571428
6,6,1.3333333333333333,2,2.0,1.0
12,20,2.0833333333333335,4,3.0,1.875
9,10,3.2222222222222223,5,2.0,1.0
8,10,2.75,4,2.6666666666666665,1.1428571428571428
8,10,2.75,5,1.8,1.2857142857142858
6,6,1.3333333333333333,2,2.0,1.0
9,10,3.2222222222222223,5,2.0,1.0
8,10,2.75,5,1.8,1.2857142857142858
8,8,2.625,4,2.3333333333333335,1.0
7,8,1.4285714285714286,2,3.0,1.0
9,10,3.2222222222222223,5,1.8,1.125
8,8,2.625,4,2.3333333333333335,1.0
7,9,1.8571428571428572,3,2.5,1.25
7,9,1.4285714285714286,2,3.0,1.0
9,10,3.2222222222222223,5,2.0,1.0
7,11,2.857142857142857,5,1.8,1.5
8,10,2.75,5,1.8,1.2857142857142858
8,8,2.25,4,2.0,1.0
7,8,1.4285714285714286,2,3.0,1.0
6,9,1.5,3,1.5,1.5
7,8,1.8571428571428572,3,2.0,1.0
6,7,1.3333333333333333,2,2.0,1.0
8,9,2.375,4,1.75,1.1666666666666667
7,9,1.8571428571428572,3,2.5,1.25
9,10,1.1111111111111112,2,1.0,1.0
9,10,3.2222222222222223,5,2.0,1.0
7,11,2.857142857142857,5,1.8,1.5
8,13,2.375,4,1.5,1.5
8,9,2.25,4,1.75,1.1666666666666667
8,9,2.375,4,1.75,1.1666666666666667
7,9,2.142857142857143,4,1.5,1.2
6,6,1.3333333333333333,2,2.0,1.0
11,26,2.8181818181818183,6,2.3333333333333335,2.625
10,12,1.5,3,2.0,1.0
13,27,2.6153846153846154,5,2.5,2.272727272727273
7,10,2.7142857142857144,5,1.6,1.3333333333333333
8,11,3.125,5,1.6,1.1428571428571428
7,8,2.7142857142857144,4,1.5,1.0
7,9,2.7142857142857144,4,1.75,1.1666666666666667
8,8,2.25,4,2.0,1.0
7,8,1.8571428571428572,3,2.0,1.0
9,10,2.888888888888889,5,1.6,1.1428571428571428
8,12,1.875,4,1.75,1.75
7,9,2.2857142857142856,4,2.0,1.2
8,9,2.375,4,1.75,1.1666666666666667
7,9,1.7142857142857142,3,2.0,1.0
6,7,1.5,3,1.0,1.0
9,10,3.2222222222222223,5,1.8,1.125
12,23,2.5833333333333335,4,3.0,2.1
8,10,2.75,5,1.8,1.2857142857142858
7,8,1.8571428571428572,3,2.0,1.0
7,9,1.8571428571428572,3,2.5,1.25
8,10,2.75,5,1.8,1.2857142857142858
6,7,1.3333333333333333,2,2.0,1.0
9,9,3.2222222222222223,5,2.0,1.0
7,11,2.857142857142857,5,1.8,1.5
8,9,2.375,4,1.75,1.1666666666666667
7,8,1.7142857142857142,3,2.0,1.0
9,9,3.2222222222222223,5,2.0,1.0
7,8,2.7142857142857144,4,1.5,1.0
8,8,2.125,3,2.0,1.0
9,10,3.2222222222222223,5,2.0,1.0
7,9,2.7142857142857144,4,1.75,1.1666666666666667
8,8,2.25,4,2.0,1.0
8,9,2.25,4,1.75,1.1666666666666667
7,8,2.142857142857143,4,1.5,1.2
9,10,3.2222222222222223,5,2.0,1.0
8,8,2.625,4,2.3333333333333335,1.0
9,9,3.2222222222222223,5,2.0,1.0
6,7,2.0,4,1.0,1.0
7,9,2.2857142857142856,4,1.75,1.4
6,7,1.5,3,1.5,1.5
7,12,3.142857142857143,5,2.0,1.6666666666666667
7,9,1.7142857142857142,3,2.0,1.0
8,12,2.25,4,1.6,1.3333333333333333
9,11,2.3333333333333335,4,2.0,1.1428571428571428
15,28,2.3333333333333335,4,3.3333333333333335,1.8181818181818181
8,9,2.375,4,1.75,1.1666666666666667
7,7,1.7142857142857142,3,2.0,1.0
9,11,3.2222222222222223,5,1.8,1.125
7,9,2.4285714285714284,4,1.4,1.1666666666666667
8,10,2.75,5,1.8,1.2857142857142858
7,8,1.8571428571428572,3,2.5,1.25
9,10,3.2222222222222223,5,1.8,1.125
7,10,2.857142857142857,5,1.8,1.5
8,9,2.5,4,2.0,1.1428571428571428
8,11,2.25,4,1.6,1.3333333333333333
9,10,3.2222222222222223,5,2.0,1.0
8,10,2.75,5,1.8,1.2857142857142858
8,9,2.5,4,2.0,1.1428571428571428
7,8,1.8571428571428572,3,2.5,1.25
8,9,1.375,2,3.0,1.0
9,10,2.888888888888889,5,1.6,1.1428571428571428
7,8,2.7142857142857144,4,1.75,1.1666666666666667
8,8,2.125,3,2.0,1.0
9,10,2.888888888888889,5,1.6,1.1428571428571428
6,7,2.0,4,1.0,1.0
8,9,2.5,4,2.0,1.1428571428571428
7,8,1.8571428571428572,3,2.5,1.25
9,11,1.4444444444444444,3,1.3333333333333333,1.3333333333333333
13,32,2.6923076923076925,5,3.2222222222222223,2.9
10,13,1.9,3,3.0,1.0
9,10,1.7777777777777777,3,2.5,1.0
15,24,1.6666666666666667,3,3.2,2.0
14,25,1.7857142857142858,4,2.6666666666666665,2.0
14,28,2.4285714285714284,4,3.2857142857142856,1.9166666666666667
14,27,2.7857142857142856,5,2.7777777777777777,2.0833333333333335
14,28,2.7857142857142856,5,3.0,2.0
15,40,3.1333333333333333,6,2.8461538461538463,2.8461538461538463
14,31,2.7142857142857144,5,3.0,2.25
13,27,2.230769230769231,4,2.5,2.272727272727273
13,23,2.769230769230769,5,3.5,1.9090909090909092
15,43,3.4,6,3.272727272727273,2.769230769230769
9,12,2.6666666666666665,4,2.0,1.25
13,30,2.6923076923076925,5,2.8,2.5454545454545454
9,9,3.2222222222222223,5,2.0,1.0
9,12,1.7777777777777777,3,2.3333333333333335,1.4
8,9,2.875,5,1.6,1.1428571428571428
11,22,2.4545454545454546,5,2.375,2.111111111111111
9,9,3.2222222222222223,5,2.0,1.0
8,9,2.875,5,1.6,1.1428571428571428
15,46,3.2666666666666666,6,3.3333333333333335,3.3333333333333335
9,9,3.2222222222222223,5,2.0,1.0
8,10,2.5,4,2.0,1.1428571428571428
8,8,2.125,3,2.0,1.0
7,9,1.8571428571428572,3,1.6666666666666667,1.0
6,6,1.3333333333333333,2,2.0,1.0
9,10,3.2222222222222223,5,2.0,1.0
7,8,2.7142857142857144,4,1.5,1.0
7,10,2.857142857142857,5,1.8,1.5
6,6,1.3333333333333333,2,2.0,1.0
8,9,2.375,4,1.75,1.1666666666666667
8,8,2.25,4,2.0,1.0
7,8,1.8571428571428572,3,2.0,1.0
8,11,2.25,4,1.75,1.1666666666666667
9,10,3.2222222222222223,5,2.0,1.0
8,10,2.5,4,2.0,1.1428571428571428
8,8,2.125,3,2.0,1.0
7,9,1.8571428571428572,3,1.6666666666666667,1.0
9,9,3.2222222222222223,5,2.0,1.0
10,19,2.5,4,2.4285714285714284,2.125
8,8,2.625,4,2.3333333333333335,1.0
7,9,1.7142857142857142,3,2.0,1.0
7,8,1.4285714285714286,2,3.0,1.0
8,9,2.5,4,2.0,1.1428571428571428
7,9,1.8571428571428572,3,2.5,1.25
9,10,1.2222222222222223,2,2.0,1.0
8,11,2.75,5,2.0,1.1428571428571428
9,10,3.2222222222222223,5,2.0,1.0
10,19,2.5,4,2.4285714285714284,2.125
7,10,1.7142857142857142,3,1.6666666666666667,1.25
8,8,2.625,4,2.3333333333333335,1.0
6,8,1.5,3,1.5,1.5
9,12,1.4444444444444444,2,4.0,1.0
7,9,1.8571428571428572,3,2.5,1.25
8,10,2.75,5,1.8,1.2857142857142858
8,10,2.25,4,1.6,1.3333333333333333
8,10,2.875,5,1.6,1.1428571428571428
8,13,2.375,4,1.5,1.5
6,8,1.5,3,1.0,1.0
8,10,2.25,4,1.75,1.1666666666666667
9,10,2.3333333333333335,4,2.0,1.1428571428571428
8,8,2.5,4,2.3333333333333335,1.0
7,9,2.2857142857142856,4,2.0,1.2
7,11,2.0,3,2.5,1.25
7,9,1.8571428571428572,3,2.5,1.25
8,8,2.25,4,2.0,1.0
6,6,1.3333333333333333,2,2.0,1.0
8,9,2.5,4,2.0,1.1428571428571428
7,8,1.8571428571428572,3,2.0,1.0
8,8,2.25,4,2.0,1.0
10,16,1.8,3,4.0,2.0
7,10,1.4285714285714286,2,3.0,1.0
8,10,2.5,4,1.6,1.1428571428571428
9,9,3.2222222222222223,5,2.0,1.0
8,11,2.25,4,1.6,1.3333333333333333
8,9,2.375,4,1.75,1.1666666666666667
9,10,1.7777777777777777,3,2.5,1.0
10,21,2.4,5,2.0,2.2857142857142856
10,12,1.5,3,2.0,1.0
9,11,1.5555555555555556,3,2.0,1.0
14,24,1.7857142857142858,4,3.0,2.25
7,8,2.2857142857142856,4,1.5,1.2
8,9,2.625,4,2.3333333333333335,1.0
6,8,1.6666666666666667,3,1.3333333333333333,1.3333333333333333
6,7,1.5,3,1.0,1.0
7,9,1.7142857142857142,3,2.0,1.0
8,9,2.625,4,2.3333333333333335,1.0
8,9,2.5,4,2.0,1.1428571428571428
7,8,1.8571428571428572,3,2.5,1.25
15,47,4.0,7,3.4545454545454546,2.923076923076923
9,13,2.6666666666666665,4,2.0,1.25
13,32,2.769230769230769,5,3.111111111111111,2.5454545454545454
8,8,2.125,3,2.0,1.0
6,7,1.5,3,1.5,1.5
9,11,1.4444444444444444,3,1.6666666666666667,1.6666666666666667
9,9,3.2222222222222223,5,2.0,1.0
8,10,2.5,4,2.0,1.1428571428571428
8,8,2.125,3,2.0,1.0
7,9,1.8571428571428572,3,1.6666666666666667,1.0
9,9,3.2222222222222223,5,2.0,1.0
7,8,2.7142857142857144,4,1.5,1.0
7,8,2.2857142857142856,4,2.0,1.2
7,12,3.142857142857143,5,2.0,1.6666666666666667
7,8,1.8571428571428572,3,2.5,1.25
12,33,2.3333333333333335,5,2.7777777777777777,3.125
11,12,1.2727272727272727,2,3.0,1.0
9,11,1.3333333333333333,2,3.0,1.0
14,28,2.0714285714285716,4,4.2,2.3333333333333335
14,26,1.9285714285714286,3,4.75,2.375
15,47,3.2,6,3.5833333333333335,3.3076923076923075
15,36,3.066666666666667,6,2.8181818181818183,2.3846153846153846
13,26,2.230769230769231,4,3.5,2.3333333333333335
15,41,3.1333333333333333,6,3.090909090909091,2.6153846153846154
15,34,3.066666666666667,6,3.1,2.3846153846153846
15,42,3.066666666666667,5,3.0833333333333335,2.8461538461538463
8,8,2.25,4,2.0,1.0
8,10,2.75,5,1.8,1.2857142857142858
8,8,2.625,4,2.3333333333333335,1.0
6,7,1.5,3,1.5,1.5
7,9,1.8571428571428572,3,2.5,1.25
8,12,2.25,4,1.5,1.5
9,12,2.6666666666666665,4,2.0,1.25
13,29,2.6923076923076925,5,2.3636363636363638,2.3636363636363638
6,8,1.8333333333333333,3,2.0,1.3333333333333333
9,11,3.2222222222222223,5,1.8,1.125
8,10,2.75,5,1.8,1.2857142857142858
7,8,1.7142857142857142,3,2.0,1.0
6,7,1.5,3,1.0,1.0
8,10,2.75,5,1.8,1.2857142857142858
9,11,3.2222222222222223,5,1.8,1.125
8,10,2.75,5,1.8,1.2857142857142858
9,10,2.4444444444444446,4,2.25,1.125
9,10,3.2222222222222223,5,2.0,1.0
8,9,2.75,4,2.6666666666666665,1.1428571428571428
8,10,2.75,5,1.8,1.2857142857142858
8,8,2.25,4,2.0,1.0
6,6,1.3333333333333333,2,2.0,1.0
7,8,1.8571428571428572,3,2.0,1.0
9,10,3.2222222222222223,5,2.0,1.0
8,15,3.125,5,1.8333333333333333,1.5714285714285714
8,10,2.875,5,1.6,1.1428571428571428
7,8,1.8571428571428572,3,2.5,1.25
8,12,1.875,3,2.5,1.25
8,10,2.75,5,1.8,1.2857142857142858
8,9,2.625,4,2.3333333333333335,1.0
7,9,1.4285714285714286,2,3.0,1.0
8,9,2.5,4,2.0,1.1428571428571428
7,9,1.8571428571428572,3,2.5,1.25
9,10,1.1111111111111112,2,1.0,1.0
9,9,2.888888888888889,5,1.75,1.0
8,9,2.5,4,2.0,1.1428571428571428
7,8,1.8571428571428572,3,2.0,1.0
9,10,3.2222222222222223,5,2.0,1.0
7,9,2.4285714285714284,4,1.6,1.3333333333333333
8,9,2.5,4,2.0,1.1428571428571428
7,8,1.7142857142857142,3,2.0,1.0
7,9,1.4285714285714286,2,3.0,1.0
9,10,3.2222222222222223,5,2.0,1.0
10,19,2.5,4,2.4285714285714284,2.125
6,7,1.6666666666666667,3,1.5,1.0
8,10,2.75,5,1.8,1.2857142857142858
8,9,2.625,4,2.3333333333333335,1.0
9,10,1.2222222222222223,2,1.5,1.5
8,11,2.25,4,1.75,1.1666666666666667
9,11,2.6666666666666665,4,2.25,1.125
13,32,3.0,5,3.0,2.727272727272727
7,8,1.8571428571428572,3,2.5,1.25
7,8,1.4285714285714286,2,3.0,1.0
9,9,3.2222222222222223,5,2.0,1.0
6,7,2.5,4,1.25,1.0
8,9,2.625,4,2.3333333333333335,1.0
7,8,1.8571428571428572,3,2.0,1.0
7,9,1.8571428571428572,3,2.5,1.25
8,9,2.25,4,1.4,1.1666666666666667
6,8,1.3333333333333333,2,2.0,1.0
9,10,3.2222222222222223,5,2.0,1.0
7,8,2.7142857142857144,4,1.5,1.0
7,11,2.857142857142857,5,1.8,1.5
8,8,2.25,4,2.0,1.0
7,9,1.8571428571428572,3,2.5,1.25
9,10,3.2222222222222223,5,2.0,1.0
8,9,2.5,4,2.0,1.1428571428571428
7,8,1.8571428571428572,3,2.0,1.0
9,9,3.2222222222222223,5,2.0,1.0
6,8,2.0,4,1.0,1.0
7,12,2.857142857142857,5,1.8,1.5
8,8,2.25,4,2.0,1.0
7,9,1.4285714285714286,2,3.0,1.0
7,9,1.4285714285714286,2,3.0,1.0
8,10,2.25,4,1.75,1.1666666666666667
9,10,3.2222222222222223,5,2.0,1.0
11,24,2.727272727272727,5,2.4444444444444446,2.4444444444444446
9,9,3.2222222222222223,5,2.0,1.0
7,9,2.4285714285714284,4,1.6,1.3333333333333333
8,9,2.5,4,2.0,1.1428571428571428
7,9,1.7142857142857142,3,2.0,1.0
7,9,1.4285714285714286,2,3.0,1.0
9,9,3.2222222222222223,5,2.0,1.0
11,22,2.4545454545454546,4,2.7142857142857144,2.111111111111111
8,10,2.75,5,1.8,1.2857142857142858
9,9,3.2222222222222223,5,2.0,1.0
9,10,1.7777777777777777,3,3.0,1.2
6,7,2.1666666666666665,4,1.3333333333333333,1.0
8,10,2.75,5,1.8,1.2857142857142858
8,10,2.75,5,1.8,1.2857142857142858
9,12,2.3333333333333335,4,2.0,1.1428571428571428
15,34,2.466666666666667,4,3.0,2.0
9,16,3.111111111111111,5,2.1666666666666665,1.625
8,10,2.75,5,1.8,1.2857142857142858
7,8,1.8571428571428572,3,2.5,1.25
9,10,3.2222222222222223,5,2.0,1.0
7,8,2.7142857142857144,4,1.5,1.0
8,8,2.125,3,2.0,1.0
9,10,3.2222222222222223,5,2.0,1.0
7,8,2.7142857142857144,4,1.5,1.0
7,10,2.2857142857142856,4,1.75,1.4
8,10,2.75,5,1.8,1.2857142857142858
9,11,3.2222222222222223,5,1.8,1.125
8,10,2.875,5,1.6,1.1428571428571428
7,9,1.8571428571428572,3,2.5,1.25
7,8,1.8571428571428572,3,2.0,1.0
8,10,2.75,5,1.8,1.2857142857142858
6,6,1.3333333333333333,2,2.0,1.0
8,11,2.25,4,1.6,1.3333333333333333
8,9,2.375,4,1.75,1.1666666666666667
6,8,1.5,3,1.5,1.5
7,9,1.8571428571428572,3,2.5,1.25
8,11,2.75,5,2.0,1.1428571428571428
9,9,3.2222222222222223,5,2.0,1.0
8,8,2.625,4,2.3333333333333335,1.0
6,7,1.5,3,1.0,1.0
9,10,3.2222222222222223,5,1.8,1.125
12,31,2.6666666666666665,5,2.7,2.7
9,10,3.2222222222222223,5,1.8,1.125
9,11,2.111111111111111,4,2.3333333333333335,1.1666666666666667
7,8,2.142857142857143,4,1.5,1.2
8,10,2.75,5,1.8,1.2857142857142858
8,9,2.625,4,2.3333333333333335,1.0
6,6,1.5,3,1.0,1.0
8,9,2.25,4,1.4,1.1666666666666667
8,11,2.25,4,1.6,1.3333333333333333
9,10,3.2222222222222223,5,1.8,1.125
8,8,2.5,4,2.3333333333333335,1.0
7,9,2.0,4,1.6666666666666667,1.25
8,9,2.0,3,3.0,1.2
15,42,2.533333333333333,5,3.5454545454545454,3.25
10,12,1.5,3,2.0,1.0
10,13,1.5,3,2.0,1.0
14,25,2.0,4,3.8,2.111111111111111
13,21,1.8461538461538463,3,5.0,2.142857142857143
15,35,3.2,6,2.75,2.5384615384615383
14,28,2.357142857142857,4,3.25,2.1666666666666665
13,24,2.6923076923076925,5,3.3333333333333335,2.0
14,23,2.642857142857143,5,3.0,1.75
14,26,2.357142857142857,4,3.0,2.0
15,40,3.3333333333333335,6,3.090909090909091,2.6153846153846154
8,12,2.75,4,1.8,1.2857142857142858
11,20,2.5454545454545454,5,2.5714285714285716,2.0
8,9,2.375,4,2.3333333333333335,1.1666666666666667
8,8,2.25,4,2.0,1.0
7,8,1.8571428571428572,3,2.0,1.0
8,9,3.125,5,1.6,1.1428571428571428
6,6,1.5,3,1.0,1.0
8,8,2.125,3,2.0,1.0
6,6,1.3333333333333333,2,2.0,1.0
7,8,1.8571428571428572,3,2.0,1.0
9,10,3.2222222222222223,5,2.0,1.0
8,11,2.5,4,2.0,1.4285714285714286
8,8,2.625,4,2.3333333333333335,1.0
6,6,1.5,3,1.0,1.0
9,10,3.2222222222222223,5,2.0,1.0
8,11,2.5,4,2.0,1.4285714285714286
8,10,2.75,5,1.8,1.2857142857142858
7,8,1.4285714285714286,2,3.0,1.0
7,7,1.2857142857142858,2,2.0,1.0
9,11,3.2222222222222223,5,1.8,1.125
9,13,1.4444444444444444,2,2.5,1.25
8,9,2.5,4,2.0,1.1428571428571428
6,7,1.5,3,1.0,1.0
7,8,1.8571428571428572,3,2.5,1.25
8,10,2.75,5,1.8,1.2857142857142858
7,7,1.2857142857142858,2,2.0,1.0
9,10,3.2222222222222223,5,2.0,1.0
9,11,1.7777777777777777,3,2.5,1.0
8,9,2.875,5,1.75,1.0
6,6,1.3333333333333333,2,2.0,1.0
11,26,2.727272727272727,6,2.3333333333333335,2.625
10,12,1.5,3,2.0,1.0
9,11,1.5555555555555556,3,2.0,1.0
15,24,1.7333333333333334,4,2.8333333333333335,2.125
14,26,2.2142857142857144,4,3.5,2.1
13,22,2.4615384615384617,4,3.6,1.8
13,23,2.3076923076923075,4,3.0,1.9090909090909092
13,25,2.6153846153846154,5,2.5555555555555554,2.090909090909091
13,25,2.3076923076923075,4,3.0,1.6363636363636365
14,24,2.357142857142857,4,3.6666666666666665,1.8333333333333333
15,44,3.066666666666667,5,3.0,2.769230769230769
9,13,2.6666666666666665,4,2.0,1.25
13,29,2.6923076923076925,5,3.0,2.4545454545454546
7,9,2.2857142857142856,4,1.75,1.4
8,10,2.75,5,1.8,1.2857142857142858
7,8,1.8571428571428572,3,2.5,1.25
9,9,3.2222222222222223,5,2.0,1.0
13,26,2.769230769230769,5,3.0,2.1818181818181817
9,9,3.2222222222222223,5,2.0,1.0
7,9,2.4285714285714284,4,1.6,1.3333333333333333
8,10,2.875,5,1.6,1.1428571428571428
6,6,1.3333333333333333,2,2.0,1.0
8,10,2.75,5,1.8,1.2857142857142858
9,9,3.2222222222222223,5,2.0,1.0
8,8,2.5,4,2.3333333333333335,1.0
7,8,1.8571428571428572,3,2.0,1.0
9,9,3.2222222222222223,5,2.0,1.0
8,8,2.625,4,2.3333333333333335,1.0
7,8,1.8571428571428572,3,2.0,1.0
9,9,3.2222222222222223,5,2.0,1.0
8,10,2.5,4,2.0,1.1428571428571428
8,8,2.125,3,2.0,1.0
7,9,1.8571428571428572,3,1.6666666666666667,1.0
6,6,1.3333333333333333,2,2.0,1.0
9,9,3.2222222222222223,5,2.0,1.0
8,11,2.0,4,1.4,1.4
8,9,2.625,4,2.3333333333333335,1.0
7,9,2.142857142857143,4,1.5,1.2
9,11,1.7777777777777777,3,2.5,1.0
7,9,1.8571428571428572,3,2.5,1.25
7,8,1.8571428571428572,3,2.0,1.0
8,11,2.75,5,1.8,1.2857142857142858
6,7,1.3333333333333333,2,2.0,1.0
14,36,2.7857142857142856,5,3.0,3.0
7,9,1.4285714285714286,3,1.0,1.0
9,9,3.2222222222222223,5,2.0,1.0
8,10,2.75,5,1.8,1.2857142857142858
8,8,2.625,4,2.3333333333333335,1.0
6,6,1.3333333333333333,2,2.0,1.0
6,7,1.3333333333333333,2,2.0,1.0
8,9,2.5,4,2.0,1.1428571428571428
8,8,2.625,4,2.3333333333333335,1.0
9,14,1.5555555555555556,3,2.5,1.25
8,10,2.5,4,1.6,1.1428571428571428
10,22,2.4,5,1.8888888888888888,2.4285714285714284
10,12,1.5,3,2.0,1.0
9,11,1.5555555555555556,3,2.0,1.0
14,29,2.142857142857143,4,4.6,2.5555555555555554
14,22,1.6428571428571428,3,4.666666666666667,1.75
14,29,2.7857142857142856,5,3.375,2.25
13,21,2.3846153846153846,4,3.4,1.7
13,24,2.6153846153846154,5,3.142857142857143,2.0
14,27,2.5,4,3.4285714285714284,2.0
15,43,3.066666666666667,5,3.0,2.769230769230769
9,13,2.6666666666666665,4,2.0,1.25
15,33,3.0,5,2.8,2.1538461538461537
7,7,2.0,3,1.6666666666666667,1.0
7,9,1.8571428571428572,3,1.6666666666666667,1.0
9,10,3.2222222222222223,5,1.8,1.125
8,14,3.25,5,2.0,1.7142857142857142
6,8,1.8333333333333333,3,2.0,1.3333333333333333
8,9,2.625,4,2.3333333333333335,1.0
8,9,2.25,4,1.75,1.1666666666666667
9,10,3.2222222222222223,5,1.8,1.125
7,9,2.7142857142857144,4,1.75,1.1666666666666667
7,8,2.2857142857142856,4,2.0,1.2
8,10,2.75,5,1.8,1.2857142857142858
6,7,1.5,3,1.0,1.0
8,10,2.5,4,1.6,1.1428571428571428
9,10,3.2222222222222223,5,1.8,1.125
7,10,3.0,5,1.8,1.5
8,8,2.125,3,2.0,1.0
6,8,1.8333333333333333,3,2.0,1.3333333333333333
7,8,1.4285714285714286,2,3.0,1.0
6,7,1.5,3,1.0,1.0
8,10,1.875,3,1.75,1.4
8,11,1.875,3,1.75,1.4
16,51,3.0625,6,3.909090909090909,3.5833333333333335
7,8,1.4285714285714286,2,3.0,1.0
9,10,3.2222222222222223,5,2.0,1.0
12,26,2.3333333333333335,4,2.3333333333333335,2.1
8,9,2.5,4,2.0,1.1428571428571428
7,8,1.8571428571428572,3,2.5,1.25
8,12,1.875,3,2.5,1.25
8,10,2.75,5,1.8,1.2857142857142858
7,8,1.8571428571428572,3,2.5,1.25
7,9,1.8571428571428572,3,2.5,1.25
8,9,2.5,4,2.0,1.1428571428571428
8,9,2.375,4,1.75,1.1666666666666667
12,30,2.5,5,3.0,3.0
9,10,3.2222222222222223,5,2.0,1.0
8,10,2.75,5,1.8,1.2857142857142858
8,9,2.5,4,2.0,1.1428571428571428
9,10,3.2222222222222223,5,1.8,1.125
8,11,2.25,4,1.6,1.3333333333333333
7,8,2.4285714285714284,4,1.4,1.1666666666666667
8,10,2.75,5,1.8,1.2857142857142858
7,8,1.4285714285714286,2,3.0,1.0
7,8,1.4285714285714286,2,3.0,1.0
8,9,2.5,4,2.0,1.1428571428571428
7,9,1.8571428571428572,3,2.5,1.25
9,11,1.2222222222222223,2,2.0,1.0
9,9,2.888888888888889,5,1.75,1.0
14,27,2.4285714285714284,4,2.7777777777777777,2.0833333333333335
8,9,2.5,4,2.0,1.1428571428571428
6,7,1.5,3,1.0,1.0
8,9,2.625,4,2.3333333333333335,1.0
12,29,2.6666666666666665,5,2.857142857142857,2.5
9,12,2.6666666666666665,4,2.0,1.25
13,30,2.923076923076923,5,2.8,2.5454545454545454
7,8,1.8571428571428572,3,2.5,1.25
7,8,1.4285714285714286,2,3.0,1.0
9,10,3.2222222222222223,5,2.0,1.0
11,21,2.6363636363636362,4,2.7142857142857144,2.111111111111111
8,9,2.875,5,1.6,1.1428571428571428
8,13,2.875,5,1.6666666666666667,1.4285714285714286
7,8,1.8571428571428572,3,2.5,1.25
7,8,1.4285714285714286,2,3.0,1.0
9,10,3.2222222222222223,5,2.0,1.0
13,26,2.769230769230769,5,3.0,2.1818181818181817
9,10,3.2222222222222223,5,1.8,1.125
8,8,2.625,4,2.3333333333333335,1.0
8,9,2.25,4,1.75,1.1666666666666667
9,9,3.2222222222222223,5,2.0,1.0
7,7,2.7142857142857144,4,1.5,1.0
8,8,2.125,3,2.0,1.0
9,11,3.2222222222222223,5,1.8,1.125
13,26,2.3076923076923075,4,2.6666666666666665,2.1818181818181817
8,8,2.625,4,2.3333333333333335,1.0
7,8,1.4285714285714286,2,3.0,1.0
8,12,2.375,4,1.5,1.5
8,9,2.625,4,2.3333333333333335,1.0
12,29,2.6666666666666665,5,2.625,2.625
9,10,3.2222222222222223,5,2.0,1.0
7,8,2.7142857142857144,4,1.5,1.0
7,12,2.857142857142857,5,1.8,1.5
8,10,2.75,5,1.8,1.2857142857142858
6,6,1.3333333333333333,2,2.0,1.0
8,10,2.75,5,1.8,1.2857142857142858
9,10,3.2222222222222223,5,2.0,1.0
7,8,2.7142857142857144,4,1.5,1.0
8,8,2.125,3,2.0,1.0
9,10,3.2222222222222223,5,2.0,1.0
9,15,3.111111111111111,5,2.4,1.5
8,9,2.5,4,2.0,1.1428571428571428
6,7,1.5,3,1.0,1.0
8,9,2.5,4,2.0,1.1428571428571428
7,8,1.8571428571428572,3,2.0,1.0
9,10,2.3333333333333335,4,2.0,1.1428571428571428
13,34,3.0,5,2.909090909090909,2.909090909090909
9,10,3.2222222222222223,5,2.0,1.0
6,7,2.5,4,1.3333333333333333,1.0
8,8,2.125,3,2.0,1.0
7,8,1.8571428571428572,3,2.5,1.25
9,11,3.2222222222222223,5,1.8,1.125
8,9,2.875,5,1.75,1.0
9,10,1.5555555555555556,3,2.5,1.25
9,10,3.2222222222222223,5,2.0,1.0
8,10,2.75,5,1.8,1.2857142857142858
8,9,2.5,4,2.0,1.1428571428571428
7,8,1.8571428571428572,3,2.5,1.25
8,10,2.75,5,1.8,1.2857142857142858
8,12,2.75,5,1.8,1.2857142857142858
9,9,3.2222222222222223,5,2.0,1.0
7,9,2.4285714285714284,4,1.6,1.3333333333333333
7,10,2.857142857142857,5,1.8,1.5
8,9,2.5,4,2.0,1.1428571428571428
7,10,2.0,3,2.0,1.0
7,9,1.8571428571428572,3,2.5,1.25
9,10,3.2222222222222223,5,2.0,1.0
7,9,2.4285714285714284,4,1.4,1.1666666666666667
8,8,2.375,4,2.0,1.0
7,8,1.8571428571428572,3,2.5,1.25
10,12,1.3,2,3.0,1.0
9,10,3.2222222222222223,5,2.0,1.0
12,29,2.75,5,2.7,2.7
9,10,3.2222222222222223,5,2.0,1.0
7,10,2.857142857142857,5,1.8,1.5
8,8,2.25,4,2.0,1.0
9,17,3.2222222222222223,6,1.8571428571428572,1.625
7,8,2.142857142857143,4,1.5,1.2
9,11,3.2222222222222223,5,1.8,1.125
8,10,2.5,4,2.0,1.3333333333333333
8,9,2.375,4,1.75,1.1666666666666667
7,8,1.8571428571428572,3,2.0,1.0
9,10,3.2222222222222223,5,1.8,1.125
6,9,2.5,4,1.3333333333333333,1.0
7,10,2.857142857142857,4,2.25,1.5
8,11,2.75,5,1.8,1.2857142857142858
7,8,1.8571428571428572,3,2.5,1.25
11,27,2.8181818181818183,6,2.3333333333333335,2.625
10,12,1.5,3,2.0,1.0
9,11,1.3333333333333333,2,3.0,1.0
15,25,1.7333333333333334,4,2.5714285714285716,2.25
14,27,1.8571428571428572,4,3.0,2.25
15,41,3.066666666666667,5,3.7777777777777777,2.6153846153846154
13,28,2.1538461538461537,5,2.4444444444444446,2.4444444444444446
13,24,2.3076923076923075,4,3.8,1.9
14,29,2.9285714285714284,6,3.125,2.0833333333333335
13,29,2.6923076923076925,5,2.7,2.4545454545454546
15,42,3.1333333333333333,6,3.1818181818181817,2.6923076923076925
15,32,3.0,6,3.0,2.3076923076923075
15,42,3.066666666666667,5,3.0833333333333335,2.8461538461538463
8,10,3.25,5,1.8,1.2857142857142858
9,12,2.111111111111111,4,1.75,1.4
6,7,1.8333333333333333,3,2.0,1.3333333333333333
8,10,2.75,5,1.8,1.2857142857142858
7,8,1.8571428571428572,3,2.5,1.25
13,41,3.1538461538461537,7,3.1818181818181817,3.5
9,11,2.3333333333333335,4,2.0,1.1428571428571428
14,31,2.7142857142857144,5,2.9,2.4166666666666665
9,10,2.888888888888889,5,1.6,1.1428571428571428
8,12,3.125,5,2.2,1.5714285714285714
8,9,2.5,4,2.0,1.1428571428571428
7,9,1.7142857142857142,3,2.0,1.0
7,8,1.4285714285714286,2,3.0,1.0
9,9,2.888888888888889,5,1.75,1.0
10,19,2.5,4,2.4285714285714284,2.125
8,10,2.75,5,1.8,1.2857142857142858
9,10,3.2222222222222223,5,2.0,1.0
8,9,2.75,5,1.6,1.1428571428571428
8,8,2.625,4,2.3333333333333335,1.0
6,7,1.5,3,1.0,1.0
7,8,1.8571428571428572,3,2.0,1.0
8,10,2.75,5,1.8,1.2857142857142858
6,7,1.3333333333333333,2,2.0,1.0
9,11,3.2222222222222223,5,1.8,1.125
8,9,2.875,5,1.6,1.1428571428571428
9,13,1.5555555555555556,3,2.5,1.25
9,11,3.2222222222222223,5,1.8,1.125
8,12,3.125,5,2.2,1.5714285714285714
7,10,2.857142857142857,5,1.8,1.5
8,9,2.625,4,2.3333333333333335,1.0
7,8,1.8571428571428572,3,2.0,1.0
9,11,3.2222222222222223,5,1.8,1.125
8,8,2.5,4,2.3333333333333335,1.0
6,7,1.5,3,1.0,1.0
9,11,3.2222222222222223,5,1.8,1.125
8,10,2.75,5,1.8,1.2857142857142858
8,9,2.5,4,2.0,1.1428571428571428
7,8,1.8571428571428572,3,2.5,1.25
8,10,2.75,5,1.8,1.2857142857142858
9,9,3.2222222222222223,5,2.0,1.0
8,9,2.875,5,1.6,1.1428571428571428
7,7,1.7142857142857142,3,2.0,1.0
7,9,2.2857142857142856,4,2.0,1.2
12,29,2.8333333333333335,5,2.4,2.4
9,12,2.6666666666666665,4,2.0,1.25
12,24,2.3333333333333335,4,2.7142857142857144,1.9
7,11,2.857142857142857,5,1.8,1.5
8,10,2.75,5,1.8,1.2857142857142858
9,11,3.2222222222222223,5,1.8,1.125
8,8,2.5,4,2.3333333333333335,1.0
6,6,1.5,3,1.0,1.0
9,11,3.2222222222222223,5,1.8,1.125
8,9,2.75,5,1.6,1.1428571428571428
8,10,2.5,4,2.0,1.1428571428571428
9,10,3.2222222222222223,5,2.0,1.0
9,9,1.7777777777777777,3,2.5,1.0
8,9,2.375,4,1.75,1.1666666666666667
8,9,2.375,4,1.75,1.1666666666666667
7,8,1.4285714285714286,2,3.0,1.0
6,7,1.5,3,1.0,1.0
8,10,2.25,4,1.75,1.1666666666666667
9,10,3.2222222222222223,5,2.0,1.0
8,9,2.75,5,1.6,1.1428571428571428
8,10,2.5,4,2.0,1.1428571428571428
9,9,3.2222222222222223,5,2.0,1.0
8,14,3.125,5,1.6666666666666667,1.4285714285714286
7,10,2.857142857142857,5,1.8,1.5
8,8,2.25,4,2.0,1.0
7,8,1.8571428571428572,3,2.0,1.0
7,8,1.8571428571428572,3,2.0,1.0
8,9,2.25,4,1.4,1.1666666666666667
7,9,1.4285714285714286,2,3.0,1.0
6,8,1.5,3,1.0,1.0
11,27,2.4545454545454546,5,2.5,2.857142857142857
9,10,3.2222222222222223,5,2.0,1.0
6,9,2.5,4,1.3333333333333333,1.0
8,9,2.75,4,2.6666666666666665,1.1428571428571428
8,10,2.75,5,1.8,1.2857142857142858
9,9,2.888888888888889,5,1.75,1.0
8,8,2.5,4,2.3333333333333335,1.0
6,7,1.5,3,1.0,1.0
9,10,3.2222222222222223,5,2.0,1.0
8,9,2.75,5,1.6,1.1428571428571428
8,10,2.5,4,2.0,1.1428571428571428
9,10,3.2222222222222223,5,2.0,1.0
8,9,2.75,4,2.6666666666666665,1.1428571428571428
8,9,2.375,4,1.75,1.1666666666666667
8,10,2.0,4,1.5,1.2
6,7,1.5,3,1.0,1.0
8,9,2.25,4,1.4,1.1666666666666667
8,10,2.25,4,1.75,1.1666666666666667
9,13,2.6666666666666665,4,2.0,1.25
13,24,2.3076923076923075,4,2.2,2.0
8,10,2.5,4,2.0,1.1428571428571428
9,9,3.2222222222222223,5,2.0,1.0
7,10,2.857142857142857,5,1.8,1.5
8,9,2.375,4,1.75,1.1666666666666667
8,10,2.0,4,1.5,1.2
6,6,1.5,3,1.0,1.0
8,9,2.25,4,1.4,1.1666666666666667
7,9,1.8571428571428572,3,2.5,1.25
8,9,2.375,4,1.75,1.1666666666666667
7,8,1.4285714285714286,2,3.0,1.0
7,8,1.4285714285714286,2,3.0,1.0
9,9,3.2222222222222223,5,2.0,1.0
6,9,2.6666666666666665,5,1.0,1.0
7,9,2.2857142857142856,4,2.0,1.2
8,12,2.375,4,1.5,1.5
9,12,1.5555555555555556,3,2.5,1.25
9,12,1.5555555555555556,3,2.5,1.25
8,12,2.75,5,1.8,1.2857142857142858
9,10,3.2222222222222223,5,1.8,1.125
8,10,2.75,5,1.6,1.1428571428571428
8,10,2.5,4,2.0,1.1428571428571428
9,9,3.2222222222222223,5,2.0,1.0
9,10,1.7777777777777777,3,3.0,1.2
8,9,2.5,4,2.0,1.1428571428571428
8,10,2.75,5,1.8,1.2857142857142858
7,9,1.7142857142857142,3,2.0,1.0
7,8,1.4285714285714286,2,3.0,1.0
8,13,2.75,5,1.6666666666666667,1.4285714285714286
9,9,3.2222222222222223,5,2.0,1.0
8,10,2.75,5,1.6,1.1428571428571428
8,10,2.5,4,2.0,1.1428571428571428
9,10,3.2222222222222223,5,1.8,1.125
11,24,2.909090909090909,5,2.75,2.4444444444444446
8,8,2.625,4,2.3333333333333335,1.0
6,8,1.8333333333333333,3,2.0,1.3333333333333333
8,10,1.875,3,1.75,1.4
8,10,1.625,3,2.0,1.0
8,9,3.125,5,1.6,1.1428571428571428
8,11,2.875,4,2.25,1.2857142857142858
8,8,2.125,3,2.0,1.0
7,8,1.8571428571428572,3,2.5,1.25
9,9,2.888888888888889,5,1.75,1.0
7,8,2.7142857142857144,4,1.75,1.1666666666666667
8,9,2.625,4,2.3333333333333335,1.0
9,11,1.6666666666666667,3,1.6666666666666667,1.25
8,11,2.75,5,1.8,1.2857142857142858
9,9,2.888888888888889,5,1.75,1.0
8,9,2.75,4,2.6666666666666665,1.1428571428571428
8,10,2.75,5,1.8,1.2857142857142858
6,7,1.5,3,1.5,1.5
9,9,2.888888888888889,5,1.75,1.0
7,9,2.4285714285714284,4,1.4,1.1666666666666667
8,9,2.5,4,2.0,1.1428571428571428
9,11,1.3333333333333333,2,3.0,1.0
8,10,2.5,4,1.6,1.1428571428571428
12,32,2.75,6,2.6,2.888888888888889
9,9,1.7777777777777777,3,2.0,1.0
14,33,2.7857142857142856,5,3.0,2.5
6,7,2.0,4,1.0,1.0
9,11,2.888888888888889,5,1.75,1.0
8,11,2.875,4,2.25,1.2857142857142858
8,8,2.125,3,2.0,1.0
7,9,1.8571428571428572,3,2.5,1.25
9,9,2.888888888888889,5,1.75,1.0
7,8,2.7142857142857144,4,1.75,1.1666666666666667
8,9,2.75,4,2.6666666666666665,1.1428571428571428
8,9,2.5,4,2.0,1.1428571428571428
6,7,1.5,3,1.0,1.0
9,10,2.888888888888889,5,1.6,1.1428571428571428
7,9,2.7142857142857144,4,1.75,1.1666666666666667
6,7,1.6666666666666667,3,1.5,1.0
8,13,2.375,4,1.5,1.5
8,9,2.25,4,1.4,1.1666666666666667
11,25,2.8181818181818183,6,2.3333333333333335,2.625
9,11,1.5555555555555556,3,2.0,1.0
9,11,1.5555555555555556,3,2.0,1.0
14,28,2.2857142857142856,4,4.4,2.2
14,23,1.8571428571428572,4,2.0,1.7777777777777777
14,31,2.7142857142857144,5,3.0,2.25
14,30,2.7857142857142856,5,2.7777777777777777,2.0833333333333335
13,24,2.3076923076923075,4,3.3333333333333335,1.8181818181818181
15,45,3.066666666666667,5,3.0833333333333335,2.8461538461538463
10,12,2.9,5,2.2,1.2222222222222223
12,25,2.5833333333333335,5,2.5555555555555554,2.3
8,9,2.5,4,2.0,1.1428571428571428
8,11,2.25,4,1.75,1.1666666666666667
9,9,3.2222222222222223,5,2.0,1.0
6,6,1.5,3,1.0,1.0
8,9,2.5,4,2.0,1.1428571428571428
6,6,1.3333333333333333,2,2.0,1.0
12,31,2.75,6,2.6666666666666665,2.6666666666666665
10,12,1.7,3,2.5,1.0
9,10,1.5555555555555556,3,2.0,1.0
15,29,2.3333333333333335,4,2.4444444444444446,1.8333333333333333
14,19,1.6428571428571428,3,3.0,1.5
14,30,2.7857142857142856,5,2.7,2.25
13,26,2.3076923076923075,4,2.875,2.090909090909091
13,22,2.0,3,2.7142857142857144,1.9
13,25,2.076923076923077,4,2.375,2.111111111111111
13,21,2.230769230769231,4,2.375,1.7272727272727273
14,25,2.5,4,3.2857142857142856,1.9166666666666667
15,46,3.066666666666667,5,3.0833333333333335,2.8461538461538463
9,12,2.6666666666666665,4,2.0,1.25
11,24,2.6363636363636362,5,2.3333333333333335,2.3333333333333335
7,9,2.2857142857142856,4,1.75,1.4
8,9,2.5,4,2.0,1.1428571428571428
6,7,1.5,3,1.0,1.0
9,9,3.2222222222222223,5,2.0,1.0
11,21,2.6363636363636362,4,2.7142857142857144,2.111111111111111
7,10,1.7142857142857142,3,1.6666666666666667,1.25
8,13,2.875,5,1.6666666666666667,1.4285714285714286
8,10,2.75,5,1.8,1.2857142857142858
13,32,3.230769230769231,6,2.7,2.4545454545454546
8,10,2.75,5,1.8,1.2857142857142858
8,9,2.5,4,2.0,1.1428571428571428
8,10,2.75,5,1.8,1.2857142857142858
7,8,1.4285714285714286,2,3.0,1.0
9,10,3.2222222222222223,5,2.0,1.0
8,9,2.75,4,2.6666666666666665,1.1428571428571428
8,8,2.25,4,2.0,1.0
9,9,1.7777777777777777,3,2.5,1.0
9,10,3.2222222222222223,5,2.0,1.0
7,9,2.4285714285714284,4,1.6,1.3333333333333333
8,8,2.625,4,2.3333333333333335,1.0
6,6,1.5,3,1.0,1.0
9,10,3.2222222222222223,5,2.0,1.0
7,10,2.857142857142857,5,1.8,1.5
8,9,2.5,4,2.0,1.1428571428571428
7,9,1.8571428571428572,3,2.5,1.25
7,9,1.8571428571428572,3,2.5,1.25
8,9,2.25,4,1.4,1.1666666666666667
6,7,1.3333333333333333,2,2.0,1.0
9,11,3.2222222222222223,5,1.8,1.125
11,21,2.4545454545454546,4,2.7142857142857144,2.111111111111111
6,8,1.8333333333333333,3,2.0,1.3333333333333333
8,11,2.875,5,1.8,1.2857142857142858
8,12,2.375,4,1.5,1.5
9,12,1.7777777777777777,3,2.5,1.0
7,9,1.8571428571428572,3,2.5,1.25
7,9,1.8571428571428572,3,2.5,1.25
9,9,3.2222222222222223,5,2.0,1.0
8,11,2.5,4,2.0,1.4285714285714286
8,8,2.5,4,2.3333333333333335,1.0
7,9,1.8571428571428572,3,2.5,1.25
7,9,1.8571428571428572,3,2.5,1.25
9,9,3.2222222222222223,5,2.0,1.0
8,15,2.875,5,1.8333333333333333,1.8333333333333333
7,10,2.2857142857142856,4,1.75,1.4
8,9,2.5,4,2.0,1.1428571428571428
7,9,1.4285714285714286,2,3.0,1.0
7,8,1.4285714285714286,2,3.0,1.0
9,12,2.6666666666666665,4,2.0,1.0
13,33,2.769230769230769,5,3.0,2.727272727272727
7,8,1.8571428571428572,3,2.5,1.25
7,8,1.4285714285714286,2,3.0,1.0
9,10,3.2222222222222223,5,2.0,1.0
7,11,2.857142857142857,5,1.8,1.5
8,10,2.75,5,1.8,1.2857142857142858
6,7,1.5,3,1.5,1.5
8,11,2.75,5,1.8,1.2857142857142858
9,11,3.2222222222222223,5,1.8,1.125
7,10,3.0,5,1.8,1.5
8,9,2.625,4,2.3333333333333335,1.0
8,14,3.125,5,2.0,1.7142857142857142
8,9,2.5,4,2.0,1.1428571428571428
7,8,1.8571428571428572,3,2.5,1.25
9,13,1.4444444444444444,2,2.5,1.25
8,12,2.25,4,1.5,1.5
9,9,2.888888888888889,5,1.75,1.0
6,6,1.5,3,1.0,1.0
8,10,2.75,4,2.6666666666666665,1.1428571428571428
8,8,2.25,4,2.0,1.0
7,8,1.4285714285714286,2,3.0,1.0
7,9,1.4285714285714286,2,3.0,1.0
9,9,2.888888888888889,5,1.75,1.0
14,29,2.7142857142857144,5,2.7,2.25
8,9,2.5,4,2.0,1.1428571428571428
8,9,2.625,4,2.3333333333333335,1.0
7,8,1.8571428571428572,3,2.5,1.25
8,12,1.875,3,2.5,1.25
8,9,2.625,4,2.3333333333333335,1.0
10,12,2.3,4,1.8,1.125
14,29,2.5,5,2.7,2.25
8,10,2.75,5,1.8,1.2857142857142858
9,10,3.2222222222222223,5,1.8,1.125
11,21,2.6363636363636362,4,2.7142857142857144,2.111111111111111
6,8,1.8333333333333333,3,2.0,1.3333333333333333
8,9,2.5,4,2.0,1.1428571428571428
7,8,1.4285714285714286,2,3.0,1.0
8,10,2.75,5,1.8,1.2857142857142858
9,11,3.2222222222222223,5,1.8,1.125
7,8,2.7142857142857144,4,1.75,1.1666666666666667
8,8,2.125,3,2.0,1.0
9,11,3.2222222222222223,5,1.8,1.125
8,9,2.5,4,2.0,1.1428571428571428
8,8,2.125,3,2.0,1.0
7,9,1.8571428571428572,3,1.6666666666666667,1.0
8,12,2.25,4,1.5,1.5
9,9,3.2222222222222223,5,2.0,1.0
8,9,2.5,4,2.0,1.1428571428571428
9,9,1.5555555555555556,3,2.0,1.0
9,9,3.2222222222222223,5,2.0,1.0
8,10,2.5,4,2.0,1.1428571428571428
8,8,2.125,3,2.0,1.0
7,9,1.8571428571428572,3,1.6666666666666667,1.0
9,10,3.2222222222222223,5,2.0,1.0
7,7,2.7142857142857144,4,1.5,1.0
8,9,2.75,4,2.6666666666666665,1.1428571428571428
8,9,2.5,4,2.0,1.1428571428571428
6,7,1.5,3,1.0,1.0
9,11,3.2222222222222223,5,1.8,1.125
8,8,2.625,4,2.3333333333333335,1.0
6,6,1.5,3,1.0,1.0
6,7,1.5,3,1.0,1.0
8,13,2.375,4,1.5,1.5
6,6,1.3333333333333333,2,2.0,1.0
8,9,2.625,4,2.3333333333333335,1.0
7,9,1.8571428571428572,3,2.5,1.25
8,11,1.375,3,1.5,1.5
8,9,2.25,4,1.4,1.1666666666666667
12,29,2.6666666666666665,5,2.857142857142857,2.5
9,12,2.6666666666666665,4,2.0,1.25
13,31,2.769230769230769,5,2.9,2.6363636363636362
9,11,1.5555555555555556,3,2.5,1.25
9,9,3.2222222222222223,5,2.0,1.0
7,9,2.7142857142857144,4,1.75,1.1666666666666667
8,8,2.125,3,2.0,1.0
7,8,1.8571428571428572,3,2.0,1.0
8,11,2.25,4,1.6,1.3333333333333333
9,9,3.2222222222222223,5,2.0,1.0
12,23,2.5833333333333335,5,2.625,2.1
8,9,2.5,4,2.0,1.1428571428571428
9,10,1.7777777777777777,3,2.5,1.0
7,8,1.8571428571428572,3,2.5,1.25
8,9,2.5,4,2.0,1.1428571428571428
8,9,2.375,4,1.75,1.1666666666666667
6,6,1.3333333333333333,2,2.0,1.0
9,9,3.2222222222222223,5,2.0,1.0
14,31,2.4285714285714284,4,2.6,2.1666666666666665
6,8,1.8333333333333333,3,2.0,1.3333333333333333
8,10,2.75,5,1.8,1.2857142857142858
8,9,2.25,4,1.75,1.1666666666666667
8,9,2.5,4,2.0,1.1428571428571428
8,10,2.875,5,1.6,1.1428571428571428
12,32,3.3333333333333335,6,3.111111111111111,2.8
9,12,2.6666666666666665,4,2.0,1.25
13,33,2.923076923076923,5,2.8181818181818183,2.8181818181818183
7,8,1.8571428571428572,3,2.5,1.25
7,7,1.4285714285714286,2,3.0,1.0
9,9,3.2222222222222223,5,2.0,1.0
6,7,2.5,4,1.3333333333333333,1.0
8,8,2.125,3,2.0,1.0
8,10,2.25,4,1.75,1.1666666666666667
9,9,3.2222222222222223,5,2.0,1.0
12,27,2.6666666666666665,5,2.6666666666666665,2.4
9,9,3.2222222222222223,5,2.0,1.0
7,7,2.7142857142857144,4,1.5,1.0
8,9,2.625,4,2.3333333333333335,1.0
9,13,1.6666666666666667,3,2.0,1.5
8,9,2.25,4,1.4,1.1666666666666667
9,9,3.2222222222222223,5,2.0,1.0
8,9,2.75,5,1.6,1.1428571428571428
8,10,2.5,4,2.0,1.1428571428571428
9,9,3.2222222222222223,5,2.0,1.0
7,9,2.4285714285714284,4,1.4,1.1666666666666667
8,10,2.75,5,1.8,1.2857142857142858
8,9,2.625,4,2.3333333333333335,1.0
9,15,3.111111111111111,5,2.2,1.375
7,8,2.142857142857143,4,1.5,1.2
8,11,2.25,4,1.6,1.3333333333333333
9,10,3.2222222222222223,5,1.8,1.125
8,8,2.625,4,2.3333333333333335,1.0
7,8,1.8571428571428572,3,2.5,1.25
7,8,1.4285714285714286,2,3.0,1.0
9,10,3.2222222222222223,5,1.8,1.125
7,9,2.7142857142857144,4,1.75,1.1666666666666667
7,10,2.2857142857142856,4,1.75,1.4
8,8,2.25,4,2.0,1.0
7,8,1.8571428571428572,3,2.5,1.25
9,11,1.2222222222222223,2,2.0,2.0
9,10,3.2222222222222223,5,2.0,1.0
8,10,2.5,4,2.0,1.1428571428571428
8,8,2.125,3,2.0,1.0
7,9,1.8571428571428572,3,1.6666666666666667,1.0
9,9,3.2222222222222223,5,2.0,1.0
11,23,2.727272727272727,5,2.625,2.3333333333333335
8,10,2.875,5,1.6,1.1428571428571428
7,9,1.8571428571428572,3,2.5,1.25
7,8,1.8571428571428572,3,2.5,1.25
12,33,2.3333333333333335,5,2.7777777777777777,3.125
9,11,1.4444444444444444,3,1.5,1.0
8,9,2.875,5,1.6,1.1428571428571428
8,11,2.25,4,1.3333333333333333,1.3333333333333333
6,7,1.5,3,1.5,1.5
8,14,2.75,5,1.8333333333333333,1.5714285714285714
9,11,3.2222222222222223,5,1.8,1.125
7,8,2.7142857142857144,4,1.75,1.1666666666666667
8,9,2.75,4,2.6666666666666665,1.1428571428571428
8,9,2.5,4,2.0,1.1428571428571428
6,7,1.5,3,1.0,1.0
9,10,2.888888888888889,5,1.6,1.1428571428571428
8,9,2.5,4,2.0,1.1428571428571428
6,6,1.5,3,1.0,1.0
9,11,3.2222222222222223,5,1.8,1.125
8,8,2.625,4,2.3333333333333335,1.0
9,11,3.2222222222222223,5,1.8,1.125
9,10,1.7777777777777777,3,2.0,1.2
8,9,2.5,4,2.0,1.1428571428571428
9,11,1.5555555555555556,3,2.0,1.0
7,7,1.8571428571428572,3,2.0,1.0
9,10,2.888888888888889,5,1.6,1.1428571428571428
9,15,3.0,5,2.0,1.5
8,10,2.75,5,1.8,1.2857142857142858
6,6,1.3333333333333333,2,2.0,1.0
9,10,2.4444444444444446,4,2.25,1.125
9,11,3.2222222222222223,5,1.8,1.125
9,10,1.7777777777777777,3,2.0,1.2
6,9,2.3333333333333335,4,1.6666666666666667,1.25
8,9,2.625,4,2.3333333333333335,1.0
7,9,1.8571428571428572,3,2.5,1.25
8,9,2.25,4,1.4,1.1666666666666667
9,10,1.2222222222222223,2,2.0,1.0
8,11,2.25,4,1.4,1.1666666666666667
7,7,1.2857142857142858,2,2.0,1.0
8,11,2.25,4,1.75,1.1666666666666667
9,10,3.2222222222222223,5,2.0,1.0
12,26,2.6666666666666665,5,2.6666666666666665,2.4
9,9,3.2222222222222223,5,2.0,1.0
8,8,2.625,4,2.3333333333333335,1.0
8,9,2.25,4,1.75,1.1666666666666667
9,12,2.6666666666666665,4,2.0,1.25
6,7,2.0,4,1.0,1.0
8,13,2.875,5,1.6666666666666667,1.4285714285714286
6,6,1.3333333333333333,2,2.0,1.0
8,10,2.75,5,1.8,1.2857142857142858
9,10,3.2222222222222223,5,1.8,1.125
8,9,2.875,5,1.6,1.1428571428571428
9,10,1.5555555555555556,3,2.0,1.0
9,10,3.2222222222222223,5,1.8,1.125
8,8,2.5,4,2.3333333333333335,1.0
7,7,1.8571428571428572,3,2.0,1.0
11,27,2.909090909090909,6,2.4444444444444446,2.75
9,9,1.7777777777777777,3,2.0,1.0
13,32,2.6923076923076925,4,3.5,2.5454545454545454
8,8,2.125,3,2.0,1.0
9,10,2.888888888888889,5,1.75,1.0
8,10,2.75,5,1.8,1.2857142857142858
11,23,2.4545454545454546,5,2.375,2.111111111111111
9,9,1.4444444444444444,2,4.0,1.0
6,6,1.3333333333333333,2,2.0,1.0
8,10,2.75,5,1.8,1.2857142857142858
6,8,1.5,3,1.0,1.0
6,8,1.5,3,1.0,1.0
9,9,2.888888888888889,5,1.75,1.0
7,8,2.7142857142857144,4,1.5,1.0
7,12,2.857142857142857,5,1.8,1.5
8,10,2.75,5,1.8,1.2857142857142858
9,9,2.888888888888889,5,1.75,1.0
7,9,2.4285714285714284,4,1.4,1.1666666666666667
8,9,2.5,4,2.0,1.1428571428571428
9,9,1.2222222222222223,2,2.0,1.0
8,11,2.75,5,1.8,1.2857142857142858
9,10,3.2222222222222223,5,2.0,1.0
9,12,1.7777777777777777,4,1.6666666666666667,1.25
8,8,2.5,4,2.3333333333333335,1.0
7,9,1.8571428571428572,3,2.5,1.25
7,7,1.2857142857142858,2,2.0,1.0
7,9,1.8571428571428572,3,2.5,1.25
8,11,2.75,5,1.8,1.2857142857142858
7,8,1.1428571428571428,2,1.0,1.0
7,9,1.2857142857142858,2,2.0,1.0
8,10,2.25,4,1.75,1.1666666666666667
9,9,3.2222222222222223,5,2.0,1.0
8,10,2.75,5,1.8,1.2857142857142858
9,11,2.4444444444444446,4,2.25,1.125
6,8,1.5,3,1.5,1.5
8,10,2.75,5,1.8,1.2857142857142858
7,9,1.4285714285714286,2,3.0,1.0
9,11,1.3333333333333333,2,3.0,1.0
8,11,2.75,5,2.0,1.1428571428571428
9,11,2.6666666666666665,4,2.25,1.125
7,8,2.7142857142857144,4,1.5,1.0
7,11,2.857142857142857,5,1.8,1.5
8,8,2.25,4,2.0,1.0
7,8,1.8571428571428572,3,2.0,1.0
9,9,3.2222222222222223,5,2.0,1.0
7,10,2.857142857142857,5,1.8,1.5
8,8,2.25,4,2.0,1.0
9,17,3.2222222222222223,6,2.1666666666666665,1.625
8,9,2.25,4,1.4,1.1666666666666667
9,9,3.2222222222222223,5,2.0,1.0
11,21,2.6363636363636362,4,2.7142857142857144,2.111111111111111
8,10,2.75,5,1.8,1.2857142857142858
8,10,2.75,5,1.8,1.2857142857142858
7,8,1.8571428571428572,3,2.5,1.25
9,9,3.2222222222222223,5,2.0,1.0
8,9,2.75,5,1.6,1.1428571428571428
8,9,2.875,5,1.6,1.1428571428571428
6,8,1.8333333333333333,3,2.0,1.3333333333333333
8,10,2.75,5,1.8,1.2857142857142858
9,9,3.2222222222222223,5,2.0,1.0
9,14,1.7777777777777777,4,1.75,1.75
8,9,2.5,4,2.0,1.1428571428571428
7,9,2.2857142857142856,4,2.0,1.2
7,8,1.4285714285714286,2,3.0,1.0
7,9,1.4285714285714286,2,3.0,1.0
8,10,2.5,4,2.0,1.1428571428571428
9,9,3.2222222222222223,5,2.0,1.0
11,21,2.4545454545454546,4,2.7142857142857144,2.111111111111111
8,10,2.75,5,1.8,1.2857142857142858
7,9,1.8571428571428572,3,2.5,1.25
8,9,2.375,4,1.75,1.1666666666666667
7,10,1.7142857142857142,3,2.0,1.0
7,8,1.4285714285714286,2,3.0,1.0
8,9,2.5,4,2.0,1.1428571428571428
7,9,1.8571428571428572,3,2.5,1.25
9,12,1.3333333333333333,2,3.0,1.0
9,10,3.2222222222222223,5,1.8,1.125
7,9,2.7142857142857144,4,1.75,1.1666666666666667
8,11,2.75,5,1.6666666666666667,1.4285714285714286
8,10,2.125,4,2.3333333333333335,1.4
7,9,1.8571428571428572,3,2.5,1.25
8,8,2.5,4,1.75,1.0
8,9,2.625,4,1.75,1.1666666666666667
8,12,2.25,4,1.4,1.1666666666666667
6,7,1.5,3,1.0,1.0
9,9,2.888888888888889,5,1.75,1.0
8,12,3.125,5,2.2,1.5714285714285714
8,8,2.625,4,2.3333333333333335,1.0
9,17,3.111111111111111,5,2.1666666666666665,1.625
8,9,2.25,4,1.4,1.1666666666666667
6,7,1.5,3,1.0,1.0
9,11,3.2222222222222223,5,1.8,1.125
8,9,2.75,4,2.6666666666666665,1.1428571428571428
8,10,2.75,5,1.8,1.2857142857142858
9,11,3.2222222222222223,5,1.8,1.125
9,11,1.6666666666666667,3,1.6666666666666667,1.25
8,10,2.75,5,1.8,1.2857142857142858
9,11,1.3333333333333333,2,2.0,1.3333333333333333
7,8,1.8571428571428572,3,2.0,1.0
8,10,2.25,4,1.75,1.1666666666666667
9,11,3.2222222222222223,5,1.8,1.125
8,8,2.625,4,2.3333333333333335,1.0
7,8,1.8571428571428572,3,2.5,1.25
7,8,1.4285714285714286,2,3.0,1.0
9,10,3.2222222222222223,5,2.0,1.0
8,9,2.875,5,1.6,1.1428571428571428
8,8,2.625,4,2.3333333333333335,1.0
6,7,1.5,3,1.5,1.5
13,30,2.769230769230769,5,3.0,2.6666666666666665
7,8,1.4285714285714286,2,3.0,1.0
9,11,2.6666666666666665,4,2.25,1.125
14,31,2.357142857142857,4,2.6363636363636362,2.4166666666666665
8,9,2.5,4,2.0,1.1428571428571428
8,9,2.25,4,1.75,1.1666666666666667
6,7,1.5,3,1.0,1.0
8,10,2.75,5,1.8,1.2857142857142858
7,9,1.2857142857142858,2,2.0,1.0
9,10,1.2222222222222223,2,2.0,1.0
9,10,3.2222222222222223,5,1.8,1.125
7,9,2.4285714285714284,4,1.6,1.3333333333333333
8,9,2.5,4,2.0,1.1428571428571428
7,8,1.8571428571428572,3,2.0,1.0
7,9,1.8571428571428572,3,2.5,1.25
9,10,3.2222222222222223,5,1.8,1.125
8,9,2.75,4,2.6666666666666665,1.1428571428571428
8,9,2.5,4,2.0,1.1428571428571428
6,7,1.5,3,1.0,1.0
9,11,3.2222222222222223,5,1.8,1.125
9,9,1.7777777777777777,3,2.5,1.0
8,9,2.375,4,1.75,1.1666666666666667
8,9,2.375,4,1.75,1.1666666666666667
7,8,1.4285714285714286,2,3.0,1.0
9,10,3.2222222222222223,5,2.0,1.0
8,8,2.625,4,2.3333333333333335,1.0
6,7,1.5,3,1.5,1.5
8,10,2.25,4,1.6,1.3333333333333333
6,8,1.5,3,1.0,1.0
9,10,3.2222222222222223,5,2.0,1.0
8,9,2.5,4,2.0,1.1428571428571428
7,8,1.8571428571428572,3,2.5,1.25
9,10,3.2222222222222223,5,2.0,1.0
7,9,2.4285714285714284,4,1.4,1.1666666666666667
8,13,2.875,5,1.6666666666666667,1.4285714285714286
6,7,1.5,3,1.0,1.0
7,8,1.8571428571428572,3,2.0,1.0
9,11,2.4444444444444446,4,2.25,1.125
9,10,3.2222222222222223,5,2.0,1.0
6,9,2.0,4,1.3333333333333333,1.3333333333333333
7,8,2.2857142857142856,4,1.6666666666666667,1.0
6,6,1.3333333333333333,2,2.0,1.0
8,9,2.375,4,1.75,1.1666666666666667
9,10,1.2222222222222223,2,1.5,1.5
8,10,2.5,4,1.6,1.1428571428571428
9,10,2.3333333333333335,4,2.0,1.1428571428571428
14,39,2.9285714285714284,5,3.5,2.9166666666666665
8,8,2.125,3,2.0,1.0
9,10,3.2222222222222223,5,2.0,1.0
7,8,2.7142857142857144,4,1.5,1.0
7,9,2.7142857142857144,4,1.75,1.1666666666666667
8,10,2.75,5,1.8,1.2857142857142858
9,9,2.888888888888889,5,1.75,1.0
6,7,2.0,4,1.0,1.0
7,9,2.7142857142857144,4,1.75,1.1666666666666667
8,9,2.375,4,1.75,1.1666666666666667
6,6,1.3333333333333333,2,2.0,1.0
8,11,2.75,5,1.8,1.2857142857142858
8,10,2.25,4,1.75,1.1666666666666667
9,10,3.2222222222222223,5,2.0,1.0
7,7,2.7142857142857144,4,1.5,1.0
7,11,2.857142857142857,5,1.8,1.5
8,8,2.25,4,2.0,1.0
7,8,1.8571428571428572,3,2.0,1.0
9,10,3.2222222222222223,5,2.0,1.0
8,8,2.125,3,2.0,1.0
13,34,3.1538461538461537,6,2.8,2.8
8,10,2.75,5,1.8,1.2857142857142858
6,7,1.5,3,1.5,1.5
9,9,3.2222222222222223,5,2.0,1.0
8,9,2.75,4,2.6666666666666665,1.1428571428571428
8,9,2.5,4,2.0,1.1428571428571428
6,7,1.5,3,1.0,1.0
9,10,3.2222222222222223,5,2.0,1.0
7,9,2.4285714285714284,4,1.6,1.3333333333333333
8,9,2.625,4,2.3333333333333335,1.0
9,18,3.2222222222222223,6,2.0,1.75
8,9,2.25,4,1.4,1.1666666666666667
13,35,3.1538461538461537,6,3.2,2.909090909090909
7,9,2.4285714285714284,4,1.4,1.1666666666666667
8,9,2.375,4,1.75,1.1666666666666667
6,7,1.5,3,1.5,1.5
7,8,1.8571428571428572,3,2.5,1.25
9,10,3.2222222222222223,5,2.0,1.0
11,22,2.5454545454545454,4,2.857142857142857,2.2222222222222223
8,8,2.625,4,2.3333333333333335,1.0
6,7,1.5,3,1.0,1.0
8,9,2.5,4,2.0,1.1428571428571428
6,7,1.5,3,1.0,1.0
9,10,3.2222222222222223,5,1.8,1.125
12,24,2.6666666666666665,4,3.142857142857143,2.2
8,9,2.875,5,1.6,1.1428571428571428
7,7,1.7142857142857142,3,2.0,1.0
14,42,3.142857142857143,6,3.6,3.272727272727273
7,8,1.4285714285714286,2,3.0,1.0
8,11,2.75,5,2.0,1.1428571428571428
9,13,2.3333333333333335,4,2.0,1.1428571428571428
13,32,2.769230769230769,5,2.9,2.6363636363636362
8,11,2.375,4,2.0,1.3333333333333333
8,9,3.125,5,1.6,1.1428571428571428
7,8,2.7142857142857144,4,1.75,1.1666666666666667
8,10,2.75,4,2.6666666666666665,1.1428571428571428
8,10,2.75,5,1.8,1.2857142857142858
9,9,2.888888888888889,5,1.75,1.0
11,18,2.727272727272727,5,2.142857142857143,1.5
8,10,2.75,5,1.8,1.2857142857142858
6,7,1.5,3,1.0,1.0
7,8,1.4285714285714286,3,1.0,1.0
8,10,2.75,5,1.8,1.2857142857142858
7,8,1.4285714285714286,2,3.0,1.0
8,12,2.75,5,1.8,1.2857142857142858
10,12,2.9,5,2.0,1.1111111111111112
15,35,2.7333333333333334,5,3.2,2.4615384615384617
7,10,2.857142857142857,5,1.8,1.5
8,10,2.75,5,1.8,1.2857142857142858
7,8,1.8571428571428572,3,2.5,1.25
9,11,3.2222222222222223,5,1.8,1.125
8,8,2.625,4,2.3333333333333335,1.0
7,8,1.4285714285714286,2,3.0,1.0
7,9,1.4285714285714286,2,3.0,1.0
9,10,3.2222222222222223,5,2.0,1.0
8,8,2.625,4,2.3333333333333335,1.0
9,12,1.5555555555555556,3,2.0,1.0
8,9,2.5,4,2.0,1.1428571428571428
6,7,1.5,3,1.5,1.5
8,10,2.75,5,1.8,1.2857142857142858
9,10,3.2222222222222223,5,2.0,1.0
7,10,3.0,5,1.8,1.5
8,9,2.5,4,2.0,1.1428571428571428
7,8,1.8571428571428572,3,2.0,1.0
7,9,1.8571428571428572,3,2.5,1.25
9,11,3.2222222222222223,5,1.8,1.125
8,10,2.75,5,1.8,1.2857142857142858
8,10,2.75,5,1.8,1.2857142857142858
13,38,3.230769230769231,6,3.090909090909091,3.090909090909091
9,9,3.2222222222222223,5,2.0,1.0
7,7,2.7142857142857144,4,1.5,1.0
8,9,2.75,4,2.6666666666666665,1.1428571428571428
8,10,2.75,5,1.8,1.2857142857142858
9,10,3.2222222222222223,5,2.0,1.0
9,14,1.7777777777777777,4,1.75,1.75
8,8,2.5,4,2.3333333333333335,1.0
7,8,1.8571428571428572,3,2.5,1.25
9,11,1.3333333333333333,2,1.5,1.0
13,30,2.769230769230769,5,3.0,2.6666666666666665
6,8,1.5,3,1.0,1.0
9,10,3.2222222222222223,5,2.0,1.0
6,8,2.0,4,1.0,1.0
8,8,2.125,3,2.0,1.0
7,9,1.8571428571428572,3,2.5,1.25
8,10,2.25,4,1.75,1.1666666666666667
9,10,3.2222222222222223,5,2.0,1.0
13,20,2.3076923076923075,4,1.8888888888888888,1.5454545454545454
8,10,2.75,5,1.8,1.2857142857142858
6,7,1.5,3,1.5,1.5
7,8,1.4285714285714286,2,3.0,1.0
8,9,2.5,4,2.0,1.1428571428571428
7,9,1.8571428571428572,3,2.5,1.25
8,9,2.625,4,2.3333333333333335,1.0
7,9,1.8571428571428572,3,2.5,1.25
7,8,1.2857142857142858,2,2.0,1.0
8,11,2.25,4,1.75,1.1666666666666667
9,11,2.6666666666666665,4,2.25,1.125
14,31,2.7142857142857144,5,2.8,2.3333333333333335
8,9,2.5,4,2.0,1.1428571428571428
7,8,1.8571428571428572,3,2.0,1.0
7,8,1.8571428571428572,3,2.5,1.25
9,9,3.2222222222222223,5,2.0,1.0
7,10,2.857142857142857,5,1.8,1.5
8,8,2.25,4,2.0,1.0
8,10,2.5,4,2.0,1.1428571428571428
6,6,1.3333333333333333,2,2.0,1.0
9,9,3.2222222222222223,5,2.0,1.0
8,11,2.875,5,1.5,1.2857142857142858
9,9,1.4444444444444444,2,4.0,1.0
13,36,3.1538461538461537,6,3.3,3.0
6,6,1.5,3,1.0,1.0
7,10,2.2857142857142856,4,2.0,1.2
8,9,2.625,4,2.3333333333333335,1.0
6,6,1.3333333333333333,2,2.0,1.0
8,9,2.5,4,2.0,1.1428571428571428
7,9,1.8571428571428572,3,2.5,1.25
9,10,1.2222222222222223,2,2.0,1.0
8,10,2.25,4,1.75,1.1666666666666667
13,34,3.076923076923077,6,3.0,2.727272727272727
14,39,3.2857142857142856,6,3.2,2.6666666666666665
7,9,2.2857142857142856,4,1.5,1.2
7,9,2.0,3,2.0,1.2
8,11,2.75,5,1.8,1.2857142857142858
7,8,1.8571428571428572,3,2.5,1.25
9,9,2.888888888888889,5,1.75,1.0
7,9,2.4285714285714284,4,1.4,1.1666666666666667
8,9,2.5,4,2.0,1.1428571428571428
9,11,1.4444444444444444,3,1.3333333333333333,1.3333333333333333
8,10,2.5,4,1.6,1.1428571428571428
9,11,3.2222222222222223,5,1.8,1.125
6,7,2.3333333333333335,4,1.6666666666666667,1.25
8,10,2.75,5,1.8,1.2857142857142858
8,10,2.75,5,1.8,1.2857142857142858
7,8,1.4285714285714286,2,3.0,1.0
6,9,1.5,3,1.5,1.5
8,10,2.25,4,1.75,1.1666666666666667
9,10,3.2222222222222223,5,2.0,1.0
7,10,2.7142857142857144,4,1.75,1.1666666666666667
8,9,2.375,4,1.75,1.1666666666666667
7,9,1.8571428571428572,3,2.5,1.25
9,10,3.2222222222222223,5,2.0,1.0
7,10,2.857142857142857,5,1.8,1.5
8,8,2.25,4,2.0,1.0
8,11,2.5,4,1.8,1.2857142857142858
6,6,1.3333333333333333,2,2.0,1.0
8,12,2.25,4,1.6,1.3333333333333333
13,35,3.076923076923077,6,3.0,2.727272727272727
14,39,3.2857142857142856,6,3.2,2.6666666666666665
9,11,2.3333333333333335,4,2.3333333333333335,1.0
14,35,2.7857142857142856,5,2.727272727272727,2.5
8,9,2.625,4,2.3333333333333335,1.0
6,7,2.0,4,1.0,1.0
9,10,2.888888888888889,5,1.6,1.1428571428571428
7,9,2.7142857142857144,4,1.75,1.1666666666666667
7,9,2.2857142857142856,4,1.75,1.4
8,10,2.75,5,1.6,1.1428571428571428
9,11,3.2222222222222223,5,1.8,1.125
9,12,1.7777777777777777,3,2.3333333333333335,1.4
8,9,2.5,4,2.0,1.1428571428571428
6,8,1.8333333333333333,3,2.0,1.3333333333333333
9,13,1.7777777777777777,4,2.0,2.0
8,9,3.125,5,1.6,1.1428571428571428
8,9,2.875,5,1.6,1.1428571428571428
9,10,1.5555555555555556,3,2.0,1.0
9,11,3.2222222222222223,5,1.8,1.125
14,21,1.7142857142857142,3,4.0,1.7142857142857142
8,9,2.625,4,2.3333333333333335,1.0
9,12,1.5555555555555556,3,2.3333333333333335,1.75
7,9,1.7142857142857142,3,2.0,1.0
8,10,2.75,5,1.8,1.2857142857142858
6,8,1.5,3,1.0,1.0
9,11,3.2222222222222223,5,1.8,1.125
8,9,2.75,4,2.6666666666666665,1.1428571428571428
8,10,2.75,5,1.8,1.2857142857142858
8,8,2.25,4,2.0,1.0
6,7,1.5,3,1.5,1.5
7,8,1.4285714285714286,2,3.0,1.0
9,11,3.2222222222222223,5,1.8,1.125
7,9,2.7142857142857144,4,1.75,1.1666666666666667
8,10,2.75,4,2.6666666666666665,1.1428571428571428
8,10,2.75,5,1.8,1.2857142857142858
8,10,2.5,4,1.6,1.1428571428571428
11,24,2.3636363636363638,5,2.2222222222222223,2.5
9,11,1.7777777777777777,3,2.5,1.0
9,10,1.5555555555555556,3,2.0,1.0
15,20,1.6666666666666667,3,2.1666666666666665,1.625
14,26,1.7857142857142858,4,2.8333333333333335,2.125
13,24,2.230769230769231,4,2.375,1.7272727272727273
14,25,1.9285714285714286,3,3.8,1.9
14,28,2.642857142857143,5,2.888888888888889,2.1666666666666665
14,23,2.9285714285714284,5,3.5,1.75
13,27,2.6153846153846154,5,2.5,2.272727272727273
13,22,2.769230769230769,5,3.3333333333333335,1.8181818181818181
13,21,2.230769230769231,4,3.1666666666666665,1.7272727272727273
15,42,3.4,6,3.272727272727273,2.769230769230769
10,12,2.9,5,2.2,1.2222222222222223
13,28,2.6923076923076925,5,3.25,2.3636363636363638
9,9,3.2222222222222223,5,2.0,1.0
6,6,1.5,3,1.0,1.0
8,9,2.5,4,2.0,1.1428571428571428
7,8,1.8571428571428572,3,2.5,1.25
9,12,1.5555555555555556,3,2.0,1.0
7,9,1.4285714285714286,2,3.0,1.0
8,10,2.75,5,1.8,1.2857142857142858
9,9,3.2222222222222223,5,2.0,1.0
7,8,2.7142857142857144,4,1.5,1.0
7,12,2.857142857142857,5,1.8,1.5
8,9,2.5,4,2.0,1.1428571428571428
7,9,1.8571428571428572,3,2.5,1.25
9,10,1.2222222222222223,2,2.0,1.0
8,10,2.25,4,1.75,1.1666666666666667
9,10,3.2222222222222223,5,2.0,1.0
8,8,2.625,4,2.3333333333333335,1.0
6,7,1.5,3,1.0,1.0
9,9,3.2222222222222223,5,2.0,1.0
13,25,2.6923076923076925,5,2.875,2.090909090909091
9,9,3.2222222222222223,5,2.0,1.0
8,8,2.625,4,2.3333333333333335,1.0
8,9,2.25,4,1.75,1.1666666666666667
9,9,3.2222222222222223,5,2.0,1.0
7,10,2.7142857142857144,4,1.75,1.1666666666666667
8,9,2.375,4,1.75,1.1666666666666667
7,8,1.7142857142857142,3,2.0,1.0
8,11,2.75,5,2.0,1.1428571428571428
9,9,3.2222222222222223,5,2.0,1.0
7,7,2.7142857142857144,4,1.5,1.0
7,10,2.857142857142857,5,1.8,1.5
8,8,2.25,4,2.0,1.0
7,8,1.8571428571428572,3,2.0,1.0
9,10,3.2222222222222223,5,2.0,1.0
7,9,2.4285714285714284,4,1.6,1.3333333333333333
8,9,2.375,4,1.75,1.1666666666666667
7,8,1.8571428571428572,3,2.5,1.25
7,8,1.4285714285714286,2,3.0,1.0
8,10,2.75,5,1.8,1.2857142857142858
6,7,1.3333333333333333,2,2.0,1.0
7,8,1.1428571428571428,2,1.0,1.0
9,10,2.3333333333333335,4,2.0,1.1428571428571428
13,34,2.923076923076923,5,3.0,2.727272727272727
8,8,2.125,3,2.0,1.0
9,10,3.2222222222222223,5,2.0,1.0
7,10,2.857142857142857,5,1.8,1.5
8,10,2.75,5,1.8,1.2857142857142858
8,8,2.25,4,2.0,1.0
6,7,1.5,3,1.5,1.5
9,10,3.2222222222222223,5,2.0,1.0
7,8,2.7142857142857144,4,1.5,1.0
7,9,2.2857142857142856,4,2.0,1.2
8,11,2.75,5,1.8,1.2857142857142858
8,9,2.25,4,1.4,1.1666666666666667
9,10,3.2222222222222223,5,2.0,1.0
6,7,1.5,3,1.0,1.0
9,10,1.4444444444444444,2,4.0,1.0
8,10,2.75,5,1.8,1.2857142857142858
8,9,2.625,4,2.3333333333333335,1.0
9,9,1.2222222222222223,2,2.0,1.0
9,10,3.2222222222222223,5,2.0,1.0
8,10,2.875,5,1.6,1.1428571428571428
9,10,1.5555555555555556,3,2.5,1.25
9,9,3.2222222222222223,5,2.0,1.0
14,26,2.9285714285714284,5,3.3333333333333335,1.6666666666666667
8,8,2.625,4,2.3333333333333335,1.0
9,9,1.4444444444444444,2,4.0,1.0
7,9,1.7142857142857142,3,2.0,1.0
8,10,2.75,5,1.8,1.2857142857142858
6,8,1.5,3,1.0,1.0
11,28,2.909090909090909,6,2.4444444444444446,2.75
9,10,1.7777777777777777,3,2.0,1.0
14,31,2.7857142857142856,5,2.9,2.4166666666666665
8,10,2.75,5,1.8,1.2857142857142858
9,10,2.888888888888889,5,1.75,1.0
8,11,2.25,4,1.6,1.3333333333333333
8,9,2.375,4,1.75,1.1666666666666667
7,9,2.4285714285714284,4,1.4,1.1666666666666667
6,6,1.5,3,1.0,1.0
9,11,3.2222222222222223,5,1.8,1.125
8,9,2.75,4,2.6666666666666665,1.1428571428571428
8,10,2.75,5,1.8,1.2857142857142858
8,8,2.25,4,2.0,1.0
6,7,1.5,3,1.5,1.5
9,9,3.2222222222222223,5,2.0,1.0
8,11,2.75,5,1.8,1.2857142857142858
8,10,2.75,5,1.8,1.2857142857142858
11,28,2.727272727272727,5,2.625,2.625
9,12,2.3333333333333335,4,2.3333333333333335,1.0
14,38,2.9285714285714284,5,3.4,2.8333333333333335
7,8,1.8571428571428572,3,2.5,1.25
7,7,1.4285714285714286,2,3.0,1.0
8,11,2.75,5,1.6666666666666667,1.4285714285714286
8,10,1.5,3,2.0,1.3333333333333333
8,9,3.125,5,1.6,1.1428571428571428
7,8,2.7142857142857144,4,1.75,1.1666666666666667
8,8,2.125,3,2.0,1.0
9,9,2.888888888888889,5,1.75,1.0
8,11,2.25,4,1.6,1.3333333333333333
8,8,2.125,3,2.0,1.0
9,9,2.888888888888889,5,1.75,1.0
6,7,2.0,4,1.0,1.0
8,8,2.125,3,2.0,1.0
14,39,2.642857142857143,5,3.6,3.272727272727273
10,12,1.5,3,2.0,1.0
9,11,1.5555555555555556,3,2.0,1.0
14,21,1.5714285714285714,3,3.25,1.8571428571428572
13,22,1.6153846153846154,3,3.6666666666666665,1.5714285714285714
13,26,2.3076923076923075,4,3.142857142857143,2.0
13,25,2.6153846153846154,5,2.5555555555555554,2.090909090909091
14,29,2.7857142857142856,5,3.0,2.0
15,38,3.1333333333333333,6,2.769230769230769,2.769230769230769
14,28,2.7142857142857144,5,3.0,2.0
13,27,2.230769230769231,4,2.5,2.272727272727273
13,23,2.769230769230769,5,3.5,1.9090909090909092
15,40,3.066666666666667,5,3.090909090909091,2.6153846153846154
9,12,2.6666666666666665,4,2.0,1.25
13,27,2.3076923076923075,4,2.5555555555555554,2.090909090909091
7,9,1.7142857142857142,3,2.0,1.0
8,10,2.75,5,1.8,1.2857142857142858
8,8,2.625,4,2.3333333333333335,1.0
6,8,1.5,3,1.0,1.0
8,10,2.75,5,1.8,1.2857142857142858
9,9,3.2222222222222223,5,2.0,1.0
8,10,2.5,4,2.0,1.1428571428571428
8,8,2.125,3,2.0,1.0
7,9,1.8571428571428572,3,1.6666666666666667,1.0
8,12,2.25,4,1.5,1.5
9,9,3.2222222222222223,5,2.0,1.0
6,6,1.5,3,1.0,1.0
8,9,2.5,4,2.0,1.1428571428571428
6,6,1.3333333333333333,2,2.0,1.0
8,10,2.25,4,1.75,1.1666666666666667
9,10,2.3333333333333335,4,2.0,1.1428571428571428
14,31,2.4285714285714284,4,2.875,1.9166666666666667
8,10,3.0,5,1.6,1.3333333333333333
9,11,3.2222222222222223,5,1.8,1.125
7,8,2.7142857142857144,4,1.75,1.1666666666666667
8,8,2.125,3,2.0,1.0
7,8,1.8571428571428572,3,2.0,1.0
9,10,3.2222222222222223,5,2.0,1.0
8,9,2.875,5,1.6,1.1428571428571428
8,9,2.25,4,1.75,1.1666666666666667
8,9,2.5,4,2.0,1.1428571428571428
7,8,1.8571428571428572,3,2.0,1.0
9,9,3.2222222222222223,5,2.0,1.0
7,8,2.7142857142857144,4,1.5,1.0
7,12,2.857142857142857,5,1.8,1.5
8,10,2.75,5,1.8,1.2857142857142858
9,10,3.2222222222222223,5,2.0,1.0
8,9,2.75,4,2.6666666666666665,1.1428571428571428
8,10,2.75,5,1.8,1.2857142857142858
8,8,2.25,4,2.0,1.0
9,16,3.111111111111111,5,2.0,1.5
8,11,2.5,4,2.0,1.1428571428571428
9,10,3.2222222222222223,5,2.0,1.0
8,10,2.875,5,1.6,1.1428571428571428
9,12,1.7777777777777777,3,3.0,1.2
9,11,1.5555555555555556,3,2.5,1.25
8,10,2.75,5,1.8,1.2857142857142858
6,6,1.3333333333333333,2,2.0,1.0
9,10,3.2222222222222223,5,2.0,1.0
8,10,3.625,6,1.5,1.2857142857142858
9,10,1.5555555555555556,3,2.5,1.25
9,9,3.2222222222222223,5,2.0,1.0
8,8,2.5,4,2.3333333333333335,1.0
7,8,1.8571428571428572,3,2.0,1.0
12,36,3.0833333333333335,6,3.0,3.0
9,10,2.3333333333333335,4,2.0,1.1428571428571428
13,27,2.769230769230769,5,2.7777777777777777,2.272727272727273
7,7,1.8571428571428572,3,2.0,1.0
9,9,3.2222222222222223,5,2.0,1.0
6,7,2.0,4,1.0,1.0
8,10,2.75,5,1.8,1.2857142857142858
7,7,1.4285714285714286,2,3.0,1.0
7,8,1.4285714285714286,2,3.0,1.0
8,10,2.875,5,1.6,1.1428571428571428
8,9,2.25,4,1.75,1.1666666666666667
9,10,3.2222222222222223,5,2.0,1.0
10,17,3.4,6,2.3333333333333335,1.5555555555555556
8,9,2.5,4,2.0,1.1428571428571428
6,7,1.5,3,1.0,1.0
8,9,2.5,4,2.0,1.1428571428571428
7,8,1.8571428571428572,3,2.0,1.0
6,7,1.5,3,1.0,1.0
9,9,3.2222222222222223,5,2.0,1.0
6,9,3.1666666666666665,5,1.25,1.0
8,8,2.125,3,2.0,1.0
6,8,1.8333333333333333,3,2.0,1.3333333333333333
6,6,1.3333333333333333,2,2.0,1.0
8,10,3.0,5,1.6,1.3333333333333333
7,9,1.7142857142857142,3,2.0,1.0
11,26,2.4545454545454546,5,2.5,2.857142857142857
9,10,3.2222222222222223,5,2.0,1.0
7,9,2.4285714285714284,4,1.6,1.3333333333333333
7,10,2.857142857142857,5,1.8,1.5
8,10,2.75,5,1.8,1.2857142857142858
7,8,1.8571428571428572,3,2.5,1.25
9,10,3.2222222222222223,5,2.0,1.0
8,8,2.5,4,2.3333333333333335,1.0
7,9,1.8571428571428572,3,2.5,1.25
9,10,3.2222222222222223,5,2.0,1.0
8,11,2.25,4,1.6,1.3333333333333333
8,8,2.125,3,2.0,1.0
7,9,1.8571428571428572,3,2.5,1.25
7,9,1.8571428571428572,3,2.5,1.25
8,11,2.25,4,1.6,1.3333333333333333
9,12,2.3333333333333335,4,2.0,1.1428571428571428
14,38,2.857142857142857,5,3.4,2.8333333333333335
7,8,1.8571428571428572,3,2.5,1.25
9,10,3.2222222222222223,5,2.0,1.0
8,8,2.5,4,2.3333333333333335,1.0
6,7,2.0,4,1.0,1.0
9,9,3.2222222222222223,5,2.0,1.0
8,8,2.625,4,2.3333333333333335,1.0
9,10,3.2222222222222223,5,1.8,1.125
8,14,2.875,5,1.8333333333333333,1.8333333333333333
8,9,2.375,4,1.75,1.1666666666666667
8,10,2.25,4,1.75,1.1666666666666667
9,12,1.7777777777777777,3,2.3333333333333335,1.4
9,13,1.7777777777777777,4,2.0,2.0
8,9,3.125,5,1.6,1.1428571428571428
8,9,2.75,4,2.6666666666666665,1.1428571428571428
8,9,2.625,4,2.3333333333333335,1.0
9,17,3.111111111111111,5,2.1666666666666665,1.625
8,9,2.25,4,1.4,1.1666666666666667
9,9,2.888888888888889,5,1.75,1.0
7,8,2.142857142857143,4,1.5,1.2
8,9,2.375,4,1.75,1.1666666666666667
8,10,3.0,5,1.6,1.3333333333333333
9,11,1.6666666666666667,3,1.6666666666666667,1.25
8,10,2.75,5,1.8,1.2857142857142858
7,8,1.4285714285714286,2,3.0,1.0
9,10,3.2222222222222223,5,2.0,1.0
9,13,1.7777777777777777,3,2.5,1.0
8,9,2.875,5,1.75,1.0
6,8,1.8333333333333333,3,2.0,1.3333333333333333
12,37,3.0833333333333335,6,3.1,3.1
9,12,2.6666666666666665,4,2.0,1.25
15,36,2.8666666666666667,5,3.090909090909091,2.6153846153846154
9,10,3.2222222222222223,5,2.0,1.0
8,8,2.625,4,2.3333333333333335,1.0
8,9,2.25,4,1.75,1.1666666666666667
9,9,3.2222222222222223,5,2.0,1.0
8,10,2.5,4,2.0,1.1428571428571428
8,8,2.125,3,2.0,1.0
8,10,1.75,3,1.6666666666666667,1.0
6,7,1.5,3,1.5,1.5
9,10,3.2222222222222223,5,2.0,1.0
8,11,2.875,4,2.25,1.2857142857142858
8,10,2.75,5,1.8,1.2857142857142858
8,9,2.5,4,2.0,1.1428571428571428
9,12,1.5555555555555556,3,2.0,1.0
7,9,1.8571428571428572,3,2.5,1.25
9,14,1.7777777777777777,3,3.3333333333333335,2.0
8,9,2.375,4,1.75,1.1666666666666667
8,13,2.375,4,1.5,1.5
6,7,1.3333333333333333,2,2.0,1.0
8,10,2.25,4,1.75,1.1666666666666667
9,10,3.2222222222222223,5,2.0,1.0
8,8,2.625,4,2.3333333333333335,1.0
7,8,1.8571428571428572,3,2.5,1.25
7,8,1.4285714285714286,2,3.0,1.0
9,10,3.2222222222222223,5,2.0,1.0
8,11,2.5,4,2.0,1.4285714285714286
8,8,2.625,4,2.3333333333333335,1.0
6,6,1.5,3,1.0,1.0
9,9,3.2222222222222223,5,2.0,1.0
6,7,2.0,4,1.0,1.0
8,13,2.875,5,1.6666666666666667,1.4285714285714286
8,9,2.5,4,2.0,1.1428571428571428
7,8,1.8571428571428572,3,2.0,1.0
8,9,2.375,4,1.75,1.1666666666666667
6,6,1.3333333333333333,2,2.0,1.0
9,10,3.2222222222222223,5,2.0,1.0
9,12,1.7777777777777777,3,3.0,1.2
8,9,2.5,4,2.0,1.1428571428571428
6,6,1.3333333333333333,2,2.0,1.0
6,8,1.5,3,1.0,1.0
7,8,1.8571428571428572,3,2.0,1.0
11,26,2.8181818181818183,6,2.3333333333333335,2.625
10,12,1.5,3,2.0,1.0
9,10,1.5555555555555556,3,2.0,1.0
14,35,3.0,6,3.3333333333333335,2.5
14,18,1.6428571428571428,3,2.75,1.375
14,29,2.857142857142857,5,3.375,2.25
13,23,2.769230769230769,5,3.3333333333333335,1.8181818181818181
14,23,2.5,4,4.2,1.75
14,25,2.5,4,3.2857142857142856,1.9166666666666667
15,44,3.4,6,3.3636363636363638,2.8461538461538463
9,12,2.6666666666666665,4,2.0,1.25
13,31,3.1538461538461537,6,2.9,2.6363636363636362
7,8,1.8571428571428572,3,2.5,1.25
7,8,1.4285714285714286,2,3.0,1.0
9,9,3.2222222222222223,5,2.0,1.0
13,28,2.769230769230769,5,3.25,2.3636363636363638
9,9,3.2222222222222223,5,2.0,1.0
8,8,2.625,4,2.3333333333333335,1.0
8,9,2.25,4,1.75,1.1666666666666667
9,9,3.2222222222222223,5,2.0,1.0
8,9,2.875,5,1.6,1.1428571428571428
7,8,1.8571428571428572,3,2.5,1.25
8,10,2.75,5,1.8,1.2857142857142858
9,9,3.2222222222222223,5,2.0,1.0
7,8,2.7142857142857144,4,1.5,1.0
7,12,2.857142857142857,5,1.8,1.5
8,8,2.25,4,2.0,1.0
7,8,1.8571428571428572,3,2.0,1.0
9,10,3.2222222222222223,5,2.0,1.0
7,11,2.4285714285714284,4,1.4,1.1666666666666667
8,9,2.375,4,1.75,1.1666666666666667
9,14,2.6666666666666665,5,2.0,1.4285714285714286
8,10,2.5,4,1.6,1.1428571428571428
9,9,3.2222222222222223,5,2.0,1.0
14,31,2.7142857142857144,5,2.6363636363636362,2.4166666666666665
8,9,2.5,4,2.0,1.1428571428571428
8,8,2.625,4,2.3333333333333335,1.0
7,8,1.8571428571428572,3,2.5,1.25
8,12,1.875,3,2.5,1.25
8,8,2.625,4,2.3333333333333335,1.0
9,9,3.2222222222222223,5,2.0,1.0
8,10,2.75,5,1.8,1.2857142857142858
8,9,2.875,5,1.6,1.1428571428571428
6,8,1.8333333333333333,3,2.0,1.3333333333333333
8,10,2.75,5,1.8,1.2857142857142858
9,12,2.3333333333333335,4,2.0,1.1428571428571428
14,39,2.9285714285714284,5,3.5,2.9166666666666665
7,10,2.2857142857142856,4,1.75,1.4
8,8,2.25,4,2.0,1.0
7,8,1.8571428571428572,3,2.5,1.25
9,11,3.2222222222222223,5,1.8,1.125
7,11,3.0,5,1.8,1.5
8,9,2.375,4,1.75,1.1666666666666667
6,7,1.5,3,1.5,1.5
7,8,1.4285714285714286,2,3.0,1.0
6,7,1.5,3,1.0,1.0
9,10,3.2222222222222223,5,1.8,1.125
8,16,2.75,5,1.6666666666666667,1.6666666666666667
8,8,2.625,4,2.3333333333333335,1.0
7,9,1.8571428571428572,3,2.5,1.25
9,11,3.2222222222222223,5,1.8,1.125
7,10,3.0,5,1.8,1.5
8,9,2.5,4,2.0,1.1428571428571428
7,9,1.8571428571428572,3,2.5,1.25
7,8,1.8571428571428572,3,2.5,1.25
7,12,3.142857142857143,5,2.0,1.6666666666666667
6,7,1.5,3,1.0,1.0
6,8,1.5,3,1.0,1.0
8,11,2.375,4,2.0,1.3333333333333333
8,9,3.125,5,1.6,1.1428571428571428
6,7,2.3333333333333335,4,1.6666666666666667,1.25
8,10,2.75,5,1.8,1.2857142857142858
8,14,2.75,5,1.8333333333333333,1.5714285714285714
8,10,2.75,5,1.8,1.2857142857142858
8,12,2.625,4,1.8,1.2857142857142858
11,18,1.8181818181818181,3,3.0,2.0
8,10,2.75,5,1.8,1.2857142857142858
6,8,1.5,3,1.5,1.5
8,9,2.5,4,2.0,1.1428571428571428
7,9,1.8571428571428572,3,2.5,1.25
9,11,1.2222222222222223,2,2.0,1.0
9,10,2.888888888888889,5,1.6,1.1428571428571428
8,11,2.75,4,2.25,1.2857142857142858
8,8,2.125,3,2.0,1.0
7,9,1.7142857142857142,3,2.0,1.0
9,11,3.2222222222222223,5,1.8,1.125
14,33,2.857142857142857,5,3.1,2.5833333333333335
9,10,2.888888888888889,5,1.6,1.1428571428571428
8,13,3.125,5,1.8333333333333333,1.5714285714285714
6,9,2.3333333333333335,4,1.6666666666666667,1.25
8,9,2.5,4,2.0,1.1428571428571428
8,11,2.75,5,1.8,1.2857142857142858
7,8,1.4285714285714286,2,3.0,1.0
9,9,2.888888888888889,5,1.75,1.0
8,9,2.875,5,1.6,1.1428571428571428
8,13,2.875,5,1.6666666666666667,1.4285714285714286
7,8,1.8571428571428572,3,2.0,1.0
9,11,3.2222222222222223,5,1.8,1.125
7,8,2.7142857142857144,4,1.5,1.0
7,10,2.7142857142857144,4,1.75,1.1666666666666667
8,11,2.75,5,1.8,1.2857142857142858
7,9,1.8571428571428572,3,2.5,1.25
8,10,2.25,4,2.0,1.0
10,12,2.9,5,2.0,1.1111111111111112
14,31,2.7142857142857144,5,2.8,2.3333333333333335
8,8,2.5,4,2.3333333333333335,1.0
7,8,1.4285714285714286,2,3.0,1.0
7,8,1.4285714285714286,2,3.0,1.0
9,10,3.2222222222222223,5,2.0,1.0
8,14,2.75,5,1.6666666666666667,1.6666666666666667
6,7,1.6666666666666667,3,1.5,1.0
9,11,2.4444444444444446,4,2.25,1.125
9,11,3.2222222222222223,5,1.8,1.125
8,8,2.5,4,2.3333333333333335,1.0
7,8,1.8571428571428572,3,2.0,1.0
9,10,3.2222222222222223,5,2.0,1.0
8,10,2.875,5,1.6,1.1428571428571428
14,38,3.2142857142857144,6,2.909090909090909,2.909090909090909
8,10,2.75,5,1.8,1.2857142857142858
6,6,1.3333333333333333,2,2.0,1.0
9,9,3.2222222222222223,5,2.0,1.0
8,8,2.625,4,2.3333333333333335,1.0
9,10,1.7777777777777777,3,2.5,1.0
8,8,2.625,4,2.3333333333333335,1.0
8,9,2.5,4,2.0,1.1428571428571428
7,9,1.8571428571428572,3,2.5,1.25
12,32,3.3333333333333335,6,3.111111111111111,2.8
9,9,3.2222222222222223,5,2.0,1.0
8,9,2.5,4,2.0,1.1428571428571428
7,8,1.8571428571428572,3,2.0,1.0
9,9,3.2222222222222223,5,2.0,1.0
8,8,2.5,4,2.3333333333333335,1.0
6,7,1.5,3,1.0,1.0
9,9,3.2222222222222223,5,2.0,1.0
8,8,2.625,4,2.3333333333333335,1.0
9,9,3.2222222222222223,5,2.0,1.0
7,10,2.857142857142857,5,1.8,1.5
8,10,2.5,4,2.0,1.1428571428571428
7,9,1.8571428571428572,3,2.5,1.25
7,8,1.8571428571428572,3,2.0,1.0
9,10,2.3333333333333335,4,2.0,1.1428571428571428
14,38,2.857142857142857,5,3.4,2.8333333333333335
7,10,2.7142857142857144,4,2.0,1.3333333333333333
8,8,2.25,4,2.0,1.0
7,8,1.8571428571428572,3,2.0,1.0
9,10,3.2222222222222223,5,2.0,1.0
7,8,2.4285714285714284,4,1.4,1.1666666666666667
6,8,2.1666666666666665,4,1.3333333333333333,1.0
8,9,2.5,4,2.0,1.1428571428571428
7,9,1.8571428571428572,3,2.5,1.25
9,10,1.2222222222222223,2,2.0,1.0
6,8,1.5,3,1.0,1.0
9,10,3.2222222222222223,5,2.0,1.0
8,10,2.75,5,1.8,1.2857142857142858
8,9,2.5,4,2.0,1.1428571428571428
7,9,1.8571428571428572,3,2.5,1.25
8,10,2.75,5,1.8,1.2857142857142858
9,9,3.2222222222222223,5,2.0,1.0
8,10,2.75,5,1.8,1.2857142857142858
8,10,2.5,4,2.0,1.1428571428571428
8,10,2.75,5,1.8,1.2857142857142858
6,8,1.5,3,1.0,1.0
9,9,3.2222222222222223,5,2.0,1.0
7,8,2.7142857142857144,4,1.5,1.0
8,8,2.125,3,2.0,1.0
13,34,3.1538461538461537,6,2.7,2.7
7,8,1.8571428571428572,3,2.0,1.0
11,27,2.8181818181818183,6,2.3333333333333335,2.625
10,12,1.5,3,2.0,1.0
9,11,1.5555555555555556,3,2.0,1.0
14,23,1.6428571428571428,3,2.8333333333333335,2.125
14,19,1.6428571428571428,3,3.0,1.5
13,28,2.6153846153846154,5,2.7777777777777777,2.272727272727273
13,27,2.6153846153846154,5,2.875,2.090909090909091
13,21,2.230769230769231,4,3.0,1.6363636363636365
13,28,2.3076923076923075,4,3.142857142857143,2.2
13,27,2.6153846153846154,5,2.6666666666666665,2.1818181818181817
14,24,2.5,4,3.142857142857143,1.8333333333333333
15,42,3.066666666666667,5,3.0,2.769230769230769
9,13,2.6666666666666665,4,2.0,1.25
14,33,2.7857142857142856,5,3.1,2.5833333333333335
8,10,2.75,5,1.8,1.2857142857142858
8,9,2.625,4,2.3333333333333335,1.0
6,7,1.5,3,1.5,1.5
9,9,3.2222222222222223,5,2.0,1.0
8,8,2.625,4,2.3333333333333335,1.0
9,9,3.2222222222222223,5,2.0,1.0
7,8,2.142857142857143,4,1.5,1.2
8,9,2.5,4,2.0,1.1428571428571428
7,9,1.8571428571428572,3,2.5,1.25
7,9,1.8571428571428572,3,2.5,1.25
7,9,1.7142857142857142,3,2.0,1.0
8,10,2.75,5,1.8,1.2857142857142858
9,10,3.2222222222222223,5,1.8,1.125
9,13,1.7777777777777777,3,2.3333333333333335,1.4
8,10,2.875,5,1.6,1.1428571428571428
7,9,2.0,4,1.6666666666666667,1.25
8,8,2.625,4,2.3333333333333335,1.0
8,10,2.5,4,2.0,1.1428571428571428
9,10,3.2222222222222223,5,2.0,1.0
7,8,2.7142857142857144,4,1.75,1.1666666666666667
8,11,2.75,4,2.25,1.2857142857142858
8,11,2.75,5,1.8,1.2857142857142858
8,11,2.75,5,1.8,1.2857142857142858
8,12,2.25,4,1.5,1.5
9,9,2.888888888888889,5,1.75,1.0
8,10,2.75,5,1.8,1.2857142857142858
8,12,3.625,6,1.6666666666666667,1.4285714285714286
6,8,1.8333333333333333,3,2.0,1.3333333333333333
8,8,2.625,4,2.3333333333333335,1.0
7,8,1.4285714285714286,2,3.0,1.0
8,9,2.5,4,2.0,1.1428571428571428
14,31,2.7857142857142856,5,3.25,2.1666666666666665
8,11,2.75,5,1.8,1.2857142857142858
9,9,2.888888888888889,5,1.75,1.0
7,8,2.7142857142857144,4,1.5,1.0
7,11,2.857142857142857,5,1.8,1.5
8,10,2.75,5,1.8,1.2857142857142858
8,10,2.25,4,1.75,1.1666666666666667
12,29,2.6666666666666665,6,2.5,2.7777777777777777
10,12,1.5,3,2.0,1.0
9,11,1.5555555555555556,3,2.0,1.0
14,24,1.7857142857142858,4,3.0,2.25
14,30,2.0,4,3.0,2.6666666666666665
14,29,2.7857142857142856,5,3.125,2.0833333333333335
13,23,2.4615384615384617,4,3.8,1.9
14,22,1.9285714285714286,3,3.6,1.8
14,28,2.7857142857142856,5,2.5555555555555554,1.9166666666666667
14,24,2.4285714285714284,4,3.5,1.75
13,22,2.3846153846153846,4,3.3333333333333335,1.8181818181818181
14,22,2.357142857142857,4,4.0,1.6666666666666667
15,41,3.066666666666667,5,2.9166666666666665,2.6923076923076925
10,12,2.9,5,2.2,1.2222222222222223
13,27,2.769230769230769,5,2.7777777777777777,2.272727272727273
8,9,2.375,4,2.3333333333333335,1.1666666666666667
8,10,2.75,5,1.8,1.2857142857142858
7,8,1.8571428571428572,3,2.5,1.25
9,9,3.2222222222222223,5,2.0,1.0
7,8,2.7142857142857144,4,1.5,1.0
8,10,2.75,4,2.6666666666666665,1.1428571428571428
8,12,2.25,4,1.3333333333333333,1.3333333333333333
6,7,1.5,3,1.0,1.0
12,31,2.75,6,2.6666666666666665,2.6666666666666665
9,9,1.7777777777777777,3,2.0,1.0
15,32,2.8,5,2.727272727272727,2.3076923076923075
8,8,2.625,4,2.3333333333333335,1.0
9,10,1.4444444444444444,2,2.5,1.25
7,8,1.8571428571428572,3,2.0,1.0
8,9,2.5,4,2.0,1.1428571428571428
6,8,1.5,3,1.0,1.0
7,9,1.8571428571428572,3,2.5,1.25
8,9,2.625,4,2.3333333333333335,1.0
9,9,2.888888888888889,5,1.75,1.0
8,9,2.5,4,2.0,1.1428571428571428
6,7,1.5,3,1.0,1.0
9,10,3.2222222222222223,5,2.0,1.0
6,8,2.0,4,1.0,1.0
8,9,2.625,4,2.3333333333333335,1.0
9,10,1.5555555555555556,3,2.5,1.25
8,9,2.25,4,1.4,1.1666666666666667
8,10,2.25,4,1.75,1.1666666666666667
9,10,3.2222222222222223,5,2.0,1.0
7,7,2.7142857142857144,4,1.5,1.0
8,9,2.625,4,2.3333333333333335,1.0
7,8,1.4285714285714286,2,3.0,1.0
9,9,1.2222222222222223,2,2.0,1.0
8,9,2.5,4,2.0,1.1428571428571428
7,9,1.8571428571428572,3,2.5,1.25
9,10,1.2222222222222223,2,2.0,1.0
9,10,3.2222222222222223,5,2.0,1.0
7,9,2.4285714285714284,4,1.6,1.3333333333333333
8,9,2.5,4,2.0,1.1428571428571428
7,8,1.8571428571428572,3,2.0,1.0
7,9,1.8571428571428572,3,2.5,1.25
9,10,3.2222222222222223,5,2.0,1.0
7,9,2.7142857142857144,4,1.75,1.1666666666666667
7,10,2.2857142857142856,4,1.75,1.4
8,10,2.75,5,1.8,1.2857142857142858
9,12,2.6666666666666665,4,2.0,1.0
7,10,2.4285714285714284,4,1.4,1.1666666666666667
8,10,2.75,5,1.8,1.2857142857142858
8,14,2.25,4,2.3333333333333335,1.4
8,10,2.75,5,1.8,1.2857142857142858
8,9,2.5,4,2.0,1.1428571428571428
9,16,3.111111111111111,5,2.4,1.5
8,9,2.5,4,2.0,1.1428571428571428
7,9,1.8571428571428572,3,2.5,1.25
9,10,1.2222222222222223,2,2.0,1.0
9,10,3.2222222222222223,5,2.0,1.0
9,12,1.7777777777777777,3,3.0,1.2
8,9,2.625,4,2.3333333333333335,1.0
7,8,1.8571428571428572,3,2.0,1.0
7,9,1.8571428571428572,3,2.5,1.25
8,10,2.5,4,1.6,1.1428571428571428
6,7,1.3333333333333333,2,2.0,1.0
9,10,3.2222222222222223,5,2.0,1.0
8,10,2.875,5,1.6,1.1428571428571428
9,11,1.5555555555555556,3,2.5,1.25
9,9,3.2222222222222223,5,2.0,1.0
8,8,2.625,4,2.3333333333333335,1.0
9,9,3.2222222222222223,5,2.0,1.0
8,11,2.25,4,1.6,1.3333333333333333
8,10,2.75,5,1.8,1.2857142857142858
8,14,2.25,4,2.3333333333333335,1.4
8,10,2.75,5,1.8,1.2857142857142858
8,9,2.5,4,2.0,1.1428571428571428
7,9,1.8571428571428572,3,2.5,1.25
9,12,1.4444444444444444,2,4.0,1.0
8,12,2.375,4,1.5,1.5
7,9,1.4285714285714286,2,3.0,1.0
9,9,3.2222222222222223,5,2.0,1.0
6,9,2.5,4,1.3333333333333333,1.0
8,8,2.125,3,2.0,1.0
7,8,1.8571428571428572,3,2.5,1.25
11,28,2.8181818181818183,6,2.3333333333333335,2.625
11,13,1.2727272727272727,2,3.0,1.0
9,11,1.3333333333333333,2,3.0,1.0
15,25,1.6666666666666667,3,3.75,1.875
13,24,2.076923076923077,4,3.4,1.8888888888888888
14,30,2.5714285714285716,5,2.6666666666666665,2.0
13,28,2.076923076923077,4,3.0,2.3333333333333335
13,26,2.5384615384615383,4,3.8333333333333335,2.3
14,41,3.2857142857142856,6,3.3636363636363638,3.0833333333333335
14,30,2.9285714285714284,5,3.125,2.0833333333333335
13,42,3.076923076923077,6,3.1666666666666665,3.8
8,10,2.875,5,2.0,1.1428571428571428
7,8,1.8571428571428572,3,2.5,1.25
7,9,1.4285714285714286,2,3.0,1.0
8,10,2.5,4,2.0,1.1428571428571428
15,46,3.1333333333333333,6,4.0,3.272727272727273
9,10,3.2222222222222223,5,2.0,1.0
8,12,2.75,5,1.6666666666666667,1.6666666666666667
8,8,2.625,4,2.3333333333333335,1.0
8,11,2.25,4,1.6,1.3333333333333333
8,10,2.75,5,1.8,1.2857142857142858
9,10,3.2222222222222223,5,2.0,1.0
8,12,3.125,5,2.2,1.5714285714285714
8,10,2.75,5,1.8,1.2857142857142858
7,8,1.4285714285714286,2,3.0,1.0
7,9,1.4285714285714286,2,3.0,1.0
9,10,3.2222222222222223,5,2.0,1.0
8,8,2.5,4,2.3333333333333335,1.0
7,9,1.8571428571428572,3,2.5,1.25
12,29,2.6666666666666665,6,2.5,2.7777777777777777
9,9,1.7777777777777777,3,2.0,1.0
13,27,2.4615384615384617,4,2.75,2.0
8,8,2.5,4,2.3333333333333335,1.0
6,8,1.8333333333333333,3,2.0,1.3333333333333333
8,13,2.25,4,1.5,1.5
9,9,2.888888888888889,5,1.75,1.0
7,8,2.142857142857143,4,1.5,1.2
8,9,2.5,4,2.0,1.1428571428571428
6,8,1.5,3,1.5,1.5
7,8,1.8571428571428572,3,2.0,1.0
9,10,2.888888888888889,5,1.6,1.1428571428571428
7,8,2.7142857142857144,4,1.5,1.0
8,8,2.125,3,2.0,1.0
9,11,3.2222222222222223,5,1.8,1.125
8,10,2.75,5,1.8,1.2857142857142858
8,10,2.75,5,1.8,1.2857142857142858
13,39,3.230769230769231,6,3.090909090909091,3.090909090909091
9,10,2.3333333333333335,4,2.0,1.1428571428571428
13,30,2.769230769230769,5,2.7,2.4545454545454546
9,9,3.2222222222222223,5,2.0,1.0
8,8,2.625,4,2.3333333333333335,1.0
8,9,2.25,4,1.75,1.1666666666666667
9,9,3.2222222222222223,5,2.0,1.0
8,10,2.75,5,1.8,1.2857142857142858
8,9,2.5,4,2.0,1.1428571428571428
9,10,3.2222222222222223,5,1.8,1.125
9,9,1.7777777777777777,3,2.5,1.0
8,8,2.625,4,2.3333333333333335,1.0
7,8,1.8571428571428572,3,2.0,1.0
7,9,1.8571428571428572,3,2.5,1.25
8,10,2.75,5,1.8,1.2857142857142858
6,7,1.3333333333333333,2,2.0,1.0
13,33,2.6153846153846154,5,2.8,3.111111111111111
7,9,1.4285714285714286,3,1.0,1.0
9,9,3.2222222222222223,5,2.0,1.0
8,10,2.75,4,2.6666666666666665,1.1428571428571428
8,10,2.75,5,1.8,1.2857142857142858
8,9,2.5,4,2.0,1.1428571428571428
6,7,1.3333333333333333,2,2.0,1.0
9,10,3.2222222222222223,5,2.0,1.0
8,8,2.625,4,2.3333333333333335,1.0
7,9,1.8571428571428572,3,2.5,1.25
7,8,1.4285714285714286,2,3.0,1.0
9,9,3.2222222222222223,5,2.0,1.0
8,9,2.875,5,1.6,1.1428571428571428
7,9,1.8571428571428572,3,2.5,1.25
7,9,1.4285714285714286,2,3.0,1.0
9,10,2.4444444444444446,4,2.25,1.125
9,10,3.2222222222222223,5,2.0,1.0
6,9,2.0,4,1.3333333333333333,1.3333333333333333
8,8,2.125,3,2.0,1.0
7,9,1.8571428571428572,3,2.5,1.25
12,29,3.0,5,2.7777777777777777,2.5
9,10,2.3333333333333335,4,2.0,1.1428571428571428
14,35,3.0,5,3.2,2.6666666666666665
9,12,1.5555555555555556,3,2.5,1.25
9,9,3.2222222222222223,5,2.0,1.0
13,28,2.769230769230769,5,2.888888888888889,2.3636363636363638
9,9,3.2222222222222223,5,2.0,1.0
8,10,2.75,5,1.8,1.2857142857142858
8,8,2.625,4,2.3333333333333335,1.0
8,10,2.5,4,2.0,1.1428571428571428
9,9,3.2222222222222223,5,2.0,1.0
8,9,2.75,4,2.6666666666666665,1.1428571428571428
8,8,2.25,4,2.0,1.0
9,16,3.111111111111111,5,2.4,1.5
8,9,2.25,4,1.4,1.1666666666666667
9,9,3.2222222222222223,5,2.0,1.0
8,10,2.5,4,2.0,1.1428571428571428
8,8,2.125,3,2.0,1.0
7,9,1.8571428571428572,3,1.6666666666666667,1.0
6,6,1.3333333333333333,2,2.0,1.0
9,9,3.2222222222222223,5,2.0,1.0
8,11,2.25,4,1.6,1.3333333333333333
8,9,2.625,4,2.3333333333333335,1.0
7,9,2.142857142857143,4,1.5,1.2
9,10,1.7777777777777777,3,2.5,1.0
7,9,1.8571428571428572,3,2.5,1.25
7,8,1.8571428571428572,3,2.0,1.0
8,9,2.25,4,1.4,1.1666666666666667
6,7,1.3333333333333333,2,2.0,1.0
9,9,3.2222222222222223,5,2.0,1.0
7,9,2.7142857142857144,4,1.75,1.1666666666666667
8,8,2.125,3,2.0,1.0
9,10,3.2222222222222223,5,2.0,1.0
8,9,2.75,5,1.6,1.1428571428571428
8,10,2.5,4,2.0,1.1428571428571428
9,9,3.2222222222222223,5,2.0,1.0
7,10,2.4285714285714284,4,1.6,1.3333333333333333
8,9,2.5,4,2.0,1.1428571428571428
9,11,1.7777777777777777,3,3.0,1.2
8,10,2.75,5,1.8,1.2857142857142858
8,11,2.75,5,2.0,1.1428571428571428
9,11,2.3333333333333335,4,2.0,1.1428571428571428
14,37,2.857142857142857,5,3.3,2.75
15,49,3.2666666666666666,6,3.3333333333333335,3.3333333333333335
7,9,1.7142857142857142,3,1.6666666666666667,1.25
7,9,1.7142857142857142,3,2.0,1.0
9,9,3.2222222222222223,5,2.0,1.0
7,11,2.142857142857143,4,1.5,1.2
8,10,2.75,5,1.8,1.2857142857142858
8,9,2.625,4,2.3333333333333335,1.0
9,17,3.111111111111111,5,2.1666666666666665,1.625
7,12,3.2857142857142856,5,2.5,1.6666666666666667
9,10,3.2222222222222223,5,1.8,1.125
7,11,2.857142857142857,5,1.8,1.5
7,12,3.142857142857143,5,2.0,1.6666666666666667
6,7,1.5,3,1.5,1.5
14,34,2.9285714285714284,5,3.2,2.6666666666666665
8,8,2.25,4,2.0,1.0
8,10,2.5,4,2.0,1.1428571428571428
8,12,2.25,4,1.5,1.5
9,9,2.888888888888889,5,1.75,1.0
8,12,3.125,5,2.2,1.5714285714285714
8,9,2.75,4,2.6666666666666665,1.1428571428571428
8,9,2.625,4,2.3333333333333335,1.0
7,7,1.8571428571428572,3,2.0,1.0
8,13,2.25,4,1.5,1.5
9,9,2.888888888888889,5,1.75,1.0
8,9,2.5,4,2.0,1.1428571428571428
16,47,3.0,5,4.333333333333333,3.25
9,10,3.2222222222222223,5,2.0,1.0
8,12,2.25,4,1.6,1.3333333333333333
8,10,2.75,5,1.8,1.2857142857142858
9,15,2.5555555555555554,4,2.0,1.5
8,9,2.5,4,2.0,1.1428571428571428
7,8,1.4285714285714286,2,3.0,1.0
13,30,2.1538461538461537,4,3.2857142857142856,3.2857142857142856
6,8,1.5,3,1.0,1.0
9,10,3.2222222222222223,5,2.0,1.0
8,11,2.875,4,2.25,1.2857142857142858
8,9,2.625,4,2.3333333333333335,1.0
8,9,2.25,4,1.75,1.1666666666666667
8,11,2.75,5,1.8,1.2857142857142858
8,10,2.25,4,1.75,1.1666666666666667
9,10,3.2222222222222223,5,2.0,1.0
7,8,2.7142857142857144,4,1.75,1.1666666666666667
8,9,2.625,4,2.3333333333333335,1.0
8,9,2.5,4,2.0,1.1428571428571428
7,9,1.4285714285714286,2,3.0,1.0
8,9,2.375,4,1.75,1.1666666666666667
6,7,1.5,3,1.5,1.5
8,11,2.25,4,1.75,1.1666666666666667
9,10,3.2222222222222223,5,2.0,1.0
8,16,3.25,5,2.0,1.7142857142857142
8,8,2.625,4,2.3333333333333335,1.0
7,9,1.4285714285714286,2,3.0,1.0
7,9,1.4285714285714286,2,3.0,1.0
13,30,2.769230769230769,5,3.0,2.6666666666666665
6,8,1.5,3,1.5,1.5
7,8,1.8571428571428572,3,2.0,1.0
9,10,3.2222222222222223,5,2.0,1.0
7,8,2.7142857142857144,4,1.5,1.0
7,11,2.7142857142857144,4,2.0,1.3333333333333333
8,8,2.125,3,2.0,1.0
7,9,1.8571428571428572,3,1.6666666666666667,1.0
9,10,3.2222222222222223,5,2.0,1.0
7,8,2.7142857142857144,4,1.5,1.0
7,10,2.2857142857142856,4,1.75,1.4
8,9,2.5,4,2.0,1.1428571428571428
6,8,1.5,3,1.5,1.5
10,21,2.4,5,1.8888888888888888,2.4285714285714284
9,11,1.5555555555555556,3,2.0,1.0
9,11,1.5555555555555556,3,2.0,1.0
14,24,1.8571428571428572,3,3.6,2.0
14,30,2.7857142857142856,5,3.0,2.0
13,18,1.8461538461538463,3,2.6,1.4444444444444444
14,39,3.142857142857143,6,3.0,3.0
14,28,2.0,4,2.625,2.3333333333333335
13,22,2.769230769230769,5,3.3333333333333335,1.8181818181818181
13,26,2.6923076923076925,5,2.6666666666666665,2.1818181818181817
14,24,2.5,4,3.6666666666666665,1.8333333333333333
14,24,2.4285714285714284,5,3.6666666666666665,1.8333333333333333
15,43,3.4,6,3.0833333333333335,2.8461538461538463
8,10,2.75,4,1.8,1.2857142857142858
9,10,2.3333333333333335,4,2.0,1.1428571428571428
13,31,2.8461538461538463,5,3.111111111111111,2.5454545454545454
8,9,2.625,4,2.3333333333333335,1.0
8,9,2.5,4,2.0,1.1428571428571428
7,8,1.4285714285714286,2,3.0,1.0
8,9,2.375,4,1.75,1.1666666666666667
6,6,1.3333333333333333,2,2.0,1.0
15,48,3.6666666666666665,7,3.1538461538461537,3.1538461538461537
9,12,2.6666666666666665,4,2.0,1.25
11,17,2.3636363636363638,4,2.8,1.5555555555555556
8,8,2.125,3,2.0,1.0
7,9,1.8571428571428572,3,1.6666666666666667,1.0
9,9,3.2222222222222223,5,2.0,1.0
10,19,2.5,4,2.4285714285714284,2.125
8,9,2.5,4,2.0,1.1428571428571428
7,8,1.4285714285714286,2,3.0,1.0
9,9,3.2222222222222223,5,2.0,1.0
8,10,2.75,5,1.8,1.2857142857142858
8,10,2.75,5,1.8,1.2857142857142858
9,9,3.2222222222222223,5,2.0,1.0
8,9,2.75,5,1.6,1.1428571428571428
8,8,2.625,4,2.3333333333333335,1.0
9,11,1.4444444444444444,3,1.3333333333333333,1.3333333333333333
8,10,2.75,5,1.8,1.2857142857142858
9,9,3.2222222222222223,5,2.0,1.0
8,9,2.5,4,2.0,1.1428571428571428
7,8,1.8571428571428572,3,2.0,1.0
9,9,3.2222222222222223,5,2.0,1.0
8,9,2.875,5,1.6,1.1428571428571428
6,7,1.5,3,1.5,1.5
7,8,1.4285714285714286,2,3.0,1.0
8,10,2.75,5,1.8,1.2857142857142858
6,7,1.5,3,1.5,1.5
7,9,1.4285714285714286,2,3.0,1.0
8,10,2.5,4,2.0,1.1428571428571428
9,9,3.2222222222222223,5,2.0,1.0
8,8,2.625,4,2.3333333333333335,1.0
7,9,1.8571428571428572,3,2.5,1.25
7,9,1.4285714285714286,2,3.0,1.0
9,9,3.2222222222222223,5,2.0,1.0
8,12,2.5,4,2.0,1.4285714285714286
8,10,2.75,5,1.8,1.2857142857142858
7,9,1.4285714285714286,2,3.0,1.0
7,9,1.4285714285714286,2,3.0,1.0
8,13,2.75,5,1.6666666666666667,1.4285714285714286
9,12,2.3333333333333335,4,2.0,1.1428571428571428
13,34,2.8461538461538463,5,3.1,2.8181818181818183
7,10,2.0,3,3.0,1.5
7,13,2.142857142857143,4,2.3333333333333335,1.75
8,9,2.375,4,1.75,1.1666666666666667
6,8,1.8333333333333333,3,2.0,1.3333333333333333
7,8,1.4285714285714286,2,3.0,1.0
8,9,2.5,4,2.0,1.1428571428571428
7,9,1.8571428571428572,3,2.5,1.25
9,13,1.4444444444444444,2,4.0,1.0
9,10,3.2222222222222223,5,2.0,1.0
7,9,2.7142857142857144,4,1.75,1.1666666666666667
8,8,2.125,3,2.0,1.0
9,10,3.2222222222222223,5,2.0,1.0
7,9,2.7142857142857144,4,1.75,1.1666666666666667
7,10,2.2857142857142856,4,1.75,1.4
8,11,2.375,4,2.0,1.3333333333333333
8,8,2.25,4,2.0,1.0
8,9,2.5,4,2.0,1.1428571428571428
7,8,1.8571428571428572,3,2.5,1.25
8,12,2.25,4,1.5,1.5
9,9,2.888888888888889,5,1.75,1.0
6,6,1.5,3,1.0,1.0
8,9,2.5,4,2.0,1.1428571428571428
6,7,1.5,3,1.5,1.5
14,35,2.5,5,3.2,2.909090909090909
10,12,1.7,3,2.5,1.0
9,9,1.5555555555555556,3,2.0,1.0
13,22,1.6153846153846154,3,2.8,2.0
8,10,2.75,5,1.8,1.2857142857142858
7,9,1.5714285714285714,3,2.0,1.3333333333333333
8,8,2.625,4,2.3333333333333335,1.0
7,8,1.8571428571428572,3,2.5,1.25
7,8,1.8571428571428572,3,2.0,1.0
16,53,3.3125,6,3.5384615384615383,3.2857142857142856
9,10,2.3333333333333335,4,2.0,1.1428571428571428
13,25,2.230769230769231,4,3.2857142857142856,2.090909090909091
8,10,2.75,5,1.8,1.2857142857142858
16,52,3.3125,6,3.909090909090909,3.3076923076923075
6,7,1.5,3,1.0,1.0
9,11,3.2222222222222223,5,1.8,1.125
7,9,2.4285714285714284,4,1.6,1.3333333333333333
8,9,2.5,4,2.0,1.1428571428571428
7,8,1.8571428571428572,3,2.0,1.0
7,7,1.7142857142857142,3,2.0,1.0
8,9,2.5,4,2.0,1.1428571428571428
7,8,1.8571428571428572,3,2.5,1.25
8,10,2.25,4,1.75,1.1666666666666667
9,11,3.2222222222222223,5,1.8,1.125
6,7,1.5,3,1.0,1.0
8,9,2.5,4,2.0,1.1428571428571428
6,6,1.3333333333333333,2,2.0,1.0
8,10,2.25,4,1.75,1.1666666666666667
9,10,3.2222222222222223,5,2.0,1.0
10,19,2.5,4,2.4285714285714284,2.125
8,10,2.875,5,1.5,1.2857142857142858
7,8,1.8571428571428572,3,2.0,1.0
9,9,3.2222222222222223,5,2.0,1.0
7,9,2.7142857142857144,4,1.75,1.1666666666666667
8,8,2.125,3,2.0,1.0
7,8,1.8571428571428572,3,2.0,1.0
9,11,3.2222222222222223,5,1.8,1.125
7,8,2.7142857142857144,4,1.5,1.0
8,8,2.125,3,2.0,1.0
9,10,3.2222222222222223,5,2.0,1.0
10,19,2.5,4,2.4285714285714284,2.125
8,10,2.75,5,1.8,1.2857142857142858
9,10,3.2222222222222223,5,1.8,1.125
6,8,2.0,4,1.0,1.0
9,10,1.5555555555555556,3,2.5,1.25
8,9,2.875,5,1.6,1.1428571428571428
9,11,1.4444444444444444,3,1.3333333333333333,1.3333333333333333
8,10,2.75,5,1.8,1.2857142857142858
7,9,1.8571428571428572,3,2.5,1.25
9,10,3.2222222222222223,5,2.0,1.0
7,8,2.4285714285714284,4,1.4,1.1666666666666667
8,9,2.5,4,2.0,1.1428571428571428
7,8,1.8571428571428572,3,2.0,1.0
7,8,1.8571428571428572,3,2.5,1.25
8,9,2.625,4,2.3333333333333335,1.0
7,9,1.4285714285714286,2,3.0,1.0
11,27,2.909090909090909,6,2.4444444444444446,2.75
10,12,1.5,3,2.0,1.0
9,11,1.5555555555555556,3,2.0,1.0
14,25,1.6428571428571428,3,4.0,2.0
13,30,2.0,4,2.5555555555555554,2.5555555555555554
13,20,2.4615384615384617,4,3.2,1.6
13,29,2.769230769230769,6,3.0,2.1818181818181817
13,26,2.076923076923077,4,2.5,2.2222222222222223
13,23,2.769230769230769,5,3.3333333333333335,1.8181818181818181
14,34,2.9285714285714284,5,3.0,2.5
14,24,2.4285714285714284,4,3.142857142857143,1.8333333333333333
14,22,2.357142857142857,4,4.0,1.6666666666666667
15,42,3.1333333333333333,5,3.1818181818181817,2.6923076923076925
9,13,2.6666666666666665,4,2.0,1.25
13,31,2.769230769230769,5,2.8,2.5454545454545454
7,9,2.2857142857142856,4,1.75,1.4
8,8,2.25,4,2.0,1.0
7,7,1.8571428571428572,3,2.0,1.0
9,9,3.2222222222222223,5,2.0,1.0
8,8,2.5,4,2.3333333333333335,1.0
9,11,1.5555555555555556,3,2.5,1.25
9,9,3.2222222222222223,5,2.0,1.0
8,8,2.625,4,2.3333333333333335,1.0
9,9,3.2222222222222223,5,2.0,1.0
8,10,2.75,5,1.8,1.2857142857142858
8,8,2.625,4,2.3333333333333335,1.0
7,8,1.8571428571428572,3,2.5,1.25
9,9,3.2222222222222223,5,2.0,1.0
11,21,2.4545454545454546,4,2.7142857142857144,2.111111111111111
6,7,1.6666666666666667,3,1.5,1.0
8,9,2.5,4,2.0,1.1428571428571428
7,9,1.8571428571428572,3,2.5,1.25
10,13,1.3,2,3.0,1.0
9,9,3.2222222222222223,5,2.0,1.0
7,11,2.857142857142857,5,1.8,1.5
8,10,2.5,4,2.0,1.1428571428571428
8,9,2.25,4,1.75,1.1666666666666667
9,10,3.2222222222222223,5,2.0,1.0
8,8,2.625,4,2.3333333333333335,1.0
9,9,3.2222222222222223,5,2.0,1.0
7,10,2.857142857142857,5,1.8,1.5
8,11,2.375,4,1.6,1.3333333333333333
7,8,1.8571428571428572,3,2.5,1.25
7,8,1.4285714285714286,2,3.0,1.0
6,7,1.5,3,1.5,1.5
8,10,2.75,5,1.8,1.2857142857142858
7,9,1.4285714285714286,2,3.0,1.0
9,9,3.2222222222222223,5,2.0,1.0
9,12,1.7777777777777777,3,3.0,1.2
8,10,2.875,5,1.6,1.1428571428571428
8,13,2.875,5,1.6666666666666667,1.4285714285714286
7,8,1.8571428571428572,3,2.5,1.25
7,8,1.4285714285714286,2,3.0,1.0
9,9,3.2222222222222223,5,2.0,1.0
8,10,2.875,5,1.6,1.1428571428571428
6,8,1.8333333333333333,3,2.0,1.3333333333333333
9,10,3.2222222222222223,5,1.8,1.125
7,9,2.7142857142857144,4,1.75,1.1666666666666667
7,8,2.4285714285714284,4,1.4,1.1666666666666667
8,8,2.125,3,2.0,1.0
8,11,2.25,4,1.6,1.3333333333333333
9,10,3.2222222222222223,5,1.8,1.125
7,9,2.7142857142857144,4,1.75,1.1666666666666667
8,8,2.25,4,2.0,1.0
8,10,2.75,5,1.8,1.2857142857142858
8,10,2.75,5,1.8,1.2857142857142858
9,10,3.2222222222222223,5,2.0,1.0
8,12,3.125,5,2.2,1.5714285714285714
8,9,2.5,4,2.0,1.1428571428571428
7,7,1.8571428571428572,3,2.0,1.0
7,9,1.8571428571428572,3,2.5,1.25
9,10,2.888888888888889,5,1.6,1.1428571428571428
7,7,2.7142857142857144,4,1.5,1.0
8,9,2.75,4,2.6666666666666665,1.1428571428571428
8,9,2.5,4,2.0,1.1428571428571428
7,9,1.7142857142857142,3,1.5,1.0
9,10,2.888888888888889,5,1.6,1.1428571428571428
6,7,2.0,4,1.0,1.0
7,8,2.2857142857142856,4,2.0,1.2
8,9,2.5,4,2.0,1.1428571428571428
8,13,1.875,3,3.0,1.5
9,11,1.4444444444444444,3,1.3333333333333333,1.3333333333333333
10,11,2.3,4,1.8,1.125
13,29,2.923076923076923,5,2.7,2.4545454545454546
7,8,1.8571428571428572,3,2.5,1.25
7,8,1.4285714285714286,2,3.0,1.0
9,11,3.2222222222222223,5,1.8,1.125
8,10,2.75,5,1.8,1.2857142857142858
8,8,2.625,4,2.3333333333333335,1.0
9,11,1.4444444444444444,3,1.3333333333333333,1.3333333333333333
8,11,2.75,5,1.8,1.2857142857142858
9,10,3.2222222222222223,5,2.0,1.0
7,7,2.7142857142857144,4,1.5,1.0
8,10,2.75,4,2.6666666666666665,1.1428571428571428
8,9,2.5,4,2.0,1.1428571428571428
9,10,2.888888888888889,5,1.6,1.1428571428571428
7,9,2.4285714285714284,4,1.6,1.3333333333333333
8,10,2.75,5,1.8,1.2857142857142858
8,9,2.625,4,2.3333333333333335,1.0
9,12,1.4444444444444444,2,4.0,1.0
8,9,2.375,4,1.75,1.1666666666666667
7,8,1.8571428571428572,3,2.5,1.25
9,10,3.2222222222222223,5,2.0,1.0
8,12,2.25,4,1.6,1.3333333333333333
6,7,1.6666666666666667,3,1.5,1.0
8,9,2.375,4,1.75,1.1666666666666667
9,12,1.4444444444444444,2,4.0,1.0
11,27,2.909090909090909,6,2.4444444444444446,2.75
10,12,1.5,3,2.0,1.0
9,11,1.5555555555555556,3,2.0,1.0
14,21,1.6428571428571428,3,3.75,1.875
14,29,1.9285714285714286,4,2.75,2.4444444444444446
13,22,1.9230769230769231,4,1.8888888888888888,1.8888888888888888
13,27,2.6153846153846154,5,2.272727272727273,2.272727272727273
13,23,2.769230769230769,5,3.3333333333333335,1.8181818181818181
13,24,2.230769230769231,4,3.1666666666666665,1.7272727272727273
13,28,2.6153846153846154,5,2.3636363636363638,2.3636363636363638
14,44,3.0,5,3.0833333333333335,3.0833333333333335
9,12,2.7777777777777777,5,1.8333333333333333,1.375
14,28,2.7857142857142856,5,3.25,2.1666666666666665
8,10,2.75,5,1.8,1.2857142857142858
6,6,1.5,3,1.0,1.0
8,10,2.75,5,1.8,1.2857142857142858
8,10,2.75,5,1.8,1.2857142857142858
8,12,1.875,3,2.5,1.25
7,9,1.8571428571428572,3,2.5,1.25
9,9,3.2222222222222223,5,2.0,1.0
8,9,2.5,4,2.0,1.1428571428571428
8,9,2.625,4,1.75,1.1666666666666667
7,9,1.8571428571428572,3,1.6666666666666667,1.0
8,10,2.25,4,1.75,1.1666666666666667
9,9,3.2222222222222223,5,2.0,1.0
9,11,1.7777777777777777,3,3.0,1.2
8,8,2.625,4,2.3333333333333335,1.0
7,7,1.8571428571428572,3,2.0,1.0
7,8,1.8571428571428572,3,2.5,1.25
8,11,2.75,5,1.8,1.2857142857142858
6,6,1.3333333333333333,2,2.0,1.0
11,27,2.8181818181818183,6,2.3333333333333335,2.625
10,12,1.5,3,2.0,1.0
9,11,1.5555555555555556,3,2.0,1.0
15,23,1.6,3,3.2,2.0
14,19,1.6428571428571428,3,3.0,1.5
14,29,2.7857142857142856,5,2.888888888888889,2.1666666666666665
13,26,2.3076923076923075,4,2.875,2.090909090909091
13,23,2.0,3,2.7142857142857144,1.9
13,27,2.076923076923077,4,2.625,2.3333333333333335
13,25,2.4615384615384617,5,2.2,2.0
14,25,2.5,4,3.2857142857142856,1.9166666666666667
14,41,3.0,5,3.090909090909091,2.8333333333333335
9,12,2.6666666666666665,4,2.0,1.25
13,26,2.3076923076923075,4,3.4285714285714284,2.1818181818181817
8,10,2.75,5,1.8,1.2857142857142858
7,8,1.8571428571428572,3,2.5,1.25
8,12,1.625,3,2.0,1.3333333333333333
8,10,2.75,5,1.8,1.2857142857142858
12,31,3.0833333333333335,6,2.5555555555555554,2.5555555555555554
9,9,2.888888888888889,5,1.75,1.0
7,10,2.857142857142857,5,1.8,1.5
8,8,2.25,4,2.0,1.0
7,9,1.8571428571428572,3,2.5,1.25
9,12,1.5555555555555556,3,2.0,1.0
9,9,2.888888888888889,5,1.75,1.0
7,10,2.7142857142857144,4,1.75,1.1666666666666667
8,9,2.375,4,1.75,1.1666666666666667
7,9,1.8571428571428572,3,2.5,1.25
9,10,3.2222222222222223,5,2.0,1.0
8,9,2.875,5,1.6,1.1428571428571428
7,9,2.2857142857142856,4,2.0,1.2
9,10,3.2222222222222223,5,2.0,1.0
8,9,2.75,5,1.6,1.1428571428571428
8,10,2.5,4,2.0,1.1428571428571428
9,9,3.2222222222222223,5,2.0,1.0
9,10,1.7777777777777777,3,2.5,1.0
8,8,2.625,4,2.3333333333333335,1.0
6,6,1.3333333333333333,2,2.0,1.0
8,9,2.25,4,1.75,1.1666666666666667
8,10,2.75,5,1.8,1.2857142857142858
7,9,1.8571428571428572,3,2.5,1.25
7,9,1.8571428571428572,3,2.5,1.25
7,9,1.4285714285714286,3,1.0,1.0
11,28,2.8181818181818183,6,2.3333333333333335,2.625
11,13,1.2727272727272727,2,3.0,1.0
9,11,1.3333333333333333,2,3.0,1.0
15,30,2.8666666666666667,6,2.5555555555555554,1.9166666666666667
14,33,2.142857142857143,4,3.125,2.7777777777777777
13,26,2.0,4,2.3333333333333335,2.3333333333333335
14,29,2.7857142857142856,5,2.6,2.1666666666666665
13,25,2.4615384615384617,4,3.6666666666666665,2.2
13,26,2.3846153846153846,4,2.875,2.090909090909091
14,27,2.7857142857142856,5,2.7777777777777777,2.0833333333333335
8,8,2.25,4,2.0,1.0
8,9,2.625,4,2.3333333333333335,1.0
7,8,1.8571428571428572,3,2.5,1.25
9,11,3.2222222222222223,5,1.8,1.125
8,9,2.5,4,2.0,1.1428571428571428
6,6,1.5,3,1.0,1.0
9,11,3.2222222222222223,5,1.8,1.125
8,8,2.625,4,2.3333333333333335,1.0
7,8,1.7142857142857142,3,2.0,1.0
7,8,1.4285714285714286,2,3.0,1.0
9,10,3.2222222222222223,5,2.0,1.0
8,9,2.5,4,2.0,1.1428571428571428
7,8,1.8571428571428572,3,2.5,1.25
9,11,3.2222222222222223,5,1.8,1.125
8,8,2.625,4,2.3333333333333335,1.0
7,9,1.7142857142857142,3,2.0,1.0
7,9,1.4285714285714286,2,3.0,1.0
12,29,2.6666666666666665,6,2.5,2.7777777777777777
10,12,1.5,3,2.0,1.0
9,10,1.5555555555555556,3,2.0,1.0
14,23,1.6428571428571428,3,2.8333333333333335,2.125
14,24,1.7857142857142858,4,2.5,1.875
14,38,2.9285714285714284,5,2.909090909090909,2.6666666666666665
13,30,2.230769230769231,5,2.3,2.3
13,25,2.6153846153846154,5,3.3333333333333335,1.8181818181818181
13,25,2.769230769230769,6,2.875,2.090909090909091
13,24,2.6153846153846154,5,2.75,2.0
14,29,2.7142857142857144,5,3.25,2.1666666666666665
14,27,2.357142857142857,4,3.125,2.0833333333333335
14,39,2.9285714285714284,5,3.0,2.75
9,12,2.7777777777777777,5,1.8333333333333333,1.375
13,27,2.3076923076923075,4,3.125,2.272727272727273
8,10,2.75,4,2.6666666666666665,1.1428571428571428
8,10,2.5,4,2.0,1.1428571428571428
8,12,2.75,5,1.8,1.2857142857142858
9,10,3.2222222222222223,5,2.0,1.0
7,7,2.7142857142857144,4,1.5,1.0
8,9,2.75,4,2.6666666666666665,1.1428571428571428
8,8,2.25,4,2.0,1.0
7,8,1.8571428571428572,3,2.0,1.0
9,11,3.2222222222222223,5,1.8,1.125
8,8,2.5,4,2.3333333333333335,1.0
6,6,1.5,3,1.0,1.0
9,10,3.2222222222222223,5,2.0,1.0
8,11,2.875,4,2.25,1.2857142857142858
8,8,2.125,3,2.0,1.0
7,8,1.8571428571428572,3,2.0,1.0
7,9,1.8571428571428572,3,2.5,1.25
8,9,2.5,4,2.0,1.1428571428571428
7,8,1.8571428571428572,3,2.5,1.25
10,11,1.2,2,2.0,1.0
13,38,2.923076923076923,5,2.909090909090909,2.909090909090909
9,10,3.2222222222222223,5,2.0,1.0
9,13,1.7777777777777777,3,3.0,1.2
8,10,2.875,5,1.6,1.1428571428571428
6,7,1.6666666666666667,3,1.5,1.0
9,9,3.2222222222222223,5,2.0,1.0
13,25,2.769230769230769,5,2.875,2.090909090909091
9,9,3.2222222222222223,5,2.0,1.0
7,7,2.7142857142857144,4,1.5,1.0
8,10,2.75,5,1.8,1.2857142857142858
7,8,1.4285714285714286,2,3.0,1.0
7,9,1.4285714285714286,2,3.0,1.0
9,10,3.2222222222222223,5,2.0,1.0
8,9,2.5,4,2.0,1.1428571428571428
8,9,2.625,4,1.75,1.1666666666666667
7,9,1.8571428571428572,3,1.6666666666666667,1.0
8,10,2.25,4,1.75,1.1666666666666667
9,9,3.2222222222222223,5,2.0,1.0
9,11,2.111111111111111,4,2.3333333333333335,1.1666666666666667
8,9,2.625,4,2.3333333333333335,1.0
7,8,1.8571428571428572,3,2.0,1.0
7,8,1.8571428571428572,3,2.5,1.25
8,9,2.25,4,1.4,1.1666666666666667
6,6,1.3333333333333333,2,2.0,1.0
8,10,2.25,4,1.75,1.1666666666666667
9,10,2.3333333333333335,4,2.0,1.1428571428571428
13,29,2.769230769230769,5,2.7,2.4545454545454546
9,9,3.2222222222222223,5,2.0,1.0
8,8,2.625,4,2.3333333333333335,1.0
8,9,2.25,4,1.75,1.1666666666666667
9,9,3.2222222222222223,5,2.0,1.0
8,8,2.625,4,2.3333333333333335,1.0
6,6,1.5,3,1.0,1.0
9,9,3.2222222222222223,5,2.0,1.0
9,10,1.6666666666666667,3,2.5,1.0
8,10,2.75,5,1.8,1.2857142857142858
6,6,1.3333333333333333,2,2.0,1.0
8,10,2.75,5,1.8,1.2857142857142858
8,10,2.25,4,1.6,1.3333333333333333
9,12,1.4444444444444444,2,4.0,1.0
7,9,1.8571428571428572,3,2.5,1.25
8,9,2.875,5,1.6,1.1428571428571428
6,6,1.3333333333333333,2,2.0,1.0
8,10,2.5,4,2.0,1.1428571428571428
9,9,3.2222222222222223,5,2.0,1.0
8,8,2.625,4,2.3333333333333335,1.0
6,7,1.5,3,1.0,1.0
9,9,3.2222222222222223,5,2.0,1.0
6,8,2.0,4,1.0,1.0
8,10,2.75,4,2.6666666666666665,1.1428571428571428
8,10,2.75,5,1.8,1.2857142857142858
9,10,2.888888888888889,5,1.6,1.1428571428571428
9,10,1.6666666666666667,3,2.5,1.0
6,8,2.1666666666666665,4,1.3333333333333333,1.0
8,9,2.375,4,1.75,1.1666666666666667
8,13,2.375,4,1.5,1.5
7,8,1.4285714285714286,2,3.0,1.0
12,31,3.1666666666666665,6,2.8,2.8
8,10,2.75,5,1.8,1.2857142857142858
8,9,2.5,4,2.0,1.1428571428571428
7,9,1.8571428571428572,3,2.5,1.25
7,8,1.4285714285714286,2,3.0,1.0
8,10,2.75,5,1.8,1.2857142857142858
7,8,1.4285714285714286,2,3.0,1.0
11,28,2.727272727272727,5,2.625,2.625
9,11,2.3333333333333335,4,2.3333333333333335,1.0
13,34,2.8461538461538463,5,3.1,2.8181818181818183
7,8,1.8571428571428572,3,2.5,1.25
7,8,1.4285714285714286,2,3.0,1.0
8,8,3.125,5,1.75,1.0
7,10,3.0,5,1.8,1.5
7,11,2.857142857142857,5,1.8,1.5
7,9,3.0,5,1.4,1.1666666666666667
6,7,1.5,3,1.5,1.5
7,9,3.0,5,1.4,1.1666666666666667
9,11,3.2222222222222223,5,1.8,1.125
7,9,2.7142857142857144,4,1.75,1.1666666666666667
8,11,2.75,5,1.6666666666666667,1.4285714285714286
7,10,1.7142857142857142,3,2.5,1.6666666666666667
13,36,2.8461538461538463,5,3.4,3.090909090909091
9,10,2.3333333333333335,4,2.0,1.1428571428571428
13,27,1.7692307692307692,3,4.666666666666667,2.0
8,9,2.375,4,1.75,1.1666666666666667
7,9,1.8571428571428572,3,2.5,1.25
9,11,3.2222222222222223,5,1.8,1.125
8,9,2.5,4,2.0,1.1428571428571428
6,6,1.5,3,1.0,1.0
9,11,3.2222222222222223,5,1.8,1.125
7,7,2.7142857142857144,4,1.5,1.0
8,9,2.75,4,2.6666666666666665,1.1428571428571428
8,11,2.75,5,1.8,1.2857142857142858
9,10,2.888888888888889,5,1.6,1.1428571428571428
8,12,2.0,4,1.4,1.4
8,8,2.625,4,2.3333333333333335,1.0
8,9,2.5,4,2.0,1.1428571428571428
9,11,3.2222222222222223,5,1.8,1.125
7,10,3.0,5,1.8,1.5
8,10,2.75,5,1.8,1.2857142857142858
9,10,3.2222222222222223,5,1.8,1.125
7,9,2.4285714285714284,4,1.4,1.1666666666666667
8,10,2.875,5,1.6,1.1428571428571428
7,8,1.8571428571428572,3,2.5,1.25
9,11,1.3333333333333333,2,1.5,1.0
9,11,3.2222222222222223,5,1.8,1.125
8,9,2.75,4,2.6666666666666665,1.1428571428571428
8,8,2.25,4,2.0,1.0
9,16,3.0,5,2.0,1.5
8,9,2.25,4,1.4,1.1666666666666667
9,11,3.2222222222222223,5,1.8,1.125
7,10,2.4285714285714284,4,1.4,1.1666666666666667
8,9,2.375,4,1.75,1.1666666666666667
8,9,2.375,4,1.75,1.1666666666666667
9,10,1.4444444444444444,3,1.5,1.0
8,10,2.5,4,1.6,1.1428571428571428
7,8,1.4285714285714286,2,3.0,1.0
9,10,3.2222222222222223,5,2.0,1.0
9,11,1.7777777777777777,3,2.5,1.0
8,10,2.875,5,1.6,1.1428571428571428
6,8,1.8333333333333333,3,2.0,1.3333333333333333
12,32,3.3333333333333335,6,3.111111111111111,2.8
9,11,2.6666666666666665,4,2.25,1.125
15,36,2.8666666666666667,5,3.090909090909091,2.6153846153846154
9,10,3.2222222222222223,5,1.8,1.125
8,8,2.625,4,2.3333333333333335,1.0
8,9,2.25,4,1.75,1.1666666666666667
9,9,3.2222222222222223,5,2.0,1.0
8,9,2.5,4,2.0,1.1428571428571428
8,8,2.125,3,2.0,1.0
7,9,1.8571428571428572,3,1.6666666666666667,1.0
6,6,1.3333333333333333,2,2.0,1.0
9,9,3.2222222222222223,5,2.0,1.0
8,11,2.875,4,2.25,1.2857142857142858
8,10,2.75,5,1.8,1.2857142857142858
8,9,2.5,4,2.0,1.1428571428571428
9,12,1.3333333333333333,2,2.0,1.3333333333333333
7,9,1.8571428571428572,3,2.5,1.25
9,15,1.7777777777777777,3,2.75,2.2
8,9,2.375,4,1.75,1.1666666666666667
8,12,2.375,4,1.5,1.5
6,6,1.3333333333333333,2,2.0,1.0
8,11,2.75,5,2.0,1.1428571428571428
9,9,3.2222222222222223,5,2.0,1.0
8,8,2.625,4,2.3333333333333335,1.0
7,8,1.8571428571428572,3,2.5,1.25
7,8,1.4285714285714286,2,3.0,1.0
9,9,3.2222222222222223,5,2.0,1.0
7,8,2.4285714285714284,4,1.4,1.1666666666666667
8,8,2.625,4,2.3333333333333335,1.0
6,7,1.5,3,1.0,1.0
9,9,3.2222222222222223,5,2.0,1.0
6,7,2.0,4,1.0,1.0
8,13,2.875,5,1.6666666666666667,1.4285714285714286
8,9,2.5,4,2.0,1.1428571428571428
7,8,1.8571428571428572,3,2.0,1.0
8,9,2.375,4,1.75,1.1666666666666667
6,6,1.3333333333333333,2,2.0,1.0
9,9,3.2222222222222223,5,2.0,1.0
9,12,1.7777777777777777,3,3.0,1.2
8,9,2.5,4,2.0,1.1428571428571428
6,6,1.3333333333333333,2,2.0,1.0
6,8,1.5,3,1.5,1.5
7,8,1.8571428571428572,3,2.0,1.0
11,27,2.909090909090909,6,2.625,2.625
10,12,1.5,3,2.0,1.0
9,11,1.5555555555555556,3,2.0,1.0
14,36,3.0,6,3.4444444444444446,2.5833333333333335
14,17,1.6428571428571428,3,2.5,1.25
14,30,2.857142857142857,5,3.5,2.3333333333333335
13,20,2.4615384615384617,4,3.4,1.7
14,26,2.9285714285714284,5,4.0,2.0
14,25,2.5,4,3.2857142857142856,1.9166666666666667
16,46,3.4375,6,3.5454545454545454,2.7857142857142856
9,12,2.6666666666666665,4,2.25,1.125
13,33,2.923076923076923,5,2.8181818181818183,2.8181818181818183
7,8,1.8571428571428572,3,2.5,1.25
7,8,1.4285714285714286,2,3.0,1.0
9,9,3.2222222222222223,5,2.0,1.0
14,33,3.0,5,3.1,2.5833333333333335
9,9,3.2222222222222223,5,2.0,1.0
8,8,2.625,4,2.3333333333333335,1.0
8,9,2.25,4,1.75,1.1666666666666667
9,9,3.2222222222222223,5,2.0,1.0
8,9,2.875,5,1.6,1.1428571428571428
7,8,1.8571428571428572,3,2.5,1.25
8,10,2.75,5,1.8,1.2857142857142858
9,9,3.2222222222222223,5,2.0,1.0
7,7,2.7142857142857144,4,1.5,1.0
7,11,2.857142857142857,5,1.8,1.5
8,8,2.25,4,2.0,1.0
7,9,1.8571428571428572,3,2.5,1.25
9,9,3.2222222222222223,5,2.0,1.0
7,8,2.142857142857143,4,1.5,1.2
8,9,2.375,4,1.75,1.1666666666666667
9,16,3.111111111111111,5,2.0,1.5
8,10,2.5,4,1.6,1.1428571428571428
9,9,3.2222222222222223,5,2.0,1.0
14,31,2.7142857142857144,5,2.6363636363636362,2.4166666666666665
8,9,2.5,4,2.0,1.1428571428571428
8,8,2.625,4,2.3333333333333335,1.0
7,8,1.8571428571428572,3,2.5,1.25
8,12,1.875,3,2.5,1.25
8,9,2.625,4,2.3333333333333335,1.0
9,9,3.2222222222222223,5,2.0,1.0
8,10,2.75,5,1.6,1.1428571428571428
8,10,2.875,5,1.6,1.1428571428571428
8,11,2.375,4,2.0,1.3333333333333333
8,8,2.25,4,2.0,1.0
8,9,2.625,4,1.75,1.1666666666666667
8,11,2.25,4,1.4,1.1666666666666667
9,9,2.888888888888889,5,1.75,1.0
7,8,2.7142857142857144,4,1.75,1.1666666666666667
8,8,2.625,4,2.3333333333333335,1.0
9,11,1.6666666666666667,3,1.6666666666666667,1.25
8,11,2.75,5,1.8,1.2857142857142858
6,8,1.5,3,1.0,1.0
7,8,1.8571428571428572,3,2.0,1.0
9,9,2.888888888888889,5,1.75,1.0
9,11,1.7777777777777777,3,2.5,1.0
6,8,2.3333333333333335,4,1.6666666666666667,1.25
8,8,2.125,3,2.0,1.0
8,10,2.25,4,1.75,1.1666666666666667
9,10,3.2222222222222223,5,2.0,1.0
8,9,2.75,5,1.6,1.1428571428571428
8,10,2.75,5,1.8,1.2857142857142858
12,29,2.6666666666666665,6,2.5,2.7777777777777777
9,9,1.7777777777777777,3,2.0,1.0
13,28,2.6923076923076925,5,3.125,2.272727272727273
7,10,2.857142857142857,5,1.8,1.5
8,10,2.75,5,1.8,1.2857142857142858
7,8,1.8571428571428572,3,2.5,1.25
9,12,2.888888888888889,5,1.75,1.0
7,8,2.7142857142857144,4,1.75,1.1666666666666667
8,9,2.75,4,2.6666666666666665,1.1428571428571428
8,8,2.125,3,2.0,1.0
7,10,2.142857142857143,4,1.5,1.2
9,11,3.2222222222222223,5,1.8,1.125
8,13,3.125,5,1.8333333333333333,1.5714285714285714
8,8,2.625,4,2.3333333333333335,1.0
8,9,2.25,4,1.75,1.1666666666666667
8,10,2.75,5,1.8,1.2857142857142858
6,8,1.5,3,1.0,1.0
7,8,1.8571428571428572,3,2.0,1.0
9,11,3.2222222222222223,5,1.8,1.125
9,10,1.7777777777777777,3,2.5,1.0
8,9,2.5,4,2.0,1.1428571428571428
6,6,1.3333333333333333,2,2.0,1.0
7,9,1.4285714285714286,3,1.0,1.0
7,8,1.8571428571428572,3,2.0,1.0
8,11,2.25,4,1.75,1.1666666666666667
10,12,2.9,5,2.0,1.1111111111111112
14,35,2.857142857142857,5,3.2,2.6666666666666665
7,10,2.857142857142857,5,1.8,1.5
8,8,2.125,3,2.0,1.0
8,11,2.25,4,1.4,1.1666666666666667
9,9,3.2222222222222223,5,2.0,1.0
6,8,2.5,4,1.3333333333333333,1.0
7,9,2.7142857142857144,4,1.5,1.0
6,6,1.3333333333333333,2,2.0,1.0
8,9,2.375,4,1.75,1.1666666666666667
9,9,1.2222222222222223,2,2.0,1.0
8,11,2.75,5,1.8,1.2857142857142858
7,7,1.2857142857142858,2,2.0,1.0
7,8,1.1428571428571428,2,1.0,1.0
7,8,1.8571428571428572,3,2.0,1.0
9,10,3.2222222222222223,5,2.0,1.0
8,10,2.75,5,1.8,1.2857142857142858
8,10,2.75,5,1.8,1.2857142857142858
9,9,3.2222222222222223,5,2.0,1.0
8,8,2.625,4,2.3333333333333335,1.0
7,9,1.8571428571428572,3,2.5,1.25
7,8,1.4285714285714286,2,3.0,1.0
9,9,3.2222222222222223,5,2.0,1.0
8,9,2.75,5,1.6,1.1428571428571428
8,8,2.625,4,2.3333333333333335,1.0
7,8,1.4285714285714286,2,3.0,1.0
8,10,2.75,5,1.8,1.2857142857142858
6,8,1.5,3,1.0,1.0
7,8,1.8571428571428572,3,2.0,1.0
9,9,3.2222222222222223,5,2.0,1.0
8,9,2.75,5,1.6,1.1428571428571428
8,13,2.875,5,1.6666666666666667,1.4285714285714286
8,12,1.875,3,2.5,1.25
7,9,1.8571428571428572,3,2.5,1.25
9,9,3.2222222222222223,5,2.0,1.0
8,9,2.875,5,1.6,1.1428571428571428
9,10,1.5555555555555556,3,2.5,1.25
9,9,3.2222222222222223,5,2.0,1.0
8,10,2.75,5,1.8,1.2857142857142858
8,10,2.75,5,1.8,1.2857142857142858
8,11,2.75,5,2.0,1.1428571428571428
9,9,3.2222222222222223,5,2.0,1.0
8,12,2.5,4,1.8333333333333333,1.5714285714285714
8,10,2.875,5,1.6,1.1428571428571428
8,13,2.875,5,1.6666666666666667,1.4285714285714286
7,8,1.7142857142857142,3,2.0,1.0
7,8,1.4285714285714286,2,3.0,1.0
6,8,1.5,3,1.0,1.0
7,9,1.8571428571428572,3,2.5,1.25
9,9,3.2222222222222223,5,2.0,1.0
9,9,1.7777777777777777,3,2.5,1.0
8,9,2.5,4,2.0,1.1428571428571428
9,16,3.111111111111111,5,2.4,1.5
8,10,2.75,5,1.8,1.2857142857142858
9,9,3.2222222222222223,5,2.0,1.0
8,9,2.75,5,1.6,1.1428571428571428
8,10,2.75,5,1.8,1.2857142857142858
9,11,2.3333333333333335,4,2.0,1.1428571428571428
13,30,2.769230769230769,5,2.888888888888889,2.3636363636363638
8,8,2.625,4,2.3333333333333335,1.0
7,7,1.8571428571428572,3,2.0,1.0
7,10,2.7142857142857144,5,1.6,1.3333333333333333
6,7,1.5,3,1.5,1.5
9,11,3.2222222222222223,5,1.8,1.125
7,9,2.4285714285714284,4,1.6,1.3333333333333333
8,9,2.5,4,2.0,1.1428571428571428
7,9,1.8571428571428572,3,2.5,1.25
7,8,1.8571428571428572,3,2.5,1.25
9,10,3.2222222222222223,5,1.8,1.125
11,22,2.5454545454545454,4,2.857142857142857,2.2222222222222223
8,10,2.75,5,1.8,1.2857142857142858
6,7,1.5,3,1.5,1.5
6,6,1.3333333333333333,2,2.0,1.0
8,9,2.5,4,2.0,1.1428571428571428
8,10,2.75,5,1.8,1.2857142857142858
7,9,1.4285714285714286,3,1.0,1.0
9,9,3.2222222222222223,5,2.0,1.0
8,8,2.5,4,2.3333333333333335,1.0
7,8,1.8571428571428572,3,2.5,1.25
12,33,2.75,6,2.8,3.5
7,9,1.8571428571428572,3,2.5,1.25
8,12,2.25,4,1.6,1.3333333333333333
9,10,3.2222222222222223,5,1.8,1.125
8,8,2.625,4,2.3333333333333335,1.0
8,10,3.25,5,1.8,1.2857142857142858
8,10,2.5,4,2.0,1.3333333333333333
8,9,2.875,5,1.75,1.0
7,9,1.8571428571428572,3,2.5,1.25
14,41,2.5,5,3.6,3.6
9,11,2.3333333333333335,4,2.0,1.1428571428571428
15,34,2.7333333333333334,5,2.909090909090909,2.4615384615384617
8,9,2.75,4,2.6666666666666665,1.1428571428571428
8,10,2.75,5,1.8,1.2857142857142858
6,7,1.5,3,1.5,1.5
8,10,2.75,5,1.8,1.2857142857142858
9,10,1.2222222222222223,2,2.0,1.0
8,8,2.125,3,2.0,1.0
6,7,1.5,3,1.5,1.5
8,10,2.75,5,1.8,1.2857142857142858
9,9,2.888888888888889,5,1.75,1.0
8,8,2.625,4,2.3333333333333335,1.0
9,10,3.2222222222222223,5,2.0,1.0
8,9,2.75,4,2.6666666666666665,1.1428571428571428
8,10,2.75,5,1.8,1.2857142857142858
8,8,2.25,4,2.0,1.0
7,8,1.4285714285714286,2,3.0,1.0
7,8,1.8571428571428572,3,2.0,1.0
7,9,1.8571428571428572,3,2.5,1.25
9,10,3.2222222222222223,5,2.0,1.0
7,8,2.7142857142857144,4,1.5,1.0
8,8,2.125,3,2.0,1.0
9,10,3.2222222222222223,5,2.0,1.0
8,8,2.625,4,2.3333333333333335,1.0
7,8,1.4285714285714286,2,3.0,1.0
7,9,1.4285714285714286,2,3.0,1.0
9,10,3.2222222222222223,5,2.0,1.0
7,8,2.7142857142857144,4,1.5,1.0
7,11,2.857142857142857,5,1.8,1.5
8,8,2.25,4,2.0,1.0
7,8,1.8571428571428572,3,2.0,1.0
9,10,3.2222222222222223,5,2.0,1.0
6,8,2.0,4,1.0,1.0
8,10,2.75,4,2.6666666666666665,1.1428571428571428
8,9,2.375,4,1.75,1.1666666666666667
7,8,1.8571428571428572,3,2.0,1.0
9,9,2.888888888888889,5,1.75,1.0
8,8,2.625,4,2.3333333333333335,1.0
7,8,1.8571428571428572,3,2.5,1.25
7,8,1.4285714285714286,2,3.0,1.0
9,10,3.2222222222222223,5,2.0,1.0
8,10,2.75,5,1.8,1.2857142857142858
8,9,2.5,4,2.0,1.1428571428571428
6,7,1.5,3,1.0,1.0
6,8,1.5,3,1.5,1.5
14,35,2.7857142857142856,5,2.9,2.9
7,8,1.4285714285714286,2,3.0,1.0
11,26,2.909090909090909,6,2.625,2.625
9,11,1.5555555555555556,3,2.0,1.0
9,11,1.5555555555555556,3,2.0,1.0
14,33,3.0,6,3.2222222222222223,2.4166666666666665
14,18,1.6428571428571428,3,2.75,1.375
14,29,2.857142857142857,5,3.0,2.25
13,20,2.6923076923076925,5,2.8333333333333335,1.5454545454545454
14,22,2.4285714285714284,4,4.0,1.6666666666666667
14,24,2.357142857142857,4,3.6666666666666665,1.8333333333333333
14,40,3.0,5,3.0,2.75
9,12,2.6666666666666665,4,2.0,1.25
13,30,2.769230769230769,5,2.8,2.5454545454545454
8,12,2.25,4,1.6,1.3333333333333333
9,9,3.2222222222222223,5,2.0,1.0
6,6,1.5,3,1.0,1.0
8,9,2.5,4,2.0,1.1428571428571428
6,6,1.3333333333333333,2,2.0,1.0
8,10,2.25,4,1.75,1.1666666666666667
9,9,3.2222222222222223,5,2.0,1.0
12,25,2.3333333333333335,4,2.2222222222222223,2.0
8,13,2.875,5,1.6666666666666667,1.4285714285714286
8,12,2.25,4,2.3333333333333335,1.4
8,11,2.75,5,1.8,1.2857142857142858
7,8,1.8571428571428572,3,2.5,1.25
7,9,1.8571428571428572,3,2.5,1.25
8,9,2.5,4,2.0,1.1428571428571428
8,9,2.375,4,1.75,1.1666666666666667
9,9,3.2222222222222223,5,2.0,1.0
6,8,2.0,4,1.0,1.0
7,11,2.142857142857143,4,1.5,1.2
8,9,2.5,4,2.0,1.1428571428571428
9,12,1.4444444444444444,2,4.0,1.0
9,12,1.4444444444444444,2,4.0,1.0
13,33,2.6153846153846154,5,3.111111111111111,3.111111111111111
7,8,1.4285714285714286,2,3.0,1.0
9,10,3.2222222222222223,5,1.8,1.125
8,9,2.75,5,1.6,1.1428571428571428
8,10,2.75,5,1.8,1.2857142857142858
9,9,3.2222222222222223,5,2.0,1.0
7,9,2.4285714285714284,4,1.4,1.1666666666666667
8,9,2.5,4,2.0,1.1428571428571428
9,10,1.2222222222222223,2,1.5,1.5
8,10,2.75,5,1.8,1.2857142857142858
9,9,3.2222222222222223,5,2.0,1.0
7,11,2.857142857142857,5,1.8,1.5
8,9,2.5,4,2.0,1.1428571428571428
6,7,1.5,3,1.0,1.0
9,10,3.2222222222222223,5,2.0,1.0
9,9,1.7777777777777777,3,2.5,1.0
6,8,1.8333333333333333,3,2.0,1.3333333333333333
8,10,2.75,5,1.8,1.2857142857142858
9,11,2.4444444444444446,4,2.25,1.125
7,9,1.8571428571428572,3,2.5,1.25
8,9,2.375,4,1.75,1.1666666666666667
8,10,2.0,4,1.5,1.2
7,9,1.8571428571428572,3,2.5,1.25
7,8,1.4285714285714286,2,3.0,1.0
8,11,2.25,4,1.75,1.1666666666666667
9,11,2.3333333333333335,4,2.0,1.1428571428571428
13,32,2.923076923076923,6,2.8,2.5454545454545454
7,11,2.857142857142857,5,1.8,1.5
8,9,2.5,4,2.0,1.1428571428571428
7,10,2.0,3,2.0,1.0
7,9,1.8571428571428572,3,2.5,1.25
9,10,3.2222222222222223,5,2.0,1.0
6,8,2.3333333333333335,4,1.6666666666666667,1.25
8,12,2.875,5,1.8,1.2857142857142858
7,9,1.8571428571428572,3,2.5,1.25
6,7,1.5,3,1.0,1.0
9,10,3.2222222222222223,5,2.0,1.0
7,11,2.857142857142857,5,1.8,1.5
8,9,2.5,4,2.0,1.1428571428571428
8,10,2.25,4,1.75,1.1666666666666667
6,7,1.5,3,1.0,1.0
7,11,3.0,4,2.25,1.5
7,8,1.4285714285714286,2,3.0,1.0
8,8,2.25,4,2.0,1.0
8,10,2.75,5,1.8,1.2857142857142858
9,10,3.2222222222222223,5,1.8,1.125
11,21,2.6363636363636362,4,2.7142857142857144,2.111111111111111
8,10,2.75,5,1.8,1.2857142857142858
9,10,3.2222222222222223,5,2.0,1.0
8,12,2.75,5,1.6666666666666667,1.6666666666666667
8,12,2.875,5,1.6666666666666667,1.4285714285714286
6,7,1.5,3,1.5,1.5
6,7,1.5,3,1.0,1.0
7,8,1.8571428571428572,3,2.0,1.0
8,11,2.25,4,1.6,1.3333333333333333
9,11,3.2222222222222223,5,1.8,1.125
8,9,2.5,4,2.0,1.1428571428571428
7,7,1.8571428571428572,3,2.0,1.0
9,10,2.888888888888889,5,1.6,1.1428571428571428
8,8,2.5,4,2.3333333333333335,1.0
6,6,1.5,3,1.0,1.0
9,11,3.2222222222222223,5,1.8,1.125
9,10,1.7777777777777777,3,2.5,1.0
8,9,2.875,5,1.75,1.0
6,8,1.8333333333333333,3,2.0,1.3333333333333333
9,11,3.2222222222222223,5,1.8,1.125
9,12,1.7777777777777777,3,2.3333333333333335,1.4
8,9,2.875,5,1.6,1.1428571428571428
7,9,1.7142857142857142,3,2.0,1.0
8,9,2.5,4,2.0,1.1428571428571428
8,12,1.875,3,2.5,1.25
8,9,2.5,4,2.0,1.1428571428571428
8,11,2.75,5,2.0,1.1428571428571428
9,12,2.6666666666666665,4,2.0,1.25
13,21,2.3076923076923075,4,2.125,1.5454545454545454
8,9,2.875,5,1.75,1.0
6,8,1.8333333333333333,3,2.0,1.3333333333333333
9,10,3.2222222222222223,5,2.0,1.0
6,8,2.5,4,1.3333333333333333,1.0
7,11,2.857142857142857,5,1.8,1.5
8,10,2.75,5,1.8,1.2857142857142858
14,36,2.857142857142857,5,3.3333333333333335,3.0
6,7,1.5,3,1.0,1.0
9,11,3.2222222222222223,5,1.8,1.125
8,11,2.875,4,2.25,1.2857142857142858
8,8,2.125,3,2.0,1.0
7,8,1.8571428571428572,3,2.0,1.0
9,11,3.2222222222222223,5,1.8,1.125
9,11,1.7777777777777777,3,2.5,1.0
6,8,2.1666666666666665,4,1.3333333333333333,1.0
8,9,2.375,4,1.75,1.1666666666666667
7,8,1.7142857142857142,3,2.0,1.0
8,9,2.625,4,2.3333333333333335,1.0
6,6,1.3333333333333333,2,2.0,1.0
7,8,1.4285714285714286,2,3.0,1.0
8,11,2.75,5,2.0,1.1428571428571428
9,10,3.2222222222222223,5,2.0,1.0
11,21,2.4545454545454546,4,2.7142857142857144,2.111111111111111
8,11,2.875,5,1.5,1.2857142857142858
7,8,1.8571428571428572,3,2.0,1.0
9,9,3.2222222222222223,5,2.0,1.0
8,9,2.75,5,1.6,1.1428571428571428
8,9,2.875,5,1.6,1.1428571428571428
7,8,1.4285714285714286,2,3.0,1.0
8,10,2.75,5,1.8,1.2857142857142858
6,7,1.5,3,1.0,1.0
7,8,1.8571428571428572,3,2.0,1.0
9,9,3.2222222222222223,5,2.0,1.0
8,8,2.625,4,2.3333333333333335,1.0
6,7,1.5,3,1.0,1.0
9,9,3.2222222222222223,5,2.0,1.0
7,7,2.7142857142857144,4,1.5,1.0
7,10,2.857142857142857,5,1.6,1.3333333333333333
8,10,2.75,5,1.8,1.2857142857142858
9,11,3.2222222222222223,5,1.8,1.125
8,10,2.0,4,1.4,1.4
8,9,2.375,4,1.75,1.1666666666666667
9,16,3.111111111111111,5,2.4,1.5
7,8,2.142857142857143,4,1.5,1.2
12,28,2.6666666666666665,5,2.857142857142857,2.5
9,11,2.6666666666666665,4,2.25,1.125
13,27,2.6153846153846154,5,2.7777777777777777,2.272727272727273
7,11,2.857142857142857,5,1.8,1.5
8,10,2.75,5,1.8,1.2857142857142858
9,11,3.2222222222222223,5,1.8,1.125
8,9,2.5,4,2.0,1.1428571428571428
6,6,1.5,3,1.0,1.0
9,9,3.2222222222222223,5,2.0,1.0
7,9,2.7142857142857144,4,1.75,1.1666666666666667
8,9,2.375,4,1.75,1.1666666666666667
7,8,1.8571428571428572,3,2.0,1.0
9,10,3.2222222222222223,5,2.0,1.0
7,10,2.857142857142857,5,1.8,1.5
8,9,2.375,4,1.75,1.1666666666666667
7,8,1.8571428571428572,3,2.0,1.0
8,10,2.25,4,1.75,1.1666666666666667
9,9,3.2222222222222223,5,2.0,1.0
10,19,2.5,4,2.4285714285714284,2.125
8,11,2.875,5,1.5,1.2857142857142858
7,8,1.8571428571428572,3,2.0,1.0
9,10,3.2222222222222223,5,1.8,1.125
7,7,2.7142857142857144,4,1.5,1.0
8,10,2.75,5,1.8,1.2857142857142858
8,12,2.75,5,1.8,1.2857142857142858
9,10,1.4444444444444444,2,4.0,1.0
8,10,2.75,5,1.8,1.2857142857142858
6,7,1.3333333333333333,2,2.0,1.0
8,8,2.625,4,2.3333333333333335,1.0
7,8,1.8571428571428572,3,2.0,1.0
8,10,2.75,5,1.8,1.2857142857142858
9,10,3.2222222222222223,5,1.8,1.125
8,8,2.625,4,2.3333333333333335,1.0
6,7,1.5,3,1.0,1.0
9,10,3.2222222222222223,5,1.8,1.125
7,9,2.7142857142857144,4,1.75,1.1666666666666667
7,10,2.2857142857142856,4,1.75,1.4
8,11,2.75,5,1.8,1.2857142857142858
9,11,3.2222222222222223,5,1.8,1.125
8,10,2.75,5,1.6,1.1428571428571428
8,10,2.875,5,1.6,1.1428571428571428
6,8,1.8333333333333333,3,2.0,1.3333333333333333
7,8,1.8571428571428572,3,2.5,1.25
11,28,2.727272727272727,5,2.625,2.625
9,11,2.3333333333333335,4,2.3333333333333335,1.0
13,25,2.3846153846153846,4,2.1,1.9090909090909092
7,8,2.2857142857142856,4,1.5,1.2
6,7,1.8333333333333333,3,2.0,1.3333333333333333
8,9,3.125,5,1.6,1.1428571428571428
9,13,2.111111111111111,4,2.0,1.3333333333333333
8,9,2.75,4,2.6666666666666665,1.1428571428571428
7,9,1.8571428571428572,3,2.5,1.25
8,10,1.875,3,1.6666666666666667,1.0
8,9,3.125,5,1.6,1.1428571428571428
8,12,3.125,5,2.2,1.5714285714285714
8,9,2.75,4,2.6666666666666665,1.1428571428571428
8,10,2.75,5,1.8,1.2857142857142858
7,8,1.8571428571428572,3,2.5,1.25
9,9,2.888888888888889,5,1.75,1.0
8,9,2.5,4,2.0,1.1428571428571428
7,8,1.8571428571428572,3,2.5,1.25
9,10,2.888888888888889,5,1.6,1.1428571428571428
8,10,2.75,5,1.8,1.2857142857142858
8,12,2.875,5,1.6666666666666667,1.4285714285714286
6,7,1.5,3,1.0,1.0
8,9,2.5,4,2.0,1.1428571428571428
8,11,1.875,3,2.0,1.0
9,10,2.888888888888889,5,1.6,1.1428571428571428
8,10,2.5,4,1.8,1.2857142857142858
8,10,2.75,5,1.8,1.2857142857142858
9,11,3.2222222222222223,5,1.8,1.125
8,9,2.75,4,2.6666666666666665,1.1428571428571428
8,8,2.25,4,2.0,1.0
9,15,3.0,5,2.2,1.375
8,9,2.25,4,1.4,1.1666666666666667
9,11,3.2222222222222223,5,1.8,1.125
6,6,1.5,3,1.0,1.0
9,11,1.5555555555555556,3,2.0,1.5
8,10,2.75,5,1.8,1.2857142857142858
7,8,1.8571428571428572,3,2.5,1.25
7,8,1.8571428571428572,3,2.0,1.0
9,11,3.2222222222222223,5,1.8,1.125
8,8,2.625,4,2.3333333333333335,1.0
7,8,1.8571428571428572,3,2.5,1.25
9,11,3.2222222222222223,5,1.8,1.125
8,9,2.75,4,2.6666666666666665,1.1428571428571428
8,8,2.125,3,2.0,1.0
8,13,2.375,4,1.5,1.5
6,7,1.5,3,1.5,1.5
8,11,2.25,4,1.75,1.1666666666666667
9,11,2.6666666666666665,4,2.25,1.125
13,28,2.4615384615384617,4,2.875,2.090909090909091
8,8,2.125,3,2.0,1.0
7,8,1.8571428571428572,3,1.6666666666666667,1.0
6,7,1.5,3,1.5,1.5
9,10,3.2222222222222223,5,2.0,1.0
7,9,2.4285714285714284,4,1.4,1.1666666666666667
8,10,2.75,5,1.8,1.2857142857142858
8,12,1.875,3,2.5,1.25
7,8,1.8571428571428572,3,2.0,1.0
8,13,2.375,4,1.5,1.5
6,6,1.3333333333333333,2,2.0,1.0
8,10,2.75,5,1.8,1.2857142857142858
9,9,3.2222222222222223,5,2.0,1.0
6,10,2.5,4,1.6666666666666667,1.25
8,10,2.75,4,2.6666666666666665,1.1428571428571428
8,8,2.25,4,2.0,1.0
7,9,1.4285714285714286,2,3.0,1.0
7,9,1.4285714285714286,2,3.0,1.0
9,10,3.2222222222222223,5,2.0,1.0
8,10,2.75,4,2.6666666666666665,1.1428571428571428
8,8,2.25,4,2.0,1.0
9,17,3.2222222222222223,6,2.1666666666666665,1.625
7,8,2.142857142857143,4,1.5,1.2
9,10,3.2222222222222223,5,2.0,1.0
7,10,2.4285714285714284,4,1.4,1.1666666666666667
8,10,2.75,5,1.8,1.2857142857142858
8,9,2.5,4,2.0,1.1428571428571428
6,8,1.5,3,1.5,1.5
8,13,2.375,4,1.5,1.5
6,6,1.3333333333333333,2,2.0,1.0
8,11,2.75,5,1.8,1.2857142857142858
9,9,3.2222222222222223,5,2.0,1.0
9,12,1.7777777777777777,3,3.0,1.2
8,10,2.875,5,1.6,1.1428571428571428
6,7,1.6666666666666667,3,1.5,1.0
9,9,3.2222222222222223,5,2.0,1.0
8,8,2.625,4,2.3333333333333335,1.0
6,7,1.5,3,1.0,1.0
9,9,3.2222222222222223,5,2.0,1.0
8,10,2.75,5,1.8,1.2857142857142858
8,11,2.875,5,1.5,1.2857142857142858
8,13,1.875,3,3.0,1.5
7,9,1.8571428571428572,3,2.5,1.25
11,26,2.8181818181818183,6,2.3333333333333335,2.625
9,11,1.5555555555555556,3,2.0,1.0
9,11,1.5555555555555556,3,2.0,1.0
15,22,1.4666666666666666,2,6.0,1.7142857142857142
13,23,1.8461538461538463,4,3.2,2.0
13,29,2.5384615384615383,6,2.5555555555555554,2.3
13,25,2.0,4,2.5714285714285716,2.0
13,23,2.4615384615384617,4,3.3333333333333335,2.0
14,41,3.142857142857143,6,3.0833333333333335,3.0833333333333335
14,27,2.5714285714285716,4,3.5714285714285716,2.0833333333333335
14,25,2.5,4,3.2857142857142856,1.9166666666666667
15,44,3.066666666666667,5,3.0833333333333335,2.8461538461538463
9,13,2.6666666666666665,4,2.0,1.25
14,28,2.4285714285714284,4,2.6666666666666665,2.0
6,7,1.5,3,1.5,1.5
8,10,2.75,5,1.8,1.2857142857142858
9,10,1.4444444444444444,2,4.0,1.0
8,9,2.875,5,1.6,1.1428571428571428
6,7,1.5,3,1.0,1.0
7,9,1.8571428571428572,3,2.5,1.25
8,10,2.75,5,1.8,1.2857142857142858
6,7,1.3333333333333333,2,2.0,1.0
8,10,2.875,5,1.6,1.1428571428571428
8,12,2.375,4,1.5,1.5
6,7,1.5,3,1.0,1.0
9,10,3.2222222222222223,5,1.8,1.125
8,8,2.625,4,2.3333333333333335,1.0
6,7,1.5,3,1.0,1.0
6,7,1.5,3,1.0,1.0
8,12,2.25,4,1.6,1.3333333333333333
9,10,3.2222222222222223,5,1.8,1.125
7,9,2.7142857142857144,4,1.75,1.1666666666666667
7,9,2.2857142857142856,4,1.75,1.4
8,8,2.25,4,2.0,1.0
7,9,1.8571428571428572,3,2.5,1.25
9,10,3.2222222222222223,5,1.8,1.125
7,9,2.7142857142857144,4,1.75,1.1666666666666667
8,10,2.75,5,1.8,1.2857142857142858
9,16,3.111111111111111,5,2.1666666666666665,1.625
8,11,2.75,5,1.8,1.2857142857142858
6,7,1.5,3,1.5,1.5
9,10,3.2222222222222223,5,1.8,1.125
6,7,2.3333333333333335,4,1.6666666666666667,1.25
7,8,2.857142857142857,4,1.75,1.1666666666666667
8,8,2.25,4,2.0,1.0
7,8,1.4285714285714286,2,3.0,1.0
8,11,2.75,5,1.6666666666666667,1.4285714285714286
8,9,3.125,5,1.6,1.1428571428571428
8,10,2.75,5,1.8,1.2857142857142858
8,8,2.625,4,2.3333333333333335,1.0
8,11,1.625,3,2.5,1.6666666666666667
8,10,2.75,5,1.8,1.2857142857142858
9,11,3.2222222222222223,5,1.8,1.125
7,7,2.7142857142857144,4,1.5,1.0
8,8,2.125,3,2.0,1.0
9,11,3.2222222222222223,5,1.8,1.125
11,21,2.6363636363636362,4,2.7142857142857144,2.111111111111111
8,10,2.75,5,1.8,1.2857142857142858
8,8,2.625,4,2.3333333333333335,1.0
6,7,1.5,3,1.5,1.5
8,11,2.25,4,1.6,1.3333333333333333
9,11,3.2222222222222223,5,1.8,1.125
8,8,2.625,4,2.3333333333333335,1.0
7,8,1.8571428571428572,3,2.5,1.25
7,8,1.4285714285714286,2,3.0,1.0
9,11,3.2222222222222223,5,1.8,1.125
6,9,2.5,4,1.3333333333333333,1.0
8,8,2.125,3,2.0,1.0
9,11,3.2222222222222223,5,1.8,1.125
8,8,2.625,4,2.3333333333333335,1.0
6,7,1.5,3,1.5,1.5
8,10,2.75,5,1.8,1.2857142857142858
9,11,3.2222222222222223,5,1.8,1.125
9,10,2.4444444444444446,4,2.25,1.125
8,8,2.125,3,2.0,1.0
7,9,1.8571428571428572,3,1.6666666666666667,1.0
12,31,2.75,6,2.5,2.7777777777777777
10,12,1.5,3,2.0,1.0
9,11,1.5555555555555556,3,2.0,1.0
14,23,1.6428571428571428,3,2.8333333333333335,2.125
14,24,1.7857142857142858,4,2.5,1.875
14,38,2.9285714285714284,5,2.909090909090909,2.6666666666666665
13,25,2.230769230769231,5,2.2222222222222223,2.0
13,25,2.6153846153846154,5,2.857142857142857,1.8181818181818181
13,27,2.769230769230769,6,2.875,2.090909090909091
13,24,2.6153846153846154,5,2.75,2.0
14,29,2.7142857142857144,5,3.25,2.1666666666666665
14,28,2.357142857142857,4,2.888888888888889,2.1666666666666665
14,41,3.0,5,2.9166666666666665,2.9166666666666665
9,11,2.6666666666666665,4,2.0,1.25
12,23,2.75,5,2.625,2.1
8,8,2.125,3,2.0,1.0
8,9,2.25,4,1.75,1.1666666666666667
8,10,2.75,5,1.8,1.2857142857142858
7,8,1.8571428571428572,3,2.5,1.25
9,9,3.2222222222222223,5,2.0,1.0
8,8,2.625,4,2.3333333333333335,1.0
6,6,1.3333333333333333,2,2.0,1.0
8,10,2.75,5,1.8,1.2857142857142858
9,9,3.2222222222222223,5,2.0,1.0
8,10,2.75,5,1.8,1.2857142857142858
8,8,2.625,4,2.3333333333333335,1.0
7,8,1.4285714285714286,2,3.0,1.0
8,10,2.75,5,1.8,1.2857142857142858
9,9,3.2222222222222223,5,2.0,1.0
7,8,2.7142857142857144,4,1.5,1.0
8,8,2.125,3,2.0,1.0
9,9,3.2222222222222223,5,2.0,1.0
10,19,2.5,4,2.4285714285714284,2.125
8,10,2.75,5,1.8,1.2857142857142858
8,8,2.625,4,2.3333333333333335,1.0
6,7,1.5,3,1.5,1.5
8,10,2.25,4,1.75,1.1666666666666667
9,10,3.2222222222222223,5,2.0,1.0
8,8,2.625,4,2.3333333333333335,1.0
7,8,1.8571428571428572,3,2.5,1.25
7,8,1.4285714285714286,2,3.0,1.0
9,9,3.2222222222222223,5,2.0,1.0
6,8,2.0,4,1.0,1.0
8,8,2.125,3,2.0,1.0
9,10,3.2222222222222223,5,2.0,1.0
8,8,2.625,4,2.3333333333333335,1.0
6,6,1.3333333333333333,2,2.0,1.0
8,10,2.75,5,1.8,1.2857142857142858
9,10,3.2222222222222223,5,2.0,1.0
8,9,2.5,4,2.0,1.1428571428571428
8,8,2.125,3,2.0,1.0
7,9,1.8571428571428572,3,1.6666666666666667,1.0
11,28,2.8181818181818183,6,2.3333333333333335,2.625
10,12,1.5,3,2.0,1.0
9,11,1.5555555555555556,3,2.0,1.0
14,26,1.8571428571428572,3,3.8,2.111111111111111
14,29,2.142857142857143,4,4.6,2.5555555555555554
14,44,3.0,5,3.3636363636363638,3.0833333333333335
13,28,2.3076923076923075,4,2.5555555555555554,2.090909090909091
14,32,2.857142857142857,5,3.25,2.1666666666666665
13,25,2.230769230769231,5,1.9090909090909092,2.1
14,32,2.7857142857142856,5,2.8,2.3333333333333335
13,24,2.769230769230769,5,3.5,1.9090909090909092
13,28,2.6153846153846154,5,2.3636363636363638,2.3636363636363638
15,44,3.066666666666667,5,3.0833333333333335,2.8461538461538463
9,12,2.6666666666666665,4,2.25,1.125
15,30,3.066666666666667,5,3.8333333333333335,1.7692307692307692
8,9,2.375,4,1.75,1.1666666666666667
9,9,3.2222222222222223,5,2.0,1.0
6,8,2.5,4,1.3333333333333333,1.0
8,13,2.875,5,1.6666666666666667,1.4285714285714286
8,10,1.875,3,2.0,1.0
7,9,1.8571428571428572,3,2.5,1.25
9,9,3.2222222222222223,5,2.0,1.0
13,25,2.3846153846153846,4,2.75,2.0
8,8,2.625,4,2.3333333333333335,1.0
7,8,1.4285714285714286,2,3.0,1.0
8,11,2.75,5,1.8,1.2857142857142858
9,9,3.2222222222222223,5,2.0,1.0
8,8,2.625,4,2.3333333333333335,1.0
6,7,1.5,3,1.0,1.0
9,10,3.2222222222222223,5,1.8,1.125
8,10,2.5,4,2.0,1.1428571428571428
8,8,2.125,3,2.0,1.0
7,9,1.8571428571428572,3,1.6666666666666667,1.0
8,12,2.25,4,1.5,1.5
9,10,3.2222222222222223,5,1.8,1.125
8,9,2.5,4,2.0,1.1428571428571428
9,11,1.7777777777777777,3,3.0,1.2
9,10,3.2222222222222223,5,1.8,1.125
8,10,2.75,5,1.8,1.2857142857142858
8,10,2.75,5,1.8,1.2857142857142858
9,10,3.2222222222222223,5,1.8,1.125
8,10,2.5,4,2.0,1.1428571428571428
8,8,2.125,3,2.0,1.0
7,9,2.142857142857143,4,1.5,1.2
9,10,3.2222222222222223,5,1.8,1.125
8,10,2.75,5,1.6,1.1428571428571428
7,9,2.0,4,1.6666666666666667,1.25
8,10,2.75,5,1.8,1.2857142857142858
9,11,3.2222222222222223,5,1.8,1.125
14,33,2.857142857142857,5,3.1,2.5833333333333335
16,45,2.625,5,4.25,3.090909090909091
7,9,1.7142857142857142,3,2.0,1.0
7,9,1.4285714285714286,2,3.0,1.0
9,9,2.888888888888889,5,1.75,1.0
6,7,1.5,3,1.0,1.0
7,11,1.7142857142857142,3,1.6666666666666667,1.25
8,10,2.75,5,1.8,1.2857142857142858
8,10,2.75,5,1.8,1.2857142857142858
9,11,1.2222222222222223,2,2.0,1.0
9,10,3.2222222222222223,5,2.0,1.0
8,8,2.625,4,2.3333333333333335,1.0
9,10,1.7777777777777777,3,2.0,1.2
8,8,2.625,4,2.3333333333333335,1.0
8,9,2.5,4,2.0,1.1428571428571428
7,8,1.8571428571428572,3,2.5,1.25
12,29,2.75,6,2.7777777777777777,2.7777777777777777
10,12,1.7,3,2.5,1.0
9,9,1.5555555555555556,3,2.0,1.0
14,23,1.6428571428571428,3,2.8333333333333335,2.125
14,24,1.7857142857142858,4,2.5,1.875
14,38,2.9285714285714284,5,2.909090909090909,2.6666666666666665
13,26,2.230769230769231,5,2.1,2.1
13,23,2.6153846153846154,5,2.7142857142857144,1.7272727272727273
13,25,2.769230769230769,6,2.875,2.090909090909091
14,26,2.7857142857142856,5,3.0,2.0
14,28,2.642857142857143,5,3.125,2.0833333333333335
14,27,2.357142857142857,4,2.7777777777777777,2.0833333333333335
15,41,3.1333333333333333,5,3.1818181818181817,2.6923076923076925
9,12,2.6666666666666665,4,2.0,1.25
15,30,3.066666666666667,5,3.8333333333333335,1.7692307692307692
8,9,2.625,4,2.3333333333333335,1.0
8,11,2.5,4,2.0,1.1428571428571428
8,12,2.25,4,1.6,1.3333333333333333
9,9,3.2222222222222223,5,2.0,1.0
7,8,2.7142857142857144,4,1.5,1.0
8,9,2.75,4,2.6666666666666665,1.1428571428571428
8,8,2.25,4,2.0,1.0
7,8,1.8571428571428572,3,2.0,1.0
9,10,3.2222222222222223,5,2.0,1.0
8,10,2.5,4,2.0,1.1428571428571428
8,8,2.125,3,2.0,1.0
7,9,1.8571428571428572,3,1.6666666666666667,1.0
9,9,3.2222222222222223,5,2.0,1.0
6,8,2.5,4,1.3333333333333333,1.0
8,10,2.75,4,2.6666666666666665,1.1428571428571428
8,8,2.25,4,2.0,1.0
7,8,1.4285714285714286,2,3.0,1.0
7,9,1.4285714285714286,2,3.0,1.0
9,10,3.2222222222222223,5,2.0,1.0
8,12,2.875,4,2.25,1.2857142857142858
8,9,2.375,4,1.75,1.1666666666666667
7,8,1.8571428571428572,3,2.0,1.0
11,27,2.909090909090909,5,2.2,2.4444444444444446
9,10,3.2222222222222223,5,2.0,1.0
6,9,2.5,4,1.3333333333333333,1.0
8,9,2.5,4,2.0,1.1428571428571428
7,9,1.8571428571428572,3,2.5,1.25
8,13,1.875,3,3.0,1.5
8,10,2.75,5,1.8,1.2857142857142858
9,10,3.2222222222222223,5,2.0,1.0
8,9,2.5,4,2.0,1.1428571428571428
8,9,2.625,4,1.75,1.1666666666666667
7,9,1.8571428571428572,3,1.6666666666666667,1.0
9,10,3.2222222222222223,5,2.0,1.0
7,10,2.857142857142857,5,1.8,1.5
8,8,2.25,4,2.0,1.0
9,17,3.111111111111111,5,2.1666666666666665,1.625
8,9,2.25,4,1.4,1.1666666666666667
9,10,3.2222222222222223,5,2.0,1.0
12,23,2.5833333333333335,4,3.0,2.1
8,10,2.75,5,1.8,1.2857142857142858
9,11,1.7777777777777777,3,2.5,1.0
8,12,2.375,4,1.5,1.5
7,9,1.8571428571428572,3,2.5,1.25
8,11,2.25,4,1.75,1.1666666666666667
9,11,2.6666666666666665,4,2.25,1.125
13,27,2.3846153846153846,4,2.5,2.272727272727273
8,9,2.625,4,2.3333333333333335,1.0
9,17,3.111111111111111,5,2.1666666666666665,1.625
7,8,2.142857142857143,4,1.5,1.2
9,9,3.2222222222222223,5,2.0,1.0
8,8,2.625,4,2.3333333333333335,1.0
7,8,1.8571428571428572,3,2.0,1.0
9,9,3.2222222222222223,5,2.0,1.0
8,10,2.5,4,2.0,1.1428571428571428
8,9,2.125,3,2.0,1.0
7,9,1.8571428571428572,3,1.6666666666666667,1.0
9,9,3.2222222222222223,5,2.0,1.0
9,11,1.7777777777777777,3,3.0,1.2
8,8,2.125,3,2.0,1.0
6,8,1.8333333333333333,3,2.0,1.3333333333333333
9,9,3.2222222222222223,5,2.0,1.0
8,8,2.625,4,2.3333333333333335,1.0
9,9,3.2222222222222223,5,2.0,1.0
10,19,2.5,4,2.4285714285714284,2.125
8,9,2.5,4,2.0,1.1428571428571428
7,8,1.8571428571428572,3,2.0,1.0
7,8,1.8571428571428572,3,2.0,1.0
8,10,2.75,5,1.8,1.2857142857142858
6,7,1.5,3,1.5,1.5
9,9,3.2222222222222223,5,2.0,1.0
13,28,2.3846153846153846,4,2.875,2.090909090909091
8,10,2.75,5,1.8,1.2857142857142858
6,8,1.5,3,1.5,1.5
7,9,1.8571428571428572,3,2.5,1.25
9,9,3.2222222222222223,5,2.0,1.0
8,10,2.875,5,1.6,1.1428571428571428
6,8,1.8333333333333333,3,2.0,1.3333333333333333
9,9,3.2222222222222223,5,2.0,1.0
7,9,2.7142857142857144,4,1.75,1.1666666666666667
7,9,2.4285714285714284,4,1.6,1.3333333333333333
8,8,2.125,3,2.0,1.0
11,29,2.909090909090909,6,2.4444444444444446,2.75
10,13,1.5,3,2.0,1.0
9,11,1.5555555555555556,3,2.0,1.0
14,26,2.2857142857142856,5,2.857142857142857,2.0
15,34,2.066666666666667,4,3.5714285714285716,2.7777777777777777
14,31,2.642857142857143,5,4.0,2.1818181818181817
13,26,2.230769230769231,4,3.5,2.3333333333333335
14,33,2.9285714285714284,6,3.111111111111111,2.3333333333333335
15,32,3.066666666666667,6,2.6363636363636362,2.230769230769231
15,46,3.466666666666667,6,3.3333333333333335,3.076923076923077
9,12,2.3333333333333335,4,2.0,1.1428571428571428
13,31,2.769230769230769,5,2.9,2.6363636363636362
13,29,2.4615384615384617,4,2.6666666666666665,2.1818181818181817
8,10,2.5,4,2.0,1.1428571428571428
8,12,2.25,4,2.3333333333333335,1.4
8,9,2.625,4,1.75,1.1666666666666667
6,7,1.5,3,1.5,1.5
8,9,2.625,4,2.3333333333333335,1.0
12,27,2.5,5,3.0,2.4
9,12,2.3333333333333335,4,2.0,1.1428571428571428
14,29,2.5,4,2.5555555555555554,1.9166666666666667
8,10,3.0,5,1.6,1.3333333333333333
8,13,2.375,4,1.5,1.5
7,8,1.7142857142857142,3,2.0,1.0
7,8,1.4285714285714286,2,3.0,1.0
9,9,2.888888888888889,5,1.75,1.0
8,11,2.875,4,2.25,1.2857142857142858
8,8,2.125,3,2.0,1.0
7,8,1.8571428571428572,3,2.0,1.0
9,9,2.888888888888889,5,1.75,1.0
8,8,2.625,4,2.3333333333333335,1.0
9,10,1.7777777777777777,3,2.0,1.2
8,9,2.625,4,2.3333333333333335,1.0
8,9,2.5,4,2.0,1.1428571428571428
7,8,1.8571428571428572,3,2.5,1.25
9,9,2.888888888888889,5,1.75,1.0
8,11,2.875,5,1.5,1.2857142857142858
7,8,1.8571428571428572,3,2.5,1.25
7,8,1.4285714285714286,2,3.0,1.0
8,9,2.875,5,1.75,1.0
12,36,2.8333333333333335,5,3.0,3.0
9,10,3.2222222222222223,5,2.0,1.0
8,9,2.5,4,2.0,1.1428571428571428
7,8,1.8571428571428572,3,2.0,1.0
9,10,3.2222222222222223,5,2.0,1.0
7,9,2.4285714285714284,4,1.6,1.3333333333333333
8,8,2.625,4,2.3333333333333335,1.0
6,6,1.5,3,1.0,1.0
9,10,3.2222222222222223,5,2.0,1.0
8,10,2.75,5,1.8,1.2857142857142858
8,9,2.5,4,2.0,1.1428571428571428
7,8,1.8571428571428572,3,2.5,1.25
8,10,2.75,5,1.8,1.2857142857142858
9,10,3.2222222222222223,5,2.0,1.0
8,8,2.625,4,2.3333333333333335,1.0
6,6,1.3333333333333333,2,2.0,1.0
7,8,1.8571428571428572,3,2.0,1.0
8,11,2.25,4,1.75,1.1666666666666667
9,11,2.6666666666666665,4,2.25,1.125
14,30,2.7142857142857144,5,3.0,2.25
7,10,2.857142857142857,5,1.8,1.5
8,10,2.75,5,1.8,1.2857142857142858
7,8,1.8571428571428572,3,2.5,1.25
9,11,3.2222222222222223,5,1.8,1.125
14,33,3.0,5,3.1,2.5833333333333335
9,10,3.2222222222222223,5,2.0,1.0
8,8,2.625,4,2.3333333333333335,1.0
6,6,1.3333333333333333,2,2.0,1.0
6,6,1.3333333333333333,2,2.0,1.0
8,9,2.5,4,2.0,1.1428571428571428
9,16,3.111111111111111,5,2.4,1.5
8,10,2.75,5,1.8,1.2857142857142858
7,8,1.2857142857142858,2,2.0,1.0
9,10,3.2222222222222223,5,2.0,1.0
8,8,2.625,4,2.3333333333333335,1.0
7,9,1.8571428571428572,3,2.5,1.25
7,9,1.4285714285714286,2,3.0,1.0
9,9,3.2222222222222223,5,2.0,1.0
8,9,2.75,4,2.6666666666666665,1.1428571428571428
8,10,2.75,5,1.8,1.2857142857142858
8,8,2.25,4,2.0,1.0
6,6,1.3333333333333333,2,2.0,1.0
7,9,1.4285714285714286,2,3.0,1.0
9,10,3.2222222222222223,5,2.0,1.0
7,8,2.7142857142857144,4,1.5,1.0
7,12,2.857142857142857,5,1.8,1.5
8,10,2.75,5,1.8,1.2857142857142858
8,9,2.25,4,1.4,1.1666666666666667
8,10,2.25,4,1.75,1.1666666666666667
9,10,3.2222222222222223,5,2.0,1.0
7,8,2.7142857142857144,4,1.5,1.0
8,10,2.75,4,2.6666666666666665,1.1428571428571428
8,8,2.25,4,2.0,1.0
7,8,1.8571428571428572,3,2.0,1.0
9,10,3.2222222222222223,5,2.0,1.0
8,10,2.75,5,1.8,1.2857142857142858
8,8,2.625,4,2.3333333333333335,1.0
7,7,1.4285714285714286,2,3.0,1.0
8,10,2.5,4,1.6,1.1428571428571428
9,9,3.2222222222222223,5,2.0,1.0
9,9,1.7777777777777777,3,2.5,1.0
8,8,2.625,4,2.3333333333333335,1.0
9,10,1.4444444444444444,2,2.5,1.25
8,11,2.75,5,1.8,1.2857142857142858
9,10,2.3333333333333335,4,2.0,1.1428571428571428
14,39,2.9285714285714284,5,3.5,2.9166666666666665
7,11,2.857142857142857,5,1.8,1.5
8,10,2.75,5,1.8,1.2857142857142858
9,11,3.2222222222222223,5,1.8,1.125
9,9,1.4444444444444444,2,4.0,1.0
8,9,2.5,4,2.0,1.1428571428571428
7,8,1.8571428571428572,3,2.5,1.25
8,10,2.75,5,1.8,1.2857142857142858
9,10,3.2222222222222223,5,2.0,1.0
8,8,2.625,4,2.3333333333333335,1.0
7,8,1.8571428571428572,3,2.5,1.25
7,8,1.4285714285714286,2,3.0,1.0
9,9,3.2222222222222223,5,2.0,1.0
7,8,2.142857142857143,4,1.5,1.2
8,10,2.75,5,1.8,1.2857142857142858
7,9,1.8571428571428572,3,2.5,1.25
9,9,3.2222222222222223,5,2.0,1.0
7,9,2.7142857142857144,4,1.75,1.1666666666666667
7,10,2.2857142857142856,4,1.75,1.4
7,11,3.0,4,2.5,1.6666666666666667
8,11,2.75,5,1.8,1.2857142857142858
9,10,3.2222222222222223,5,2.0,1.0
8,9,2.375,4,1.75,1.1666666666666667
8,12,2.375,4,1.5,1.5
7,9,1.8571428571428572,3,2.5,1.25
12,33,2.75,6,2.888888888888889,2.888888888888889
11,13,1.2727272727272727,2,3.0,1.0
9,11,1.3333333333333333,2,3.0,1.0
15,33,2.2,4,4.166666666666667,2.272727272727273
14,28,1.9285714285714286,4,2.375,2.111111111111111
15,40,3.066666666666667,5,3.2,2.4615384615384617
14,34,2.5,5,2.7,2.4545454545454546
14,25,2.5,4,3.6666666666666665,1.8333333333333333
15,44,3.066666666666667,5,3.1666666666666665,2.923076923076923
9,12,3.0,5,1.8,1.125
8,9,2.875,5,1.6,1.1428571428571428
8,10,3.625,6,1.6,1.1428571428571428
9,12,1.6666666666666667,3,2.0,1.5
16,51,2.8125,5,4.363636363636363,3.6923076923076925
10,15,2.2,4,2.3333333333333335,1.0
12,25,2.3333333333333335,4,2.5555555555555554,2.3
8,10,3.0,5,1.6,1.3333333333333333
8,11,1.75,3,2.5,1.25
8,9,3.125,5,1.6,1.1428571428571428
8,14,2.875,5,1.6666666666666667,1.6666666666666667
8,11,2.875,5,1.5,1.2857142857142858
6,7,1.5,3,1.5,1.5
6,7,1.5,3,1.0,1.0
7,8,1.8571428571428572,3,2.0,1.0
9,10,2.888888888888889,5,1.6,1.1428571428571428
9,10,2.4444444444444446,4,2.25,1.125
8,8,2.125,3,2.0,1.0
7,9,1.8571428571428572,3,1.6666666666666667,1.0
8,12,2.25,4,1.5,1.5
9,10,3.2222222222222223,5,2.0,1.0
10,17,2.8,5,2.3333333333333335,1.5555555555555556
8,9,2.5,4,2.0,1.1428571428571428
7,9,1.7142857142857142,3,2.0,1.0
7,9,1.4285714285714286,2,3.0,1.0
8,8,2.25,4,2.0,1.0
8,9,2.5,4,2.0,1.1428571428571428
7,8,1.8571428571428572,3,2.5,1.25
7,8,1.1428571428571428,2,1.0,1.0
8,11,2.25,4,1.75,1.1666666666666667
9,10,3.2222222222222223,5,2.0,1.0
10,19,2.5,4,2.4285714285714284,2.125
6,8,1.8333333333333333,3,2.0,1.3333333333333333
8,9,2.5,4,2.0,1.1428571428571428
7,9,1.8571428571428572,3,2.5,1.25
9,11,1.2222222222222223,2,2.0,1.0
9,9,2.888888888888889,5,1.75,1.0
8,9,2.5,4,2.0,1.1428571428571428
7,8,1.8571428571428572,3,2.0,1.0
9,10,3.2222222222222223,5,2.0,1.0
9,11,1.7777777777777777,3,3.0,1.2
6,6,2.1666666666666665,4,1.3333333333333333,1.0
8,9,2.375,4,1.75,1.1666666666666667
8,9,2.25,4,1.75,1.1666666666666667
9,10,3.2222222222222223,5,2.0,1.0
7,8,2.7142857142857144,4,1.5,1.0
7,11,2.857142857142857,5,1.6,1.3333333333333333
8,11,2.75,5,1.8,1.2857142857142858
9,10,2.888888888888889,5,1.6,1.1428571428571428
8,11,2.0,4,1.4,1.4
6,7,1.6666666666666667,3,1.5,1.0
8,10,2.75,5,1.8,1.2857142857142858
7,9,1.4285714285714286,3,1.5,1.5
7,10,1.4285714285714286,3,1.5,1.5
8,10,2.75,5,1.8,1.2857142857142858
6,6,1.3333333333333333,2,2.0,1.0
8,10,2.25,4,1.75,1.1666666666666667
9,11,2.3333333333333335,4,2.0,1.1428571428571428
13,32,3.0,5,3.0,2.727272727272727
7,9,1.8571428571428572,3,2.5,1.25
7,8,1.4285714285714286,2,3.0,1.0
9,10,3.2222222222222223,5,2.0,1.0
6,9,2.5,4,1.3333333333333333,1.0
8,10,2.75,5,1.8,1.2857142857142858
6,6,1.3333333333333333,2,2.0,1.0
9,14,3.111111111111111,5,2.4,1.5
8,10,2.75,5,1.8,1.2857142857142858
9,9,2.888888888888889,5,1.75,1.0
8,8,2.5,4,2.3333333333333335,1.0
7,8,1.8571428571428572,3,2.0,1.0
9,10,3.2222222222222223,5,2.0,1.0
7,8,2.7142857142857144,4,1.5,1.0
7,12,2.857142857142857,5,1.8,1.5
8,12,2.25,4,1.3333333333333333,1.3333333333333333
6,7,1.5,3,1.0,1.0
9,11,3.2222222222222223,5,1.8,1.125
7,8,2.7142857142857144,4,1.5,1.0
8,8,2.125,3,2.0,1.0
9,10,3.2222222222222223,5,2.0,1.0
8,10,2.75,5,1.8,1.2857142857142858
8,10,2.75,5,1.8,1.2857142857142858
9,9,3.2222222222222223,5,2.0,1.0
7,8,2.7142857142857144,4,1.5,1.0
7,10,2.857142857142857,5,1.6,1.3333333333333333
8,8,2.25,4,2.0,1.0
7,8,1.8571428571428572,3,2.0,1.0
9,10,3.2222222222222223,5,2.0,1.0
7,9,2.4285714285714284,4,1.4,1.1666666666666667
8,8,2.375,4,2.0,1.0
9,14,2.6666666666666665,5,2.0,1.4285714285714286
8,9,2.25,4,1.4,1.1666666666666667
9,10,3.2222222222222223,5,2.0,1.0
8,8,2.5,4,2.3333333333333335,1.0
7,8,1.8571428571428572,3,2.0,1.0
9,9,3.2222222222222223,5,2.0,1.0
7,9,2.7142857142857144,4,1.75,1.1666666666666667
8,9,2.375,4,1.75,1.1666666666666667
7,8,1.8571428571428572,3,2.0,1.0
11,26,2.3636363636363638,5,2.2222222222222223,2.857142857142857
9,11,1.5555555555555556,3,2.0,1.0
14,40,2.9285714285714284,5,3.6,3.0
7,11,2.857142857142857,5,1.8,1.5
8,10,2.75,5,1.8,1.2857142857142858
6,7,1.5,3,1.5,1.5
8,10,2.75,5,1.8,1.2857142857142858
7,9,1.8571428571428572,3,2.5,1.25
8,8,2.25,4,2.0,1.0
9,11,1.4444444444444444,3,1.3333333333333333,1.3333333333333333
8,9,2.25,4,1.4,1.1666666666666667
9,10,3.2222222222222223,5,2.0,1.0
8,9,2.5,4,2.0,1.1428571428571428
7,9,1.8571428571428572,3,2.5,1.25
9,10,3.2222222222222223,5,1.8,1.125
7,9,2.7142857142857144,4,1.75,1.1666666666666667
8,8,2.125,3,2.0,1.0
9,9,3.2222222222222223,5,2.0,1.0
8,10,2.5,4,2.0,1.1428571428571428
8,8,2.125,3,2.0,1.0
7,9,1.8571428571428572,3,1.6666666666666667,1.0
8,13,2.25,4,1.5,1.5
9,10,3.2222222222222223,5,1.8,1.125
7,8,2.7142857142857144,4,1.75,1.1666666666666667
6,8,1.8333333333333333,3,2.0,1.3333333333333333
8,10,2.75,5,1.8,1.2857142857142858
7,8,1.8571428571428572,3,2.5,1.25
8,11,1.625,3,2.0,1.3333333333333333
7,9,1.8571428571428572,3,2.5,1.25
7,9,2.5714285714285716,4,2.3333333333333335,1.1666666666666667
6,7,1.5,3,1.5,1.5
8,10,3.25,5,1.8,1.2857142857142858
8,8,2.625,4,2.3333333333333335,1.0
8,11,2.25,4,2.3333333333333335,1.4
8,11,2.25,4,2.3333333333333335,1.4
8,10,2.75,5,1.8,1.2857142857142858
6,8,1.5,3,1.5,1.5
6,8,1.5,3,1.5,1.5
9,10,2.888888888888889,5,1.6,1.1428571428571428
8,8,2.625,4,2.3333333333333335,1.0
7,8,1.8571428571428572,3,2.5,1.25
8,9,1.375,2,3.0,1.0
9,10,2.888888888888889,5,1.6,1.1428571428571428
9,10,1.7777777777777777,3,2.5,1.0
8,8,2.625,4,2.3333333333333335,1.0
9,17,3.111111111111111,5,2.1666666666666665,1.625
8,9,2.375,4,1.75,1.1666666666666667
8,12,2.25,4,1.3333333333333333,1.3333333333333333
6,7,1.5,3,1.5,1.5
9,11,3.2222222222222223,5,1.8,1.125
8,8,2.625,4,2.3333333333333335,1.0
6,7,1.5,3,1.0,1.0
9,10,3.2222222222222223,5,1.8,1.125
7,7,2.7142857142857144,4,1.5,1.0
8,9,2.75,4,2.6666666666666665,1.1428571428571428
8,10,2.75,5,1.8,1.2857142857142858
9,10,2.888888888888889,5,1.6,1.1428571428571428
6,7,2.3333333333333335,4,1.6666666666666667,1.25
8,10,2.75,5,1.8,1.2857142857142858
7,8,1.4285714285714286,3,1.0,1.0
7,8,1.8571428571428572,3,2.0,1.0
12,36,3.0833333333333335,6,3.0,3.0
9,11,2.6666666666666665,4,2.25,1.125
14,35,3.2142857142857144,6,3.0,2.75
7,8,1.8571428571428572,3,2.5,1.25
7,8,1.4285714285714286,2,3.0,1.0
8,11,2.25,4,1.75,1.1666666666666667
9,10,3.2222222222222223,5,2.0,1.0
7,7,2.7142857142857144,4,1.5,1.0
8,8,2.125,3,2.0,1.0
7,7,1.7142857142857142,3,2.0,1.0
8,9,2.625,4,2.3333333333333335,1.0
6,7,1.5,3,1.5,1.5
7,8,1.4285714285714286,2,3.0,1.0
9,10,3.2222222222222223,5,2.0,1.0
7,7,2.7142857142857144,4,1.5,1.0
7,11,2.857142857142857,5,1.8,1.5
8,11,2.75,5,1.8,1.2857142857142858
9,11,3.2222222222222223,5,1.8,1.125
8,10,2.75,5,1.8,1.2857142857142858
7,8,1.4285714285714286,2,3.0,1.0
8,12,2.375,4,1.5,1.5
8,12,1.875,3,2.5,1.25
8,9,2.625,4,2.3333333333333335,1.0
7,8,1.8571428571428572,3,2.0,1.0
8,9,2.5,4,2.0,1.1428571428571428
8,9,2.375,4,1.75,1.1666666666666667
7,9,1.8571428571428572,3,2.5,1.25
9,9,3.2222222222222223,5,2.0,1.0
8,9,2.875,5,1.6,1.1428571428571428
9,11,1.5555555555555556,3,2.5,1.25
9,9,3.2222222222222223,5,2.0,1.0
8,10,2.5,4,2.0,1.1428571428571428
8,8,2.125,3,2.0,1.0
7,9,1.8571428571428572,3,1.6666666666666667,1.0
6,6,1.3333333333333333,2,2.0,1.0
9,9,3.2222222222222223,5,2.0,1.0
8,12,2.25,4,1.6,1.3333333333333333
8,9,2.625,4,2.3333333333333335,1.0
7,9,2.142857142857143,4,1.5,1.2
9,10,1.7777777777777777,3,2.5,1.0
7,9,1.8571428571428572,3,2.5,1.25
7,8,1.8571428571428572,3,2.0,1.0
8,10,2.5,4,1.6,1.1428571428571428
6,7,1.3333333333333333,2,2.0,1.0
6,7,1.1666666666666667,2,1.0,1.0
8,11,2.25,4,1.75,1.1666666666666667
9,12,2.6666666666666665,4,2.0,1.25
13,30,2.769230769230769,5,2.8,2.5454545454545454
9,9,3.2222222222222223,5,2.0,1.0
7,10,2.857142857142857,5,1.8,1.5
8,10,2.75,5,1.8,1.2857142857142858
6,6,1.3333333333333333,2,2.0,1.0
8,11,2.75,5,1.8,1.2857142857142858
9,10,3.2222222222222223,5,2.0,1.0
11,21,2.4545454545454546,4,2.7142857142857144,2.111111111111111
8,10,2.75,5,1.8,1.2857142857142858
6,7,1.5,3,1.0,1.0
7,8,1.8571428571428572,3,2.0,1.0
8,10,2.875,5,1.6,1.1428571428571428
7,9,1.7142857142857142,3,2.0,1.0
9,9,3.2222222222222223,5,2.0,1.0
8,8,2.625,4,2.3333333333333335,1.0
9,9,3.2222222222222223,5,2.0,1.0
6,7,2.0,4,1.0,1.0
8,9,2.5,4,2.0,1.1428571428571428
8,9,2.25,4,1.75,1.1666666666666667
9,11,1.4444444444444444,2,4.0,1.0
7,8,1.4285714285714286,2,3.0,1.0
8,10,2.75,5,1.8,1.2857142857142858
9,9,3.2222222222222223,5,2.0,1.0
8,8,2.5,4,2.3333333333333335,1.0
7,8,1.8571428571428572,3,2.5,1.25
6,9,1.5,3,1.5,1.5
7,9,1.8571428571428572,3,2.5,1.25
6,6,1.3333333333333333,2,2.0,1.0
8,12,2.375,4,1.5,1.5
8,11,2.25,4,1.6,1.3333333333333333
8,10,2.75,5,1.8,1.2857142857142858
7,9,1.8571428571428572,3,2.5,1.25
7,9,1.8571428571428572,3,2.5,1.25
8,11,2.75,5,2.0,1.1428571428571428
9,11,2.3333333333333335,4,2.0,1.1428571428571428
13,32,2.8461538461538463,5,3.0,2.727272727272727
7,9,1.8571428571428572,3,2.5,1.25
7,8,1.4285714285714286,2,3.0,1.0
9,10,3.2222222222222223,5,1.8,1.125
7,9,2.7142857142857144,4,1.75,1.1666666666666667
7,12,2.857142857142857,5,1.8,1.5
8,9,2.5,4,2.0,1.1428571428571428
6,7,1.5,3,1.0,1.0
9,10,3.2222222222222223,5,2.0,1.0
6,9,2.5,4,1.3333333333333333,1.0
8,10,2.75,5,1.6,1.1428571428571428
8,9,2.625,4,2.3333333333333335,1.0
7,9,1.4285714285714286,2,3.0,1.0
7,9,1.4285714285714286,2,3.0,1.0
9,10,3.2222222222222223,5,1.8,1.125
9,10,1.4444444444444444,2,4.0,1.0
7,9,1.7142857142857142,3,2.5,1.6666666666666667
8,10,2.75,5,1.8,1.2857142857142858
9,11,3.2222222222222223,5,1.8,1.125
8,12,3.125,5,2.2,1.5714285714285714
8,9,2.5,4,2.0,1.1428571428571428
7,7,1.8571428571428572,3,2.0,1.0
7,8,1.8571428571428572,3,2.5,1.25
9,10,2.888888888888889,5,1.6,1.1428571428571428
8,8,2.625,4,2.3333333333333335,1.0
9,11,3.2222222222222223,5,1.8,1.125
6,7,2.0,4,1.0,1.0
9,12,1.6666666666666667,3,2.0,1.5
8,10,2.75,5,1.8,1.2857142857142858
8,9,2.5,4,2.0,1.1428571428571428
7,8,1.8571428571428572,3,2.5,1.25
9,9,2.888888888888889,5,1.75,1.0
8,9,2.875,5,1.75,1.0
9,12,1.5555555555555556,3,2.0,1.0
9,11,3.2222222222222223,5,1.8,1.125
7,7,2.7142857142857144,4,1.5,1.0
8,9,2.75,4,2.6666666666666665,1.1428571428571428
6,6,1.3333333333333333,2,2.0,1.0
8,10,2.75,5,1.8,1.2857142857142858
8,8,2.25,4,2.0,1.0
7,8,1.4285714285714286,2,3.0,1.0
11,24,2.3636363636363638,5,2.2222222222222223,2.5
10,11,1.7,3,2.5,1.0
13,30,2.923076923076923,5,2.8,2.5454545454545454
8,10,1.875,4,2.0,1.5
8,9,2.625,4,2.3333333333333335,1.0
8,10,2.5,4,2.0,1.1428571428571428
8,13,2.25,4,1.5,1.5
9,10,3.2222222222222223,5,1.8,1.125
7,7,2.7142857142857144,4,1.5,1.0
7,10,2.857142857142857,5,1.8,1.5
8,8,2.125,3,2.0,1.0
7,9,1.8571428571428572,3,1.6666666666666667,1.0
9,10,3.2222222222222223,5,2.0,1.0
6,9,2.8333333333333335,4,1.5,1.2
8,9,2.625,4,2.3333333333333335,1.0
9,9,1.7777777777777777,3,2.5,1.0
8,11,2.25,4,1.75,1.1666666666666667
9,9,3.2222222222222223,5,2.0,1.0
7,7,2.7142857142857144,4,1.5,1.0
8,9,2.75,4,2.6666666666666665,1.1428571428571428
8,8,2.125,3,2.0,1.0
7,9,1.8571428571428572,3,1.6666666666666667,1.0
9,10,3.2222222222222223,5,2.0,1.0
15,38,3.3333333333333335,6,3.4,2.6153846153846154
8,11,2.875,5,1.5,1.2857142857142858
8,8,2.625,4,2.3333333333333335,1.0
7,8,1.8571428571428572,3,2.5,1.25
7,8,1.8571428571428572,3,2.0,1.0
8,9,2.5,4,2.0,1.1428571428571428
7,8,1.8571428571428572,3,2.0,1.0
8,10,2.5,4,2.0,1.1428571428571428
8,11,2.75,5,2.0,1.1428571428571428
9,10,3.2222222222222223,5,2.0,1.0
7,8,2.7142857142857144,4,1.5,1.0
7,11,2.857142857142857,5,1.8,1.5
8,8,2.125,3,2.0,1.0
7,9,1.8571428571428572,3,1.6666666666666667,1.0
9,10,3.2222222222222223,5,2.0,1.0
6,7,2.5,4,1.25,1.0
8,10,2.75,5,1.8,1.2857142857142858
8,9,2.25,4,1.75,1.1666666666666667
7,9,1.8571428571428572,3,2.5,1.25
8,8,2.625,4,2.3333333333333335,1.0
7,9,1.8571428571428572,3,2.5,1.25
7,8,1.8571428571428572,3,2.0,1.0
11,27,2.4545454545454546,5,2.7142857142857144,2.7142857142857144
9,10,2.3333333333333335,4,2.0,1.1428571428571428
13,29,2.8461538461538463,5,3.0,2.4545454545454546
6,6,1.3333333333333333,2,2.0,1.0
9,9,3.2222222222222223,5,2.0,1.0
13,31,2.8461538461538463,5,3.0,2.4545454545454546
9,9,3.2222222222222223,5,2.0,1.0
6,8,2.5,4,1.3333333333333333,1.0
7,10,2.857142857142857,5,1.8,1.5
8,8,2.25,4,2.0,1.0
7,8,1.4285714285714286,2,3.0,1.0
7,9,1.4285714285714286,2,3.0,1.0
9,10,3.2222222222222223,5,2.0,1.0
6,8,2.0,4,1.0,1.0
8,8,2.125,3,2.0,1.0
9,9,3.2222222222222223,5,2.0,1.0
11,21,2.6363636363636362,4,2.7142857142857144,2.111111111111111
8,10,2.75,5,1.8,1.2857142857142858
12,31,3.1666666666666665,6,2.8,2.8
8,9,2.75,5,1.6,1.1428571428571428
8,10,2.75,5,1.8,1.2857142857142858
7,9,1.8571428571428572,3,2.5,1.25
8,10,2.75,5,1.8,1.2857142857142858
9,10,3.2222222222222223,5,2.0,1.0
7,8,2.7142857142857144,4,1.5,1.0
7,11,2.857142857142857,5,1.6,1.3333333333333333
8,10,2.75,5,1.8,1.2857142857142858
8,11,2.75,5,1.8,1.2857142857142858
9,10,3.2222222222222223,5,2.0,1.0
7,9,2.4285714285714284,4,1.6,1.3333333333333333
8,9,2.5,4,2.0,1.1428571428571428
7,8,1.8571428571428572,3,2.0,1.0
7,9,1.8571428571428572,3,2.5,1.25
9,10,3.2222222222222223,5,2.0,1.0
7,9,2.7142857142857144,4,1.75,1.1666666666666667
7,9,2.2857142857142856,4,1.75,1.4
8,10,2.5,4,2.0,1.1428571428571428
9,11,3.2222222222222223,5,1.8,1.125
8,10,2.5,4,2.0,1.1428571428571428
8,8,2.25,4,2.0,1.0
6,7,1.5,3,1.5,1.5
7,8,1.4285714285714286,2,3.0,1.0
9,13,2.6666666666666665,4,2.25,1.125
13,32,2.8461538461538463,5,3.0,2.727272727272727
6,7,2.0,4,1.0,1.0
9,11,3.2222222222222223,5,1.8,1.125
7,9,2.7142857142857144,4,1.75,1.1666666666666667
7,9,2.2857142857142856,4,1.75,1.4
8,8,2.125,3,2.0,1.0
8,10,1.75,3,1.6666666666666667,1.0
9,10,3.2222222222222223,5,2.0,1.0
6,7,2.0,4,1.0,1.0
7,9,2.2857142857142856,4,1.75,1.4
8,8,2.25,4,2.0,1.0
7,8,1.4285714285714286,2,3.0,1.0
7,9,1.8571428571428572,3,2.5,1.25
9,10,3.2222222222222223,5,2.0,1.0
7,9,2.7142857142857144,4,1.75,1.1666666666666667
8,8,2.625,4,2.3333333333333335,1.0
7,8,1.8571428571428572,3,2.5,1.25
9,11,3.2222222222222223,5,1.8,1.125
8,12,2.75,5,1.6666666666666667,1.6666666666666667
8,8,2.625,4,2.3333333333333335,1.0
7,8,1.8571428571428572,3,2.5,1.25
9,10,2.888888888888889,5,1.6,1.1428571428571428
9,10,2.4444444444444446,4,2.25,1.125
8,9,2.625,4,1.75,1.1666666666666667
8,11,2.0,3,1.5,1.0
9,9,2.888888888888889,5,1.75,1.0
8,8,2.625,4,2.3333333333333335,1.0
6,6,1.5,3,1.0,1.0
6,7,1.5,3,1.0,1.0
8,12,2.25,4,1.3333333333333333,1.3333333333333333
6,7,1.5,3,1.5,1.5
8,11,2.75,5,1.8,1.2857142857142858
9,10,3.2222222222222223,5,2.0,1.0
8,10,2.75,4,2.6666666666666665,1.1428571428571428
8,10,2.75,5,1.8,1.2857142857142858
6,7,1.5,3,1.5,1.5
13,30,2.4615384615384617,5,2.7,2.7
10,11,1.5,3,2.0,1.0
9,9,1.5555555555555556,3,2.0,1.0
15,27,1.7333333333333334,4,2.8333333333333335,2.125
13,21,1.6923076923076923,3,2.6,1.625
13,25,2.076923076923077,4,2.5714285714285716,2.0
13,25,2.3846153846153846,4,2.75,2.0
14,22,2.4285714285714284,4,4.0,1.6666666666666667
14,23,2.357142857142857,4,3.5,1.75
14,39,3.0,5,3.0,2.75
9,11,2.6666666666666665,4,2.0,1.25
12,19,2.1666666666666665,4,2.142857142857143,1.5
8,9,2.5,4,2.0,1.1428571428571428
6,6,1.3333333333333333,2,2.0,1.0
6,6,1.5,3,1.0,1.0
7,8,1.8571428571428572,3,2.0,1.0
8,10,2.25,4,1.75,1.1666666666666667
9,9,3.2222222222222223,5,2.0,1.0
8,8,2.625,4,2.3333333333333335,1.0
6,6,1.5,3,1.0,1.0
9,9,3.2222222222222223,5,2.0,1.0
8,10,2.5,4,2.0,1.1428571428571428
8,9,2.625,4,1.75,1.1666666666666667
8,10,1.75,3,1.6666666666666667,1.0
9,9,3.2222222222222223,5,2.0,1.0
8,11,1.875,4,2.0,1.5
7,9,2.7142857142857144,4,1.75,1.1666666666666667
8,9,2.375,4,1.75,1.1666666666666667
7,8,1.7142857142857142,3,2.0,1.0
8,11,2.75,5,2.0,1.1428571428571428
9,9,3.2222222222222223,5,2.0,1.0
8,9,2.75,5,1.6,1.1428571428571428
8,10,2.5,4,2.0,1.1428571428571428
9,9,3.2222222222222223,5,2.0,1.0
8,9,2.75,4,2.6666666666666665,1.1428571428571428
8,10,3.0,5,1.6,1.3333333333333333
7,10,2.142857142857143,4,1.5,1.2
6,6,1.5,3,1.0,1.0
8,9,2.25,4,1.4,1.1666666666666667
9,10,3.2222222222222223,5,2.0,1.0
7,9,2.4285714285714284,4,1.6,1.3333333333333333
8,9,2.5,4,2.0,1.1428571428571428
7,8,1.8571428571428572,3,2.0,1.0
7,9,1.8571428571428572,3,2.5,1.25
8,9,2.5,4,2.0,1.1428571428571428
7,8,1.8571428571428572,3,2.5,1.25
9,10,3.2222222222222223,5,2.0,1.0
7,8,2.7142857142857144,4,1.5,1.0
7,10,2.2857142857142856,4,1.75,1.4
8,10,2.75,5,1.8,1.2857142857142858
9,10,3.2222222222222223,5,2.0,1.0
8,14,2.75,5,1.6666666666666667,1.6666666666666667
8,8,2.5,4,2.3333333333333335,1.0
7,8,1.8571428571428572,3,2.0,1.0
8,10,2.5,4,2.0,1.1428571428571428
9,11,2.3333333333333335,4,2.0,1.1428571428571428
13,28,2.6153846153846154,5,2.6,2.3636363636363638
6,8,2.0,4,1.0,1.0
9,11,3.2222222222222223,5,1.8,1.125
6,8,2.1666666666666665,4,1.3333333333333333,1.0
8,9,2.5,4,2.0,1.1428571428571428
7,10,2.0,3,2.0,1.0
7,9,1.8571428571428572,3,2.5,1.25
7,9,1.4285714285714286,2,3.0,1.0
8,10,2.5,4,2.0,1.1428571428571428
9,10,3.2222222222222223,5,2.0,1.0
9,11,1.7777777777777777,3,3.0,1.2
8,11,2.875,5,1.5,1.2857142857142858
6,7,1.5,3,1.5,1.5
7,9,1.8571428571428572,3,2.5,1.25
8,9,2.5,4,2.0,1.1428571428571428
6,9,1.5,3,1.5,1.5
7,9,1.8571428571428572,3,2.5,1.25
8,11,2.75,5,1.8,1.2857142857142858
7,8,1.4285714285714286,2,3.0,1.0
9,9,3.2222222222222223,5,2.0,1.0
8,12,2.5,4,2.0,1.4285714285714286
8,9,2.5,4,2.0,1.1428571428571428
7,8,1.8571428571428572,3,2.0,1.0
7,9,1.8571428571428572,3,2.5,1.25
9,9,3.2222222222222223,5,2.0,1.0
9,11,1.6666666666666667,3,2.5,1.0
7,8,2.142857142857143,4,1.5,1.2
8,8,2.625,4,2.3333333333333335,1.0
7,8,1.8571428571428572,3,2.0,1.0
8,10,2.75,5,1.8,1.2857142857142858
9,9,3.2222222222222223,5,2.0,1.0
8,8,2.625,4,2.3333333333333335,1.0
7,9,1.8571428571428572,3,2.5,1.25
7,8,1.4285714285714286,2,3.0,1.0
9,9,3.2222222222222223,5,2.0,1.0
9,10,1.7777777777777777,3,2.5,1.0
8,9,2.375,4,1.75,1.1666666666666667
7,9,1.7142857142857142,3,2.0,1.0
7,8,1.4285714285714286,2,3.0,1.0
11,28,2.727272727272727,5,2.625,2.625
9,12,2.3333333333333335,4,2.0,1.1428571428571428
14,31,2.7857142857142856,5,2.6363636363636362,2.4166666666666665
8,8,2.625,4,2.3333333333333335,1.0
6,7,2.0,4,1.0,1.0
8,9,2.5,4,2.0,1.1428571428571428
7,8,1.8571428571428572,3,2.5,1.25
6,7,1.5,3,1.0,1.0
9,11,3.2222222222222223,5,1.8,1.125
8,8,2.625,4,2.3333333333333335,1.0
7,8,1.8571428571428572,3,2.5,1.25
7,8,1.4285714285714286,2,3.0,1.0
8,10,3.25,5,1.8,1.2857142857142858
8,10,2.5,4,2.0,1.3333333333333333
8,9,2.875,5,1.75,1.0
7,9,1.8571428571428572,3,2.5,1.25
9,10,2.888888888888889,5,1.6,1.1428571428571428
7,8,2.7142857142857144,4,1.75,1.1666666666666667
8,9,2.75,4,2.6666666666666665,1.1428571428571428
8,10,2.75,5,1.8,1.2857142857142858
7,8,1.8571428571428572,3,2.5,1.25
9,9,2.888888888888889,5,1.75,1.0
8,9,2.875,5,1.75,1.0
8,12,2.375,4,1.5,1.5
6,7,1.5,3,1.5,1.5
9,10,3.2222222222222223,5,2.0,1.0
8,10,2.75,5,1.8,1.2857142857142858
9,11,2.4444444444444446,4,2.25,1.125
8,10,2.75,5,1.8,1.2857142857142858
7,8,1.4285714285714286,2,3.0,1.0
8,9,2.5,4,2.0,1.1428571428571428
7,8,1.4285714285714286,2,3.0,1.0
6,8,1.5,3,1.0,1.0
9,10,3.2222222222222223,5,2.0,1.0
6,10,3.1666666666666665,5,1.25,1.0
8,9,2.5,4,2.0,1.1428571428571428
7,9,1.8571428571428572,3,2.5,1.25
9,9,1.2222222222222223,2,2.0,1.0
11,24,2.3636363636363638,5,2.2222222222222223,2.5
9,9,1.7777777777777777,3,2.0,1.0
15,36,3.0,6,3.7777777777777777,2.6153846153846154
9,9,2.888888888888889,5,1.75,1.0
9,10,1.7777777777777777,3,2.5,1.0
8,9,2.5,4,2.0,1.1428571428571428
7,8,1.8571428571428572,3,2.5,1.25
7,8,1.4285714285714286,2,3.0,1.0
9,9,2.888888888888889,5,1.75,1.0
8,10,2.875,4,2.25,1.2857142857142858
8,9,2.375,4,1.75,1.1666666666666667
7,8,1.8571428571428572,3,2.0,1.0
9,12,2.6666666666666665,4,2.25,1.125
13,24,2.3076923076923075,4,2.4444444444444446,2.0
8,9,2.5,4,2.0,1.1428571428571428
6,7,1.5,3,1.0,1.0
8,10,2.75,5,1.8,1.2857142857142858
7,9,1.4285714285714286,2,3.0,1.0
9,10,1.2222222222222223,2,2.0,1.0
9,10,3.2222222222222223,5,1.8,1.125
8,11,2.0,4,1.4,1.4
8,9,2.5,4,2.0,1.1428571428571428
6,7,1.5,3,1.0,1.0
9,12,1.4444444444444444,2,4.0,1.0
8,10,2.875,5,1.6,1.1428571428571428
6,7,1.5,3,1.0,1.0
8,10,2.75,5,1.8,1.2857142857142858
7,8,1.4285714285714286,2,3.0,1.0
9,9,3.2222222222222223,5,2.0,1.0
7,8,2.7142857142857144,4,1.5,1.0
8,8,2.125,3,2.0,1.0
9,10,3.2222222222222223,5,2.0,1.0
6,9,2.5,4,1.3333333333333333,1.0
7,8,1.7142857142857142,3,2.0,1.0
8,10,2.75,5,1.8,1.2857142857142858
8,10,2.75,5,1.8,1.2857142857142858
9,12,1.4444444444444444,2,4.0,1.0
11,27,2.8181818181818183,6,2.3333333333333335,2.625
10,12,1.5,3,2.0,1.0
9,11,1.5555555555555556,3,2.0,1.0
14,29,2.142857142857143,4,4.6,2.5555555555555554
14,22,2.142857142857143,4,3.2,1.7777777777777777
15,44,3.2,6,3.076923076923077,3.076923076923077
14,28,2.7857142857142856,5,3.25,2.1666666666666665
13,21,2.769230769230769,5,3.0,1.6363636363636365
15,27,2.6666666666666665,5,3.5714285714285716,1.9230769230769231
14,25,2.4285714285714284,5,3.2857142857142856,1.9166666666666667
15,43,3.4,6,3.272727272727273,2.769230769230769
9,12,2.6666666666666665,4,2.0,1.25
15,24,2.066666666666667,3,4.25,1.5454545454545454
7,8,2.2857142857142856,4,1.5,1.2
6,6,1.3333333333333333,2,2.0,1.0
9,9,3.2222222222222223,5,2.0,1.0
13,29,2.8461538461538463,5,3.375,2.4545454545454546
14,43,3.0714285714285716,5,3.7777777777777777,3.090909090909091
9,9,3.2222222222222223,5,2.0,1.0
8,10,2.75,5,1.8,1.2857142857142858
8,10,2.5,4,2.0,1.1428571428571428
9,9,3.2222222222222223,5,2.0,1.0
6,8,2.5,4,1.3333333333333333,1.0
9,9,1.4444444444444444,2,4.0,1.0
8,9,2.5,4,2.0,1.1428571428571428
6,6,1.3333333333333333,2,2.0,1.0
8,9,2.5,4,2.0,1.1428571428571428
7,9,1.8571428571428572,3,2.5,1.25
6,8,1.5,3,1.0,1.0
9,9,3.2222222222222223,5,2.0,1.0
8,8,2.625,4,2.3333333333333335,1.0
6,6,1.3333333333333333,2,2.0,1.0
8,10,2.75,5,1.8,1.2857142857142858
9,9,3.2222222222222223,5,2.0,1.0
8,12,2.875,4,2.25,1.2857142857142858
8,9,2.5,4,2.0,1.1428571428571428
8,9,2.25,4,1.75,1.1666666666666667
11,18,1.9090909090909092,3,3.5,2.0
7,9,1.4285714285714286,2,3.0,1.0
8,10,2.75,5,1.8,1.2857142857142858
11,27,2.8181818181818183,6,2.3333333333333335,2.625
10,12,1.5,3,2.0,1.0
14,39,2.9285714285714284,5,3.5,2.9166666666666665
7,12,2.857142857142857,5,1.8,1.5
8,10,2.75,5,1.8,1.2857142857142858
8,10,2.5,4,2.0,1.1428571428571428
8,10,3.125,5,1.75,1.0
9,12,1.7777777777777777,3,3.0,1.2
8,10,2.75,5,1.8,1.2857142857142858
7,8,1.7142857142857142,3,2.0,1.0
7,9,1.4285714285714286,2,3.0,1.0
9,10,3.2222222222222223,5,2.0,1.0
7,9,2.7142857142857144,4,1.75,1.1666666666666667
8,8,2.125,3,2.0,1.0
9,9,1.7777777777777777,3,2.5,1.0
8,11,2.75,5,1.8,1.2857142857142858
7,9,1.8571428571428572,3,2.5,1.25
7,9,1.8571428571428572,3,2.5,1.25
8,11,2.75,5,1.8,1.2857142857142858
6,7,1.5,3,1.5,1.5
9,10,3.2222222222222223,5,1.8,1.125
8,8,2.625,4,2.3333333333333335,1.0
7,9,1.7142857142857142,3,2.0,1.0
7,10,1.7142857142857142,3,2.0,1.0
8,12,2.75,5,1.8,1.2857142857142858
8,10,3.25,5,1.8,1.2857142857142858
8,10,2.75,5,1.5,1.2857142857142858
9,11,1.5555555555555556,3,2.0,1.5
8,9,2.875,5,1.6,1.1428571428571428
7,8,1.8571428571428572,3,2.5,1.25
9,9,2.888888888888889,5,1.75,1.0
8,11,2.75,5,1.8,1.2857142857142858
9,11,2.4444444444444446,4,2.25,1.125
9,11,3.2222222222222223,5,1.8,1.125
8,10,2.75,5,1.8,1.2857142857142858
8,9,2.5,4,2.0,1.1428571428571428
6,7,1.5,3,1.0,1.0
8,10,2.75,5,1.8,1.2857142857142858
6,6,1.3333333333333333,2,2.0,1.0
9,9,2.4444444444444446,4,2.6666666666666665,1.0
11,26,2.909090909090909,6,2.4444444444444446,2.75
10,12,1.7,3,2.5,1.0
14,26,2.0,4,2.5714285714285716,1.8
8,9,2.375,4,1.75,1.1666666666666667
8,12,2.25,4,1.5,1.5
8,8,3.125,5,1.75,1.0
9,9,1.7777777777777777,3,2.5,1.0
8,10,2.75,5,1.8,1.2857142857142858
7,7,1.8571428571428572,3,2.0,1.0
9,10,2.888888888888889,5,1.6,1.1428571428571428
7,7,2.7142857142857144,4,1.5,1.0
8,9,2.75,4,2.6666666666666665,1.1428571428571428
8,10,2.75,5,1.8,1.2857142857142858
8,11,2.75,5,1.8,1.2857142857142858
9,11,3.2222222222222223,5,1.8,1.125
9,9,1.7777777777777777,3,2.5,1.0
8,9,2.375,4,1.75,1.1666666666666667
7,8,1.8571428571428572,3,2.5,1.25
8,11,2.75,5,1.8,1.2857142857142858
8,10,2.25,4,1.75,1.1666666666666667
9,10,3.2222222222222223,5,2.0,1.0
13,25,2.6923076923076925,5,2.875,2.090909090909091
9,11,3.2222222222222223,5,1.8,1.125
6,7,2.0,4,1.0,1.0
8,9,2.625,4,2.3333333333333335,1.0
8,10,2.5,4,2.0,1.1428571428571428
11,26,2.8181818181818183,6,2.3333333333333335,2.625
10,12,1.5,3,2.0,1.0
9,11,1.5555555555555556,3,2.0,1.0
14,23,1.6428571428571428,3,2.8333333333333335,2.125
14,25,1.7857142857142858,4,2.6666666666666665,2.0
14,37,2.9285714285714284,5,3.1,2.5833333333333335
13,25,2.230769230769231,4,2.5,1.8181818181818181
13,25,2.6153846153846154,5,3.3333333333333335,1.8181818181818181
13,26,2.769230769230769,6,2.875,2.090909090909091
13,25,2.6153846153846154,5,2.5555555555555554,2.090909090909091
14,32,2.7857142857142856,5,3.111111111111111,2.3333333333333335
14,29,2.357142857142857,4,3.0,2.25
14,42,3.0,5,2.9166666666666665,2.9166666666666665
8,11,2.75,4,1.8,1.2857142857142858
13,26,2.3076923076923075,4,3.4285714285714284,2.1818181818181817
8,10,3.0,5,1.6,1.3333333333333333
8,9,1.625,3,2.0,1.0
9,9,3.2222222222222223,5,2.0,1.0
9,11,1.7777777777777777,3,3.0,1.2
8,8,2.625,4,2.3333333333333335,1.0
6,6,1.3333333333333333,2,2.0,1.0
8,10,2.75,5,1.8,1.2857142857142858
7,8,1.4285714285714286,3,1.0,1.0
9,9,3.2222222222222223,5,2.0,1.0
8,10,2.75,5,1.8,1.2857142857142858
8,10,2.5,4,2.0,1.1428571428571428
9,9,3.2222222222222223,5,2.0,1.0
13,29,2.3076923076923075,4,2.7,2.4545454545454546
8,8,2.625,4,2.3333333333333335,1.0
7,8,1.8571428571428572,3,2.0,1.0
8,10,2.75,5,1.8,1.2857142857142858
11,28,2.909090909090909,6,2.4444444444444446,2.75
9,9,1.7777777777777777,3,2.0,1.0
13,30,2.6923076923076925,5,2.888888888888889,2.3636363636363638
7,10,2.857142857142857,5,1.8,1.5
8,9,2.625,4,2.3333333333333335,1.0
7,8,1.8571428571428572,3,2.0,1.0
8,11,2.25,4,1.75,1.1666666666666667
9,11,3.2222222222222223,5,1.8,1.125
6,6,1.5,3,1.0,1.0
7,9,2.4285714285714284,4,1.4,1.1666666666666667
8,10,2.75,5,1.8,1.2857142857142858
8,10,2.75,5,1.8,1.2857142857142858
7,8,1.8571428571428572,3,2.0,1.0
8,9,2.5,4,2.0,1.1428571428571428
7,8,1.8571428571428572,3,2.5,1.25
9,10,1.2222222222222223,2,2.0,1.0
8,10,2.25,4,1.75,1.1666666666666667
9,9,3.2222222222222223,5,2.0,1.0
8,8,2.625,4,2.3333333333333335,1.0
7,8,1.4285714285714286,2,3.0,1.0
7,9,1.4285714285714286,2,3.0,1.0
9,9,3.2222222222222223,5,2.0,1.0
8,8,2.625,4,2.3333333333333335,1.0
8,9,2.25,4,1.75,1.1666666666666667
8,10,2.875,5,1.6,1.1428571428571428
6,7,1.5,3,1.5,1.5
7,8,1.8571428571428572,3,2.0,1.0
11,26,2.8181818181818183,6,2.3333333333333335,2.625
10,12,1.5,3,2.0,1.0
10,12,1.5,3,2.0,1.0
14,27,2.142857142857143,4,2.625,2.1
14,28,2.2857142857142856,4,3.5,2.1
14,24,1.7857142857142858,3,2.8333333333333335,1.8888888888888888
15,46,3.066666666666667,5,3.727272727272727,3.1538461538461537
14,32,2.2142857142857144,4,2.888888888888889,2.6
13,26,2.769230769230769,5,3.2857142857142856,2.090909090909091
13,26,2.6153846153846154,5,2.6666666666666665,2.1818181818181817
14,27,2.5714285714285716,4,3.5714285714285716,2.0833333333333335
14,26,2.5714285714285716,5,3.0,2.0
15,43,3.066666666666667,5,3.0833333333333335,2.8461538461538463
8,10,2.375,4,1.75,1.1666666666666667
14,29,2.857142857142857,5,2.7,2.25
8,9,2.5,4,2.0,1.1428571428571428
6,7,1.5,3,1.0,1.0
7,9,1.8571428571428572,3,2.5,1.25
6,7,1.5,3,1.5,1.5
8,10,2.75,5,1.8,1.2857142857142858
6,8,1.5,3,1.0,1.0
6,8,1.5,3,1.0,1.0
8,12,2.25,4,1.5,1.5
9,10,3.2222222222222223,5,1.8,1.125
7,10,3.0,5,1.8,1.5
7,9,2.2857142857142856,4,1.75,1.4
8,8,2.25,4,2.0,1.0
7,9,1.8571428571428572,3,2.5,1.25
9,10,3.2222222222222223,5,2.0,1.0
10,13,2.3,4,2.25,1.2857142857142858
15,36,2.6,4,3.0,2.3076923076923075
15,39,3.0,5,3.0,2.5384615384615383
14,32,2.7857142857142856,5,2.6363636363636362,2.4166666666666665
13,23,2.3846153846153846,4,3.6,2.0
12,23,2.4166666666666665,5,2.625,2.1
13,27,2.230769230769231,4,2.5,2.272727272727273
16,47,3.4375,6,3.3333333333333335,2.857142857142857
8,10,2.75,4,1.8,1.2857142857142858
14,22,1.7142857142857142,3,4.666666666666667,2.0
8,9,2.375,4,1.75,1.1666666666666667
7,9,1.8571428571428572,3,2.5,1.25
9,10,3.2222222222222223,5,1.8,1.125
7,9,2.4285714285714284,4,1.4,1.1666666666666667
8,10,2.75,5,1.8,1.2857142857142858
7,8,1.8571428571428572,3,2.0,1.0
9,11,3.2222222222222223,5,1.8,1.125
8,10,2.75,5,1.8,1.2857142857142858
8,10,2.75,5,1.8,1.2857142857142858
9,11,3.2222222222222223,5,1.8,1.125
6,7,2.0,4,1.0,1.0
8,10,2.75,5,1.8,1.2857142857142858
8,10,2.75,5,1.8,1.2857142857142858
9,11,3.2222222222222223,5,1.8,1.125
8,8,2.5,4,2.3333333333333335,1.0
9,11,1.5555555555555556,3,1.6666666666666667,1.25
9,11,3.2222222222222223,5,1.8,1.125
14,29,2.5714285714285716,5,2.7,2.25
9,11,3.2222222222222223,5,1.8,1.125
8,11,3.125,5,1.5,1.2857142857142858
8,8,2.625,4,2.3333333333333335,1.0
7,8,1.8571428571428572,3,2.5,1.25
9,10,2.888888888888889,5,1.6,1.1428571428571428
8,12,2.75,5,1.3333333333333333,1.3333333333333333
8,10,2.875,5,1.6,1.1428571428571428
7,8,1.8571428571428572,3,2.5,1.25
6,9,1.5,3,1.5,1.5
7,8,1.8571428571428572,3,2.0,1.0
6,7,1.3333333333333333,2,2.0,1.0
8,12,2.375,4,1.5,1.5
8,10,2.75,5,1.8,1.2857142857142858
9,10,2.888888888888889,5,1.6,1.1428571428571428
8,8,2.5,4,2.3333333333333335,1.0
7,8,1.8571428571428572,3,2.0,1.0
10,24,2.8,5,2.111111111111111,2.375
9,11,3.2222222222222223,5,1.8,1.125
17,47,3.4705882352941178,6,3.3846153846153846,3.142857142857143
12,22,2.1666666666666665,4,2.857142857142857,2.0
8,9,2.5,4,2.0,1.1428571428571428
7,10,2.0,3,3.0,1.5
9,11,3.2222222222222223,5,1.8,1.125
8,8,2.5,4,2.3333333333333335,1.0
9,15,1.7777777777777777,3,2.75,2.2
8,8,2.625,4,2.3333333333333335,1.0
7,8,1.8571428571428572,3,2.0,1.0
9,10,2.3333333333333335,4,2.0,1.1428571428571428
13,28,2.6923076923076925,5,2.7777777777777777,2.272727272727273
8,9,2.5,4,2.0,1.1428571428571428
8,9,2.25,4,1.75,1.1666666666666667
8,10,2.875,5,1.6,1.1428571428571428
8,9,2.5,4,2.0,1.1428571428571428
6,7,1.5,3,1.0,1.0
8,10,2.25,4,1.75,1.1666666666666667
14,38,3.142857142857143,6,3.2,2.909090909090909
9,9,3.2222222222222223,5,2.0,1.0
14,33,3.0,5,3.1,2.5833333333333335
9,9,3.2222222222222223,5,2.0,1.0
8,12,1.875,4,1.75,1.75
7,8,2.2857142857142856,4,2.0,1.2
8,9,2.375,4,1.75,1.1666666666666667
7,8,1.7142857142857142,3,2.0,1.0
9,10,3.2222222222222223,5,1.8,1.125
8,10,2.5,4,2.0,1.1428571428571428
8,9,2.125,3,2.0,1.0
7,9,1.8571428571428572,3,1.6666666666666667,1.0
9,10,3.2222222222222223,5,2.0,1.0
7,9,2.7142857142857144,4,1.75,1.1666666666666667
8,9,2.125,3,2.0,1.0
7,8,1.8571428571428572,3,2.0,1.0
8,11,2.25,4,1.75,1.1666666666666667
9,9,3.2222222222222223,5,2.0,1.0
15,40,3.3333333333333335,6,3.3636363636363638,3.0833333333333335
7,9,2.2857142857142856,4,1.75,1.4
8,10,2.5,4,2.0,1.1428571428571428
7,10,2.0,3,2.0,1.0
9,10,3.2222222222222223,5,2.0,1.0
8,10,2.75,5,1.8,1.2857142857142858
6,7,1.5,3,1.0,1.0
7,8,1.8571428571428572,3,2.0,1.0
9,10,3.2222222222222223,5,2.0,1.0
13,27,2.6153846153846154,5,2.6666666666666665,2.1818181818181817
8,9,2.5,4,2.0,1.1428571428571428
9,9,1.7777777777777777,3,2.5,1.0
8,10,2.5,4,1.6,1.1428571428571428
8,9,2.5,4,2.0,1.1428571428571428
8,9,2.625,4,2.3333333333333335,1.0
9,10,3.2222222222222223,5,2.0,1.0
7,9,2.7142857142857144,4,1.5,1.0
8,10,2.75,5,1.8,1.2857142857142858
7,9,1.4285714285714286,2,3.0,1.0
7,9,1.4285714285714286,2,3.0,1.0
8,12,2.375,4,1.6,1.3333333333333333
6,9,1.5,3,1.5,1.5
8,11,2.25,4,1.75,1.1666666666666667
14,36,3.0714285714285716,5,3.75,2.727272727272727
9,9,3.2222222222222223,5,2.0,1.0
13,31,2.8461538461538463,5,3.375,2.4545454545454546
8,10,2.25,4,1.75,1.1666666666666667
7,8,2.7142857142857144,4,1.5,1.0
6,8,1.8333333333333333,3,2.0,1.3333333333333333
8,12,2.375,4,1.5,1.5
6,7,1.5,3,1.0,1.0
7,9,1.8571428571428572,3,2.5,1.25
9,11,3.2222222222222223,5,1.8,1.125
8,10,2.5,4,2.0,1.1428571428571428
8,8,2.125,3,2.0,1.0
7,10,2.142857142857143,4,1.5,1.2
9,11,3.2222222222222223,5,1.8,1.125
7,9,2.7142857142857144,4,1.75,1.1666666666666667
8,9,2.375,4,1.75,1.1666666666666667
7,9,1.8571428571428572,3,2.5,1.25
11,28,2.4545454545454546,5,2.5,2.857142857142857
9,11,3.2222222222222223,5,1.8,1.125
16,51,3.4375,6,3.357142857142857,3.6153846153846154
14,33,2.7142857142857144,5,2.8181818181818183,2.5833333333333335
8,9,2.5,4,2.0,1.1428571428571428
7,10,2.0,3,3.0,1.5
9,10,3.2222222222222223,5,2.0,1.0
8,11,2.75,5,1.6666666666666667,1.4285714285714286
8,9,3.125,5,1.6,1.1428571428571428
6,7,2.0,4,1.0,1.0
8,8,2.125,3,2.0,1.0
7,8,1.8571428571428572,3,2.5,1.25
9,9,2.888888888888889,5,1.75,1.0
7,8,2.7142857142857144,4,1.75,1.1666666666666667
8,11,2.75,4,2.25,1.2857142857142858
8,8,2.25,4,2.0,1.0
7,8,1.8571428571428572,3,2.0,1.0
9,9,2.888888888888889,5,1.75,1.0
6,7,2.0,4,1.0,1.0
8,9,2.75,4,2.6666666666666665,1.1428571428571428
8,10,2.75,5,1.8,1.2857142857142858
9,10,2.888888888888889,5,1.6,1.1428571428571428
8,12,2.0,4,1.4,1.4
8,9,2.5,4,2.0,1.1428571428571428
7,8,1.4285714285714286,2,3.0,1.0
9,11,3.2222222222222223,5,1.8,1.125
7,9,2.4285714285714284,4,1.4,1.1666666666666667
8,9,2.5,4,2.0,1.1428571428571428
7,9,1.8571428571428572,3,2.5,1.25
7,9,1.8571428571428572,3,2.5,1.25
8,10,2.75,5,1.8,1.2857142857142858
6,7,1.3333333333333333,2,2.0,1.0
9,10,3.2222222222222223,5,2.0,1.0
8,9,2.75,4,2.6666666666666665,1.1428571428571428
8,10,2.75,5,1.8,1.2857142857142858
6,6,1.3333333333333333,2,2.0,1.0
8,11,2.75,5,1.8,1.2857142857142858
8,10,2.25,4,1.75,1.1666666666666667
9,12,2.6666666666666665,4,2.0,1.25
13,29,2.923076923076923,5,2.7,2.4545454545454546
9,9,3.2222222222222223,5,2.0,1.0
9,11,1.7777777777777777,3,3.0,1.2
6,7,2.1666666666666665,4,1.3333333333333333,1.0
8,10,2.75,5,1.8,1.2857142857142858
8,12,1.875,3,2.5,1.25
9,11,1.4444444444444444,3,1.3333333333333333,1.3333333333333333
7,8,1.4285714285714286,2,3.0,1.0
8,10,2.75,5,1.8,1.2857142857142858
7,7,1.2857142857142858,2,2.0,1.0
9,10,3.2222222222222223,5,2.0,1.0
8,11,2.5,4,2.0,1.4285714285714286
8,9,2.75,4,2.6666666666666665,1.1428571428571428
8,10,2.75,5,1.8,1.2857142857142858
7,8,1.4285714285714286,2,3.0,1.0
9,10,1.2222222222222223,2,2.0,1.0
9,9,3.2222222222222223,5,2.0,1.0
8,9,2.75,4,2.6666666666666665,1.1428571428571428
8,8,2.25,4,2.0,1.0
9,10,1.7777777777777777,3,2.5,1.0
12,34,2.9166666666666665,6,3.1,3.1
11,22,2.6363636363636362,4,2.7142857142857144,2.111111111111111
8,10,2.875,5,1.6,1.1428571428571428
6,6,1.3333333333333333,2,2.0,1.0
7,9,1.8571428571428572,3,2.5,1.25
12,30,2.8333333333333335,5,3.0,2.7
13,34,3.0,5,3.625,2.6363636363636362
8,10,2.125,4,2.3333333333333335,1.4
8,9,2.375,4,1.75,1.1666666666666667
7,9,1.8571428571428572,3,2.5,1.25
9,9,2.888888888888889,5,1.75,1.0
8,9,2.75,4,2.6666666666666665,1.1428571428571428
8,10,2.375,4,1.75,1.1666666666666667
7,8,1.8571428571428572,3,2.5,1.25
8,9,2.375,4,1.75,1.1666666666666667
8,10,2.0,4,1.5,1.2
6,6,1.3333333333333333,2,2.0,1.0
14,36,2.7857142857142856,5,3.3333333333333335,3.0
7,8,1.4285714285714286,2,3.0,1.0
9,10,3.2222222222222223,5,2.0,1.0
7,9,2.4285714285714284,4,1.6,1.3333333333333333
8,9,2.5,4,2.0,1.1428571428571428
7,10,2.2857142857142856,4,1.5,1.2
7,9,1.8571428571428572,3,2.5,1.25
9,12,2.6666666666666665,4,2.25,1.125
13,32,3.0,5,3.0,2.727272727272727
9,10,3.2222222222222223,5,2.0,1.0
7,10,2.857142857142857,5,1.8,1.5
8,13,2.375,4,1.5,1.5
8,9,2.25,4,1.75,1.1666666666666667
8,9,2.625,4,2.3333333333333335,1.0
7,8,1.8571428571428572,3,2.5,1.25
9,10,3.2222222222222223,5,2.0,1.0
6,7,2.0,4,1.0,1.0
8,10,2.75,4,2.6666666666666665,1.1428571428571428
8,8,2.25,4,2.0,1.0
9,12,1.4444444444444444,2,4.0,1.0
8,9,2.25,4,1.4,1.1666666666666667
11,27,2.8181818181818183,6,2.3333333333333335,2.625
10,12,1.5,3,2.0,1.0
9,11,1.5555555555555556,3,2.0,1.0
15,32,2.2,4,4.166666666666667,2.272727272727273
14,19,1.6428571428571428,3,3.0,1.5
14,35,2.857142857142857,5,2.5454545454545454,2.3333333333333335
14,31,2.2142857142857144,4,3.0,2.4
14,23,2.4285714285714284,4,3.5,1.75
15,44,3.066666666666667,5,3.0833333333333335,2.8461538461538463
10,13,2.9,5,2.2,1.2222222222222223
12,23,2.6666666666666665,5,2.5,2.0
8,10,2.75,5,1.8,1.2857142857142858
6,6,1.5,3,1.0,1.0
8,12,2.25,4,1.6,1.3333333333333333
9,9,3.2222222222222223,5,2.0,1.0
14,32,2.857142857142857,5,2.8,2.3333333333333335
8,8,2.625,4,2.3333333333333335,1.0
7,8,1.4285714285714286,2,3.0,1.0
8,9,2.5,4,2.0,1.1428571428571428
10,16,1.8,3,4.0,2.0
8,8,2.625,4,2.3333333333333335,1.0
7,8,1.8571428571428572,3,2.5,1.25
9,9,3.2222222222222223,5,2.0,1.0
7,12,2.857142857142857,5,1.8,1.5
8,10,2.75,5,1.8,1.2857142857142858
6,7,1.5,3,1.5,1.5
9,9,3.2222222222222223,5,2.0,1.0
6,9,2.6666666666666665,5,1.0,1.0
8,8,2.125,3,2.0,1.0
7,9,1.8571428571428572,3,2.5,1.25
12,34,2.75,6,2.888888888888889,2.888888888888889
11,14,1.4545454545454546,3,2.0,1.0
9,12,1.5555555555555556,3,2.0,1.0
15,28,2.466666666666667,5,2.3333333333333335,1.9090909090909092
14,26,1.9285714285714286,4,2.7142857142857144,2.111111111111111
15,35,3.0,6,2.727272727272727,2.3076923076923075
13,29,2.6153846153846154,5,2.7777777777777777,2.272727272727273
13,25,2.3076923076923075,4,2.625,1.9090909090909092
8,8,2.25,4,2.0,1.0
8,9,2.5,4,2.0,1.1428571428571428
7,8,1.7142857142857142,3,1.5,1.0
9,10,2.888888888888889,5,1.6,1.1428571428571428
9,11,1.7777777777777777,3,2.3333333333333335,1.4
8,8,2.625,4,2.3333333333333335,1.0
7,9,1.7142857142857142,3,2.0,1.0
7,9,1.4285714285714286,2,3.0,1.0
8,9,2.625,4,2.3333333333333335,1.0
7,8,1.8571428571428572,3,2.5,1.25
7,9,1.8571428571428572,3,2.5,1.25
9,9,2.888888888888889,5,1.75,1.0
8,12,3.125,5,2.2,1.5714285714285714
8,9,2.75,4,2.6666666666666665,1.1428571428571428
8,9,2.5,4,2.0,1.1428571428571428
8,10,1.875,3,2.0,1.0
7,9,1.8571428571428572,3,2.5,1.25
9,9,2.888888888888889,5,1.75,1.0
7,9,2.7142857142857144,4,1.75,1.1666666666666667
8,9,2.75,4,2.6666666666666665,1.1428571428571428
8,8,2.125,3,2.0,1.0
8,11,2.0,4,1.5,1.2
9,11,3.2222222222222223,5,1.8,1.125
6,7,2.0,4,1.0,1.0
8,10,2.75,5,1.8,1.2857142857142858
8,10,2.75,5,1.8,1.2857142857142858
6,7,1.5,3,1.0,1.0
7,8,1.8571428571428572,3,2.0,1.0
9,11,2.6666666666666665,4,2.25,1.125
14,30,2.642857142857143,4,3.0,2.25
8,8,2.625,4,2.3333333333333335,1.0
6,6,1.5,3,1.0,1.0
9,11,3.2222222222222223,5,1.8,1.125
8,8,2.5,4,2.3333333333333335,1.0
7,8,1.8571428571428572,3,2.5,1.25
9,10,3.2222222222222223,5,2.0,1.0
7,7,2.7142857142857144,4,1.5,1.0
7,10,2.857142857142857,5,1.6,1.3333333333333333
8,10,2.75,5,1.8,1.2857142857142858
9,9,2.888888888888889,5,1.75,1.0
8,11,2.5,4,2.0,1.4285714285714286
6,8,2.1666666666666665,4,1.3333333333333333,1.0
8,10,2.75,5,1.8,1.2857142857142858
8,12,1.875,3,2.5,1.25
9,10,1.2222222222222223,2,1.5,1.5
11,28,2.727272727272727,5,2.625,2.625
9,9,2.888888888888889,5,1.75,1.0
8,8,2.625,4,2.3333333333333335,1.0
7,8,1.8571428571428572,3,2.5,1.25
7,8,1.4285714285714286,2,3.0,1.0
8,10,2.25,4,1.75,1.1666666666666667
9,11,3.2222222222222223,5,1.8,1.125
11,21,2.4545454545454546,4,2.7142857142857144,2.111111111111111
8,9,2.875,5,1.6,1.1428571428571428
7,8,1.8571428571428572,3,2.0,1.0
9,9,3.2222222222222223,5,2.0,1.0
7,10,2.857142857142857,5,1.8,1.5
8,10,2.75,5,1.8,1.2857142857142858
13,30,2.769230769230769,5,2.6666666666666665,2.6666666666666665
6,7,1.5,3,1.0,1.0
9,10,3.2222222222222223,5,2.0,1.0
6,7,2.0,4,1.0,1.0
8,8,2.125,3,2.0,1.0
8,9,2.25,4,1.75,1.1666666666666667
8,10,2.75,5,1.8,1.2857142857142858
7,8,1.8571428571428572,3,2.0,1.0
7,9,1.8571428571428572,3,2.5,1.25
8,9,2.5,4,2.0,1.1428571428571428
7,8,1.8571428571428572,3,2.5,1.25
9,11,1.2222222222222223,2,2.0,1.0
9,9,3.2222222222222223,5,2.0,1.0
6,8,2.0,4,1.0,1.0
7,8,2.2857142857142856,4,1.6666666666666667,1.0
8,9,2.625,4,2.3333333333333335,1.0
8,9,2.5,4,2.0,1.1428571428571428
7,9,1.8571428571428572,3,2.5,1.25
14,34,2.7857142857142856,5,3.5,2.8
7,8,1.4285714285714286,2,3.0,1.0
9,10,2.3333333333333335,4,2.0,1.1428571428571428
14,33,2.7142857142857144,5,2.6363636363636362,2.4166666666666665
8,9,2.5,4,2.0,1.1428571428571428
7,8,1.8571428571428572,3,2.0,1.0
7,8,1.8571428571428572,3,2.5,1.25
9,10,3.2222222222222223,5,2.0,1.0
9,9,1.7777777777777777,3,2.5,1.0
6,6,1.3333333333333333,2,2.0,1.0
8,9,2.5,4,2.0,1.1428571428571428
8,10,2.75,5,1.8,1.2857142857142858
9,10,1.2222222222222223,2,2.0,1.0
9,9,3.2222222222222223,5,2.0,1.0
7,7,2.7142857142857144,4,1.5,1.0
7,9,2.2857142857142856,4,1.75,1.4
8,8,2.25,4,2.0,1.0
7,8,1.8571428571428572,3,2.0,1.0
14,35,2.5,5,3.5,3.111111111111111
6,7,1.5,3,1.0,1.0
9,9,3.2222222222222223,5,2.0,1.0
12,23,2.5833333333333335,4,3.0,2.1
8,10,2.75,5,1.8,1.2857142857142858
8,8,2.625,4,2.3333333333333335,1.0
8,12,2.375,4,1.5,1.5
7,8,1.8571428571428572,3,2.0,1.0
8,10,2.5,4,2.0,1.1428571428571428
14,38,2.7857142857142856,5,3.2,3.2
6,8,1.5,3,1.0,1.0
9,9,3.2222222222222223,5,2.0,1.0
8,16,2.875,5,1.8333333333333333,1.8333333333333333
8,8,2.625,4,2.3333333333333335,1.0
7,8,1.8571428571428572,3,2.5,1.25
9,10,1.2222222222222223,2,1.5,1.5
8,11,2.75,5,1.8,1.2857142857142858
6,7,1.3333333333333333,2,2.0,1.0
8,10,2.25,4,1.75,1.1666666666666667
9,9,3.2222222222222223,5,2.0,1.0
7,9,2.7142857142857144,4,1.75,1.1666666666666667
7,11,2.857142857142857,5,1.6,1.3333333333333333
8,8,2.125,3,2.0,1.0
7,9,1.8571428571428572,3,1.6666666666666667,1.0
9,9,3.2222222222222223,5,2.0,1.0
8,11,2.75,5,1.8,1.2857142857142858
8,9,2.5,4,2.0,1.1428571428571428
9,10,1.7777777777777777,3,2.5,1.0
7,9,1.8571428571428572,3,2.5,1.25
7,9,1.8571428571428572,3,2.5,1.25
6,7,1.5,3,1.0,1.0
7,9,1.8571428571428572,3,2.5,1.25
9,10,3.2222222222222223,5,1.8,1.125
8,16,2.875,5,1.8333333333333333,1.8333333333333333
7,9,1.7142857142857142,3,2.5,1.6666666666666667
8,10,2.75,5,1.8,1.2857142857142858
8,10,1.5,3,2.0,1.3333333333333333
9,11,3.2222222222222223,5,1.8,1.125
8,10,2.75,4,2.25,1.2857142857142858
8,9,2.5,4,2.0,1.1428571428571428
6,6,1.5,3,1.0,1.0
9,9,2.888888888888889,5,1.75,1.0
8,10,2.75,5,1.8,1.2857142857142858
8,9,2.625,4,2.3333333333333335,1.0
6,7,1.5,3,1.5,1.5
11,26,2.4545454545454546,5,2.7142857142857144,2.7142857142857144
9,10,3.2222222222222223,5,2.0,1.0
7,8,2.7142857142857144,4,1.75,1.1666666666666667
8,9,2.75,4,2.6666666666666665,1.1428571428571428
8,8,2.25,4,2.0,1.0
7,8,1.8571428571428572,3,2.0,1.0
9,9,2.888888888888889,5,1.75,1.0
8,11,2.875,4,2.25,1.2857142857142858
8,8,2.125,3,2.0,1.0
7,8,1.7142857142857142,3,2.0,1.0
9,11,3.2222222222222223,5,1.8,1.125
8,9,2.75,4,2.6666666666666665,1.1428571428571428
8,10,2.75,5,1.8,1.2857142857142858
9,11,3.2222222222222223,5,1.8,1.125
8,11,2.5,4,2.0,1.4285714285714286
8,8,2.625,4,2.3333333333333335,1.0
6,6,1.5,3,1.0,1.0
9,11,2.6666666666666665,4,2.25,1.125
15,37,2.8,5,3.4,2.6153846153846154
7,10,2.857142857142857,5,1.8,1.5
8,10,2.75,5,1.8,1.2857142857142858
9,11,3.2222222222222223,5,1.8,1.125
8,8,2.5,4,2.3333333333333335,1.0
9,15,3.0,5,2.2,1.375
8,10,2.5,4,2.0,1.1428571428571428
9,10,3.2222222222222223,5,2.0,1.0
7,9,2.4285714285714284,4,1.6,1.3333333333333333
7,10,2.857142857142857,5,1.8,1.5
8,9,2.5,4,2.0,1.1428571428571428
8,10,1.875,3,2.0,1.0
7,8,1.8571428571428572,3,2.5,1.25
9,9,2.888888888888889,5,1.75,1.0
8,9,2.75,4,2.6666666666666665,1.1428571428571428
8,8,2.25,4,2.0,1.0
7,8,1.4285714285714286,2,3.0,1.0
9,10,3.2222222222222223,5,2.0,1.0
8,9,2.75,4,2.6666666666666665,1.1428571428571428
8,10,2.5,4,2.0,1.1428571428571428
7,8,1.4285714285714286,2,3.0,1.0
9,10,3.2222222222222223,5,2.0,1.0
8,10,2.75,5,1.8,1.2857142857142858
8,10,2.5,4,2.0,1.1428571428571428
9,10,3.2222222222222223,5,2.0,1.0
9,10,1.6666666666666667,3,2.5,1.0
6,8,2.1666666666666665,4,1.3333333333333333,1.0
8,9,2.5,4,2.0,1.1428571428571428
7,9,1.8571428571428572,3,2.5,1.25
8,11,1.375,3,1.5,1.5
8,10,2.75,5,1.8,1.2857142857142858
7,8,1.2857142857142858,2,2.0,1.0
8,9,2.5,4,2.0,1.1428571428571428
9,10,3.2222222222222223,5,2.0,1.0
7,8,2.7142857142857144,4,1.5,1.0
6,7,1.6666666666666667,3,1.5,1.0
8,12,2.375,4,1.5,1.5
7,9,1.8571428571428572,3,2.5,1.25
9,11,1.2222222222222223,2,1.5,1.5
8,11,2.25,4,1.75,1.1666666666666667
9,10,2.3333333333333335,4,2.0,1.1428571428571428
13,30,2.923076923076923,5,3.111111111111111,2.5454545454545454
7,9,1.8571428571428572,3,2.5,1.25
7,8,1.4285714285714286,2,3.0,1.0
9,10,3.2222222222222223,5,2.0,1.0
6,9,2.5,4,1.3333333333333333,1.0
8,13,2.875,5,1.6666666666666667,1.4285714285714286
8,14,2.25,4,2.3333333333333335,1.4
9,10,1.4444444444444444,3,1.5,1.0
14,37,3.142857142857143,6,3.1,2.8181818181818183
7,9,1.4285714285714286,2,3.0,1.0
9,9,3.2222222222222223,5,2.0,1.0
8,9,2.75,5,1.6,1.1428571428571428
8,9,2.5,4,2.0,1.1428571428571428
9,9,3.2222222222222223,5,2.0,1.0
10,17,3.4,6,2.3333333333333335,1.5555555555555556
8,10,2.75,5,1.8,1.2857142857142858
6,6,1.3333333333333333,2,2.0,1.0
8,10,1.375,2,3.0,1.0
8,12,2.375,4,1.5,1.5
6,6,1.3333333333333333,2,2.0,1.0
8,10,2.75,5,1.8,1.2857142857142858
9,9,3.2222222222222223,5,2.0,1.0
8,9,2.875,5,1.6,1.1428571428571428
8,13,2.875,5,1.6666666666666667,1.4285714285714286
7,8,1.8571428571428572,3,2.0,1.0
9,9,3.2222222222222223,5,2.0,1.0
8,9,2.875,5,1.6,1.1428571428571428
7,9,1.8571428571428572,3,2.5,1.25
13,32,3.076923076923077,5,2.888888888888889,2.6
7,8,1.8571428571428572,3,2.0,1.0
11,27,2.8181818181818183,6,2.3333333333333335,2.625
9,9,1.7777777777777777,3,2.0,1.0
12,33,2.75,5,3.2222222222222223,2.9
7,11,2.857142857142857,5,1.8,1.5
8,8,2.125,3,2.0,1.0
8,10,1.75,3,1.6666666666666667,1.0
9,9,2.888888888888889,5,1.75,1.0
8,8,2.625,4,2.3333333333333335,1.0
7,9,1.8571428571428572,3,2.5,1.25
7,8,1.8571428571428572,3,2.0,1.0
8,11,2.75,5,1.8,1.2857142857142858
7,8,1.8571428571428572,3,2.5,1.25
7,8,1.4285714285714286,2,3.0,1.0
14,41,2.7857142857142856,5,3.4,3.4
6,8,1.5,3,1.0,1.0
7,9,1.8571428571428572,3,2.5,1.25
9,10,3.2222222222222223,5,1.8,1.125
7,9,2.7142857142857144,4,1.75,1.1666666666666667
8,9,2.375,4,1.75,1.1666666666666667
7,9,1.8571428571428572,3,2.5,1.25
12,32,2.3333333333333335,5,2.6666666666666665,3.0
10,13,1.5,3,2.0,1.0
10,12,1.3,2,3.0,1.0
14,27,2.642857142857143,6,2.3333333333333335,1.9090909090909092
15,35,2.066666666666667,4,3.25,2.888888888888889
13,28,2.1538461538461537,5,2.5555555555555554,2.5555555555555554
14,31,2.857142857142857,5,2.8,2.3333333333333335
13,25,2.4615384615384617,4,3.6666666666666665,2.2
8,11,2.75,5,1.6666666666666667,1.4285714285714286
8,10,2.75,5,1.8,1.2857142857142858
7,9,1.8571428571428572,3,2.5,1.25
9,10,3.2222222222222223,5,1.8,1.125
12,28,2.3333333333333335,4,2.6666666666666665,2.4
8,8,2.625,4,2.3333333333333335,1.0
7,8,1.8571428571428572,3,2.0,1.0
7,9,1.8571428571428572,3,2.5,1.25
8,8,2.25,4,2.0,1.0
6,7,1.5,3,1.5,1.5
8,9,2.5,4,2.0,1.1428571428571428
7,8,1.8571428571428572,3,2.5,1.25
8,9,2.625,4,2.3333333333333335,1.0
8,12,2.25,4,1.6,1.3333333333333333
9,11,3.2222222222222223,5,1.8,1.125
8,9,2.5,4,2.0,1.1428571428571428
7,8,1.8571428571428572,3,2.5,1.25
9,10,3.2222222222222223,5,2.0,1.0
7,8,2.7142857142857144,4,1.5,1.0
7,10,2.857142857142857,5,1.6,1.3333333333333333
8,9,2.5,4,2.0,1.1428571428571428
9,9,2.888888888888889,5,1.75,1.0
11,22,2.727272727272727,5,2.5,2.2222222222222223
8,10,2.75,5,1.8,1.2857142857142858
8,9,1.375,2,3.0,1.0
12,36,3.0833333333333335,6,3.1,3.1
9,11,2.6666666666666665,4,2.25,1.125
15,40,3.3333333333333335,6,3.8,2.923076923076923
7,8,1.8571428571428572,3,2.5,1.25
7,8,1.4285714285714286,2,3.0,1.0
9,10,3.2222222222222223,5,2.0,1.0
7,7,2.7142857142857144,4,1.5,1.0
7,11,2.857142857142857,5,1.8,1.5
8,10,2.75,5,1.8,1.2857142857142858
6,6,1.3333333333333333,2,2.0,1.0
8,10,2.75,5,1.8,1.2857142857142858
9,10,1.2222222222222223,2,2.0,1.0
8,9,2.375,4,1.75,1.1666666666666667
6,6,1.3333333333333333,2,2.0,1.0
8,10,2.75,5,1.8,1.2857142857142858
8,11,2.75,5,2.0,1.1428571428571428
9,10,3.2222222222222223,5,2.0,1.0
6,8,2.0,4,1.0,1.0
8,10,2.75,5,1.8,1.2857142857142858
7,8,1.8571428571428572,3,2.0,1.0
7,8,1.8571428571428572,3,2.0,1.0
8,9,2.5,4,2.0,1.1428571428571428
7,9,1.8571428571428572,3,2.5,1.25
9,11,1.2222222222222223,2,2.0,1.0
9,10,3.2222222222222223,5,2.0,1.0
8,8,2.625,4,2.3333333333333335,1.0
7,8,1.4285714285714286,2,3.0,1.0
7,9,1.4285714285714286,2,3.0,1.0
9,9,3.2222222222222223,5,2.0,1.0
7,9,2.7142857142857144,4,1.75,1.1666666666666667
7,12,2.857142857142857,5,1.8,1.5
8,9,2.5,4,2.0,1.1428571428571428
6,8,1.5,3,1.5,1.5
9,9,2.888888888888889,5,1.75,1.0
8,16,3.25,5,2.0,1.7142857142857142
7,11,2.857142857142857,5,1.8,1.5
8,8,2.25,4,2.0,1.0
7,8,1.8571428571428572,3,2.0,1.0
9,9,2.888888888888889,5,1.75,1.0
8,8,2.625,4,2.3333333333333335,1.0
6,7,1.5,3,1.0,1.0
8,9,2.5,4,2.0,1.1428571428571428
7,8,1.4285714285714286,2,3.0,1.0
8,9,2.25,4,1.4,1.1666666666666667
8,11,2.25,4,1.75,1.1666666666666667
9,12,2.6666666666666665,4,2.0,1.25
13,35,2.6923076923076925,4,3.4444444444444446,2.8181818181818183
7,10,2.857142857142857,5,1.8,1.5
8,12,2.375,4,1.6,1.3333333333333333
6,6,1.5,3,1.0,1.0
9,10,3.2222222222222223,5,2.0,1.0
8,8,2.5,4,2.3333333333333335,1.0
7,8,1.8571428571428572,3,2.5,1.25
9,10,3.2222222222222223,5,2.0,1.0
9,10,1.6666666666666667,3,2.5,1.0
7,10,2.142857142857143,4,1.5,1.2
8,8,2.625,4,2.3333333333333335,1.0
8,9,2.5,4,2.0,1.1428571428571428
7,8,1.8571428571428572,3,2.5,1.25
9,10,3.2222222222222223,5,2.0,1.0
7,9,2.7142857142857144,4,1.75,1.1666666666666667
8,10,2.75,5,1.8,1.2857142857142858
6,6,1.3333333333333333,2,2.0,1.0
8,10,2.25,4,1.6,1.3333333333333333
6,8,1.5,3,1.0,1.0
12,30,2.8333333333333335,5,2.5,2.5
9,10,3.2222222222222223,5,2.0,1.0
8,10,2.5,4,2.0,1.1428571428571428
8,8,2.125,3,2.0,1.0
7,9,1.8571428571428572,3,1.6666666666666667,1.0
6,6,1.3333333333333333,2,2.0,1.0
9,9,3.2222222222222223,5,2.0,1.0
9,13,2.111111111111111,4,2.3333333333333335,1.1666666666666667
8,9,2.625,4,2.3333333333333335,1.0
7,8,1.8571428571428572,3,2.0,1.0
7,9,1.8571428571428572,3,2.5,1.25
8,9,2.25,4,1.4,1.1666666666666667
6,7,1.3333333333333333,2,2.0,1.0
9,9,3.2222222222222223,5,2.0,1.0
7,11,2.857142857142857,5,1.8,1.5
8,8,2.25,4,2.0,1.0
7,9,1.8571428571428572,3,2.5,1.25
7,9,1.8571428571428572,3,2.5,1.25
9,10,3.2222222222222223,5,2.0,1.0
8,15,2.75,5,1.6666666666666667,1.6666666666666667
8,9,2.375,4,1.75,1.1666666666666667
7,9,1.8571428571428572,3,2.5,1.25
6,8,1.5,3,1.5,1.5
8,11,2.75,5,1.8,1.2857142857142858
7,9,1.8571428571428572,3,2.5,1.25
7,9,1.8571428571428572,3,2.5,1.25
8,10,2.75,5,1.8,1.2857142857142858
7,9,1.4285714285714286,2,3.0,1.0
9,12,2.3333333333333335,4,2.0,1.1428571428571428
15,44,2.8666666666666667,5,3.6363636363636362,3.076923076923077
7,9,2.2857142857142856,4,1.75,1.4
8,8,2.25,4,2.0,1.0
7,9,1.8571428571428572,3,2.5,1.25
9,10,3.2222222222222223,5,1.8,1.125
8,10,2.5,4,2.0,1.1428571428571428
8,8,2.125,3,2.0,1.0
7,9,1.8571428571428572,3,1.6666666666666667,1.0
9,10,3.2222222222222223,5,2.0,1.0
8,10,3.25,5,1.8,1.2857142857142858
7,10,2.142857142857143,4,2.0,1.5
9,12,1.5555555555555556,3,2.3333333333333335,1.75
8,9,2.875,5,1.6,1.1428571428571428
8,8,2.5,4,1.75,1.0
7,9,1.7142857142857142,3,2.0,1.0
8,10,2.75,5,1.8,1.2857142857142858
7,8,1.4285714285714286,2,3.0,1.0
9,10,3.2222222222222223,5,2.0,1.0
8,12,3.125,5,2.2,1.5714285714285714
8,9,2.5,4,2.0,1.1428571428571428
7,8,1.8571428571428572,3,2.0,1.0
7,9,1.8571428571428572,3,2.5,1.25
9,10,2.888888888888889,5,1.6,1.1428571428571428
7,7,2.7142857142857144,4,1.5,1.0
8,9,2.75,4,2.6666666666666665,1.1428571428571428
8,10,2.75,5,1.8,1.2857142857142858
9,9,2.888888888888889,5,1.75,1.0
6,7,2.0,4,1.0,1.0
7,8,2.2857142857142856,4,2.0,1.2
8,8,2.25,4,2.0,1.0
9,9,1.7777777777777777,3,2.5,1.0
9,9,1.7777777777777777,3,2.5,1.0
8,9,2.25,4,1.4,1.1666666666666667
6,7,1.3333333333333333,2,2.0,1.0
6,8,1.5,3,1.0,1.0
8,11,2.25,4,1.75,1.1666666666666667
9,9,2.888888888888889,5,1.75,1.0
11,21,2.6363636363636362,4,2.7142857142857144,2.111111111111111
8,10,2.75,5,1.8,1.2857142857142858
9,10,1.7777777777777777,3,2.5,1.0
7,9,1.8571428571428572,3,2.5,1.25
8,9,2.625,4,2.3333333333333335,1.0
7,8,1.4285714285714286,2,3.0,1.0
7,8,1.8571428571428572,3,2.5,1.25
9,10,3.2222222222222223,5,2.0,1.0
7,8,2.4285714285714284,4,1.4,1.1666666666666667
8,9,2.5,4,2.0,1.1428571428571428
7,8,1.8571428571428572,3,2.0,1.0
7,8,1.8571428571428572,3,2.5,1.25
9,11,3.2222222222222223,5,1.8,1.125
7,8,2.7142857142857144,4,1.75,1.1666666666666667
7,11,2.857142857142857,5,1.8,1.5
8,10,2.75,5,1.8,1.2857142857142858
9,11,2.6666666666666665,4,2.25,1.125
10,19,2.5,4,2.4285714285714284,2.125
8,10,2.875,5,1.6,1.1428571428571428
7,8,1.8571428571428572,3,2.0,1.0
6,7,1.5,3,1.0,1.0
8,10,2.25,4,1.75,1.1666666666666667
9,11,3.2222222222222223,5,1.8,1.125
6,8,2.5,4,1.3333333333333333,1.0
7,9,2.4285714285714284,4,1.4,1.1666666666666667
8,9,2.625,4,2.3333333333333335,1.0
8,11,2.5,4,2.0,1.1428571428571428
8,9,2.25,4,1.4,1.1666666666666667
7,8,1.4285714285714286,2,3.0,1.0
9,10,3.2222222222222223,5,2.0,1.0
8,8,2.5,4,2.3333333333333335,1.0
7,8,1.8571428571428572,3,2.5,1.25
9,10,3.2222222222222223,5,2.0,1.0
7,8,2.7142857142857144,4,1.5,1.0
7,12,2.857142857142857,5,1.8,1.5
8,10,2.75,5,1.8,1.2857142857142858
9,10,3.2222222222222223,5,2.0,1.0
10,19,2.5,4,2.4285714285714284,2.125
8,8,2.625,4,2.3333333333333335,1.0
8,11,1.875,3,2.0,1.0
9,10,1.2222222222222223,2,1.5,1.5
9,10,3.2222222222222223,5,2.0,1.0
8,8,2.625,4,2.3333333333333335,1.0
7,9,1.8571428571428572,3,2.5,1.25
7,8,1.4285714285714286,2,3.0,1.0
9,9,3.2222222222222223,5,2.0,1.0
6,8,2.0,4,1.0,1.0
7,8,2.2857142857142856,4,2.0,1.2
8,9,2.375,4,1.75,1.1666666666666667
8,10,2.0,4,1.5,1.2
7,9,1.4285714285714286,2,3.0,1.0
7,8,1.4285714285714286,2,3.0,1.0
8,10,2.5,4,1.6,1.1428571428571428
6,7,1.3333333333333333,2,2.0,1.0
12,32,3.1666666666666665,6,2.9,2.9
6,8,1.5,3,1.5,1.5
8,10,2.375,4,2.3333333333333335,1.1666666666666667
8,9,2.375,4,1.75,1.1666666666666667
7,8,1.8571428571428572,3,2.0,1.0
7,8,1.8571428571428572,3,2.0,1.0
8,9,2.25,4,1.4,1.1666666666666667
7,9,1.8571428571428572,3,2.5,1.25
11,26,2.4545454545454546,5,2.5,2.857142857142857
9,11,2.6666666666666665,4,2.25,1.125
7,9,2.7142857142857144,4,1.75,1.1666666666666667
8,10,2.75,5,1.8,1.2857142857142858
8,8,2.25,4,2.0,1.0
6,6,1.3333333333333333,2,2.0,1.0
13,37,3.1538461538461537,6,3.2,2.909090909090909
7,9,1.7142857142857142,3,2.0,1.0
8,10,2.75,5,1.8,1.2857142857142858
9,12,1.5555555555555556,3,2.0,1.0
9,12,1.5555555555555556,3,2.0,1.0
8,11,2.75,5,1.8,1.2857142857142858
7,8,1.4285714285714286,2,3.0,1.0
9,10,3.2222222222222223,5,2.0,1.0
11,21,2.6363636363636362,4,2.7142857142857144,2.111111111111111
8,10,2.75,5,1.8,1.2857142857142858
9,13,1.5555555555555556,3,2.5,1.25
8,11,2.875,5,1.8,1.2857142857142858
6,7,1.5,3,1.5,1.5
8,10,2.75,5,1.8,1.2857142857142858
9,9,3.2222222222222223,5,2.0,1.0
8,8,2.625,4,2.3333333333333335,1.0
7,9,2.2857142857142856,4,2.0,1.2
7,8,1.4285714285714286,2,3.0,1.0
9,9,3.2222222222222223,5,2.0,1.0
7,10,2.4285714285714284,4,1.6,1.3333333333333333
8,9,2.5,4,2.0,1.1428571428571428
7,9,1.8571428571428572,3,2.5,1.25
7,8,1.8571428571428572,3,2.5,1.25
8,12,2.75,5,1.8,1.2857142857142858
9,9,3.2222222222222223,5,2.0,1.0
8,8,2.625,4,2.3333333333333335,1.0
9,9,3.2222222222222223,5,2.0,1.0
7,10,2.857142857142857,5,1.8,1.5
8,8,2.25,4,2.0,1.0
7,8,1.7142857142857142,3,2.0,1.0
9,11,1.5555555555555556,3,2.0,1.5
12,33,2.9166666666666665,6,3.0,3.0
8,10,3.25,5,1.8,1.2857142857142858
8,8,2.625,4,2.3333333333333335,1.0
7,8,1.8571428571428572,3,2.5,1.25
8,9,1.375,2,3.0,1.0
9,10,2.888888888888889,5,1.6,1.1428571428571428
9,11,2.4444444444444446,4,2.25,1.125
8,10,2.75,5,1.8,1.2857142857142858
7,8,1.8571428571428572,3,2.0,1.0
9,10,3.2222222222222223,5,2.0,1.0
9,11,2.4444444444444446,4,2.25,1.125
8,9,2.625,4,1.75,1.1666666666666667
7,9,1.8571428571428572,3,1.6666666666666667,1.0
9,10,3.2222222222222223,5,2.0,1.0
8,10,2.75,5,1.8,1.2857142857142858
8,9,2.5,4,2.0,1.1428571428571428
6,7,1.5,3,1.0,1.0
6,7,1.5,3,1.0,1.0
9,10,3.2222222222222223,5,2.0,1.0
8,11,2.75,5,1.8,1.2857142857142858
9,10,2.4444444444444446,4,2.25,1.125
9,9,3.2222222222222223,5,2.0,1.0
6,9,3.1666666666666665,5,1.25,1.0
8,10,2.75,5,1.8,1.2857142857142858
7,8,1.8571428571428572,3,2.5,1.25
7,9,1.4285714285714286,3,1.0,1.0
8,10,2.75,5,1.8,1.2857142857142858
12,34,2.8333333333333335,5,2.9,2.9
9,12,2.6666666666666665,4,2.0,1.25
15,36,2.8666666666666667,5,3.090909090909091,2.6153846153846154
9,11,3.2222222222222223,5,1.8,1.125
8,10,2.75,5,1.8,1.2857142857142858
8,10,2.75,5,1.8,1.2857142857142858
8,8,2.625,4,2.3333333333333335,1.0
7,8,1.8571428571428572,3,2.5,1.25
8,10,2.25,4,1.75,1.1666666666666667
9,9,3.2222222222222223,5,2.0,1.0
13,24,2.230769230769231,4,3.142857142857143,2.0
8,10,2.875,5,1.6,1.1428571428571428
6,6,1.3333333333333333,2,2.0,1.0
7,8,1.8571428571428572,3,2.0,1.0
8,10,2.75,5,1.8,1.2857142857142858
7,8,1.8571428571428572,3,2.5,1.25
7,8,1.1428571428571428,2,1.0,1.0
8,9,2.5,4,2.0,1.1428571428571428
8,9,2.375,4,1.75,1.1666666666666667
9,9,3.2222222222222223,5,2.0,1.0
8,8,2.5,4,2.3333333333333335,1.0
6,7,1.5,3,1.0,1.0
9,9,3.2222222222222223,5,2.0,1.0
8,8,2.625,4,2.3333333333333335,1.0
9,11,1.5555555555555556,3,2.5,1.25
8,10,2.75,5,1.8,1.2857142857142858
8,9,2.625,4,2.3333333333333335,1.0
6,7,1.3333333333333333,2,2.0,1.0
7,8,1.4285714285714286,2,3.0,1.0
9,9,3.2222222222222223,5,2.0,1.0
8,9,2.875,5,1.6,1.1428571428571428
9,11,1.5555555555555556,3,2.5,1.25
9,9,3.2222222222222223,5,2.0,1.0
8,10,2.5,4,2.0,1.1428571428571428
8,9,2.125,3,2.0,1.0
7,9,1.8571428571428572,3,1.6666666666666667,1.0
11,27,2.3636363636363638,5,2.2222222222222223,2.857142857142857
10,12,1.5,3,2.0,1.0
9,11,1.5555555555555556,3,2.0,1.0
15,31,2.8666666666666667,6,2.7777777777777777,2.0833333333333335
8,9,2.5,4,2.0,1.1428571428571428
8,9,1.625,3,2.0,1.0
7,8,2.2857142857142856,4,1.5,1.2
8,9,1.625,3,2.0,1.0
15,45,3.1333333333333333,5,3.0,2.769230769230769
9,12,2.6666666666666665,4,2.0,1.25
13,26,2.3076923076923075,4,3.4285714285714284,2.1818181818181817
8,10,2.75,5,1.8,1.2857142857142858
9,9,3.2222222222222223,5,2.0,1.0
7,7,2.7142857142857144,4,1.5,1.0
7,11,2.857142857142857,5,1.8,1.5
8,8,2.25,4,2.0,1.0
7,8,1.8571428571428572,3,2.0,1.0
9,9,3.2222222222222223,5,2.0,1.0
8,8,2.5,4,2.3333333333333335,1.0
6,6,1.5,3,1.0,1.0
9,9,3.2222222222222223,5,2.0,1.0
9,9,1.7777777777777777,3,2.5,1.0
8,9,2.5,4,2.0,1.1428571428571428
7,7,1.4285714285714286,2,3.0,1.0
7,8,1.4285714285714286,2,3.0,1.0
8,10,2.5,4,2.0,1.1428571428571428
9,9,3.2222222222222223,5,2.0,1.0
7,8,2.7142857142857144,4,1.5,1.0
7,9,2.2857142857142856,4,1.75,1.4
8,9,2.5,4,2.0,1.1428571428571428
7,9,1.8571428571428572,3,2.5,1.25
9,10,1.2222222222222223,2,1.5,1.5
7,8,1.1428571428571428,2,1.0,1.0
9,9,3.2222222222222223,5,2.0,1.0
7,8,2.7142857142857144,4,1.5,1.0
7,9,2.2857142857142856,4,2.0,1.2
8,10,2.75,5,1.8,1.2857142857142858
9,10,3.2222222222222223,5,2.0,1.0
7,9,2.4285714285714284,4,1.6,1.3333333333333333
8,9,2.375,4,1.75,1.1666666666666667
6,7,1.5,3,1.5,1.5
7,9,1.4285714285714286,2,3.0,1.0
8,9,1.375,2,3.0,1.0
9,9,3.2222222222222223,5,2.0,1.0
7,9,2.7142857142857144,4,1.75,1.1666666666666667
8,12,2.875,5,1.8,1.2857142857142858
6,7,1.5,3,1.5,1.5
7,9,1.8571428571428572,3,2.5,1.25
7,10,1.4285714285714286,3,1.5,1.5
9,10,3.2222222222222223,5,2.0,1.0
6,6,2.1666666666666665,4,1.3333333333333333,1.0
8,9,2.375,4,1.75,1.1666666666666667
8,13,2.375,4,1.5,1.5
7,9,1.8571428571428572,3,2.5,1.25
7,9,1.4285714285714286,2,3.0,1.0
11,27,2.8181818181818183,6,2.3333333333333335,2.625
10,12,1.5,3,2.0,1.0
9,10,1.3333333333333333,2,3.0,1.0
15,25,1.7333333333333334,4,2.5714285714285716,2.25
14,27,1.8571428571428572,4,3.0,2.25
15,43,3.2,5,4.375,2.6923076923076925
13,27,2.0,4,2.3333333333333335,2.3333333333333335
13,24,2.3076923076923075,4,3.8,1.9
14,30,2.9285714285714284,6,3.25,2.1666666666666665
14,31,2.857142857142857,5,2.9,2.4166666666666665
15,39,3.1333333333333333,6,3.090909090909091,2.6153846153846154
17,59,2.764705882352941,5,4.666666666666667,4.0
8,12,3.25,5,2.5,1.4285714285714286
15,33,2.6,4,3.3333333333333335,2.3076923076923075
7,10,2.857142857142857,5,1.8,1.5
8,10,2.75,5,1.8,1.2857142857142858
9,10,2.888888888888889,5,1.75,1.0
6,7,2.3333333333333335,4,1.6666666666666667,1.25
8,10,2.75,5,1.8,1.2857142857142858
8,9,1.375,2,3.0,1.0
9,10,2.888888888888889,5,1.6,1.1428571428571428
9,11,1.5555555555555556,3,2.0,1.5
7,9,2.142857142857143,4,1.5,1.2
8,8,2.625,4,2.3333333333333335,1.0
9,13,1.7777777777777777,3,2.0,1.2
8,12,2.375,4,1.5,1.5
8,10,2.75,5,1.8,1.2857142857142858
9,9,2.888888888888889,5,1.75,1.0
6,8,2.3333333333333335,4,1.6666666666666667,1.25
8,9,2.5,4,2.0,1.1428571428571428
7,8,1.4285714285714286,2,3.0,1.0
9,10,3.2222222222222223,5,2.0,1.0
9,10,2.4444444444444446,4,2.25,1.125
8,9,2.125,3,2.0,1.0
7,9,1.8571428571428572,3,1.6666666666666667,1.0
10,13,2.3,4,1.8,1.125
14,26,2.5,4,2.0,1.6666666666666667
8,8,2.125,3,2.0,1.0
6,8,1.8333333333333333,3,2.0,1.3333333333333333
8,9,3.125,5,1.6,1.1428571428571428
7,9,2.4285714285714284,4,1.4,1.1666666666666667
8,10,2.75,5,1.8,1.2857142857142858
8,9,2.625,4,2.3333333333333335,1.0
6,6,1.3333333333333333,2,2.0,1.0
7,9,1.8571428571428572,3,2.5,1.25
8,9,2.5,4,2.0,1.1428571428571428
7,8,1.8571428571428572,3,2.5,1.25
10,11,1.1,2,1.0,1.0
9,9,2.888888888888889,5,1.75,1.0
8,10,2.75,5,1.8,1.2857142857142858
8,10,2.75,5,1.8,1.2857142857142858
9,10,3.2222222222222223,5,1.8,1.125
8,9,2.5,4,2.0,1.1428571428571428
8,8,2.125,3,2.0,1.0
7,9,1.8571428571428572,3,1.6666666666666667,1.0
6,6,1.3333333333333333,2,2.0,1.0
9,9,3.2222222222222223,5,2.0,1.0
7,9,2.4285714285714284,4,1.4,1.1666666666666667
8,9,2.625,4,2.3333333333333335,1.0
7,9,1.8571428571428572,3,2.5,1.25
9,12,1.3333333333333333,2,1.5,1.0
8,11,2.25,4,1.4,1.1666666666666667
8,8,2.25,4,2.0,1.0
9,14,1.5555555555555556,3,2.5,1.25
7,8,2.142857142857143,4,1.5,1.2
11,28,2.909090909090909,6,2.4444444444444446,2.75
10,12,1.7,3,2.5,1.0
9,9,1.5555555555555556,3,2.0,1.0
14,23,1.6428571428571428,3,2.8333333333333335,2.125
14,19,1.6428571428571428,3,3.0,1.5
13,27,2.6153846153846154,5,3.0,2.1818181818181817
13,26,2.3076923076923075,4,2.875,2.090909090909091
13,21,2.230769230769231,4,3.0,1.6363636363636365
13,25,2.076923076923077,4,2.375,2.111111111111111
13,25,2.3846153846153846,5,2.2,2.0
14,24,2.5,4,3.142857142857143,1.8333333333333333
14,43,3.0,5,3.0833333333333335,3.0833333333333335
9,11,2.6666666666666665,4,2.0,1.25
11,19,2.272727272727273,4,3.4,1.8888888888888888
8,9,2.625,4,2.3333333333333335,1.0
9,9,1.7777777777777777,3,2.5,1.0
15,43,3.466666666666667,6,3.3636363636363638,2.8461538461538463
6,6,1.5,3,1.0,1.0
8,10,2.75,5,1.8,1.2857142857142858
8,10,2.75,5,1.8,1.2857142857142858
7,8,1.4285714285714286,2,3.0,1.0
8,12,2.75,5,1.8,1.2857142857142858
9,9,3.2222222222222223,5,2.0,1.0
8,9,2.75,4,2.6666666666666665,1.1428571428571428
8,10,2.75,5,1.8,1.2857142857142858
7,8,1.8571428571428572,3,2.5,1.25
8,12,1.625,3,2.0,1.3333333333333333
8,11,2.75,5,1.8,1.2857142857142858
11,28,2.909090909090909,6,2.4444444444444446,2.75
10,12,1.7,3,2.5,1.0
14,22,1.7857142857142858,3,2.0,1.7777777777777777
8,10,2.75,5,1.8,1.2857142857142858
7,7,1.8571428571428572,3,2.0,1.0
8,14,2.25,4,1.75,1.4
7,8,1.8571428571428572,3,2.5,1.25
8,10,3.125,5,1.6,1.1428571428571428
8,11,2.875,5,1.5,1.2857142857142858
6,6,1.5,3,1.0,1.0
9,10,3.2222222222222223,5,2.0,1.0
8,8,2.5,4,2.3333333333333335,1.0
7,8,1.8571428571428572,3,2.5,1.25
9,9,3.2222222222222223,5,2.0,1.0
9,12,1.7777777777777777,3,3.0,1.2
8,11,2.875,5,1.5,1.2857142857142858
8,10,2.75,5,1.8,1.2857142857142858
7,9,1.7142857142857142,3,2.0,1.0
11,26,2.4545454545454546,5,2.7142857142857144,2.7142857142857144
9,10,3.2222222222222223,5,2.0,1.0
8,8,2.625,4,2.3333333333333335,1.0
7,8,1.8571428571428572,3,2.5,1.25
7,8,1.4285714285714286,2,3.0,1.0
9,9,3.2222222222222223,5,2.0,1.0
11,23,2.5454545454545454,4,3.0,2.3333333333333335
8,10,2.75,5,1.8,1.2857142857142858
9,9,3.2222222222222223,5,2.0,1.0
15,39,3.066666666666667,5,3.5,2.6923076923076925
8,10,2.875,5,1.6,1.1428571428571428
8,9,2.5,4,2.0,1.1428571428571428
8,13,1.875,3,3.0,1.5
9,11,1.4444444444444444,3,1.3333333333333333,1.3333333333333333
8,11,2.25,4,1.6,1.3333333333333333
9,10,3.2222222222222223,5,1.8,1.125
7,9,2.7142857142857144,4,1.75,1.1666666666666667
7,10,2.857142857142857,5,1.6,1.3333333333333333
8,8,2.125,3,2.0,1.0
7,9,1.8571428571428572,3,1.6666666666666667,1.0
14,39,2.5,5,4.0,3.5555555555555554
6,7,1.5,3,1.5,1.5
7,9,1.8571428571428572,3,2.5,1.25
9,10,3.2222222222222223,5,1.8,1.125
11,24,2.909090909090909,5,2.75,2.4444444444444446
7,10,2.857142857142857,4,2.25,1.5
6,6,1.5,3,1.0,1.0
7,9,1.8571428571428572,3,2.5,1.25
12,28,2.75,6,2.6,2.6
15,35,3.066666666666667,5,3.0,2.3076923076923075
14,27,2.357142857142857,4,2.5,2.0833333333333335
16,48,3.3125,6,3.1538461538461537,2.9285714285714284
9,13,2.6666666666666665,4,2.0,1.25
15,31,2.6,4,3.125,1.9230769230769231
8,10,3.0,5,1.6,1.3333333333333333
8,10,2.25,4,1.75,1.1666666666666667
8,10,2.75,5,1.8,1.2857142857142858
9,10,3.2222222222222223,5,2.0,1.0
8,10,3.625,6,1.5,1.2857142857142858
7,9,2.2857142857142856,4,2.0,1.2
8,13,2.75,5,1.6666666666666667,1.4285714285714286
9,10,3.2222222222222223,5,2.0,1.0
16,39,3.0625,5,3.3636363636363638,2.642857142857143
9,9,2.888888888888889,5,1.75,1.0
6,7,2.0,4,1.0,1.0
8,9,2.625,4,2.3333333333333335,1.0
9,11,2.4444444444444446,4,2.25,1.125
12,32,2.5,5,3.125,3.125
9,9,2.888888888888889,5,1.75,1.0
8,8,2.625,4,2.3333333333333335,1.0
7,8,1.8571428571428572,3,2.5,1.25
7,8,1.4285714285714286,2,3.0,1.0
9,10,3.2222222222222223,5,2.0,1.0
9,11,1.7777777777777777,3,2.0,1.2
8,9,2.5,4,2.0,1.1428571428571428
6,7,1.5,3,1.5,1.5
7,8,1.4285714285714286,3,1.0,1.0
7,8,1.8571428571428572,3,2.0,1.0
9,10,2.888888888888889,5,1.6,1.1428571428571428
10,19,2.5,4,2.4285714285714284,2.125
8,10,2.75,5,1.8,1.2857142857142858
9,12,1.7777777777777777,3,2.5,1.0
8,9,2.5,4,2.0,1.1428571428571428
7,8,1.8571428571428572,3,2.5,1.25
9,10,3.2222222222222223,5,2.0,1.0
7,9,2.4285714285714284,4,1.6,1.3333333333333333
8,9,2.5,4,2.0,1.1428571428571428
7,8,1.8571428571428572,3,2.0,1.0
7,9,1.8571428571428572,3,2.5,1.25
9,10,3.2222222222222223,5,2.0,1.0
7,10,2.857142857142857,5,1.8,1.5
8,10,2.75,5,1.8,1.2857142857142858
6,6,1.3333333333333333,2,2.0,1.0
11,26,2.8181818181818183,6,2.3333333333333335,2.625
10,12,1.5,3,2.0,1.0
9,11,1.5555555555555556,3,2.0,1.0
16,33,3.0625,6,2.8,2.1538461538461537
8,8,2.5,4,2.3333333333333335,1.0
8,9,1.625,3,2.0,1.0
7,8,2.2857142857142856,4,1.5,1.2
8,9,1.625,3,2.0,1.0
15,43,2.933333333333333,5,3.4,2.8333333333333335
9,10,2.3333333333333335,4,2.0,1.1428571428571428
12,25,2.5833333333333335,5,2.625,2.1
7,10,2.2857142857142856,4,1.75,1.4
8,10,2.75,5,1.8,1.2857142857142858
8,8,3.125,5,1.75,1.0
6,7,2.0,4,1.0,1.0
7,11,2.857142857142857,5,1.8,1.5
8,8,2.25,4,2.0,1.0
7,8,1.4285714285714286,2,3.0,1.0
7,9,1.4285714285714286,2,3.0,1.0
9,10,3.2222222222222223,5,2.0,1.0
7,9,2.7142857142857144,4,1.75,1.1666666666666667
8,9,2.375,4,1.75,1.1666666666666667
7,8,1.8571428571428572,3,2.0,1.0
11,29,2.909090909090909,6,2.4444444444444446,2.75
10,12,1.5,3,2.0,1.0
9,11,1.5555555555555556,3,2.0,1.0
14,23,1.6428571428571428,3,2.8333333333333335,2.125
14,26,1.7857142857142858,4,2.8333333333333335,2.125
14,37,2.7142857142857144,5,3.0,2.727272727272727
13,21,1.8461538461538463,3,2.142857142857143,1.6666666666666667
13,24,2.3076923076923075,4,3.8,1.9
13,27,2.769230769230769,6,2.875,2.090909090909091
14,28,2.7142857142857144,5,2.888888888888889,2.1666666666666665
14,31,2.7857142857142856,5,3.0,2.25
14,30,2.7857142857142856,5,2.8,2.3333333333333335
15,43,3.066666666666667,5,2.9166666666666665,2.6923076923076925
9,13,2.6666666666666665,4,2.0,1.25
13,29,2.769230769230769,5,3.125,2.272727272727273
9,9,3.2222222222222223,5,2.0,1.0
6,7,2.0,4,1.0,1.0
8,8,2.625,4,2.3333333333333335,1.0
8,10,2.5,4,2.0,1.1428571428571428
9,9,3.2222222222222223,5,2.0,1.0
6,7,2.0,4,1.0,1.0
8,10,2.75,4,2.6666666666666665,1.1428571428571428
8,10,2.75,5,1.8,1.2857142857142858
9,10,3.2222222222222223,5,2.0,1.0
6,7,2.0,4,1.0,1.0
8,10,2.75,4,2.6666666666666665,1.1428571428571428
8,8,2.25,4,2.0,1.0
7,8,1.4285714285714286,2,3.0,1.0
7,9,1.2857142857142858,2,2.0,1.0
13,39,3.230769230769231,6,3.090909090909091,3.090909090909091
9,9,3.2222222222222223,5,2.0,1.0
8,8,2.625,4,2.3333333333333335,1.0
7,8,1.8571428571428572,3,2.5,1.25
7,8,1.4285714285714286,2,3.0,1.0
9,9,3.2222222222222223,5,2.0,1.0
9,13,1.7777777777777777,3,3.0,1.2
8,9,2.5,4,2.0,1.1428571428571428
6,8,1.8333333333333333,3,2.0,1.3333333333333333
7,9,1.4285714285714286,3,1.5,1.5
7,9,1.8571428571428572,3,2.5,1.25
9,9,3.2222222222222223,5,2.0,1.0
11,21,2.4545454545454546,4,2.7142857142857144,2.111111111111111
8,10,2.75,5,1.8,1.2857142857142858
9,12,1.7777777777777777,3,2.5,1.0
8,9,2.5,4,2.0,1.1428571428571428
7,9,1.8571428571428572,3,2.5,1.25
9,9,3.2222222222222223,5,2.0,1.0
7,10,2.4285714285714284,4,1.6,1.3333333333333333
8,9,2.5,4,2.0,1.1428571428571428
7,9,1.8571428571428572,3,2.5,1.25
7,9,1.8571428571428572,3,2.5,1.25
9,11,3.2222222222222223,5,1.8,1.125
7,11,2.857142857142857,5,1.8,1.5
8,10,2.75,5,1.8,1.2857142857142858
6,7,1.5,3,1.5,1.5
12,33,2.75,6,2.888888888888889,2.888888888888889
10,13,1.5,3,2.0,1.0
10,13,1.5,3,2.0,1.0
14,30,2.4285714285714284,5,2.6666666666666665,2.1818181818181817
14,30,2.142857142857143,4,4.6,2.5555555555555554
7,9,2.0,4,1.6666666666666667,1.25
8,9,2.875,5,1.75,1.0
7,9,1.8571428571428572,3,2.5,1.25
8,10,2.75,5,1.8,1.2857142857142858
6,7,1.5,3,1.0,1.0
7,9,1.8571428571428572,3,2.5,1.25
8,8,2.5,4,1.75,1.0
7,8,1.8571428571428572,3,2.5,1.25
9,12,1.3333333333333333,2,2.0,1.3333333333333333
9,9,2.888888888888889,5,1.75,1.0
8,10,2.875,5,1.6,1.1428571428571428
8,8,2.625,4,2.3333333333333335,1.0
7,8,1.8571428571428572,3,2.0,1.0
7,9,1.8571428571428572,3,2.5,1.25
9,10,2.888888888888889,5,1.6,1.1428571428571428
8,9,2.875,5,1.6,1.1428571428571428
7,8,1.8571428571428572,3,2.5,1.25
9,10,3.2222222222222223,5,2.0,1.0
8,9,2.875,5,1.6,1.1428571428571428
8,8,2.625,4,2.3333333333333335,1.0
7,8,1.8571428571428572,3,2.0,1.0
7,9,1.8571428571428572,3,2.5,1.25
8,11,2.25,4,1.75,1.1666666666666667
10,12,2.9,5,2.0,1.1111111111111112
14,31,2.7857142857142856,5,2.9,2.4166666666666665
7,10,2.857142857142857,5,1.8,1.5
8,8,2.25,4,2.0,1.0
7,8,1.8571428571428572,3,2.0,1.0
9,10,3.2222222222222223,5,2.0,1.0
8,8,2.5,4,2.3333333333333335,1.0
7,8,1.8571428571428572,3,2.5,1.25
9,10,3.2222222222222223,5,2.0,1.0
8,8,2.625,4,2.3333333333333335,1.0
9,10,3.2222222222222223,5,2.0,1.0
7,7,2.7142857142857144,4,1.5,1.0
7,8,2.4285714285714284,4,1.4,1.1666666666666667
8,9,2.5,4,2.0,1.1428571428571428
7,8,1.8571428571428572,3,2.5,1.25
9,10,1.2222222222222223,2,1.5,1.5
9,10,3.2222222222222223,5,2.0,1.0
7,7,1.4285714285714286,3,1.0,1.0
8,9,2.75,4,2.6666666666666665,1.1428571428571428
8,10,2.75,5,1.8,1.2857142857142858
9,9,2.888888888888889,5,1.75,1.0
8,11,2.5,4,2.0,1.4285714285714286
8,8,2.125,3,2.0,1.0
7,8,1.8571428571428572,3,2.5,1.25
9,10,3.2222222222222223,5,2.0,1.0
8,9,2.75,5,1.6,1.1428571428571428
8,10,2.75,5,1.8,1.2857142857142858
9,9,3.2222222222222223,5,2.0,1.0
7,7,2.7142857142857144,4,1.5,1.0
8,8,2.125,3,2.0,1.0
9,10,3.2222222222222223,5,2.0,1.0
8,9,2.75,4,2.6666666666666665,1.1428571428571428
8,10,2.75,5,1.8,1.2857142857142858
6,6,1.3333333333333333,2,2.0,1.0
9,9,2.888888888888889,5,1.75,1.0
7,9,2.4285714285714284,4,1.4,1.1666666666666667
8,8,2.375,4,2.0,1.0
9,15,3.111111111111111,5,2.2,1.375
8,9,2.25,4,1.4,1.1666666666666667
11,27,2.909090909090909,6,2.4444444444444446,2.75
10,12,1.5,3,2.0,1.0
14,31,3.0,5,3.0,2.25
8,13,2.75,5,1.8,1.2857142857142858
8,8,3.125,5,1.75,1.0
8,10,2.5,4,2.0,1.1428571428571428
8,8,2.125,3,2.0,1.0
7,9,1.8571428571428572,3,1.6666666666666667,1.0
9,10,3.2222222222222223,5,2.0,1.0
8,8,2.625,4,2.3333333333333335,1.0
6,6,1.3333333333333333,2,2.0,1.0
8,11,2.75,5,1.8,1.2857142857142858
9,10,3.2222222222222223,5,2.0,1.0
7,9,2.7142857142857144,4,1.75,1.1666666666666667
8,9,2.375,4,1.75,1.1666666666666667
9,18,3.2222222222222223,6,2.0,1.75
8,9,2.5,4,2.0,1.1428571428571428
8,12,1.875,3,2.5,1.25
8,10,2.5,4,1.6,1.1428571428571428
6,8,1.5,3,1.0,1.0
10,21,2.4,5,2.0,2.2857142857142856
9,10,2.111111111111111,4,1.6666666666666667,1.0
17,49,3.5294117647058822,6,4.0,3.142857142857143
7,10,2.857142857142857,5,1.4,1.1666666666666667
8,9,2.5,4,2.0,1.1428571428571428
6,7,1.5,3,1.0,1.0
9,10,3.2222222222222223,5,2.0,1.0
8,8,2.625,4,2.3333333333333335,1.0
9,10,3.2222222222222223,5,2.0,1.0
7,9,2.4285714285714284,4,1.6,1.3333333333333333
8,10,2.875,5,1.6,1.1428571428571428
6,6,1.3333333333333333,2,2.0,1.0
7,8,1.4285714285714286,2,3.0,1.0
7,8,1.4285714285714286,2,3.0,1.0
9,9,3.2222222222222223,5,2.0,1.0
7,9,2.7142857142857144,4,1.75,1.1666666666666667
8,8,2.125,3,2.0,1.0
9,10,3.2222222222222223,5,2.0,1.0
6,8,2.5,4,1.3333333333333333,1.0
8,10,2.75,5,1.8,1.2857142857142858
8,10,2.75,5,1.8,1.2857142857142858
8,10,2.25,4,1.75,1.1666666666666667
9,11,2.3333333333333335,4,2.0,1.1428571428571428
14,33,2.7142857142857144,5,2.8181818181818183,2.5833333333333335
8,9,2.375,4,1.75,1.1666666666666667
7,8,2.0,3,1.6666666666666667,1.0
9,9,3.2222222222222223,5,2.0,1.0
7,7,2.7142857142857144,4,1.5,1.0
8,8,2.625,4,2.3333333333333335,1.0
8,10,2.25,4,1.75,1.1666666666666667
7,12,3.142857142857143,5,2.0,1.6666666666666667
8,11,2.25,4,1.6,1.3333333333333333
9,9,3.2222222222222223,5,2.0,1.0
7,10,3.0,5,1.8,1.5
7,11,2.857142857142857,5,1.8,1.5
8,10,2.75,5,1.8,1.2857142857142858
7,8,1.8571428571428572,3,2.5,1.25
9,10,3.2222222222222223,5,1.8,1.125
8,10,2.75,5,1.6,1.1428571428571428
8,10,2.75,5,1.8,1.2857142857142858
7,8,1.8571428571428572,3,2.5,1.25
9,10,3.2222222222222223,5,1.8,1.125
8,8,2.625,4,2.3333333333333335,1.0
7,8,1.8571428571428572,3,2.5,1.25
7,8,1.4285714285714286,2,3.0,1.0
9,10,3.2222222222222223,5,2.0,1.0
8,11,2.375,4,2.0,1.3333333333333333
7,9,1.7142857142857142,3,2.0,1.3333333333333333
8,15,2.75,5,2.0,1.6666666666666667
8,9,2.625,4,2.3333333333333335,1.0
8,9,2.5,4,2.0,1.1428571428571428
7,8,1.8571428571428572,3,2.5,1.25
13,40,2.8461538461538463,5,3.4,3.090909090909091
9,12,2.6666666666666665,4,2.0,1.25
15,33,2.2666666666666666,4,2.5833333333333335,2.3846153846153846
8,10,2.75,5,1.8,1.2857142857142858
8,9,2.5,4,2.0,1.1428571428571428
9,11,1.7777777777777777,3,2.5,1.0
7,9,1.8571428571428572,3,2.5,1.25
8,12,2.25,4,1.5,1.5
9,11,3.2222222222222223,5,1.8,1.125
8,10,2.75,5,1.8,1.2857142857142858
8,9,2.5,4,2.0,1.1428571428571428
9,9,3.2222222222222223,5,2.0,1.0
8,9,2.75,4,2.6666666666666665,1.1428571428571428
8,10,2.75,5,1.8,1.2857142857142858
8,8,2.25,4,2.0,1.0
6,6,1.3333333333333333,2,2.0,1.0
7,8,1.8571428571428572,3,2.0,1.0
6,8,1.5,3,1.0,1.0
12,27,2.4166666666666665,5,2.875,2.5555555555555554
9,11,2.4444444444444446,4,2.0,1.0
8,13,3.125,5,1.8333333333333333,1.5714285714285714
8,9,2.75,4,2.6666666666666665,1.1428571428571428
8,10,2.75,5,1.8,1.2857142857142858
8,11,2.75,5,1.8,1.2857142857142858
6,7,1.3333333333333333,2,2.0,1.0
7,10,1.4285714285714286,2,3.0,1.0
8,9,2.5,4,2.0,1.1428571428571428
8,10,2.25,4,1.75,1.1666666666666667
9,9,2.888888888888889,5,1.75,1.0
8,15,3.125,5,1.8333333333333333,1.5714285714285714
7,11,2.857142857142857,5,1.8,1.5
8,10,2.75,5,1.8,1.2857142857142858
8,11,2.75,5,1.8,1.2857142857142858
6,6,1.3333333333333333,2,2.0,1.0
7,9,1.4285714285714286,2,3.0,1.0
8,9,2.5,4,2.0,1.1428571428571428
8,10,2.25,4,1.75,1.1666666666666667
9,10,3.2222222222222223,5,2.0,1.0
8,9,2.75,5,1.6,1.1428571428571428
9,10,2.4444444444444446,4,2.25,1.125
9,9,3.2222222222222223,5,2.0,1.0
8,9,2.75,4,2.6666666666666665,1.1428571428571428
8,10,2.75,5,1.8,1.2857142857142858
8,8,2.25,4,2.0,1.0
6,6,1.3333333333333333,2,2.0,1.0
7,8,1.8571428571428572,3,2.0,1.0
6,9,1.5,3,1.5,1.5
11,27,2.909090909090909,6,2.625,2.625
9,11,1.7777777777777777,3,2.5,1.0
8,10,2.5,4,2.0,1.1428571428571428
8,8,2.25,4,2.0,1.0
6,8,1.5,3,1.5,1.5
8,9,2.25,4,1.4,1.1666666666666667
8,12,2.25,4,1.6,1.3333333333333333
8,8,3.125,5,1.75,1.0
8,10,2.5,4,2.0,1.1428571428571428
8,8,2.25,4,2.0,1.0
6,6,1.3333333333333333,2,2.0,1.0
8,9,2.25,4,1.4,1.1666666666666667
11,28,2.909090909090909,6,2.4444444444444446,2.75
9,12,2.888888888888889,5,1.75,1.0
13,34,2.6923076923076925,4,3.75,2.727272727272727
8,9,2.625,4,2.3333333333333335,1.0
9,10,1.4444444444444444,3,2.0,1.3333333333333333
8,9,2.25,4,1.4,1.1666666666666667
9,10,3.2222222222222223,5,2.0,1.0
8,8,2.5,4,2.3333333333333335,1.0
7,9,2.2857142857142856,4,2.0,1.2
9,9,3.2222222222222223,5,2.0,1.0
7,8,2.7142857142857144,4,1.5,1.0
7,10,2.857142857142857,5,1.6,1.3333333333333333
8,11,2.75,5,1.8,1.2857142857142858
9,9,2.888888888888889,5,1.75,1.0
7,9,2.7142857142857144,4,1.75,1.1666666666666667
8,8,2.125,3,2.0,1.0
9,9,1.4444444444444444,2,4.0,1.0
6,7,1.5,3,1.0,1.0
8,9,2.625,4,2.3333333333333335,1.0
8,9,2.5,4,2.0,1.1428571428571428
7,8,1.4285714285714286,2,3.0,1.0
11,27,2.8181818181818183,6,2.3333333333333335,2.625
9,9,1.7777777777777777,3,2.0,1.0
12,33,2.75,5,3.2222222222222223,2.9
8,10,2.75,5,1.8,1.2857142857142858
7,8,1.8571428571428572,3,2.5,1.25
7,8,1.4285714285714286,2,3.0,1.0
9,10,2.888888888888889,5,1.75,1.0
7,9,2.7142857142857144,4,1.75,1.1666666666666667
8,8,2.125,3,2.0,1.0
9,10,3.2222222222222223,5,2.0,1.0
7,9,2.7142857142857144,4,1.75,1.1666666666666667
7,11,2.857142857142857,5,1.6,1.3333333333333333
8,10,2.5,4,1.6,1.1428571428571428
9,12,2.0,3,3.0,1.0
8,9,2.75,5,1.6,1.1428571428571428
8,9,2.625,4,2.3333333333333335,1.0
6,7,1.5,3,1.0,1.0
7,8,1.8571428571428572,3,2.0,1.0
8,9,2.25,4,1.4,1.1666666666666667
6,7,1.3333333333333333,2,2.0,1.0
13,32,2.769230769230769,5,2.888888888888889,2.888888888888889
6,8,1.5,3,1.0,1.0
8,8,3.125,5,1.75,1.0
7,9,2.4285714285714284,4,1.6,1.3333333333333333
7,11,2.857142857142857,5,1.8,1.5
8,9,2.5,4,2.0,1.1428571428571428
6,6,1.5,3,1.0,1.0
7,9,1.8571428571428572,3,2.5,1.25
7,9,1.4285714285714286,2,3.0,1.0
7,9,2.2857142857142856,3,1.75,1.1666666666666667
12,33,2.75,6,2.888888888888889,2.888888888888889
9,10,1.7777777777777777,3,2.0,1.0
15,33,2.8666666666666667,5,2.727272727272727,2.3076923076923075
7,13,2.142857142857143,4,1.4,1.4
8,8,2.375,4,2.0,1.0
7,10,2.0,4,2.0,1.5
8,13,2.75,5,1.6666666666666667,1.4285714285714286
9,10,3.2222222222222223,5,1.8,1.125
7,8,2.7142857142857144,4,1.75,1.1666666666666667
8,9,2.5,4,2.0,1.1428571428571428
7,8,1.7142857142857142,3,2.0,1.0
7,8,1.4285714285714286,2,3.0,1.0
8,11,2.75,5,1.6666666666666667,1.4285714285714286
8,10,1.5,3,2.0,1.3333333333333333
13,37,2.8461538461538463,5,3.4,3.090909090909091
9,11,2.6666666666666665,4,2.25,1.125
13,22,1.7692307692307692,3,3.0,1.875
6,8,1.8333333333333333,3,2.0,1.3333333333333333
8,9,2.375,4,1.75,1.1666666666666667
8,8,1.875,3,2.0,1.0
8,10,2.75,5,1.8,1.2857142857142858
8,10,2.75,5,1.8,1.2857142857142858
7,8,1.4285714285714286,2,3.0,1.0
9,10,3.2222222222222223,5,2.0,1.0
8,8,2.5,4,2.3333333333333335,1.0
7,8,1.8571428571428572,3,2.5,1.25
9,11,3.2222222222222223,5,1.8,1.125
9,11,1.5555555555555556,3,2.0,1.5
6,8,1.8333333333333333,3,2.0,1.3333333333333333
8,8,2.625,4,2.3333333333333335,1.0
8,13,1.875,3,3.0,1.5
7,8,1.8571428571428572,3,2.0,1.0
8,9,2.5,4,2.0,1.1428571428571428
7,9,1.4285714285714286,3,1.5,1.5
8,10,2.75,5,1.8,1.2857142857142858
9,11,3.2222222222222223,5,1.8,1.125
8,11,2.5,4,2.0,1.4285714285714286
8,9,2.5,4,2.0,1.1428571428571428
7,8,1.8571428571428572,3,2.0,1.0
7,9,1.8571428571428572,3,2.5,1.25
9,11,3.2222222222222223,5,1.8,1.125
8,10,2.75,5,1.8,1.2857142857142858
9,11,2.4444444444444446,4,2.25,1.125
9,11,3.2222222222222223,5,1.8,1.125
8,10,2.5,4,2.0,1.1428571428571428
8,8,2.125,3,2.0,1.0
7,9,1.8571428571428572,3,1.6666666666666667,1.0
7,8,1.8571428571428572,3,2.5,1.25
9,10,1.2222222222222223,2,2.0,1.0
8,9,2.25,4,1.4,1.1666666666666667
6,7,1.3333333333333333,2,2.0,1.0
9,10,3.2222222222222223,5,2.0,1.0
8,12,2.25,4,1.6,1.3333333333333333
8,9,2.625,4,2.3333333333333335,1.0
7,9,2.142857142857143,4,1.5,1.2
9,12,1.7777777777777777,3,2.5,1.0
7,9,1.8571428571428572,3,2.5,1.25
7,8,1.8571428571428572,3,2.0,1.0
8,10,2.5,4,1.6,1.1428571428571428
6,7,1.3333333333333333,2,2.0,1.0
11,26,2.4545454545454546,5,2.7142857142857144,2.7142857142857144
9,11,2.6666666666666665,4,2.25,1.125
13,27,2.6153846153846154,5,3.0,2.1818181818181817
7,11,2.857142857142857,5,1.8,1.5
8,10,2.75,5,1.8,1.2857142857142858
15,41,3.1333333333333333,5,3.7777777777777777,2.8333333333333335
6,7,1.5,3,1.0,1.0
9,10,3.2222222222222223,5,2.0,1.0
8,8,2.625,4,2.3333333333333335,1.0
9,10,1.4444444444444444,2,4.0,1.0
7,8,1.8571428571428572,3,2.0,1.0
9,9,3.2222222222222223,5,2.0,1.0
7,8,2.7142857142857144,4,1.5,1.0
8,8,2.125,3,2.0,1.0
9,10,3.2222222222222223,5,2.0,1.0
7,8,2.142857142857143,4,1.5,1.2
8,10,2.75,5,1.8,1.2857142857142858
8,9,2.625,4,2.3333333333333335,1.0
6,6,1.3333333333333333,2,2.0,1.0
7,9,1.8571428571428572,3,2.5,1.25
9,10,3.2222222222222223,5,2.0,1.0
8,8,2.625,4,2.3333333333333335,1.0
7,9,1.8571428571428572,3,2.5,1.25
7,9,1.4285714285714286,2,3.0,1.0
9,9,3.2222222222222223,5,2.0,1.0
7,9,2.7142857142857144,4,1.75,1.1666666666666667
7,12,2.857142857142857,5,1.8,1.5
8,8,2.25,4,2.0,1.0
7,9,1.8571428571428572,3,2.5,1.25
9,9,1.2222222222222223,2,2.0,1.0
9,10,1.2222222222222223,2,2.0,1.0
8,10,2.0,4,1.5,1.2
7,9,1.4285714285714286,2,3.0,1.0
9,10,3.2222222222222223,5,2.0,1.0
9,12,1.7777777777777777,3,3.0,1.2
8,9,2.375,4,1.75,1.1666666666666667
6,7,1.6666666666666667,3,1.5,1.0
9,9,3.2222222222222223,5,2.0,1.0
9,10,1.7777777777777777,3,2.5,1.0
8,10,2.875,5,1.6,1.1428571428571428
8,9,2.375,4,1.75,1.1666666666666667
7,7,1.4285714285714286,2,3.0,1.0
9,10,3.2222222222222223,5,2.0,1.0
7,8,2.7142857142857144,4,1.5,1.0
8,13,2.875,5,1.6666666666666667,1.4285714285714286
6,6,1.3333333333333333,2,2.0,1.0
7,9,1.8571428571428572,3,2.5,1.25
6,9,1.5,3,1.5,1.5
11,26,2.8181818181818183,6,2.5,2.5
10,12,1.5,3,2.0,1.0
14,32,2.7142857142857144,5,2.888888888888889,2.1666666666666665
8,9,2.5,4,2.0,1.1428571428571428
9,11,1.7777777777777777,3,2.5,1.0
7,9,1.8571428571428572,3,2.5,1.25
8,9,2.5,4,2.0,1.1428571428571428
8,9,2.375,4,1.75,1.1666666666666667
6,7,1.5,3,1.5,1.5
9,11,2.4444444444444446,4,2.0,1.0
15,31,2.466666666666667,4,2.6666666666666665,1.8461538461538463
8,10,2.75,5,1.8,1.2857142857142858
7,9,1.8571428571428572,3,2.5,1.25
6,7,1.5,3,1.5,1.5
8,13,2.875,5,1.6666666666666667,1.4285714285714286
8,12,1.875,3,2.5,1.25
7,9,1.8571428571428572,3,2.5,1.25
8,9,2.5,4,2.0,1.1428571428571428
8,9,2.375,4,1.75,1.1666666666666667
8,11,2.25,4,1.6,1.3333333333333333
9,9,3.2222222222222223,5,2.0,1.0
7,10,3.0,5,1.8,1.5
8,9,2.5,4,2.0,1.1428571428571428
7,8,1.7142857142857142,3,2.0,1.0
7,8,1.4285714285714286,2,3.0,1.0
9,9,3.2222222222222223,5,2.0,1.0
8,10,2.5,4,2.0,1.1428571428571428
8,8,2.125,3,2.0,1.0
7,9,1.8571428571428572,3,1.6666666666666667,1.0
9,9,3.2222222222222223,5,2.0,1.0
9,9,1.7777777777777777,3,2.5,1.0
8,9,2.375,4,1.75,1.1666666666666667
8,11,2.375,4,2.0,1.3333333333333333
14,47,3.0,6,3.5,3.8181818181818183
7,8,1.7142857142857142,3,1.5,1.0
9,10,2.888888888888889,5,1.6,1.1428571428571428
8,9,2.75,4,2.6666666666666665,1.1428571428571428
8,10,2.75,5,1.8,1.2857142857142858
9,9,2.888888888888889,5,1.75,1.0
7,8,2.7142857142857144,4,1.75,1.1666666666666667
8,9,2.75,4,2.6666666666666665,1.1428571428571428
8,8,2.25,4,2.0,1.0
7,9,1.8571428571428572,3,2.5,1.25
9,9,2.888888888888889,5,1.75,1.0
9,12,1.6666666666666667,3,2.0,1.5
8,11,2.875,4,2.25,1.2857142857142858
8,8,2.125,3,2.0,1.0
8,12,1.875,3,2.5,1.25
9,11,1.4444444444444444,3,1.3333333333333333,1.3333333333333333
7,9,1.4285714285714286,3,1.0,1.0
9,10,2.888888888888889,5,1.6,1.1428571428571428
8,8,2.625,4,2.3333333333333335,1.0
6,7,1.5,3,1.0,1.0
9,11,3.2222222222222223,5,1.8,1.125
8,9,2.75,4,2.6666666666666665,1.1428571428571428
8,10,2.75,5,1.8,1.2857142857142858
9,10,2.888888888888889,5,1.6,1.1428571428571428
8,11,2.5,4,2.0,1.4285714285714286
8,9,2.375,4,1.75,1.1666666666666667
8,13,2.375,4,1.5,1.5
7,8,1.4285714285714286,2,3.0,1.0
7,8,1.4285714285714286,2,3.0,1.0
9,10,3.2222222222222223,5,2.0,1.0
10,19,2.5,4,2.4285714285714284,2.125
8,10,2.75,5,1.8,1.2857142857142858
8,8,2.625,4,2.3333333333333335,1.0
7,8,1.8571428571428572,3,2.0,1.0
9,10,3.2222222222222223,5,2.0,1.0
8,11,2.0,4,1.4,1.4
8,8,2.125,3,2.0,1.0
7,8,1.7142857142857142,3,2.0,1.0
7,8,1.8571428571428572,3,2.5,1.25
9,11,3.2222222222222223,5,1.8,1.125
7,8,2.7142857142857144,4,1.75,1.1666666666666667
7,11,2.857142857142857,5,1.8,1.5
8,10,2.75,5,1.8,1.2857142857142858
9,11,3.2222222222222223,5,1.8,1.125
9,10,1.7777777777777777,3,2.5,1.0
8,8,2.625,4,2.3333333333333335,1.0
7,8,1.8571428571428572,3,2.0,1.0
8,9,2.25,4,1.4,1.1666666666666667
11,25,2.8181818181818183,6,2.3333333333333335,2.625
10,12,1.5,3,2.0,1.0
9,10,1.5555555555555556,3,2.0,1.0
14,25,1.6428571428571428,3,3.4,2.125
14,32,1.9285714285714286,4,2.6666666666666665,2.6666666666666665
13,20,2.4615384615384617,4,3.2,1.6
13,28,2.769230769230769,6,2.875,2.090909090909091
13,24,1.8461538461538463,3,2.5714285714285716,2.0
13,23,2.769230769230769,5,3.3333333333333335,1.8181818181818181
14,30,2.9285714285714284,5,3.0,2.25
13,24,2.4615384615384617,5,3.0,1.9090909090909092
13,23,2.230769230769231,4,2.625,1.9090909090909092
15,44,3.4,6,3.1666666666666665,2.923076923076923
9,11,3.0,5,2.0,1.25
13,28,2.769230769230769,5,3.25,2.3636363636363638
6,6,1.5,3,1.0,1.0
9,9,3.2222222222222223,5,2.0,1.0
12,22,2.3333333333333335,4,2.5,2.0
8,8,2.5,4,2.3333333333333335,1.0
9,9,1.7777777777777777,3,2.5,1.0
7,8,1.8571428571428572,3,2.5,1.25
8,9,2.5,4,2.0,1.1428571428571428
8,10,3.0,5,1.6,1.3333333333333333
6,6,1.3333333333333333,2,2.0,1.0
9,9,3.2222222222222223,5,2.0,1.0
13,28,2.3076923076923075,4,2.5555555555555554,2.090909090909091
8,13,2.875,5,1.6666666666666667,1.4285714285714286
7,10,2.0,3,2.5,1.25
8,10,2.75,5,1.8,1.2857142857142858
7,9,1.8571428571428572,3,2.5,1.25
7,9,1.8571428571428572,3,2.5,1.25
8,9,2.5,4,2.0,1.1428571428571428
8,9,2.375,4,1.75,1.1666666666666667
9,9,3.2222222222222223,5,2.0,1.0
7,10,2.4285714285714284,4,1.6,1.3333333333333333
8,9,2.5,4,2.0,1.1428571428571428
7,10,2.2857142857142856,4,1.5,1.2
7,9,1.8571428571428572,3,2.5,1.25
8,9,2.5,4,2.0,1.1428571428571428
7,9,1.8571428571428572,3,2.5,1.25
8,10,2.25,4,1.75,1.1666666666666667
9,9,3.2222222222222223,5,2.0,1.0
6,8,2.0,4,1.0,1.0
8,9,2.5,4,2.0,1.1428571428571428
6,6,1.3333333333333333,2,2.0,1.0
10,22,2.4,5,1.8888888888888888,2.4285714285714284
9,12,1.7777777777777777,3,2.5,1.0
9,11,1.5555555555555556,3,2.0,1.0
14,23,1.6428571428571428,3,2.8333333333333335,2.125
8,10,2.75,5,1.8,1.2857142857142858
7,7,1.4285714285714286,2,3.0,1.0
8,9,2.625,4,2.3333333333333335,1.0
7,8,1.8571428571428572,3,2.5,1.25
7,9,1.8571428571428572,3,2.5,1.25
15,49,3.533333333333333,7,3.3333333333333335,3.3333333333333335
9,13,2.6666666666666665,4,2.0,1.25
13,26,2.3076923076923075,4,3.4285714285714284,2.1818181818181817
8,10,2.75,5,1.8,1.2857142857142858
13,35,3.1538461538461537,6,2.8,2.8
6,7,1.5,3,1.0,1.0
9,9,3.2222222222222223,5,2.0,1.0
7,9,2.4285714285714284,4,1.6,1.3333333333333333
8,9,2.5,4,2.0,1.1428571428571428
7,9,1.8571428571428572,3,2.5,1.25
7,8,1.8571428571428572,3,2.5,1.25
8,9,2.5,4,2.0,1.1428571428571428
7,8,1.8571428571428572,3,2.5,1.25
8,11,2.25,4,1.6,1.3333333333333333
9,9,3.2222222222222223,5,2.0,1.0
6,7,2.0,4,1.0,1.0
8,9,2.5,4,2.0,1.1428571428571428
6,7,1.5,3,1.5,1.5
8,12,2.25,4,1.6,1.3333333333333333
9,9,3.2222222222222223,5,2.0,1.0
12,24,2.6666666666666665,4,3.142857142857143,2.2
8,13,2.875,5,1.6666666666666667,1.4285714285714286
7,9,1.8571428571428572,3,2.5,1.25
9,10,3.2222222222222223,5,1.8,1.125
7,9,2.7142857142857144,4,1.75,1.1666666666666667
8,11,2.75,5,1.6666666666666667,1.4285714285714286
7,9,1.8571428571428572,3,2.5,1.25
16,49,2.8125,5,4.181818181818182,3.5384615384615383
9,11,2.888888888888889,5,1.75,1.0
8,8,2.625,4,2.3333333333333335,1.0
9,9,2.888888888888889,5,1.75,1.0
12,19,3.3333333333333335,6,2.2857142857142856,1.4545454545454546
8,10,2.75,5,1.8,1.2857142857142858
7,9,1.7142857142857142,3,2.0,1.0
10,19,3.1,5,2.2857142857142856,1.7777777777777777
8,10,2.75,5,1.8,1.2857142857142858
7,9,1.8571428571428572,3,2.5,1.25
10,13,2.3,4,2.0,1.0
7,10,2.857142857142857,5,1.8,1.5
8,8,2.125,3,2.0,1.0
6,7,1.5,3,1.0,1.0
8,10,2.5,4,1.6,1.1428571428571428
13,33,2.6923076923076925,5,3.75,3.0
9,10,2.888888888888889,5,1.6,1.1428571428571428
8,8,2.625,4,2.3333333333333335,1.0
9,10,3.2222222222222223,5,2.0,1.0
6,9,3.1666666666666665,5,1.25,1.0
8,12,2.75,5,1.6666666666666667,1.6666666666666667
8,9,2.625,4,2.3333333333333335,1.0
6,7,1.5,3,1.5,1.5
7,8,1.4285714285714286,2,3.0,1.0
8,10,2.75,5,1.8,1.2857142857142858
7,8,1.8571428571428572,3,2.0,1.0
9,9,2.888888888888889,5,1.75,1.0
8,14,2.75,5,1.6666666666666667,1.6666666666666667
7,11,2.142857142857143,4,1.6666666666666667,1.0
8,9,2.375,4,1.75,1.1666666666666667
8,9,2.625,4,2.3333333333333335,1.0
9,10,1.4444444444444444,3,1.5,1.0
11,27,2.909090909090909,6,2.4444444444444446,2.75
9,11,2.4444444444444446,4,2.0,1.0
8,8,2.625,4,2.3333333333333335,1.0
7,8,1.8571428571428572,3,2.5,1.25
7,8,1.4285714285714286,2,3.0,1.0
9,9,2.888888888888889,5,1.75,1.0
8,8,2.625,4,2.3333333333333335,1.0
9,10,3.2222222222222223,5,2.0,1.0
8,14,3.125,5,1.8333333333333333,1.5714285714285714
8,10,2.875,5,1.6,1.1428571428571428
9,10,1.4444444444444444,2,4.0,1.0
8,8,2.625,4,2.3333333333333335,1.0
7,8,1.8571428571428572,3,2.0,1.0
8,8,2.625,4,2.3333333333333335,1.0
8,9,2.5,4,2.0,1.1428571428571428
7,8,1.8571428571428572,3,2.5,1.25
9,11,3.2222222222222223,5,1.8,1.125
7,11,2.857142857142857,5,1.8,1.5
8,8,2.25,4,2.0,1.0
7,8,1.8571428571428572,3,2.0,1.0
11,28,2.909090909090909,6,2.4444444444444446,2.75
9,11,2.4444444444444446,4,2.0,1.0
14,34,2.9285714285714284,5,3.2,2.6666666666666665
8,12,2.25,4,1.6,1.3333333333333333
9,10,3.2222222222222223,5,2.0,1.0
13,30,2.6153846153846154,4,3.111111111111111,2.5454545454545454
10,14,2.3,4,1.8,1.125
8,8,2.625,4,2.3333333333333335,1.0
8,9,2.25,4,1.75,1.1666666666666667
9,9,3.2222222222222223,5,2.0,1.0
8,11,2.875,5,1.5,1.2857142857142858
7,8,1.8571428571428572,3,2.5,1.25
7,8,1.4285714285714286,2,3.0,1.0
8,9,2.875,5,1.75,1.0
7,8,1.8571428571428572,3,2.5,1.25
8,10,2.75,5,1.8,1.2857142857142858
11,27,2.909090909090909,6,2.4444444444444446,2.75
9,11,2.4444444444444446,4,2.0,1.0
13,30,2.923076923076923,5,3.111111111111111,2.5454545454545454
9,10,3.2222222222222223,5,2.0,1.0
8,8,2.625,4,2.3333333333333335,1.0
8,9,2.25,4,1.75,1.1666666666666667
9,10,3.2222222222222223,5,2.0,1.0
8,10,2.875,5,1.6,1.1428571428571428
7,8,1.8571428571428572,3,2.5,1.25
8,9,1.375,2,3.0,1.0
8,9,2.875,5,1.75,1.0
7,8,1.8571428571428572,3,2.5,1.25
8,10,2.75,5,1.8,1.2857142857142858
11,26,2.909090909090909,6,2.625,2.625
9,10,2.111111111111111,4,1.6666666666666667,1.0
7,9,2.4285714285714284,4,1.6,1.3333333333333333
7,10,2.857142857142857,5,1.8,1.5
8,9,2.5,4,2.0,1.1428571428571428
7,8,1.4285714285714286,2,3.0,1.0
8,11,2.75,5,1.8,1.2857142857142858
9,10,3.2222222222222223,5,2.0,1.0
13,30,2.923076923076923,5,3.111111111111111,2.5454545454545454
9,9,3.2222222222222223,5,2.0,1.0
9,10,1.6666666666666667,3,2.5,1.0
7,8,2.142857142857143,4,1.5,1.2
8,8,2.625,4,2.3333333333333335,1.0
8,10,2.5,4,2.0,1.1428571428571428
9,11,3.2222222222222223,5,1.8,1.125
7,9,2.7142857142857144,4,1.75,1.1666666666666667
7,10,2.2857142857142856,4,1.75,1.4
8,10,2.75,5,1.8,1.2857142857142858
9,10,3.2222222222222223,5,2.0,1.0
9,9,1.7777777777777777,3,2.5,1.0
8,9,2.375,4,1.75,1.1666666666666667
8,9,2.375,4,1.75,1.1666666666666667
7,7,1.4285714285714286,2,3.0,1.0
9,12,2.6666666666666665,4,2.0,1.0
7,11,2.857142857142857,5,1.8,1.5
8,11,2.0,4,1.5,1.2
6,6,1.5,3,1.0,1.0
12,23,2.3333333333333335,4,2.5714285714285716,2.0
8,9,2.625,4,2.3333333333333335,1.0
7,8,1.8571428571428572,3,2.5,1.25
7,8,1.4285714285714286,2,3.0,1.0
9,9,3.2222222222222223,5,2.0,1.0
8,8,2.625,4,2.3333333333333335,1.0
7,9,1.8571428571428572,3,2.5,1.25
9,9,3.2222222222222223,5,2.0,1.0
7,10,2.857142857142857,5,1.8,1.5
8,9,2.375,4,1.75,1.1666666666666667
8,11,2.25,4,1.6,1.3333333333333333
8,11,2.75,5,1.8,1.2857142857142858
8,11,2.25,4,1.6,1.3333333333333333
9,10,3.2222222222222223,5,1.8,1.125
8,10,2.75,5,1.6,1.1428571428571428
8,10,2.5,4,2.0,1.1428571428571428
9,10,3.2222222222222223,5,1.8,1.125
6,8,2.5,4,1.3333333333333333,1.0
13,27,2.6153846153846154,4,2.7777777777777777,2.272727272727273
8,10,3.25,5,1.8,1.2857142857142858
13,28,2.4615384615384617,4,2.625,1.9090909090909092
8,9,2.375,4,1.75,1.1666666666666667
7,10,2.142857142857143,4,2.0,1.5
9,9,2.888888888888889,5,1.75,1.0
6,7,2.0,4,1.0,1.0
8,10,2.75,5,1.8,1.2857142857142858
7,8,1.8571428571428572,3,2.5,1.25
8,9,1.375,2,3.0,1.0
9,11,2.6666666666666665,4,2.25,1.125
18,51,3.388888888888889,6,3.357142857142857,3.1333333333333333
8,10,2.75,5,1.8,1.2857142857142858
8,12,2.75,5,2.0,1.4285714285714286
9,11,3.2222222222222223,5,1.8,1.125
9,10,1.7777777777777777,3,2.0,1.2
8,10,2.875,5,1.6,1.1428571428571428
8,9,2.375,4,1.75,1.1666666666666667
7,8,1.4285714285714286,2,3.0,1.0
9,11,3.2222222222222223,5,1.8,1.125
6,7,2.0,4,1.0,1.0
8,9,2.75,4,2.6666666666666665,1.1428571428571428
8,9,2.5,4,2.0,1.1428571428571428
9,12,1.4444444444444444,2,4.0,1.0
9,12,1.4444444444444444,2,2.5,1.25
8,9,2.5,4,2.0,1.1428571428571428
7,8,1.8571428571428572,3,2.5,1.25
9,10,1.2222222222222223,2,2.0,1.0
11,27,2.909090909090909,6,2.4444444444444446,2.75
9,11,2.4444444444444446,4,2.0,1.0
14,30,2.7142857142857144,5,2.5454545454545454,2.3333333333333335
8,11,2.875,5,1.5,1.2857142857142858
7,8,1.8571428571428572,3,2.0,1.0
9,10,2.888888888888889,5,1.6,1.1428571428571428
7,9,2.4285714285714284,4,1.6,1.3333333333333333
7,10,2.857142857142857,5,1.8,1.5
8,9,2.375,4,1.75,1.1666666666666667
9,10,2.888888888888889,5,1.6,1.1428571428571428
8,9,2.5,4,2.0,1.1428571428571428
6,6,1.5,3,1.0,1.0
9,11,3.2222222222222223,5,1.8,1.125
8,9,2.75,4,2.6666666666666665,1.1428571428571428
8,10,2.75,5,1.8,1.2857142857142858
6,6,1.3333333333333333,2,2.0,1.0
8,10,2.75,5,1.8,1.2857142857142858
11,24,2.3636363636363638,5,2.2222222222222223,2.5
9,9,1.7777777777777777,3,2.0,1.0
8,10,2.75,5,1.8,1.2857142857142858
8,9,2.5,4,2.0,1.1428571428571428
7,8,1.8571428571428572,3,2.5,1.25
8,10,2.75,5,1.8,1.2857142857142858
9,10,2.888888888888889,5,1.6,1.1428571428571428
8,9,2.875,5,1.6,1.1428571428571428
7,9,1.7142857142857142,3,2.0,1.0
7,8,1.4285714285714286,2,3.0,1.0
9,11,2.3333333333333335,4,2.3333333333333335,1.0
8,10,2.75,5,1.8,1.2857142857142858
8,8,2.625,4,2.3333333333333335,1.0
6,7,1.5,3,1.0,1.0
7,8,1.8571428571428572,3,2.0,1.0
8,11,2.75,5,1.8,1.2857142857142858
6,7,1.3333333333333333,2,2.0,1.0
9,9,3.2222222222222223,5,2.0,1.0
13,24,2.3076923076923075,4,2.75,2.0
8,9,2.5,4,2.0,1.1428571428571428
7,9,1.8571428571428572,3,2.5,1.25
8,12,1.875,3,2.5,1.25
8,10,2.75,5,1.8,1.2857142857142858
7,9,1.8571428571428572,3,2.5,1.25
7,8,1.8571428571428572,3,2.0,1.0
8,9,2.5,4,2.0,1.1428571428571428
8,10,2.875,5,1.6,1.1428571428571428
10,23,2.4,5,2.0,2.5714285714285716
9,10,2.888888888888889,5,1.75,1.0
7,9,2.7142857142857144,4,1.75,1.1666666666666667
8,9,2.125,3,2.0,1.0
7,9,1.7142857142857142,3,2.0,1.0
9,10,3.2222222222222223,5,2.0,1.0
7,9,2.4285714285714284,4,1.6,1.3333333333333333
8,10,2.75,5,1.8,1.2857142857142858
9,9,3.2222222222222223,5,2.0,1.0
8,8,2.625,4,2.3333333333333335,1.0
6,6,1.3333333333333333,2,2.0,1.0
8,10,2.75,5,1.8,1.2857142857142858
9,9,3.2222222222222223,5,2.0,1.0
8,10,2.875,5,1.6,1.1428571428571428
7,8,1.8571428571428572,3,2.5,1.25
7,8,1.4285714285714286,2,3.0,1.0
8,10,2.875,5,1.6,1.1428571428571428
7,8,1.8571428571428572,3,2.5,1.25
8,10,2.75,5,1.8,1.2857142857142858
9,9,3.2222222222222223,5,2.0,1.0
8,8,2.625,4,2.3333333333333335,1.0
7,8,1.8571428571428572,3,2.5,1.25
7,9,1.4285714285714286,2,3.0,1.0
9,9,3.2222222222222223,5,2.0,1.0
11,21,2.4545454545454546,4,2.7142857142857144,2.111111111111111
6,8,1.8333333333333333,3,2.0,1.3333333333333333
8,9,2.875,5,1.6,1.1428571428571428
8,13,2.875,5,1.6666666666666667,1.4285714285714286
9,13,1.5555555555555556,3,2.5,1.25
7,9,1.8571428571428572,3,2.5,1.25
7,9,1.8571428571428572,3,2.5,1.25
9,9,3.2222222222222223,5,2.0,1.0
7,9,2.7142857142857144,4,1.75,1.1666666666666667
8,8,2.125,3,2.0,1.0
9,11,3.2222222222222223,5,1.8,1.125
7,9,2.7142857142857144,4,1.75,1.1666666666666667
8,9,2.125,3,2.0,1.0
7,9,1.8571428571428572,3,2.5,1.25
7,9,1.8571428571428572,3,2.5,1.25
8,9,2.5,4,2.0,1.1428571428571428
7,8,1.8571428571428572,3,2.5,1.25
10,13,1.3,2,3.0,1.0
11,27,2.3636363636363638,5,2.2222222222222223,2.857142857142857
10,12,1.3,2,3.0,1.0
9,10,1.3333333333333333,2,3.0,1.0
14,24,1.7142857142857142,3,3.4,2.125
14,34,2.142857142857143,4,2.888888888888889,2.888888888888889
13,23,2.230769230769231,4,3.6,2.0
13,29,2.769230769230769,6,2.7777777777777777,2.272727272727273
14,28,2.0,4,2.75,2.4444444444444446
13,25,2.4615384615384617,4,3.6666666666666665,2.2
14,39,3.142857142857143,6,3.1818181818181817,2.9166666666666665
14,32,3.0714285714285716,5,3.625,2.4166666666666665
14,28,2.7857142857142856,5,3.7142857142857144,2.1666666666666665
16,45,3.4375,6,3.6363636363636362,2.857142857142857
9,12,3.0,5,1.8,1.125
8,10,2.125,4,2.3333333333333335,1.4
8,11,2.25,4,2.3333333333333335,1.4
8,10,2.75,5,1.8,1.2857142857142858
6,8,1.5,3,1.5,1.5
8,13,2.75,5,1.6666666666666667,1.4285714285714286
9,11,2.6666666666666665,4,2.25,1.125
15,39,2.8,5,3.0833333333333335,2.8461538461538463
8,9,2.75,4,2.6666666666666665,1.1428571428571428
8,10,2.75,5,1.8,1.2857142857142858
6,7,1.5,3,1.5,1.5
8,10,2.75,5,1.8,1.2857142857142858
8,9,2.375,4,1.75,1.1666666666666667
9,11,1.3333333333333333,2,3.0,1.0
9,10,3.2222222222222223,5,2.0,1.0
14,31,2.7142857142857144,5,2.9,2.4166666666666665
9,11,3.2222222222222223,5,1.8,1.125
8,9,1.75,3,1.6666666666666667,1.25
8,11,2.875,4,2.25,1.2857142857142858
8,9,2.375,4,1.75,1.1666666666666667
7,8,1.7142857142857142,3,2.0,1.0
9,10,3.2222222222222223,5,2.0,1.0
6,7,2.0,4,1.0,1.0
8,9,2.75,4,2.6666666666666665,1.1428571428571428
8,10,2.75,5,1.8,1.2857142857142858
9,9,2.888888888888889,5,1.75,1.0
8,8,2.5,4,2.3333333333333335,1.0
6,6,1.5,3,1.0,1.0
9,9,2.888888888888889,5,1.75,1.0
8,11,2.875,4,2.25,1.2857142857142858
8,8,2.125,3,2.0,1.0
7,8,1.8571428571428572,3,2.0,1.0
9,10,3.2222222222222223,5,2.0,1.0
8,8,2.5,4,2.3333333333333335,1.0
9,11,1.7777777777777777,3,2.5,1.0
7,8,1.8571428571428572,3,2.5,1.25
8,8,2.125,3,2.0,1.0
6,7,1.5,3,1.5,1.5
8,9,2.625,4,2.3333333333333335,1.0
7,9,1.8571428571428572,3,2.5,1.25
7,8,1.8571428571428572,3,2.0,1.0
12,35,2.8333333333333335,5,2.9,2.9
9,11,2.6666666666666665,4,2.25,1.125
14,36,3.2142857142857144,6,3.090909090909091,2.8333333333333335
7,9,2.0,3,2.0,1.0
8,13,2.25,4,2.3333333333333335,1.4
8,9,2.25,4,1.4,1.1666666666666667
9,12,1.4444444444444444,2,4.0,1.0
7,8,1.8571428571428572,3,2.0,1.0
9,10,3.2222222222222223,5,2.0,1.0
8,9,2.875,5,1.6,1.1428571428571428
9,11,1.5555555555555556,3,2.5,1.25
9,10,3.2222222222222223,5,1.8,1.125
7,10,2.857142857142857,5,1.8,1.5
8,9,2.5,4,2.0,1.1428571428571428
8,9,2.25,4,1.75,1.1666666666666667
8,10,2.25,4,1.75,1.1666666666666667
9,9,3.2222222222222223,5,2.0,1.0
8,9,2.375,4,1.75,1.1666666666666667
6,7,1.6666666666666667,3,1.5,1.0
9,9,3.2222222222222223,5,2.0,1.0
8,10,2.75,5,1.8,1.2857142857142858
7,8,1.7142857142857142,3,2.0,1.0
6,8,1.5,3,1.5,1.5
8,10,2.75,5,1.8,1.2857142857142858
9,10,3.2222222222222223,5,2.0,1.0
9,11,2.4444444444444446,4,2.25,1.125
8,8,2.125,3,2.0,1.0
7,9,1.8571428571428572,3,1.6666666666666667,1.0
9,9,3.2222222222222223,5,2.0,1.0
8,11,2.25,4,1.6,1.3333333333333333
8,9,2.375,4,1.75,1.1666666666666667
9,10,3.2222222222222223,5,2.0,1.0
8,10,2.75,5,1.8,1.2857142857142858
8,10,2.75,5,1.8,1.2857142857142858
9,9,3.2222222222222223,5,2.0,1.0
7,8,2.4285714285714284,4,1.4,1.1666666666666667
6,8,2.1666666666666665,4,1.3333333333333333,1.0
8,9,2.375,4,1.75,1.1666666666666667
7,8,1.8571428571428572,3,2.5,1.25
10,13,1.3,2,2.0,1.3333333333333333
12,32,3.0,5,2.8,2.8
9,11,2.6666666666666665,4,2.25,1.125
13,25,2.230769230769231,4,3.2857142857142856,2.090909090909091
8,9,2.5,4,2.0,1.1428571428571428
6,7,2.0,4,1.0,1.0
9,9,3.2222222222222223,5,2.0,1.0
7,9,2.7142857142857144,4,1.75,1.1666666666666667
8,9,2.625,4,2.3333333333333335,1.0
8,9,2.25,4,1.75,1.1666666666666667
8,9,2.25,4,1.4,1.1666666666666667
9,9,3.2222222222222223,5,2.0,1.0
8,8,2.5,4,2.3333333333333335,1.0
6,7,1.5,3,1.0,1.0
9,9,3.2222222222222223,5,2.0,1.0
12,25,2.3333333333333335,4,2.5,2.0
8,9,2.5,4,2.0,1.1428571428571428
7,9,2.0,3,2.0,1.0
8,9,2.5,4,2.0,1.1428571428571428
8,9,2.375,4,1.75,1.1666666666666667
8,12,2.25,4,1.5,1.5
9,10,3.2222222222222223,5,1.8,1.125
11,21,2.6363636363636362,4,2.7142857142857144,2.111111111111111
8,9,2.875,5,1.6,1.1428571428571428
6,8,1.8333333333333333,3,2.0,1.3333333333333333
7,9,1.8571428571428572,3,2.5,1.25
9,9,3.2222222222222223,5,2.0,1.0
8,8,2.5,4,2.3333333333333335,1.0
7,9,1.8571428571428572,3,2.5,1.25
9,9,3.2222222222222223,5,2.0,1.0
13,25,2.3076923076923075,4,2.3,2.090909090909091
8,8,2.625,4,2.3333333333333335,1.0
7,9,1.8571428571428572,3,2.5,1.25
7,9,1.8571428571428572,3,2.5,1.25
8,13,2.875,5,1.6666666666666667,1.4285714285714286
8,9,2.625,4,2.3333333333333335,1.0
12,33,2.3333333333333335,5,2.7777777777777777,3.125
10,12,1.5,3,2.0,1.0
9,12,1.5555555555555556,3,2.0,1.0
14,27,2.2857142857142856,5,2.625,2.1
14,26,2.0,4,3.8,2.111111111111111
13,24,1.9230769230769231,4,2.375,2.111111111111111
15,41,3.066666666666667,5,3.4,2.6153846153846154
15,36,2.1333333333333333,4,2.7,2.7
13,28,2.6153846153846154,5,2.6666666666666665,2.1818181818181817
15,45,3.066666666666667,5,3.3333333333333335,3.076923076923077
15,34,3.066666666666667,6,2.727272727272727,2.3076923076923075
15,46,3.466666666666667,6,3.3333333333333335,3.076923076923077
8,10,2.375,4,1.75,1.1666666666666667
8,14,3.125,5,2.0,1.7142857142857142
8,8,2.25,4,2.0,1.0
8,9,2.625,4,2.3333333333333335,1.0
7,9,1.8571428571428572,3,2.5,1.25
15,43,2.7333333333333334,5,3.6363636363636362,3.3333333333333335
9,12,2.7777777777777777,4,1.75,1.0
11,22,2.727272727272727,5,2.5,2.2222222222222223
9,11,2.4444444444444446,4,2.25,1.125
9,9,2.888888888888889,5,1.75,1.0
8,8,2.625,4,2.3333333333333335,1.0
7,8,1.8571428571428572,3,2.5,1.25
8,9,2.5,4,2.0,1.1428571428571428
9,9,2.888888888888889,5,1.75,1.0
8,10,3.625,6,1.6,1.1428571428571428
7,8,1.8571428571428572,3,2.0,1.0
7,9,1.8571428571428572,3,2.5,1.25
8,10,2.5,4,1.6,1.1428571428571428
6,7,1.3333333333333333,2,2.0,1.0
9,9,2.888888888888889,5,1.75,1.0
8,9,2.75,4,2.6666666666666665,1.1428571428571428
8,10,3.0,5,1.6,1.3333333333333333
8,10,2.0,4,1.5,1.2
6,7,1.5,3,1.0,1.0
8,9,2.25,4,1.4,1.1666666666666667
9,10,3.2222222222222223,5,2.0,1.0
8,9,2.875,5,1.75,1.0
6,8,1.8333333333333333,3,2.0,1.3333333333333333
9,10,3.2222222222222223,5,2.0,1.0
9,12,1.7777777777777777,3,3.0,1.2
8,10,2.75,5,1.8,1.2857142857142858
6,7,1.5,3,1.5,1.5
7,10,1.4285714285714286,3,1.5,1.5
8,11,3.625,6,1.5,1.2857142857142858
7,9,1.8571428571428572,3,2.5,1.25
11,24,2.3636363636363638,5,2.2222222222222223,2.5
10,12,1.7,3,2.5,1.0
14,29,3.0,5,3.0,2.25
9,11,1.5555555555555556,3,2.0,1.0
9,9,2.888888888888889,5,1.75,1.0
8,8,2.625,4,2.3333333333333335,1.0
7,8,1.8571428571428572,3,2.5,1.25
8,9,2.5,4,2.0,1.1428571428571428
9,10,3.2222222222222223,5,2.0,1.0
7,8,2.7142857142857144,4,1.5,1.0
8,9,2.75,4,2.6666666666666665,1.1428571428571428
8,9,2.5,4,2.0,1.1428571428571428
7,9,1.8571428571428572,3,2.5,1.25
9,11,1.2222222222222223,2,2.0,1.0
9,10,3.2222222222222223,5,2.0,1.0
7,9,2.7142857142857144,4,1.75,1.1666666666666667
7,12,2.857142857142857,5,1.8,1.5
8,10,2.75,5,1.8,1.2857142857142858
9,10,3.2222222222222223,5,2.0,1.0
8,8,2.5,4,2.3333333333333335,1.0
8,9,2.25,4,1.75,1.1666666666666667
8,8,2.625,4,2.3333333333333335,1.0
9,12,1.7777777777777777,3,2.5,1.0
8,10,2.5,4,1.6,1.1428571428571428
9,9,3.2222222222222223,5,2.0,1.0
7,8,2.7142857142857144,4,1.5,1.0
8,10,2.75,5,1.8,1.2857142857142858
7,8,1.4285714285714286,2,3.0,1.0
7,9,1.4285714285714286,2,3.0,1.0
9,9,3.2222222222222223,5,2.0,1.0
8,9,2.75,5,1.6,1.1428571428571428
8,10,2.75,5,1.8,1.2857142857142858
9,9,3.2222222222222223,5,2.0,1.0
7,8,2.7142857142857144,4,1.5,1.0
7,11,2.857142857142857,5,1.8,1.5
8,8,2.25,4,2.0,1.0
7,8,1.8571428571428572,3,2.0,1.0
9,11,2.6666666666666665,4,2.0,1.0
14,30,2.7142857142857144,5,2.8,2.3333333333333335
8,9,2.625,4,2.3333333333333335,1.0
7,8,1.8571428571428572,3,2.0,1.0
7,9,1.8571428571428572,3,2.5,1.25
9,10,3.2222222222222223,5,2.0,1.0
8,11,1.875,4,2.0,1.5
8,10,2.75,5,1.8,1.2857142857142858
9,12,1.4444444444444444,2,4.0,1.0
7,8,1.8571428571428572,3,2.0,1.0
9,9,3.2222222222222223,5,2.0,1.0
7,9,2.4285714285714284,4,1.6,1.3333333333333333
8,9,2.5,4,2.0,1.1428571428571428
7,8,1.8571428571428572,3,2.0,1.0
7,9,1.8571428571428572,3,2.5,1.25
9,9,3.2222222222222223,5,2.0,1.0
7,8,2.7142857142857144,4,1.5,1.0
7,10,2.2857142857142856,4,1.75,1.4
8,10,2.5,4,2.0,1.1428571428571428
9,10,3.2222222222222223,5,2.0,1.0
6,7,2.1666666666666665,4,1.3333333333333333,1.0
8,10,2.75,5,1.8,1.2857142857142858
8,9,2.25,4,1.75,1.1666666666666667
8,10,2.75,5,1.8,1.2857142857142858
8,9,2.25,4,1.75,1.1666666666666667
12,19,1.8333333333333333,3,3.5,2.0
6,6,1.3333333333333333,2,2.0,1.0
8,8,2.625,4,2.3333333333333335,1.0
7,9,1.8571428571428572,3,2.5,1.25
8,10,1.375,3,1.5,1.5
8,10,2.75,5,1.8,1.2857142857142858
11,27,2.8181818181818183,6,2.3333333333333335,2.625
10,12,1.5,3,2.0,1.0
9,11,1.5555555555555556,3,2.0,1.0
15,27,1.8666666666666667,4,2.857142857142857,2.0
14,30,2.0714285714285716,4,3.2857142857142856,2.5555555555555554
13,22,1.9230769230769231,4,1.8888888888888888,1.8888888888888888
13,27,2.6153846153846154,5,2.5,2.272727272727273
13,24,2.769230769230769,5,3.0,1.9090909090909092
13,24,2.230769230769231,4,3.5,1.9090909090909092
14,27,2.7857142857142856,5,2.7777777777777777,2.0833333333333335
15,43,3.066666666666667,5,3.0,2.769230769230769
9,13,2.6666666666666665,4,2.0,1.25
17,49,3.5294117647058822,6,3.909090909090909,3.0714285714285716
12,33,2.75,5,2.9,2.9
8,9,2.5,4,2.0,1.1428571428571428
6,6,1.5,3,1.0,1.0
9,9,3.2222222222222223,5,2.0,1.0
9,11,1.7777777777777777,3,3.0,1.2
8,9,2.625,4,2.3333333333333335,1.0
6,7,1.5,3,1.5,1.5
9,9,3.2222222222222223,5,2.0,1.0
8,9,2.875,5,1.75,1.0
9,11,1.7777777777777777,3,2.0,1.2
9,11,1.7777777777777777,3,2.0,1.2
9,13,2.3333333333333335,4,2.0,1.1428571428571428
13,31,2.8461538461538463,5,3.2222222222222223,2.6363636363636362
8,8,2.25,4,2.0,1.0
8,9,2.5,4,2.0,1.1428571428571428
7,8,1.7142857142857142,3,1.5,1.0
9,10,2.888888888888889,5,1.6,1.1428571428571428
8,14,2.25,4,1.6,1.3333333333333333
8,10,2.75,5,1.8,1.2857142857142858
6,7,1.5,3,1.0,1.0
8,9,2.5,4,2.0,1.1428571428571428
9,13,1.7777777777777777,3,2.0,1.2
7,8,1.8571428571428572,3,2.5,1.25
8,12,2.25,4,1.6,1.3333333333333333
9,9,2.888888888888889,5,1.75,1.0
8,12,2.25,4,1.6,1.3333333333333333
8,9,2.5,4,2.0,1.1428571428571428
7,8,1.4285714285714286,2,3.0,1.0
9,9,2.888888888888889,5,1.75,1.0
9,9,1.7777777777777777,3,2.5,1.0
8,9,2.5,4,2.0,1.1428571428571428
9,17,3.111111111111111,5,2.1666666666666665,1.625
8,10,2.5,4,1.6,1.1428571428571428
9,10,3.2222222222222223,5,2.0,1.0
8,10,2.875,5,1.5,1.2857142857142858
6,6,1.5,3,1.0,1.0
8,10,2.25,4,1.75,1.1666666666666667
9,10,3.2222222222222223,5,2.0,1.0
8,11,2.5,4,2.0,1.4285714285714286
8,9,2.5,4,2.0,1.1428571428571428
7,7,1.8571428571428572,3,2.0,1.0
7,7,1.7142857142857142,3,2.0,1.0
10,12,2.9,5,2.0,1.1111111111111112
15,28,2.533333333333333,4,2.5714285714285716,1.3846153846153846
8,11,2.5,4,1.8,1.2857142857142858
7,8,2.0,3,2.0,1.0
7,8,1.8571428571428572,3,2.5,1.25
9,11,2.888888888888889,5,1.6,1.1428571428571428
9,9,1.7777777777777777,3,2.5,1.0
8,8,2.625,4,2.3333333333333335,1.0
6,7,1.5,3,1.5,1.5
8,9,2.25,4,1.75,1.1666666666666667
8,10,2.75,5,1.8,1.2857142857142858
7,9,1.8571428571428572,3,2.5,1.25
7,9,1.8571428571428572,3,2.5,1.25
6,7,1.1666666666666667,2,1.0,1.0
8,11,2.75,5,2.0,1.1428571428571428
9,11,3.2222222222222223,5,1.8,1.125
7,9,2.4285714285714284,4,1.4,1.1666666666666667
8,9,2.5,4,2.0,1.1428571428571428
7,9,1.8571428571428572,3,2.5,1.25
8,10,2.75,5,1.8,1.2857142857142858
7,9,1.8571428571428572,3,2.5,1.25
7,8,1.1428571428571428,2,1.0,1.0
8,11,2.75,5,2.0,1.1428571428571428
9,10,3.2222222222222223,5,2.0,1.0
6,9,2.5,4,1.3333333333333333,1.0
7,10,2.7142857142857144,4,1.75,1.1666666666666667
8,13,2.875,5,1.6666666666666667,1.4285714285714286
9,13,1.5555555555555556,3,2.5,1.25
9,12,1.5555555555555556,3,2.5,1.25
6,7,1.5,3,1.0,1.0
9,11,3.2222222222222223,5,1.8,1.125
8,8,2.625,4,2.3333333333333335,1.0
7,8,1.8571428571428572,3,2.5,1.25
7,8,1.4285714285714286,2,3.0,1.0
9,10,3.2222222222222223,5,2.0,1.0
7,10,2.7142857142857144,4,1.75,1.1666666666666667
8,10,2.75,5,1.8,1.2857142857142858
8,12,1.875,3,2.5,1.25
8,10,2.75,5,1.8,1.2857142857142858
6,8,1.5,3,1.0,1.0
7,10,1.4285714285714286,3,1.5,1.5
8,8,2.25,4,2.0,1.0
6,7,1.3333333333333333,2,2.0,1.0
8,9,2.5,4,2.0,1.1428571428571428
8,10,2.5,4,1.6,1.1428571428571428
6,9,1.5,3,1.5,1.5
8,11,2.25,4,1.75,1.1666666666666667
9,12,2.6666666666666665,4,2.0,1.25
13,30,2.6923076923076925,5,2.888888888888889,2.3636363636363638
7,11,2.857142857142857,5,1.8,1.5
8,9,2.5,4,2.0,1.1428571428571428
7,9,2.0,3,2.0,1.0
7,8,1.8571428571428572,3,2.5,1.25
9,10,3.2222222222222223,5,2.0,1.0
6,7,2.0,4,1.0,1.0
8,9,2.5,4,2.0,1.1428571428571428
7,8,1.8571428571428572,3,2.5,1.25
8,11,1.625,3,2.0,1.3333333333333333
8,10,2.75,5,1.8,1.2857142857142858
9,10,3.2222222222222223,5,2.0,1.0
7,11,2.857142857142857,5,1.8,1.5
8,8,2.25,4,2.0,1.0
9,15,2.6666666666666665,5,1.8333333333333333,1.5714285714285714
8,9,2.25,4,1.4,1.1666666666666667
9,10,3.2222222222222223,5,2.0,1.0
6,7,2.0,4,1.0,1.0
7,8,2.2857142857142856,4,1.6666666666666667,1.0
8,10,2.75,5,1.8,1.2857142857142858
8,8,2.25,4,2.0,1.0
7,8,1.4285714285714286,2,3.0,1.0
8,9,2.25,4,1.4,1.1666666666666667
7,8,1.4285714285714286,2,3.0,1.0
9,9,3.2222222222222223,5,2.0,1.0
8,10,2.75,5,1.6,1.1428571428571428
8,13,2.875,5,1.6666666666666667,1.4285714285714286
8,13,1.875,3,3.0,1.5
7,9,1.8571428571428572,3,2.5,1.25
11,28,2.4545454545454546,5,2.5,2.857142857142857
9,10,3.2222222222222223,5,1.8,1.125
6,8,2.5,4,1.3333333333333333,1.0
8,8,2.125,3,2.0,1.0
8,11,2.25,4,1.6,1.3333333333333333
9,10,3.2222222222222223,5,1.8,1.125
8,9,2.875,5,1.75,1.0
9,10,1.5555555555555556,3,2.5,1.25
9,9,3.2222222222222223,5,2.0,1.0
7,10,2.857142857142857,5,1.8,1.5
8,10,2.5,4,2.0,1.1428571428571428
6,6,1.5,3,1.0,1.0
9,9,3.2222222222222223,5,2.0,1.0
9,9,1.7777777777777777,3,2.5,1.0
8,10,2.75,5,1.8,1.2857142857142858
7,8,1.8571428571428572,3,2.5,1.25
7,9,1.8571428571428572,3,2.5,1.25
7,8,1.4285714285714286,2,3.0,1.0
8,11,2.75,5,1.8,1.2857142857142858
7,8,1.8571428571428572,3,2.5,1.25
7,11,3.142857142857143,5,1.8,1.5
6,8,1.3333333333333333,2,2.0,1.0
17,59,2.764705882352941,5,4.666666666666667,4.0
10,12,1.7,3,2.5,1.0
9,11,1.7777777777777777,3,2.5,1.0
14,24,1.5714285714285714,3,3.25,1.8571428571428572
13,27,2.1538461538461537,4,3.0,2.1
13,21,2.0,4,3.75,1.875
13,26,2.4615384615384617,4,2.857142857142857,1.8181818181818181
14,29,2.7857142857142856,5,2.7,2.25
14,27,2.4285714285714284,4,3.5,1.75
14,24,2.357142857142857,4,3.6666666666666665,1.8333333333333333
15,40,3.0,5,2.8333333333333335,2.6153846153846154
8,12,2.75,4,1.8,1.2857142857142858
14,29,2.4285714285714284,4,2.75,1.8333333333333333
8,9,2.375,4,1.75,1.1666666666666667
7,8,1.4285714285714286,2,3.0,1.0
8,10,3.0,5,1.6,1.3333333333333333
7,9,1.8571428571428572,3,1.6666666666666667,1.0
6,7,1.5,3,1.5,1.5
9,11,3.2222222222222223,5,1.8,1.125
8,13,2.75,5,1.5,1.5
8,10,2.875,5,1.6,1.1428571428571428
8,11,2.625,4,2.25,1.2857142857142858
8,10,2.75,5,1.8,1.2857142857142858
6,8,1.5,3,1.5,1.5
9,11,3.2222222222222223,5,1.8,1.125
7,8,2.7142857142857144,4,1.5,1.0
8,8,2.125,3,2.0,1.0
9,10,3.2222222222222223,5,2.0,1.0
8,9,2.75,4,2.6666666666666665,1.1428571428571428
8,9,2.5,4,2.0,1.1428571428571428
8,9,2.25,4,1.75,1.1666666666666667
8,10,2.25,4,1.75,1.1666666666666667
9,11,3.2222222222222223,5,1.8,1.125
8,8,2.5,4,2.3333333333333335,1.0
7,8,1.8571428571428572,3,2.5,1.25
7,8,1.4285714285714286,2,3.0,1.0
8,10,2.75,5,1.8,1.2857142857142858
8,10,2.75,5,1.8,1.2857142857142858
7,8,1.4285714285714286,2,3.0,1.0
11,27,3.090909090909091,6,2.3,2.5555555555555554
9,10,3.2222222222222223,5,2.0,1.0
8,9,2.5,4,2.0,1.1428571428571428
8,8,2.125,3,2.0,1.0
7,9,1.8571428571428572,3,1.6666666666666667,1.0
10,12,2.9,5,2.0,1.1111111111111112
7,10,2.857142857142857,5,1.8,1.5
8,8,2.25,4,2.0,1.0
9,18,3.2222222222222223,6,2.0,1.75
7,8,2.142857142857143,4,1.5,1.2
9,10,3.2222222222222223,5,2.0,1.0
6,8,2.0,4,1.0,1.0
9,11,1.5555555555555556,3,2.5,1.25
8,10,2.875,5,1.6,1.1428571428571428
9,11,1.4444444444444444,3,1.3333333333333333,1.3333333333333333
8,10,2.75,5,1.8,1.2857142857142858
7,9,1.8571428571428572,3,2.5,1.25
9,10,3.2222222222222223,5,2.0,1.0
7,8,2.7142857142857144,4,1.5,1.0
6,6,1.3333333333333333,2,2.0,1.0
8,12,2.375,4,1.5,1.5
8,11,2.75,5,1.8,1.2857142857142858
6,6,1.3333333333333333,2,2.0,1.0
9,10,3.2222222222222223,5,2.0,1.0
7,8,2.7142857142857144,4,1.5,1.0
7,12,2.857142857142857,5,1.8,1.5
8,8,2.25,4,2.0,1.0
7,9,1.8571428571428572,3,2.5,1.25
9,9,2.888888888888889,5,1.75,1.0
8,9,2.5,4,2.0,1.1428571428571428
8,8,2.125,3,2.0,1.0
7,9,1.8571428571428572,3,1.6666666666666667,1.0
9,10,3.2222222222222223,5,2.0,1.0
9,11,1.6666666666666667,3,2.5,1.0
8,11,2.875,5,1.5,1.2857142857142858
6,6,1.3333333333333333,2,2.0,1.0
9,11,1.4444444444444444,2,4.0,1.0
8,10,3.625,6,1.5,1.2857142857142858
6,8,1.5,3,1.5,1.5
8,10,2.75,5,1.8,1.2857142857142858
7,8,1.4285714285714286,2,3.0,1.0
11,26,2.909090909090909,6,2.625,2.625
10,12,1.5,3,2.0,1.0
9,11,1.5555555555555556,3,2.0,1.0
15,25,1.7333333333333334,3,3.6,2.25
14,28,1.7142857142857142,3,3.4,2.125
14,27,2.2857142857142856,4,3.0,1.9090909090909092
14,32,2.857142857142857,5,3.5,2.3333333333333335
14,28,2.5,5,2.875,2.090909090909091
14,43,3.2142857142857144,6,3.25,3.25
14,32,2.357142857142857,4,3.0,2.7
14,31,2.857142857142857,5,2.6363636363636362,2.4166666666666665
13,23,2.769230769230769,5,3.3333333333333335,1.8181818181818181
15,45,3.066666666666667,5,3.0833333333333335,2.8461538461538463
9,13,2.6666666666666665,4,2.0,1.25
14,29,2.857142857142857,5,2.5,2.0833333333333335
7,7,2.0,3,1.6666666666666667,1.0
7,9,1.8571428571428572,3,1.6666666666666667,1.0
9,10,3.2222222222222223,5,1.8,1.125
7,10,2.857142857142857,5,1.8,1.5
8,8,2.25,4,2.0,1.0
9,16,2.6666666666666665,5,1.7142857142857142,1.7142857142857142
8,9,2.25,4,1.4,1.1666666666666667
9,9,3.2222222222222223,5,2.0,1.0
7,8,2.7142857142857144,4,1.5,1.0
8,9,2.625,4,2.3333333333333335,1.0
9,11,1.4444444444444444,3,1.3333333333333333,1.3333333333333333
8,9,2.25,4,1.4,1.1666666666666667
7,9,1.8571428571428572,3,2.5,1.25
9,9,3.2222222222222223,5,2.0,1.0
8,9,2.5,4,2.0,1.1428571428571428
7,9,1.8571428571428572,3,2.5,1.25
9,10,3.2222222222222223,5,1.8,1.125
7,9,2.4285714285714284,4,1.6,1.3333333333333333
8,9,2.5,4,2.0,1.1428571428571428
6,6,1.5,3,1.0,1.0
7,12,3.142857142857143,5,2.0,1.6666666666666667
7,8,1.4285714285714286,2,3.0,1.0
8,9,2.5,4,2.0,1.1428571428571428
8,11,2.75,5,1.8,1.2857142857142858
6,7,1.3333333333333333,2,2.0,1.0
9,9,3.2222222222222223,5,2.0,1.0
7,9,2.7142857142857144,4,1.75,1.1666666666666667
7,10,2.2857142857142856,4,1.75,1.4
8,8,2.25,4,2.0,1.0
7,8,1.8571428571428572,3,2.5,1.25
9,10,3.2222222222222223,5,2.0,1.0
13,31,2.8461538461538463,5,3.0,2.4545454545454546
9,10,3.2222222222222223,5,2.0,1.0
8,10,3.25,5,1.8,1.2857142857142858
13,26,2.5384615384615383,4,2.6666666666666665,2.1818181818181817
8,10,2.75,5,1.8,1.2857142857142858
6,7,1.5,3,1.0,1.0
8,10,2.75,5,1.8,1.2857142857142858
7,9,1.8571428571428572,3,2.5,1.25
9,11,3.2222222222222223,5,1.8,1.125
8,12,3.125,5,2.2,1.5714285714285714
8,9,2.5,4,2.0,1.1428571428571428
7,8,1.8571428571428572,3,2.0,1.0
7,9,1.8571428571428572,3,2.5,1.25
9,10,2.888888888888889,5,1.6,1.1428571428571428
7,8,2.7142857142857144,4,1.75,1.1666666666666667
8,9,2.75,4,2.6666666666666665,1.1428571428571428
8,9,2.5,4,2.0,1.1428571428571428
8,9,2.25,4,1.4,1.1666666666666667
9,16,3.111111111111111,5,2.4,1.5
8,9,2.25,4,1.4,1.1666666666666667
7,9,1.4285714285714286,3,1.0,1.0
11,25,2.4545454545454546,5,2.7142857142857144,2.7142857142857144
9,12,2.6666666666666665,4,2.0,1.25
13,28,2.3076923076923075,4,2.4444444444444446,2.0
8,10,2.75,5,1.8,1.2857142857142858
6,7,1.5,3,1.0,1.0
8,14,2.25,4,2.3333333333333335,1.4
8,12,2.375,4,1.5,1.5
8,10,2.5,4,1.6,1.1428571428571428
9,10,3.2222222222222223,5,2.0,1.0
7,8,2.7142857142857144,4,1.5,1.0
8,11,2.75,4,2.6666666666666665,1.1428571428571428
9,11,2.4444444444444446,4,2.25,1.125
9,11,3.2222222222222223,5,1.8,1.125
8,10,2.75,5,1.8,1.2857142857142858
8,9,2.5,4,2.0,1.1428571428571428
6,7,1.5,3,1.0,1.0
7,8,1.8571428571428572,3,2.0,1.0
6,7,1.3333333333333333,2,2.0,1.0
8,10,2.75,5,1.8,1.2857142857142858
7,8,1.1428571428571428,2,1.0,1.0
7,9,1.2857142857142858,2,2.0,1.0
8,11,2.75,5,2.0,1.1428571428571428
9,10,3.2222222222222223,5,2.0,1.0
8,8,2.5,4,2.3333333333333335,1.0
9,12,1.5555555555555556,3,2.5,1.25
9,10,3.2222222222222223,5,1.8,1.125
7,7,2.7142857142857144,4,1.5,1.0
7,11,2.857142857142857,5,1.8,1.5
8,8,2.125,3,2.0,1.0
7,10,2.142857142857143,4,1.5,1.2
9,10,3.2222222222222223,5,2.0,1.0
11,21,2.6363636363636362,4,2.7142857142857144,2.111111111111111
8,10,2.75,5,1.8,1.2857142857142858
9,9,3.2222222222222223,5,2.0,1.0
8,8,2.625,4,2.3333333333333335,1.0
9,9,3.2222222222222223,5,2.0,1.0
8,9,2.75,5,1.6,1.1428571428571428
8,8,2.625,4,2.3333333333333335,1.0
7,8,1.8571428571428572,3,2.5,1.25
11,28,2.909090909090909,6,2.4444444444444446,2.75
10,12,1.5,3,2.0,1.0
14,18,1.6428571428571428,3,2.2,1.375
8,10,2.75,5,1.8,1.2857142857142858
8,9,2.625,4,2.3333333333333335,1.0
6,7,1.5,3,1.5,1.5
8,10,2.625,4,2.0,1.0
7,9,2.7142857142857144,4,1.75,1.1666666666666667
8,9,2.375,4,1.75,1.1666666666666667
7,8,1.8571428571428572,3,2.0,1.0
8,11,2.25,4,1.75,1.1666666666666667
9,9,3.2222222222222223,5,2.0,1.0
6,7,2.0,4,1.0,1.0
7,9,2.4285714285714284,4,1.4,1.1666666666666667
8,10,2.75,5,1.8,1.2857142857142858
8,10,2.75,5,1.8,1.2857142857142858
7,8,1.8571428571428572,3,2.0,1.0
9,10,3.2222222222222223,5,2.0,1.0
7,9,2.4285714285714284,4,1.6,1.3333333333333333
8,10,2.75,5,1.8,1.2857142857142858
7,8,1.8571428571428572,3,2.5,1.25
8,12,1.875,3,2.5,1.25
7,9,1.8571428571428572,3,2.5,1.25
8,10,2.25,4,1.75,1.1666666666666667
9,10,3.2222222222222223,5,2.0,1.0
7,8,2.7142857142857144,4,1.5,1.0
7,11,2.857142857142857,5,1.8,1.5
8,10,2.75,5,1.8,1.2857142857142858
8,10,2.5,4,2.0,1.1428571428571428
9,11,3.2222222222222223,5,1.8,1.125
6,7,2.0,4,1.0,1.0
8,10,2.75,4,2.6666666666666665,1.1428571428571428
8,8,2.25,4,2.0,1.0
7,8,1.4285714285714286,2,3.0,1.0
7,10,1.4285714285714286,2,3.0,1.0
9,10,3.2222222222222223,5,2.0,1.0
7,10,2.7142857142857144,4,1.75,1.1666666666666667
8,9,2.375,4,1.75,1.1666666666666667
7,8,1.8571428571428572,3,2.0,1.0
9,10,3.2222222222222223,5,1.8,1.125
7,9,2.7142857142857144,4,1.75,1.1666666666666667
8,8,2.125,3,2.0,1.0
8,12,2.25,4,1.3333333333333333,1.3333333333333333
7,12,2.0,3,3.0,1.5
7,9,1.8571428571428572,3,2.5,1.25
9,12,2.3333333333333335,4,2.0,1.1428571428571428
7,8,2.7142857142857144,4,1.5,1.0
7,10,2.2857142857142856,4,1.75,1.4
8,10,2.75,5,1.8,1.2857142857142858
8,11,2.75,5,1.8,1.2857142857142858
8,12,2.25,4,1.6,1.3333333333333333
9,10,3.2222222222222223,5,2.0,1.0
13,28,2.6153846153846154,5,2.6,2.3636363636363638
8,9,2.625,4,2.3333333333333335,1.0
7,9,1.8571428571428572,3,2.5,1.25
8,9,2.25,4,1.4,1.1666666666666667
13,39,3.230769230769231,6,3.4,3.090909090909091
9,13,2.6666666666666665,4,2.0,1.25
13,32,2.8461538461538463,5,3.5,2.5454545454545454
16,51,3.4375,6,3.3076923076923075,3.3076923076923075
7,9,1.7142857142857142,3,2.0,1.0
7,9,1.4285714285714286,2,3.0,1.0
9,9,3.2222222222222223,5,2.0,1.0
12,25,2.6666666666666665,4,3.142857142857143,2.2
8,11,2.875,5,1.5,1.2857142857142858
8,13,2.25,4,2.0,1.2
9,12,1.4444444444444444,3,1.6666666666666667,1.6666666666666667
7,10,1.7142857142857142,3,2.0,1.0
7,9,3.0,5,1.6,1.3333333333333333
6,7,1.5,3,1.5,1.5
13,25,2.8461538461538463,5,2.75,2.0
13,27,2.5384615384615383,5,2.6666666666666665,2.1818181818181817
14,31,2.857142857142857,5,3.0,2.25
13,25,2.230769230769231,4,2.875,2.090909090909091
16,47,3.375,6,3.1538461538461537,2.9285714285714284
9,12,2.6666666666666665,4,2.0,1.25
13,29,2.6153846153846154,5,2.7,2.4545454545454546
8,8,3.125,5,1.75,1.0
8,8,2.625,4,2.3333333333333335,1.0
8,10,2.25,4,1.75,1.1666666666666667
9,10,3.2222222222222223,5,2.0,1.0
9,10,1.7777777777777777,3,2.5,1.0
8,9,2.875,5,1.75,1.0
6,7,1.5,3,1.5,1.5
9,11,3.2222222222222223,5,1.8,1.125
7,7,2.7142857142857144,4,1.5,1.0
8,9,2.75,4,2.6666666666666665,1.1428571428571428
8,10,2.75,5,1.8,1.2857142857142858
8,11,2.75,5,1.8,1.2857142857142858
9,10,2.888888888888889,5,1.6,1.1428571428571428
6,7,1.5,3,1.0,1.0
7,8,2.2857142857142856,4,1.6666666666666667,1.0
6,6,1.3333333333333333,2,2.0,1.0
8,9,2.625,4,2.3333333333333335,1.0
8,9,2.5,4,2.0,1.1428571428571428
9,12,1.7777777777777777,3,2.0,1.2
7,9,1.8571428571428572,3,2.5,1.25
7,8,1.8571428571428572,3,2.0,1.0
11,29,2.909090909090909,5,2.6666666666666665,2.6666666666666665
9,10,3.2222222222222223,5,2.0,1.0
7,8,2.7142857142857144,4,1.5,1.0
8,9,2.625,4,2.3333333333333335,1.0
9,13,1.6666666666666667,3,2.0,1.5
8,11,2.75,5,1.8,1.2857142857142858
9,10,3.2222222222222223,5,2.0,1.0
7,8,2.7142857142857144,4,1.5,1.0
7,11,2.857142857142857,5,1.8,1.5
8,8,2.125,3,2.0,1.0
7,9,1.8571428571428572,3,1.6666666666666667,1.0
9,10,3.2222222222222223,5,2.0,1.0
7,8,2.7142857142857144,4,1.5,1.0
7,11,2.857142857142857,5,1.8,1.5
8,10,2.5,4,1.6,1.1428571428571428
9,10,2.3333333333333335,4,2.0,1.1428571428571428
10,19,2.5,4,2.4285714285714284,2.125
8,9,2.5,4,2.0,1.1428571428571428
7,8,1.4285714285714286,2,3.0,1.0
7,9,1.4285714285714286,2,3.0,1.0
8,10,2.25,4,1.75,1.1666666666666667
9,10,3.2222222222222223,5,2.0,1.0
9,9,1.7777777777777777,3,2.5,1.0
8,9,2.5,4,2.0,1.1428571428571428
9,16,3.111111111111111,5,2.4,1.5
8,11,2.75,5,1.8,1.2857142857142858
9,10,3.2222222222222223,5,2.0,1.0
8,9,2.75,5,1.6,1.1428571428571428
8,10,2.75,5,1.8,1.2857142857142858
9,9,3.2222222222222223,5,2.0,1.0
7,8,2.7142857142857144,4,1.5,1.0
7,11,2.857142857142857,5,1.8,1.5
9,11,2.4444444444444446,4,2.25,1.125
9,9,2.888888888888889,5,1.75,1.0
8,9,2.75,5,1.6,1.1428571428571428
8,10,2.75,5,1.8,1.2857142857142858
7,8,1.8571428571428572,3,2.0,1.0
8,10,2.75,5,1.8,1.2857142857142858
13,36,3.1538461538461537,6,3.3,3.0
9,11,2.4444444444444446,4,2.25,1.125
8,8,2.25,4,2.0,1.0
6,6,1.3333333333333333,2,2.0,1.0
7,8,1.4285714285714286,2,3.0,1.0
8,11,2.25,4,1.75,1.1666666666666667
9,9,2.888888888888889,5,1.75,1.0
8,8,2.625,4,2.3333333333333335,1.0
7,9,1.8571428571428572,3,2.5,1.25
7,8,1.4285714285714286,2,3.0,1.0
9,10,3.2222222222222223,5,2.0,1.0
6,8,2.0,4,1.0,1.0
9,10,1.4444444444444444,2,4.0,1.0
8,9,2.625,4,2.3333333333333335,1.0
6,6,1.3333333333333333,2,2.0,1.0
8,10,2.5,4,1.6,1.1428571428571428
9,10,3.2222222222222223,5,2.0,1.0
7,10,2.7142857142857144,4,1.75,1.1666666666666667
8,9,2.375,4,1.75,1.1666666666666667
7,8,1.8571428571428572,3,2.0,1.0
9,10,3.2222222222222223,5,2.0,1.0
8,9,2.75,5,1.6,1.1428571428571428
8,10,2.75,5,1.8,1.2857142857142858
11,27,2.8181818181818183,6,2.3333333333333335,2.625
10,12,1.5,3,2.0,1.0
9,11,1.5555555555555556,3,2.0,1.0
14,24,1.8571428571428572,3,3.6,2.0
14,29,2.357142857142857,4,3.6666666666666665,2.2
14,19,1.6428571428571428,3,3.0,1.5
15,47,3.066666666666667,5,3.8181818181818183,3.230769230769231
14,33,2.0,4,2.6666666666666665,2.6666666666666665
13,23,2.769230769230769,5,3.3333333333333335,1.8181818181818181
13,25,2.6153846153846154,5,2.875,2.090909090909091
14,26,2.5,4,3.4285714285714284,2.0
14,25,2.5,4,3.2857142857142856,1.9166666666666667
16,48,3.4375,6,3.3333333333333335,2.857142857142857
9,13,2.6666666666666665,4,2.0,1.25
15,31,2.533333333333333,4,3.0,1.8461538461538463
8,9,2.375,4,1.75,1.1666666666666667
7,7,1.4285714285714286,2,3.0,1.0
15,40,3.066666666666667,5,2.8333333333333335,2.6153846153846154
8,9,2.625,4,2.3333333333333335,1.0
15,42,3.4,6,3.272727272727273,2.769230769230769
8,12,2.75,5,2.0,1.4285714285714286
8,10,2.75,5,1.8,1.2857142857142858
6,8,1.5,3,1.5,1.5
8,13,1.875,3,3.0,1.5
8,10,2.5,4,2.0,1.1428571428571428
8,11,2.25,4,1.6,1.3333333333333333
8,8,3.125,5,1.75,1.0
14,33,2.5,4,3.0,2.25
6,8,2.3333333333333335,4,1.6666666666666667,1.25
8,12,2.375,4,1.5,1.5
8,10,2.25,4,1.75,1.1666666666666667
8,9,2.5,4,2.0,1.1428571428571428
8,9,2.375,4,1.75,1.1666666666666667
11,30,2.909090909090909,6,2.4,3.0
9,10,2.888888888888889,5,1.6,1.1428571428571428
7,9,2.7142857142857144,4,1.75,1.1666666666666667
7,9,2.2857142857142856,4,1.75,1.4
7,11,2.5714285714285716,4,1.8,1.8
7,8,1.8571428571428572,3,2.5,1.25
8,11,2.75,5,1.6666666666666667,1.4285714285714286
8,9,3.125,5,1.6,1.1428571428571428
9,11,1.7777777777777777,3,2.5,1.0
8,9,2.5,4,2.0,1.1428571428571428
6,7,1.5,3,1.5,1.5
7,8,1.4285714285714286,3,1.0,1.0
7,9,1.8571428571428572,3,2.5,1.25
9,12,2.6666666666666665,4,2.0,1.25
13,27,2.6153846153846154,5,2.5,2.272727272727273
7,8,1.8571428571428572,3,2.5,1.25
7,8,1.4285714285714286,2,3.0,1.0
9,11,3.2222222222222223,5,1.8,1.125
13,27,2.4615384615384617,4,2.4444444444444446,2.0
6,8,1.8333333333333333,3,2.0,1.3333333333333333
8,10,2.875,5,1.6,1.1428571428571428
6,7,1.5,3,1.0,1.0
9,13,1.4444444444444444,2,2.5,1.25
8,10,2.75,5,1.8,1.2857142857142858
6,7,1.3333333333333333,2,2.0,1.0
8,9,2.875,5,1.6,1.1428571428571428
9,11,3.2222222222222223,5,1.8,1.125
7,9,2.7142857142857144,4,1.75,1.1666666666666667
8,10,2.75,4,2.6666666666666665,1.1428571428571428
8,10,2.75,5,1.8,1.2857142857142858
9,10,2.888888888888889,5,1.6,1.1428571428571428
9,12,1.7777777777777777,3,2.3333333333333335,1.4
6,8,2.1666666666666665,4,1.3333333333333333,1.0
8,9,2.5,4,2.0,1.1428571428571428
8,11,2.625,4,2.25,1.2857142857142858
8,10,2.75,5,1.8,1.2857142857142858
9,11,3.2222222222222223,5,1.8,1.125
8,12,2.25,4,1.6,1.3333333333333333
8,12,2.875,5,1.6666666666666667,1.4285714285714286
9,10,1.4444444444444444,3,1.5,1.0
8,10,2.75,5,1.8,1.2857142857142858
8,11,2.75,5,2.0,1.1428571428571428
9,10,3.2222222222222223,5,2.0,1.0
10,19,2.5,4,2.4285714285714284,2.125
8,10,2.75,5,1.8,1.2857142857142858
8,9,2.5,4,2.0,1.1428571428571428
7,9,1.8571428571428572,3,2.5,1.25
9,10,1.2222222222222223,2,2.0,1.0
9,10,3.2222222222222223,5,2.0,1.0
6,7,1.5,3,1.0,1.0
8,8,2.125,3,2.0,1.0
9,11,3.2222222222222223,5,1.8,1.125
6,6,2.1666666666666665,4,1.3333333333333333,1.0
8,10,2.75,5,1.8,1.2857142857142858
9,12,1.4444444444444444,2,4.0,1.0
8,13,2.875,5,1.6666666666666667,1.4285714285714286
7,8,1.8571428571428572,3,2.0,1.0
8,10,2.75,5,1.8,1.2857142857142858
7,8,1.4285714285714286,2,3.0,1.0
9,11,2.6666666666666665,4,2.25,1.125
13,32,2.769230769230769,5,2.9,2.6363636363636362
7,9,2.2857142857142856,4,2.0,1.2
9,10,3.2222222222222223,5,2.0,1.0
8,11,2.0,4,1.4,1.4
8,9,2.5,4,2.0,1.1428571428571428
9,12,1.7777777777777777,3,2.5,1.0
7,9,1.8571428571428572,3,2.5,1.25
8,9,2.5,4,2.0,1.1428571428571428
7,8,1.8571428571428572,3,2.0,1.0
8,10,2.5,4,2.0,1.1428571428571428
8,11,2.75,5,2.0,1.1428571428571428
9,9,3.2222222222222223,5,2.0,1.0
8,8,2.625,4,2.3333333333333335,1.0
7,9,1.8571428571428572,3,2.5,1.25
7,8,1.4285714285714286,2,3.0,1.0
9,9,3.2222222222222223,5,2.0,1.0
9,12,1.7777777777777777,3,3.0,1.2
8,10,2.875,5,1.6,1.1428571428571428
6,6,1.3333333333333333,2,2.0,1.0
9,9,3.2222222222222223,5,2.0,1.0
7,8,2.7142857142857144,4,1.5,1.0
7,11,2.857142857142857,5,1.8,1.5
8,10,2.75,5,1.8,1.2857142857142858
9,10,3.2222222222222223,5,2.0,1.0
7,9,2.4285714285714284,4,1.4,1.1666666666666667
8,9,2.5,4,2.0,1.1428571428571428
10,17,1.8,3,3.25,2.1666666666666665
8,10,2.75,5,1.8,1.2857142857142858
6,6,1.3333333333333333,2,2.0,1.0
8,8,2.625,4,2.3333333333333335,1.0
7,9,1.4285714285714286,2,3.0,1.0
9,9,3.2222222222222223,5,2.0,1.0
8,8,2.625,4,2.3333333333333335,1.0
6,6,1.3333333333333333,2,2.0,1.0
7,8,1.8571428571428572,3,2.0,1.0
6,8,1.5,3,1.5,1.5
9,12,2.6666666666666665,4,2.25,1.125
14,32,2.7142857142857144,5,2.8,2.3333333333333335
8,9,2.5,4,2.0,1.1428571428571428
7,8,1.8571428571428572,3,2.0,1.0
7,8,1.8571428571428572,3,2.5,1.25
8,8,2.125,3,2.0,1.0
8,13,2.375,4,1.5,1.5
7,8,1.8571428571428572,3,2.0,1.0
9,9,3.2222222222222223,5,2.0,1.0
8,8,2.625,4,2.3333333333333335,1.0
9,9,3.2222222222222223,5,2.0,1.0
9,10,1.6666666666666667,3,2.5,1.0
8,8,2.625,4,2.3333333333333335,1.0
6,7,1.5,3,1.5,1.5
8,8,2.625,4,2.3333333333333335,1.0
7,9,1.4285714285714286,2,3.0,1.0
7,9,1.4285714285714286,2,3.0,1.0
8,10,2.75,5,1.8,1.2857142857142858
7,10,1.4285714285714286,2,3.0,1.0
11,26,2.4545454545454546,5,2.5,2.857142857142857
9,9,3.2222222222222223,5,2.0,1.0
7,9,2.7142857142857144,4,1.75,1.1666666666666667
7,12,2.857142857142857,5,1.8,1.5
8,8,2.125,3,2.0,1.0
6,7,1.5,3,1.0,1.0
7,7,2.0,3,1.6666666666666667,1.0
9,10,3.2222222222222223,5,1.8,1.125
11,21,2.4545454545454546,4,2.7142857142857144,2.111111111111111
8,10,2.75,5,1.8,1.2857142857142858
8,9,2.5,4,2.0,1.1428571428571428
7,8,1.8571428571428572,3,2.5,1.25
9,12,1.4444444444444444,2,4.0,1.0
9,10,3.2222222222222223,5,1.8,1.125
8,8,2.625,4,2.3333333333333335,1.0
7,8,1.7142857142857142,3,2.0,1.0
7,10,1.7142857142857142,3,2.0,1.0
9,10,3.2222222222222223,5,1.8,1.125
8,10,2.75,5,1.6,1.1428571428571428
8,11,2.375,4,2.0,1.3333333333333333
8,12,2.625,5,1.8,1.5
8,8,2.125,3,2.0,1.0
16,53,2.8125,5,4.545454545454546,3.8461538461538463
10,14,1.9,3,3.0,1.0
10,12,1.7,3,2.5,1.0
14,22,1.5714285714285714,3,3.0,2.142857142857143
14,30,2.0,4,2.6666666666666665,2.6666666666666665
14,31,2.7857142857142856,5,2.7,2.25
12,23,2.5,4,3.8,2.111111111111111
12,25,2.4166666666666665,5,2.75,2.2
13,26,2.230769230769231,4,2.6666666666666665,2.1818181818181817
15,41,3.1333333333333333,5,3.090909090909091,2.6153846153846154
8,10,2.75,4,1.8,1.2857142857142858
13,31,2.6923076923076925,5,2.9,2.6363636363636362
8,9,2.25,4,1.75,1.1666666666666667
9,9,3.2222222222222223,5,2.0,1.0
14,31,3.0,6,3.2222222222222223,2.4166666666666665
9,11,3.2222222222222223,5,1.8,1.125
8,9,2.5,4,2.0,1.1428571428571428
8,8,2.125,3,2.0,1.0
7,9,1.8571428571428572,3,1.6666666666666667,1.0
6,7,1.5,3,1.5,1.5
9,10,3.2222222222222223,5,2.0,1.0
10,19,2.5,4,2.4285714285714284,2.125
8,9,2.5,4,2.0,1.1428571428571428
6,6,1.3333333333333333,2,2.0,1.0
7,8,1.4285714285714286,2,3.0,1.0
11,24,2.3636363636363638,5,2.2222222222222223,2.5
9,9,1.7777777777777777,3,2.0,1.0
13,30,2.923076923076923,5,3.111111111111111,2.5454545454545454
9,10,2.888888888888889,5,1.6,1.1428571428571428
8,10,2.75,5,1.8,1.2857142857142858
8,10,2.75,5,1.8,1.2857142857142858
8,8,2.625,4,2.3333333333333335,1.0
7,8,1.8571428571428572,3,2.5,1.25
9,9,2.888888888888889,5,1.75,1.0
7,8,2.7142857142857144,4,1.5,1.0
8,9,2.625,4,1.75,1.1666666666666667
9,11,3.2222222222222223,5,1.8,1.125
6,10,3.1666666666666665,5,1.25,1.0
7,11,2.857142857142857,5,1.8,1.5
8,9,2.5,4,2.0,1.1428571428571428
9,13,1.5555555555555556,3,2.5,1.25
7,8,1.8571428571428572,3,2.0,1.0
9,10,2.888888888888889,5,1.6,1.1428571428571428
8,10,2.75,5,1.8,1.2857142857142858
8,8,2.5,4,2.3333333333333335,1.0
9,11,3.2222222222222223,5,1.8,1.125
11,21,2.6363636363636362,4,2.7142857142857144,2.111111111111111
8,11,2.875,5,1.5,1.2857142857142858
6,7,1.5,3,1.0,1.0
7,9,1.8571428571428572,3,2.5,1.25
11,27,2.4545454545454546,5,2.5,2.857142857142857
9,11,2.3333333333333335,4,2.0,1.1428571428571428
13,29,2.769230769230769,5,3.0,2.4545454545454546
7,8,1.8571428571428572,3,2.5,1.25
7,8,1.4285714285714286,2,3.0,1.0
9,9,2.888888888888889,5,1.75,1.0
7,8,2.7142857142857144,4,1.5,1.0
7,11,2.857142857142857,5,1.8,1.5
8,10,2.75,5,1.8,1.2857142857142858
7,9,1.8571428571428572,3,2.5,1.25
9,9,2.888888888888889,5,1.75,1.0
9,12,1.5555555555555556,3,2.5,1.25
8,11,2.875,5,1.5,1.2857142857142858
6,6,1.3333333333333333,2,2.0,1.0
7,9,1.4285714285714286,3,1.5,1.5
8,13,2.875,5,1.6666666666666667,1.4285714285714286
8,10,2.75,5,1.8,1.2857142857142858
9,10,3.2222222222222223,5,2.0,1.0
8,10,2.75,5,1.8,1.2857142857142858
8,10,2.75,5,1.8,1.2857142857142858
9,9,3.2222222222222223,5,2.0,1.0
8,8,2.625,4,2.3333333333333335,1.0
6,7,1.5,3,1.0,1.0
9,10,3.2222222222222223,5,2.0,1.0
9,11,2.4444444444444446,4,2.25,1.125
8,8,2.125,3,2.0,1.0
7,9,1.8571428571428572,3,1.6666666666666667,1.0
9,10,3.2222222222222223,5,2.0,1.0
8,11,2.0,4,1.4,1.4
6,8,2.1666666666666665,4,1.3333333333333333,1.0
8,8,2.25,4,2.0,1.0
7,9,1.7142857142857142,3,2.0,1.0
9,10,3.2222222222222223,5,2.0,1.0
9,11,2.4444444444444446,4,2.25,1.125
8,9,2.125,3,2.0,1.0
7,9,1.8571428571428572,3,1.6666666666666667,1.0
6,7,1.5,3,1.5,1.5
9,10,3.2222222222222223,5,2.0,1.0
10,19,2.5,4,2.4285714285714284,2.125
8,9,2.875,5,1.6,1.1428571428571428
7,8,1.7142857142857142,3,2.0,1.0
11,28,2.909090909090909,6,2.4444444444444446,2.75
10,12,1.5,3,2.0,1.0
14,28,2.357142857142857,4,3.0,1.9090909090909092
8,8,2.125,3,2.0,1.0
7,9,1.8571428571428572,3,1.6666666666666667,1.0
9,10,2.888888888888889,5,1.75,1.0
8,8,2.625,4,2.3333333333333335,1.0
6,7,1.5,3,1.5,1.5
8,11,2.75,5,1.8,1.2857142857142858
9,9,2.888888888888889,5,1.75,1.0
7,9,2.4285714285714284,4,1.6,1.3333333333333333
8,10,2.75,5,1.8,1.2857142857142858
7,9,1.7142857142857142,3,2.0,1.0
8,12,1.875,3,2.5,1.25
8,9,2.375,4,1.75,1.1666666666666667
8,9,2.25,4,1.75,1.1666666666666667
8,10,2.75,5,1.8,1.2857142857142858
9,10,3.2222222222222223,5,1.8,1.125
8,8,2.625,4,2.3333333333333335,1.0
7,10,1.7142857142857142,3,2.0,1.0
7,9,1.4285714285714286,2,3.0,1.0
11,28,2.8181818181818183,6,2.4444444444444446,2.75
10,13,1.5,3,2.0,1.0
9,11,1.3333333333333333,2,3.0,1.0
14,23,1.6428571428571428,3,2.8333333333333335,2.125
14,26,1.7857142857142858,4,2.8333333333333335,2.125
15,42,3.066666666666667,5,3.7777777777777777,2.6153846153846154
13,26,2.076923076923077,4,2.625,2.3333333333333335
13,24,2.3076923076923075,4,3.8,1.9
14,30,2.9285714285714284,6,3.25,2.1666666666666665
13,29,2.6923076923076925,5,2.7,2.4545454545454546
15,41,3.1333333333333333,6,3.090909090909091,2.6153846153846154
15,31,3.0,6,3.5,2.1538461538461537
15,42,3.066666666666667,5,3.0833333333333335,2.8461538461538463
13,27,2.4615384615384617,4,2.875,2.090909090909091
8,9,2.625,4,1.75,1.1666666666666667
8,11,2.25,4,1.4,1.1666666666666667
6,7,1.5,3,1.5,1.5
9,9,2.888888888888889,5,1.75,1.0
6,6,1.5,3,1.0,1.0
8,10,2.75,4,2.6666666666666665,1.1428571428571428
8,9,2.5,4,2.0,1.1428571428571428
9,12,1.4444444444444444,2,3.0,1.5
6,8,1.5,3,1.0,1.0
9,9,2.888888888888889,5,1.75,1.0
8,8,2.625,4,2.3333333333333335,1.0
6,7,1.5,3,1.5,1.5
8,11,2.75,5,1.8,1.2857142857142858
9,11,3.2222222222222223,5,1.8,1.125
6,6,1.5,3,1.0,1.0
7,8,2.2857142857142856,4,1.6666666666666667,1.0
8,9,2.625,4,2.3333333333333335,1.0
9,12,2.4444444444444446,4,2.25,1.125
15,40,2.6666666666666665,5,4.0,3.2
7,8,1.4285714285714286,2,3.0,1.0
9,10,3.2222222222222223,5,2.0,1.0
8,8,2.625,4,2.3333333333333335,1.0
7,8,1.8571428571428572,3,2.0,1.0
9,10,3.2222222222222223,5,2.0,1.0
13,26,2.3076923076923075,4,2.75,2.0
8,10,2.75,5,1.8,1.2857142857142858
7,9,1.8571428571428572,3,2.5,1.25
8,9,2.5,4,2.0,1.1428571428571428
8,12,1.875,3,2.5,1.25
8,11,2.75,5,1.8,1.2857142857142858
8,10,2.25,4,1.75,1.1666666666666667
9,9,3.2222222222222223,5,2.0,1.0
8,8,2.625,4,2.3333333333333335,1.0
7,9,1.8571428571428572,3,2.5,1.25
7,8,1.4285714285714286,2,3.0,1.0
9,9,3.2222222222222223,5,2.0,1.0
7,8,2.7142857142857144,4,1.5,1.0
7,12,2.857142857142857,5,1.8,1.5
8,11,2.75,5,1.8,1.2857142857142858
9,11,3.2222222222222223,5,1.8,1.125
8,12,2.25,4,1.6,1.3333333333333333
8,11,2.875,5,1.5,1.2857142857142858
9,11,1.4444444444444444,3,2.0,1.3333333333333333
8,10,2.75,5,1.8,1.2857142857142858
8,10,2.25,4,1.75,1.1666666666666667
9,11,2.6666666666666665,4,2.25,1.125
12,18,2.1666666666666665,4,2.3333333333333335,1.4
8,9,2.875,5,1.75,1.0
6,7,1.6666666666666667,3,1.5,1.0
9,10,3.2222222222222223,5,1.8,1.125
9,9,1.4444444444444444,2,4.0,1.0
6,8,2.1666666666666665,4,1.3333333333333333,1.0
8,9,2.5,4,2.0,1.1428571428571428
9,16,3.111111111111111,5,2.4,1.5
8,9,2.625,4,2.3333333333333335,1.0
7,8,1.8571428571428572,3,2.0,1.0
8,10,2.5,4,1.6,1.1428571428571428
9,9,3.2222222222222223,5,2.0,1.0
14,33,3.2142857142857144,6,3.3333333333333335,2.5
8,11,2.875,5,1.5,1.2857142857142858
8,8,2.625,4,2.3333333333333335,1.0
6,6,1.3333333333333333,2,2.0,1.0
6,6,1.3333333333333333,2,2.0,1.0
8,10,2.75,5,1.8,1.2857142857142858
7,10,1.4285714285714286,2,3.0,1.0
9,10,3.2222222222222223,5,2.0,1.0
16,48,3.4375,6,3.2142857142857144,3.4615384615384617
7,8,2.7142857142857144,4,1.5,1.0
7,10,2.4285714285714284,4,1.4,1.1666666666666667
8,9,2.5,4,2.0,1.1428571428571428
11,25,2.4545454545454546,5,3.142857142857143,2.4444444444444446
7,8,1.8571428571428572,3,2.0,1.0
9,10,3.2222222222222223,5,2.0,1.0
8,10,2.5,4,2.0,1.1428571428571428
8,9,2.125,3,2.0,1.0
7,9,1.8571428571428572,3,1.6666666666666667,1.0
6,6,1.3333333333333333,2,2.0,1.0
9,10,3.2222222222222223,5,2.0,1.0
8,11,2.25,4,1.6,1.3333333333333333
8,13,2.875,5,1.6666666666666667,1.4285714285714286
9,11,1.4444444444444444,3,1.3333333333333333,1.3333333333333333
8,10,2.75,5,1.8,1.2857142857142858
9,9,3.2222222222222223,5,2.0,1.0
8,8,2.625,4,2.3333333333333335,1.0
7,9,1.8571428571428572,3,2.5,1.25
7,8,1.4285714285714286,2,3.0,1.0
9,9,3.2222222222222223,5,2.0,1.0
8,10,2.75,4,2.6666666666666665,1.1428571428571428
8,9,2.5,4,2.0,1.1428571428571428
8,9,2.25,4,1.75,1.1666666666666667
8,10,2.25,4,1.75,1.1666666666666667
9,11,2.6666666666666665,4,2.25,1.125
14,33,2.7142857142857144,5,2.8181818181818183,2.5833333333333335
8,8,2.625,4,2.3333333333333335,1.0
7,8,1.8571428571428572,3,2.0,1.0
7,8,1.8571428571428572,3,2.5,1.25
9,10,3.2222222222222223,5,1.8,1.125
9,10,1.6666666666666667,3,2.5,1.0
8,11,2.875,5,1.5,1.2857142857142858
11,19,2.1818181818181817,4,3.0,1.875
7,8,1.4285714285714286,2,3.0,1.0
8,9,2.5,4,2.0,1.1428571428571428
6,7,1.5,3,1.0,1.0
7,9,1.8571428571428572,3,2.5,1.25
13,36,2.6153846153846154,5,3.4444444444444446,3.4444444444444446
7,8,1.4285714285714286,2,3.0,1.0
9,10,3.2222222222222223,5,1.8,1.125
8,8,2.625,4,2.3333333333333335,1.0
7,8,1.8571428571428572,3,2.5,1.25
7,8,1.4285714285714286,2,3.0,1.0
9,10,3.2222222222222223,5,1.8,1.125
9,12,1.7777777777777777,3,2.3333333333333335,1.4
6,9,2.3333333333333335,4,1.6666666666666667,1.25
8,10,2.875,5,1.6,1.1428571428571428
8,13,1.875,3,3.0,1.5
7,10,1.7142857142857142,3,2.0,1.0
8,9,2.625,4,2.3333333333333335,1.0
8,9,2.5,4,2.0,1.1428571428571428
8,10,2.25,4,1.75,1.1666666666666667
13,41,2.6153846153846154,5,3.7777777777777777,3.7777777777777777
7,8,1.4285714285714286,2,3.0,1.0
9,10,3.2222222222222223,5,1.8,1.125
8,8,2.5,4,2.3333333333333335,1.0
7,9,1.8571428571428572,3,2.5,1.25
9,10,3.2222222222222223,5,1.8,1.125
8,9,2.875,5,1.75,1.0
9,9,1.4444444444444444,2,4.0,1.0
8,8,2.5,4,1.75,1.0
8,9,2.625,4,1.75,1.1666666666666667
6,7,1.5,3,1.5,1.5
13,38,2.8461538461538463,5,3.4,3.090909090909091
9,11,2.6666666666666665,4,2.25,1.125
13,27,2.6923076923076925,5,2.7777777777777777,2.272727272727273
7,8,1.8571428571428572,3,2.5,1.25
7,8,1.4285714285714286,2,3.0,1.0
8,12,2.25,4,1.5,1.5
8,9,3.125,5,1.6,1.1428571428571428
7,8,2.7142857142857144,4,1.75,1.1666666666666667
8,8,2.125,3,2.0,1.0
9,10,3.2222222222222223,5,2.0,1.0
11,22,2.727272727272727,5,2.5,2.2222222222222223
8,10,2.75,5,1.8,1.2857142857142858
9,10,3.2222222222222223,5,2.0,1.0
8,11,2.875,4,2.25,1.2857142857142858
8,9,2.875,5,1.75,1.0
7,7,1.8571428571428572,3,2.0,1.0
8,10,2.75,5,1.8,1.2857142857142858
7,8,1.4285714285714286,2,3.0,1.0
9,11,3.2222222222222223,5,1.8,1.125
9,11,1.7777777777777777,3,2.5,1.0
8,9,2.875,5,1.75,1.0
6,7,1.5,3,1.5,1.5
9,10,3.2222222222222223,5,2.0,1.0
8,8,2.625,4,2.3333333333333335,1.0
9,10,3.2222222222222223,5,2.0,1.0
8,9,2.75,5,1.6,1.1428571428571428
8,10,2.75,5,1.8,1.2857142857142858
6,7,1.5,3,1.5,1.5
6,6,1.3333333333333333,2,2.0,1.0
9,10,2.4444444444444446,4,2.25,1.125
9,10,3.2222222222222223,5,2.0,1.0
8,10,2.75,5,1.8,1.2857142857142858
8,8,2.625,4,2.3333333333333335,1.0
7,9,1.8571428571428572,3,2.5,1.25
8,10,2.25,4,1.75,1.1666666666666667
9,11,2.6666666666666665,4,2.25,1.125
14,30,2.2857142857142856,4,2.8,2.3333333333333335
8,10,2.75,5,1.8,1.2857142857142858
15,46,3.1333333333333333,5,4.0,3.3333333333333335
7,8,1.4285714285714286,2,3.0,1.0
7,9,1.4285714285714286,2,3.0,1.0
9,10,3.2222222222222223,5,1.8,1.125
7,9,2.4285714285714284,4,1.6,1.3333333333333333
8,10,2.875,5,1.6,1.1428571428571428
8,9,2.375,4,1.75,1.1666666666666667
9,9,3.2222222222222223,5,2.0,1.0
8,8,2.625,4,2.3333333333333335,1.0
9,10,3.2222222222222223,5,1.8,1.125
7,7,2.7142857142857144,4,1.5,1.0
7,9,2.7142857142857144,4,1.75,1.1666666666666667
8,8,2.125,3,2.0,1.0
8,11,2.0,4,1.5,1.2
6,7,1.5,3,1.0,1.0
8,8,2.25,4,2.0,1.0
7,8,1.8571428571428572,3,2.5,1.25
7,8,1.2857142857142858,2,2.0,1.0
8,11,2.25,4,1.75,1.1666666666666667
9,10,3.2222222222222223,5,2.0,1.0
15,42,3.3333333333333335,6,3.5454545454545454,3.25
9,10,1.4444444444444444,2,4.0,1.0
8,9,2.875,5,1.6,1.1428571428571428
8,9,2.5,4,2.0,1.1428571428571428
7,8,1.8571428571428572,3,2.5,1.25
7,8,1.8571428571428572,3,2.0,1.0
9,9,3.2222222222222223,5,2.0,1.0
7,8,2.7142857142857144,4,1.5,1.0
7,10,2.2857142857142856,4,1.75,1.4
8,11,2.75,5,1.8,1.2857142857142858
9,10,3.2222222222222223,5,2.0,1.0
8,12,2.25,4,1.6,1.3333333333333333
8,9,2.625,4,2.3333333333333335,1.0
8,9,2.5,4,2.0,1.1428571428571428
9,10,3.2222222222222223,5,2.0,1.0
8,9,2.875,5,1.75,1.0
9,11,1.5555555555555556,3,2.5,1.25
9,9,3.2222222222222223,5,2.0,1.0
8,9,2.75,5,1.6,1.1428571428571428
8,8,2.625,4,2.3333333333333335,1.0
6,7,1.5,3,1.5,1.5
6,6,1.3333333333333333,2,2.0,1.0
8,9,2.5,4,2.0,1.1428571428571428
8,8,2.625,4,2.3333333333333335,1.0
9,13,1.5555555555555556,3,2.5,1.25
8,10,2.5,4,1.6,1.1428571428571428
8,11,2.75,5,2.0,1.1428571428571428
9,12,2.6666666666666665,4,2.0,1.25
13,24,2.3076923076923075,4,2.2,2.0
8,8,2.625,4,2.3333333333333335,1.0
8,11,1.5,3,1.6666666666666667,1.6666666666666667
7,10,2.7142857142857144,5,1.6,1.3333333333333333
9,9,3.2222222222222223,5,2.0,1.0
9,10,1.7777777777777777,3,3.0,1.2
8,10,2.75,5,1.8,1.2857142857142858
8,9,2.625,4,2.3333333333333335,1.0
6,7,1.5,3,1.0,1.0
7,8,1.8571428571428572,3,2.0,1.0
6,7,1.5,3,1.0,1.0
8,11,2.25,4,1.6,1.3333333333333333
9,9,3.2222222222222223,5,2.0,1.0
8,9,2.5,4,2.0,1.1428571428571428
7,8,1.8571428571428572,3,2.5,1.25
9,15,3.111111111111111,5,2.4,1.5
8,9,2.5,4,2.0,1.1428571428571428
7,9,1.8571428571428572,3,2.5,1.25
8,11,2.75,5,1.8,1.2857142857142858
9,9,3.2222222222222223,5,2.0,1.0
9,11,1.7777777777777777,3,3.0,1.2
6,8,2.3333333333333335,4,1.6666666666666667,1.25
8,9,2.5,4,2.0,1.1428571428571428
7,11,3.2857142857142856,5,2.25,1.5
7,9,1.8571428571428572,3,2.5,1.25
7,8,1.4285714285714286,2,3.0,1.0
7,10,1.4285714285714286,3,1.5,1.5
8,12,2.75,5,1.8,1.2857142857142858
9,10,3.2222222222222223,5,1.8,1.125
8,8,2.625,4,2.3333333333333335,1.0
7,9,1.8571428571428572,3,2.5,1.25
7,8,1.4285714285714286,2,3.0,1.0
9,10,3.2222222222222223,5,1.8,1.125
9,12,2.111111111111111,4,2.3333333333333335,1.1666666666666667
6,7,2.3333333333333335,4,1.6666666666666667,1.25
8,9,2.375,4,1.75,1.1666666666666667
7,12,2.0,3,3.0,1.5
7,10,1.7142857142857142,3,2.0,1.0
8,9,2.625,4,2.3333333333333335,1.0
9,10,2.4444444444444446,4,2.25,1.125
8,9,3.125,5,1.6,1.1428571428571428
8,14,2.25,4,1.6,1.3333333333333333
8,8,2.625,4,2.3333333333333335,1.0
8,13,2.375,4,1.5,1.5
9,11,1.7777777777777777,3,2.5,1.0
7,9,1.8571428571428572,3,2.5,1.25
7,8,1.8571428571428572,3,2.0,1.0
8,10,2.75,5,1.8,1.2857142857142858
6,7,1.3333333333333333,2,2.0,1.0
9,9,2.888888888888889,5,1.75,1.0
8,12,3.125,5,2.2,1.5714285714285714
8,9,2.5,4,2.0,1.1428571428571428
7,8,1.8571428571428572,3,2.0,1.0
7,9,1.8571428571428572,3,2.5,1.25
9,9,2.888888888888889,5,1.75,1.0
8,14,3.25,5,2.0,1.7142857142857142
8,9,2.375,4,1.75,1.1666666666666667
7,8,1.8571428571428572,3,2.5,1.25
6,7,1.5,3,1.0,1.0
8,10,2.75,5,1.8,1.2857142857142858
7,8,1.8571428571428572,3,2.5,1.25
7,8,1.8571428571428572,3,2.0,1.0
12,28,2.6666666666666665,6,2.6666666666666665,2.6666666666666665
10,12,1.5,3,2.0,1.0
9,11,1.5555555555555556,3,2.0,1.0
15,33,3.1333333333333333,6,3.0,2.3076923076923075
14,23,1.6428571428571428,3,3.5,1.75
14,27,2.7857142857142856,5,2.7777777777777777,2.0833333333333335
14,24,2.642857142857143,5,3.3333333333333335,1.8181818181818181
15,24,2.6,5,3.6666666666666665,1.6923076923076923
14,26,2.357142857142857,4,3.0,2.0
15,44,3.4,6,3.0833333333333335,2.8461538461538463
9,11,2.6666666666666665,4,2.0,1.25
13,28,2.769230769230769,5,3.25,2.3636363636363638
9,9,3.2222222222222223,5,2.0,1.0
7,7,2.7142857142857144,4,1.5,1.0
8,9,2.75,4,2.6666666666666665,1.1428571428571428
8,8,2.25,4,2.0,1.0
7,8,1.8571428571428572,3,2.5,1.25
9,11,1.4444444444444444,3,1.3333333333333333,1.3333333333333333
9,10,3.2222222222222223,5,2.0,1.0
8,10,2.5,4,2.0,1.1428571428571428
8,9,2.625,4,1.75,1.1666666666666667
8,10,1.75,3,1.6666666666666667,1.0
8,12,2.25,4,1.5,1.5
9,9,3.2222222222222223,5,2.0,1.0
6,9,3.1666666666666665,5,1.25,1.0
8,9,2.5,4,2.0,1.1428571428571428
6,6,1.3333333333333333,2,2.0,1.0
11,27,2.909090909090909,6,2.4444444444444446,2.75
9,9,1.7777777777777777,3,2.0,1.0
12,27,2.5833333333333335,5,2.875,2.3
7,10,2.857142857142857,5,1.8,1.5
8,10,2.75,5,1.8,1.2857142857142858
6,6,1.3333333333333333,2,2.0,1.0
8,10,2.75,5,1.8,1.2857142857142858
9,11,2.888888888888889,5,1.75,1.0
7,8,2.7142857142857144,4,1.5,1.0
7,10,2.857142857142857,5,1.8,1.5
8,10,2.75,5,1.8,1.2857142857142858
7,8,1.8571428571428572,3,2.5,1.25
9,9,2.888888888888889,5,1.75,1.0
8,11,2.0,4,1.4,1.4
8,8,2.125,3,2.0,1.0
9,9,2.888888888888889,5,1.75,1.0
8,10,2.5,4,2.0,1.1428571428571428
8,9,2.625,4,1.75,1.1666666666666667
7,9,1.8571428571428572,3,1.6666666666666667,1.0
9,10,3.2222222222222223,5,2.0,1.0
8,13,1.875,4,1.75,1.75
7,10,2.7142857142857144,4,1.75,1.1666666666666667
8,10,3.0,5,1.6,1.3333333333333333
7,9,1.7142857142857142,3,2.0,1.0
9,9,3.2222222222222223,5,2.0,1.0
10,19,2.5,4,2.4285714285714284,2.125
8,10,2.75,5,1.8,1.2857142857142858
6,6,1.5,3,1.0,1.0
7,8,1.8571428571428572,3,2.0,1.0
9,11,2.3333333333333335,4,2.0,1.1428571428571428
14,34,2.7142857142857144,5,2.727272727272727,2.5
8,10,2.75,5,1.8,1.2857142857142858
9,10,3.2222222222222223,5,2.0,1.0
10,19,2.5,4,2.4285714285714284,2.125
8,10,2.75,5,1.8,1.2857142857142858
9,9,3.2222222222222223,5,2.0,1.0
8,8,2.625,4,2.3333333333333335,1.0
9,11,1.7777777777777777,3,3.0,1.2
9,11,1.5555555555555556,3,2.5,1.25
8,9,2.5,4,2.0,1.1428571428571428
8,11,2.75,5,1.8,1.2857142857142858
7,8,1.4285714285714286,2,3.0,1.0
9,9,3.2222222222222223,5,2.0,1.0
8,8,2.625,4,2.3333333333333335,1.0
7,8,1.8571428571428572,3,2.5,1.25
7,8,1.4285714285714286,2,3.0,1.0
9,9,3.2222222222222223,5,2.0,1.0
6,8,2.0,4,1.0,1.0
8,13,2.875,5,1.6666666666666667,1.4285714285714286
8,11,1.875,3,2.0,1.0
7,9,1.8571428571428572,3,2.5,1.25
9,10,3.2222222222222223,5,2.0,1.0
8,8,2.625,4,2.3333333333333335,1.0
6,7,1.5,3,1.0,1.0
6,7,1.5,3,1.0,1.0
8,13,2.375,4,1.5,1.5
6,7,1.5,3,1.5,1.5
8,9,2.625,4,2.3333333333333335,1.0
7,9,1.8571428571428572,3,2.5,1.25
8,12,1.625,3,2.0,1.3333333333333333
8,10,2.5,4,1.6,1.1428571428571428
9,11,3.2222222222222223,5,1.8,1.125
7,9,2.7142857142857144,4,1.75,1.1666666666666667
8,8,2.25,4,2.0,1.0
14,36,2.5,5,3.625,3.2222222222222223
7,12,3.142857142857143,5,2.0,1.6666666666666667
7,8,1.8571428571428572,3,2.5,1.25
9,12,2.6666666666666665,4,2.0,1.0
13,32,2.769230769230769,5,2.9,2.6363636363636362
6,7,1.5,3,1.0,1.0
9,11,3.2222222222222223,5,1.8,1.125
6,9,2.5,4,1.3333333333333333,1.0
7,10,2.7142857142857144,4,2.0,1.3333333333333333
8,8,2.25,4,2.0,1.0
7,9,1.4285714285714286,2,3.0,1.0
7,9,1.4285714285714286,2,3.0,1.0
9,11,3.2222222222222223,5,1.8,1.125
7,10,2.4285714285714284,4,1.6,1.3333333333333333
8,11,2.75,5,1.6666666666666667,1.4285714285714286
8,12,2.75,5,1.8333333333333333,1.5714285714285714
9,12,2.7777777777777777,4,2.5,1.25
13,29,2.3846153846153846,4,2.7,2.4545454545454546
8,10,3.0,5,1.6,1.3333333333333333
7,11,2.2857142857142856,4,2.0,1.5
9,11,3.2222222222222223,5,1.8,1.125
7,7,2.7142857142857144,4,1.5,1.0
8,9,2.75,4,2.6666666666666665,1.1428571428571428
8,9,2.625,4,1.75,1.1666666666666667
8,11,2.0,4,1.5,1.2
9,9,2.888888888888889,5,1.75,1.0
8,12,2.75,5,1.6666666666666667,1.6666666666666667
8,8,2.625,4,2.3333333333333335,1.0
8,9,2.25,4,1.75,1.1666666666666667
8,11,2.75,5,1.8,1.2857142857142858
6,8,1.5,3,1.0,1.0
7,8,1.8571428571428572,3,2.0,1.0
9,11,3.2222222222222223,5,1.8,1.125
8,9,2.75,4,2.6666666666666665,1.1428571428571428
8,10,2.75,5,1.8,1.2857142857142858
6,6,1.3333333333333333,2,2.0,1.0
8,10,2.75,5,1.8,1.2857142857142858
9,10,3.2222222222222223,5,2.0,1.0
7,8,2.7142857142857144,4,1.5,1.0
8,9,2.75,4,2.6666666666666665,1.1428571428571428
8,8,2.125,3,2.0,1.0
8,11,2.0,4,1.5,1.2
9,10,3.2222222222222223,5,2.0,1.0
8,10,2.75,5,1.8,1.2857142857142858
8,8,2.625,4,2.3333333333333335,1.0
8,9,2.5,4,2.0,1.1428571428571428
6,7,1.5,3,1.0,1.0
7,8,1.8571428571428572,3,2.0,1.0
11,24,2.727272727272727,6,2.2222222222222223,2.5
10,12,1.5,3,2.0,1.0
9,11,1.5555555555555556,3,2.0,1.0
14,22,1.8571428571428572,4,3.2,1.7777777777777777
13,28,2.0,4,2.75,2.4444444444444446
13,22,2.230769230769231,5,1.8,1.8
13,26,2.6153846153846154,5,2.6666666666666665,2.1818181818181817
13,22,2.769230769230769,5,3.3333333333333335,1.8181818181818181
13,22,2.230769230769231,4,3.1666666666666665,1.7272727272727273
13,27,2.230769230769231,4,2.5,2.272727272727273
14,42,3.0,5,3.0,3.0
9,12,2.6666666666666665,4,2.0,1.25
14,28,2.7142857142857144,5,2.3636363636363638,2.1666666666666665
8,11,2.875,5,1.5,1.2857142857142858
7,8,1.8571428571428572,3,2.0,1.0
9,9,3.2222222222222223,5,2.0,1.0
7,7,2.7142857142857144,4,1.5,1.0
7,10,2.857142857142857,5,1.6,1.3333333333333333
8,8,2.25,4,2.0,1.0
7,8,1.8571428571428572,3,2.0,1.0
9,9,3.2222222222222223,5,2.0,1.0
13,24,2.6923076923076925,5,2.75,2.0
9,9,3.2222222222222223,5,2.0,1.0
8,11,2.0,4,1.4,1.4
8,10,2.875,5,1.6,1.1428571428571428
9,9,3.2222222222222223,5,2.0,1.0
7,9,2.7142857142857144,4,1.75,1.1666666666666667
8,9,2.375,4,1.75,1.1666666666666667
7,8,1.8571428571428572,3,2.0,1.0
11,28,2.8181818181818183,6,2.3333333333333335,2.625
10,12,1.5,3,2.0,1.0
9,11,1.5555555555555556,3,2.0,1.0
14,22,1.6428571428571428,3,3.2,2.0
14,19,1.6428571428571428,3,3.0,1.5
13,28,2.6153846153846154,5,2.7777777777777777,2.272727272727273
13,25,2.3076923076923075,4,2.625,1.9090909090909092
13,21,2.0,3,3.0,1.8
13,27,2.076923076923077,4,2.625,2.3333333333333335
13,21,2.3846153846153846,5,2.0,1.6363636363636365
14,25,2.5,4,3.2857142857142856,1.9166666666666667
15,48,3.066666666666667,5,3.0,3.0
9,12,2.6666666666666665,4,2.0,1.25
11,24,2.6363636363636362,5,2.2222222222222223,2.2222222222222223
7,9,2.4285714285714284,4,1.4,1.1666666666666667
8,10,2.75,5,1.8,1.2857142857142858
7,8,1.4285714285714286,2,3.0,1.0
9,15,3.111111111111111,5,2.4,1.5
8,10,2.75,5,1.8,1.2857142857142858
9,9,3.2222222222222223,5,2.0,1.0
8,10,2.5,4,2.0,1.1428571428571428
8,10,2.75,5,1.8,1.2857142857142858
8,8,2.25,4,2.0,1.0
6,6,1.3333333333333333,2,2.0,1.0
9,9,3.2222222222222223,5,2.0,1.0
6,8,2.0,4,1.0,1.0
8,9,2.5,4,2.0,1.1428571428571428
7,9,1.8571428571428572,3,2.5,1.25
8,12,1.875,3,2.5,1.25
8,11,2.75,5,1.8,1.2857142857142858
8,11,2.25,4,1.75,1.1666666666666667
9,9,3.2222222222222223,5,2.0,1.0
13,23,2.3076923076923075,4,2.3333333333333335,1.9090909090909092
8,9,2.5,4,2.0,1.1428571428571428
6,8,1.8333333333333333,3,2.0,1.3333333333333333
8,8,2.625,4,2.3333333333333335,1.0
7,9,1.8571428571428572,3,2.5,1.25
7,8,1.4285714285714286,2,3.0,1.0
8,9,2.625,4,2.3333333333333335,1.0
8,12,2.25,4,1.6,1.3333333333333333
9,9,3.2222222222222223,5,2.0,1.0
7,9,2.7142857142857144,4,1.75,1.1666666666666667
7,9,2.4285714285714284,4,1.6,1.3333333333333333
8,10,2.75,5,1.8,1.2857142857142858
7,8,1.4285714285714286,2,3.0,1.0
9,15,3.111111111111111,5,2.4,1.5
8,11,2.75,5,1.8,1.2857142857142858
9,10,3.2222222222222223,5,1.8,1.125
8,10,2.5,4,2.0,1.1428571428571428
7,11,3.0,4,2.5,1.6666666666666667
8,8,2.25,4,2.0,1.0
6,7,1.5,3,1.5,1.5
9,10,3.2222222222222223,5,2.0,1.0
6,10,3.1666666666666665,5,1.25,1.0
8,9,2.5,4,2.0,1.1428571428571428
7,9,1.8571428571428572,3,2.5,1.25
8,12,1.875,3,2.5,1.25
8,10,2.5,4,1.6,1.1428571428571428
8,13,2.25,4,1.5,1.5
9,12,2.3333333333333335,4,2.0,1.1428571428571428
15,43,2.8666666666666667,5,3.9,3.0
7,9,2.2857142857142856,4,1.75,1.4
8,10,2.5,4,2.0,1.1428571428571428
9,11,3.2222222222222223,5,1.8,1.125
9,11,1.7777777777777777,3,2.0,1.2
17,59,2.764705882352941,5,4.666666666666667,4.0
10,12,1.7,3,2.5,1.0
9,11,1.7777777777777777,3,2.5,1.0
14,23,1.5714285714285714,3,3.25,1.8571428571428572
13,22,1.6153846153846154,3,2.75,1.5714285714285714
13,25,2.230769230769231,4,2.7142857142857144,1.9
14,31,2.7857142857142856,5,2.7,2.25
14,26,2.0,3,3.0,2.1
14,35,3.0714285714285716,6,2.75,2.75
14,30,2.7857142857142856,5,2.888888888888889,2.1666666666666665
13,27,2.230769230769231,4,2.5,2.272727272727273
13,24,2.769230769230769,5,3.5,1.9090909090909092
16,44,3.375,6,3.3636363636363638,2.642857142857143
9,11,3.0,5,2.0,1.25
13,30,2.769230769230769,5,2.8,2.5454545454545454
8,9,2.5,4,2.0,1.1428571428571428
7,8,1.8571428571428572,3,2.0,1.0
7,9,1.8571428571428572,3,2.5,1.25
9,11,3.2222222222222223,5,1.8,1.125
8,8,2.625,4,2.3333333333333335,1.0
7,8,1.8571428571428572,3,2.5,1.25
9,11,3.2222222222222223,5,1.8,1.125
8,10,2.75,5,1.8,1.2857142857142858
8,9,2.5,4,2.0,1.1428571428571428
8,10,2.75,5,1.8,1.2857142857142858
9,10,3.2222222222222223,5,2.0,1.0
8,11,3.625,6,1.5,1.2857142857142858
9,11,1.5555555555555556,3,2.0,1.0
9,10,3.2222222222222223,5,2.0,1.0
9,9,1.7777777777777777,3,2.5,1.0
6,7,1.5,3,1.5,1.5
8,10,2.75,5,1.8,1.2857142857142858
8,10,2.75,5,1.8,1.2857142857142858
7,9,1.8571428571428572,3,2.5,1.25
9,9,2.888888888888889,5,1.75,1.0
8,9,2.5,4,2.0,1.1428571428571428
7,10,2.2857142857142856,4,2.0,1.2
13,32,3.1538461538461537,6,2.6,2.6
7,8,1.8571428571428572,3,2.0,1.0
11,27,2.909090909090909,6,2.4444444444444446,2.75
10,12,1.5,3,2.0,1.0
9,10,1.5555555555555556,3,2.0,1.0
14,26,2.0714285714285716,4,4.0,2.2222222222222223
13,24,2.230769230769231,4,3.8,2.111111111111111
15,39,3.2,6,2.769230769230769,2.769230769230769
14,27,2.7857142857142856,5,3.125,2.0833333333333335
13,24,2.769230769230769,5,3.5,1.9090909090909092
15,26,2.6,5,3.0,1.8461538461538463
14,27,2.357142857142857,4,3.125,2.0833333333333335
15,40,3.3333333333333335,6,3.1818181818181817,2.6923076923076925
10,13,2.9,5,2.2,1.2222222222222223
13,25,2.230769230769231,4,3.2857142857142856,2.090909090909091
8,10,2.75,5,1.8,1.2857142857142858
9,9,3.2222222222222223,5,2.0,1.0
8,9,2.75,5,1.6,1.1428571428571428
8,9,2.5,4,2.0,1.1428571428571428
6,7,1.5,3,1.0,1.0
6,8,1.5,3,1.0,1.0
8,10,2.75,5,1.8,1.2857142857142858
6,8,1.5,3,1.0,1.0
9,9,3.2222222222222223,5,2.0,1.0
7,10,2.7142857142857144,4,1.75,1.1666666666666667
8,9,2.375,4,1.75,1.1666666666666667
7,8,1.8571428571428572,3,2.0,1.0
9,9,3.2222222222222223,5,2.0,1.0
8,10,2.75,5,1.8,1.2857142857142858
8,11,2.875,5,1.5,1.2857142857142858
8,12,2.25,4,1.6666666666666667,1.0
7,9,1.8571428571428572,3,2.5,1.25
11,26,2.8181818181818183,6,2.3333333333333335,2.625
11,13,1.4545454545454546,3,2.0,1.0
9,11,1.5555555555555556,3,2.0,1.0
14,23,1.7142857142857142,3,3.4,2.125
14,26,1.7142857142857142,3,3.4,2.125
13,25,2.1538461538461537,4,2.857142857142857,2.0
14,30,2.7857142857142856,5,3.25,2.1666666666666665
13,27,2.3076923076923075,4,2.875,2.090909090909091
14,38,3.142857142857143,6,2.9166666666666665,2.9166666666666665
14,34,2.7857142857142856,5,2.6363636363636362,2.4166666666666665
14,31,2.857142857142857,5,2.6363636363636362,2.4166666666666665
13,23,2.769230769230769,5,3.3333333333333335,1.8181818181818181
15,45,3.066666666666667,5,3.1666666666666665,2.923076923076923
8,11,2.75,4,2.0,1.1428571428571428
14,24,2.7142857142857144,5,3.6,1.6363636363636365
7,8,2.2857142857142856,4,1.5,1.2
14,45,3.2857142857142856,6,3.7777777777777777,3.090909090909091
9,9,3.2222222222222223,5,2.0,1.0
7,10,2.857142857142857,5,1.8,1.5
8,10,2.75,5,1.8,1.2857142857142858
9,9,3.2222222222222223,5,2.0,1.0
8,12,2.0,4,1.4,1.4
8,10,2.875,5,1.6,1.1428571428571428
7,8,1.8571428571428572,3,2.0,1.0
7,8,1.8571428571428572,3,2.5,1.25
9,10,3.2222222222222223,5,2.0,1.0
10,19,2.5,4,2.4285714285714284,2.125
8,11,2.875,5,1.5,1.2857142857142858
7,8,1.8571428571428572,3,2.0,1.0
9,9,3.2222222222222223,5,2.0,1.0
8,9,2.75,5,1.6,1.1428571428571428
8,9,2.5,4,2.0,1.1428571428571428
6,7,1.5,3,1.0,1.0
7,9,1.8571428571428572,3,2.5,1.25
8,8,2.625,4,2.3333333333333335,1.0
9,10,1.2222222222222223,2,1.5,1.5
8,10,2.75,5,1.8,1.2857142857142858
9,10,3.2222222222222223,5,1.8,1.125
7,9,2.7142857142857144,4,1.75,1.1666666666666667
7,10,2.2857142857142856,4,1.75,1.4
8,10,2.75,5,1.8,1.2857142857142858
9,11,3.2222222222222223,5,1.8,1.125
7,9,2.7142857142857144,4,1.75,1.1666666666666667
6,7,1.6666666666666667,3,1.5,1.0
8,13,2.375,4,1.5,1.5
7,9,1.8571428571428572,3,2.5,1.25
7,9,1.8571428571428572,3,2.5,1.25
9,11,3.2222222222222223,5,1.8,1.125
7,9,2.7142857142857144,4,1.75,1.1666666666666667
8,8,2.125,3,2.0,1.0
7,9,1.8571428571428572,3,2.5,1.25
8,8,2.25,4,2.0,1.0
7,9,1.4285714285714286,2,3.0,1.0
7,9,1.4285714285714286,2,3.0,1.0
8,10,2.5,4,2.0,1.1428571428571428
11,28,2.8181818181818183,6,2.3333333333333335,2.625
9,11,1.4444444444444444,3,1.5,1.0
9,12,1.5555555555555556,3,2.0,1.0
15,26,1.7333333333333334,4,3.0,2.25
8,8,2.5,4,1.75,1.0
7,8,1.8571428571428572,3,2.5,1.25
8,9,1.875,3,2.5,1.0
9,9,2.888888888888889,5,1.75,1.0
9,11,2.4444444444444446,4,2.25,1.125
8,9,2.625,4,1.75,1.1666666666666667
8,11,2.0,3,1.5,1.0
9,9,2.888888888888889,5,1.75,1.0
12,23,2.5833333333333335,4,3.0,2.1
8,10,3.625,6,1.5,1.2857142857142858
7,7,1.8571428571428572,3,2.0,1.0
7,9,1.8571428571428572,3,2.5,1.25
12,29,2.6666666666666665,6,2.5,2.7777777777777777
10,12,1.5,3,2.0,1.0
9,11,1.5555555555555556,3,2.0,1.0
15,31,2.8,6,2.4,2.0
14,26,2.2142857142857144,4,4.0,2.0
13,23,1.8461538461538463,3,3.2,1.7777777777777777
14,37,3.142857142857143,6,2.9166666666666665,2.9166666666666665
14,26,2.142857142857143,4,2.5,2.0
13,24,2.4615384615384617,4,4.2,2.1
13,25,2.6923076923076925,5,2.875,2.090909090909091
14,22,2.4285714285714284,4,4.0,1.6666666666666667
13,22,2.230769230769231,4,2.857142857142857,1.8181818181818181
16,42,3.1875,5,3.1666666666666665,2.7142857142857144
9,13,2.6666666666666665,4,2.0,1.25
12,22,2.4166666666666665,4,2.5,2.0
8,9,2.625,4,1.75,1.1666666666666667
8,11,2.25,4,1.4,1.1666666666666667
9,9,3.2222222222222223,5,2.0,1.0
8,10,2.75,5,1.8,1.2857142857142858
8,8,2.625,4,2.3333333333333335,1.0
8,10,2.5,4,2.0,1.1428571428571428
9,9,3.2222222222222223,5,2.0,1.0
9,9,1.7777777777777777,3,2.5,1.0
8,10,3.0,5,1.6,1.3333333333333333
9,10,3.2222222222222223,5,2.0,1.0
7,9,2.4285714285714284,4,1.6,1.3333333333333333
8,8,2.625,4,2.3333333333333335,1.0
7,8,1.4285714285714286,2,3.0,1.0
9,11,1.4444444444444444,3,1.3333333333333333,1.3333333333333333
8,11,2.75,5,2.0,1.1428571428571428
9,10,3.2222222222222223,5,2.0,1.0
8,8,2.625,4,2.3333333333333335,1.0
7,8,1.8571428571428572,3,2.5,1.25
7,8,1.4285714285714286,2,3.0,1.0
9,10,3.2222222222222223,5,2.0,1.0
9,11,1.7777777777777777,3,2.5,1.0
8,9,2.5,4,2.0,1.1428571428571428
9,17,3.111111111111111,5,2.1666666666666665,1.625
8,10,2.75,5,1.8,1.2857142857142858
9,10,3.2222222222222223,5,2.0,1.0
8,9,2.75,5,1.6,1.1428571428571428
8,10,2.75,5,1.8,1.2857142857142858
9,9,3.2222222222222223,5,2.0,1.0
7,9,2.4285714285714284,4,1.4,1.1666666666666667
8,10,2.75,5,1.8,1.2857142857142858
8,9,2.625,4,2.3333333333333335,1.0
9,16,3.111111111111111,5,2.0,1.5
7,8,2.142857142857143,4,1.5,1.2
9,10,3.2222222222222223,5,2.0,1.0
8,8,2.625,4,2.3333333333333335,1.0
9,9,3.2222222222222223,5,2.0,1.0
7,9,2.4285714285714284,4,1.6,1.3333333333333333
7,10,2.857142857142857,5,1.8,1.5
8,9,2.5,4,2.0,1.1428571428571428
7,8,1.4285714285714286,2,3.0,1.0
8,10,2.5,4,1.6,1.1428571428571428
11,30,2.909090909090909,5,2.7777777777777777,2.7777777777777777
9,10,2.3333333333333335,4,2.0,1.1428571428571428
13,24,2.3076923076923075,4,2.2,2.0
8,10,2.5,4,2.0,1.1428571428571428
9,9,3.2222222222222223,5,2.0,1.0
7,9,2.4285714285714284,4,1.4,1.1666666666666667
8,10,2.75,5,1.8,1.2857142857142858
6,7,1.5,3,1.0,1.0
6,7,1.5,3,1.0,1.0
8,9,2.375,4,1.75,1.1666666666666667
7,9,1.8571428571428572,3,2.5,1.25
7,10,1.4285714285714286,3,1.5,1.5
9,10,3.2222222222222223,5,2.0,1.0
8,9,2.75,5,1.6,1.1428571428571428
8,8,2.625,4,2.3333333333333335,1.0
9,11,1.4444444444444444,3,1.3333333333333333,1.3333333333333333
8,11,2.75,5,1.8,1.2857142857142858
9,9,3.2222222222222223,5,2.0,1.0
8,12,2.875,4,2.25,1.2857142857142858
8,8,2.125,3,2.0,1.0
9,10,3.2222222222222223,5,2.0,1.0
8,10,2.75,5,1.8,1.2857142857142858
8,13,2.875,5,1.6666666666666667,1.4285714285714286
6,7,1.5,3,1.0,1.0
8,9,2.5,4,2.0,1.1428571428571428
8,13,1.875,3,3.0,1.5
9,9,3.2222222222222223,5,2.0,1.0
8,9,2.5,4,2.0,1.1428571428571428
7,10,2.2857142857142856,4,2.0,1.2
9,10,3.2222222222222223,5,1.8,1.125
7,8,2.7142857142857144,4,1.5,1.0
7,10,2.2857142857142856,4,1.75,1.4
6,6,1.3333333333333333,2,2.0,1.0
8,10,2.75,5,1.8,1.2857142857142858
8,10,2.5,4,1.6,1.1428571428571428
9,10,3.2222222222222223,5,2.0,1.0
9,10,1.4444444444444444,2,4.0,1.0
8,8,2.625,4,2.3333333333333335,1.0
6,7,1.5,3,1.5,1.5
7,8,1.8571428571428572,3,2.0,1.0
6,8,1.5,3,1.5,1.5
11,27,2.8181818181818183,6,2.3333333333333335,2.625
10,12,1.5,3,2.0,1.0
9,10,1.3333333333333333,2,3.0,1.0
15,23,1.4666666666666666,2,6.5,1.8571428571428572
13,24,1.8461538461538463,4,3.4,2.125
13,29,2.5384615384615383,6,2.5555555555555554,2.3
13,27,2.076923076923077,4,2.857142857142857,2.2222222222222223
13,25,2.4615384615384617,4,3.6666666666666665,2.2
14,41,3.142857142857143,6,3.0833333333333335,3.0833333333333335
14,29,2.9285714285714284,5,3.5714285714285716,2.0833333333333335
14,25,2.5,4,3.2857142857142856,1.9166666666666667
16,46,3.4375,6,3.5454545454545454,2.7857142857142856
9,13,2.6666666666666665,4,2.0,1.25
13,32,2.769230769230769,5,2.9,2.6363636363636362
6,8,1.8333333333333333,3,2.0,1.3333333333333333
8,10,2.75,5,1.8,1.2857142857142858
9,9,3.2222222222222223,5,2.0,1.0
8,10,2.5,4,2.0,1.1428571428571428
8,8,2.125,3,2.0,1.0
14,23,1.8571428571428572,3,3.2,1.7777777777777777
13,26,2.6153846153846154,5,2.3333333333333335,1.9090909090909092
12,23,2.25,4,2.625,2.1
12,21,2.3333333333333335,4,2.375,1.9
13,23,2.6923076923076925,5,2.857142857142857,1.8181818181818181
13,25,2.230769230769231,4,2.875,2.090909090909091
15,43,3.3333333333333335,6,3.0833333333333335,2.8461538461538463
9,13,2.6666666666666665,4,2.0,1.25
13,28,2.6923076923076925,5,2.6,2.3636363636363638
7,8,1.8571428571428572,3,2.5,1.25
7,8,1.4285714285714286,2,3.0,1.0
9,10,3.2222222222222223,5,2.0,1.0
7,7,2.7142857142857144,4,1.5,1.0
8,9,2.75,4,2.6666666666666665,1.1428571428571428
8,10,2.75,5,1.8,1.2857142857142858
6,7,1.3333333333333333,2,2.0,1.0
8,10,2.75,5,1.8,1.2857142857142858
9,10,1.2222222222222223,2,2.0,1.0
8,9,2.375,4,1.75,1.1666666666666667
6,8,1.5,3,1.5,1.5
8,10,2.75,5,1.8,1.2857142857142858
9,10,3.2222222222222223,5,2.0,1.0
16,42,3.375,6,3.5454545454545454,3.0
7,8,2.7142857142857144,4,1.5,1.0
8,9,2.5,4,2.0,1.1428571428571428
6,7,1.5,3,1.0,1.0
9,11,3.2222222222222223,5,1.8,1.125
8,14,2.75,5,1.6666666666666667,1.6666666666666667
8,8,2.625,4,2.3333333333333335,1.0
7,9,1.4285714285714286,2,3.0,1.0
7,9,1.4285714285714286,2,3.0,1.0
8,11,2.75,5,1.8,1.2857142857142858
7,9,1.4285714285714286,2,3.0,1.0
9,10,3.2222222222222223,5,2.0,1.0
8,8,2.625,4,2.3333333333333335,1.0
9,10,3.2222222222222223,5,2.0,1.0
6,9,2.0,4,1.3333333333333333,1.3333333333333333
8,10,2.75,5,1.8,1.2857142857142858
7,9,1.8571428571428572,3,2.5,1.25
6,8,1.5,3,1.5,1.5
8,9,2.5,4,2.0,1.1428571428571428
11,18,1.9090909090909092,3,3.5,2.0
7,9,1.4285714285714286,2,3.0,1.0
8,10,2.75,5,1.8,1.2857142857142858
9,11,3.2222222222222223,5,1.8,1.125
7,8,2.7142857142857144,4,1.5,1.0
8,9,2.625,4,2.3333333333333335,1.0
7,9,1.4285714285714286,2,3.0,1.0
8,9,2.25,4,1.4,1.1666666666666667
11,29,2.909090909090909,5,2.6666666666666665,2.6666666666666665
9,9,3.2222222222222223,5,2.0,1.0
8,8,2.625,4,2.3333333333333335,1.0
7,9,1.8571428571428572,3,2.5,1.25
7,9,1.4285714285714286,2,3.0,1.0
9,9,3.2222222222222223,5,2.0,1.0
7,8,2.7142857142857144,4,1.5,1.0
7,11,2.857142857142857,5,1.8,1.5
8,9,2.5,4,2.0,1.1428571428571428
6,8,1.5,3,1.5,1.5
9,10,2.3333333333333335,4,2.0,1.1428571428571428
8,14,3.125,5,1.8333333333333333,1.5714285714285714
8,13,2.875,5,1.6666666666666667,1.4285714285714286
9,11,1.5555555555555556,3,2.5,1.25
9,11,1.7777777777777777,3,3.0,1.2
9,11,3.2222222222222223,5,1.8,1.125
7,9,2.4285714285714284,4,1.6,1.3333333333333333
8,9,2.625,4,2.3333333333333335,1.0
6,6,1.5,3,1.0,1.0
9,10,3.2222222222222223,5,2.0,1.0
11,21,2.6363636363636362,4,2.7142857142857144,2.111111111111111
8,11,2.875,5,1.5,1.2857142857142858
7,8,1.8571428571428572,3,2.0,1.0
9,10,3.2222222222222223,5,1.8,1.125
7,8,2.7142857142857144,4,1.75,1.1666666666666667
8,8,2.125,3,2.0,1.0
9,10,3.2222222222222223,5,2.0,1.0
9,12,1.7777777777777777,4,2.0,1.5
7,8,2.2857142857142856,4,2.0,1.2
8,9,2.375,4,1.75,1.1666666666666667
8,12,1.875,3,2.5,1.25
9,9,1.2222222222222223,2,2.0,1.0
9,9,2.888888888888889,5,1.75,1.0
8,8,2.625,4,2.3333333333333335,1.0
7,8,1.8571428571428572,3,2.0,1.0
9,10,3.2222222222222223,5,2.0,1.0
8,10,2.5,4,2.0,1.1428571428571428
8,9,2.125,3,2.0,1.0
7,9,1.8571428571428572,3,1.6666666666666667,1.0
6,7,1.5,3,1.5,1.5
9,9,3.2222222222222223,5,2.0,1.0
8,10,2.75,5,1.8,1.2857142857142858
8,9,2.625,4,2.3333333333333335,1.0
6,7,1.5,3,1.5,1.5
8,11,2.25,4,1.75,1.1666666666666667
9,9,3.2222222222222223,5,2.0,1.0
8,8,2.625,4,2.3333333333333335,1.0
7,9,1.8571428571428572,3,2.5,1.25
7,8,1.4285714285714286,2,3.0,1.0
9,9,3.2222222222222223,5,2.0,1.0
10,19,2.5,4,2.4285714285714284,2.125
8,10,2.75,5,1.8,1.2857142857142858
6,7,1.5,3,1.0,1.0
8,10,2.75,5,1.8,1.2857142857142858
8,10,2.75,5,1.8,1.2857142857142858
8,12,1.625,3,2.5,1.6666666666666667
7,9,1.8571428571428572,3,2.5,1.25
9,13,2.6666666666666665,4,2.25,1.125
7,10,2.142857142857143,4,1.5,1.2
8,9,2.5,4,2.0,1.1428571428571428
6,7,1.5,3,1.0,1.0
7,9,1.8571428571428572,3,2.5,1.25
8,10,2.75,5,1.8,1.2857142857142858
7,8,1.8571428571428572,3,2.5,1.25
8,9,2.5,4,2.0,1.1428571428571428
7,8,1.8571428571428572,3,2.5,1.25
10,12,1.2,2,2.0,1.0
11,27,2.8181818181818183,6,2.3333333333333335,2.625
9,10,1.7777777777777777,3,2.0,1.0
15,28,3.0,5,3.2857142857142856,1.7692307692307692
8,9,2.375,4,1.75,1.1666666666666667
7,9,1.8571428571428572,3,2.5,1.25
9,10,2.888888888888889,5,1.6,1.1428571428571428
14,40,2.857142857142857,5,3.6,3.0
9,11,3.2222222222222223,5,1.8,1.125
10,19,2.5,4,2.4285714285714284,2.125
7,8,2.857142857142857,4,1.75,1.1666666666666667
9,10,1.7777777777777777,3,2.5,1.0
8,9,2.5,4,2.0,1.1428571428571428
8,11,2.375,4,2.0,1.3333333333333333
8,8,2.25,4,2.0,1.0
8,10,2.75,5,1.8,1.2857142857142858
9,10,3.2222222222222223,5,2.0,1.0
8,11,2.75,5,1.6666666666666667,1.4285714285714286
8,10,2.75,5,1.8,1.2857142857142858
8,8,2.625,4,2.3333333333333335,1.0
7,8,1.8571428571428572,3,2.5,1.25
8,10,2.75,5,1.8,1.2857142857142858
6,8,1.5,3,1.0,1.0
7,9,1.8571428571428572,3,2.5,1.25
9,11,3.2222222222222223,5,1.8,1.125
8,9,2.75,4,2.6666666666666665,1.1428571428571428
8,8,2.25,4,2.0,1.0
10,16,1.9,3,3.0,2.0
8,9,2.5,4,2.0,1.1428571428571428
7,8,1.8571428571428572,3,2.0,1.0
12,29,2.75,6,2.7777777777777777,2.7777777777777777
10,12,1.5,3,2.0,1.0
14,33,2.7857142857142856,5,2.8181818181818183,2.5833333333333335
7,10,2.857142857142857,5,1.8,1.5
8,8,2.25,4,2.0,1.0
7,8,1.8571428571428572,3,2.0,1.0
9,10,2.888888888888889,5,1.6,1.1428571428571428
8,8,2.5,4,2.3333333333333335,1.0
6,6,1.5,3,1.0,1.0
9,10,2.888888888888889,5,1.6,1.1428571428571428
7,7,2.7142857142857144,4,1.5,1.0
8,9,2.75,4,2.6666666666666665,1.1428571428571428
8,10,2.75,5,1.8,1.2857142857142858
9,10,2.888888888888889,5,1.6,1.1428571428571428
14,29,2.5714285714285716,5,3.0,2.25
8,8,2.625,4,2.3333333333333335,1.0
8,11,2.5,4,2.0,1.1428571428571428
9,9,2.888888888888889,5,1.75,1.0
8,10,2.75,5,1.8,1.2857142857142858
8,10,2.875,5,1.6,1.1428571428571428
6,6,1.3333333333333333,2,2.0,1.0
8,10,2.75,5,1.8,1.2857142857142858
9,10,3.2222222222222223,5,2.0,1.0
9,11,1.6666666666666667,3,2.0,1.2
6,8,2.1666666666666665,4,1.3333333333333333,1.0
8,10,2.75,5,1.8,1.2857142857142858
8,12,1.875,3,2.5,1.25
8,9,2.5,4,2.0,1.1428571428571428
8,10,2.875,5,1.6,1.1428571428571428
8,12,2.25,4,1.3333333333333333,1.3333333333333333
6,8,1.5,3,1.5,1.5
9,11,3.2222222222222223,5,1.8,1.125
7,8,2.7142857142857144,4,1.5,1.0
7,12,2.857142857142857,5,1.8,1.5
8,8,2.25,4,2.0,1.0
7,9,1.8571428571428572,3,2.5,1.25
9,10,3.2222222222222223,5,2.0,1.0
7,8,2.7142857142857144,4,1.5,1.0
7,12,2.857142857142857,5,1.8,1.5
8,10,2.75,5,1.8,1.2857142857142858
9,10,2.888888888888889,5,1.6,1.1428571428571428
7,9,2.4285714285714284,4,1.4,1.1666666666666667
8,9,2.625,4,2.3333333333333335,1.0
6,6,1.3333333333333333,2,2.0,1.0
9,9,1.2222222222222223,2,2.0,1.0
8,11,2.25,4,1.75,1.1666666666666667
9,11,2.3333333333333335,4,2.0,1.1428571428571428
14,30,2.7857142857142856,5,2.5454545454545454,2.3333333333333335
8,10,2.75,5,1.8,1.2857142857142858
8,16,2.75,5,1.5,1.5
8,9,2.625,4,2.3333333333333335,1.0
7,9,2.142857142857143,4,1.5,1.2
6,7,1.5,3,1.0,1.0
8,9,2.25,4,1.4,1.1666666666666667
9,9,3.2222222222222223,5,2.0,1.0
7,10,2.857142857142857,5,1.8,1.5
8,9,2.5,4,2.0,1.1428571428571428
6,7,1.5,3,1.0,1.0
9,10,3.2222222222222223,5,2.0,1.0
9,11,1.7777777777777777,3,3.0,1.2
8,9,2.625,4,2.3333333333333335,1.0
7,8,1.8571428571428572,3,2.0,1.0
7,9,1.8571428571428572,3,2.5,1.25
8,9,2.25,4,1.4,1.1666666666666667
6,7,1.3333333333333333,2,2.0,1.0
6,7,1.1666666666666667,2,1.0,1.0
9,10,3.2222222222222223,5,2.0,1.0
8,8,2.625,4,2.3333333333333335,1.0
6,6,1.3333333333333333,2,2.0,1.0
8,10,2.75,5,1.8,1.2857142857142858
9,9,3.2222222222222223,5,2.0,1.0
8,9,2.75,5,1.6,1.1428571428571428
8,9,2.875,5,1.6,1.1428571428571428
6,6,1.3333333333333333,2,2.0,1.0
8,10,2.75,5,1.8,1.2857142857142858
9,9,3.2222222222222223,5,2.0,1.0
12,23,2.5833333333333335,4,3.0,2.1
8,10,2.75,5,1.8,1.2857142857142858
8,8,2.625,4,2.3333333333333335,1.0
8,12,2.375,4,1.5,1.5
7,8,1.8571428571428572,3,2.0,1.0
8,9,2.5,4,2.0,1.1428571428571428
9,12,1.4444444444444444,2,4.0,1.0
8,12,2.375,4,1.5,1.5
7,9,1.4285714285714286,2,3.0,1.0
10,22,2.4,5,2.0,2.5714285714285716
9,11,1.5555555555555556,3,2.0,1.0
14,29,2.9285714285714284,5,2.888888888888889,2.1666666666666665
6,7,1.5,3,1.5,1.5
8,10,3.125,5,1.6,1.1428571428571428
8,8,2.5,4,2.3333333333333335,1.0
6,8,2.0,4,1.0,1.0
9,10,3.2222222222222223,5,2.0,1.0
7,9,2.7142857142857144,4,1.75,1.1666666666666667
7,11,2.857142857142857,5,1.6,1.3333333333333333
7,11,3.0,4,2.5,1.6666666666666667
9,10,2.888888888888889,5,1.6,1.1428571428571428
8,8,2.625,4,2.3333333333333335,1.0
7,7,1.4285714285714286,2,3.0,1.0
7,7,1.4285714285714286,2,3.0,1.0
8,10,2.75,5,1.8,1.2857142857142858
6,7,1.5,3,1.5,1.5
9,10,3.2222222222222223,5,1.8,1.125
11,22,2.5454545454545454,4,2.857142857142857,2.2222222222222223
8,10,2.75,5,1.8,1.2857142857142858
7,9,1.8571428571428572,3,2.5,1.25
7,9,1.8571428571428572,3,2.5,1.25
8,10,2.75,5,1.8,1.2857142857142858
6,7,1.5,3,1.5,1.5
9,10,3.2222222222222223,5,1.8,1.125
7,9,2.7142857142857144,4,1.75,1.1666666666666667
8,8,2.625,4,2.3333333333333335,1.0
8,12,2.125,4,2.3333333333333335,1.4
8,8,2.625,4,2.3333333333333335,1.0
8,11,2.5,4,2.0,1.1428571428571428
9,10,2.888888888888889,5,1.6,1.1428571428571428
9,10,1.5555555555555556,3,2.0,1.0
6,7,1.5,3,1.5,1.5
8,9,2.625,4,1.75,1.1666666666666667
8,10,2.25,4,1.75,1.1666666666666667
9,10,2.888888888888889,5,1.6,1.1428571428571428
8,10,2.75,5,1.8,1.2857142857142858
8,10,2.75,5,1.8,1.2857142857142858
8,13,2.75,5,1.6666666666666667,1.4285714285714286
10,12,2.9,5,2.0,1.1111111111111112
18,51,3.388888888888889,6,3.4285714285714284,3.2
15,34,2.7333333333333334,5,3.1,2.3846153846153846
8,9,2.5,4,2.0,1.1428571428571428
6,7,1.5,3,1.0,1.0
9,11,3.2222222222222223,5,1.8,1.125
7,7,2.7142857142857144,4,1.5,1.0
8,10,2.75,5,1.8,1.2857142857142858
7,8,1.8571428571428572,3,2.5,1.25
9,11,3.2222222222222223,5,1.8,1.125
7,7,2.7142857142857144,4,1.5,1.0
8,8,2.125,3,2.0,1.0
9,10,2.888888888888889,5,1.6,1.1428571428571428
8,10,2.875,5,1.6,1.1428571428571428
7,8,1.8571428571428572,3,2.5,1.25
8,10,2.75,5,1.8,1.2857142857142858
9,11,3.2222222222222223,5,1.8,1.125
8,8,2.5,4,2.3333333333333335,1.0
7,8,1.8571428571428572,3,2.0,1.0
9,11,3.2222222222222223,5,1.8,1.125
8,10,2.75,5,1.8,1.2857142857142858
8,8,2.625,4,2.3333333333333335,1.0
8,9,2.5,4,2.0,1.1428571428571428
8,9,2.25,4,1.75,1.1666666666666667
13,31,2.769230769230769,5,2.5,2.7777777777777777
7,8,1.4285714285714286,2,3.0,1.0
9,9,3.2222222222222223,5,2.0,1.0
9,10,2.4444444444444446,4,2.25,1.125
8,8,2.125,3,2.0,1.0
7,9,1.8571428571428572,3,1.6666666666666667,1.0
9,9,3.2222222222222223,5,2.0,1.0
7,8,2.7142857142857144,4,1.5,1.0
7,9,2.4285714285714284,4,1.4,1.1666666666666667
8,8,2.125,3,2.0,1.0
9,10,3.2222222222222223,5,2.0,1.0
8,10,2.875,5,1.6,1.1428571428571428
7,9,2.142857142857143,4,1.5,1.2
7,8,1.8571428571428572,3,2.0,1.0
6,6,1.3333333333333333,2,2.0,1.0
8,9,2.5,4,2.0,1.1428571428571428
9,12,1.5555555555555556,3,2.0,1.0
7,9,1.8571428571428572,3,2.5,1.25
7,8,1.8571428571428572,3,2.0,1.0
11,26,2.8181818181818183,6,2.3333333333333335,2.625
11,13,1.4545454545454546,3,2.0,1.0
9,11,1.5555555555555556,3,2.0,1.0
14,24,1.7857142857142858,4,3.0,2.25
13,24,2.076923076923077,4,3.8,2.111111111111111
13,20,1.8461538461538463,3,3.2,1.7777777777777777
15,39,3.1333333333333333,6,2.9166666666666665,2.6923076923076925
13,30,2.1538461538461537,4,3.125,2.7777777777777777
13,27,2.6153846153846154,5,3.0,2.1818181818181817
15,39,3.1333333333333333,6,2.769230769230769,2.769230769230769
13,28,2.6153846153846154,5,2.3636363636363638,2.3636363636363638
14,43,3.0,5,3.0,3.0
9,12,2.6666666666666665,4,2.0,1.25
14,19,1.8571428571428572,3,4.333333333333333,1.625
7,8,2.2857142857142856,4,1.5,1.2
8,9,1.625,3,2.0,1.0
8,13,2.75,5,1.6666666666666667,1.4285714285714286
9,9,3.2222222222222223,5,2.0,1.0
8,9,2.5,4,2.0,1.1428571428571428
7,8,1.8571428571428572,3,2.5,1.25
9,9,3.2222222222222223,5,2.0,1.0
9,10,1.7777777777777777,3,2.5,1.0
8,10,2.875,5,1.6,1.1428571428571428
8,10,2.875,5,1.6,1.1428571428571428
7,8,1.4285714285714286,2,3.0,1.0
9,9,3.2222222222222223,5,2.0,1.0
6,8,2.5,4,1.3333333333333333,1.0
8,9,2.625,4,2.3333333333333335,1.0
7,8,1.4285714285714286,2,3.0,1.0
7,8,1.8571428571428572,3,2.5,1.25
8,10,2.75,5,1.8,1.2857142857142858
6,8,1.5,3,1.0,1.0
6,8,1.5,3,1.0,1.0
8,10,2.25,4,1.75,1.1666666666666667
9,9,3.2222222222222223,5,2.0,1.0
6,7,2.0,4,1.0,1.0
8,8,2.125,3,2.0,1.0
7,8,1.8571428571428572,3,2.5,1.25
9,10,3.2222222222222223,5,2.0,1.0
13,26,2.3076923076923075,4,2.6666666666666665,2.1818181818181817
8,10,2.75,5,1.8,1.2857142857142858
7,8,1.8571428571428572,3,2.0,1.0
6,7,1.5,3,1.5,1.5
8,13,2.875,5,1.6666666666666667,1.4285714285714286
8,12,1.875,3,2.5,1.25
7,9,1.8571428571428572,3,2.5,1.25
8,9,2.5,4,2.0,1.1428571428571428
8,9,2.375,4,1.75,1.1666666666666667
8,10,2.25,4,1.75,1.1666666666666667
9,12,2.3333333333333335,4,2.0,1.1428571428571428
13,34,2.769230769230769,5,3.0,2.727272727272727
9,10,3.2222222222222223,5,1.8,1.125
7,8,2.7142857142857144,4,1.5,1.0
7,9,2.2857142857142856,4,1.75,1.4
8,9,2.5,4,2.0,1.1428571428571428
7,8,1.8571428571428572,3,2.5,1.25
9,11,1.4444444444444444,3,1.3333333333333333,1.3333333333333333
9,10,3.2222222222222223,5,2.0,1.0
7,9,2.7142857142857144,4,1.75,1.1666666666666667
7,10,2.2857142857142856,4,1.75,1.4
8,8,2.125,3,2.0,1.0
8,10,1.75,3,1.6666666666666667,1.0
9,10,3.2222222222222223,5,2.0,1.0
8,9,2.75,4,2.6666666666666665,1.1428571428571428
8,8,2.25,4,2.0,1.0
6,7,1.5,3,1.0,1.0
7,9,1.8571428571428572,3,2.5,1.25
9,11,3.2222222222222223,5,1.8,1.125
7,9,2.7142857142857144,4,1.75,1.1666666666666667
7,9,2.2857142857142856,4,1.75,1.4
7,12,3.2857142857142856,5,2.0,1.6666666666666667
9,9,2.888888888888889,5,1.75,1.0
8,10,2.125,4,2.3333333333333335,1.4
8,9,1.375,2,3.0,1.0
8,9,3.125,5,1.6,1.1428571428571428
8,9,2.5,4,2.0,1.1428571428571428
7,8,1.8571428571428572,3,2.5,1.25
9,9,2.888888888888889,5,1.75,1.0
8,12,3.125,5,2.2,1.5714285714285714
8,9,2.75,4,2.6666666666666665,1.1428571428571428
8,10,2.75,5,1.8,1.2857142857142858
6,7,1.5,3,1.5,1.5
8,10,2.75,5,1.8,1.2857142857142858
9,9,2.888888888888889,5,1.75,1.0
8,8,2.5,4,2.3333333333333335,1.0
7,9,1.8571428571428572,3,2.5,1.25
9,11,3.2222222222222223,5,1.8,1.125
7,9,2.4285714285714284,4,1.4,1.1666666666666667
8,9,2.5,4,2.0,1.1428571428571428
8,10,2.75,5,1.8,1.2857142857142858
7,9,1.4285714285714286,3,1.0,1.0
8,11,2.25,4,1.6,1.3333333333333333
9,11,2.6666666666666665,4,2.0,1.25
8,10,2.625,4,2.0,1.1428571428571428
15,28,2.1333333333333333,4,2.2222222222222223,1.8181818181818181
14,25,1.7857142857142858,4,2.6666666666666665,2.0
15,38,3.2666666666666666,6,2.9166666666666665,2.6923076923076925
13,28,2.230769230769231,5,2.0,2.2
13,26,2.6153846153846154,5,3.0,1.9090909090909092
13,28,2.769230769230769,6,3.0,2.1818181818181817
14,26,2.7857142857142856,5,3.0,2.0
14,30,2.7142857142857144,5,2.8,2.3333333333333335
14,29,2.357142857142857,4,2.7,2.25
15,47,3.4,6,3.3333333333333335,3.076923076923077
9,11,2.6666666666666665,4,2.0,1.25
12,21,2.25,4,3.1666666666666665,1.9
8,10,2.75,4,2.6666666666666665,1.1428571428571428
8,9,2.375,4,1.75,1.1666666666666667
9,9,3.2222222222222223,5,2.0,1.0
8,10,1.75,3,1.6666666666666667,1.25
8,11,2.875,4,2.25,1.2857142857142858
8,9,2.375,4,1.75,1.1666666666666667
7,8,1.7142857142857142,3,2.0,1.0
7,8,1.4285714285714286,3,1.0,1.0
9,10,3.2222222222222223,5,2.0,1.0
8,11,2.875,4,2.25,1.2857142857142858
8,9,2.375,4,1.75,1.1666666666666667
7,8,1.8571428571428572,3,2.0,1.0
9,10,3.2222222222222223,5,2.0,1.0
7,8,2.4285714285714284,4,1.4,1.1666666666666667
8,9,2.75,4,2.6666666666666665,1.1428571428571428
8,10,2.75,5,1.8,1.2857142857142858
6,6,1.3333333333333333,2,2.0,1.0
8,10,2.75,5,1.8,1.2857142857142858
9,10,3.2222222222222223,5,2.0,1.0
8,8,2.625,4,2.3333333333333335,1.0
9,10,3.2222222222222223,5,2.0,1.0
7,10,3.0,5,1.8,1.5
8,8,2.625,4,2.3333333333333335,1.0
6,6,1.5,3,1.0,1.0
9,9,1.4444444444444444,2,4.0,1.0
9,10,3.2222222222222223,5,2.0,1.0
8,12,2.0,4,1.4,1.4
8,8,2.125,3,2.0,1.0
8,10,2.75,5,1.8,1.2857142857142858
6,7,1.5,3,1.0,1.0
9,10,2.3333333333333335,4,2.0,1.1428571428571428
7,9,2.4285714285714284,4,1.6,1.3333333333333333
8,10,2.75,5,1.8,1.2857142857142858
8,9,2.625,4,2.3333333333333335,1.0
6,6,1.3333333333333333,2,2.0,1.0
9,10,3.2222222222222223,5,2.0,1.0
7,10,2.857142857142857,5,1.8,1.5
8,9,2.5,4,2.0,1.1428571428571428
6,6,1.5,3,1.0,1.0
9,11,3.2222222222222223,5,1.8,1.125
6,7,2.0,4,1.0,1.0
7,8,2.2857142857142856,4,1.6666666666666667,1.0
8,9,2.5,4,2.0,1.1428571428571428
7,8,1.8571428571428572,3,2.5,1.25
9,10,1.2222222222222223,2,2.0,1.0
11,27,2.8181818181818183,6,2.3333333333333335,2.625
9,10,1.7777777777777777,3,2.0,1.0
13,32,2.923076923076923,5,3.111111111111111,2.5454545454545454
7,8,1.8571428571428572,3,2.5,1.25
9,12,2.888888888888889,5,1.75,1.0
7,10,2.857142857142857,5,1.8,1.5
8,9,2.5,4,2.0,1.1428571428571428
6,7,1.5,3,1.0,1.0
9,10,2.888888888888889,5,1.6,1.1428571428571428
7,8,2.7142857142857144,4,1.5,1.0
8,9,2.625,4,2.3333333333333335,1.0
8,10,2.5,4,2.0,1.1428571428571428
7,8,1.4285714285714286,2,3.0,1.0
11,27,2.8181818181818183,6,2.3333333333333335,2.625
10,12,1.5,3,2.0,1.0
10,12,1.5,3,2.0,1.0
14,26,1.8571428571428572,3,3.8,2.111111111111111
14,28,2.142857142857143,4,4.4,2.4444444444444446
14,40,2.9285714285714284,5,3.3,2.75
13,27,2.3076923076923075,4,2.75,2.0
14,32,2.9285714285714284,5,3.25,2.1666666666666665
13,26,2.230769230769231,5,2.0,2.2
15,32,2.7333333333333334,5,3.0,2.3076923076923075
13,24,2.769230769230769,5,3.5,1.9090909090909092
13,28,2.6153846153846154,5,2.3636363636363638,2.3636363636363638
15,43,3.066666666666667,5,3.0,2.769230769230769
8,12,2.75,4,1.8,1.2857142857142858
13,27,2.769230769230769,5,3.125,2.272727272727273
7,8,1.8571428571428572,3,2.5,1.25
9,9,3.2222222222222223,5,2.0,1.0
7,11,2.857142857142857,5,1.8,1.5
8,10,2.5,4,2.0,1.1428571428571428
6,7,1.5,3,1.0,1.0
9,9,3.2222222222222223,5,2.0,1.0
7,9,2.7142857142857144,4,1.75,1.1666666666666667
8,8,2.125,3,2.0,1.0
7,8,1.8571428571428572,3,2.5,1.25
9,13,1.5555555555555556,3,2.5,1.25
8,13,2.375,4,1.5,1.5
8,9,2.25,4,1.4,1.1666666666666667
12,34,2.75,6,2.888888888888889,2.888888888888889
10,13,1.6,3,2.0,1.0
9,12,1.5555555555555556,3,2.0,1.0
15,27,1.7333333333333334,3,2.5,2.2222222222222223
14,29,1.8571428571428572,4,3.3333333333333335,2.5
14,41,2.9285714285714284,5,3.4,2.8333333333333335
13,28,2.1538461538461537,5,2.5555555555555554,2.5555555555555554
13,25,2.3076923076923075,4,3.8,1.9
13,27,2.769230769230769,6,2.7777777777777777,2.272727272727273
8,11,2.75,5,1.6666666666666667,1.4285714285714286
7,10,1.7142857142857142,3,2.0,1.3333333333333333
7,10,1.7142857142857142,3,2.0,1.3333333333333333
9,11,3.2222222222222223,5,1.8,1.125
8,12,2.75,5,1.6666666666666667,1.6666666666666667
8,9,2.375,4,1.75,1.1666666666666667
8,10,2.25,4,2.0,1.2
9,11,1.6666666666666667,3,1.6666666666666667,1.25
8,11,2.25,4,1.6,1.3333333333333333
9,11,3.2222222222222223,5,1.8,1.125
6,7,2.0,4,1.0,1.0
8,8,2.125,3,2.0,1.0
9,11,3.2222222222222223,5,1.8,1.125
12,27,2.3333333333333335,4,2.5555555555555554,2.3
8,8,2.625,4,2.3333333333333335,1.0
7,7,1.8571428571428572,3,2.0,1.0
8,9,2.25,4,1.4,1.1666666666666667
9,10,3.2222222222222223,5,2.0,1.0
8,12,3.125,5,2.2,1.5714285714285714
8,8,2.5,4,2.3333333333333335,1.0
7,9,1.7142857142857142,3,2.0,1.0
7,8,1.4285714285714286,2,3.0,1.0
9,10,3.2222222222222223,5,2.0,1.0
10,19,2.5,4,2.4285714285714284,2.125
8,10,2.75,5,1.8,1.2857142857142858
9,10,3.2222222222222223,5,2.0,1.0
8,9,2.75,5,1.6,1.1428571428571428
9,11,2.4444444444444446,4,2.25,1.125
9,10,3.2222222222222223,5,2.0,1.0
8,9,2.75,4,2.6666666666666665,1.1428571428571428
8,10,2.75,5,1.8,1.2857142857142858
7,8,1.8571428571428572,3,2.5,1.25
11,25,2.3636363636363638,5,2.2222222222222223,2.5
9,11,1.5555555555555556,3,2.0,1.0
9,10,1.5555555555555556,3,2.0,1.0
14,27,2.0714285714285716,4,3.3333333333333335,2.0
14,29,2.857142857142857,5,3.8333333333333335,1.9166666666666667
14,40,3.142857142857143,6,3.090909090909091,2.8333333333333335
13,27,2.3076923076923075,4,2.75,2.0
14,31,2.857142857142857,5,3.375,2.25
13,26,2.3076923076923075,4,2.625,1.9090909090909092
14,28,2.7142857142857144,5,2.888888888888889,2.1666666666666665
13,24,2.769230769230769,5,3.5,1.9090909090909092
13,27,2.230769230769231,4,2.5,2.272727272727273
15,44,3.4,6,3.1666666666666665,2.923076923076923
9,12,2.6666666666666665,4,2.0,1.25
15,29,3.066666666666667,5,3.6666666666666665,1.6923076923076923
8,9,2.375,4,1.75,1.1666666666666667
9,9,3.2222222222222223,5,2.0,1.0
8,13,2.75,5,1.6666666666666667,1.6666666666666667
8,9,2.875,5,1.6,1.1428571428571428
8,10,1.875,3,2.0,1.0
9,11,1.4444444444444444,3,1.3333333333333333,1.3333333333333333
9,10,3.2222222222222223,5,2.0,1.0
8,9,2.875,5,1.6,1.1428571428571428
9,10,1.7777777777777777,3,2.5,1.0
9,9,3.2222222222222223,5,2.0,1.0
8,10,2.75,5,1.8,1.2857142857142858
8,9,2.5,4,2.0,1.1428571428571428
7,8,1.8571428571428572,3,2.5,1.25
8,10,2.75,5,1.8,1.2857142857142858
12,29,2.9166666666666665,5,3.0,2.3333333333333335
9,10,3.2222222222222223,5,2.0,1.0
8,10,2.5,4,2.0,1.1428571428571428
8,8,2.125,3,2.0,1.0
7,8,1.8571428571428572,3,1.6666666666666667,1.0
9,9,3.2222222222222223,5,2.0,1.0
8,14,3.125,5,1.6666666666666667,1.4285714285714286
6,7,2.1666666666666665,4,1.3333333333333333,1.0
8,9,2.375,4,1.75,1.1666666666666667
7,9,1.7142857142857142,3,2.0,1.0
9,9,3.2222222222222223,5,2.0,1.0
7,8,2.7142857142857144,4,1.5,1.0
8,8,2.125,3,2.0,1.0
8,8,2.125,3,2.0,1.0
9,10,3.2222222222222223,5,2.0,1.0
7,8,2.142857142857143,4,1.5,1.2
8,9,2.5,4,2.0,1.1428571428571428
9,11,1.4444444444444444,3,1.3333333333333333,1.3333333333333333
8,10,2.75,5,1.8,1.2857142857142858
9,9,3.2222222222222223,5,2.0,1.0
8,8,2.625,4,2.3333333333333335,1.0
9,9,3.2222222222222223,5,2.0,1.0
8,15,3.25,5,2.0,1.7142857142857142
6,8,1.8333333333333333,3,2.0,1.3333333333333333
8,9,2.625,4,2.3333333333333335,1.0
9,17,3.111111111111111,5,2.1666666666666665,1.625
8,9,2.25,4,1.4,1.1666666666666667
7,9,1.8571428571428572,3,2.5,1.25
11,26,2.8181818181818183,6,2.3333333333333335,2.625
10,12,1.5,3,2.0,1.0
9,11,1.5555555555555556,3,2.0,1.0
14,23,1.6428571428571428,3,2.8333333333333335,2.125
14,26,1.7857142857142858,4,2.8333333333333335,2.125
14,40,2.9285714285714284,5,3.6666666666666665,2.75
13,23,1.9230769230769231,4,2.0,2.0
13,24,2.3076923076923075,4,3.8,1.9
13,27,2.769230769230769,6,3.0,2.1818181818181817
13,27,2.6153846153846154,5,2.7777777777777777,2.272727272727273
14,33,2.7857142857142856,5,2.9,2.4166666666666665
14,30,2.7857142857142856,5,2.8,2.3333333333333335
15,45,3.066666666666667,5,3.1666666666666665,2.923076923076923
9,13,2.6666666666666665,4,2.0,1.25
15,29,3.066666666666667,5,3.6666666666666665,1.6923076923076923
8,9,2.625,4,2.3333333333333335,1.0
8,11,2.5,4,2.0,1.1428571428571428
8,12,2.25,4,1.6,1.3333333333333333
9,10,3.2222222222222223,5,1.8,1.125
8,16,2.875,5,1.8333333333333333,1.8333333333333333
8,9,2.375,4,1.75,1.1666666666666667
8,9,2.25,4,1.75,1.1666666666666667
8,10,2.75,5,1.8,1.2857142857142858
8,12,2.25,4,1.5,1.5
9,9,3.2222222222222223,5,2.0,1.0
13,30,2.6923076923076925,6,2.5454545454545454,2.5454545454545454
8,8,2.625,4,2.3333333333333335,1.0
7,9,1.8571428571428572,3,2.5,1.25
8,10,2.75,5,1.8,1.2857142857142858
8,12,2.25,4,1.5,1.5
9,10,3.2222222222222223,5,1.8,1.125
8,17,2.875,5,1.8333333333333333,1.8333333333333333
8,10,2.875,5,1.6,1.1428571428571428
8,10,2.25,4,1.75,1.1666666666666667
7,10,3.2857142857142856,5,2.25,1.5
11,27,2.727272727272727,5,2.857142857142857,2.5
9,11,3.2222222222222223,5,1.8,1.125
8,10,2.5,4,2.0,1.1428571428571428
8,8,2.125,3,2.0,1.0
8,8,2.625,4,2.3333333333333335,1.0
8,10,2.5,4,2.0,1.1428571428571428
11,18,1.8181818181818181,3,3.0,2.0
8,10,2.75,5,1.8,1.2857142857142858
8,8,2.625,4,2.3333333333333335,1.0
6,7,1.5,3,1.5,1.5
8,9,1.375,2,3.0,1.0
8,12,2.25,4,1.5,1.5
9,10,3.2222222222222223,5,2.0,1.0
7,7,2.7142857142857144,4,1.5,1.0
8,9,2.75,4,2.6666666666666665,1.1428571428571428
8,10,2.5,4,2.0,1.1428571428571428
9,9,2.888888888888889,5,1.75,1.0
7,9,2.4285714285714284,4,1.4,1.1666666666666667
8,10,3.0,5,1.6,1.3333333333333333
9,17,3.111111111111111,5,2.1666666666666665,1.625
8,9,2.25,4,1.4,1.1666666666666667
9,9,2.888888888888889,5,1.75,1.0
8,12,2.25,4,1.6,1.3333333333333333
8,9,2.625,4,1.75,1.1666666666666667
7,8,1.8571428571428572,3,2.0,1.0
7,9,1.8571428571428572,3,2.5,1.25
9,10,3.2222222222222223,5,2.0,1.0
9,10,1.7777777777777777,3,2.5,1.0
6,6,2.1666666666666665,4,1.3333333333333333,1.0
8,10,2.75,5,1.8,1.2857142857142858
8,10,2.75,5,1.8,1.2857142857142858
13,27,2.3076923076923075,4,3.142857142857143,2.0
8,10,2.75,5,1.8,1.2857142857142858
12,32,2.75,6,2.6,2.888888888888889
10,12,1.5,3,2.0,1.0
9,10,1.5555555555555556,3,2.0,1.0
15,26,1.7333333333333334,4,2.8333333333333335,2.125
13,18,1.6923076923076923,3,2.6,1.625
13,26,2.076923076923077,4,2.375,2.111111111111111
13,24,2.3846153846153846,4,3.0,1.9090909090909092
14,24,2.4285714285714284,4,3.142857142857143,1.8333333333333333
13,23,2.230769230769231,4,3.0,1.9090909090909092
15,44,3.066666666666667,5,3.0,2.769230769230769
9,11,2.6666666666666665,4,2.0,1.25
14,28,2.7142857142857144,5,2.6,2.1666666666666665
8,11,2.875,5,1.5,1.2857142857142858
7,8,1.8571428571428572,3,2.0,1.0
9,9,3.2222222222222223,5,2.0,1.0
7,7,2.7142857142857144,4,1.5,1.0
8,9,2.75,4,2.6666666666666665,1.1428571428571428
8,9,2.5,4,2.0,1.1428571428571428
7,8,1.8571428571428572,3,2.5,1.25
8,9,2.25,4,1.4,1.1666666666666667
9,9,3.2222222222222223,5,2.0,1.0
8,12,2.25,4,1.6,1.3333333333333333
8,8,2.125,3,2.0,1.0
7,8,1.8571428571428572,3,2.0,1.0
7,9,1.8571428571428572,3,2.5,1.25
9,10,3.2222222222222223,5,2.0,1.0
9,11,1.7777777777777777,3,3.0,1.2
6,7,2.1666666666666665,4,1.3333333333333333,1.0
8,10,2.5,4,2.0,1.1428571428571428
11,29,2.909090909090909,6,2.4444444444444446,2.75
9,11,1.5555555555555556,3,2.0,1.0
14,27,2.357142857142857,4,3.0,1.9090909090909092
8,11,1.875,4,2.0,1.5
8,9,2.5,4,2.0,1.1428571428571428
9,12,1.4444444444444444,2,4.0,1.0
9,12,1.4444444444444444,2,4.0,1.0
8,10,2.75,5,1.8,1.2857142857142858
6,7,1.3333333333333333,2,2.0,1.0
8,12,2.75,5,2.0,1.1428571428571428
8,9,3.125,5,1.75,1.0
6,9,2.5,4,1.3333333333333333,1.0
7,9,2.7142857142857144,4,1.5,1.0
8,8,2.25,4,2.0,1.0
7,9,1.8571428571428572,3,2.5,1.25
7,8,1.4285714285714286,2,3.0,1.0
9,9,2.888888888888889,5,1.75,1.0
10,19,2.5,4,2.4285714285714284,2.125
8,8,2.625,4,2.3333333333333335,1.0
8,12,1.875,3,2.5,1.25
9,9,1.2222222222222223,2,2.0,1.0
12,31,3.0,5,2.888888888888889,2.6
9,10,3.2222222222222223,5,2.0,1.0
15,42,3.3333333333333335,6,3.5454545454545454,3.25
7,10,2.857142857142857,5,1.4,1.1666666666666667
8,9,2.5,4,2.0,1.1428571428571428
6,7,1.5,3,1.0,1.0
9,9,3.2222222222222223,5,2.0,1.0
8,8,2.625,4,2.3333333333333335,1.0
9,9,1.7777777777777777,3,2.5,1.0
8,10,2.75,5,1.8,1.2857142857142858
9,9,3.2222222222222223,5,2.0,1.0
7,8,2.7142857142857144,4,1.75,1.1666666666666667
7,9,2.2857142857142856,4,1.75,1.4
8,8,2.25,4,2.0,1.0
7,9,1.8571428571428572,3,2.5,1.25
9,10,3.2222222222222223,5,2.0,1.0
7,9,2.7142857142857144,4,1.75,1.1666666666666667
8,10,2.375,4,1.75,1.1666666666666667
8,10,2.0,4,1.5,1.2
6,6,1.3333333333333333,2,2.0,1.0
8,9,2.5,4,2.0,1.1428571428571428
6,9,1.5,3,1.5,1.5
7,9,1.8571428571428572,3,2.5,1.25
8,9,2.25,4,1.4,1.1666666666666667
7,9,1.8571428571428572,3,2.5,1.25
7,9,1.8571428571428572,3,2.5,1.25
11,27,2.8181818181818183,6,2.3333333333333335,2.625
9,11,1.5555555555555556,3,2.0,1.0
9,10,1.3333333333333333,2,3.0,1.0
15,39,3.2,6,3.7777777777777777,2.6153846153846154
14,21,1.6428571428571428,3,3.5,1.75
14,29,2.7857142857142856,5,3.25,2.1666666666666665
13,24,2.4615384615384617,4,3.3333333333333335,2.0
14,29,2.5714285714285716,4,3.375,2.25
14,26,2.5,4,3.4285714285714284,2.0
15,44,3.066666666666667,5,3.0833333333333335,2.8461538461538463
8,11,2.75,4,2.0,1.1428571428571428
15,35,2.933333333333333,5,2.909090909090909,2.4615384615384617
8,13,2.875,5,1.6666666666666667,1.4285714285714286
7,9,1.8571428571428572,3,2.5,1.25
8,9,3.125,5,1.6,1.1428571428571428
8,10,2.5,4,2.0,1.1428571428571428
8,8,2.125,3,2.0,1.0
7,9,1.8571428571428572,3,1.6666666666666667,1.0
7,9,1.8571428571428572,3,2.5,1.25
7,8,1.8571428571428572,3,2.5,1.25
9,9,3.2222222222222223,5,2.0,1.0
8,8,2.5,4,2.3333333333333335,1.0
7,9,2.2857142857142856,4,2.0,1.2
8,8,2.5,4,1.75,1.0
8,10,2.125,4,2.3333333333333335,1.4
13,34,2.923076923076923,5,3.5555555555555554,2.909090909090909
9,10,2.3333333333333335,4,2.0,1.1428571428571428
14,23,1.5714285714285714,3,4.333333333333333,1.8571428571428572
8,9,2.375,4,1.75,1.1666666666666667
9,9,2.888888888888889,5,1.75,1.0
8,10,2.5,4,2.0,1.1428571428571428
8,9,2.625,4,1.75,1.1666666666666667
7,9,1.8571428571428572,3,1.6666666666666667,1.0
9,9,2.888888888888889,5,1.75,1.0
8,11,2.875,4,2.25,1.2857142857142858
8,9,2.625,4,1.75,1.1666666666666667
7,8,1.8571428571428572,3,2.0,1.0
9,11,3.2222222222222223,5,1.8,1.125
8,9,2.75,4,2.6666666666666665,1.1428571428571428
8,10,2.75,5,1.8,1.2857142857142858
8,8,2.25,4,2.0,1.0
6,7,1.5,3,1.5,1.5
9,10,3.2222222222222223,5,2.0,1.0
8,9,2.75,4,2.6666666666666665,1.1428571428571428
8,8,2.5,4,2.3333333333333335,1.0
8,9,2.25,4,1.75,1.1666666666666667
12,27,2.3333333333333335,5,2.5555555555555554,2.5555555555555554
9,10,2.111111111111111,4,1.6666666666666667,1.0
14,32,2.5714285714285716,4,2.7,2.25
8,9,2.625,4,1.75,1.1666666666666667
7,9,1.8571428571428572,3,1.6666666666666667,1.0
9,9,2.888888888888889,5,1.75,1.0
8,10,2.75,5,1.8,1.2857142857142858
8,8,2.625,4,2.3333333333333335,1.0
6,7,1.5,3,1.5,1.5
9,10,3.2222222222222223,5,2.0,1.0
8,9,2.875,5,1.6,1.1428571428571428
8,12,2.375,4,1.5,1.5
6,6,1.3333333333333333,2,2.0,1.0
9,10,3.2222222222222223,5,2.0,1.0
7,9,2.4285714285714284,4,1.4,1.1666666666666667
8,8,2.625,4,2.3333333333333335,1.0
9,15,1.7777777777777777,3,2.75,2.2
8,10,3.0,5,1.6,1.3333333333333333
8,13,2.375,4,1.5,1.5
6,6,1.3333333333333333,2,2.0,1.0
10,25,2.8,5,2.2222222222222223,2.5
9,9,3.2222222222222223,5,2.0,1.0
9,13,1.7777777777777777,4,1.75,1.75
8,10,2.75,5,1.8,1.2857142857142858
8,10,2.75,5,1.8,1.2857142857142858
9,12,1.4444444444444444,2,4.0,1.0
9,9,3.2222222222222223,5,2.0,1.0
9,10,2.4444444444444446,4,2.25,1.125
8,8,2.125,3,2.0,1.0
7,9,1.8571428571428572,3,1.6666666666666667,1.0
6,6,1.3333333333333333,2,2.0,1.0
10,12,2.3,4,1.8,1.125
8,16,3.25,5,2.0,1.7142857142857142
8,8,2.625,4,2.3333333333333335,1.0
9,15,1.7777777777777777,3,2.75,2.2
8,9,2.5,4,2.0,1.1428571428571428
7,9,1.8571428571428572,3,2.5,1.25
6,8,1.5,3,1.0,1.0
12,33,3.3333333333333335,6,2.9,2.9
9,9,3.2222222222222223,5,2.0,1.0
8,9,2.5,4,2.0,1.1428571428571428
8,8,2.125,3,2.0,1.0
7,9,1.8571428571428572,3,1.6666666666666667,1.0
9,9,3.2222222222222223,5,2.0,1.0
8,13,2.5,4,1.8,1.2857142857142858
8,8,2.125,3,2.0,1.0
9,9,3.2222222222222223,5,2.0,1.0
8,8,2.625,4,2.3333333333333335,1.0
6,7,1.5,3,1.0,1.0
6,7,1.5,3,1.0,1.0
8,9,2.5,4,2.0,1.1428571428571428
6,7,1.5,3,1.0,1.0
7,8,1.8571428571428572,3,2.0,1.0
9,9,3.2222222222222223,5,2.0,1.0
7,8,2.7142857142857144,4,1.5,1.0
7,10,2.7142857142857144,4,1.75,1.1666666666666667
8,10,2.75,5,1.8,1.2857142857142858
9,10,3.2222222222222223,5,2.0,1.0
6,8,2.0,4,1.0,1.0
7,9,2.7142857142857144,4,1.5,1.0
8,8,2.125,3,2.0,1.0
6,6,1.3333333333333333,2,2.0,1.0
8,9,2.25,4,1.75,1.1666666666666667
11,26,2.8181818181818183,6,2.5,2.5
10,12,1.5,3,2.0,1.0
9,11,1.5555555555555556,3,2.0,1.0
14,26,1.7857142857142858,4,2.8333333333333335,2.125
14,25,2.2142857142857144,4,3.8,1.9
13,21,2.230769230769231,4,3.2,1.7777777777777777
13,25,2.4615384615384617,5,2.75,2.0
14,28,2.857142857142857,5,2.888888888888889,2.1666666666666665
13,23,2.0,3,3.2,1.6
14,25,2.5,4,3.2857142857142856,1.9166666666666667
15,43,3.066666666666667,5,3.0,2.769230769230769
9,13,2.6666666666666665,4,2.0,1.25
14,21,1.9285714285714286,3,4.666666666666667,1.75
8,9,2.625,4,2.3333333333333335,1.0
8,11,2.5,4,2.0,1.1428571428571428
8,12,2.25,4,1.6,1.3333333333333333
9,9,3.2222222222222223,5,2.0,1.0
9,9,1.7777777777777777,3,2.5,1.0
8,10,2.875,5,1.6,1.1428571428571428
8,10,3.0,5,1.6,1.3333333333333333
7,7,1.4285714285714286,2,3.0,1.0
8,12,2.25,4,1.5,1.5
9,9,3.2222222222222223,5,2.0,1.0
10,19,2.5,4,2.4285714285714284,2.125
8,10,2.75,5,1.8,1.2857142857142858
9,10,3.2222222222222223,5,1.8,1.125
9,12,1.7777777777777777,3,2.3333333333333335,1.4
8,8,2.625,4,2.3333333333333335,1.0
7,8,1.8571428571428572,3,2.5,1.25
8,9,2.5,4,2.0,1.1428571428571428
8,10,2.75,5,1.8,1.2857142857142858
7,8,1.8571428571428572,3,2.5,1.25
7,9,1.8571428571428572,3,2.5,1.25
12,34,2.75,6,2.888888888888889,2.888888888888889
11,14,1.4545454545454546,3,2.0,1.0
9,12,1.5555555555555556,3,2.0,1.0
14,29,2.5714285714285716,5,2.5555555555555554,2.090909090909091
7,8,2.2857142857142856,4,1.5,1.2
8,9,2.625,4,2.3333333333333335,1.0
6,9,1.6666666666666667,3,1.3333333333333333,1.3333333333333333
6,6,1.5,3,1.0,1.0
7,9,1.7142857142857142,3,2.0,1.0
8,10,2.125,4,2.3333333333333335,1.4
8,10,2.75,5,1.8,1.2857142857142858
9,11,3.2222222222222223,5,1.8,1.125
8,10,2.75,5,1.8,1.2857142857142858
8,9,2.5,4,2.0,1.1428571428571428
7,8,1.8571428571428572,3,2.5,1.25
8,10,2.75,5,1.8,1.2857142857142858
8,13,2.75,5,1.6666666666666667,1.4285714285714286
9,10,3.2222222222222223,5,2.0,1.0
8,8,2.625,4,2.3333333333333335,1.0
7,8,1.8571428571428572,3,2.5,1.25
7,8,1.4285714285714286,2,3.0,1.0
9,9,3.2222222222222223,5,2.0,1.0
7,8,2.7142857142857144,4,1.75,1.1666666666666667
8,9,2.75,4,2.6666666666666665,1.1428571428571428
8,10,2.75,5,1.8,1.2857142857142858
6,7,1.5,3,1.5,1.5
8,10,2.75,5,1.8,1.2857142857142858
9,10,2.888888888888889,5,1.6,1.1428571428571428
8,8,2.625,4,2.3333333333333335,1.0
7,8,1.8571428571428572,3,2.5,1.25
9,10,3.2222222222222223,5,2.0,1.0
8,10,2.75,5,1.8,1.2857142857142858
7,8,1.8571428571428572,3,2.5,1.25
8,9,1.375,2,3.0,1.0
12,28,2.6666666666666665,6,2.5555555555555554,2.5555555555555554
10,10,1.5,3,2.0,1.0
9,10,1.5555555555555556,3,2.0,1.0
14,24,1.7857142857142858,4,3.0,2.25
14,25,2.0,4,3.8,2.111111111111111
13,23,1.8461538461538463,3,2.5714285714285716,2.0
14,36,2.9285714285714284,5,2.8181818181818183,2.5833333333333335
14,28,1.8571428571428572,3,2.875,2.5555555555555554
13,27,2.6153846153846154,5,3.0,2.1818181818181817
14,37,3.142857142857143,6,2.8333333333333335,2.8333333333333335
13,28,2.6153846153846154,5,2.3636363636363638,2.3636363636363638
15,47,3.4,6,3.1666666666666665,2.923076923076923
9,12,2.6666666666666665,4,2.0,1.25
15,24,2.066666666666667,4,3.4,1.7
8,9,2.375,4,1.75,1.1666666666666667
7,8,1.7142857142857142,3,2.0,1.0
8,13,2.75,5,1.6666666666666667,1.4285714285714286
9,9,3.2222222222222223,5,2.0,1.0
10,19,2.5,4,2.4285714285714284,2.125
8,9,2.5,4,2.0,1.1428571428571428
9,10,3.2222222222222223,5,1.8,1.125
8,9,2.75,5,1.6,1.1428571428571428
8,9,2.5,4,2.0,1.1428571428571428
9,9,3.2222222222222223,5,2.0,1.0
8,9,2.75,4,2.6666666666666665,1.1428571428571428
8,9,2.375,4,1.75,1.1666666666666667
7,9,1.7142857142857142,3,2.0,1.0
8,9,2.5,4,2.0,1.1428571428571428
7,8,1.4285714285714286,2,3.0,1.0
8,8,2.25,4,2.0,1.0
8,9,2.25,4,1.75,1.1666666666666667
8,10,2.5,4,1.6,1.1428571428571428
8,10,2.25,4,1.75,1.1666666666666667
9,9,3.2222222222222223,5,2.0,1.0
8,9,2.75,4,2.6666666666666665,1.1428571428571428
8,10,2.75,5,1.8,1.2857142857142858
6,6,1.3333333333333333,2,2.0,1.0
8,10,2.75,5,1.8,1.2857142857142858
9,10,3.2222222222222223,5,2.0,1.0
8,16,3.25,5,2.0,1.7142857142857142
8,11,3.625,6,1.5,1.2857142857142858
8,9,2.25,4,1.75,1.1666666666666667
8,10,2.75,5,1.8,1.2857142857142858
6,8,1.5,3,1.5,1.5
9,9,3.2222222222222223,5,2.0,1.0
13,26,2.3076923076923075,4,2.6666666666666665,2.1818181818181817
8,8,2.625,4,2.3333333333333335,1.0
7,8,1.8571428571428572,3,2.0,1.0
7,9,1.8571428571428572,3,2.5,1.25
8,8,2.25,4,2.0,1.0
6,7,1.5,3,1.5,1.5
8,9,2.5,4,2.0,1.1428571428571428
7,9,1.8571428571428572,3,2.5,1.25
8,9,2.625,4,2.3333333333333335,1.0
10,21,2.4,5,2.0,2.2857142857142856
10,12,1.7,3,2.5,1.0
9,11,1.5555555555555556,3,2.0,1.0
14,25,1.8571428571428572,3,3.8,2.111111111111111
14,30,2.642857142857143,5,4.0,2.1818181818181817
14,44,3.0,5,3.3636363636363638,3.0833333333333335
14,30,2.4285714285714284,4,2.6666666666666665,2.0
14,33,2.9285714285714284,5,3.5,2.3333333333333335
13,24,2.3846153846153846,5,2.0,1.8181818181818181
14,32,2.7857142857142856,5,2.8,2.3333333333333335
13,23,2.769230769230769,5,3.3333333333333335,1.8181818181818181
13,28,2.6153846153846154,5,2.3636363636363638,2.3636363636363638
15,44,3.066666666666667,5,3.0833333333333335,2.8461538461538463
9,13,2.6666666666666665,4,2.0,1.25
13,30,2.769230769230769,5,2.8,2.5454545454545454
7,10,2.857142857142857,5,1.6,1.3333333333333333
8,9,2.625,4,2.3333333333333335,1.0
7,8,1.8571428571428572,3,2.0,1.0
9,10,3.2222222222222223,5,1.8,1.125
8,9,2.5,4,2.0,1.1428571428571428
6,6,1.5,3,1.0,1.0
9,9,3.2222222222222223,5,2.0,1.0
8,10,2.5,4,2.0,1.1428571428571428
8,9,2.125,3,2.0,1.0
7,9,1.8571428571428572,3,1.6666666666666667,1.0
6,7,1.5,3,1.5,1.5
9,9,3.2222222222222223,5,2.0,1.0
7,10,3.0,5,1.8,1.5
8,8,2.5,4,2.3333333333333335,1.0
7,9,1.7142857142857142,3,2.0,1.0
7,9,1.4285714285714286,2,3.0,1.0
8,13,2.75,5,1.6666666666666667,1.4285714285714286
9,9,3.2222222222222223,5,2.0,1.0
6,8,2.0,4,1.3333333333333333,1.3333333333333333
8,9,2.5,4,2.0,1.1428571428571428
6,8,1.8333333333333333,3,2.0,1.3333333333333333
8,11,2.25,4,1.6,1.3333333333333333
9,9,3.2222222222222223,5,2.0,1.0
7,9,2.7142857142857144,4,1.75,1.1666666666666667
7,10,2.857142857142857,5,1.6,1.3333333333333333
8,8,2.25,4,2.0,1.0
7,9,1.8571428571428572,3,2.5,1.25
9,11,3.2222222222222223,5,1.8,1.125
8,10,2.5,4,2.0,1.1428571428571428
8,8,2.125,3,2.0,1.0
7,9,1.8571428571428572,3,1.6666666666666667,1.0
9,9,3.2222222222222223,5,2.0,1.0
6,8,2.5,4,1.3333333333333333,1.0
7,11,3.0,4,2.5,1.6666666666666667
